ISO-10303-21;
HEADER;
/* Generated by software containing ST-Developer
 * from STEP Tools, Inc. (www.steptools.com) 
 */

FILE_DESCRIPTION(
/* description */ (''),
/* implementation_level */ '2;1');

FILE_NAME(
/* name */ 'K:\\KH_3D_lib\\Samsung\\Cap_0603\\1.stp',
/* time_stamp */ '2020-06-09T22:43:38+02:00',
/* author */ ('Khaled'),
/* organization */ (''),
/* preprocessor_version */ 'ST-DEVELOPER v17.2',
/* originating_system */ 'Autodesk Inventor 2019',
/* authorisation */ '');

FILE_SCHEMA (('AUTOMOTIVE_DESIGN { 1 0 10303 214 3 1 1 }'));
ENDSEC;

DATA;
#10=MECHANICAL_DESIGN_GEOMETRIC_PRESENTATION_REPRESENTATION('',(#207,#208,
#209,#210),#5674);
#11=ITEM_DEFINED_TRANSFORMATION($,$,#3032,#3182);
#12=ITEM_DEFINED_TRANSFORMATION($,$,#3101,#3183);
#13=ITEM_DEFINED_TRANSFORMATION($,$,#3120,#3184);
#14=(
REPRESENTATION_RELATIONSHIP($,$,#5691,#5690)
REPRESENTATION_RELATIONSHIP_WITH_TRANSFORMATION(#11)
SHAPE_REPRESENTATION_RELATIONSHIP()
);
#15=(
REPRESENTATION_RELATIONSHIP($,$,#5692,#5690)
REPRESENTATION_RELATIONSHIP_WITH_TRANSFORMATION(#12)
SHAPE_REPRESENTATION_RELATIONSHIP()
);
#16=(
REPRESENTATION_RELATIONSHIP($,$,#5693,#5690)
REPRESENTATION_RELATIONSHIP_WITH_TRANSFORMATION(#13)
SHAPE_REPRESENTATION_RELATIONSHIP()
);
#17=CONTEXT_DEPENDENT_SHAPE_REPRESENTATION(#14,#5687);
#18=CONTEXT_DEPENDENT_SHAPE_REPRESENTATION(#15,#5688);
#19=CONTEXT_DEPENDENT_SHAPE_REPRESENTATION(#16,#5689);
#20=NEXT_ASSEMBLY_USAGE_OCCURRENCE('1:1','1:1','1:1',#5695,#5696,'1:1');
#21=NEXT_ASSEMBLY_USAGE_OCCURRENCE('2:1','2:1','2:1',#5695,#5697,'2:1');
#22=NEXT_ASSEMBLY_USAGE_OCCURRENCE('Samsung logo:1','Samsung logo:1',
'Samsung logo:1',#5695,#5698,'Samsung logo:1');
#23=FACE_BOUND('',#1171,.T.);
#24=FACE_BOUND('',#1172,.T.);
#25=FACE_BOUND('',#1173,.T.);
#26=FACE_BOUND('',#1174,.T.);
#27=FACE_BOUND('',#1175,.T.);
#28=FACE_BOUND('',#1177,.T.);
#29=FACE_BOUND('',#1178,.T.);
#30=FACE_BOUND('',#1179,.T.);
#31=FACE_BOUND('',#1180,.T.);
#32=FACE_BOUND('',#1181,.T.);
#33=ELLIPSE('',#3176,0.198946936612939,0.074666485899904);
#34=ELLIPSE('',#3177,0.198946936612939,0.074666485899904);
#35=ELLIPSE('',#3178,0.198946936612939,0.074666485899904);
#36=ELLIPSE('',#3179,0.198946936612939,0.074666485899904);
#37=(
BOUNDED_SURFACE()
B_SPLINE_SURFACE(1,2,((#5636,#5637,#5638,#5639,#5640),(#5641,#5642,#5643,
#5644,#5645)),.UNSPECIFIED.,.F.,.F.,.F.)
B_SPLINE_SURFACE_WITH_KNOTS((2,2),(3,2,3),(0.,0.0251323296810935),(-0.673135646740036,
0.847914400265928,2.36896444727189),.UNSPECIFIED.)
GEOMETRIC_REPRESENTATION_ITEM()
RATIONAL_B_SPLINE_SURFACE(((1.,0.724474210906726,1.,0.724474210906726,1.),
(1.,0.724474210906726,1.,0.724474210906726,1.)))
REPRESENTATION_ITEM('')
SURFACE()
);
#38=(
BOUNDED_SURFACE()
B_SPLINE_SURFACE(1,2,((#5648,#5649,#5650,#5651,#5652),(#5653,#5654,#5655,
#5656,#5657)),.UNSPECIFIED.,.F.,.F.,.F.)
B_SPLINE_SURFACE_WITH_KNOTS((2,2),(3,2,3),(0.,0.0251323296810935),(-3.72743837898885,
-2.27035652422963,-0.813274669470418),.UNSPECIFIED.)
GEOMETRIC_REPRESENTATION_ITEM()
RATIONAL_B_SPLINE_SURFACE(((1.,0.746146620027326,1.,0.746146620027326,1.),
(1.,0.746146620027326,1.,0.746146620027326,1.)))
REPRESENTATION_ITEM('')
SURFACE()
);
#39=B_SPLINE_CURVE_WITH_KNOTS('',3,(#4073,#4074,#4075,#4076,#4077,#4078,
#4079),.UNSPECIFIED.,.F.,.F.,(4,3,4),(0.,0.0135248229754203,0.0270496459508405),
 .UNSPECIFIED.);
#40=B_SPLINE_CURVE_WITH_KNOTS('',3,(#4081,#4082,#4083,#4084,#4085,#4086,
#4087),.UNSPECIFIED.,.F.,.F.,(4,3,4),(0.,0.030339829103065,0.06067965820613),
 .UNSPECIFIED.);
#41=B_SPLINE_CURVE_WITH_KNOTS('',3,(#4098,#4099,#4100,#4101,#4102,#4103,
#4104),.UNSPECIFIED.,.F.,.F.,(4,3,4),(0.,0.0358948882053285,0.0717897764106569),
 .UNSPECIFIED.);
#42=B_SPLINE_CURVE_WITH_KNOTS('',3,(#4106,#4107,#4108,#4109,#4110,#4111,
#4112),.UNSPECIFIED.,.F.,.F.,(4,3,4),(0.,0.0215244829569679,0.0430489659139357),
 .UNSPECIFIED.);
#43=B_SPLINE_CURVE_WITH_KNOTS('',3,(#4123,#4124,#4125,#4126,#4127,#4128,
#4129),.UNSPECIFIED.,.F.,.F.,(4,3,4),(0.,0.00891230697961401,0.017824613959228),
 .UNSPECIFIED.);
#44=B_SPLINE_CURVE_WITH_KNOTS('',3,(#4131,#4132,#4133,#4134,#4135,#4136,
#4137),.UNSPECIFIED.,.F.,.F.,(4,3,4),(0.,0.00805287597447099,0.016105751948942),
 .UNSPECIFIED.);
#45=B_SPLINE_CURVE_WITH_KNOTS('',3,(#4148,#4149,#4150,#4151,#4152,#4153,
#4154),.UNSPECIFIED.,.F.,.F.,(4,3,4),(0.,0.00759039613702416,0.0151807922740483),
 .UNSPECIFIED.);
#46=B_SPLINE_CURVE_WITH_KNOTS('',3,(#4156,#4157,#4158,#4159,#4160,#4161,
#4162),.UNSPECIFIED.,.F.,.F.,(4,3,4),(0.,0.0250438489211096,0.0500876978422191),
 .UNSPECIFIED.);
#47=B_SPLINE_CURVE_WITH_KNOTS('',3,(#4173,#4174,#4175,#4176,#4177,#4178,
#4179),.UNSPECIFIED.,.F.,.F.,(4,3,4),(0.,0.00992128505024235,0.0198425701004847),
 .UNSPECIFIED.);
#48=B_SPLINE_CURVE_WITH_KNOTS('',3,(#4181,#4182,#4183,#4184,#4185,#4186,
#4187),.UNSPECIFIED.,.F.,.F.,(4,3,4),(0.,0.00998297049173019,0.0199659409834604),
 .UNSPECIFIED.);
#49=B_SPLINE_CURVE_WITH_KNOTS('',3,(#4198,#4199,#4200,#4201,#4202,#4203,
#4204),.UNSPECIFIED.,.F.,.F.,(4,3,4),(0.,0.0128419622290199,0.0256839244580399),
 .UNSPECIFIED.);
#50=B_SPLINE_CURVE_WITH_KNOTS('',3,(#4206,#4207,#4208,#4209,#4210,#4211,
#4212),.UNSPECIFIED.,.F.,.F.,(4,3,4),(0.,0.0165617793901264,0.0331235587802528),
 .UNSPECIFIED.);
#51=B_SPLINE_CURVE_WITH_KNOTS('',3,(#4223,#4224,#4225,#4226,#4227,#4228,
#4229),.UNSPECIFIED.,.F.,.F.,(4,3,4),(0.,0.0144764369163622,0.0289528738327244),
 .UNSPECIFIED.);
#52=B_SPLINE_CURVE_WITH_KNOTS('',3,(#4231,#4232,#4233,#4234,#4235,#4236,
#4237),.UNSPECIFIED.,.F.,.F.,(4,3,4),(0.,0.0232171501267473,0.0464343002534946),
 .UNSPECIFIED.);
#53=B_SPLINE_CURVE_WITH_KNOTS('',3,(#4248,#4249,#4250,#4251,#4252,#4253,
#4254),.UNSPECIFIED.,.F.,.F.,(4,3,4),(0.,0.017419949322766,0.0348398986455321),
 .UNSPECIFIED.);
#54=B_SPLINE_CURVE_WITH_KNOTS('',3,(#4256,#4257,#4258,#4259,#4260,#4261,
#4262),.UNSPECIFIED.,.F.,.F.,(4,3,4),(0.,0.0322697969544971,0.0645395939089942),
 .UNSPECIFIED.);
#55=B_SPLINE_CURVE_WITH_KNOTS('',3,(#4291,#4292,#4293,#4294,#4295,#4296,
#4297),.UNSPECIFIED.,.F.,.F.,(4,3,4),(0.,0.0142526769379984,0.0285053538759968),
 .UNSPECIFIED.);
#56=B_SPLINE_CURVE_WITH_KNOTS('',3,(#4300,#4301,#4302,#4303,#4304,#4305,
#4306),.UNSPECIFIED.,.F.,.F.,(4,3,4),(0.,0.0130028244415975,0.0260056488831949),
 .UNSPECIFIED.);
#57=B_SPLINE_CURVE_WITH_KNOTS('',3,(#4316,#4317,#4318,#4319,#4320,#4321,
#4322),.UNSPECIFIED.,.F.,.F.,(4,3,4),(0.,0.0137680044670221,0.0275360089340442),
 .UNSPECIFIED.);
#58=B_SPLINE_CURVE_WITH_KNOTS('',3,(#4325,#4326,#4327,#4328,#4329,#4330,
#4331,#4332,#4333,#4334,#4335,#4336),.UNSPECIFIED.,.F.,.F.,(4,2,2,2,2,4),
(0.,0.0115372428974003,0.0212063253410426,0.0300071847619564,0.0346503147664002,
0.0395308890660829),.UNSPECIFIED.);
#59=B_SPLINE_CURVE_WITH_KNOTS('',3,(#4346,#4347,#4348,#4349,#4350,#4351,
#4352),.UNSPECIFIED.,.F.,.F.,(4,3,4),(0.,0.0229170017082722,0.0458340034165444),
 .UNSPECIFIED.);
#60=B_SPLINE_CURVE_WITH_KNOTS('',3,(#4355,#4356,#4357,#4358,#4359,#4360,
#4361),.UNSPECIFIED.,.F.,.F.,(4,3,4),(0.,0.016456059292513,0.032912118585026),
 .UNSPECIFIED.);
#61=B_SPLINE_CURVE_WITH_KNOTS('',3,(#4371,#4372,#4373,#4374,#4375,#4376,
#4377),.UNSPECIFIED.,.F.,.F.,(4,3,4),(0.,0.00739032658694439,0.0147806531738888),
 .UNSPECIFIED.);
#62=B_SPLINE_CURVE_WITH_KNOTS('',3,(#4380,#4381,#4382,#4383,#4384,#4385,
#4386),.UNSPECIFIED.,.F.,.F.,(4,3,4),(0.,0.0285609702239006,0.0571219404478012),
 .UNSPECIFIED.);
#63=B_SPLINE_CURVE_WITH_KNOTS('',3,(#4396,#4397,#4398,#4399,#4400,#4401,
#4402),.UNSPECIFIED.,.F.,.F.,(4,3,4),(0.,0.0144732952164111,0.0289465904328221),
 .UNSPECIFIED.);
#64=B_SPLINE_CURVE_WITH_KNOTS('',3,(#4405,#4406,#4407,#4408,#4409,#4410,
#4411),.UNSPECIFIED.,.F.,.F.,(4,3,4),(0.,0.0147514314830478,0.0295028629660957),
 .UNSPECIFIED.);
#65=B_SPLINE_CURVE_WITH_KNOTS('',3,(#4421,#4422,#4423,#4424,#4425,#4426,
#4427),.UNSPECIFIED.,.F.,.F.,(4,3,4),(0.,0.0115334097343871,0.0230668194687741),
 .UNSPECIFIED.);
#66=B_SPLINE_CURVE_WITH_KNOTS('',3,(#4430,#4431,#4432,#4433,#4434,#4435,
#4436),.UNSPECIFIED.,.F.,.F.,(4,3,4),(0.,0.0132000792090353,0.0264001584180706),
 .UNSPECIFIED.);
#67=B_SPLINE_CURVE_WITH_KNOTS('',3,(#4446,#4447,#4448,#4449,#4450,#4451,
#4452),.UNSPECIFIED.,.F.,.F.,(4,3,4),(0.,0.0129093770401133,0.0258187540802266),
 .UNSPECIFIED.);
#68=B_SPLINE_CURVE_WITH_KNOTS('',3,(#4455,#4456,#4457,#4458,#4459,#4460,
#4461),.UNSPECIFIED.,.F.,.F.,(4,3,4),(0.,0.0326307718228549,0.0652615436457099),
 .UNSPECIFIED.);
#69=B_SPLINE_CURVE_WITH_KNOTS('',3,(#4470,#4471,#4472,#4473,#4474,#4475,
#4476),.UNSPECIFIED.,.F.,.F.,(4,3,4),(0.,0.0121949542415686,0.0243899084831372),
 .UNSPECIFIED.);
#70=B_SPLINE_CURVE_WITH_KNOTS('',3,(#4477,#4478,#4479,#4480,#4481,#4482,
#4483),.UNSPECIFIED.,.F.,.F.,(4,3,4),(0.,0.0572733448148003,0.114546689629601),
 .UNSPECIFIED.);
#71=B_SPLINE_CURVE_WITH_KNOTS('',3,(#4494,#4495,#4496,#4497),
 .UNSPECIFIED.,.F.,.F.,(4,4),(0.,0.00198533383440217),.UNSPECIFIED.);
#72=B_SPLINE_CURVE_WITH_KNOTS('',3,(#4501,#4502,#4503,#4504),
 .UNSPECIFIED.,.F.,.F.,(4,4),(0.068618939358895,0.0717897764106937),
 .UNSPECIFIED.);
#73=B_SPLINE_CURVE_WITH_KNOTS('',3,(#4505,#4506,#4507,#4508),
 .UNSPECIFIED.,.F.,.F.,(4,4),(0.,0.01),.UNSPECIFIED.);
#74=B_SPLINE_CURVE_WITH_KNOTS('',3,(#4533,#4534,#4535,#4536,#4537,#4538,
#4539),.UNSPECIFIED.,.F.,.F.,(4,3,4),(0.,0.0322697969544965,0.0645395939089931),
 .UNSPECIFIED.);
#75=B_SPLINE_CURVE_WITH_KNOTS('',3,(#4541,#4542,#4543,#4544,#4545,#4546,
#4547),.UNSPECIFIED.,.F.,.F.,(4,3,4),(0.,0.0174199493227579,0.0348398986455158),
 .UNSPECIFIED.);
#76=B_SPLINE_CURVE_WITH_KNOTS('',3,(#4558,#4559,#4560,#4561,#4562,#4563,
#4564),.UNSPECIFIED.,.F.,.F.,(4,3,4),(0.,0.0232171501267586,0.0464343002535171),
 .UNSPECIFIED.);
#77=B_SPLINE_CURVE_WITH_KNOTS('',3,(#4566,#4567,#4568,#4569,#4570,#4571,
#4572),.UNSPECIFIED.,.F.,.F.,(4,3,4),(0.,0.0144764369163586,0.0289528738327173),
 .UNSPECIFIED.);
#78=B_SPLINE_CURVE_WITH_KNOTS('',3,(#4583,#4584,#4585,#4586,#4587,#4588,
#4589),.UNSPECIFIED.,.F.,.F.,(4,3,4),(0.,0.0165617793901658,0.0331235587803317),
 .UNSPECIFIED.);
#79=B_SPLINE_CURVE_WITH_KNOTS('',3,(#4591,#4592,#4593,#4594,#4595,#4596,
#4597),.UNSPECIFIED.,.F.,.F.,(4,3,4),(0.,0.0128419622289698,0.0256839244579396),
 .UNSPECIFIED.);
#80=B_SPLINE_CURVE_WITH_KNOTS('',3,(#4608,#4609,#4610,#4611,#4612,#4613,
#4614),.UNSPECIFIED.,.F.,.F.,(4,3,4),(0.,0.00998297049173016,0.0199659409834603),
 .UNSPECIFIED.);
#81=B_SPLINE_CURVE_WITH_KNOTS('',3,(#4616,#4617,#4618,#4619,#4620,#4621,
#4622),.UNSPECIFIED.,.F.,.F.,(4,3,4),(0.,0.00992128505024409,0.0198425701004882),
 .UNSPECIFIED.);
#82=B_SPLINE_CURVE_WITH_KNOTS('',3,(#4633,#4634,#4635,#4636,#4637,#4638,
#4639),.UNSPECIFIED.,.F.,.F.,(4,3,4),(0.,0.0250438489211104,0.0500876978422208),
 .UNSPECIFIED.);
#83=B_SPLINE_CURVE_WITH_KNOTS('',3,(#4641,#4642,#4643,#4644,#4645,#4646,
#4647),.UNSPECIFIED.,.F.,.F.,(4,3,4),(0.,0.00759039613702426,0.0151807922740485),
 .UNSPECIFIED.);
#84=B_SPLINE_CURVE_WITH_KNOTS('',3,(#4657,#4658,#4659,#4660,#4661,#4662,
#4663),.UNSPECIFIED.,.F.,.F.,(4,3,4),(0.,0.0080528759744727,0.0161057519489454),
 .UNSPECIFIED.);
#85=B_SPLINE_CURVE_WITH_KNOTS('',3,(#4664,#4665,#4666,#4667,#4668,#4669,
#4670),.UNSPECIFIED.,.F.,.F.,(4,3,4),(0.,0.00891230697961368,0.0178246139592274),
 .UNSPECIFIED.);
#86=B_SPLINE_CURVE_WITH_KNOTS('',3,(#4681,#4682,#4683,#4684,#4685,#4686,
#4687),.UNSPECIFIED.,.F.,.F.,(4,3,4),(0.00564470335161008,0.0285007262413163,
0.0606796582061231),.UNSPECIFIED.);
#87=B_SPLINE_CURVE_WITH_KNOTS('',3,(#4689,#4690,#4691,#4692),
 .UNSPECIFIED.,.F.,.F.,(4,4),(0.,0.01),.UNSPECIFIED.);
#88=B_SPLINE_CURVE_WITH_KNOTS('',3,(#4694,#4695,#4696,#4697,#4698,#4699,
#4700),.UNSPECIFIED.,.F.,.F.,(4,3,4),(0.,0.0143446542458676,0.0245333623778541),
 .UNSPECIFIED.);
#89=B_SPLINE_CURVE_WITH_KNOTS('',3,(#4723,#4724,#4725,#4726,#4727,#4728,
#4729),.UNSPECIFIED.,.F.,.F.,(4,3,4),(0.,0.0130028244415973,0.0260056488831945),
 .UNSPECIFIED.);
#90=B_SPLINE_CURVE_WITH_KNOTS('',3,(#4731,#4732,#4733,#4734,#4735,#4736,
#4737),.UNSPECIFIED.,.F.,.F.,(4,3,4),(0.,0.0142526769379974,0.0285053538759949),
 .UNSPECIFIED.);
#91=B_SPLINE_CURVE_WITH_KNOTS('',3,(#4748,#4749,#4750,#4751,#4752,#4753,
#4754),.UNSPECIFIED.,.F.,.F.,(4,3,4),(0.,0.0197654445330239,0.0395308890660478),
 .UNSPECIFIED.);
#92=B_SPLINE_CURVE_WITH_KNOTS('',3,(#4756,#4757,#4758,#4759,#4760,#4761,
#4762),.UNSPECIFIED.,.F.,.F.,(4,3,4),(0.,0.0137680044670553,0.0275360089341107),
 .UNSPECIFIED.);
#93=B_SPLINE_CURVE_WITH_KNOTS('',3,(#4773,#4774,#4775,#4776,#4777,#4778,
#4779),.UNSPECIFIED.,.F.,.F.,(4,3,4),(0.,0.0164560592925366,0.0329121185850732),
 .UNSPECIFIED.);
#94=B_SPLINE_CURVE_WITH_KNOTS('',3,(#4781,#4782,#4783,#4784,#4785,#4786,
#4787),.UNSPECIFIED.,.F.,.F.,(4,3,4),(0.,0.0229170017082604,0.0458340034165208),
 .UNSPECIFIED.);
#95=B_SPLINE_CURVE_WITH_KNOTS('',3,(#4798,#4799,#4800,#4801,#4802,#4803,
#4804),.UNSPECIFIED.,.F.,.F.,(4,3,4),(0.,0.0285609702239294,0.0571219404478588),
 .UNSPECIFIED.);
#96=B_SPLINE_CURVE_WITH_KNOTS('',3,(#4806,#4807,#4808,#4809,#4810,#4811,
#4812),.UNSPECIFIED.,.F.,.F.,(4,3,4),(0.,0.00739032658694234,0.0147806531738847),
 .UNSPECIFIED.);
#97=B_SPLINE_CURVE_WITH_KNOTS('',3,(#4823,#4824,#4825,#4826,#4827,#4828,
#4829),.UNSPECIFIED.,.F.,.F.,(4,3,4),(0.,0.0147514314830362,0.0295028629660724),
 .UNSPECIFIED.);
#98=B_SPLINE_CURVE_WITH_KNOTS('',3,(#4831,#4832,#4833,#4834,#4835,#4836,
#4837),.UNSPECIFIED.,.F.,.F.,(4,3,4),(0.,0.0144732952164103,0.0289465904328205),
 .UNSPECIFIED.);
#99=B_SPLINE_CURVE_WITH_KNOTS('',3,(#4848,#4849,#4850,#4851,#4852,#4853,
#4854),.UNSPECIFIED.,.F.,.F.,(4,3,4),(0.,0.0132000792090375,0.0264001584180749),
 .UNSPECIFIED.);
#100=B_SPLINE_CURVE_WITH_KNOTS('',3,(#4856,#4857,#4858,#4859,#4860,#4861,
#4862),.UNSPECIFIED.,.F.,.F.,(4,3,4),(0.,0.0115334097343872,0.0230668194687744),
 .UNSPECIFIED.);
#101=B_SPLINE_CURVE_WITH_KNOTS('',3,(#4873,#4874,#4875,#4876,#4877,#4878,
#4879),.UNSPECIFIED.,.F.,.F.,(4,3,4),(0.,0.0326307718228546,0.0652615436457091),
 .UNSPECIFIED.);
#102=B_SPLINE_CURVE_WITH_KNOTS('',3,(#4881,#4882,#4883,#4884,#4885,#4886,
#4887),.UNSPECIFIED.,.F.,.F.,(4,3,4),(0.,0.0129093770401131,0.0258187540802262),
 .UNSPECIFIED.);
#103=B_SPLINE_CURVE_WITH_KNOTS('',3,(#4897,#4898,#4899,#4900,#4901,#4902,
#4903),.UNSPECIFIED.,.F.,.F.,(4,3,4),(0.,0.0572733448147997,0.114546689629599),
 .UNSPECIFIED.);
#104=B_SPLINE_CURVE_WITH_KNOTS('',3,(#4904,#4905,#4906,#4907,#4908,#4909,
#4910),.UNSPECIFIED.,.F.,.F.,(4,3,4),(0.,0.0121949542415687,0.0243899084831374),
 .UNSPECIFIED.);
#105=B_SPLINE_CURVE_WITH_KNOTS('',3,(#5038,#5039,#5040,#5041,#5042,#5043,
#5044),.UNSPECIFIED.,.F.,.F.,(4,3,4),(0.,0.00871932181536415,0.0174386436307283),
 .UNSPECIFIED.);
#106=B_SPLINE_CURVE_WITH_KNOTS('',3,(#5048,#5049,#5050,#5051,#5052,#5053,
#5054),.UNSPECIFIED.,.F.,.F.,(4,3,4),(0.,0.00785611597097007,0.0157122319419401),
 .UNSPECIFIED.);
#107=B_SPLINE_CURVE_WITH_KNOTS('',3,(#5065,#5066,#5067,#5068,#5069,#5070,
#5071),.UNSPECIFIED.,.F.,.F.,(4,3,4),(0.,0.0158051127687915,0.031610225537583),
 .UNSPECIFIED.);
#108=B_SPLINE_CURVE_WITH_KNOTS('',3,(#5073,#5074,#5075,#5076,#5077,#5078,
#5079),.UNSPECIFIED.,.F.,.F.,(4,3,4),(0.,0.00966246751786414,0.0193249350357283),
 .UNSPECIFIED.);
#109=B_SPLINE_CURVE_WITH_KNOTS('',3,(#5090,#5091,#5092,#5093,#5094,#5095,
#5096),.UNSPECIFIED.,.F.,.F.,(4,3,4),(0.,0.00984221173798694,0.0196844234759739),
 .UNSPECIFIED.);
#110=B_SPLINE_CURVE_WITH_KNOTS('',3,(#5098,#5099,#5100,#5101,#5102,#5103,
#5104),.UNSPECIFIED.,.F.,.F.,(4,3,4),(0.,0.0146485628957682,0.0292971257915364),
 .UNSPECIFIED.);
#111=B_SPLINE_CURVE_WITH_KNOTS('',3,(#5115,#5116,#5117,#5118,#5119,#5120,
#5121),.UNSPECIFIED.,.F.,.F.,(4,3,4),(0.,0.00805213060904509,0.0161042612180902),
 .UNSPECIFIED.);
#112=B_SPLINE_CURVE_WITH_KNOTS('',3,(#5123,#5124,#5125,#5126,#5127,#5128,
#5129),.UNSPECIFIED.,.F.,.F.,(4,3,4),(0.,0.0309934785345241,0.0619869570690482),
 .UNSPECIFIED.);
#113=B_SPLINE_CURVE_WITH_KNOTS('',3,(#5158,#5159,#5160,#5161,#5162,#5163,
#5164),.UNSPECIFIED.,.F.,.F.,(4,3,4),(0.,0.0138094294667592,0.0276188589335183),
 .UNSPECIFIED.);
#114=B_SPLINE_CURVE_WITH_KNOTS('',3,(#5166,#5167,#5168,#5169,#5170,#5171,
#5172),.UNSPECIFIED.,.F.,.F.,(4,3,4),(0.,0.0116396249007431,0.0232792498014862),
 .UNSPECIFIED.);
#115=B_SPLINE_CURVE_WITH_KNOTS('',3,(#5201,#5202,#5203,#5204,#5205,#5206,
#5207),.UNSPECIFIED.,.F.,.F.,(4,3,4),(0.,0.0101268152619751,0.0202536305239502),
 .UNSPECIFIED.);
#116=B_SPLINE_CURVE_WITH_KNOTS('',3,(#5210,#5211,#5212,#5213,#5214,#5215,
#5216),.UNSPECIFIED.,.F.,.F.,(4,3,4),(0.,0.0180939240467993,0.0361878480935985),
 .UNSPECIFIED.);
#117=B_SPLINE_CURVE_WITH_KNOTS('',3,(#5226,#5227,#5228,#5229,#5230,#5231,
#5232),.UNSPECIFIED.,.F.,.F.,(4,3,4),(0.,0.0132052014394662,0.0264104028789323),
 .UNSPECIFIED.);
#118=B_SPLINE_CURVE_WITH_KNOTS('',3,(#5235,#5236,#5237,#5238,#5239,#5240,
#5241),.UNSPECIFIED.,.F.,.F.,(4,3,4),(0.,0.012002067694257,0.0240041353885141),
 .UNSPECIFIED.);
#119=B_SPLINE_CURVE_WITH_KNOTS('',3,(#5250,#5251,#5252,#5253,#5254,#5255,
#5256),.UNSPECIFIED.,.F.,.F.,(4,3,4),(0.,0.0159848738677176,0.0319697477354352),
 .UNSPECIFIED.);
#120=B_SPLINE_CURVE_WITH_KNOTS('',3,(#5257,#5258,#5259,#5260,#5261,#5262,
#5263),.UNSPECIFIED.,.F.,.F.,(4,3,4),(0.,0.0291191969013868,0.0582383938027736),
 .UNSPECIFIED.);
#121=B_SPLINE_CURVE_WITH_KNOTS('',3,(#5283,#5284,#5285,#5286,#5287,#5288,
#5289),.UNSPECIFIED.,.F.,.F.,(4,3,4),(0.,0.0205950361610321,0.0411900723220641),
 .UNSPECIFIED.);
#122=B_SPLINE_CURVE_WITH_KNOTS('',3,(#5293,#5294,#5295,#5296,#5297,#5298,
#5299),.UNSPECIFIED.,.F.,.F.,(4,3,4),(0.,0.02048393184438,0.04096786368876),
 .UNSPECIFIED.);
#123=B_SPLINE_CURVE_WITH_KNOTS('',3,(#5310,#5311,#5312,#5313,#5314,#5315,
#5316),.UNSPECIFIED.,.F.,.F.,(4,3,4),(0.,0.0441966422572505,0.0883932845145009),
 .UNSPECIFIED.);
#124=B_SPLINE_CURVE_WITH_KNOTS('',3,(#5318,#5319,#5320,#5321,#5322,#5323,
#5324),.UNSPECIFIED.,.F.,.F.,(4,3,4),(0.,0.0186500467225827,0.0373000934451655),
 .UNSPECIFIED.);
#125=B_SPLINE_CURVE_WITH_KNOTS('',3,(#5335,#5336,#5337,#5338,#5339,#5340,
#5341),.UNSPECIFIED.,.F.,.F.,(4,3,4),(0.,0.0161838929362634,0.0323677858725267),
 .UNSPECIFIED.);
#126=B_SPLINE_CURVE_WITH_KNOTS('',3,(#5343,#5344,#5345,#5346,#5347,#5348,
#5349),.UNSPECIFIED.,.F.,.F.,(4,3,4),(0.,0.0190145473496602,0.0380290946993203),
 .UNSPECIFIED.);
#127=B_SPLINE_CURVE_WITH_KNOTS('',3,(#5360,#5361,#5362,#5363,#5364,#5365,
#5366),.UNSPECIFIED.,.F.,.F.,(4,3,4),(0.,0.0212595469666168,0.0425190939332335),
 .UNSPECIFIED.);
#128=B_SPLINE_CURVE_WITH_KNOTS('',3,(#5368,#5369,#5370,#5371,#5372,#5373,
#5374),.UNSPECIFIED.,.F.,.F.,(4,3,4),(0.,0.00785928390906774,0.0157185678181355),
 .UNSPECIFIED.);
#129=B_SPLINE_CURVE_WITH_KNOTS('',3,(#5385,#5386,#5387,#5388,#5389,#5390,
#5391),.UNSPECIFIED.,.F.,.F.,(4,3,4),(0.,0.0156357887657988,0.0312715775315976),
 .UNSPECIFIED.);
#130=B_SPLINE_CURVE_WITH_KNOTS('',3,(#5393,#5394,#5395,#5396,#5397,#5398,
#5399),.UNSPECIFIED.,.F.,.F.,(4,3,4),(0.,0.00593762094087523,0.0118752418817505),
 .UNSPECIFIED.);
#131=B_SPLINE_CURVE_WITH_KNOTS('',3,(#5422,#5423,#5424,#5425,#5426,#5427,
#5428),.UNSPECIFIED.,.F.,.F.,(4,3,4),(0.,0.00784674358465173,0.0156934871693035),
 .UNSPECIFIED.);
#132=B_SPLINE_CURVE_WITH_KNOTS('',3,(#5430,#5431,#5432,#5433,#5434,#5435,
#5436),.UNSPECIFIED.,.F.,.F.,(4,3,4),(0.,0.00915934956334213,0.0183186991266843),
 .UNSPECIFIED.);
#133=B_SPLINE_CURVE_WITH_KNOTS('',3,(#5447,#5448,#5449,#5450,#5451,#5452,
#5453),.UNSPECIFIED.,.F.,.F.,(4,3,4),(0.,0.0178038595729823,0.0356077191459646),
 .UNSPECIFIED.);
#134=B_SPLINE_CURVE_WITH_KNOTS('',3,(#5455,#5456,#5457,#5458,#5459,#5460,
#5461),.UNSPECIFIED.,.F.,.F.,(4,3,4),(0.,0.00985384957532675,0.0197076991506535),
 .UNSPECIFIED.);
#135=B_SPLINE_CURVE_WITH_KNOTS('',3,(#5472,#5473,#5474,#5475,#5476,#5477,
#5478,#5479,#5480,#5481,#5482,#5483),.UNSPECIFIED.,.F.,.F.,(4,2,2,2,2,4),
(0.,0.013573891203443,0.0255764754064016,0.035958865528055,0.0426694318282643,
0.05015305824378),.UNSPECIFIED.);
#136=B_SPLINE_CURVE_WITH_KNOTS('',3,(#5485,#5486,#5487,#5488,#5489,#5490,
#5491),.UNSPECIFIED.,.F.,.F.,(4,3,4),(0.,0.0419597940982539,0.0839195881965079),
 .UNSPECIFIED.);
#137=B_SPLINE_CURVE_WITH_KNOTS('',3,(#5502,#5503,#5504,#5505,#5506,#5507,
#5508),.UNSPECIFIED.,.F.,.F.,(4,3,4),(0.,0.0365544865542886,0.0731089731085773),
 .UNSPECIFIED.);
#138=B_SPLINE_CURVE_WITH_KNOTS('',3,(#5510,#5511,#5512,#5513,#5514,#5515,
#5516),.UNSPECIFIED.,.F.,.F.,(4,3,4),(0.,0.014456359457402,0.0289127189148041),
 .UNSPECIFIED.);
#139=B_SPLINE_CURVE_WITH_KNOTS('',3,(#5527,#5528,#5529,#5530,#5531,#5532,
#5533),.UNSPECIFIED.,.F.,.F.,(4,3,4),(0.,0.0150324384863922,0.0300648769727843),
 .UNSPECIFIED.);
#140=B_SPLINE_CURVE_WITH_KNOTS('',3,(#5535,#5536,#5537,#5538,#5539,#5540,
#5541),.UNSPECIFIED.,.F.,.F.,(4,3,4),(0.,0.013466995009765,0.0269339900195301),
 .UNSPECIFIED.);
#141=B_SPLINE_CURVE_WITH_KNOTS('',3,(#5552,#5553,#5554,#5555,#5556,#5557,
#5558),.UNSPECIFIED.,.F.,.F.,(4,3,4),(0.,0.021782675442443,0.043565350884886),
 .UNSPECIFIED.);
#142=B_SPLINE_CURVE_WITH_KNOTS('',3,(#5560,#5561,#5562,#5563,#5564,#5565,
#5566),.UNSPECIFIED.,.F.,.F.,(4,3,4),(0.,0.00861872154268247,0.0172374430853649),
 .UNSPECIFIED.);
#143=B_SPLINE_CURVE_WITH_KNOTS('',3,(#5599,#5600,#5601,#5602),
 .UNSPECIFIED.,.F.,.F.,(4,4),(0.0183359028769496,0.0203519790974331),
 .UNSPECIFIED.);
#144=B_SPLINE_CURVE_WITH_KNOTS('',3,(#5604,#5605,#5606,#5607),
 .UNSPECIFIED.,.F.,.F.,(4,4),(0.,0.01),.UNSPECIFIED.);
#145=B_SPLINE_CURVE_WITH_KNOTS('',3,(#5609,#5610,#5611,#5612),
 .UNSPECIFIED.,.F.,.F.,(4,4),(0.,0.00200985756516345),.UNSPECIFIED.);
#146=B_SPLINE_CURVE_WITH_KNOTS('',3,(#5622,#5623,#5624,#5625,#5626,#5627,
#5628),.UNSPECIFIED.,.F.,.F.,(4,3,4),(0.,0.0334738314015258,0.0669476628030517),
 .UNSPECIFIED.);
#147=B_SPLINE_CURVE_WITH_KNOTS('',3,(#5629,#5630,#5631,#5632,#5633,#5634,
#5635),.UNSPECIFIED.,.F.,.F.,(4,3,4),(0.,0.0209319898618367,0.0418639797236735),
 .UNSPECIFIED.);
#148=B_SPLINE_SURFACE_WITH_KNOTS('',2,1,((#4064,#4065),(#4066,#4067),(#4068,
#4069),(#4070,#4071)),.UNSPECIFIED.,.F.,.F.,.F.,(3,1,3),(2,2),(-2.,-1.,
0.),(-0.015,0.015),.UNSPECIFIED.);
#149=B_SPLINE_SURFACE_WITH_KNOTS('',2,1,((#4089,#4090),(#4091,#4092),(#4093,
#4094),(#4095,#4096)),.UNSPECIFIED.,.F.,.F.,.F.,(3,1,3),(2,2),(-2.,-1.,
0.),(-0.015,0.015),.UNSPECIFIED.);
#150=B_SPLINE_SURFACE_WITH_KNOTS('',2,1,((#4114,#4115),(#4116,#4117),(#4118,
#4119),(#4120,#4121)),.UNSPECIFIED.,.F.,.F.,.F.,(3,1,3),(2,2),(-2.,-1.,
0.),(-0.015,0.015),.UNSPECIFIED.);
#151=B_SPLINE_SURFACE_WITH_KNOTS('',2,1,((#4139,#4140),(#4141,#4142),(#4143,
#4144),(#4145,#4146)),.UNSPECIFIED.,.F.,.F.,.F.,(3,1,3),(2,2),(-2.,-1.,
0.),(-0.015,0.015),.UNSPECIFIED.);
#152=B_SPLINE_SURFACE_WITH_KNOTS('',2,1,((#4164,#4165),(#4166,#4167),(#4168,
#4169),(#4170,#4171)),.UNSPECIFIED.,.F.,.F.,.F.,(3,1,3),(2,2),(-2.,-1.,
0.),(-0.015,0.015),.UNSPECIFIED.);
#153=B_SPLINE_SURFACE_WITH_KNOTS('',2,1,((#4189,#4190),(#4191,#4192),(#4193,
#4194),(#4195,#4196)),.UNSPECIFIED.,.F.,.F.,.F.,(3,1,3),(2,2),(-2.,-1.,
0.),(-0.015,0.015),.UNSPECIFIED.);
#154=B_SPLINE_SURFACE_WITH_KNOTS('',2,1,((#4214,#4215),(#4216,#4217),(#4218,
#4219),(#4220,#4221)),.UNSPECIFIED.,.F.,.F.,.F.,(3,1,3),(2,2),(-2.,-1.,
0.),(-0.015,0.015),.UNSPECIFIED.);
#155=B_SPLINE_SURFACE_WITH_KNOTS('',2,1,((#4239,#4240),(#4241,#4242),(#4243,
#4244),(#4245,#4246)),.UNSPECIFIED.,.F.,.F.,.F.,(3,1,3),(2,2),(-2.,-1.,
0.),(-0.015,0.015),.UNSPECIFIED.);
#156=B_SPLINE_SURFACE_WITH_KNOTS('',2,1,((#4282,#4283),(#4284,#4285),(#4286,
#4287),(#4288,#4289)),.UNSPECIFIED.,.F.,.F.,.F.,(3,1,3),(2,2),(-2.,-1.,
0.),(-0.015,0.015),.UNSPECIFIED.);
#157=B_SPLINE_SURFACE_WITH_KNOTS('',2,1,((#4307,#4308),(#4309,#4310),(#4311,
#4312),(#4313,#4314)),.UNSPECIFIED.,.F.,.F.,.F.,(3,1,3),(2,2),(-2.,-1.,
0.),(-0.015,0.015),.UNSPECIFIED.);
#158=B_SPLINE_SURFACE_WITH_KNOTS('',2,1,((#4337,#4338),(#4339,#4340),(#4341,
#4342),(#4343,#4344)),.UNSPECIFIED.,.F.,.F.,.F.,(3,1,3),(2,2),(-2.,-1.,
0.),(-0.015,0.015),.UNSPECIFIED.);
#159=B_SPLINE_SURFACE_WITH_KNOTS('',2,1,((#4362,#4363),(#4364,#4365),(#4366,
#4367),(#4368,#4369)),.UNSPECIFIED.,.F.,.F.,.F.,(3,1,3),(2,2),(-2.,-1.,
0.),(-0.015,0.015),.UNSPECIFIED.);
#160=B_SPLINE_SURFACE_WITH_KNOTS('',2,1,((#4387,#4388),(#4389,#4390),(#4391,
#4392),(#4393,#4394)),.UNSPECIFIED.,.F.,.F.,.F.,(3,1,3),(2,2),(-2.,-1.,
0.),(-0.015,0.015),.UNSPECIFIED.);
#161=B_SPLINE_SURFACE_WITH_KNOTS('',2,1,((#4412,#4413),(#4414,#4415),(#4416,
#4417),(#4418,#4419)),.UNSPECIFIED.,.F.,.F.,.F.,(3,1,3),(2,2),(-2.,-1.,
0.),(-0.015,0.015),.UNSPECIFIED.);
#162=B_SPLINE_SURFACE_WITH_KNOTS('',2,1,((#4437,#4438),(#4439,#4440),(#4441,
#4442),(#4443,#4444)),.UNSPECIFIED.,.F.,.F.,.F.,(3,1,3),(2,2),(-2.,-1.,
0.),(-0.015,0.015),.UNSPECIFIED.);
#163=B_SPLINE_SURFACE_WITH_KNOTS('',2,1,((#4462,#4463),(#4464,#4465),(#4466,
#4467),(#4468,#4469)),.UNSPECIFIED.,.F.,.F.,.F.,(3,1,3),(2,2),(-2.,-1.,
0.),(-0.015,0.015),.UNSPECIFIED.);
#164=B_SPLINE_SURFACE_WITH_KNOTS('',2,1,((#4484,#4485),(#4486,#4487),(#4488,
#4489),(#4490,#4491)),.UNSPECIFIED.,.F.,.F.,.F.,(3,1,3),(2,2),(-2.,-1.,
0.),(-0.015,0.015),.UNSPECIFIED.);
#165=B_SPLINE_SURFACE_WITH_KNOTS('',2,1,((#4524,#4525),(#4526,#4527),(#4528,
#4529),(#4530,#4531)),.UNSPECIFIED.,.F.,.F.,.F.,(3,1,3),(2,2),(-2.,-1.,
0.),(-0.015,0.015),.UNSPECIFIED.);
#166=B_SPLINE_SURFACE_WITH_KNOTS('',2,1,((#4549,#4550),(#4551,#4552),(#4553,
#4554),(#4555,#4556)),.UNSPECIFIED.,.F.,.F.,.F.,(3,1,3),(2,2),(-2.,-1.,
0.),(-0.015,0.015),.UNSPECIFIED.);
#167=B_SPLINE_SURFACE_WITH_KNOTS('',2,1,((#4574,#4575),(#4576,#4577),(#4578,
#4579),(#4580,#4581)),.UNSPECIFIED.,.F.,.F.,.F.,(3,1,3),(2,2),(-2.,-1.,
0.),(-0.015,0.015),.UNSPECIFIED.);
#168=B_SPLINE_SURFACE_WITH_KNOTS('',2,1,((#4599,#4600),(#4601,#4602),(#4603,
#4604),(#4605,#4606)),.UNSPECIFIED.,.F.,.F.,.F.,(3,1,3),(2,2),(-2.,-1.,
0.),(-0.015,0.015),.UNSPECIFIED.);
#169=B_SPLINE_SURFACE_WITH_KNOTS('',2,1,((#4624,#4625),(#4626,#4627),(#4628,
#4629),(#4630,#4631)),.UNSPECIFIED.,.F.,.F.,.F.,(3,1,3),(2,2),(-2.,-1.,
0.),(-0.015,0.015),.UNSPECIFIED.);
#170=B_SPLINE_SURFACE_WITH_KNOTS('',2,1,((#4649,#4650),(#4651,#4652),(#4653,
#4654),(#4655,#4656)),.UNSPECIFIED.,.F.,.F.,.F.,(3,1,3),(2,2),(-2.,-1.,
0.),(-0.015,0.015),.UNSPECIFIED.);
#171=B_SPLINE_SURFACE_WITH_KNOTS('',2,1,((#4671,#4672),(#4673,#4674),(#4675,
#4676),(#4677,#4678)),.UNSPECIFIED.,.F.,.F.,.F.,(3,1,3),(2,2),(-2.,-1.,
0.),(-0.015,0.015),.UNSPECIFIED.);
#172=B_SPLINE_SURFACE_WITH_KNOTS('',2,1,((#4714,#4715),(#4716,#4717),(#4718,
#4719),(#4720,#4721)),.UNSPECIFIED.,.F.,.F.,.F.,(3,1,3),(2,2),(-2.,-1.,
0.),(-0.015,0.015),.UNSPECIFIED.);
#173=B_SPLINE_SURFACE_WITH_KNOTS('',2,1,((#4739,#4740),(#4741,#4742),(#4743,
#4744),(#4745,#4746)),.UNSPECIFIED.,.F.,.F.,.F.,(3,1,3),(2,2),(-2.,-1.,
0.),(-0.015,0.015),.UNSPECIFIED.);
#174=B_SPLINE_SURFACE_WITH_KNOTS('',2,1,((#4764,#4765),(#4766,#4767),(#4768,
#4769),(#4770,#4771)),.UNSPECIFIED.,.F.,.F.,.F.,(3,1,3),(2,2),(-2.,-1.,
0.),(-0.015,0.015),.UNSPECIFIED.);
#175=B_SPLINE_SURFACE_WITH_KNOTS('',2,1,((#4789,#4790),(#4791,#4792),(#4793,
#4794),(#4795,#4796)),.UNSPECIFIED.,.F.,.F.,.F.,(3,1,3),(2,2),(-2.,-1.,
0.),(-0.015,0.015),.UNSPECIFIED.);
#176=B_SPLINE_SURFACE_WITH_KNOTS('',2,1,((#4814,#4815),(#4816,#4817),(#4818,
#4819),(#4820,#4821)),.UNSPECIFIED.,.F.,.F.,.F.,(3,1,3),(2,2),(-2.,-1.,
0.),(-0.015,0.015),.UNSPECIFIED.);
#177=B_SPLINE_SURFACE_WITH_KNOTS('',2,1,((#4839,#4840),(#4841,#4842),(#4843,
#4844),(#4845,#4846)),.UNSPECIFIED.,.F.,.F.,.F.,(3,1,3),(2,2),(-2.,-1.,
0.),(-0.015,0.015),.UNSPECIFIED.);
#178=B_SPLINE_SURFACE_WITH_KNOTS('',2,1,((#4864,#4865),(#4866,#4867),(#4868,
#4869),(#4870,#4871)),.UNSPECIFIED.,.F.,.F.,.F.,(3,1,3),(2,2),(-2.,-1.,
0.),(-0.015,0.015),.UNSPECIFIED.);
#179=B_SPLINE_SURFACE_WITH_KNOTS('',2,1,((#4889,#4890),(#4891,#4892),(#4893,
#4894),(#4895,#4896)),.UNSPECIFIED.,.F.,.F.,.F.,(3,1,3),(2,2),(-2.,-1.,
0.),(-0.015,0.015),.UNSPECIFIED.);
#180=B_SPLINE_SURFACE_WITH_KNOTS('',2,1,((#5028,#5029),(#5030,#5031),(#5032,
#5033),(#5034,#5035)),.UNSPECIFIED.,.F.,.F.,.F.,(3,1,3),(2,2),(-2.,-1.,
0.),(-0.015,0.015),.UNSPECIFIED.);
#181=B_SPLINE_SURFACE_WITH_KNOTS('',2,1,((#5056,#5057),(#5058,#5059),(#5060,
#5061),(#5062,#5063)),.UNSPECIFIED.,.F.,.F.,.F.,(3,1,3),(2,2),(-2.,-1.,
0.),(-0.015,0.015),.UNSPECIFIED.);
#182=B_SPLINE_SURFACE_WITH_KNOTS('',2,1,((#5081,#5082),(#5083,#5084),(#5085,
#5086),(#5087,#5088)),.UNSPECIFIED.,.F.,.F.,.F.,(3,1,3),(2,2),(-2.,-1.,
0.),(-0.015,0.015),.UNSPECIFIED.);
#183=B_SPLINE_SURFACE_WITH_KNOTS('',2,1,((#5106,#5107),(#5108,#5109),(#5110,
#5111),(#5112,#5113)),.UNSPECIFIED.,.F.,.F.,.F.,(3,1,3),(2,2),(-2.,-1.,
0.),(-0.015,0.015),.UNSPECIFIED.);
#184=B_SPLINE_SURFACE_WITH_KNOTS('',2,1,((#5149,#5150),(#5151,#5152),(#5153,
#5154),(#5155,#5156)),.UNSPECIFIED.,.F.,.F.,.F.,(3,1,3),(2,2),(-2.,-1.,
0.),(-0.015,0.015),.UNSPECIFIED.);
#185=B_SPLINE_SURFACE_WITH_KNOTS('',2,1,((#5192,#5193),(#5194,#5195),(#5196,
#5197),(#5198,#5199)),.UNSPECIFIED.,.F.,.F.,.F.,(3,1,3),(2,2),(-2.,-1.,
0.),(-0.015,0.015),.UNSPECIFIED.);
#186=B_SPLINE_SURFACE_WITH_KNOTS('',2,1,((#5217,#5218),(#5219,#5220),(#5221,
#5222),(#5223,#5224)),.UNSPECIFIED.,.F.,.F.,.F.,(3,1,3),(2,2),(-2.,-1.,
0.),(-0.015,0.015),.UNSPECIFIED.);
#187=B_SPLINE_SURFACE_WITH_KNOTS('',2,1,((#5242,#5243),(#5244,#5245),(#5246,
#5247),(#5248,#5249)),.UNSPECIFIED.,.F.,.F.,.F.,(3,1,3),(2,2),(-2.,-1.,
0.),(-0.015,0.015),.UNSPECIFIED.);
#188=B_SPLINE_SURFACE_WITH_KNOTS('',2,1,((#5273,#5274),(#5275,#5276),(#5277,
#5278),(#5279,#5280)),.UNSPECIFIED.,.F.,.F.,.F.,(3,1,3),(2,2),(-2.,-1.,
0.),(-0.015,0.015),.UNSPECIFIED.);
#189=B_SPLINE_SURFACE_WITH_KNOTS('',2,1,((#5301,#5302),(#5303,#5304),(#5305,
#5306),(#5307,#5308)),.UNSPECIFIED.,.F.,.F.,.F.,(3,1,3),(2,2),(-2.,-1.,
0.),(-0.015,0.015),.UNSPECIFIED.);
#190=B_SPLINE_SURFACE_WITH_KNOTS('',2,1,((#5326,#5327),(#5328,#5329),(#5330,
#5331),(#5332,#5333)),.UNSPECIFIED.,.F.,.F.,.F.,(3,1,3),(2,2),(-2.,-1.,
0.),(-0.015,0.015),.UNSPECIFIED.);
#191=B_SPLINE_SURFACE_WITH_KNOTS('',2,1,((#5351,#5352),(#5353,#5354),(#5355,
#5356),(#5357,#5358)),.UNSPECIFIED.,.F.,.F.,.F.,(3,1,3),(2,2),(-2.,-1.,
0.),(-0.015,0.015),.UNSPECIFIED.);
#192=B_SPLINE_SURFACE_WITH_KNOTS('',2,1,((#5376,#5377),(#5378,#5379),(#5380,
#5381),(#5382,#5383)),.UNSPECIFIED.,.F.,.F.,.F.,(3,1,3),(2,2),(-2.,-1.,
0.),(-0.015,0.015),.UNSPECIFIED.);
#193=B_SPLINE_SURFACE_WITH_KNOTS('',2,1,((#5413,#5414),(#5415,#5416),(#5417,
#5418),(#5419,#5420)),.UNSPECIFIED.,.F.,.F.,.F.,(3,1,3),(2,2),(-2.,-1.,
0.),(-0.015,0.015),.UNSPECIFIED.);
#194=B_SPLINE_SURFACE_WITH_KNOTS('',2,1,((#5438,#5439),(#5440,#5441),(#5442,
#5443),(#5444,#5445)),.UNSPECIFIED.,.F.,.F.,.F.,(3,1,3),(2,2),(-2.,-1.,
0.),(-0.015,0.015),.UNSPECIFIED.);
#195=B_SPLINE_SURFACE_WITH_KNOTS('',2,1,((#5463,#5464),(#5465,#5466),(#5467,
#5468),(#5469,#5470)),.UNSPECIFIED.,.F.,.F.,.F.,(3,1,3),(2,2),(-2.,-1.,
0.),(-0.015,0.015),.UNSPECIFIED.);
#196=B_SPLINE_SURFACE_WITH_KNOTS('',2,1,((#5493,#5494),(#5495,#5496),(#5497,
#5498),(#5499,#5500)),.UNSPECIFIED.,.F.,.F.,.F.,(3,1,3),(2,2),(-2.,-1.,
0.),(-0.015,0.015),.UNSPECIFIED.);
#197=B_SPLINE_SURFACE_WITH_KNOTS('',2,1,((#5518,#5519),(#5520,#5521),(#5522,
#5523),(#5524,#5525)),.UNSPECIFIED.,.F.,.F.,.F.,(3,1,3),(2,2),(-2.,-1.,
0.),(-0.015,0.015),.UNSPECIFIED.);
#198=B_SPLINE_SURFACE_WITH_KNOTS('',2,1,((#5543,#5544),(#5545,#5546),(#5547,
#5548),(#5549,#5550)),.UNSPECIFIED.,.F.,.F.,.F.,(3,1,3),(2,2),(-2.,-1.,
0.),(-0.015,0.015),.UNSPECIFIED.);
#199=B_SPLINE_SURFACE_WITH_KNOTS('',2,1,((#5589,#5590),(#5591,#5592),(#5593,
#5594),(#5595,#5596)),.UNSPECIFIED.,.F.,.F.,.F.,(3,1,3),(2,2),(-2.,-1.,
0.),(-0.015,0.015),.UNSPECIFIED.);
#200=B_SPLINE_SURFACE_WITH_KNOTS('',2,1,((#5614,#5615),(#5616,#5617),(#5618,
#5619),(#5620,#5621)),.UNSPECIFIED.,.F.,.F.,.F.,(3,1,3),(2,2),(-2.,-1.,
0.),(-0.015,0.015),.UNSPECIFIED.);
#201=SHAPE_REPRESENTATION_RELATIONSHIP('SRR','None',#5691,#204);
#202=SHAPE_REPRESENTATION_RELATIONSHIP('SRR','None',#5692,#205);
#203=SHAPE_REPRESENTATION_RELATIONSHIP('SRR','None',#5693,#206);
#204=ADVANCED_BREP_SHAPE_REPRESENTATION('',(#211,#212),#5671);
#205=ADVANCED_BREP_SHAPE_REPRESENTATION('',(#213),#5672);
#206=ADVANCED_BREP_SHAPE_REPRESENTATION('',(#214),#5673);
#207=STYLED_ITEM('',(#2980),#211);
#208=STYLED_ITEM('',(#2980),#212);
#209=STYLED_ITEM('',(#2981),#213);
#210=STYLED_ITEM('',(#2982),#214);
#211=MANIFOLD_SOLID_BREP('Solid1',#2942);
#212=MANIFOLD_SOLID_BREP('Solid1',#2943);
#213=MANIFOLD_SOLID_BREP('Solid1',#2944);
#214=MANIFOLD_SOLID_BREP('Solid1',#2945);
#215=PLANE('',#3061);
#216=PLANE('',#3062);
#217=PLANE('',#3063);
#218=PLANE('',#3064);
#219=PLANE('',#3065);
#220=PLANE('',#3066);
#221=PLANE('',#3095);
#222=PLANE('',#3096);
#223=PLANE('',#3097);
#224=PLANE('',#3098);
#225=PLANE('',#3099);
#226=PLANE('',#3100);
#227=PLANE('',#3105);
#228=PLANE('',#3109);
#229=PLANE('',#3114);
#230=PLANE('',#3115);
#231=PLANE('',#3118);
#232=PLANE('',#3119);
#233=PLANE('',#3121);
#234=PLANE('',#3122);
#235=PLANE('',#3123);
#236=PLANE('',#3124);
#237=PLANE('',#3125);
#238=PLANE('',#3126);
#239=PLANE('',#3127);
#240=PLANE('',#3128);
#241=PLANE('',#3129);
#242=PLANE('',#3130);
#243=PLANE('',#3131);
#244=PLANE('',#3132);
#245=PLANE('',#3133);
#246=PLANE('',#3134);
#247=PLANE('',#3135);
#248=PLANE('',#3136);
#249=PLANE('',#3137);
#250=PLANE('',#3138);
#251=PLANE('',#3139);
#252=PLANE('',#3140);
#253=PLANE('',#3141);
#254=PLANE('',#3142);
#255=PLANE('',#3143);
#256=PLANE('',#3144);
#257=PLANE('',#3145);
#258=PLANE('',#3146);
#259=PLANE('',#3147);
#260=PLANE('',#3148);
#261=PLANE('',#3149);
#262=PLANE('',#3150);
#263=PLANE('',#3151);
#264=PLANE('',#3152);
#265=PLANE('',#3153);
#266=PLANE('',#3154);
#267=PLANE('',#3155);
#268=PLANE('',#3156);
#269=PLANE('',#3157);
#270=PLANE('',#3158);
#271=PLANE('',#3159);
#272=PLANE('',#3160);
#273=PLANE('',#3161);
#274=PLANE('',#3162);
#275=PLANE('',#3163);
#276=PLANE('',#3164);
#277=PLANE('',#3165);
#278=PLANE('',#3166);
#279=PLANE('',#3167);
#280=PLANE('',#3168);
#281=PLANE('',#3169);
#282=PLANE('',#3170);
#283=PLANE('',#3171);
#284=PLANE('',#3172);
#285=PLANE('',#3173);
#286=PLANE('',#3174);
#287=PLANE('',#3175);
#288=PLANE('',#3180);
#289=PLANE('',#3181);
#290=LINE('',#3779,#563);
#291=LINE('',#3780,#564);
#292=LINE('',#3789,#565);
#293=LINE('',#3790,#566);
#294=LINE('',#3799,#567);
#295=LINE('',#3800,#568);
#296=LINE('',#3805,#569);
#297=LINE('',#3806,#570);
#298=LINE('',#3815,#571);
#299=LINE('',#3816,#572);
#300=LINE('',#3821,#573);
#301=LINE('',#3822,#574);
#302=LINE('',#3824,#575);
#303=LINE('',#3825,#576);
#304=LINE('',#3830,#577);
#305=LINE('',#3831,#578);
#306=LINE('',#3833,#579);
#307=LINE('',#3835,#580);
#308=LINE('',#3838,#581);
#309=LINE('',#3839,#582);
#310=LINE('',#3867,#583);
#311=LINE('',#3868,#584);
#312=LINE('',#3870,#585);
#313=LINE('',#3871,#586);
#314=LINE('',#3883,#587);
#315=LINE('',#3884,#588);
#316=LINE('',#3886,#589);
#317=LINE('',#3887,#590);
#318=LINE('',#3889,#591);
#319=LINE('',#3890,#592);
#320=LINE('',#3892,#593);
#321=LINE('',#3893,#594);
#322=LINE('',#3898,#595);
#323=LINE('',#3899,#596);
#324=LINE('',#3904,#597);
#325=LINE('',#3905,#598);
#326=LINE('',#3907,#599);
#327=LINE('',#3909,#600);
#328=LINE('',#3910,#601);
#329=LINE('',#3911,#602);
#330=LINE('',#3922,#603);
#331=LINE('',#3925,#604);
#332=LINE('',#3928,#605);
#333=LINE('',#3932,#606);
#334=LINE('',#3936,#607);
#335=LINE('',#3939,#608);
#336=LINE('',#3942,#609);
#337=LINE('',#3943,#610);
#338=LINE('',#3947,#611);
#339=LINE('',#3952,#612);
#340=LINE('',#3953,#613);
#341=LINE('',#3956,#614);
#342=LINE('',#3957,#615);
#343=LINE('',#3960,#616);
#344=LINE('',#3962,#617);
#345=LINE('',#3964,#618);
#346=LINE('',#3971,#619);
#347=LINE('',#3973,#620);
#348=LINE('',#3975,#621);
#349=LINE('',#3976,#622);
#350=LINE('',#3980,#623);
#351=LINE('',#3982,#624);
#352=LINE('',#3984,#625);
#353=LINE('',#3985,#626);
#354=LINE('',#3988,#627);
#355=LINE('',#3990,#628);
#356=LINE('',#3991,#629);
#357=LINE('',#3993,#630);
#358=LINE('',#3994,#631);
#359=LINE('',#3998,#632);
#360=LINE('',#4000,#633);
#361=LINE('',#4002,#634);
#362=LINE('',#4003,#635);
#363=LINE('',#4006,#636);
#364=LINE('',#4008,#637);
#365=LINE('',#4009,#638);
#366=LINE('',#4012,#639);
#367=LINE('',#4014,#640);
#368=LINE('',#4015,#641);
#369=LINE('',#4018,#642);
#370=LINE('',#4020,#643);
#371=LINE('',#4021,#644);
#372=LINE('',#4024,#645);
#373=LINE('',#4026,#646);
#374=LINE('',#4027,#647);
#375=LINE('',#4030,#648);
#376=LINE('',#4032,#649);
#377=LINE('',#4033,#650);
#378=LINE('',#4036,#651);
#379=LINE('',#4038,#652);
#380=LINE('',#4039,#653);
#381=LINE('',#4042,#654);
#382=LINE('',#4044,#655);
#383=LINE('',#4045,#656);
#384=LINE('',#4048,#657);
#385=LINE('',#4050,#658);
#386=LINE('',#4051,#659);
#387=LINE('',#4053,#660);
#388=LINE('',#4054,#661);
#389=LINE('',#4058,#662);
#390=LINE('',#4060,#663);
#391=LINE('',#4062,#664);
#392=LINE('',#4063,#665);
#393=LINE('',#4088,#666);
#394=LINE('',#4113,#667);
#395=LINE('',#4138,#668);
#396=LINE('',#4163,#669);
#397=LINE('',#4188,#670);
#398=LINE('',#4213,#671);
#399=LINE('',#4238,#672);
#400=LINE('',#4263,#673);
#401=LINE('',#4266,#674);
#402=LINE('',#4268,#675);
#403=LINE('',#4269,#676);
#404=LINE('',#4272,#677);
#405=LINE('',#4274,#678);
#406=LINE('',#4275,#679);
#407=LINE('',#4278,#680);
#408=LINE('',#4280,#681);
#409=LINE('',#4281,#682);
#410=LINE('',#4299,#683);
#411=LINE('',#4324,#684);
#412=LINE('',#4354,#685);
#413=LINE('',#4379,#686);
#414=LINE('',#4404,#687);
#415=LINE('',#4429,#688);
#416=LINE('',#4454,#689);
#417=LINE('',#4499,#690);
#418=LINE('',#4512,#691);
#419=LINE('',#4514,#692);
#420=LINE('',#4516,#693);
#421=LINE('',#4517,#694);
#422=LINE('',#4520,#695);
#423=LINE('',#4522,#696);
#424=LINE('',#4523,#697);
#425=LINE('',#4548,#698);
#426=LINE('',#4573,#699);
#427=LINE('',#4598,#700);
#428=LINE('',#4623,#701);
#429=LINE('',#4648,#702);
#430=LINE('',#4701,#703);
#431=LINE('',#4704,#704);
#432=LINE('',#4706,#705);
#433=LINE('',#4707,#706);
#434=LINE('',#4710,#707);
#435=LINE('',#4712,#708);
#436=LINE('',#4713,#709);
#437=LINE('',#4738,#710);
#438=LINE('',#4763,#711);
#439=LINE('',#4788,#712);
#440=LINE('',#4813,#713);
#441=LINE('',#4838,#714);
#442=LINE('',#4863,#715);
#443=LINE('',#4888,#716);
#444=LINE('',#4913,#717);
#445=LINE('',#4915,#718);
#446=LINE('',#4916,#719);
#447=LINE('',#4919,#720);
#448=LINE('',#4921,#721);
#449=LINE('',#4922,#722);
#450=LINE('',#4925,#723);
#451=LINE('',#4927,#724);
#452=LINE('',#4928,#725);
#453=LINE('',#4931,#726);
#454=LINE('',#4933,#727);
#455=LINE('',#4934,#728);
#456=LINE('',#4937,#729);
#457=LINE('',#4939,#730);
#458=LINE('',#4940,#731);
#459=LINE('',#4943,#732);
#460=LINE('',#4945,#733);
#461=LINE('',#4946,#734);
#462=LINE('',#4948,#735);
#463=LINE('',#4949,#736);
#464=LINE('',#4953,#737);
#465=LINE('',#4955,#738);
#466=LINE('',#4957,#739);
#467=LINE('',#4958,#740);
#468=LINE('',#4961,#741);
#469=LINE('',#4963,#742);
#470=LINE('',#4964,#743);
#471=LINE('',#4967,#744);
#472=LINE('',#4969,#745);
#473=LINE('',#4970,#746);
#474=LINE('',#4973,#747);
#475=LINE('',#4975,#748);
#476=LINE('',#4976,#749);
#477=LINE('',#4979,#750);
#478=LINE('',#4981,#751);
#479=LINE('',#4982,#752);
#480=LINE('',#4985,#753);
#481=LINE('',#4987,#754);
#482=LINE('',#4988,#755);
#483=LINE('',#4991,#756);
#484=LINE('',#4993,#757);
#485=LINE('',#4994,#758);
#486=LINE('',#4997,#759);
#487=LINE('',#4999,#760);
#488=LINE('',#5000,#761);
#489=LINE('',#5003,#762);
#490=LINE('',#5005,#763);
#491=LINE('',#5006,#764);
#492=LINE('',#5009,#765);
#493=LINE('',#5011,#766);
#494=LINE('',#5012,#767);
#495=LINE('',#5015,#768);
#496=LINE('',#5017,#769);
#497=LINE('',#5018,#770);
#498=LINE('',#5021,#771);
#499=LINE('',#5023,#772);
#500=LINE('',#5024,#773);
#501=LINE('',#5026,#774);
#502=LINE('',#5027,#775);
#503=LINE('',#5046,#776);
#504=LINE('',#5055,#777);
#505=LINE('',#5080,#778);
#506=LINE('',#5105,#779);
#507=LINE('',#5130,#780);
#508=LINE('',#5133,#781);
#509=LINE('',#5135,#782);
#510=LINE('',#5136,#783);
#511=LINE('',#5139,#784);
#512=LINE('',#5141,#785);
#513=LINE('',#5142,#786);
#514=LINE('',#5145,#787);
#515=LINE('',#5147,#788);
#516=LINE('',#5148,#789);
#517=LINE('',#5173,#790);
#518=LINE('',#5176,#791);
#519=LINE('',#5178,#792);
#520=LINE('',#5179,#793);
#521=LINE('',#5182,#794);
#522=LINE('',#5184,#795);
#523=LINE('',#5185,#796);
#524=LINE('',#5188,#797);
#525=LINE('',#5190,#798);
#526=LINE('',#5191,#799);
#527=LINE('',#5209,#800);
#528=LINE('',#5234,#801);
#529=LINE('',#5267,#802);
#530=LINE('',#5269,#803);
#531=LINE('',#5271,#804);
#532=LINE('',#5272,#805);
#533=LINE('',#5291,#806);
#534=LINE('',#5300,#807);
#535=LINE('',#5325,#808);
#536=LINE('',#5350,#809);
#537=LINE('',#5375,#810);
#538=LINE('',#5400,#811);
#539=LINE('',#5403,#812);
#540=LINE('',#5405,#813);
#541=LINE('',#5406,#814);
#542=LINE('',#5409,#815);
#543=LINE('',#5411,#816);
#544=LINE('',#5412,#817);
#545=LINE('',#5437,#818);
#546=LINE('',#5462,#819);
#547=LINE('',#5492,#820);
#548=LINE('',#5517,#821);
#549=LINE('',#5542,#822);
#550=LINE('',#5567,#823);
#551=LINE('',#5570,#824);
#552=LINE('',#5572,#825);
#553=LINE('',#5573,#826);
#554=LINE('',#5576,#827);
#555=LINE('',#5578,#828);
#556=LINE('',#5579,#829);
#557=LINE('',#5582,#830);
#558=LINE('',#5584,#831);
#559=LINE('',#5585,#832);
#560=LINE('',#5587,#833);
#561=LINE('',#5588,#834);
#562=LINE('',#5613,#835);
#563=VECTOR('',#3201,10.);
#564=VECTOR('',#3202,10.);
#565=VECTOR('',#3213,10.);
#566=VECTOR('',#3214,10.);
#567=VECTOR('',#3225,10.);
#568=VECTOR('',#3226,10.);
#569=VECTOR('',#3231,10.);
#570=VECTOR('',#3232,10.);
#571=VECTOR('',#3243,10.);
#572=VECTOR('',#3244,10.);
#573=VECTOR('',#3249,10.);
#574=VECTOR('',#3250,10.);
#575=VECTOR('',#3253,10.);
#576=VECTOR('',#3254,10.);
#577=VECTOR('',#3259,10.);
#578=VECTOR('',#3260,10.);
#579=VECTOR('',#3263,10.);
#580=VECTOR('',#3266,10.);
#581=VECTOR('',#3271,10.);
#582=VECTOR('',#3272,10.);
#583=VECTOR('',#3305,10.);
#584=VECTOR('',#3306,10.);
#585=VECTOR('',#3309,10.);
#586=VECTOR('',#3310,10.);
#587=VECTOR('',#3323,10.);
#588=VECTOR('',#3324,10.);
#589=VECTOR('',#3327,10.);
#590=VECTOR('',#3328,10.);
#591=VECTOR('',#3331,10.);
#592=VECTOR('',#3332,10.);
#593=VECTOR('',#3335,10.);
#594=VECTOR('',#3336,10.);
#595=VECTOR('',#3341,10.);
#596=VECTOR('',#3342,10.);
#597=VECTOR('',#3347,10.);
#598=VECTOR('',#3348,10.);
#599=VECTOR('',#3351,10.);
#600=VECTOR('',#3354,10.);
#601=VECTOR('',#3355,10.);
#602=VECTOR('',#3356,10.);
#603=VECTOR('',#3371,10.);
#604=VECTOR('',#3374,10.);
#605=VECTOR('',#3377,10.);
#606=VECTOR('',#3380,10.);
#607=VECTOR('',#3383,10.);
#608=VECTOR('',#3386,10.);
#609=VECTOR('',#3389,10.);
#610=VECTOR('',#3390,10.);
#611=VECTOR('',#3395,10.);
#612=VECTOR('',#3400,10.);
#613=VECTOR('',#3401,10.);
#614=VECTOR('',#3404,10.);
#615=VECTOR('',#3405,10.);
#616=VECTOR('',#3408,10.);
#617=VECTOR('',#3411,10.);
#618=VECTOR('',#3414,10.);
#619=VECTOR('',#3423,0.5);
#620=VECTOR('',#3424,0.5);
#621=VECTOR('',#3425,0.5);
#622=VECTOR('',#3426,0.5);
#623=VECTOR('',#3429,0.5);
#624=VECTOR('',#3430,0.5);
#625=VECTOR('',#3431,0.5);
#626=VECTOR('',#3432,0.5);
#627=VECTOR('',#3435,0.5);
#628=VECTOR('',#3436,0.5);
#629=VECTOR('',#3437,0.5);
#630=VECTOR('',#3440,0.5);
#631=VECTOR('',#3441,0.5);
#632=VECTOR('',#3444,0.5);
#633=VECTOR('',#3445,0.5);
#634=VECTOR('',#3446,0.5);
#635=VECTOR('',#3447,0.5);
#636=VECTOR('',#3450,0.5);
#637=VECTOR('',#3451,0.5);
#638=VECTOR('',#3452,0.5);
#639=VECTOR('',#3455,0.5);
#640=VECTOR('',#3456,0.5);
#641=VECTOR('',#3457,0.5);
#642=VECTOR('',#3460,0.5);
#643=VECTOR('',#3461,0.5);
#644=VECTOR('',#3462,0.5);
#645=VECTOR('',#3465,0.5);
#646=VECTOR('',#3466,0.5);
#647=VECTOR('',#3467,0.5);
#648=VECTOR('',#3470,0.5);
#649=VECTOR('',#3471,0.5);
#650=VECTOR('',#3472,0.5);
#651=VECTOR('',#3475,0.5);
#652=VECTOR('',#3476,0.5);
#653=VECTOR('',#3477,0.5);
#654=VECTOR('',#3480,0.5);
#655=VECTOR('',#3481,0.5);
#656=VECTOR('',#3482,0.5);
#657=VECTOR('',#3485,0.5);
#658=VECTOR('',#3486,0.5);
#659=VECTOR('',#3487,0.5);
#660=VECTOR('',#3490,0.5);
#661=VECTOR('',#3491,0.5);
#662=VECTOR('',#3494,0.5);
#663=VECTOR('',#3495,0.5);
#664=VECTOR('',#3496,0.5);
#665=VECTOR('',#3497,0.5);
#666=VECTOR('',#3498,0.5);
#667=VECTOR('',#3499,0.5);
#668=VECTOR('',#3500,0.5);
#669=VECTOR('',#3501,0.5);
#670=VECTOR('',#3502,0.5);
#671=VECTOR('',#3503,0.5);
#672=VECTOR('',#3504,0.5);
#673=VECTOR('',#3505,0.5);
#674=VECTOR('',#3508,0.5);
#675=VECTOR('',#3509,0.5);
#676=VECTOR('',#3510,0.5);
#677=VECTOR('',#3513,0.5);
#678=VECTOR('',#3514,0.5);
#679=VECTOR('',#3515,0.5);
#680=VECTOR('',#3518,0.5);
#681=VECTOR('',#3519,0.5);
#682=VECTOR('',#3520,0.5);
#683=VECTOR('',#3521,0.5);
#684=VECTOR('',#3522,0.5);
#685=VECTOR('',#3523,0.5);
#686=VECTOR('',#3524,0.5);
#687=VECTOR('',#3525,0.5);
#688=VECTOR('',#3526,0.5);
#689=VECTOR('',#3527,0.5);
#690=VECTOR('',#3528,0.5);
#691=VECTOR('',#3531,0.5);
#692=VECTOR('',#3532,0.5);
#693=VECTOR('',#3533,0.5);
#694=VECTOR('',#3534,0.5);
#695=VECTOR('',#3537,0.5);
#696=VECTOR('',#3538,0.5);
#697=VECTOR('',#3539,0.5);
#698=VECTOR('',#3540,0.5);
#699=VECTOR('',#3541,0.5);
#700=VECTOR('',#3542,0.5);
#701=VECTOR('',#3543,0.5);
#702=VECTOR('',#3544,0.5);
#703=VECTOR('',#3545,0.5);
#704=VECTOR('',#3548,0.5);
#705=VECTOR('',#3549,0.5);
#706=VECTOR('',#3550,0.5);
#707=VECTOR('',#3553,0.5);
#708=VECTOR('',#3554,0.5);
#709=VECTOR('',#3555,0.5);
#710=VECTOR('',#3556,0.5);
#711=VECTOR('',#3557,0.5);
#712=VECTOR('',#3558,0.5);
#713=VECTOR('',#3559,0.5);
#714=VECTOR('',#3560,0.5);
#715=VECTOR('',#3561,0.5);
#716=VECTOR('',#3562,0.5);
#717=VECTOR('',#3565,0.5);
#718=VECTOR('',#3566,0.5);
#719=VECTOR('',#3567,0.5);
#720=VECTOR('',#3570,0.5);
#721=VECTOR('',#3571,0.5);
#722=VECTOR('',#3572,0.5);
#723=VECTOR('',#3575,0.5);
#724=VECTOR('',#3576,0.5);
#725=VECTOR('',#3577,0.5);
#726=VECTOR('',#3580,0.5);
#727=VECTOR('',#3581,0.5);
#728=VECTOR('',#3582,0.5);
#729=VECTOR('',#3585,0.5);
#730=VECTOR('',#3586,0.5);
#731=VECTOR('',#3587,0.5);
#732=VECTOR('',#3590,0.5);
#733=VECTOR('',#3591,0.5);
#734=VECTOR('',#3592,0.5);
#735=VECTOR('',#3595,0.5);
#736=VECTOR('',#3596,0.5);
#737=VECTOR('',#3599,0.5);
#738=VECTOR('',#3600,0.5);
#739=VECTOR('',#3601,0.5);
#740=VECTOR('',#3602,0.5);
#741=VECTOR('',#3605,0.5);
#742=VECTOR('',#3606,0.5);
#743=VECTOR('',#3607,0.5);
#744=VECTOR('',#3610,0.5);
#745=VECTOR('',#3611,0.5);
#746=VECTOR('',#3612,0.5);
#747=VECTOR('',#3615,0.5);
#748=VECTOR('',#3616,0.5);
#749=VECTOR('',#3617,0.5);
#750=VECTOR('',#3620,0.5);
#751=VECTOR('',#3621,0.5);
#752=VECTOR('',#3622,0.5);
#753=VECTOR('',#3625,0.5);
#754=VECTOR('',#3626,0.5);
#755=VECTOR('',#3627,0.5);
#756=VECTOR('',#3630,0.5);
#757=VECTOR('',#3631,0.5);
#758=VECTOR('',#3632,0.5);
#759=VECTOR('',#3635,0.5);
#760=VECTOR('',#3636,0.5);
#761=VECTOR('',#3637,0.5);
#762=VECTOR('',#3640,0.5);
#763=VECTOR('',#3641,0.5);
#764=VECTOR('',#3642,0.5);
#765=VECTOR('',#3645,0.5);
#766=VECTOR('',#3646,0.5);
#767=VECTOR('',#3647,0.5);
#768=VECTOR('',#3650,0.5);
#769=VECTOR('',#3651,0.5);
#770=VECTOR('',#3652,0.5);
#771=VECTOR('',#3655,0.5);
#772=VECTOR('',#3656,0.5);
#773=VECTOR('',#3657,0.5);
#774=VECTOR('',#3660,0.5);
#775=VECTOR('',#3661,0.5);
#776=VECTOR('',#3662,0.5);
#777=VECTOR('',#3663,0.5);
#778=VECTOR('',#3664,0.5);
#779=VECTOR('',#3665,0.5);
#780=VECTOR('',#3666,0.5);
#781=VECTOR('',#3669,0.5);
#782=VECTOR('',#3670,0.5);
#783=VECTOR('',#3671,0.5);
#784=VECTOR('',#3674,0.5);
#785=VECTOR('',#3675,0.5);
#786=VECTOR('',#3676,0.5);
#787=VECTOR('',#3679,0.5);
#788=VECTOR('',#3680,0.5);
#789=VECTOR('',#3681,0.5);
#790=VECTOR('',#3682,0.5);
#791=VECTOR('',#3685,0.5);
#792=VECTOR('',#3686,0.5);
#793=VECTOR('',#3687,0.5);
#794=VECTOR('',#3690,0.5);
#795=VECTOR('',#3691,0.5);
#796=VECTOR('',#3692,0.5);
#797=VECTOR('',#3695,0.5);
#798=VECTOR('',#3696,0.5);
#799=VECTOR('',#3697,0.5);
#800=VECTOR('',#3698,0.5);
#801=VECTOR('',#3699,0.5);
#802=VECTOR('',#3702,0.5);
#803=VECTOR('',#3703,0.5);
#804=VECTOR('',#3704,0.5);
#805=VECTOR('',#3705,0.5);
#806=VECTOR('',#3706,0.5);
#807=VECTOR('',#3707,0.5);
#808=VECTOR('',#3708,0.5);
#809=VECTOR('',#3709,0.5);
#810=VECTOR('',#3710,0.5);
#811=VECTOR('',#3711,0.5);
#812=VECTOR('',#3714,0.5);
#813=VECTOR('',#3715,0.5);
#814=VECTOR('',#3716,0.5);
#815=VECTOR('',#3719,0.5);
#816=VECTOR('',#3720,0.5);
#817=VECTOR('',#3721,0.5);
#818=VECTOR('',#3722,0.5);
#819=VECTOR('',#3723,0.5);
#820=VECTOR('',#3724,0.5);
#821=VECTOR('',#3725,0.5);
#822=VECTOR('',#3726,0.5);
#823=VECTOR('',#3727,0.5);
#824=VECTOR('',#3730,0.5);
#825=VECTOR('',#3731,0.5);
#826=VECTOR('',#3732,0.5);
#827=VECTOR('',#3735,0.5);
#828=VECTOR('',#3736,0.5);
#829=VECTOR('',#3737,0.5);
#830=VECTOR('',#3740,0.5);
#831=VECTOR('',#3741,0.5);
#832=VECTOR('',#3742,0.5);
#833=VECTOR('',#3745,0.5);
#834=VECTOR('',#3746,0.5);
#835=VECTOR('',#3747,0.5);
#836=CYLINDRICAL_SURFACE('',#3037,0.05);
#837=CYLINDRICAL_SURFACE('',#3043,0.05);
#838=CYLINDRICAL_SURFACE('',#3048,0.05);
#839=CYLINDRICAL_SURFACE('',#3049,0.05);
#840=CYLINDRICAL_SURFACE('',#3055,0.05);
#841=CYLINDRICAL_SURFACE('',#3056,0.05);
#842=CYLINDRICAL_SURFACE('',#3058,0.05);
#843=CYLINDRICAL_SURFACE('',#3059,0.05);
#844=CYLINDRICAL_SURFACE('',#3079,0.05);
#845=CYLINDRICAL_SURFACE('',#3081,0.05);
#846=CYLINDRICAL_SURFACE('',#3086,0.05);
#847=CYLINDRICAL_SURFACE('',#3088,0.05);
#848=CYLINDRICAL_SURFACE('',#3089,0.05);
#849=CYLINDRICAL_SURFACE('',#3090,0.05);
#850=CYLINDRICAL_SURFACE('',#3091,0.05);
#851=CYLINDRICAL_SURFACE('',#3093,0.05);
#852=CYLINDRICAL_SURFACE('',#3102,0.05);
#853=CYLINDRICAL_SURFACE('',#3110,0.05);
#854=CYLINDRICAL_SURFACE('',#3112,0.05);
#855=CYLINDRICAL_SURFACE('',#3117,0.05);
#856=FACE_OUTER_BOUND('',#1014,.T.);
#857=FACE_OUTER_BOUND('',#1015,.T.);
#858=FACE_OUTER_BOUND('',#1016,.T.);
#859=FACE_OUTER_BOUND('',#1017,.T.);
#860=FACE_OUTER_BOUND('',#1018,.T.);
#861=FACE_OUTER_BOUND('',#1019,.T.);
#862=FACE_OUTER_BOUND('',#1020,.T.);
#863=FACE_OUTER_BOUND('',#1021,.T.);
#864=FACE_OUTER_BOUND('',#1022,.T.);
#865=FACE_OUTER_BOUND('',#1023,.T.);
#866=FACE_OUTER_BOUND('',#1024,.T.);
#867=FACE_OUTER_BOUND('',#1025,.T.);
#868=FACE_OUTER_BOUND('',#1026,.T.);
#869=FACE_OUTER_BOUND('',#1027,.T.);
#870=FACE_OUTER_BOUND('',#1028,.T.);
#871=FACE_OUTER_BOUND('',#1029,.T.);
#872=FACE_OUTER_BOUND('',#1030,.T.);
#873=FACE_OUTER_BOUND('',#1031,.T.);
#874=FACE_OUTER_BOUND('',#1032,.T.);
#875=FACE_OUTER_BOUND('',#1033,.T.);
#876=FACE_OUTER_BOUND('',#1034,.T.);
#877=FACE_OUTER_BOUND('',#1035,.T.);
#878=FACE_OUTER_BOUND('',#1036,.T.);
#879=FACE_OUTER_BOUND('',#1037,.T.);
#880=FACE_OUTER_BOUND('',#1038,.T.);
#881=FACE_OUTER_BOUND('',#1039,.T.);
#882=FACE_OUTER_BOUND('',#1040,.T.);
#883=FACE_OUTER_BOUND('',#1041,.T.);
#884=FACE_OUTER_BOUND('',#1042,.T.);
#885=FACE_OUTER_BOUND('',#1043,.T.);
#886=FACE_OUTER_BOUND('',#1044,.T.);
#887=FACE_OUTER_BOUND('',#1045,.T.);
#888=FACE_OUTER_BOUND('',#1046,.T.);
#889=FACE_OUTER_BOUND('',#1047,.T.);
#890=FACE_OUTER_BOUND('',#1048,.T.);
#891=FACE_OUTER_BOUND('',#1049,.T.);
#892=FACE_OUTER_BOUND('',#1050,.T.);
#893=FACE_OUTER_BOUND('',#1051,.T.);
#894=FACE_OUTER_BOUND('',#1052,.T.);
#895=FACE_OUTER_BOUND('',#1053,.T.);
#896=FACE_OUTER_BOUND('',#1054,.T.);
#897=FACE_OUTER_BOUND('',#1055,.T.);
#898=FACE_OUTER_BOUND('',#1056,.T.);
#899=FACE_OUTER_BOUND('',#1057,.T.);
#900=FACE_OUTER_BOUND('',#1058,.T.);
#901=FACE_OUTER_BOUND('',#1059,.T.);
#902=FACE_OUTER_BOUND('',#1060,.T.);
#903=FACE_OUTER_BOUND('',#1061,.T.);
#904=FACE_OUTER_BOUND('',#1062,.T.);
#905=FACE_OUTER_BOUND('',#1063,.T.);
#906=FACE_OUTER_BOUND('',#1064,.T.);
#907=FACE_OUTER_BOUND('',#1065,.T.);
#908=FACE_OUTER_BOUND('',#1066,.T.);
#909=FACE_OUTER_BOUND('',#1067,.T.);
#910=FACE_OUTER_BOUND('',#1068,.T.);
#911=FACE_OUTER_BOUND('',#1069,.T.);
#912=FACE_OUTER_BOUND('',#1070,.T.);
#913=FACE_OUTER_BOUND('',#1071,.T.);
#914=FACE_OUTER_BOUND('',#1072,.T.);
#915=FACE_OUTER_BOUND('',#1073,.T.);
#916=FACE_OUTER_BOUND('',#1074,.T.);
#917=FACE_OUTER_BOUND('',#1075,.T.);
#918=FACE_OUTER_BOUND('',#1076,.T.);
#919=FACE_OUTER_BOUND('',#1077,.T.);
#920=FACE_OUTER_BOUND('',#1078,.T.);
#921=FACE_OUTER_BOUND('',#1079,.T.);
#922=FACE_OUTER_BOUND('',#1080,.T.);
#923=FACE_OUTER_BOUND('',#1081,.T.);
#924=FACE_OUTER_BOUND('',#1082,.T.);
#925=FACE_OUTER_BOUND('',#1083,.T.);
#926=FACE_OUTER_BOUND('',#1084,.T.);
#927=FACE_OUTER_BOUND('',#1085,.T.);
#928=FACE_OUTER_BOUND('',#1086,.T.);
#929=FACE_OUTER_BOUND('',#1087,.T.);
#930=FACE_OUTER_BOUND('',#1088,.T.);
#931=FACE_OUTER_BOUND('',#1089,.T.);
#932=FACE_OUTER_BOUND('',#1090,.T.);
#933=FACE_OUTER_BOUND('',#1091,.T.);
#934=FACE_OUTER_BOUND('',#1092,.T.);
#935=FACE_OUTER_BOUND('',#1093,.T.);
#936=FACE_OUTER_BOUND('',#1094,.T.);
#937=FACE_OUTER_BOUND('',#1095,.T.);
#938=FACE_OUTER_BOUND('',#1096,.T.);
#939=FACE_OUTER_BOUND('',#1097,.T.);
#940=FACE_OUTER_BOUND('',#1098,.T.);
#941=FACE_OUTER_BOUND('',#1099,.T.);
#942=FACE_OUTER_BOUND('',#1100,.T.);
#943=FACE_OUTER_BOUND('',#1101,.T.);
#944=FACE_OUTER_BOUND('',#1102,.T.);
#945=FACE_OUTER_BOUND('',#1103,.T.);
#946=FACE_OUTER_BOUND('',#1104,.T.);
#947=FACE_OUTER_BOUND('',#1105,.T.);
#948=FACE_OUTER_BOUND('',#1106,.T.);
#949=FACE_OUTER_BOUND('',#1107,.T.);
#950=FACE_OUTER_BOUND('',#1108,.T.);
#951=FACE_OUTER_BOUND('',#1109,.T.);
#952=FACE_OUTER_BOUND('',#1110,.T.);
#953=FACE_OUTER_BOUND('',#1111,.T.);
#954=FACE_OUTER_BOUND('',#1112,.T.);
#955=FACE_OUTER_BOUND('',#1113,.T.);
#956=FACE_OUTER_BOUND('',#1114,.T.);
#957=FACE_OUTER_BOUND('',#1115,.T.);
#958=FACE_OUTER_BOUND('',#1116,.T.);
#959=FACE_OUTER_BOUND('',#1117,.T.);
#960=FACE_OUTER_BOUND('',#1118,.T.);
#961=FACE_OUTER_BOUND('',#1119,.T.);
#962=FACE_OUTER_BOUND('',#1120,.T.);
#963=FACE_OUTER_BOUND('',#1121,.T.);
#964=FACE_OUTER_BOUND('',#1122,.T.);
#965=FACE_OUTER_BOUND('',#1123,.T.);
#966=FACE_OUTER_BOUND('',#1124,.T.);
#967=FACE_OUTER_BOUND('',#1125,.T.);
#968=FACE_OUTER_BOUND('',#1126,.T.);
#969=FACE_OUTER_BOUND('',#1127,.T.);
#970=FACE_OUTER_BOUND('',#1128,.T.);
#971=FACE_OUTER_BOUND('',#1129,.T.);
#972=FACE_OUTER_BOUND('',#1130,.T.);
#973=FACE_OUTER_BOUND('',#1131,.T.);
#974=FACE_OUTER_BOUND('',#1132,.T.);
#975=FACE_OUTER_BOUND('',#1133,.T.);
#976=FACE_OUTER_BOUND('',#1134,.T.);
#977=FACE_OUTER_BOUND('',#1135,.T.);
#978=FACE_OUTER_BOUND('',#1136,.T.);
#979=FACE_OUTER_BOUND('',#1137,.T.);
#980=FACE_OUTER_BOUND('',#1138,.T.);
#981=FACE_OUTER_BOUND('',#1139,.T.);
#982=FACE_OUTER_BOUND('',#1140,.T.);
#983=FACE_OUTER_BOUND('',#1141,.T.);
#984=FACE_OUTER_BOUND('',#1142,.T.);
#985=FACE_OUTER_BOUND('',#1143,.T.);
#986=FACE_OUTER_BOUND('',#1144,.T.);
#987=FACE_OUTER_BOUND('',#1145,.T.);
#988=FACE_OUTER_BOUND('',#1146,.T.);
#989=FACE_OUTER_BOUND('',#1147,.T.);
#990=FACE_OUTER_BOUND('',#1148,.T.);
#991=FACE_OUTER_BOUND('',#1149,.T.);
#992=FACE_OUTER_BOUND('',#1150,.T.);
#993=FACE_OUTER_BOUND('',#1151,.T.);
#994=FACE_OUTER_BOUND('',#1152,.T.);
#995=FACE_OUTER_BOUND('',#1153,.T.);
#996=FACE_OUTER_BOUND('',#1154,.T.);
#997=FACE_OUTER_BOUND('',#1155,.T.);
#998=FACE_OUTER_BOUND('',#1156,.T.);
#999=FACE_OUTER_BOUND('',#1157,.T.);
#1000=FACE_OUTER_BOUND('',#1158,.T.);
#1001=FACE_OUTER_BOUND('',#1159,.T.);
#1002=FACE_OUTER_BOUND('',#1160,.T.);
#1003=FACE_OUTER_BOUND('',#1161,.T.);
#1004=FACE_OUTER_BOUND('',#1162,.T.);
#1005=FACE_OUTER_BOUND('',#1163,.T.);
#1006=FACE_OUTER_BOUND('',#1164,.T.);
#1007=FACE_OUTER_BOUND('',#1165,.T.);
#1008=FACE_OUTER_BOUND('',#1166,.T.);
#1009=FACE_OUTER_BOUND('',#1167,.T.);
#1010=FACE_OUTER_BOUND('',#1168,.T.);
#1011=FACE_OUTER_BOUND('',#1169,.T.);
#1012=FACE_OUTER_BOUND('',#1170,.T.);
#1013=FACE_OUTER_BOUND('',#1176,.T.);
#1014=EDGE_LOOP('',(#1924,#1925,#1926));
#1015=EDGE_LOOP('',(#1927,#1928,#1929,#1930));
#1016=EDGE_LOOP('',(#1931,#1932,#1933));
#1017=EDGE_LOOP('',(#1934,#1935,#1936,#1937));
#1018=EDGE_LOOP('',(#1938,#1939,#1940));
#1019=EDGE_LOOP('',(#1941,#1942,#1943,#1944));
#1020=EDGE_LOOP('',(#1945,#1946,#1947,#1948));
#1021=EDGE_LOOP('',(#1949,#1950,#1951));
#1022=EDGE_LOOP('',(#1952,#1953,#1954,#1955));
#1023=EDGE_LOOP('',(#1956,#1957,#1958,#1959));
#1024=EDGE_LOOP('',(#1960,#1961,#1962,#1963));
#1025=EDGE_LOOP('',(#1964,#1965,#1966,#1967));
#1026=EDGE_LOOP('',(#1968,#1969,#1970,#1971));
#1027=EDGE_LOOP('',(#1972,#1973,#1974,#1975));
#1028=EDGE_LOOP('',(#1976,#1977,#1978,#1979));
#1029=EDGE_LOOP('',(#1980,#1981,#1982,#1983,#1984,#1985,#1986,#1987));
#1030=EDGE_LOOP('',(#1988,#1989,#1990,#1991));
#1031=EDGE_LOOP('',(#1992,#1993,#1994,#1995));
#1032=EDGE_LOOP('',(#1996,#1997,#1998));
#1033=EDGE_LOOP('',(#1999,#2000,#2001));
#1034=EDGE_LOOP('',(#2002,#2003,#2004));
#1035=EDGE_LOOP('',(#2005,#2006,#2007,#2008));
#1036=EDGE_LOOP('',(#2009,#2010,#2011,#2012));
#1037=EDGE_LOOP('',(#2013,#2014,#2015));
#1038=EDGE_LOOP('',(#2016,#2017,#2018,#2019));
#1039=EDGE_LOOP('',(#2020,#2021,#2022,#2023));
#1040=EDGE_LOOP('',(#2024,#2025,#2026,#2027));
#1041=EDGE_LOOP('',(#2028,#2029,#2030,#2031));
#1042=EDGE_LOOP('',(#2032,#2033,#2034,#2035));
#1043=EDGE_LOOP('',(#2036,#2037,#2038,#2039));
#1044=EDGE_LOOP('',(#2040,#2041,#2042,#2043));
#1045=EDGE_LOOP('',(#2044,#2045,#2046,#2047,#2048,#2049,#2050,#2051));
#1046=EDGE_LOOP('',(#2052,#2053,#2054,#2055));
#1047=EDGE_LOOP('',(#2056,#2057,#2058,#2059));
#1048=EDGE_LOOP('',(#2060,#2061,#2062,#2063));
#1049=EDGE_LOOP('',(#2064,#2065,#2066,#2067));
#1050=EDGE_LOOP('',(#2068,#2069,#2070,#2071));
#1051=EDGE_LOOP('',(#2072,#2073,#2074,#2075,#2076,#2077,#2078,#2079));
#1052=EDGE_LOOP('',(#2080,#2081,#2082,#2083));
#1053=EDGE_LOOP('',(#2084,#2085,#2086,#2087));
#1054=EDGE_LOOP('',(#2088,#2089,#2090,#2091));
#1055=EDGE_LOOP('',(#2092,#2093,#2094,#2095));
#1056=EDGE_LOOP('',(#2096,#2097,#2098,#2099,#2100,#2101,#2102,#2103));
#1057=EDGE_LOOP('',(#2104,#2105,#2106,#2107));
#1058=EDGE_LOOP('',(#2108,#2109,#2110,#2111));
#1059=EDGE_LOOP('',(#2112,#2113,#2114,#2115));
#1060=EDGE_LOOP('',(#2116,#2117,#2118,#2119));
#1061=EDGE_LOOP('',(#2120,#2121,#2122,#2123));
#1062=EDGE_LOOP('',(#2124,#2125,#2126,#2127));
#1063=EDGE_LOOP('',(#2128,#2129,#2130,#2131));
#1064=EDGE_LOOP('',(#2132,#2133,#2134,#2135));
#1065=EDGE_LOOP('',(#2136,#2137,#2138,#2139));
#1066=EDGE_LOOP('',(#2140,#2141,#2142,#2143));
#1067=EDGE_LOOP('',(#2144,#2145,#2146,#2147));
#1068=EDGE_LOOP('',(#2148,#2149,#2150,#2151));
#1069=EDGE_LOOP('',(#2152,#2153,#2154,#2155));
#1070=EDGE_LOOP('',(#2156,#2157,#2158,#2159));
#1071=EDGE_LOOP('',(#2160,#2161,#2162,#2163));
#1072=EDGE_LOOP('',(#2164,#2165,#2166,#2167));
#1073=EDGE_LOOP('',(#2168,#2169,#2170,#2171));
#1074=EDGE_LOOP('',(#2172,#2173,#2174,#2175));
#1075=EDGE_LOOP('',(#2176,#2177,#2178,#2179));
#1076=EDGE_LOOP('',(#2180,#2181,#2182,#2183));
#1077=EDGE_LOOP('',(#2184,#2185,#2186,#2187));
#1078=EDGE_LOOP('',(#2188,#2189,#2190,#2191));
#1079=EDGE_LOOP('',(#2192,#2193,#2194,#2195));
#1080=EDGE_LOOP('',(#2196,#2197,#2198,#2199));
#1081=EDGE_LOOP('',(#2200,#2201,#2202,#2203));
#1082=EDGE_LOOP('',(#2204,#2205,#2206,#2207));
#1083=EDGE_LOOP('',(#2208,#2209,#2210,#2211));
#1084=EDGE_LOOP('',(#2212,#2213,#2214,#2215));
#1085=EDGE_LOOP('',(#2216,#2217,#2218,#2219));
#1086=EDGE_LOOP('',(#2220,#2221,#2222,#2223));
#1087=EDGE_LOOP('',(#2224,#2225,#2226,#2227));
#1088=EDGE_LOOP('',(#2228,#2229,#2230,#2231));
#1089=EDGE_LOOP('',(#2232,#2233,#2234,#2235));
#1090=EDGE_LOOP('',(#2236,#2237,#2238,#2239));
#1091=EDGE_LOOP('',(#2240,#2241,#2242,#2243));
#1092=EDGE_LOOP('',(#2244,#2245,#2246,#2247));
#1093=EDGE_LOOP('',(#2248,#2249,#2250,#2251));
#1094=EDGE_LOOP('',(#2252,#2253,#2254,#2255));
#1095=EDGE_LOOP('',(#2256,#2257,#2258,#2259));
#1096=EDGE_LOOP('',(#2260,#2261,#2262,#2263));
#1097=EDGE_LOOP('',(#2264,#2265,#2266,#2267));
#1098=EDGE_LOOP('',(#2268,#2269,#2270,#2271));
#1099=EDGE_LOOP('',(#2272,#2273,#2274,#2275));
#1100=EDGE_LOOP('',(#2276,#2277,#2278,#2279));
#1101=EDGE_LOOP('',(#2280,#2281,#2282,#2283));
#1102=EDGE_LOOP('',(#2284,#2285,#2286,#2287));
#1103=EDGE_LOOP('',(#2288,#2289,#2290,#2291));
#1104=EDGE_LOOP('',(#2292,#2293,#2294,#2295));
#1105=EDGE_LOOP('',(#2296,#2297,#2298,#2299));
#1106=EDGE_LOOP('',(#2300,#2301,#2302,#2303));
#1107=EDGE_LOOP('',(#2304,#2305,#2306,#2307));
#1108=EDGE_LOOP('',(#2308,#2309,#2310,#2311));
#1109=EDGE_LOOP('',(#2312,#2313,#2314,#2315));
#1110=EDGE_LOOP('',(#2316,#2317,#2318,#2319));
#1111=EDGE_LOOP('',(#2320,#2321,#2322,#2323));
#1112=EDGE_LOOP('',(#2324,#2325,#2326,#2327));
#1113=EDGE_LOOP('',(#2328,#2329,#2330,#2331));
#1114=EDGE_LOOP('',(#2332,#2333,#2334,#2335));
#1115=EDGE_LOOP('',(#2336,#2337,#2338,#2339));
#1116=EDGE_LOOP('',(#2340,#2341,#2342,#2343));
#1117=EDGE_LOOP('',(#2344,#2345,#2346,#2347));
#1118=EDGE_LOOP('',(#2348,#2349,#2350,#2351));
#1119=EDGE_LOOP('',(#2352,#2353,#2354,#2355));
#1120=EDGE_LOOP('',(#2356,#2357,#2358,#2359));
#1121=EDGE_LOOP('',(#2360,#2361,#2362,#2363));
#1122=EDGE_LOOP('',(#2364,#2365,#2366,#2367));
#1123=EDGE_LOOP('',(#2368,#2369,#2370,#2371));
#1124=EDGE_LOOP('',(#2372,#2373,#2374,#2375));
#1125=EDGE_LOOP('',(#2376,#2377,#2378,#2379));
#1126=EDGE_LOOP('',(#2380,#2381,#2382,#2383));
#1127=EDGE_LOOP('',(#2384,#2385,#2386,#2387));
#1128=EDGE_LOOP('',(#2388,#2389,#2390,#2391));
#1129=EDGE_LOOP('',(#2392,#2393,#2394,#2395));
#1130=EDGE_LOOP('',(#2396,#2397,#2398,#2399));
#1131=EDGE_LOOP('',(#2400,#2401,#2402,#2403));
#1132=EDGE_LOOP('',(#2404,#2405,#2406,#2407));
#1133=EDGE_LOOP('',(#2408,#2409,#2410,#2411));
#1134=EDGE_LOOP('',(#2412,#2413,#2414,#2415));
#1135=EDGE_LOOP('',(#2416,#2417,#2418,#2419));
#1136=EDGE_LOOP('',(#2420,#2421,#2422,#2423));
#1137=EDGE_LOOP('',(#2424,#2425,#2426,#2427));
#1138=EDGE_LOOP('',(#2428,#2429,#2430,#2431));
#1139=EDGE_LOOP('',(#2432,#2433,#2434,#2435));
#1140=EDGE_LOOP('',(#2436,#2437,#2438,#2439));
#1141=EDGE_LOOP('',(#2440,#2441,#2442,#2443));
#1142=EDGE_LOOP('',(#2444,#2445,#2446,#2447));
#1143=EDGE_LOOP('',(#2448,#2449,#2450,#2451));
#1144=EDGE_LOOP('',(#2452,#2453,#2454,#2455));
#1145=EDGE_LOOP('',(#2456,#2457,#2458,#2459));
#1146=EDGE_LOOP('',(#2460,#2461,#2462,#2463));
#1147=EDGE_LOOP('',(#2464,#2465,#2466,#2467));
#1148=EDGE_LOOP('',(#2468,#2469,#2470,#2471));
#1149=EDGE_LOOP('',(#2472,#2473,#2474,#2475));
#1150=EDGE_LOOP('',(#2476,#2477,#2478,#2479));
#1151=EDGE_LOOP('',(#2480,#2481,#2482,#2483));
#1152=EDGE_LOOP('',(#2484,#2485,#2486,#2487));
#1153=EDGE_LOOP('',(#2488,#2489,#2490,#2491));
#1154=EDGE_LOOP('',(#2492,#2493,#2494,#2495));
#1155=EDGE_LOOP('',(#2496,#2497,#2498,#2499));
#1156=EDGE_LOOP('',(#2500,#2501,#2502,#2503));
#1157=EDGE_LOOP('',(#2504,#2505,#2506,#2507));
#1158=EDGE_LOOP('',(#2508,#2509,#2510,#2511));
#1159=EDGE_LOOP('',(#2512,#2513,#2514,#2515));
#1160=EDGE_LOOP('',(#2516,#2517,#2518,#2519));
#1161=EDGE_LOOP('',(#2520,#2521,#2522,#2523));
#1162=EDGE_LOOP('',(#2524,#2525,#2526,#2527));
#1163=EDGE_LOOP('',(#2528,#2529,#2530,#2531));
#1164=EDGE_LOOP('',(#2532,#2533,#2534,#2535));
#1165=EDGE_LOOP('',(#2536,#2537,#2538,#2539));
#1166=EDGE_LOOP('',(#2540,#2541,#2542,#2543));
#1167=EDGE_LOOP('',(#2544,#2545,#2546,#2547));
#1168=EDGE_LOOP('',(#2548,#2549,#2550,#2551));
#1169=EDGE_LOOP('',(#2552,#2553,#2554,#2555));
#1170=EDGE_LOOP('',(#2556,#2557,#2558,#2559,#2560,#2561,#2562,#2563,#2564,
#2565,#2566,#2567,#2568,#2569,#2570,#2571,#2572,#2573,#2574,#2575,#2576,
#2577,#2578,#2579,#2580,#2581,#2582,#2583,#2584,#2585,#2586,#2587,#2588,
#2589,#2590,#2591,#2592,#2593,#2594,#2595,#2596,#2597));
#1171=EDGE_LOOP('',(#2598,#2599,#2600,#2601,#2602,#2603,#2604,#2605,#2606,
#2607));
#1172=EDGE_LOOP('',(#2608,#2609,#2610,#2611,#2612,#2613,#2614,#2615,#2616,
#2617,#2618,#2619,#2620,#2621,#2622,#2623,#2624,#2625,#2626,#2627));
#1173=EDGE_LOOP('',(#2628,#2629,#2630,#2631,#2632,#2633,#2634,#2635,#2636,
#2637,#2638));
#1174=EDGE_LOOP('',(#2639,#2640,#2641,#2642,#2643,#2644,#2645,#2646,#2647,
#2648,#2649,#2650,#2651));
#1175=EDGE_LOOP('',(#2652,#2653,#2654,#2655,#2656,#2657,#2658,#2659,#2660,
#2661,#2662,#2663,#2664,#2665));
#1176=EDGE_LOOP('',(#2666,#2667,#2668,#2669,#2670,#2671,#2672,#2673,#2674,
#2675,#2676,#2677,#2678,#2679,#2680,#2681,#2682,#2683,#2684,#2685,#2686,
#2687,#2688,#2689,#2690,#2691,#2692,#2693,#2694,#2695,#2696,#2697,#2698,
#2699,#2700,#2701,#2702,#2703,#2704,#2705,#2706,#2707));
#1177=EDGE_LOOP('',(#2708,#2709,#2710,#2711,#2712,#2713,#2714,#2715,#2716,
#2717,#2718,#2719,#2720,#2721));
#1178=EDGE_LOOP('',(#2722,#2723,#2724,#2725,#2726,#2727,#2728,#2729,#2730,
#2731,#2732,#2733,#2734));
#1179=EDGE_LOOP('',(#2735,#2736,#2737,#2738,#2739,#2740,#2741,#2742,#2743,
#2744,#2745));
#1180=EDGE_LOOP('',(#2746,#2747,#2748,#2749,#2750,#2751,#2752,#2753,#2754,
#2755,#2756,#2757,#2758,#2759,#2760,#2761,#2762,#2763,#2764,#2765));
#1181=EDGE_LOOP('',(#2766,#2767,#2768,#2769,#2770,#2771,#2772,#2773,#2774,
#2775));
#1182=CIRCLE('',#3034,0.05);
#1183=CIRCLE('',#3035,0.05);
#1184=CIRCLE('',#3036,0.05);
#1185=CIRCLE('',#3038,0.05);
#1186=CIRCLE('',#3040,0.05);
#1187=CIRCLE('',#3041,0.05);
#1188=CIRCLE('',#3042,0.05);
#1189=CIRCLE('',#3045,0.05);
#1190=CIRCLE('',#3046,0.05);
#1191=CIRCLE('',#3047,0.05);
#1192=CIRCLE('',#3050,0.05);
#1193=CIRCLE('',#3052,0.05);
#1194=CIRCLE('',#3053,0.05);
#1195=CIRCLE('',#3054,0.05);
#1196=CIRCLE('',#3057,0.05);
#1197=CIRCLE('',#3060,0.05);
#1198=CIRCLE('',#3068,0.05);
#1199=CIRCLE('',#3069,0.05);
#1200=CIRCLE('',#3070,0.05);
#1201=CIRCLE('',#3072,0.05);
#1202=CIRCLE('',#3073,0.05);
#1203=CIRCLE('',#3074,0.05);
#1204=CIRCLE('',#3076,0.05);
#1205=CIRCLE('',#3077,0.05);
#1206=CIRCLE('',#3078,0.05);
#1207=CIRCLE('',#3080,0.05);
#1208=CIRCLE('',#3083,0.05);
#1209=CIRCLE('',#3084,0.05);
#1210=CIRCLE('',#3085,0.05);
#1211=CIRCLE('',#3087,0.05);
#1212=CIRCLE('',#3092,0.05);
#1213=CIRCLE('',#3094,0.05);
#1214=CIRCLE('',#3103,0.05);
#1215=CIRCLE('',#3104,0.05);
#1216=CIRCLE('',#3106,0.05);
#1217=CIRCLE('',#3107,0.05);
#1218=CIRCLE('',#3108,0.05);
#1219=CIRCLE('',#3111,0.05);
#1220=CIRCLE('',#3113,0.05);
#1221=CIRCLE('',#3116,0.05);
#1222=VERTEX_POINT('',#3769);
#1223=VERTEX_POINT('',#3770);
#1224=VERTEX_POINT('',#3772);
#1225=VERTEX_POINT('',#3776);
#1226=VERTEX_POINT('',#3777);
#1227=VERTEX_POINT('',#3782);
#1228=VERTEX_POINT('',#3783);
#1229=VERTEX_POINT('',#3785);
#1230=VERTEX_POINT('',#3792);
#1231=VERTEX_POINT('',#3793);
#1232=VERTEX_POINT('',#3795);
#1233=VERTEX_POINT('',#3802);
#1234=VERTEX_POINT('',#3803);
#1235=VERTEX_POINT('',#3808);
#1236=VERTEX_POINT('',#3809);
#1237=VERTEX_POINT('',#3811);
#1238=VERTEX_POINT('',#3818);
#1239=VERTEX_POINT('',#3819);
#1240=VERTEX_POINT('',#3827);
#1241=VERTEX_POINT('',#3828);
#1242=VERTEX_POINT('',#3843);
#1243=VERTEX_POINT('',#3844);
#1244=VERTEX_POINT('',#3846);
#1245=VERTEX_POINT('',#3850);
#1246=VERTEX_POINT('',#3851);
#1247=VERTEX_POINT('',#3853);
#1248=VERTEX_POINT('',#3857);
#1249=VERTEX_POINT('',#3858);
#1250=VERTEX_POINT('',#3860);
#1251=VERTEX_POINT('',#3864);
#1252=VERTEX_POINT('',#3865);
#1253=VERTEX_POINT('',#3873);
#1254=VERTEX_POINT('',#3874);
#1255=VERTEX_POINT('',#3876);
#1256=VERTEX_POINT('',#3880);
#1257=VERTEX_POINT('',#3881);
#1258=VERTEX_POINT('',#3895);
#1259=VERTEX_POINT('',#3896);
#1260=VERTEX_POINT('',#3901);
#1261=VERTEX_POINT('',#3902);
#1262=VERTEX_POINT('',#3918);
#1263=VERTEX_POINT('',#3919);
#1264=VERTEX_POINT('',#3921);
#1265=VERTEX_POINT('',#3923);
#1266=VERTEX_POINT('',#3927);
#1267=VERTEX_POINT('',#3929);
#1268=VERTEX_POINT('',#3931);
#1269=VERTEX_POINT('',#3933);
#1270=VERTEX_POINT('',#3935);
#1271=VERTEX_POINT('',#3937);
#1272=VERTEX_POINT('',#3941);
#1273=VERTEX_POINT('',#3945);
#1274=VERTEX_POINT('',#3949);
#1275=VERTEX_POINT('',#3950);
#1276=VERTEX_POINT('',#3955);
#1277=VERTEX_POINT('',#3959);
#1278=VERTEX_POINT('',#3969);
#1279=VERTEX_POINT('',#3970);
#1280=VERTEX_POINT('',#3972);
#1281=VERTEX_POINT('',#3974);
#1282=VERTEX_POINT('',#3978);
#1283=VERTEX_POINT('',#3979);
#1284=VERTEX_POINT('',#3981);
#1285=VERTEX_POINT('',#3983);
#1286=VERTEX_POINT('',#3987);
#1287=VERTEX_POINT('',#3989);
#1288=VERTEX_POINT('',#3996);
#1289=VERTEX_POINT('',#3997);
#1290=VERTEX_POINT('',#3999);
#1291=VERTEX_POINT('',#4001);
#1292=VERTEX_POINT('',#4005);
#1293=VERTEX_POINT('',#4007);
#1294=VERTEX_POINT('',#4011);
#1295=VERTEX_POINT('',#4013);
#1296=VERTEX_POINT('',#4017);
#1297=VERTEX_POINT('',#4019);
#1298=VERTEX_POINT('',#4023);
#1299=VERTEX_POINT('',#4025);
#1300=VERTEX_POINT('',#4029);
#1301=VERTEX_POINT('',#4031);
#1302=VERTEX_POINT('',#4035);
#1303=VERTEX_POINT('',#4037);
#1304=VERTEX_POINT('',#4041);
#1305=VERTEX_POINT('',#4043);
#1306=VERTEX_POINT('',#4047);
#1307=VERTEX_POINT('',#4049);
#1308=VERTEX_POINT('',#4056);
#1309=VERTEX_POINT('',#4057);
#1310=VERTEX_POINT('',#4059);
#1311=VERTEX_POINT('',#4061);
#1312=VERTEX_POINT('',#4072);
#1313=VERTEX_POINT('',#4080);
#1314=VERTEX_POINT('',#4097);
#1315=VERTEX_POINT('',#4105);
#1316=VERTEX_POINT('',#4122);
#1317=VERTEX_POINT('',#4130);
#1318=VERTEX_POINT('',#4147);
#1319=VERTEX_POINT('',#4155);
#1320=VERTEX_POINT('',#4172);
#1321=VERTEX_POINT('',#4180);
#1322=VERTEX_POINT('',#4197);
#1323=VERTEX_POINT('',#4205);
#1324=VERTEX_POINT('',#4222);
#1325=VERTEX_POINT('',#4230);
#1326=VERTEX_POINT('',#4247);
#1327=VERTEX_POINT('',#4255);
#1328=VERTEX_POINT('',#4265);
#1329=VERTEX_POINT('',#4267);
#1330=VERTEX_POINT('',#4271);
#1331=VERTEX_POINT('',#4273);
#1332=VERTEX_POINT('',#4277);
#1333=VERTEX_POINT('',#4279);
#1334=VERTEX_POINT('',#4290);
#1335=VERTEX_POINT('',#4298);
#1336=VERTEX_POINT('',#4315);
#1337=VERTEX_POINT('',#4323);
#1338=VERTEX_POINT('',#4345);
#1339=VERTEX_POINT('',#4353);
#1340=VERTEX_POINT('',#4370);
#1341=VERTEX_POINT('',#4378);
#1342=VERTEX_POINT('',#4395);
#1343=VERTEX_POINT('',#4403);
#1344=VERTEX_POINT('',#4420);
#1345=VERTEX_POINT('',#4428);
#1346=VERTEX_POINT('',#4445);
#1347=VERTEX_POINT('',#4453);
#1348=VERTEX_POINT('',#4492);
#1349=VERTEX_POINT('',#4493);
#1350=VERTEX_POINT('',#4498);
#1351=VERTEX_POINT('',#4500);
#1352=VERTEX_POINT('',#4510);
#1353=VERTEX_POINT('',#4511);
#1354=VERTEX_POINT('',#4513);
#1355=VERTEX_POINT('',#4515);
#1356=VERTEX_POINT('',#4519);
#1357=VERTEX_POINT('',#4521);
#1358=VERTEX_POINT('',#4532);
#1359=VERTEX_POINT('',#4540);
#1360=VERTEX_POINT('',#4557);
#1361=VERTEX_POINT('',#4565);
#1362=VERTEX_POINT('',#4582);
#1363=VERTEX_POINT('',#4590);
#1364=VERTEX_POINT('',#4607);
#1365=VERTEX_POINT('',#4615);
#1366=VERTEX_POINT('',#4632);
#1367=VERTEX_POINT('',#4640);
#1368=VERTEX_POINT('',#4679);
#1369=VERTEX_POINT('',#4680);
#1370=VERTEX_POINT('',#4688);
#1371=VERTEX_POINT('',#4693);
#1372=VERTEX_POINT('',#4703);
#1373=VERTEX_POINT('',#4705);
#1374=VERTEX_POINT('',#4709);
#1375=VERTEX_POINT('',#4711);
#1376=VERTEX_POINT('',#4722);
#1377=VERTEX_POINT('',#4730);
#1378=VERTEX_POINT('',#4747);
#1379=VERTEX_POINT('',#4755);
#1380=VERTEX_POINT('',#4772);
#1381=VERTEX_POINT('',#4780);
#1382=VERTEX_POINT('',#4797);
#1383=VERTEX_POINT('',#4805);
#1384=VERTEX_POINT('',#4822);
#1385=VERTEX_POINT('',#4830);
#1386=VERTEX_POINT('',#4847);
#1387=VERTEX_POINT('',#4855);
#1388=VERTEX_POINT('',#4872);
#1389=VERTEX_POINT('',#4880);
#1390=VERTEX_POINT('',#4912);
#1391=VERTEX_POINT('',#4914);
#1392=VERTEX_POINT('',#4918);
#1393=VERTEX_POINT('',#4920);
#1394=VERTEX_POINT('',#4924);
#1395=VERTEX_POINT('',#4926);
#1396=VERTEX_POINT('',#4930);
#1397=VERTEX_POINT('',#4932);
#1398=VERTEX_POINT('',#4936);
#1399=VERTEX_POINT('',#4938);
#1400=VERTEX_POINT('',#4942);
#1401=VERTEX_POINT('',#4944);
#1402=VERTEX_POINT('',#4951);
#1403=VERTEX_POINT('',#4952);
#1404=VERTEX_POINT('',#4954);
#1405=VERTEX_POINT('',#4956);
#1406=VERTEX_POINT('',#4960);
#1407=VERTEX_POINT('',#4962);
#1408=VERTEX_POINT('',#4966);
#1409=VERTEX_POINT('',#4968);
#1410=VERTEX_POINT('',#4972);
#1411=VERTEX_POINT('',#4974);
#1412=VERTEX_POINT('',#4978);
#1413=VERTEX_POINT('',#4980);
#1414=VERTEX_POINT('',#4984);
#1415=VERTEX_POINT('',#4986);
#1416=VERTEX_POINT('',#4990);
#1417=VERTEX_POINT('',#4992);
#1418=VERTEX_POINT('',#4996);
#1419=VERTEX_POINT('',#4998);
#1420=VERTEX_POINT('',#5002);
#1421=VERTEX_POINT('',#5004);
#1422=VERTEX_POINT('',#5008);
#1423=VERTEX_POINT('',#5010);
#1424=VERTEX_POINT('',#5014);
#1425=VERTEX_POINT('',#5016);
#1426=VERTEX_POINT('',#5020);
#1427=VERTEX_POINT('',#5022);
#1428=VERTEX_POINT('',#5036);
#1429=VERTEX_POINT('',#5037);
#1430=VERTEX_POINT('',#5045);
#1431=VERTEX_POINT('',#5047);
#1432=VERTEX_POINT('',#5064);
#1433=VERTEX_POINT('',#5072);
#1434=VERTEX_POINT('',#5089);
#1435=VERTEX_POINT('',#5097);
#1436=VERTEX_POINT('',#5114);
#1437=VERTEX_POINT('',#5122);
#1438=VERTEX_POINT('',#5132);
#1439=VERTEX_POINT('',#5134);
#1440=VERTEX_POINT('',#5138);
#1441=VERTEX_POINT('',#5140);
#1442=VERTEX_POINT('',#5144);
#1443=VERTEX_POINT('',#5146);
#1444=VERTEX_POINT('',#5157);
#1445=VERTEX_POINT('',#5165);
#1446=VERTEX_POINT('',#5175);
#1447=VERTEX_POINT('',#5177);
#1448=VERTEX_POINT('',#5181);
#1449=VERTEX_POINT('',#5183);
#1450=VERTEX_POINT('',#5187);
#1451=VERTEX_POINT('',#5189);
#1452=VERTEX_POINT('',#5200);
#1453=VERTEX_POINT('',#5208);
#1454=VERTEX_POINT('',#5225);
#1455=VERTEX_POINT('',#5233);
#1456=VERTEX_POINT('',#5265);
#1457=VERTEX_POINT('',#5266);
#1458=VERTEX_POINT('',#5268);
#1459=VERTEX_POINT('',#5270);
#1460=VERTEX_POINT('',#5281);
#1461=VERTEX_POINT('',#5282);
#1462=VERTEX_POINT('',#5290);
#1463=VERTEX_POINT('',#5292);
#1464=VERTEX_POINT('',#5309);
#1465=VERTEX_POINT('',#5317);
#1466=VERTEX_POINT('',#5334);
#1467=VERTEX_POINT('',#5342);
#1468=VERTEX_POINT('',#5359);
#1469=VERTEX_POINT('',#5367);
#1470=VERTEX_POINT('',#5384);
#1471=VERTEX_POINT('',#5392);
#1472=VERTEX_POINT('',#5402);
#1473=VERTEX_POINT('',#5404);
#1474=VERTEX_POINT('',#5408);
#1475=VERTEX_POINT('',#5410);
#1476=VERTEX_POINT('',#5421);
#1477=VERTEX_POINT('',#5429);
#1478=VERTEX_POINT('',#5446);
#1479=VERTEX_POINT('',#5454);
#1480=VERTEX_POINT('',#5471);
#1481=VERTEX_POINT('',#5484);
#1482=VERTEX_POINT('',#5501);
#1483=VERTEX_POINT('',#5509);
#1484=VERTEX_POINT('',#5526);
#1485=VERTEX_POINT('',#5534);
#1486=VERTEX_POINT('',#5551);
#1487=VERTEX_POINT('',#5559);
#1488=VERTEX_POINT('',#5569);
#1489=VERTEX_POINT('',#5571);
#1490=VERTEX_POINT('',#5575);
#1491=VERTEX_POINT('',#5577);
#1492=VERTEX_POINT('',#5581);
#1493=VERTEX_POINT('',#5583);
#1494=VERTEX_POINT('',#5597);
#1495=VERTEX_POINT('',#5598);
#1496=VERTEX_POINT('',#5603);
#1497=VERTEX_POINT('',#5608);
#1498=EDGE_CURVE('',#1222,#1223,#1182,.F.);
#1499=EDGE_CURVE('',#1224,#1222,#1183,.F.);
#1500=EDGE_CURVE('',#1223,#1224,#1184,.F.);
#1501=EDGE_CURVE('',#1225,#1226,#1185,.T.);
#1502=EDGE_CURVE('',#1226,#1224,#290,.T.);
#1503=EDGE_CURVE('',#1222,#1225,#291,.T.);
#1504=EDGE_CURVE('',#1227,#1228,#1186,.F.);
#1505=EDGE_CURVE('',#1229,#1227,#1187,.F.);
#1506=EDGE_CURVE('',#1228,#1229,#1188,.F.);
#1507=EDGE_CURVE('',#1227,#1222,#292,.T.);
#1508=EDGE_CURVE('',#1223,#1229,#293,.T.);
#1509=EDGE_CURVE('',#1230,#1231,#1189,.F.);
#1510=EDGE_CURVE('',#1232,#1230,#1190,.F.);
#1511=EDGE_CURVE('',#1231,#1232,#1191,.F.);
#1512=EDGE_CURVE('',#1230,#1223,#294,.T.);
#1513=EDGE_CURVE('',#1224,#1232,#295,.T.);
#1514=EDGE_CURVE('',#1233,#1234,#1192,.T.);
#1515=EDGE_CURVE('',#1234,#1231,#296,.T.);
#1516=EDGE_CURVE('',#1232,#1233,#297,.T.);
#1517=EDGE_CURVE('',#1235,#1236,#1193,.F.);
#1518=EDGE_CURVE('',#1237,#1235,#1194,.F.);
#1519=EDGE_CURVE('',#1236,#1237,#1195,.F.);
#1520=EDGE_CURVE('',#1235,#1230,#298,.T.);
#1521=EDGE_CURVE('',#1231,#1237,#299,.T.);
#1522=EDGE_CURVE('',#1238,#1239,#1196,.T.);
#1523=EDGE_CURVE('',#1239,#1236,#300,.T.);
#1524=EDGE_CURVE('',#1237,#1238,#301,.T.);
#1525=EDGE_CURVE('',#1236,#1228,#302,.T.);
#1526=EDGE_CURVE('',#1229,#1235,#303,.T.);
#1527=EDGE_CURVE('',#1240,#1241,#1197,.T.);
#1528=EDGE_CURVE('',#1241,#1227,#304,.T.);
#1529=EDGE_CURVE('',#1228,#1240,#305,.T.);
#1530=EDGE_CURVE('',#1226,#1233,#306,.T.);
#1531=EDGE_CURVE('',#1241,#1225,#307,.T.);
#1532=EDGE_CURVE('',#1239,#1240,#308,.T.);
#1533=EDGE_CURVE('',#1234,#1238,#309,.T.);
#1534=EDGE_CURVE('',#1242,#1243,#1198,.F.);
#1535=EDGE_CURVE('',#1244,#1242,#1199,.F.);
#1536=EDGE_CURVE('',#1243,#1244,#1200,.F.);
#1537=EDGE_CURVE('',#1245,#1246,#1201,.F.);
#1538=EDGE_CURVE('',#1247,#1245,#1202,.F.);
#1539=EDGE_CURVE('',#1246,#1247,#1203,.F.);
#1540=EDGE_CURVE('',#1248,#1249,#1204,.F.);
#1541=EDGE_CURVE('',#1250,#1248,#1205,.F.);
#1542=EDGE_CURVE('',#1249,#1250,#1206,.F.);
#1543=EDGE_CURVE('',#1251,#1252,#1207,.T.);
#1544=EDGE_CURVE('',#1252,#1250,#310,.T.);
#1545=EDGE_CURVE('',#1248,#1251,#311,.T.);
#1546=EDGE_CURVE('',#1242,#1249,#312,.T.);
#1547=EDGE_CURVE('',#1250,#1244,#313,.T.);
#1548=EDGE_CURVE('',#1253,#1254,#1208,.F.);
#1549=EDGE_CURVE('',#1255,#1253,#1209,.F.);
#1550=EDGE_CURVE('',#1254,#1255,#1210,.F.);
#1551=EDGE_CURVE('',#1256,#1257,#1211,.T.);
#1552=EDGE_CURVE('',#1257,#1255,#314,.T.);
#1553=EDGE_CURVE('',#1253,#1256,#315,.T.);
#1554=EDGE_CURVE('',#1249,#1254,#316,.T.);
#1555=EDGE_CURVE('',#1255,#1248,#317,.T.);
#1556=EDGE_CURVE('',#1245,#1253,#318,.T.);
#1557=EDGE_CURVE('',#1254,#1247,#319,.T.);
#1558=EDGE_CURVE('',#1243,#1246,#320,.T.);
#1559=EDGE_CURVE('',#1247,#1242,#321,.T.);
#1560=EDGE_CURVE('',#1258,#1259,#1212,.T.);
#1561=EDGE_CURVE('',#1259,#1245,#322,.T.);
#1562=EDGE_CURVE('',#1246,#1258,#323,.T.);
#1563=EDGE_CURVE('',#1260,#1261,#1213,.T.);
#1564=EDGE_CURVE('',#1261,#1243,#324,.T.);
#1565=EDGE_CURVE('',#1244,#1260,#325,.T.);
#1566=EDGE_CURVE('',#1259,#1256,#326,.T.);
#1567=EDGE_CURVE('',#1261,#1258,#327,.T.);
#1568=EDGE_CURVE('',#1252,#1260,#328,.T.);
#1569=EDGE_CURVE('',#1257,#1251,#329,.T.);
#1570=EDGE_CURVE('',#1262,#1263,#1214,.T.);
#1571=EDGE_CURVE('',#1263,#1264,#330,.T.);
#1572=EDGE_CURVE('',#1264,#1265,#1215,.T.);
#1573=EDGE_CURVE('',#1265,#1262,#331,.T.);
#1574=EDGE_CURVE('',#1266,#1262,#332,.T.);
#1575=EDGE_CURVE('',#1267,#1266,#1216,.T.);
#1576=EDGE_CURVE('',#1267,#1268,#333,.T.);
#1577=EDGE_CURVE('',#1269,#1268,#1217,.T.);
#1578=EDGE_CURVE('',#1269,#1270,#334,.T.);
#1579=EDGE_CURVE('',#1271,#1270,#1218,.T.);
#1580=EDGE_CURVE('',#1263,#1271,#335,.T.);
#1581=EDGE_CURVE('',#1272,#1265,#336,.T.);
#1582=EDGE_CURVE('',#1266,#1272,#337,.T.);
#1583=EDGE_CURVE('',#1272,#1273,#1219,.T.);
#1584=EDGE_CURVE('',#1273,#1267,#338,.T.);
#1585=EDGE_CURVE('',#1274,#1275,#1220,.T.);
#1586=EDGE_CURVE('',#1275,#1269,#339,.T.);
#1587=EDGE_CURVE('',#1268,#1274,#340,.T.);
#1588=EDGE_CURVE('',#1275,#1276,#341,.T.);
#1589=EDGE_CURVE('',#1270,#1276,#342,.T.);
#1590=EDGE_CURVE('',#1277,#1264,#343,.T.);
#1591=EDGE_CURVE('',#1276,#1277,#1221,.T.);
#1592=EDGE_CURVE('',#1274,#1273,#344,.T.);
#1593=EDGE_CURVE('',#1277,#1271,#345,.T.);
#1594=EDGE_CURVE('',#1278,#1279,#346,.T.);
#1595=EDGE_CURVE('',#1280,#1278,#347,.T.);
#1596=EDGE_CURVE('',#1281,#1280,#348,.T.);
#1597=EDGE_CURVE('',#1279,#1281,#349,.T.);
#1598=EDGE_CURVE('',#1282,#1283,#350,.T.);
#1599=EDGE_CURVE('',#1284,#1282,#351,.T.);
#1600=EDGE_CURVE('',#1285,#1284,#352,.T.);
#1601=EDGE_CURVE('',#1285,#1283,#353,.T.);
#1602=EDGE_CURVE('',#1279,#1286,#354,.T.);
#1603=EDGE_CURVE('',#1287,#1281,#355,.T.);
#1604=EDGE_CURVE('',#1286,#1287,#356,.T.);
#1605=EDGE_CURVE('',#1286,#1282,#357,.T.);
#1606=EDGE_CURVE('',#1284,#1287,#358,.T.);
#1607=EDGE_CURVE('',#1288,#1289,#359,.T.);
#1608=EDGE_CURVE('',#1290,#1288,#360,.T.);
#1609=EDGE_CURVE('',#1291,#1290,#361,.T.);
#1610=EDGE_CURVE('',#1291,#1289,#362,.T.);
#1611=EDGE_CURVE('',#1289,#1292,#363,.T.);
#1612=EDGE_CURVE('',#1293,#1291,#364,.T.);
#1613=EDGE_CURVE('',#1293,#1292,#365,.T.);
#1614=EDGE_CURVE('',#1292,#1294,#366,.T.);
#1615=EDGE_CURVE('',#1295,#1293,#367,.T.);
#1616=EDGE_CURVE('',#1295,#1294,#368,.T.);
#1617=EDGE_CURVE('',#1294,#1296,#369,.T.);
#1618=EDGE_CURVE('',#1297,#1295,#370,.T.);
#1619=EDGE_CURVE('',#1297,#1296,#371,.T.);
#1620=EDGE_CURVE('',#1296,#1298,#372,.T.);
#1621=EDGE_CURVE('',#1299,#1297,#373,.T.);
#1622=EDGE_CURVE('',#1299,#1298,#374,.T.);
#1623=EDGE_CURVE('',#1298,#1300,#375,.T.);
#1624=EDGE_CURVE('',#1301,#1299,#376,.T.);
#1625=EDGE_CURVE('',#1301,#1300,#377,.T.);
#1626=EDGE_CURVE('',#1302,#1288,#378,.T.);
#1627=EDGE_CURVE('',#1303,#1302,#379,.T.);
#1628=EDGE_CURVE('',#1290,#1303,#380,.T.);
#1629=EDGE_CURVE('',#1304,#1302,#381,.T.);
#1630=EDGE_CURVE('',#1305,#1304,#382,.T.);
#1631=EDGE_CURVE('',#1303,#1305,#383,.T.);
#1632=EDGE_CURVE('',#1306,#1304,#384,.T.);
#1633=EDGE_CURVE('',#1306,#1307,#385,.T.);
#1634=EDGE_CURVE('',#1305,#1307,#386,.T.);
#1635=EDGE_CURVE('',#1300,#1306,#387,.T.);
#1636=EDGE_CURVE('',#1307,#1301,#388,.T.);
#1637=EDGE_CURVE('',#1308,#1309,#389,.T.);
#1638=EDGE_CURVE('',#1310,#1308,#390,.T.);
#1639=EDGE_CURVE('',#1311,#1310,#391,.T.);
#1640=EDGE_CURVE('',#1311,#1309,#392,.T.);
#1641=EDGE_CURVE('',#1309,#1312,#39,.T.);
#1642=EDGE_CURVE('',#1313,#1311,#40,.T.);
#1643=EDGE_CURVE('',#1313,#1312,#393,.T.);
#1644=EDGE_CURVE('',#1312,#1314,#41,.T.);
#1645=EDGE_CURVE('',#1315,#1313,#42,.T.);
#1646=EDGE_CURVE('',#1315,#1314,#394,.T.);
#1647=EDGE_CURVE('',#1314,#1316,#43,.T.);
#1648=EDGE_CURVE('',#1317,#1315,#44,.T.);
#1649=EDGE_CURVE('',#1317,#1316,#395,.T.);
#1650=EDGE_CURVE('',#1316,#1318,#45,.T.);
#1651=EDGE_CURVE('',#1319,#1317,#46,.T.);
#1652=EDGE_CURVE('',#1319,#1318,#396,.T.);
#1653=EDGE_CURVE('',#1318,#1320,#47,.T.);
#1654=EDGE_CURVE('',#1321,#1319,#48,.T.);
#1655=EDGE_CURVE('',#1321,#1320,#397,.T.);
#1656=EDGE_CURVE('',#1320,#1322,#49,.T.);
#1657=EDGE_CURVE('',#1323,#1321,#50,.T.);
#1658=EDGE_CURVE('',#1323,#1322,#398,.T.);
#1659=EDGE_CURVE('',#1322,#1324,#51,.T.);
#1660=EDGE_CURVE('',#1325,#1323,#52,.T.);
#1661=EDGE_CURVE('',#1325,#1324,#399,.T.);
#1662=EDGE_CURVE('',#1324,#1326,#53,.T.);
#1663=EDGE_CURVE('',#1327,#1325,#54,.T.);
#1664=EDGE_CURVE('',#1327,#1326,#400,.T.);
#1665=EDGE_CURVE('',#1326,#1328,#401,.T.);
#1666=EDGE_CURVE('',#1329,#1327,#402,.T.);
#1667=EDGE_CURVE('',#1329,#1328,#403,.T.);
#1668=EDGE_CURVE('',#1328,#1330,#404,.T.);
#1669=EDGE_CURVE('',#1331,#1329,#405,.T.);
#1670=EDGE_CURVE('',#1331,#1330,#406,.T.);
#1671=EDGE_CURVE('',#1332,#1308,#407,.T.);
#1672=EDGE_CURVE('',#1333,#1332,#408,.T.);
#1673=EDGE_CURVE('',#1310,#1333,#409,.T.);
#1674=EDGE_CURVE('',#1334,#1332,#55,.T.);
#1675=EDGE_CURVE('',#1335,#1334,#410,.T.);
#1676=EDGE_CURVE('',#1333,#1335,#56,.T.);
#1677=EDGE_CURVE('',#1336,#1334,#57,.T.);
#1678=EDGE_CURVE('',#1337,#1336,#411,.T.);
#1679=EDGE_CURVE('',#1335,#1337,#58,.T.);
#1680=EDGE_CURVE('',#1338,#1336,#59,.T.);
#1681=EDGE_CURVE('',#1339,#1338,#412,.T.);
#1682=EDGE_CURVE('',#1337,#1339,#60,.T.);
#1683=EDGE_CURVE('',#1340,#1338,#61,.T.);
#1684=EDGE_CURVE('',#1341,#1340,#413,.T.);
#1685=EDGE_CURVE('',#1339,#1341,#62,.T.);
#1686=EDGE_CURVE('',#1342,#1340,#63,.T.);
#1687=EDGE_CURVE('',#1343,#1342,#414,.T.);
#1688=EDGE_CURVE('',#1341,#1343,#64,.T.);
#1689=EDGE_CURVE('',#1344,#1342,#65,.T.);
#1690=EDGE_CURVE('',#1345,#1344,#415,.T.);
#1691=EDGE_CURVE('',#1343,#1345,#66,.T.);
#1692=EDGE_CURVE('',#1346,#1344,#67,.T.);
#1693=EDGE_CURVE('',#1346,#1347,#416,.T.);
#1694=EDGE_CURVE('',#1345,#1347,#68,.T.);
#1695=EDGE_CURVE('',#1330,#1346,#69,.T.);
#1696=EDGE_CURVE('',#1347,#1331,#70,.T.);
#1697=EDGE_CURVE('',#1348,#1349,#71,.T.);
#1698=EDGE_CURVE('',#1348,#1350,#417,.T.);
#1699=EDGE_CURVE('',#1351,#1350,#72,.T.);
#1700=EDGE_CURVE('',#1349,#1351,#73,.T.);
#1701=EDGE_CURVE('',#1352,#1353,#418,.T.);
#1702=EDGE_CURVE('',#1352,#1354,#419,.T.);
#1703=EDGE_CURVE('',#1355,#1354,#420,.T.);
#1704=EDGE_CURVE('',#1353,#1355,#421,.T.);
#1705=EDGE_CURVE('',#1353,#1356,#422,.T.);
#1706=EDGE_CURVE('',#1357,#1355,#423,.T.);
#1707=EDGE_CURVE('',#1356,#1357,#424,.T.);
#1708=EDGE_CURVE('',#1356,#1358,#74,.T.);
#1709=EDGE_CURVE('',#1359,#1357,#75,.T.);
#1710=EDGE_CURVE('',#1358,#1359,#425,.T.);
#1711=EDGE_CURVE('',#1358,#1360,#76,.T.);
#1712=EDGE_CURVE('',#1361,#1359,#77,.T.);
#1713=EDGE_CURVE('',#1360,#1361,#426,.T.);
#1714=EDGE_CURVE('',#1360,#1362,#78,.T.);
#1715=EDGE_CURVE('',#1363,#1361,#79,.T.);
#1716=EDGE_CURVE('',#1362,#1363,#427,.T.);
#1717=EDGE_CURVE('',#1362,#1364,#80,.T.);
#1718=EDGE_CURVE('',#1365,#1363,#81,.T.);
#1719=EDGE_CURVE('',#1364,#1365,#428,.T.);
#1720=EDGE_CURVE('',#1364,#1366,#82,.T.);
#1721=EDGE_CURVE('',#1367,#1365,#83,.T.);
#1722=EDGE_CURVE('',#1366,#1367,#429,.T.);
#1723=EDGE_CURVE('',#1366,#1348,#84,.T.);
#1724=EDGE_CURVE('',#1350,#1367,#85,.T.);
#1725=EDGE_CURVE('',#1368,#1369,#86,.T.);
#1726=EDGE_CURVE('',#1370,#1368,#87,.T.);
#1727=EDGE_CURVE('',#1371,#1370,#88,.T.);
#1728=EDGE_CURVE('',#1369,#1371,#430,.T.);
#1729=EDGE_CURVE('',#1369,#1372,#431,.T.);
#1730=EDGE_CURVE('',#1373,#1371,#432,.T.);
#1731=EDGE_CURVE('',#1372,#1373,#433,.T.);
#1732=EDGE_CURVE('',#1372,#1374,#434,.T.);
#1733=EDGE_CURVE('',#1375,#1373,#435,.T.);
#1734=EDGE_CURVE('',#1374,#1375,#436,.T.);
#1735=EDGE_CURVE('',#1374,#1376,#89,.T.);
#1736=EDGE_CURVE('',#1377,#1375,#90,.T.);
#1737=EDGE_CURVE('',#1376,#1377,#437,.T.);
#1738=EDGE_CURVE('',#1376,#1378,#91,.T.);
#1739=EDGE_CURVE('',#1379,#1377,#92,.T.);
#1740=EDGE_CURVE('',#1378,#1379,#438,.T.);
#1741=EDGE_CURVE('',#1378,#1380,#93,.T.);
#1742=EDGE_CURVE('',#1381,#1379,#94,.T.);
#1743=EDGE_CURVE('',#1380,#1381,#439,.T.);
#1744=EDGE_CURVE('',#1380,#1382,#95,.T.);
#1745=EDGE_CURVE('',#1383,#1381,#96,.T.);
#1746=EDGE_CURVE('',#1382,#1383,#440,.T.);
#1747=EDGE_CURVE('',#1382,#1384,#97,.T.);
#1748=EDGE_CURVE('',#1385,#1383,#98,.T.);
#1749=EDGE_CURVE('',#1384,#1385,#441,.T.);
#1750=EDGE_CURVE('',#1384,#1386,#99,.T.);
#1751=EDGE_CURVE('',#1387,#1385,#100,.T.);
#1752=EDGE_CURVE('',#1386,#1387,#442,.T.);
#1753=EDGE_CURVE('',#1386,#1388,#101,.T.);
#1754=EDGE_CURVE('',#1389,#1387,#102,.T.);
#1755=EDGE_CURVE('',#1389,#1388,#443,.T.);
#1756=EDGE_CURVE('',#1388,#1352,#103,.T.);
#1757=EDGE_CURVE('',#1354,#1389,#104,.T.);
#1758=EDGE_CURVE('',#1283,#1390,#444,.T.);
#1759=EDGE_CURVE('',#1391,#1285,#445,.T.);
#1760=EDGE_CURVE('',#1391,#1390,#446,.T.);
#1761=EDGE_CURVE('',#1390,#1392,#447,.T.);
#1762=EDGE_CURVE('',#1393,#1391,#448,.T.);
#1763=EDGE_CURVE('',#1393,#1392,#449,.T.);
#1764=EDGE_CURVE('',#1392,#1394,#450,.T.);
#1765=EDGE_CURVE('',#1395,#1393,#451,.T.);
#1766=EDGE_CURVE('',#1395,#1394,#452,.T.);
#1767=EDGE_CURVE('',#1394,#1396,#453,.T.);
#1768=EDGE_CURVE('',#1397,#1395,#454,.T.);
#1769=EDGE_CURVE('',#1397,#1396,#455,.T.);
#1770=EDGE_CURVE('',#1398,#1278,#456,.T.);
#1771=EDGE_CURVE('',#1399,#1398,#457,.T.);
#1772=EDGE_CURVE('',#1280,#1399,#458,.T.);
#1773=EDGE_CURVE('',#1400,#1398,#459,.T.);
#1774=EDGE_CURVE('',#1400,#1401,#460,.T.);
#1775=EDGE_CURVE('',#1399,#1401,#461,.T.);
#1776=EDGE_CURVE('',#1396,#1400,#462,.T.);
#1777=EDGE_CURVE('',#1401,#1397,#463,.T.);
#1778=EDGE_CURVE('',#1402,#1403,#464,.T.);
#1779=EDGE_CURVE('',#1404,#1402,#465,.T.);
#1780=EDGE_CURVE('',#1405,#1404,#466,.T.);
#1781=EDGE_CURVE('',#1405,#1403,#467,.T.);
#1782=EDGE_CURVE('',#1403,#1406,#468,.T.);
#1783=EDGE_CURVE('',#1407,#1405,#469,.T.);
#1784=EDGE_CURVE('',#1407,#1406,#470,.T.);
#1785=EDGE_CURVE('',#1406,#1408,#471,.T.);
#1786=EDGE_CURVE('',#1409,#1407,#472,.T.);
#1787=EDGE_CURVE('',#1409,#1408,#473,.T.);
#1788=EDGE_CURVE('',#1408,#1410,#474,.T.);
#1789=EDGE_CURVE('',#1411,#1409,#475,.T.);
#1790=EDGE_CURVE('',#1411,#1410,#476,.T.);
#1791=EDGE_CURVE('',#1410,#1412,#477,.T.);
#1792=EDGE_CURVE('',#1413,#1411,#478,.T.);
#1793=EDGE_CURVE('',#1413,#1412,#479,.T.);
#1794=EDGE_CURVE('',#1412,#1414,#480,.T.);
#1795=EDGE_CURVE('',#1415,#1413,#481,.T.);
#1796=EDGE_CURVE('',#1415,#1414,#482,.T.);
#1797=EDGE_CURVE('',#1414,#1416,#483,.T.);
#1798=EDGE_CURVE('',#1417,#1415,#484,.T.);
#1799=EDGE_CURVE('',#1417,#1416,#485,.T.);
#1800=EDGE_CURVE('',#1418,#1402,#486,.T.);
#1801=EDGE_CURVE('',#1419,#1418,#487,.T.);
#1802=EDGE_CURVE('',#1404,#1419,#488,.T.);
#1803=EDGE_CURVE('',#1420,#1418,#489,.T.);
#1804=EDGE_CURVE('',#1421,#1420,#490,.T.);
#1805=EDGE_CURVE('',#1419,#1421,#491,.T.);
#1806=EDGE_CURVE('',#1422,#1420,#492,.T.);
#1807=EDGE_CURVE('',#1423,#1422,#493,.T.);
#1808=EDGE_CURVE('',#1421,#1423,#494,.T.);
#1809=EDGE_CURVE('',#1424,#1422,#495,.T.);
#1810=EDGE_CURVE('',#1425,#1424,#496,.T.);
#1811=EDGE_CURVE('',#1423,#1425,#497,.T.);
#1812=EDGE_CURVE('',#1426,#1424,#498,.T.);
#1813=EDGE_CURVE('',#1426,#1427,#499,.T.);
#1814=EDGE_CURVE('',#1425,#1427,#500,.T.);
#1815=EDGE_CURVE('',#1416,#1426,#501,.T.);
#1816=EDGE_CURVE('',#1427,#1417,#502,.T.);
#1817=EDGE_CURVE('',#1428,#1429,#105,.T.);
#1818=EDGE_CURVE('',#1430,#1428,#503,.T.);
#1819=EDGE_CURVE('',#1431,#1430,#106,.T.);
#1820=EDGE_CURVE('',#1431,#1429,#504,.T.);
#1821=EDGE_CURVE('',#1429,#1432,#107,.T.);
#1822=EDGE_CURVE('',#1433,#1431,#108,.T.);
#1823=EDGE_CURVE('',#1433,#1432,#505,.T.);
#1824=EDGE_CURVE('',#1432,#1434,#109,.T.);
#1825=EDGE_CURVE('',#1435,#1433,#110,.T.);
#1826=EDGE_CURVE('',#1435,#1434,#506,.T.);
#1827=EDGE_CURVE('',#1434,#1436,#111,.T.);
#1828=EDGE_CURVE('',#1437,#1435,#112,.T.);
#1829=EDGE_CURVE('',#1437,#1436,#507,.T.);
#1830=EDGE_CURVE('',#1436,#1438,#508,.T.);
#1831=EDGE_CURVE('',#1439,#1437,#509,.T.);
#1832=EDGE_CURVE('',#1439,#1438,#510,.T.);
#1833=EDGE_CURVE('',#1438,#1440,#511,.T.);
#1834=EDGE_CURVE('',#1441,#1439,#512,.T.);
#1835=EDGE_CURVE('',#1441,#1440,#513,.T.);
#1836=EDGE_CURVE('',#1440,#1442,#514,.T.);
#1837=EDGE_CURVE('',#1443,#1441,#515,.T.);
#1838=EDGE_CURVE('',#1443,#1442,#516,.T.);
#1839=EDGE_CURVE('',#1442,#1444,#113,.T.);
#1840=EDGE_CURVE('',#1445,#1443,#114,.T.);
#1841=EDGE_CURVE('',#1445,#1444,#517,.T.);
#1842=EDGE_CURVE('',#1446,#1428,#518,.T.);
#1843=EDGE_CURVE('',#1447,#1446,#519,.T.);
#1844=EDGE_CURVE('',#1430,#1447,#520,.T.);
#1845=EDGE_CURVE('',#1448,#1446,#521,.T.);
#1846=EDGE_CURVE('',#1449,#1448,#522,.T.);
#1847=EDGE_CURVE('',#1447,#1449,#523,.T.);
#1848=EDGE_CURVE('',#1450,#1448,#524,.T.);
#1849=EDGE_CURVE('',#1451,#1450,#525,.T.);
#1850=EDGE_CURVE('',#1449,#1451,#526,.T.);
#1851=EDGE_CURVE('',#1452,#1450,#115,.T.);
#1852=EDGE_CURVE('',#1453,#1452,#527,.T.);
#1853=EDGE_CURVE('',#1451,#1453,#116,.T.);
#1854=EDGE_CURVE('',#1454,#1452,#117,.T.);
#1855=EDGE_CURVE('',#1454,#1455,#528,.T.);
#1856=EDGE_CURVE('',#1453,#1455,#118,.T.);
#1857=EDGE_CURVE('',#1444,#1454,#119,.T.);
#1858=EDGE_CURVE('',#1455,#1445,#120,.T.);
#1859=EDGE_CURVE('',#1456,#1457,#529,.T.);
#1860=EDGE_CURVE('',#1456,#1458,#530,.T.);
#1861=EDGE_CURVE('',#1459,#1458,#531,.T.);
#1862=EDGE_CURVE('',#1457,#1459,#532,.T.);
#1863=EDGE_CURVE('',#1460,#1461,#121,.T.);
#1864=EDGE_CURVE('',#1460,#1462,#533,.T.);
#1865=EDGE_CURVE('',#1463,#1462,#122,.T.);
#1866=EDGE_CURVE('',#1461,#1463,#534,.T.);
#1867=EDGE_CURVE('',#1461,#1464,#123,.T.);
#1868=EDGE_CURVE('',#1465,#1463,#124,.T.);
#1869=EDGE_CURVE('',#1464,#1465,#535,.T.);
#1870=EDGE_CURVE('',#1464,#1466,#125,.T.);
#1871=EDGE_CURVE('',#1467,#1465,#126,.T.);
#1872=EDGE_CURVE('',#1466,#1467,#536,.T.);
#1873=EDGE_CURVE('',#1466,#1468,#127,.T.);
#1874=EDGE_CURVE('',#1469,#1467,#128,.T.);
#1875=EDGE_CURVE('',#1468,#1469,#537,.T.);
#1876=EDGE_CURVE('',#1468,#1470,#129,.T.);
#1877=EDGE_CURVE('',#1471,#1469,#130,.T.);
#1878=EDGE_CURVE('',#1470,#1471,#538,.T.);
#1879=EDGE_CURVE('',#1470,#1472,#539,.T.);
#1880=EDGE_CURVE('',#1473,#1471,#540,.T.);
#1881=EDGE_CURVE('',#1472,#1473,#541,.T.);
#1882=EDGE_CURVE('',#1472,#1474,#542,.T.);
#1883=EDGE_CURVE('',#1475,#1473,#543,.T.);
#1884=EDGE_CURVE('',#1474,#1475,#544,.T.);
#1885=EDGE_CURVE('',#1474,#1476,#131,.T.);
#1886=EDGE_CURVE('',#1477,#1475,#132,.T.);
#1887=EDGE_CURVE('',#1476,#1477,#545,.T.);
#1888=EDGE_CURVE('',#1476,#1478,#133,.T.);
#1889=EDGE_CURVE('',#1479,#1477,#134,.T.);
#1890=EDGE_CURVE('',#1478,#1479,#546,.T.);
#1891=EDGE_CURVE('',#1478,#1480,#135,.T.);
#1892=EDGE_CURVE('',#1481,#1479,#136,.T.);
#1893=EDGE_CURVE('',#1480,#1481,#547,.T.);
#1894=EDGE_CURVE('',#1480,#1482,#137,.T.);
#1895=EDGE_CURVE('',#1483,#1481,#138,.T.);
#1896=EDGE_CURVE('',#1482,#1483,#548,.T.);
#1897=EDGE_CURVE('',#1482,#1484,#139,.T.);
#1898=EDGE_CURVE('',#1485,#1483,#140,.T.);
#1899=EDGE_CURVE('',#1484,#1485,#549,.T.);
#1900=EDGE_CURVE('',#1484,#1486,#141,.T.);
#1901=EDGE_CURVE('',#1487,#1485,#142,.T.);
#1902=EDGE_CURVE('',#1486,#1487,#550,.T.);
#1903=EDGE_CURVE('',#1486,#1488,#551,.T.);
#1904=EDGE_CURVE('',#1489,#1487,#552,.T.);
#1905=EDGE_CURVE('',#1488,#1489,#553,.T.);
#1906=EDGE_CURVE('',#1488,#1490,#554,.T.);
#1907=EDGE_CURVE('',#1491,#1489,#555,.T.);
#1908=EDGE_CURVE('',#1490,#1491,#556,.T.);
#1909=EDGE_CURVE('',#1490,#1492,#557,.T.);
#1910=EDGE_CURVE('',#1493,#1491,#558,.T.);
#1911=EDGE_CURVE('',#1492,#1493,#559,.T.);
#1912=EDGE_CURVE('',#1492,#1456,#560,.T.);
#1913=EDGE_CURVE('',#1458,#1493,#561,.T.);
#1914=EDGE_CURVE('',#1494,#1495,#143,.T.);
#1915=EDGE_CURVE('',#1496,#1494,#144,.T.);
#1916=EDGE_CURVE('',#1497,#1496,#145,.T.);
#1917=EDGE_CURVE('',#1497,#1495,#562,.T.);
#1918=EDGE_CURVE('',#1495,#1460,#146,.T.);
#1919=EDGE_CURVE('',#1462,#1497,#147,.T.);
#1920=EDGE_CURVE('',#1457,#1368,#33,.T.);
#1921=EDGE_CURVE('',#1370,#1459,#34,.T.);
#1922=EDGE_CURVE('',#1496,#1351,#35,.T.);
#1923=EDGE_CURVE('',#1349,#1494,#36,.T.);
#1924=ORIENTED_EDGE('',*,*,#1498,.F.);
#1925=ORIENTED_EDGE('',*,*,#1499,.F.);
#1926=ORIENTED_EDGE('',*,*,#1500,.F.);
#1927=ORIENTED_EDGE('',*,*,#1501,.T.);
#1928=ORIENTED_EDGE('',*,*,#1502,.T.);
#1929=ORIENTED_EDGE('',*,*,#1499,.T.);
#1930=ORIENTED_EDGE('',*,*,#1503,.T.);
#1931=ORIENTED_EDGE('',*,*,#1504,.F.);
#1932=ORIENTED_EDGE('',*,*,#1505,.F.);
#1933=ORIENTED_EDGE('',*,*,#1506,.F.);
#1934=ORIENTED_EDGE('',*,*,#1505,.T.);
#1935=ORIENTED_EDGE('',*,*,#1507,.T.);
#1936=ORIENTED_EDGE('',*,*,#1498,.T.);
#1937=ORIENTED_EDGE('',*,*,#1508,.T.);
#1938=ORIENTED_EDGE('',*,*,#1509,.F.);
#1939=ORIENTED_EDGE('',*,*,#1510,.F.);
#1940=ORIENTED_EDGE('',*,*,#1511,.F.);
#1941=ORIENTED_EDGE('',*,*,#1510,.T.);
#1942=ORIENTED_EDGE('',*,*,#1512,.T.);
#1943=ORIENTED_EDGE('',*,*,#1500,.T.);
#1944=ORIENTED_EDGE('',*,*,#1513,.T.);
#1945=ORIENTED_EDGE('',*,*,#1514,.T.);
#1946=ORIENTED_EDGE('',*,*,#1515,.T.);
#1947=ORIENTED_EDGE('',*,*,#1511,.T.);
#1948=ORIENTED_EDGE('',*,*,#1516,.T.);
#1949=ORIENTED_EDGE('',*,*,#1517,.F.);
#1950=ORIENTED_EDGE('',*,*,#1518,.F.);
#1951=ORIENTED_EDGE('',*,*,#1519,.F.);
#1952=ORIENTED_EDGE('',*,*,#1518,.T.);
#1953=ORIENTED_EDGE('',*,*,#1520,.T.);
#1954=ORIENTED_EDGE('',*,*,#1509,.T.);
#1955=ORIENTED_EDGE('',*,*,#1521,.T.);
#1956=ORIENTED_EDGE('',*,*,#1522,.T.);
#1957=ORIENTED_EDGE('',*,*,#1523,.T.);
#1958=ORIENTED_EDGE('',*,*,#1519,.T.);
#1959=ORIENTED_EDGE('',*,*,#1524,.T.);
#1960=ORIENTED_EDGE('',*,*,#1517,.T.);
#1961=ORIENTED_EDGE('',*,*,#1525,.T.);
#1962=ORIENTED_EDGE('',*,*,#1506,.T.);
#1963=ORIENTED_EDGE('',*,*,#1526,.T.);
#1964=ORIENTED_EDGE('',*,*,#1527,.T.);
#1965=ORIENTED_EDGE('',*,*,#1528,.T.);
#1966=ORIENTED_EDGE('',*,*,#1504,.T.);
#1967=ORIENTED_EDGE('',*,*,#1529,.T.);
#1968=ORIENTED_EDGE('',*,*,#1516,.F.);
#1969=ORIENTED_EDGE('',*,*,#1513,.F.);
#1970=ORIENTED_EDGE('',*,*,#1502,.F.);
#1971=ORIENTED_EDGE('',*,*,#1530,.T.);
#1972=ORIENTED_EDGE('',*,*,#1503,.F.);
#1973=ORIENTED_EDGE('',*,*,#1507,.F.);
#1974=ORIENTED_EDGE('',*,*,#1528,.F.);
#1975=ORIENTED_EDGE('',*,*,#1531,.T.);
#1976=ORIENTED_EDGE('',*,*,#1508,.F.);
#1977=ORIENTED_EDGE('',*,*,#1512,.F.);
#1978=ORIENTED_EDGE('',*,*,#1520,.F.);
#1979=ORIENTED_EDGE('',*,*,#1526,.F.);
#1980=ORIENTED_EDGE('',*,*,#1514,.F.);
#1981=ORIENTED_EDGE('',*,*,#1530,.F.);
#1982=ORIENTED_EDGE('',*,*,#1501,.F.);
#1983=ORIENTED_EDGE('',*,*,#1531,.F.);
#1984=ORIENTED_EDGE('',*,*,#1527,.F.);
#1985=ORIENTED_EDGE('',*,*,#1532,.F.);
#1986=ORIENTED_EDGE('',*,*,#1522,.F.);
#1987=ORIENTED_EDGE('',*,*,#1533,.F.);
#1988=ORIENTED_EDGE('',*,*,#1515,.F.);
#1989=ORIENTED_EDGE('',*,*,#1533,.T.);
#1990=ORIENTED_EDGE('',*,*,#1524,.F.);
#1991=ORIENTED_EDGE('',*,*,#1521,.F.);
#1992=ORIENTED_EDGE('',*,*,#1523,.F.);
#1993=ORIENTED_EDGE('',*,*,#1532,.T.);
#1994=ORIENTED_EDGE('',*,*,#1529,.F.);
#1995=ORIENTED_EDGE('',*,*,#1525,.F.);
#1996=ORIENTED_EDGE('',*,*,#1534,.F.);
#1997=ORIENTED_EDGE('',*,*,#1535,.F.);
#1998=ORIENTED_EDGE('',*,*,#1536,.F.);
#1999=ORIENTED_EDGE('',*,*,#1537,.F.);
#2000=ORIENTED_EDGE('',*,*,#1538,.F.);
#2001=ORIENTED_EDGE('',*,*,#1539,.F.);
#2002=ORIENTED_EDGE('',*,*,#1540,.F.);
#2003=ORIENTED_EDGE('',*,*,#1541,.F.);
#2004=ORIENTED_EDGE('',*,*,#1542,.F.);
#2005=ORIENTED_EDGE('',*,*,#1543,.T.);
#2006=ORIENTED_EDGE('',*,*,#1544,.T.);
#2007=ORIENTED_EDGE('',*,*,#1541,.T.);
#2008=ORIENTED_EDGE('',*,*,#1545,.T.);
#2009=ORIENTED_EDGE('',*,*,#1535,.T.);
#2010=ORIENTED_EDGE('',*,*,#1546,.T.);
#2011=ORIENTED_EDGE('',*,*,#1542,.T.);
#2012=ORIENTED_EDGE('',*,*,#1547,.T.);
#2013=ORIENTED_EDGE('',*,*,#1548,.F.);
#2014=ORIENTED_EDGE('',*,*,#1549,.F.);
#2015=ORIENTED_EDGE('',*,*,#1550,.F.);
#2016=ORIENTED_EDGE('',*,*,#1551,.T.);
#2017=ORIENTED_EDGE('',*,*,#1552,.T.);
#2018=ORIENTED_EDGE('',*,*,#1549,.T.);
#2019=ORIENTED_EDGE('',*,*,#1553,.T.);
#2020=ORIENTED_EDGE('',*,*,#1540,.T.);
#2021=ORIENTED_EDGE('',*,*,#1554,.T.);
#2022=ORIENTED_EDGE('',*,*,#1550,.T.);
#2023=ORIENTED_EDGE('',*,*,#1555,.T.);
#2024=ORIENTED_EDGE('',*,*,#1538,.T.);
#2025=ORIENTED_EDGE('',*,*,#1556,.T.);
#2026=ORIENTED_EDGE('',*,*,#1548,.T.);
#2027=ORIENTED_EDGE('',*,*,#1557,.T.);
#2028=ORIENTED_EDGE('',*,*,#1534,.T.);
#2029=ORIENTED_EDGE('',*,*,#1558,.T.);
#2030=ORIENTED_EDGE('',*,*,#1539,.T.);
#2031=ORIENTED_EDGE('',*,*,#1559,.T.);
#2032=ORIENTED_EDGE('',*,*,#1560,.T.);
#2033=ORIENTED_EDGE('',*,*,#1561,.T.);
#2034=ORIENTED_EDGE('',*,*,#1537,.T.);
#2035=ORIENTED_EDGE('',*,*,#1562,.T.);
#2036=ORIENTED_EDGE('',*,*,#1563,.T.);
#2037=ORIENTED_EDGE('',*,*,#1564,.T.);
#2038=ORIENTED_EDGE('',*,*,#1536,.T.);
#2039=ORIENTED_EDGE('',*,*,#1565,.T.);
#2040=ORIENTED_EDGE('',*,*,#1553,.F.);
#2041=ORIENTED_EDGE('',*,*,#1556,.F.);
#2042=ORIENTED_EDGE('',*,*,#1561,.F.);
#2043=ORIENTED_EDGE('',*,*,#1566,.T.);
#2044=ORIENTED_EDGE('',*,*,#1551,.F.);
#2045=ORIENTED_EDGE('',*,*,#1566,.F.);
#2046=ORIENTED_EDGE('',*,*,#1560,.F.);
#2047=ORIENTED_EDGE('',*,*,#1567,.F.);
#2048=ORIENTED_EDGE('',*,*,#1563,.F.);
#2049=ORIENTED_EDGE('',*,*,#1568,.F.);
#2050=ORIENTED_EDGE('',*,*,#1543,.F.);
#2051=ORIENTED_EDGE('',*,*,#1569,.F.);
#2052=ORIENTED_EDGE('',*,*,#1562,.F.);
#2053=ORIENTED_EDGE('',*,*,#1558,.F.);
#2054=ORIENTED_EDGE('',*,*,#1564,.F.);
#2055=ORIENTED_EDGE('',*,*,#1567,.T.);
#2056=ORIENTED_EDGE('',*,*,#1546,.F.);
#2057=ORIENTED_EDGE('',*,*,#1559,.F.);
#2058=ORIENTED_EDGE('',*,*,#1557,.F.);
#2059=ORIENTED_EDGE('',*,*,#1554,.F.);
#2060=ORIENTED_EDGE('',*,*,#1552,.F.);
#2061=ORIENTED_EDGE('',*,*,#1569,.T.);
#2062=ORIENTED_EDGE('',*,*,#1545,.F.);
#2063=ORIENTED_EDGE('',*,*,#1555,.F.);
#2064=ORIENTED_EDGE('',*,*,#1544,.F.);
#2065=ORIENTED_EDGE('',*,*,#1568,.T.);
#2066=ORIENTED_EDGE('',*,*,#1565,.F.);
#2067=ORIENTED_EDGE('',*,*,#1547,.F.);
#2068=ORIENTED_EDGE('',*,*,#1570,.T.);
#2069=ORIENTED_EDGE('',*,*,#1571,.T.);
#2070=ORIENTED_EDGE('',*,*,#1572,.T.);
#2071=ORIENTED_EDGE('',*,*,#1573,.T.);
#2072=ORIENTED_EDGE('',*,*,#1570,.F.);
#2073=ORIENTED_EDGE('',*,*,#1574,.F.);
#2074=ORIENTED_EDGE('',*,*,#1575,.F.);
#2075=ORIENTED_EDGE('',*,*,#1576,.T.);
#2076=ORIENTED_EDGE('',*,*,#1577,.F.);
#2077=ORIENTED_EDGE('',*,*,#1578,.T.);
#2078=ORIENTED_EDGE('',*,*,#1579,.F.);
#2079=ORIENTED_EDGE('',*,*,#1580,.F.);
#2080=ORIENTED_EDGE('',*,*,#1573,.F.);
#2081=ORIENTED_EDGE('',*,*,#1581,.F.);
#2082=ORIENTED_EDGE('',*,*,#1582,.F.);
#2083=ORIENTED_EDGE('',*,*,#1574,.T.);
#2084=ORIENTED_EDGE('',*,*,#1575,.T.);
#2085=ORIENTED_EDGE('',*,*,#1582,.T.);
#2086=ORIENTED_EDGE('',*,*,#1583,.T.);
#2087=ORIENTED_EDGE('',*,*,#1584,.T.);
#2088=ORIENTED_EDGE('',*,*,#1585,.T.);
#2089=ORIENTED_EDGE('',*,*,#1586,.T.);
#2090=ORIENTED_EDGE('',*,*,#1577,.T.);
#2091=ORIENTED_EDGE('',*,*,#1587,.T.);
#2092=ORIENTED_EDGE('',*,*,#1586,.F.);
#2093=ORIENTED_EDGE('',*,*,#1588,.T.);
#2094=ORIENTED_EDGE('',*,*,#1589,.F.);
#2095=ORIENTED_EDGE('',*,*,#1578,.F.);
#2096=ORIENTED_EDGE('',*,*,#1572,.F.);
#2097=ORIENTED_EDGE('',*,*,#1590,.F.);
#2098=ORIENTED_EDGE('',*,*,#1591,.F.);
#2099=ORIENTED_EDGE('',*,*,#1588,.F.);
#2100=ORIENTED_EDGE('',*,*,#1585,.F.);
#2101=ORIENTED_EDGE('',*,*,#1592,.T.);
#2102=ORIENTED_EDGE('',*,*,#1583,.F.);
#2103=ORIENTED_EDGE('',*,*,#1581,.T.);
#2104=ORIENTED_EDGE('',*,*,#1591,.T.);
#2105=ORIENTED_EDGE('',*,*,#1593,.T.);
#2106=ORIENTED_EDGE('',*,*,#1579,.T.);
#2107=ORIENTED_EDGE('',*,*,#1589,.T.);
#2108=ORIENTED_EDGE('',*,*,#1571,.F.);
#2109=ORIENTED_EDGE('',*,*,#1580,.T.);
#2110=ORIENTED_EDGE('',*,*,#1593,.F.);
#2111=ORIENTED_EDGE('',*,*,#1590,.T.);
#2112=ORIENTED_EDGE('',*,*,#1584,.F.);
#2113=ORIENTED_EDGE('',*,*,#1592,.F.);
#2114=ORIENTED_EDGE('',*,*,#1587,.F.);
#2115=ORIENTED_EDGE('',*,*,#1576,.F.);
#2116=ORIENTED_EDGE('',*,*,#1594,.F.);
#2117=ORIENTED_EDGE('',*,*,#1595,.F.);
#2118=ORIENTED_EDGE('',*,*,#1596,.F.);
#2119=ORIENTED_EDGE('',*,*,#1597,.F.);
#2120=ORIENTED_EDGE('',*,*,#1598,.F.);
#2121=ORIENTED_EDGE('',*,*,#1599,.F.);
#2122=ORIENTED_EDGE('',*,*,#1600,.F.);
#2123=ORIENTED_EDGE('',*,*,#1601,.T.);
#2124=ORIENTED_EDGE('',*,*,#1602,.F.);
#2125=ORIENTED_EDGE('',*,*,#1597,.T.);
#2126=ORIENTED_EDGE('',*,*,#1603,.F.);
#2127=ORIENTED_EDGE('',*,*,#1604,.F.);
#2128=ORIENTED_EDGE('',*,*,#1605,.F.);
#2129=ORIENTED_EDGE('',*,*,#1604,.T.);
#2130=ORIENTED_EDGE('',*,*,#1606,.F.);
#2131=ORIENTED_EDGE('',*,*,#1599,.T.);
#2132=ORIENTED_EDGE('',*,*,#1607,.F.);
#2133=ORIENTED_EDGE('',*,*,#1608,.F.);
#2134=ORIENTED_EDGE('',*,*,#1609,.F.);
#2135=ORIENTED_EDGE('',*,*,#1610,.T.);
#2136=ORIENTED_EDGE('',*,*,#1611,.F.);
#2137=ORIENTED_EDGE('',*,*,#1610,.F.);
#2138=ORIENTED_EDGE('',*,*,#1612,.F.);
#2139=ORIENTED_EDGE('',*,*,#1613,.T.);
#2140=ORIENTED_EDGE('',*,*,#1614,.F.);
#2141=ORIENTED_EDGE('',*,*,#1613,.F.);
#2142=ORIENTED_EDGE('',*,*,#1615,.F.);
#2143=ORIENTED_EDGE('',*,*,#1616,.T.);
#2144=ORIENTED_EDGE('',*,*,#1617,.F.);
#2145=ORIENTED_EDGE('',*,*,#1616,.F.);
#2146=ORIENTED_EDGE('',*,*,#1618,.F.);
#2147=ORIENTED_EDGE('',*,*,#1619,.T.);
#2148=ORIENTED_EDGE('',*,*,#1620,.F.);
#2149=ORIENTED_EDGE('',*,*,#1619,.F.);
#2150=ORIENTED_EDGE('',*,*,#1621,.F.);
#2151=ORIENTED_EDGE('',*,*,#1622,.T.);
#2152=ORIENTED_EDGE('',*,*,#1623,.F.);
#2153=ORIENTED_EDGE('',*,*,#1622,.F.);
#2154=ORIENTED_EDGE('',*,*,#1624,.F.);
#2155=ORIENTED_EDGE('',*,*,#1625,.T.);
#2156=ORIENTED_EDGE('',*,*,#1626,.F.);
#2157=ORIENTED_EDGE('',*,*,#1627,.F.);
#2158=ORIENTED_EDGE('',*,*,#1628,.F.);
#2159=ORIENTED_EDGE('',*,*,#1608,.T.);
#2160=ORIENTED_EDGE('',*,*,#1629,.F.);
#2161=ORIENTED_EDGE('',*,*,#1630,.F.);
#2162=ORIENTED_EDGE('',*,*,#1631,.F.);
#2163=ORIENTED_EDGE('',*,*,#1627,.T.);
#2164=ORIENTED_EDGE('',*,*,#1632,.F.);
#2165=ORIENTED_EDGE('',*,*,#1633,.T.);
#2166=ORIENTED_EDGE('',*,*,#1634,.F.);
#2167=ORIENTED_EDGE('',*,*,#1630,.T.);
#2168=ORIENTED_EDGE('',*,*,#1635,.F.);
#2169=ORIENTED_EDGE('',*,*,#1625,.F.);
#2170=ORIENTED_EDGE('',*,*,#1636,.F.);
#2171=ORIENTED_EDGE('',*,*,#1633,.F.);
#2172=ORIENTED_EDGE('',*,*,#1637,.F.);
#2173=ORIENTED_EDGE('',*,*,#1638,.F.);
#2174=ORIENTED_EDGE('',*,*,#1639,.F.);
#2175=ORIENTED_EDGE('',*,*,#1640,.T.);
#2176=ORIENTED_EDGE('',*,*,#1641,.F.);
#2177=ORIENTED_EDGE('',*,*,#1640,.F.);
#2178=ORIENTED_EDGE('',*,*,#1642,.F.);
#2179=ORIENTED_EDGE('',*,*,#1643,.T.);
#2180=ORIENTED_EDGE('',*,*,#1644,.F.);
#2181=ORIENTED_EDGE('',*,*,#1643,.F.);
#2182=ORIENTED_EDGE('',*,*,#1645,.F.);
#2183=ORIENTED_EDGE('',*,*,#1646,.T.);
#2184=ORIENTED_EDGE('',*,*,#1647,.F.);
#2185=ORIENTED_EDGE('',*,*,#1646,.F.);
#2186=ORIENTED_EDGE('',*,*,#1648,.F.);
#2187=ORIENTED_EDGE('',*,*,#1649,.T.);
#2188=ORIENTED_EDGE('',*,*,#1650,.F.);
#2189=ORIENTED_EDGE('',*,*,#1649,.F.);
#2190=ORIENTED_EDGE('',*,*,#1651,.F.);
#2191=ORIENTED_EDGE('',*,*,#1652,.T.);
#2192=ORIENTED_EDGE('',*,*,#1653,.F.);
#2193=ORIENTED_EDGE('',*,*,#1652,.F.);
#2194=ORIENTED_EDGE('',*,*,#1654,.F.);
#2195=ORIENTED_EDGE('',*,*,#1655,.T.);
#2196=ORIENTED_EDGE('',*,*,#1656,.F.);
#2197=ORIENTED_EDGE('',*,*,#1655,.F.);
#2198=ORIENTED_EDGE('',*,*,#1657,.F.);
#2199=ORIENTED_EDGE('',*,*,#1658,.T.);
#2200=ORIENTED_EDGE('',*,*,#1659,.F.);
#2201=ORIENTED_EDGE('',*,*,#1658,.F.);
#2202=ORIENTED_EDGE('',*,*,#1660,.F.);
#2203=ORIENTED_EDGE('',*,*,#1661,.T.);
#2204=ORIENTED_EDGE('',*,*,#1662,.F.);
#2205=ORIENTED_EDGE('',*,*,#1661,.F.);
#2206=ORIENTED_EDGE('',*,*,#1663,.F.);
#2207=ORIENTED_EDGE('',*,*,#1664,.T.);
#2208=ORIENTED_EDGE('',*,*,#1665,.F.);
#2209=ORIENTED_EDGE('',*,*,#1664,.F.);
#2210=ORIENTED_EDGE('',*,*,#1666,.F.);
#2211=ORIENTED_EDGE('',*,*,#1667,.T.);
#2212=ORIENTED_EDGE('',*,*,#1668,.F.);
#2213=ORIENTED_EDGE('',*,*,#1667,.F.);
#2214=ORIENTED_EDGE('',*,*,#1669,.F.);
#2215=ORIENTED_EDGE('',*,*,#1670,.T.);
#2216=ORIENTED_EDGE('',*,*,#1671,.F.);
#2217=ORIENTED_EDGE('',*,*,#1672,.F.);
#2218=ORIENTED_EDGE('',*,*,#1673,.F.);
#2219=ORIENTED_EDGE('',*,*,#1638,.T.);
#2220=ORIENTED_EDGE('',*,*,#1674,.F.);
#2221=ORIENTED_EDGE('',*,*,#1675,.F.);
#2222=ORIENTED_EDGE('',*,*,#1676,.F.);
#2223=ORIENTED_EDGE('',*,*,#1672,.T.);
#2224=ORIENTED_EDGE('',*,*,#1677,.F.);
#2225=ORIENTED_EDGE('',*,*,#1678,.F.);
#2226=ORIENTED_EDGE('',*,*,#1679,.F.);
#2227=ORIENTED_EDGE('',*,*,#1675,.T.);
#2228=ORIENTED_EDGE('',*,*,#1680,.F.);
#2229=ORIENTED_EDGE('',*,*,#1681,.F.);
#2230=ORIENTED_EDGE('',*,*,#1682,.F.);
#2231=ORIENTED_EDGE('',*,*,#1678,.T.);
#2232=ORIENTED_EDGE('',*,*,#1683,.F.);
#2233=ORIENTED_EDGE('',*,*,#1684,.F.);
#2234=ORIENTED_EDGE('',*,*,#1685,.F.);
#2235=ORIENTED_EDGE('',*,*,#1681,.T.);
#2236=ORIENTED_EDGE('',*,*,#1686,.F.);
#2237=ORIENTED_EDGE('',*,*,#1687,.F.);
#2238=ORIENTED_EDGE('',*,*,#1688,.F.);
#2239=ORIENTED_EDGE('',*,*,#1684,.T.);
#2240=ORIENTED_EDGE('',*,*,#1689,.F.);
#2241=ORIENTED_EDGE('',*,*,#1690,.F.);
#2242=ORIENTED_EDGE('',*,*,#1691,.F.);
#2243=ORIENTED_EDGE('',*,*,#1687,.T.);
#2244=ORIENTED_EDGE('',*,*,#1692,.F.);
#2245=ORIENTED_EDGE('',*,*,#1693,.T.);
#2246=ORIENTED_EDGE('',*,*,#1694,.F.);
#2247=ORIENTED_EDGE('',*,*,#1690,.T.);
#2248=ORIENTED_EDGE('',*,*,#1695,.F.);
#2249=ORIENTED_EDGE('',*,*,#1670,.F.);
#2250=ORIENTED_EDGE('',*,*,#1696,.F.);
#2251=ORIENTED_EDGE('',*,*,#1693,.F.);
#2252=ORIENTED_EDGE('',*,*,#1697,.F.);
#2253=ORIENTED_EDGE('',*,*,#1698,.T.);
#2254=ORIENTED_EDGE('',*,*,#1699,.F.);
#2255=ORIENTED_EDGE('',*,*,#1700,.F.);
#2256=ORIENTED_EDGE('',*,*,#1701,.F.);
#2257=ORIENTED_EDGE('',*,*,#1702,.T.);
#2258=ORIENTED_EDGE('',*,*,#1703,.F.);
#2259=ORIENTED_EDGE('',*,*,#1704,.F.);
#2260=ORIENTED_EDGE('',*,*,#1705,.F.);
#2261=ORIENTED_EDGE('',*,*,#1704,.T.);
#2262=ORIENTED_EDGE('',*,*,#1706,.F.);
#2263=ORIENTED_EDGE('',*,*,#1707,.F.);
#2264=ORIENTED_EDGE('',*,*,#1708,.F.);
#2265=ORIENTED_EDGE('',*,*,#1707,.T.);
#2266=ORIENTED_EDGE('',*,*,#1709,.F.);
#2267=ORIENTED_EDGE('',*,*,#1710,.F.);
#2268=ORIENTED_EDGE('',*,*,#1711,.F.);
#2269=ORIENTED_EDGE('',*,*,#1710,.T.);
#2270=ORIENTED_EDGE('',*,*,#1712,.F.);
#2271=ORIENTED_EDGE('',*,*,#1713,.F.);
#2272=ORIENTED_EDGE('',*,*,#1714,.F.);
#2273=ORIENTED_EDGE('',*,*,#1713,.T.);
#2274=ORIENTED_EDGE('',*,*,#1715,.F.);
#2275=ORIENTED_EDGE('',*,*,#1716,.F.);
#2276=ORIENTED_EDGE('',*,*,#1717,.F.);
#2277=ORIENTED_EDGE('',*,*,#1716,.T.);
#2278=ORIENTED_EDGE('',*,*,#1718,.F.);
#2279=ORIENTED_EDGE('',*,*,#1719,.F.);
#2280=ORIENTED_EDGE('',*,*,#1720,.F.);
#2281=ORIENTED_EDGE('',*,*,#1719,.T.);
#2282=ORIENTED_EDGE('',*,*,#1721,.F.);
#2283=ORIENTED_EDGE('',*,*,#1722,.F.);
#2284=ORIENTED_EDGE('',*,*,#1723,.F.);
#2285=ORIENTED_EDGE('',*,*,#1722,.T.);
#2286=ORIENTED_EDGE('',*,*,#1724,.F.);
#2287=ORIENTED_EDGE('',*,*,#1698,.F.);
#2288=ORIENTED_EDGE('',*,*,#1725,.F.);
#2289=ORIENTED_EDGE('',*,*,#1726,.F.);
#2290=ORIENTED_EDGE('',*,*,#1727,.F.);
#2291=ORIENTED_EDGE('',*,*,#1728,.F.);
#2292=ORIENTED_EDGE('',*,*,#1729,.F.);
#2293=ORIENTED_EDGE('',*,*,#1728,.T.);
#2294=ORIENTED_EDGE('',*,*,#1730,.F.);
#2295=ORIENTED_EDGE('',*,*,#1731,.F.);
#2296=ORIENTED_EDGE('',*,*,#1732,.F.);
#2297=ORIENTED_EDGE('',*,*,#1731,.T.);
#2298=ORIENTED_EDGE('',*,*,#1733,.F.);
#2299=ORIENTED_EDGE('',*,*,#1734,.F.);
#2300=ORIENTED_EDGE('',*,*,#1735,.F.);
#2301=ORIENTED_EDGE('',*,*,#1734,.T.);
#2302=ORIENTED_EDGE('',*,*,#1736,.F.);
#2303=ORIENTED_EDGE('',*,*,#1737,.F.);
#2304=ORIENTED_EDGE('',*,*,#1738,.F.);
#2305=ORIENTED_EDGE('',*,*,#1737,.T.);
#2306=ORIENTED_EDGE('',*,*,#1739,.F.);
#2307=ORIENTED_EDGE('',*,*,#1740,.F.);
#2308=ORIENTED_EDGE('',*,*,#1741,.F.);
#2309=ORIENTED_EDGE('',*,*,#1740,.T.);
#2310=ORIENTED_EDGE('',*,*,#1742,.F.);
#2311=ORIENTED_EDGE('',*,*,#1743,.F.);
#2312=ORIENTED_EDGE('',*,*,#1744,.F.);
#2313=ORIENTED_EDGE('',*,*,#1743,.T.);
#2314=ORIENTED_EDGE('',*,*,#1745,.F.);
#2315=ORIENTED_EDGE('',*,*,#1746,.F.);
#2316=ORIENTED_EDGE('',*,*,#1747,.F.);
#2317=ORIENTED_EDGE('',*,*,#1746,.T.);
#2318=ORIENTED_EDGE('',*,*,#1748,.F.);
#2319=ORIENTED_EDGE('',*,*,#1749,.F.);
#2320=ORIENTED_EDGE('',*,*,#1750,.F.);
#2321=ORIENTED_EDGE('',*,*,#1749,.T.);
#2322=ORIENTED_EDGE('',*,*,#1751,.F.);
#2323=ORIENTED_EDGE('',*,*,#1752,.F.);
#2324=ORIENTED_EDGE('',*,*,#1753,.F.);
#2325=ORIENTED_EDGE('',*,*,#1752,.T.);
#2326=ORIENTED_EDGE('',*,*,#1754,.F.);
#2327=ORIENTED_EDGE('',*,*,#1755,.T.);
#2328=ORIENTED_EDGE('',*,*,#1756,.F.);
#2329=ORIENTED_EDGE('',*,*,#1755,.F.);
#2330=ORIENTED_EDGE('',*,*,#1757,.F.);
#2331=ORIENTED_EDGE('',*,*,#1702,.F.);
#2332=ORIENTED_EDGE('',*,*,#1758,.F.);
#2333=ORIENTED_EDGE('',*,*,#1601,.F.);
#2334=ORIENTED_EDGE('',*,*,#1759,.F.);
#2335=ORIENTED_EDGE('',*,*,#1760,.T.);
#2336=ORIENTED_EDGE('',*,*,#1761,.F.);
#2337=ORIENTED_EDGE('',*,*,#1760,.F.);
#2338=ORIENTED_EDGE('',*,*,#1762,.F.);
#2339=ORIENTED_EDGE('',*,*,#1763,.T.);
#2340=ORIENTED_EDGE('',*,*,#1764,.F.);
#2341=ORIENTED_EDGE('',*,*,#1763,.F.);
#2342=ORIENTED_EDGE('',*,*,#1765,.F.);
#2343=ORIENTED_EDGE('',*,*,#1766,.T.);
#2344=ORIENTED_EDGE('',*,*,#1767,.F.);
#2345=ORIENTED_EDGE('',*,*,#1766,.F.);
#2346=ORIENTED_EDGE('',*,*,#1768,.F.);
#2347=ORIENTED_EDGE('',*,*,#1769,.T.);
#2348=ORIENTED_EDGE('',*,*,#1770,.F.);
#2349=ORIENTED_EDGE('',*,*,#1771,.F.);
#2350=ORIENTED_EDGE('',*,*,#1772,.F.);
#2351=ORIENTED_EDGE('',*,*,#1595,.T.);
#2352=ORIENTED_EDGE('',*,*,#1773,.F.);
#2353=ORIENTED_EDGE('',*,*,#1774,.T.);
#2354=ORIENTED_EDGE('',*,*,#1775,.F.);
#2355=ORIENTED_EDGE('',*,*,#1771,.T.);
#2356=ORIENTED_EDGE('',*,*,#1776,.F.);
#2357=ORIENTED_EDGE('',*,*,#1769,.F.);
#2358=ORIENTED_EDGE('',*,*,#1777,.F.);
#2359=ORIENTED_EDGE('',*,*,#1774,.F.);
#2360=ORIENTED_EDGE('',*,*,#1778,.F.);
#2361=ORIENTED_EDGE('',*,*,#1779,.F.);
#2362=ORIENTED_EDGE('',*,*,#1780,.F.);
#2363=ORIENTED_EDGE('',*,*,#1781,.T.);
#2364=ORIENTED_EDGE('',*,*,#1782,.F.);
#2365=ORIENTED_EDGE('',*,*,#1781,.F.);
#2366=ORIENTED_EDGE('',*,*,#1783,.F.);
#2367=ORIENTED_EDGE('',*,*,#1784,.T.);
#2368=ORIENTED_EDGE('',*,*,#1785,.F.);
#2369=ORIENTED_EDGE('',*,*,#1784,.F.);
#2370=ORIENTED_EDGE('',*,*,#1786,.F.);
#2371=ORIENTED_EDGE('',*,*,#1787,.T.);
#2372=ORIENTED_EDGE('',*,*,#1788,.F.);
#2373=ORIENTED_EDGE('',*,*,#1787,.F.);
#2374=ORIENTED_EDGE('',*,*,#1789,.F.);
#2375=ORIENTED_EDGE('',*,*,#1790,.T.);
#2376=ORIENTED_EDGE('',*,*,#1791,.F.);
#2377=ORIENTED_EDGE('',*,*,#1790,.F.);
#2378=ORIENTED_EDGE('',*,*,#1792,.F.);
#2379=ORIENTED_EDGE('',*,*,#1793,.T.);
#2380=ORIENTED_EDGE('',*,*,#1794,.F.);
#2381=ORIENTED_EDGE('',*,*,#1793,.F.);
#2382=ORIENTED_EDGE('',*,*,#1795,.F.);
#2383=ORIENTED_EDGE('',*,*,#1796,.T.);
#2384=ORIENTED_EDGE('',*,*,#1797,.F.);
#2385=ORIENTED_EDGE('',*,*,#1796,.F.);
#2386=ORIENTED_EDGE('',*,*,#1798,.F.);
#2387=ORIENTED_EDGE('',*,*,#1799,.T.);
#2388=ORIENTED_EDGE('',*,*,#1800,.F.);
#2389=ORIENTED_EDGE('',*,*,#1801,.F.);
#2390=ORIENTED_EDGE('',*,*,#1802,.F.);
#2391=ORIENTED_EDGE('',*,*,#1779,.T.);
#2392=ORIENTED_EDGE('',*,*,#1803,.F.);
#2393=ORIENTED_EDGE('',*,*,#1804,.F.);
#2394=ORIENTED_EDGE('',*,*,#1805,.F.);
#2395=ORIENTED_EDGE('',*,*,#1801,.T.);
#2396=ORIENTED_EDGE('',*,*,#1806,.F.);
#2397=ORIENTED_EDGE('',*,*,#1807,.F.);
#2398=ORIENTED_EDGE('',*,*,#1808,.F.);
#2399=ORIENTED_EDGE('',*,*,#1804,.T.);
#2400=ORIENTED_EDGE('',*,*,#1809,.F.);
#2401=ORIENTED_EDGE('',*,*,#1810,.F.);
#2402=ORIENTED_EDGE('',*,*,#1811,.F.);
#2403=ORIENTED_EDGE('',*,*,#1807,.T.);
#2404=ORIENTED_EDGE('',*,*,#1812,.F.);
#2405=ORIENTED_EDGE('',*,*,#1813,.T.);
#2406=ORIENTED_EDGE('',*,*,#1814,.F.);
#2407=ORIENTED_EDGE('',*,*,#1810,.T.);
#2408=ORIENTED_EDGE('',*,*,#1815,.F.);
#2409=ORIENTED_EDGE('',*,*,#1799,.F.);
#2410=ORIENTED_EDGE('',*,*,#1816,.F.);
#2411=ORIENTED_EDGE('',*,*,#1813,.F.);
#2412=ORIENTED_EDGE('',*,*,#1817,.F.);
#2413=ORIENTED_EDGE('',*,*,#1818,.F.);
#2414=ORIENTED_EDGE('',*,*,#1819,.F.);
#2415=ORIENTED_EDGE('',*,*,#1820,.T.);
#2416=ORIENTED_EDGE('',*,*,#1821,.F.);
#2417=ORIENTED_EDGE('',*,*,#1820,.F.);
#2418=ORIENTED_EDGE('',*,*,#1822,.F.);
#2419=ORIENTED_EDGE('',*,*,#1823,.T.);
#2420=ORIENTED_EDGE('',*,*,#1824,.F.);
#2421=ORIENTED_EDGE('',*,*,#1823,.F.);
#2422=ORIENTED_EDGE('',*,*,#1825,.F.);
#2423=ORIENTED_EDGE('',*,*,#1826,.T.);
#2424=ORIENTED_EDGE('',*,*,#1827,.F.);
#2425=ORIENTED_EDGE('',*,*,#1826,.F.);
#2426=ORIENTED_EDGE('',*,*,#1828,.F.);
#2427=ORIENTED_EDGE('',*,*,#1829,.T.);
#2428=ORIENTED_EDGE('',*,*,#1830,.F.);
#2429=ORIENTED_EDGE('',*,*,#1829,.F.);
#2430=ORIENTED_EDGE('',*,*,#1831,.F.);
#2431=ORIENTED_EDGE('',*,*,#1832,.T.);
#2432=ORIENTED_EDGE('',*,*,#1833,.F.);
#2433=ORIENTED_EDGE('',*,*,#1832,.F.);
#2434=ORIENTED_EDGE('',*,*,#1834,.F.);
#2435=ORIENTED_EDGE('',*,*,#1835,.T.);
#2436=ORIENTED_EDGE('',*,*,#1836,.F.);
#2437=ORIENTED_EDGE('',*,*,#1835,.F.);
#2438=ORIENTED_EDGE('',*,*,#1837,.F.);
#2439=ORIENTED_EDGE('',*,*,#1838,.T.);
#2440=ORIENTED_EDGE('',*,*,#1839,.F.);
#2441=ORIENTED_EDGE('',*,*,#1838,.F.);
#2442=ORIENTED_EDGE('',*,*,#1840,.F.);
#2443=ORIENTED_EDGE('',*,*,#1841,.T.);
#2444=ORIENTED_EDGE('',*,*,#1842,.F.);
#2445=ORIENTED_EDGE('',*,*,#1843,.F.);
#2446=ORIENTED_EDGE('',*,*,#1844,.F.);
#2447=ORIENTED_EDGE('',*,*,#1818,.T.);
#2448=ORIENTED_EDGE('',*,*,#1845,.F.);
#2449=ORIENTED_EDGE('',*,*,#1846,.F.);
#2450=ORIENTED_EDGE('',*,*,#1847,.F.);
#2451=ORIENTED_EDGE('',*,*,#1843,.T.);
#2452=ORIENTED_EDGE('',*,*,#1848,.F.);
#2453=ORIENTED_EDGE('',*,*,#1849,.F.);
#2454=ORIENTED_EDGE('',*,*,#1850,.F.);
#2455=ORIENTED_EDGE('',*,*,#1846,.T.);
#2456=ORIENTED_EDGE('',*,*,#1851,.F.);
#2457=ORIENTED_EDGE('',*,*,#1852,.F.);
#2458=ORIENTED_EDGE('',*,*,#1853,.F.);
#2459=ORIENTED_EDGE('',*,*,#1849,.T.);
#2460=ORIENTED_EDGE('',*,*,#1854,.F.);
#2461=ORIENTED_EDGE('',*,*,#1855,.T.);
#2462=ORIENTED_EDGE('',*,*,#1856,.F.);
#2463=ORIENTED_EDGE('',*,*,#1852,.T.);
#2464=ORIENTED_EDGE('',*,*,#1857,.F.);
#2465=ORIENTED_EDGE('',*,*,#1841,.F.);
#2466=ORIENTED_EDGE('',*,*,#1858,.F.);
#2467=ORIENTED_EDGE('',*,*,#1855,.F.);
#2468=ORIENTED_EDGE('',*,*,#1859,.F.);
#2469=ORIENTED_EDGE('',*,*,#1860,.T.);
#2470=ORIENTED_EDGE('',*,*,#1861,.F.);
#2471=ORIENTED_EDGE('',*,*,#1862,.F.);
#2472=ORIENTED_EDGE('',*,*,#1863,.F.);
#2473=ORIENTED_EDGE('',*,*,#1864,.T.);
#2474=ORIENTED_EDGE('',*,*,#1865,.F.);
#2475=ORIENTED_EDGE('',*,*,#1866,.F.);
#2476=ORIENTED_EDGE('',*,*,#1867,.F.);
#2477=ORIENTED_EDGE('',*,*,#1866,.T.);
#2478=ORIENTED_EDGE('',*,*,#1868,.F.);
#2479=ORIENTED_EDGE('',*,*,#1869,.F.);
#2480=ORIENTED_EDGE('',*,*,#1870,.F.);
#2481=ORIENTED_EDGE('',*,*,#1869,.T.);
#2482=ORIENTED_EDGE('',*,*,#1871,.F.);
#2483=ORIENTED_EDGE('',*,*,#1872,.F.);
#2484=ORIENTED_EDGE('',*,*,#1873,.F.);
#2485=ORIENTED_EDGE('',*,*,#1872,.T.);
#2486=ORIENTED_EDGE('',*,*,#1874,.F.);
#2487=ORIENTED_EDGE('',*,*,#1875,.F.);
#2488=ORIENTED_EDGE('',*,*,#1876,.F.);
#2489=ORIENTED_EDGE('',*,*,#1875,.T.);
#2490=ORIENTED_EDGE('',*,*,#1877,.F.);
#2491=ORIENTED_EDGE('',*,*,#1878,.F.);
#2492=ORIENTED_EDGE('',*,*,#1879,.F.);
#2493=ORIENTED_EDGE('',*,*,#1878,.T.);
#2494=ORIENTED_EDGE('',*,*,#1880,.F.);
#2495=ORIENTED_EDGE('',*,*,#1881,.F.);
#2496=ORIENTED_EDGE('',*,*,#1882,.F.);
#2497=ORIENTED_EDGE('',*,*,#1881,.T.);
#2498=ORIENTED_EDGE('',*,*,#1883,.F.);
#2499=ORIENTED_EDGE('',*,*,#1884,.F.);
#2500=ORIENTED_EDGE('',*,*,#1885,.F.);
#2501=ORIENTED_EDGE('',*,*,#1884,.T.);
#2502=ORIENTED_EDGE('',*,*,#1886,.F.);
#2503=ORIENTED_EDGE('',*,*,#1887,.F.);
#2504=ORIENTED_EDGE('',*,*,#1888,.F.);
#2505=ORIENTED_EDGE('',*,*,#1887,.T.);
#2506=ORIENTED_EDGE('',*,*,#1889,.F.);
#2507=ORIENTED_EDGE('',*,*,#1890,.F.);
#2508=ORIENTED_EDGE('',*,*,#1891,.F.);
#2509=ORIENTED_EDGE('',*,*,#1890,.T.);
#2510=ORIENTED_EDGE('',*,*,#1892,.F.);
#2511=ORIENTED_EDGE('',*,*,#1893,.F.);
#2512=ORIENTED_EDGE('',*,*,#1894,.F.);
#2513=ORIENTED_EDGE('',*,*,#1893,.T.);
#2514=ORIENTED_EDGE('',*,*,#1895,.F.);
#2515=ORIENTED_EDGE('',*,*,#1896,.F.);
#2516=ORIENTED_EDGE('',*,*,#1897,.F.);
#2517=ORIENTED_EDGE('',*,*,#1896,.T.);
#2518=ORIENTED_EDGE('',*,*,#1898,.F.);
#2519=ORIENTED_EDGE('',*,*,#1899,.F.);
#2520=ORIENTED_EDGE('',*,*,#1900,.F.);
#2521=ORIENTED_EDGE('',*,*,#1899,.T.);
#2522=ORIENTED_EDGE('',*,*,#1901,.F.);
#2523=ORIENTED_EDGE('',*,*,#1902,.F.);
#2524=ORIENTED_EDGE('',*,*,#1903,.F.);
#2525=ORIENTED_EDGE('',*,*,#1902,.T.);
#2526=ORIENTED_EDGE('',*,*,#1904,.F.);
#2527=ORIENTED_EDGE('',*,*,#1905,.F.);
#2528=ORIENTED_EDGE('',*,*,#1906,.F.);
#2529=ORIENTED_EDGE('',*,*,#1905,.T.);
#2530=ORIENTED_EDGE('',*,*,#1907,.F.);
#2531=ORIENTED_EDGE('',*,*,#1908,.F.);
#2532=ORIENTED_EDGE('',*,*,#1909,.F.);
#2533=ORIENTED_EDGE('',*,*,#1908,.T.);
#2534=ORIENTED_EDGE('',*,*,#1910,.F.);
#2535=ORIENTED_EDGE('',*,*,#1911,.F.);
#2536=ORIENTED_EDGE('',*,*,#1912,.F.);
#2537=ORIENTED_EDGE('',*,*,#1911,.T.);
#2538=ORIENTED_EDGE('',*,*,#1913,.F.);
#2539=ORIENTED_EDGE('',*,*,#1860,.F.);
#2540=ORIENTED_EDGE('',*,*,#1914,.F.);
#2541=ORIENTED_EDGE('',*,*,#1915,.F.);
#2542=ORIENTED_EDGE('',*,*,#1916,.F.);
#2543=ORIENTED_EDGE('',*,*,#1917,.T.);
#2544=ORIENTED_EDGE('',*,*,#1918,.F.);
#2545=ORIENTED_EDGE('',*,*,#1917,.F.);
#2546=ORIENTED_EDGE('',*,*,#1919,.F.);
#2547=ORIENTED_EDGE('',*,*,#1864,.F.);
#2548=ORIENTED_EDGE('',*,*,#1726,.T.);
#2549=ORIENTED_EDGE('',*,*,#1920,.F.);
#2550=ORIENTED_EDGE('',*,*,#1862,.T.);
#2551=ORIENTED_EDGE('',*,*,#1921,.F.);
#2552=ORIENTED_EDGE('',*,*,#1700,.T.);
#2553=ORIENTED_EDGE('',*,*,#1922,.F.);
#2554=ORIENTED_EDGE('',*,*,#1915,.T.);
#2555=ORIENTED_EDGE('',*,*,#1923,.F.);
#2556=ORIENTED_EDGE('',*,*,#1699,.T.);
#2557=ORIENTED_EDGE('',*,*,#1724,.T.);
#2558=ORIENTED_EDGE('',*,*,#1721,.T.);
#2559=ORIENTED_EDGE('',*,*,#1718,.T.);
#2560=ORIENTED_EDGE('',*,*,#1715,.T.);
#2561=ORIENTED_EDGE('',*,*,#1712,.T.);
#2562=ORIENTED_EDGE('',*,*,#1709,.T.);
#2563=ORIENTED_EDGE('',*,*,#1706,.T.);
#2564=ORIENTED_EDGE('',*,*,#1703,.T.);
#2565=ORIENTED_EDGE('',*,*,#1757,.T.);
#2566=ORIENTED_EDGE('',*,*,#1754,.T.);
#2567=ORIENTED_EDGE('',*,*,#1751,.T.);
#2568=ORIENTED_EDGE('',*,*,#1748,.T.);
#2569=ORIENTED_EDGE('',*,*,#1745,.T.);
#2570=ORIENTED_EDGE('',*,*,#1742,.T.);
#2571=ORIENTED_EDGE('',*,*,#1739,.T.);
#2572=ORIENTED_EDGE('',*,*,#1736,.T.);
#2573=ORIENTED_EDGE('',*,*,#1733,.T.);
#2574=ORIENTED_EDGE('',*,*,#1730,.T.);
#2575=ORIENTED_EDGE('',*,*,#1727,.T.);
#2576=ORIENTED_EDGE('',*,*,#1921,.T.);
#2577=ORIENTED_EDGE('',*,*,#1861,.T.);
#2578=ORIENTED_EDGE('',*,*,#1913,.T.);
#2579=ORIENTED_EDGE('',*,*,#1910,.T.);
#2580=ORIENTED_EDGE('',*,*,#1907,.T.);
#2581=ORIENTED_EDGE('',*,*,#1904,.T.);
#2582=ORIENTED_EDGE('',*,*,#1901,.T.);
#2583=ORIENTED_EDGE('',*,*,#1898,.T.);
#2584=ORIENTED_EDGE('',*,*,#1895,.T.);
#2585=ORIENTED_EDGE('',*,*,#1892,.T.);
#2586=ORIENTED_EDGE('',*,*,#1889,.T.);
#2587=ORIENTED_EDGE('',*,*,#1886,.T.);
#2588=ORIENTED_EDGE('',*,*,#1883,.T.);
#2589=ORIENTED_EDGE('',*,*,#1880,.T.);
#2590=ORIENTED_EDGE('',*,*,#1877,.T.);
#2591=ORIENTED_EDGE('',*,*,#1874,.T.);
#2592=ORIENTED_EDGE('',*,*,#1871,.T.);
#2593=ORIENTED_EDGE('',*,*,#1868,.T.);
#2594=ORIENTED_EDGE('',*,*,#1865,.T.);
#2595=ORIENTED_EDGE('',*,*,#1919,.T.);
#2596=ORIENTED_EDGE('',*,*,#1916,.T.);
#2597=ORIENTED_EDGE('',*,*,#1922,.T.);
#2598=ORIENTED_EDGE('',*,*,#1623,.T.);
#2599=ORIENTED_EDGE('',*,*,#1635,.T.);
#2600=ORIENTED_EDGE('',*,*,#1632,.T.);
#2601=ORIENTED_EDGE('',*,*,#1629,.T.);
#2602=ORIENTED_EDGE('',*,*,#1626,.T.);
#2603=ORIENTED_EDGE('',*,*,#1607,.T.);
#2604=ORIENTED_EDGE('',*,*,#1611,.T.);
#2605=ORIENTED_EDGE('',*,*,#1614,.T.);
#2606=ORIENTED_EDGE('',*,*,#1617,.T.);
#2607=ORIENTED_EDGE('',*,*,#1620,.T.);
#2608=ORIENTED_EDGE('',*,*,#1668,.T.);
#2609=ORIENTED_EDGE('',*,*,#1695,.T.);
#2610=ORIENTED_EDGE('',*,*,#1692,.T.);
#2611=ORIENTED_EDGE('',*,*,#1689,.T.);
#2612=ORIENTED_EDGE('',*,*,#1686,.T.);
#2613=ORIENTED_EDGE('',*,*,#1683,.T.);
#2614=ORIENTED_EDGE('',*,*,#1680,.T.);
#2615=ORIENTED_EDGE('',*,*,#1677,.T.);
#2616=ORIENTED_EDGE('',*,*,#1674,.T.);
#2617=ORIENTED_EDGE('',*,*,#1671,.T.);
#2618=ORIENTED_EDGE('',*,*,#1637,.T.);
#2619=ORIENTED_EDGE('',*,*,#1641,.T.);
#2620=ORIENTED_EDGE('',*,*,#1644,.T.);
#2621=ORIENTED_EDGE('',*,*,#1647,.T.);
#2622=ORIENTED_EDGE('',*,*,#1650,.T.);
#2623=ORIENTED_EDGE('',*,*,#1653,.T.);
#2624=ORIENTED_EDGE('',*,*,#1656,.T.);
#2625=ORIENTED_EDGE('',*,*,#1659,.T.);
#2626=ORIENTED_EDGE('',*,*,#1662,.T.);
#2627=ORIENTED_EDGE('',*,*,#1665,.T.);
#2628=ORIENTED_EDGE('',*,*,#1767,.T.);
#2629=ORIENTED_EDGE('',*,*,#1776,.T.);
#2630=ORIENTED_EDGE('',*,*,#1773,.T.);
#2631=ORIENTED_EDGE('',*,*,#1770,.T.);
#2632=ORIENTED_EDGE('',*,*,#1594,.T.);
#2633=ORIENTED_EDGE('',*,*,#1602,.T.);
#2634=ORIENTED_EDGE('',*,*,#1605,.T.);
#2635=ORIENTED_EDGE('',*,*,#1598,.T.);
#2636=ORIENTED_EDGE('',*,*,#1758,.T.);
#2637=ORIENTED_EDGE('',*,*,#1761,.T.);
#2638=ORIENTED_EDGE('',*,*,#1764,.T.);
#2639=ORIENTED_EDGE('',*,*,#1797,.T.);
#2640=ORIENTED_EDGE('',*,*,#1815,.T.);
#2641=ORIENTED_EDGE('',*,*,#1812,.T.);
#2642=ORIENTED_EDGE('',*,*,#1809,.T.);
#2643=ORIENTED_EDGE('',*,*,#1806,.T.);
#2644=ORIENTED_EDGE('',*,*,#1803,.T.);
#2645=ORIENTED_EDGE('',*,*,#1800,.T.);
#2646=ORIENTED_EDGE('',*,*,#1778,.T.);
#2647=ORIENTED_EDGE('',*,*,#1782,.T.);
#2648=ORIENTED_EDGE('',*,*,#1785,.T.);
#2649=ORIENTED_EDGE('',*,*,#1788,.T.);
#2650=ORIENTED_EDGE('',*,*,#1791,.T.);
#2651=ORIENTED_EDGE('',*,*,#1794,.T.);
#2652=ORIENTED_EDGE('',*,*,#1839,.T.);
#2653=ORIENTED_EDGE('',*,*,#1857,.T.);
#2654=ORIENTED_EDGE('',*,*,#1854,.T.);
#2655=ORIENTED_EDGE('',*,*,#1851,.T.);
#2656=ORIENTED_EDGE('',*,*,#1848,.T.);
#2657=ORIENTED_EDGE('',*,*,#1845,.T.);
#2658=ORIENTED_EDGE('',*,*,#1842,.T.);
#2659=ORIENTED_EDGE('',*,*,#1817,.T.);
#2660=ORIENTED_EDGE('',*,*,#1821,.T.);
#2661=ORIENTED_EDGE('',*,*,#1824,.T.);
#2662=ORIENTED_EDGE('',*,*,#1827,.T.);
#2663=ORIENTED_EDGE('',*,*,#1830,.T.);
#2664=ORIENTED_EDGE('',*,*,#1833,.T.);
#2665=ORIENTED_EDGE('',*,*,#1836,.T.);
#2666=ORIENTED_EDGE('',*,*,#1697,.T.);
#2667=ORIENTED_EDGE('',*,*,#1923,.T.);
#2668=ORIENTED_EDGE('',*,*,#1914,.T.);
#2669=ORIENTED_EDGE('',*,*,#1918,.T.);
#2670=ORIENTED_EDGE('',*,*,#1863,.T.);
#2671=ORIENTED_EDGE('',*,*,#1867,.T.);
#2672=ORIENTED_EDGE('',*,*,#1870,.T.);
#2673=ORIENTED_EDGE('',*,*,#1873,.T.);
#2674=ORIENTED_EDGE('',*,*,#1876,.T.);
#2675=ORIENTED_EDGE('',*,*,#1879,.T.);
#2676=ORIENTED_EDGE('',*,*,#1882,.T.);
#2677=ORIENTED_EDGE('',*,*,#1885,.T.);
#2678=ORIENTED_EDGE('',*,*,#1888,.T.);
#2679=ORIENTED_EDGE('',*,*,#1891,.T.);
#2680=ORIENTED_EDGE('',*,*,#1894,.T.);
#2681=ORIENTED_EDGE('',*,*,#1897,.T.);
#2682=ORIENTED_EDGE('',*,*,#1900,.T.);
#2683=ORIENTED_EDGE('',*,*,#1903,.T.);
#2684=ORIENTED_EDGE('',*,*,#1906,.T.);
#2685=ORIENTED_EDGE('',*,*,#1909,.T.);
#2686=ORIENTED_EDGE('',*,*,#1912,.T.);
#2687=ORIENTED_EDGE('',*,*,#1859,.T.);
#2688=ORIENTED_EDGE('',*,*,#1920,.T.);
#2689=ORIENTED_EDGE('',*,*,#1725,.T.);
#2690=ORIENTED_EDGE('',*,*,#1729,.T.);
#2691=ORIENTED_EDGE('',*,*,#1732,.T.);
#2692=ORIENTED_EDGE('',*,*,#1735,.T.);
#2693=ORIENTED_EDGE('',*,*,#1738,.T.);
#2694=ORIENTED_EDGE('',*,*,#1741,.T.);
#2695=ORIENTED_EDGE('',*,*,#1744,.T.);
#2696=ORIENTED_EDGE('',*,*,#1747,.T.);
#2697=ORIENTED_EDGE('',*,*,#1750,.T.);
#2698=ORIENTED_EDGE('',*,*,#1753,.T.);
#2699=ORIENTED_EDGE('',*,*,#1756,.T.);
#2700=ORIENTED_EDGE('',*,*,#1701,.T.);
#2701=ORIENTED_EDGE('',*,*,#1705,.T.);
#2702=ORIENTED_EDGE('',*,*,#1708,.T.);
#2703=ORIENTED_EDGE('',*,*,#1711,.T.);
#2704=ORIENTED_EDGE('',*,*,#1714,.T.);
#2705=ORIENTED_EDGE('',*,*,#1717,.T.);
#2706=ORIENTED_EDGE('',*,*,#1720,.T.);
#2707=ORIENTED_EDGE('',*,*,#1723,.T.);
#2708=ORIENTED_EDGE('',*,*,#1840,.T.);
#2709=ORIENTED_EDGE('',*,*,#1837,.T.);
#2710=ORIENTED_EDGE('',*,*,#1834,.T.);
#2711=ORIENTED_EDGE('',*,*,#1831,.T.);
#2712=ORIENTED_EDGE('',*,*,#1828,.T.);
#2713=ORIENTED_EDGE('',*,*,#1825,.T.);
#2714=ORIENTED_EDGE('',*,*,#1822,.T.);
#2715=ORIENTED_EDGE('',*,*,#1819,.T.);
#2716=ORIENTED_EDGE('',*,*,#1844,.T.);
#2717=ORIENTED_EDGE('',*,*,#1847,.T.);
#2718=ORIENTED_EDGE('',*,*,#1850,.T.);
#2719=ORIENTED_EDGE('',*,*,#1853,.T.);
#2720=ORIENTED_EDGE('',*,*,#1856,.T.);
#2721=ORIENTED_EDGE('',*,*,#1858,.T.);
#2722=ORIENTED_EDGE('',*,*,#1798,.T.);
#2723=ORIENTED_EDGE('',*,*,#1795,.T.);
#2724=ORIENTED_EDGE('',*,*,#1792,.T.);
#2725=ORIENTED_EDGE('',*,*,#1789,.T.);
#2726=ORIENTED_EDGE('',*,*,#1786,.T.);
#2727=ORIENTED_EDGE('',*,*,#1783,.T.);
#2728=ORIENTED_EDGE('',*,*,#1780,.T.);
#2729=ORIENTED_EDGE('',*,*,#1802,.T.);
#2730=ORIENTED_EDGE('',*,*,#1805,.T.);
#2731=ORIENTED_EDGE('',*,*,#1808,.T.);
#2732=ORIENTED_EDGE('',*,*,#1811,.T.);
#2733=ORIENTED_EDGE('',*,*,#1814,.T.);
#2734=ORIENTED_EDGE('',*,*,#1816,.T.);
#2735=ORIENTED_EDGE('',*,*,#1768,.T.);
#2736=ORIENTED_EDGE('',*,*,#1765,.T.);
#2737=ORIENTED_EDGE('',*,*,#1762,.T.);
#2738=ORIENTED_EDGE('',*,*,#1759,.T.);
#2739=ORIENTED_EDGE('',*,*,#1600,.T.);
#2740=ORIENTED_EDGE('',*,*,#1606,.T.);
#2741=ORIENTED_EDGE('',*,*,#1603,.T.);
#2742=ORIENTED_EDGE('',*,*,#1596,.T.);
#2743=ORIENTED_EDGE('',*,*,#1772,.T.);
#2744=ORIENTED_EDGE('',*,*,#1775,.T.);
#2745=ORIENTED_EDGE('',*,*,#1777,.T.);
#2746=ORIENTED_EDGE('',*,*,#1669,.T.);
#2747=ORIENTED_EDGE('',*,*,#1666,.T.);
#2748=ORIENTED_EDGE('',*,*,#1663,.T.);
#2749=ORIENTED_EDGE('',*,*,#1660,.T.);
#2750=ORIENTED_EDGE('',*,*,#1657,.T.);
#2751=ORIENTED_EDGE('',*,*,#1654,.T.);
#2752=ORIENTED_EDGE('',*,*,#1651,.T.);
#2753=ORIENTED_EDGE('',*,*,#1648,.T.);
#2754=ORIENTED_EDGE('',*,*,#1645,.T.);
#2755=ORIENTED_EDGE('',*,*,#1642,.T.);
#2756=ORIENTED_EDGE('',*,*,#1639,.T.);
#2757=ORIENTED_EDGE('',*,*,#1673,.T.);
#2758=ORIENTED_EDGE('',*,*,#1676,.T.);
#2759=ORIENTED_EDGE('',*,*,#1679,.T.);
#2760=ORIENTED_EDGE('',*,*,#1682,.T.);
#2761=ORIENTED_EDGE('',*,*,#1685,.T.);
#2762=ORIENTED_EDGE('',*,*,#1688,.T.);
#2763=ORIENTED_EDGE('',*,*,#1691,.T.);
#2764=ORIENTED_EDGE('',*,*,#1694,.T.);
#2765=ORIENTED_EDGE('',*,*,#1696,.T.);
#2766=ORIENTED_EDGE('',*,*,#1624,.T.);
#2767=ORIENTED_EDGE('',*,*,#1621,.T.);
#2768=ORIENTED_EDGE('',*,*,#1618,.T.);
#2769=ORIENTED_EDGE('',*,*,#1615,.T.);
#2770=ORIENTED_EDGE('',*,*,#1612,.T.);
#2771=ORIENTED_EDGE('',*,*,#1609,.T.);
#2772=ORIENTED_EDGE('',*,*,#1628,.T.);
#2773=ORIENTED_EDGE('',*,*,#1631,.T.);
#2774=ORIENTED_EDGE('',*,*,#1634,.T.);
#2775=ORIENTED_EDGE('',*,*,#1636,.T.);
#2776=SPHERICAL_SURFACE('',#3033,0.05);
#2777=SPHERICAL_SURFACE('',#3039,0.05);
#2778=SPHERICAL_SURFACE('',#3044,0.05);
#2779=SPHERICAL_SURFACE('',#3051,0.05);
#2780=SPHERICAL_SURFACE('',#3067,0.05);
#2781=SPHERICAL_SURFACE('',#3071,0.05);
#2782=SPHERICAL_SURFACE('',#3075,0.05);
#2783=SPHERICAL_SURFACE('',#3082,0.05);
#2784=ADVANCED_FACE('',(#856),#2776,.T.);
#2785=ADVANCED_FACE('',(#857),#836,.T.);
#2786=ADVANCED_FACE('',(#858),#2777,.T.);
#2787=ADVANCED_FACE('',(#859),#837,.T.);
#2788=ADVANCED_FACE('',(#860),#2778,.T.);
#2789=ADVANCED_FACE('',(#861),#838,.T.);
#2790=ADVANCED_FACE('',(#862),#839,.T.);
#2791=ADVANCED_FACE('',(#863),#2779,.T.);
#2792=ADVANCED_FACE('',(#864),#840,.T.);
#2793=ADVANCED_FACE('',(#865),#841,.T.);
#2794=ADVANCED_FACE('',(#866),#842,.T.);
#2795=ADVANCED_FACE('',(#867),#843,.T.);
#2796=ADVANCED_FACE('',(#868),#215,.F.);
#2797=ADVANCED_FACE('',(#869),#216,.T.);
#2798=ADVANCED_FACE('',(#870),#217,.T.);
#2799=ADVANCED_FACE('',(#871),#218,.F.);
#2800=ADVANCED_FACE('',(#872),#219,.T.);
#2801=ADVANCED_FACE('',(#873),#220,.T.);
#2802=ADVANCED_FACE('',(#874),#2780,.T.);
#2803=ADVANCED_FACE('',(#875),#2781,.T.);
#2804=ADVANCED_FACE('',(#876),#2782,.T.);
#2805=ADVANCED_FACE('',(#877),#844,.T.);
#2806=ADVANCED_FACE('',(#878),#845,.T.);
#2807=ADVANCED_FACE('',(#879),#2783,.T.);
#2808=ADVANCED_FACE('',(#880),#846,.T.);
#2809=ADVANCED_FACE('',(#881),#847,.T.);
#2810=ADVANCED_FACE('',(#882),#848,.T.);
#2811=ADVANCED_FACE('',(#883),#849,.T.);
#2812=ADVANCED_FACE('',(#884),#850,.T.);
#2813=ADVANCED_FACE('',(#885),#851,.T.);
#2814=ADVANCED_FACE('',(#886),#221,.T.);
#2815=ADVANCED_FACE('',(#887),#222,.F.);
#2816=ADVANCED_FACE('',(#888),#223,.T.);
#2817=ADVANCED_FACE('',(#889),#224,.T.);
#2818=ADVANCED_FACE('',(#890),#225,.F.);
#2819=ADVANCED_FACE('',(#891),#226,.T.);
#2820=ADVANCED_FACE('',(#892),#852,.T.);
#2821=ADVANCED_FACE('',(#893),#227,.T.);
#2822=ADVANCED_FACE('',(#894),#228,.T.);
#2823=ADVANCED_FACE('',(#895),#853,.T.);
#2824=ADVANCED_FACE('',(#896),#854,.T.);
#2825=ADVANCED_FACE('',(#897),#229,.T.);
#2826=ADVANCED_FACE('',(#898),#230,.T.);
#2827=ADVANCED_FACE('',(#899),#855,.T.);
#2828=ADVANCED_FACE('',(#900),#231,.T.);
#2829=ADVANCED_FACE('',(#901),#232,.F.);
#2830=ADVANCED_FACE('',(#902),#233,.T.);
#2831=ADVANCED_FACE('',(#903),#234,.T.);
#2832=ADVANCED_FACE('',(#904),#235,.T.);
#2833=ADVANCED_FACE('',(#905),#236,.T.);
#2834=ADVANCED_FACE('',(#906),#237,.F.);
#2835=ADVANCED_FACE('',(#907),#238,.F.);
#2836=ADVANCED_FACE('',(#908),#239,.F.);
#2837=ADVANCED_FACE('',(#909),#240,.F.);
#2838=ADVANCED_FACE('',(#910),#241,.F.);
#2839=ADVANCED_FACE('',(#911),#242,.F.);
#2840=ADVANCED_FACE('',(#912),#243,.F.);
#2841=ADVANCED_FACE('',(#913),#244,.F.);
#2842=ADVANCED_FACE('',(#914),#245,.F.);
#2843=ADVANCED_FACE('',(#915),#246,.F.);
#2844=ADVANCED_FACE('',(#916),#247,.F.);
#2845=ADVANCED_FACE('',(#917),#148,.F.);
#2846=ADVANCED_FACE('',(#918),#149,.F.);
#2847=ADVANCED_FACE('',(#919),#150,.F.);
#2848=ADVANCED_FACE('',(#920),#151,.F.);
#2849=ADVANCED_FACE('',(#921),#152,.F.);
#2850=ADVANCED_FACE('',(#922),#153,.F.);
#2851=ADVANCED_FACE('',(#923),#154,.F.);
#2852=ADVANCED_FACE('',(#924),#155,.F.);
#2853=ADVANCED_FACE('',(#925),#248,.F.);
#2854=ADVANCED_FACE('',(#926),#249,.F.);
#2855=ADVANCED_FACE('',(#927),#250,.F.);
#2856=ADVANCED_FACE('',(#928),#156,.F.);
#2857=ADVANCED_FACE('',(#929),#157,.F.);
#2858=ADVANCED_FACE('',(#930),#158,.F.);
#2859=ADVANCED_FACE('',(#931),#159,.F.);
#2860=ADVANCED_FACE('',(#932),#160,.F.);
#2861=ADVANCED_FACE('',(#933),#161,.F.);
#2862=ADVANCED_FACE('',(#934),#162,.F.);
#2863=ADVANCED_FACE('',(#935),#163,.F.);
#2864=ADVANCED_FACE('',(#936),#164,.F.);
#2865=ADVANCED_FACE('',(#937),#251,.F.);
#2866=ADVANCED_FACE('',(#938),#252,.F.);
#2867=ADVANCED_FACE('',(#939),#165,.F.);
#2868=ADVANCED_FACE('',(#940),#166,.F.);
#2869=ADVANCED_FACE('',(#941),#167,.F.);
#2870=ADVANCED_FACE('',(#942),#168,.F.);
#2871=ADVANCED_FACE('',(#943),#169,.F.);
#2872=ADVANCED_FACE('',(#944),#170,.F.);
#2873=ADVANCED_FACE('',(#945),#171,.F.);
#2874=ADVANCED_FACE('',(#946),#253,.F.);
#2875=ADVANCED_FACE('',(#947),#254,.F.);
#2876=ADVANCED_FACE('',(#948),#172,.F.);
#2877=ADVANCED_FACE('',(#949),#173,.F.);
#2878=ADVANCED_FACE('',(#950),#174,.F.);
#2879=ADVANCED_FACE('',(#951),#175,.F.);
#2880=ADVANCED_FACE('',(#952),#176,.F.);
#2881=ADVANCED_FACE('',(#953),#177,.F.);
#2882=ADVANCED_FACE('',(#954),#178,.F.);
#2883=ADVANCED_FACE('',(#955),#179,.F.);
#2884=ADVANCED_FACE('',(#956),#255,.F.);
#2885=ADVANCED_FACE('',(#957),#256,.F.);
#2886=ADVANCED_FACE('',(#958),#257,.F.);
#2887=ADVANCED_FACE('',(#959),#258,.F.);
#2888=ADVANCED_FACE('',(#960),#259,.F.);
#2889=ADVANCED_FACE('',(#961),#260,.F.);
#2890=ADVANCED_FACE('',(#962),#261,.F.);
#2891=ADVANCED_FACE('',(#963),#262,.F.);
#2892=ADVANCED_FACE('',(#964),#263,.F.);
#2893=ADVANCED_FACE('',(#965),#264,.F.);
#2894=ADVANCED_FACE('',(#966),#265,.F.);
#2895=ADVANCED_FACE('',(#967),#266,.F.);
#2896=ADVANCED_FACE('',(#968),#267,.F.);
#2897=ADVANCED_FACE('',(#969),#268,.F.);
#2898=ADVANCED_FACE('',(#970),#269,.F.);
#2899=ADVANCED_FACE('',(#971),#270,.F.);
#2900=ADVANCED_FACE('',(#972),#271,.F.);
#2901=ADVANCED_FACE('',(#973),#272,.F.);
#2902=ADVANCED_FACE('',(#974),#273,.F.);
#2903=ADVANCED_FACE('',(#975),#274,.F.);
#2904=ADVANCED_FACE('',(#976),#180,.F.);
#2905=ADVANCED_FACE('',(#977),#181,.F.);
#2906=ADVANCED_FACE('',(#978),#182,.F.);
#2907=ADVANCED_FACE('',(#979),#183,.F.);
#2908=ADVANCED_FACE('',(#980),#275,.F.);
#2909=ADVANCED_FACE('',(#981),#276,.F.);
#2910=ADVANCED_FACE('',(#982),#277,.F.);
#2911=ADVANCED_FACE('',(#983),#184,.F.);
#2912=ADVANCED_FACE('',(#984),#278,.F.);
#2913=ADVANCED_FACE('',(#985),#279,.F.);
#2914=ADVANCED_FACE('',(#986),#280,.F.);
#2915=ADVANCED_FACE('',(#987),#185,.F.);
#2916=ADVANCED_FACE('',(#988),#186,.F.);
#2917=ADVANCED_FACE('',(#989),#187,.F.);
#2918=ADVANCED_FACE('',(#990),#281,.F.);
#2919=ADVANCED_FACE('',(#991),#188,.F.);
#2920=ADVANCED_FACE('',(#992),#189,.F.);
#2921=ADVANCED_FACE('',(#993),#190,.F.);
#2922=ADVANCED_FACE('',(#994),#191,.F.);
#2923=ADVANCED_FACE('',(#995),#192,.F.);
#2924=ADVANCED_FACE('',(#996),#282,.F.);
#2925=ADVANCED_FACE('',(#997),#283,.F.);
#2926=ADVANCED_FACE('',(#998),#193,.F.);
#2927=ADVANCED_FACE('',(#999),#194,.F.);
#2928=ADVANCED_FACE('',(#1000),#195,.F.);
#2929=ADVANCED_FACE('',(#1001),#196,.F.);
#2930=ADVANCED_FACE('',(#1002),#197,.F.);
#2931=ADVANCED_FACE('',(#1003),#198,.F.);
#2932=ADVANCED_FACE('',(#1004),#284,.F.);
#2933=ADVANCED_FACE('',(#1005),#285,.F.);
#2934=ADVANCED_FACE('',(#1006),#286,.F.);
#2935=ADVANCED_FACE('',(#1007),#287,.F.);
#2936=ADVANCED_FACE('',(#1008),#199,.F.);
#2937=ADVANCED_FACE('',(#1009),#200,.F.);
#2938=ADVANCED_FACE('',(#1010),#37,.F.);
#2939=ADVANCED_FACE('',(#1011),#38,.F.);
#2940=ADVANCED_FACE('',(#1012,#23,#24,#25,#26,#27),#288,.F.);
#2941=ADVANCED_FACE('',(#1013,#28,#29,#30,#31,#32),#289,.T.);
#2942=CLOSED_SHELL('',(#2784,#2785,#2786,#2787,#2788,#2789,#2790,#2791,
#2792,#2793,#2794,#2795,#2796,#2797,#2798,#2799,#2800,#2801));
#2943=CLOSED_SHELL('',(#2802,#2803,#2804,#2805,#2806,#2807,#2808,#2809,
#2810,#2811,#2812,#2813,#2814,#2815,#2816,#2817,#2818,#2819));
#2944=CLOSED_SHELL('',(#2820,#2821,#2822,#2823,#2824,#2825,#2826,#2827,
#2828,#2829));
#2945=CLOSED_SHELL('',(#2830,#2831,#2832,#2833,#2834,#2835,#2836,#2837,
#2838,#2839,#2840,#2841,#2842,#2843,#2844,#2845,#2846,#2847,#2848,#2849,
#2850,#2851,#2852,#2853,#2854,#2855,#2856,#2857,#2858,#2859,#2860,#2861,
#2862,#2863,#2864,#2865,#2866,#2867,#2868,#2869,#2870,#2871,#2872,#2873,
#2874,#2875,#2876,#2877,#2878,#2879,#2880,#2881,#2882,#2883,#2884,#2885,
#2886,#2887,#2888,#2889,#2890,#2891,#2892,#2893,#2894,#2895,#2896,#2897,
#2898,#2899,#2900,#2901,#2902,#2903,#2904,#2905,#2906,#2907,#2908,#2909,
#2910,#2911,#2912,#2913,#2914,#2915,#2916,#2917,#2918,#2919,#2920,#2921,
#2922,#2923,#2924,#2925,#2926,#2927,#2928,#2929,#2930,#2931,#2932,#2933,
#2934,#2935,#2936,#2937,#2938,#2939,#2940,#2941));
#2946=DERIVED_UNIT_ELEMENT(#2952,1.);
#2947=DERIVED_UNIT_ELEMENT(#5676,3.);
#2948=DERIVED_UNIT_ELEMENT(#2952,1.);
#2949=DERIVED_UNIT_ELEMENT(#5676,3.);
#2950=DERIVED_UNIT_ELEMENT(#2952,1.);
#2951=DERIVED_UNIT_ELEMENT(#5676,3.);
#2952=(
MASS_UNIT()
NAMED_UNIT(*)
SI_UNIT($,.GRAM.)
);
#2953=DERIVED_UNIT((#2946,#2947));
#2954=DERIVED_UNIT((#2948,#2949));
#2955=DERIVED_UNIT((#2950,#2951));
#2956=MEASURE_REPRESENTATION_ITEM('density measure',
POSITIVE_RATIO_MEASURE(1.),#2953);
#2957=MEASURE_REPRESENTATION_ITEM('density measure',
POSITIVE_RATIO_MEASURE(1.),#2954);
#2958=MEASURE_REPRESENTATION_ITEM('density measure',
POSITIVE_RATIO_MEASURE(1.),#2955);
#2959=PROPERTY_DEFINITION_REPRESENTATION(#2974,#2965);
#2960=PROPERTY_DEFINITION_REPRESENTATION(#2975,#2966);
#2961=PROPERTY_DEFINITION_REPRESENTATION(#2976,#2967);
#2962=PROPERTY_DEFINITION_REPRESENTATION(#2977,#2968);
#2963=PROPERTY_DEFINITION_REPRESENTATION(#2978,#2969);
#2964=PROPERTY_DEFINITION_REPRESENTATION(#2979,#2970);
#2965=REPRESENTATION('material name',(#2971),#5671);
#2966=REPRESENTATION('density',(#2956),#5671);
#2967=REPRESENTATION('material name',(#2972),#5672);
#2968=REPRESENTATION('density',(#2957),#5672);
#2969=REPRESENTATION('material name',(#2973),#5673);
#2970=REPRESENTATION('density',(#2958),#5673);
#2971=DESCRIPTIVE_REPRESENTATION_ITEM('Generic','Generic');
#2972=DESCRIPTIVE_REPRESENTATION_ITEM('Generic','Generic');
#2973=DESCRIPTIVE_REPRESENTATION_ITEM('Generic','Generic');
#2974=PROPERTY_DEFINITION('material property','material name',#5696);
#2975=PROPERTY_DEFINITION('material property','density of part',#5696);
#2976=PROPERTY_DEFINITION('material property','material name',#5697);
#2977=PROPERTY_DEFINITION('material property','density of part',#5697);
#2978=PROPERTY_DEFINITION('material property','material name',#5698);
#2979=PROPERTY_DEFINITION('material property','density of part',#5698);
#2980=PRESENTATION_STYLE_ASSIGNMENT((#2983));
#2981=PRESENTATION_STYLE_ASSIGNMENT((#2984));
#2982=PRESENTATION_STYLE_ASSIGNMENT((#2985));
#2983=SURFACE_STYLE_USAGE(.BOTH.,#2992);
#2984=SURFACE_STYLE_USAGE(.BOTH.,#2993);
#2985=SURFACE_STYLE_USAGE(.BOTH.,#2994);
#2986=SURFACE_STYLE_RENDERING_WITH_PROPERTIES($,#3004,(#2989));
#2987=SURFACE_STYLE_RENDERING_WITH_PROPERTIES($,#3005,(#2990));
#2988=SURFACE_STYLE_RENDERING_WITH_PROPERTIES($,#3006,(#2991));
#2989=SURFACE_STYLE_TRANSPARENT(1.);
#2990=SURFACE_STYLE_TRANSPARENT(1.);
#2991=SURFACE_STYLE_TRANSPARENT(1.);
#2992=SURFACE_SIDE_STYLE('',(#2995,#2986));
#2993=SURFACE_SIDE_STYLE('',(#2996,#2987));
#2994=SURFACE_SIDE_STYLE('',(#2997,#2988));
#2995=SURFACE_STYLE_FILL_AREA(#2998);
#2996=SURFACE_STYLE_FILL_AREA(#2999);
#2997=SURFACE_STYLE_FILL_AREA(#3000);
#2998=FILL_AREA_STYLE('',(#3001));
#2999=FILL_AREA_STYLE('',(#3002));
#3000=FILL_AREA_STYLE('',(#3003));
#3001=FILL_AREA_STYLE_COLOUR('',#3004);
#3002=FILL_AREA_STYLE_COLOUR('',#3005);
#3003=FILL_AREA_STYLE_COLOUR('',#3006);
#3004=COLOUR_RGB('',0.886274509803922,0.886274509803922,0.886274509803922);
#3005=COLOUR_RGB('',0.501960784313725,0.250980392156863,0.);
#3006=COLOUR_RGB('',1.,1.,1.);
#3007=DATE_TIME_ROLE('creation_date');
#3008=DATE_TIME_ROLE('creation_date');
#3009=DATE_TIME_ROLE('creation_date');
#3010=DATE_TIME_ROLE('creation_date');
#3011=APPLIED_DATE_AND_TIME_ASSIGNMENT(#3015,#3007,(#5695));
#3012=APPLIED_DATE_AND_TIME_ASSIGNMENT(#3016,#3008,(#5696));
#3013=APPLIED_DATE_AND_TIME_ASSIGNMENT(#3017,#3009,(#5697));
#3014=APPLIED_DATE_AND_TIME_ASSIGNMENT(#3018,#3010,(#5698));
#3015=DATE_AND_TIME(#3019,#3023);
#3016=DATE_AND_TIME(#3020,#3024);
#3017=DATE_AND_TIME(#3021,#3025);
#3018=DATE_AND_TIME(#3022,#3026);
#3019=CALENDAR_DATE(2019,5,3);
#3020=CALENDAR_DATE(2019,5,3);
#3021=CALENDAR_DATE(2019,5,3);
#3022=CALENDAR_DATE(2019,2,2);
#3023=LOCAL_TIME(14,35,48.,#3027);
#3024=LOCAL_TIME(14,33,52.,#3028);
#3025=LOCAL_TIME(14,33,52.,#3029);
#3026=LOCAL_TIME(11,2,45.,#3030);
#3027=COORDINATED_UNIVERSAL_TIME_OFFSET(0,0,.BEHIND.);
#3028=COORDINATED_UNIVERSAL_TIME_OFFSET(0,0,.BEHIND.);
#3029=COORDINATED_UNIVERSAL_TIME_OFFSET(0,0,.BEHIND.);
#3030=COORDINATED_UNIVERSAL_TIME_OFFSET(0,0,.BEHIND.);
#3031=AXIS2_PLACEMENT_3D('placement',#3766,#3185,#3186);
#3032=AXIS2_PLACEMENT_3D('placement',#3767,#3187,#3188);
#3033=AXIS2_PLACEMENT_3D('',#3768,#3189,#3190);
#3034=AXIS2_PLACEMENT_3D('',#3771,#3191,#3192);
#3035=AXIS2_PLACEMENT_3D('',#3773,#3193,#3194);
#3036=AXIS2_PLACEMENT_3D('',#3774,#3195,#3196);
#3037=AXIS2_PLACEMENT_3D('',#3775,#3197,#3198);
#3038=AXIS2_PLACEMENT_3D('',#3778,#3199,#3200);
#3039=AXIS2_PLACEMENT_3D('',#3781,#3203,#3204);
#3040=AXIS2_PLACEMENT_3D('',#3784,#3205,#3206);
#3041=AXIS2_PLACEMENT_3D('',#3786,#3207,#3208);
#3042=AXIS2_PLACEMENT_3D('',#3787,#3209,#3210);
#3043=AXIS2_PLACEMENT_3D('',#3788,#3211,#3212);
#3044=AXIS2_PLACEMENT_3D('',#3791,#3215,#3216);
#3045=AXIS2_PLACEMENT_3D('',#3794,#3217,#3218);
#3046=AXIS2_PLACEMENT_3D('',#3796,#3219,#3220);
#3047=AXIS2_PLACEMENT_3D('',#3797,#3221,#3222);
#3048=AXIS2_PLACEMENT_3D('',#3798,#3223,#3224);
#3049=AXIS2_PLACEMENT_3D('',#3801,#3227,#3228);
#3050=AXIS2_PLACEMENT_3D('',#3804,#3229,#3230);
#3051=AXIS2_PLACEMENT_3D('',#3807,#3233,#3234);
#3052=AXIS2_PLACEMENT_3D('',#3810,#3235,#3236);
#3053=AXIS2_PLACEMENT_3D('',#3812,#3237,#3238);
#3054=AXIS2_PLACEMENT_3D('',#3813,#3239,#3240);
#3055=AXIS2_PLACEMENT_3D('',#3814,#3241,#3242);
#3056=AXIS2_PLACEMENT_3D('',#3817,#3245,#3246);
#3057=AXIS2_PLACEMENT_3D('',#3820,#3247,#3248);
#3058=AXIS2_PLACEMENT_3D('',#3823,#3251,#3252);
#3059=AXIS2_PLACEMENT_3D('',#3826,#3255,#3256);
#3060=AXIS2_PLACEMENT_3D('',#3829,#3257,#3258);
#3061=AXIS2_PLACEMENT_3D('',#3832,#3261,#3262);
#3062=AXIS2_PLACEMENT_3D('',#3834,#3264,#3265);
#3063=AXIS2_PLACEMENT_3D('',#3836,#3267,#3268);
#3064=AXIS2_PLACEMENT_3D('',#3837,#3269,#3270);
#3065=AXIS2_PLACEMENT_3D('',#3840,#3273,#3274);
#3066=AXIS2_PLACEMENT_3D('',#3841,#3275,#3276);
#3067=AXIS2_PLACEMENT_3D('',#3842,#3277,#3278);
#3068=AXIS2_PLACEMENT_3D('',#3845,#3279,#3280);
#3069=AXIS2_PLACEMENT_3D('',#3847,#3281,#3282);
#3070=AXIS2_PLACEMENT_3D('',#3848,#3283,#3284);
#3071=AXIS2_PLACEMENT_3D('',#3849,#3285,#3286);
#3072=AXIS2_PLACEMENT_3D('',#3852,#3287,#3288);
#3073=AXIS2_PLACEMENT_3D('',#3854,#3289,#3290);
#3074=AXIS2_PLACEMENT_3D('',#3855,#3291,#3292);
#3075=AXIS2_PLACEMENT_3D('',#3856,#3293,#3294);
#3076=AXIS2_PLACEMENT_3D('',#3859,#3295,#3296);
#3077=AXIS2_PLACEMENT_3D('',#3861,#3297,#3298);
#3078=AXIS2_PLACEMENT_3D('',#3862,#3299,#3300);
#3079=AXIS2_PLACEMENT_3D('',#3863,#3301,#3302);
#3080=AXIS2_PLACEMENT_3D('',#3866,#3303,#3304);
#3081=AXIS2_PLACEMENT_3D('',#3869,#3307,#3308);
#3082=AXIS2_PLACEMENT_3D('',#3872,#3311,#3312);
#3083=AXIS2_PLACEMENT_3D('',#3875,#3313,#3314);
#3084=AXIS2_PLACEMENT_3D('',#3877,#3315,#3316);
#3085=AXIS2_PLACEMENT_3D('',#3878,#3317,#3318);
#3086=AXIS2_PLACEMENT_3D('',#3879,#3319,#3320);
#3087=AXIS2_PLACEMENT_3D('',#3882,#3321,#3322);
#3088=AXIS2_PLACEMENT_3D('',#3885,#3325,#3326);
#3089=AXIS2_PLACEMENT_3D('',#3888,#3329,#3330);
#3090=AXIS2_PLACEMENT_3D('',#3891,#3333,#3334);
#3091=AXIS2_PLACEMENT_3D('',#3894,#3337,#3338);
#3092=AXIS2_PLACEMENT_3D('',#3897,#3339,#3340);
#3093=AXIS2_PLACEMENT_3D('',#3900,#3343,#3344);
#3094=AXIS2_PLACEMENT_3D('',#3903,#3345,#3346);
#3095=AXIS2_PLACEMENT_3D('',#3906,#3349,#3350);
#3096=AXIS2_PLACEMENT_3D('',#3908,#3352,#3353);
#3097=AXIS2_PLACEMENT_3D('',#3912,#3357,#3358);
#3098=AXIS2_PLACEMENT_3D('',#3913,#3359,#3360);
#3099=AXIS2_PLACEMENT_3D('',#3914,#3361,#3362);
#3100=AXIS2_PLACEMENT_3D('',#3915,#3363,#3364);
#3101=AXIS2_PLACEMENT_3D('placement',#3916,#3365,#3366);
#3102=AXIS2_PLACEMENT_3D('',#3917,#3367,#3368);
#3103=AXIS2_PLACEMENT_3D('',#3920,#3369,#3370);
#3104=AXIS2_PLACEMENT_3D('',#3924,#3372,#3373);
#3105=AXIS2_PLACEMENT_3D('',#3926,#3375,#3376);
#3106=AXIS2_PLACEMENT_3D('',#3930,#3378,#3379);
#3107=AXIS2_PLACEMENT_3D('',#3934,#3381,#3382);
#3108=AXIS2_PLACEMENT_3D('',#3938,#3384,#3385);
#3109=AXIS2_PLACEMENT_3D('',#3940,#3387,#3388);
#3110=AXIS2_PLACEMENT_3D('',#3944,#3391,#3392);
#3111=AXIS2_PLACEMENT_3D('',#3946,#3393,#3394);
#3112=AXIS2_PLACEMENT_3D('',#3948,#3396,#3397);
#3113=AXIS2_PLACEMENT_3D('',#3951,#3398,#3399);
#3114=AXIS2_PLACEMENT_3D('',#3954,#3402,#3403);
#3115=AXIS2_PLACEMENT_3D('',#3958,#3406,#3407);
#3116=AXIS2_PLACEMENT_3D('',#3961,#3409,#3410);
#3117=AXIS2_PLACEMENT_3D('',#3963,#3412,#3413);
#3118=AXIS2_PLACEMENT_3D('',#3965,#3415,#3416);
#3119=AXIS2_PLACEMENT_3D('',#3966,#3417,#3418);
#3120=AXIS2_PLACEMENT_3D('placement',#3967,#3419,#3420);
#3121=AXIS2_PLACEMENT_3D('',#3968,#3421,#3422);
#3122=AXIS2_PLACEMENT_3D('',#3977,#3427,#3428);
#3123=AXIS2_PLACEMENT_3D('',#3986,#3433,#3434);
#3124=AXIS2_PLACEMENT_3D('',#3992,#3438,#3439);
#3125=AXIS2_PLACEMENT_3D('',#3995,#3442,#3443);
#3126=AXIS2_PLACEMENT_3D('',#4004,#3448,#3449);
#3127=AXIS2_PLACEMENT_3D('',#4010,#3453,#3454);
#3128=AXIS2_PLACEMENT_3D('',#4016,#3458,#3459);
#3129=AXIS2_PLACEMENT_3D('',#4022,#3463,#3464);
#3130=AXIS2_PLACEMENT_3D('',#4028,#3468,#3469);
#3131=AXIS2_PLACEMENT_3D('',#4034,#3473,#3474);
#3132=AXIS2_PLACEMENT_3D('',#4040,#3478,#3479);
#3133=AXIS2_PLACEMENT_3D('',#4046,#3483,#3484);
#3134=AXIS2_PLACEMENT_3D('',#4052,#3488,#3489);
#3135=AXIS2_PLACEMENT_3D('',#4055,#3492,#3493);
#3136=AXIS2_PLACEMENT_3D('',#4264,#3506,#3507);
#3137=AXIS2_PLACEMENT_3D('',#4270,#3511,#3512);
#3138=AXIS2_PLACEMENT_3D('',#4276,#3516,#3517);
#3139=AXIS2_PLACEMENT_3D('',#4509,#3529,#3530);
#3140=AXIS2_PLACEMENT_3D('',#4518,#3535,#3536);
#3141=AXIS2_PLACEMENT_3D('',#4702,#3546,#3547);
#3142=AXIS2_PLACEMENT_3D('',#4708,#3551,#3552);
#3143=AXIS2_PLACEMENT_3D('',#4911,#3563,#3564);
#3144=AXIS2_PLACEMENT_3D('',#4917,#3568,#3569);
#3145=AXIS2_PLACEMENT_3D('',#4923,#3573,#3574);
#3146=AXIS2_PLACEMENT_3D('',#4929,#3578,#3579);
#3147=AXIS2_PLACEMENT_3D('',#4935,#3583,#3584);
#3148=AXIS2_PLACEMENT_3D('',#4941,#3588,#3589);
#3149=AXIS2_PLACEMENT_3D('',#4947,#3593,#3594);
#3150=AXIS2_PLACEMENT_3D('',#4950,#3597,#3598);
#3151=AXIS2_PLACEMENT_3D('',#4959,#3603,#3604);
#3152=AXIS2_PLACEMENT_3D('',#4965,#3608,#3609);
#3153=AXIS2_PLACEMENT_3D('',#4971,#3613,#3614);
#3154=AXIS2_PLACEMENT_3D('',#4977,#3618,#3619);
#3155=AXIS2_PLACEMENT_3D('',#4983,#3623,#3624);
#3156=AXIS2_PLACEMENT_3D('',#4989,#3628,#3629);
#3157=AXIS2_PLACEMENT_3D('',#4995,#3633,#3634);
#3158=AXIS2_PLACEMENT_3D('',#5001,#3638,#3639);
#3159=AXIS2_PLACEMENT_3D('',#5007,#3643,#3644);
#3160=AXIS2_PLACEMENT_3D('',#5013,#3648,#3649);
#3161=AXIS2_PLACEMENT_3D('',#5019,#3653,#3654);
#3162=AXIS2_PLACEMENT_3D('',#5025,#3658,#3659);
#3163=AXIS2_PLACEMENT_3D('',#5131,#3667,#3668);
#3164=AXIS2_PLACEMENT_3D('',#5137,#3672,#3673);
#3165=AXIS2_PLACEMENT_3D('',#5143,#3677,#3678);
#3166=AXIS2_PLACEMENT_3D('',#5174,#3683,#3684);
#3167=AXIS2_PLACEMENT_3D('',#5180,#3688,#3689);
#3168=AXIS2_PLACEMENT_3D('',#5186,#3693,#3694);
#3169=AXIS2_PLACEMENT_3D('',#5264,#3700,#3701);
#3170=AXIS2_PLACEMENT_3D('',#5401,#3712,#3713);
#3171=AXIS2_PLACEMENT_3D('',#5407,#3717,#3718);
#3172=AXIS2_PLACEMENT_3D('',#5568,#3728,#3729);
#3173=AXIS2_PLACEMENT_3D('',#5574,#3733,#3734);
#3174=AXIS2_PLACEMENT_3D('',#5580,#3738,#3739);
#3175=AXIS2_PLACEMENT_3D('',#5586,#3743,#3744);
#3176=AXIS2_PLACEMENT_3D('',#5646,#3748,#3749);
#3177=AXIS2_PLACEMENT_3D('',#5647,#3750,#3751);
#3178=AXIS2_PLACEMENT_3D('',#5658,#3752,#3753);
#3179=AXIS2_PLACEMENT_3D('',#5659,#3754,#3755);
#3180=AXIS2_PLACEMENT_3D('',#5660,#3756,#3757);
#3181=AXIS2_PLACEMENT_3D('',#5661,#3758,#3759);
#3182=AXIS2_PLACEMENT_3D('',#5662,#3760,#3761);
#3183=AXIS2_PLACEMENT_3D('',#5663,#3762,#3763);
#3184=AXIS2_PLACEMENT_3D('',#5664,#3764,#3765);
#3185=DIRECTION('axis',(0.,0.,1.));
#3186=DIRECTION('refdir',(1.,0.,0.));
#3187=DIRECTION('axis',(0.,0.,1.));
#3188=DIRECTION('refdir',(1.,0.,0.));
#3189=DIRECTION('center_axis',(-0.816496580927726,-0.408248290463863,0.408248290463863));
#3190=DIRECTION('ref_axis',(-0.577350269189627,0.577350269189626,-0.577350269189625));
#3191=DIRECTION('center_axis',(0.,0.,-1.));
#3192=DIRECTION('ref_axis',(0.,1.,0.));
#3193=DIRECTION('center_axis',(-1.,0.,0.));
#3194=DIRECTION('ref_axis',(0.,0.,-1.));
#3195=DIRECTION('center_axis',(0.,1.,0.));
#3196=DIRECTION('ref_axis',(-1.,0.,0.));
#3197=DIRECTION('center_axis',(-1.,0.,0.));
#3198=DIRECTION('ref_axis',(0.,0.707106781186548,-0.707106781186547));
#3199=DIRECTION('center_axis',(-1.,0.,0.));
#3200=DIRECTION('ref_axis',(0.,0.707106781186548,-0.707106781186547));
#3201=DIRECTION('',(-1.,0.,0.));
#3202=DIRECTION('',(1.,0.,0.));
#3203=DIRECTION('center_axis',(-0.408248290463863,-0.816496580927726,0.408248290463863));
#3204=DIRECTION('ref_axis',(-0.577350269189626,0.577350269189625,0.577350269189626));
#3205=DIRECTION('center_axis',(-1.,0.,0.));
#3206=DIRECTION('ref_axis',(0.,1.,0.));
#3207=DIRECTION('center_axis',(0.,0.,1.));
#3208=DIRECTION('ref_axis',(-1.,0.,0.));
#3209=DIRECTION('center_axis',(0.,1.,0.));
#3210=DIRECTION('ref_axis',(0.,0.,1.));
#3211=DIRECTION('center_axis',(0.,0.,1.));
#3212=DIRECTION('ref_axis',(-0.707106781186548,0.707106781186548,0.));
#3213=DIRECTION('',(0.,0.,-1.));
#3214=DIRECTION('',(0.,0.,1.));
#3215=DIRECTION('center_axis',(-0.816496580927726,0.408248290463863,0.408248290463863));
#3216=DIRECTION('ref_axis',(-0.577350269189627,-0.577350269189626,-0.577350269189625));
#3217=DIRECTION('center_axis',(0.,0.,-1.));
#3218=DIRECTION('ref_axis',(-1.,0.,0.));
#3219=DIRECTION('center_axis',(0.,-1.,0.));
#3220=DIRECTION('ref_axis',(0.,0.,-1.));
#3221=DIRECTION('center_axis',(-1.,0.,0.));
#3222=DIRECTION('ref_axis',(0.,-1.,0.));
#3223=DIRECTION('center_axis',(0.,-1.,0.));
#3224=DIRECTION('ref_axis',(-0.707106781186548,0.,-0.707106781186547));
#3225=DIRECTION('',(0.,1.,0.));
#3226=DIRECTION('',(0.,-1.,0.));
#3227=DIRECTION('center_axis',(1.,0.,0.));
#3228=DIRECTION('ref_axis',(0.,-0.707106781186548,-0.707106781186547));
#3229=DIRECTION('center_axis',(-1.,0.,0.));
#3230=DIRECTION('ref_axis',(0.,-0.707106781186548,-0.707106781186547));
#3231=DIRECTION('',(-1.,0.,0.));
#3232=DIRECTION('',(1.,0.,0.));
#3233=DIRECTION('center_axis',(0.408248290463863,-0.816496580927726,-0.408248290463863));
#3234=DIRECTION('ref_axis',(-0.577350269189626,-0.577350269189625,0.577350269189626));
#3235=DIRECTION('center_axis',(0.,-1.,0.));
#3236=DIRECTION('ref_axis',(-1.,0.,0.));
#3237=DIRECTION('center_axis',(0.,0.,1.));
#3238=DIRECTION('ref_axis',(0.,-1.,0.));
#3239=DIRECTION('center_axis',(-1.,0.,0.));
#3240=DIRECTION('ref_axis',(0.,0.,1.));
#3241=DIRECTION('center_axis',(0.,0.,1.));
#3242=DIRECTION('ref_axis',(-0.707106781186548,-0.707106781186548,0.));
#3243=DIRECTION('',(0.,0.,-1.));
#3244=DIRECTION('',(0.,0.,1.));
#3245=DIRECTION('center_axis',(1.,0.,0.));
#3246=DIRECTION('ref_axis',(0.,-0.707106781186548,0.707106781186548));
#3247=DIRECTION('center_axis',(-1.,0.,0.));
#3248=DIRECTION('ref_axis',(0.,-0.707106781186548,0.707106781186548));
#3249=DIRECTION('',(-1.,0.,0.));
#3250=DIRECTION('',(1.,0.,0.));
#3251=DIRECTION('center_axis',(0.,-1.,0.));
#3252=DIRECTION('ref_axis',(-0.707106781186548,0.,0.707106781186548));
#3253=DIRECTION('',(0.,1.,0.));
#3254=DIRECTION('',(0.,-1.,0.));
#3255=DIRECTION('center_axis',(-1.,0.,0.));
#3256=DIRECTION('ref_axis',(0.,0.707106781186548,0.707106781186548));
#3257=DIRECTION('center_axis',(-1.,0.,0.));
#3258=DIRECTION('ref_axis',(0.,0.707106781186548,0.707106781186548));
#3259=DIRECTION('',(-1.,0.,0.));
#3260=DIRECTION('',(1.,0.,0.));
#3261=DIRECTION('center_axis',(0.,0.,1.));
#3262=DIRECTION('ref_axis',(1.,0.,0.));
#3263=DIRECTION('',(0.,-1.,0.));
#3264=DIRECTION('center_axis',(0.,1.,0.));
#3265=DIRECTION('ref_axis',(-1.,0.,0.));
#3266=DIRECTION('',(0.,0.,-1.));
#3267=DIRECTION('center_axis',(-1.,0.,0.));
#3268=DIRECTION('ref_axis',(0.,-1.,0.));
#3269=DIRECTION('center_axis',(-1.,0.,0.));
#3270=DIRECTION('ref_axis',(0.,-1.,0.));
#3271=DIRECTION('',(0.,1.,0.));
#3272=DIRECTION('',(0.,0.,1.));
#3273=DIRECTION('center_axis',(0.,-1.,0.));
#3274=DIRECTION('ref_axis',(1.,0.,0.));
#3275=DIRECTION('center_axis',(0.,0.,1.));
#3276=DIRECTION('ref_axis',(1.,0.,0.));
#3277=DIRECTION('center_axis',(0.408248290463863,-0.816496580927726,0.408248290463863));
#3278=DIRECTION('ref_axis',(0.577350269189626,0.577350269189625,0.577350269189626));
#3279=DIRECTION('center_axis',(0.,1.,0.));
#3280=DIRECTION('ref_axis',(1.,0.,0.));
#3281=DIRECTION('center_axis',(0.,0.,1.));
#3282=DIRECTION('ref_axis',(0.,1.,0.));
#3283=DIRECTION('center_axis',(1.,0.,0.));
#3284=DIRECTION('ref_axis',(0.,0.,1.));
#3285=DIRECTION('center_axis',(-0.408248290463863,-0.816496580927726,-0.408248290463863));
#3286=DIRECTION('ref_axis',(0.577350269189626,-0.577350269189625,0.577350269189626));
#3287=DIRECTION('center_axis',(1.,0.,0.));
#3288=DIRECTION('ref_axis',(0.,-1.,0.));
#3289=DIRECTION('center_axis',(0.,0.,1.));
#3290=DIRECTION('ref_axis',(1.,0.,0.));
#3291=DIRECTION('center_axis',(0.,-1.,0.));
#3292=DIRECTION('ref_axis',(0.,0.,1.));
#3293=DIRECTION('center_axis',(-0.816496580927726,0.408248290463864,-0.408248290463863));
#3294=DIRECTION('ref_axis',(0.577350269189627,0.577350269189625,-0.577350269189625));
#3295=DIRECTION('center_axis',(0.,1.,0.));
#3296=DIRECTION('ref_axis',(0.,0.,-1.));
#3297=DIRECTION('center_axis',(1.,0.,0.));
#3298=DIRECTION('ref_axis',(0.,1.,0.));
#3299=DIRECTION('center_axis',(0.,0.,-1.));
#3300=DIRECTION('ref_axis',(1.,0.,0.));
#3301=DIRECTION('center_axis',(-1.,0.,0.));
#3302=DIRECTION('ref_axis',(0.,0.707106781186548,-0.707106781186547));
#3303=DIRECTION('center_axis',(1.,0.,0.));
#3304=DIRECTION('ref_axis',(0.,0.707106781186548,-0.707106781186547));
#3305=DIRECTION('',(1.,0.,0.));
#3306=DIRECTION('',(-1.,0.,0.));
#3307=DIRECTION('center_axis',(0.,0.,1.));
#3308=DIRECTION('ref_axis',(0.707106781186548,0.707106781186548,0.));
#3309=DIRECTION('',(0.,0.,-1.));
#3310=DIRECTION('',(0.,0.,1.));
#3311=DIRECTION('center_axis',(-0.816496580927726,-0.408248290463863,-0.408248290463863));
#3312=DIRECTION('ref_axis',(0.577350269189627,-0.577350269189626,-0.577350269189625));
#3313=DIRECTION('center_axis',(0.,0.,-1.));
#3314=DIRECTION('ref_axis',(0.,-1.,0.));
#3315=DIRECTION('center_axis',(1.,0.,0.));
#3316=DIRECTION('ref_axis',(0.,0.,-1.));
#3317=DIRECTION('center_axis',(0.,-1.,0.));
#3318=DIRECTION('ref_axis',(1.,0.,0.));
#3319=DIRECTION('center_axis',(1.,0.,0.));
#3320=DIRECTION('ref_axis',(0.,-0.707106781186548,-0.707106781186547));
#3321=DIRECTION('center_axis',(1.,0.,0.));
#3322=DIRECTION('ref_axis',(0.,-0.707106781186548,-0.707106781186547));
#3323=DIRECTION('',(1.,0.,0.));
#3324=DIRECTION('',(-1.,0.,0.));
#3325=DIRECTION('center_axis',(0.,1.,0.));
#3326=DIRECTION('ref_axis',(0.707106781186548,0.,-0.707106781186547));
#3327=DIRECTION('',(0.,-1.,0.));
#3328=DIRECTION('',(0.,1.,0.));
#3329=DIRECTION('center_axis',(0.,0.,1.));
#3330=DIRECTION('ref_axis',(0.707106781186548,-0.707106781186548,0.));
#3331=DIRECTION('',(0.,0.,-1.));
#3332=DIRECTION('',(0.,0.,1.));
#3333=DIRECTION('center_axis',(0.,1.,0.));
#3334=DIRECTION('ref_axis',(0.707106781186548,0.,0.707106781186548));
#3335=DIRECTION('',(0.,-1.,0.));
#3336=DIRECTION('',(0.,1.,0.));
#3337=DIRECTION('center_axis',(1.,0.,0.));
#3338=DIRECTION('ref_axis',(0.,-0.707106781186548,0.707106781186548));
#3339=DIRECTION('center_axis',(1.,0.,0.));
#3340=DIRECTION('ref_axis',(0.,-0.707106781186548,0.707106781186548));
#3341=DIRECTION('',(1.,0.,0.));
#3342=DIRECTION('',(-1.,0.,0.));
#3343=DIRECTION('center_axis',(-1.,0.,0.));
#3344=DIRECTION('ref_axis',(0.,0.707106781186548,0.707106781186548));
#3345=DIRECTION('center_axis',(1.,0.,0.));
#3346=DIRECTION('ref_axis',(0.,0.707106781186548,0.707106781186548));
#3347=DIRECTION('',(1.,0.,0.));
#3348=DIRECTION('',(-1.,0.,0.));
#3349=DIRECTION('center_axis',(0.,-1.,0.));
#3350=DIRECTION('ref_axis',(1.,0.,0.));
#3351=DIRECTION('',(0.,0.,-1.));
#3352=DIRECTION('center_axis',(1.,0.,0.));
#3353=DIRECTION('ref_axis',(0.,1.,0.));
#3354=DIRECTION('',(0.,-1.,0.));
#3355=DIRECTION('',(0.,0.,1.));
#3356=DIRECTION('',(0.,1.,0.));
#3357=DIRECTION('center_axis',(0.,0.,1.));
#3358=DIRECTION('ref_axis',(1.,0.,0.));
#3359=DIRECTION('center_axis',(1.,0.,0.));
#3360=DIRECTION('ref_axis',(0.,1.,0.));
#3361=DIRECTION('center_axis',(0.,0.,1.));
#3362=DIRECTION('ref_axis',(1.,0.,0.));
#3363=DIRECTION('center_axis',(0.,1.,0.));
#3364=DIRECTION('ref_axis',(-1.,0.,0.));
#3365=DIRECTION('axis',(0.,0.,1.));
#3366=DIRECTION('refdir',(1.,0.,0.));
#3367=DIRECTION('center_axis',(-1.,0.,0.));
#3368=DIRECTION('ref_axis',(0.,0.707106781186548,0.707106781186548));
#3369=DIRECTION('center_axis',(1.,-1.73472347597681E-16,0.));
#3370=DIRECTION('ref_axis',(0.,0.707106781186548,0.707106781186548));
#3371=DIRECTION('',(1.,0.,0.));
#3372=DIRECTION('center_axis',(-1.,-1.73472347597681E-16,0.));
#3373=DIRECTION('ref_axis',(0.,0.707106781186548,0.707106781186548));
#3374=DIRECTION('',(-1.,0.,0.));
#3375=DIRECTION('center_axis',(-1.,1.73472347597681E-16,0.));
#3376=DIRECTION('ref_axis',(-1.73472347597681E-16,-1.,0.));
#3377=DIRECTION('',(0.,0.,1.));
#3378=DIRECTION('center_axis',(1.,-1.73472347597681E-16,0.));
#3379=DIRECTION('ref_axis',(0.,0.707106781186548,-0.707106781186547));
#3380=DIRECTION('',(-1.73472347597681E-16,-1.,0.));
#3381=DIRECTION('center_axis',(1.,-1.73472347597681E-16,0.));
#3382=DIRECTION('ref_axis',(0.,-0.707106781186548,-0.707106781186547));
#3383=DIRECTION('',(0.,0.,1.));
#3384=DIRECTION('center_axis',(1.,-1.73472347597681E-16,0.));
#3385=DIRECTION('ref_axis',(0.,-0.707106781186548,0.707106781186548));
#3386=DIRECTION('',(-1.73472347597681E-16,-1.,0.));
#3387=DIRECTION('center_axis',(0.,1.,0.));
#3388=DIRECTION('ref_axis',(-1.,0.,0.));
#3389=DIRECTION('',(0.,0.,1.));
#3390=DIRECTION('',(1.,0.,0.));
#3391=DIRECTION('center_axis',(-1.,0.,0.));
#3392=DIRECTION('ref_axis',(0.,0.707106781186548,-0.707106781186547));
#3393=DIRECTION('center_axis',(-1.,-1.73472347597681E-16,0.));
#3394=DIRECTION('ref_axis',(0.,0.707106781186548,-0.707106781186547));
#3395=DIRECTION('',(-1.,0.,0.));
#3396=DIRECTION('center_axis',(1.,2.77555756156289E-16,0.));
#3397=DIRECTION('ref_axis',(0.,-0.707106781186548,-0.707106781186547));
#3398=DIRECTION('center_axis',(-1.,-1.73472347597681E-16,0.));
#3399=DIRECTION('ref_axis',(0.,-0.707106781186548,-0.707106781186547));
#3400=DIRECTION('',(-1.,-2.77555756156289E-16,0.));
#3401=DIRECTION('',(1.,2.77555756156289E-16,0.));
#3402=DIRECTION('center_axis',(2.77555756156289E-16,-1.,0.));
#3403=DIRECTION('ref_axis',(1.,2.77555756156289E-16,0.));
#3404=DIRECTION('',(0.,0.,1.));
#3405=DIRECTION('',(1.,2.77555756156289E-16,0.));
#3406=DIRECTION('center_axis',(1.,1.73472347597681E-16,0.));
#3407=DIRECTION('ref_axis',(-1.73472347597681E-16,1.,0.));
#3408=DIRECTION('',(-1.73472347597681E-16,1.,0.));
#3409=DIRECTION('center_axis',(-1.,-1.73472347597681E-16,0.));
#3410=DIRECTION('ref_axis',(0.,-0.707106781186548,0.707106781186548));
#3411=DIRECTION('',(-1.73472347597681E-16,1.,0.));
#3412=DIRECTION('center_axis',(1.,2.77555756156289E-16,0.));
#3413=DIRECTION('ref_axis',(0.,-0.707106781186548,0.707106781186548));
#3414=DIRECTION('',(-1.,-2.77555756156289E-16,0.));
#3415=DIRECTION('center_axis',(0.,0.,1.));
#3416=DIRECTION('ref_axis',(1.,0.,0.));
#3417=DIRECTION('center_axis',(0.,0.,1.));
#3418=DIRECTION('ref_axis',(1.,0.,0.));
#3419=DIRECTION('axis',(0.,0.,1.));
#3420=DIRECTION('refdir',(1.,0.,0.));
#3421=DIRECTION('center_axis',(0.306009180413119,0.952028561285265,0.));
#3422=DIRECTION('ref_axis',(0.952028561285265,-0.306009180413119,0.));
#3423=DIRECTION('',(0.952028561285265,-0.306009180413119,0.));
#3424=DIRECTION('',(0.,0.,-1.));
#3425=DIRECTION('',(-0.952028561285265,0.306009180413119,0.));
#3426=DIRECTION('',(0.,0.,1.));
#3427=DIRECTION('center_axis',(0.306009180413124,-0.952028561285263,0.));
#3428=DIRECTION('ref_axis',(-0.952028561285263,-0.306009180413124,0.));
#3429=DIRECTION('',(-0.952028561285263,-0.306009180413124,0.));
#3430=DIRECTION('',(0.,0.,-1.));
#3431=DIRECTION('',(0.952028561285263,0.306009180413124,0.));
#3432=DIRECTION('',(0.,0.,-1.));
#3433=DIRECTION('center_axis',(0.310824121666866,0.95046744572869,0.));
#3434=DIRECTION('ref_axis',(-0.95046744572869,0.310824121666866,0.));
#3435=DIRECTION('',(0.95046744572869,-0.310824121666866,0.));
#3436=DIRECTION('',(-0.95046744572869,0.310824121666866,0.));
#3437=DIRECTION('',(0.,0.,1.));
#3438=DIRECTION('center_axis',(0.312300861312516,-0.949983248285706,0.));
#3439=DIRECTION('ref_axis',(0.949983248285706,0.312300861312516,0.));
#3440=DIRECTION('',(-0.949983248285706,-0.312300861312516,0.));
#3441=DIRECTION('',(0.949983248285706,0.312300861312516,0.));
#3442=DIRECTION('center_axis',(0.453406386913824,-0.891303903450306,0.));
#3443=DIRECTION('ref_axis',(0.891303903450306,0.453406386913824,0.));
#3444=DIRECTION('',(0.891303903450306,0.453406386913824,0.));
#3445=DIRECTION('',(0.,0.,-1.));
#3446=DIRECTION('',(-0.891303903450306,-0.453406386913824,0.));
#3447=DIRECTION('',(0.,0.,-1.));
#3448=DIRECTION('center_axis',(1.,2.67267874954427E-15,0.));
#3449=DIRECTION('ref_axis',(-2.67267874954427E-15,1.,0.));
#3450=DIRECTION('',(-2.67267874954427E-15,1.,0.));
#3451=DIRECTION('',(2.67267874954427E-15,-1.,0.));
#3452=DIRECTION('',(0.,0.,-1.));
#3453=DIRECTION('center_axis',(-3.02788078757122E-15,1.,0.));
#3454=DIRECTION('ref_axis',(-1.,-3.02788078757123E-15,0.));
#3455=DIRECTION('',(-1.,-3.02788078757123E-15,0.));
#3456=DIRECTION('',(1.,3.02788078757123E-15,0.));
#3457=DIRECTION('',(0.,0.,-1.));
#3458=DIRECTION('center_axis',(-1.,-4.07015783427333E-15,0.));
#3459=DIRECTION('ref_axis',(4.07015783427333E-15,-1.,0.));
#3460=DIRECTION('',(4.07015783427333E-15,-1.,0.));
#3461=DIRECTION('',(-4.07015783427333E-15,1.,0.));
#3462=DIRECTION('',(0.,0.,-1.));
#3463=DIRECTION('center_axis',(2.34110582196923E-15,-1.,0.));
#3464=DIRECTION('ref_axis',(1.,2.34110582196923E-15,0.));
#3465=DIRECTION('',(1.,2.34110582196923E-15,0.));
#3466=DIRECTION('',(-1.,-2.34110582196923E-15,0.));
#3467=DIRECTION('',(0.,0.,-1.));
#3468=DIRECTION('center_axis',(-0.456554296231789,0.889695551631172,0.));
#3469=DIRECTION('ref_axis',(-0.889695551631172,-0.456554296231789,0.));
#3470=DIRECTION('',(-0.889695551631172,-0.456554296231789,0.));
#3471=DIRECTION('',(0.889695551631172,0.456554296231789,0.));
#3472=DIRECTION('',(0.,0.,-1.));
#3473=DIRECTION('center_axis',(-3.82436529361606E-15,1.,0.));
#3474=DIRECTION('ref_axis',(-1.,-3.82436529361606E-15,0.));
#3475=DIRECTION('',(-1.,-3.82436529361606E-15,0.));
#3476=DIRECTION('',(0.,0.,-1.));
#3477=DIRECTION('',(1.,3.82436529361606E-15,0.));
#3478=DIRECTION('center_axis',(1.,4.0701578342733E-15,0.));
#3479=DIRECTION('ref_axis',(-4.0701578342733E-15,1.,0.));
#3480=DIRECTION('',(-4.0701578342733E-15,1.,0.));
#3481=DIRECTION('',(0.,0.,-1.));
#3482=DIRECTION('',(4.0701578342733E-15,-1.,0.));
#3483=DIRECTION('center_axis',(3.02788078757122E-15,-1.,0.));
#3484=DIRECTION('ref_axis',(1.,3.02788078757123E-15,0.));
#3485=DIRECTION('',(1.,3.02788078757123E-15,0.));
#3486=DIRECTION('',(0.,0.,1.));
#3487=DIRECTION('',(-1.,-3.02788078757123E-15,0.));
#3488=DIRECTION('center_axis',(-1.,-3.38442472089029E-15,0.));
#3489=DIRECTION('ref_axis',(3.38442472089029E-15,-1.,0.));
#3490=DIRECTION('',(3.38442472089029E-15,-1.,0.));
#3491=DIRECTION('',(-3.38442472089029E-15,1.,0.));
#3492=DIRECTION('center_axis',(6.3544300882022E-15,-1.,0.));
#3493=DIRECTION('ref_axis',(1.,6.3544300882022E-15,0.));
#3494=DIRECTION('',(1.,6.3544300882022E-15,0.));
#3495=DIRECTION('',(0.,0.,-1.));
#3496=DIRECTION('',(-1.,-6.3544300882022E-15,0.));
#3497=DIRECTION('',(0.,0.,-1.));
#3498=DIRECTION('',(0.,0.,-1.));
#3499=DIRECTION('',(0.,0.,-1.));
#3500=DIRECTION('',(0.,0.,-1.));
#3501=DIRECTION('',(0.,0.,-1.));
#3502=DIRECTION('',(0.,0.,-1.));
#3503=DIRECTION('',(0.,0.,-1.));
#3504=DIRECTION('',(0.,0.,-1.));
#3505=DIRECTION('',(0.,0.,-1.));
#3506=DIRECTION('center_axis',(1.,0.,0.));
#3507=DIRECTION('ref_axis',(0.,1.,0.));
#3508=DIRECTION('',(0.,1.,0.));
#3509=DIRECTION('',(0.,-1.,0.));
#3510=DIRECTION('',(0.,0.,-1.));
#3511=DIRECTION('center_axis',(0.,1.,0.));
#3512=DIRECTION('ref_axis',(-1.,0.,0.));
#3513=DIRECTION('',(-1.,0.,0.));
#3514=DIRECTION('',(1.,0.,0.));
#3515=DIRECTION('',(0.,0.,-1.));
#3516=DIRECTION('center_axis',(-1.,0.,0.));
#3517=DIRECTION('ref_axis',(0.,-1.,0.));
#3518=DIRECTION('',(0.,-1.,0.));
#3519=DIRECTION('',(0.,0.,-1.));
#3520=DIRECTION('',(0.,1.,0.));
#3521=DIRECTION('',(0.,0.,-1.));
#3522=DIRECTION('',(0.,0.,-1.));
#3523=DIRECTION('',(0.,0.,-1.));
#3524=DIRECTION('',(0.,0.,-1.));
#3525=DIRECTION('',(0.,0.,-1.));
#3526=DIRECTION('',(0.,0.,-1.));
#3527=DIRECTION('',(0.,0.,1.));
#3528=DIRECTION('',(0.,0.,-1.));
#3529=DIRECTION('center_axis',(-3.02298130409619E-15,1.,0.));
#3530=DIRECTION('ref_axis',(-1.,-3.02298130409619E-15,0.));
#3531=DIRECTION('',(1.,3.02298130409619E-15,0.));
#3532=DIRECTION('',(0.,0.,-1.));
#3533=DIRECTION('',(-1.,-3.02298130409619E-15,0.));
#3534=DIRECTION('',(0.,0.,-1.));
#3535=DIRECTION('center_axis',(1.,0.,0.));
#3536=DIRECTION('ref_axis',(0.,1.,0.));
#3537=DIRECTION('',(0.,-1.,0.));
#3538=DIRECTION('',(0.,1.,0.));
#3539=DIRECTION('',(0.,0.,-1.));
#3540=DIRECTION('',(0.,0.,-1.));
#3541=DIRECTION('',(0.,0.,-1.));
#3542=DIRECTION('',(0.,0.,-1.));
#3543=DIRECTION('',(0.,0.,-1.));
#3544=DIRECTION('',(0.,0.,-1.));
#3545=DIRECTION('',(0.,0.,-1.));
#3546=DIRECTION('center_axis',(3.1772150441011E-15,-1.,0.));
#3547=DIRECTION('ref_axis',(1.,3.1772150441011E-15,0.));
#3548=DIRECTION('',(-1.,-3.1772150441011E-15,0.));
#3549=DIRECTION('',(1.,3.1772150441011E-15,0.));
#3550=DIRECTION('',(0.,0.,-1.));
#3551=DIRECTION('center_axis',(-1.,0.,0.));
#3552=DIRECTION('ref_axis',(0.,-1.,0.));
#3553=DIRECTION('',(0.,1.,0.));
#3554=DIRECTION('',(0.,-1.,0.));
#3555=DIRECTION('',(0.,0.,-1.));
#3556=DIRECTION('',(0.,0.,-1.));
#3557=DIRECTION('',(0.,0.,-1.));
#3558=DIRECTION('',(0.,0.,-1.));
#3559=DIRECTION('',(0.,0.,-1.));
#3560=DIRECTION('',(0.,0.,-1.));
#3561=DIRECTION('',(0.,0.,-1.));
#3562=DIRECTION('',(0.,0.,1.));
#3563=DIRECTION('center_axis',(-0.308774363938383,0.951135317488761,0.));
#3564=DIRECTION('ref_axis',(-0.951135317488761,-0.308774363938383,0.));
#3565=DIRECTION('',(-0.951135317488761,-0.308774363938383,0.));
#3566=DIRECTION('',(0.951135317488761,0.308774363938383,0.));
#3567=DIRECTION('',(0.,0.,-1.));
#3568=DIRECTION('center_axis',(-1.,-3.59961935632262E-15,0.));
#3569=DIRECTION('ref_axis',(3.59961935632262E-15,-1.,0.));
#3570=DIRECTION('',(3.59961935632262E-15,-1.,0.));
#3571=DIRECTION('',(-3.59961935632262E-15,1.,0.));
#3572=DIRECTION('',(0.,0.,-1.));
#3573=DIRECTION('center_axis',(0.319451166674571,-0.94760273960677,0.));
#3574=DIRECTION('ref_axis',(0.94760273960677,0.319451166674571,0.));
#3575=DIRECTION('',(0.94760273960677,0.319451166674571,0.));
#3576=DIRECTION('',(-0.94760273960677,-0.319451166674571,0.));
#3577=DIRECTION('',(0.,0.,-1.));
#3578=DIRECTION('center_axis',(1.,3.08284232001888E-15,0.));
#3579=DIRECTION('ref_axis',(-3.08284232001888E-15,1.,0.));
#3580=DIRECTION('',(-3.08284232001888E-15,1.,0.));
#3581=DIRECTION('',(3.08284232001888E-15,-1.,0.));
#3582=DIRECTION('',(0.,0.,-1.));
#3583=DIRECTION('center_axis',(-0.308774363938377,-0.951135317488763,0.));
#3584=DIRECTION('ref_axis',(0.951135317488763,-0.308774363938377,0.));
#3585=DIRECTION('',(0.951135317488763,-0.308774363938377,0.));
#3586=DIRECTION('',(0.,0.,-1.));
#3587=DIRECTION('',(-0.951135317488763,0.308774363938377,0.));
#3588=DIRECTION('center_axis',(-1.,-3.75141053399888E-15,0.));
#3589=DIRECTION('ref_axis',(3.75141053399888E-15,-1.,0.));
#3590=DIRECTION('',(3.75141053399888E-15,-1.,0.));
#3591=DIRECTION('',(0.,0.,1.));
#3592=DIRECTION('',(-3.75141053399888E-15,1.,0.));
#3593=DIRECTION('center_axis',(0.319451166674565,0.947602739606772,0.));
#3594=DIRECTION('ref_axis',(-0.947602739606772,0.319451166674565,0.));
#3595=DIRECTION('',(-0.947602739606772,0.319451166674565,0.));
#3596=DIRECTION('',(0.947602739606772,-0.319451166674565,0.));
#3597=DIRECTION('center_axis',(-3.53252758549976E-15,1.,0.));
#3598=DIRECTION('ref_axis',(-1.,-3.53252758549976E-15,0.));
#3599=DIRECTION('',(-1.,-3.53252758549976E-15,0.));
#3600=DIRECTION('',(0.,0.,-1.));
#3601=DIRECTION('',(1.,3.53252758549976E-15,0.));
#3602=DIRECTION('',(0.,0.,-1.));
#3603=DIRECTION('center_axis',(-1.,-4.0701578342733E-15,0.));
#3604=DIRECTION('ref_axis',(4.0701578342733E-15,-1.,0.));
#3605=DIRECTION('',(4.0701578342733E-15,-1.,0.));
#3606=DIRECTION('',(-4.0701578342733E-15,1.,0.));
#3607=DIRECTION('',(0.,0.,-1.));
#3608=DIRECTION('center_axis',(3.51496226892088E-15,-1.,0.));
#3609=DIRECTION('ref_axis',(1.,3.51496226892088E-15,0.));
#3610=DIRECTION('',(1.,3.51496226892088E-15,0.));
#3611=DIRECTION('',(-1.,-3.51496226892088E-15,0.));
#3612=DIRECTION('',(0.,0.,-1.));
#3613=DIRECTION('center_axis',(-0.403671360964851,0.914904056356067,0.));
#3614=DIRECTION('ref_axis',(-0.914904056356067,-0.403671360964851,0.));
#3615=DIRECTION('',(-0.914904056356067,-0.403671360964851,0.));
#3616=DIRECTION('',(0.914904056356067,0.403671360964851,0.));
#3617=DIRECTION('',(0.,0.,-1.));
#3618=DIRECTION('center_axis',(-1.,-6.22734148643812E-15,0.));
#3619=DIRECTION('ref_axis',(6.22734148643812E-15,-1.,0.));
#3620=DIRECTION('',(6.22734148643812E-15,-1.,0.));
#3621=DIRECTION('',(-6.22734148643812E-15,1.,0.));
#3622=DIRECTION('',(0.,0.,-1.));
#3623=DIRECTION('center_axis',(-0.406841728378538,-0.913498663408964,0.));
#3624=DIRECTION('ref_axis',(0.913498663408964,-0.406841728378538,0.));
#3625=DIRECTION('',(0.913498663408964,-0.406841728378538,0.));
#3626=DIRECTION('',(-0.913498663408964,0.406841728378538,0.));
#3627=DIRECTION('',(0.,0.,-1.));
#3628=DIRECTION('center_axis',(-3.51496226892088E-15,1.,0.));
#3629=DIRECTION('ref_axis',(-1.,-3.51496226892088E-15,0.));
#3630=DIRECTION('',(-1.,-3.51496226892088E-15,0.));
#3631=DIRECTION('',(1.,3.51496226892088E-15,0.));
#3632=DIRECTION('',(0.,0.,-1.));
#3633=DIRECTION('center_axis',(1.,2.78006316358846E-15,0.));
#3634=DIRECTION('ref_axis',(-2.78006316358846E-15,1.,0.));
#3635=DIRECTION('',(-2.78006316358846E-15,1.,0.));
#3636=DIRECTION('',(0.,0.,-1.));
#3637=DIRECTION('',(2.78006316358846E-15,-1.,0.));
#3638=DIRECTION('center_axis',(0.409094040958199,-0.912492227721689,0.));
#3639=DIRECTION('ref_axis',(0.912492227721689,0.409094040958199,0.));
#3640=DIRECTION('',(0.912492227721689,0.409094040958199,0.));
#3641=DIRECTION('',(0.,0.,-1.));
#3642=DIRECTION('',(-0.912492227721689,-0.409094040958199,0.));
#3643=DIRECTION('center_axis',(0.397944692264709,0.917409408006233,0.));
#3644=DIRECTION('ref_axis',(-0.917409408006233,0.397944692264709,0.));
#3645=DIRECTION('',(-0.917409408006233,0.397944692264709,0.));
#3646=DIRECTION('',(0.,0.,-1.));
#3647=DIRECTION('',(0.917409408006233,-0.397944692264709,0.));
#3648=DIRECTION('center_axis',(1.,5.46258025126153E-15,0.));
#3649=DIRECTION('ref_axis',(-5.46258025126153E-15,1.,0.));
#3650=DIRECTION('',(-5.46258025126153E-15,1.,0.));
#3651=DIRECTION('',(0.,0.,-1.));
#3652=DIRECTION('',(5.46258025126153E-15,-1.,0.));
#3653=DIRECTION('center_axis',(3.53252758549976E-15,-1.,0.));
#3654=DIRECTION('ref_axis',(1.,3.53252758549976E-15,0.));
#3655=DIRECTION('',(1.,3.53252758549976E-15,0.));
#3656=DIRECTION('',(0.,0.,1.));
#3657=DIRECTION('',(-1.,-3.53252758549976E-15,0.));
#3658=DIRECTION('center_axis',(-1.,-3.79715944295009E-15,0.));
#3659=DIRECTION('ref_axis',(3.79715944295009E-15,-1.,0.));
#3660=DIRECTION('',(3.79715944295009E-15,-1.,0.));
#3661=DIRECTION('',(-3.79715944295009E-15,1.,0.));
#3662=DIRECTION('',(0.,0.,-1.));
#3663=DIRECTION('',(0.,0.,-1.));
#3664=DIRECTION('',(0.,0.,-1.));
#3665=DIRECTION('',(0.,0.,-1.));
#3666=DIRECTION('',(0.,0.,-1.));
#3667=DIRECTION('center_axis',(3.23498259035748E-15,-1.,0.));
#3668=DIRECTION('ref_axis',(1.,3.23498259035748E-15,0.));
#3669=DIRECTION('',(1.,3.23498259035748E-15,0.));
#3670=DIRECTION('',(-1.,-3.23498259035748E-15,0.));
#3671=DIRECTION('',(0.,0.,-1.));
#3672=DIRECTION('center_axis',(1.,3.79715944295012E-15,0.));
#3673=DIRECTION('ref_axis',(-3.79715944295012E-15,1.,0.));
#3674=DIRECTION('',(-3.79715944295012E-15,1.,0.));
#3675=DIRECTION('',(3.79715944295012E-15,-1.,0.));
#3676=DIRECTION('',(0.,0.,-1.));
#3677=DIRECTION('center_axis',(-3.23498259035748E-15,1.,0.));
#3678=DIRECTION('ref_axis',(-1.,-3.23498259035748E-15,0.));
#3679=DIRECTION('',(-1.,-3.23498259035748E-15,0.));
#3680=DIRECTION('',(1.,3.23498259035748E-15,0.));
#3681=DIRECTION('',(0.,0.,-1.));
#3682=DIRECTION('',(0.,0.,-1.));
#3683=DIRECTION('center_axis',(-3.21826433407656E-15,1.,0.));
#3684=DIRECTION('ref_axis',(-1.,-3.21826433407656E-15,0.));
#3685=DIRECTION('',(-1.,-3.21826433407656E-15,0.));
#3686=DIRECTION('',(0.,0.,-1.));
#3687=DIRECTION('',(1.,3.21826433407656E-15,0.));
#3688=DIRECTION('center_axis',(1.,3.79715944295009E-15,0.));
#3689=DIRECTION('ref_axis',(-3.79715944295009E-15,1.,0.));
#3690=DIRECTION('',(-3.79715944295009E-15,1.,0.));
#3691=DIRECTION('',(0.,0.,-1.));
#3692=DIRECTION('',(3.79715944295009E-15,-1.,0.));
#3693=DIRECTION('center_axis',(3.23498259035748E-15,-1.,0.));
#3694=DIRECTION('ref_axis',(1.,3.23498259035748E-15,0.));
#3695=DIRECTION('',(1.,3.23498259035748E-15,0.));
#3696=DIRECTION('',(0.,0.,-1.));
#3697=DIRECTION('',(-1.,-3.23498259035748E-15,0.));
#3698=DIRECTION('',(0.,0.,-1.));
#3699=DIRECTION('',(0.,0.,1.));
#3700=DIRECTION('center_axis',(2.31070185025535E-15,-1.,0.));
#3701=DIRECTION('ref_axis',(1.,2.31070185025535E-15,0.));
#3702=DIRECTION('',(-1.,-2.31070185025535E-15,0.));
#3703=DIRECTION('',(0.,0.,-1.));
#3704=DIRECTION('',(1.,2.31070185025535E-15,0.));
#3705=DIRECTION('',(0.,0.,-1.));
#3706=DIRECTION('',(0.,0.,-1.));
#3707=DIRECTION('',(0.,0.,-1.));
#3708=DIRECTION('',(0.,0.,-1.));
#3709=DIRECTION('',(0.,0.,-1.));
#3710=DIRECTION('',(0.,0.,-1.));
#3711=DIRECTION('',(0.,0.,-1.));
#3712=DIRECTION('center_axis',(6.29024392569511E-15,-1.,0.));
#3713=DIRECTION('ref_axis',(1.,6.29024392569511E-15,0.));
#3714=DIRECTION('',(-1.,-6.29024392569511E-15,0.));
#3715=DIRECTION('',(1.,6.29024392569511E-15,0.));
#3716=DIRECTION('',(0.,0.,-1.));
#3717=DIRECTION('center_axis',(-1.,0.,0.));
#3718=DIRECTION('ref_axis',(0.,-1.,0.));
#3719=DIRECTION('',(0.,1.,0.));
#3720=DIRECTION('',(0.,-1.,0.));
#3721=DIRECTION('',(0.,0.,-1.));
#3722=DIRECTION('',(0.,0.,-1.));
#3723=DIRECTION('',(0.,0.,-1.));
#3724=DIRECTION('',(0.,0.,-1.));
#3725=DIRECTION('',(0.,0.,-1.));
#3726=DIRECTION('',(0.,0.,-1.));
#3727=DIRECTION('',(0.,0.,-1.));
#3728=DIRECTION('center_axis',(-3.90428933319006E-15,1.,0.));
#3729=DIRECTION('ref_axis',(-1.,-3.90428933319006E-15,0.));
#3730=DIRECTION('',(1.,3.90428933319006E-15,0.));
#3731=DIRECTION('',(-1.,-3.90428933319006E-15,0.));
#3732=DIRECTION('',(0.,0.,-1.));
#3733=DIRECTION('center_axis',(-1.,-4.35478425625045E-15,0.));
#3734=DIRECTION('ref_axis',(4.35478425625045E-15,-1.,0.));
#3735=DIRECTION('',(-4.35478425625045E-15,1.,0.));
#3736=DIRECTION('',(4.35478425625045E-15,-1.,0.));
#3737=DIRECTION('',(0.,0.,-1.));
#3738=DIRECTION('center_axis',(0.,1.,0.));
#3739=DIRECTION('ref_axis',(-1.,0.,0.));
#3740=DIRECTION('',(1.,0.,0.));
#3741=DIRECTION('',(-1.,0.,0.));
#3742=DIRECTION('',(0.,0.,-1.));
#3743=DIRECTION('center_axis',(1.,4.1700947453827E-15,0.));
#3744=DIRECTION('ref_axis',(-4.1700947453827E-15,1.,0.));
#3745=DIRECTION('',(4.1700947453827E-15,-1.,0.));
#3746=DIRECTION('',(-4.1700947453827E-15,1.,0.));
#3747=DIRECTION('',(0.,0.,1.));
#3748=DIRECTION('center_axis',(0.,0.,1.));
#3749=DIRECTION('ref_axis',(0.171341178936497,-0.985211754091805,0.));
#3750=DIRECTION('center_axis',(0.,0.,-1.));
#3751=DIRECTION('ref_axis',(0.171341178936497,-0.985211754091805,0.));
#3752=DIRECTION('center_axis',(0.,0.,-1.));
#3753=DIRECTION('ref_axis',(0.171341178936497,-0.985211754091805,0.));
#3754=DIRECTION('center_axis',(0.,0.,1.));
#3755=DIRECTION('ref_axis',(0.171341178936497,-0.985211754091805,0.));
#3756=DIRECTION('center_axis',(0.,0.,1.));
#3757=DIRECTION('ref_axis',(1.,0.,0.));
#3758=DIRECTION('center_axis',(0.,0.,1.));
#3759=DIRECTION('ref_axis',(1.,0.,0.));
#3760=DIRECTION('',(0.,0.,1.));
#3761=DIRECTION('',(1.,0.,0.));
#3762=DIRECTION('',(0.,0.,1.));
#3763=DIRECTION('',(1.,0.,0.));
#3764=DIRECTION('',(0.,0.,1.));
#3765=DIRECTION('',(-9.71445146547011E-17,1.,0.));
#3766=CARTESIAN_POINT('',(0.,0.,0.));
#3767=CARTESIAN_POINT('',(0.,0.,0.));
#3768=CARTESIAN_POINT('Origin',(-0.75,0.35,0.05));
#3769=CARTESIAN_POINT('',(-0.75,0.4,0.05));
#3770=CARTESIAN_POINT('',(-0.8,0.35,0.05));
#3771=CARTESIAN_POINT('Origin',(-0.75,0.35,0.05));
#3772=CARTESIAN_POINT('',(-0.75,0.35,0.));
#3773=CARTESIAN_POINT('Origin',(-0.75,0.35,0.05));
#3774=CARTESIAN_POINT('Origin',(-0.75,0.35,0.05));
#3775=CARTESIAN_POINT('Origin',(0.4,0.35,0.05));
#3776=CARTESIAN_POINT('',(-0.5,0.4,0.05));
#3777=CARTESIAN_POINT('',(-0.5,0.35,0.));
#3778=CARTESIAN_POINT('Origin',(-0.5,0.35,0.05));
#3779=CARTESIAN_POINT('',(0.4,0.35,0.));
#3780=CARTESIAN_POINT('',(0.4,0.4,0.05));
#3781=CARTESIAN_POINT('Origin',(-0.75,0.35,0.85));
#3782=CARTESIAN_POINT('',(-0.75,0.4,0.85));
#3783=CARTESIAN_POINT('',(-0.75,0.35,0.9));
#3784=CARTESIAN_POINT('Origin',(-0.75,0.35,0.85));
#3785=CARTESIAN_POINT('',(-0.8,0.35,0.85));
#3786=CARTESIAN_POINT('Origin',(-0.75,0.35,0.85));
#3787=CARTESIAN_POINT('Origin',(-0.75,0.35,0.85));
#3788=CARTESIAN_POINT('Origin',(-0.75,0.35,0.));
#3789=CARTESIAN_POINT('',(-0.75,0.4,0.));
#3790=CARTESIAN_POINT('',(-0.8,0.35,0.));
#3791=CARTESIAN_POINT('Origin',(-0.75,-0.35,0.05));
#3792=CARTESIAN_POINT('',(-0.8,-0.35,0.05));
#3793=CARTESIAN_POINT('',(-0.75,-0.4,0.05));
#3794=CARTESIAN_POINT('Origin',(-0.75,-0.35,0.05));
#3795=CARTESIAN_POINT('',(-0.75,-0.35,0.));
#3796=CARTESIAN_POINT('Origin',(-0.75,-0.35,0.05));
#3797=CARTESIAN_POINT('Origin',(-0.75,-0.35,0.05));
#3798=CARTESIAN_POINT('Origin',(-0.75,0.2,0.05));
#3799=CARTESIAN_POINT('',(-0.8,0.2,0.05));
#3800=CARTESIAN_POINT('',(-0.75,0.2,0.));
#3801=CARTESIAN_POINT('Origin',(-0.4,-0.35,0.05));
#3802=CARTESIAN_POINT('',(-0.5,-0.35,0.));
#3803=CARTESIAN_POINT('',(-0.5,-0.4,0.05));
#3804=CARTESIAN_POINT('Origin',(-0.5,-0.35,0.05));
#3805=CARTESIAN_POINT('',(-0.4,-0.4,0.05));
#3806=CARTESIAN_POINT('',(-0.4,-0.35,0.));
#3807=CARTESIAN_POINT('Origin',(-0.75,-0.35,0.85));
#3808=CARTESIAN_POINT('',(-0.8,-0.35,0.85));
#3809=CARTESIAN_POINT('',(-0.75,-0.35,0.9));
#3810=CARTESIAN_POINT('Origin',(-0.75,-0.35,0.85));
#3811=CARTESIAN_POINT('',(-0.75,-0.4,0.85));
#3812=CARTESIAN_POINT('Origin',(-0.75,-0.35,0.85));
#3813=CARTESIAN_POINT('Origin',(-0.75,-0.35,0.85));
#3814=CARTESIAN_POINT('Origin',(-0.75,-0.35,0.));
#3815=CARTESIAN_POINT('',(-0.8,-0.35,0.));
#3816=CARTESIAN_POINT('',(-0.75,-0.4,0.));
#3817=CARTESIAN_POINT('Origin',(-0.4,-0.35,0.85));
#3818=CARTESIAN_POINT('',(-0.5,-0.4,0.85));
#3819=CARTESIAN_POINT('',(-0.5,-0.35,0.9));
#3820=CARTESIAN_POINT('Origin',(-0.5,-0.35,0.85));
#3821=CARTESIAN_POINT('',(-0.4,-0.35,0.9));
#3822=CARTESIAN_POINT('',(-0.4,-0.4,0.85));
#3823=CARTESIAN_POINT('Origin',(-0.75,0.2,0.85));
#3824=CARTESIAN_POINT('',(-0.75,0.2,0.9));
#3825=CARTESIAN_POINT('',(-0.8,0.2,0.85));
#3826=CARTESIAN_POINT('Origin',(0.4,0.35,0.85));
#3827=CARTESIAN_POINT('',(-0.5,0.35,0.9));
#3828=CARTESIAN_POINT('',(-0.5,0.4,0.85));
#3829=CARTESIAN_POINT('Origin',(-0.5,0.35,0.85));
#3830=CARTESIAN_POINT('',(0.4,0.4,0.85));
#3831=CARTESIAN_POINT('',(0.4,0.35,0.9));
#3832=CARTESIAN_POINT('Origin',(0.,0.,0.));
#3833=CARTESIAN_POINT('',(-0.5,0.2,0.));
#3834=CARTESIAN_POINT('Origin',(0.8,0.4,0.));
#3835=CARTESIAN_POINT('',(-0.5,0.4,0.45));
#3836=CARTESIAN_POINT('Origin',(-0.8,0.4,0.));
#3837=CARTESIAN_POINT('Origin',(-0.5,0.4,0.9));
#3838=CARTESIAN_POINT('',(-0.5,0.2,0.9));
#3839=CARTESIAN_POINT('',(-0.5,-0.4,0.45));
#3840=CARTESIAN_POINT('Origin',(-0.8,-0.4,0.));
#3841=CARTESIAN_POINT('Origin',(0.,0.,0.9));
#3842=CARTESIAN_POINT('Origin',(0.75,0.35,0.85));
#3843=CARTESIAN_POINT('',(0.8,0.35,0.85));
#3844=CARTESIAN_POINT('',(0.75,0.35,0.9));
#3845=CARTESIAN_POINT('Origin',(0.75,0.35,0.85));
#3846=CARTESIAN_POINT('',(0.75,0.4,0.85));
#3847=CARTESIAN_POINT('Origin',(0.75,0.35,0.85));
#3848=CARTESIAN_POINT('Origin',(0.75,0.35,0.85));
#3849=CARTESIAN_POINT('Origin',(0.75,-0.35,0.85));
#3850=CARTESIAN_POINT('',(0.75,-0.4,0.85));
#3851=CARTESIAN_POINT('',(0.75,-0.35,0.9));
#3852=CARTESIAN_POINT('Origin',(0.75,-0.35,0.85));
#3853=CARTESIAN_POINT('',(0.8,-0.35,0.85));
#3854=CARTESIAN_POINT('Origin',(0.75,-0.35,0.85));
#3855=CARTESIAN_POINT('Origin',(0.75,-0.35,0.85));
#3856=CARTESIAN_POINT('Origin',(0.75,0.35,0.05));
#3857=CARTESIAN_POINT('',(0.75,0.35,0.));
#3858=CARTESIAN_POINT('',(0.8,0.35,0.05));
#3859=CARTESIAN_POINT('Origin',(0.75,0.35,0.05));
#3860=CARTESIAN_POINT('',(0.75,0.4,0.05));
#3861=CARTESIAN_POINT('Origin',(0.75,0.35,0.05));
#3862=CARTESIAN_POINT('Origin',(0.75,0.35,0.05));
#3863=CARTESIAN_POINT('Origin',(0.4,0.35,0.05));
#3864=CARTESIAN_POINT('',(0.5,0.35,0.));
#3865=CARTESIAN_POINT('',(0.5,0.4,0.05));
#3866=CARTESIAN_POINT('Origin',(0.5,0.35,0.05));
#3867=CARTESIAN_POINT('',(0.4,0.4,0.05));
#3868=CARTESIAN_POINT('',(0.4,0.35,0.));
#3869=CARTESIAN_POINT('Origin',(0.75,0.35,0.));
#3870=CARTESIAN_POINT('',(0.8,0.35,0.));
#3871=CARTESIAN_POINT('',(0.75,0.4,0.));
#3872=CARTESIAN_POINT('Origin',(0.75,-0.35,0.05));
#3873=CARTESIAN_POINT('',(0.75,-0.4,0.05));
#3874=CARTESIAN_POINT('',(0.8,-0.35,0.05));
#3875=CARTESIAN_POINT('Origin',(0.75,-0.35,0.05));
#3876=CARTESIAN_POINT('',(0.75,-0.35,0.));
#3877=CARTESIAN_POINT('Origin',(0.75,-0.35,0.05));
#3878=CARTESIAN_POINT('Origin',(0.75,-0.35,0.05));
#3879=CARTESIAN_POINT('Origin',(-0.4,-0.35,0.05));
#3880=CARTESIAN_POINT('',(0.5,-0.4,0.05));
#3881=CARTESIAN_POINT('',(0.5,-0.35,0.));
#3882=CARTESIAN_POINT('Origin',(0.5,-0.35,0.05));
#3883=CARTESIAN_POINT('',(-0.4,-0.35,0.));
#3884=CARTESIAN_POINT('',(-0.4,-0.4,0.05));
#3885=CARTESIAN_POINT('Origin',(0.75,-0.2,0.05));
#3886=CARTESIAN_POINT('',(0.8,-0.2,0.05));
#3887=CARTESIAN_POINT('',(0.75,-0.2,0.));
#3888=CARTESIAN_POINT('Origin',(0.75,-0.35,0.));
#3889=CARTESIAN_POINT('',(0.75,-0.4,0.));
#3890=CARTESIAN_POINT('',(0.8,-0.35,0.));
#3891=CARTESIAN_POINT('Origin',(0.75,-0.2,0.85));
#3892=CARTESIAN_POINT('',(0.75,-0.2,0.9));
#3893=CARTESIAN_POINT('',(0.8,-0.2,0.85));
#3894=CARTESIAN_POINT('Origin',(-0.4,-0.35,0.85));
#3895=CARTESIAN_POINT('',(0.5,-0.35,0.9));
#3896=CARTESIAN_POINT('',(0.5,-0.4,0.85));
#3897=CARTESIAN_POINT('Origin',(0.5,-0.35,0.85));
#3898=CARTESIAN_POINT('',(-0.4,-0.4,0.85));
#3899=CARTESIAN_POINT('',(-0.4,-0.35,0.9));
#3900=CARTESIAN_POINT('Origin',(0.4,0.35,0.85));
#3901=CARTESIAN_POINT('',(0.5,0.4,0.85));
#3902=CARTESIAN_POINT('',(0.5,0.35,0.9));
#3903=CARTESIAN_POINT('Origin',(0.5,0.35,0.85));
#3904=CARTESIAN_POINT('',(0.4,0.35,0.9));
#3905=CARTESIAN_POINT('',(0.4,0.4,0.85));
#3906=CARTESIAN_POINT('Origin',(-0.8,-0.4,0.));
#3907=CARTESIAN_POINT('',(0.5,-0.4,0.45));
#3908=CARTESIAN_POINT('Origin',(0.5,-0.4,0.9));
#3909=CARTESIAN_POINT('',(0.5,-0.2,0.9));
#3910=CARTESIAN_POINT('',(0.5,0.4,0.45));
#3911=CARTESIAN_POINT('',(0.5,-0.2,0.));
#3912=CARTESIAN_POINT('Origin',(0.,0.,0.9));
#3913=CARTESIAN_POINT('Origin',(0.8,-0.4,0.));
#3914=CARTESIAN_POINT('Origin',(0.,0.,0.));
#3915=CARTESIAN_POINT('Origin',(0.8,0.4,0.));
#3916=CARTESIAN_POINT('',(0.,0.,0.));
#3917=CARTESIAN_POINT('Origin',(0.25,0.35,0.85));
#3918=CARTESIAN_POINT('',(-0.5,0.4,0.85));
#3919=CARTESIAN_POINT('',(-0.5,0.35,0.9));
#3920=CARTESIAN_POINT('Origin',(-0.5,0.35,0.85));
#3921=CARTESIAN_POINT('',(0.5,0.35,0.9));
#3922=CARTESIAN_POINT('',(0.25,0.35,0.9));
#3923=CARTESIAN_POINT('',(0.5,0.4,0.85));
#3924=CARTESIAN_POINT('Origin',(0.5,0.35,0.85));
#3925=CARTESIAN_POINT('',(0.25,0.4,0.85));
#3926=CARTESIAN_POINT('Origin',(-0.5,0.4,0.));
#3927=CARTESIAN_POINT('',(-0.5,0.4,0.05));
#3928=CARTESIAN_POINT('',(-0.5,0.4,0.));
#3929=CARTESIAN_POINT('',(-0.5,0.35,0.));
#3930=CARTESIAN_POINT('Origin',(-0.5,0.35,0.05));
#3931=CARTESIAN_POINT('',(-0.5,-0.35,0.));
#3932=CARTESIAN_POINT('',(-0.5,0.4,0.));
#3933=CARTESIAN_POINT('',(-0.5,-0.4,0.05));
#3934=CARTESIAN_POINT('Origin',(-0.5,-0.35,0.05));
#3935=CARTESIAN_POINT('',(-0.5,-0.4,0.85));
#3936=CARTESIAN_POINT('',(-0.5,-0.4,0.));
#3937=CARTESIAN_POINT('',(-0.5,-0.35,0.9));
#3938=CARTESIAN_POINT('Origin',(-0.5,-0.35,0.85));
#3939=CARTESIAN_POINT('',(-0.5,0.4,0.9));
#3940=CARTESIAN_POINT('Origin',(0.5,0.4,0.));
#3941=CARTESIAN_POINT('',(0.5,0.4,0.05));
#3942=CARTESIAN_POINT('',(0.5,0.4,0.));
#3943=CARTESIAN_POINT('',(0.25,0.4,0.05));
#3944=CARTESIAN_POINT('Origin',(0.25,0.35,0.05));
#3945=CARTESIAN_POINT('',(0.5,0.35,0.));
#3946=CARTESIAN_POINT('Origin',(0.5,0.35,0.05));
#3947=CARTESIAN_POINT('',(0.25,0.35,0.));
#3948=CARTESIAN_POINT('Origin',(-0.25,-0.35,0.05));
#3949=CARTESIAN_POINT('',(0.5,-0.35,0.));
#3950=CARTESIAN_POINT('',(0.5,-0.4,0.05));
#3951=CARTESIAN_POINT('Origin',(0.5,-0.35,0.05));
#3952=CARTESIAN_POINT('',(-0.25,-0.4,0.05));
#3953=CARTESIAN_POINT('',(-0.25,-0.35,0.));
#3954=CARTESIAN_POINT('Origin',(-0.5,-0.4,0.));
#3955=CARTESIAN_POINT('',(0.5,-0.4,0.85));
#3956=CARTESIAN_POINT('',(0.5,-0.4,0.));
#3957=CARTESIAN_POINT('',(-0.25,-0.4,0.85));
#3958=CARTESIAN_POINT('Origin',(0.5,-0.4,0.));
#3959=CARTESIAN_POINT('',(0.5,-0.35,0.9));
#3960=CARTESIAN_POINT('',(0.5,-0.4,0.9));
#3961=CARTESIAN_POINT('Origin',(0.5,-0.35,0.85));
#3962=CARTESIAN_POINT('',(0.5,-0.4,0.));
#3963=CARTESIAN_POINT('Origin',(-0.25,-0.35,0.85));
#3964=CARTESIAN_POINT('',(-0.25,-0.35,0.9));
#3965=CARTESIAN_POINT('Origin',(-1.38777878078145E-16,-1.38777878078145E-16,
0.9));
#3966=CARTESIAN_POINT('Origin',(-1.62630325872826E-16,-1.0842021724855E-16,
0.));
#3967=CARTESIAN_POINT('',(0.,0.,0.));
#3968=CARTESIAN_POINT('Origin',(2.48241230543241,2.76067470712013,0.0525));
#3969=CARTESIAN_POINT('',(2.48241230543241,2.76067470712013,0.0475));
#3970=CARTESIAN_POINT('',(2.4886521761616,2.75866903438575,0.0475));
#3971=CARTESIAN_POINT('',(2.48535514388787,2.75972879475944,0.0475));
#3972=CARTESIAN_POINT('',(2.48241230543241,2.76067470712013,0.0525));
#3973=CARTESIAN_POINT('',(2.48241230543241,2.76067470712013,0.0475));
#3974=CARTESIAN_POINT('',(2.4886521761616,2.75866903438575,0.0525));
#3975=CARTESIAN_POINT('',(2.4886521761616,2.75866903438575,0.0525));
#3976=CARTESIAN_POINT('',(2.4886521761616,2.75866903438575,0.0475));
#3977=CARTESIAN_POINT('Origin',(2.4886521761616,2.74168767190131,0.0525));
#3978=CARTESIAN_POINT('',(2.4886521761616,2.74168767190131,0.0475));
#3979=CARTESIAN_POINT('',(2.48241230543241,2.73968199916693,0.0475));
#3980=CARTESIAN_POINT('',(2.48847507925246,2.74163074789481,0.0475));
#3981=CARTESIAN_POINT('',(2.4886521761616,2.74168767190131,0.0525));
#3982=CARTESIAN_POINT('',(2.4886521761616,2.74168767190131,0.0475));
#3983=CARTESIAN_POINT('',(2.48241230543241,2.73968199916693,0.0525));
#3984=CARTESIAN_POINT('',(2.48241230543241,2.73968199916693,0.0525));
#3985=CARTESIAN_POINT('',(2.48241230543241,2.73968199916693,0.0475));
#3986=CARTESIAN_POINT('Origin',(2.51454763968773,2.75020063839613,0.0475));
#3987=CARTESIAN_POINT('',(2.51454763968773,2.75020063839613,0.0475));
#3988=CARTESIAN_POINT('',(2.52227830835252,2.74767253676737,0.0475));
#3989=CARTESIAN_POINT('',(2.51454763968773,2.75020063839613,0.0525));
#3990=CARTESIAN_POINT('',(2.52227830835252,2.74767253676737,0.0525));
#3991=CARTESIAN_POINT('',(2.51454763968773,2.75020063839613,0.0475));
#3992=CARTESIAN_POINT('Origin',(2.4886521761616,2.74168767190131,0.0475));
#3993=CARTESIAN_POINT('',(2.47705463014828,2.73787505350451,0.0475));
#3994=CARTESIAN_POINT('',(2.47705463014828,2.73787505350451,0.0525));
#3995=CARTESIAN_POINT('Origin',(2.47849010097406,2.53920386673918,0.0475));
#3996=CARTESIAN_POINT('',(2.47849010097406,2.53920386673918,0.0475));
#3997=CARTESIAN_POINT('',(2.52203548456275,2.56135540782779,0.0475));
#3998=CARTESIAN_POINT('',(2.50604529529342,2.55322119690982,0.0475));
#3999=CARTESIAN_POINT('',(2.47849010097406,2.53920386673918,0.0525));
#4000=CARTESIAN_POINT('',(2.47849010097406,2.53920386673918,0.0475));
#4001=CARTESIAN_POINT('',(2.52203548456275,2.56135540782779,0.0525));
#4002=CARTESIAN_POINT('',(2.50604529529342,2.55322119690982,0.0525));
#4003=CARTESIAN_POINT('',(2.52203548456275,2.56135540782779,0.0475));
#4004=CARTESIAN_POINT('Origin',(2.52203548456275,2.56135540782779,0.0475));
#4005=CARTESIAN_POINT('',(2.52203548456275,2.57174033554137,0.0475));
#4006=CARTESIAN_POINT('',(2.52203548456275,2.60125344934337,0.0475));
#4007=CARTESIAN_POINT('',(2.52203548456275,2.57174033554137,0.0525));
#4008=CARTESIAN_POINT('',(2.52203548456275,2.60125344934337,0.0525));
#4009=CARTESIAN_POINT('',(2.52203548456275,2.57174033554137,0.0475));
#4010=CARTESIAN_POINT('Origin',(2.52203548456275,2.57174033554137,0.0475));
#4011=CARTESIAN_POINT('',(2.46703548113548,2.57174033554137,0.0475));
#4012=CARTESIAN_POINT('',(2.50901822096806,2.57174033554137,0.0475));
#4013=CARTESIAN_POINT('',(2.46703548113548,2.57174033554137,0.0525));
#4014=CARTESIAN_POINT('',(2.50901822096806,2.57174033554137,0.0525));
#4015=CARTESIAN_POINT('',(2.46703548113548,2.57174033554137,0.0475));
#4016=CARTESIAN_POINT('Origin',(2.46703548113548,2.57174033554137,0.0475));
#4017=CARTESIAN_POINT('',(2.46703548113548,2.56492104824447,0.0475));
#4018=CARTESIAN_POINT('',(2.46703548113548,2.60644591320016,0.0475));
#4019=CARTESIAN_POINT('',(2.46703548113548,2.56492104824447,0.0525));
#4020=CARTESIAN_POINT('',(2.46703548113548,2.60644591320016,0.0525));
#4021=CARTESIAN_POINT('',(2.46703548113548,2.56492104824447,0.0475));
#4022=CARTESIAN_POINT('Origin',(2.46703548113548,2.56492104824447,0.0475));
#4023=CARTESIAN_POINT('',(2.51445849867731,2.56492104824447,0.0475));
#4024=CARTESIAN_POINT('',(2.48151821925443,2.56492104824447,0.0475));
#4025=CARTESIAN_POINT('',(2.51445849867731,2.56492104824447,0.0525));
#4026=CARTESIAN_POINT('',(2.48151821925443,2.56492104824447,0.0525));
#4027=CARTESIAN_POINT('',(2.51445849867731,2.56492104824447,0.0475));
#4028=CARTESIAN_POINT('Origin',(2.51445849867731,2.56492104824447,0.0475));
#4029=CARTESIAN_POINT('',(2.46703548113548,2.54058555240064,0.0475));
#4030=CARTESIAN_POINT('',(2.52263557647214,2.56911718027077,0.0475));
#4031=CARTESIAN_POINT('',(2.46703548113548,2.54058555240064,0.0525));
#4032=CARTESIAN_POINT('',(2.52263557647214,2.56911718027077,0.0525));
#4033=CARTESIAN_POINT('',(2.46703548113548,2.54058555240064,0.0475));
#4034=CARTESIAN_POINT('Origin',(2.52203548456275,2.53920386673918,0.0475));
#4035=CARTESIAN_POINT('',(2.52203548456275,2.53920386673918,0.0475));
#4036=CARTESIAN_POINT('',(2.50901822096806,2.53920386673918,0.0475));
#4037=CARTESIAN_POINT('',(2.52203548456275,2.53920386673918,0.0525));
#4038=CARTESIAN_POINT('',(2.52203548456275,2.53920386673918,0.0475));
#4039=CARTESIAN_POINT('',(2.50901822096806,2.53920386673918,0.0525));
#4040=CARTESIAN_POINT('Origin',(2.52203548456275,2.53238457944228,0.0475));
#4041=CARTESIAN_POINT('',(2.52203548456275,2.53238457944228,0.0475));
#4042=CARTESIAN_POINT('',(2.52203548456275,2.58676803515061,0.0475));
#4043=CARTESIAN_POINT('',(2.52203548456275,2.53238457944228,0.0525));
#4044=CARTESIAN_POINT('',(2.52203548456275,2.53238457944228,0.0475));
#4045=CARTESIAN_POINT('',(2.52203548456275,2.58676803515061,0.0525));
#4046=CARTESIAN_POINT('Origin',(2.46703548113548,2.53238457944228,0.0475));
#4047=CARTESIAN_POINT('',(2.46703548113548,2.53238457944228,0.0475));
#4048=CARTESIAN_POINT('',(2.48151821925443,2.53238457944228,0.0475));
#4049=CARTESIAN_POINT('',(2.46703548113548,2.53238457944228,0.0525));
#4050=CARTESIAN_POINT('',(2.46703548113548,2.53238457944228,0.0475));
#4051=CARTESIAN_POINT('',(2.48151821925443,2.53238457944228,0.0525));
#4052=CARTESIAN_POINT('Origin',(2.46703548113548,2.54058555240064,0.0475));
#4053=CARTESIAN_POINT('',(2.46703548113548,2.59086852162979,0.0475));
#4054=CARTESIAN_POINT('',(2.46703548113548,2.59086852162979,0.0525));
#4055=CARTESIAN_POINT('Origin',(2.5107145762398,2.63092996645824,0.0475));
#4056=CARTESIAN_POINT('',(2.5107145762398,2.63092996645824,0.0475));
#4057=CARTESIAN_POINT('',(2.51945039526066,2.63092996645824,0.0475));
#4058=CARTESIAN_POINT('',(2.50335776680658,2.63092996645824,0.0475));
#4059=CARTESIAN_POINT('',(2.5107145762398,2.63092996645824,0.0525));
#4060=CARTESIAN_POINT('',(2.5107145762398,2.63092996645824,0.0475));
#4061=CARTESIAN_POINT('',(2.51945039526066,2.63092996645824,0.0525));
#4062=CARTESIAN_POINT('',(2.50335776680658,2.63092996645824,0.0525));
#4063=CARTESIAN_POINT('',(2.51945039526066,2.63092996645824,0.0475));
#4064=CARTESIAN_POINT('Ctrl Pts',(2.51945039526066,2.63092996645824,0.04));
#4065=CARTESIAN_POINT('Ctrl Pts',(2.51945039526066,2.63092996645824,0.055));
#4066=CARTESIAN_POINT('Ctrl Pts',(2.52118864496379,2.63445103636971,0.04));
#4067=CARTESIAN_POINT('Ctrl Pts',(2.52118864496379,2.63445103636971,0.055));
#4068=CARTESIAN_POINT('Ctrl Pts',(2.52301603567734,2.64265200932807,0.04));
#4069=CARTESIAN_POINT('Ctrl Pts',(2.52301603567734,2.64265200932807,0.055));
#4070=CARTESIAN_POINT('Ctrl Pts',(2.52301603567734,2.64728734186975,0.04));
#4071=CARTESIAN_POINT('Ctrl Pts',(2.52301603567734,2.64728734186975,0.055));
#4072=CARTESIAN_POINT('',(2.52301603567734,2.64728734186975,0.0475));
#4073=CARTESIAN_POINT('Ctrl Pts',(2.51945039526066,2.63092996645824,0.0475));
#4074=CARTESIAN_POINT('Ctrl Pts',(2.52060922839608,2.63327734639922,0.0475));
#4075=CARTESIAN_POINT('Ctrl Pts',(2.52149321008271,2.6358178651961,0.0475));
#4076=CARTESIAN_POINT('Ctrl Pts',(2.52210234032056,2.63855152284889,0.0475));
#4077=CARTESIAN_POINT('Ctrl Pts',(2.52271147055841,2.64128518050167,0.0475));
#4078=CARTESIAN_POINT('Ctrl Pts',(2.52301603567734,2.64419712017529,0.0475));
#4079=CARTESIAN_POINT('Ctrl Pts',(2.52301603567734,2.64728734186975,0.0475));
#4080=CARTESIAN_POINT('',(2.52301603567734,2.64728734186975,0.0525));
#4081=CARTESIAN_POINT('Ctrl Pts',(2.52301603567734,2.64728734186975,0.0525));
#4082=CARTESIAN_POINT('Ctrl Pts',(2.52301603567734,2.64419712017529,0.0525));
#4083=CARTESIAN_POINT('Ctrl Pts',(2.52271147055841,2.64128518050167,0.0525));
#4084=CARTESIAN_POINT('Ctrl Pts',(2.52210234032056,2.63855152284889,0.0525));
#4085=CARTESIAN_POINT('Ctrl Pts',(2.52149321008271,2.6358178651961,0.0525));
#4086=CARTESIAN_POINT('Ctrl Pts',(2.52060922839608,2.63327734639922,0.0525));
#4087=CARTESIAN_POINT('Ctrl Pts',(2.51945039526066,2.63092996645824,0.0525));
#4088=CARTESIAN_POINT('',(2.52301603567734,2.64728734186975,0.0475));
#4089=CARTESIAN_POINT('Ctrl Pts',(2.52301603567734,2.64728734186975,0.04));
#4090=CARTESIAN_POINT('Ctrl Pts',(2.52301603567734,2.64728734186975,0.055));
#4091=CARTESIAN_POINT('Ctrl Pts',(2.52301603567734,2.65535460331248,0.04));
#4092=CARTESIAN_POINT('Ctrl Pts',(2.52301603567734,2.65535460331248,0.055));
#4093=CARTESIAN_POINT('Ctrl Pts',(2.51396822312002,2.66578410153127,0.04));
#4094=CARTESIAN_POINT('Ctrl Pts',(2.51396822312002,2.66578410153127,0.055));
#4095=CARTESIAN_POINT('Ctrl Pts',(2.50728264733874,2.66578410153127,0.04));
#4096=CARTESIAN_POINT('Ctrl Pts',(2.50728264733874,2.66578410153127,0.055));
#4097=CARTESIAN_POINT('',(2.50728264733874,2.66578410153127,0.0475));
#4098=CARTESIAN_POINT('Ctrl Pts',(2.52301603567734,2.64728734186975,0.0475));
#4099=CARTESIAN_POINT('Ctrl Pts',(2.52301603567734,2.65266551616491,0.0475));
#4100=CARTESIAN_POINT('Ctrl Pts',(2.52150806691778,2.65709285301562,0.0475));
#4101=CARTESIAN_POINT('Ctrl Pts',(2.51849212939868,2.66056935242188,0.0475));
#4102=CARTESIAN_POINT('Ctrl Pts',(2.51547619187957,2.66404585182814,0.0475));
#4103=CARTESIAN_POINT('Ctrl Pts',(2.51173969785959,2.66578410153127,0.0475));
#4104=CARTESIAN_POINT('Ctrl Pts',(2.50728264733874,2.66578410153127,0.0475));
#4105=CARTESIAN_POINT('',(2.50728264733874,2.66578410153127,0.0525));
#4106=CARTESIAN_POINT('Ctrl Pts',(2.50728264733874,2.66578410153127,0.0525));
#4107=CARTESIAN_POINT('Ctrl Pts',(2.51173969785959,2.66578410153127,0.0525));
#4108=CARTESIAN_POINT('Ctrl Pts',(2.51547619187957,2.66404585182814,0.0525));
#4109=CARTESIAN_POINT('Ctrl Pts',(2.51849212939868,2.66056935242188,0.0525));
#4110=CARTESIAN_POINT('Ctrl Pts',(2.52150806691778,2.65709285301562,0.0525));
#4111=CARTESIAN_POINT('Ctrl Pts',(2.52301603567734,2.65266551616491,0.0525));
#4112=CARTESIAN_POINT('Ctrl Pts',(2.52301603567734,2.64728734186975,0.0525));
#4113=CARTESIAN_POINT('',(2.50728264733874,2.66578410153127,0.0475));
#4114=CARTESIAN_POINT('Ctrl Pts',(2.50728264733874,2.66578410153127,0.04));
#4115=CARTESIAN_POINT('Ctrl Pts',(2.50728264733874,2.66578410153127,0.055));
#4116=CARTESIAN_POINT('Ctrl Pts',(2.50407357096373,2.66578410153127,0.04));
#4117=CARTESIAN_POINT('Ctrl Pts',(2.50407357096373,2.66578410153127,0.055));
#4118=CARTESIAN_POINT('Ctrl Pts',(2.4991708153908,2.66391214031251,0.04));
#4119=CARTESIAN_POINT('Ctrl Pts',(2.4991708153908,2.66391214031251,0.055));
#4120=CARTESIAN_POINT('Ctrl Pts',(2.49734342467725,2.66221846111459,0.04));
#4121=CARTESIAN_POINT('Ctrl Pts',(2.49734342467725,2.66221846111459,0.055));
#4122=CARTESIAN_POINT('',(2.49734342467725,2.66221846111459,0.0475));
#4123=CARTESIAN_POINT('Ctrl Pts',(2.50728264733874,2.66578410153127,0.0475));
#4124=CARTESIAN_POINT('Ctrl Pts',(2.50514326308874,2.66578410153127,0.0475));
#4125=CARTESIAN_POINT('Ctrl Pts',(2.50325644503491,2.66547210799481,0.0475));
#4126=CARTESIAN_POINT('Ctrl Pts',(2.50162219317727,2.66484812092189,0.0475));
#4127=CARTESIAN_POINT('Ctrl Pts',(2.49998794131962,2.66422413384897,0.0475));
#4128=CARTESIAN_POINT('Ctrl Pts',(2.49856168515295,2.66334758057987,0.0475));
#4129=CARTESIAN_POINT('Ctrl Pts',(2.49734342467725,2.66221846111459,0.0475));
#4130=CARTESIAN_POINT('',(2.49734342467725,2.66221846111459,0.0525));
#4131=CARTESIAN_POINT('Ctrl Pts',(2.49734342467725,2.66221846111459,0.0525));
#4132=CARTESIAN_POINT('Ctrl Pts',(2.49856168515295,2.66334758057987,0.0525));
#4133=CARTESIAN_POINT('Ctrl Pts',(2.49998794131962,2.66422413384897,0.0525));
#4134=CARTESIAN_POINT('Ctrl Pts',(2.50162219317727,2.66484812092189,0.0525));
#4135=CARTESIAN_POINT('Ctrl Pts',(2.50325644503491,2.66547210799481,0.0525));
#4136=CARTESIAN_POINT('Ctrl Pts',(2.50514326308874,2.66578410153127,0.0525));
#4137=CARTESIAN_POINT('Ctrl Pts',(2.50728264733874,2.66578410153127,0.0525));
#4138=CARTESIAN_POINT('',(2.49734342467725,2.66221846111459,0.0475));
#4139=CARTESIAN_POINT('Ctrl Pts',(2.49734342467725,2.66221846111459,0.04));
#4140=CARTESIAN_POINT('Ctrl Pts',(2.49734342467725,2.66221846111459,0.055));
#4141=CARTESIAN_POINT('Ctrl Pts',(2.4955160339637,2.66048021141146,0.04));
#4142=CARTESIAN_POINT('Ctrl Pts',(2.4955160339637,2.66048021141146,0.055));
#4143=CARTESIAN_POINT('Ctrl Pts',(2.49324293819807,2.6559785903854,0.04));
#4144=CARTESIAN_POINT('Ctrl Pts',(2.49324293819807,2.6559785903854,0.055));
#4145=CARTESIAN_POINT('Ctrl Pts',(2.49248523960953,2.65312607805206,0.04));
#4146=CARTESIAN_POINT('Ctrl Pts',(2.49248523960953,2.65312607805206,0.055));
#4147=CARTESIAN_POINT('',(2.49248523960953,2.65312607805206,0.0475));
#4148=CARTESIAN_POINT('Ctrl Pts',(2.49734342467725,2.66221846111459,0.0475));
#4149=CARTESIAN_POINT('Ctrl Pts',(2.49612516420155,2.66105962797917,0.0475));
#4150=CARTESIAN_POINT('Ctrl Pts',(2.49513718466943,2.65972994124045,0.0475));
#4151=CARTESIAN_POINT('Ctrl Pts',(2.49437948608089,2.65822940089843,0.0475));
#4152=CARTESIAN_POINT('Ctrl Pts',(2.49362178749234,2.65672886055641,0.0475));
#4153=CARTESIAN_POINT('Ctrl Pts',(2.49299037200189,2.65502775294096,0.0475));
#4154=CARTESIAN_POINT('Ctrl Pts',(2.49248523960953,2.65312607805206,0.0475));
#4155=CARTESIAN_POINT('',(2.49248523960953,2.65312607805206,0.0525));
#4156=CARTESIAN_POINT('Ctrl Pts',(2.49248523960953,2.65312607805206,0.0525));
#4157=CARTESIAN_POINT('Ctrl Pts',(2.49299037200189,2.65502775294095,0.0525));
#4158=CARTESIAN_POINT('Ctrl Pts',(2.49362178749234,2.65672886055641,0.0525));
#4159=CARTESIAN_POINT('Ctrl Pts',(2.49437948608089,2.65822940089843,0.0525));
#4160=CARTESIAN_POINT('Ctrl Pts',(2.49513718466943,2.65972994124045,0.0525));
#4161=CARTESIAN_POINT('Ctrl Pts',(2.49612516420155,2.66105962797917,0.0525));
#4162=CARTESIAN_POINT('Ctrl Pts',(2.49734342467725,2.66221846111459,0.0525));
#4163=CARTESIAN_POINT('',(2.49248523960953,2.65312607805206,0.0475));
#4164=CARTESIAN_POINT('Ctrl Pts',(2.49248523960953,2.65312607805206,0.04));
#4165=CARTESIAN_POINT('Ctrl Pts',(2.49248523960953,2.65312607805206,0.055));
#4166=CARTESIAN_POINT('Ctrl Pts',(2.49168297051577,2.64996157218226,0.04));
#4167=CARTESIAN_POINT('Ctrl Pts',(2.49168297051577,2.64996157218226,0.055));
#4168=CARTESIAN_POINT('Ctrl Pts',(2.49070241940119,2.64572737418745,0.04));
#4169=CARTESIAN_POINT('Ctrl Pts',(2.49070241940119,2.64572737418745,0.055));
#4170=CARTESIAN_POINT('Ctrl Pts',(2.48998929131785,2.64318685539057,0.04));
#4171=CARTESIAN_POINT('Ctrl Pts',(2.48998929131785,2.64318685539057,0.055));
#4172=CARTESIAN_POINT('',(2.48998929131785,2.64318685539057,0.0475));
#4173=CARTESIAN_POINT('Ctrl Pts',(2.49248523960953,2.65312607805206,0.0475));
#4174=CARTESIAN_POINT('Ctrl Pts',(2.49195039354703,2.65101640747219,0.0475));
#4175=CARTESIAN_POINT('Ctrl Pts',(2.49151954533001,2.64925587251646,0.0475));
#4176=CARTESIAN_POINT('Ctrl Pts',(2.49119269495848,2.64784447318485,0.0475));
#4177=CARTESIAN_POINT('Ctrl Pts',(2.49086584458695,2.64643307385325,0.0475));
#4178=CARTESIAN_POINT('Ctrl Pts',(2.49046471004008,2.64488053458849,0.0475));
#4179=CARTESIAN_POINT('Ctrl Pts',(2.48998929131785,2.64318685539057,0.0475));
#4180=CARTESIAN_POINT('',(2.48998929131785,2.64318685539057,0.0525));
#4181=CARTESIAN_POINT('Ctrl Pts',(2.48998929131785,2.64318685539057,0.0525));
#4182=CARTESIAN_POINT('Ctrl Pts',(2.49046471004008,2.64488053458849,0.0525));
#4183=CARTESIAN_POINT('Ctrl Pts',(2.49086584458695,2.64643307385325,0.0525));
#4184=CARTESIAN_POINT('Ctrl Pts',(2.49119269495848,2.64784447318485,0.0525));
#4185=CARTESIAN_POINT('Ctrl Pts',(2.49151954533001,2.64925587251646,0.0525));
#4186=CARTESIAN_POINT('Ctrl Pts',(2.49195039354703,2.65101640747219,0.0525));
#4187=CARTESIAN_POINT('Ctrl Pts',(2.49248523960953,2.65312607805206,0.0525));
#4188=CARTESIAN_POINT('',(2.48998929131785,2.64318685539057,0.0475));
#4189=CARTESIAN_POINT('Ctrl Pts',(2.48998929131785,2.64318685539057,0.04));
#4190=CARTESIAN_POINT('Ctrl Pts',(2.48998929131785,2.64318685539057,0.055));
#4191=CARTESIAN_POINT('Ctrl Pts',(2.48896416969806,2.6396657854791,0.04));
#4192=CARTESIAN_POINT('Ctrl Pts',(2.48896416969806,2.6396657854791,0.055));
#4193=CARTESIAN_POINT('Ctrl Pts',(2.48486368321888,2.63641213859888,0.04));
#4194=CARTESIAN_POINT('Ctrl Pts',(2.48486368321888,2.63641213859888,0.055));
#4195=CARTESIAN_POINT('Ctrl Pts',(2.48156546583345,2.63641213859888,0.04));
#4196=CARTESIAN_POINT('Ctrl Pts',(2.48156546583345,2.63641213859888,0.055));
#4197=CARTESIAN_POINT('',(2.48156546583345,2.63641213859888,0.0475));
#4198=CARTESIAN_POINT('Ctrl Pts',(2.48998929131785,2.64318685539057,0.0475));
#4199=CARTESIAN_POINT('Ctrl Pts',(2.48930587690466,2.64083947544959,0.0475));
#4200=CARTESIAN_POINT('Ctrl Pts',(2.48828075528486,2.63912351099906,0.0475));
#4201=CARTESIAN_POINT('Ctrl Pts',(2.48691392645847,2.63803896203899,0.0475));
#4202=CARTESIAN_POINT('Ctrl Pts',(2.48554709763207,2.63695441307892,0.0475));
#4203=CARTESIAN_POINT('Ctrl Pts',(2.48376427742373,2.63641213859888,0.0475));
#4204=CARTESIAN_POINT('Ctrl Pts',(2.48156546583345,2.63641213859888,0.0475));
#4205=CARTESIAN_POINT('',(2.48156546583345,2.63641213859888,0.0525));
#4206=CARTESIAN_POINT('Ctrl Pts',(2.48156546583345,2.63641213859888,0.0525));
#4207=CARTESIAN_POINT('Ctrl Pts',(2.48376427742373,2.63641213859888,0.0525));
#4208=CARTESIAN_POINT('Ctrl Pts',(2.48554709763207,2.63695441307892,0.0525));
#4209=CARTESIAN_POINT('Ctrl Pts',(2.48691392645847,2.63803896203899,0.0525));
#4210=CARTESIAN_POINT('Ctrl Pts',(2.48828075528486,2.63912351099906,0.0525));
#4211=CARTESIAN_POINT('Ctrl Pts',(2.48930587690466,2.64083947544959,0.0525));
#4212=CARTESIAN_POINT('Ctrl Pts',(2.48998929131785,2.64318685539057,0.0525));
#4213=CARTESIAN_POINT('',(2.48156546583345,2.63641213859888,0.0475));
#4214=CARTESIAN_POINT('Ctrl Pts',(2.48156546583345,2.63641213859888,0.04));
#4215=CARTESIAN_POINT('Ctrl Pts',(2.48156546583345,2.63641213859888,0.055));
#4216=CARTESIAN_POINT('Ctrl Pts',(2.47742040884906,2.63641213859888,0.04));
#4217=CARTESIAN_POINT('Ctrl Pts',(2.47742040884906,2.63641213859888,0.055));
#4218=CARTESIAN_POINT('Ctrl Pts',(2.4723839417605,2.64260743882286,0.04));
#4219=CARTESIAN_POINT('Ctrl Pts',(2.4723839417605,2.64260743882286,0.055));
#4220=CARTESIAN_POINT('Ctrl Pts',(2.4723839417605,2.64866902753121,0.04));
#4221=CARTESIAN_POINT('Ctrl Pts',(2.4723839417605,2.64866902753121,0.055));
#4222=CARTESIAN_POINT('',(2.4723839417605,2.64866902753121,0.0475));
#4223=CARTESIAN_POINT('Ctrl Pts',(2.48156546583345,2.63641213859888,0.0475));
#4224=CARTESIAN_POINT('Ctrl Pts',(2.47880209451052,2.63641213859888,0.0475));
#4225=CARTESIAN_POINT('Ctrl Pts',(2.47658099766763,2.63744468863621,0.0475));
#4226=CARTESIAN_POINT('Ctrl Pts',(2.47490217530478,2.63950978871087,0.0475));
#4227=CARTESIAN_POINT('Ctrl Pts',(2.47322335294193,2.64157488878553,0.0475));
#4228=CARTESIAN_POINT('Ctrl Pts',(2.4723839417605,2.64462796839231,0.0475));
#4229=CARTESIAN_POINT('Ctrl Pts',(2.4723839417605,2.64866902753121,0.0475));
#4230=CARTESIAN_POINT('',(2.4723839417605,2.64866902753121,0.0525));
#4231=CARTESIAN_POINT('Ctrl Pts',(2.4723839417605,2.64866902753121,0.0525));
#4232=CARTESIAN_POINT('Ctrl Pts',(2.4723839417605,2.64462796839231,0.0525));
#4233=CARTESIAN_POINT('Ctrl Pts',(2.47322335294193,2.64157488878553,0.0525));
#4234=CARTESIAN_POINT('Ctrl Pts',(2.47490217530478,2.63950978871087,0.0525));
#4235=CARTESIAN_POINT('Ctrl Pts',(2.47658099766763,2.63744468863621,0.0525));
#4236=CARTESIAN_POINT('Ctrl Pts',(2.47880209451052,2.63641213859888,0.0525));
#4237=CARTESIAN_POINT('Ctrl Pts',(2.48156546583345,2.63641213859888,0.0525));
#4238=CARTESIAN_POINT('',(2.4723839417605,2.64866902753121,0.0475));
#4239=CARTESIAN_POINT('Ctrl Pts',(2.4723839417605,2.64866902753121,0.04));
#4240=CARTESIAN_POINT('Ctrl Pts',(2.4723839417605,2.64866902753121,0.055));
#4241=CARTESIAN_POINT('Ctrl Pts',(2.4723839417605,2.65290322552602,0.04));
#4242=CARTESIAN_POINT('Ctrl Pts',(2.4723839417605,2.65290322552602,0.055));
#4243=CARTESIAN_POINT('Ctrl Pts',(2.47612786419801,2.66204017909376,0.04));
#4244=CARTESIAN_POINT('Ctrl Pts',(2.47612786419801,2.66204017909376,0.055));
#4245=CARTESIAN_POINT('Ctrl Pts',(2.47951522259386,2.66565039001564,0.04));
#4246=CARTESIAN_POINT('Ctrl Pts',(2.47951522259386,2.66565039001564,0.055));
#4247=CARTESIAN_POINT('',(2.47951522259386,2.66565039001564,0.0475));
#4248=CARTESIAN_POINT('Ctrl Pts',(2.4723839417605,2.64866902753121,0.0475));
#4249=CARTESIAN_POINT('Ctrl Pts',(2.4723839417605,2.65149182619442,0.0475));
#4250=CARTESIAN_POINT('Ctrl Pts',(2.47300792883342,2.65442605112064,0.0475));
#4251=CARTESIAN_POINT('Ctrl Pts',(2.47425590297926,2.65747170230989,0.0475));
#4252=CARTESIAN_POINT('Ctrl Pts',(2.4755038771251,2.66051735349913,0.0475));
#4253=CARTESIAN_POINT('Ctrl Pts',(2.4772569836633,2.66324358273439,0.0475));
#4254=CARTESIAN_POINT('Ctrl Pts',(2.47951522259386,2.66565039001564,0.0475));
#4255=CARTESIAN_POINT('',(2.47951522259386,2.66565039001564,0.0525));
#4256=CARTESIAN_POINT('Ctrl Pts',(2.47951522259386,2.66565039001564,0.0525));
#4257=CARTESIAN_POINT('Ctrl Pts',(2.4772569836633,2.66324358273439,0.0525));
#4258=CARTESIAN_POINT('Ctrl Pts',(2.4755038771251,2.66051735349913,0.0525));
#4259=CARTESIAN_POINT('Ctrl Pts',(2.47425590297926,2.65747170230989,0.0525));
#4260=CARTESIAN_POINT('Ctrl Pts',(2.47300792883342,2.65442605112064,0.0525));
#4261=CARTESIAN_POINT('Ctrl Pts',(2.4723839417605,2.65149182619442,0.0525));
#4262=CARTESIAN_POINT('Ctrl Pts',(2.4723839417605,2.64866902753121,0.0525));
#4263=CARTESIAN_POINT('',(2.47951522259386,2.66565039001564,0.0475));
#4264=CARTESIAN_POINT('Origin',(2.47951522259386,2.66565039001564,0.0475));
#4265=CARTESIAN_POINT('',(2.47951522259386,2.66618523607815,0.0475));
#4266=CARTESIAN_POINT('',(2.47951522259386,2.6534009404373,0.0475));
#4267=CARTESIAN_POINT('',(2.47951522259386,2.66618523607815,0.0525));
#4268=CARTESIAN_POINT('',(2.47951522259386,2.6534009404373,0.0525));
#4269=CARTESIAN_POINT('',(2.47951522259386,2.66618523607815,0.0475));
#4270=CARTESIAN_POINT('Origin',(2.47951522259386,2.66618523607815,0.0475));
#4271=CARTESIAN_POINT('',(2.47033369852091,2.66618523607815,0.0475));
#4272=CARTESIAN_POINT('',(2.48775808998361,2.66618523607815,0.0475));
#4273=CARTESIAN_POINT('',(2.47033369852091,2.66618523607815,0.0525));
#4274=CARTESIAN_POINT('',(2.48775808998361,2.66618523607815,0.0525));
#4275=CARTESIAN_POINT('',(2.47033369852091,2.66618523607815,0.0475));
#4276=CARTESIAN_POINT('Origin',(2.5107145762398,2.63146481252074,0.0475));
#4277=CARTESIAN_POINT('',(2.5107145762398,2.63146481252074,0.0475));
#4278=CARTESIAN_POINT('',(2.5107145762398,2.63630815168984,0.0475));
#4279=CARTESIAN_POINT('',(2.5107145762398,2.63146481252074,0.0525));
#4280=CARTESIAN_POINT('',(2.5107145762398,2.63146481252074,0.0475));
#4281=CARTESIAN_POINT('',(2.5107145762398,2.63630815168984,0.0525));
#4282=CARTESIAN_POINT('Ctrl Pts',(2.51668702393773,2.64679706631246,0.04));
#4283=CARTESIAN_POINT('Ctrl Pts',(2.51668702393773,2.64679706631246,0.055));
#4284=CARTESIAN_POINT('Ctrl Pts',(2.51668702393773,2.6422954452864,0.04));
#4285=CARTESIAN_POINT('Ctrl Pts',(2.51668702393773,2.6422954452864,0.055));
#4286=CARTESIAN_POINT('Ctrl Pts',(2.51312138352105,2.63409447232804,0.04));
#4287=CARTESIAN_POINT('Ctrl Pts',(2.51312138352105,2.63409447232804,0.055));
#4288=CARTESIAN_POINT('Ctrl Pts',(2.5107145762398,2.63146481252074,0.04));
#4289=CARTESIAN_POINT('Ctrl Pts',(2.5107145762398,2.63146481252074,0.055));
#4290=CARTESIAN_POINT('',(2.51668702393773,2.64679706631246,0.0475));
#4291=CARTESIAN_POINT('Ctrl Pts',(2.51668702393773,2.64679706631246,0.0475));
#4292=CARTESIAN_POINT('Ctrl Pts',(2.51668702393773,2.64379598562842,0.0475));
#4293=CARTESIAN_POINT('Ctrl Pts',(2.51609275053495,2.64092861646001,0.0475));
#4294=CARTESIAN_POINT('Ctrl Pts',(2.51490420372939,2.63819495880722,0.0475));
#4295=CARTESIAN_POINT('Ctrl Pts',(2.51371565692383,2.63546130115443,0.0475));
#4296=CARTESIAN_POINT('Ctrl Pts',(2.5123191144273,2.63321791905894,0.0475));
#4297=CARTESIAN_POINT('Ctrl Pts',(2.5107145762398,2.63146481252074,0.0475));
#4298=CARTESIAN_POINT('',(2.51668702393773,2.64679706631246,0.0525));
#4299=CARTESIAN_POINT('',(2.51668702393773,2.64679706631246,0.0475));
#4300=CARTESIAN_POINT('Ctrl Pts',(2.5107145762398,2.63146481252074,0.0525));
#4301=CARTESIAN_POINT('Ctrl Pts',(2.5123191144273,2.63321791905894,0.0525));
#4302=CARTESIAN_POINT('Ctrl Pts',(2.51371565692383,2.63546130115443,0.0525));
#4303=CARTESIAN_POINT('Ctrl Pts',(2.51490420372939,2.63819495880722,0.0525));
#4304=CARTESIAN_POINT('Ctrl Pts',(2.51609275053495,2.64092861646001,0.0525));
#4305=CARTESIAN_POINT('Ctrl Pts',(2.51668702393773,2.64379598562842,0.0525));
#4306=CARTESIAN_POINT('Ctrl Pts',(2.51668702393773,2.64679706631246,0.0525));
#4307=CARTESIAN_POINT('Ctrl Pts',(2.50804034592729,2.65816254514062,0.04));
#4308=CARTESIAN_POINT('Ctrl Pts',(2.50804034592729,2.65816254514062,0.055));
#4309=CARTESIAN_POINT('Ctrl Pts',(2.51191797988043,2.65816254514062,0.04));
#4310=CARTESIAN_POINT('Ctrl Pts',(2.51191797988043,2.65816254514062,0.055));
#4311=CARTESIAN_POINT('Ctrl Pts',(2.51668702393773,2.65187810390622,0.04));
#4312=CARTESIAN_POINT('Ctrl Pts',(2.51668702393773,2.65187810390622,0.055));
#4313=CARTESIAN_POINT('Ctrl Pts',(2.51668702393773,2.64679706631246,0.04));
#4314=CARTESIAN_POINT('Ctrl Pts',(2.51668702393773,2.64679706631246,0.055));
#4315=CARTESIAN_POINT('',(2.50804034592729,2.65816254514062,0.0475));
#4316=CARTESIAN_POINT('Ctrl Pts',(2.50804034592729,2.65816254514062,0.0475));
#4317=CARTESIAN_POINT('Ctrl Pts',(2.51062543522938,2.65816254514062,0.0475));
#4318=CARTESIAN_POINT('Ctrl Pts',(2.51271282055664,2.65711513826822,0.0475));
#4319=CARTESIAN_POINT('Ctrl Pts',(2.51430250190908,2.65502032452342,0.0475));
#4320=CARTESIAN_POINT('Ctrl Pts',(2.51589218326151,2.65292551077862,0.0475));
#4321=CARTESIAN_POINT('Ctrl Pts',(2.51668702393773,2.6501844247083,0.0475));
#4322=CARTESIAN_POINT('Ctrl Pts',(2.51668702393773,2.64679706631246,0.0475));
#4323=CARTESIAN_POINT('',(2.50804034592729,2.65816254514062,0.0525));
#4324=CARTESIAN_POINT('',(2.50804034592729,2.65816254514062,0.0475));
#4325=CARTESIAN_POINT('Ctrl Pts',(2.51668702393773,2.64679706631246,0.0525));
#4326=CARTESIAN_POINT('Ctrl Pts',(2.51668702393773,2.64871994012869,0.0525));
#4327=CARTESIAN_POINT('Ctrl Pts',(2.51643089458189,2.65067255637901,0.0525));
#4328=CARTESIAN_POINT('Ctrl Pts',(2.5151376507736,2.65396475201186,0.0525));
#4329=CARTESIAN_POINT('Ctrl Pts',(2.51436013837732,2.6550540818355,0.0525));
#4330=CARTESIAN_POINT('Ctrl Pts',(2.51290625113797,2.6565656121874,0.0525));
#4331=CARTESIAN_POINT('Ctrl Pts',(2.51210939878511,2.65714320934796,0.0525));
#4332=CARTESIAN_POINT('Ctrl Pts',(2.51070931956403,2.65775173558266,0.0525));
#4333=CARTESIAN_POINT('Ctrl Pts',(2.51020767269599,2.65790540477514,0.0525));
#4334=CARTESIAN_POINT('Ctrl Pts',(2.50914661857681,2.6581144087118,0.0525));
#4335=CARTESIAN_POINT('Ctrl Pts',(2.50859453093733,2.65816254514062,0.0525));
#4336=CARTESIAN_POINT('Ctrl Pts',(2.50804034592729,2.65816254514062,0.0525));
#4337=CARTESIAN_POINT('Ctrl Pts',(2.49948280892726,2.65098669380205,0.04));
#4338=CARTESIAN_POINT('Ctrl Pts',(2.49948280892726,2.65098669380205,0.055));
#4339=CARTESIAN_POINT('Ctrl Pts',(2.50041878953664,2.65446319320831,0.04));
#4340=CARTESIAN_POINT('Ctrl Pts',(2.50041878953664,2.65446319320831,0.055));
#4341=CARTESIAN_POINT('Ctrl Pts',(2.50456384652103,2.65816254514062,0.04));
#4342=CARTESIAN_POINT('Ctrl Pts',(2.50456384652103,2.65816254514062,0.055));
#4343=CARTESIAN_POINT('Ctrl Pts',(2.50804034592729,2.65816254514062,0.04));
#4344=CARTESIAN_POINT('Ctrl Pts',(2.50804034592729,2.65816254514062,0.055));
#4345=CARTESIAN_POINT('',(2.49948280892726,2.65098669380205,0.0475));
#4346=CARTESIAN_POINT('Ctrl Pts',(2.49948280892726,2.65098669380205,0.0475));
#4347=CARTESIAN_POINT('Ctrl Pts',(2.50010679600018,2.65330436007289,0.0475));
#4348=CARTESIAN_POINT('Ctrl Pts',(2.50110963236737,2.6550797518637,0.0475));
#4349=CARTESIAN_POINT('Ctrl Pts',(2.50249131802883,2.65631286917447,0.0475));
#4350=CARTESIAN_POINT('Ctrl Pts',(2.50387300369029,2.65754598648523,0.0475));
#4351=CARTESIAN_POINT('Ctrl Pts',(2.50572267965645,2.65816254514062,0.0475));
#4352=CARTESIAN_POINT('Ctrl Pts',(2.50804034592729,2.65816254514062,0.0475));
#4353=CARTESIAN_POINT('',(2.49948280892726,2.65098669380205,0.0525));
#4354=CARTESIAN_POINT('',(2.49948280892726,2.65098669380205,0.0475));
#4355=CARTESIAN_POINT('Ctrl Pts',(2.50804034592729,2.65816254514062,0.0525));
#4356=CARTESIAN_POINT('Ctrl Pts',(2.50572267965645,2.65816254514062,0.0525));
#4357=CARTESIAN_POINT('Ctrl Pts',(2.50387300369029,2.65754598648523,0.0525));
#4358=CARTESIAN_POINT('Ctrl Pts',(2.50249131802883,2.65631286917447,0.0525));
#4359=CARTESIAN_POINT('Ctrl Pts',(2.50110963236737,2.6550797518637,0.0525));
#4360=CARTESIAN_POINT('Ctrl Pts',(2.50010679600018,2.65330436007289,0.0525));
#4361=CARTESIAN_POINT('Ctrl Pts',(2.49948280892726,2.65098669380205,0.0525));
#4362=CARTESIAN_POINT('Ctrl Pts',(2.49658572608871,2.63971035598431,0.04));
#4363=CARTESIAN_POINT('Ctrl Pts',(2.49658572608871,2.63971035598431,0.055));
#4364=CARTESIAN_POINT('Ctrl Pts',(2.49725428366683,2.64193888124473,0.04));
#4365=CARTESIAN_POINT('Ctrl Pts',(2.49725428366683,2.64193888124473,0.055));
#4366=CARTESIAN_POINT('Ctrl Pts',(2.49885882185434,2.64866902753121,0.04));
#4367=CARTESIAN_POINT('Ctrl Pts',(2.49885882185434,2.64866902753121,0.055));
#4368=CARTESIAN_POINT('Ctrl Pts',(2.49948280892726,2.65098669380205,0.04));
#4369=CARTESIAN_POINT('Ctrl Pts',(2.49948280892726,2.65098669380205,0.055));
#4370=CARTESIAN_POINT('',(2.49658572608871,2.63971035598431,0.0475));
#4371=CARTESIAN_POINT('Ctrl Pts',(2.49658572608871,2.63971035598431,0.0475));
#4372=CARTESIAN_POINT('Ctrl Pts',(2.49703143114079,2.64119603949126,0.0475));
#4373=CARTESIAN_POINT('Ctrl Pts',(2.49752170669809,2.64306057229248,0.0475));
#4374=CARTESIAN_POINT('Ctrl Pts',(2.49805655276059,2.64530395438797,0.0475));
#4375=CARTESIAN_POINT('Ctrl Pts',(2.49859139882309,2.64754733648346,0.0475));
#4376=CARTESIAN_POINT('Ctrl Pts',(2.49906681754531,2.64944158295483,0.0475));
#4377=CARTESIAN_POINT('Ctrl Pts',(2.49948280892726,2.65098669380205,0.0475));
#4378=CARTESIAN_POINT('',(2.49658572608871,2.63971035598431,0.0525));
#4379=CARTESIAN_POINT('',(2.49658572608871,2.63971035598431,0.0475));
#4380=CARTESIAN_POINT('Ctrl Pts',(2.49948280892726,2.65098669380205,0.0525));
#4381=CARTESIAN_POINT('Ctrl Pts',(2.49906681754531,2.64944158295483,0.0525));
#4382=CARTESIAN_POINT('Ctrl Pts',(2.49859139882309,2.64754733648346,0.0525));
#4383=CARTESIAN_POINT('Ctrl Pts',(2.49805655276059,2.64530395438797,0.0525));
#4384=CARTESIAN_POINT('Ctrl Pts',(2.49752170669809,2.64306057229248,0.0525));
#4385=CARTESIAN_POINT('Ctrl Pts',(2.49703143114079,2.64119603949126,0.0525));
#4386=CARTESIAN_POINT('Ctrl Pts',(2.49658572608871,2.63971035598431,0.0525));
#4387=CARTESIAN_POINT('Ctrl Pts',(2.48272429896887,2.62879058220823,0.04));
#4388=CARTESIAN_POINT('Ctrl Pts',(2.48272429896887,2.62879058220823,0.055));
#4389=CARTESIAN_POINT('Ctrl Pts',(2.48784990706784,2.62879058220823,0.04));
#4390=CARTESIAN_POINT('Ctrl Pts',(2.48784990706784,2.62879058220823,0.055));
#4391=CARTESIAN_POINT('Ctrl Pts',(2.49484747638558,2.63404990182283,0.04));
#4392=CARTESIAN_POINT('Ctrl Pts',(2.49484747638558,2.63404990182283,0.055));
#4393=CARTESIAN_POINT('Ctrl Pts',(2.49658572608871,2.63971035598431,0.04));
#4394=CARTESIAN_POINT('Ctrl Pts',(2.49658572608871,2.63971035598431,0.055));
#4395=CARTESIAN_POINT('',(2.48272429896887,2.62879058220823,0.0475));
#4396=CARTESIAN_POINT('Ctrl Pts',(2.48272429896887,2.62879058220823,0.0475));
#4397=CARTESIAN_POINT('Ctrl Pts',(2.48614137103485,2.62879058220823,0.0475));
#4398=CARTESIAN_POINT('Ctrl Pts',(2.4890161686208,2.62966713547733,0.0475));
#4399=CARTESIAN_POINT('Ctrl Pts',(2.49134869172671,2.63142024201553,0.0475));
#4400=CARTESIAN_POINT('Ctrl Pts',(2.49368121483262,2.63317334855373,0.0475));
#4401=CARTESIAN_POINT('Ctrl Pts',(2.49542689295329,2.63593671987666,0.0475));
#4402=CARTESIAN_POINT('Ctrl Pts',(2.49658572608871,2.63971035598431,0.0475));
#4403=CARTESIAN_POINT('',(2.48272429896887,2.62879058220823,0.0525));
#4404=CARTESIAN_POINT('',(2.48272429896887,2.62879058220823,0.0475));
#4405=CARTESIAN_POINT('Ctrl Pts',(2.49658572608871,2.63971035598431,0.0525));
#4406=CARTESIAN_POINT('Ctrl Pts',(2.49542689295329,2.63593671987666,0.0525));
#4407=CARTESIAN_POINT('Ctrl Pts',(2.49368121483262,2.63317334855373,0.0525));
#4408=CARTESIAN_POINT('Ctrl Pts',(2.49134869172671,2.63142024201553,0.0525));
#4409=CARTESIAN_POINT('Ctrl Pts',(2.4890161686208,2.62966713547733,0.0525));
#4410=CARTESIAN_POINT('Ctrl Pts',(2.48614137103485,2.62879058220823,0.0525));
#4411=CARTESIAN_POINT('Ctrl Pts',(2.48272429896887,2.62879058220823,0.0525));
#4412=CARTESIAN_POINT('Ctrl Pts',(2.47104682660425,2.63378247879158,0.04));
#4413=CARTESIAN_POINT('Ctrl Pts',(2.47104682660425,2.63378247879158,0.055));
#4414=CARTESIAN_POINT('Ctrl Pts',(2.47323078135946,2.63142024201553,0.04));
#4415=CARTESIAN_POINT('Ctrl Pts',(2.47323078135946,2.63142024201553,0.055));
#4416=CARTESIAN_POINT('Ctrl Pts',(2.47947065208865,2.62879058220823,0.04));
#4417=CARTESIAN_POINT('Ctrl Pts',(2.47947065208865,2.62879058220823,0.055));
#4418=CARTESIAN_POINT('Ctrl Pts',(2.48272429896887,2.62879058220823,0.04));
#4419=CARTESIAN_POINT('Ctrl Pts',(2.48272429896887,2.62879058220823,0.055));
#4420=CARTESIAN_POINT('',(2.47104682660425,2.63378247879158,0.0475));
#4421=CARTESIAN_POINT('Ctrl Pts',(2.47104682660425,2.63378247879158,0.0475));
#4422=CARTESIAN_POINT('Ctrl Pts',(2.47250279644106,2.63220765427421,0.0475));
#4423=CARTESIAN_POINT('Ctrl Pts',(2.47427075981433,2.63098196538098,0.0475));
#4424=CARTESIAN_POINT('Ctrl Pts',(2.47635071672406,2.63010541211188,0.0475));
#4425=CARTESIAN_POINT('Ctrl Pts',(2.47843067363379,2.62922885884278,0.0475));
#4426=CARTESIAN_POINT('Ctrl Pts',(2.48055520104872,2.62879058220823,0.0475));
#4427=CARTESIAN_POINT('Ctrl Pts',(2.48272429896887,2.62879058220823,0.0475));
#4428=CARTESIAN_POINT('',(2.47104682660425,2.63378247879158,0.0525));
#4429=CARTESIAN_POINT('',(2.47104682660425,2.63378247879158,0.0475));
#4430=CARTESIAN_POINT('Ctrl Pts',(2.48272429896887,2.62879058220823,0.0525));
#4431=CARTESIAN_POINT('Ctrl Pts',(2.48055520104872,2.62879058220823,0.0525));
#4432=CARTESIAN_POINT('Ctrl Pts',(2.47843067363379,2.62922885884278,0.0525));
#4433=CARTESIAN_POINT('Ctrl Pts',(2.47635071672406,2.63010541211188,0.0525));
#4434=CARTESIAN_POINT('Ctrl Pts',(2.47427075981433,2.63098196538098,0.0525));
#4435=CARTESIAN_POINT('Ctrl Pts',(2.47250279644106,2.63220765427421,0.0525));
#4436=CARTESIAN_POINT('Ctrl Pts',(2.47104682660425,2.63378247879158,0.0525));
#4437=CARTESIAN_POINT('Ctrl Pts',(2.4660549300209,2.64813418146871,0.04));
#4438=CARTESIAN_POINT('Ctrl Pts',(2.4660549300209,2.64813418146871,0.055));
#4439=CARTESIAN_POINT('Ctrl Pts',(2.4660549300209,2.64309771438015,0.04));
#4440=CARTESIAN_POINT('Ctrl Pts',(2.4660549300209,2.64309771438015,0.055));
#4441=CARTESIAN_POINT('Ctrl Pts',(2.46864001932299,2.63641213859888,0.04));
#4442=CARTESIAN_POINT('Ctrl Pts',(2.46864001932299,2.63641213859888,0.055));
#4443=CARTESIAN_POINT('Ctrl Pts',(2.47104682660425,2.63378247879158,0.04));
#4444=CARTESIAN_POINT('Ctrl Pts',(2.47104682660425,2.63378247879158,0.055));
#4445=CARTESIAN_POINT('',(2.4660549300209,2.64813418146871,0.0475));
#4446=CARTESIAN_POINT('Ctrl Pts',(2.4660549300209,2.64813418146871,0.0475));
#4447=CARTESIAN_POINT('Ctrl Pts',(2.4660549300209,2.644776536743,0.0475));
#4448=CARTESIAN_POINT('Ctrl Pts',(2.46648577823791,2.64198345174994,0.0475));
#4449=CARTESIAN_POINT('Ctrl Pts',(2.46734747467194,2.63975492648952,0.0475));
#4450=CARTESIAN_POINT('Ctrl Pts',(2.46820917110597,2.63752640122909,0.0475));
#4451=CARTESIAN_POINT('Ctrl Pts',(2.46944228841674,2.63553558532978,0.0475));
#4452=CARTESIAN_POINT('Ctrl Pts',(2.47104682660425,2.63378247879158,0.0475));
#4453=CARTESIAN_POINT('',(2.4660549300209,2.64813418146871,0.0525));
#4454=CARTESIAN_POINT('',(2.4660549300209,2.64813418146871,0.0475));
#4455=CARTESIAN_POINT('Ctrl Pts',(2.47104682660425,2.63378247879158,0.0525));
#4456=CARTESIAN_POINT('Ctrl Pts',(2.46944228841674,2.63553558532978,0.0525));
#4457=CARTESIAN_POINT('Ctrl Pts',(2.46820917110597,2.63752640122909,0.0525));
#4458=CARTESIAN_POINT('Ctrl Pts',(2.46734747467194,2.63975492648952,0.0525));
#4459=CARTESIAN_POINT('Ctrl Pts',(2.46648577823791,2.64198345174994,0.0525));
#4460=CARTESIAN_POINT('Ctrl Pts',(2.4660549300209,2.644776536743,0.0525));
#4461=CARTESIAN_POINT('Ctrl Pts',(2.4660549300209,2.64813418146871,0.0525));
#4462=CARTESIAN_POINT('Ctrl Pts',(2.47033369852091,2.66618523607815,0.04));
#4463=CARTESIAN_POINT('Ctrl Pts',(2.47033369852091,2.66618523607815,0.055));
#4464=CARTESIAN_POINT('Ctrl Pts',(2.46855087831257,2.66248588414584,0.04));
#4465=CARTESIAN_POINT('Ctrl Pts',(2.46855087831257,2.66248588414584,0.055));
#4466=CARTESIAN_POINT('Ctrl Pts',(2.4660549300209,2.65410662916665,0.04));
#4467=CARTESIAN_POINT('Ctrl Pts',(2.4660549300209,2.65410662916665,0.055));
#4468=CARTESIAN_POINT('Ctrl Pts',(2.4660549300209,2.64813418146871,0.04));
#4469=CARTESIAN_POINT('Ctrl Pts',(2.4660549300209,2.64813418146871,0.055));
#4470=CARTESIAN_POINT('Ctrl Pts',(2.47033369852091,2.66618523607815,0.0475));
#4471=CARTESIAN_POINT('Ctrl Pts',(2.46914515171535,2.66371900145661,0.0475));
#4472=CARTESIAN_POINT('Ctrl Pts',(2.46813488693063,2.66108934164931,0.0475));
#4473=CARTESIAN_POINT('Ctrl Pts',(2.46730290416673,2.65829625665624,0.0475));
#4474=CARTESIAN_POINT('Ctrl Pts',(2.46647092140284,2.65550317166318,0.0475));
#4475=CARTESIAN_POINT('Ctrl Pts',(2.4660549300209,2.65211581326733,0.0475));
#4476=CARTESIAN_POINT('Ctrl Pts',(2.4660549300209,2.64813418146871,0.0475));
#4477=CARTESIAN_POINT('Ctrl Pts',(2.4660549300209,2.64813418146871,0.0525));
#4478=CARTESIAN_POINT('Ctrl Pts',(2.4660549300209,2.65211581326733,0.0525));
#4479=CARTESIAN_POINT('Ctrl Pts',(2.46647092140284,2.65550317166318,0.0525));
#4480=CARTESIAN_POINT('Ctrl Pts',(2.46730290416673,2.65829625665624,0.0525));
#4481=CARTESIAN_POINT('Ctrl Pts',(2.46813488693063,2.66108934164931,0.0525));
#4482=CARTESIAN_POINT('Ctrl Pts',(2.46914515171535,2.66371900145661,0.0525));
#4483=CARTESIAN_POINT('Ctrl Pts',(2.47033369852091,2.66618523607815,0.0525));
#4484=CARTESIAN_POINT('Ctrl Pts',(2.52301603567734,2.79307746440669,0.04));
#4485=CARTESIAN_POINT('Ctrl Pts',(2.52301603567734,2.79307746440669,0.055));
#4486=CARTESIAN_POINT('Ctrl Pts',(2.52301603567734,2.80114472584943,0.04));
#4487=CARTESIAN_POINT('Ctrl Pts',(2.52301603567734,2.80114472584943,0.055));
#4488=CARTESIAN_POINT('Ctrl Pts',(2.51396822312002,2.81157422406821,0.04));
#4489=CARTESIAN_POINT('Ctrl Pts',(2.51396822312002,2.81157422406821,0.055));
#4490=CARTESIAN_POINT('Ctrl Pts',(2.50728264733874,2.81157422406821,0.04));
#4491=CARTESIAN_POINT('Ctrl Pts',(2.50728264733874,2.81157422406821,0.055));
#4492=CARTESIAN_POINT('',(2.50728264733874,2.81157422406821,0.0525));
#4493=CARTESIAN_POINT('',(2.50827038377342,2.8115450671299,0.0525));
#4494=CARTESIAN_POINT('Ctrl Pts',(2.50728264733874,2.81157422406821,0.0525));
#4495=CARTESIAN_POINT('Ctrl Pts',(2.50761353631114,2.81157422406821,0.0525));
#4496=CARTESIAN_POINT('Ctrl Pts',(2.50794284726928,2.81156464374351,0.0525));
#4497=CARTESIAN_POINT('Ctrl Pts',(2.50827038377342,2.8115450671299,0.0525));
#4498=CARTESIAN_POINT('',(2.50728264733874,2.81157422406821,0.0475));
#4499=CARTESIAN_POINT('',(2.50728264733874,2.81157422406821,0.0475));
#4500=CARTESIAN_POINT('',(2.50827038377342,2.8115450671299,0.0475));
#4501=CARTESIAN_POINT('Ctrl Pts',(2.50827038377342,2.8115450671299,0.0475));
#4502=CARTESIAN_POINT('Ctrl Pts',(2.50794284902601,2.81156464363851,0.0475));
#4503=CARTESIAN_POINT('Ctrl Pts',(2.50761353812361,2.81157422406821,0.0475));
#4504=CARTESIAN_POINT('Ctrl Pts',(2.50728264733874,2.81157422406821,0.0475));
#4505=CARTESIAN_POINT('Ctrl Pts',(2.50827038377342,2.8115450671299,0.0525));
#4506=CARTESIAN_POINT('Ctrl Pts',(2.50827038377342,2.8115450671299,0.0508333333333333));
#4507=CARTESIAN_POINT('Ctrl Pts',(2.50827038377342,2.8115450671299,0.0491666666666667));
#4508=CARTESIAN_POINT('Ctrl Pts',(2.50827038377342,2.8115450671299,0.0475));
#4509=CARTESIAN_POINT('Origin',(2.47951522259386,2.81197535861509,0.0475));
#4510=CARTESIAN_POINT('',(2.47033369852091,2.81197535861509,0.0525));
#4511=CARTESIAN_POINT('',(2.47951522259386,2.81197535861509,0.0525));
#4512=CARTESIAN_POINT('',(2.48775808998361,2.81197535861509,0.0525));
#4513=CARTESIAN_POINT('',(2.47033369852091,2.81197535861509,0.0475));
#4514=CARTESIAN_POINT('',(2.47033369852091,2.81197535861509,0.0475));
#4515=CARTESIAN_POINT('',(2.47951522259386,2.81197535861509,0.0475));
#4516=CARTESIAN_POINT('',(2.48775808998361,2.81197535861509,0.0475));
#4517=CARTESIAN_POINT('',(2.47951522259386,2.81197535861509,0.0475));
#4518=CARTESIAN_POINT('Origin',(2.47951522259386,2.81144051255259,0.0475));
#4519=CARTESIAN_POINT('',(2.47951522259386,2.81144051255259,0.0525));
#4520=CARTESIAN_POINT('',(2.47951522259386,2.72629600170577,0.0525));
#4521=CARTESIAN_POINT('',(2.47951522259386,2.81144051255259,0.0475));
#4522=CARTESIAN_POINT('',(2.47951522259386,2.72629600170577,0.0475));
#4523=CARTESIAN_POINT('',(2.47951522259386,2.81144051255259,0.0475));
#4524=CARTESIAN_POINT('Ctrl Pts',(2.4723839417605,2.79445915006816,0.04));
#4525=CARTESIAN_POINT('Ctrl Pts',(2.4723839417605,2.79445915006816,0.055));
#4526=CARTESIAN_POINT('Ctrl Pts',(2.4723839417605,2.79869334806296,0.04));
#4527=CARTESIAN_POINT('Ctrl Pts',(2.4723839417605,2.79869334806296,0.055));
#4528=CARTESIAN_POINT('Ctrl Pts',(2.47612786419801,2.8078303016307,0.04));
#4529=CARTESIAN_POINT('Ctrl Pts',(2.47612786419801,2.8078303016307,0.055));
#4530=CARTESIAN_POINT('Ctrl Pts',(2.47951522259386,2.81144051255259,0.04));
#4531=CARTESIAN_POINT('Ctrl Pts',(2.47951522259386,2.81144051255259,0.055));
#4532=CARTESIAN_POINT('',(2.4723839417605,2.79445915006816,0.0525));
#4533=CARTESIAN_POINT('Ctrl Pts',(2.47951522259386,2.81144051255259,0.0525));
#4534=CARTESIAN_POINT('Ctrl Pts',(2.47725698366329,2.80903370527133,0.0525));
#4535=CARTESIAN_POINT('Ctrl Pts',(2.47550387712509,2.80630747603608,0.0525));
#4536=CARTESIAN_POINT('Ctrl Pts',(2.47425590297926,2.80326182484683,0.0525));
#4537=CARTESIAN_POINT('Ctrl Pts',(2.47300792883342,2.80021617365759,0.0525));
#4538=CARTESIAN_POINT('Ctrl Pts',(2.4723839417605,2.79728194873136,0.0525));
#4539=CARTESIAN_POINT('Ctrl Pts',(2.4723839417605,2.79445915006816,0.0525));
#4540=CARTESIAN_POINT('',(2.4723839417605,2.79445915006816,0.0475));
#4541=CARTESIAN_POINT('Ctrl Pts',(2.4723839417605,2.79445915006816,0.0475));
#4542=CARTESIAN_POINT('Ctrl Pts',(2.4723839417605,2.79728194873136,0.0475));
#4543=CARTESIAN_POINT('Ctrl Pts',(2.47300792883342,2.80021617365759,0.0475));
#4544=CARTESIAN_POINT('Ctrl Pts',(2.47425590297926,2.80326182484683,0.0475));
#4545=CARTESIAN_POINT('Ctrl Pts',(2.47550387712509,2.80630747603608,0.0475));
#4546=CARTESIAN_POINT('Ctrl Pts',(2.47725698366329,2.80903370527133,0.0475));
#4547=CARTESIAN_POINT('Ctrl Pts',(2.47951522259386,2.81144051255259,0.0475));
#4548=CARTESIAN_POINT('',(2.4723839417605,2.79445915006816,0.0475));
#4549=CARTESIAN_POINT('Ctrl Pts',(2.48156546583345,2.78220226113582,0.04));
#4550=CARTESIAN_POINT('Ctrl Pts',(2.48156546583345,2.78220226113582,0.055));
#4551=CARTESIAN_POINT('Ctrl Pts',(2.47742040884906,2.78220226113582,0.04));
#4552=CARTESIAN_POINT('Ctrl Pts',(2.47742040884906,2.78220226113582,0.055));
#4553=CARTESIAN_POINT('Ctrl Pts',(2.4723839417605,2.7883975613598,0.04));
#4554=CARTESIAN_POINT('Ctrl Pts',(2.4723839417605,2.7883975613598,0.055));
#4555=CARTESIAN_POINT('Ctrl Pts',(2.4723839417605,2.79445915006816,0.04));
#4556=CARTESIAN_POINT('Ctrl Pts',(2.4723839417605,2.79445915006816,0.055));
#4557=CARTESIAN_POINT('',(2.48156546583345,2.78220226113582,0.0525));
#4558=CARTESIAN_POINT('Ctrl Pts',(2.4723839417605,2.79445915006816,0.0525));
#4559=CARTESIAN_POINT('Ctrl Pts',(2.4723839417605,2.79041809092925,0.0525));
#4560=CARTESIAN_POINT('Ctrl Pts',(2.47322335294193,2.78736501132247,0.0525));
#4561=CARTESIAN_POINT('Ctrl Pts',(2.47490217530478,2.78529991124781,0.0525));
#4562=CARTESIAN_POINT('Ctrl Pts',(2.47658099766763,2.78323481117315,0.0525));
#4563=CARTESIAN_POINT('Ctrl Pts',(2.47880209451052,2.78220226113582,0.0525));
#4564=CARTESIAN_POINT('Ctrl Pts',(2.48156546583345,2.78220226113582,0.0525));
#4565=CARTESIAN_POINT('',(2.48156546583345,2.78220226113582,0.0475));
#4566=CARTESIAN_POINT('Ctrl Pts',(2.48156546583345,2.78220226113582,0.0475));
#4567=CARTESIAN_POINT('Ctrl Pts',(2.47880209451052,2.78220226113582,0.0475));
#4568=CARTESIAN_POINT('Ctrl Pts',(2.47658099766763,2.78323481117315,0.0475));
#4569=CARTESIAN_POINT('Ctrl Pts',(2.47490217530478,2.78529991124781,0.0475));
#4570=CARTESIAN_POINT('Ctrl Pts',(2.47322335294193,2.78736501132247,0.0475));
#4571=CARTESIAN_POINT('Ctrl Pts',(2.4723839417605,2.79041809092925,0.0475));
#4572=CARTESIAN_POINT('Ctrl Pts',(2.4723839417605,2.79445915006816,0.0475));
#4573=CARTESIAN_POINT('',(2.48156546583345,2.78220226113582,0.0475));
#4574=CARTESIAN_POINT('Ctrl Pts',(2.48998929131785,2.78897697792751,0.04));
#4575=CARTESIAN_POINT('Ctrl Pts',(2.48998929131785,2.78897697792751,0.055));
#4576=CARTESIAN_POINT('Ctrl Pts',(2.48896416969806,2.78545590801604,0.04));
#4577=CARTESIAN_POINT('Ctrl Pts',(2.48896416969806,2.78545590801604,0.055));
#4578=CARTESIAN_POINT('Ctrl Pts',(2.48486368321888,2.78220226113582,0.04));
#4579=CARTESIAN_POINT('Ctrl Pts',(2.48486368321888,2.78220226113582,0.055));
#4580=CARTESIAN_POINT('Ctrl Pts',(2.48156546583345,2.78220226113582,0.04));
#4581=CARTESIAN_POINT('Ctrl Pts',(2.48156546583345,2.78220226113582,0.055));
#4582=CARTESIAN_POINT('',(2.48998929131785,2.78897697792751,0.0525));
#4583=CARTESIAN_POINT('Ctrl Pts',(2.48156546583345,2.78220226113582,0.0525));
#4584=CARTESIAN_POINT('Ctrl Pts',(2.48376427742373,2.78220226113582,0.0525));
#4585=CARTESIAN_POINT('Ctrl Pts',(2.48554709763207,2.78274453561586,0.0525));
#4586=CARTESIAN_POINT('Ctrl Pts',(2.48691392645847,2.78382908457593,0.0525));
#4587=CARTESIAN_POINT('Ctrl Pts',(2.48828075528486,2.78491363353601,0.0525));
#4588=CARTESIAN_POINT('Ctrl Pts',(2.48930587690465,2.78662959798653,0.0525));
#4589=CARTESIAN_POINT('Ctrl Pts',(2.48998929131785,2.78897697792751,0.0525));
#4590=CARTESIAN_POINT('',(2.48998929131785,2.78897697792751,0.0475));
#4591=CARTESIAN_POINT('Ctrl Pts',(2.48998929131785,2.78897697792751,0.0475));
#4592=CARTESIAN_POINT('Ctrl Pts',(2.48930587690465,2.78662959798653,0.0475));
#4593=CARTESIAN_POINT('Ctrl Pts',(2.48828075528486,2.78491363353601,0.0475));
#4594=CARTESIAN_POINT('Ctrl Pts',(2.48691392645847,2.78382908457593,0.0475));
#4595=CARTESIAN_POINT('Ctrl Pts',(2.48554709763207,2.78274453561586,0.0475));
#4596=CARTESIAN_POINT('Ctrl Pts',(2.48376427742373,2.78220226113582,0.0475));
#4597=CARTESIAN_POINT('Ctrl Pts',(2.48156546583345,2.78220226113582,0.0475));
#4598=CARTESIAN_POINT('',(2.48998929131785,2.78897697792751,0.0475));
#4599=CARTESIAN_POINT('Ctrl Pts',(2.49248523960953,2.79891620058901,0.04));
#4600=CARTESIAN_POINT('Ctrl Pts',(2.49248523960953,2.79891620058901,0.055));
#4601=CARTESIAN_POINT('Ctrl Pts',(2.49168297051577,2.7957516947192,0.04));
#4602=CARTESIAN_POINT('Ctrl Pts',(2.49168297051577,2.7957516947192,0.055));
#4603=CARTESIAN_POINT('Ctrl Pts',(2.49070241940119,2.7915174967244,0.04));
#4604=CARTESIAN_POINT('Ctrl Pts',(2.49070241940119,2.7915174967244,0.055));
#4605=CARTESIAN_POINT('Ctrl Pts',(2.48998929131785,2.78897697792751,0.04));
#4606=CARTESIAN_POINT('Ctrl Pts',(2.48998929131785,2.78897697792751,0.055));
#4607=CARTESIAN_POINT('',(2.49248523960953,2.79891620058901,0.0525));
#4608=CARTESIAN_POINT('Ctrl Pts',(2.48998929131785,2.78897697792751,0.0525));
#4609=CARTESIAN_POINT('Ctrl Pts',(2.49046471004008,2.79067065712544,0.0525));
#4610=CARTESIAN_POINT('Ctrl Pts',(2.49086584458695,2.7922231963902,0.0525));
#4611=CARTESIAN_POINT('Ctrl Pts',(2.49119269495848,2.7936345957218,0.0525));
#4612=CARTESIAN_POINT('Ctrl Pts',(2.49151954533001,2.7950459950534,0.0525));
#4613=CARTESIAN_POINT('Ctrl Pts',(2.49195039354702,2.79680653000914,0.0525));
#4614=CARTESIAN_POINT('Ctrl Pts',(2.49248523960953,2.79891620058901,0.0525));
#4615=CARTESIAN_POINT('',(2.49248523960953,2.79891620058901,0.0475));
#4616=CARTESIAN_POINT('Ctrl Pts',(2.49248523960953,2.79891620058901,0.0475));
#4617=CARTESIAN_POINT('Ctrl Pts',(2.49195039354702,2.79680653000914,0.0475));
#4618=CARTESIAN_POINT('Ctrl Pts',(2.49151954533001,2.7950459950534,0.0475));
#4619=CARTESIAN_POINT('Ctrl Pts',(2.49119269495848,2.7936345957218,0.0475));
#4620=CARTESIAN_POINT('Ctrl Pts',(2.49086584458695,2.7922231963902,0.0475));
#4621=CARTESIAN_POINT('Ctrl Pts',(2.49046471004008,2.79067065712544,0.0475));
#4622=CARTESIAN_POINT('Ctrl Pts',(2.48998929131785,2.78897697792751,0.0475));
#4623=CARTESIAN_POINT('',(2.49248523960953,2.79891620058901,0.0475));
#4624=CARTESIAN_POINT('Ctrl Pts',(2.49734342467725,2.80800858365154,0.04));
#4625=CARTESIAN_POINT('Ctrl Pts',(2.49734342467725,2.80800858365154,0.055));
#4626=CARTESIAN_POINT('Ctrl Pts',(2.4955160339637,2.80627033394841,0.04));
#4627=CARTESIAN_POINT('Ctrl Pts',(2.4955160339637,2.80627033394841,0.055));
#4628=CARTESIAN_POINT('Ctrl Pts',(2.49324293819807,2.80176871292235,0.04));
#4629=CARTESIAN_POINT('Ctrl Pts',(2.49324293819807,2.80176871292235,0.055));
#4630=CARTESIAN_POINT('Ctrl Pts',(2.49248523960953,2.79891620058901,0.04));
#4631=CARTESIAN_POINT('Ctrl Pts',(2.49248523960953,2.79891620058901,0.055));
#4632=CARTESIAN_POINT('',(2.49734342467725,2.80800858365154,0.0525));
#4633=CARTESIAN_POINT('Ctrl Pts',(2.49248523960953,2.79891620058901,0.0525));
#4634=CARTESIAN_POINT('Ctrl Pts',(2.49299037200189,2.8008178754779,0.0525));
#4635=CARTESIAN_POINT('Ctrl Pts',(2.49362178749234,2.80251898309336,0.0525));
#4636=CARTESIAN_POINT('Ctrl Pts',(2.49437948608089,2.80401952343538,0.0525));
#4637=CARTESIAN_POINT('Ctrl Pts',(2.49513718466943,2.8055200637774,0.0525));
#4638=CARTESIAN_POINT('Ctrl Pts',(2.49612516420155,2.80684975051612,0.0525));
#4639=CARTESIAN_POINT('Ctrl Pts',(2.49734342467725,2.80800858365154,0.0525));
#4640=CARTESIAN_POINT('',(2.49734342467725,2.80800858365154,0.0475));
#4641=CARTESIAN_POINT('Ctrl Pts',(2.49734342467725,2.80800858365154,0.0475));
#4642=CARTESIAN_POINT('Ctrl Pts',(2.49612516420155,2.80684975051612,0.0475));
#4643=CARTESIAN_POINT('Ctrl Pts',(2.49513718466943,2.8055200637774,0.0475));
#4644=CARTESIAN_POINT('Ctrl Pts',(2.49437948608089,2.80401952343538,0.0475));
#4645=CARTESIAN_POINT('Ctrl Pts',(2.49362178749234,2.80251898309336,0.0475));
#4646=CARTESIAN_POINT('Ctrl Pts',(2.49299037200189,2.8008178754779,0.0475));
#4647=CARTESIAN_POINT('Ctrl Pts',(2.49248523960953,2.79891620058901,0.0475));
#4648=CARTESIAN_POINT('',(2.49734342467725,2.80800858365154,0.0475));
#4649=CARTESIAN_POINT('Ctrl Pts',(2.50728264733874,2.81157422406821,0.04));
#4650=CARTESIAN_POINT('Ctrl Pts',(2.50728264733874,2.81157422406821,0.055));
#4651=CARTESIAN_POINT('Ctrl Pts',(2.50407357096373,2.81157422406821,0.04));
#4652=CARTESIAN_POINT('Ctrl Pts',(2.50407357096373,2.81157422406821,0.055));
#4653=CARTESIAN_POINT('Ctrl Pts',(2.4991708153908,2.80970226284946,0.04));
#4654=CARTESIAN_POINT('Ctrl Pts',(2.4991708153908,2.80970226284946,0.055));
#4655=CARTESIAN_POINT('Ctrl Pts',(2.49734342467725,2.80800858365154,0.04));
#4656=CARTESIAN_POINT('Ctrl Pts',(2.49734342467725,2.80800858365154,0.055));
#4657=CARTESIAN_POINT('Ctrl Pts',(2.49734342467725,2.80800858365154,0.0525));
#4658=CARTESIAN_POINT('Ctrl Pts',(2.49856168515295,2.80913770311682,0.0525));
#4659=CARTESIAN_POINT('Ctrl Pts',(2.49998794131962,2.81001425638592,0.0525));
#4660=CARTESIAN_POINT('Ctrl Pts',(2.50162219317727,2.81063824345884,0.0525));
#4661=CARTESIAN_POINT('Ctrl Pts',(2.50325644503491,2.81126223053176,0.0525));
#4662=CARTESIAN_POINT('Ctrl Pts',(2.50514326308874,2.81157422406821,0.0525));
#4663=CARTESIAN_POINT('Ctrl Pts',(2.50728264733874,2.81157422406821,0.0525));
#4664=CARTESIAN_POINT('Ctrl Pts',(2.50728264733874,2.81157422406821,0.0475));
#4665=CARTESIAN_POINT('Ctrl Pts',(2.50514326308874,2.81157422406821,0.0475));
#4666=CARTESIAN_POINT('Ctrl Pts',(2.50325644503491,2.81126223053176,0.0475));
#4667=CARTESIAN_POINT('Ctrl Pts',(2.50162219317727,2.81063824345884,0.0475));
#4668=CARTESIAN_POINT('Ctrl Pts',(2.49998794131962,2.81001425638592,0.0475));
#4669=CARTESIAN_POINT('Ctrl Pts',(2.49856168515295,2.80913770311682,0.0475));
#4670=CARTESIAN_POINT('Ctrl Pts',(2.49734342467725,2.80800858365154,0.0475));
#4671=CARTESIAN_POINT('Ctrl Pts',(2.51945039526066,2.77672008899518,0.04));
#4672=CARTESIAN_POINT('Ctrl Pts',(2.51945039526066,2.77672008899518,0.055));
#4673=CARTESIAN_POINT('Ctrl Pts',(2.52118864496379,2.78024115890665,0.04));
#4674=CARTESIAN_POINT('Ctrl Pts',(2.52118864496379,2.78024115890665,0.055));
#4675=CARTESIAN_POINT('Ctrl Pts',(2.52301603567734,2.78844213186501,0.04));
#4676=CARTESIAN_POINT('Ctrl Pts',(2.52301603567734,2.78844213186501,0.055));
#4677=CARTESIAN_POINT('Ctrl Pts',(2.52301603567734,2.79307746440669,0.04));
#4678=CARTESIAN_POINT('Ctrl Pts',(2.52301603567734,2.79307746440669,0.055));
#4679=CARTESIAN_POINT('',(2.52293934173473,2.79043645300604,0.0525));
#4680=CARTESIAN_POINT('',(2.51945039526066,2.77672008899518,0.0525));
#4681=CARTESIAN_POINT('Ctrl Pts',(2.52293934173474,2.79043645300611,0.0525));
#4682=CARTESIAN_POINT('Ctrl Pts',(2.52281399327011,2.78831490782791,0.0525));
#4683=CARTESIAN_POINT('Ctrl Pts',(2.52253499279872,2.78628330528782,0.0525));
#4684=CARTESIAN_POINT('Ctrl Pts',(2.52210234032056,2.78434164538583,0.0525));
#4685=CARTESIAN_POINT('Ctrl Pts',(2.52149321008271,2.78160798773305,0.0525));
#4686=CARTESIAN_POINT('Ctrl Pts',(2.52060922839608,2.77906746893616,0.0525));
#4687=CARTESIAN_POINT('Ctrl Pts',(2.51945039526066,2.77672008899518,0.0525));
#4688=CARTESIAN_POINT('',(2.52293934173473,2.79043645300604,0.0475));
#4689=CARTESIAN_POINT('Ctrl Pts',(2.52293934173473,2.79043645300604,0.0475));
#4690=CARTESIAN_POINT('Ctrl Pts',(2.52293934173473,2.79043645300604,0.0491666666666667));
#4691=CARTESIAN_POINT('Ctrl Pts',(2.52293934173473,2.79043645300604,0.0508333333333333));
#4692=CARTESIAN_POINT('Ctrl Pts',(2.52293934173473,2.79043645300604,0.0525));
#4693=CARTESIAN_POINT('',(2.51945039526066,2.77672008899518,0.0475));
#4694=CARTESIAN_POINT('Ctrl Pts',(2.51945039526066,2.77672008899518,0.0475));
#4695=CARTESIAN_POINT('Ctrl Pts',(2.52060922839608,2.77906746893616,0.0475));
#4696=CARTESIAN_POINT('Ctrl Pts',(2.52149321008271,2.78160798773305,0.0475));
#4697=CARTESIAN_POINT('Ctrl Pts',(2.52210234032056,2.78434164538583,0.0475));
#4698=CARTESIAN_POINT('Ctrl Pts',(2.52253499279872,2.78628330528782,0.0475));
#4699=CARTESIAN_POINT('Ctrl Pts',(2.52281399327011,2.78831490782791,0.0475));
#4700=CARTESIAN_POINT('Ctrl Pts',(2.52293934173474,2.79043645300611,0.0475));
#4701=CARTESIAN_POINT('',(2.51945039526066,2.77672008899518,0.0475));
#4702=CARTESIAN_POINT('Origin',(2.5107145762398,2.77672008899518,0.0475));
#4703=CARTESIAN_POINT('',(2.5107145762398,2.77672008899518,0.0525));
#4704=CARTESIAN_POINT('',(2.50335776680658,2.77672008899518,0.0525));
#4705=CARTESIAN_POINT('',(2.5107145762398,2.77672008899518,0.0475));
#4706=CARTESIAN_POINT('',(2.50335776680658,2.77672008899518,0.0475));
#4707=CARTESIAN_POINT('',(2.5107145762398,2.77672008899518,0.0475));
#4708=CARTESIAN_POINT('Origin',(2.5107145762398,2.77725493505768,0.0475));
#4709=CARTESIAN_POINT('',(2.5107145762398,2.77725493505768,0.0525));
#4710=CARTESIAN_POINT('',(2.5107145762398,2.70920321295832,0.0525));
#4711=CARTESIAN_POINT('',(2.5107145762398,2.77725493505768,0.0475));
#4712=CARTESIAN_POINT('',(2.5107145762398,2.70920321295832,0.0475));
#4713=CARTESIAN_POINT('',(2.5107145762398,2.77725493505768,0.0475));
#4714=CARTESIAN_POINT('Ctrl Pts',(2.51668702393773,2.7925871888494,0.04));
#4715=CARTESIAN_POINT('Ctrl Pts',(2.51668702393773,2.7925871888494,0.055));
#4716=CARTESIAN_POINT('Ctrl Pts',(2.51668702393773,2.78808556782334,0.04));
#4717=CARTESIAN_POINT('Ctrl Pts',(2.51668702393773,2.78808556782334,0.055));
#4718=CARTESIAN_POINT('Ctrl Pts',(2.51312138352105,2.77988459486498,0.04));
#4719=CARTESIAN_POINT('Ctrl Pts',(2.51312138352105,2.77988459486498,0.055));
#4720=CARTESIAN_POINT('Ctrl Pts',(2.5107145762398,2.77725493505768,0.04));
#4721=CARTESIAN_POINT('Ctrl Pts',(2.5107145762398,2.77725493505768,0.055));
#4722=CARTESIAN_POINT('',(2.51668702393773,2.7925871888494,0.0525));
#4723=CARTESIAN_POINT('Ctrl Pts',(2.5107145762398,2.77725493505768,0.0525));
#4724=CARTESIAN_POINT('Ctrl Pts',(2.5123191144273,2.77900804159588,0.0525));
#4725=CARTESIAN_POINT('Ctrl Pts',(2.51371565692383,2.78125142369138,0.0525));
#4726=CARTESIAN_POINT('Ctrl Pts',(2.51490420372939,2.78398508134416,0.0525));
#4727=CARTESIAN_POINT('Ctrl Pts',(2.51609275053495,2.78671873899695,0.0525));
#4728=CARTESIAN_POINT('Ctrl Pts',(2.51668702393773,2.78958610816536,0.0525));
#4729=CARTESIAN_POINT('Ctrl Pts',(2.51668702393773,2.7925871888494,0.0525));
#4730=CARTESIAN_POINT('',(2.51668702393773,2.7925871888494,0.0475));
#4731=CARTESIAN_POINT('Ctrl Pts',(2.51668702393773,2.7925871888494,0.0475));
#4732=CARTESIAN_POINT('Ctrl Pts',(2.51668702393773,2.78958610816536,0.0475));
#4733=CARTESIAN_POINT('Ctrl Pts',(2.51609275053495,2.78671873899695,0.0475));
#4734=CARTESIAN_POINT('Ctrl Pts',(2.51490420372939,2.78398508134416,0.0475));
#4735=CARTESIAN_POINT('Ctrl Pts',(2.51371565692383,2.78125142369138,0.0475));
#4736=CARTESIAN_POINT('Ctrl Pts',(2.5123191144273,2.77900804159588,0.0475));
#4737=CARTESIAN_POINT('Ctrl Pts',(2.5107145762398,2.77725493505768,0.0475));
#4738=CARTESIAN_POINT('',(2.51668702393773,2.7925871888494,0.0475));
#4739=CARTESIAN_POINT('Ctrl Pts',(2.50804034592729,2.80395266767756,0.04));
#4740=CARTESIAN_POINT('Ctrl Pts',(2.50804034592729,2.80395266767756,0.055));
#4741=CARTESIAN_POINT('Ctrl Pts',(2.51191797988042,2.80395266767756,0.04));
#4742=CARTESIAN_POINT('Ctrl Pts',(2.51191797988042,2.80395266767756,0.055));
#4743=CARTESIAN_POINT('Ctrl Pts',(2.51668702393773,2.79766822644317,0.04));
#4744=CARTESIAN_POINT('Ctrl Pts',(2.51668702393773,2.79766822644317,0.055));
#4745=CARTESIAN_POINT('Ctrl Pts',(2.51668702393773,2.7925871888494,0.04));
#4746=CARTESIAN_POINT('Ctrl Pts',(2.51668702393773,2.7925871888494,0.055));
#4747=CARTESIAN_POINT('',(2.50804034592729,2.80395266767756,0.0525));
#4748=CARTESIAN_POINT('Ctrl Pts',(2.51668702393773,2.7925871888494,0.0525));
#4749=CARTESIAN_POINT('Ctrl Pts',(2.51668702393773,2.79597454724525,0.0525));
#4750=CARTESIAN_POINT('Ctrl Pts',(2.51589218326151,2.79871563331557,0.0525));
#4751=CARTESIAN_POINT('Ctrl Pts',(2.51430250190908,2.80081044706037,0.0525));
#4752=CARTESIAN_POINT('Ctrl Pts',(2.51271282055664,2.80290526080516,0.0525));
#4753=CARTESIAN_POINT('Ctrl Pts',(2.51062543522938,2.80395266767756,0.0525));
#4754=CARTESIAN_POINT('Ctrl Pts',(2.50804034592729,2.80395266767756,0.0525));
#4755=CARTESIAN_POINT('',(2.50804034592729,2.80395266767756,0.0475));
#4756=CARTESIAN_POINT('Ctrl Pts',(2.50804034592729,2.80395266767756,0.0475));
#4757=CARTESIAN_POINT('Ctrl Pts',(2.51062543522938,2.80395266767756,0.0475));
#4758=CARTESIAN_POINT('Ctrl Pts',(2.51271282055664,2.80290526080516,0.0475));
#4759=CARTESIAN_POINT('Ctrl Pts',(2.51430250190908,2.80081044706037,0.0475));
#4760=CARTESIAN_POINT('Ctrl Pts',(2.51589218326151,2.79871563331557,0.0475));
#4761=CARTESIAN_POINT('Ctrl Pts',(2.51668702393773,2.79597454724525,0.0475));
#4762=CARTESIAN_POINT('Ctrl Pts',(2.51668702393773,2.7925871888494,0.0475));
#4763=CARTESIAN_POINT('',(2.50804034592729,2.80395266767756,0.0475));
#4764=CARTESIAN_POINT('Ctrl Pts',(2.49948280892726,2.796776816339,0.04));
#4765=CARTESIAN_POINT('Ctrl Pts',(2.49948280892726,2.796776816339,0.055));
#4766=CARTESIAN_POINT('Ctrl Pts',(2.50041878953664,2.80025331574526,0.04));
#4767=CARTESIAN_POINT('Ctrl Pts',(2.50041878953664,2.80025331574526,0.055));
#4768=CARTESIAN_POINT('Ctrl Pts',(2.50456384652102,2.80395266767756,0.04));
#4769=CARTESIAN_POINT('Ctrl Pts',(2.50456384652102,2.80395266767756,0.055));
#4770=CARTESIAN_POINT('Ctrl Pts',(2.50804034592729,2.80395266767756,0.04));
#4771=CARTESIAN_POINT('Ctrl Pts',(2.50804034592729,2.80395266767756,0.055));
#4772=CARTESIAN_POINT('',(2.49948280892726,2.796776816339,0.0525));
#4773=CARTESIAN_POINT('Ctrl Pts',(2.50804034592729,2.80395266767756,0.0525));
#4774=CARTESIAN_POINT('Ctrl Pts',(2.50572267965645,2.80395266767756,0.0525));
#4775=CARTESIAN_POINT('Ctrl Pts',(2.50387300369029,2.80333610902218,0.0525));
#4776=CARTESIAN_POINT('Ctrl Pts',(2.50249131802883,2.80210299171141,0.0525));
#4777=CARTESIAN_POINT('Ctrl Pts',(2.50110963236737,2.80086987440064,0.0525));
#4778=CARTESIAN_POINT('Ctrl Pts',(2.50010679600018,2.79909448260984,0.0525));
#4779=CARTESIAN_POINT('Ctrl Pts',(2.49948280892726,2.796776816339,0.0525));
#4780=CARTESIAN_POINT('',(2.49948280892726,2.796776816339,0.0475));
#4781=CARTESIAN_POINT('Ctrl Pts',(2.49948280892726,2.796776816339,0.0475));
#4782=CARTESIAN_POINT('Ctrl Pts',(2.50010679600018,2.79909448260984,0.0475));
#4783=CARTESIAN_POINT('Ctrl Pts',(2.50110963236737,2.80086987440064,0.0475));
#4784=CARTESIAN_POINT('Ctrl Pts',(2.50249131802883,2.80210299171141,0.0475));
#4785=CARTESIAN_POINT('Ctrl Pts',(2.50387300369029,2.80333610902218,0.0475));
#4786=CARTESIAN_POINT('Ctrl Pts',(2.50572267965645,2.80395266767756,0.0475));
#4787=CARTESIAN_POINT('Ctrl Pts',(2.50804034592729,2.80395266767756,0.0475));
#4788=CARTESIAN_POINT('',(2.49948280892726,2.796776816339,0.0475));
#4789=CARTESIAN_POINT('Ctrl Pts',(2.49658572608871,2.78550047852125,0.04));
#4790=CARTESIAN_POINT('Ctrl Pts',(2.49658572608871,2.78550047852125,0.055));
#4791=CARTESIAN_POINT('Ctrl Pts',(2.49725428366683,2.78772900378168,0.04));
#4792=CARTESIAN_POINT('Ctrl Pts',(2.49725428366683,2.78772900378168,0.055));
#4793=CARTESIAN_POINT('Ctrl Pts',(2.49885882185434,2.79445915006816,0.04));
#4794=CARTESIAN_POINT('Ctrl Pts',(2.49885882185434,2.79445915006816,0.055));
#4795=CARTESIAN_POINT('Ctrl Pts',(2.49948280892726,2.796776816339,0.04));
#4796=CARTESIAN_POINT('Ctrl Pts',(2.49948280892726,2.796776816339,0.055));
#4797=CARTESIAN_POINT('',(2.49658572608871,2.78550047852125,0.0525));
#4798=CARTESIAN_POINT('Ctrl Pts',(2.49948280892726,2.796776816339,0.0525));
#4799=CARTESIAN_POINT('Ctrl Pts',(2.49906681754531,2.79523170549177,0.0525));
#4800=CARTESIAN_POINT('Ctrl Pts',(2.49859139882309,2.79333745902041,0.0525));
#4801=CARTESIAN_POINT('Ctrl Pts',(2.49805655276059,2.79109407692492,0.0525));
#4802=CARTESIAN_POINT('Ctrl Pts',(2.49752170669809,2.78885069482942,0.0525));
#4803=CARTESIAN_POINT('Ctrl Pts',(2.49703143114079,2.7869861620282,0.0525));
#4804=CARTESIAN_POINT('Ctrl Pts',(2.49658572608871,2.78550047852125,0.0525));
#4805=CARTESIAN_POINT('',(2.49658572608871,2.78550047852125,0.0475));
#4806=CARTESIAN_POINT('Ctrl Pts',(2.49658572608871,2.78550047852125,0.0475));
#4807=CARTESIAN_POINT('Ctrl Pts',(2.49703143114079,2.7869861620282,0.0475));
#4808=CARTESIAN_POINT('Ctrl Pts',(2.49752170669808,2.78885069482942,0.0475));
#4809=CARTESIAN_POINT('Ctrl Pts',(2.49805655276059,2.79109407692492,0.0475));
#4810=CARTESIAN_POINT('Ctrl Pts',(2.49859139882309,2.79333745902041,0.0475));
#4811=CARTESIAN_POINT('Ctrl Pts',(2.49906681754531,2.79523170549177,0.0475));
#4812=CARTESIAN_POINT('Ctrl Pts',(2.49948280892726,2.796776816339,0.0475));
#4813=CARTESIAN_POINT('',(2.49658572608871,2.78550047852125,0.0475));
#4814=CARTESIAN_POINT('Ctrl Pts',(2.48272429896887,2.77458070474517,0.04));
#4815=CARTESIAN_POINT('Ctrl Pts',(2.48272429896887,2.77458070474517,0.055));
#4816=CARTESIAN_POINT('Ctrl Pts',(2.48784990706784,2.77458070474517,0.04));
#4817=CARTESIAN_POINT('Ctrl Pts',(2.48784990706784,2.77458070474517,0.055));
#4818=CARTESIAN_POINT('Ctrl Pts',(2.49484747638558,2.77984002435977,0.04));
#4819=CARTESIAN_POINT('Ctrl Pts',(2.49484747638558,2.77984002435977,0.055));
#4820=CARTESIAN_POINT('Ctrl Pts',(2.49658572608871,2.78550047852125,0.04));
#4821=CARTESIAN_POINT('Ctrl Pts',(2.49658572608871,2.78550047852125,0.055));
#4822=CARTESIAN_POINT('',(2.48272429896887,2.77458070474517,0.0525));
#4823=CARTESIAN_POINT('Ctrl Pts',(2.49658572608871,2.78550047852125,0.0525));
#4824=CARTESIAN_POINT('Ctrl Pts',(2.49542689295329,2.7817268424136,0.0525));
#4825=CARTESIAN_POINT('Ctrl Pts',(2.49368121483262,2.77896347109067,0.0525));
#4826=CARTESIAN_POINT('Ctrl Pts',(2.49134869172671,2.77721036455247,0.0525));
#4827=CARTESIAN_POINT('Ctrl Pts',(2.4890161686208,2.77545725801427,0.0525));
#4828=CARTESIAN_POINT('Ctrl Pts',(2.48614137103485,2.77458070474517,0.0525));
#4829=CARTESIAN_POINT('Ctrl Pts',(2.48272429896887,2.77458070474517,0.0525));
#4830=CARTESIAN_POINT('',(2.48272429896887,2.77458070474517,0.0475));
#4831=CARTESIAN_POINT('Ctrl Pts',(2.48272429896887,2.77458070474517,0.0475));
#4832=CARTESIAN_POINT('Ctrl Pts',(2.48614137103485,2.77458070474517,0.0475));
#4833=CARTESIAN_POINT('Ctrl Pts',(2.4890161686208,2.77545725801427,0.0475));
#4834=CARTESIAN_POINT('Ctrl Pts',(2.49134869172671,2.77721036455247,0.0475));
#4835=CARTESIAN_POINT('Ctrl Pts',(2.49368121483262,2.77896347109067,0.0475));
#4836=CARTESIAN_POINT('Ctrl Pts',(2.49542689295329,2.7817268424136,0.0475));
#4837=CARTESIAN_POINT('Ctrl Pts',(2.49658572608871,2.78550047852125,0.0475));
#4838=CARTESIAN_POINT('',(2.48272429896887,2.77458070474517,0.0475));
#4839=CARTESIAN_POINT('Ctrl Pts',(2.47104682660425,2.77957260132852,0.04));
#4840=CARTESIAN_POINT('Ctrl Pts',(2.47104682660425,2.77957260132852,0.055));
#4841=CARTESIAN_POINT('Ctrl Pts',(2.47323078135946,2.77721036455247,0.04));
#4842=CARTESIAN_POINT('Ctrl Pts',(2.47323078135946,2.77721036455247,0.055));
#4843=CARTESIAN_POINT('Ctrl Pts',(2.47947065208865,2.77458070474517,0.04));
#4844=CARTESIAN_POINT('Ctrl Pts',(2.47947065208865,2.77458070474517,0.055));
#4845=CARTESIAN_POINT('Ctrl Pts',(2.48272429896887,2.77458070474517,0.04));
#4846=CARTESIAN_POINT('Ctrl Pts',(2.48272429896887,2.77458070474517,0.055));
#4847=CARTESIAN_POINT('',(2.47104682660425,2.77957260132852,0.0525));
#4848=CARTESIAN_POINT('Ctrl Pts',(2.48272429896887,2.77458070474517,0.0525));
#4849=CARTESIAN_POINT('Ctrl Pts',(2.48055520104872,2.77458070474517,0.0525));
#4850=CARTESIAN_POINT('Ctrl Pts',(2.47843067363379,2.77501898137972,0.0525));
#4851=CARTESIAN_POINT('Ctrl Pts',(2.47635071672406,2.77589553464882,0.0525));
#4852=CARTESIAN_POINT('Ctrl Pts',(2.47427075981433,2.77677208791792,0.0525));
#4853=CARTESIAN_POINT('Ctrl Pts',(2.47250279644106,2.77799777681116,0.0525));
#4854=CARTESIAN_POINT('Ctrl Pts',(2.47104682660425,2.77957260132852,0.0525));
#4855=CARTESIAN_POINT('',(2.47104682660425,2.77957260132852,0.0475));
#4856=CARTESIAN_POINT('Ctrl Pts',(2.47104682660425,2.77957260132852,0.0475));
#4857=CARTESIAN_POINT('Ctrl Pts',(2.47250279644106,2.77799777681116,0.0475));
#4858=CARTESIAN_POINT('Ctrl Pts',(2.47427075981433,2.77677208791792,0.0475));
#4859=CARTESIAN_POINT('Ctrl Pts',(2.47635071672406,2.77589553464882,0.0475));
#4860=CARTESIAN_POINT('Ctrl Pts',(2.47843067363379,2.77501898137972,0.0475));
#4861=CARTESIAN_POINT('Ctrl Pts',(2.48055520104872,2.77458070474517,0.0475));
#4862=CARTESIAN_POINT('Ctrl Pts',(2.48272429896887,2.77458070474517,0.0475));
#4863=CARTESIAN_POINT('',(2.47104682660425,2.77957260132852,0.0475));
#4864=CARTESIAN_POINT('Ctrl Pts',(2.4660549300209,2.79392430400566,0.04));
#4865=CARTESIAN_POINT('Ctrl Pts',(2.4660549300209,2.79392430400566,0.055));
#4866=CARTESIAN_POINT('Ctrl Pts',(2.4660549300209,2.7888878369171,0.04));
#4867=CARTESIAN_POINT('Ctrl Pts',(2.4660549300209,2.7888878369171,0.055));
#4868=CARTESIAN_POINT('Ctrl Pts',(2.46864001932299,2.78220226113582,0.04));
#4869=CARTESIAN_POINT('Ctrl Pts',(2.46864001932299,2.78220226113582,0.055));
#4870=CARTESIAN_POINT('Ctrl Pts',(2.47104682660425,2.77957260132852,0.04));
#4871=CARTESIAN_POINT('Ctrl Pts',(2.47104682660425,2.77957260132852,0.055));
#4872=CARTESIAN_POINT('',(2.4660549300209,2.79392430400566,0.0525));
#4873=CARTESIAN_POINT('Ctrl Pts',(2.47104682660425,2.77957260132852,0.0525));
#4874=CARTESIAN_POINT('Ctrl Pts',(2.46944228841674,2.78132570786672,0.0525));
#4875=CARTESIAN_POINT('Ctrl Pts',(2.46820917110597,2.78331652376604,0.0525));
#4876=CARTESIAN_POINT('Ctrl Pts',(2.46734747467194,2.78554504902646,0.0525));
#4877=CARTESIAN_POINT('Ctrl Pts',(2.46648577823791,2.78777357428688,0.0525));
#4878=CARTESIAN_POINT('Ctrl Pts',(2.4660549300209,2.79056665927995,0.0525));
#4879=CARTESIAN_POINT('Ctrl Pts',(2.4660549300209,2.79392430400566,0.0525));
#4880=CARTESIAN_POINT('',(2.4660549300209,2.79392430400566,0.0475));
#4881=CARTESIAN_POINT('Ctrl Pts',(2.4660549300209,2.79392430400566,0.0475));
#4882=CARTESIAN_POINT('Ctrl Pts',(2.4660549300209,2.79056665927995,0.0475));
#4883=CARTESIAN_POINT('Ctrl Pts',(2.46648577823791,2.78777357428688,0.0475));
#4884=CARTESIAN_POINT('Ctrl Pts',(2.46734747467194,2.78554504902646,0.0475));
#4885=CARTESIAN_POINT('Ctrl Pts',(2.46820917110597,2.78331652376604,0.0475));
#4886=CARTESIAN_POINT('Ctrl Pts',(2.46944228841674,2.78132570786672,0.0475));
#4887=CARTESIAN_POINT('Ctrl Pts',(2.47104682660425,2.77957260132852,0.0475));
#4888=CARTESIAN_POINT('',(2.4660549300209,2.79392430400566,0.0475));
#4889=CARTESIAN_POINT('Ctrl Pts',(2.47033369852091,2.81197535861509,0.04));
#4890=CARTESIAN_POINT('Ctrl Pts',(2.47033369852091,2.81197535861509,0.055));
#4891=CARTESIAN_POINT('Ctrl Pts',(2.46855087831257,2.80827600668279,0.04));
#4892=CARTESIAN_POINT('Ctrl Pts',(2.46855087831257,2.80827600668279,0.055));
#4893=CARTESIAN_POINT('Ctrl Pts',(2.4660549300209,2.79989675170359,0.04));
#4894=CARTESIAN_POINT('Ctrl Pts',(2.4660549300209,2.79989675170359,0.055));
#4895=CARTESIAN_POINT('Ctrl Pts',(2.4660549300209,2.79392430400566,0.04));
#4896=CARTESIAN_POINT('Ctrl Pts',(2.4660549300209,2.79392430400566,0.055));
#4897=CARTESIAN_POINT('Ctrl Pts',(2.4660549300209,2.79392430400566,0.0525));
#4898=CARTESIAN_POINT('Ctrl Pts',(2.4660549300209,2.79790593580428,0.0525));
#4899=CARTESIAN_POINT('Ctrl Pts',(2.46647092140284,2.80129329420012,0.0525));
#4900=CARTESIAN_POINT('Ctrl Pts',(2.46730290416673,2.80408637919319,0.0525));
#4901=CARTESIAN_POINT('Ctrl Pts',(2.46813488693063,2.80687946418625,0.0525));
#4902=CARTESIAN_POINT('Ctrl Pts',(2.46914515171535,2.80950912399355,0.0525));
#4903=CARTESIAN_POINT('Ctrl Pts',(2.47033369852091,2.81197535861509,0.0525));
#4904=CARTESIAN_POINT('Ctrl Pts',(2.47033369852091,2.81197535861509,0.0475));
#4905=CARTESIAN_POINT('Ctrl Pts',(2.46914515171535,2.80950912399355,0.0475));
#4906=CARTESIAN_POINT('Ctrl Pts',(2.46813488693063,2.80687946418625,0.0475));
#4907=CARTESIAN_POINT('Ctrl Pts',(2.46730290416673,2.80408637919319,0.0475));
#4908=CARTESIAN_POINT('Ctrl Pts',(2.46647092140284,2.80129329420012,0.0475));
#4909=CARTESIAN_POINT('Ctrl Pts',(2.4660549300209,2.79790593580428,0.0475));
#4910=CARTESIAN_POINT('Ctrl Pts',(2.4660549300209,2.79392430400566,0.0475));
#4911=CARTESIAN_POINT('Origin',(2.48241230543241,2.73968199916693,0.0475));
#4912=CARTESIAN_POINT('',(2.46703548113548,2.73469010258358,0.0475));
#4913=CARTESIAN_POINT('',(2.47409032402437,2.73698037041998,0.0475));
#4914=CARTESIAN_POINT('',(2.46703548113548,2.73469010258358,0.0525));
#4915=CARTESIAN_POINT('',(2.47409032402437,2.73698037041998,0.0525));
#4916=CARTESIAN_POINT('',(2.46703548113548,2.73469010258358,0.0475));
#4917=CARTESIAN_POINT('Origin',(2.46703548113548,2.73469010258358,0.0475));
#4918=CARTESIAN_POINT('',(2.46703548113548,2.72697940518252,0.0475));
#4919=CARTESIAN_POINT('',(2.46703548113548,2.68792079672127,0.0475));
#4920=CARTESIAN_POINT('',(2.46703548113548,2.72697940518252,0.0525));
#4921=CARTESIAN_POINT('',(2.46703548113548,2.68792079672127,0.0525));
#4922=CARTESIAN_POINT('',(2.46703548113548,2.72697940518252,0.0475));
#4923=CARTESIAN_POINT('Origin',(2.46703548113548,2.72697940518252,0.0475));
#4924=CARTESIAN_POINT('',(2.52203548456275,2.74552073534924,0.0475));
#4925=CARTESIAN_POINT('',(2.4670496654565,2.72698418693093,0.0475));
#4926=CARTESIAN_POINT('',(2.52203548456275,2.74552073534924,0.0525));
#4927=CARTESIAN_POINT('',(2.4670496654565,2.72698418693093,0.0525));
#4928=CARTESIAN_POINT('',(2.52203548456275,2.74552073534924,0.0475));
#4929=CARTESIAN_POINT('Origin',(2.52203548456275,2.74552073534924,0.0475));
#4930=CARTESIAN_POINT('',(2.52203548456275,2.75452397740136,0.0475));
#4931=CARTESIAN_POINT('',(2.52203548456275,2.6933361131041,0.0475));
#4932=CARTESIAN_POINT('',(2.52203548456275,2.75452397740136,0.0525));
#4933=CARTESIAN_POINT('',(2.52203548456275,2.6933361131041,0.0525));
#4934=CARTESIAN_POINT('',(2.52203548456275,2.75452397740136,0.0475));
#4935=CARTESIAN_POINT('Origin',(2.46703548113548,2.76566660370348,0.0475));
#4936=CARTESIAN_POINT('',(2.46703548113548,2.76566660370348,0.0475));
#4937=CARTESIAN_POINT('',(2.49842159705005,2.75547748781237,0.0475));
#4938=CARTESIAN_POINT('',(2.46703548113548,2.76566660370348,0.0525));
#4939=CARTESIAN_POINT('',(2.46703548113548,2.76566660370348,0.0475));
#4940=CARTESIAN_POINT('',(2.49842159705005,2.75547748781237,0.0525));
#4941=CARTESIAN_POINT('Origin',(2.46703548113548,2.77306530756809,0.0475));
#4942=CARTESIAN_POINT('',(2.46703548113548,2.77306530756809,0.0475));
#4943=CARTESIAN_POINT('',(2.46703548113548,2.70710839921352,0.0475));
#4944=CARTESIAN_POINT('',(2.46703548113548,2.77306530756809,0.0525));
#4945=CARTESIAN_POINT('',(2.46703548113548,2.77306530756809,0.0475));
#4946=CARTESIAN_POINT('',(2.46703548113548,2.70710839921352,0.0525));
#4947=CARTESIAN_POINT('Origin',(2.52203548456275,2.75452397740136,0.0475));
#4948=CARTESIAN_POINT('',(2.52750627178646,2.75267969256743,0.0475));
#4949=CARTESIAN_POINT('',(2.52750627178646,2.75267969256743,0.0525));
#4950=CARTESIAN_POINT('Origin',(2.52203548456275,2.72176465607312,0.0475));
#4951=CARTESIAN_POINT('',(2.52203548456275,2.72176465607312,0.0475));
#4952=CARTESIAN_POINT('',(2.46703548113548,2.72176465607312,0.0475));
#4953=CARTESIAN_POINT('',(2.50901822096806,2.72176465607312,0.0475));
#4954=CARTESIAN_POINT('',(2.52203548456275,2.72176465607312,0.0525));
#4955=CARTESIAN_POINT('',(2.52203548456275,2.72176465607312,0.0475));
#4956=CARTESIAN_POINT('',(2.46703548113548,2.72176465607312,0.0525));
#4957=CARTESIAN_POINT('',(2.50901822096806,2.72176465607312,0.0525));
#4958=CARTESIAN_POINT('',(2.46703548113548,2.72176465607312,0.0475));
#4959=CARTESIAN_POINT('Origin',(2.46703548113548,2.72176465607312,0.0475));
#4960=CARTESIAN_POINT('',(2.46703548113548,2.71494536877622,0.0475));
#4961=CARTESIAN_POINT('',(2.46703548113548,2.68145807346603,0.0475));
#4962=CARTESIAN_POINT('',(2.46703548113548,2.71494536877622,0.0525));
#4963=CARTESIAN_POINT('',(2.46703548113548,2.68145807346603,0.0525));
#4964=CARTESIAN_POINT('',(2.46703548113548,2.71494536877622,0.0475));
#4965=CARTESIAN_POINT('Origin',(2.46703548113548,2.71494536877622,0.0475));
#4966=CARTESIAN_POINT('',(2.5144139281721,2.71494536877622,0.0475));
#4967=CARTESIAN_POINT('',(2.48151821925442,2.71494536877622,0.0475));
#4968=CARTESIAN_POINT('',(2.5144139281721,2.71494536877622,0.0525));
#4969=CARTESIAN_POINT('',(2.48151821925442,2.71494536877622,0.0525));
#4970=CARTESIAN_POINT('',(2.5144139281721,2.71494536877622,0.0475));
#4971=CARTESIAN_POINT('Origin',(2.5144139281721,2.71494536877622,0.0475));
#4972=CARTESIAN_POINT('',(2.48218945290637,2.70072737761472,0.0475));
#4973=CARTESIAN_POINT('',(2.49308084643031,2.70553284723317,0.0475));
#4974=CARTESIAN_POINT('',(2.48218945290637,2.70072737761472,0.0525));
#4975=CARTESIAN_POINT('',(2.49308084643031,2.70553284723317,0.0525));
#4976=CARTESIAN_POINT('',(2.48218945290637,2.70072737761472,0.0475));
#4977=CARTESIAN_POINT('Origin',(2.48218945290637,2.70072737761472,0.0475));
#4978=CARTESIAN_POINT('',(2.48218945290637,2.69627032709387,0.0475));
#4979=CARTESIAN_POINT('',(2.48218945290637,2.67093943423683,0.0475));
#4980=CARTESIAN_POINT('',(2.48218945290637,2.69627032709387,0.0525));
#4981=CARTESIAN_POINT('',(2.48218945290637,2.67093943423683,0.0525));
#4982=CARTESIAN_POINT('',(2.48218945290637,2.69627032709387,0.0475));
#4983=CARTESIAN_POINT('Origin',(2.48218945290637,2.69627032709387,0.0475));
#4984=CARTESIAN_POINT('',(2.5144139281721,2.68191862441674,0.0475));
#4985=CARTESIAN_POINT('',(2.49819460422589,2.68914216841491,0.0475));
#4986=CARTESIAN_POINT('',(2.5144139281721,2.68191862441674,0.0525));
#4987=CARTESIAN_POINT('',(2.49819460422589,2.68914216841491,0.0525));
#4988=CARTESIAN_POINT('',(2.5144139281721,2.68191862441674,0.0475));
#4989=CARTESIAN_POINT('Origin',(2.5144139281721,2.68191862441674,0.0475));
#4990=CARTESIAN_POINT('',(2.46703548113548,2.68191862441674,0.0475));
#4991=CARTESIAN_POINT('',(2.50520744277273,2.68191862441674,0.0475));
#4992=CARTESIAN_POINT('',(2.46703548113548,2.68191862441674,0.0525));
#4993=CARTESIAN_POINT('',(2.50520744277273,2.68191862441674,0.0525));
#4994=CARTESIAN_POINT('',(2.46703548113548,2.68191862441674,0.0475));
#4995=CARTESIAN_POINT('Origin',(2.52203548456275,2.71178086290642,0.0475));
#4996=CARTESIAN_POINT('',(2.52203548456275,2.71178086290642,0.0475));
#4997=CARTESIAN_POINT('',(2.52203548456275,2.67646617688269,0.0475));
#4998=CARTESIAN_POINT('',(2.52203548456275,2.71178086290642,0.0525));
#4999=CARTESIAN_POINT('',(2.52203548456275,2.71178086290642,0.0475));
#5000=CARTESIAN_POINT('',(2.52203548456275,2.67646617688269,0.0525));
#5001=CARTESIAN_POINT('Origin',(2.49141554748452,2.69805314730221,0.0475));
#5002=CARTESIAN_POINT('',(2.49141554748452,2.69805314730221,0.0475));
#5003=CARTESIAN_POINT('',(2.48270399436664,2.69414753105722,0.0475));
#5004=CARTESIAN_POINT('',(2.49141554748452,2.69805314730221,0.0525));
#5005=CARTESIAN_POINT('',(2.49141554748452,2.69805314730221,0.0475));
#5006=CARTESIAN_POINT('',(2.48270399436664,2.69414753105722,0.0525));
#5007=CARTESIAN_POINT('Origin',(2.52203548456275,2.68477113675008,0.0475));
#5008=CARTESIAN_POINT('',(2.52203548456275,2.68477113675008,0.0475));
#5009=CARTESIAN_POINT('',(2.51904192554837,2.68606965288732,0.0475));
#5010=CARTESIAN_POINT('',(2.52203548456275,2.68477113675008,0.0525));
#5011=CARTESIAN_POINT('',(2.52203548456275,2.68477113675008,0.0475));
#5012=CARTESIAN_POINT('',(2.51904192554837,2.68606965288732,0.0525));
#5013=CARTESIAN_POINT('Origin',(2.52203548456275,2.67460906156255,0.0475));
#5014=CARTESIAN_POINT('',(2.52203548456275,2.67460906156255,0.0475));
#5015=CARTESIAN_POINT('',(2.52203548456275,2.65788027621075,0.0475));
#5016=CARTESIAN_POINT('',(2.52203548456275,2.67460906156255,0.0525));
#5017=CARTESIAN_POINT('',(2.52203548456275,2.67460906156255,0.0475));
#5018=CARTESIAN_POINT('',(2.52203548456275,2.65788027621075,0.0525));
#5019=CARTESIAN_POINT('Origin',(2.46703548113548,2.67460906156255,0.0475));
#5020=CARTESIAN_POINT('',(2.46703548113548,2.67460906156255,0.0475));
#5021=CARTESIAN_POINT('',(2.48151821925443,2.67460906156255,0.0475));
#5022=CARTESIAN_POINT('',(2.46703548113548,2.67460906156255,0.0525));
#5023=CARTESIAN_POINT('',(2.46703548113548,2.67460906156255,0.0475));
#5024=CARTESIAN_POINT('',(2.48151821925443,2.67460906156255,0.0525));
#5025=CARTESIAN_POINT('Origin',(2.46703548113548,2.68191862441674,0.0475));
#5026=CARTESIAN_POINT('',(2.46703548113548,2.66153505763784,0.0475));
#5027=CARTESIAN_POINT('',(2.46703548113548,2.66153505763784,0.0525));
#5028=CARTESIAN_POINT('Ctrl Pts',(2.48753791353139,2.58952396711956,0.04));
#5029=CARTESIAN_POINT('Ctrl Pts',(2.48753791353139,2.58952396711956,0.055));
#5030=CARTESIAN_POINT('Ctrl Pts',(2.48383856159908,2.58952396711956,0.04));
#5031=CARTESIAN_POINT('Ctrl Pts',(2.48383856159908,2.58952396711956,0.055));
#5032=CARTESIAN_POINT('Ctrl Pts',(2.47871295350011,2.59050451823414,0.04));
#5033=CARTESIAN_POINT('Ctrl Pts',(2.47871295350011,2.59050451823414,0.055));
#5034=CARTESIAN_POINT('Ctrl Pts',(2.47661813975531,2.59188620389561,0.04));
#5035=CARTESIAN_POINT('Ctrl Pts',(2.47661813975531,2.59188620389561,0.055));
#5036=CARTESIAN_POINT('',(2.48753791353139,2.58952396711956,0.0475));
#5037=CARTESIAN_POINT('',(2.47661813975531,2.59188620389561,0.0475));
#5038=CARTESIAN_POINT('Ctrl Pts',(2.48753791353139,2.58952396711956,0.0475));
#5039=CARTESIAN_POINT('Ctrl Pts',(2.48507167890985,2.58952396711956,0.0475));
#5040=CARTESIAN_POINT('Ctrl Pts',(2.48298429358259,2.58968739230532,0.0475));
#5041=CARTESIAN_POINT('Ctrl Pts',(2.48127575754959,2.59001424267685,0.0475));
#5042=CARTESIAN_POINT('Ctrl Pts',(2.4795672215166,2.59034109304838,0.0475));
#5043=CARTESIAN_POINT('Ctrl Pts',(2.47801468225184,2.5909650801213,0.0475));
#5044=CARTESIAN_POINT('Ctrl Pts',(2.47661813975531,2.59188620389561,0.0475));
#5045=CARTESIAN_POINT('',(2.48753791353139,2.58952396711956,0.0525));
#5046=CARTESIAN_POINT('',(2.48753791353139,2.58952396711956,0.0475));
#5047=CARTESIAN_POINT('',(2.47661813975531,2.59188620389561,0.0525));
#5048=CARTESIAN_POINT('Ctrl Pts',(2.47661813975531,2.59188620389561,0.0525));
#5049=CARTESIAN_POINT('Ctrl Pts',(2.47801468225184,2.5909650801213,0.0525));
#5050=CARTESIAN_POINT('Ctrl Pts',(2.4795672215166,2.59034109304838,0.0525));
#5051=CARTESIAN_POINT('Ctrl Pts',(2.48127575754959,2.59001424267685,0.0525));
#5052=CARTESIAN_POINT('Ctrl Pts',(2.48298429358259,2.58968739230532,0.0525));
#5053=CARTESIAN_POINT('Ctrl Pts',(2.48507167890985,2.58952396711956,0.0525));
#5054=CARTESIAN_POINT('Ctrl Pts',(2.48753791353139,2.58952396711956,0.0525));
#5055=CARTESIAN_POINT('',(2.47661813975531,2.59188620389561,0.0475));
#5056=CARTESIAN_POINT('Ctrl Pts',(2.47661813975531,2.59188620389561,0.04));
#5057=CARTESIAN_POINT('Ctrl Pts',(2.47661813975531,2.59188620389561,0.055));
#5058=CARTESIAN_POINT('Ctrl Pts',(2.47438961449488,2.59335703056749,0.04));
#5059=CARTESIAN_POINT('Ctrl Pts',(2.47438961449488,2.59335703056749,0.055));
#5060=CARTESIAN_POINT('Ctrl Pts',(2.47211651872925,2.5987054911925,0.04));
#5061=CARTESIAN_POINT('Ctrl Pts',(2.47211651872925,2.5987054911925,0.055));
#5062=CARTESIAN_POINT('Ctrl Pts',(2.47211651872925,2.60213742009356,0.04));
#5063=CARTESIAN_POINT('Ctrl Pts',(2.47211651872925,2.60213742009356,0.055));
#5064=CARTESIAN_POINT('',(2.47211651872925,2.60213742009356,0.0475));
#5065=CARTESIAN_POINT('Ctrl Pts',(2.47661813975531,2.59188620389561,0.0475));
#5066=CARTESIAN_POINT('Ctrl Pts',(2.47513245624836,2.59286675501019,0.0475));
#5067=CARTESIAN_POINT('Ctrl Pts',(2.47401076520061,2.59424844067166,0.0475));
#5068=CARTESIAN_POINT('Ctrl Pts',(2.47325306661207,2.59603126087999,0.0475));
#5069=CARTESIAN_POINT('Ctrl Pts',(2.47249536802352,2.59781408108833,0.0475));
#5070=CARTESIAN_POINT('Ctrl Pts',(2.47211651872925,2.59984946749285,0.0475));
#5071=CARTESIAN_POINT('Ctrl Pts',(2.47211651872925,2.60213742009356,0.0475));
#5072=CARTESIAN_POINT('',(2.47211651872925,2.60213742009356,0.0525));
#5073=CARTESIAN_POINT('Ctrl Pts',(2.47211651872925,2.60213742009356,0.0525));
#5074=CARTESIAN_POINT('Ctrl Pts',(2.47211651872925,2.59984946749285,0.0525));
#5075=CARTESIAN_POINT('Ctrl Pts',(2.47249536802352,2.59781408108833,0.0525));
#5076=CARTESIAN_POINT('Ctrl Pts',(2.47325306661207,2.59603126087999,0.0525));
#5077=CARTESIAN_POINT('Ctrl Pts',(2.47401076520061,2.59424844067165,0.0525));
#5078=CARTESIAN_POINT('Ctrl Pts',(2.47513245624836,2.59286675501019,0.0525));
#5079=CARTESIAN_POINT('Ctrl Pts',(2.47661813975531,2.59188620389561,0.0525));
#5080=CARTESIAN_POINT('',(2.47211651872925,2.60213742009356,0.0475));
#5081=CARTESIAN_POINT('Ctrl Pts',(2.47211651872925,2.60213742009356,0.04));
#5082=CARTESIAN_POINT('Ctrl Pts',(2.47211651872925,2.60213742009356,0.055));
#5083=CARTESIAN_POINT('Ctrl Pts',(2.47211651872925,2.60579220152065,0.04));
#5084=CARTESIAN_POINT('Ctrl Pts',(2.47211651872925,2.60579220152065,0.055));
#5085=CARTESIAN_POINT('Ctrl Pts',(2.47438961449488,2.61087323911442,0.04));
#5086=CARTESIAN_POINT('Ctrl Pts',(2.47438961449488,2.61087323911442,0.055));
#5087=CARTESIAN_POINT('Ctrl Pts',(2.47661813975531,2.6123440657863,0.04));
#5088=CARTESIAN_POINT('Ctrl Pts',(2.47661813975531,2.6123440657863,0.055));
#5089=CARTESIAN_POINT('',(2.47661813975531,2.6123440657863,0.0475));
#5090=CARTESIAN_POINT('Ctrl Pts',(2.47211651872925,2.60213742009356,0.0475));
#5091=CARTESIAN_POINT('Ctrl Pts',(2.47211651872925,2.60457394104495,0.0475));
#5092=CARTESIAN_POINT('Ctrl Pts',(2.47249536802352,2.60663904111961,0.0475));
#5093=CARTESIAN_POINT('Ctrl Pts',(2.47325306661207,2.60833272031754,0.0475));
#5094=CARTESIAN_POINT('Ctrl Pts',(2.47401076520061,2.61002639951546,0.0475));
#5095=CARTESIAN_POINT('Ctrl Pts',(2.47513245624836,2.61136351467171,0.0475));
#5096=CARTESIAN_POINT('Ctrl Pts',(2.47661813975531,2.6123440657863,0.0475));
#5097=CARTESIAN_POINT('',(2.47661813975531,2.6123440657863,0.0525));
#5098=CARTESIAN_POINT('Ctrl Pts',(2.47661813975531,2.6123440657863,0.0525));
#5099=CARTESIAN_POINT('Ctrl Pts',(2.47513245624836,2.61136351467171,0.0525));
#5100=CARTESIAN_POINT('Ctrl Pts',(2.47401076520061,2.61002639951546,0.0525));
#5101=CARTESIAN_POINT('Ctrl Pts',(2.47325306661207,2.60833272031754,0.0525));
#5102=CARTESIAN_POINT('Ctrl Pts',(2.47249536802352,2.60663904111961,0.0525));
#5103=CARTESIAN_POINT('Ctrl Pts',(2.47211651872925,2.60457394104495,0.0525));
#5104=CARTESIAN_POINT('Ctrl Pts',(2.47211651872925,2.60213742009356,0.0525));
#5105=CARTESIAN_POINT('',(2.47661813975531,2.6123440657863,0.0475));
#5106=CARTESIAN_POINT('Ctrl Pts',(2.47661813975531,2.6123440657863,0.04));
#5107=CARTESIAN_POINT('Ctrl Pts',(2.47661813975531,2.6123440657863,0.055));
#5108=CARTESIAN_POINT('Ctrl Pts',(2.47871295350011,2.61372575144776,0.04));
#5109=CARTESIAN_POINT('Ctrl Pts',(2.47871295350011,2.61372575144776,0.055));
#5110=CARTESIAN_POINT('Ctrl Pts',(2.48388313210429,2.61470630256235,0.04));
#5111=CARTESIAN_POINT('Ctrl Pts',(2.48388313210429,2.61470630256235,0.055));
#5112=CARTESIAN_POINT('Ctrl Pts',(2.48771619555222,2.61470630256235,0.04));
#5113=CARTESIAN_POINT('Ctrl Pts',(2.48771619555222,2.61470630256235,0.055));
#5114=CARTESIAN_POINT('',(2.48771619555222,2.61470630256235,0.0475));
#5115=CARTESIAN_POINT('Ctrl Pts',(2.47661813975531,2.6123440657863,0.0475));
#5116=CARTESIAN_POINT('Ctrl Pts',(2.47801468225184,2.61326518956061,0.0475));
#5117=CARTESIAN_POINT('Ctrl Pts',(2.47957464993414,2.61388917663353,0.0475));
#5118=CARTESIAN_POINT('Ctrl Pts',(2.4812980428022,2.61421602700505,0.0475));
#5119=CARTESIAN_POINT('Ctrl Pts',(2.48302143567026,2.61454287737658,0.0475));
#5120=CARTESIAN_POINT('Ctrl Pts',(2.48516081992027,2.61470630256235,0.0475));
#5121=CARTESIAN_POINT('Ctrl Pts',(2.48771619555222,2.61470630256235,0.0475));
#5122=CARTESIAN_POINT('',(2.48771619555222,2.61470630256235,0.0525));
#5123=CARTESIAN_POINT('Ctrl Pts',(2.48771619555222,2.61470630256235,0.0525));
#5124=CARTESIAN_POINT('Ctrl Pts',(2.48516081992027,2.61470630256235,0.0525));
#5125=CARTESIAN_POINT('Ctrl Pts',(2.48302143567026,2.61454287737658,0.0525));
#5126=CARTESIAN_POINT('Ctrl Pts',(2.4812980428022,2.61421602700505,0.0525));
#5127=CARTESIAN_POINT('Ctrl Pts',(2.47957464993414,2.61388917663353,0.0525));
#5128=CARTESIAN_POINT('Ctrl Pts',(2.47801468225184,2.61326518956061,0.0525));
#5129=CARTESIAN_POINT('Ctrl Pts',(2.47661813975531,2.6123440657863,0.0525));
#5130=CARTESIAN_POINT('',(2.48771619555222,2.61470630256235,0.0475));
#5131=CARTESIAN_POINT('Origin',(2.48771619555222,2.61470630256235,0.0475));
#5132=CARTESIAN_POINT('',(2.52203548456275,2.61470630256235,0.0475));
#5133=CARTESIAN_POINT('',(2.49185857646279,2.61470630256235,0.0475));
#5134=CARTESIAN_POINT('',(2.52203548456275,2.61470630256235,0.0525));
#5135=CARTESIAN_POINT('',(2.49185857646279,2.61470630256235,0.0525));
#5136=CARTESIAN_POINT('',(2.52203548456275,2.61470630256235,0.0475));
#5137=CARTESIAN_POINT('Origin',(2.52203548456275,2.61470630256235,0.0475));
#5138=CARTESIAN_POINT('',(2.52203548456275,2.62201586541654,0.0475));
#5139=CARTESIAN_POINT('',(2.52203548456275,2.62792889671065,0.0475));
#5140=CARTESIAN_POINT('',(2.52203548456275,2.62201586541654,0.0525));
#5141=CARTESIAN_POINT('',(2.52203548456275,2.62792889671065,0.0525));
#5142=CARTESIAN_POINT('',(2.52203548456275,2.62201586541654,0.0475));
#5143=CARTESIAN_POINT('Origin',(2.52203548456275,2.62201586541654,0.0475));
#5144=CARTESIAN_POINT('',(2.48771619555222,2.62201586541654,0.0475));
#5145=CARTESIAN_POINT('',(2.50901822096806,2.62201586541654,0.0475));
#5146=CARTESIAN_POINT('',(2.48771619555222,2.62201586541654,0.0525));
#5147=CARTESIAN_POINT('',(2.50901822096806,2.62201586541654,0.0525));
#5148=CARTESIAN_POINT('',(2.48771619555222,2.62201586541654,0.0475));
#5149=CARTESIAN_POINT('Ctrl Pts',(2.48771619555222,2.62201586541654,0.04));
#5150=CARTESIAN_POINT('Ctrl Pts',(2.48771619555222,2.62201586541654,0.055));
#5151=CARTESIAN_POINT('Ctrl Pts',(2.4818328888647,2.62201586541654,0.04));
#5152=CARTESIAN_POINT('Ctrl Pts',(2.4818328888647,2.62201586541654,0.055));
#5153=CARTESIAN_POINT('Ctrl Pts',(2.47381019792717,2.61965362864049,0.04));
#5154=CARTESIAN_POINT('Ctrl Pts',(2.47381019792717,2.61965362864049,0.055));
#5155=CARTESIAN_POINT('Ctrl Pts',(2.47095768559383,2.61675654580194,0.04));
#5156=CARTESIAN_POINT('Ctrl Pts',(2.47095768559383,2.61675654580194,0.055));
#5157=CARTESIAN_POINT('',(2.47095768559383,2.61675654580194,0.0475));
#5158=CARTESIAN_POINT('Ctrl Pts',(2.48771619555222,2.62201586541654,0.0475));
#5159=CARTESIAN_POINT('Ctrl Pts',(2.48379399109387,2.62201586541654,0.0475));
#5160=CARTESIAN_POINT('Ctrl Pts',(2.48049577370845,2.6216221592872,0.0475));
#5161=CARTESIAN_POINT('Ctrl Pts',(2.47782154339594,2.62083474702851,0.0475));
#5162=CARTESIAN_POINT('Ctrl Pts',(2.47514731308343,2.62004733476983,0.0475));
#5163=CARTESIAN_POINT('Ctrl Pts',(2.47285936048273,2.61868793436097,0.0475));
#5164=CARTESIAN_POINT('Ctrl Pts',(2.47095768559383,2.61675654580194,0.0475));
#5165=CARTESIAN_POINT('',(2.47095768559383,2.61675654580194,0.0525));
#5166=CARTESIAN_POINT('Ctrl Pts',(2.47095768559383,2.61675654580194,0.0525));
#5167=CARTESIAN_POINT('Ctrl Pts',(2.47285936048273,2.61868793436097,0.0525));
#5168=CARTESIAN_POINT('Ctrl Pts',(2.47514731308343,2.62004733476983,0.0525));
#5169=CARTESIAN_POINT('Ctrl Pts',(2.47782154339594,2.62083474702851,0.0525));
#5170=CARTESIAN_POINT('Ctrl Pts',(2.48049577370845,2.6216221592872,0.0525));
#5171=CARTESIAN_POINT('Ctrl Pts',(2.48379399109387,2.62201586541654,0.0525));
#5172=CARTESIAN_POINT('Ctrl Pts',(2.48771619555222,2.62201586541654,0.0525));
#5173=CARTESIAN_POINT('',(2.47095768559383,2.61675654580194,0.0475));
#5174=CARTESIAN_POINT('Origin',(2.52203548456275,2.58952396711956,0.0475));
#5175=CARTESIAN_POINT('',(2.52203548456275,2.58952396711956,0.0475));
#5176=CARTESIAN_POINT('',(2.50901822096806,2.58952396711956,0.0475));
#5177=CARTESIAN_POINT('',(2.52203548456275,2.58952396711956,0.0525));
#5178=CARTESIAN_POINT('',(2.52203548456275,2.58952396711956,0.0475));
#5179=CARTESIAN_POINT('',(2.50901822096806,2.58952396711956,0.0525));
#5180=CARTESIAN_POINT('Origin',(2.52203548456275,2.58221440426536,0.0475));
#5181=CARTESIAN_POINT('',(2.52203548456275,2.58221440426536,0.0475));
#5182=CARTESIAN_POINT('',(2.52203548456275,2.61168294756216,0.0475));
#5183=CARTESIAN_POINT('',(2.52203548456275,2.58221440426536,0.0525));
#5184=CARTESIAN_POINT('',(2.52203548456275,2.58221440426536,0.0475));
#5185=CARTESIAN_POINT('',(2.52203548456275,2.61168294756216,0.0525));
#5186=CARTESIAN_POINT('Origin',(2.48771619555222,2.58221440426536,0.0475));
#5187=CARTESIAN_POINT('',(2.48771619555222,2.58221440426536,0.0475));
#5188=CARTESIAN_POINT('',(2.49185857646279,2.58221440426536,0.0475));
#5189=CARTESIAN_POINT('',(2.48771619555222,2.58221440426536,0.0525));
#5190=CARTESIAN_POINT('',(2.48771619555222,2.58221440426536,0.0475));
#5191=CARTESIAN_POINT('',(2.49185857646279,2.58221440426536,0.0525));
#5192=CARTESIAN_POINT('Ctrl Pts',(2.47095768559383,2.58747372387997,0.04));
#5193=CARTESIAN_POINT('Ctrl Pts',(2.47095768559383,2.58747372387997,0.055));
#5194=CARTESIAN_POINT('Ctrl Pts',(2.47376562742196,2.58453207053621,0.04));
#5195=CARTESIAN_POINT('Ctrl Pts',(2.47376562742196,2.58453207053621,0.055));
#5196=CARTESIAN_POINT('Ctrl Pts',(2.48196660038033,2.58221440426536,0.04));
#5197=CARTESIAN_POINT('Ctrl Pts',(2.48196660038033,2.58221440426536,0.055));
#5198=CARTESIAN_POINT('Ctrl Pts',(2.48771619555222,2.58221440426536,0.04));
#5199=CARTESIAN_POINT('Ctrl Pts',(2.48771619555222,2.58221440426536,0.055));
#5200=CARTESIAN_POINT('',(2.47095768559383,2.58747372387997,0.0475));
#5201=CARTESIAN_POINT('Ctrl Pts',(2.47095768559383,2.58747372387997,0.0475));
#5202=CARTESIAN_POINT('Ctrl Pts',(2.47282964681259,2.58551262165079,0.0475));
#5203=CARTESIAN_POINT('Ctrl Pts',(2.47513245624836,2.5841457928244,0.0475));
#5204=CARTESIAN_POINT('Ctrl Pts',(2.47786611390115,2.58337323740079,0.0475));
#5205=CARTESIAN_POINT('Ctrl Pts',(2.48059977155393,2.58260068197717,0.0475));
#5206=CARTESIAN_POINT('Ctrl Pts',(2.48388313210429,2.58221440426536,0.0475));
#5207=CARTESIAN_POINT('Ctrl Pts',(2.48771619555222,2.58221440426536,0.0475));
#5208=CARTESIAN_POINT('',(2.47095768559383,2.58747372387997,0.0525));
#5209=CARTESIAN_POINT('',(2.47095768559383,2.58747372387997,0.0475));
#5210=CARTESIAN_POINT('Ctrl Pts',(2.48771619555222,2.58221440426536,0.0525));
#5211=CARTESIAN_POINT('Ctrl Pts',(2.48388313210429,2.58221440426536,0.0525));
#5212=CARTESIAN_POINT('Ctrl Pts',(2.48059977155393,2.58260068197717,0.0525));
#5213=CARTESIAN_POINT('Ctrl Pts',(2.47786611390115,2.58337323740079,0.0525));
#5214=CARTESIAN_POINT('Ctrl Pts',(2.47513245624836,2.5841457928244,0.0525));
#5215=CARTESIAN_POINT('Ctrl Pts',(2.47282964681259,2.58551262165079,0.0525));
#5216=CARTESIAN_POINT('Ctrl Pts',(2.47095768559383,2.58747372387997,0.0525));
#5217=CARTESIAN_POINT('Ctrl Pts',(2.46587664800006,2.60213742009356,0.04));
#5218=CARTESIAN_POINT('Ctrl Pts',(2.46587664800006,2.60213742009356,0.055));
#5219=CARTESIAN_POINT('Ctrl Pts',(2.46587664800006,2.59705638249979,0.04));
#5220=CARTESIAN_POINT('Ctrl Pts',(2.46587664800006,2.59705638249979,0.055));
#5221=CARTESIAN_POINT('Ctrl Pts',(2.46837259629174,2.59010338368727,0.04));
#5222=CARTESIAN_POINT('Ctrl Pts',(2.46837259629174,2.59010338368727,0.055));
#5223=CARTESIAN_POINT('Ctrl Pts',(2.47095768559383,2.58747372387997,0.04));
#5224=CARTESIAN_POINT('Ctrl Pts',(2.47095768559383,2.58747372387997,0.055));
#5225=CARTESIAN_POINT('',(2.46587664800006,2.60213742009356,0.0475));
#5226=CARTESIAN_POINT('Ctrl Pts',(2.46587664800006,2.60213742009356,0.0475));
#5227=CARTESIAN_POINT('Ctrl Pts',(2.46587664800006,2.59875006169771,0.0475));
#5228=CARTESIAN_POINT('Ctrl Pts',(2.46629263938201,2.59589754936437,0.0475));
#5229=CARTESIAN_POINT('Ctrl Pts',(2.4671246221459,2.59357988309353,0.0475));
#5230=CARTESIAN_POINT('Ctrl Pts',(2.46795660490979,2.59126221682269,0.0475));
#5231=CARTESIAN_POINT('Ctrl Pts',(2.46923429272577,2.58922683041817,0.0475));
#5232=CARTESIAN_POINT('Ctrl Pts',(2.47095768559383,2.58747372387997,0.0475));
#5233=CARTESIAN_POINT('',(2.46587664800006,2.60213742009356,0.0525));
#5234=CARTESIAN_POINT('',(2.46587664800006,2.60213742009356,0.0475));
#5235=CARTESIAN_POINT('Ctrl Pts',(2.47095768559383,2.58747372387997,0.0525));
#5236=CARTESIAN_POINT('Ctrl Pts',(2.46923429272577,2.58922683041817,0.0525));
#5237=CARTESIAN_POINT('Ctrl Pts',(2.46795660490979,2.59126221682269,0.0525));
#5238=CARTESIAN_POINT('Ctrl Pts',(2.4671246221459,2.59357988309353,0.0525));
#5239=CARTESIAN_POINT('Ctrl Pts',(2.46629263938201,2.59589754936437,0.0525));
#5240=CARTESIAN_POINT('Ctrl Pts',(2.46587664800006,2.59875006169771,0.0525));
#5241=CARTESIAN_POINT('Ctrl Pts',(2.46587664800006,2.60213742009356,0.0525));
#5242=CARTESIAN_POINT('Ctrl Pts',(2.47095768559383,2.61675654580194,0.04));
#5243=CARTESIAN_POINT('Ctrl Pts',(2.47095768559383,2.61675654580194,0.055));
#5244=CARTESIAN_POINT('Ctrl Pts',(2.46841716679695,2.61421602700505,0.04));
#5245=CARTESIAN_POINT('Ctrl Pts',(2.46841716679695,2.61421602700505,0.055));
#5246=CARTESIAN_POINT('Ctrl Pts',(2.46587664800006,2.60699560516128,0.04));
#5247=CARTESIAN_POINT('Ctrl Pts',(2.46587664800006,2.60699560516128,0.055));
#5248=CARTESIAN_POINT('Ctrl Pts',(2.46587664800006,2.60213742009356,0.04));
#5249=CARTESIAN_POINT('Ctrl Pts',(2.46587664800006,2.60213742009356,0.055));
#5250=CARTESIAN_POINT('Ctrl Pts',(2.47095768559383,2.61675654580194,0.0475));
#5251=CARTESIAN_POINT('Ctrl Pts',(2.46926400639591,2.61506286660402,0.0475));
#5252=CARTESIAN_POINT('Ctrl Pts',(2.46799374699747,2.61301262336443,0.0475));
#5253=CARTESIAN_POINT('Ctrl Pts',(2.4671469073985,2.61060581608317,0.0475));
#5254=CARTESIAN_POINT('Ctrl Pts',(2.46630006779954,2.60819900880191,0.0475));
#5255=CARTESIAN_POINT('Ctrl Pts',(2.46587664800006,2.60537621013871,0.0475));
#5256=CARTESIAN_POINT('Ctrl Pts',(2.46587664800006,2.60213742009356,0.0475));
#5257=CARTESIAN_POINT('Ctrl Pts',(2.46587664800006,2.60213742009356,0.0525));
#5258=CARTESIAN_POINT('Ctrl Pts',(2.46587664800006,2.60537621013871,0.0525));
#5259=CARTESIAN_POINT('Ctrl Pts',(2.46630006779954,2.60819900880191,0.0525));
#5260=CARTESIAN_POINT('Ctrl Pts',(2.4671469073985,2.61060581608317,0.0525));
#5261=CARTESIAN_POINT('Ctrl Pts',(2.46799374699747,2.61301262336443,0.0525));
#5262=CARTESIAN_POINT('Ctrl Pts',(2.46926400639591,2.61506286660402,0.0525));
#5263=CARTESIAN_POINT('Ctrl Pts',(2.47095768559383,2.61675654580194,0.0525));
#5264=CARTESIAN_POINT('Origin',(2.47069026256258,2.4799250948119,0.0475));
#5265=CARTESIAN_POINT('',(2.49471376486995,2.4799250948119,0.0525));
#5266=CARTESIAN_POINT('',(2.47679147603331,2.4799250948119,0.0525));
#5267=CARTESIAN_POINT('',(2.48334560996797,2.4799250948119,0.0525));
#5268=CARTESIAN_POINT('',(2.49471376486995,2.4799250948119,0.0475));
#5269=CARTESIAN_POINT('',(2.49471376486995,2.4799250948119,0.0475));
#5270=CARTESIAN_POINT('',(2.47679147603331,2.4799250948119,0.0475));
#5271=CARTESIAN_POINT('',(2.48334560996797,2.4799250948119,0.0475));
#5272=CARTESIAN_POINT('',(2.47679147603331,2.4799250948119,0.0475));
#5273=CARTESIAN_POINT('Ctrl Pts',(2.49458005335433,2.52436188850475,0.04));
#5274=CARTESIAN_POINT('Ctrl Pts',(2.49458005335433,2.52436188850475,0.055));
#5275=CARTESIAN_POINT('Ctrl Pts',(2.48758248403659,2.52436188850475,0.04));
#5276=CARTESIAN_POINT('Ctrl Pts',(2.48758248403659,2.52436188850475,0.055));
#5277=CARTESIAN_POINT('Ctrl Pts',(2.47679642177614,2.52066253657245,0.04));
#5278=CARTESIAN_POINT('Ctrl Pts',(2.47679642177614,2.52066253657245,0.055));
#5279=CARTESIAN_POINT('Ctrl Pts',(2.47314164034905,2.51718603716619,0.04));
#5280=CARTESIAN_POINT('Ctrl Pts',(2.47314164034905,2.51718603716619,0.055));
#5281=CARTESIAN_POINT('',(2.47314164034905,2.51718603716619,0.0525));
#5282=CARTESIAN_POINT('',(2.49458005335433,2.52436188850475,0.0525));
#5283=CARTESIAN_POINT('Ctrl Pts',(2.47314164034905,2.51718603716619,0.0525));
#5284=CARTESIAN_POINT('Ctrl Pts',(2.47557816130044,2.51950370343703,0.0525));
#5285=CARTESIAN_POINT('Ctrl Pts',(2.47859409881955,2.52127909522783,0.0525));
#5286=CARTESIAN_POINT('Ctrl Pts',(2.48218945290637,2.5225122125386,0.0525));
#5287=CARTESIAN_POINT('Ctrl Pts',(2.48578480699319,2.52374532984937,0.0525));
#5288=CARTESIAN_POINT('Ctrl Pts',(2.48991500714251,2.52436188850475,0.0525));
#5289=CARTESIAN_POINT('Ctrl Pts',(2.49458005335433,2.52436188850475,0.0525));
#5290=CARTESIAN_POINT('',(2.47314164034905,2.51718603716619,0.0475));
#5291=CARTESIAN_POINT('',(2.47314164034905,2.51718603716619,0.0475));
#5292=CARTESIAN_POINT('',(2.49458005335433,2.52436188850475,0.0475));
#5293=CARTESIAN_POINT('Ctrl Pts',(2.49458005335433,2.52436188850475,0.0475));
#5294=CARTESIAN_POINT('Ctrl Pts',(2.48991500714251,2.52436188850475,0.0475));
#5295=CARTESIAN_POINT('Ctrl Pts',(2.48578480699319,2.52374532984937,0.0475));
#5296=CARTESIAN_POINT('Ctrl Pts',(2.48218945290637,2.5225122125386,0.0475));
#5297=CARTESIAN_POINT('Ctrl Pts',(2.47859409881955,2.52127909522783,0.0475));
#5298=CARTESIAN_POINT('Ctrl Pts',(2.47557816130044,2.51950370343703,0.0475));
#5299=CARTESIAN_POINT('Ctrl Pts',(2.47314164034905,2.51718603716619,0.0475));
#5300=CARTESIAN_POINT('',(2.49458005335433,2.52436188850475,0.0475));
#5301=CARTESIAN_POINT('Ctrl Pts',(2.5154836202971,2.51714146666098,0.04));
#5302=CARTESIAN_POINT('Ctrl Pts',(2.5154836202971,2.51714146666098,0.055));
#5303=CARTESIAN_POINT('Ctrl Pts',(2.51173969785959,2.52061796606724,0.04));
#5304=CARTESIAN_POINT('Ctrl Pts',(2.51173969785959,2.52061796606724,0.055));
#5305=CARTESIAN_POINT('Ctrl Pts',(2.50122105863039,2.52436188850475,0.04));
#5306=CARTESIAN_POINT('Ctrl Pts',(2.50122105863039,2.52436188850475,0.055));
#5307=CARTESIAN_POINT('Ctrl Pts',(2.49458005335433,2.52436188850475,0.04));
#5308=CARTESIAN_POINT('Ctrl Pts',(2.49458005335433,2.52436188850475,0.055));
#5309=CARTESIAN_POINT('',(2.5154836202971,2.51714146666098,0.0525));
#5310=CARTESIAN_POINT('Ctrl Pts',(2.49458005335433,2.52436188850475,0.0525));
#5311=CARTESIAN_POINT('Ctrl Pts',(2.49900739020504,2.52436188850475,0.0525));
#5312=CARTESIAN_POINT('Ctrl Pts',(2.50297416516859,2.52373790143184,0.0525));
#5313=CARTESIAN_POINT('Ctrl Pts',(2.50648037824499,2.522489927286,0.0525));
#5314=CARTESIAN_POINT('Ctrl Pts',(2.50998659132139,2.52124195314016,0.0525));
#5315=CARTESIAN_POINT('Ctrl Pts',(2.51298767200543,2.51945913293182,0.0525));
#5316=CARTESIAN_POINT('Ctrl Pts',(2.5154836202971,2.51714146666098,0.0525));
#5317=CARTESIAN_POINT('',(2.5154836202971,2.51714146666098,0.0475));
#5318=CARTESIAN_POINT('Ctrl Pts',(2.5154836202971,2.51714146666098,0.0475));
#5319=CARTESIAN_POINT('Ctrl Pts',(2.51298767200543,2.51945913293182,0.0475));
#5320=CARTESIAN_POINT('Ctrl Pts',(2.50998659132139,2.52124195314016,0.0475));
#5321=CARTESIAN_POINT('Ctrl Pts',(2.50648037824499,2.522489927286,0.0475));
#5322=CARTESIAN_POINT('Ctrl Pts',(2.50297416516859,2.52373790143184,0.0475));
#5323=CARTESIAN_POINT('Ctrl Pts',(2.49900739020504,2.52436188850475,0.0475));
#5324=CARTESIAN_POINT('Ctrl Pts',(2.49458005335433,2.52436188850475,0.0475));
#5325=CARTESIAN_POINT('',(2.5154836202971,2.51714146666098,0.0475));
#5326=CARTESIAN_POINT('Ctrl Pts',(2.52301603567734,2.49815443144217,0.04));
#5327=CARTESIAN_POINT('Ctrl Pts',(2.52301603567734,2.49815443144217,0.055));
#5328=CARTESIAN_POINT('Ctrl Pts',(2.52301603567734,2.50399316762448,0.04));
#5329=CARTESIAN_POINT('Ctrl Pts',(2.52301603567734,2.50399316762448,0.055));
#5330=CARTESIAN_POINT('Ctrl Pts',(2.51909383121899,2.51379867877034,0.04));
#5331=CARTESIAN_POINT('Ctrl Pts',(2.51909383121899,2.51379867877034,0.055));
#5332=CARTESIAN_POINT('Ctrl Pts',(2.5154836202971,2.51714146666098,0.04));
#5333=CARTESIAN_POINT('Ctrl Pts',(2.5154836202971,2.51714146666098,0.055));
#5334=CARTESIAN_POINT('',(2.52301603567734,2.49815443144217,0.0525));
#5335=CARTESIAN_POINT('Ctrl Pts',(2.5154836202971,2.51714146666098,0.0525));
#5336=CARTESIAN_POINT('Ctrl Pts',(2.51789042757836,2.51491294140056,0.0525));
#5337=CARTESIAN_POINT('Ctrl Pts',(2.51974753196205,2.5121644269127,0.0525));
#5338=CARTESIAN_POINT('Ctrl Pts',(2.52105493344816,2.50889592319741,0.0525));
#5339=CARTESIAN_POINT('Ctrl Pts',(2.52236233493428,2.50562741948212,0.0525));
#5340=CARTESIAN_POINT('Ctrl Pts',(2.52301603567734,2.50204692223037,0.0525));
#5341=CARTESIAN_POINT('Ctrl Pts',(2.52301603567734,2.49815443144217,0.0525));
#5342=CARTESIAN_POINT('',(2.52301603567734,2.49815443144217,0.0475));
#5343=CARTESIAN_POINT('Ctrl Pts',(2.52301603567734,2.49815443144217,0.0475));
#5344=CARTESIAN_POINT('Ctrl Pts',(2.52301603567734,2.50204692223037,0.0475));
#5345=CARTESIAN_POINT('Ctrl Pts',(2.52236233493428,2.50562741948212,0.0475));
#5346=CARTESIAN_POINT('Ctrl Pts',(2.52105493344816,2.50889592319741,0.0475));
#5347=CARTESIAN_POINT('Ctrl Pts',(2.51974753196205,2.5121644269127,0.0475));
#5348=CARTESIAN_POINT('Ctrl Pts',(2.51789042757836,2.51491294140056,0.0475));
#5349=CARTESIAN_POINT('Ctrl Pts',(2.5154836202971,2.51714146666098,0.0475));
#5350=CARTESIAN_POINT('',(2.52301603567734,2.49815443144217,0.0475));
#5351=CARTESIAN_POINT('Ctrl Pts',(2.52150063850025,2.48794778574943,0.04));
#5352=CARTESIAN_POINT('Ctrl Pts',(2.52150063850025,2.48794778574943,0.055));
#5353=CARTESIAN_POINT('Ctrl Pts',(2.52221376658359,2.49026545202027,0.04));
#5354=CARTESIAN_POINT('Ctrl Pts',(2.52221376658359,2.49026545202027,0.055));
#5355=CARTESIAN_POINT('Ctrl Pts',(2.52301603567734,2.49534648961403,0.04));
#5356=CARTESIAN_POINT('Ctrl Pts',(2.52301603567734,2.49534648961403,0.055));
#5357=CARTESIAN_POINT('Ctrl Pts',(2.52301603567734,2.49815443144217,0.04));
#5358=CARTESIAN_POINT('Ctrl Pts',(2.52301603567734,2.49815443144217,0.055));
#5359=CARTESIAN_POINT('',(2.52150063850025,2.48794778574942,0.0525));
#5360=CARTESIAN_POINT('Ctrl Pts',(2.52301603567734,2.49815443144217,0.0525));
#5361=CARTESIAN_POINT('Ctrl Pts',(2.52301603567734,2.49628247022341,0.0525));
#5362=CARTESIAN_POINT('Ctrl Pts',(2.52288232416171,2.49449965001507,0.0525));
#5363=CARTESIAN_POINT('Ctrl Pts',(2.52261490113046,2.49280597081715,0.0525));
#5364=CARTESIAN_POINT('Ctrl Pts',(2.52234747809921,2.49111229161923,0.0525));
#5365=CARTESIAN_POINT('Ctrl Pts',(2.52197605722247,2.48949289659665,0.0525));
#5366=CARTESIAN_POINT('Ctrl Pts',(2.52150063850025,2.48794778574943,0.0525));
#5367=CARTESIAN_POINT('',(2.52150063850025,2.48794778574942,0.0475));
#5368=CARTESIAN_POINT('Ctrl Pts',(2.52150063850025,2.48794778574943,0.0475));
#5369=CARTESIAN_POINT('Ctrl Pts',(2.52197605722247,2.48949289659665,0.0475));
#5370=CARTESIAN_POINT('Ctrl Pts',(2.52234747809921,2.49111229161923,0.0475));
#5371=CARTESIAN_POINT('Ctrl Pts',(2.52261490113046,2.49280597081715,0.0475));
#5372=CARTESIAN_POINT('Ctrl Pts',(2.52288232416171,2.49449965001507,0.0475));
#5373=CARTESIAN_POINT('Ctrl Pts',(2.52301603567734,2.49628247022341,0.0475));
#5374=CARTESIAN_POINT('Ctrl Pts',(2.52301603567734,2.49815443144217,0.0475));
#5375=CARTESIAN_POINT('',(2.52150063850025,2.48794778574942,0.0475));
#5376=CARTESIAN_POINT('Ctrl Pts',(2.51829156212524,2.48014794733794,0.04));
#5377=CARTESIAN_POINT('Ctrl Pts',(2.51829156212524,2.48014794733794,0.055));
#5378=CARTESIAN_POINT('Ctrl Pts',(2.51900469020857,2.4815296329994,0.04));
#5379=CARTESIAN_POINT('Ctrl Pts',(2.51900469020857,2.4815296329994,0.055));
#5380=CARTESIAN_POINT('Ctrl Pts',(2.52096579243775,2.48607582453067,0.04));
#5381=CARTESIAN_POINT('Ctrl Pts',(2.52096579243775,2.48607582453067,0.055));
#5382=CARTESIAN_POINT('Ctrl Pts',(2.52150063850025,2.48794778574943,0.04));
#5383=CARTESIAN_POINT('Ctrl Pts',(2.52150063850025,2.48794778574943,0.055));
#5384=CARTESIAN_POINT('',(2.51829156212524,2.48014794733794,0.0525));
#5385=CARTESIAN_POINT('Ctrl Pts',(2.52150063850025,2.48794778574943,0.0525));
#5386=CARTESIAN_POINT('Ctrl Pts',(2.52114407445858,2.48669981160359,0.0525));
#5387=CARTESIAN_POINT('Ctrl Pts',(2.52063894206622,2.48531812594212,0.0525));
#5388=CARTESIAN_POINT('Ctrl Pts',(2.51998524132316,2.48380272876504,0.0525));
#5389=CARTESIAN_POINT('Ctrl Pts',(2.5193315405801,2.48228733158795,0.0525));
#5390=CARTESIAN_POINT('Ctrl Pts',(2.51876698084746,2.48106907111225,0.0525));
#5391=CARTESIAN_POINT('Ctrl Pts',(2.51829156212524,2.48014794733794,0.0525));
#5392=CARTESIAN_POINT('',(2.51829156212524,2.48014794733794,0.0475));
#5393=CARTESIAN_POINT('Ctrl Pts',(2.51829156212524,2.48014794733794,0.0475));
#5394=CARTESIAN_POINT('Ctrl Pts',(2.51876698084746,2.48106907111225,0.0475));
#5395=CARTESIAN_POINT('Ctrl Pts',(2.5193315405801,2.48228733158795,0.0475));
#5396=CARTESIAN_POINT('Ctrl Pts',(2.51998524132316,2.48380272876504,0.0475));
#5397=CARTESIAN_POINT('Ctrl Pts',(2.52063894206622,2.48531812594212,0.0475));
#5398=CARTESIAN_POINT('Ctrl Pts',(2.52114407445858,2.48669981160359,0.0475));
#5399=CARTESIAN_POINT('Ctrl Pts',(2.52150063850025,2.48794778574943,0.0475));
#5400=CARTESIAN_POINT('',(2.51829156212524,2.48014794733794,0.0475));
#5401=CARTESIAN_POINT('Origin',(2.50946660209396,2.48014794733794,0.0475));
#5402=CARTESIAN_POINT('',(2.50946660209396,2.48014794733794,0.0525));
#5403=CARTESIAN_POINT('',(2.50273377973366,2.48014794733794,0.0525));
#5404=CARTESIAN_POINT('',(2.50946660209396,2.48014794733794,0.0475));
#5405=CARTESIAN_POINT('',(2.50273377973366,2.48014794733794,0.0475));
#5406=CARTESIAN_POINT('',(2.50946660209396,2.48014794733794,0.0475));
#5407=CARTESIAN_POINT('Origin',(2.50946660209396,2.48077193441086,0.0475));
#5408=CARTESIAN_POINT('',(2.50946660209396,2.48077193441086,0.0525));
#5409=CARTESIAN_POINT('',(2.50946660209396,2.5609617126349,0.0525));
#5410=CARTESIAN_POINT('',(2.50946660209396,2.48077193441086,0.0475));
#5411=CARTESIAN_POINT('',(2.50946660209396,2.5609617126349,0.0475));
#5412=CARTESIAN_POINT('',(2.50946660209396,2.48077193441086,0.0475));
#5413=CARTESIAN_POINT('Ctrl Pts',(2.51410193463564,2.48772493322338,0.04));
#5414=CARTESIAN_POINT('Ctrl Pts',(2.51410193463564,2.48772493322338,0.055));
#5415=CARTESIAN_POINT('Ctrl Pts',(2.5128539604898,2.48505070291087,0.04));
#5416=CARTESIAN_POINT('Ctrl Pts',(2.5128539604898,2.48505070291087,0.055));
#5417=CARTESIAN_POINT('Ctrl Pts',(2.51067000573459,2.48215362007232,0.04));
#5418=CARTESIAN_POINT('Ctrl Pts',(2.51067000573459,2.48215362007232,0.055));
#5419=CARTESIAN_POINT('Ctrl Pts',(2.50946660209396,2.48077193441086,0.04));
#5420=CARTESIAN_POINT('Ctrl Pts',(2.50946660209396,2.48077193441086,0.055));
#5421=CARTESIAN_POINT('',(2.51410193463564,2.48772493322338,0.0525));
#5422=CARTESIAN_POINT('Ctrl Pts',(2.50946660209396,2.48077193441086,0.0525));
#5423=CARTESIAN_POINT('Ctrl Pts',(2.51026887118771,2.48169305818517,0.0525));
#5424=CARTESIAN_POINT('Ctrl Pts',(2.51103399819379,2.48263646721208,0.0525));
#5425=CARTESIAN_POINT('Ctrl Pts',(2.5117619831122,2.4836021614916,0.0525));
#5426=CARTESIAN_POINT('Ctrl Pts',(2.5124899680306,2.48456785577111,0.0525));
#5427=CARTESIAN_POINT('Ctrl Pts',(2.51326995187175,2.48594211301504,0.0525));
#5428=CARTESIAN_POINT('Ctrl Pts',(2.51410193463564,2.48772493322338,0.0525));
#5429=CARTESIAN_POINT('',(2.51410193463564,2.48772493322338,0.0475));
#5430=CARTESIAN_POINT('Ctrl Pts',(2.51410193463564,2.48772493322338,0.0475));
#5431=CARTESIAN_POINT('Ctrl Pts',(2.51326995187175,2.48594211301504,0.0475));
#5432=CARTESIAN_POINT('Ctrl Pts',(2.5124899680306,2.48456785577111,0.0475));
#5433=CARTESIAN_POINT('Ctrl Pts',(2.5117619831122,2.4836021614916,0.0475));
#5434=CARTESIAN_POINT('Ctrl Pts',(2.51103399819379,2.48263646721208,0.0475));
#5435=CARTESIAN_POINT('Ctrl Pts',(2.51026887118771,2.48169305818517,0.0475));
#5436=CARTESIAN_POINT('Ctrl Pts',(2.50946660209396,2.48077193441086,0.0475));
#5437=CARTESIAN_POINT('',(2.51410193463564,2.48772493322338,0.0475));
#5438=CARTESIAN_POINT('Ctrl Pts',(2.51668702393773,2.49900127104113,0.04));
#5439=CARTESIAN_POINT('Ctrl Pts',(2.51668702393773,2.49900127104113,0.055));
#5440=CARTESIAN_POINT('Ctrl Pts',(2.51668702393773,2.4957030536557,0.04));
#5441=CARTESIAN_POINT('Ctrl Pts',(2.51668702393773,2.4957030536557,0.055));
#5442=CARTESIAN_POINT('Ctrl Pts',(2.51521619726585,2.48995345848381,0.04));
#5443=CARTESIAN_POINT('Ctrl Pts',(2.51521619726585,2.48995345848381,0.055));
#5444=CARTESIAN_POINT('Ctrl Pts',(2.51410193463564,2.48772493322338,0.04));
#5445=CARTESIAN_POINT('Ctrl Pts',(2.51410193463564,2.48772493322338,0.055));
#5446=CARTESIAN_POINT('',(2.51668702393773,2.49900127104113,0.0525));
#5447=CARTESIAN_POINT('Ctrl Pts',(2.51410193463564,2.48772493322338,0.0525));
#5448=CARTESIAN_POINT('Ctrl Pts',(2.51484477638912,2.48921061673033,0.0525));
#5449=CARTESIAN_POINT('Ctrl Pts',(2.5154613350445,2.49091172434579,0.0525));
#5450=CARTESIAN_POINT('Ctrl Pts',(2.51595161060179,2.49282825606975,0.0525));
#5451=CARTESIAN_POINT('Ctrl Pts',(2.51644188615909,2.49474478779372,0.0525));
#5452=CARTESIAN_POINT('Ctrl Pts',(2.51668702393773,2.49680245945084,0.0525));
#5453=CARTESIAN_POINT('Ctrl Pts',(2.51668702393773,2.49900127104113,0.0525));
#5454=CARTESIAN_POINT('',(2.51668702393773,2.49900127104113,0.0475));
#5455=CARTESIAN_POINT('Ctrl Pts',(2.51668702393773,2.49900127104113,0.0475));
#5456=CARTESIAN_POINT('Ctrl Pts',(2.51668702393773,2.49680245945084,0.0475));
#5457=CARTESIAN_POINT('Ctrl Pts',(2.51644188615909,2.49474478779372,0.0475));
#5458=CARTESIAN_POINT('Ctrl Pts',(2.51595161060179,2.49282825606975,0.0475));
#5459=CARTESIAN_POINT('Ctrl Pts',(2.5154613350445,2.49091172434579,0.0475));
#5460=CARTESIAN_POINT('Ctrl Pts',(2.51484477638912,2.48921061673033,0.0475));
#5461=CARTESIAN_POINT('Ctrl Pts',(2.51410193463564,2.48772493322338,0.0475));
#5462=CARTESIAN_POINT('',(2.51668702393773,2.49900127104113,0.0475));
#5463=CARTESIAN_POINT('Ctrl Pts',(2.49480290588037,2.5167403321141,0.04));
#5464=CARTESIAN_POINT('Ctrl Pts',(2.49480290588037,2.5167403321141,0.055));
#5465=CARTESIAN_POINT('Ctrl Pts',(2.50474212854186,2.5167403321141,0.04));
#5466=CARTESIAN_POINT('Ctrl Pts',(2.50474212854186,2.5167403321141,0.055));
#5467=CARTESIAN_POINT('Ctrl Pts',(2.51668702393773,2.50693482096824,0.04));
#5468=CARTESIAN_POINT('Ctrl Pts',(2.51668702393773,2.50693482096824,0.055));
#5469=CARTESIAN_POINT('Ctrl Pts',(2.51668702393773,2.49900127104113,0.04));
#5470=CARTESIAN_POINT('Ctrl Pts',(2.51668702393773,2.49900127104113,0.055));
#5471=CARTESIAN_POINT('',(2.49480290588037,2.5167403321141,0.0525));
#5472=CARTESIAN_POINT('Ctrl Pts',(2.51668702393773,2.49900127104113,0.0525));
#5473=CARTESIAN_POINT('Ctrl Pts',(2.51668702393773,2.5012635862417,0.0525));
#5474=CARTESIAN_POINT('Ctrl Pts',(2.51632278637824,2.50348040978261,0.0525));
#5475=CARTESIAN_POINT('Ctrl Pts',(2.51469611014783,2.50742115175599,0.0525));
#5476=CARTESIAN_POINT('Ctrl Pts',(2.51359279698395,2.50905079775401,0.0525));
#5477=CARTESIAN_POINT('Ctrl Pts',(2.51098619365747,2.51172062017133,0.0525));
#5478=CARTESIAN_POINT('Ctrl Pts',(2.50915900867313,2.51324033104951,0.0525));
#5479=CARTESIAN_POINT('Ctrl Pts',(2.5047815674968,2.51525951347493,0.0525));
#5480=CARTESIAN_POINT('Ctrl Pts',(2.50296905195308,2.51581088231306,0.0525));
#5481=CARTESIAN_POINT('Ctrl Pts',(2.4990397160768,2.51657460964736,0.0525));
#5482=CARTESIAN_POINT('Ctrl Pts',(2.49691295401088,2.5167403321141,0.0525));
#5483=CARTESIAN_POINT('Ctrl Pts',(2.49480290588037,2.5167403321141,0.0525));
#5484=CARTESIAN_POINT('',(2.49480290588037,2.5167403321141,0.0475));
#5485=CARTESIAN_POINT('Ctrl Pts',(2.49480290588037,2.5167403321141,0.0475));
#5486=CARTESIAN_POINT('Ctrl Pts',(2.50142905432136,2.5167403321141,0.0475));
#5487=CARTESIAN_POINT('Ctrl Pts',(2.50673294444117,2.51510608025646,0.0475));
#5488=CARTESIAN_POINT('Ctrl Pts',(2.5107145762398,2.51183757654117,0.0475));
#5489=CARTESIAN_POINT('Ctrl Pts',(2.51469620803842,2.50856907282588,0.0475));
#5490=CARTESIAN_POINT('Ctrl Pts',(2.51668702393773,2.50429030432587,0.0475));
#5491=CARTESIAN_POINT('Ctrl Pts',(2.51668702393773,2.49900127104113,0.0475));
#5492=CARTESIAN_POINT('',(2.49480290588037,2.5167403321141,0.0475));
#5493=CARTESIAN_POINT('Ctrl Pts',(2.4781335369324,2.51170386502555,0.04));
#5494=CARTESIAN_POINT('Ctrl Pts',(2.4781335369324,2.51170386502555,0.055));
#5495=CARTESIAN_POINT('Ctrl Pts',(2.48098604926574,2.51415524281201,0.04));
#5496=CARTESIAN_POINT('Ctrl Pts',(2.48098604926574,2.51415524281201,0.055));
#5497=CARTESIAN_POINT('Ctrl Pts',(2.48927616323452,2.5167403321141,0.04));
#5498=CARTESIAN_POINT('Ctrl Pts',(2.48927616323452,2.5167403321141,0.055));
#5499=CARTESIAN_POINT('Ctrl Pts',(2.49480290588037,2.5167403321141,0.04));
#5500=CARTESIAN_POINT('Ctrl Pts',(2.49480290588037,2.5167403321141,0.055));
#5501=CARTESIAN_POINT('',(2.4781335369324,2.51170386502555,0.0525));
#5502=CARTESIAN_POINT('Ctrl Pts',(2.49480290588037,2.5167403321141,0.0525));
#5503=CARTESIAN_POINT('Ctrl Pts',(2.49111841078313,2.5167403321141,0.0525));
#5504=CARTESIAN_POINT('Ctrl Pts',(2.48789447757305,2.51630948389709,0.0525));
#5505=CARTESIAN_POINT('Ctrl Pts',(2.48513110625013,2.51544778746306,0.0525));
#5506=CARTESIAN_POINT('Ctrl Pts',(2.4823677349272,2.51458609102903,0.0525));
#5507=CARTESIAN_POINT('Ctrl Pts',(2.48003521182129,2.51333811688319,0.0525));
#5508=CARTESIAN_POINT('Ctrl Pts',(2.4781335369324,2.51170386502555,0.0525));
#5509=CARTESIAN_POINT('',(2.4781335369324,2.51170386502555,0.0475));
#5510=CARTESIAN_POINT('Ctrl Pts',(2.4781335369324,2.51170386502555,0.0475));
#5511=CARTESIAN_POINT('Ctrl Pts',(2.48003521182129,2.51333811688319,0.0475));
#5512=CARTESIAN_POINT('Ctrl Pts',(2.4823677349272,2.51458609102903,0.0475));
#5513=CARTESIAN_POINT('Ctrl Pts',(2.48513110625013,2.51544778746306,0.0475));
#5514=CARTESIAN_POINT('Ctrl Pts',(2.48789447757305,2.51630948389709,0.0475));
#5515=CARTESIAN_POINT('Ctrl Pts',(2.49111841078313,2.5167403321141,0.0475));
#5516=CARTESIAN_POINT('Ctrl Pts',(2.49480290588037,2.5167403321141,0.0475));
#5517=CARTESIAN_POINT('',(2.4781335369324,2.51170386502555,0.0475));
#5518=CARTESIAN_POINT('Ctrl Pts',(2.47229480075009,2.49846642497863,0.04));
#5519=CARTESIAN_POINT('Ctrl Pts',(2.47229480075009,2.49846642497863,0.055));
#5520=CARTESIAN_POINT('Ctrl Pts',(2.47229480075009,2.50265605246822,0.04));
#5521=CARTESIAN_POINT('Ctrl Pts',(2.47229480075009,2.50265605246822,0.055));
#5522=CARTESIAN_POINT('Ctrl Pts',(2.47528102459905,2.5093416282495,0.04));
#5523=CARTESIAN_POINT('Ctrl Pts',(2.47528102459905,2.5093416282495,0.055));
#5524=CARTESIAN_POINT('Ctrl Pts',(2.4781335369324,2.51170386502555,0.04));
#5525=CARTESIAN_POINT('Ctrl Pts',(2.4781335369324,2.51170386502555,0.055));
#5526=CARTESIAN_POINT('',(2.47229480075009,2.49846642497863,0.0525));
#5527=CARTESIAN_POINT('Ctrl Pts',(2.4781335369324,2.51170386502555,0.0525));
#5528=CARTESIAN_POINT('Ctrl Pts',(2.4762318620435,2.51012904050818,0.0525));
#5529=CARTESIAN_POINT('Ctrl Pts',(2.47478332062423,2.50822736561928,0.0525));
#5530=CARTESIAN_POINT('Ctrl Pts',(2.47378791267457,2.50599884035886,0.0525));
#5531=CARTESIAN_POINT('Ctrl Pts',(2.47279250472491,2.50377031509844,0.0525));
#5532=CARTESIAN_POINT('Ctrl Pts',(2.47229480075009,2.50125950997169,0.0525));
#5533=CARTESIAN_POINT('Ctrl Pts',(2.47229480075009,2.49846642497863,0.0525));
#5534=CARTESIAN_POINT('',(2.47229480075009,2.49846642497863,0.0475));
#5535=CARTESIAN_POINT('Ctrl Pts',(2.47229480075009,2.49846642497863,0.0475));
#5536=CARTESIAN_POINT('Ctrl Pts',(2.47229480075009,2.50125950997169,0.0475));
#5537=CARTESIAN_POINT('Ctrl Pts',(2.47279250472491,2.50377031509844,0.0475));
#5538=CARTESIAN_POINT('Ctrl Pts',(2.47378791267457,2.50599884035886,0.0475));
#5539=CARTESIAN_POINT('Ctrl Pts',(2.47478332062423,2.50822736561928,0.0475));
#5540=CARTESIAN_POINT('Ctrl Pts',(2.4762318620435,2.51012904050818,0.0475));
#5541=CARTESIAN_POINT('Ctrl Pts',(2.4781335369324,2.51170386502555,0.0475));
#5542=CARTESIAN_POINT('',(2.47229480075009,2.49846642497863,0.0475));
#5543=CARTESIAN_POINT('Ctrl Pts',(2.47407762095842,2.48714551665567,0.04));
#5544=CARTESIAN_POINT('Ctrl Pts',(2.47407762095842,2.48714551665567,0.055));
#5545=CARTESIAN_POINT('Ctrl Pts',(2.47318621085425,2.48924033040047,0.04));
#5546=CARTESIAN_POINT('Ctrl Pts',(2.47318621085425,2.48924033040047,0.055));
#5547=CARTESIAN_POINT('Ctrl Pts',(2.47229480075009,2.49539106011924,0.04));
#5548=CARTESIAN_POINT('Ctrl Pts',(2.47229480075009,2.49539106011924,0.055));
#5549=CARTESIAN_POINT('Ctrl Pts',(2.47229480075009,2.49846642497863,0.04));
#5550=CARTESIAN_POINT('Ctrl Pts',(2.47229480075009,2.49846642497863,0.055));
#5551=CARTESIAN_POINT('',(2.47407762095842,2.48714551665567,0.0525));
#5552=CARTESIAN_POINT('Ctrl Pts',(2.47229480075009,2.49846642497863,0.0525));
#5553=CARTESIAN_POINT('Ctrl Pts',(2.47229480075009,2.49641618173904,0.0525));
#5554=CARTESIAN_POINT('Ctrl Pts',(2.47244336910078,2.49436593849945,0.0525));
#5555=CARTESIAN_POINT('Ctrl Pts',(2.47274050580217,2.49231569525986,0.0525));
#5556=CARTESIAN_POINT('Ctrl Pts',(2.47303764250356,2.49026545202027,0.0525));
#5557=CARTESIAN_POINT('Ctrl Pts',(2.47348334755564,2.4885420591522,0.0525));
#5558=CARTESIAN_POINT('Ctrl Pts',(2.47407762095842,2.48714551665567,0.0525));
#5559=CARTESIAN_POINT('',(2.47407762095842,2.48714551665567,0.0475));
#5560=CARTESIAN_POINT('Ctrl Pts',(2.47407762095842,2.48714551665567,0.0475));
#5561=CARTESIAN_POINT('Ctrl Pts',(2.47348334755564,2.4885420591522,0.0475));
#5562=CARTESIAN_POINT('Ctrl Pts',(2.47303764250356,2.49026545202027,0.0475));
#5563=CARTESIAN_POINT('Ctrl Pts',(2.47274050580217,2.49231569525986,0.0475));
#5564=CARTESIAN_POINT('Ctrl Pts',(2.47244336910078,2.49436593849945,0.0475));
#5565=CARTESIAN_POINT('Ctrl Pts',(2.47229480075009,2.49641618173904,0.0475));
#5566=CARTESIAN_POINT('Ctrl Pts',(2.47229480075009,2.49846642497863,0.0475));
#5567=CARTESIAN_POINT('',(2.47407762095842,2.48714551665567,0.0475));
#5568=CARTESIAN_POINT('Origin',(2.48829561211993,2.48714551665567,0.0475));
#5569=CARTESIAN_POINT('',(2.48829561211993,2.48714551665567,0.0525));
#5570=CARTESIAN_POINT('',(2.49214828474665,2.48714551665567,0.0525));
#5571=CARTESIAN_POINT('',(2.48829561211993,2.48714551665567,0.0475));
#5572=CARTESIAN_POINT('',(2.49214828474665,2.48714551665567,0.0475));
#5573=CARTESIAN_POINT('',(2.48829561211993,2.48714551665567,0.0475));
#5574=CARTESIAN_POINT('Origin',(2.48829561211993,2.4998926811453,0.0475));
#5575=CARTESIAN_POINT('',(2.48829561211993,2.4998926811453,0.0525));
#5576=CARTESIAN_POINT('',(2.48829561211993,2.57052208600212,0.0525));
#5577=CARTESIAN_POINT('',(2.48829561211993,2.4998926811453,0.0475));
#5578=CARTESIAN_POINT('',(2.48829561211993,2.57052208600212,0.0475));
#5579=CARTESIAN_POINT('',(2.48829561211993,2.4998926811453,0.0475));
#5580=CARTESIAN_POINT('Origin',(2.49471376486995,2.4998926811453,0.0475));
#5581=CARTESIAN_POINT('',(2.49471376486995,2.4998926811453,0.0525));
#5582=CARTESIAN_POINT('',(2.49535736112166,2.4998926811453,0.0525));
#5583=CARTESIAN_POINT('',(2.49471376486995,2.4998926811453,0.0475));
#5584=CARTESIAN_POINT('',(2.49535736112166,2.4998926811453,0.0475));
#5585=CARTESIAN_POINT('',(2.49471376486995,2.4998926811453,0.0475));
#5586=CARTESIAN_POINT('Origin',(2.49471376486995,2.4799250948119,0.0475));
#5587=CARTESIAN_POINT('',(2.49471376486995,2.56053829283542,0.0525));
#5588=CARTESIAN_POINT('',(2.49471376486995,2.56053829283542,0.0475));
#5589=CARTESIAN_POINT('Ctrl Pts',(2.46596578901048,2.49819900194738,0.04));
#5590=CARTESIAN_POINT('Ctrl Pts',(2.46596578901048,2.49819900194738,0.055));
#5591=CARTESIAN_POINT('Ctrl Pts',(2.46596578901048,2.49512363708799,0.04));
#5592=CARTESIAN_POINT('Ctrl Pts',(2.46596578901048,2.49512363708799,0.055));
#5593=CARTESIAN_POINT('Ctrl Pts',(2.46676805810423,2.49075572757756,0.04));
#5594=CARTESIAN_POINT('Ctrl Pts',(2.46676805810423,2.49075572757756,0.055));
#5595=CARTESIAN_POINT('Ctrl Pts',(2.46757032719799,2.48803692675984,0.04));
#5596=CARTESIAN_POINT('Ctrl Pts',(2.46757032719799,2.48803692675984,0.055));
#5597=CARTESIAN_POINT('',(2.46597742961836,2.49717709156767,0.0525));
#5598=CARTESIAN_POINT('',(2.46596578901048,2.49819900194738,0.0525));
#5599=CARTESIAN_POINT('Ctrl Pts',(2.46597742961836,2.49717709156769,0.0525));
#5600=CARTESIAN_POINT('Ctrl Pts',(2.46596966921311,2.49750910568842,0.0525));
#5601=CARTESIAN_POINT('Ctrl Pts',(2.46596578901048,2.49784974248165,0.0525));
#5602=CARTESIAN_POINT('Ctrl Pts',(2.46596578901048,2.49819900194738,0.0525));
#5603=CARTESIAN_POINT('',(2.46597742961836,2.49717709156767,0.0475));
#5604=CARTESIAN_POINT('Ctrl Pts',(2.46597742961836,2.49717709156767,0.0475));
#5605=CARTESIAN_POINT('Ctrl Pts',(2.46597742961836,2.49717709156767,0.0491666666666667));
#5606=CARTESIAN_POINT('Ctrl Pts',(2.46597742961836,2.49717709156767,0.0508333333333333));
#5607=CARTESIAN_POINT('Ctrl Pts',(2.46597742961836,2.49717709156767,0.0525));
#5608=CARTESIAN_POINT('',(2.46596578901048,2.49819900194738,0.0475));
#5609=CARTESIAN_POINT('Ctrl Pts',(2.46596578901048,2.49819900194738,0.0475));
#5610=CARTESIAN_POINT('Ctrl Pts',(2.46596578901048,2.49784974248165,0.0475));
#5611=CARTESIAN_POINT('Ctrl Pts',(2.46596966921311,2.49750910568842,0.0475));
#5612=CARTESIAN_POINT('Ctrl Pts',(2.46597742961836,2.49717709156769,0.0475));
#5613=CARTESIAN_POINT('',(2.46596578901048,2.49819900194738,0.0475));
#5614=CARTESIAN_POINT('Ctrl Pts',(2.47314164034905,2.51718603716619,0.04));
#5615=CARTESIAN_POINT('Ctrl Pts',(2.47314164034905,2.51718603716619,0.055));
#5616=CARTESIAN_POINT('Ctrl Pts',(2.46953142942716,2.51370953775993,0.04));
#5617=CARTESIAN_POINT('Ctrl Pts',(2.46953142942716,2.51370953775993,0.055));
#5618=CARTESIAN_POINT('Ctrl Pts',(2.46596578901048,2.50403773812969,0.04));
#5619=CARTESIAN_POINT('Ctrl Pts',(2.46596578901048,2.50403773812969,0.055));
#5620=CARTESIAN_POINT('Ctrl Pts',(2.46596578901048,2.49819900194738,0.04));
#5621=CARTESIAN_POINT('Ctrl Pts',(2.46596578901048,2.49819900194738,0.055));
#5622=CARTESIAN_POINT('Ctrl Pts',(2.46596578901048,2.49819900194738,0.0525));
#5623=CARTESIAN_POINT('Ctrl Pts',(2.46596578901048,2.50209149273558,0.0525));
#5624=CARTESIAN_POINT('Ctrl Pts',(2.46656006241326,2.50564970473473,0.0525));
#5625=CARTESIAN_POINT('Ctrl Pts',(2.46774860921882,2.50887363794481,0.0525));
#5626=CARTESIAN_POINT('Ctrl Pts',(2.46893715602438,2.51209757115489,0.0525));
#5627=CARTESIAN_POINT('Ctrl Pts',(2.47073483306779,2.51486837089535,0.0525));
#5628=CARTESIAN_POINT('Ctrl Pts',(2.47314164034905,2.51718603716619,0.0525));
#5629=CARTESIAN_POINT('Ctrl Pts',(2.47314164034905,2.51718603716619,0.0475));
#5630=CARTESIAN_POINT('Ctrl Pts',(2.47073483306779,2.51486837089535,0.0475));
#5631=CARTESIAN_POINT('Ctrl Pts',(2.46893715602438,2.51209757115489,0.0475));
#5632=CARTESIAN_POINT('Ctrl Pts',(2.46774860921882,2.50887363794481,0.0475));
#5633=CARTESIAN_POINT('Ctrl Pts',(2.46656006241326,2.50564970473473,0.0475));
#5634=CARTESIAN_POINT('Ctrl Pts',(2.46596578901048,2.50209149273558,0.0475));
#5635=CARTESIAN_POINT('Ctrl Pts',(2.46596578901048,2.49819900194738,0.0475));
#5636=CARTESIAN_POINT('Ctrl Pts',(2.47679147603331,2.4799250948119,0.0475));
#5637=CARTESIAN_POINT('Ctrl Pts',(2.55173531823364,2.37317740704029,0.0475));
#5638=CARTESIAN_POINT('Ctrl Pts',(2.5737162332785,2.52107858689313,0.0475));
#5639=CARTESIAN_POINT('Ctrl Pts',(2.59569714832337,2.66897976674596,0.0475));
#5640=CARTESIAN_POINT('Ctrl Pts',(2.52293934173473,2.79043645300604,0.0475));
#5641=CARTESIAN_POINT('Ctrl Pts',(2.47679147603331,2.4799250948119,0.0525));
#5642=CARTESIAN_POINT('Ctrl Pts',(2.55173531823364,2.37317740704029,0.0525));
#5643=CARTESIAN_POINT('Ctrl Pts',(2.5737162332785,2.52107858689313,0.0525));
#5644=CARTESIAN_POINT('Ctrl Pts',(2.59569714832337,2.66897976674596,0.0525));
#5645=CARTESIAN_POINT('Ctrl Pts',(2.52293934173473,2.79043645300604,0.0525));
#5646=CARTESIAN_POINT('Origin',(2.49600095737337,2.64115149085895,0.0525));
#5647=CARTESIAN_POINT('Origin',(2.49600095737337,2.64115149085895,0.0475));
#5648=CARTESIAN_POINT('Ctrl Pts',(2.50827038377342,2.8115450671299,0.0475));
#5649=CARTESIAN_POINT('Ctrl Pts',(2.43675959154073,2.89873270514378,0.0475));
#5650=CARTESIAN_POINT('Ctrl Pts',(2.4177680735943,2.75756675518954,0.0475));
#5651=CARTESIAN_POINT('Ctrl Pts',(2.39877655564788,2.6164008052353,0.0475));
#5652=CARTESIAN_POINT('Ctrl Pts',(2.46597742961836,2.49717709156767,0.0475));
#5653=CARTESIAN_POINT('Ctrl Pts',(2.50827038377342,2.8115450671299,0.0525));
#5654=CARTESIAN_POINT('Ctrl Pts',(2.43675959154073,2.89873270514378,0.0525));
#5655=CARTESIAN_POINT('Ctrl Pts',(2.4177680735943,2.75756675518954,0.0525));
#5656=CARTESIAN_POINT('Ctrl Pts',(2.39877655564788,2.6164008052353,0.0525));
#5657=CARTESIAN_POINT('Ctrl Pts',(2.46597742961836,2.49717709156767,0.0525));
#5658=CARTESIAN_POINT('Origin',(2.49600095737337,2.64115149085895,0.0475));
#5659=CARTESIAN_POINT('Origin',(2.49600095737337,2.64115149085895,0.0525));
#5660=CARTESIAN_POINT('Origin',(2.49600095737337,2.64115149085895,0.0475));
#5661=CARTESIAN_POINT('Origin',(2.49600095737337,2.64115149085895,0.0525));
#5662=CARTESIAN_POINT('',(0.,0.,0.));
#5663=CARTESIAN_POINT('',(0.,0.,0.));
#5664=CARTESIAN_POINT('',(2.66018622487009,-2.49252949060344,0.8495));
#5665=UNCERTAINTY_MEASURE_WITH_UNIT(LENGTH_MEASURE(0.01),#5675,
'DISTANCE_ACCURACY_VALUE',
'Maximum model space distance between geometric entities at asserted c
onnectivities');
#5666=UNCERTAINTY_MEASURE_WITH_UNIT(LENGTH_MEASURE(0.01),#5675,
'DISTANCE_ACCURACY_VALUE',
'Maximum model space distance between geometric entities at asserted c
onnectivities');
#5667=UNCERTAINTY_MEASURE_WITH_UNIT(LENGTH_MEASURE(0.01),#5675,
'DISTANCE_ACCURACY_VALUE',
'Maximum model space distance between geometric entities at asserted c
onnectivities');
#5668=UNCERTAINTY_MEASURE_WITH_UNIT(LENGTH_MEASURE(0.01),#5675,
'DISTANCE_ACCURACY_VALUE',
'Maximum model space distance between geometric entities at asserted c
onnectivities');
#5669=UNCERTAINTY_MEASURE_WITH_UNIT(LENGTH_MEASURE(0.01),#5675,
'DISTANCE_ACCURACY_VALUE',
'Maximum model space distance between geometric entities at asserted c
onnectivities');
#5670=(
GEOMETRIC_REPRESENTATION_CONTEXT(3)
GLOBAL_UNCERTAINTY_ASSIGNED_CONTEXT((#5665))
GLOBAL_UNIT_ASSIGNED_CONTEXT((#5675,#5677,#5678))
REPRESENTATION_CONTEXT('','3D')
);
#5671=(
GEOMETRIC_REPRESENTATION_CONTEXT(3)
GLOBAL_UNCERTAINTY_ASSIGNED_CONTEXT((#5666))
GLOBAL_UNIT_ASSIGNED_CONTEXT((#5675,#5677,#5678))
REPRESENTATION_CONTEXT('','3D')
);
#5672=(
GEOMETRIC_REPRESENTATION_CONTEXT(3)
GLOBAL_UNCERTAINTY_ASSIGNED_CONTEXT((#5667))
GLOBAL_UNIT_ASSIGNED_CONTEXT((#5675,#5677,#5678))
REPRESENTATION_CONTEXT('','3D')
);
#5673=(
GEOMETRIC_REPRESENTATION_CONTEXT(3)
GLOBAL_UNCERTAINTY_ASSIGNED_CONTEXT((#5668))
GLOBAL_UNIT_ASSIGNED_CONTEXT((#5675,#5677,#5678))
REPRESENTATION_CONTEXT('','3D')
);
#5674=(
GEOMETRIC_REPRESENTATION_CONTEXT(3)
GLOBAL_UNCERTAINTY_ASSIGNED_CONTEXT((#5669))
GLOBAL_UNIT_ASSIGNED_CONTEXT((#5675,#5677,#5678))
REPRESENTATION_CONTEXT('','3D')
);
#5675=(
LENGTH_UNIT()
NAMED_UNIT(*)
SI_UNIT(.MILLI.,.METRE.)
);
#5676=(
LENGTH_UNIT()
NAMED_UNIT(*)
SI_UNIT(.CENTI.,.METRE.)
);
#5677=(
NAMED_UNIT(*)
PLANE_ANGLE_UNIT()
SI_UNIT($,.RADIAN.)
);
#5678=(
NAMED_UNIT(*)
SI_UNIT($,.STERADIAN.)
SOLID_ANGLE_UNIT()
);
#5679=SHAPE_DEFINITION_REPRESENTATION(#5683,#5690);
#5680=SHAPE_DEFINITION_REPRESENTATION(#5684,#5691);
#5681=SHAPE_DEFINITION_REPRESENTATION(#5685,#5692);
#5682=SHAPE_DEFINITION_REPRESENTATION(#5686,#5693);
#5683=PRODUCT_DEFINITION_SHAPE('',$,#5695);
#5684=PRODUCT_DEFINITION_SHAPE('',$,#5696);
#5685=PRODUCT_DEFINITION_SHAPE('',$,#5697);
#5686=PRODUCT_DEFINITION_SHAPE('',$,#5698);
#5687=PRODUCT_DEFINITION_SHAPE($,$,#20);
#5688=PRODUCT_DEFINITION_SHAPE($,$,#21);
#5689=PRODUCT_DEFINITION_SHAPE($,$,#22);
#5690=SHAPE_REPRESENTATION('',(#3031,#3182,#3183,#3184),#5670);
#5691=SHAPE_REPRESENTATION('',(#3032),#5671);
#5692=SHAPE_REPRESENTATION('',(#3101),#5672);
#5693=SHAPE_REPRESENTATION('',(#3120),#5673);
#5694=PRODUCT_DEFINITION_CONTEXT('part definition',#5708,'design');
#5695=PRODUCT_DEFINITION('1','1',#5699,#5694);
#5696=PRODUCT_DEFINITION('1_1','1',#5700,#5694);
#5697=PRODUCT_DEFINITION('2','2',#5701,#5694);
#5698=PRODUCT_DEFINITION('Samsung logo','Samsung logo',#5702,#5694);
#5699=PRODUCT_DEFINITION_FORMATION('',$,#5710);
#5700=PRODUCT_DEFINITION_FORMATION('',$,#5711);
#5701=PRODUCT_DEFINITION_FORMATION('',$,#5712);
#5702=PRODUCT_DEFINITION_FORMATION('',$,#5713);
#5703=PRODUCT_RELATED_PRODUCT_CATEGORY('1','1',(#5710));
#5704=PRODUCT_RELATED_PRODUCT_CATEGORY('1','1',(#5711));
#5705=PRODUCT_RELATED_PRODUCT_CATEGORY('2','2',(#5712));
#5706=PRODUCT_RELATED_PRODUCT_CATEGORY('Samsung logo','Samsung logo',(#5713));
#5707=APPLICATION_PROTOCOL_DEFINITION('international standard',
'automotive_design',2009,#5708);
#5708=APPLICATION_CONTEXT(
'Core Data for Automotive Mechanical Design Process');
#5709=PRODUCT_CONTEXT('part definition',#5708,'mechanical');
#5710=PRODUCT('1','1',$,(#5709));
#5711=PRODUCT('1_1','1',$,(#5709));
#5712=PRODUCT('2','2',$,(#5709));
#5713=PRODUCT('Samsung logo','Samsung logo',$,(#5709));
ENDSEC;
END-ISO-10303-21;
