ISO-10303-21;
HEADER;
/* Generated by software containing ST-Developer
 * from STEP Tools, Inc. (www.steptools.com) 
 */

FILE_DESCRIPTION(
/* description */ (''),
/* implementation_level */ '2;1');

FILE_NAME(
/* name */ 'D:\\Upverter\\3D\\Kemet\\C0603C103K9RACTU\\C0603C103K9RACT
U.stp',
/* time_stamp */ '2021-03-04T10:11:34+02:00',
/* author */ ('AbuBakr'),
/* organization */ (''),
/* preprocessor_version */ 'ST-DEVELOPER v17',
/* originating_system */ 'Autodesk Inventor 2019',
/* authorisation */ '');

FILE_SCHEMA (('AUTOMOTIVE_DESIGN { 1 0 10303 214 3 1 1 }'));
ENDSEC;

DATA;
#10=MECHANICAL_DESIGN_GEOMETRIC_PRESENTATION_REPRESENTATION('',(#2519,#2520,
#2521,#2522,#2523,#2524,#2525,#2526,#2527,#2528,#2529,#2530,#2531,#2532,
#2533,#2534,#2535,#2536,#2537,#2538,#2539,#2540,#2541,#2542,#2543,#2544,
#2545,#2546,#2547,#2548,#2549,#2550,#2551,#2552,#2553,#2554,#2555,#2556,
#2557,#2558,#2559,#2560,#2561,#2562,#2563,#2564,#2565,#2566,#2567,#2568,
#2569,#2570,#2571,#2572,#2573,#2574,#2575,#2576,#2577,#2578,#2579,#2580,
#2581,#2582,#2583,#2584,#2585,#2586,#2587,#2588,#2589,#2590,#2591,#2592,
#2593,#2594,#2595,#2596,#2597,#2598,#2599,#2600,#2601,#2602,#2603,#2604,
#2605,#2606,#2607,#2608,#2609,#2610,#2611,#2612,#2613,#2614,#2615,#2616,
#2617,#2618,#2619,#2620,#2621,#2622,#2623,#2624,#2625,#2626,#2627,#2628,
#2629,#2630,#2631,#2632,#2633,#2634,#2635,#2636,#2637,#2638,#2639,#2640,
#2641,#2642,#2643,#2644,#2645,#2646,#2647,#2648,#2649,#2650,#2651,#2652,
#2653,#2654,#2655,#2656,#2657,#2658,#2659,#2660,#2661,#2662,#2663,#2664,
#2665,#2666,#2667,#2668,#2669,#2670,#2671,#2672,#2673),#5047);
#11=ITEM_DEFINED_TRANSFORMATION($,$,#2913,#3053);
#12=ITEM_DEFINED_TRANSFORMATION($,$,#3000,#3054);
#13=(
REPRESENTATION_RELATIONSHIP($,$,#5061,#5060)
REPRESENTATION_RELATIONSHIP_WITH_TRANSFORMATION(#11)
SHAPE_REPRESENTATION_RELATIONSHIP()
);
#14=(
REPRESENTATION_RELATIONSHIP($,$,#5062,#5060)
REPRESENTATION_RELATIONSHIP_WITH_TRANSFORMATION(#12)
SHAPE_REPRESENTATION_RELATIONSHIP()
);
#15=CONTEXT_DEPENDENT_SHAPE_REPRESENTATION(#13,#5058);
#16=CONTEXT_DEPENDENT_SHAPE_REPRESENTATION(#14,#5059);
#17=NEXT_ASSEMBLY_USAGE_OCCURRENCE('C0603C103K9RACTU:1',
'C0603C103K9RACTU:1','C0603C103K9RACTU:1',#5064,#5065,
'C0603C103K9RACTU:1');
#18=NEXT_ASSEMBLY_USAGE_OCCURRENCE('KEMET:1','KEMET:1','KEMET:1',#5064,
#5066,'KEMET:1');
#19=B_SPLINE_CURVE_WITH_KNOTS('',3,(#3799,#3800,#3801,#3802),
 .UNSPECIFIED.,.F.,.F.,(4,4),(0.,1.),.UNSPECIFIED.);
#20=B_SPLINE_CURVE_WITH_KNOTS('',3,(#3805,#3806,#3807,#3808),
 .UNSPECIFIED.,.F.,.F.,(4,4),(2.18448595453948E-6,1.),.UNSPECIFIED.);
#21=B_SPLINE_CURVE_WITH_KNOTS('',3,(#3836,#3837,#3838,#3839),
 .UNSPECIFIED.,.F.,.F.,(4,4),(0.,1.),.UNSPECIFIED.);
#22=B_SPLINE_CURVE_WITH_KNOTS('',3,(#3842,#3843,#3844,#3845),
 .UNSPECIFIED.,.F.,.F.,(4,4),(0.,1.),.UNSPECIFIED.);
#23=B_SPLINE_CURVE_WITH_KNOTS('',3,(#3867,#3868,#3869,#3870),
 .UNSPECIFIED.,.F.,.F.,(4,4),(0.,1.),.UNSPECIFIED.);
#24=B_SPLINE_CURVE_WITH_KNOTS('',3,(#3873,#3874,#3875,#3876),
 .UNSPECIFIED.,.F.,.F.,(4,4),(0.,1.),.UNSPECIFIED.);
#25=B_SPLINE_CURVE_WITH_KNOTS('',3,(#3886,#3887,#3888,#3889),
 .UNSPECIFIED.,.F.,.F.,(4,4),(0.,1.),.UNSPECIFIED.);
#26=B_SPLINE_CURVE_WITH_KNOTS('',3,(#3892,#3893,#3894,#3895),
 .UNSPECIFIED.,.F.,.F.,(4,4),(0.,1.),.UNSPECIFIED.);
#27=B_SPLINE_CURVE_WITH_KNOTS('',3,(#3905,#3906,#3907,#3908),
 .UNSPECIFIED.,.F.,.F.,(4,4),(0.,1.),.UNSPECIFIED.);
#28=B_SPLINE_CURVE_WITH_KNOTS('',3,(#3911,#3912,#3913,#3914),
 .UNSPECIFIED.,.F.,.F.,(4,4),(0.,1.),.UNSPECIFIED.);
#29=B_SPLINE_CURVE_WITH_KNOTS('',3,(#3924,#3925,#3926,#3927),
 .UNSPECIFIED.,.F.,.F.,(4,4),(0.,1.),.UNSPECIFIED.);
#30=B_SPLINE_CURVE_WITH_KNOTS('',3,(#3930,#3931,#3932,#3933),
 .UNSPECIFIED.,.F.,.F.,(4,4),(0.,1.),.UNSPECIFIED.);
#31=B_SPLINE_CURVE_WITH_KNOTS('',3,(#3943,#3944,#3945,#3946),
 .UNSPECIFIED.,.F.,.F.,(4,4),(0.,1.),.UNSPECIFIED.);
#32=B_SPLINE_CURVE_WITH_KNOTS('',3,(#3949,#3950,#3951,#3952),
 .UNSPECIFIED.,.F.,.F.,(4,4),(0.,1.),.UNSPECIFIED.);
#33=B_SPLINE_CURVE_WITH_KNOTS('',3,(#3962,#3963,#3964,#3965),
 .UNSPECIFIED.,.F.,.F.,(4,4),(0.,1.),.UNSPECIFIED.);
#34=B_SPLINE_CURVE_WITH_KNOTS('',3,(#3968,#3969,#3970,#3971),
 .UNSPECIFIED.,.F.,.F.,(4,4),(0.,1.),.UNSPECIFIED.);
#35=B_SPLINE_CURVE_WITH_KNOTS('',3,(#3999,#4000,#4001,#4002),
 .UNSPECIFIED.,.F.,.F.,(4,4),(0.,1.),.UNSPECIFIED.);
#36=B_SPLINE_CURVE_WITH_KNOTS('',3,(#4005,#4006,#4007,#4008),
 .UNSPECIFIED.,.F.,.F.,(4,4),(0.,1.),.UNSPECIFIED.);
#37=B_SPLINE_CURVE_WITH_KNOTS('',3,(#4018,#4019,#4020,#4021),
 .UNSPECIFIED.,.F.,.F.,(4,4),(0.,1.),.UNSPECIFIED.);
#38=B_SPLINE_CURVE_WITH_KNOTS('',3,(#4024,#4025,#4026,#4027),
 .UNSPECIFIED.,.F.,.F.,(4,4),(0.,1.),.UNSPECIFIED.);
#39=B_SPLINE_CURVE_WITH_KNOTS('',3,(#4061,#4062,#4063,#4064),
 .UNSPECIFIED.,.F.,.F.,(4,4),(0.,1.),.UNSPECIFIED.);
#40=B_SPLINE_CURVE_WITH_KNOTS('',3,(#4067,#4068,#4069,#4070),
 .UNSPECIFIED.,.F.,.F.,(4,4),(0.,1.),.UNSPECIFIED.);
#41=B_SPLINE_CURVE_WITH_KNOTS('',3,(#4080,#4081,#4082,#4083),
 .UNSPECIFIED.,.F.,.F.,(4,4),(0.,1.),.UNSPECIFIED.);
#42=B_SPLINE_CURVE_WITH_KNOTS('',3,(#4086,#4087,#4088,#4089),
 .UNSPECIFIED.,.F.,.F.,(4,4),(0.,1.),.UNSPECIFIED.);
#43=B_SPLINE_CURVE_WITH_KNOTS('',3,(#4099,#4100,#4101,#4102),
 .UNSPECIFIED.,.F.,.F.,(4,4),(0.,1.),.UNSPECIFIED.);
#44=B_SPLINE_CURVE_WITH_KNOTS('',3,(#4105,#4106,#4107,#4108),
 .UNSPECIFIED.,.F.,.F.,(4,4),(0.,1.),.UNSPECIFIED.);
#45=B_SPLINE_CURVE_WITH_KNOTS('',3,(#4118,#4119,#4120,#4121),
 .UNSPECIFIED.,.F.,.F.,(4,4),(0.,1.),.UNSPECIFIED.);
#46=B_SPLINE_CURVE_WITH_KNOTS('',3,(#4124,#4125,#4126,#4127),
 .UNSPECIFIED.,.F.,.F.,(4,4),(0.,1.),.UNSPECIFIED.);
#47=B_SPLINE_CURVE_WITH_KNOTS('',3,(#4137,#4138,#4139,#4140),
 .UNSPECIFIED.,.F.,.F.,(4,4),(0.,1.),.UNSPECIFIED.);
#48=B_SPLINE_CURVE_WITH_KNOTS('',3,(#4143,#4144,#4145,#4146),
 .UNSPECIFIED.,.F.,.F.,(4,4),(0.,1.),.UNSPECIFIED.);
#49=B_SPLINE_CURVE_WITH_KNOTS('',3,(#4168,#4169,#4170,#4171),
 .UNSPECIFIED.,.F.,.F.,(4,4),(0.,1.),.UNSPECIFIED.);
#50=B_SPLINE_CURVE_WITH_KNOTS('',3,(#4174,#4175,#4176,#4177),
 .UNSPECIFIED.,.F.,.F.,(4,4),(0.,1.),.UNSPECIFIED.);
#51=B_SPLINE_CURVE_WITH_KNOTS('',3,(#4187,#4188,#4189,#4190),
 .UNSPECIFIED.,.F.,.F.,(4,4),(0.,1.),.UNSPECIFIED.);
#52=B_SPLINE_CURVE_WITH_KNOTS('',3,(#4193,#4194,#4195,#4196),
 .UNSPECIFIED.,.F.,.F.,(4,4),(0.,1.),.UNSPECIFIED.);
#53=B_SPLINE_CURVE_WITH_KNOTS('',3,(#4218,#4219,#4220,#4221),
 .UNSPECIFIED.,.F.,.F.,(4,4),(0.,1.),.UNSPECIFIED.);
#54=B_SPLINE_CURVE_WITH_KNOTS('',3,(#4224,#4225,#4226,#4227),
 .UNSPECIFIED.,.F.,.F.,(4,4),(0.,1.),.UNSPECIFIED.);
#55=B_SPLINE_CURVE_WITH_KNOTS('',3,(#4237,#4238,#4239,#4240),
 .UNSPECIFIED.,.F.,.F.,(4,4),(0.,1.),.UNSPECIFIED.);
#56=B_SPLINE_CURVE_WITH_KNOTS('',3,(#4243,#4244,#4245,#4246),
 .UNSPECIFIED.,.F.,.F.,(4,4),(0.,1.),.UNSPECIFIED.);
#57=B_SPLINE_CURVE_WITH_KNOTS('',3,(#4256,#4257,#4258,#4259),
 .UNSPECIFIED.,.F.,.F.,(4,4),(0.,1.),.UNSPECIFIED.);
#58=B_SPLINE_CURVE_WITH_KNOTS('',3,(#4262,#4263,#4264,#4265),
 .UNSPECIFIED.,.F.,.F.,(4,4),(0.,1.),.UNSPECIFIED.);
#59=B_SPLINE_CURVE_WITH_KNOTS('',3,(#4275,#4276,#4277,#4278),
 .UNSPECIFIED.,.F.,.F.,(4,4),(0.,1.),.UNSPECIFIED.);
#60=B_SPLINE_CURVE_WITH_KNOTS('',3,(#4281,#4282,#4283,#4284),
 .UNSPECIFIED.,.F.,.F.,(4,4),(0.,1.),.UNSPECIFIED.);
#61=B_SPLINE_CURVE_WITH_KNOTS('',3,(#4312,#4313,#4314,#4315),
 .UNSPECIFIED.,.F.,.F.,(4,4),(0.,1.),.UNSPECIFIED.);
#62=B_SPLINE_CURVE_WITH_KNOTS('',3,(#4318,#4319,#4320,#4321),
 .UNSPECIFIED.,.F.,.F.,(4,4),(0.,1.),.UNSPECIFIED.);
#63=B_SPLINE_CURVE_WITH_KNOTS('',3,(#4331,#4332,#4333,#4334),
 .UNSPECIFIED.,.F.,.F.,(4,4),(0.,1.),.UNSPECIFIED.);
#64=B_SPLINE_CURVE_WITH_KNOTS('',3,(#4337,#4338,#4339,#4340),
 .UNSPECIFIED.,.F.,.F.,(4,4),(0.,1.),.UNSPECIFIED.);
#65=B_SPLINE_CURVE_WITH_KNOTS('',3,(#4350,#4351,#4352,#4353),
 .UNSPECIFIED.,.F.,.F.,(4,4),(0.,1.),.UNSPECIFIED.);
#66=B_SPLINE_CURVE_WITH_KNOTS('',3,(#4356,#4357,#4358,#4359),
 .UNSPECIFIED.,.F.,.F.,(4,4),(0.,1.),.UNSPECIFIED.);
#67=B_SPLINE_CURVE_WITH_KNOTS('',3,(#4389,#4390,#4391,#4392),
 .UNSPECIFIED.,.F.,.F.,(4,4),(0.,1.),.UNSPECIFIED.);
#68=B_SPLINE_CURVE_WITH_KNOTS('',3,(#4395,#4396,#4397,#4398),
 .UNSPECIFIED.,.F.,.F.,(4,4),(0.,1.),.UNSPECIFIED.);
#69=B_SPLINE_CURVE_WITH_KNOTS('',3,(#4408,#4409,#4410,#4411),
 .UNSPECIFIED.,.F.,.F.,(4,4),(0.,1.),.UNSPECIFIED.);
#70=B_SPLINE_CURVE_WITH_KNOTS('',3,(#4414,#4415,#4416,#4417),
 .UNSPECIFIED.,.F.,.F.,(4,4),(0.,1.),.UNSPECIFIED.);
#71=B_SPLINE_CURVE_WITH_KNOTS('',3,(#4427,#4428,#4429,#4430),
 .UNSPECIFIED.,.F.,.F.,(4,4),(0.,1.),.UNSPECIFIED.);
#72=B_SPLINE_CURVE_WITH_KNOTS('',3,(#4433,#4434,#4435,#4436),
 .UNSPECIFIED.,.F.,.F.,(4,4),(0.,1.),.UNSPECIFIED.);
#73=B_SPLINE_CURVE_WITH_KNOTS('',3,(#4446,#4447,#4448,#4449),
 .UNSPECIFIED.,.F.,.F.,(4,4),(0.,1.),.UNSPECIFIED.);
#74=B_SPLINE_CURVE_WITH_KNOTS('',3,(#4452,#4453,#4454,#4455),
 .UNSPECIFIED.,.F.,.F.,(4,4),(0.,1.),.UNSPECIFIED.);
#75=B_SPLINE_CURVE_WITH_KNOTS('',3,(#4483,#4484,#4485,#4486),
 .UNSPECIFIED.,.F.,.F.,(4,4),(0.,1.),.UNSPECIFIED.);
#76=B_SPLINE_CURVE_WITH_KNOTS('',3,(#4489,#4490,#4491,#4492),
 .UNSPECIFIED.,.F.,.F.,(4,4),(0.,1.),.UNSPECIFIED.);
#77=B_SPLINE_CURVE_WITH_KNOTS('',3,(#4514,#4515,#4516,#4517),
 .UNSPECIFIED.,.F.,.F.,(4,4),(0.,1.),.UNSPECIFIED.);
#78=B_SPLINE_CURVE_WITH_KNOTS('',3,(#4520,#4521,#4522,#4523),
 .UNSPECIFIED.,.F.,.F.,(4,4),(0.,1.),.UNSPECIFIED.);
#79=B_SPLINE_CURVE_WITH_KNOTS('',3,(#4533,#4534,#4535,#4536),
 .UNSPECIFIED.,.F.,.F.,(4,4),(0.,1.),.UNSPECIFIED.);
#80=B_SPLINE_CURVE_WITH_KNOTS('',3,(#4539,#4540,#4541,#4542),
 .UNSPECIFIED.,.F.,.F.,(4,4),(0.,1.),.UNSPECIFIED.);
#81=B_SPLINE_CURVE_WITH_KNOTS('',3,(#4552,#4553,#4554,#4555),
 .UNSPECIFIED.,.F.,.F.,(4,4),(0.,1.),.UNSPECIFIED.);
#82=B_SPLINE_CURVE_WITH_KNOTS('',3,(#4558,#4559,#4560,#4561),
 .UNSPECIFIED.,.F.,.F.,(4,4),(0.,1.),.UNSPECIFIED.);
#83=B_SPLINE_CURVE_WITH_KNOTS('',3,(#4571,#4572,#4573,#4574),
 .UNSPECIFIED.,.F.,.F.,(4,4),(0.,1.),.UNSPECIFIED.);
#84=B_SPLINE_CURVE_WITH_KNOTS('',3,(#4577,#4578,#4579,#4580),
 .UNSPECIFIED.,.F.,.F.,(4,4),(0.,1.),.UNSPECIFIED.);
#85=B_SPLINE_CURVE_WITH_KNOTS('',3,(#4614,#4615,#4616,#4617),
 .UNSPECIFIED.,.F.,.F.,(4,4),(0.,1.),.UNSPECIFIED.);
#86=B_SPLINE_CURVE_WITH_KNOTS('',3,(#4620,#4621,#4622,#4623),
 .UNSPECIFIED.,.F.,.F.,(4,4),(0.,1.),.UNSPECIFIED.);
#87=B_SPLINE_CURVE_WITH_KNOTS('',3,(#4633,#4634,#4635,#4636),
 .UNSPECIFIED.,.F.,.F.,(4,4),(0.,1.),.UNSPECIFIED.);
#88=B_SPLINE_CURVE_WITH_KNOTS('',3,(#4639,#4640,#4641,#4642),
 .UNSPECIFIED.,.F.,.F.,(4,4),(0.,1.),.UNSPECIFIED.);
#89=B_SPLINE_CURVE_WITH_KNOTS('',3,(#4670,#4671,#4672,#4673),
 .UNSPECIFIED.,.F.,.F.,(4,4),(0.,1.),.UNSPECIFIED.);
#90=B_SPLINE_CURVE_WITH_KNOTS('',3,(#4676,#4677,#4678,#4679),
 .UNSPECIFIED.,.F.,.F.,(4,4),(0.,1.),.UNSPECIFIED.);
#91=B_SPLINE_CURVE_WITH_KNOTS('',3,(#4689,#4690,#4691,#4692),
 .UNSPECIFIED.,.F.,.F.,(4,4),(0.,1.),.UNSPECIFIED.);
#92=B_SPLINE_CURVE_WITH_KNOTS('',3,(#4695,#4696,#4697,#4698),
 .UNSPECIFIED.,.F.,.F.,(4,4),(0.,1.),.UNSPECIFIED.);
#93=B_SPLINE_CURVE_WITH_KNOTS('',3,(#4708,#4709,#4710,#4711),
 .UNSPECIFIED.,.F.,.F.,(4,4),(0.,1.),.UNSPECIFIED.);
#94=B_SPLINE_CURVE_WITH_KNOTS('',3,(#4714,#4715,#4716,#4717),
 .UNSPECIFIED.,.F.,.F.,(4,4),(0.,1.),.UNSPECIFIED.);
#95=B_SPLINE_CURVE_WITH_KNOTS('',3,(#4727,#4728,#4729,#4730),
 .UNSPECIFIED.,.F.,.F.,(4,4),(0.,1.),.UNSPECIFIED.);
#96=B_SPLINE_CURVE_WITH_KNOTS('',3,(#4733,#4734,#4735,#4736),
 .UNSPECIFIED.,.F.,.F.,(4,4),(0.,1.),.UNSPECIFIED.);
#97=B_SPLINE_CURVE_WITH_KNOTS('',3,(#4766,#4767,#4768,#4769),
 .UNSPECIFIED.,.F.,.F.,(4,4),(0.,1.),.UNSPECIFIED.);
#98=B_SPLINE_CURVE_WITH_KNOTS('',3,(#4772,#4773,#4774,#4775),
 .UNSPECIFIED.,.F.,.F.,(4,4),(0.,1.),.UNSPECIFIED.);
#99=B_SPLINE_CURVE_WITH_KNOTS('',3,(#4797,#4798,#4799,#4800),
 .UNSPECIFIED.,.F.,.F.,(4,4),(0.,1.),.UNSPECIFIED.);
#100=B_SPLINE_CURVE_WITH_KNOTS('',3,(#4803,#4804,#4805,#4806),
 .UNSPECIFIED.,.F.,.F.,(4,4),(0.,1.),.UNSPECIFIED.);
#101=B_SPLINE_CURVE_WITH_KNOTS('',3,(#4816,#4817,#4818,#4819),
 .UNSPECIFIED.,.F.,.F.,(4,4),(0.,1.),.UNSPECIFIED.);
#102=B_SPLINE_CURVE_WITH_KNOTS('',3,(#4822,#4823,#4824,#4825),
 .UNSPECIFIED.,.F.,.F.,(4,4),(0.,1.),.UNSPECIFIED.);
#103=B_SPLINE_CURVE_WITH_KNOTS('',3,(#4835,#4836,#4837,#4838),
 .UNSPECIFIED.,.F.,.F.,(4,4),(0.,1.),.UNSPECIFIED.);
#104=B_SPLINE_CURVE_WITH_KNOTS('',3,(#4841,#4842,#4843,#4844),
 .UNSPECIFIED.,.F.,.F.,(4,4),(0.,1.),.UNSPECIFIED.);
#105=B_SPLINE_CURVE_WITH_KNOTS('',3,(#4854,#4855,#4856,#4857),
 .UNSPECIFIED.,.F.,.F.,(4,4),(0.,1.),.UNSPECIFIED.);
#106=B_SPLINE_CURVE_WITH_KNOTS('',3,(#4860,#4861,#4862,#4863),
 .UNSPECIFIED.,.F.,.F.,(4,4),(0.,1.),.UNSPECIFIED.);
#107=B_SPLINE_CURVE_WITH_KNOTS('',3,(#4891,#4892,#4893,#4894),
 .UNSPECIFIED.,.F.,.F.,(4,4),(0.,1.),.UNSPECIFIED.);
#108=B_SPLINE_CURVE_WITH_KNOTS('',3,(#4897,#4898,#4899,#4900),
 .UNSPECIFIED.,.F.,.F.,(4,4),(0.,1.),.UNSPECIFIED.);
#109=B_SPLINE_CURVE_WITH_KNOTS('',3,(#4910,#4911,#4912,#4913),
 .UNSPECIFIED.,.F.,.F.,(4,4),(0.,1.),.UNSPECIFIED.);
#110=B_SPLINE_CURVE_WITH_KNOTS('',3,(#4916,#4917,#4918,#4919),
 .UNSPECIFIED.,.F.,.F.,(4,4),(0.,1.),.UNSPECIFIED.);
#111=B_SPLINE_CURVE_WITH_KNOTS('',3,(#4929,#4930,#4931,#4932),
 .UNSPECIFIED.,.F.,.F.,(4,4),(0.,1.),.UNSPECIFIED.);
#112=B_SPLINE_CURVE_WITH_KNOTS('',3,(#4935,#4936,#4937,#4938),
 .UNSPECIFIED.,.F.,.F.,(4,4),(0.,1.),.UNSPECIFIED.);
#113=B_SPLINE_CURVE_WITH_KNOTS('',3,(#4948,#4949,#4950,#4951),
 .UNSPECIFIED.,.F.,.F.,(4,4),(0.,1.),.UNSPECIFIED.);
#114=B_SPLINE_CURVE_WITH_KNOTS('',3,(#4954,#4955,#4956,#4957),
 .UNSPECIFIED.,.F.,.F.,(4,4),(0.,1.),.UNSPECIFIED.);
#115=B_SPLINE_CURVE_WITH_KNOTS('',3,(#4979,#4980,#4981,#4982),
 .UNSPECIFIED.,.F.,.F.,(4,4),(0.,1.),.UNSPECIFIED.);
#116=B_SPLINE_CURVE_WITH_KNOTS('',3,(#4985,#4986,#4987,#4988),
 .UNSPECIFIED.,.F.,.F.,(4,4),(0.,1.),.UNSPECIFIED.);
#117=B_SPLINE_CURVE_WITH_KNOTS('',3,(#4998,#4999,#5000,#5001),
 .UNSPECIFIED.,.F.,.F.,(4,4),(0.,1.),.UNSPECIFIED.);
#118=B_SPLINE_CURVE_WITH_KNOTS('',3,(#5004,#5005,#5006,#5007),
 .UNSPECIFIED.,.F.,.F.,(4,4),(0.,1.),.UNSPECIFIED.);
#119=B_SPLINE_CURVE_WITH_KNOTS('',3,(#5028,#5029,#5030,#5031),
 .UNSPECIFIED.,.F.,.F.,(4,4),(0.,1.),.UNSPECIFIED.);
#120=B_SPLINE_CURVE_WITH_KNOTS('',3,(#5032,#5033,#5034,#5035),
 .UNSPECIFIED.,.F.,.F.,(4,4),(0.,1.),.UNSPECIFIED.);
#121=B_SPLINE_SURFACE_WITH_KNOTS('',3,1,((#3787,#3788),(#3789,#3790),(#3791,
#3792),(#3793,#3794)),.UNSPECIFIED.,.F.,.F.,.F.,(4,4),(2,2),(0.,1.),(0.,
0.000360000000000048),.UNSPECIFIED.);
#122=B_SPLINE_SURFACE_WITH_KNOTS('',3,1,((#3827,#3828),(#3829,#3830),(#3831,
#3832),(#3833,#3834)),.UNSPECIFIED.,.F.,.F.,.F.,(4,4),(2,2),(0.,1.),(0.,
0.000360000000000048),.UNSPECIFIED.);
#123=B_SPLINE_SURFACE_WITH_KNOTS('',3,1,((#3858,#3859),(#3860,#3861),(#3862,
#3863),(#3864,#3865)),.UNSPECIFIED.,.F.,.F.,.F.,(4,4),(2,2),(0.,1.),(0.,
0.000360000000000048),.UNSPECIFIED.);
#124=B_SPLINE_SURFACE_WITH_KNOTS('',3,1,((#3877,#3878),(#3879,#3880),(#3881,
#3882),(#3883,#3884)),.UNSPECIFIED.,.F.,.F.,.F.,(4,4),(2,2),(0.,1.),(0.,
0.000360000000000048),.UNSPECIFIED.);
#125=B_SPLINE_SURFACE_WITH_KNOTS('',3,1,((#3896,#3897),(#3898,#3899),(#3900,
#3901),(#3902,#3903)),.UNSPECIFIED.,.F.,.F.,.F.,(4,4),(2,2),(0.,1.),(0.,
0.000360000000000048),.UNSPECIFIED.);
#126=B_SPLINE_SURFACE_WITH_KNOTS('',3,1,((#3915,#3916),(#3917,#3918),(#3919,
#3920),(#3921,#3922)),.UNSPECIFIED.,.F.,.F.,.F.,(4,4),(2,2),(0.,1.),(0.,
0.000360000000000048),.UNSPECIFIED.);
#127=B_SPLINE_SURFACE_WITH_KNOTS('',3,1,((#3934,#3935),(#3936,#3937),(#3938,
#3939),(#3940,#3941)),.UNSPECIFIED.,.F.,.F.,.F.,(4,4),(2,2),(0.,1.),(0.,
0.000360000000000048),.UNSPECIFIED.);
#128=B_SPLINE_SURFACE_WITH_KNOTS('',3,1,((#3953,#3954),(#3955,#3956),(#3957,
#3958),(#3959,#3960)),.UNSPECIFIED.,.F.,.F.,.F.,(4,4),(2,2),(0.,1.),(0.,
0.000360000000000048),.UNSPECIFIED.);
#129=B_SPLINE_SURFACE_WITH_KNOTS('',3,1,((#3990,#3991),(#3992,#3993),(#3994,
#3995),(#3996,#3997)),.UNSPECIFIED.,.F.,.F.,.F.,(4,4),(2,2),(0.,1.),(0.,
0.000360000000000048),.UNSPECIFIED.);
#130=B_SPLINE_SURFACE_WITH_KNOTS('',3,1,((#4009,#4010),(#4011,#4012),(#4013,
#4014),(#4015,#4016)),.UNSPECIFIED.,.F.,.F.,.F.,(4,4),(2,2),(0.,1.),(0.,
0.000360000000000048),.UNSPECIFIED.);
#131=B_SPLINE_SURFACE_WITH_KNOTS('',3,1,((#4052,#4053),(#4054,#4055),(#4056,
#4057),(#4058,#4059)),.UNSPECIFIED.,.F.,.F.,.F.,(4,4),(2,2),(0.,1.),(0.,
0.000360000000000048),.UNSPECIFIED.);
#132=B_SPLINE_SURFACE_WITH_KNOTS('',3,1,((#4071,#4072),(#4073,#4074),(#4075,
#4076),(#4077,#4078)),.UNSPECIFIED.,.F.,.F.,.F.,(4,4),(2,2),(0.,1.),(0.,
0.000360000000000048),.UNSPECIFIED.);
#133=B_SPLINE_SURFACE_WITH_KNOTS('',3,1,((#4090,#4091),(#4092,#4093),(#4094,
#4095),(#4096,#4097)),.UNSPECIFIED.,.F.,.F.,.F.,(4,4),(2,2),(0.,1.),(0.,
0.000360000000000048),.UNSPECIFIED.);
#134=B_SPLINE_SURFACE_WITH_KNOTS('',3,1,((#4109,#4110),(#4111,#4112),(#4113,
#4114),(#4115,#4116)),.UNSPECIFIED.,.F.,.F.,.F.,(4,4),(2,2),(0.,1.),(0.,
0.000360000000000048),.UNSPECIFIED.);
#135=B_SPLINE_SURFACE_WITH_KNOTS('',3,1,((#4128,#4129),(#4130,#4131),(#4132,
#4133),(#4134,#4135)),.UNSPECIFIED.,.F.,.F.,.F.,(4,4),(2,2),(0.,1.),(0.,
0.000360000000000048),.UNSPECIFIED.);
#136=B_SPLINE_SURFACE_WITH_KNOTS('',3,1,((#4159,#4160),(#4161,#4162),(#4163,
#4164),(#4165,#4166)),.UNSPECIFIED.,.F.,.F.,.F.,(4,4),(2,2),(0.,1.),(0.,
0.000360000000000048),.UNSPECIFIED.);
#137=B_SPLINE_SURFACE_WITH_KNOTS('',3,1,((#4178,#4179),(#4180,#4181),(#4182,
#4183),(#4184,#4185)),.UNSPECIFIED.,.F.,.F.,.F.,(4,4),(2,2),(0.,1.),(0.,
0.000360000000000048),.UNSPECIFIED.);
#138=B_SPLINE_SURFACE_WITH_KNOTS('',3,1,((#4209,#4210),(#4211,#4212),(#4213,
#4214),(#4215,#4216)),.UNSPECIFIED.,.F.,.F.,.F.,(4,4),(2,2),(0.,1.),(0.,
0.000360000000000048),.UNSPECIFIED.);
#139=B_SPLINE_SURFACE_WITH_KNOTS('',3,1,((#4228,#4229),(#4230,#4231),(#4232,
#4233),(#4234,#4235)),.UNSPECIFIED.,.F.,.F.,.F.,(4,4),(2,2),(0.,1.),(0.,
0.000360000000000048),.UNSPECIFIED.);
#140=B_SPLINE_SURFACE_WITH_KNOTS('',3,1,((#4247,#4248),(#4249,#4250),(#4251,
#4252),(#4253,#4254)),.UNSPECIFIED.,.F.,.F.,.F.,(4,4),(2,2),(0.,1.),(0.,
0.000360000000000048),.UNSPECIFIED.);
#141=B_SPLINE_SURFACE_WITH_KNOTS('',3,1,((#4266,#4267),(#4268,#4269),(#4270,
#4271),(#4272,#4273)),.UNSPECIFIED.,.F.,.F.,.F.,(4,4),(2,2),(0.,1.),(0.,
0.000360000000000048),.UNSPECIFIED.);
#142=B_SPLINE_SURFACE_WITH_KNOTS('',3,1,((#4303,#4304),(#4305,#4306),(#4307,
#4308),(#4309,#4310)),.UNSPECIFIED.,.F.,.F.,.F.,(4,4),(2,2),(0.,1.),(0.,
0.000360000000000048),.UNSPECIFIED.);
#143=B_SPLINE_SURFACE_WITH_KNOTS('',3,1,((#4322,#4323),(#4324,#4325),(#4326,
#4327),(#4328,#4329)),.UNSPECIFIED.,.F.,.F.,.F.,(4,4),(2,2),(0.,1.),(0.,
0.000360000000000048),.UNSPECIFIED.);
#144=B_SPLINE_SURFACE_WITH_KNOTS('',3,1,((#4341,#4342),(#4343,#4344),(#4345,
#4346),(#4347,#4348)),.UNSPECIFIED.,.F.,.F.,.F.,(4,4),(2,2),(0.,1.),(0.,
0.000360000000000048),.UNSPECIFIED.);
#145=B_SPLINE_SURFACE_WITH_KNOTS('',3,1,((#4377,#4378),(#4379,#4380),(#4381,
#4382),(#4383,#4384)),.UNSPECIFIED.,.F.,.F.,.F.,(4,4),(2,2),(0.,1.),(0.,
0.000360000000000048),.UNSPECIFIED.);
#146=B_SPLINE_SURFACE_WITH_KNOTS('',3,1,((#4399,#4400),(#4401,#4402),(#4403,
#4404),(#4405,#4406)),.UNSPECIFIED.,.F.,.F.,.F.,(4,4),(2,2),(0.,1.),(0.,
0.000360000000000048),.UNSPECIFIED.);
#147=B_SPLINE_SURFACE_WITH_KNOTS('',3,1,((#4418,#4419),(#4420,#4421),(#4422,
#4423),(#4424,#4425)),.UNSPECIFIED.,.F.,.F.,.F.,(4,4),(2,2),(0.,1.),(0.,
0.000360000000000048),.UNSPECIFIED.);
#148=B_SPLINE_SURFACE_WITH_KNOTS('',3,1,((#4437,#4438),(#4439,#4440),(#4441,
#4442),(#4443,#4444)),.UNSPECIFIED.,.F.,.F.,.F.,(4,4),(2,2),(0.,1.),(0.,
0.000360000000000048),.UNSPECIFIED.);
#149=B_SPLINE_SURFACE_WITH_KNOTS('',3,1,((#4474,#4475),(#4476,#4477),(#4478,
#4479),(#4480,#4481)),.UNSPECIFIED.,.F.,.F.,.F.,(4,4),(2,2),(0.,1.),(0.,
0.000360000000000048),.UNSPECIFIED.);
#150=B_SPLINE_SURFACE_WITH_KNOTS('',3,1,((#4505,#4506),(#4507,#4508),(#4509,
#4510),(#4511,#4512)),.UNSPECIFIED.,.F.,.F.,.F.,(4,4),(2,2),(0.,1.),(0.,
0.000360000000000048),.UNSPECIFIED.);
#151=B_SPLINE_SURFACE_WITH_KNOTS('',3,1,((#4524,#4525),(#4526,#4527),(#4528,
#4529),(#4530,#4531)),.UNSPECIFIED.,.F.,.F.,.F.,(4,4),(2,2),(0.,1.),(0.,
0.000360000000000048),.UNSPECIFIED.);
#152=B_SPLINE_SURFACE_WITH_KNOTS('',3,1,((#4543,#4544),(#4545,#4546),(#4547,
#4548),(#4549,#4550)),.UNSPECIFIED.,.F.,.F.,.F.,(4,4),(2,2),(0.,1.),(0.,
0.000360000000000048),.UNSPECIFIED.);
#153=B_SPLINE_SURFACE_WITH_KNOTS('',3,1,((#4562,#4563),(#4564,#4565),(#4566,
#4567),(#4568,#4569)),.UNSPECIFIED.,.F.,.F.,.F.,(4,4),(2,2),(0.,1.),(0.,
0.000360000000000048),.UNSPECIFIED.);
#154=B_SPLINE_SURFACE_WITH_KNOTS('',3,1,((#4605,#4606),(#4607,#4608),(#4609,
#4610),(#4611,#4612)),.UNSPECIFIED.,.F.,.F.,.F.,(4,4),(2,2),(0.,1.),(0.,
0.000360000000000048),.UNSPECIFIED.);
#155=B_SPLINE_SURFACE_WITH_KNOTS('',3,1,((#4624,#4625),(#4626,#4627),(#4628,
#4629),(#4630,#4631)),.UNSPECIFIED.,.F.,.F.,.F.,(4,4),(2,2),(0.,1.),(0.,
0.000360000000000048),.UNSPECIFIED.);
#156=B_SPLINE_SURFACE_WITH_KNOTS('',3,1,((#4661,#4662),(#4663,#4664),(#4665,
#4666),(#4667,#4668)),.UNSPECIFIED.,.F.,.F.,.F.,(4,4),(2,2),(0.,1.),(0.,
0.000360000000000048),.UNSPECIFIED.);
#157=B_SPLINE_SURFACE_WITH_KNOTS('',3,1,((#4680,#4681),(#4682,#4683),(#4684,
#4685),(#4686,#4687)),.UNSPECIFIED.,.F.,.F.,.F.,(4,4),(2,2),(0.,1.),(0.,
0.000360000000000048),.UNSPECIFIED.);
#158=B_SPLINE_SURFACE_WITH_KNOTS('',3,1,((#4699,#4700),(#4701,#4702),(#4703,
#4704),(#4705,#4706)),.UNSPECIFIED.,.F.,.F.,.F.,(4,4),(2,2),(0.,1.),(0.,
0.000360000000000048),.UNSPECIFIED.);
#159=B_SPLINE_SURFACE_WITH_KNOTS('',3,1,((#4718,#4719),(#4720,#4721),(#4722,
#4723),(#4724,#4725)),.UNSPECIFIED.,.F.,.F.,.F.,(4,4),(2,2),(0.,1.),(0.,
0.000360000000000048),.UNSPECIFIED.);
#160=B_SPLINE_SURFACE_WITH_KNOTS('',3,1,((#4754,#4755),(#4756,#4757),(#4758,
#4759),(#4760,#4761)),.UNSPECIFIED.,.F.,.F.,.F.,(4,4),(2,2),(0.,1.),(0.,
0.000360000000000048),.UNSPECIFIED.);
#161=B_SPLINE_SURFACE_WITH_KNOTS('',3,1,((#4788,#4789),(#4790,#4791),(#4792,
#4793),(#4794,#4795)),.UNSPECIFIED.,.F.,.F.,.F.,(4,4),(2,2),(0.,1.),(0.,
0.000360000000000048),.UNSPECIFIED.);
#162=B_SPLINE_SURFACE_WITH_KNOTS('',3,1,((#4807,#4808),(#4809,#4810),(#4811,
#4812),(#4813,#4814)),.UNSPECIFIED.,.F.,.F.,.F.,(4,4),(2,2),(0.,1.),(0.,
0.000360000000000048),.UNSPECIFIED.);
#163=B_SPLINE_SURFACE_WITH_KNOTS('',3,1,((#4826,#4827),(#4828,#4829),(#4830,
#4831),(#4832,#4833)),.UNSPECIFIED.,.F.,.F.,.F.,(4,4),(2,2),(0.,1.),(0.,
0.000360000000000048),.UNSPECIFIED.);
#164=B_SPLINE_SURFACE_WITH_KNOTS('',3,1,((#4845,#4846),(#4847,#4848),(#4849,
#4850),(#4851,#4852)),.UNSPECIFIED.,.F.,.F.,.F.,(4,4),(2,2),(0.,1.),(0.,
0.000360000000000048),.UNSPECIFIED.);
#165=B_SPLINE_SURFACE_WITH_KNOTS('',3,1,((#4882,#4883),(#4884,#4885),(#4886,
#4887),(#4888,#4889)),.UNSPECIFIED.,.F.,.F.,.F.,(4,4),(2,2),(0.,1.),(0.,
0.000360000000000048),.UNSPECIFIED.);
#166=B_SPLINE_SURFACE_WITH_KNOTS('',3,1,((#4901,#4902),(#4903,#4904),(#4905,
#4906),(#4907,#4908)),.UNSPECIFIED.,.F.,.F.,.F.,(4,4),(2,2),(0.,1.),(0.,
0.000360000000000048),.UNSPECIFIED.);
#167=B_SPLINE_SURFACE_WITH_KNOTS('',3,1,((#4920,#4921),(#4922,#4923),(#4924,
#4925),(#4926,#4927)),.UNSPECIFIED.,.F.,.F.,.F.,(4,4),(2,2),(0.,1.),(0.,
0.000360000000000048),.UNSPECIFIED.);
#168=B_SPLINE_SURFACE_WITH_KNOTS('',3,1,((#4939,#4940),(#4941,#4942),(#4943,
#4944),(#4945,#4946)),.UNSPECIFIED.,.F.,.F.,.F.,(4,4),(2,2),(0.,1.),(0.,
0.000360000000000048),.UNSPECIFIED.);
#169=B_SPLINE_SURFACE_WITH_KNOTS('',3,1,((#4970,#4971),(#4972,#4973),(#4974,
#4975),(#4976,#4977)),.UNSPECIFIED.,.F.,.F.,.F.,(4,4),(2,2),(0.,1.),(0.,
0.000360000000000048),.UNSPECIFIED.);
#170=B_SPLINE_SURFACE_WITH_KNOTS('',3,1,((#4989,#4990),(#4991,#4992),(#4993,
#4994),(#4995,#4996)),.UNSPECIFIED.,.F.,.F.,.F.,(4,4),(2,2),(0.,1.),(0.,
0.000360000000000048),.UNSPECIFIED.);
#171=B_SPLINE_SURFACE_WITH_KNOTS('',3,1,((#5020,#5021),(#5022,#5023),(#5024,
#5025),(#5026,#5027)),.UNSPECIFIED.,.F.,.F.,.F.,(4,4),(2,2),(0.,1.),(0.,
0.000360000000000048),.UNSPECIFIED.);
#172=SHAPE_REPRESENTATION_RELATIONSHIP('SRR','None',#5061,#174);
#173=SHAPE_REPRESENTATION_RELATIONSHIP('SRR','None',#5062,#175);
#174=ADVANCED_BREP_SHAPE_REPRESENTATION('',(#176,#177,#178),#5045);
#175=ADVANCED_BREP_SHAPE_REPRESENTATION('',(#179,#180,#181),#5046);
#176=MANIFOLD_SOLID_BREP('Solid1',#2823);
#177=MANIFOLD_SOLID_BREP('Solid2',#2824);
#178=MANIFOLD_SOLID_BREP('Solid3',#2825);
#179=MANIFOLD_SOLID_BREP('Solid1',#2826);
#180=MANIFOLD_SOLID_BREP('Solid2',#2827);
#181=MANIFOLD_SOLID_BREP('Solid3',#2828);
#182=SPHERICAL_SURFACE('',#2931,0.04);
#183=SPHERICAL_SURFACE('',#2933,0.04);
#184=SPHERICAL_SURFACE('',#2943,0.04);
#185=SPHERICAL_SURFACE('',#2945,0.04);
#186=SPHERICAL_SURFACE('',#2965,0.04);
#187=SPHERICAL_SURFACE('',#2967,0.04);
#188=SPHERICAL_SURFACE('',#2977,0.04);
#189=SPHERICAL_SURFACE('',#2979,0.04);
#190=CYLINDRICAL_SURFACE('',#2924,0.04);
#191=CYLINDRICAL_SURFACE('',#2926,0.04);
#192=CYLINDRICAL_SURFACE('',#2929,0.04);
#193=CYLINDRICAL_SURFACE('',#2935,0.04);
#194=CYLINDRICAL_SURFACE('',#2937,0.04);
#195=CYLINDRICAL_SURFACE('',#2939,0.04);
#196=CYLINDRICAL_SURFACE('',#2941,0.04);
#197=CYLINDRICAL_SURFACE('',#2947,0.04);
#198=CYLINDRICAL_SURFACE('',#2958,0.04);
#199=CYLINDRICAL_SURFACE('',#2960,0.04);
#200=CYLINDRICAL_SURFACE('',#2963,0.04);
#201=CYLINDRICAL_SURFACE('',#2969,0.04);
#202=CYLINDRICAL_SURFACE('',#2971,0.04);
#203=CYLINDRICAL_SURFACE('',#2973,0.04);
#204=CYLINDRICAL_SURFACE('',#2975,0.04);
#205=CYLINDRICAL_SURFACE('',#2981,0.04);
#206=CYLINDRICAL_SURFACE('',#2993,0.0266666666666666);
#207=CYLINDRICAL_SURFACE('',#2995,0.0266666666666666);
#208=CYLINDRICAL_SURFACE('',#2997,0.0266666666666666);
#209=CYLINDRICAL_SURFACE('',#2999,0.0266666666666666);
#210=CIRCLE('',#2917,0.04);
#211=CIRCLE('',#2918,0.04);
#212=CIRCLE('',#2919,0.04);
#213=CIRCLE('',#2920,0.04);
#214=CIRCLE('',#2925,0.04);
#215=CIRCLE('',#2927,0.04);
#216=CIRCLE('',#2928,0.04);
#217=CIRCLE('',#2930,0.04);
#218=CIRCLE('',#2932,0.04);
#219=CIRCLE('',#2934,0.04);
#220=CIRCLE('',#2936,0.04);
#221=CIRCLE('',#2938,0.04);
#222=CIRCLE('',#2940,0.04);
#223=CIRCLE('',#2942,0.04);
#224=CIRCLE('',#2944,0.04);
#225=CIRCLE('',#2946,0.04);
#226=CIRCLE('',#2951,0.04);
#227=CIRCLE('',#2952,0.04);
#228=CIRCLE('',#2953,0.04);
#229=CIRCLE('',#2954,0.04);
#230=CIRCLE('',#2959,0.04);
#231=CIRCLE('',#2961,0.04);
#232=CIRCLE('',#2962,0.04);
#233=CIRCLE('',#2964,0.04);
#234=CIRCLE('',#2966,0.04);
#235=CIRCLE('',#2968,0.04);
#236=CIRCLE('',#2970,0.04);
#237=CIRCLE('',#2972,0.04);
#238=CIRCLE('',#2974,0.04);
#239=CIRCLE('',#2976,0.04);
#240=CIRCLE('',#2978,0.04);
#241=CIRCLE('',#2980,0.04);
#242=CIRCLE('',#2983,0.0266666666666667);
#243=CIRCLE('',#2984,0.0266666666666667);
#244=CIRCLE('',#2985,0.0266666666666666);
#245=CIRCLE('',#2986,0.0266666666666666);
#246=CIRCLE('',#2988,0.0266666666666667);
#247=CIRCLE('',#2989,0.0266666666666666);
#248=CIRCLE('',#2990,0.0266666666666666);
#249=CIRCLE('',#2991,0.0266666666666667);
#250=FACE_OUTER_BOUND('',#399,.T.);
#251=FACE_OUTER_BOUND('',#400,.T.);
#252=FACE_OUTER_BOUND('',#401,.T.);
#253=FACE_OUTER_BOUND('',#402,.T.);
#254=FACE_OUTER_BOUND('',#403,.T.);
#255=FACE_OUTER_BOUND('',#404,.T.);
#256=FACE_OUTER_BOUND('',#405,.T.);
#257=FACE_OUTER_BOUND('',#406,.T.);
#258=FACE_OUTER_BOUND('',#407,.T.);
#259=FACE_OUTER_BOUND('',#408,.T.);
#260=FACE_OUTER_BOUND('',#409,.T.);
#261=FACE_OUTER_BOUND('',#410,.T.);
#262=FACE_OUTER_BOUND('',#411,.T.);
#263=FACE_OUTER_BOUND('',#412,.T.);
#264=FACE_OUTER_BOUND('',#413,.T.);
#265=FACE_OUTER_BOUND('',#414,.T.);
#266=FACE_OUTER_BOUND('',#415,.T.);
#267=FACE_OUTER_BOUND('',#416,.T.);
#268=FACE_OUTER_BOUND('',#417,.T.);
#269=FACE_OUTER_BOUND('',#418,.T.);
#270=FACE_OUTER_BOUND('',#419,.T.);
#271=FACE_OUTER_BOUND('',#420,.T.);
#272=FACE_OUTER_BOUND('',#421,.T.);
#273=FACE_OUTER_BOUND('',#422,.T.);
#274=FACE_OUTER_BOUND('',#423,.T.);
#275=FACE_OUTER_BOUND('',#424,.T.);
#276=FACE_OUTER_BOUND('',#425,.T.);
#277=FACE_OUTER_BOUND('',#426,.T.);
#278=FACE_OUTER_BOUND('',#427,.T.);
#279=FACE_OUTER_BOUND('',#428,.T.);
#280=FACE_OUTER_BOUND('',#429,.T.);
#281=FACE_OUTER_BOUND('',#430,.T.);
#282=FACE_OUTER_BOUND('',#431,.T.);
#283=FACE_OUTER_BOUND('',#432,.T.);
#284=FACE_OUTER_BOUND('',#433,.T.);
#285=FACE_OUTER_BOUND('',#434,.T.);
#286=FACE_OUTER_BOUND('',#435,.T.);
#287=FACE_OUTER_BOUND('',#436,.T.);
#288=FACE_OUTER_BOUND('',#437,.T.);
#289=FACE_OUTER_BOUND('',#438,.T.);
#290=FACE_OUTER_BOUND('',#439,.T.);
#291=FACE_OUTER_BOUND('',#440,.T.);
#292=FACE_OUTER_BOUND('',#441,.T.);
#293=FACE_OUTER_BOUND('',#442,.T.);
#294=FACE_OUTER_BOUND('',#443,.T.);
#295=FACE_OUTER_BOUND('',#444,.T.);
#296=FACE_OUTER_BOUND('',#445,.T.);
#297=FACE_OUTER_BOUND('',#446,.T.);
#298=FACE_OUTER_BOUND('',#447,.T.);
#299=FACE_OUTER_BOUND('',#448,.T.);
#300=FACE_OUTER_BOUND('',#449,.T.);
#301=FACE_OUTER_BOUND('',#450,.T.);
#302=FACE_OUTER_BOUND('',#451,.T.);
#303=FACE_OUTER_BOUND('',#452,.T.);
#304=FACE_OUTER_BOUND('',#453,.T.);
#305=FACE_OUTER_BOUND('',#454,.T.);
#306=FACE_OUTER_BOUND('',#455,.T.);
#307=FACE_OUTER_BOUND('',#456,.T.);
#308=FACE_OUTER_BOUND('',#457,.T.);
#309=FACE_OUTER_BOUND('',#458,.T.);
#310=FACE_OUTER_BOUND('',#459,.T.);
#311=FACE_OUTER_BOUND('',#460,.T.);
#312=FACE_OUTER_BOUND('',#461,.T.);
#313=FACE_OUTER_BOUND('',#462,.T.);
#314=FACE_OUTER_BOUND('',#463,.T.);
#315=FACE_OUTER_BOUND('',#464,.T.);
#316=FACE_OUTER_BOUND('',#465,.T.);
#317=FACE_OUTER_BOUND('',#466,.T.);
#318=FACE_OUTER_BOUND('',#467,.T.);
#319=FACE_OUTER_BOUND('',#468,.T.);
#320=FACE_OUTER_BOUND('',#469,.T.);
#321=FACE_OUTER_BOUND('',#470,.T.);
#322=FACE_OUTER_BOUND('',#471,.T.);
#323=FACE_OUTER_BOUND('',#472,.T.);
#324=FACE_OUTER_BOUND('',#473,.T.);
#325=FACE_OUTER_BOUND('',#474,.T.);
#326=FACE_OUTER_BOUND('',#475,.T.);
#327=FACE_OUTER_BOUND('',#476,.T.);
#328=FACE_OUTER_BOUND('',#477,.T.);
#329=FACE_OUTER_BOUND('',#478,.T.);
#330=FACE_OUTER_BOUND('',#479,.T.);
#331=FACE_OUTER_BOUND('',#480,.T.);
#332=FACE_OUTER_BOUND('',#481,.T.);
#333=FACE_OUTER_BOUND('',#482,.T.);
#334=FACE_OUTER_BOUND('',#483,.T.);
#335=FACE_OUTER_BOUND('',#484,.T.);
#336=FACE_OUTER_BOUND('',#485,.T.);
#337=FACE_OUTER_BOUND('',#486,.T.);
#338=FACE_OUTER_BOUND('',#487,.T.);
#339=FACE_OUTER_BOUND('',#488,.T.);
#340=FACE_OUTER_BOUND('',#489,.T.);
#341=FACE_OUTER_BOUND('',#490,.T.);
#342=FACE_OUTER_BOUND('',#491,.T.);
#343=FACE_OUTER_BOUND('',#492,.T.);
#344=FACE_OUTER_BOUND('',#493,.T.);
#345=FACE_OUTER_BOUND('',#494,.T.);
#346=FACE_OUTER_BOUND('',#495,.T.);
#347=FACE_OUTER_BOUND('',#496,.T.);
#348=FACE_OUTER_BOUND('',#497,.T.);
#349=FACE_OUTER_BOUND('',#498,.T.);
#350=FACE_OUTER_BOUND('',#499,.T.);
#351=FACE_OUTER_BOUND('',#500,.T.);
#352=FACE_OUTER_BOUND('',#501,.T.);
#353=FACE_OUTER_BOUND('',#502,.T.);
#354=FACE_OUTER_BOUND('',#503,.T.);
#355=FACE_OUTER_BOUND('',#504,.T.);
#356=FACE_OUTER_BOUND('',#505,.T.);
#357=FACE_OUTER_BOUND('',#506,.T.);
#358=FACE_OUTER_BOUND('',#507,.T.);
#359=FACE_OUTER_BOUND('',#508,.T.);
#360=FACE_OUTER_BOUND('',#509,.T.);
#361=FACE_OUTER_BOUND('',#510,.T.);
#362=FACE_OUTER_BOUND('',#511,.T.);
#363=FACE_OUTER_BOUND('',#512,.T.);
#364=FACE_OUTER_BOUND('',#513,.T.);
#365=FACE_OUTER_BOUND('',#514,.T.);
#366=FACE_OUTER_BOUND('',#515,.T.);
#367=FACE_OUTER_BOUND('',#516,.T.);
#368=FACE_OUTER_BOUND('',#517,.T.);
#369=FACE_OUTER_BOUND('',#518,.T.);
#370=FACE_OUTER_BOUND('',#519,.T.);
#371=FACE_OUTER_BOUND('',#520,.T.);
#372=FACE_OUTER_BOUND('',#521,.T.);
#373=FACE_OUTER_BOUND('',#522,.T.);
#374=FACE_OUTER_BOUND('',#523,.T.);
#375=FACE_OUTER_BOUND('',#524,.T.);
#376=FACE_OUTER_BOUND('',#525,.T.);
#377=FACE_OUTER_BOUND('',#526,.T.);
#378=FACE_OUTER_BOUND('',#527,.T.);
#379=FACE_OUTER_BOUND('',#528,.T.);
#380=FACE_OUTER_BOUND('',#529,.T.);
#381=FACE_OUTER_BOUND('',#530,.T.);
#382=FACE_OUTER_BOUND('',#531,.T.);
#383=FACE_OUTER_BOUND('',#532,.T.);
#384=FACE_OUTER_BOUND('',#533,.T.);
#385=FACE_OUTER_BOUND('',#534,.T.);
#386=FACE_OUTER_BOUND('',#535,.T.);
#387=FACE_OUTER_BOUND('',#536,.T.);
#388=FACE_OUTER_BOUND('',#537,.T.);
#389=FACE_OUTER_BOUND('',#538,.T.);
#390=FACE_OUTER_BOUND('',#539,.T.);
#391=FACE_OUTER_BOUND('',#540,.T.);
#392=FACE_OUTER_BOUND('',#541,.T.);
#393=FACE_OUTER_BOUND('',#542,.T.);
#394=FACE_OUTER_BOUND('',#543,.T.);
#395=FACE_OUTER_BOUND('',#544,.T.);
#396=FACE_OUTER_BOUND('',#545,.T.);
#397=FACE_OUTER_BOUND('',#546,.T.);
#398=FACE_OUTER_BOUND('',#547,.T.);
#399=EDGE_LOOP('',(#1675,#1676,#1677,#1678));
#400=EDGE_LOOP('',(#1679,#1680,#1681,#1682));
#401=EDGE_LOOP('',(#1683,#1684,#1685,#1686,#1687,#1688,#1689,#1690));
#402=EDGE_LOOP('',(#1691,#1692,#1693,#1694));
#403=EDGE_LOOP('',(#1695,#1696,#1697,#1698));
#404=EDGE_LOOP('',(#1699,#1700,#1701,#1702));
#405=EDGE_LOOP('',(#1703,#1704,#1705,#1706));
#406=EDGE_LOOP('',(#1707,#1708,#1709,#1710));
#407=EDGE_LOOP('',(#1711,#1712,#1713,#1714));
#408=EDGE_LOOP('',(#1715,#1716,#1717));
#409=EDGE_LOOP('',(#1718,#1719,#1720));
#410=EDGE_LOOP('',(#1721,#1722,#1723,#1724));
#411=EDGE_LOOP('',(#1725,#1726,#1727,#1728));
#412=EDGE_LOOP('',(#1729,#1730,#1731,#1732));
#413=EDGE_LOOP('',(#1733,#1734,#1735,#1736));
#414=EDGE_LOOP('',(#1737,#1738,#1739));
#415=EDGE_LOOP('',(#1740,#1741,#1742));
#416=EDGE_LOOP('',(#1743,#1744,#1745,#1746));
#417=EDGE_LOOP('',(#1747,#1748,#1749,#1750));
#418=EDGE_LOOP('',(#1751,#1752,#1753,#1754));
#419=EDGE_LOOP('',(#1755,#1756,#1757,#1758,#1759,#1760,#1761,#1762));
#420=EDGE_LOOP('',(#1763,#1764,#1765,#1766));
#421=EDGE_LOOP('',(#1767,#1768,#1769,#1770));
#422=EDGE_LOOP('',(#1771,#1772,#1773,#1774));
#423=EDGE_LOOP('',(#1775,#1776,#1777,#1778));
#424=EDGE_LOOP('',(#1779,#1780,#1781,#1782));
#425=EDGE_LOOP('',(#1783,#1784,#1785,#1786));
#426=EDGE_LOOP('',(#1787,#1788,#1789));
#427=EDGE_LOOP('',(#1790,#1791,#1792));
#428=EDGE_LOOP('',(#1793,#1794,#1795,#1796));
#429=EDGE_LOOP('',(#1797,#1798,#1799,#1800));
#430=EDGE_LOOP('',(#1801,#1802,#1803,#1804));
#431=EDGE_LOOP('',(#1805,#1806,#1807,#1808));
#432=EDGE_LOOP('',(#1809,#1810,#1811));
#433=EDGE_LOOP('',(#1812,#1813,#1814));
#434=EDGE_LOOP('',(#1815,#1816,#1817,#1818));
#435=EDGE_LOOP('',(#1819,#1820,#1821,#1822,#1823,#1824,#1825,#1826));
#436=EDGE_LOOP('',(#1827,#1828,#1829,#1830,#1831,#1832,#1833,#1834));
#437=EDGE_LOOP('',(#1835,#1836,#1837,#1838));
#438=EDGE_LOOP('',(#1839,#1840,#1841,#1842));
#439=EDGE_LOOP('',(#1843,#1844,#1845,#1846));
#440=EDGE_LOOP('',(#1847,#1848,#1849,#1850));
#441=EDGE_LOOP('',(#1851,#1852,#1853,#1854));
#442=EDGE_LOOP('',(#1855,#1856,#1857,#1858));
#443=EDGE_LOOP('',(#1859,#1860,#1861,#1862));
#444=EDGE_LOOP('',(#1863,#1864,#1865,#1866));
#445=EDGE_LOOP('',(#1867,#1868,#1869,#1870));
#446=EDGE_LOOP('',(#1871,#1872,#1873,#1874));
#447=EDGE_LOOP('',(#1875,#1876,#1877,#1878));
#448=EDGE_LOOP('',(#1879,#1880,#1881,#1882));
#449=EDGE_LOOP('',(#1883,#1884,#1885,#1886));
#450=EDGE_LOOP('',(#1887,#1888,#1889,#1890));
#451=EDGE_LOOP('',(#1891,#1892,#1893,#1894));
#452=EDGE_LOOP('',(#1895,#1896,#1897,#1898));
#453=EDGE_LOOP('',(#1899,#1900,#1901,#1902));
#454=EDGE_LOOP('',(#1903,#1904,#1905,#1906));
#455=EDGE_LOOP('',(#1907,#1908,#1909,#1910));
#456=EDGE_LOOP('',(#1911,#1912,#1913,#1914));
#457=EDGE_LOOP('',(#1915,#1916,#1917,#1918));
#458=EDGE_LOOP('',(#1919,#1920,#1921,#1922));
#459=EDGE_LOOP('',(#1923,#1924,#1925,#1926));
#460=EDGE_LOOP('',(#1927,#1928,#1929,#1930));
#461=EDGE_LOOP('',(#1931,#1932,#1933,#1934));
#462=EDGE_LOOP('',(#1935,#1936,#1937,#1938));
#463=EDGE_LOOP('',(#1939,#1940,#1941,#1942));
#464=EDGE_LOOP('',(#1943,#1944,#1945,#1946));
#465=EDGE_LOOP('',(#1947,#1948,#1949,#1950));
#466=EDGE_LOOP('',(#1951,#1952,#1953,#1954));
#467=EDGE_LOOP('',(#1955,#1956,#1957,#1958));
#468=EDGE_LOOP('',(#1959,#1960,#1961,#1962));
#469=EDGE_LOOP('',(#1963,#1964,#1965,#1966));
#470=EDGE_LOOP('',(#1967,#1968,#1969,#1970));
#471=EDGE_LOOP('',(#1971,#1972,#1973,#1974));
#472=EDGE_LOOP('',(#1975,#1976,#1977,#1978));
#473=EDGE_LOOP('',(#1979,#1980,#1981,#1982));
#474=EDGE_LOOP('',(#1983,#1984,#1985,#1986));
#475=EDGE_LOOP('',(#1987,#1988,#1989,#1990));
#476=EDGE_LOOP('',(#1991,#1992,#1993,#1994));
#477=EDGE_LOOP('',(#1995,#1996,#1997,#1998));
#478=EDGE_LOOP('',(#1999,#2000,#2001,#2002));
#479=EDGE_LOOP('',(#2003,#2004,#2005,#2006));
#480=EDGE_LOOP('',(#2007,#2008,#2009,#2010));
#481=EDGE_LOOP('',(#2011,#2012,#2013,#2014));
#482=EDGE_LOOP('',(#2015,#2016,#2017,#2018));
#483=EDGE_LOOP('',(#2019,#2020,#2021,#2022));
#484=EDGE_LOOP('',(#2023,#2024,#2025,#2026));
#485=EDGE_LOOP('',(#2027,#2028,#2029,#2030));
#486=EDGE_LOOP('',(#2031,#2032,#2033,#2034));
#487=EDGE_LOOP('',(#2035,#2036,#2037,#2038));
#488=EDGE_LOOP('',(#2039,#2040,#2041,#2042));
#489=EDGE_LOOP('',(#2043,#2044,#2045,#2046));
#490=EDGE_LOOP('',(#2047,#2048,#2049,#2050));
#491=EDGE_LOOP('',(#2051,#2052,#2053,#2054,#2055,#2056,#2057,#2058,#2059,
#2060,#2061,#2062,#2063,#2064,#2065,#2066,#2067,#2068,#2069,#2070,#2071,
#2072,#2073,#2074,#2075,#2076,#2077,#2078,#2079,#2080,#2081,#2082,#2083,
#2084,#2085,#2086,#2087,#2088,#2089,#2090,#2091,#2092,#2093,#2094,#2095,
#2096));
#492=EDGE_LOOP('',(#2097,#2098,#2099,#2100,#2101,#2102,#2103,#2104,#2105,
#2106,#2107,#2108,#2109,#2110,#2111,#2112,#2113,#2114,#2115,#2116,#2117,
#2118,#2119,#2120,#2121,#2122,#2123,#2124,#2125,#2126,#2127,#2128,#2129,
#2130,#2131,#2132,#2133,#2134,#2135,#2136,#2137,#2138,#2139,#2140,#2141,
#2142));
#493=EDGE_LOOP('',(#2143,#2144,#2145,#2146));
#494=EDGE_LOOP('',(#2147,#2148,#2149,#2150));
#495=EDGE_LOOP('',(#2151,#2152,#2153,#2154));
#496=EDGE_LOOP('',(#2155,#2156,#2157,#2158));
#497=EDGE_LOOP('',(#2159,#2160,#2161,#2162));
#498=EDGE_LOOP('',(#2163,#2164,#2165,#2166));
#499=EDGE_LOOP('',(#2167,#2168,#2169,#2170));
#500=EDGE_LOOP('',(#2171,#2172,#2173,#2174));
#501=EDGE_LOOP('',(#2175,#2176,#2177,#2178));
#502=EDGE_LOOP('',(#2179,#2180,#2181,#2182));
#503=EDGE_LOOP('',(#2183,#2184,#2185,#2186));
#504=EDGE_LOOP('',(#2187,#2188,#2189,#2190));
#505=EDGE_LOOP('',(#2191,#2192,#2193,#2194));
#506=EDGE_LOOP('',(#2195,#2196,#2197,#2198));
#507=EDGE_LOOP('',(#2199,#2200,#2201,#2202));
#508=EDGE_LOOP('',(#2203,#2204,#2205,#2206));
#509=EDGE_LOOP('',(#2207,#2208,#2209,#2210));
#510=EDGE_LOOP('',(#2211,#2212,#2213,#2214));
#511=EDGE_LOOP('',(#2215,#2216,#2217,#2218));
#512=EDGE_LOOP('',(#2219,#2220,#2221,#2222));
#513=EDGE_LOOP('',(#2223,#2224,#2225,#2226));
#514=EDGE_LOOP('',(#2227,#2228,#2229,#2230));
#515=EDGE_LOOP('',(#2231,#2232,#2233,#2234));
#516=EDGE_LOOP('',(#2235,#2236,#2237,#2238));
#517=EDGE_LOOP('',(#2239,#2240,#2241,#2242));
#518=EDGE_LOOP('',(#2243,#2244,#2245,#2246));
#519=EDGE_LOOP('',(#2247,#2248,#2249,#2250));
#520=EDGE_LOOP('',(#2251,#2252,#2253,#2254));
#521=EDGE_LOOP('',(#2255,#2256,#2257,#2258));
#522=EDGE_LOOP('',(#2259,#2260,#2261,#2262));
#523=EDGE_LOOP('',(#2263,#2264,#2265,#2266,#2267,#2268,#2269,#2270,#2271,
#2272,#2273,#2274,#2275,#2276,#2277,#2278,#2279,#2280,#2281,#2282,#2283,
#2284,#2285,#2286,#2287,#2288,#2289,#2290,#2291,#2292));
#524=EDGE_LOOP('',(#2293,#2294,#2295,#2296,#2297,#2298,#2299,#2300,#2301,
#2302,#2303,#2304,#2305,#2306,#2307,#2308,#2309,#2310,#2311,#2312,#2313,
#2314,#2315,#2316,#2317,#2318,#2319,#2320,#2321,#2322));
#525=EDGE_LOOP('',(#2323,#2324,#2325,#2326));
#526=EDGE_LOOP('',(#2327,#2328,#2329,#2330));
#527=EDGE_LOOP('',(#2331,#2332,#2333,#2334));
#528=EDGE_LOOP('',(#2335,#2336,#2337,#2338));
#529=EDGE_LOOP('',(#2339,#2340,#2341,#2342));
#530=EDGE_LOOP('',(#2343,#2344,#2345,#2346));
#531=EDGE_LOOP('',(#2347,#2348,#2349,#2350));
#532=EDGE_LOOP('',(#2351,#2352,#2353,#2354));
#533=EDGE_LOOP('',(#2355,#2356,#2357,#2358));
#534=EDGE_LOOP('',(#2359,#2360,#2361,#2362));
#535=EDGE_LOOP('',(#2363,#2364,#2365,#2366));
#536=EDGE_LOOP('',(#2367,#2368,#2369,#2370));
#537=EDGE_LOOP('',(#2371,#2372,#2373,#2374));
#538=EDGE_LOOP('',(#2375,#2376,#2377,#2378));
#539=EDGE_LOOP('',(#2379,#2380,#2381,#2382));
#540=EDGE_LOOP('',(#2383,#2384,#2385,#2386));
#541=EDGE_LOOP('',(#2387,#2388,#2389,#2390));
#542=EDGE_LOOP('',(#2391,#2392,#2393,#2394));
#543=EDGE_LOOP('',(#2395,#2396,#2397,#2398));
#544=EDGE_LOOP('',(#2399,#2400,#2401,#2402));
#545=EDGE_LOOP('',(#2403,#2404,#2405,#2406));
#546=EDGE_LOOP('',(#2407,#2408,#2409,#2410,#2411,#2412,#2413,#2414,#2415,
#2416,#2417,#2418,#2419,#2420,#2421,#2422,#2423,#2424,#2425,#2426,#2427));
#547=EDGE_LOOP('',(#2428,#2429,#2430,#2431,#2432,#2433,#2434,#2435,#2436,
#2437,#2438,#2439,#2440,#2441,#2442,#2443,#2444,#2445,#2446,#2447,#2448));
#548=LINE('',#3591,#793);
#549=LINE('',#3593,#794);
#550=LINE('',#3595,#795);
#551=LINE('',#3596,#796);
#552=LINE('',#3600,#797);
#553=LINE('',#3602,#798);
#554=LINE('',#3604,#799);
#555=LINE('',#3605,#800);
#556=LINE('',#3609,#801);
#557=LINE('',#3613,#802);
#558=LINE('',#3617,#803);
#559=LINE('',#3622,#804);
#560=LINE('',#3624,#805);
#561=LINE('',#3625,#806);
#562=LINE('',#3628,#807);
#563=LINE('',#3630,#808);
#564=LINE('',#3631,#809);
#565=LINE('',#3635,#810);
#566=LINE('',#3636,#811);
#567=LINE('',#3637,#812);
#568=LINE('',#3665,#813);
#569=LINE('',#3667,#814);
#570=LINE('',#3669,#815);
#571=LINE('',#3670,#816);
#572=LINE('',#3674,#817);
#573=LINE('',#3676,#818);
#574=LINE('',#3678,#819);
#575=LINE('',#3679,#820);
#576=LINE('',#3683,#821);
#577=LINE('',#3688,#822);
#578=LINE('',#3692,#823);
#579=LINE('',#3696,#824);
#580=LINE('',#3698,#825);
#581=LINE('',#3699,#826);
#582=LINE('',#3702,#827);
#583=LINE('',#3704,#828);
#584=LINE('',#3705,#829);
#585=LINE('',#3709,#830);
#586=LINE('',#3710,#831);
#587=LINE('',#3711,#832);
#588=LINE('',#3741,#833);
#589=LINE('',#3745,#834);
#590=LINE('',#3749,#835);
#591=LINE('',#3752,#836);
#592=LINE('',#3758,#837);
#593=LINE('',#3762,#838);
#594=LINE('',#3766,#839);
#595=LINE('',#3769,#840);
#596=LINE('',#3771,#841);
#597=LINE('',#3772,#842);
#598=LINE('',#3774,#843);
#599=LINE('',#3776,#844);
#600=LINE('',#3778,#845);
#601=LINE('',#3780,#846);
#602=LINE('',#3782,#847);
#603=LINE('',#3784,#848);
#604=LINE('',#3797,#849);
#605=LINE('',#3804,#850);
#606=LINE('',#3811,#851);
#607=LINE('',#3813,#852);
#608=LINE('',#3814,#853);
#609=LINE('',#3817,#854);
#610=LINE('',#3819,#855);
#611=LINE('',#3820,#856);
#612=LINE('',#3823,#857);
#613=LINE('',#3825,#858);
#614=LINE('',#3826,#859);
#615=LINE('',#3841,#860);
#616=LINE('',#3848,#861);
#617=LINE('',#3850,#862);
#618=LINE('',#3851,#863);
#619=LINE('',#3854,#864);
#620=LINE('',#3856,#865);
#621=LINE('',#3857,#866);
#622=LINE('',#3872,#867);
#623=LINE('',#3891,#868);
#624=LINE('',#3910,#869);
#625=LINE('',#3929,#870);
#626=LINE('',#3948,#871);
#627=LINE('',#3967,#872);
#628=LINE('',#3974,#873);
#629=LINE('',#3976,#874);
#630=LINE('',#3977,#875);
#631=LINE('',#3980,#876);
#632=LINE('',#3982,#877);
#633=LINE('',#3983,#878);
#634=LINE('',#3986,#879);
#635=LINE('',#3988,#880);
#636=LINE('',#3989,#881);
#637=LINE('',#4004,#882);
#638=LINE('',#4023,#883);
#639=LINE('',#4030,#884);
#640=LINE('',#4032,#885);
#641=LINE('',#4033,#886);
#642=LINE('',#4036,#887);
#643=LINE('',#4038,#888);
#644=LINE('',#4039,#889);
#645=LINE('',#4042,#890);
#646=LINE('',#4044,#891);
#647=LINE('',#4045,#892);
#648=LINE('',#4048,#893);
#649=LINE('',#4050,#894);
#650=LINE('',#4051,#895);
#651=LINE('',#4066,#896);
#652=LINE('',#4085,#897);
#653=LINE('',#4104,#898);
#654=LINE('',#4123,#899);
#655=LINE('',#4142,#900);
#656=LINE('',#4149,#901);
#657=LINE('',#4151,#902);
#658=LINE('',#4152,#903);
#659=LINE('',#4155,#904);
#660=LINE('',#4157,#905);
#661=LINE('',#4158,#906);
#662=LINE('',#4173,#907);
#663=LINE('',#4192,#908);
#664=LINE('',#4199,#909);
#665=LINE('',#4201,#910);
#666=LINE('',#4202,#911);
#667=LINE('',#4205,#912);
#668=LINE('',#4207,#913);
#669=LINE('',#4208,#914);
#670=LINE('',#4223,#915);
#671=LINE('',#4242,#916);
#672=LINE('',#4261,#917);
#673=LINE('',#4280,#918);
#674=LINE('',#4287,#919);
#675=LINE('',#4289,#920);
#676=LINE('',#4290,#921);
#677=LINE('',#4293,#922);
#678=LINE('',#4295,#923);
#679=LINE('',#4296,#924);
#680=LINE('',#4299,#925);
#681=LINE('',#4301,#926);
#682=LINE('',#4302,#927);
#683=LINE('',#4317,#928);
#684=LINE('',#4336,#929);
#685=LINE('',#4355,#930);
#686=LINE('',#4362,#931);
#687=LINE('',#4364,#932);
#688=LINE('',#4365,#933);
#689=LINE('',#4368,#934);
#690=LINE('',#4370,#935);
#691=LINE('',#4371,#936);
#692=LINE('',#4373,#937);
#693=LINE('',#4374,#938);
#694=LINE('',#4387,#939);
#695=LINE('',#4394,#940);
#696=LINE('',#4413,#941);
#697=LINE('',#4432,#942);
#698=LINE('',#4451,#943);
#699=LINE('',#4458,#944);
#700=LINE('',#4460,#945);
#701=LINE('',#4461,#946);
#702=LINE('',#4464,#947);
#703=LINE('',#4466,#948);
#704=LINE('',#4467,#949);
#705=LINE('',#4470,#950);
#706=LINE('',#4472,#951);
#707=LINE('',#4473,#952);
#708=LINE('',#4488,#953);
#709=LINE('',#4495,#954);
#710=LINE('',#4497,#955);
#711=LINE('',#4498,#956);
#712=LINE('',#4501,#957);
#713=LINE('',#4503,#958);
#714=LINE('',#4504,#959);
#715=LINE('',#4519,#960);
#716=LINE('',#4538,#961);
#717=LINE('',#4557,#962);
#718=LINE('',#4576,#963);
#719=LINE('',#4583,#964);
#720=LINE('',#4585,#965);
#721=LINE('',#4586,#966);
#722=LINE('',#4589,#967);
#723=LINE('',#4591,#968);
#724=LINE('',#4592,#969);
#725=LINE('',#4595,#970);
#726=LINE('',#4597,#971);
#727=LINE('',#4598,#972);
#728=LINE('',#4601,#973);
#729=LINE('',#4603,#974);
#730=LINE('',#4604,#975);
#731=LINE('',#4619,#976);
#732=LINE('',#4638,#977);
#733=LINE('',#4645,#978);
#734=LINE('',#4647,#979);
#735=LINE('',#4648,#980);
#736=LINE('',#4651,#981);
#737=LINE('',#4653,#982);
#738=LINE('',#4654,#983);
#739=LINE('',#4657,#984);
#740=LINE('',#4659,#985);
#741=LINE('',#4660,#986);
#742=LINE('',#4675,#987);
#743=LINE('',#4694,#988);
#744=LINE('',#4713,#989);
#745=LINE('',#4732,#990);
#746=LINE('',#4739,#991);
#747=LINE('',#4741,#992);
#748=LINE('',#4742,#993);
#749=LINE('',#4745,#994);
#750=LINE('',#4747,#995);
#751=LINE('',#4748,#996);
#752=LINE('',#4750,#997);
#753=LINE('',#4751,#998);
#754=LINE('',#4764,#999);
#755=LINE('',#4771,#1000);
#756=LINE('',#4778,#1001);
#757=LINE('',#4780,#1002);
#758=LINE('',#4781,#1003);
#759=LINE('',#4784,#1004);
#760=LINE('',#4786,#1005);
#761=LINE('',#4787,#1006);
#762=LINE('',#4802,#1007);
#763=LINE('',#4821,#1008);
#764=LINE('',#4840,#1009);
#765=LINE('',#4859,#1010);
#766=LINE('',#4866,#1011);
#767=LINE('',#4868,#1012);
#768=LINE('',#4869,#1013);
#769=LINE('',#4872,#1014);
#770=LINE('',#4874,#1015);
#771=LINE('',#4875,#1016);
#772=LINE('',#4878,#1017);
#773=LINE('',#4880,#1018);
#774=LINE('',#4881,#1019);
#775=LINE('',#4896,#1020);
#776=LINE('',#4915,#1021);
#777=LINE('',#4934,#1022);
#778=LINE('',#4953,#1023);
#779=LINE('',#4960,#1024);
#780=LINE('',#4962,#1025);
#781=LINE('',#4963,#1026);
#782=LINE('',#4966,#1027);
#783=LINE('',#4968,#1028);
#784=LINE('',#4969,#1029);
#785=LINE('',#4984,#1030);
#786=LINE('',#5003,#1031);
#787=LINE('',#5010,#1032);
#788=LINE('',#5012,#1033);
#789=LINE('',#5013,#1034);
#790=LINE('',#5016,#1035);
#791=LINE('',#5018,#1036);
#792=LINE('',#5019,#1037);
#793=VECTOR('',#3061,1000.);
#794=VECTOR('',#3062,1000.);
#795=VECTOR('',#3063,1000.);
#796=VECTOR('',#3064,1000.);
#797=VECTOR('',#3067,1000.);
#798=VECTOR('',#3068,1000.);
#799=VECTOR('',#3069,1000.);
#800=VECTOR('',#3070,1000.);
#801=VECTOR('',#3073,1000.);
#802=VECTOR('',#3076,1000.);
#803=VECTOR('',#3079,1000.);
#804=VECTOR('',#3086,1000.);
#805=VECTOR('',#3087,1000.);
#806=VECTOR('',#3088,1000.);
#807=VECTOR('',#3091,1000.);
#808=VECTOR('',#3092,1000.);
#809=VECTOR('',#3093,1000.);
#810=VECTOR('',#3096,1000.);
#811=VECTOR('',#3097,1000.);
#812=VECTOR('',#3098,1000.);
#813=VECTOR('',#3149,1000.);
#814=VECTOR('',#3150,1000.);
#815=VECTOR('',#3151,1000.);
#816=VECTOR('',#3152,1000.);
#817=VECTOR('',#3155,1000.);
#818=VECTOR('',#3156,1000.);
#819=VECTOR('',#3157,1000.);
#820=VECTOR('',#3158,1000.);
#821=VECTOR('',#3161,1000.);
#822=VECTOR('',#3166,1000.);
#823=VECTOR('',#3169,1000.);
#824=VECTOR('',#3174,1000.);
#825=VECTOR('',#3175,1000.);
#826=VECTOR('',#3176,1000.);
#827=VECTOR('',#3179,1000.);
#828=VECTOR('',#3180,1000.);
#829=VECTOR('',#3181,1000.);
#830=VECTOR('',#3184,1000.);
#831=VECTOR('',#3185,1000.);
#832=VECTOR('',#3186,1000.);
#833=VECTOR('',#3239,1000.);
#834=VECTOR('',#3242,1000.);
#835=VECTOR('',#3245,1000.);
#836=VECTOR('',#3248,1000.);
#837=VECTOR('',#3253,1000.);
#838=VECTOR('',#3256,1000.);
#839=VECTOR('',#3259,1000.);
#840=VECTOR('',#3262,1000.);
#841=VECTOR('',#3265,1000.);
#842=VECTOR('',#3266,1000.);
#843=VECTOR('',#3269,1000.);
#844=VECTOR('',#3272,1000.);
#845=VECTOR('',#3275,1000.);
#846=VECTOR('',#3278,1000.);
#847=VECTOR('',#3281,1000.);
#848=VECTOR('',#3284,1000.);
#849=VECTOR('',#3289,2.);
#850=VECTOR('',#3290,2.);
#851=VECTOR('',#3293,2.);
#852=VECTOR('',#3294,2.);
#853=VECTOR('',#3295,2.);
#854=VECTOR('',#3298,2.);
#855=VECTOR('',#3299,2.);
#856=VECTOR('',#3300,2.);
#857=VECTOR('',#3303,2.);
#858=VECTOR('',#3304,2.);
#859=VECTOR('',#3305,2.);
#860=VECTOR('',#3306,2.);
#861=VECTOR('',#3309,2.);
#862=VECTOR('',#3310,2.);
#863=VECTOR('',#3311,2.);
#864=VECTOR('',#3314,2.);
#865=VECTOR('',#3315,2.);
#866=VECTOR('',#3316,2.);
#867=VECTOR('',#3317,2.);
#868=VECTOR('',#3318,2.);
#869=VECTOR('',#3319,2.);
#870=VECTOR('',#3320,2.);
#871=VECTOR('',#3321,2.);
#872=VECTOR('',#3322,2.);
#873=VECTOR('',#3325,2.);
#874=VECTOR('',#3326,2.);
#875=VECTOR('',#3327,2.);
#876=VECTOR('',#3330,2.);
#877=VECTOR('',#3331,2.);
#878=VECTOR('',#3332,2.);
#879=VECTOR('',#3335,2.);
#880=VECTOR('',#3336,2.);
#881=VECTOR('',#3337,2.);
#882=VECTOR('',#3338,2.);
#883=VECTOR('',#3339,2.);
#884=VECTOR('',#3342,2.);
#885=VECTOR('',#3343,2.);
#886=VECTOR('',#3344,2.);
#887=VECTOR('',#3347,2.);
#888=VECTOR('',#3348,2.);
#889=VECTOR('',#3349,2.);
#890=VECTOR('',#3352,2.);
#891=VECTOR('',#3353,2.);
#892=VECTOR('',#3354,2.);
#893=VECTOR('',#3357,2.);
#894=VECTOR('',#3358,2.);
#895=VECTOR('',#3359,2.);
#896=VECTOR('',#3360,2.);
#897=VECTOR('',#3361,2.);
#898=VECTOR('',#3362,2.);
#899=VECTOR('',#3363,2.);
#900=VECTOR('',#3364,2.);
#901=VECTOR('',#3367,2.);
#902=VECTOR('',#3368,2.);
#903=VECTOR('',#3369,2.);
#904=VECTOR('',#3372,2.);
#905=VECTOR('',#3373,2.);
#906=VECTOR('',#3374,2.);
#907=VECTOR('',#3375,2.);
#908=VECTOR('',#3376,2.);
#909=VECTOR('',#3379,2.);
#910=VECTOR('',#3380,2.);
#911=VECTOR('',#3381,2.);
#912=VECTOR('',#3384,2.);
#913=VECTOR('',#3385,2.);
#914=VECTOR('',#3386,2.);
#915=VECTOR('',#3387,2.);
#916=VECTOR('',#3388,2.);
#917=VECTOR('',#3389,2.);
#918=VECTOR('',#3390,2.);
#919=VECTOR('',#3393,2.);
#920=VECTOR('',#3394,2.);
#921=VECTOR('',#3395,2.);
#922=VECTOR('',#3398,2.);
#923=VECTOR('',#3399,2.);
#924=VECTOR('',#3400,2.);
#925=VECTOR('',#3403,2.);
#926=VECTOR('',#3404,2.);
#927=VECTOR('',#3405,2.);
#928=VECTOR('',#3406,2.);
#929=VECTOR('',#3407,2.);
#930=VECTOR('',#3408,2.);
#931=VECTOR('',#3411,2.);
#932=VECTOR('',#3412,2.);
#933=VECTOR('',#3413,2.);
#934=VECTOR('',#3416,2.);
#935=VECTOR('',#3417,2.);
#936=VECTOR('',#3418,2.);
#937=VECTOR('',#3421,2.);
#938=VECTOR('',#3422,2.);
#939=VECTOR('',#3427,2.);
#940=VECTOR('',#3428,2.);
#941=VECTOR('',#3429,2.);
#942=VECTOR('',#3430,2.);
#943=VECTOR('',#3431,2.);
#944=VECTOR('',#3434,2.);
#945=VECTOR('',#3435,2.);
#946=VECTOR('',#3436,2.);
#947=VECTOR('',#3439,2.);
#948=VECTOR('',#3440,2.);
#949=VECTOR('',#3441,2.);
#950=VECTOR('',#3444,2.);
#951=VECTOR('',#3445,2.);
#952=VECTOR('',#3446,2.);
#953=VECTOR('',#3447,2.);
#954=VECTOR('',#3450,2.);
#955=VECTOR('',#3451,2.);
#956=VECTOR('',#3452,2.);
#957=VECTOR('',#3455,2.);
#958=VECTOR('',#3456,2.);
#959=VECTOR('',#3457,2.);
#960=VECTOR('',#3458,2.);
#961=VECTOR('',#3459,2.);
#962=VECTOR('',#3460,2.);
#963=VECTOR('',#3461,2.);
#964=VECTOR('',#3464,2.);
#965=VECTOR('',#3465,2.);
#966=VECTOR('',#3466,2.);
#967=VECTOR('',#3469,2.);
#968=VECTOR('',#3470,2.);
#969=VECTOR('',#3471,2.);
#970=VECTOR('',#3474,2.);
#971=VECTOR('',#3475,2.);
#972=VECTOR('',#3476,2.);
#973=VECTOR('',#3479,2.);
#974=VECTOR('',#3480,2.);
#975=VECTOR('',#3481,2.);
#976=VECTOR('',#3482,2.);
#977=VECTOR('',#3483,2.);
#978=VECTOR('',#3486,2.);
#979=VECTOR('',#3487,2.);
#980=VECTOR('',#3488,2.);
#981=VECTOR('',#3491,2.);
#982=VECTOR('',#3492,2.);
#983=VECTOR('',#3493,2.);
#984=VECTOR('',#3496,2.);
#985=VECTOR('',#3497,2.);
#986=VECTOR('',#3498,2.);
#987=VECTOR('',#3499,2.);
#988=VECTOR('',#3500,2.);
#989=VECTOR('',#3501,2.);
#990=VECTOR('',#3502,2.);
#991=VECTOR('',#3505,2.);
#992=VECTOR('',#3506,2.);
#993=VECTOR('',#3507,2.);
#994=VECTOR('',#3510,2.);
#995=VECTOR('',#3511,2.);
#996=VECTOR('',#3512,2.);
#997=VECTOR('',#3515,2.);
#998=VECTOR('',#3516,2.);
#999=VECTOR('',#3521,2.);
#1000=VECTOR('',#3522,2.);
#1001=VECTOR('',#3525,2.);
#1002=VECTOR('',#3526,2.);
#1003=VECTOR('',#3527,2.);
#1004=VECTOR('',#3530,2.);
#1005=VECTOR('',#3531,2.);
#1006=VECTOR('',#3532,2.);
#1007=VECTOR('',#3533,2.);
#1008=VECTOR('',#3534,2.);
#1009=VECTOR('',#3535,2.);
#1010=VECTOR('',#3536,2.);
#1011=VECTOR('',#3539,2.);
#1012=VECTOR('',#3540,2.);
#1013=VECTOR('',#3541,2.);
#1014=VECTOR('',#3544,2.);
#1015=VECTOR('',#3545,2.);
#1016=VECTOR('',#3546,2.);
#1017=VECTOR('',#3549,2.);
#1018=VECTOR('',#3550,2.);
#1019=VECTOR('',#3551,2.);
#1020=VECTOR('',#3552,2.);
#1021=VECTOR('',#3553,2.);
#1022=VECTOR('',#3554,2.);
#1023=VECTOR('',#3555,2.);
#1024=VECTOR('',#3558,2.);
#1025=VECTOR('',#3559,2.);
#1026=VECTOR('',#3560,2.);
#1027=VECTOR('',#3563,2.);
#1028=VECTOR('',#3564,2.);
#1029=VECTOR('',#3565,2.);
#1030=VECTOR('',#3566,2.);
#1031=VECTOR('',#3567,2.);
#1032=VECTOR('',#3570,2.);
#1033=VECTOR('',#3571,2.);
#1034=VECTOR('',#3572,2.);
#1035=VECTOR('',#3575,2.);
#1036=VECTOR('',#3576,2.);
#1037=VECTOR('',#3577,2.);
#1038=VERTEX_POINT('',#3589);
#1039=VERTEX_POINT('',#3590);
#1040=VERTEX_POINT('',#3592);
#1041=VERTEX_POINT('',#3594);
#1042=VERTEX_POINT('',#3598);
#1043=VERTEX_POINT('',#3599);
#1044=VERTEX_POINT('',#3601);
#1045=VERTEX_POINT('',#3603);
#1046=VERTEX_POINT('',#3607);
#1047=VERTEX_POINT('',#3608);
#1048=VERTEX_POINT('',#3610);
#1049=VERTEX_POINT('',#3612);
#1050=VERTEX_POINT('',#3614);
#1051=VERTEX_POINT('',#3616);
#1052=VERTEX_POINT('',#3621);
#1053=VERTEX_POINT('',#3623);
#1054=VERTEX_POINT('',#3627);
#1055=VERTEX_POINT('',#3629);
#1056=VERTEX_POINT('',#3633);
#1057=VERTEX_POINT('',#3634);
#1058=VERTEX_POINT('',#3663);
#1059=VERTEX_POINT('',#3664);
#1060=VERTEX_POINT('',#3666);
#1061=VERTEX_POINT('',#3668);
#1062=VERTEX_POINT('',#3672);
#1063=VERTEX_POINT('',#3673);
#1064=VERTEX_POINT('',#3675);
#1065=VERTEX_POINT('',#3677);
#1066=VERTEX_POINT('',#3681);
#1067=VERTEX_POINT('',#3682);
#1068=VERTEX_POINT('',#3685);
#1069=VERTEX_POINT('',#3687);
#1070=VERTEX_POINT('',#3689);
#1071=VERTEX_POINT('',#3691);
#1072=VERTEX_POINT('',#3695);
#1073=VERTEX_POINT('',#3697);
#1074=VERTEX_POINT('',#3701);
#1075=VERTEX_POINT('',#3703);
#1076=VERTEX_POINT('',#3707);
#1077=VERTEX_POINT('',#3708);
#1078=VERTEX_POINT('',#3737);
#1079=VERTEX_POINT('',#3738);
#1080=VERTEX_POINT('',#3740);
#1081=VERTEX_POINT('',#3742);
#1082=VERTEX_POINT('',#3744);
#1083=VERTEX_POINT('',#3746);
#1084=VERTEX_POINT('',#3748);
#1085=VERTEX_POINT('',#3750);
#1086=VERTEX_POINT('',#3754);
#1087=VERTEX_POINT('',#3755);
#1088=VERTEX_POINT('',#3757);
#1089=VERTEX_POINT('',#3759);
#1090=VERTEX_POINT('',#3761);
#1091=VERTEX_POINT('',#3763);
#1092=VERTEX_POINT('',#3765);
#1093=VERTEX_POINT('',#3767);
#1094=VERTEX_POINT('',#3795);
#1095=VERTEX_POINT('',#3796);
#1096=VERTEX_POINT('',#3798);
#1097=VERTEX_POINT('',#3803);
#1098=VERTEX_POINT('',#3810);
#1099=VERTEX_POINT('',#3812);
#1100=VERTEX_POINT('',#3816);
#1101=VERTEX_POINT('',#3818);
#1102=VERTEX_POINT('',#3822);
#1103=VERTEX_POINT('',#3824);
#1104=VERTEX_POINT('',#3835);
#1105=VERTEX_POINT('',#3840);
#1106=VERTEX_POINT('',#3847);
#1107=VERTEX_POINT('',#3849);
#1108=VERTEX_POINT('',#3853);
#1109=VERTEX_POINT('',#3855);
#1110=VERTEX_POINT('',#3866);
#1111=VERTEX_POINT('',#3871);
#1112=VERTEX_POINT('',#3885);
#1113=VERTEX_POINT('',#3890);
#1114=VERTEX_POINT('',#3904);
#1115=VERTEX_POINT('',#3909);
#1116=VERTEX_POINT('',#3923);
#1117=VERTEX_POINT('',#3928);
#1118=VERTEX_POINT('',#3942);
#1119=VERTEX_POINT('',#3947);
#1120=VERTEX_POINT('',#3961);
#1121=VERTEX_POINT('',#3966);
#1122=VERTEX_POINT('',#3973);
#1123=VERTEX_POINT('',#3975);
#1124=VERTEX_POINT('',#3979);
#1125=VERTEX_POINT('',#3981);
#1126=VERTEX_POINT('',#3985);
#1127=VERTEX_POINT('',#3987);
#1128=VERTEX_POINT('',#3998);
#1129=VERTEX_POINT('',#4003);
#1130=VERTEX_POINT('',#4017);
#1131=VERTEX_POINT('',#4022);
#1132=VERTEX_POINT('',#4029);
#1133=VERTEX_POINT('',#4031);
#1134=VERTEX_POINT('',#4035);
#1135=VERTEX_POINT('',#4037);
#1136=VERTEX_POINT('',#4041);
#1137=VERTEX_POINT('',#4043);
#1138=VERTEX_POINT('',#4047);
#1139=VERTEX_POINT('',#4049);
#1140=VERTEX_POINT('',#4060);
#1141=VERTEX_POINT('',#4065);
#1142=VERTEX_POINT('',#4079);
#1143=VERTEX_POINT('',#4084);
#1144=VERTEX_POINT('',#4098);
#1145=VERTEX_POINT('',#4103);
#1146=VERTEX_POINT('',#4117);
#1147=VERTEX_POINT('',#4122);
#1148=VERTEX_POINT('',#4136);
#1149=VERTEX_POINT('',#4141);
#1150=VERTEX_POINT('',#4148);
#1151=VERTEX_POINT('',#4150);
#1152=VERTEX_POINT('',#4154);
#1153=VERTEX_POINT('',#4156);
#1154=VERTEX_POINT('',#4167);
#1155=VERTEX_POINT('',#4172);
#1156=VERTEX_POINT('',#4186);
#1157=VERTEX_POINT('',#4191);
#1158=VERTEX_POINT('',#4198);
#1159=VERTEX_POINT('',#4200);
#1160=VERTEX_POINT('',#4204);
#1161=VERTEX_POINT('',#4206);
#1162=VERTEX_POINT('',#4217);
#1163=VERTEX_POINT('',#4222);
#1164=VERTEX_POINT('',#4236);
#1165=VERTEX_POINT('',#4241);
#1166=VERTEX_POINT('',#4255);
#1167=VERTEX_POINT('',#4260);
#1168=VERTEX_POINT('',#4274);
#1169=VERTEX_POINT('',#4279);
#1170=VERTEX_POINT('',#4286);
#1171=VERTEX_POINT('',#4288);
#1172=VERTEX_POINT('',#4292);
#1173=VERTEX_POINT('',#4294);
#1174=VERTEX_POINT('',#4298);
#1175=VERTEX_POINT('',#4300);
#1176=VERTEX_POINT('',#4311);
#1177=VERTEX_POINT('',#4316);
#1178=VERTEX_POINT('',#4330);
#1179=VERTEX_POINT('',#4335);
#1180=VERTEX_POINT('',#4349);
#1181=VERTEX_POINT('',#4354);
#1182=VERTEX_POINT('',#4361);
#1183=VERTEX_POINT('',#4363);
#1184=VERTEX_POINT('',#4367);
#1185=VERTEX_POINT('',#4369);
#1186=VERTEX_POINT('',#4385);
#1187=VERTEX_POINT('',#4386);
#1188=VERTEX_POINT('',#4388);
#1189=VERTEX_POINT('',#4393);
#1190=VERTEX_POINT('',#4407);
#1191=VERTEX_POINT('',#4412);
#1192=VERTEX_POINT('',#4426);
#1193=VERTEX_POINT('',#4431);
#1194=VERTEX_POINT('',#4445);
#1195=VERTEX_POINT('',#4450);
#1196=VERTEX_POINT('',#4457);
#1197=VERTEX_POINT('',#4459);
#1198=VERTEX_POINT('',#4463);
#1199=VERTEX_POINT('',#4465);
#1200=VERTEX_POINT('',#4469);
#1201=VERTEX_POINT('',#4471);
#1202=VERTEX_POINT('',#4482);
#1203=VERTEX_POINT('',#4487);
#1204=VERTEX_POINT('',#4494);
#1205=VERTEX_POINT('',#4496);
#1206=VERTEX_POINT('',#4500);
#1207=VERTEX_POINT('',#4502);
#1208=VERTEX_POINT('',#4513);
#1209=VERTEX_POINT('',#4518);
#1210=VERTEX_POINT('',#4532);
#1211=VERTEX_POINT('',#4537);
#1212=VERTEX_POINT('',#4551);
#1213=VERTEX_POINT('',#4556);
#1214=VERTEX_POINT('',#4570);
#1215=VERTEX_POINT('',#4575);
#1216=VERTEX_POINT('',#4582);
#1217=VERTEX_POINT('',#4584);
#1218=VERTEX_POINT('',#4588);
#1219=VERTEX_POINT('',#4590);
#1220=VERTEX_POINT('',#4594);
#1221=VERTEX_POINT('',#4596);
#1222=VERTEX_POINT('',#4600);
#1223=VERTEX_POINT('',#4602);
#1224=VERTEX_POINT('',#4613);
#1225=VERTEX_POINT('',#4618);
#1226=VERTEX_POINT('',#4632);
#1227=VERTEX_POINT('',#4637);
#1228=VERTEX_POINT('',#4644);
#1229=VERTEX_POINT('',#4646);
#1230=VERTEX_POINT('',#4650);
#1231=VERTEX_POINT('',#4652);
#1232=VERTEX_POINT('',#4656);
#1233=VERTEX_POINT('',#4658);
#1234=VERTEX_POINT('',#4669);
#1235=VERTEX_POINT('',#4674);
#1236=VERTEX_POINT('',#4688);
#1237=VERTEX_POINT('',#4693);
#1238=VERTEX_POINT('',#4707);
#1239=VERTEX_POINT('',#4712);
#1240=VERTEX_POINT('',#4726);
#1241=VERTEX_POINT('',#4731);
#1242=VERTEX_POINT('',#4738);
#1243=VERTEX_POINT('',#4740);
#1244=VERTEX_POINT('',#4744);
#1245=VERTEX_POINT('',#4746);
#1246=VERTEX_POINT('',#4762);
#1247=VERTEX_POINT('',#4763);
#1248=VERTEX_POINT('',#4765);
#1249=VERTEX_POINT('',#4770);
#1250=VERTEX_POINT('',#4777);
#1251=VERTEX_POINT('',#4779);
#1252=VERTEX_POINT('',#4783);
#1253=VERTEX_POINT('',#4785);
#1254=VERTEX_POINT('',#4796);
#1255=VERTEX_POINT('',#4801);
#1256=VERTEX_POINT('',#4815);
#1257=VERTEX_POINT('',#4820);
#1258=VERTEX_POINT('',#4834);
#1259=VERTEX_POINT('',#4839);
#1260=VERTEX_POINT('',#4853);
#1261=VERTEX_POINT('',#4858);
#1262=VERTEX_POINT('',#4865);
#1263=VERTEX_POINT('',#4867);
#1264=VERTEX_POINT('',#4871);
#1265=VERTEX_POINT('',#4873);
#1266=VERTEX_POINT('',#4877);
#1267=VERTEX_POINT('',#4879);
#1268=VERTEX_POINT('',#4890);
#1269=VERTEX_POINT('',#4895);
#1270=VERTEX_POINT('',#4909);
#1271=VERTEX_POINT('',#4914);
#1272=VERTEX_POINT('',#4928);
#1273=VERTEX_POINT('',#4933);
#1274=VERTEX_POINT('',#4947);
#1275=VERTEX_POINT('',#4952);
#1276=VERTEX_POINT('',#4959);
#1277=VERTEX_POINT('',#4961);
#1278=VERTEX_POINT('',#4965);
#1279=VERTEX_POINT('',#4967);
#1280=VERTEX_POINT('',#4978);
#1281=VERTEX_POINT('',#4983);
#1282=VERTEX_POINT('',#4997);
#1283=VERTEX_POINT('',#5002);
#1284=VERTEX_POINT('',#5009);
#1285=VERTEX_POINT('',#5011);
#1286=VERTEX_POINT('',#5015);
#1287=VERTEX_POINT('',#5017);
#1288=EDGE_CURVE('',#1038,#1039,#548,.T.);
#1289=EDGE_CURVE('',#1039,#1040,#549,.T.);
#1290=EDGE_CURVE('',#1040,#1041,#550,.T.);
#1291=EDGE_CURVE('',#1041,#1038,#551,.T.);
#1292=EDGE_CURVE('',#1042,#1043,#552,.T.);
#1293=EDGE_CURVE('',#1043,#1044,#553,.T.);
#1294=EDGE_CURVE('',#1045,#1044,#554,.T.);
#1295=EDGE_CURVE('',#1045,#1042,#555,.T.);
#1296=EDGE_CURVE('',#1046,#1047,#556,.T.);
#1297=EDGE_CURVE('',#1047,#1048,#210,.T.);
#1298=EDGE_CURVE('',#1049,#1048,#557,.T.);
#1299=EDGE_CURVE('',#1049,#1050,#211,.T.);
#1300=EDGE_CURVE('',#1051,#1050,#558,.T.);
#1301=EDGE_CURVE('',#1051,#1045,#212,.T.);
#1302=EDGE_CURVE('',#1044,#1046,#213,.T.);
#1303=EDGE_CURVE('',#1048,#1052,#559,.T.);
#1304=EDGE_CURVE('',#1052,#1053,#560,.T.);
#1305=EDGE_CURVE('',#1053,#1049,#561,.T.);
#1306=EDGE_CURVE('',#1050,#1054,#562,.T.);
#1307=EDGE_CURVE('',#1054,#1055,#563,.T.);
#1308=EDGE_CURVE('',#1055,#1051,#564,.T.);
#1309=EDGE_CURVE('',#1056,#1057,#565,.T.);
#1310=EDGE_CURVE('',#1057,#1047,#566,.T.);
#1311=EDGE_CURVE('',#1046,#1056,#567,.T.);
#1312=EDGE_CURVE('',#1042,#1055,#214,.T.);
#1313=EDGE_CURVE('',#1043,#1041,#215,.T.);
#1314=EDGE_CURVE('',#1038,#1042,#216,.T.);
#1315=EDGE_CURVE('',#1056,#1043,#217,.T.);
#1316=EDGE_CURVE('',#1038,#1055,#218,.T.);
#1317=EDGE_CURVE('',#1056,#1041,#219,.T.);
#1318=EDGE_CURVE('',#1054,#1053,#220,.T.);
#1319=EDGE_CURVE('',#1039,#1054,#221,.T.);
#1320=EDGE_CURVE('',#1057,#1040,#222,.T.);
#1321=EDGE_CURVE('',#1052,#1057,#223,.T.);
#1322=EDGE_CURVE('',#1039,#1053,#224,.T.);
#1323=EDGE_CURVE('',#1052,#1040,#225,.T.);
#1324=EDGE_CURVE('',#1058,#1059,#568,.T.);
#1325=EDGE_CURVE('',#1060,#1058,#569,.T.);
#1326=EDGE_CURVE('',#1061,#1060,#570,.T.);
#1327=EDGE_CURVE('',#1059,#1061,#571,.T.);
#1328=EDGE_CURVE('',#1062,#1063,#572,.T.);
#1329=EDGE_CURVE('',#1064,#1062,#573,.T.);
#1330=EDGE_CURVE('',#1064,#1065,#574,.T.);
#1331=EDGE_CURVE('',#1063,#1065,#575,.T.);
#1332=EDGE_CURVE('',#1066,#1067,#576,.T.);
#1333=EDGE_CURVE('',#1065,#1066,#226,.T.);
#1334=EDGE_CURVE('',#1068,#1064,#227,.T.);
#1335=EDGE_CURVE('',#1068,#1069,#577,.T.);
#1336=EDGE_CURVE('',#1070,#1069,#228,.T.);
#1337=EDGE_CURVE('',#1070,#1071,#578,.T.);
#1338=EDGE_CURVE('',#1067,#1071,#229,.T.);
#1339=EDGE_CURVE('',#1072,#1070,#579,.T.);
#1340=EDGE_CURVE('',#1073,#1072,#580,.T.);
#1341=EDGE_CURVE('',#1071,#1073,#581,.T.);
#1342=EDGE_CURVE('',#1074,#1068,#582,.T.);
#1343=EDGE_CURVE('',#1075,#1074,#583,.T.);
#1344=EDGE_CURVE('',#1069,#1075,#584,.T.);
#1345=EDGE_CURVE('',#1076,#1077,#585,.T.);
#1346=EDGE_CURVE('',#1066,#1076,#586,.T.);
#1347=EDGE_CURVE('',#1077,#1067,#587,.T.);
#1348=EDGE_CURVE('',#1062,#1074,#230,.T.);
#1349=EDGE_CURVE('',#1063,#1060,#231,.T.);
#1350=EDGE_CURVE('',#1058,#1062,#232,.T.);
#1351=EDGE_CURVE('',#1076,#1063,#233,.T.);
#1352=EDGE_CURVE('',#1058,#1074,#234,.T.);
#1353=EDGE_CURVE('',#1076,#1060,#235,.T.);
#1354=EDGE_CURVE('',#1075,#1072,#236,.T.);
#1355=EDGE_CURVE('',#1059,#1075,#237,.T.);
#1356=EDGE_CURVE('',#1077,#1061,#238,.T.);
#1357=EDGE_CURVE('',#1073,#1077,#239,.T.);
#1358=EDGE_CURVE('',#1059,#1072,#240,.T.);
#1359=EDGE_CURVE('',#1073,#1061,#241,.T.);
#1360=EDGE_CURVE('',#1078,#1079,#242,.T.);
#1361=EDGE_CURVE('',#1079,#1080,#588,.T.);
#1362=EDGE_CURVE('',#1080,#1081,#243,.T.);
#1363=EDGE_CURVE('',#1081,#1082,#589,.T.);
#1364=EDGE_CURVE('',#1082,#1083,#244,.T.);
#1365=EDGE_CURVE('',#1083,#1084,#590,.T.);
#1366=EDGE_CURVE('',#1084,#1085,#245,.T.);
#1367=EDGE_CURVE('',#1085,#1078,#591,.T.);
#1368=EDGE_CURVE('',#1086,#1087,#246,.T.);
#1369=EDGE_CURVE('',#1088,#1086,#592,.T.);
#1370=EDGE_CURVE('',#1089,#1088,#247,.T.);
#1371=EDGE_CURVE('',#1090,#1089,#593,.T.);
#1372=EDGE_CURVE('',#1091,#1090,#248,.T.);
#1373=EDGE_CURVE('',#1092,#1091,#594,.T.);
#1374=EDGE_CURVE('',#1093,#1092,#249,.T.);
#1375=EDGE_CURVE('',#1087,#1093,#595,.T.);
#1376=EDGE_CURVE('',#1085,#1088,#596,.T.);
#1377=EDGE_CURVE('',#1078,#1086,#597,.T.);
#1378=EDGE_CURVE('',#1084,#1089,#598,.T.);
#1379=EDGE_CURVE('',#1083,#1090,#599,.T.);
#1380=EDGE_CURVE('',#1082,#1091,#600,.T.);
#1381=EDGE_CURVE('',#1081,#1092,#601,.T.);
#1382=EDGE_CURVE('',#1080,#1093,#602,.T.);
#1383=EDGE_CURVE('',#1079,#1087,#603,.T.);
#1384=EDGE_CURVE('',#1094,#1095,#604,.T.);
#1385=EDGE_CURVE('',#1095,#1096,#19,.T.);
#1386=EDGE_CURVE('',#1097,#1096,#605,.T.);
#1387=EDGE_CURVE('',#1094,#1097,#20,.T.);
#1388=EDGE_CURVE('',#1096,#1098,#606,.T.);
#1389=EDGE_CURVE('',#1099,#1098,#607,.T.);
#1390=EDGE_CURVE('',#1097,#1099,#608,.T.);
#1391=EDGE_CURVE('',#1098,#1100,#609,.T.);
#1392=EDGE_CURVE('',#1101,#1100,#610,.T.);
#1393=EDGE_CURVE('',#1099,#1101,#611,.T.);
#1394=EDGE_CURVE('',#1100,#1102,#612,.T.);
#1395=EDGE_CURVE('',#1103,#1102,#613,.T.);
#1396=EDGE_CURVE('',#1101,#1103,#614,.T.);
#1397=EDGE_CURVE('',#1102,#1104,#21,.T.);
#1398=EDGE_CURVE('',#1105,#1104,#615,.T.);
#1399=EDGE_CURVE('',#1103,#1105,#22,.T.);
#1400=EDGE_CURVE('',#1104,#1106,#616,.T.);
#1401=EDGE_CURVE('',#1107,#1106,#617,.T.);
#1402=EDGE_CURVE('',#1105,#1107,#618,.T.);
#1403=EDGE_CURVE('',#1106,#1108,#619,.T.);
#1404=EDGE_CURVE('',#1109,#1108,#620,.T.);
#1405=EDGE_CURVE('',#1107,#1109,#621,.T.);
#1406=EDGE_CURVE('',#1108,#1110,#23,.T.);
#1407=EDGE_CURVE('',#1111,#1110,#622,.T.);
#1408=EDGE_CURVE('',#1109,#1111,#24,.T.);
#1409=EDGE_CURVE('',#1110,#1112,#25,.T.);
#1410=EDGE_CURVE('',#1113,#1112,#623,.T.);
#1411=EDGE_CURVE('',#1111,#1113,#26,.T.);
#1412=EDGE_CURVE('',#1112,#1114,#27,.T.);
#1413=EDGE_CURVE('',#1115,#1114,#624,.T.);
#1414=EDGE_CURVE('',#1113,#1115,#28,.T.);
#1415=EDGE_CURVE('',#1114,#1116,#29,.T.);
#1416=EDGE_CURVE('',#1117,#1116,#625,.T.);
#1417=EDGE_CURVE('',#1115,#1117,#30,.T.);
#1418=EDGE_CURVE('',#1116,#1118,#31,.T.);
#1419=EDGE_CURVE('',#1119,#1118,#626,.T.);
#1420=EDGE_CURVE('',#1117,#1119,#32,.T.);
#1421=EDGE_CURVE('',#1118,#1120,#33,.T.);
#1422=EDGE_CURVE('',#1121,#1120,#627,.T.);
#1423=EDGE_CURVE('',#1119,#1121,#34,.T.);
#1424=EDGE_CURVE('',#1120,#1122,#628,.T.);
#1425=EDGE_CURVE('',#1123,#1122,#629,.T.);
#1426=EDGE_CURVE('',#1121,#1123,#630,.T.);
#1427=EDGE_CURVE('',#1122,#1124,#631,.T.);
#1428=EDGE_CURVE('',#1125,#1124,#632,.T.);
#1429=EDGE_CURVE('',#1123,#1125,#633,.T.);
#1430=EDGE_CURVE('',#1124,#1126,#634,.T.);
#1431=EDGE_CURVE('',#1127,#1126,#635,.T.);
#1432=EDGE_CURVE('',#1125,#1127,#636,.T.);
#1433=EDGE_CURVE('',#1126,#1128,#35,.T.);
#1434=EDGE_CURVE('',#1129,#1128,#637,.T.);
#1435=EDGE_CURVE('',#1127,#1129,#36,.T.);
#1436=EDGE_CURVE('',#1128,#1130,#37,.T.);
#1437=EDGE_CURVE('',#1131,#1130,#638,.T.);
#1438=EDGE_CURVE('',#1129,#1131,#38,.T.);
#1439=EDGE_CURVE('',#1130,#1132,#639,.T.);
#1440=EDGE_CURVE('',#1133,#1132,#640,.T.);
#1441=EDGE_CURVE('',#1131,#1133,#641,.T.);
#1442=EDGE_CURVE('',#1132,#1134,#642,.T.);
#1443=EDGE_CURVE('',#1135,#1134,#643,.T.);
#1444=EDGE_CURVE('',#1133,#1135,#644,.T.);
#1445=EDGE_CURVE('',#1134,#1136,#645,.T.);
#1446=EDGE_CURVE('',#1137,#1136,#646,.T.);
#1447=EDGE_CURVE('',#1135,#1137,#647,.T.);
#1448=EDGE_CURVE('',#1136,#1138,#648,.T.);
#1449=EDGE_CURVE('',#1139,#1138,#649,.T.);
#1450=EDGE_CURVE('',#1137,#1139,#650,.T.);
#1451=EDGE_CURVE('',#1138,#1140,#39,.T.);
#1452=EDGE_CURVE('',#1141,#1140,#651,.T.);
#1453=EDGE_CURVE('',#1139,#1141,#40,.T.);
#1454=EDGE_CURVE('',#1140,#1142,#41,.T.);
#1455=EDGE_CURVE('',#1143,#1142,#652,.T.);
#1456=EDGE_CURVE('',#1141,#1143,#42,.T.);
#1457=EDGE_CURVE('',#1142,#1144,#43,.T.);
#1458=EDGE_CURVE('',#1145,#1144,#653,.T.);
#1459=EDGE_CURVE('',#1143,#1145,#44,.T.);
#1460=EDGE_CURVE('',#1144,#1146,#45,.T.);
#1461=EDGE_CURVE('',#1147,#1146,#654,.T.);
#1462=EDGE_CURVE('',#1145,#1147,#46,.T.);
#1463=EDGE_CURVE('',#1146,#1148,#47,.T.);
#1464=EDGE_CURVE('',#1149,#1148,#655,.T.);
#1465=EDGE_CURVE('',#1147,#1149,#48,.T.);
#1466=EDGE_CURVE('',#1148,#1150,#656,.T.);
#1467=EDGE_CURVE('',#1151,#1150,#657,.T.);
#1468=EDGE_CURVE('',#1149,#1151,#658,.T.);
#1469=EDGE_CURVE('',#1150,#1152,#659,.T.);
#1470=EDGE_CURVE('',#1153,#1152,#660,.T.);
#1471=EDGE_CURVE('',#1151,#1153,#661,.T.);
#1472=EDGE_CURVE('',#1152,#1154,#49,.T.);
#1473=EDGE_CURVE('',#1155,#1154,#662,.T.);
#1474=EDGE_CURVE('',#1153,#1155,#50,.T.);
#1475=EDGE_CURVE('',#1154,#1156,#51,.T.);
#1476=EDGE_CURVE('',#1157,#1156,#663,.T.);
#1477=EDGE_CURVE('',#1155,#1157,#52,.T.);
#1478=EDGE_CURVE('',#1156,#1158,#664,.T.);
#1479=EDGE_CURVE('',#1159,#1158,#665,.T.);
#1480=EDGE_CURVE('',#1157,#1159,#666,.T.);
#1481=EDGE_CURVE('',#1158,#1160,#667,.T.);
#1482=EDGE_CURVE('',#1161,#1160,#668,.T.);
#1483=EDGE_CURVE('',#1159,#1161,#669,.T.);
#1484=EDGE_CURVE('',#1160,#1162,#53,.T.);
#1485=EDGE_CURVE('',#1163,#1162,#670,.T.);
#1486=EDGE_CURVE('',#1161,#1163,#54,.T.);
#1487=EDGE_CURVE('',#1162,#1164,#55,.T.);
#1488=EDGE_CURVE('',#1165,#1164,#671,.T.);
#1489=EDGE_CURVE('',#1163,#1165,#56,.T.);
#1490=EDGE_CURVE('',#1164,#1166,#57,.T.);
#1491=EDGE_CURVE('',#1167,#1166,#672,.T.);
#1492=EDGE_CURVE('',#1165,#1167,#58,.T.);
#1493=EDGE_CURVE('',#1166,#1168,#59,.T.);
#1494=EDGE_CURVE('',#1169,#1168,#673,.T.);
#1495=EDGE_CURVE('',#1167,#1169,#60,.T.);
#1496=EDGE_CURVE('',#1168,#1170,#674,.T.);
#1497=EDGE_CURVE('',#1171,#1170,#675,.T.);
#1498=EDGE_CURVE('',#1169,#1171,#676,.T.);
#1499=EDGE_CURVE('',#1170,#1172,#677,.T.);
#1500=EDGE_CURVE('',#1173,#1172,#678,.T.);
#1501=EDGE_CURVE('',#1171,#1173,#679,.T.);
#1502=EDGE_CURVE('',#1172,#1174,#680,.T.);
#1503=EDGE_CURVE('',#1175,#1174,#681,.T.);
#1504=EDGE_CURVE('',#1173,#1175,#682,.T.);
#1505=EDGE_CURVE('',#1174,#1176,#61,.T.);
#1506=EDGE_CURVE('',#1177,#1176,#683,.T.);
#1507=EDGE_CURVE('',#1175,#1177,#62,.T.);
#1508=EDGE_CURVE('',#1176,#1178,#63,.T.);
#1509=EDGE_CURVE('',#1179,#1178,#684,.T.);
#1510=EDGE_CURVE('',#1177,#1179,#64,.T.);
#1511=EDGE_CURVE('',#1178,#1180,#65,.T.);
#1512=EDGE_CURVE('',#1181,#1180,#685,.T.);
#1513=EDGE_CURVE('',#1179,#1181,#66,.T.);
#1514=EDGE_CURVE('',#1180,#1182,#686,.T.);
#1515=EDGE_CURVE('',#1183,#1182,#687,.T.);
#1516=EDGE_CURVE('',#1181,#1183,#688,.T.);
#1517=EDGE_CURVE('',#1182,#1184,#689,.T.);
#1518=EDGE_CURVE('',#1185,#1184,#690,.T.);
#1519=EDGE_CURVE('',#1183,#1185,#691,.T.);
#1520=EDGE_CURVE('',#1184,#1095,#692,.T.);
#1521=EDGE_CURVE('',#1185,#1094,#693,.T.);
#1522=EDGE_CURVE('',#1186,#1187,#694,.T.);
#1523=EDGE_CURVE('',#1187,#1188,#67,.T.);
#1524=EDGE_CURVE('',#1189,#1188,#695,.T.);
#1525=EDGE_CURVE('',#1186,#1189,#68,.T.);
#1526=EDGE_CURVE('',#1188,#1190,#69,.T.);
#1527=EDGE_CURVE('',#1191,#1190,#696,.T.);
#1528=EDGE_CURVE('',#1189,#1191,#70,.T.);
#1529=EDGE_CURVE('',#1190,#1192,#71,.T.);
#1530=EDGE_CURVE('',#1193,#1192,#697,.T.);
#1531=EDGE_CURVE('',#1191,#1193,#72,.T.);
#1532=EDGE_CURVE('',#1192,#1194,#73,.T.);
#1533=EDGE_CURVE('',#1195,#1194,#698,.T.);
#1534=EDGE_CURVE('',#1193,#1195,#74,.T.);
#1535=EDGE_CURVE('',#1194,#1196,#699,.T.);
#1536=EDGE_CURVE('',#1197,#1196,#700,.T.);
#1537=EDGE_CURVE('',#1195,#1197,#701,.T.);
#1538=EDGE_CURVE('',#1196,#1198,#702,.T.);
#1539=EDGE_CURVE('',#1199,#1198,#703,.T.);
#1540=EDGE_CURVE('',#1197,#1199,#704,.T.);
#1541=EDGE_CURVE('',#1198,#1200,#705,.T.);
#1542=EDGE_CURVE('',#1201,#1200,#706,.T.);
#1543=EDGE_CURVE('',#1199,#1201,#707,.T.);
#1544=EDGE_CURVE('',#1200,#1202,#75,.T.);
#1545=EDGE_CURVE('',#1203,#1202,#708,.T.);
#1546=EDGE_CURVE('',#1201,#1203,#76,.T.);
#1547=EDGE_CURVE('',#1202,#1204,#709,.T.);
#1548=EDGE_CURVE('',#1205,#1204,#710,.T.);
#1549=EDGE_CURVE('',#1203,#1205,#711,.T.);
#1550=EDGE_CURVE('',#1204,#1206,#712,.T.);
#1551=EDGE_CURVE('',#1207,#1206,#713,.T.);
#1552=EDGE_CURVE('',#1205,#1207,#714,.T.);
#1553=EDGE_CURVE('',#1206,#1208,#77,.T.);
#1554=EDGE_CURVE('',#1209,#1208,#715,.T.);
#1555=EDGE_CURVE('',#1207,#1209,#78,.T.);
#1556=EDGE_CURVE('',#1208,#1210,#79,.T.);
#1557=EDGE_CURVE('',#1211,#1210,#716,.T.);
#1558=EDGE_CURVE('',#1209,#1211,#80,.T.);
#1559=EDGE_CURVE('',#1210,#1212,#81,.T.);
#1560=EDGE_CURVE('',#1213,#1212,#717,.T.);
#1561=EDGE_CURVE('',#1211,#1213,#82,.T.);
#1562=EDGE_CURVE('',#1212,#1214,#83,.T.);
#1563=EDGE_CURVE('',#1215,#1214,#718,.T.);
#1564=EDGE_CURVE('',#1213,#1215,#84,.T.);
#1565=EDGE_CURVE('',#1214,#1216,#719,.T.);
#1566=EDGE_CURVE('',#1217,#1216,#720,.T.);
#1567=EDGE_CURVE('',#1215,#1217,#721,.T.);
#1568=EDGE_CURVE('',#1216,#1218,#722,.T.);
#1569=EDGE_CURVE('',#1219,#1218,#723,.T.);
#1570=EDGE_CURVE('',#1217,#1219,#724,.T.);
#1571=EDGE_CURVE('',#1218,#1220,#725,.T.);
#1572=EDGE_CURVE('',#1221,#1220,#726,.T.);
#1573=EDGE_CURVE('',#1219,#1221,#727,.T.);
#1574=EDGE_CURVE('',#1220,#1222,#728,.T.);
#1575=EDGE_CURVE('',#1223,#1222,#729,.T.);
#1576=EDGE_CURVE('',#1221,#1223,#730,.T.);
#1577=EDGE_CURVE('',#1222,#1224,#85,.T.);
#1578=EDGE_CURVE('',#1225,#1224,#731,.T.);
#1579=EDGE_CURVE('',#1223,#1225,#86,.T.);
#1580=EDGE_CURVE('',#1224,#1226,#87,.T.);
#1581=EDGE_CURVE('',#1227,#1226,#732,.T.);
#1582=EDGE_CURVE('',#1225,#1227,#88,.T.);
#1583=EDGE_CURVE('',#1226,#1228,#733,.T.);
#1584=EDGE_CURVE('',#1229,#1228,#734,.T.);
#1585=EDGE_CURVE('',#1227,#1229,#735,.T.);
#1586=EDGE_CURVE('',#1228,#1230,#736,.T.);
#1587=EDGE_CURVE('',#1231,#1230,#737,.T.);
#1588=EDGE_CURVE('',#1229,#1231,#738,.T.);
#1589=EDGE_CURVE('',#1230,#1232,#739,.T.);
#1590=EDGE_CURVE('',#1233,#1232,#740,.T.);
#1591=EDGE_CURVE('',#1231,#1233,#741,.T.);
#1592=EDGE_CURVE('',#1232,#1234,#89,.T.);
#1593=EDGE_CURVE('',#1235,#1234,#742,.T.);
#1594=EDGE_CURVE('',#1233,#1235,#90,.T.);
#1595=EDGE_CURVE('',#1234,#1236,#91,.T.);
#1596=EDGE_CURVE('',#1237,#1236,#743,.T.);
#1597=EDGE_CURVE('',#1235,#1237,#92,.T.);
#1598=EDGE_CURVE('',#1236,#1238,#93,.T.);
#1599=EDGE_CURVE('',#1239,#1238,#744,.T.);
#1600=EDGE_CURVE('',#1237,#1239,#94,.T.);
#1601=EDGE_CURVE('',#1238,#1240,#95,.T.);
#1602=EDGE_CURVE('',#1241,#1240,#745,.T.);
#1603=EDGE_CURVE('',#1239,#1241,#96,.T.);
#1604=EDGE_CURVE('',#1240,#1242,#746,.T.);
#1605=EDGE_CURVE('',#1243,#1242,#747,.T.);
#1606=EDGE_CURVE('',#1241,#1243,#748,.T.);
#1607=EDGE_CURVE('',#1242,#1244,#749,.T.);
#1608=EDGE_CURVE('',#1245,#1244,#750,.T.);
#1609=EDGE_CURVE('',#1243,#1245,#751,.T.);
#1610=EDGE_CURVE('',#1244,#1187,#752,.T.);
#1611=EDGE_CURVE('',#1245,#1186,#753,.T.);
#1612=EDGE_CURVE('',#1246,#1247,#754,.T.);
#1613=EDGE_CURVE('',#1247,#1248,#97,.T.);
#1614=EDGE_CURVE('',#1249,#1248,#755,.T.);
#1615=EDGE_CURVE('',#1246,#1249,#98,.T.);
#1616=EDGE_CURVE('',#1248,#1250,#756,.T.);
#1617=EDGE_CURVE('',#1251,#1250,#757,.T.);
#1618=EDGE_CURVE('',#1249,#1251,#758,.T.);
#1619=EDGE_CURVE('',#1250,#1252,#759,.T.);
#1620=EDGE_CURVE('',#1253,#1252,#760,.T.);
#1621=EDGE_CURVE('',#1251,#1253,#761,.T.);
#1622=EDGE_CURVE('',#1252,#1254,#99,.T.);
#1623=EDGE_CURVE('',#1255,#1254,#762,.T.);
#1624=EDGE_CURVE('',#1253,#1255,#100,.T.);
#1625=EDGE_CURVE('',#1254,#1256,#101,.T.);
#1626=EDGE_CURVE('',#1257,#1256,#763,.T.);
#1627=EDGE_CURVE('',#1255,#1257,#102,.T.);
#1628=EDGE_CURVE('',#1256,#1258,#103,.T.);
#1629=EDGE_CURVE('',#1259,#1258,#764,.T.);
#1630=EDGE_CURVE('',#1257,#1259,#104,.T.);
#1631=EDGE_CURVE('',#1258,#1260,#105,.T.);
#1632=EDGE_CURVE('',#1261,#1260,#765,.T.);
#1633=EDGE_CURVE('',#1259,#1261,#106,.T.);
#1634=EDGE_CURVE('',#1260,#1262,#766,.T.);
#1635=EDGE_CURVE('',#1263,#1262,#767,.T.);
#1636=EDGE_CURVE('',#1261,#1263,#768,.T.);
#1637=EDGE_CURVE('',#1262,#1264,#769,.T.);
#1638=EDGE_CURVE('',#1265,#1264,#770,.T.);
#1639=EDGE_CURVE('',#1263,#1265,#771,.T.);
#1640=EDGE_CURVE('',#1264,#1266,#772,.T.);
#1641=EDGE_CURVE('',#1267,#1266,#773,.T.);
#1642=EDGE_CURVE('',#1265,#1267,#774,.T.);
#1643=EDGE_CURVE('',#1266,#1268,#107,.T.);
#1644=EDGE_CURVE('',#1269,#1268,#775,.T.);
#1645=EDGE_CURVE('',#1267,#1269,#108,.T.);
#1646=EDGE_CURVE('',#1268,#1270,#109,.T.);
#1647=EDGE_CURVE('',#1271,#1270,#776,.T.);
#1648=EDGE_CURVE('',#1269,#1271,#110,.T.);
#1649=EDGE_CURVE('',#1270,#1272,#111,.T.);
#1650=EDGE_CURVE('',#1273,#1272,#777,.T.);
#1651=EDGE_CURVE('',#1271,#1273,#112,.T.);
#1652=EDGE_CURVE('',#1272,#1274,#113,.T.);
#1653=EDGE_CURVE('',#1275,#1274,#778,.T.);
#1654=EDGE_CURVE('',#1273,#1275,#114,.T.);
#1655=EDGE_CURVE('',#1274,#1276,#779,.T.);
#1656=EDGE_CURVE('',#1277,#1276,#780,.T.);
#1657=EDGE_CURVE('',#1275,#1277,#781,.T.);
#1658=EDGE_CURVE('',#1276,#1278,#782,.T.);
#1659=EDGE_CURVE('',#1279,#1278,#783,.T.);
#1660=EDGE_CURVE('',#1277,#1279,#784,.T.);
#1661=EDGE_CURVE('',#1278,#1280,#115,.T.);
#1662=EDGE_CURVE('',#1281,#1280,#785,.T.);
#1663=EDGE_CURVE('',#1279,#1281,#116,.T.);
#1664=EDGE_CURVE('',#1280,#1282,#117,.T.);
#1665=EDGE_CURVE('',#1283,#1282,#786,.T.);
#1666=EDGE_CURVE('',#1281,#1283,#118,.T.);
#1667=EDGE_CURVE('',#1282,#1284,#787,.T.);
#1668=EDGE_CURVE('',#1285,#1284,#788,.T.);
#1669=EDGE_CURVE('',#1283,#1285,#789,.T.);
#1670=EDGE_CURVE('',#1284,#1286,#790,.T.);
#1671=EDGE_CURVE('',#1287,#1286,#791,.T.);
#1672=EDGE_CURVE('',#1285,#1287,#792,.T.);
#1673=EDGE_CURVE('',#1286,#1247,#119,.T.);
#1674=EDGE_CURVE('',#1287,#1246,#120,.T.);
#1675=ORIENTED_EDGE('',*,*,#1288,.T.);
#1676=ORIENTED_EDGE('',*,*,#1289,.T.);
#1677=ORIENTED_EDGE('',*,*,#1290,.T.);
#1678=ORIENTED_EDGE('',*,*,#1291,.T.);
#1679=ORIENTED_EDGE('',*,*,#1292,.T.);
#1680=ORIENTED_EDGE('',*,*,#1293,.T.);
#1681=ORIENTED_EDGE('',*,*,#1294,.F.);
#1682=ORIENTED_EDGE('',*,*,#1295,.T.);
#1683=ORIENTED_EDGE('',*,*,#1296,.T.);
#1684=ORIENTED_EDGE('',*,*,#1297,.T.);
#1685=ORIENTED_EDGE('',*,*,#1298,.F.);
#1686=ORIENTED_EDGE('',*,*,#1299,.T.);
#1687=ORIENTED_EDGE('',*,*,#1300,.F.);
#1688=ORIENTED_EDGE('',*,*,#1301,.T.);
#1689=ORIENTED_EDGE('',*,*,#1294,.T.);
#1690=ORIENTED_EDGE('',*,*,#1302,.T.);
#1691=ORIENTED_EDGE('',*,*,#1298,.T.);
#1692=ORIENTED_EDGE('',*,*,#1303,.T.);
#1693=ORIENTED_EDGE('',*,*,#1304,.T.);
#1694=ORIENTED_EDGE('',*,*,#1305,.T.);
#1695=ORIENTED_EDGE('',*,*,#1300,.T.);
#1696=ORIENTED_EDGE('',*,*,#1306,.T.);
#1697=ORIENTED_EDGE('',*,*,#1307,.T.);
#1698=ORIENTED_EDGE('',*,*,#1308,.T.);
#1699=ORIENTED_EDGE('',*,*,#1309,.T.);
#1700=ORIENTED_EDGE('',*,*,#1310,.T.);
#1701=ORIENTED_EDGE('',*,*,#1296,.F.);
#1702=ORIENTED_EDGE('',*,*,#1311,.T.);
#1703=ORIENTED_EDGE('',*,*,#1301,.F.);
#1704=ORIENTED_EDGE('',*,*,#1308,.F.);
#1705=ORIENTED_EDGE('',*,*,#1312,.F.);
#1706=ORIENTED_EDGE('',*,*,#1295,.F.);
#1707=ORIENTED_EDGE('',*,*,#1313,.F.);
#1708=ORIENTED_EDGE('',*,*,#1292,.F.);
#1709=ORIENTED_EDGE('',*,*,#1314,.F.);
#1710=ORIENTED_EDGE('',*,*,#1291,.F.);
#1711=ORIENTED_EDGE('',*,*,#1302,.F.);
#1712=ORIENTED_EDGE('',*,*,#1293,.F.);
#1713=ORIENTED_EDGE('',*,*,#1315,.F.);
#1714=ORIENTED_EDGE('',*,*,#1311,.F.);
#1715=ORIENTED_EDGE('',*,*,#1314,.T.);
#1716=ORIENTED_EDGE('',*,*,#1312,.T.);
#1717=ORIENTED_EDGE('',*,*,#1316,.F.);
#1718=ORIENTED_EDGE('',*,*,#1315,.T.);
#1719=ORIENTED_EDGE('',*,*,#1313,.T.);
#1720=ORIENTED_EDGE('',*,*,#1317,.F.);
#1721=ORIENTED_EDGE('',*,*,#1299,.F.);
#1722=ORIENTED_EDGE('',*,*,#1305,.F.);
#1723=ORIENTED_EDGE('',*,*,#1318,.F.);
#1724=ORIENTED_EDGE('',*,*,#1306,.F.);
#1725=ORIENTED_EDGE('',*,*,#1316,.T.);
#1726=ORIENTED_EDGE('',*,*,#1307,.F.);
#1727=ORIENTED_EDGE('',*,*,#1319,.F.);
#1728=ORIENTED_EDGE('',*,*,#1288,.F.);
#1729=ORIENTED_EDGE('',*,*,#1317,.T.);
#1730=ORIENTED_EDGE('',*,*,#1290,.F.);
#1731=ORIENTED_EDGE('',*,*,#1320,.F.);
#1732=ORIENTED_EDGE('',*,*,#1309,.F.);
#1733=ORIENTED_EDGE('',*,*,#1297,.F.);
#1734=ORIENTED_EDGE('',*,*,#1310,.F.);
#1735=ORIENTED_EDGE('',*,*,#1321,.F.);
#1736=ORIENTED_EDGE('',*,*,#1303,.F.);
#1737=ORIENTED_EDGE('',*,*,#1319,.T.);
#1738=ORIENTED_EDGE('',*,*,#1318,.T.);
#1739=ORIENTED_EDGE('',*,*,#1322,.F.);
#1740=ORIENTED_EDGE('',*,*,#1321,.T.);
#1741=ORIENTED_EDGE('',*,*,#1320,.T.);
#1742=ORIENTED_EDGE('',*,*,#1323,.F.);
#1743=ORIENTED_EDGE('',*,*,#1322,.T.);
#1744=ORIENTED_EDGE('',*,*,#1304,.F.);
#1745=ORIENTED_EDGE('',*,*,#1323,.T.);
#1746=ORIENTED_EDGE('',*,*,#1289,.F.);
#1747=ORIENTED_EDGE('',*,*,#1324,.F.);
#1748=ORIENTED_EDGE('',*,*,#1325,.F.);
#1749=ORIENTED_EDGE('',*,*,#1326,.F.);
#1750=ORIENTED_EDGE('',*,*,#1327,.F.);
#1751=ORIENTED_EDGE('',*,*,#1328,.F.);
#1752=ORIENTED_EDGE('',*,*,#1329,.F.);
#1753=ORIENTED_EDGE('',*,*,#1330,.T.);
#1754=ORIENTED_EDGE('',*,*,#1331,.F.);
#1755=ORIENTED_EDGE('',*,*,#1332,.F.);
#1756=ORIENTED_EDGE('',*,*,#1333,.F.);
#1757=ORIENTED_EDGE('',*,*,#1330,.F.);
#1758=ORIENTED_EDGE('',*,*,#1334,.F.);
#1759=ORIENTED_EDGE('',*,*,#1335,.T.);
#1760=ORIENTED_EDGE('',*,*,#1336,.F.);
#1761=ORIENTED_EDGE('',*,*,#1337,.T.);
#1762=ORIENTED_EDGE('',*,*,#1338,.F.);
#1763=ORIENTED_EDGE('',*,*,#1337,.F.);
#1764=ORIENTED_EDGE('',*,*,#1339,.F.);
#1765=ORIENTED_EDGE('',*,*,#1340,.F.);
#1766=ORIENTED_EDGE('',*,*,#1341,.F.);
#1767=ORIENTED_EDGE('',*,*,#1335,.F.);
#1768=ORIENTED_EDGE('',*,*,#1342,.F.);
#1769=ORIENTED_EDGE('',*,*,#1343,.F.);
#1770=ORIENTED_EDGE('',*,*,#1344,.F.);
#1771=ORIENTED_EDGE('',*,*,#1345,.F.);
#1772=ORIENTED_EDGE('',*,*,#1346,.F.);
#1773=ORIENTED_EDGE('',*,*,#1332,.T.);
#1774=ORIENTED_EDGE('',*,*,#1347,.F.);
#1775=ORIENTED_EDGE('',*,*,#1334,.T.);
#1776=ORIENTED_EDGE('',*,*,#1329,.T.);
#1777=ORIENTED_EDGE('',*,*,#1348,.T.);
#1778=ORIENTED_EDGE('',*,*,#1342,.T.);
#1779=ORIENTED_EDGE('',*,*,#1349,.T.);
#1780=ORIENTED_EDGE('',*,*,#1325,.T.);
#1781=ORIENTED_EDGE('',*,*,#1350,.T.);
#1782=ORIENTED_EDGE('',*,*,#1328,.T.);
#1783=ORIENTED_EDGE('',*,*,#1333,.T.);
#1784=ORIENTED_EDGE('',*,*,#1346,.T.);
#1785=ORIENTED_EDGE('',*,*,#1351,.T.);
#1786=ORIENTED_EDGE('',*,*,#1331,.T.);
#1787=ORIENTED_EDGE('',*,*,#1350,.F.);
#1788=ORIENTED_EDGE('',*,*,#1352,.T.);
#1789=ORIENTED_EDGE('',*,*,#1348,.F.);
#1790=ORIENTED_EDGE('',*,*,#1351,.F.);
#1791=ORIENTED_EDGE('',*,*,#1353,.T.);
#1792=ORIENTED_EDGE('',*,*,#1349,.F.);
#1793=ORIENTED_EDGE('',*,*,#1336,.T.);
#1794=ORIENTED_EDGE('',*,*,#1344,.T.);
#1795=ORIENTED_EDGE('',*,*,#1354,.T.);
#1796=ORIENTED_EDGE('',*,*,#1339,.T.);
#1797=ORIENTED_EDGE('',*,*,#1352,.F.);
#1798=ORIENTED_EDGE('',*,*,#1324,.T.);
#1799=ORIENTED_EDGE('',*,*,#1355,.T.);
#1800=ORIENTED_EDGE('',*,*,#1343,.T.);
#1801=ORIENTED_EDGE('',*,*,#1353,.F.);
#1802=ORIENTED_EDGE('',*,*,#1345,.T.);
#1803=ORIENTED_EDGE('',*,*,#1356,.T.);
#1804=ORIENTED_EDGE('',*,*,#1326,.T.);
#1805=ORIENTED_EDGE('',*,*,#1338,.T.);
#1806=ORIENTED_EDGE('',*,*,#1341,.T.);
#1807=ORIENTED_EDGE('',*,*,#1357,.T.);
#1808=ORIENTED_EDGE('',*,*,#1347,.T.);
#1809=ORIENTED_EDGE('',*,*,#1355,.F.);
#1810=ORIENTED_EDGE('',*,*,#1358,.T.);
#1811=ORIENTED_EDGE('',*,*,#1354,.F.);
#1812=ORIENTED_EDGE('',*,*,#1357,.F.);
#1813=ORIENTED_EDGE('',*,*,#1359,.T.);
#1814=ORIENTED_EDGE('',*,*,#1356,.F.);
#1815=ORIENTED_EDGE('',*,*,#1358,.F.);
#1816=ORIENTED_EDGE('',*,*,#1327,.T.);
#1817=ORIENTED_EDGE('',*,*,#1359,.F.);
#1818=ORIENTED_EDGE('',*,*,#1340,.T.);
#1819=ORIENTED_EDGE('',*,*,#1360,.T.);
#1820=ORIENTED_EDGE('',*,*,#1361,.T.);
#1821=ORIENTED_EDGE('',*,*,#1362,.T.);
#1822=ORIENTED_EDGE('',*,*,#1363,.T.);
#1823=ORIENTED_EDGE('',*,*,#1364,.T.);
#1824=ORIENTED_EDGE('',*,*,#1365,.T.);
#1825=ORIENTED_EDGE('',*,*,#1366,.T.);
#1826=ORIENTED_EDGE('',*,*,#1367,.T.);
#1827=ORIENTED_EDGE('',*,*,#1368,.F.);
#1828=ORIENTED_EDGE('',*,*,#1369,.F.);
#1829=ORIENTED_EDGE('',*,*,#1370,.F.);
#1830=ORIENTED_EDGE('',*,*,#1371,.F.);
#1831=ORIENTED_EDGE('',*,*,#1372,.F.);
#1832=ORIENTED_EDGE('',*,*,#1373,.F.);
#1833=ORIENTED_EDGE('',*,*,#1374,.F.);
#1834=ORIENTED_EDGE('',*,*,#1375,.F.);
#1835=ORIENTED_EDGE('',*,*,#1367,.F.);
#1836=ORIENTED_EDGE('',*,*,#1376,.T.);
#1837=ORIENTED_EDGE('',*,*,#1369,.T.);
#1838=ORIENTED_EDGE('',*,*,#1377,.F.);
#1839=ORIENTED_EDGE('',*,*,#1366,.F.);
#1840=ORIENTED_EDGE('',*,*,#1378,.T.);
#1841=ORIENTED_EDGE('',*,*,#1370,.T.);
#1842=ORIENTED_EDGE('',*,*,#1376,.F.);
#1843=ORIENTED_EDGE('',*,*,#1365,.F.);
#1844=ORIENTED_EDGE('',*,*,#1379,.T.);
#1845=ORIENTED_EDGE('',*,*,#1371,.T.);
#1846=ORIENTED_EDGE('',*,*,#1378,.F.);
#1847=ORIENTED_EDGE('',*,*,#1364,.F.);
#1848=ORIENTED_EDGE('',*,*,#1380,.T.);
#1849=ORIENTED_EDGE('',*,*,#1372,.T.);
#1850=ORIENTED_EDGE('',*,*,#1379,.F.);
#1851=ORIENTED_EDGE('',*,*,#1363,.F.);
#1852=ORIENTED_EDGE('',*,*,#1381,.T.);
#1853=ORIENTED_EDGE('',*,*,#1373,.T.);
#1854=ORIENTED_EDGE('',*,*,#1380,.F.);
#1855=ORIENTED_EDGE('',*,*,#1362,.F.);
#1856=ORIENTED_EDGE('',*,*,#1382,.T.);
#1857=ORIENTED_EDGE('',*,*,#1374,.T.);
#1858=ORIENTED_EDGE('',*,*,#1381,.F.);
#1859=ORIENTED_EDGE('',*,*,#1361,.F.);
#1860=ORIENTED_EDGE('',*,*,#1383,.T.);
#1861=ORIENTED_EDGE('',*,*,#1375,.T.);
#1862=ORIENTED_EDGE('',*,*,#1382,.F.);
#1863=ORIENTED_EDGE('',*,*,#1360,.F.);
#1864=ORIENTED_EDGE('',*,*,#1377,.T.);
#1865=ORIENTED_EDGE('',*,*,#1368,.T.);
#1866=ORIENTED_EDGE('',*,*,#1383,.F.);
#1867=ORIENTED_EDGE('',*,*,#1384,.T.);
#1868=ORIENTED_EDGE('',*,*,#1385,.T.);
#1869=ORIENTED_EDGE('',*,*,#1386,.F.);
#1870=ORIENTED_EDGE('',*,*,#1387,.F.);
#1871=ORIENTED_EDGE('',*,*,#1386,.T.);
#1872=ORIENTED_EDGE('',*,*,#1388,.T.);
#1873=ORIENTED_EDGE('',*,*,#1389,.F.);
#1874=ORIENTED_EDGE('',*,*,#1390,.F.);
#1875=ORIENTED_EDGE('',*,*,#1389,.T.);
#1876=ORIENTED_EDGE('',*,*,#1391,.T.);
#1877=ORIENTED_EDGE('',*,*,#1392,.F.);
#1878=ORIENTED_EDGE('',*,*,#1393,.F.);
#1879=ORIENTED_EDGE('',*,*,#1392,.T.);
#1880=ORIENTED_EDGE('',*,*,#1394,.T.);
#1881=ORIENTED_EDGE('',*,*,#1395,.F.);
#1882=ORIENTED_EDGE('',*,*,#1396,.F.);
#1883=ORIENTED_EDGE('',*,*,#1395,.T.);
#1884=ORIENTED_EDGE('',*,*,#1397,.T.);
#1885=ORIENTED_EDGE('',*,*,#1398,.F.);
#1886=ORIENTED_EDGE('',*,*,#1399,.F.);
#1887=ORIENTED_EDGE('',*,*,#1398,.T.);
#1888=ORIENTED_EDGE('',*,*,#1400,.T.);
#1889=ORIENTED_EDGE('',*,*,#1401,.F.);
#1890=ORIENTED_EDGE('',*,*,#1402,.F.);
#1891=ORIENTED_EDGE('',*,*,#1401,.T.);
#1892=ORIENTED_EDGE('',*,*,#1403,.T.);
#1893=ORIENTED_EDGE('',*,*,#1404,.F.);
#1894=ORIENTED_EDGE('',*,*,#1405,.F.);
#1895=ORIENTED_EDGE('',*,*,#1404,.T.);
#1896=ORIENTED_EDGE('',*,*,#1406,.T.);
#1897=ORIENTED_EDGE('',*,*,#1407,.F.);
#1898=ORIENTED_EDGE('',*,*,#1408,.F.);
#1899=ORIENTED_EDGE('',*,*,#1407,.T.);
#1900=ORIENTED_EDGE('',*,*,#1409,.T.);
#1901=ORIENTED_EDGE('',*,*,#1410,.F.);
#1902=ORIENTED_EDGE('',*,*,#1411,.F.);
#1903=ORIENTED_EDGE('',*,*,#1410,.T.);
#1904=ORIENTED_EDGE('',*,*,#1412,.T.);
#1905=ORIENTED_EDGE('',*,*,#1413,.F.);
#1906=ORIENTED_EDGE('',*,*,#1414,.F.);
#1907=ORIENTED_EDGE('',*,*,#1413,.T.);
#1908=ORIENTED_EDGE('',*,*,#1415,.T.);
#1909=ORIENTED_EDGE('',*,*,#1416,.F.);
#1910=ORIENTED_EDGE('',*,*,#1417,.F.);
#1911=ORIENTED_EDGE('',*,*,#1416,.T.);
#1912=ORIENTED_EDGE('',*,*,#1418,.T.);
#1913=ORIENTED_EDGE('',*,*,#1419,.F.);
#1914=ORIENTED_EDGE('',*,*,#1420,.F.);
#1915=ORIENTED_EDGE('',*,*,#1419,.T.);
#1916=ORIENTED_EDGE('',*,*,#1421,.T.);
#1917=ORIENTED_EDGE('',*,*,#1422,.F.);
#1918=ORIENTED_EDGE('',*,*,#1423,.F.);
#1919=ORIENTED_EDGE('',*,*,#1422,.T.);
#1920=ORIENTED_EDGE('',*,*,#1424,.T.);
#1921=ORIENTED_EDGE('',*,*,#1425,.F.);
#1922=ORIENTED_EDGE('',*,*,#1426,.F.);
#1923=ORIENTED_EDGE('',*,*,#1425,.T.);
#1924=ORIENTED_EDGE('',*,*,#1427,.T.);
#1925=ORIENTED_EDGE('',*,*,#1428,.F.);
#1926=ORIENTED_EDGE('',*,*,#1429,.F.);
#1927=ORIENTED_EDGE('',*,*,#1428,.T.);
#1928=ORIENTED_EDGE('',*,*,#1430,.T.);
#1929=ORIENTED_EDGE('',*,*,#1431,.F.);
#1930=ORIENTED_EDGE('',*,*,#1432,.F.);
#1931=ORIENTED_EDGE('',*,*,#1431,.T.);
#1932=ORIENTED_EDGE('',*,*,#1433,.T.);
#1933=ORIENTED_EDGE('',*,*,#1434,.F.);
#1934=ORIENTED_EDGE('',*,*,#1435,.F.);
#1935=ORIENTED_EDGE('',*,*,#1434,.T.);
#1936=ORIENTED_EDGE('',*,*,#1436,.T.);
#1937=ORIENTED_EDGE('',*,*,#1437,.F.);
#1938=ORIENTED_EDGE('',*,*,#1438,.F.);
#1939=ORIENTED_EDGE('',*,*,#1437,.T.);
#1940=ORIENTED_EDGE('',*,*,#1439,.T.);
#1941=ORIENTED_EDGE('',*,*,#1440,.F.);
#1942=ORIENTED_EDGE('',*,*,#1441,.F.);
#1943=ORIENTED_EDGE('',*,*,#1440,.T.);
#1944=ORIENTED_EDGE('',*,*,#1442,.T.);
#1945=ORIENTED_EDGE('',*,*,#1443,.F.);
#1946=ORIENTED_EDGE('',*,*,#1444,.F.);
#1947=ORIENTED_EDGE('',*,*,#1443,.T.);
#1948=ORIENTED_EDGE('',*,*,#1445,.T.);
#1949=ORIENTED_EDGE('',*,*,#1446,.F.);
#1950=ORIENTED_EDGE('',*,*,#1447,.F.);
#1951=ORIENTED_EDGE('',*,*,#1446,.T.);
#1952=ORIENTED_EDGE('',*,*,#1448,.T.);
#1953=ORIENTED_EDGE('',*,*,#1449,.F.);
#1954=ORIENTED_EDGE('',*,*,#1450,.F.);
#1955=ORIENTED_EDGE('',*,*,#1449,.T.);
#1956=ORIENTED_EDGE('',*,*,#1451,.T.);
#1957=ORIENTED_EDGE('',*,*,#1452,.F.);
#1958=ORIENTED_EDGE('',*,*,#1453,.F.);
#1959=ORIENTED_EDGE('',*,*,#1452,.T.);
#1960=ORIENTED_EDGE('',*,*,#1454,.T.);
#1961=ORIENTED_EDGE('',*,*,#1455,.F.);
#1962=ORIENTED_EDGE('',*,*,#1456,.F.);
#1963=ORIENTED_EDGE('',*,*,#1455,.T.);
#1964=ORIENTED_EDGE('',*,*,#1457,.T.);
#1965=ORIENTED_EDGE('',*,*,#1458,.F.);
#1966=ORIENTED_EDGE('',*,*,#1459,.F.);
#1967=ORIENTED_EDGE('',*,*,#1458,.T.);
#1968=ORIENTED_EDGE('',*,*,#1460,.T.);
#1969=ORIENTED_EDGE('',*,*,#1461,.F.);
#1970=ORIENTED_EDGE('',*,*,#1462,.F.);
#1971=ORIENTED_EDGE('',*,*,#1461,.T.);
#1972=ORIENTED_EDGE('',*,*,#1463,.T.);
#1973=ORIENTED_EDGE('',*,*,#1464,.F.);
#1974=ORIENTED_EDGE('',*,*,#1465,.F.);
#1975=ORIENTED_EDGE('',*,*,#1464,.T.);
#1976=ORIENTED_EDGE('',*,*,#1466,.T.);
#1977=ORIENTED_EDGE('',*,*,#1467,.F.);
#1978=ORIENTED_EDGE('',*,*,#1468,.F.);
#1979=ORIENTED_EDGE('',*,*,#1467,.T.);
#1980=ORIENTED_EDGE('',*,*,#1469,.T.);
#1981=ORIENTED_EDGE('',*,*,#1470,.F.);
#1982=ORIENTED_EDGE('',*,*,#1471,.F.);
#1983=ORIENTED_EDGE('',*,*,#1470,.T.);
#1984=ORIENTED_EDGE('',*,*,#1472,.T.);
#1985=ORIENTED_EDGE('',*,*,#1473,.F.);
#1986=ORIENTED_EDGE('',*,*,#1474,.F.);
#1987=ORIENTED_EDGE('',*,*,#1473,.T.);
#1988=ORIENTED_EDGE('',*,*,#1475,.T.);
#1989=ORIENTED_EDGE('',*,*,#1476,.F.);
#1990=ORIENTED_EDGE('',*,*,#1477,.F.);
#1991=ORIENTED_EDGE('',*,*,#1476,.T.);
#1992=ORIENTED_EDGE('',*,*,#1478,.T.);
#1993=ORIENTED_EDGE('',*,*,#1479,.F.);
#1994=ORIENTED_EDGE('',*,*,#1480,.F.);
#1995=ORIENTED_EDGE('',*,*,#1479,.T.);
#1996=ORIENTED_EDGE('',*,*,#1481,.T.);
#1997=ORIENTED_EDGE('',*,*,#1482,.F.);
#1998=ORIENTED_EDGE('',*,*,#1483,.F.);
#1999=ORIENTED_EDGE('',*,*,#1482,.T.);
#2000=ORIENTED_EDGE('',*,*,#1484,.T.);
#2001=ORIENTED_EDGE('',*,*,#1485,.F.);
#2002=ORIENTED_EDGE('',*,*,#1486,.F.);
#2003=ORIENTED_EDGE('',*,*,#1485,.T.);
#2004=ORIENTED_EDGE('',*,*,#1487,.T.);
#2005=ORIENTED_EDGE('',*,*,#1488,.F.);
#2006=ORIENTED_EDGE('',*,*,#1489,.F.);
#2007=ORIENTED_EDGE('',*,*,#1488,.T.);
#2008=ORIENTED_EDGE('',*,*,#1490,.T.);
#2009=ORIENTED_EDGE('',*,*,#1491,.F.);
#2010=ORIENTED_EDGE('',*,*,#1492,.F.);
#2011=ORIENTED_EDGE('',*,*,#1491,.T.);
#2012=ORIENTED_EDGE('',*,*,#1493,.T.);
#2013=ORIENTED_EDGE('',*,*,#1494,.F.);
#2014=ORIENTED_EDGE('',*,*,#1495,.F.);
#2015=ORIENTED_EDGE('',*,*,#1494,.T.);
#2016=ORIENTED_EDGE('',*,*,#1496,.T.);
#2017=ORIENTED_EDGE('',*,*,#1497,.F.);
#2018=ORIENTED_EDGE('',*,*,#1498,.F.);
#2019=ORIENTED_EDGE('',*,*,#1497,.T.);
#2020=ORIENTED_EDGE('',*,*,#1499,.T.);
#2021=ORIENTED_EDGE('',*,*,#1500,.F.);
#2022=ORIENTED_EDGE('',*,*,#1501,.F.);
#2023=ORIENTED_EDGE('',*,*,#1500,.T.);
#2024=ORIENTED_EDGE('',*,*,#1502,.T.);
#2025=ORIENTED_EDGE('',*,*,#1503,.F.);
#2026=ORIENTED_EDGE('',*,*,#1504,.F.);
#2027=ORIENTED_EDGE('',*,*,#1503,.T.);
#2028=ORIENTED_EDGE('',*,*,#1505,.T.);
#2029=ORIENTED_EDGE('',*,*,#1506,.F.);
#2030=ORIENTED_EDGE('',*,*,#1507,.F.);
#2031=ORIENTED_EDGE('',*,*,#1506,.T.);
#2032=ORIENTED_EDGE('',*,*,#1508,.T.);
#2033=ORIENTED_EDGE('',*,*,#1509,.F.);
#2034=ORIENTED_EDGE('',*,*,#1510,.F.);
#2035=ORIENTED_EDGE('',*,*,#1509,.T.);
#2036=ORIENTED_EDGE('',*,*,#1511,.T.);
#2037=ORIENTED_EDGE('',*,*,#1512,.F.);
#2038=ORIENTED_EDGE('',*,*,#1513,.F.);
#2039=ORIENTED_EDGE('',*,*,#1512,.T.);
#2040=ORIENTED_EDGE('',*,*,#1514,.T.);
#2041=ORIENTED_EDGE('',*,*,#1515,.F.);
#2042=ORIENTED_EDGE('',*,*,#1516,.F.);
#2043=ORIENTED_EDGE('',*,*,#1515,.T.);
#2044=ORIENTED_EDGE('',*,*,#1517,.T.);
#2045=ORIENTED_EDGE('',*,*,#1518,.F.);
#2046=ORIENTED_EDGE('',*,*,#1519,.F.);
#2047=ORIENTED_EDGE('',*,*,#1518,.T.);
#2048=ORIENTED_EDGE('',*,*,#1520,.T.);
#2049=ORIENTED_EDGE('',*,*,#1384,.F.);
#2050=ORIENTED_EDGE('',*,*,#1521,.F.);
#2051=ORIENTED_EDGE('',*,*,#1387,.T.);
#2052=ORIENTED_EDGE('',*,*,#1390,.T.);
#2053=ORIENTED_EDGE('',*,*,#1393,.T.);
#2054=ORIENTED_EDGE('',*,*,#1396,.T.);
#2055=ORIENTED_EDGE('',*,*,#1399,.T.);
#2056=ORIENTED_EDGE('',*,*,#1402,.T.);
#2057=ORIENTED_EDGE('',*,*,#1405,.T.);
#2058=ORIENTED_EDGE('',*,*,#1408,.T.);
#2059=ORIENTED_EDGE('',*,*,#1411,.T.);
#2060=ORIENTED_EDGE('',*,*,#1414,.T.);
#2061=ORIENTED_EDGE('',*,*,#1417,.T.);
#2062=ORIENTED_EDGE('',*,*,#1420,.T.);
#2063=ORIENTED_EDGE('',*,*,#1423,.T.);
#2064=ORIENTED_EDGE('',*,*,#1426,.T.);
#2065=ORIENTED_EDGE('',*,*,#1429,.T.);
#2066=ORIENTED_EDGE('',*,*,#1432,.T.);
#2067=ORIENTED_EDGE('',*,*,#1435,.T.);
#2068=ORIENTED_EDGE('',*,*,#1438,.T.);
#2069=ORIENTED_EDGE('',*,*,#1441,.T.);
#2070=ORIENTED_EDGE('',*,*,#1444,.T.);
#2071=ORIENTED_EDGE('',*,*,#1447,.T.);
#2072=ORIENTED_EDGE('',*,*,#1450,.T.);
#2073=ORIENTED_EDGE('',*,*,#1453,.T.);
#2074=ORIENTED_EDGE('',*,*,#1456,.T.);
#2075=ORIENTED_EDGE('',*,*,#1459,.T.);
#2076=ORIENTED_EDGE('',*,*,#1462,.T.);
#2077=ORIENTED_EDGE('',*,*,#1465,.T.);
#2078=ORIENTED_EDGE('',*,*,#1468,.T.);
#2079=ORIENTED_EDGE('',*,*,#1471,.T.);
#2080=ORIENTED_EDGE('',*,*,#1474,.T.);
#2081=ORIENTED_EDGE('',*,*,#1477,.T.);
#2082=ORIENTED_EDGE('',*,*,#1480,.T.);
#2083=ORIENTED_EDGE('',*,*,#1483,.T.);
#2084=ORIENTED_EDGE('',*,*,#1486,.T.);
#2085=ORIENTED_EDGE('',*,*,#1489,.T.);
#2086=ORIENTED_EDGE('',*,*,#1492,.T.);
#2087=ORIENTED_EDGE('',*,*,#1495,.T.);
#2088=ORIENTED_EDGE('',*,*,#1498,.T.);
#2089=ORIENTED_EDGE('',*,*,#1501,.T.);
#2090=ORIENTED_EDGE('',*,*,#1504,.T.);
#2091=ORIENTED_EDGE('',*,*,#1507,.T.);
#2092=ORIENTED_EDGE('',*,*,#1510,.T.);
#2093=ORIENTED_EDGE('',*,*,#1513,.T.);
#2094=ORIENTED_EDGE('',*,*,#1516,.T.);
#2095=ORIENTED_EDGE('',*,*,#1519,.T.);
#2096=ORIENTED_EDGE('',*,*,#1521,.T.);
#2097=ORIENTED_EDGE('',*,*,#1385,.F.);
#2098=ORIENTED_EDGE('',*,*,#1520,.F.);
#2099=ORIENTED_EDGE('',*,*,#1517,.F.);
#2100=ORIENTED_EDGE('',*,*,#1514,.F.);
#2101=ORIENTED_EDGE('',*,*,#1511,.F.);
#2102=ORIENTED_EDGE('',*,*,#1508,.F.);
#2103=ORIENTED_EDGE('',*,*,#1505,.F.);
#2104=ORIENTED_EDGE('',*,*,#1502,.F.);
#2105=ORIENTED_EDGE('',*,*,#1499,.F.);
#2106=ORIENTED_EDGE('',*,*,#1496,.F.);
#2107=ORIENTED_EDGE('',*,*,#1493,.F.);
#2108=ORIENTED_EDGE('',*,*,#1490,.F.);
#2109=ORIENTED_EDGE('',*,*,#1487,.F.);
#2110=ORIENTED_EDGE('',*,*,#1484,.F.);
#2111=ORIENTED_EDGE('',*,*,#1481,.F.);
#2112=ORIENTED_EDGE('',*,*,#1478,.F.);
#2113=ORIENTED_EDGE('',*,*,#1475,.F.);
#2114=ORIENTED_EDGE('',*,*,#1472,.F.);
#2115=ORIENTED_EDGE('',*,*,#1469,.F.);
#2116=ORIENTED_EDGE('',*,*,#1466,.F.);
#2117=ORIENTED_EDGE('',*,*,#1463,.F.);
#2118=ORIENTED_EDGE('',*,*,#1460,.F.);
#2119=ORIENTED_EDGE('',*,*,#1457,.F.);
#2120=ORIENTED_EDGE('',*,*,#1454,.F.);
#2121=ORIENTED_EDGE('',*,*,#1451,.F.);
#2122=ORIENTED_EDGE('',*,*,#1448,.F.);
#2123=ORIENTED_EDGE('',*,*,#1445,.F.);
#2124=ORIENTED_EDGE('',*,*,#1442,.F.);
#2125=ORIENTED_EDGE('',*,*,#1439,.F.);
#2126=ORIENTED_EDGE('',*,*,#1436,.F.);
#2127=ORIENTED_EDGE('',*,*,#1433,.F.);
#2128=ORIENTED_EDGE('',*,*,#1430,.F.);
#2129=ORIENTED_EDGE('',*,*,#1427,.F.);
#2130=ORIENTED_EDGE('',*,*,#1424,.F.);
#2131=ORIENTED_EDGE('',*,*,#1421,.F.);
#2132=ORIENTED_EDGE('',*,*,#1418,.F.);
#2133=ORIENTED_EDGE('',*,*,#1415,.F.);
#2134=ORIENTED_EDGE('',*,*,#1412,.F.);
#2135=ORIENTED_EDGE('',*,*,#1409,.F.);
#2136=ORIENTED_EDGE('',*,*,#1406,.F.);
#2137=ORIENTED_EDGE('',*,*,#1403,.F.);
#2138=ORIENTED_EDGE('',*,*,#1400,.F.);
#2139=ORIENTED_EDGE('',*,*,#1397,.F.);
#2140=ORIENTED_EDGE('',*,*,#1394,.F.);
#2141=ORIENTED_EDGE('',*,*,#1391,.F.);
#2142=ORIENTED_EDGE('',*,*,#1388,.F.);
#2143=ORIENTED_EDGE('',*,*,#1522,.T.);
#2144=ORIENTED_EDGE('',*,*,#1523,.T.);
#2145=ORIENTED_EDGE('',*,*,#1524,.F.);
#2146=ORIENTED_EDGE('',*,*,#1525,.F.);
#2147=ORIENTED_EDGE('',*,*,#1524,.T.);
#2148=ORIENTED_EDGE('',*,*,#1526,.T.);
#2149=ORIENTED_EDGE('',*,*,#1527,.F.);
#2150=ORIENTED_EDGE('',*,*,#1528,.F.);
#2151=ORIENTED_EDGE('',*,*,#1527,.T.);
#2152=ORIENTED_EDGE('',*,*,#1529,.T.);
#2153=ORIENTED_EDGE('',*,*,#1530,.F.);
#2154=ORIENTED_EDGE('',*,*,#1531,.F.);
#2155=ORIENTED_EDGE('',*,*,#1530,.T.);
#2156=ORIENTED_EDGE('',*,*,#1532,.T.);
#2157=ORIENTED_EDGE('',*,*,#1533,.F.);
#2158=ORIENTED_EDGE('',*,*,#1534,.F.);
#2159=ORIENTED_EDGE('',*,*,#1533,.T.);
#2160=ORIENTED_EDGE('',*,*,#1535,.T.);
#2161=ORIENTED_EDGE('',*,*,#1536,.F.);
#2162=ORIENTED_EDGE('',*,*,#1537,.F.);
#2163=ORIENTED_EDGE('',*,*,#1536,.T.);
#2164=ORIENTED_EDGE('',*,*,#1538,.T.);
#2165=ORIENTED_EDGE('',*,*,#1539,.F.);
#2166=ORIENTED_EDGE('',*,*,#1540,.F.);
#2167=ORIENTED_EDGE('',*,*,#1539,.T.);
#2168=ORIENTED_EDGE('',*,*,#1541,.T.);
#2169=ORIENTED_EDGE('',*,*,#1542,.F.);
#2170=ORIENTED_EDGE('',*,*,#1543,.F.);
#2171=ORIENTED_EDGE('',*,*,#1542,.T.);
#2172=ORIENTED_EDGE('',*,*,#1544,.T.);
#2173=ORIENTED_EDGE('',*,*,#1545,.F.);
#2174=ORIENTED_EDGE('',*,*,#1546,.F.);
#2175=ORIENTED_EDGE('',*,*,#1545,.T.);
#2176=ORIENTED_EDGE('',*,*,#1547,.T.);
#2177=ORIENTED_EDGE('',*,*,#1548,.F.);
#2178=ORIENTED_EDGE('',*,*,#1549,.F.);
#2179=ORIENTED_EDGE('',*,*,#1548,.T.);
#2180=ORIENTED_EDGE('',*,*,#1550,.T.);
#2181=ORIENTED_EDGE('',*,*,#1551,.F.);
#2182=ORIENTED_EDGE('',*,*,#1552,.F.);
#2183=ORIENTED_EDGE('',*,*,#1551,.T.);
#2184=ORIENTED_EDGE('',*,*,#1553,.T.);
#2185=ORIENTED_EDGE('',*,*,#1554,.F.);
#2186=ORIENTED_EDGE('',*,*,#1555,.F.);
#2187=ORIENTED_EDGE('',*,*,#1554,.T.);
#2188=ORIENTED_EDGE('',*,*,#1556,.T.);
#2189=ORIENTED_EDGE('',*,*,#1557,.F.);
#2190=ORIENTED_EDGE('',*,*,#1558,.F.);
#2191=ORIENTED_EDGE('',*,*,#1557,.T.);
#2192=ORIENTED_EDGE('',*,*,#1559,.T.);
#2193=ORIENTED_EDGE('',*,*,#1560,.F.);
#2194=ORIENTED_EDGE('',*,*,#1561,.F.);
#2195=ORIENTED_EDGE('',*,*,#1560,.T.);
#2196=ORIENTED_EDGE('',*,*,#1562,.T.);
#2197=ORIENTED_EDGE('',*,*,#1563,.F.);
#2198=ORIENTED_EDGE('',*,*,#1564,.F.);
#2199=ORIENTED_EDGE('',*,*,#1563,.T.);
#2200=ORIENTED_EDGE('',*,*,#1565,.T.);
#2201=ORIENTED_EDGE('',*,*,#1566,.F.);
#2202=ORIENTED_EDGE('',*,*,#1567,.F.);
#2203=ORIENTED_EDGE('',*,*,#1566,.T.);
#2204=ORIENTED_EDGE('',*,*,#1568,.T.);
#2205=ORIENTED_EDGE('',*,*,#1569,.F.);
#2206=ORIENTED_EDGE('',*,*,#1570,.F.);
#2207=ORIENTED_EDGE('',*,*,#1569,.T.);
#2208=ORIENTED_EDGE('',*,*,#1571,.T.);
#2209=ORIENTED_EDGE('',*,*,#1572,.F.);
#2210=ORIENTED_EDGE('',*,*,#1573,.F.);
#2211=ORIENTED_EDGE('',*,*,#1572,.T.);
#2212=ORIENTED_EDGE('',*,*,#1574,.T.);
#2213=ORIENTED_EDGE('',*,*,#1575,.F.);
#2214=ORIENTED_EDGE('',*,*,#1576,.F.);
#2215=ORIENTED_EDGE('',*,*,#1575,.T.);
#2216=ORIENTED_EDGE('',*,*,#1577,.T.);
#2217=ORIENTED_EDGE('',*,*,#1578,.F.);
#2218=ORIENTED_EDGE('',*,*,#1579,.F.);
#2219=ORIENTED_EDGE('',*,*,#1578,.T.);
#2220=ORIENTED_EDGE('',*,*,#1580,.T.);
#2221=ORIENTED_EDGE('',*,*,#1581,.F.);
#2222=ORIENTED_EDGE('',*,*,#1582,.F.);
#2223=ORIENTED_EDGE('',*,*,#1581,.T.);
#2224=ORIENTED_EDGE('',*,*,#1583,.T.);
#2225=ORIENTED_EDGE('',*,*,#1584,.F.);
#2226=ORIENTED_EDGE('',*,*,#1585,.F.);
#2227=ORIENTED_EDGE('',*,*,#1584,.T.);
#2228=ORIENTED_EDGE('',*,*,#1586,.T.);
#2229=ORIENTED_EDGE('',*,*,#1587,.F.);
#2230=ORIENTED_EDGE('',*,*,#1588,.F.);
#2231=ORIENTED_EDGE('',*,*,#1587,.T.);
#2232=ORIENTED_EDGE('',*,*,#1589,.T.);
#2233=ORIENTED_EDGE('',*,*,#1590,.F.);
#2234=ORIENTED_EDGE('',*,*,#1591,.F.);
#2235=ORIENTED_EDGE('',*,*,#1590,.T.);
#2236=ORIENTED_EDGE('',*,*,#1592,.T.);
#2237=ORIENTED_EDGE('',*,*,#1593,.F.);
#2238=ORIENTED_EDGE('',*,*,#1594,.F.);
#2239=ORIENTED_EDGE('',*,*,#1593,.T.);
#2240=ORIENTED_EDGE('',*,*,#1595,.T.);
#2241=ORIENTED_EDGE('',*,*,#1596,.F.);
#2242=ORIENTED_EDGE('',*,*,#1597,.F.);
#2243=ORIENTED_EDGE('',*,*,#1596,.T.);
#2244=ORIENTED_EDGE('',*,*,#1598,.T.);
#2245=ORIENTED_EDGE('',*,*,#1599,.F.);
#2246=ORIENTED_EDGE('',*,*,#1600,.F.);
#2247=ORIENTED_EDGE('',*,*,#1599,.T.);
#2248=ORIENTED_EDGE('',*,*,#1601,.T.);
#2249=ORIENTED_EDGE('',*,*,#1602,.F.);
#2250=ORIENTED_EDGE('',*,*,#1603,.F.);
#2251=ORIENTED_EDGE('',*,*,#1602,.T.);
#2252=ORIENTED_EDGE('',*,*,#1604,.T.);
#2253=ORIENTED_EDGE('',*,*,#1605,.F.);
#2254=ORIENTED_EDGE('',*,*,#1606,.F.);
#2255=ORIENTED_EDGE('',*,*,#1605,.T.);
#2256=ORIENTED_EDGE('',*,*,#1607,.T.);
#2257=ORIENTED_EDGE('',*,*,#1608,.F.);
#2258=ORIENTED_EDGE('',*,*,#1609,.F.);
#2259=ORIENTED_EDGE('',*,*,#1608,.T.);
#2260=ORIENTED_EDGE('',*,*,#1610,.T.);
#2261=ORIENTED_EDGE('',*,*,#1522,.F.);
#2262=ORIENTED_EDGE('',*,*,#1611,.F.);
#2263=ORIENTED_EDGE('',*,*,#1525,.T.);
#2264=ORIENTED_EDGE('',*,*,#1528,.T.);
#2265=ORIENTED_EDGE('',*,*,#1531,.T.);
#2266=ORIENTED_EDGE('',*,*,#1534,.T.);
#2267=ORIENTED_EDGE('',*,*,#1537,.T.);
#2268=ORIENTED_EDGE('',*,*,#1540,.T.);
#2269=ORIENTED_EDGE('',*,*,#1543,.T.);
#2270=ORIENTED_EDGE('',*,*,#1546,.T.);
#2271=ORIENTED_EDGE('',*,*,#1549,.T.);
#2272=ORIENTED_EDGE('',*,*,#1552,.T.);
#2273=ORIENTED_EDGE('',*,*,#1555,.T.);
#2274=ORIENTED_EDGE('',*,*,#1558,.T.);
#2275=ORIENTED_EDGE('',*,*,#1561,.T.);
#2276=ORIENTED_EDGE('',*,*,#1564,.T.);
#2277=ORIENTED_EDGE('',*,*,#1567,.T.);
#2278=ORIENTED_EDGE('',*,*,#1570,.T.);
#2279=ORIENTED_EDGE('',*,*,#1573,.T.);
#2280=ORIENTED_EDGE('',*,*,#1576,.T.);
#2281=ORIENTED_EDGE('',*,*,#1579,.T.);
#2282=ORIENTED_EDGE('',*,*,#1582,.T.);
#2283=ORIENTED_EDGE('',*,*,#1585,.T.);
#2284=ORIENTED_EDGE('',*,*,#1588,.T.);
#2285=ORIENTED_EDGE('',*,*,#1591,.T.);
#2286=ORIENTED_EDGE('',*,*,#1594,.T.);
#2287=ORIENTED_EDGE('',*,*,#1597,.T.);
#2288=ORIENTED_EDGE('',*,*,#1600,.T.);
#2289=ORIENTED_EDGE('',*,*,#1603,.T.);
#2290=ORIENTED_EDGE('',*,*,#1606,.T.);
#2291=ORIENTED_EDGE('',*,*,#1609,.T.);
#2292=ORIENTED_EDGE('',*,*,#1611,.T.);
#2293=ORIENTED_EDGE('',*,*,#1523,.F.);
#2294=ORIENTED_EDGE('',*,*,#1610,.F.);
#2295=ORIENTED_EDGE('',*,*,#1607,.F.);
#2296=ORIENTED_EDGE('',*,*,#1604,.F.);
#2297=ORIENTED_EDGE('',*,*,#1601,.F.);
#2298=ORIENTED_EDGE('',*,*,#1598,.F.);
#2299=ORIENTED_EDGE('',*,*,#1595,.F.);
#2300=ORIENTED_EDGE('',*,*,#1592,.F.);
#2301=ORIENTED_EDGE('',*,*,#1589,.F.);
#2302=ORIENTED_EDGE('',*,*,#1586,.F.);
#2303=ORIENTED_EDGE('',*,*,#1583,.F.);
#2304=ORIENTED_EDGE('',*,*,#1580,.F.);
#2305=ORIENTED_EDGE('',*,*,#1577,.F.);
#2306=ORIENTED_EDGE('',*,*,#1574,.F.);
#2307=ORIENTED_EDGE('',*,*,#1571,.F.);
#2308=ORIENTED_EDGE('',*,*,#1568,.F.);
#2309=ORIENTED_EDGE('',*,*,#1565,.F.);
#2310=ORIENTED_EDGE('',*,*,#1562,.F.);
#2311=ORIENTED_EDGE('',*,*,#1559,.F.);
#2312=ORIENTED_EDGE('',*,*,#1556,.F.);
#2313=ORIENTED_EDGE('',*,*,#1553,.F.);
#2314=ORIENTED_EDGE('',*,*,#1550,.F.);
#2315=ORIENTED_EDGE('',*,*,#1547,.F.);
#2316=ORIENTED_EDGE('',*,*,#1544,.F.);
#2317=ORIENTED_EDGE('',*,*,#1541,.F.);
#2318=ORIENTED_EDGE('',*,*,#1538,.F.);
#2319=ORIENTED_EDGE('',*,*,#1535,.F.);
#2320=ORIENTED_EDGE('',*,*,#1532,.F.);
#2321=ORIENTED_EDGE('',*,*,#1529,.F.);
#2322=ORIENTED_EDGE('',*,*,#1526,.F.);
#2323=ORIENTED_EDGE('',*,*,#1612,.T.);
#2324=ORIENTED_EDGE('',*,*,#1613,.T.);
#2325=ORIENTED_EDGE('',*,*,#1614,.F.);
#2326=ORIENTED_EDGE('',*,*,#1615,.F.);
#2327=ORIENTED_EDGE('',*,*,#1614,.T.);
#2328=ORIENTED_EDGE('',*,*,#1616,.T.);
#2329=ORIENTED_EDGE('',*,*,#1617,.F.);
#2330=ORIENTED_EDGE('',*,*,#1618,.F.);
#2331=ORIENTED_EDGE('',*,*,#1617,.T.);
#2332=ORIENTED_EDGE('',*,*,#1619,.T.);
#2333=ORIENTED_EDGE('',*,*,#1620,.F.);
#2334=ORIENTED_EDGE('',*,*,#1621,.F.);
#2335=ORIENTED_EDGE('',*,*,#1620,.T.);
#2336=ORIENTED_EDGE('',*,*,#1622,.T.);
#2337=ORIENTED_EDGE('',*,*,#1623,.F.);
#2338=ORIENTED_EDGE('',*,*,#1624,.F.);
#2339=ORIENTED_EDGE('',*,*,#1623,.T.);
#2340=ORIENTED_EDGE('',*,*,#1625,.T.);
#2341=ORIENTED_EDGE('',*,*,#1626,.F.);
#2342=ORIENTED_EDGE('',*,*,#1627,.F.);
#2343=ORIENTED_EDGE('',*,*,#1626,.T.);
#2344=ORIENTED_EDGE('',*,*,#1628,.T.);
#2345=ORIENTED_EDGE('',*,*,#1629,.F.);
#2346=ORIENTED_EDGE('',*,*,#1630,.F.);
#2347=ORIENTED_EDGE('',*,*,#1629,.T.);
#2348=ORIENTED_EDGE('',*,*,#1631,.T.);
#2349=ORIENTED_EDGE('',*,*,#1632,.F.);
#2350=ORIENTED_EDGE('',*,*,#1633,.F.);
#2351=ORIENTED_EDGE('',*,*,#1632,.T.);
#2352=ORIENTED_EDGE('',*,*,#1634,.T.);
#2353=ORIENTED_EDGE('',*,*,#1635,.F.);
#2354=ORIENTED_EDGE('',*,*,#1636,.F.);
#2355=ORIENTED_EDGE('',*,*,#1635,.T.);
#2356=ORIENTED_EDGE('',*,*,#1637,.T.);
#2357=ORIENTED_EDGE('',*,*,#1638,.F.);
#2358=ORIENTED_EDGE('',*,*,#1639,.F.);
#2359=ORIENTED_EDGE('',*,*,#1638,.T.);
#2360=ORIENTED_EDGE('',*,*,#1640,.T.);
#2361=ORIENTED_EDGE('',*,*,#1641,.F.);
#2362=ORIENTED_EDGE('',*,*,#1642,.F.);
#2363=ORIENTED_EDGE('',*,*,#1641,.T.);
#2364=ORIENTED_EDGE('',*,*,#1643,.T.);
#2365=ORIENTED_EDGE('',*,*,#1644,.F.);
#2366=ORIENTED_EDGE('',*,*,#1645,.F.);
#2367=ORIENTED_EDGE('',*,*,#1644,.T.);
#2368=ORIENTED_EDGE('',*,*,#1646,.T.);
#2369=ORIENTED_EDGE('',*,*,#1647,.F.);
#2370=ORIENTED_EDGE('',*,*,#1648,.F.);
#2371=ORIENTED_EDGE('',*,*,#1647,.T.);
#2372=ORIENTED_EDGE('',*,*,#1649,.T.);
#2373=ORIENTED_EDGE('',*,*,#1650,.F.);
#2374=ORIENTED_EDGE('',*,*,#1651,.F.);
#2375=ORIENTED_EDGE('',*,*,#1650,.T.);
#2376=ORIENTED_EDGE('',*,*,#1652,.T.);
#2377=ORIENTED_EDGE('',*,*,#1653,.F.);
#2378=ORIENTED_EDGE('',*,*,#1654,.F.);
#2379=ORIENTED_EDGE('',*,*,#1653,.T.);
#2380=ORIENTED_EDGE('',*,*,#1655,.T.);
#2381=ORIENTED_EDGE('',*,*,#1656,.F.);
#2382=ORIENTED_EDGE('',*,*,#1657,.F.);
#2383=ORIENTED_EDGE('',*,*,#1656,.T.);
#2384=ORIENTED_EDGE('',*,*,#1658,.T.);
#2385=ORIENTED_EDGE('',*,*,#1659,.F.);
#2386=ORIENTED_EDGE('',*,*,#1660,.F.);
#2387=ORIENTED_EDGE('',*,*,#1659,.T.);
#2388=ORIENTED_EDGE('',*,*,#1661,.T.);
#2389=ORIENTED_EDGE('',*,*,#1662,.F.);
#2390=ORIENTED_EDGE('',*,*,#1663,.F.);
#2391=ORIENTED_EDGE('',*,*,#1662,.T.);
#2392=ORIENTED_EDGE('',*,*,#1664,.T.);
#2393=ORIENTED_EDGE('',*,*,#1665,.F.);
#2394=ORIENTED_EDGE('',*,*,#1666,.F.);
#2395=ORIENTED_EDGE('',*,*,#1665,.T.);
#2396=ORIENTED_EDGE('',*,*,#1667,.T.);
#2397=ORIENTED_EDGE('',*,*,#1668,.F.);
#2398=ORIENTED_EDGE('',*,*,#1669,.F.);
#2399=ORIENTED_EDGE('',*,*,#1668,.T.);
#2400=ORIENTED_EDGE('',*,*,#1670,.T.);
#2401=ORIENTED_EDGE('',*,*,#1671,.F.);
#2402=ORIENTED_EDGE('',*,*,#1672,.F.);
#2403=ORIENTED_EDGE('',*,*,#1671,.T.);
#2404=ORIENTED_EDGE('',*,*,#1673,.T.);
#2405=ORIENTED_EDGE('',*,*,#1612,.F.);
#2406=ORIENTED_EDGE('',*,*,#1674,.F.);
#2407=ORIENTED_EDGE('',*,*,#1615,.T.);
#2408=ORIENTED_EDGE('',*,*,#1618,.T.);
#2409=ORIENTED_EDGE('',*,*,#1621,.T.);
#2410=ORIENTED_EDGE('',*,*,#1624,.T.);
#2411=ORIENTED_EDGE('',*,*,#1627,.T.);
#2412=ORIENTED_EDGE('',*,*,#1630,.T.);
#2413=ORIENTED_EDGE('',*,*,#1633,.T.);
#2414=ORIENTED_EDGE('',*,*,#1636,.T.);
#2415=ORIENTED_EDGE('',*,*,#1639,.T.);
#2416=ORIENTED_EDGE('',*,*,#1642,.T.);
#2417=ORIENTED_EDGE('',*,*,#1645,.T.);
#2418=ORIENTED_EDGE('',*,*,#1648,.T.);
#2419=ORIENTED_EDGE('',*,*,#1651,.T.);
#2420=ORIENTED_EDGE('',*,*,#1654,.T.);
#2421=ORIENTED_EDGE('',*,*,#1657,.T.);
#2422=ORIENTED_EDGE('',*,*,#1660,.T.);
#2423=ORIENTED_EDGE('',*,*,#1663,.T.);
#2424=ORIENTED_EDGE('',*,*,#1666,.T.);
#2425=ORIENTED_EDGE('',*,*,#1669,.T.);
#2426=ORIENTED_EDGE('',*,*,#1672,.T.);
#2427=ORIENTED_EDGE('',*,*,#1674,.T.);
#2428=ORIENTED_EDGE('',*,*,#1613,.F.);
#2429=ORIENTED_EDGE('',*,*,#1673,.F.);
#2430=ORIENTED_EDGE('',*,*,#1670,.F.);
#2431=ORIENTED_EDGE('',*,*,#1667,.F.);
#2432=ORIENTED_EDGE('',*,*,#1664,.F.);
#2433=ORIENTED_EDGE('',*,*,#1661,.F.);
#2434=ORIENTED_EDGE('',*,*,#1658,.F.);
#2435=ORIENTED_EDGE('',*,*,#1655,.F.);
#2436=ORIENTED_EDGE('',*,*,#1652,.F.);
#2437=ORIENTED_EDGE('',*,*,#1649,.F.);
#2438=ORIENTED_EDGE('',*,*,#1646,.F.);
#2439=ORIENTED_EDGE('',*,*,#1643,.F.);
#2440=ORIENTED_EDGE('',*,*,#1640,.F.);
#2441=ORIENTED_EDGE('',*,*,#1637,.F.);
#2442=ORIENTED_EDGE('',*,*,#1634,.F.);
#2443=ORIENTED_EDGE('',*,*,#1631,.F.);
#2444=ORIENTED_EDGE('',*,*,#1628,.F.);
#2445=ORIENTED_EDGE('',*,*,#1625,.F.);
#2446=ORIENTED_EDGE('',*,*,#1622,.F.);
#2447=ORIENTED_EDGE('',*,*,#1619,.F.);
#2448=ORIENTED_EDGE('',*,*,#1616,.F.);
#2449=PLANE('',#2914);
#2450=PLANE('',#2915);
#2451=PLANE('',#2916);
#2452=PLANE('',#2921);
#2453=PLANE('',#2922);
#2454=PLANE('',#2923);
#2455=PLANE('',#2948);
#2456=PLANE('',#2949);
#2457=PLANE('',#2950);
#2458=PLANE('',#2955);
#2459=PLANE('',#2956);
#2460=PLANE('',#2957);
#2461=PLANE('',#2982);
#2462=PLANE('',#2987);
#2463=PLANE('',#2992);
#2464=PLANE('',#2994);
#2465=PLANE('',#2996);
#2466=PLANE('',#2998);
#2467=PLANE('',#3001);
#2468=PLANE('',#3002);
#2469=PLANE('',#3003);
#2470=PLANE('',#3004);
#2471=PLANE('',#3005);
#2472=PLANE('',#3006);
#2473=PLANE('',#3007);
#2474=PLANE('',#3008);
#2475=PLANE('',#3009);
#2476=PLANE('',#3010);
#2477=PLANE('',#3011);
#2478=PLANE('',#3012);
#2479=PLANE('',#3013);
#2480=PLANE('',#3014);
#2481=PLANE('',#3015);
#2482=PLANE('',#3016);
#2483=PLANE('',#3017);
#2484=PLANE('',#3018);
#2485=PLANE('',#3019);
#2486=PLANE('',#3020);
#2487=PLANE('',#3021);
#2488=PLANE('',#3022);
#2489=PLANE('',#3023);
#2490=PLANE('',#3024);
#2491=PLANE('',#3025);
#2492=PLANE('',#3026);
#2493=PLANE('',#3027);
#2494=PLANE('',#3028);
#2495=PLANE('',#3029);
#2496=PLANE('',#3030);
#2497=PLANE('',#3031);
#2498=PLANE('',#3032);
#2499=PLANE('',#3033);
#2500=PLANE('',#3034);
#2501=PLANE('',#3035);
#2502=PLANE('',#3036);
#2503=PLANE('',#3037);
#2504=PLANE('',#3038);
#2505=PLANE('',#3039);
#2506=PLANE('',#3040);
#2507=PLANE('',#3041);
#2508=PLANE('',#3042);
#2509=PLANE('',#3043);
#2510=PLANE('',#3044);
#2511=PLANE('',#3045);
#2512=PLANE('',#3046);
#2513=PLANE('',#3047);
#2514=PLANE('',#3048);
#2515=PLANE('',#3049);
#2516=PLANE('',#3050);
#2517=PLANE('',#3051);
#2518=PLANE('',#3052);
#2519=STYLED_ITEM('',(#2852),#2674);
#2520=STYLED_ITEM('',(#2852),#2675);
#2521=STYLED_ITEM('',(#2852),#2676);
#2522=STYLED_ITEM('',(#2852),#2677);
#2523=STYLED_ITEM('',(#2852),#2678);
#2524=STYLED_ITEM('',(#2852),#2679);
#2525=STYLED_ITEM('',(#2852),#2680);
#2526=STYLED_ITEM('',(#2852),#2681);
#2527=STYLED_ITEM('',(#2852),#2682);
#2528=STYLED_ITEM('',(#2852),#2683);
#2529=STYLED_ITEM('',(#2852),#2684);
#2530=STYLED_ITEM('',(#2852),#2685);
#2531=STYLED_ITEM('',(#2852),#2686);
#2532=STYLED_ITEM('',(#2852),#2687);
#2533=STYLED_ITEM('',(#2852),#2688);
#2534=STYLED_ITEM('',(#2852),#2689);
#2535=STYLED_ITEM('',(#2852),#2690);
#2536=STYLED_ITEM('',(#2852),#2691);
#2537=STYLED_ITEM('',(#2853),#176);
#2538=STYLED_ITEM('',(#2852),#2692);
#2539=STYLED_ITEM('',(#2852),#2693);
#2540=STYLED_ITEM('',(#2852),#2694);
#2541=STYLED_ITEM('',(#2852),#2695);
#2542=STYLED_ITEM('',(#2852),#2696);
#2543=STYLED_ITEM('',(#2852),#2697);
#2544=STYLED_ITEM('',(#2852),#2698);
#2545=STYLED_ITEM('',(#2852),#2699);
#2546=STYLED_ITEM('',(#2852),#2700);
#2547=STYLED_ITEM('',(#2852),#2701);
#2548=STYLED_ITEM('',(#2852),#2702);
#2549=STYLED_ITEM('',(#2852),#2703);
#2550=STYLED_ITEM('',(#2852),#2704);
#2551=STYLED_ITEM('',(#2852),#2705);
#2552=STYLED_ITEM('',(#2852),#2706);
#2553=STYLED_ITEM('',(#2852),#2707);
#2554=STYLED_ITEM('',(#2852),#2708);
#2555=STYLED_ITEM('',(#2852),#2709);
#2556=STYLED_ITEM('',(#2853),#177);
#2557=STYLED_ITEM('',(#2855),#2710);
#2558=STYLED_ITEM('',(#2855),#2711);
#2559=STYLED_ITEM('',(#2855),#2712);
#2560=STYLED_ITEM('',(#2855),#2713);
#2561=STYLED_ITEM('',(#2855),#2714);
#2562=STYLED_ITEM('',(#2855),#2715);
#2563=STYLED_ITEM('',(#2855),#2716);
#2564=STYLED_ITEM('',(#2855),#2717);
#2565=STYLED_ITEM('',(#2855),#2718);
#2566=STYLED_ITEM('',(#2855),#2719);
#2567=STYLED_ITEM('',(#2854),#178);
#2568=STYLED_ITEM('',(#2856),#2720);
#2569=STYLED_ITEM('',(#2856),#2721);
#2570=STYLED_ITEM('',(#2856),#2722);
#2571=STYLED_ITEM('',(#2856),#2723);
#2572=STYLED_ITEM('',(#2856),#2724);
#2573=STYLED_ITEM('',(#2856),#2725);
#2574=STYLED_ITEM('',(#2856),#2726);
#2575=STYLED_ITEM('',(#2856),#2727);
#2576=STYLED_ITEM('',(#2856),#2728);
#2577=STYLED_ITEM('',(#2856),#2729);
#2578=STYLED_ITEM('',(#2856),#2730);
#2579=STYLED_ITEM('',(#2856),#2731);
#2580=STYLED_ITEM('',(#2856),#2732);
#2581=STYLED_ITEM('',(#2856),#2733);
#2582=STYLED_ITEM('',(#2856),#2734);
#2583=STYLED_ITEM('',(#2856),#2735);
#2584=STYLED_ITEM('',(#2856),#2736);
#2585=STYLED_ITEM('',(#2856),#2737);
#2586=STYLED_ITEM('',(#2856),#2738);
#2587=STYLED_ITEM('',(#2856),#2739);
#2588=STYLED_ITEM('',(#2856),#2740);
#2589=STYLED_ITEM('',(#2856),#2741);
#2590=STYLED_ITEM('',(#2856),#2742);
#2591=STYLED_ITEM('',(#2856),#2743);
#2592=STYLED_ITEM('',(#2856),#2744);
#2593=STYLED_ITEM('',(#2856),#2745);
#2594=STYLED_ITEM('',(#2856),#2746);
#2595=STYLED_ITEM('',(#2856),#2747);
#2596=STYLED_ITEM('',(#2856),#2748);
#2597=STYLED_ITEM('',(#2856),#2749);
#2598=STYLED_ITEM('',(#2856),#2750);
#2599=STYLED_ITEM('',(#2856),#2751);
#2600=STYLED_ITEM('',(#2856),#2752);
#2601=STYLED_ITEM('',(#2856),#2753);
#2602=STYLED_ITEM('',(#2856),#2754);
#2603=STYLED_ITEM('',(#2856),#2755);
#2604=STYLED_ITEM('',(#2856),#2756);
#2605=STYLED_ITEM('',(#2856),#2757);
#2606=STYLED_ITEM('',(#2856),#2758);
#2607=STYLED_ITEM('',(#2856),#2759);
#2608=STYLED_ITEM('',(#2856),#2760);
#2609=STYLED_ITEM('',(#2856),#2761);
#2610=STYLED_ITEM('',(#2856),#2762);
#2611=STYLED_ITEM('',(#2856),#2763);
#2612=STYLED_ITEM('',(#2856),#2764);
#2613=STYLED_ITEM('',(#2856),#2765);
#2614=STYLED_ITEM('',(#2856),#2766);
#2615=STYLED_ITEM('',(#2856),#2767);
#2616=STYLED_ITEM('',(#2857),#179);
#2617=STYLED_ITEM('',(#2856),#2768);
#2618=STYLED_ITEM('',(#2856),#2769);
#2619=STYLED_ITEM('',(#2856),#2770);
#2620=STYLED_ITEM('',(#2856),#2771);
#2621=STYLED_ITEM('',(#2856),#2772);
#2622=STYLED_ITEM('',(#2856),#2773);
#2623=STYLED_ITEM('',(#2856),#2774);
#2624=STYLED_ITEM('',(#2856),#2775);
#2625=STYLED_ITEM('',(#2856),#2776);
#2626=STYLED_ITEM('',(#2856),#2777);
#2627=STYLED_ITEM('',(#2856),#2778);
#2628=STYLED_ITEM('',(#2856),#2779);
#2629=STYLED_ITEM('',(#2856),#2780);
#2630=STYLED_ITEM('',(#2856),#2781);
#2631=STYLED_ITEM('',(#2856),#2782);
#2632=STYLED_ITEM('',(#2856),#2783);
#2633=STYLED_ITEM('',(#2856),#2784);
#2634=STYLED_ITEM('',(#2856),#2785);
#2635=STYLED_ITEM('',(#2856),#2786);
#2636=STYLED_ITEM('',(#2856),#2787);
#2637=STYLED_ITEM('',(#2856),#2788);
#2638=STYLED_ITEM('',(#2856),#2789);
#2639=STYLED_ITEM('',(#2856),#2790);
#2640=STYLED_ITEM('',(#2856),#2791);
#2641=STYLED_ITEM('',(#2856),#2792);
#2642=STYLED_ITEM('',(#2856),#2793);
#2643=STYLED_ITEM('',(#2856),#2794);
#2644=STYLED_ITEM('',(#2856),#2795);
#2645=STYLED_ITEM('',(#2856),#2796);
#2646=STYLED_ITEM('',(#2856),#2797);
#2647=STYLED_ITEM('',(#2856),#2798);
#2648=STYLED_ITEM('',(#2856),#2799);
#2649=STYLED_ITEM('',(#2857),#180);
#2650=STYLED_ITEM('',(#2856),#2800);
#2651=STYLED_ITEM('',(#2856),#2801);
#2652=STYLED_ITEM('',(#2856),#2802);
#2653=STYLED_ITEM('',(#2856),#2803);
#2654=STYLED_ITEM('',(#2856),#2804);
#2655=STYLED_ITEM('',(#2856),#2805);
#2656=STYLED_ITEM('',(#2856),#2806);
#2657=STYLED_ITEM('',(#2856),#2807);
#2658=STYLED_ITEM('',(#2856),#2808);
#2659=STYLED_ITEM('',(#2856),#2809);
#2660=STYLED_ITEM('',(#2856),#2810);
#2661=STYLED_ITEM('',(#2856),#2811);
#2662=STYLED_ITEM('',(#2856),#2812);
#2663=STYLED_ITEM('',(#2856),#2813);
#2664=STYLED_ITEM('',(#2856),#2814);
#2665=STYLED_ITEM('',(#2856),#2815);
#2666=STYLED_ITEM('',(#2856),#2816);
#2667=STYLED_ITEM('',(#2856),#2817);
#2668=STYLED_ITEM('',(#2856),#2818);
#2669=STYLED_ITEM('',(#2856),#2819);
#2670=STYLED_ITEM('',(#2856),#2820);
#2671=STYLED_ITEM('',(#2856),#2821);
#2672=STYLED_ITEM('',(#2856),#2822);
#2673=STYLED_ITEM('',(#2857),#181);
#2674=ADVANCED_FACE('',(#250),#2449,.F.);
#2675=ADVANCED_FACE('',(#251),#2450,.F.);
#2676=ADVANCED_FACE('',(#252),#2451,.F.);
#2677=ADVANCED_FACE('',(#253),#2452,.F.);
#2678=ADVANCED_FACE('',(#254),#2453,.T.);
#2679=ADVANCED_FACE('',(#255),#2454,.F.);
#2680=ADVANCED_FACE('',(#256),#190,.T.);
#2681=ADVANCED_FACE('',(#257),#191,.T.);
#2682=ADVANCED_FACE('',(#258),#192,.T.);
#2683=ADVANCED_FACE('',(#259),#182,.T.);
#2684=ADVANCED_FACE('',(#260),#183,.T.);
#2685=ADVANCED_FACE('',(#261),#193,.T.);
#2686=ADVANCED_FACE('',(#262),#194,.T.);
#2687=ADVANCED_FACE('',(#263),#195,.T.);
#2688=ADVANCED_FACE('',(#264),#196,.T.);
#2689=ADVANCED_FACE('',(#265),#184,.T.);
#2690=ADVANCED_FACE('',(#266),#185,.T.);
#2691=ADVANCED_FACE('',(#267),#197,.T.);
#2692=ADVANCED_FACE('',(#268),#2455,.F.);
#2693=ADVANCED_FACE('',(#269),#2456,.F.);
#2694=ADVANCED_FACE('',(#270),#2457,.F.);
#2695=ADVANCED_FACE('',(#271),#2458,.F.);
#2696=ADVANCED_FACE('',(#272),#2459,.T.);
#2697=ADVANCED_FACE('',(#273),#2460,.F.);
#2698=ADVANCED_FACE('',(#274),#198,.T.);
#2699=ADVANCED_FACE('',(#275),#199,.T.);
#2700=ADVANCED_FACE('',(#276),#200,.T.);
#2701=ADVANCED_FACE('',(#277),#186,.T.);
#2702=ADVANCED_FACE('',(#278),#187,.T.);
#2703=ADVANCED_FACE('',(#279),#201,.T.);
#2704=ADVANCED_FACE('',(#280),#202,.T.);
#2705=ADVANCED_FACE('',(#281),#203,.T.);
#2706=ADVANCED_FACE('',(#282),#204,.T.);
#2707=ADVANCED_FACE('',(#283),#188,.T.);
#2708=ADVANCED_FACE('',(#284),#189,.T.);
#2709=ADVANCED_FACE('',(#285),#205,.T.);
#2710=ADVANCED_FACE('',(#286),#2461,.T.);
#2711=ADVANCED_FACE('',(#287),#2462,.F.);
#2712=ADVANCED_FACE('',(#288),#2463,.F.);
#2713=ADVANCED_FACE('',(#289),#206,.T.);
#2714=ADVANCED_FACE('',(#290),#2464,.F.);
#2715=ADVANCED_FACE('',(#291),#207,.T.);
#2716=ADVANCED_FACE('',(#292),#2465,.F.);
#2717=ADVANCED_FACE('',(#293),#208,.T.);
#2718=ADVANCED_FACE('',(#294),#2466,.F.);
#2719=ADVANCED_FACE('',(#295),#209,.T.);
#2720=ADVANCED_FACE('',(#296),#121,.T.);
#2721=ADVANCED_FACE('',(#297),#2467,.T.);
#2722=ADVANCED_FACE('',(#298),#2468,.T.);
#2723=ADVANCED_FACE('',(#299),#2469,.T.);
#2724=ADVANCED_FACE('',(#300),#122,.T.);
#2725=ADVANCED_FACE('',(#301),#2470,.T.);
#2726=ADVANCED_FACE('',(#302),#2471,.T.);
#2727=ADVANCED_FACE('',(#303),#123,.T.);
#2728=ADVANCED_FACE('',(#304),#124,.T.);
#2729=ADVANCED_FACE('',(#305),#125,.T.);
#2730=ADVANCED_FACE('',(#306),#126,.T.);
#2731=ADVANCED_FACE('',(#307),#127,.T.);
#2732=ADVANCED_FACE('',(#308),#128,.T.);
#2733=ADVANCED_FACE('',(#309),#2472,.T.);
#2734=ADVANCED_FACE('',(#310),#2473,.T.);
#2735=ADVANCED_FACE('',(#311),#2474,.T.);
#2736=ADVANCED_FACE('',(#312),#129,.T.);
#2737=ADVANCED_FACE('',(#313),#130,.T.);
#2738=ADVANCED_FACE('',(#314),#2475,.T.);
#2739=ADVANCED_FACE('',(#315),#2476,.T.);
#2740=ADVANCED_FACE('',(#316),#2477,.T.);
#2741=ADVANCED_FACE('',(#317),#2478,.T.);
#2742=ADVANCED_FACE('',(#318),#131,.T.);
#2743=ADVANCED_FACE('',(#319),#132,.T.);
#2744=ADVANCED_FACE('',(#320),#133,.T.);
#2745=ADVANCED_FACE('',(#321),#134,.T.);
#2746=ADVANCED_FACE('',(#322),#135,.T.);
#2747=ADVANCED_FACE('',(#323),#2479,.T.);
#2748=ADVANCED_FACE('',(#324),#2480,.T.);
#2749=ADVANCED_FACE('',(#325),#136,.T.);
#2750=ADVANCED_FACE('',(#326),#137,.T.);
#2751=ADVANCED_FACE('',(#327),#2481,.T.);
#2752=ADVANCED_FACE('',(#328),#2482,.T.);
#2753=ADVANCED_FACE('',(#329),#138,.T.);
#2754=ADVANCED_FACE('',(#330),#139,.T.);
#2755=ADVANCED_FACE('',(#331),#140,.T.);
#2756=ADVANCED_FACE('',(#332),#141,.T.);
#2757=ADVANCED_FACE('',(#333),#2483,.T.);
#2758=ADVANCED_FACE('',(#334),#2484,.T.);
#2759=ADVANCED_FACE('',(#335),#2485,.T.);
#2760=ADVANCED_FACE('',(#336),#142,.T.);
#2761=ADVANCED_FACE('',(#337),#143,.T.);
#2762=ADVANCED_FACE('',(#338),#144,.T.);
#2763=ADVANCED_FACE('',(#339),#2486,.T.);
#2764=ADVANCED_FACE('',(#340),#2487,.T.);
#2765=ADVANCED_FACE('',(#341),#2488,.T.);
#2766=ADVANCED_FACE('',(#342),#2489,.F.);
#2767=ADVANCED_FACE('',(#343),#2490,.T.);
#2768=ADVANCED_FACE('',(#344),#145,.T.);
#2769=ADVANCED_FACE('',(#345),#146,.T.);
#2770=ADVANCED_FACE('',(#346),#147,.T.);
#2771=ADVANCED_FACE('',(#347),#148,.T.);
#2772=ADVANCED_FACE('',(#348),#2491,.T.);
#2773=ADVANCED_FACE('',(#349),#2492,.T.);
#2774=ADVANCED_FACE('',(#350),#2493,.T.);
#2775=ADVANCED_FACE('',(#351),#149,.T.);
#2776=ADVANCED_FACE('',(#352),#2494,.T.);
#2777=ADVANCED_FACE('',(#353),#2495,.T.);
#2778=ADVANCED_FACE('',(#354),#150,.T.);
#2779=ADVANCED_FACE('',(#355),#151,.T.);
#2780=ADVANCED_FACE('',(#356),#152,.T.);
#2781=ADVANCED_FACE('',(#357),#153,.T.);
#2782=ADVANCED_FACE('',(#358),#2496,.T.);
#2783=ADVANCED_FACE('',(#359),#2497,.T.);
#2784=ADVANCED_FACE('',(#360),#2498,.T.);
#2785=ADVANCED_FACE('',(#361),#2499,.T.);
#2786=ADVANCED_FACE('',(#362),#154,.T.);
#2787=ADVANCED_FACE('',(#363),#155,.T.);
#2788=ADVANCED_FACE('',(#364),#2500,.T.);
#2789=ADVANCED_FACE('',(#365),#2501,.T.);
#2790=ADVANCED_FACE('',(#366),#2502,.T.);
#2791=ADVANCED_FACE('',(#367),#156,.T.);
#2792=ADVANCED_FACE('',(#368),#157,.T.);
#2793=ADVANCED_FACE('',(#369),#158,.T.);
#2794=ADVANCED_FACE('',(#370),#159,.T.);
#2795=ADVANCED_FACE('',(#371),#2503,.T.);
#2796=ADVANCED_FACE('',(#372),#2504,.T.);
#2797=ADVANCED_FACE('',(#373),#2505,.T.);
#2798=ADVANCED_FACE('',(#374),#2506,.F.);
#2799=ADVANCED_FACE('',(#375),#2507,.T.);
#2800=ADVANCED_FACE('',(#376),#160,.T.);
#2801=ADVANCED_FACE('',(#377),#2508,.T.);
#2802=ADVANCED_FACE('',(#378),#2509,.T.);
#2803=ADVANCED_FACE('',(#379),#161,.T.);
#2804=ADVANCED_FACE('',(#380),#162,.T.);
#2805=ADVANCED_FACE('',(#381),#163,.T.);
#2806=ADVANCED_FACE('',(#382),#164,.T.);
#2807=ADVANCED_FACE('',(#383),#2510,.T.);
#2808=ADVANCED_FACE('',(#384),#2511,.T.);
#2809=ADVANCED_FACE('',(#385),#2512,.T.);
#2810=ADVANCED_FACE('',(#386),#165,.T.);
#2811=ADVANCED_FACE('',(#387),#166,.T.);
#2812=ADVANCED_FACE('',(#388),#167,.T.);
#2813=ADVANCED_FACE('',(#389),#168,.T.);
#2814=ADVANCED_FACE('',(#390),#2513,.T.);
#2815=ADVANCED_FACE('',(#391),#2514,.T.);
#2816=ADVANCED_FACE('',(#392),#169,.T.);
#2817=ADVANCED_FACE('',(#393),#170,.T.);
#2818=ADVANCED_FACE('',(#394),#2515,.T.);
#2819=ADVANCED_FACE('',(#395),#2516,.T.);
#2820=ADVANCED_FACE('',(#396),#171,.T.);
#2821=ADVANCED_FACE('',(#397),#2517,.F.);
#2822=ADVANCED_FACE('',(#398),#2518,.T.);
#2823=CLOSED_SHELL('',(#2674,#2675,#2676,#2677,#2678,#2679,#2680,#2681,
#2682,#2683,#2684,#2685,#2686,#2687,#2688,#2689,#2690,#2691));
#2824=CLOSED_SHELL('',(#2692,#2693,#2694,#2695,#2696,#2697,#2698,#2699,
#2700,#2701,#2702,#2703,#2704,#2705,#2706,#2707,#2708,#2709));
#2825=CLOSED_SHELL('',(#2710,#2711,#2712,#2713,#2714,#2715,#2716,#2717,
#2718,#2719));
#2826=CLOSED_SHELL('',(#2720,#2721,#2722,#2723,#2724,#2725,#2726,#2727,
#2728,#2729,#2730,#2731,#2732,#2733,#2734,#2735,#2736,#2737,#2738,#2739,
#2740,#2741,#2742,#2743,#2744,#2745,#2746,#2747,#2748,#2749,#2750,#2751,
#2752,#2753,#2754,#2755,#2756,#2757,#2758,#2759,#2760,#2761,#2762,#2763,
#2764,#2765,#2766,#2767));
#2827=CLOSED_SHELL('',(#2768,#2769,#2770,#2771,#2772,#2773,#2774,#2775,
#2776,#2777,#2778,#2779,#2780,#2781,#2782,#2783,#2784,#2785,#2786,#2787,
#2788,#2789,#2790,#2791,#2792,#2793,#2794,#2795,#2796,#2797,#2798,#2799));
#2828=CLOSED_SHELL('',(#2800,#2801,#2802,#2803,#2804,#2805,#2806,#2807,
#2808,#2809,#2810,#2811,#2812,#2813,#2814,#2815,#2816,#2817,#2818,#2819,
#2820,#2821,#2822));
#2829=DERIVED_UNIT_ELEMENT(#2833,1.);
#2830=DERIVED_UNIT_ELEMENT(#5049,3.);
#2831=DERIVED_UNIT_ELEMENT(#2833,1.);
#2832=DERIVED_UNIT_ELEMENT(#5049,3.);
#2833=(
MASS_UNIT()
NAMED_UNIT(*)
SI_UNIT($,.GRAM.)
);
#2834=DERIVED_UNIT((#2829,#2830));
#2835=DERIVED_UNIT((#2831,#2832));
#2836=MEASURE_REPRESENTATION_ITEM('density measure',
POSITIVE_RATIO_MEASURE(1.),#2834);
#2837=MEASURE_REPRESENTATION_ITEM('density measure',
POSITIVE_RATIO_MEASURE(1.),#2835);
#2838=PROPERTY_DEFINITION_REPRESENTATION(#2848,#2842);
#2839=PROPERTY_DEFINITION_REPRESENTATION(#2849,#2843);
#2840=PROPERTY_DEFINITION_REPRESENTATION(#2850,#2844);
#2841=PROPERTY_DEFINITION_REPRESENTATION(#2851,#2845);
#2842=REPRESENTATION('material name',(#2846),#5045);
#2843=REPRESENTATION('density',(#2836),#5045);
#2844=REPRESENTATION('material name',(#2847),#5046);
#2845=REPRESENTATION('density',(#2837),#5046);
#2846=DESCRIPTIVE_REPRESENTATION_ITEM('Generic','Generic');
#2847=DESCRIPTIVE_REPRESENTATION_ITEM('Generic','Generic');
#2848=PROPERTY_DEFINITION('material property','material name',#5065);
#2849=PROPERTY_DEFINITION('material property','density of part',#5065);
#2850=PROPERTY_DEFINITION('material property','material name',#5066);
#2851=PROPERTY_DEFINITION('material property','density of part',#5066);
#2852=PRESENTATION_STYLE_ASSIGNMENT((#2858));
#2853=PRESENTATION_STYLE_ASSIGNMENT((#2859));
#2854=PRESENTATION_STYLE_ASSIGNMENT((#2860));
#2855=PRESENTATION_STYLE_ASSIGNMENT((#2861));
#2856=PRESENTATION_STYLE_ASSIGNMENT((#2862));
#2857=PRESENTATION_STYLE_ASSIGNMENT((#2863));
#2858=SURFACE_STYLE_USAGE(.BOTH.,#2864);
#2859=SURFACE_STYLE_USAGE(.BOTH.,#2865);
#2860=SURFACE_STYLE_USAGE(.BOTH.,#2866);
#2861=SURFACE_STYLE_USAGE(.BOTH.,#2867);
#2862=SURFACE_STYLE_USAGE(.BOTH.,#2868);
#2863=SURFACE_STYLE_USAGE(.BOTH.,#2869);
#2864=SURFACE_SIDE_STYLE('',(#2870));
#2865=SURFACE_SIDE_STYLE('',(#2871));
#2866=SURFACE_SIDE_STYLE('',(#2872));
#2867=SURFACE_SIDE_STYLE('',(#2873));
#2868=SURFACE_SIDE_STYLE('',(#2874));
#2869=SURFACE_SIDE_STYLE('',(#2875));
#2870=SURFACE_STYLE_FILL_AREA(#2876);
#2871=SURFACE_STYLE_FILL_AREA(#2877);
#2872=SURFACE_STYLE_FILL_AREA(#2878);
#2873=SURFACE_STYLE_FILL_AREA(#2879);
#2874=SURFACE_STYLE_FILL_AREA(#2880);
#2875=SURFACE_STYLE_FILL_AREA(#2881);
#2876=FILL_AREA_STYLE('',(#2882));
#2877=FILL_AREA_STYLE('',(#2883));
#2878=FILL_AREA_STYLE('',(#2884));
#2879=FILL_AREA_STYLE('',(#2885));
#2880=FILL_AREA_STYLE('',(#2886));
#2881=FILL_AREA_STYLE('',(#2887));
#2882=FILL_AREA_STYLE_COLOUR('',#2888);
#2883=FILL_AREA_STYLE_COLOUR('',#2889);
#2884=FILL_AREA_STYLE_COLOUR('',#2890);
#2885=FILL_AREA_STYLE_COLOUR('',#2891);
#2886=FILL_AREA_STYLE_COLOUR('',#2892);
#2887=FILL_AREA_STYLE_COLOUR('',#2893);
#2888=COLOUR_RGB('',0.831372549019608,0.831372549019608,0.831372549019608);
#2889=COLOUR_RGB('',0.792156862745098,0.819607843137255,0.933333333333333);
#2890=COLOUR_RGB('',0.486274509803922,0.235294117647059,0.0156862745098039);
#2891=COLOUR_RGB('',0.627450980392157,0.313725490196078,0.);
#2892=COLOUR_RGB('',0.96078431372549,0.96078431372549,0.96078431372549);
#2893=COLOUR_RGB('',0.96078431372549,0.96078431372549,0.96078431372549);
#2894=DATE_TIME_ROLE('creation_date');
#2895=DATE_TIME_ROLE('creation_date');
#2896=DATE_TIME_ROLE('creation_date');
#2897=APPLIED_DATE_AND_TIME_ASSIGNMENT(#2900,#2894,(#5064));
#2898=APPLIED_DATE_AND_TIME_ASSIGNMENT(#2901,#2895,(#5065));
#2899=APPLIED_DATE_AND_TIME_ASSIGNMENT(#2902,#2896,(#5066));
#2900=DATE_AND_TIME(#2903,#2906);
#2901=DATE_AND_TIME(#2904,#2907);
#2902=DATE_AND_TIME(#2905,#2908);
#2903=CALENDAR_DATE(2021,4,3);
#2904=CALENDAR_DATE(2020,9,7);
#2905=CALENDAR_DATE(2019,7,7);
#2906=LOCAL_TIME(9,57,42.,#2909);
#2907=LOCAL_TIME(12,48,54.,#2910);
#2908=LOCAL_TIME(11,18,58.,#2911);
#2909=COORDINATED_UNIVERSAL_TIME_OFFSET(0,0,.BEHIND.);
#2910=COORDINATED_UNIVERSAL_TIME_OFFSET(0,0,.BEHIND.);
#2911=COORDINATED_UNIVERSAL_TIME_OFFSET(0,0,.BEHIND.);
#2912=AXIS2_PLACEMENT_3D('placement',#3586,#3055,#3056);
#2913=AXIS2_PLACEMENT_3D('placement',#3587,#3057,#3058);
#2914=AXIS2_PLACEMENT_3D('',#3588,#3059,#3060);
#2915=AXIS2_PLACEMENT_3D('',#3597,#3065,#3066);
#2916=AXIS2_PLACEMENT_3D('',#3606,#3071,#3072);
#2917=AXIS2_PLACEMENT_3D('',#3611,#3074,#3075);
#2918=AXIS2_PLACEMENT_3D('',#3615,#3077,#3078);
#2919=AXIS2_PLACEMENT_3D('',#3618,#3080,#3081);
#2920=AXIS2_PLACEMENT_3D('',#3619,#3082,#3083);
#2921=AXIS2_PLACEMENT_3D('',#3620,#3084,#3085);
#2922=AXIS2_PLACEMENT_3D('',#3626,#3089,#3090);
#2923=AXIS2_PLACEMENT_3D('',#3632,#3094,#3095);
#2924=AXIS2_PLACEMENT_3D('',#3638,#3099,#3100);
#2925=AXIS2_PLACEMENT_3D('',#3639,#3101,#3102);
#2926=AXIS2_PLACEMENT_3D('',#3640,#3103,#3104);
#2927=AXIS2_PLACEMENT_3D('',#3641,#3105,#3106);
#2928=AXIS2_PLACEMENT_3D('',#3642,#3107,#3108);
#2929=AXIS2_PLACEMENT_3D('',#3643,#3109,#3110);
#2930=AXIS2_PLACEMENT_3D('',#3644,#3111,#3112);
#2931=AXIS2_PLACEMENT_3D('',#3645,#3113,#3114);
#2932=AXIS2_PLACEMENT_3D('',#3646,#3115,#3116);
#2933=AXIS2_PLACEMENT_3D('',#3647,#3117,#3118);
#2934=AXIS2_PLACEMENT_3D('',#3648,#3119,#3120);
#2935=AXIS2_PLACEMENT_3D('',#3649,#3121,#3122);
#2936=AXIS2_PLACEMENT_3D('',#3650,#3123,#3124);
#2937=AXIS2_PLACEMENT_3D('',#3651,#3125,#3126);
#2938=AXIS2_PLACEMENT_3D('',#3652,#3127,#3128);
#2939=AXIS2_PLACEMENT_3D('',#3653,#3129,#3130);
#2940=AXIS2_PLACEMENT_3D('',#3654,#3131,#3132);
#2941=AXIS2_PLACEMENT_3D('',#3655,#3133,#3134);
#2942=AXIS2_PLACEMENT_3D('',#3656,#3135,#3136);
#2943=AXIS2_PLACEMENT_3D('',#3657,#3137,#3138);
#2944=AXIS2_PLACEMENT_3D('',#3658,#3139,#3140);
#2945=AXIS2_PLACEMENT_3D('',#3659,#3141,#3142);
#2946=AXIS2_PLACEMENT_3D('',#3660,#3143,#3144);
#2947=AXIS2_PLACEMENT_3D('',#3661,#3145,#3146);
#2948=AXIS2_PLACEMENT_3D('',#3662,#3147,#3148);
#2949=AXIS2_PLACEMENT_3D('',#3671,#3153,#3154);
#2950=AXIS2_PLACEMENT_3D('',#3680,#3159,#3160);
#2951=AXIS2_PLACEMENT_3D('',#3684,#3162,#3163);
#2952=AXIS2_PLACEMENT_3D('',#3686,#3164,#3165);
#2953=AXIS2_PLACEMENT_3D('',#3690,#3167,#3168);
#2954=AXIS2_PLACEMENT_3D('',#3693,#3170,#3171);
#2955=AXIS2_PLACEMENT_3D('',#3694,#3172,#3173);
#2956=AXIS2_PLACEMENT_3D('',#3700,#3177,#3178);
#2957=AXIS2_PLACEMENT_3D('',#3706,#3182,#3183);
#2958=AXIS2_PLACEMENT_3D('',#3712,#3187,#3188);
#2959=AXIS2_PLACEMENT_3D('',#3713,#3189,#3190);
#2960=AXIS2_PLACEMENT_3D('',#3714,#3191,#3192);
#2961=AXIS2_PLACEMENT_3D('',#3715,#3193,#3194);
#2962=AXIS2_PLACEMENT_3D('',#3716,#3195,#3196);
#2963=AXIS2_PLACEMENT_3D('',#3717,#3197,#3198);
#2964=AXIS2_PLACEMENT_3D('',#3718,#3199,#3200);
#2965=AXIS2_PLACEMENT_3D('',#3719,#3201,#3202);
#2966=AXIS2_PLACEMENT_3D('',#3720,#3203,#3204);
#2967=AXIS2_PLACEMENT_3D('',#3721,#3205,#3206);
#2968=AXIS2_PLACEMENT_3D('',#3722,#3207,#3208);
#2969=AXIS2_PLACEMENT_3D('',#3723,#3209,#3210);
#2970=AXIS2_PLACEMENT_3D('',#3724,#3211,#3212);
#2971=AXIS2_PLACEMENT_3D('',#3725,#3213,#3214);
#2972=AXIS2_PLACEMENT_3D('',#3726,#3215,#3216);
#2973=AXIS2_PLACEMENT_3D('',#3727,#3217,#3218);
#2974=AXIS2_PLACEMENT_3D('',#3728,#3219,#3220);
#2975=AXIS2_PLACEMENT_3D('',#3729,#3221,#3222);
#2976=AXIS2_PLACEMENT_3D('',#3730,#3223,#3224);
#2977=AXIS2_PLACEMENT_3D('',#3731,#3225,#3226);
#2978=AXIS2_PLACEMENT_3D('',#3732,#3227,#3228);
#2979=AXIS2_PLACEMENT_3D('',#3733,#3229,#3230);
#2980=AXIS2_PLACEMENT_3D('',#3734,#3231,#3232);
#2981=AXIS2_PLACEMENT_3D('',#3735,#3233,#3234);
#2982=AXIS2_PLACEMENT_3D('',#3736,#3235,#3236);
#2983=AXIS2_PLACEMENT_3D('',#3739,#3237,#3238);
#2984=AXIS2_PLACEMENT_3D('',#3743,#3240,#3241);
#2985=AXIS2_PLACEMENT_3D('',#3747,#3243,#3244);
#2986=AXIS2_PLACEMENT_3D('',#3751,#3246,#3247);
#2987=AXIS2_PLACEMENT_3D('',#3753,#3249,#3250);
#2988=AXIS2_PLACEMENT_3D('',#3756,#3251,#3252);
#2989=AXIS2_PLACEMENT_3D('',#3760,#3254,#3255);
#2990=AXIS2_PLACEMENT_3D('',#3764,#3257,#3258);
#2991=AXIS2_PLACEMENT_3D('',#3768,#3260,#3261);
#2992=AXIS2_PLACEMENT_3D('',#3770,#3263,#3264);
#2993=AXIS2_PLACEMENT_3D('',#3773,#3267,#3268);
#2994=AXIS2_PLACEMENT_3D('',#3775,#3270,#3271);
#2995=AXIS2_PLACEMENT_3D('',#3777,#3273,#3274);
#2996=AXIS2_PLACEMENT_3D('',#3779,#3276,#3277);
#2997=AXIS2_PLACEMENT_3D('',#3781,#3279,#3280);
#2998=AXIS2_PLACEMENT_3D('',#3783,#3282,#3283);
#2999=AXIS2_PLACEMENT_3D('',#3785,#3285,#3286);
#3000=AXIS2_PLACEMENT_3D('placement',#3786,#3287,#3288);
#3001=AXIS2_PLACEMENT_3D('',#3809,#3291,#3292);
#3002=AXIS2_PLACEMENT_3D('',#3815,#3296,#3297);
#3003=AXIS2_PLACEMENT_3D('',#3821,#3301,#3302);
#3004=AXIS2_PLACEMENT_3D('',#3846,#3307,#3308);
#3005=AXIS2_PLACEMENT_3D('',#3852,#3312,#3313);
#3006=AXIS2_PLACEMENT_3D('',#3972,#3323,#3324);
#3007=AXIS2_PLACEMENT_3D('',#3978,#3328,#3329);
#3008=AXIS2_PLACEMENT_3D('',#3984,#3333,#3334);
#3009=AXIS2_PLACEMENT_3D('',#4028,#3340,#3341);
#3010=AXIS2_PLACEMENT_3D('',#4034,#3345,#3346);
#3011=AXIS2_PLACEMENT_3D('',#4040,#3350,#3351);
#3012=AXIS2_PLACEMENT_3D('',#4046,#3355,#3356);
#3013=AXIS2_PLACEMENT_3D('',#4147,#3365,#3366);
#3014=AXIS2_PLACEMENT_3D('',#4153,#3370,#3371);
#3015=AXIS2_PLACEMENT_3D('',#4197,#3377,#3378);
#3016=AXIS2_PLACEMENT_3D('',#4203,#3382,#3383);
#3017=AXIS2_PLACEMENT_3D('',#4285,#3391,#3392);
#3018=AXIS2_PLACEMENT_3D('',#4291,#3396,#3397);
#3019=AXIS2_PLACEMENT_3D('',#4297,#3401,#3402);
#3020=AXIS2_PLACEMENT_3D('',#4360,#3409,#3410);
#3021=AXIS2_PLACEMENT_3D('',#4366,#3414,#3415);
#3022=AXIS2_PLACEMENT_3D('',#4372,#3419,#3420);
#3023=AXIS2_PLACEMENT_3D('',#4375,#3423,#3424);
#3024=AXIS2_PLACEMENT_3D('',#4376,#3425,#3426);
#3025=AXIS2_PLACEMENT_3D('',#4456,#3432,#3433);
#3026=AXIS2_PLACEMENT_3D('',#4462,#3437,#3438);
#3027=AXIS2_PLACEMENT_3D('',#4468,#3442,#3443);
#3028=AXIS2_PLACEMENT_3D('',#4493,#3448,#3449);
#3029=AXIS2_PLACEMENT_3D('',#4499,#3453,#3454);
#3030=AXIS2_PLACEMENT_3D('',#4581,#3462,#3463);
#3031=AXIS2_PLACEMENT_3D('',#4587,#3467,#3468);
#3032=AXIS2_PLACEMENT_3D('',#4593,#3472,#3473);
#3033=AXIS2_PLACEMENT_3D('',#4599,#3477,#3478);
#3034=AXIS2_PLACEMENT_3D('',#4643,#3484,#3485);
#3035=AXIS2_PLACEMENT_3D('',#4649,#3489,#3490);
#3036=AXIS2_PLACEMENT_3D('',#4655,#3494,#3495);
#3037=AXIS2_PLACEMENT_3D('',#4737,#3503,#3504);
#3038=AXIS2_PLACEMENT_3D('',#4743,#3508,#3509);
#3039=AXIS2_PLACEMENT_3D('',#4749,#3513,#3514);
#3040=AXIS2_PLACEMENT_3D('',#4752,#3517,#3518);
#3041=AXIS2_PLACEMENT_3D('',#4753,#3519,#3520);
#3042=AXIS2_PLACEMENT_3D('',#4776,#3523,#3524);
#3043=AXIS2_PLACEMENT_3D('',#4782,#3528,#3529);
#3044=AXIS2_PLACEMENT_3D('',#4864,#3537,#3538);
#3045=AXIS2_PLACEMENT_3D('',#4870,#3542,#3543);
#3046=AXIS2_PLACEMENT_3D('',#4876,#3547,#3548);
#3047=AXIS2_PLACEMENT_3D('',#4958,#3556,#3557);
#3048=AXIS2_PLACEMENT_3D('',#4964,#3561,#3562);
#3049=AXIS2_PLACEMENT_3D('',#5008,#3568,#3569);
#3050=AXIS2_PLACEMENT_3D('',#5014,#3573,#3574);
#3051=AXIS2_PLACEMENT_3D('',#5036,#3578,#3579);
#3052=AXIS2_PLACEMENT_3D('',#5037,#3580,#3581);
#3053=AXIS2_PLACEMENT_3D('',#5038,#3582,#3583);
#3054=AXIS2_PLACEMENT_3D('',#5039,#3584,#3585);
#3055=DIRECTION('axis',(0.,0.,1.));
#3056=DIRECTION('refdir',(1.,0.,0.));
#3057=DIRECTION('axis',(0.,0.,1.));
#3058=DIRECTION('refdir',(1.,0.,0.));
#3059=DIRECTION('center_axis',(1.,0.,-1.35525271560688E-16));
#3060=DIRECTION('ref_axis',(-1.35525271560688E-16,0.,-1.));
#3061=DIRECTION('',(-1.35525271560688E-16,0.,-1.));
#3062=DIRECTION('',(0.,-1.,0.));
#3063=DIRECTION('',(1.35525271560688E-16,0.,1.));
#3064=DIRECTION('',(0.,1.,0.));
#3065=DIRECTION('center_axis',(0.,0.,-1.));
#3066=DIRECTION('ref_axis',(-1.,0.,0.));
#3067=DIRECTION('',(0.,-1.,0.));
#3068=DIRECTION('',(1.,0.,0.));
#3069=DIRECTION('',(0.,-1.,0.));
#3070=DIRECTION('',(-1.,0.,0.));
#3071=DIRECTION('center_axis',(-1.,0.,2.03287907341032E-16));
#3072=DIRECTION('ref_axis',(2.03287907341032E-16,0.,1.));
#3073=DIRECTION('',(-2.03287907341032E-16,0.,-1.));
#3074=DIRECTION('center_axis',(1.,0.,-2.03287907341032E-16));
#3075=DIRECTION('ref_axis',(2.03287907341032E-16,0.,1.));
#3076=DIRECTION('',(0.,-1.,0.));
#3077=DIRECTION('center_axis',(1.,0.,-2.03287907341032E-16));
#3078=DIRECTION('ref_axis',(2.03287907341032E-16,0.,1.));
#3079=DIRECTION('',(-2.03287907341032E-16,0.,-1.));
#3080=DIRECTION('center_axis',(1.,0.,-2.03287907341032E-16));
#3081=DIRECTION('ref_axis',(2.03287907341032E-16,0.,1.));
#3082=DIRECTION('center_axis',(1.,0.,-2.03287907341032E-16));
#3083=DIRECTION('ref_axis',(2.03287907341032E-16,0.,1.));
#3084=DIRECTION('center_axis',(-1.54886024640786E-16,0.,1.));
#3085=DIRECTION('ref_axis',(1.,0.,1.54886024640786E-16));
#3086=DIRECTION('',(-1.,0.,-1.54886024640786E-16));
#3087=DIRECTION('',(0.,1.,0.));
#3088=DIRECTION('',(1.,0.,1.54886024640786E-16));
#3089=DIRECTION('center_axis',(0.,1.,0.));
#3090=DIRECTION('ref_axis',(0.,0.,1.));
#3091=DIRECTION('',(-1.,0.,-1.54886024640786E-16));
#3092=DIRECTION('',(1.35525271560688E-16,0.,1.));
#3093=DIRECTION('',(1.,0.,0.));
#3094=DIRECTION('center_axis',(0.,1.,0.));
#3095=DIRECTION('ref_axis',(0.,0.,1.));
#3096=DIRECTION('',(-1.35525271560688E-16,0.,-1.));
#3097=DIRECTION('',(1.,0.,1.54886024640786E-16));
#3098=DIRECTION('',(-1.,0.,0.));
#3099=DIRECTION('center_axis',(-1.,0.,0.));
#3100=DIRECTION('ref_axis',(0.,0.,1.));
#3101=DIRECTION('center_axis',(-1.,0.,0.));
#3102=DIRECTION('ref_axis',(0.,0.,1.));
#3103=DIRECTION('center_axis',(0.,-1.,0.));
#3104=DIRECTION('ref_axis',(0.,0.,-1.));
#3105=DIRECTION('center_axis',(0.,-1.,0.));
#3106=DIRECTION('ref_axis',(0.,0.,-1.));
#3107=DIRECTION('center_axis',(0.,1.,0.));
#3108=DIRECTION('ref_axis',(0.,0.,1.));
#3109=DIRECTION('center_axis',(1.,0.,0.));
#3110=DIRECTION('ref_axis',(0.,0.,-1.));
#3111=DIRECTION('center_axis',(-1.,0.,0.));
#3112=DIRECTION('ref_axis',(0.,0.,1.));
#3113=DIRECTION('center_axis',(0.,1.,0.));
#3114=DIRECTION('ref_axis',(1.,0.,0.));
#3115=DIRECTION('center_axis',(0.,0.,-1.));
#3116=DIRECTION('ref_axis',(1.,0.,0.));
#3117=DIRECTION('center_axis',(0.,1.,0.));
#3118=DIRECTION('ref_axis',(1.,0.,0.));
#3119=DIRECTION('center_axis',(0.,0.,-1.));
#3120=DIRECTION('ref_axis',(1.,0.,0.));
#3121=DIRECTION('center_axis',(1.,0.,1.54886024640786E-16));
#3122=DIRECTION('ref_axis',(1.54886024640786E-16,0.,-1.));
#3123=DIRECTION('center_axis',(-1.,0.,0.));
#3124=DIRECTION('ref_axis',(0.,0.,1.));
#3125=DIRECTION('center_axis',(-1.35525271560688E-16,0.,-1.));
#3126=DIRECTION('ref_axis',(-1.,0.,1.35525271560688E-16));
#3127=DIRECTION('center_axis',(0.,0.,-1.));
#3128=DIRECTION('ref_axis',(-1.,0.,0.));
#3129=DIRECTION('center_axis',(1.35525271560688E-16,0.,1.));
#3130=DIRECTION('ref_axis',(1.,0.,-1.35525271560688E-16));
#3131=DIRECTION('center_axis',(0.,0.,-1.));
#3132=DIRECTION('ref_axis',(-1.,0.,0.));
#3133=DIRECTION('center_axis',(-1.,0.,-1.54886024640786E-16));
#3134=DIRECTION('ref_axis',(-1.54886024640786E-16,0.,1.));
#3135=DIRECTION('center_axis',(-1.,0.,0.));
#3136=DIRECTION('ref_axis',(0.,0.,1.));
#3137=DIRECTION('center_axis',(0.,1.,0.));
#3138=DIRECTION('ref_axis',(1.,0.,0.));
#3139=DIRECTION('center_axis',(0.,-1.,0.));
#3140=DIRECTION('ref_axis',(0.,0.,1.));
#3141=DIRECTION('center_axis',(0.,1.,0.));
#3142=DIRECTION('ref_axis',(1.,0.,0.));
#3143=DIRECTION('center_axis',(0.,1.,0.));
#3144=DIRECTION('ref_axis',(0.,0.,-1.));
#3145=DIRECTION('center_axis',(0.,-1.,0.));
#3146=DIRECTION('ref_axis',(0.,0.,-1.));
#3147=DIRECTION('center_axis',(-1.,0.,-1.35525271560688E-16));
#3148=DIRECTION('ref_axis',(1.35525271560688E-16,0.,-1.));
#3149=DIRECTION('',(1.35525271560688E-16,0.,-1.));
#3150=DIRECTION('',(0.,1.,0.));
#3151=DIRECTION('',(-1.35525271560688E-16,0.,1.));
#3152=DIRECTION('',(0.,-1.,0.));
#3153=DIRECTION('center_axis',(0.,0.,-1.));
#3154=DIRECTION('ref_axis',(1.,0.,0.));
#3155=DIRECTION('',(0.,-1.,0.));
#3156=DIRECTION('',(1.,0.,0.));
#3157=DIRECTION('',(0.,-1.,0.));
#3158=DIRECTION('',(-1.,0.,0.));
#3159=DIRECTION('center_axis',(1.,0.,2.03287907341032E-16));
#3160=DIRECTION('ref_axis',(-2.03287907341032E-16,0.,1.));
#3161=DIRECTION('',(2.03287907341032E-16,0.,-1.));
#3162=DIRECTION('center_axis',(1.,0.,2.03287907341032E-16));
#3163=DIRECTION('ref_axis',(-2.03287907341032E-16,0.,1.));
#3164=DIRECTION('center_axis',(1.,0.,2.03287907341032E-16));
#3165=DIRECTION('ref_axis',(-2.03287907341032E-16,0.,1.));
#3166=DIRECTION('',(2.03287907341032E-16,0.,-1.));
#3167=DIRECTION('center_axis',(1.,0.,2.03287907341032E-16));
#3168=DIRECTION('ref_axis',(-2.03287907341032E-16,0.,1.));
#3169=DIRECTION('',(0.,-1.,0.));
#3170=DIRECTION('center_axis',(1.,0.,2.03287907341032E-16));
#3171=DIRECTION('ref_axis',(-2.03287907341032E-16,0.,1.));
#3172=DIRECTION('center_axis',(1.54886024640786E-16,0.,1.));
#3173=DIRECTION('ref_axis',(-1.,0.,1.54886024640786E-16));
#3174=DIRECTION('',(-1.,0.,1.54886024640786E-16));
#3175=DIRECTION('',(0.,1.,0.));
#3176=DIRECTION('',(1.,0.,-1.54886024640786E-16));
#3177=DIRECTION('center_axis',(0.,1.,0.));
#3178=DIRECTION('ref_axis',(0.,0.,1.));
#3179=DIRECTION('',(-1.,0.,0.));
#3180=DIRECTION('',(-1.35525271560688E-16,0.,1.));
#3181=DIRECTION('',(1.,0.,-1.54886024640786E-16));
#3182=DIRECTION('center_axis',(0.,1.,0.));
#3183=DIRECTION('ref_axis',(0.,0.,1.));
#3184=DIRECTION('',(1.35525271560688E-16,0.,-1.));
#3185=DIRECTION('',(1.,0.,0.));
#3186=DIRECTION('',(-1.,0.,1.54886024640786E-16));
#3187=DIRECTION('center_axis',(1.,0.,0.));
#3188=DIRECTION('ref_axis',(0.,0.,1.));
#3189=DIRECTION('center_axis',(-1.,0.,0.));
#3190=DIRECTION('ref_axis',(0.,0.,1.));
#3191=DIRECTION('center_axis',(0.,-1.,0.));
#3192=DIRECTION('ref_axis',(0.,0.,-1.));
#3193=DIRECTION('center_axis',(0.,1.,0.));
#3194=DIRECTION('ref_axis',(0.,0.,-1.));
#3195=DIRECTION('center_axis',(0.,-1.,0.));
#3196=DIRECTION('ref_axis',(0.,0.,1.));
#3197=DIRECTION('center_axis',(-1.,0.,0.));
#3198=DIRECTION('ref_axis',(0.,0.,-1.));
#3199=DIRECTION('center_axis',(-1.,0.,0.));
#3200=DIRECTION('ref_axis',(0.,0.,1.));
#3201=DIRECTION('center_axis',(0.,-1.,0.));
#3202=DIRECTION('ref_axis',(-1.,0.,0.));
#3203=DIRECTION('center_axis',(0.,0.,1.));
#3204=DIRECTION('ref_axis',(-1.,0.,0.));
#3205=DIRECTION('center_axis',(0.,-1.,0.));
#3206=DIRECTION('ref_axis',(-1.,0.,0.));
#3207=DIRECTION('center_axis',(0.,0.,1.));
#3208=DIRECTION('ref_axis',(-1.,0.,0.));
#3209=DIRECTION('center_axis',(-1.,0.,1.54886024640786E-16));
#3210=DIRECTION('ref_axis',(-1.54886024640786E-16,0.,-1.));
#3211=DIRECTION('center_axis',(-1.,0.,0.));
#3212=DIRECTION('ref_axis',(0.,0.,1.));
#3213=DIRECTION('center_axis',(1.35525271560688E-16,0.,-1.));
#3214=DIRECTION('ref_axis',(1.,0.,1.35525271560688E-16));
#3215=DIRECTION('center_axis',(0.,0.,1.));
#3216=DIRECTION('ref_axis',(1.,0.,0.));
#3217=DIRECTION('center_axis',(-1.35525271560688E-16,0.,1.));
#3218=DIRECTION('ref_axis',(-1.,0.,-1.35525271560688E-16));
#3219=DIRECTION('center_axis',(0.,0.,1.));
#3220=DIRECTION('ref_axis',(1.,0.,0.));
#3221=DIRECTION('center_axis',(1.,0.,-1.54886024640786E-16));
#3222=DIRECTION('ref_axis',(1.54886024640786E-16,0.,1.));
#3223=DIRECTION('center_axis',(-1.,0.,0.));
#3224=DIRECTION('ref_axis',(0.,0.,1.));
#3225=DIRECTION('center_axis',(0.,-1.,0.));
#3226=DIRECTION('ref_axis',(-1.,0.,0.));
#3227=DIRECTION('center_axis',(0.,1.,0.));
#3228=DIRECTION('ref_axis',(0.,0.,1.));
#3229=DIRECTION('center_axis',(0.,-1.,0.));
#3230=DIRECTION('ref_axis',(-1.,0.,0.));
#3231=DIRECTION('center_axis',(0.,-1.,0.));
#3232=DIRECTION('ref_axis',(0.,0.,-1.));
#3233=DIRECTION('center_axis',(0.,-1.,0.));
#3234=DIRECTION('ref_axis',(0.,0.,-1.));
#3235=DIRECTION('center_axis',(1.,0.,2.03287907341032E-16));
#3236=DIRECTION('ref_axis',(-2.03287907341032E-16,0.,1.));
#3237=DIRECTION('center_axis',(1.,0.,2.03287907341032E-16));
#3238=DIRECTION('ref_axis',(2.03287907341032E-16,0.,-1.));
#3239=DIRECTION('',(-2.03287907341032E-16,0.,1.));
#3240=DIRECTION('center_axis',(1.,0.,2.03287907341032E-16));
#3241=DIRECTION('ref_axis',(2.03287907341032E-16,0.,-1.));
#3242=DIRECTION('',(0.,-1.,0.));
#3243=DIRECTION('center_axis',(1.,0.,2.03287907341032E-16));
#3244=DIRECTION('ref_axis',(2.03287907341032E-16,0.,-1.));
#3245=DIRECTION('',(2.03287907341032E-16,0.,-1.));
#3246=DIRECTION('center_axis',(1.,0.,2.03287907341032E-16));
#3247=DIRECTION('ref_axis',(2.03287907341032E-16,0.,-1.));
#3248=DIRECTION('',(0.,1.,0.));
#3249=DIRECTION('center_axis',(1.,0.,-8.67361737988404E-17));
#3250=DIRECTION('ref_axis',(-8.67361737988404E-17,0.,-1.));
#3251=DIRECTION('center_axis',(1.,0.,-8.67361737988404E-17));
#3252=DIRECTION('ref_axis',(-8.67361737988404E-17,0.,-1.));
#3253=DIRECTION('',(0.,1.,0.));
#3254=DIRECTION('center_axis',(1.,0.,-8.67361737988404E-17));
#3255=DIRECTION('ref_axis',(-8.67361737988404E-17,0.,-1.));
#3256=DIRECTION('',(-1.50583635067431E-16,0.,-1.));
#3257=DIRECTION('center_axis',(1.,0.,-8.67361737988404E-17));
#3258=DIRECTION('ref_axis',(-8.67361737988404E-17,0.,-1.));
#3259=DIRECTION('',(0.,-1.,0.));
#3260=DIRECTION('center_axis',(1.,0.,-8.67361737988404E-17));
#3261=DIRECTION('ref_axis',(-8.67361737988404E-17,0.,-1.));
#3262=DIRECTION('',(1.50583635067431E-16,0.,1.));
#3263=DIRECTION('center_axis',(8.67361737988404E-17,0.,1.));
#3264=DIRECTION('ref_axis',(1.,0.,-8.67361737988404E-17));
#3265=DIRECTION('',(-1.,0.,8.67361737988404E-17));
#3266=DIRECTION('',(-1.,0.,8.67361737988404E-17));
#3267=DIRECTION('center_axis',(-1.,0.,8.67361737988404E-17));
#3268=DIRECTION('ref_axis',(8.67361737988404E-17,0.,1.));
#3269=DIRECTION('',(-1.,0.,8.67361737988404E-17));
#3270=DIRECTION('center_axis',(0.,1.,0.));
#3271=DIRECTION('ref_axis',(0.,0.,1.));
#3272=DIRECTION('',(-1.,0.,8.67361737988404E-17));
#3273=DIRECTION('center_axis',(-1.,0.,8.67361737988404E-17));
#3274=DIRECTION('ref_axis',(8.67361737988404E-17,0.,1.));
#3275=DIRECTION('',(-1.,0.,8.67361737988404E-17));
#3276=DIRECTION('center_axis',(-8.67361737988404E-17,0.,-1.));
#3277=DIRECTION('ref_axis',(-1.,0.,8.67361737988404E-17));
#3278=DIRECTION('',(-1.,0.,8.67361737988404E-17));
#3279=DIRECTION('center_axis',(-1.,0.,8.67361737988404E-17));
#3280=DIRECTION('ref_axis',(8.67361737988404E-17,0.,1.));
#3281=DIRECTION('',(-1.,0.,8.67361737988404E-17));
#3282=DIRECTION('center_axis',(0.,-1.,0.));
#3283=DIRECTION('ref_axis',(0.,0.,-1.));
#3284=DIRECTION('',(-1.,0.,8.67361737988404E-17));
#3285=DIRECTION('center_axis',(-1.,0.,8.67361737988404E-17));
#3286=DIRECTION('ref_axis',(8.67361737988404E-17,0.,1.));
#3287=DIRECTION('axis',(0.,0.,1.));
#3288=DIRECTION('refdir',(1.,0.,0.));
#3289=DIRECTION('',(0.,0.,1.));
#3290=DIRECTION('',(0.,0.,1.));
#3291=DIRECTION('center_axis',(-0.96106642804043,0.276317427777563,0.));
#3292=DIRECTION('ref_axis',(0.,0.,1.));
#3293=DIRECTION('',(0.276317427777563,0.96106642804043,0.));
#3294=DIRECTION('',(0.,0.,1.));
#3295=DIRECTION('',(0.276317427777563,0.96106642804043,0.));
#3296=DIRECTION('center_axis',(-0.00199738959054042,0.999998005215422,0.));
#3297=DIRECTION('ref_axis',(0.,0.,1.));
#3298=DIRECTION('',(0.999998005215422,0.00199738959054042,0.));
#3299=DIRECTION('',(0.,0.,1.));
#3300=DIRECTION('',(0.999998005215422,0.00199738959054042,0.));
#3301=DIRECTION('center_axis',(0.957966436816499,-0.286880298963001,0.));
#3302=DIRECTION('ref_axis',(0.,0.,-1.));
#3303=DIRECTION('',(-0.286880298963001,-0.957966436816499,0.));
#3304=DIRECTION('',(0.,0.,1.));
#3305=DIRECTION('',(-0.286880298963001,-0.957966436816499,0.));
#3306=DIRECTION('',(0.,0.,1.));
#3307=DIRECTION('center_axis',(0.962765665864651,-0.270337331184939,0.));
#3308=DIRECTION('ref_axis',(0.,0.,-1.));
#3309=DIRECTION('',(-0.270337331184939,-0.962765665864651,0.));
#3310=DIRECTION('',(0.,0.,1.));
#3311=DIRECTION('',(-0.270337331184939,-0.962765665864651,0.));
#3312=DIRECTION('center_axis',(0.000134286587855967,-0.999999990983556,
0.));
#3313=DIRECTION('ref_axis',(0.,0.,-1.));
#3314=DIRECTION('',(-0.999999990983556,-0.000134286587855967,0.));
#3315=DIRECTION('',(0.,0.,1.));
#3316=DIRECTION('',(-0.999999990983556,-0.000134286587855967,0.));
#3317=DIRECTION('',(0.,0.,1.));
#3318=DIRECTION('',(0.,0.,1.));
#3319=DIRECTION('',(0.,0.,1.));
#3320=DIRECTION('',(0.,0.,1.));
#3321=DIRECTION('',(0.,0.,1.));
#3322=DIRECTION('',(0.,0.,1.));
#3323=DIRECTION('center_axis',(0.960567518616492,-0.278046834506268,0.));
#3324=DIRECTION('ref_axis',(0.,0.,-1.));
#3325=DIRECTION('',(-0.278046834506268,-0.960567518616492,0.));
#3326=DIRECTION('',(0.,0.,1.));
#3327=DIRECTION('',(-0.278046834506268,-0.960567518616492,0.));
#3328=DIRECTION('center_axis',(0.00676012402474891,-0.999977150100526,0.));
#3329=DIRECTION('ref_axis',(0.,0.,-1.));
#3330=DIRECTION('',(-0.999977150100526,-0.00676012402474891,0.));
#3331=DIRECTION('',(0.,0.,1.));
#3332=DIRECTION('',(-0.999977150100526,-0.00676012402474891,0.));
#3333=DIRECTION('center_axis',(0.961259340385722,-0.275645570472675,0.));
#3334=DIRECTION('ref_axis',(0.,0.,-1.));
#3335=DIRECTION('',(-0.275645570472675,-0.961259340385722,0.));
#3336=DIRECTION('',(0.,0.,1.));
#3337=DIRECTION('',(-0.275645570472675,-0.961259340385722,0.));
#3338=DIRECTION('',(0.,0.,1.));
#3339=DIRECTION('',(0.,0.,1.));
#3340=DIRECTION('center_axis',(-0.00267865568476682,0.999996412395426,0.));
#3341=DIRECTION('ref_axis',(0.,0.,1.));
#3342=DIRECTION('',(0.999996412395426,0.00267865568476682,0.));
#3343=DIRECTION('',(0.,0.,1.));
#3344=DIRECTION('',(0.999996412395426,0.00267865568476682,0.));
#3345=DIRECTION('center_axis',(-0.96109363077406,0.276222795738397,0.));
#3346=DIRECTION('ref_axis',(0.,0.,1.));
#3347=DIRECTION('',(0.276222795738397,0.961093630774059,0.));
#3348=DIRECTION('',(0.,0.,1.));
#3349=DIRECTION('',(0.276222795738397,0.961093630774059,0.));
#3350=DIRECTION('center_axis',(0.,1.,0.));
#3351=DIRECTION('ref_axis',(0.,0.,1.));
#3352=DIRECTION('',(1.,0.,0.));
#3353=DIRECTION('',(0.,0.,1.));
#3354=DIRECTION('',(1.,0.,0.));
#3355=DIRECTION('center_axis',(0.996373478889268,-0.0850875464806505,0.));
#3356=DIRECTION('ref_axis',(0.,0.,-1.));
#3357=DIRECTION('',(-0.0850875464806505,-0.996373478889268,0.));
#3358=DIRECTION('',(0.,0.,1.));
#3359=DIRECTION('',(-0.0850875464806505,-0.996373478889268,0.));
#3360=DIRECTION('',(0.,0.,1.));
#3361=DIRECTION('',(0.,0.,1.));
#3362=DIRECTION('',(0.,0.,1.));
#3363=DIRECTION('',(0.,0.,1.));
#3364=DIRECTION('',(0.,0.,1.));
#3365=DIRECTION('center_axis',(-0.886868707352639,0.462021531877746,0.));
#3366=DIRECTION('ref_axis',(0.,0.,1.));
#3367=DIRECTION('',(0.462021531877746,0.886868707352639,0.));
#3368=DIRECTION('',(0.,0.,1.));
#3369=DIRECTION('',(0.462021531877746,0.886868707352639,0.));
#3370=DIRECTION('center_axis',(0.,1.,0.));
#3371=DIRECTION('ref_axis',(0.,0.,1.));
#3372=DIRECTION('',(1.,0.,0.));
#3373=DIRECTION('',(0.,0.,1.));
#3374=DIRECTION('',(1.,0.,0.));
#3375=DIRECTION('',(0.,0.,1.));
#3376=DIRECTION('',(0.,0.,1.));
#3377=DIRECTION('center_axis',(0.961070458899183,-0.276303407563703,0.));
#3378=DIRECTION('ref_axis',(0.,0.,-1.));
#3379=DIRECTION('',(-0.276303407563703,-0.961070458899183,0.));
#3380=DIRECTION('',(0.,0.,1.));
#3381=DIRECTION('',(-0.276303407563703,-0.961070458899183,0.));
#3382=DIRECTION('center_axis',(0.,-1.,0.));
#3383=DIRECTION('ref_axis',(0.,0.,-1.));
#3384=DIRECTION('',(-1.,0.,0.));
#3385=DIRECTION('',(0.,0.,1.));
#3386=DIRECTION('',(-1.,0.,0.));
#3387=DIRECTION('',(0.,0.,1.));
#3388=DIRECTION('',(0.,0.,1.));
#3389=DIRECTION('',(0.,0.,1.));
#3390=DIRECTION('',(0.,0.,1.));
#3391=DIRECTION('center_axis',(0.884330737422204,-0.466860950230689,0.));
#3392=DIRECTION('ref_axis',(0.,0.,-1.));
#3393=DIRECTION('',(-0.466860950230689,-0.884330737422203,0.));
#3394=DIRECTION('',(0.,0.,1.));
#3395=DIRECTION('',(-0.466860950230689,-0.884330737422203,0.));
#3396=DIRECTION('center_axis',(0.00570177227562866,-0.999983744764342,0.));
#3397=DIRECTION('ref_axis',(0.,0.,-1.));
#3398=DIRECTION('',(-0.999983744764342,-0.00570177227562866,0.));
#3399=DIRECTION('',(0.,0.,1.));
#3400=DIRECTION('',(-0.999983744764342,-0.00570177227562866,0.));
#3401=DIRECTION('center_axis',(-1.,0.,0.));
#3402=DIRECTION('ref_axis',(0.,0.,1.));
#3403=DIRECTION('',(0.,1.,0.));
#3404=DIRECTION('',(0.,0.,1.));
#3405=DIRECTION('',(0.,1.,0.));
#3406=DIRECTION('',(0.,0.,1.));
#3407=DIRECTION('',(0.,0.,1.));
#3408=DIRECTION('',(0.,0.,1.));
#3409=DIRECTION('center_axis',(0.961303932595994,-0.275490016471516,0.));
#3410=DIRECTION('ref_axis',(0.,0.,-1.));
#3411=DIRECTION('',(-0.275490016471516,-0.961303932595994,0.));
#3412=DIRECTION('',(0.,0.,1.));
#3413=DIRECTION('',(-0.275490016471516,-0.961303932595994,0.));
#3414=DIRECTION('center_axis',(4.316917889286E-5,-0.999999999068211,0.));
#3415=DIRECTION('ref_axis',(0.,0.,-1.));
#3416=DIRECTION('',(-0.999999999068211,-4.31691788928601E-5,0.));
#3417=DIRECTION('',(0.,0.,1.));
#3418=DIRECTION('',(-0.999999999068211,-4.31691788928601E-5,0.));
#3419=DIRECTION('center_axis',(-0.952802013238617,0.30359236414712,0.));
#3420=DIRECTION('ref_axis',(0.,0.,1.));
#3421=DIRECTION('',(0.30359236414712,0.952802013238617,0.));
#3422=DIRECTION('',(0.30359236414712,0.952802013238617,0.));
#3423=DIRECTION('center_axis',(0.,0.,1.));
#3424=DIRECTION('ref_axis',(1.,0.,0.));
#3425=DIRECTION('center_axis',(0.,0.,1.));
#3426=DIRECTION('ref_axis',(1.,0.,0.));
#3427=DIRECTION('',(0.,0.,1.));
#3428=DIRECTION('',(0.,0.,1.));
#3429=DIRECTION('',(0.,0.,1.));
#3430=DIRECTION('',(0.,0.,1.));
#3431=DIRECTION('',(0.,0.,1.));
#3432=DIRECTION('center_axis',(0.960458037715097,-0.278424779408131,0.));
#3433=DIRECTION('ref_axis',(0.,0.,-1.));
#3434=DIRECTION('',(-0.278424779408131,-0.960458037715097,0.));
#3435=DIRECTION('',(0.,0.,1.));
#3436=DIRECTION('',(-0.278424779408131,-0.960458037715097,0.));
#3437=DIRECTION('center_axis',(0.00550519393129156,-0.999984846305072,0.));
#3438=DIRECTION('ref_axis',(0.,0.,-1.));
#3439=DIRECTION('',(-0.999984846305072,-0.00550519393129156,0.));
#3440=DIRECTION('',(0.,0.,1.));
#3441=DIRECTION('',(-0.999984846305072,-0.00550519393129156,0.));
#3442=DIRECTION('center_axis',(0.969359140418759,-0.24564783102361,0.));
#3443=DIRECTION('ref_axis',(0.,0.,-1.));
#3444=DIRECTION('',(-0.24564783102361,-0.969359140418759,0.));
#3445=DIRECTION('',(0.,0.,1.));
#3446=DIRECTION('',(-0.24564783102361,-0.969359140418759,0.));
#3447=DIRECTION('',(0.,0.,1.));
#3448=DIRECTION('center_axis',(0.961072388866284,-0.276296694440695,0.));
#3449=DIRECTION('ref_axis',(0.,0.,-1.));
#3450=DIRECTION('',(-0.276296694440695,-0.961072388866284,0.));
#3451=DIRECTION('',(0.,0.,1.));
#3452=DIRECTION('',(-0.276296694440695,-0.961072388866284,0.));
#3453=DIRECTION('center_axis',(0.00532792785899808,-0.999985806491637,0.));
#3454=DIRECTION('ref_axis',(0.,0.,-1.));
#3455=DIRECTION('',(-0.999985806491637,-0.00532792785899808,0.));
#3456=DIRECTION('',(0.,0.,1.));
#3457=DIRECTION('',(-0.999985806491637,-0.00532792785899808,0.));
#3458=DIRECTION('',(0.,0.,1.));
#3459=DIRECTION('',(0.,0.,1.));
#3460=DIRECTION('',(0.,0.,1.));
#3461=DIRECTION('',(0.,0.,1.));
#3462=DIRECTION('center_axis',(-0.00275900220768264,-0.999996193946166,
0.));
#3463=DIRECTION('ref_axis',(0.,0.,-1.));
#3464=DIRECTION('',(-0.999996193946166,0.00275900220768264,0.));
#3465=DIRECTION('',(0.,0.,1.));
#3466=DIRECTION('',(-0.999996193946166,0.00275900220768264,0.));
#3467=DIRECTION('center_axis',(0.96022420461267,-0.279230150370558,0.));
#3468=DIRECTION('ref_axis',(0.,0.,-1.));
#3469=DIRECTION('',(-0.279230150370558,-0.96022420461267,0.));
#3470=DIRECTION('',(0.,0.,1.));
#3471=DIRECTION('',(-0.279230150370558,-0.96022420461267,0.));
#3472=DIRECTION('center_axis',(0.960225021938745,-0.279227339712171,0.));
#3473=DIRECTION('ref_axis',(0.,0.,-1.));
#3474=DIRECTION('',(-0.279227339712171,-0.960225021938745,0.));
#3475=DIRECTION('',(0.,0.,1.));
#3476=DIRECTION('',(-0.279227339712171,-0.960225021938745,0.));
#3477=DIRECTION('center_axis',(0.00679817051682134,0.999976892171826,0.));
#3478=DIRECTION('ref_axis',(0.,0.,1.));
#3479=DIRECTION('',(0.999976892171826,-0.00679817051682134,0.));
#3480=DIRECTION('',(0.,0.,1.));
#3481=DIRECTION('',(0.999976892171826,-0.00679817051682134,0.));
#3482=DIRECTION('',(0.,0.,1.));
#3483=DIRECTION('',(0.,0.,1.));
#3484=DIRECTION('center_axis',(0.961795417244131,-0.273769200912353,0.));
#3485=DIRECTION('ref_axis',(0.,0.,-1.));
#3486=DIRECTION('',(-0.273769200912353,-0.961795417244131,0.));
#3487=DIRECTION('',(0.,0.,1.));
#3488=DIRECTION('',(-0.273769200912353,-0.961795417244131,0.));
#3489=DIRECTION('center_axis',(0.,-1.,0.));
#3490=DIRECTION('ref_axis',(0.,0.,-1.));
#3491=DIRECTION('',(-1.,0.,0.));
#3492=DIRECTION('',(0.,0.,1.));
#3493=DIRECTION('',(-1.,0.,0.));
#3494=DIRECTION('center_axis',(0.959349884357354,-0.282219417091615,0.));
#3495=DIRECTION('ref_axis',(0.,0.,-1.));
#3496=DIRECTION('',(-0.282219417091615,-0.959349884357354,0.));
#3497=DIRECTION('',(0.,0.,1.));
#3498=DIRECTION('',(-0.282219417091615,-0.959349884357354,0.));
#3499=DIRECTION('',(0.,0.,1.));
#3500=DIRECTION('',(0.,0.,1.));
#3501=DIRECTION('',(0.,0.,1.));
#3502=DIRECTION('',(0.,0.,1.));
#3503=DIRECTION('center_axis',(0.95931139679734,-0.28235021511367,0.));
#3504=DIRECTION('ref_axis',(0.,0.,-1.));
#3505=DIRECTION('',(-0.28235021511367,-0.95931139679734,0.));
#3506=DIRECTION('',(0.,0.,1.));
#3507=DIRECTION('',(-0.28235021511367,-0.95931139679734,0.));
#3508=DIRECTION('center_axis',(0.,-1.,0.));
#3509=DIRECTION('ref_axis',(0.,0.,-1.));
#3510=DIRECTION('',(-1.,0.,0.));
#3511=DIRECTION('',(0.,0.,1.));
#3512=DIRECTION('',(-1.,0.,0.));
#3513=DIRECTION('center_axis',(-0.980395406146962,0.197040218244736,0.));
#3514=DIRECTION('ref_axis',(0.,0.,1.));
#3515=DIRECTION('',(0.197040218244736,0.980395406146962,0.));
#3516=DIRECTION('',(0.197040218244736,0.980395406146962,0.));
#3517=DIRECTION('center_axis',(0.,0.,1.));
#3518=DIRECTION('ref_axis',(1.,0.,0.));
#3519=DIRECTION('center_axis',(0.,0.,1.));
#3520=DIRECTION('ref_axis',(1.,0.,0.));
#3521=DIRECTION('',(0.,0.,1.));
#3522=DIRECTION('',(0.,0.,1.));
#3523=DIRECTION('center_axis',(-0.961120831721632,0.276128134804694,0.));
#3524=DIRECTION('ref_axis',(0.,0.,1.));
#3525=DIRECTION('',(0.276128134804694,0.961120831721632,0.));
#3526=DIRECTION('',(0.,0.,1.));
#3527=DIRECTION('',(0.276128134804694,0.961120831721632,0.));
#3528=DIRECTION('center_axis',(0.,1.,0.));
#3529=DIRECTION('ref_axis',(0.,0.,1.));
#3530=DIRECTION('',(1.,0.,0.));
#3531=DIRECTION('',(0.,0.,1.));
#3532=DIRECTION('',(1.,0.,0.));
#3533=DIRECTION('',(0.,0.,1.));
#3534=DIRECTION('',(0.,0.,1.));
#3535=DIRECTION('',(0.,0.,1.));
#3536=DIRECTION('',(0.,0.,1.));
#3537=DIRECTION('center_axis',(-0.706892100071082,0.707321397143544,0.));
#3538=DIRECTION('ref_axis',(0.,0.,1.));
#3539=DIRECTION('',(0.707321397143544,0.706892100071082,0.));
#3540=DIRECTION('',(0.,0.,1.));
#3541=DIRECTION('',(0.707321397143544,0.706892100071082,0.));
#3542=DIRECTION('center_axis',(0.0046025798216405,0.999989408073398,0.));
#3543=DIRECTION('ref_axis',(0.,0.,1.));
#3544=DIRECTION('',(0.999989408073398,-0.0046025798216405,0.));
#3545=DIRECTION('',(0.,0.,1.));
#3546=DIRECTION('',(0.999989408073398,-0.0046025798216405,0.));
#3547=DIRECTION('center_axis',(0.69985730212656,-0.714282686798534,0.));
#3548=DIRECTION('ref_axis',(0.,0.,-1.));
#3549=DIRECTION('',(-0.714282686798534,-0.69985730212656,0.));
#3550=DIRECTION('',(0.,0.,1.));
#3551=DIRECTION('',(-0.714282686798534,-0.69985730212656,0.));
#3552=DIRECTION('',(0.,0.,1.));
#3553=DIRECTION('',(0.,0.,1.));
#3554=DIRECTION('',(0.,0.,1.));
#3555=DIRECTION('',(0.,0.,1.));
#3556=DIRECTION('center_axis',(-0.00497252706190841,-0.999987636910886,
0.));
#3557=DIRECTION('ref_axis',(0.,0.,-1.));
#3558=DIRECTION('',(-0.999987636910886,0.00497252706190841,0.));
#3559=DIRECTION('',(0.,0.,1.));
#3560=DIRECTION('',(-0.999987636910886,0.00497252706190841,0.));
#3561=DIRECTION('center_axis',(-0.928177779790317,-0.372137083752099,0.));
#3562=DIRECTION('ref_axis',(0.,0.,1.));
#3563=DIRECTION('',(-0.372137083752099,0.928177779790317,0.));
#3564=DIRECTION('',(0.,0.,1.));
#3565=DIRECTION('',(-0.372137083752099,0.928177779790317,0.));
#3566=DIRECTION('',(0.,0.,1.));
#3567=DIRECTION('',(0.,0.,1.));
#3568=DIRECTION('center_axis',(0.961257204757365,-0.275653017944764,0.));
#3569=DIRECTION('ref_axis',(0.,0.,-1.));
#3570=DIRECTION('',(-0.275653017944764,-0.961257204757366,0.));
#3571=DIRECTION('',(0.,0.,1.));
#3572=DIRECTION('',(-0.275653017944764,-0.961257204757366,0.));
#3573=DIRECTION('center_axis',(0.00533608949914292,-0.999985762973082,0.));
#3574=DIRECTION('ref_axis',(0.,0.,-1.));
#3575=DIRECTION('',(-0.999985762973082,-0.00533608949914292,0.));
#3576=DIRECTION('',(0.,0.,1.));
#3577=DIRECTION('',(-0.999985762973082,-0.00533608949914292,0.));
#3578=DIRECTION('center_axis',(0.,0.,1.));
#3579=DIRECTION('ref_axis',(1.,0.,0.));
#3580=DIRECTION('center_axis',(0.,0.,1.));
#3581=DIRECTION('ref_axis',(1.,0.,0.));
#3582=DIRECTION('',(0.,-1.,-2.22044604925031E-16));
#3583=DIRECTION('',(1.,0.,0.));
#3584=DIRECTION('',(-1.23259516440783E-32,-2.22044604925031E-16,1.));
#3585=DIRECTION('',(1.,-1.17961196366423E-16,-1.38666955995881E-32));
#3586=CARTESIAN_POINT('',(0.,0.,0.));
#3587=CARTESIAN_POINT('',(0.,0.,0.));
#3588=CARTESIAN_POINT('Origin',(-0.8,0.87,-0.4));
#3589=CARTESIAN_POINT('',(-0.8,0.83,0.36));
#3590=CARTESIAN_POINT('',(-0.8,0.83,-0.36));
#3591=CARTESIAN_POINT('',(-0.8,0.83,-0.4));
#3592=CARTESIAN_POINT('',(-0.8,0.04,-0.36));
#3593=CARTESIAN_POINT('',(-0.8,0.87,-0.36));
#3594=CARTESIAN_POINT('',(-0.8,0.04,0.36));
#3595=CARTESIAN_POINT('',(-0.8,0.04,-0.4));
#3596=CARTESIAN_POINT('',(-0.8,0.87,0.36));
#3597=CARTESIAN_POINT('Origin',(-0.8,0.87,0.4));
#3598=CARTESIAN_POINT('',(-0.76,0.83,0.4));
#3599=CARTESIAN_POINT('',(-0.76,0.04,0.4));
#3600=CARTESIAN_POINT('',(-0.76,0.87,0.4));
#3601=CARTESIAN_POINT('',(-0.45,0.04,0.4));
#3602=CARTESIAN_POINT('',(-0.8,0.04,0.4));
#3603=CARTESIAN_POINT('',(-0.45,0.83,0.4));
#3604=CARTESIAN_POINT('',(-0.45,0.87,0.4));
#3605=CARTESIAN_POINT('',(-0.8,0.83,0.4));
#3606=CARTESIAN_POINT('Origin',(-0.45,0.87,-0.4));
#3607=CARTESIAN_POINT('',(-0.45,0.,0.36));
#3608=CARTESIAN_POINT('',(-0.45,0.,-0.36));
#3609=CARTESIAN_POINT('',(-0.45,0.,-0.4));
#3610=CARTESIAN_POINT('',(-0.45,0.04,-0.4));
#3611=CARTESIAN_POINT('Origin',(-0.45,0.04,-0.36));
#3612=CARTESIAN_POINT('',(-0.45,0.83,-0.4));
#3613=CARTESIAN_POINT('',(-0.45,0.87,-0.4));
#3614=CARTESIAN_POINT('',(-0.45,0.87,-0.36));
#3615=CARTESIAN_POINT('Origin',(-0.45,0.83,-0.36));
#3616=CARTESIAN_POINT('',(-0.45,0.87,0.36));
#3617=CARTESIAN_POINT('',(-0.45,0.87,-0.4));
#3618=CARTESIAN_POINT('Origin',(-0.45,0.83,0.36));
#3619=CARTESIAN_POINT('Origin',(-0.45,0.04,0.36));
#3620=CARTESIAN_POINT('Origin',(-0.8,0.87,-0.4));
#3621=CARTESIAN_POINT('',(-0.76,0.04,-0.4));
#3622=CARTESIAN_POINT('',(-0.8,0.04,-0.4));
#3623=CARTESIAN_POINT('',(-0.76,0.83,-0.4));
#3624=CARTESIAN_POINT('',(-0.76,0.87,-0.4));
#3625=CARTESIAN_POINT('',(-0.45,0.83,-0.4));
#3626=CARTESIAN_POINT('Origin',(0.,0.87,0.));
#3627=CARTESIAN_POINT('',(-0.76,0.87,-0.36));
#3628=CARTESIAN_POINT('',(-0.8,0.87,-0.36));
#3629=CARTESIAN_POINT('',(-0.76,0.87,0.36));
#3630=CARTESIAN_POINT('',(-0.76,0.87,0.4));
#3631=CARTESIAN_POINT('',(-0.45,0.87,0.36));
#3632=CARTESIAN_POINT('Origin',(0.,0.,0.));
#3633=CARTESIAN_POINT('',(-0.76,0.,0.36));
#3634=CARTESIAN_POINT('',(-0.76,0.,-0.36));
#3635=CARTESIAN_POINT('',(-0.76,0.,1.02999206386123E-16));
#3636=CARTESIAN_POINT('',(5.57589688706831E-17,0.,-0.36));
#3637=CARTESIAN_POINT('',(0.,0.,0.36));
#3638=CARTESIAN_POINT('Origin',(0.,0.83,0.36));
#3639=CARTESIAN_POINT('Origin',(-0.76,0.83,0.36));
#3640=CARTESIAN_POINT('Origin',(-0.76,0.87,0.36));
#3641=CARTESIAN_POINT('Origin',(-0.76,0.04,0.36));
#3642=CARTESIAN_POINT('Origin',(-0.76,0.83,0.36));
#3643=CARTESIAN_POINT('Origin',(-0.8,0.04,0.36));
#3644=CARTESIAN_POINT('Origin',(-0.76,0.04,0.36));
#3645=CARTESIAN_POINT('Origin',(-0.76,0.83,0.36));
#3646=CARTESIAN_POINT('Origin',(-0.76,0.83,0.36));
#3647=CARTESIAN_POINT('Origin',(-0.76,0.04,0.36));
#3648=CARTESIAN_POINT('Origin',(-0.76,0.04,0.36));
#3649=CARTESIAN_POINT('Origin',(5.57589688706831E-17,0.83,-0.36));
#3650=CARTESIAN_POINT('Origin',(-0.76,0.83,-0.36));
#3651=CARTESIAN_POINT('Origin',(-0.76,0.83,1.02999206386123E-16));
#3652=CARTESIAN_POINT('Origin',(-0.76,0.83,-0.36));
#3653=CARTESIAN_POINT('Origin',(-0.76,0.04,-0.4));
#3654=CARTESIAN_POINT('Origin',(-0.76,0.04,-0.36));
#3655=CARTESIAN_POINT('Origin',(-0.8,0.04,-0.36));
#3656=CARTESIAN_POINT('Origin',(-0.76,0.04,-0.36));
#3657=CARTESIAN_POINT('Origin',(-0.76,0.83,-0.36));
#3658=CARTESIAN_POINT('Origin',(-0.76,0.83,-0.36));
#3659=CARTESIAN_POINT('Origin',(-0.76,0.04,-0.36));
#3660=CARTESIAN_POINT('Origin',(-0.76,0.04,-0.36));
#3661=CARTESIAN_POINT('Origin',(-0.76,0.87,-0.36));
#3662=CARTESIAN_POINT('Origin',(0.8,0.87,-0.4));
#3663=CARTESIAN_POINT('',(0.8,0.83,0.36));
#3664=CARTESIAN_POINT('',(0.8,0.83,-0.36));
#3665=CARTESIAN_POINT('',(0.8,0.83,-0.4));
#3666=CARTESIAN_POINT('',(0.8,0.04,0.36));
#3667=CARTESIAN_POINT('',(0.8,0.87,0.36));
#3668=CARTESIAN_POINT('',(0.8,0.04,-0.36));
#3669=CARTESIAN_POINT('',(0.8,0.04,-0.4));
#3670=CARTESIAN_POINT('',(0.8,0.87,-0.36));
#3671=CARTESIAN_POINT('Origin',(0.8,0.87,0.4));
#3672=CARTESIAN_POINT('',(0.76,0.83,0.4));
#3673=CARTESIAN_POINT('',(0.76,0.04,0.4));
#3674=CARTESIAN_POINT('',(0.76,0.87,0.4));
#3675=CARTESIAN_POINT('',(0.45,0.83,0.4));
#3676=CARTESIAN_POINT('',(0.8,0.83,0.4));
#3677=CARTESIAN_POINT('',(0.45,0.04,0.4));
#3678=CARTESIAN_POINT('',(0.45,0.87,0.4));
#3679=CARTESIAN_POINT('',(0.8,0.04,0.4));
#3680=CARTESIAN_POINT('Origin',(0.45,0.87,-0.4));
#3681=CARTESIAN_POINT('',(0.45,0.,0.36));
#3682=CARTESIAN_POINT('',(0.45,0.,-0.36));
#3683=CARTESIAN_POINT('',(0.45,0.,-0.4));
#3684=CARTESIAN_POINT('Origin',(0.45,0.04,0.36));
#3685=CARTESIAN_POINT('',(0.45,0.87,0.36));
#3686=CARTESIAN_POINT('Origin',(0.45,0.83,0.36));
#3687=CARTESIAN_POINT('',(0.45,0.87,-0.36));
#3688=CARTESIAN_POINT('',(0.45,0.87,-0.4));
#3689=CARTESIAN_POINT('',(0.45,0.83,-0.4));
#3690=CARTESIAN_POINT('Origin',(0.45,0.83,-0.36));
#3691=CARTESIAN_POINT('',(0.45,0.04,-0.4));
#3692=CARTESIAN_POINT('',(0.45,0.87,-0.4));
#3693=CARTESIAN_POINT('Origin',(0.45,0.04,-0.36));
#3694=CARTESIAN_POINT('Origin',(0.8,0.87,-0.4));
#3695=CARTESIAN_POINT('',(0.76,0.83,-0.4));
#3696=CARTESIAN_POINT('',(0.45,0.83,-0.4));
#3697=CARTESIAN_POINT('',(0.76,0.04,-0.4));
#3698=CARTESIAN_POINT('',(0.76,0.87,-0.4));
#3699=CARTESIAN_POINT('',(0.8,0.04,-0.4));
#3700=CARTESIAN_POINT('Origin',(0.,0.87,0.));
#3701=CARTESIAN_POINT('',(0.76,0.87,0.36));
#3702=CARTESIAN_POINT('',(0.45,0.87,0.36));
#3703=CARTESIAN_POINT('',(0.76,0.87,-0.36));
#3704=CARTESIAN_POINT('',(0.76,0.87,0.4));
#3705=CARTESIAN_POINT('',(0.8,0.87,-0.36));
#3706=CARTESIAN_POINT('Origin',(0.,0.,0.));
#3707=CARTESIAN_POINT('',(0.76,0.,0.36));
#3708=CARTESIAN_POINT('',(0.76,0.,-0.36));
#3709=CARTESIAN_POINT('',(0.76,0.,1.02999206386123E-16));
#3710=CARTESIAN_POINT('',(0.,0.,0.36));
#3711=CARTESIAN_POINT('',(-5.57589688706831E-17,0.,-0.36));
#3712=CARTESIAN_POINT('Origin',(0.,0.83,0.36));
#3713=CARTESIAN_POINT('Origin',(0.76,0.83,0.36));
#3714=CARTESIAN_POINT('Origin',(0.76,0.87,0.36));
#3715=CARTESIAN_POINT('Origin',(0.76,0.04,0.36));
#3716=CARTESIAN_POINT('Origin',(0.76,0.83,0.36));
#3717=CARTESIAN_POINT('Origin',(0.8,0.04,0.36));
#3718=CARTESIAN_POINT('Origin',(0.76,0.04,0.36));
#3719=CARTESIAN_POINT('Origin',(0.76,0.83,0.36));
#3720=CARTESIAN_POINT('Origin',(0.76,0.83,0.36));
#3721=CARTESIAN_POINT('Origin',(0.76,0.04,0.36));
#3722=CARTESIAN_POINT('Origin',(0.76,0.04,0.36));
#3723=CARTESIAN_POINT('Origin',(-5.57589688706831E-17,0.83,-0.36));
#3724=CARTESIAN_POINT('Origin',(0.76,0.83,-0.36));
#3725=CARTESIAN_POINT('Origin',(0.76,0.83,1.02999206386123E-16));
#3726=CARTESIAN_POINT('Origin',(0.76,0.83,-0.36));
#3727=CARTESIAN_POINT('Origin',(0.76,0.04,-0.4));
#3728=CARTESIAN_POINT('Origin',(0.76,0.04,-0.36));
#3729=CARTESIAN_POINT('Origin',(0.8,0.04,-0.36));
#3730=CARTESIAN_POINT('Origin',(0.76,0.04,-0.36));
#3731=CARTESIAN_POINT('Origin',(0.76,0.83,-0.36));
#3732=CARTESIAN_POINT('Origin',(0.76,0.83,-0.36));
#3733=CARTESIAN_POINT('Origin',(0.76,0.04,-0.36));
#3734=CARTESIAN_POINT('Origin',(0.76,0.04,-0.36));
#3735=CARTESIAN_POINT('Origin',(0.76,0.87,-0.36));
#3736=CARTESIAN_POINT('Origin',(0.45,0.87,-0.4));
#3737=CARTESIAN_POINT('',(0.450000000000728,0.83,-0.386666666666667));
#3738=CARTESIAN_POINT('',(0.450000000000728,0.856666666666667,-0.36));
#3739=CARTESIAN_POINT('Origin',(0.450000000000728,0.83,-0.36));
#3740=CARTESIAN_POINT('',(0.450000000000728,0.856666666666667,0.36));
#3741=CARTESIAN_POINT('',(0.450000000000728,0.856666666666667,-0.360000000145012));
#3742=CARTESIAN_POINT('',(0.450000000000728,0.83,0.386666666666667));
#3743=CARTESIAN_POINT('Origin',(0.450000000000728,0.83,0.36));
#3744=CARTESIAN_POINT('',(0.450000000000728,0.04,0.386666666666667));
#3745=CARTESIAN_POINT('',(0.450000000000728,0.83,0.386666666666667));
#3746=CARTESIAN_POINT('',(0.450000000000728,0.0133333333333333,0.36));
#3747=CARTESIAN_POINT('Origin',(0.450000000000728,0.04,0.36));
#3748=CARTESIAN_POINT('',(0.450000000000728,0.0133333333333333,-0.36));
#3749=CARTESIAN_POINT('',(0.450000000000728,0.0133333333333333,0.359999999854988));
#3750=CARTESIAN_POINT('',(0.450000000000728,0.04,-0.386666666666667));
#3751=CARTESIAN_POINT('Origin',(0.450000000000728,0.04,-0.36));
#3752=CARTESIAN_POINT('',(0.450000000000728,0.04,-0.386666666666667));
#3753=CARTESIAN_POINT('Origin',(-0.45,0.83,-0.36));
#3754=CARTESIAN_POINT('',(-0.45,0.83,-0.386666666666666));
#3755=CARTESIAN_POINT('',(-0.45,0.856666666666667,-0.36));
#3756=CARTESIAN_POINT('Origin',(-0.45,0.83,-0.36));
#3757=CARTESIAN_POINT('',(-0.45,0.04,-0.386666666666666));
#3758=CARTESIAN_POINT('',(-0.45,0.04,-0.386666666666666));
#3759=CARTESIAN_POINT('',(-0.45,0.0133333333333333,-0.36));
#3760=CARTESIAN_POINT('Origin',(-0.45,0.04,-0.36));
#3761=CARTESIAN_POINT('',(-0.45,0.0133333333333333,0.36));
#3762=CARTESIAN_POINT('',(-0.45,0.0133333333333333,0.36));
#3763=CARTESIAN_POINT('',(-0.45,0.04,0.386666666666667));
#3764=CARTESIAN_POINT('Origin',(-0.45,0.04,0.36));
#3765=CARTESIAN_POINT('',(-0.45,0.83,0.386666666666667));
#3766=CARTESIAN_POINT('',(-0.45,0.83,0.386666666666667));
#3767=CARTESIAN_POINT('',(-0.45,0.856666666666667,0.36));
#3768=CARTESIAN_POINT('Origin',(-0.45,0.83,0.36));
#3769=CARTESIAN_POINT('',(-0.45,0.856666666666667,-0.36));
#3770=CARTESIAN_POINT('Origin',(500000.,0.04,-0.386666666710035));
#3771=CARTESIAN_POINT('',(500000.,0.04,-0.386666666710035));
#3772=CARTESIAN_POINT('',(500000.,0.83,-0.386666666710035));
#3773=CARTESIAN_POINT('Origin',(500000.,0.04,-0.360000000043368));
#3774=CARTESIAN_POINT('',(500000.,0.0133333333333333,-0.360000000043368));
#3775=CARTESIAN_POINT('Origin',(500000.,0.0133333333333333,0.359999999956632));
#3776=CARTESIAN_POINT('',(500000.,0.0133333333333333,0.359999999956632));
#3777=CARTESIAN_POINT('Origin',(500000.,0.04,0.359999999956632));
#3778=CARTESIAN_POINT('',(500000.,0.04,0.386666666623299));
#3779=CARTESIAN_POINT('Origin',(500000.,0.83,0.386666666623299));
#3780=CARTESIAN_POINT('',(500000.,0.83,0.386666666623299));
#3781=CARTESIAN_POINT('Origin',(500000.,0.83,0.359999999956632));
#3782=CARTESIAN_POINT('',(500000.,0.856666666666667,0.359999999956632));
#3783=CARTESIAN_POINT('Origin',(500000.,0.856666666666667,-0.360000000043368));
#3784=CARTESIAN_POINT('',(500000.,0.856666666666667,-0.360000000043368));
#3785=CARTESIAN_POINT('Origin',(500000.,0.83,-0.360000000043368));
#3786=CARTESIAN_POINT('',(0.,0.,0.));
#3787=CARTESIAN_POINT('Ctrl Pts',(-0.2964295648502,-0.101488942333528,0.00052995223146868));
#3788=CARTESIAN_POINT('Ctrl Pts',(-0.2964295648502,-0.101488942333528,-0.000190047768531416));
#3789=CARTESIAN_POINT('Ctrl Pts',(-0.2962913548142,-0.101055173833528,0.00052995223146868));
#3790=CARTESIAN_POINT('Ctrl Pts',(-0.2962913548142,-0.101055173833528,-0.000190047768531416));
#3791=CARTESIAN_POINT('Ctrl Pts',(-0.2884913944934,-0.073964359333528,0.00052995223146868));
#3792=CARTESIAN_POINT('Ctrl Pts',(-0.2884913944934,-0.073964359333528,-0.000190047768531416));
#3793=CARTESIAN_POINT('Ctrl Pts',(-0.2790963228086,-0.0412871323335608,
0.00052995223146868));
#3794=CARTESIAN_POINT('Ctrl Pts',(-0.2790963228086,-0.0412871323335608,
-0.000190047768531416));
#3795=CARTESIAN_POINT('',(-0.296429565982988,-0.101488939884936,-7.00477685314E-5));
#3796=CARTESIAN_POINT('',(-0.296429567206578,-0.101488940723239,0.00052995223146868));
#3797=CARTESIAN_POINT('',(-0.2964295648502,-0.101488942333528,-7.00477685314E-5));
#3798=CARTESIAN_POINT('',(-0.2790963228086,-0.0412871323335608,0.00052995223146868));
#3799=CARTESIAN_POINT('Ctrl Pts',(-0.2964295648502,-0.101488942333528,0.00052995223146868));
#3800=CARTESIAN_POINT('Ctrl Pts',(-0.2962913548142,-0.101055173833528,0.00052995223146868));
#3801=CARTESIAN_POINT('Ctrl Pts',(-0.2884913944934,-0.073964359333528,0.00052995223146868));
#3802=CARTESIAN_POINT('Ctrl Pts',(-0.2790963228086,-0.0412871323335608,
0.00052995223146868));
#3803=CARTESIAN_POINT('',(-0.2790963228086,-0.0412871323335608,-7.00477685314E-5));
#3804=CARTESIAN_POINT('',(-0.2790963228086,-0.0412871323335608,-7.00477685314E-5));
#3805=CARTESIAN_POINT('Ctrl Pts',(-0.296429563944337,-0.101488939490463,
-7.00477685314E-5));
#3806=CARTESIAN_POINT('Ctrl Pts',(-0.296291320736385,-0.101055055474494,
-7.00477685314E-5));
#3807=CARTESIAN_POINT('Ctrl Pts',(-0.288491373969998,-0.0739642879505846,
-7.00477685314E-5));
#3808=CARTESIAN_POINT('Ctrl Pts',(-0.2790963228086,-0.0412871323335608,
-7.00477685314E-5));
#3809=CARTESIAN_POINT('Origin',(-0.270555349187,-0.0115805623335444,0.00052995223146868));
#3810=CARTESIAN_POINT('',(-0.2620143755654,0.018126007666472,0.00052995223146868));
#3811=CARTESIAN_POINT('',(-0.2790963228086,-0.0412871323335608,0.00052995223146868));
#3812=CARTESIAN_POINT('',(-0.2620143755654,0.018126007666472,-7.00477685314E-5));
#3813=CARTESIAN_POINT('',(-0.2620143755654,0.018126007666472,-7.00477685314E-5));
#3814=CARTESIAN_POINT('',(-0.2790963228086,-0.0412871323335608,-7.00477685314E-5));
#3815=CARTESIAN_POINT('Origin',(-0.2174735888534,0.018214973147672,0.00052995223146868));
#3816=CARTESIAN_POINT('',(-0.1729328021414,0.018303938628872,0.00052995223146868));
#3817=CARTESIAN_POINT('',(-0.2620143755654,0.018126007666472,0.00052995223146868));
#3818=CARTESIAN_POINT('',(-0.1729328021414,0.018303938628872,-7.00477685314E-5));
#3819=CARTESIAN_POINT('',(-0.1729328021414,0.018303938628872,-7.00477685314E-5));
#3820=CARTESIAN_POINT('',(-0.2620143755654,0.018126007666472,-7.00477685314E-5));
#3821=CARTESIAN_POINT('Origin',(-0.1731560623502,0.017558415888272,0.00052995223146868));
#3822=CARTESIAN_POINT('',(-0.173379322559,0.016812893147672,0.00052995223146868));
#3823=CARTESIAN_POINT('',(-0.1729328021414,0.018303938628872,0.00052995223146868));
#3824=CARTESIAN_POINT('',(-0.173379322559,0.016812893147672,-7.00477685314E-5));
#3825=CARTESIAN_POINT('',(-0.173379322559,0.016812893147672,-7.00477685314E-5));
#3826=CARTESIAN_POINT('',(-0.1729328021414,0.018303938628872,-7.00477685314E-5));
#3827=CARTESIAN_POINT('Ctrl Pts',(-0.173379322559,0.016812893147672,0.00052995223146868));
#3828=CARTESIAN_POINT('Ctrl Pts',(-0.173379322559,0.016812893147672,-0.000190047768531416));
#3829=CARTESIAN_POINT('Ctrl Pts',(-0.1736249073866,0.015992816555672,0.00052995223146868));
#3830=CARTESIAN_POINT('Ctrl Pts',(-0.1736249073866,0.015992816555672,-0.000190047768531416));
#3831=CARTESIAN_POINT('Ctrl Pts',(-0.1750765859666,0.010867520126072,0.00052995223146868));
#3832=CARTESIAN_POINT('Ctrl Pts',(-0.1750765859666,0.010867520126072,-0.000190047768531416));
#3833=CARTESIAN_POINT('Ctrl Pts',(-0.1766052702854,0.005423345136872,0.00052995223146868));
#3834=CARTESIAN_POINT('Ctrl Pts',(-0.1766052702854,0.005423345136872,-0.000190047768531416));
#3835=CARTESIAN_POINT('',(-0.1766052702854,0.005423345136872,0.00052995223146868));
#3836=CARTESIAN_POINT('Ctrl Pts',(-0.173379322559,0.016812893147672,0.00052995223146868));
#3837=CARTESIAN_POINT('Ctrl Pts',(-0.1736249073866,0.015992816555672,0.00052995223146868));
#3838=CARTESIAN_POINT('Ctrl Pts',(-0.1750765859666,0.010867520126072,0.00052995223146868));
#3839=CARTESIAN_POINT('Ctrl Pts',(-0.1766052702854,0.005423345136872,0.00052995223146868));
#3840=CARTESIAN_POINT('',(-0.1766052702854,0.005423345136872,-7.00477685314E-5));
#3841=CARTESIAN_POINT('',(-0.1766052702854,0.005423345136872,-7.00477685314E-5));
#3842=CARTESIAN_POINT('Ctrl Pts',(-0.173379322559,0.016812893147672,-7.00477685314E-5));
#3843=CARTESIAN_POINT('Ctrl Pts',(-0.1736249073866,0.015992816555672,-7.00477685314E-5));
#3844=CARTESIAN_POINT('Ctrl Pts',(-0.1750765859666,0.010867520126072,-7.00477685314E-5));
#3845=CARTESIAN_POINT('Ctrl Pts',(-0.1766052702854,0.005423345136872,-7.00477685314E-5));
#3846=CARTESIAN_POINT('Origin',(-0.1779949821872,0.000474095624671995,0.00052995223146868));
#3847=CARTESIAN_POINT('',(-0.179384694089,-0.00447515388752801,0.00052995223146868));
#3848=CARTESIAN_POINT('',(-0.1766052702854,0.005423345136872,0.00052995223146868));
#3849=CARTESIAN_POINT('',(-0.179384694089,-0.00447515388752801,-7.00477685314E-5));
#3850=CARTESIAN_POINT('',(-0.179384694089,-0.00447515388752801,-7.00477685314E-5));
#3851=CARTESIAN_POINT('',(-0.1766052702854,0.005423345136872,-7.00477685314E-5));
#3852=CARTESIAN_POINT('Origin',(-0.1930884452438,-0.00447699411752801,0.00052995223146868));
#3853=CARTESIAN_POINT('',(-0.2067921963986,-0.004478834347528,0.00052995223146868));
#3854=CARTESIAN_POINT('',(-0.179384694089,-0.00447515388752801,0.00052995223146868));
#3855=CARTESIAN_POINT('',(-0.2067921963986,-0.004478834347528,-7.00477685314E-5));
#3856=CARTESIAN_POINT('',(-0.2067921963986,-0.004478834347528,-7.00477685314E-5));
#3857=CARTESIAN_POINT('',(-0.179384694089,-0.00447515388752801,-7.00477685314E-5));
#3858=CARTESIAN_POINT('Ctrl Pts',(-0.2067921963986,-0.004478834347528,0.00052995223146868));
#3859=CARTESIAN_POINT('Ctrl Pts',(-0.2067921963986,-0.004478834347528,-0.000190047768531416));
#3860=CARTESIAN_POINT('Ctrl Pts',(-0.2218663230194,-0.004480937467528,0.00052995223146868));
#3861=CARTESIAN_POINT('Ctrl Pts',(-0.2218663230194,-0.004480937467528,-0.000190047768531416));
#3862=CARTESIAN_POINT('Ctrl Pts',(-0.2342768656862,-0.00460738054712801,
0.00052995223146868));
#3863=CARTESIAN_POINT('Ctrl Pts',(-0.2342768656862,-0.00460738054712801,
-0.000190047768531416));
#3864=CARTESIAN_POINT('Ctrl Pts',(-0.2343711765974,-0.004759979429128,0.00052995223146868));
#3865=CARTESIAN_POINT('Ctrl Pts',(-0.2343711765974,-0.004759979429128,-0.000190047768531416));
#3866=CARTESIAN_POINT('',(-0.2343711765974,-0.004759979429128,0.00052995223146868));
#3867=CARTESIAN_POINT('Ctrl Pts',(-0.2067921963986,-0.004478834347528,0.00052995223146868));
#3868=CARTESIAN_POINT('Ctrl Pts',(-0.2218663230194,-0.004480937467528,0.00052995223146868));
#3869=CARTESIAN_POINT('Ctrl Pts',(-0.2342768656862,-0.00460738054712801,
0.00052995223146868));
#3870=CARTESIAN_POINT('Ctrl Pts',(-0.2343711765974,-0.004759979429128,0.00052995223146868));
#3871=CARTESIAN_POINT('',(-0.2343711765974,-0.004759979429128,-7.00477685314E-5));
#3872=CARTESIAN_POINT('',(-0.2343711765974,-0.004759979429128,-7.00477685314E-5));
#3873=CARTESIAN_POINT('Ctrl Pts',(-0.2067921963986,-0.004478834347528,-7.00477685314E-5));
#3874=CARTESIAN_POINT('Ctrl Pts',(-0.2218663230194,-0.004480937467528,-7.00477685314E-5));
#3875=CARTESIAN_POINT('Ctrl Pts',(-0.2342768656862,-0.00460738054712801,
-7.00477685314E-5));
#3876=CARTESIAN_POINT('Ctrl Pts',(-0.2343711765974,-0.004759979429128,-7.00477685314E-5));
#3877=CARTESIAN_POINT('Ctrl Pts',(-0.2343711765974,-0.004759979429128,0.00052995223146868));
#3878=CARTESIAN_POINT('Ctrl Pts',(-0.2343711765974,-0.004759979429128,-0.000190047768531416));
#3879=CARTESIAN_POINT('Ctrl Pts',(-0.2344654875086,-0.004912578311128,0.00052995223146868));
#3880=CARTESIAN_POINT('Ctrl Pts',(-0.2344654875086,-0.004912578311128,-0.000190047768531416));
#3881=CARTESIAN_POINT('Ctrl Pts',(-0.2358964468514,-0.00968403181112801,
0.00052995223146868));
#3882=CARTESIAN_POINT('Ctrl Pts',(-0.2358964468514,-0.00968403181112801,
-0.000190047768531416));
#3883=CARTESIAN_POINT('Ctrl Pts',(-0.237551087027,-0.015363209429128,0.00052995223146868));
#3884=CARTESIAN_POINT('Ctrl Pts',(-0.237551087027,-0.015363209429128,-0.000190047768531416));
#3885=CARTESIAN_POINT('',(-0.237551087027,-0.015363209429128,0.00052995223146868));
#3886=CARTESIAN_POINT('Ctrl Pts',(-0.2343711765974,-0.004759979429128,0.00052995223146868));
#3887=CARTESIAN_POINT('Ctrl Pts',(-0.2344654875086,-0.004912578311128,0.00052995223146868));
#3888=CARTESIAN_POINT('Ctrl Pts',(-0.2358964468514,-0.00968403181112801,
0.00052995223146868));
#3889=CARTESIAN_POINT('Ctrl Pts',(-0.237551087027,-0.015363209429128,0.00052995223146868));
#3890=CARTESIAN_POINT('',(-0.237551087027,-0.015363209429128,-7.00477685314E-5));
#3891=CARTESIAN_POINT('',(-0.237551087027,-0.015363209429128,-7.00477685314E-5));
#3892=CARTESIAN_POINT('Ctrl Pts',(-0.2343711765974,-0.004759979429128,-7.00477685314E-5));
#3893=CARTESIAN_POINT('Ctrl Pts',(-0.2344654875086,-0.004912578311128,-7.00477685314E-5));
#3894=CARTESIAN_POINT('Ctrl Pts',(-0.2358964468514,-0.00968403181112801,
-7.00477685314E-5));
#3895=CARTESIAN_POINT('Ctrl Pts',(-0.237551087027,-0.015363209429128,-7.00477685314E-5));
#3896=CARTESIAN_POINT('Ctrl Pts',(-0.237551087027,-0.015363209429128,0.00052995223146868));
#3897=CARTESIAN_POINT('Ctrl Pts',(-0.237551087027,-0.015363209429128,-0.000190047768531416));
#3898=CARTESIAN_POINT('Ctrl Pts',(-0.2392057272026,-0.02104238704716,0.00052995223146868));
#3899=CARTESIAN_POINT('Ctrl Pts',(-0.2392057272026,-0.02104238704716,-0.000190047768531416));
#3900=CARTESIAN_POINT('Ctrl Pts',(-0.2406469743074,-0.02596501982316,0.00052995223146868));
#3901=CARTESIAN_POINT('Ctrl Pts',(-0.2406469743074,-0.02596501982316,-0.000190047768531416));
#3902=CARTESIAN_POINT('Ctrl Pts',(-0.240753858371,-0.02630239532316,0.00052995223146868));
#3903=CARTESIAN_POINT('Ctrl Pts',(-0.240753858371,-0.02630239532316,-0.000190047768531416));
#3904=CARTESIAN_POINT('',(-0.240753858371,-0.02630239532316,0.00052995223146868));
#3905=CARTESIAN_POINT('Ctrl Pts',(-0.237551087027,-0.015363209429128,0.00052995223146868));
#3906=CARTESIAN_POINT('Ctrl Pts',(-0.2392057272026,-0.02104238704716,0.00052995223146868));
#3907=CARTESIAN_POINT('Ctrl Pts',(-0.2406469743074,-0.02596501982316,0.00052995223146868));
#3908=CARTESIAN_POINT('Ctrl Pts',(-0.240753858371,-0.02630239532316,0.00052995223146868));
#3909=CARTESIAN_POINT('',(-0.240753858371,-0.02630239532316,-7.00477685314E-5));
#3910=CARTESIAN_POINT('',(-0.240753858371,-0.02630239532316,-7.00477685314E-5));
#3911=CARTESIAN_POINT('Ctrl Pts',(-0.237551087027,-0.015363209429128,-7.00477685314E-5));
#3912=CARTESIAN_POINT('Ctrl Pts',(-0.2392057272026,-0.02104238704716,-7.00477685314E-5));
#3913=CARTESIAN_POINT('Ctrl Pts',(-0.2406469743074,-0.02596501982316,-7.00477685314E-5));
#3914=CARTESIAN_POINT('Ctrl Pts',(-0.240753858371,-0.02630239532316,-7.00477685314E-5));
#3915=CARTESIAN_POINT('Ctrl Pts',(-0.240753858371,-0.02630239532316,0.00052995223146868));
#3916=CARTESIAN_POINT('Ctrl Pts',(-0.240753858371,-0.02630239532316,-0.000190047768531416));
#3917=CARTESIAN_POINT('Ctrl Pts',(-0.2409377376578,-0.02688279685476,0.00052995223146868));
#3918=CARTESIAN_POINT('Ctrl Pts',(-0.2409377376578,-0.02688279685476,-0.000190047768531416));
#3919=CARTESIAN_POINT('Ctrl Pts',(-0.2395606041662,-0.02691580532316,0.00052995223146868));
#3920=CARTESIAN_POINT('Ctrl Pts',(-0.2395606041662,-0.02691580532316,-0.000190047768531416));
#3921=CARTESIAN_POINT('Ctrl Pts',(-0.2151613556318,-0.02691580532316,0.00052995223146868));
#3922=CARTESIAN_POINT('Ctrl Pts',(-0.2151613556318,-0.02691580532316,-0.000190047768531416));
#3923=CARTESIAN_POINT('',(-0.2151613556318,-0.02691580532316,0.00052995223146868));
#3924=CARTESIAN_POINT('Ctrl Pts',(-0.240753858371,-0.02630239532316,0.00052995223146868));
#3925=CARTESIAN_POINT('Ctrl Pts',(-0.2409377376578,-0.02688279685476,0.00052995223146868));
#3926=CARTESIAN_POINT('Ctrl Pts',(-0.2395606041662,-0.02691580532316,0.00052995223146868));
#3927=CARTESIAN_POINT('Ctrl Pts',(-0.2151613556318,-0.02691580532316,0.00052995223146868));
#3928=CARTESIAN_POINT('',(-0.2151613556318,-0.02691580532316,-7.00477685314E-5));
#3929=CARTESIAN_POINT('',(-0.2151613556318,-0.02691580532316,-7.00477685314E-5));
#3930=CARTESIAN_POINT('Ctrl Pts',(-0.240753858371,-0.02630239532316,-7.00477685314E-5));
#3931=CARTESIAN_POINT('Ctrl Pts',(-0.2409377376578,-0.02688279685476,-7.00477685314E-5));
#3932=CARTESIAN_POINT('Ctrl Pts',(-0.2395606041662,-0.02691580532316,-7.00477685314E-5));
#3933=CARTESIAN_POINT('Ctrl Pts',(-0.2151613556318,-0.02691580532316,-7.00477685314E-5));
#3934=CARTESIAN_POINT('Ctrl Pts',(-0.2151613556318,-0.02691580532316,0.00052995223146868));
#3935=CARTESIAN_POINT('Ctrl Pts',(-0.2151613556318,-0.02691580532316,-0.000190047768531416));
#3936=CARTESIAN_POINT('Ctrl Pts',(-0.1908273038174,-0.02691580532316,0.00052995223146868));
#3937=CARTESIAN_POINT('Ctrl Pts',(-0.1908273038174,-0.02691580532316,-0.000190047768531416));
#3938=CARTESIAN_POINT('Ctrl Pts',(-0.1893758215286,-0.02695036659516,0.00052995223146868));
#3939=CARTESIAN_POINT('Ctrl Pts',(-0.1893758215286,-0.02695036659516,-0.000190047768531416));
#3940=CARTESIAN_POINT('Ctrl Pts',(-0.1893977079974,-0.02752921532316,0.00052995223146868));
#3941=CARTESIAN_POINT('Ctrl Pts',(-0.1893977079974,-0.02752921532316,-0.000190047768531416));
#3942=CARTESIAN_POINT('',(-0.1893977079974,-0.02752921532316,0.00052995223146868));
#3943=CARTESIAN_POINT('Ctrl Pts',(-0.2151613556318,-0.02691580532316,0.00052995223146868));
#3944=CARTESIAN_POINT('Ctrl Pts',(-0.1908273038174,-0.02691580532316,0.00052995223146868));
#3945=CARTESIAN_POINT('Ctrl Pts',(-0.1893758215286,-0.02695036659516,0.00052995223146868));
#3946=CARTESIAN_POINT('Ctrl Pts',(-0.1893977079974,-0.02752921532316,0.00052995223146868));
#3947=CARTESIAN_POINT('',(-0.1893977079974,-0.02752921532316,-7.00477685314E-5));
#3948=CARTESIAN_POINT('',(-0.1893977079974,-0.02752921532316,-7.00477685314E-5));
#3949=CARTESIAN_POINT('Ctrl Pts',(-0.2151613556318,-0.02691580532316,-7.00477685314E-5));
#3950=CARTESIAN_POINT('Ctrl Pts',(-0.1908273038174,-0.02691580532316,-7.00477685314E-5));
#3951=CARTESIAN_POINT('Ctrl Pts',(-0.1893758215286,-0.02695036659516,-7.00477685314E-5));
#3952=CARTESIAN_POINT('Ctrl Pts',(-0.1893977079974,-0.02752921532316,-7.00477685314E-5));
#3953=CARTESIAN_POINT('Ctrl Pts',(-0.1893977079974,-0.02752921532316,0.00052995223146868));
#3954=CARTESIAN_POINT('Ctrl Pts',(-0.1893977079974,-0.02752921532316,-0.000190047768531416));
#3955=CARTESIAN_POINT('Ctrl Pts',(-0.1894104669254,-0.02786659082316,0.00052995223146868));
#3956=CARTESIAN_POINT('Ctrl Pts',(-0.1894104669254,-0.02786659082316,-0.000190047768531416));
#3957=CARTESIAN_POINT('Ctrl Pts',(-0.1907906359202,-0.03287464532316,0.00052995223146868));
#3958=CARTESIAN_POINT('Ctrl Pts',(-0.1907906359202,-0.03287464532316,-0.000190047768531416));
#3959=CARTESIAN_POINT('Ctrl Pts',(-0.1924647579974,-0.0386582253231608,
0.00052995223146868));
#3960=CARTESIAN_POINT('Ctrl Pts',(-0.1924647579974,-0.0386582253231608,
-0.000190047768531416));
#3961=CARTESIAN_POINT('',(-0.1924647579974,-0.0386582253231608,0.00052995223146868));
#3962=CARTESIAN_POINT('Ctrl Pts',(-0.1893977079974,-0.02752921532316,0.00052995223146868));
#3963=CARTESIAN_POINT('Ctrl Pts',(-0.1894104669254,-0.02786659082316,0.00052995223146868));
#3964=CARTESIAN_POINT('Ctrl Pts',(-0.1907906359202,-0.03287464532316,0.00052995223146868));
#3965=CARTESIAN_POINT('Ctrl Pts',(-0.1924647579974,-0.0386582253231608,
0.00052995223146868));
#3966=CARTESIAN_POINT('',(-0.1924647579974,-0.0386582253231608,-7.00477685314E-5));
#3967=CARTESIAN_POINT('',(-0.1924647579974,-0.0386582253231608,-7.00477685314E-5));
#3968=CARTESIAN_POINT('Ctrl Pts',(-0.1893977079974,-0.02752921532316,-7.00477685314E-5));
#3969=CARTESIAN_POINT('Ctrl Pts',(-0.1894104669254,-0.02786659082316,-7.00477685314E-5));
#3970=CARTESIAN_POINT('Ctrl Pts',(-0.1907906359202,-0.03287464532316,-7.00477685314E-5));
#3971=CARTESIAN_POINT('Ctrl Pts',(-0.1924647579974,-0.0386582253231608,
-7.00477685314E-5));
#3972=CARTESIAN_POINT('Origin',(-0.1939866860432,-0.0439160253231604,0.00052995223146868));
#3973=CARTESIAN_POINT('',(-0.195508614089,-0.04917382532316,0.00052995223146868));
#3974=CARTESIAN_POINT('',(-0.1924647579974,-0.0386582253231608,0.00052995223146868));
#3975=CARTESIAN_POINT('',(-0.195508614089,-0.04917382532316,-7.00477685314E-5));
#3976=CARTESIAN_POINT('',(-0.195508614089,-0.04917382532316,-7.00477685314E-5));
#3977=CARTESIAN_POINT('',(-0.1924647579974,-0.0386582253231608,-7.00477685314E-5));
#3978=CARTESIAN_POINT('Origin',(-0.221433581543,-0.04934908532316,0.00052995223146868));
#3979=CARTESIAN_POINT('',(-0.247358548997,-0.04952434532316,0.00052995223146868));
#3980=CARTESIAN_POINT('',(-0.195508614089,-0.04917382532316,0.00052995223146868));
#3981=CARTESIAN_POINT('',(-0.247358548997,-0.04952434532316,-7.00477685314E-5));
#3982=CARTESIAN_POINT('',(-0.247358548997,-0.04952434532316,-7.00477685314E-5));
#3983=CARTESIAN_POINT('',(-0.195508614089,-0.04917382532316,-7.00477685314E-5));
#3984=CARTESIAN_POINT('Origin',(-0.2494190703014,-0.056710005323144,0.00052995223146868));
#3985=CARTESIAN_POINT('',(-0.2514795916058,-0.063895665323128,0.00052995223146868));
#3986=CARTESIAN_POINT('',(-0.247358548997,-0.04952434532316,0.00052995223146868));
#3987=CARTESIAN_POINT('',(-0.2514795916058,-0.063895665323128,-7.00477685314E-5));
#3988=CARTESIAN_POINT('',(-0.2514795916058,-0.063895665323128,-7.00477685314E-5));
#3989=CARTESIAN_POINT('',(-0.247358548997,-0.04952434532316,-7.00477685314E-5));
#3990=CARTESIAN_POINT('Ctrl Pts',(-0.2514795916058,-0.063895665323128,0.00052995223146868));
#3991=CARTESIAN_POINT('Ctrl Pts',(-0.2514795916058,-0.063895665323128,-0.000190047768531416));
#3992=CARTESIAN_POINT('Ctrl Pts',(-0.2537461660922,-0.071799891323128,0.00052995223146868));
#3993=CARTESIAN_POINT('Ctrl Pts',(-0.2537461660922,-0.071799891323128,-0.000190047768531416));
#3994=CARTESIAN_POINT('Ctrl Pts',(-0.255605618609,-0.078543815503528,0.00052995223146868));
#3995=CARTESIAN_POINT('Ctrl Pts',(-0.255605618609,-0.078543815503528,-0.000190047768531416));
#3996=CARTESIAN_POINT('Ctrl Pts',(-0.2556117071414,-0.078882165449128,0.00052995223146868));
#3997=CARTESIAN_POINT('Ctrl Pts',(-0.2556117071414,-0.078882165449128,-0.000190047768531416));
#3998=CARTESIAN_POINT('',(-0.2556117071414,-0.078882165449128,0.00052995223146868));
#3999=CARTESIAN_POINT('Ctrl Pts',(-0.2514795916058,-0.063895665323128,0.00052995223146868));
#4000=CARTESIAN_POINT('Ctrl Pts',(-0.2537461660922,-0.071799891323128,0.00052995223146868));
#4001=CARTESIAN_POINT('Ctrl Pts',(-0.255605618609,-0.078543815503528,0.00052995223146868));
#4002=CARTESIAN_POINT('Ctrl Pts',(-0.2556117071414,-0.078882165449128,0.00052995223146868));
#4003=CARTESIAN_POINT('',(-0.2556117071414,-0.078882165449128,-7.00477685314E-5));
#4004=CARTESIAN_POINT('',(-0.2556117071414,-0.078882165449128,-7.00477685314E-5));
#4005=CARTESIAN_POINT('Ctrl Pts',(-0.2514795916058,-0.063895665323128,-7.00477685314E-5));
#4006=CARTESIAN_POINT('Ctrl Pts',(-0.2537461660922,-0.071799891323128,-7.00477685314E-5));
#4007=CARTESIAN_POINT('Ctrl Pts',(-0.255605618609,-0.078543815503528,-7.00477685314E-5));
#4008=CARTESIAN_POINT('Ctrl Pts',(-0.2556117071414,-0.078882165449128,-7.00477685314E-5));
#4009=CARTESIAN_POINT('Ctrl Pts',(-0.2556117071414,-0.078882165449128,0.00052995223146868));
#4010=CARTESIAN_POINT('Ctrl Pts',(-0.2556117071414,-0.078882165449128,-0.000190047768531416));
#4011=CARTESIAN_POINT('Ctrl Pts',(-0.2556221876894,-0.079465108250728,0.00052995223146868));
#4012=CARTESIAN_POINT('Ctrl Pts',(-0.2556221876894,-0.079465108250728,-0.000190047768531416));
#4013=CARTESIAN_POINT('Ctrl Pts',(-0.2538739411478,-0.079492659122728,0.00052995223146868));
#4014=CARTESIAN_POINT('Ctrl Pts',(-0.2538739411478,-0.079492659122728,-0.000190047768531416));
#4015=CARTESIAN_POINT('Ctrl Pts',(-0.2222479025966,-0.079407945449128,0.00052995223146868));
#4016=CARTESIAN_POINT('Ctrl Pts',(-0.2222479025966,-0.079407945449128,-0.000190047768531416));
#4017=CARTESIAN_POINT('',(-0.2222479025966,-0.079407945449128,0.00052995223146868));
#4018=CARTESIAN_POINT('Ctrl Pts',(-0.2556117071414,-0.078882165449128,0.00052995223146868));
#4019=CARTESIAN_POINT('Ctrl Pts',(-0.2556221876894,-0.079465108250728,0.00052995223146868));
#4020=CARTESIAN_POINT('Ctrl Pts',(-0.2538739411478,-0.079492659122728,0.00052995223146868));
#4021=CARTESIAN_POINT('Ctrl Pts',(-0.2222479025966,-0.079407945449128,0.00052995223146868));
#4022=CARTESIAN_POINT('',(-0.2222479025966,-0.079407945449128,-7.00477685314E-5));
#4023=CARTESIAN_POINT('',(-0.2222479025966,-0.079407945449128,-7.00477685314E-5));
#4024=CARTESIAN_POINT('Ctrl Pts',(-0.2556117071414,-0.078882165449128,-7.00477685314E-5));
#4025=CARTESIAN_POINT('Ctrl Pts',(-0.2556221876894,-0.079465108250728,-7.00477685314E-5));
#4026=CARTESIAN_POINT('Ctrl Pts',(-0.2538739411478,-0.079492659122728,-7.00477685314E-5));
#4027=CARTESIAN_POINT('Ctrl Pts',(-0.2222479025966,-0.079407945449128,-7.00477685314E-5));
#4028=CARTESIAN_POINT('Origin',(-0.2055604638608,-0.079363245386128,0.00052995223146868));
#4029=CARTESIAN_POINT('',(-0.188873025125,-0.079318545323128,0.00052995223146868));
#4030=CARTESIAN_POINT('',(-0.2222479025966,-0.079407945449128,0.00052995223146868));
#4031=CARTESIAN_POINT('',(-0.188873025125,-0.079318545323128,-7.00477685314E-5));
#4032=CARTESIAN_POINT('',(-0.188873025125,-0.079318545323128,-7.00477685314E-5));
#4033=CARTESIAN_POINT('',(-0.2222479025966,-0.079407945449128,-7.00477685314E-5));
#4034=CARTESIAN_POINT('Origin',(-0.174844829153,-0.030508635323128,0.00052995223146868));
#4035=CARTESIAN_POINT('',(-0.160816633181,0.018301274676872,0.00052995223146868));
#4036=CARTESIAN_POINT('',(-0.188873025125,-0.079318545323128,0.00052995223146868));
#4037=CARTESIAN_POINT('',(-0.160816633181,0.018301274676872,-7.00477685314E-5));
#4038=CARTESIAN_POINT('',(-0.160816633181,0.018301274676872,-7.00477685314E-5));
#4039=CARTESIAN_POINT('',(-0.188873025125,-0.079318545323128,-7.00477685314E-5));
#4040=CARTESIAN_POINT('Origin',(-0.135106376752988,0.018301274676872,0.00052995223146868));
#4041=CARTESIAN_POINT('',(-0.109396120324976,0.018301274676872,0.00052995223146868));
#4042=CARTESIAN_POINT('',(-0.160816633181,0.018301274676872,0.00052995223146868));
#4043=CARTESIAN_POINT('',(-0.109396120324976,0.018301274676872,-7.00477685314E-5));
#4044=CARTESIAN_POINT('',(-0.109396120324976,0.018301274676872,-7.00477685314E-5));
#4045=CARTESIAN_POINT('',(-0.160816633181,0.018301274676872,-7.00477685314E-5));
#4046=CARTESIAN_POINT('Origin',(-0.109504629048776,0.017030639676872,0.00052995223146868));
#4047=CARTESIAN_POINT('',(-0.109613137772576,0.015760004676872,0.00052995223146868));
#4048=CARTESIAN_POINT('',(-0.109396120324976,0.018301274676872,0.00052995223146868));
#4049=CARTESIAN_POINT('',(-0.109613137772576,0.015760004676872,-7.00477685314E-5));
#4050=CARTESIAN_POINT('',(-0.109613137772576,0.015760004676872,-7.00477685314E-5));
#4051=CARTESIAN_POINT('',(-0.109396120324976,0.018301274676872,-7.00477685314E-5));
#4052=CARTESIAN_POINT('Ctrl Pts',(-0.109613137772576,0.015760004676872,
0.00052995223146868));
#4053=CARTESIAN_POINT('Ctrl Pts',(-0.109613137772576,0.015760004676872,
-0.000190047768531416));
#4054=CARTESIAN_POINT('Ctrl Pts',(-0.109732496842976,0.014362306176872,
0.00052995223146868));
#4055=CARTESIAN_POINT('Ctrl Pts',(-0.109732496842976,0.014362306176872,
-0.000190047768531416));
#4056=CARTESIAN_POINT('Ctrl Pts',(-0.110691926166176,-0.000740724323127998,
0.00052995223146868));
#4057=CARTESIAN_POINT('Ctrl Pts',(-0.110691926166176,-0.000740724323127998,
-0.000190047768531416));
#4058=CARTESIAN_POINT('Ctrl Pts',(-0.111745200208976,-0.017802285323128,
0.00052995223146868));
#4059=CARTESIAN_POINT('Ctrl Pts',(-0.111745200208976,-0.017802285323128,
-0.000190047768531416));
#4060=CARTESIAN_POINT('',(-0.111745200208976,-0.017802285323128,0.00052995223146868));
#4061=CARTESIAN_POINT('Ctrl Pts',(-0.109613137772576,0.015760004676872,
0.00052995223146868));
#4062=CARTESIAN_POINT('Ctrl Pts',(-0.109732496842976,0.014362306176872,
0.00052995223146868));
#4063=CARTESIAN_POINT('Ctrl Pts',(-0.110691926166176,-0.000740724323127998,
0.00052995223146868));
#4064=CARTESIAN_POINT('Ctrl Pts',(-0.111745200208976,-0.017802285323128,
0.00052995223146868));
#4065=CARTESIAN_POINT('',(-0.111745200208976,-0.017802285323128,-7.00477685314E-5));
#4066=CARTESIAN_POINT('',(-0.111745200208976,-0.017802285323128,-7.00477685314E-5));
#4067=CARTESIAN_POINT('Ctrl Pts',(-0.109613137772576,0.015760004676872,
-7.00477685314E-5));
#4068=CARTESIAN_POINT('Ctrl Pts',(-0.109732496842976,0.014362306176872,
-7.00477685314E-5));
#4069=CARTESIAN_POINT('Ctrl Pts',(-0.110691926166176,-0.000740724323127998,
-7.00477685314E-5));
#4070=CARTESIAN_POINT('Ctrl Pts',(-0.111745200208976,-0.017802285323128,
-7.00477685314E-5));
#4071=CARTESIAN_POINT('Ctrl Pts',(-0.111745200208976,-0.017802285323128,
0.00052995223146868));
#4072=CARTESIAN_POINT('Ctrl Pts',(-0.111745200208976,-0.017802285323128,
-0.000190047768531416));
#4073=CARTESIAN_POINT('Ctrl Pts',(-0.113808410001776,-0.05122339287756,
0.00052995223146868));
#4074=CARTESIAN_POINT('Ctrl Pts',(-0.113808410001776,-0.05122339287756,
-0.000190047768531416));
#4075=CARTESIAN_POINT('Ctrl Pts',(-0.114479066928176,-0.060588684383128,
0.00052995223146868));
#4076=CARTESIAN_POINT('Ctrl Pts',(-0.114479066928176,-0.060588684383128,
-0.000190047768531416));
#4077=CARTESIAN_POINT('Ctrl Pts',(-0.115259355994976,-0.066875085323128,
0.00052995223146868));
#4078=CARTESIAN_POINT('Ctrl Pts',(-0.115259355994976,-0.066875085323128,
-0.000190047768531416));
#4079=CARTESIAN_POINT('',(-0.115259355994976,-0.066875085323128,0.00052995223146868));
#4080=CARTESIAN_POINT('Ctrl Pts',(-0.111745200208976,-0.017802285323128,
0.00052995223146868));
#4081=CARTESIAN_POINT('Ctrl Pts',(-0.113808410001776,-0.05122339287756,
0.00052995223146868));
#4082=CARTESIAN_POINT('Ctrl Pts',(-0.114479066928176,-0.060588684383128,
0.00052995223146868));
#4083=CARTESIAN_POINT('Ctrl Pts',(-0.115259355994976,-0.066875085323128,
0.00052995223146868));
#4084=CARTESIAN_POINT('',(-0.115259355994976,-0.066875085323128,-7.00477685314E-5));
#4085=CARTESIAN_POINT('',(-0.115259355994976,-0.066875085323128,-7.00477685314E-5));
#4086=CARTESIAN_POINT('Ctrl Pts',(-0.111745200208976,-0.017802285323128,
-7.00477685314E-5));
#4087=CARTESIAN_POINT('Ctrl Pts',(-0.113808410001776,-0.05122339287756,
-7.00477685314E-5));
#4088=CARTESIAN_POINT('Ctrl Pts',(-0.114479066928176,-0.060588684383128,
-7.00477685314E-5));
#4089=CARTESIAN_POINT('Ctrl Pts',(-0.115259355994976,-0.066875085323128,
-7.00477685314E-5));
#4090=CARTESIAN_POINT('Ctrl Pts',(-0.115259355994976,-0.066875085323128,
0.00052995223146868));
#4091=CARTESIAN_POINT('Ctrl Pts',(-0.115259355994976,-0.066875085323128,
-0.000190047768531416));
#4092=CARTESIAN_POINT('Ctrl Pts',(-0.115534542236576,-0.069092124323128,
0.00052995223146868));
#4093=CARTESIAN_POINT('Ctrl Pts',(-0.115534542236576,-0.069092124323128,
-0.000190047768531416));
#4094=CARTESIAN_POINT('Ctrl Pts',(-0.115749680896976,-0.071063799323128,
0.00052995223146868));
#4095=CARTESIAN_POINT('Ctrl Pts',(-0.115749680896976,-0.071063799323128,
-0.000190047768531416));
#4096=CARTESIAN_POINT('Ctrl Pts',(-0.115737447748976,-0.071256585323128,
0.00052995223146868));
#4097=CARTESIAN_POINT('Ctrl Pts',(-0.115737447748976,-0.071256585323128,
-0.000190047768531416));
#4098=CARTESIAN_POINT('',(-0.115737447748976,-0.071256585323128,0.00052995223146868));
#4099=CARTESIAN_POINT('Ctrl Pts',(-0.115259355994976,-0.066875085323128,
0.00052995223146868));
#4100=CARTESIAN_POINT('Ctrl Pts',(-0.115534542236576,-0.069092124323128,
0.00052995223146868));
#4101=CARTESIAN_POINT('Ctrl Pts',(-0.115749680896976,-0.071063799323128,
0.00052995223146868));
#4102=CARTESIAN_POINT('Ctrl Pts',(-0.115737447748976,-0.071256585323128,
0.00052995223146868));
#4103=CARTESIAN_POINT('',(-0.115737447748976,-0.071256585323128,-7.00477685314E-5));
#4104=CARTESIAN_POINT('',(-0.115737447748976,-0.071256585323128,-7.00477685314E-5));
#4105=CARTESIAN_POINT('Ctrl Pts',(-0.115259355994976,-0.066875085323128,
-7.00477685314E-5));
#4106=CARTESIAN_POINT('Ctrl Pts',(-0.115534542236576,-0.069092124323128,
-7.00477685314E-5));
#4107=CARTESIAN_POINT('Ctrl Pts',(-0.115749680896976,-0.071063799323128,
-7.00477685314E-5));
#4108=CARTESIAN_POINT('Ctrl Pts',(-0.115737447748976,-0.071256585323128,
-7.00477685314E-5));
#4109=CARTESIAN_POINT('Ctrl Pts',(-0.115737447748976,-0.071256585323128,
0.00052995223146868));
#4110=CARTESIAN_POINT('Ctrl Pts',(-0.115737447748976,-0.071256585323128,
-0.000190047768531416));
#4111=CARTESIAN_POINT('Ctrl Pts',(-0.115725214600976,-0.071449371323128,
0.00052995223146868));
#4112=CARTESIAN_POINT('Ctrl Pts',(-0.115725214600976,-0.071449371323128,
-0.000190047768531416));
#4113=CARTESIAN_POINT('Ctrl Pts',(-0.114964863111776,-0.069398829323128,
0.00052995223146868));
#4114=CARTESIAN_POINT('Ctrl Pts',(-0.114964863111776,-0.069398829323128,
-0.000190047768531416));
#4115=CARTESIAN_POINT('Ctrl Pts',(-0.114047783614976,-0.066699825323128,
0.00052995223146868));
#4116=CARTESIAN_POINT('Ctrl Pts',(-0.114047783614976,-0.066699825323128,
-0.000190047768531416));
#4117=CARTESIAN_POINT('',(-0.114047783614976,-0.066699825323128,0.00052995223146868));
#4118=CARTESIAN_POINT('Ctrl Pts',(-0.115737447748976,-0.071256585323128,
0.00052995223146868));
#4119=CARTESIAN_POINT('Ctrl Pts',(-0.115725214600976,-0.071449371323128,
0.00052995223146868));
#4120=CARTESIAN_POINT('Ctrl Pts',(-0.114964863111776,-0.069398829323128,
0.00052995223146868));
#4121=CARTESIAN_POINT('Ctrl Pts',(-0.114047783614976,-0.066699825323128,
0.00052995223146868));
#4122=CARTESIAN_POINT('',(-0.114047783614976,-0.066699825323128,-7.00477685314E-5));
#4123=CARTESIAN_POINT('',(-0.114047783614976,-0.066699825323128,-7.00477685314E-5));
#4124=CARTESIAN_POINT('Ctrl Pts',(-0.115737447748976,-0.071256585323128,
-7.00477685314E-5));
#4125=CARTESIAN_POINT('Ctrl Pts',(-0.115725214600976,-0.071449371323128,
-7.00477685314E-5));
#4126=CARTESIAN_POINT('Ctrl Pts',(-0.114964863111776,-0.069398829323128,
-7.00477685314E-5));
#4127=CARTESIAN_POINT('Ctrl Pts',(-0.114047783614976,-0.066699825323128,
-7.00477685314E-5));
#4128=CARTESIAN_POINT('Ctrl Pts',(-0.114047783614976,-0.066699825323128,
0.00052995223146868));
#4129=CARTESIAN_POINT('Ctrl Pts',(-0.114047783614976,-0.066699825323128,
-0.000190047768531416));
#4130=CARTESIAN_POINT('Ctrl Pts',(-0.110803812150176,-0.05715267352596,
0.00052995223146868));
#4131=CARTESIAN_POINT('Ctrl Pts',(-0.110803812150176,-0.05715267352596,
-0.000190047768531416));
#4132=CARTESIAN_POINT('Ctrl Pts',(-0.110278708653776,-0.05607685754196,
0.00052995223146868));
#4133=CARTESIAN_POINT('Ctrl Pts',(-0.110278708653776,-0.05607685754196,
-0.000190047768531416));
#4134=CARTESIAN_POINT('Ctrl Pts',(-0.0878284249286,-0.012982635323128,0.00052995223146868));
#4135=CARTESIAN_POINT('Ctrl Pts',(-0.0878284249286,-0.012982635323128,-0.000190047768531416));
#4136=CARTESIAN_POINT('',(-0.0878284249286,-0.012982635323128,0.00052995223146868));
#4137=CARTESIAN_POINT('Ctrl Pts',(-0.114047783614976,-0.066699825323128,
0.00052995223146868));
#4138=CARTESIAN_POINT('Ctrl Pts',(-0.110803812150176,-0.05715267352596,
0.00052995223146868));
#4139=CARTESIAN_POINT('Ctrl Pts',(-0.110278708653776,-0.05607685754196,
0.00052995223146868));
#4140=CARTESIAN_POINT('Ctrl Pts',(-0.0878284249286,-0.012982635323128,0.00052995223146868));
#4141=CARTESIAN_POINT('',(-0.0878284249286,-0.012982635323128,-7.00477685314E-5));
#4142=CARTESIAN_POINT('',(-0.0878284249286,-0.012982635323128,-7.00477685314E-5));
#4143=CARTESIAN_POINT('Ctrl Pts',(-0.114047783614976,-0.066699825323128,
-7.00477685314E-5));
#4144=CARTESIAN_POINT('Ctrl Pts',(-0.110803812150176,-0.05715267352596,
-7.00477685314E-5));
#4145=CARTESIAN_POINT('Ctrl Pts',(-0.110278708653776,-0.05607685754196,
-7.00477685314E-5));
#4146=CARTESIAN_POINT('Ctrl Pts',(-0.0878284249286,-0.012982635323128,-7.00477685314E-5));
#4147=CARTESIAN_POINT('Origin',(-0.0796796200934,0.002659319676872,0.00052995223146868));
#4148=CARTESIAN_POINT('',(-0.0715308152582,0.018301274676872,0.00052995223146868));
#4149=CARTESIAN_POINT('',(-0.0878284249286,-0.012982635323128,0.00052995223146868));
#4150=CARTESIAN_POINT('',(-0.0715308152582,0.018301274676872,-7.00477685314E-5));
#4151=CARTESIAN_POINT('',(-0.0715308152582,0.018301274676872,-7.00477685314E-5));
#4152=CARTESIAN_POINT('',(-0.0878284249286,-0.012982635323128,-7.00477685314E-5));
#4153=CARTESIAN_POINT('Origin',(-0.0583159133162,0.018301274676872,0.00052995223146868));
#4154=CARTESIAN_POINT('',(-0.0451010113742,0.018301274676872,0.00052995223146868));
#4155=CARTESIAN_POINT('',(-0.0715308152582,0.018301274676872,0.00052995223146868));
#4156=CARTESIAN_POINT('',(-0.0451010113742,0.018301274676872,-7.00477685314E-5));
#4157=CARTESIAN_POINT('',(-0.0451010113742,0.018301274676872,-7.00477685314E-5));
#4158=CARTESIAN_POINT('',(-0.0715308152582,0.018301274676872,-7.00477685314E-5));
#4159=CARTESIAN_POINT('Ctrl Pts',(-0.0451010113742,0.018301274676872,0.00052995223146868));
#4160=CARTESIAN_POINT('Ctrl Pts',(-0.0451010113742,0.018301274676872,-0.000190047768531416));
#4161=CARTESIAN_POINT('Ctrl Pts',(-0.0305646315062,0.018301274676872,0.00052995223146868));
#4162=CARTESIAN_POINT('Ctrl Pts',(-0.0305646315062,0.018301274676872,-0.000190047768531416));
#4163=CARTESIAN_POINT('Ctrl Pts',(-0.0186701208782,0.018182974176872,0.00052995223146868));
#4164=CARTESIAN_POINT('Ctrl Pts',(-0.0186701208782,0.018182974176872,-0.000190047768531416));
#4165=CARTESIAN_POINT('Ctrl Pts',(-0.0186687538502,0.018038384676872,0.00052995223146868));
#4166=CARTESIAN_POINT('Ctrl Pts',(-0.0186687538502,0.018038384676872,-0.000190047768531416));
#4167=CARTESIAN_POINT('',(-0.0186687538502,0.018038384676872,0.00052995223146868));
#4168=CARTESIAN_POINT('Ctrl Pts',(-0.0451010113742,0.018301274676872,0.00052995223146868));
#4169=CARTESIAN_POINT('Ctrl Pts',(-0.0305646315062,0.018301274676872,0.00052995223146868));
#4170=CARTESIAN_POINT('Ctrl Pts',(-0.0186701208782,0.018182974176872,0.00052995223146868));
#4171=CARTESIAN_POINT('Ctrl Pts',(-0.0186687538502,0.018038384676872,0.00052995223146868));
#4172=CARTESIAN_POINT('',(-0.0186687538502,0.018038384676872,-7.00477685314E-5));
#4173=CARTESIAN_POINT('',(-0.0186687538502,0.018038384676872,-7.00477685314E-5));
#4174=CARTESIAN_POINT('Ctrl Pts',(-0.0451010113742,0.018301274676872,-7.00477685314E-5));
#4175=CARTESIAN_POINT('Ctrl Pts',(-0.0305646315062,0.018301274676872,-7.00477685314E-5));
#4176=CARTESIAN_POINT('Ctrl Pts',(-0.0186701208782,0.018182974176872,-7.00477685314E-5));
#4177=CARTESIAN_POINT('Ctrl Pts',(-0.0186687538502,0.018038384676872,-7.00477685314E-5));
#4178=CARTESIAN_POINT('Ctrl Pts',(-0.0186687538502,0.018038384676872,0.00052995223146868));
#4179=CARTESIAN_POINT('Ctrl Pts',(-0.0186687538502,0.018038384676872,-0.000190047768531416));
#4180=CARTESIAN_POINT('Ctrl Pts',(-0.0186687538502,0.017893795176872,0.00052995223146868));
#4181=CARTESIAN_POINT('Ctrl Pts',(-0.0186687538502,0.017893795176872,-0.000190047768531416));
#4182=CARTESIAN_POINT('Ctrl Pts',(-0.0264320708102,-0.009236452823128,0.00052995223146868));
#4183=CARTESIAN_POINT('Ctrl Pts',(-0.0264320708102,-0.009236452823128,-0.000190047768531416));
#4184=CARTESIAN_POINT('Ctrl Pts',(-0.0359236266302,-0.04225105532316,0.00052995223146868));
#4185=CARTESIAN_POINT('Ctrl Pts',(-0.0359236266302,-0.04225105532316,-0.000190047768531416));
#4186=CARTESIAN_POINT('',(-0.0359236266302,-0.04225105532316,0.00052995223146868));
#4187=CARTESIAN_POINT('Ctrl Pts',(-0.0186687538502,0.018038384676872,0.00052995223146868));
#4188=CARTESIAN_POINT('Ctrl Pts',(-0.0186687538502,0.017893795176872,0.00052995223146868));
#4189=CARTESIAN_POINT('Ctrl Pts',(-0.0264320708102,-0.00923645282312801,
0.00052995223146868));
#4190=CARTESIAN_POINT('Ctrl Pts',(-0.0359236266302,-0.04225105532316,0.00052995223146868));
#4191=CARTESIAN_POINT('',(-0.0359236266302,-0.04225105532316,-7.00477685314E-5));
#4192=CARTESIAN_POINT('',(-0.0359236266302,-0.04225105532316,-7.00477685314E-5));
#4193=CARTESIAN_POINT('Ctrl Pts',(-0.0186687538502,0.018038384676872,-7.00477685314E-5));
#4194=CARTESIAN_POINT('Ctrl Pts',(-0.0186687538502,0.017893795176872,-7.00477685314E-5));
#4195=CARTESIAN_POINT('Ctrl Pts',(-0.0264320708102,-0.009236452823128,-7.00477685314E-5));
#4196=CARTESIAN_POINT('Ctrl Pts',(-0.0359236266302,-0.04225105532316,-7.00477685314E-5));
#4197=CARTESIAN_POINT('Origin',(-0.0445523073662,-0.072264330323144,0.00052995223146868));
#4198=CARTESIAN_POINT('',(-0.0531809881022,-0.102277605323128,0.00052995223146868));
#4199=CARTESIAN_POINT('',(-0.0359236266302,-0.04225105532316,0.00052995223146868));
#4200=CARTESIAN_POINT('',(-0.0531809881022,-0.102277605323128,-7.00477685314E-5));
#4201=CARTESIAN_POINT('',(-0.0531809881022,-0.102277605323128,-7.00477685314E-5));
#4202=CARTESIAN_POINT('',(-0.0359236266302,-0.04225105532316,-7.00477685314E-5));
#4203=CARTESIAN_POINT('Origin',(-0.0607651017122,-0.102277605323128,0.00052995223146868));
#4204=CARTESIAN_POINT('',(-0.0683492153222,-0.102277605323128,0.00052995223146868));
#4205=CARTESIAN_POINT('',(-0.0531809881022,-0.102277605323128,0.00052995223146868));
#4206=CARTESIAN_POINT('',(-0.0683492153222,-0.102277605323128,-7.00477685314E-5));
#4207=CARTESIAN_POINT('',(-0.0683492153222,-0.102277605323128,-7.00477685314E-5));
#4208=CARTESIAN_POINT('',(-0.0531809881022,-0.102277605323128,-7.00477685314E-5));
#4209=CARTESIAN_POINT('Ctrl Pts',(-0.0683492153222,-0.102277605323128,0.00052995223146868));
#4210=CARTESIAN_POINT('Ctrl Pts',(-0.0683492153222,-0.102277605323128,-0.000190047768531416));
#4211=CARTESIAN_POINT('Ctrl Pts',(-0.0784212322622,-0.102277605323128,0.00052995223146868));
#4212=CARTESIAN_POINT('Ctrl Pts',(-0.0784212322622,-0.102277605323128,-0.000190047768531416));
#4213=CARTESIAN_POINT('Ctrl Pts',(-0.0835174530578,-0.102157541707528,0.00052995223146868));
#4214=CARTESIAN_POINT('Ctrl Pts',(-0.0835174530578,-0.102157541707528,-0.000190047768531416));
#4215=CARTESIAN_POINT('Ctrl Pts',(-0.0835174530578,-0.101920246677928,0.00052995223146868));
#4216=CARTESIAN_POINT('Ctrl Pts',(-0.0835174530578,-0.101920246677928,-0.000190047768531416));
#4217=CARTESIAN_POINT('',(-0.0835174530578,-0.101920246677928,0.00052995223146868));
#4218=CARTESIAN_POINT('Ctrl Pts',(-0.0683492153222,-0.102277605323128,0.00052995223146868));
#4219=CARTESIAN_POINT('Ctrl Pts',(-0.0784212322622,-0.102277605323128,0.00052995223146868));
#4220=CARTESIAN_POINT('Ctrl Pts',(-0.0835174530578,-0.102157541707528,0.00052995223146868));
#4221=CARTESIAN_POINT('Ctrl Pts',(-0.0835174530578,-0.101920246677928,0.00052995223146868));
#4222=CARTESIAN_POINT('',(-0.0835174530578,-0.101920246677928,-7.00477685314E-5));
#4223=CARTESIAN_POINT('',(-0.0835174530578,-0.101920246677928,-7.00477685314E-5));
#4224=CARTESIAN_POINT('Ctrl Pts',(-0.0683492153222,-0.102277605323128,-7.00477685314E-5));
#4225=CARTESIAN_POINT('Ctrl Pts',(-0.0784212322622,-0.102277605323128,-7.00477685314E-5));
#4226=CARTESIAN_POINT('Ctrl Pts',(-0.0835174530578,-0.102157541707528,-7.00477685314E-5));
#4227=CARTESIAN_POINT('Ctrl Pts',(-0.0835174530578,-0.101920246677928,-7.00477685314E-5));
#4228=CARTESIAN_POINT('Ctrl Pts',(-0.0835174530578,-0.101920246677928,0.00052995223146868));
#4229=CARTESIAN_POINT('Ctrl Pts',(-0.0835174530578,-0.101920246677928,-0.000190047768531416));
#4230=CARTESIAN_POINT('Ctrl Pts',(-0.0835174530578,-0.101723696093128,0.00052995223146868));
#4231=CARTESIAN_POINT('Ctrl Pts',(-0.0835174530578,-0.101723696093128,-0.000190047768531416));
#4232=CARTESIAN_POINT('Ctrl Pts',(-0.0766488629342,-0.077650129711528,0.00052995223146868));
#4233=CARTESIAN_POINT('Ctrl Pts',(-0.0766488629342,-0.077650129711528,-0.000190047768531416));
#4234=CARTESIAN_POINT('Ctrl Pts',(-0.0682539089342,-0.04842342860196,0.00052995223146868));
#4235=CARTESIAN_POINT('Ctrl Pts',(-0.0682539089342,-0.04842342860196,-0.000190047768531416));
#4236=CARTESIAN_POINT('',(-0.0682539089342,-0.04842342860196,0.00052995223146868));
#4237=CARTESIAN_POINT('Ctrl Pts',(-0.0835174530578,-0.101920246677928,0.00052995223146868));
#4238=CARTESIAN_POINT('Ctrl Pts',(-0.0835174530578,-0.101723696093128,0.00052995223146868));
#4239=CARTESIAN_POINT('Ctrl Pts',(-0.0766488629342,-0.077650129711528,0.00052995223146868));
#4240=CARTESIAN_POINT('Ctrl Pts',(-0.0682539089342,-0.04842342860196,0.00052995223146868));
#4241=CARTESIAN_POINT('',(-0.0682539089342,-0.04842342860196,-7.00477685314E-5));
#4242=CARTESIAN_POINT('',(-0.0682539089342,-0.04842342860196,-7.00477685314E-5));
#4243=CARTESIAN_POINT('Ctrl Pts',(-0.0835174530578,-0.101920246677928,-7.00477685314E-5));
#4244=CARTESIAN_POINT('Ctrl Pts',(-0.0835174530578,-0.101723696093128,-7.00477685314E-5));
#4245=CARTESIAN_POINT('Ctrl Pts',(-0.0766488629342,-0.077650129711528,-7.00477685314E-5));
#4246=CARTESIAN_POINT('Ctrl Pts',(-0.0682539089342,-0.04842342860196,-7.00477685314E-5));
#4247=CARTESIAN_POINT('Ctrl Pts',(-0.0682539089342,-0.04842342860196,0.00052995223146868));
#4248=CARTESIAN_POINT('Ctrl Pts',(-0.0682539089342,-0.04842342860196,-0.000190047768531416));
#4249=CARTESIAN_POINT('Ctrl Pts',(-0.0598589899862,-0.019196730997528,0.00052995223146868));
#4250=CARTESIAN_POINT('Ctrl Pts',(-0.0598589899862,-0.019196730997528,-0.000190047768531416));
#4251=CARTESIAN_POINT('Ctrl Pts',(-0.0530409553622,0.00476657931807199,
0.00052995223146868));
#4252=CARTESIAN_POINT('Ctrl Pts',(-0.0530409553622,0.00476657931807199,
-0.000190047768531416));
#4253=CARTESIAN_POINT('Ctrl Pts',(-0.0531027520382,0.004828375994072,0.00052995223146868));
#4254=CARTESIAN_POINT('Ctrl Pts',(-0.0531027520382,0.004828375994072,-0.000190047768531416));
#4255=CARTESIAN_POINT('',(-0.0531027520382,0.004828375994072,0.00052995223146868));
#4256=CARTESIAN_POINT('Ctrl Pts',(-0.0682539089342,-0.04842342860196,0.00052995223146868));
#4257=CARTESIAN_POINT('Ctrl Pts',(-0.0598589899862,-0.019196730997528,0.00052995223146868));
#4258=CARTESIAN_POINT('Ctrl Pts',(-0.0530409553622,0.00476657931807199,
0.00052995223146868));
#4259=CARTESIAN_POINT('Ctrl Pts',(-0.0531027520382,0.004828375994072,0.00052995223146868));
#4260=CARTESIAN_POINT('',(-0.0531027520382,0.004828375994072,-7.00477685314E-5));
#4261=CARTESIAN_POINT('',(-0.0531027520382,0.004828375994072,-7.00477685314E-5));
#4262=CARTESIAN_POINT('Ctrl Pts',(-0.0682539089342,-0.04842342860196,-7.00477685314E-5));
#4263=CARTESIAN_POINT('Ctrl Pts',(-0.0598589899862,-0.019196730997528,-7.00477685314E-5));
#4264=CARTESIAN_POINT('Ctrl Pts',(-0.0530409553622,0.00476657931807199,
-7.00477685314E-5));
#4265=CARTESIAN_POINT('Ctrl Pts',(-0.0531027520382,0.004828375994072,-7.00477685314E-5));
#4266=CARTESIAN_POINT('Ctrl Pts',(-0.0531027520382,0.004828375994072,0.00052995223146868));
#4267=CARTESIAN_POINT('Ctrl Pts',(-0.0531027520382,0.004828375994072,-0.000190047768531416));
#4268=CARTESIAN_POINT('Ctrl Pts',(-0.0531645487142,0.004890172670072,0.00052995223146868));
#4269=CARTESIAN_POINT('Ctrl Pts',(-0.0531645487142,0.004890172670072,-0.000190047768531416));
#4270=CARTESIAN_POINT('Ctrl Pts',(-0.0659300314382,-0.019143956706328,0.00052995223146868));
#4271=CARTESIAN_POINT('Ctrl Pts',(-0.0659300314382,-0.019143956706328,-0.000190047768531416));
#4272=CARTESIAN_POINT('Ctrl Pts',(-0.0814705108982,-0.04858081208196,0.00052995223146868));
#4273=CARTESIAN_POINT('Ctrl Pts',(-0.0814705108982,-0.04858081208196,-0.000190047768531416));
#4274=CARTESIAN_POINT('',(-0.0814705108982,-0.04858081208196,0.00052995223146868));
#4275=CARTESIAN_POINT('Ctrl Pts',(-0.0531027520382,0.004828375994072,0.00052995223146868));
#4276=CARTESIAN_POINT('Ctrl Pts',(-0.0531645487142,0.004890172670072,0.00052995223146868));
#4277=CARTESIAN_POINT('Ctrl Pts',(-0.0659300314382,-0.019143956706328,0.00052995223146868));
#4278=CARTESIAN_POINT('Ctrl Pts',(-0.0814705108982,-0.04858081208196,0.00052995223146868));
#4279=CARTESIAN_POINT('',(-0.0814705108982,-0.04858081208196,-7.00477685314E-5));
#4280=CARTESIAN_POINT('',(-0.0814705108982,-0.04858081208196,-7.00477685314E-5));
#4281=CARTESIAN_POINT('Ctrl Pts',(-0.0531027520382,0.004828375994072,-7.00477685314E-5));
#4282=CARTESIAN_POINT('Ctrl Pts',(-0.0531645487142,0.004890172670072,-7.00477685314E-5));
#4283=CARTESIAN_POINT('Ctrl Pts',(-0.0659300314382,-0.019143956706328,-7.00477685314E-5));
#4284=CARTESIAN_POINT('Ctrl Pts',(-0.0814705108982,-0.04858081208196,-7.00477685314E-5));
#4285=CARTESIAN_POINT('Origin',(-0.095598207229988,-0.075341576949944,0.00052995223146868));
#4286=CARTESIAN_POINT('',(-0.109725903561776,-0.102102341817928,0.00052995223146868));
#4287=CARTESIAN_POINT('',(-0.0814705108982,-0.04858081208196,0.00052995223146868));
#4288=CARTESIAN_POINT('',(-0.109725903561776,-0.102102341817928,-7.00477685314E-5));
#4289=CARTESIAN_POINT('',(-0.109725903561776,-0.102102341817928,-7.00477685314E-5));
#4290=CARTESIAN_POINT('',(-0.0814705108982,-0.04858081208196,-7.00477685314E-5));
#4291=CARTESIAN_POINT('Origin',(-0.125714838309788,-0.102193508564728,0.00052995223146868));
#4292=CARTESIAN_POINT('',(-0.1417037730578,-0.102284675311528,0.00052995223146868));
#4293=CARTESIAN_POINT('',(-0.109725903561776,-0.102102341817928,0.00052995223146868));
#4294=CARTESIAN_POINT('',(-0.1417037730578,-0.102284675311528,-7.00477685314E-5));
#4295=CARTESIAN_POINT('',(-0.1417037730578,-0.102284675311528,-7.00477685314E-5));
#4296=CARTESIAN_POINT('',(-0.109725903561776,-0.102102341817928,-7.00477685314E-5));
#4297=CARTESIAN_POINT('Origin',(-0.1417037730578,-0.101586286995328,0.00052995223146868));
#4298=CARTESIAN_POINT('',(-0.1417037730578,-0.100887898679128,0.00052995223146868));
#4299=CARTESIAN_POINT('',(-0.1417037730578,-0.102284675311528,0.00052995223146868));
#4300=CARTESIAN_POINT('',(-0.1417037730578,-0.100887898679128,-7.00477685314E-5));
#4301=CARTESIAN_POINT('',(-0.1417037730578,-0.100887898679128,-7.00477685314E-5));
#4302=CARTESIAN_POINT('',(-0.1417037730578,-0.102284675311528,-7.00477685314E-5));
#4303=CARTESIAN_POINT('Ctrl Pts',(-0.1417037730578,-0.100887898679128,0.00052995223146868));
#4304=CARTESIAN_POINT('Ctrl Pts',(-0.1417037730578,-0.100887898679128,-0.000190047768531416));
#4305=CARTESIAN_POINT('Ctrl Pts',(-0.1417037730578,-0.099582895193128,0.00052995223146868));
#4306=CARTESIAN_POINT('Ctrl Pts',(-0.1417037730578,-0.099582895193128,-0.000190047768531416));
#4307=CARTESIAN_POINT('Ctrl Pts',(-0.136304899273376,-0.001893584603128,
0.00052995223146868));
#4308=CARTESIAN_POINT('Ctrl Pts',(-0.136304899273376,-0.001893584603128,
-0.000190047768531416));
#4309=CARTESIAN_POINT('Ctrl Pts',(-0.135978733402976,0.002703134676872,
0.00052995223146868));
#4310=CARTESIAN_POINT('Ctrl Pts',(-0.135978733402976,0.002703134676872,
-0.000190047768531416));
#4311=CARTESIAN_POINT('',(-0.135978733402976,0.002703134676872,0.00052995223146868));
#4312=CARTESIAN_POINT('Ctrl Pts',(-0.1417037730578,-0.100887898679128,0.00052995223146868));
#4313=CARTESIAN_POINT('Ctrl Pts',(-0.1417037730578,-0.099582895193128,0.00052995223146868));
#4314=CARTESIAN_POINT('Ctrl Pts',(-0.136304899273376,-0.001893584603128,
0.00052995223146868));
#4315=CARTESIAN_POINT('Ctrl Pts',(-0.135978733402976,0.002703134676872,
0.00052995223146868));
#4316=CARTESIAN_POINT('',(-0.135978733402976,0.002703134676872,-7.00477685314E-5));
#4317=CARTESIAN_POINT('',(-0.135978733402976,0.002703134676872,-7.00477685314E-5));
#4318=CARTESIAN_POINT('Ctrl Pts',(-0.1417037730578,-0.100887898679128,-7.00477685314E-5));
#4319=CARTESIAN_POINT('Ctrl Pts',(-0.1417037730578,-0.099582895193128,-7.00477685314E-5));
#4320=CARTESIAN_POINT('Ctrl Pts',(-0.136304899273376,-0.001893584603128,
-7.00477685314E-5));
#4321=CARTESIAN_POINT('Ctrl Pts',(-0.135978733402976,0.002703134676872,
-7.00477685314E-5));
#4322=CARTESIAN_POINT('Ctrl Pts',(-0.135978733402976,0.002703134676872,
0.00052995223146868));
#4323=CARTESIAN_POINT('Ctrl Pts',(-0.135978733402976,0.002703134676872,
-0.000190047768531416));
#4324=CARTESIAN_POINT('Ctrl Pts',(-0.135842395143776,0.004624594181672,
0.00052995223146868));
#4325=CARTESIAN_POINT('Ctrl Pts',(-0.135842395143776,0.004624594181672,
-0.000190047768531416));
#4326=CARTESIAN_POINT('Ctrl Pts',(-0.135866332154576,0.004715424429272,
0.00052995223146868));
#4327=CARTESIAN_POINT('Ctrl Pts',(-0.135866332154576,0.004715424429272,
-0.000190047768531416));
#4328=CARTESIAN_POINT('Ctrl Pts',(-0.136255868535776,0.003754694676872,
0.00052995223146868));
#4329=CARTESIAN_POINT('Ctrl Pts',(-0.136255868535776,0.003754694676872,
-0.000190047768531416));
#4330=CARTESIAN_POINT('',(-0.136255868535776,0.003754694676872,0.00052995223146868));
#4331=CARTESIAN_POINT('Ctrl Pts',(-0.135978733402976,0.002703134676872,
0.00052995223146868));
#4332=CARTESIAN_POINT('Ctrl Pts',(-0.135842395143776,0.004624594181672,
0.00052995223146868));
#4333=CARTESIAN_POINT('Ctrl Pts',(-0.135866332154576,0.004715424429272,
0.00052995223146868));
#4334=CARTESIAN_POINT('Ctrl Pts',(-0.136255868535776,0.003754694676872,
0.00052995223146868));
#4335=CARTESIAN_POINT('',(-0.136255868535776,0.003754694676872,-7.00477685314E-5));
#4336=CARTESIAN_POINT('',(-0.136255868535776,0.003754694676872,-7.00477685314E-5));
#4337=CARTESIAN_POINT('Ctrl Pts',(-0.135978733402976,0.002703134676872,
-7.00477685314E-5));
#4338=CARTESIAN_POINT('Ctrl Pts',(-0.135842395143776,0.004624594181672,
-7.00477685314E-5));
#4339=CARTESIAN_POINT('Ctrl Pts',(-0.135866332154576,0.004715424429272,
-7.00477685314E-5));
#4340=CARTESIAN_POINT('Ctrl Pts',(-0.136255868535776,0.003754694676872,
-7.00477685314E-5));
#4341=CARTESIAN_POINT('Ctrl Pts',(-0.136255868535776,0.003754694676872,
0.00052995223146868));
#4342=CARTESIAN_POINT('Ctrl Pts',(-0.136255868535776,0.003754694676872,
-0.000190047768531416));
#4343=CARTESIAN_POINT('Ctrl Pts',(-0.136490369920976,0.003176336676872,
0.00052995223146868));
#4344=CARTESIAN_POINT('Ctrl Pts',(-0.136490369920976,0.003176336676872,
-0.000190047768531416));
#4345=CARTESIAN_POINT('Ctrl Pts',(-0.1434510696902,-0.02091626644596,0.00052995223146868));
#4346=CARTESIAN_POINT('Ctrl Pts',(-0.1434510696902,-0.02091626644596,-0.000190047768531416));
#4347=CARTESIAN_POINT('Ctrl Pts',(-0.151724091803,-0.04978443116316,0.00052995223146868));
#4348=CARTESIAN_POINT('Ctrl Pts',(-0.151724091803,-0.04978443116316,-0.000190047768531416));
#4349=CARTESIAN_POINT('',(-0.151724091803,-0.04978443116316,0.00052995223146868));
#4350=CARTESIAN_POINT('Ctrl Pts',(-0.136255868535776,0.003754694676872,
0.00052995223146868));
#4351=CARTESIAN_POINT('Ctrl Pts',(-0.136490369920976,0.003176336676872,
0.00052995223146868));
#4352=CARTESIAN_POINT('Ctrl Pts',(-0.1434510696902,-0.02091626644596,0.00052995223146868));
#4353=CARTESIAN_POINT('Ctrl Pts',(-0.151724091803,-0.04978443116316,0.00052995223146868));
#4354=CARTESIAN_POINT('',(-0.151724091803,-0.04978443116316,-7.00477685314E-5));
#4355=CARTESIAN_POINT('',(-0.151724091803,-0.04978443116316,-7.00477685314E-5));
#4356=CARTESIAN_POINT('Ctrl Pts',(-0.136255868535776,0.003754694676872,
-7.00477685314E-5));
#4357=CARTESIAN_POINT('Ctrl Pts',(-0.136490369920976,0.003176336676872,
-7.00477685314E-5));
#4358=CARTESIAN_POINT('Ctrl Pts',(-0.1434510696902,-0.02091626644596,-7.00477685314E-5));
#4359=CARTESIAN_POINT('Ctrl Pts',(-0.151724091803,-0.04978443116316,-7.00477685314E-5));
#4360=CARTESIAN_POINT('Origin',(-0.1592450224304,-0.076028214083144,0.00052995223146868));
#4361=CARTESIAN_POINT('',(-0.1667659530578,-0.102271997003128,0.00052995223146868));
#4362=CARTESIAN_POINT('',(-0.151724091803,-0.04978443116316,0.00052995223146868));
#4363=CARTESIAN_POINT('',(-0.1667659530578,-0.102271997003128,-7.00477685314E-5));
#4364=CARTESIAN_POINT('',(-0.1667659530578,-0.102271997003128,-7.00477685314E-5));
#4365=CARTESIAN_POINT('',(-0.151724091803,-0.04978443116316,-7.00477685314E-5));
#4366=CARTESIAN_POINT('Origin',(-0.2317234081058,-0.102274801163128,0.00052995223146868));
#4367=CARTESIAN_POINT('',(-0.2966808631538,-0.102277605323128,0.00052995223146868));
#4368=CARTESIAN_POINT('',(-0.1667659530578,-0.102271997003128,0.00052995223146868));
#4369=CARTESIAN_POINT('',(-0.2966808631538,-0.102277605323128,-7.00477685314E-5));
#4370=CARTESIAN_POINT('',(-0.2966808631538,-0.102277605323128,-7.00477685314E-5));
#4371=CARTESIAN_POINT('',(-0.1667659530578,-0.102271997003128,-7.00477685314E-5));
#4372=CARTESIAN_POINT('Origin',(-0.2965552157546,-0.101883270323128,0.00052995223146868));
#4373=CARTESIAN_POINT('',(-0.2966808631538,-0.102277605323128,0.00052995223146868));
#4374=CARTESIAN_POINT('',(-0.2966808631538,-0.102277605323128,-7.00477685314E-5));
#4375=CARTESIAN_POINT('Origin',(-0.157674808502,-0.102284675311528,-7.00477685314E-5));
#4376=CARTESIAN_POINT('Origin',(-0.157674808502,-0.102284675311528,0.00052995223146868));
#4377=CARTESIAN_POINT('Ctrl Pts',(-0.0381942601382,-0.101313682333528,0.00052995223146868));
#4378=CARTESIAN_POINT('Ctrl Pts',(-0.0381942601382,-0.101313682333528,-0.000190047768531416));
#4379=CARTESIAN_POINT('Ctrl Pts',(-0.0380548232822,-0.100619859540328,0.00052995223146868));
#4380=CARTESIAN_POINT('Ctrl Pts',(-0.0380548232822,-0.100619859540328,-0.000190047768531416));
#4381=CARTESIAN_POINT('Ctrl Pts',(-0.00551363309419999,0.012913004122472,
0.00052995223146868));
#4382=CARTESIAN_POINT('Ctrl Pts',(-0.00551363309419999,0.012913004122472,
-0.000190047768531416));
#4383=CARTESIAN_POINT('Ctrl Pts',(-0.00408561461419999,0.017687857666472,
0.00052995223146868));
#4384=CARTESIAN_POINT('Ctrl Pts',(-0.00408561461419999,0.017687857666472,
-0.000190047768531416));
#4385=CARTESIAN_POINT('',(-0.0381942601382,-0.101313682333528,-7.00477685314E-5));
#4386=CARTESIAN_POINT('',(-0.0381942601382,-0.101313682333528,0.00052995223146868));
#4387=CARTESIAN_POINT('',(-0.0381942601382,-0.101313682333528,-7.00477685314E-5));
#4388=CARTESIAN_POINT('',(-0.00408561461419999,0.017687857666472,0.00052995223146868));
#4389=CARTESIAN_POINT('Ctrl Pts',(-0.0381942601382,-0.101313682333528,0.00052995223146868));
#4390=CARTESIAN_POINT('Ctrl Pts',(-0.0380548232822,-0.100619859540328,0.00052995223146868));
#4391=CARTESIAN_POINT('Ctrl Pts',(-0.00551363309419999,0.012913004122472,
0.00052995223146868));
#4392=CARTESIAN_POINT('Ctrl Pts',(-0.00408561461419999,0.017687857666472,
0.00052995223146868));
#4393=CARTESIAN_POINT('',(-0.00408561461419999,0.017687857666472,-7.00477685314E-5));
#4394=CARTESIAN_POINT('',(-0.00408561461419999,0.017687857666472,-7.00477685314E-5));
#4395=CARTESIAN_POINT('Ctrl Pts',(-0.0381942601382,-0.101313682333528,-7.00477685314E-5));
#4396=CARTESIAN_POINT('Ctrl Pts',(-0.0380548232822,-0.100619859540328,-7.00477685314E-5));
#4397=CARTESIAN_POINT('Ctrl Pts',(-0.00551363309419999,0.012913004122472,
-7.00477685314E-5));
#4398=CARTESIAN_POINT('Ctrl Pts',(-0.00408561461419999,0.017687857666472,
-7.00477685314E-5));
#4399=CARTESIAN_POINT('Ctrl Pts',(-0.00408561461419999,0.017687857666472,
0.00052995223146868));
#4400=CARTESIAN_POINT('Ctrl Pts',(-0.00408561461419999,0.017687857666472,
-0.000190047768531416));
#4401=CARTESIAN_POINT('Ctrl Pts',(-0.00391147627820001,0.018270130974872,
0.00052995223146868));
#4402=CARTESIAN_POINT('Ctrl Pts',(-0.00391147627820001,0.018270130974872,
-0.000190047768531416));
#4403=CARTESIAN_POINT('Ctrl Pts',(0.00100712551780001,0.018301267666472,
0.00052995223146868));
#4404=CARTESIAN_POINT('Ctrl Pts',(0.00100712551780001,0.018301267666472,
-0.000190047768531416));
#4405=CARTESIAN_POINT('Ctrl Pts',(0.0928177425058,0.018301267666472,0.00052995223146868));
#4406=CARTESIAN_POINT('Ctrl Pts',(0.0928177425058,0.018301267666472,-0.000190047768531416));
#4407=CARTESIAN_POINT('',(0.0928177425058,0.018301267666472,0.00052995223146868));
#4408=CARTESIAN_POINT('Ctrl Pts',(-0.00408561461419999,0.017687857666472,
0.00052995223146868));
#4409=CARTESIAN_POINT('Ctrl Pts',(-0.00391147627820001,0.018270130974872,
0.00052995223146868));
#4410=CARTESIAN_POINT('Ctrl Pts',(0.00100712551780001,0.018301267666472,
0.00052995223146868));
#4411=CARTESIAN_POINT('Ctrl Pts',(0.0928177425058,0.018301267666472,0.00052995223146868));
#4412=CARTESIAN_POINT('',(0.0928177425058,0.018301267666472,-7.00477685314E-5));
#4413=CARTESIAN_POINT('',(0.0928177425058,0.018301267666472,-7.00477685314E-5));
#4414=CARTESIAN_POINT('Ctrl Pts',(-0.00408561461419999,0.017687857666472,
-7.00477685314E-5));
#4415=CARTESIAN_POINT('Ctrl Pts',(-0.00391147627820001,0.018270130974872,
-7.00477685314E-5));
#4416=CARTESIAN_POINT('Ctrl Pts',(0.00100712551780001,0.018301267666472,
-7.00477685314E-5));
#4417=CARTESIAN_POINT('Ctrl Pts',(0.0928177425058,0.018301267666472,-7.00477685314E-5));
#4418=CARTESIAN_POINT('Ctrl Pts',(0.0928177425058,0.018301267666472,0.00052995223146868));
#4419=CARTESIAN_POINT('Ctrl Pts',(0.0928177425058,0.018301267666472,-0.000190047768531416));
#4420=CARTESIAN_POINT('Ctrl Pts',(0.1460136742138,0.018301267666472,0.00052995223146868));
#4421=CARTESIAN_POINT('Ctrl Pts',(0.1460136742138,0.018301267666472,-0.000190047768531416));
#4422=CARTESIAN_POINT('Ctrl Pts',(0.1895345528818,0.018182967166472,0.00052995223146868));
#4423=CARTESIAN_POINT('Ctrl Pts',(0.1895345528818,0.018182967166472,-0.000190047768531416));
#4424=CARTESIAN_POINT('Ctrl Pts',(0.1895307672658,0.018038377666472,0.00052995223146868));
#4425=CARTESIAN_POINT('Ctrl Pts',(0.1895307672658,0.018038377666472,-0.000190047768531416));
#4426=CARTESIAN_POINT('',(0.1895307672658,0.018038377666472,0.00052995223146868));
#4427=CARTESIAN_POINT('Ctrl Pts',(0.0928177425058,0.018301267666472,0.00052995223146868));
#4428=CARTESIAN_POINT('Ctrl Pts',(0.1460136742138,0.018301267666472,0.00052995223146868));
#4429=CARTESIAN_POINT('Ctrl Pts',(0.1895345528818,0.018182967166472,0.00052995223146868));
#4430=CARTESIAN_POINT('Ctrl Pts',(0.1895307672658,0.018038377666472,0.00052995223146868));
#4431=CARTESIAN_POINT('',(0.1895307672658,0.018038377666472,-7.00477685314E-5));
#4432=CARTESIAN_POINT('',(0.1895307672658,0.018038377666472,-7.00477685314E-5));
#4433=CARTESIAN_POINT('Ctrl Pts',(0.0928177425058,0.018301267666472,-7.00477685314E-5));
#4434=CARTESIAN_POINT('Ctrl Pts',(0.1460136742138,0.018301267666472,-7.00477685314E-5));
#4435=CARTESIAN_POINT('Ctrl Pts',(0.1895345528818,0.018182967166472,-7.00477685314E-5));
#4436=CARTESIAN_POINT('Ctrl Pts',(0.1895307672658,0.018038377666472,-7.00477685314E-5));
#4437=CARTESIAN_POINT('Ctrl Pts',(0.1895307672658,0.018038377666472,0.00052995223146868));
#4438=CARTESIAN_POINT('Ctrl Pts',(0.1895307672658,0.018038377666472,-0.000190047768531416));
#4439=CARTESIAN_POINT('Ctrl Pts',(0.1895269115458,0.017893788166472,0.00052995223146868));
#4440=CARTESIAN_POINT('Ctrl Pts',(0.1895269115458,0.017893788166472,-0.000190047768531416));
#4441=CARTESIAN_POINT('Ctrl Pts',(0.1880607214378,0.012727999666472,0.00052995223146868));
#4442=CARTESIAN_POINT('Ctrl Pts',(0.1880607214378,0.012727999666472,-0.000190047768531416));
#4443=CARTESIAN_POINT('Ctrl Pts',(0.1862723683978,0.006558847666472,0.00052995223146868));
#4444=CARTESIAN_POINT('Ctrl Pts',(0.1862723683978,0.006558847666472,-0.000190047768531416));
#4445=CARTESIAN_POINT('',(0.1862723683978,0.006558847666472,0.00052995223146868));
#4446=CARTESIAN_POINT('Ctrl Pts',(0.1895307672658,0.018038377666472,0.00052995223146868));
#4447=CARTESIAN_POINT('Ctrl Pts',(0.1895269115458,0.017893788166472,0.00052995223146868));
#4448=CARTESIAN_POINT('Ctrl Pts',(0.1880607214378,0.012727999666472,0.00052995223146868));
#4449=CARTESIAN_POINT('Ctrl Pts',(0.1862723683978,0.006558847666472,0.00052995223146868));
#4450=CARTESIAN_POINT('',(0.1862723683978,0.006558847666472,-7.00477685314E-5));
#4451=CARTESIAN_POINT('',(0.1862723683978,0.006558847666472,-7.00477685314E-5));
#4452=CARTESIAN_POINT('Ctrl Pts',(0.1895307672658,0.018038377666472,-7.00477685314E-5));
#4453=CARTESIAN_POINT('Ctrl Pts',(0.1895269115458,0.017893788166472,-7.00477685314E-5));
#4454=CARTESIAN_POINT('Ctrl Pts',(0.1880607214378,0.012727999666472,-7.00477685314E-5));
#4455=CARTESIAN_POINT('Ctrl Pts',(0.1862723683978,0.006558847666472,-7.00477685314E-5));
#4456=CARTESIAN_POINT('Origin',(0.1846465865338,0.000950527666471997,0.00052995223146868));
#4457=CARTESIAN_POINT('',(0.1830208046698,-0.00465779233352801,0.00052995223146868));
#4458=CARTESIAN_POINT('',(0.1862723683978,0.006558847666472,0.00052995223146868));
#4459=CARTESIAN_POINT('',(0.1830208046698,-0.00465779233352801,-7.00477685314E-5));
#4460=CARTESIAN_POINT('',(0.1830208046698,-0.00465779233352801,-7.00477685314E-5));
#4461=CARTESIAN_POINT('',(0.1862723683978,0.006558847666472,-7.00477685314E-5));
#4462=CARTESIAN_POINT('Origin',(0.1664806596958,-0.004748850419128,0.00052995223146868));
#4463=CARTESIAN_POINT('',(0.1499405147218,-0.004839908504728,0.00052995223146868));
#4464=CARTESIAN_POINT('',(0.1830208046698,-0.00465779233352801,0.00052995223146868));
#4465=CARTESIAN_POINT('',(0.1499405147218,-0.004839908504728,-7.00477685314E-5));
#4466=CARTESIAN_POINT('',(0.1499405147218,-0.004839908504728,-7.00477685314E-5));
#4467=CARTESIAN_POINT('',(0.1830208046698,-0.00465779233352801,-7.00477685314E-5));
#4468=CARTESIAN_POINT('Origin',(0.1498410196198,-0.005232529461928,0.00052995223146868));
#4469=CARTESIAN_POINT('',(0.1497415245178,-0.005625150419128,0.00052995223146868));
#4470=CARTESIAN_POINT('',(0.1499405147218,-0.004839908504728,0.00052995223146868));
#4471=CARTESIAN_POINT('',(0.1497415245178,-0.005625150419128,-7.00477685314E-5));
#4472=CARTESIAN_POINT('',(0.1497415245178,-0.005625150419128,-7.00477685314E-5));
#4473=CARTESIAN_POINT('',(0.1499405147218,-0.004839908504728,-7.00477685314E-5));
#4474=CARTESIAN_POINT('Ctrl Pts',(0.1497415245178,-0.005625150419128,0.00052995223146868));
#4475=CARTESIAN_POINT('Ctrl Pts',(0.1497415245178,-0.005625150419128,-0.000190047768531416));
#4476=CARTESIAN_POINT('Ctrl Pts',(0.1496320571218,-0.00605703382252801,
0.00052995223146868));
#4477=CARTESIAN_POINT('Ctrl Pts',(0.1496320571218,-0.00605703382252801,
-0.000190047768531416));
#4478=CARTESIAN_POINT('Ctrl Pts',(0.1433527016338,-0.02794108333356,0.00052995223146868));
#4479=CARTESIAN_POINT('Ctrl Pts',(0.1433527016338,-0.02794108333356,-0.000190047768531416));
#4480=CARTESIAN_POINT('Ctrl Pts',(0.1357873934218,-0.05425636532316,0.00052995223146868));
#4481=CARTESIAN_POINT('Ctrl Pts',(0.1357873934218,-0.05425636532316,-0.000190047768531416));
#4482=CARTESIAN_POINT('',(0.1357873934218,-0.05425636532316,0.00052995223146868));
#4483=CARTESIAN_POINT('Ctrl Pts',(0.1497415245178,-0.005625150419128,0.00052995223146868));
#4484=CARTESIAN_POINT('Ctrl Pts',(0.1496320571218,-0.00605703382252801,
0.00052995223146868));
#4485=CARTESIAN_POINT('Ctrl Pts',(0.1433527016338,-0.02794108333356,0.00052995223146868));
#4486=CARTESIAN_POINT('Ctrl Pts',(0.1357873934218,-0.05425636532316,0.00052995223146868));
#4487=CARTESIAN_POINT('',(0.1357873934218,-0.05425636532316,-7.00477685314E-5));
#4488=CARTESIAN_POINT('',(0.1357873934218,-0.05425636532316,-7.00477685314E-5));
#4489=CARTESIAN_POINT('Ctrl Pts',(0.1497415245178,-0.005625150419128,-7.00477685314E-5));
#4490=CARTESIAN_POINT('Ctrl Pts',(0.1496320571218,-0.00605703382252801,
-7.00477685314E-5));
#4491=CARTESIAN_POINT('Ctrl Pts',(0.1433527016338,-0.02794108333356,-7.00477685314E-5));
#4492=CARTESIAN_POINT('Ctrl Pts',(0.1357873934218,-0.05425636532316,-7.00477685314E-5));
#4493=CARTESIAN_POINT('Origin',(0.1289098229758,-0.078179355323144,0.00052995223146868));
#4494=CARTESIAN_POINT('',(0.1220322525298,-0.102102345323128,0.00052995223146868));
#4495=CARTESIAN_POINT('',(0.1357873934218,-0.05425636532316,0.00052995223146868));
#4496=CARTESIAN_POINT('',(0.1220322525298,-0.102102345323128,-7.00477685314E-5));
#4497=CARTESIAN_POINT('',(0.1220322525298,-0.102102345323128,-7.00477685314E-5));
#4498=CARTESIAN_POINT('',(0.1357873934218,-0.05425636532316,-7.00477685314E-5));
#4499=CARTESIAN_POINT('Origin',(0.1134958987618,-0.102147827045728,0.00052995223146868));
#4500=CARTESIAN_POINT('',(0.1049595449938,-0.102193308768328,0.00052995223146868));
#4501=CARTESIAN_POINT('',(0.1220322525298,-0.102102345323128,0.00052995223146868));
#4502=CARTESIAN_POINT('',(0.1049595449938,-0.102193308768328,-7.00477685314E-5));
#4503=CARTESIAN_POINT('',(0.1049595449938,-0.102193308768328,-7.00477685314E-5));
#4504=CARTESIAN_POINT('',(0.1220322525298,-0.102102345323128,-7.00477685314E-5));
#4505=CARTESIAN_POINT('Ctrl Pts',(0.1049595449938,-0.102193308768328,0.00052995223146868));
#4506=CARTESIAN_POINT('Ctrl Pts',(0.1049595449938,-0.102193308768328,-0.000190047768531416));
#4507=CARTESIAN_POINT('Ctrl Pts',(0.0955695698698,-0.102243338487928,0.00052995223146868));
#4508=CARTESIAN_POINT('Ctrl Pts',(0.0955695698698,-0.102243338487928,-0.000190047768531416));
#4509=CARTESIAN_POINT('Ctrl Pts',(0.0878868374578,-0.102166704300328,0.00052995223146868));
#4510=CARTESIAN_POINT('Ctrl Pts',(0.0878868374578,-0.102166704300328,-0.000190047768531416));
#4511=CARTESIAN_POINT('Ctrl Pts',(0.0878868374578,-0.102023005121128,0.00052995223146868));
#4512=CARTESIAN_POINT('Ctrl Pts',(0.0878868374578,-0.102023005121128,-0.000190047768531416));
#4513=CARTESIAN_POINT('',(0.0878868374578,-0.102023005121128,0.00052995223146868));
#4514=CARTESIAN_POINT('Ctrl Pts',(0.1049595449938,-0.102193308768328,0.00052995223146868));
#4515=CARTESIAN_POINT('Ctrl Pts',(0.0955695698698,-0.102243338487928,0.00052995223146868));
#4516=CARTESIAN_POINT('Ctrl Pts',(0.0878868374578,-0.102166704300328,0.00052995223146868));
#4517=CARTESIAN_POINT('Ctrl Pts',(0.0878868374578,-0.102023005121128,0.00052995223146868));
#4518=CARTESIAN_POINT('',(0.0878868374578,-0.102023005121128,-7.00477685314E-5));
#4519=CARTESIAN_POINT('',(0.0878868374578,-0.102023005121128,-7.00477685314E-5));
#4520=CARTESIAN_POINT('Ctrl Pts',(0.1049595449938,-0.102193308768328,-7.00477685314E-5));
#4521=CARTESIAN_POINT('Ctrl Pts',(0.0955695698698,-0.102243338487928,-7.00477685314E-5));
#4522=CARTESIAN_POINT('Ctrl Pts',(0.0878868374578,-0.102166704300328,-7.00477685314E-5));
#4523=CARTESIAN_POINT('Ctrl Pts',(0.0878868374578,-0.102023005121128,-7.00477685314E-5));
#4524=CARTESIAN_POINT('Ctrl Pts',(0.0878868374578,-0.102023005121128,0.00052995223146868));
#4525=CARTESIAN_POINT('Ctrl Pts',(0.0878868374578,-0.102023005121128,-0.000190047768531416));
#4526=CARTESIAN_POINT('Ctrl Pts',(0.0878868374578,-0.101879305941928,0.00052995223146868));
#4527=CARTESIAN_POINT('Ctrl Pts',(0.0878868374578,-0.101879305941928,-0.000190047768531416));
#4528=CARTESIAN_POINT('Ctrl Pts',(0.0941354873938,-0.080023521662728,0.00052995223146868));
#4529=CARTESIAN_POINT('Ctrl Pts',(0.0941354873938,-0.080023521662728,-0.000190047768531416));
#4530=CARTESIAN_POINT('Ctrl Pts',(0.1017727573618,-0.05345460340116,0.00052995223146868));
#4531=CARTESIAN_POINT('Ctrl Pts',(0.1017727573618,-0.05345460340116,-0.000190047768531416));
#4532=CARTESIAN_POINT('',(0.1017727573618,-0.05345460340116,0.00052995223146868));
#4533=CARTESIAN_POINT('Ctrl Pts',(0.0878868374578,-0.102023005121128,0.00052995223146868));
#4534=CARTESIAN_POINT('Ctrl Pts',(0.0878868374578,-0.101879305941928,0.00052995223146868));
#4535=CARTESIAN_POINT('Ctrl Pts',(0.0941354873938,-0.080023521662728,0.00052995223146868));
#4536=CARTESIAN_POINT('Ctrl Pts',(0.1017727573618,-0.05345460340116,0.00052995223146868));
#4537=CARTESIAN_POINT('',(0.1017727573618,-0.05345460340116,-7.00477685314E-5));
#4538=CARTESIAN_POINT('',(0.1017727573618,-0.05345460340116,-7.00477685314E-5));
#4539=CARTESIAN_POINT('Ctrl Pts',(0.0878868374578,-0.102023005121128,-7.00477685314E-5));
#4540=CARTESIAN_POINT('Ctrl Pts',(0.0878868374578,-0.101879305941928,-7.00477685314E-5));
#4541=CARTESIAN_POINT('Ctrl Pts',(0.0941354873938,-0.080023521662728,-7.00477685314E-5));
#4542=CARTESIAN_POINT('Ctrl Pts',(0.1017727573618,-0.05345460340116,-7.00477685314E-5));
#4543=CARTESIAN_POINT('Ctrl Pts',(0.1017727573618,-0.05345460340116,0.00052995223146868));
#4544=CARTESIAN_POINT('Ctrl Pts',(0.1017727573618,-0.05345460340116,-0.000190047768531416));
#4545=CARTESIAN_POINT('Ctrl Pts',(0.1094099922778,-0.02688567812916,0.00052995223146868));
#4546=CARTESIAN_POINT('Ctrl Pts',(0.1094099922778,-0.02688567812916,-0.000190047768531416));
#4547=CARTESIAN_POINT('Ctrl Pts',(0.1156010517778,-0.005094235301128,0.00052995223146868));
#4548=CARTESIAN_POINT('Ctrl Pts',(0.1156010517778,-0.005094235301128,-0.000190047768531416));
#4549=CARTESIAN_POINT('Ctrl Pts',(0.1155306673618,-0.00502921384112801,
0.00052995223146868));
#4550=CARTESIAN_POINT('Ctrl Pts',(0.1155306673618,-0.00502921384112801,
-0.000190047768531416));
#4551=CARTESIAN_POINT('',(0.1155306673618,-0.00502921384112801,0.00052995223146868));
#4552=CARTESIAN_POINT('Ctrl Pts',(0.1017727573618,-0.05345460340116,0.00052995223146868));
#4553=CARTESIAN_POINT('Ctrl Pts',(0.1094099922778,-0.02688567812916,0.00052995223146868));
#4554=CARTESIAN_POINT('Ctrl Pts',(0.1156010517778,-0.005094235301128,0.00052995223146868));
#4555=CARTESIAN_POINT('Ctrl Pts',(0.1155306673618,-0.00502921384112801,
0.00052995223146868));
#4556=CARTESIAN_POINT('',(0.1155306673618,-0.00502921384112801,-7.00477685314E-5));
#4557=CARTESIAN_POINT('',(0.1155306673618,-0.00502921384112801,-7.00477685314E-5));
#4558=CARTESIAN_POINT('Ctrl Pts',(0.1017727573618,-0.05345460340116,-7.00477685314E-5));
#4559=CARTESIAN_POINT('Ctrl Pts',(0.1094099922778,-0.02688567812916,-7.00477685314E-5));
#4560=CARTESIAN_POINT('Ctrl Pts',(0.1156010517778,-0.005094235301128,-7.00477685314E-5));
#4561=CARTESIAN_POINT('Ctrl Pts',(0.1155306673618,-0.00502921384112801,
-7.00477685314E-5));
#4562=CARTESIAN_POINT('Ctrl Pts',(0.1155306673618,-0.00502921384112801,
0.00052995223146868));
#4563=CARTESIAN_POINT('Ctrl Pts',(0.1155306673618,-0.00502921384112801,
-0.000190047768531416));
#4564=CARTESIAN_POINT('Ctrl Pts',(0.1154602478938,-0.004964174855128,0.00052995223146868));
#4565=CARTESIAN_POINT('Ctrl Pts',(0.1154602478938,-0.004964174855128,-0.000190047768531416));
#4566=CARTESIAN_POINT('Ctrl Pts',(0.0947572397698,-0.004853999408728,0.00052995223146868));
#4567=CARTESIAN_POINT('Ctrl Pts',(0.0947572397698,-0.004853999408728,-0.000190047768531416));
#4568=CARTESIAN_POINT('Ctrl Pts',(0.0695239709578,-0.004784379126328,0.00052995223146868));
#4569=CARTESIAN_POINT('Ctrl Pts',(0.0695239709578,-0.004784379126328,-0.000190047768531416));
#4570=CARTESIAN_POINT('',(0.0695239709578,-0.004784379126328,0.00052995223146868));
#4571=CARTESIAN_POINT('Ctrl Pts',(0.1155306673618,-0.00502921384112801,
0.00052995223146868));
#4572=CARTESIAN_POINT('Ctrl Pts',(0.1154602478938,-0.004964174855128,0.00052995223146868));
#4573=CARTESIAN_POINT('Ctrl Pts',(0.0947572397698,-0.004853999408728,0.00052995223146868));
#4574=CARTESIAN_POINT('Ctrl Pts',(0.0695239709578,-0.004784379126328,0.00052995223146868));
#4575=CARTESIAN_POINT('',(0.0695239709578,-0.004784379126328,-7.00477685314E-5));
#4576=CARTESIAN_POINT('',(0.0695239709578,-0.004784379126328,-7.00477685314E-5));
#4577=CARTESIAN_POINT('Ctrl Pts',(0.1155306673618,-0.00502921384112801,
-7.00477685314E-5));
#4578=CARTESIAN_POINT('Ctrl Pts',(0.1154602478938,-0.004964174855128,-7.00477685314E-5));
#4579=CARTESIAN_POINT('Ctrl Pts',(0.0947572397698,-0.004853999408728,-7.00477685314E-5));
#4580=CARTESIAN_POINT('Ctrl Pts',(0.0695239709578,-0.004784379126328,-7.00477685314E-5));
#4581=CARTESIAN_POINT('Origin',(0.0465846452338,-0.00472108923512801,0.00052995223146868));
#4582=CARTESIAN_POINT('',(0.0236453195098,-0.004657799343928,0.00052995223146868));
#4583=CARTESIAN_POINT('',(0.0695239709578,-0.004784379126328,0.00052995223146868));
#4584=CARTESIAN_POINT('',(0.0236453195098,-0.004657799343928,-7.00477685314E-5));
#4585=CARTESIAN_POINT('',(0.0236453195098,-0.004657799343928,-7.00477685314E-5));
#4586=CARTESIAN_POINT('',(0.0695239709578,-0.004784379126328,-7.00477685314E-5));
#4587=CARTESIAN_POINT('Origin',(0.0220399203838,-0.010178489343928,0.00052995223146868));
#4588=CARTESIAN_POINT('',(0.0204345212578,-0.015699179343928,0.00052995223146868));
#4589=CARTESIAN_POINT('',(0.0236453195098,-0.004657799343928,0.00052995223146868));
#4590=CARTESIAN_POINT('',(0.0204345212578,-0.015699179343928,-7.00477685314E-5));
#4591=CARTESIAN_POINT('',(0.0204345212578,-0.015699179343928,-7.00477685314E-5));
#4592=CARTESIAN_POINT('',(0.0236453195098,-0.004657799343928,-7.00477685314E-5));
#4593=CARTESIAN_POINT('Origin',(0.0188291396578,-0.021219869343944,0.00052995223146868));
#4594=CARTESIAN_POINT('',(0.0172237580578,-0.02674055934396,0.00052995223146868));
#4595=CARTESIAN_POINT('',(0.0204345212578,-0.015699179343928,0.00052995223146868));
#4596=CARTESIAN_POINT('',(0.0172237580578,-0.02674055934396,-7.00477685314E-5));
#4597=CARTESIAN_POINT('',(0.0172237580578,-0.02674055934396,-7.00477685314E-5));
#4598=CARTESIAN_POINT('',(0.0204345212578,-0.015699179343928,-7.00477685314E-5));
#4599=CARTESIAN_POINT('Origin',(0.0301136929078,-0.02682818934396,0.00052995223146868));
#4600=CARTESIAN_POINT('',(0.0430036277578,-0.02691581934396,0.00052995223146868));
#4601=CARTESIAN_POINT('',(0.0172237580578,-0.02674055934396,0.00052995223146868));
#4602=CARTESIAN_POINT('',(0.0430036277578,-0.02691581934396,-7.00477685314E-5));
#4603=CARTESIAN_POINT('',(0.0430036277578,-0.02691581934396,-7.00477685314E-5));
#4604=CARTESIAN_POINT('',(0.0172237580578,-0.02674055934396,-7.00477685314E-5));
#4605=CARTESIAN_POINT('Ctrl Pts',(0.0430036277578,-0.02691581934396,0.00052995223146868));
#4606=CARTESIAN_POINT('Ctrl Pts',(0.0430036277578,-0.02691581934396,-0.000190047768531416));
#4607=CARTESIAN_POINT('Ctrl Pts',(0.0598884565738,-0.02703060763356,0.00052995223146868));
#4608=CARTESIAN_POINT('Ctrl Pts',(0.0598884565738,-0.02703060763356,-0.000190047768531416));
#4609=CARTESIAN_POINT('Ctrl Pts',(0.0687667776538,-0.02721202276476,0.00052995223146868));
#4610=CARTESIAN_POINT('Ctrl Pts',(0.0687667776538,-0.02721202276476,-0.000190047768531416));
#4611=CARTESIAN_POINT('Ctrl Pts',(0.0687350205418,-0.02744159934396,0.00052995223146868));
#4612=CARTESIAN_POINT('Ctrl Pts',(0.0687350205418,-0.02744159934396,-0.000190047768531416));
#4613=CARTESIAN_POINT('',(0.0687350205418,-0.02744159934396,0.00052995223146868));
#4614=CARTESIAN_POINT('Ctrl Pts',(0.0430036277578,-0.02691581934396,0.00052995223146868));
#4615=CARTESIAN_POINT('Ctrl Pts',(0.0598884565738,-0.02703060763356,0.00052995223146868));
#4616=CARTESIAN_POINT('Ctrl Pts',(0.0687667776538,-0.02721202276476,0.00052995223146868));
#4617=CARTESIAN_POINT('Ctrl Pts',(0.0687350205418,-0.02744159934396,0.00052995223146868));
#4618=CARTESIAN_POINT('',(0.0687350205418,-0.02744159934396,-7.00477685314E-5));
#4619=CARTESIAN_POINT('',(0.0687350205418,-0.02744159934396,-7.00477685314E-5));
#4620=CARTESIAN_POINT('Ctrl Pts',(0.0430036277578,-0.02691581934396,-7.00477685314E-5));
#4621=CARTESIAN_POINT('Ctrl Pts',(0.0598884565738,-0.02703060763356,-7.00477685314E-5));
#4622=CARTESIAN_POINT('Ctrl Pts',(0.0687667776538,-0.02721202276476,-7.00477685314E-5));
#4623=CARTESIAN_POINT('Ctrl Pts',(0.0687350205418,-0.02744159934396,-7.00477685314E-5));
#4624=CARTESIAN_POINT('Ctrl Pts',(0.0687350205418,-0.02744159934396,0.00052995223146868));
#4625=CARTESIAN_POINT('Ctrl Pts',(0.0687350205418,-0.02744159934396,-0.000190047768531416));
#4626=CARTESIAN_POINT('Ctrl Pts',(0.0687083810218,-0.02763438534396,0.00052995223146868));
#4627=CARTESIAN_POINT('Ctrl Pts',(0.0687083810218,-0.02763438534396,-0.000190047768531416));
#4628=CARTESIAN_POINT('Ctrl Pts',(0.0673059154498,-0.03264243984396,0.00052995223146868));
#4629=CARTESIAN_POINT('Ctrl Pts',(0.0673059154498,-0.03264243984396,-0.000190047768531416));
#4630=CARTESIAN_POINT('Ctrl Pts',(0.0656185121698,-0.0385706093439606,0.00052995223146868));
#4631=CARTESIAN_POINT('Ctrl Pts',(0.0656185121698,-0.0385706093439606,-0.000190047768531416));
#4632=CARTESIAN_POINT('',(0.0656185121698,-0.0385706093439606,0.00052995223146868));
#4633=CARTESIAN_POINT('Ctrl Pts',(0.0687350205418,-0.02744159934396,0.00052995223146868));
#4634=CARTESIAN_POINT('Ctrl Pts',(0.0687083810218,-0.02763438534396,0.00052995223146868));
#4635=CARTESIAN_POINT('Ctrl Pts',(0.0673059154498,-0.03264243984396,0.00052995223146868));
#4636=CARTESIAN_POINT('Ctrl Pts',(0.0656185121698,-0.0385706093439606,0.00052995223146868));
#4637=CARTESIAN_POINT('',(0.0656185121698,-0.0385706093439606,-7.00477685314E-5));
#4638=CARTESIAN_POINT('',(0.0656185121698,-0.0385706093439606,-7.00477685314E-5));
#4639=CARTESIAN_POINT('Ctrl Pts',(0.0687350205418,-0.02744159934396,-7.00477685314E-5));
#4640=CARTESIAN_POINT('Ctrl Pts',(0.0687083810218,-0.02763438534396,-7.00477685314E-5));
#4641=CARTESIAN_POINT('Ctrl Pts',(0.0673059154498,-0.03264243984396,-7.00477685314E-5));
#4642=CARTESIAN_POINT('Ctrl Pts',(0.0656185121698,-0.0385706093439606,-7.00477685314E-5));
#4643=CARTESIAN_POINT('Origin',(0.0640844964418,-0.0439598543439603,0.00052995223146868));
#4644=CARTESIAN_POINT('',(0.0625504807138,-0.04934909934396,0.00052995223146868));
#4645=CARTESIAN_POINT('',(0.0656185121698,-0.0385706093439606,0.00052995223146868));
#4646=CARTESIAN_POINT('',(0.0625504807138,-0.04934909934396,-7.00477685314E-5));
#4647=CARTESIAN_POINT('',(0.0625504807138,-0.04934909934396,-7.00477685314E-5));
#4648=CARTESIAN_POINT('',(0.0656185121698,-0.0385706093439606,-7.00477685314E-5));
#4649=CARTESIAN_POINT('Origin',(0.0366763036078,-0.04934909934396,0.00052995223146868));
#4650=CARTESIAN_POINT('',(0.0108021265018,-0.04934909934396,0.00052995223146868));
#4651=CARTESIAN_POINT('',(0.0625504807138,-0.04934909934396,0.00052995223146868));
#4652=CARTESIAN_POINT('',(0.0108021265018,-0.04934909934396,-7.00477685314E-5));
#4653=CARTESIAN_POINT('',(0.0108021265018,-0.04934909934396,-7.00477685314E-5));
#4654=CARTESIAN_POINT('',(0.0625504807138,-0.04934909934396,-7.00477685314E-5));
#4655=CARTESIAN_POINT('Origin',(0.0104541127198,-0.05053210434396,0.00052995223146868));
#4656=CARTESIAN_POINT('',(0.0101060989378,-0.05171510934396,0.00052995223146868));
#4657=CARTESIAN_POINT('',(0.0108021265018,-0.04934909934396,0.00052995223146868));
#4658=CARTESIAN_POINT('',(0.0101060989378,-0.05171510934396,-7.00477685314E-5));
#4659=CARTESIAN_POINT('',(0.0101060989378,-0.05171510934396,-7.00477685314E-5));
#4660=CARTESIAN_POINT('',(0.0108021265018,-0.04934909934396,-7.00477685314E-5));
#4661=CARTESIAN_POINT('Ctrl Pts',(0.0101060989378,-0.05171510934396,0.00052995223146868));
#4662=CARTESIAN_POINT('Ctrl Pts',(0.0101060989378,-0.05171510934396,-0.000190047768531416));
#4663=CARTESIAN_POINT('Ctrl Pts',(0.00791762731780001,-0.05915423386116,
0.00052995223146868));
#4664=CARTESIAN_POINT('Ctrl Pts',(0.00791762731780001,-0.05915423386116,
-0.000190047768531416));
#4665=CARTESIAN_POINT('Ctrl Pts',(0.0023599574578,-0.078825055225528,0.00052995223146868));
#4666=CARTESIAN_POINT('Ctrl Pts',(0.0023599574578,-0.078825055225528,-0.000190047768531416));
#4667=CARTESIAN_POINT('Ctrl Pts',(0.0023599574578,-0.079131791772328,0.00052995223146868));
#4668=CARTESIAN_POINT('Ctrl Pts',(0.0023599574578,-0.079131791772328,-0.000190047768531416));
#4669=CARTESIAN_POINT('',(0.0023599574578,-0.079131791772328,0.00052995223146868));
#4670=CARTESIAN_POINT('Ctrl Pts',(0.0101060989378,-0.05171510934396,0.00052995223146868));
#4671=CARTESIAN_POINT('Ctrl Pts',(0.00791762731780001,-0.05915423386116,
0.00052995223146868));
#4672=CARTESIAN_POINT('Ctrl Pts',(0.0023599574578,-0.078825055225528,0.00052995223146868));
#4673=CARTESIAN_POINT('Ctrl Pts',(0.0023599574578,-0.079131791772328,0.00052995223146868));
#4674=CARTESIAN_POINT('',(0.0023599574578,-0.079131791772328,-7.00477685314E-5));
#4675=CARTESIAN_POINT('',(0.0023599574578,-0.079131791772328,-7.00477685314E-5));
#4676=CARTESIAN_POINT('Ctrl Pts',(0.0101060989378,-0.05171510934396,-7.00477685314E-5));
#4677=CARTESIAN_POINT('Ctrl Pts',(0.00791762731780001,-0.05915423386116,
-7.00477685314E-5));
#4678=CARTESIAN_POINT('Ctrl Pts',(0.0023599574578,-0.078825055225528,-7.00477685314E-5));
#4679=CARTESIAN_POINT('Ctrl Pts',(0.0023599574578,-0.079131791772328,-7.00477685314E-5));
#4680=CARTESIAN_POINT('Ctrl Pts',(0.0023599574578,-0.079131791772328,0.00052995223146868));
#4681=CARTESIAN_POINT('Ctrl Pts',(0.0023599574578,-0.079131791772328,-0.000190047768531416));
#4682=CARTESIAN_POINT('Ctrl Pts',(0.0023599574578,-0.079377818255128,0.00052995223146868));
#4683=CARTESIAN_POINT('Ctrl Pts',(0.0023599574578,-0.079377818255128,-0.000190047768531416));
#4684=CARTESIAN_POINT('Ctrl Pts',(0.0114012703378,-0.079493819343928,0.00052995223146868));
#4685=CARTESIAN_POINT('Ctrl Pts',(0.0114012703378,-0.079493819343928,-0.000190047768531416));
#4686=CARTESIAN_POINT('Ctrl Pts',(0.0305768174578,-0.079493819343928,0.00052995223146868));
#4687=CARTESIAN_POINT('Ctrl Pts',(0.0305768174578,-0.079493819343928,-0.000190047768531416));
#4688=CARTESIAN_POINT('',(0.0305768174578,-0.079493819343928,0.00052995223146868));
#4689=CARTESIAN_POINT('Ctrl Pts',(0.0023599574578,-0.079131791772328,0.00052995223146868));
#4690=CARTESIAN_POINT('Ctrl Pts',(0.0023599574578,-0.079377818255128,0.00052995223146868));
#4691=CARTESIAN_POINT('Ctrl Pts',(0.0114012703378,-0.079493819343928,0.00052995223146868));
#4692=CARTESIAN_POINT('Ctrl Pts',(0.0305768174578,-0.079493819343928,0.00052995223146868));
#4693=CARTESIAN_POINT('',(0.0305768174578,-0.079493819343928,-7.00477685314E-5));
#4694=CARTESIAN_POINT('',(0.0305768174578,-0.079493819343928,-7.00477685314E-5));
#4695=CARTESIAN_POINT('Ctrl Pts',(0.0023599574578,-0.079131791772328,-7.00477685314E-5));
#4696=CARTESIAN_POINT('Ctrl Pts',(0.0023599574578,-0.079377818255128,-7.00477685314E-5));
#4697=CARTESIAN_POINT('Ctrl Pts',(0.0114012703378,-0.079493819343928,-7.00477685314E-5));
#4698=CARTESIAN_POINT('Ctrl Pts',(0.0305768174578,-0.079493819343928,-7.00477685314E-5));
#4699=CARTESIAN_POINT('Ctrl Pts',(0.0305768174578,-0.079493819343928,0.00052995223146868));
#4700=CARTESIAN_POINT('Ctrl Pts',(0.0305768174578,-0.079493819343928,-0.000190047768531416));
#4701=CARTESIAN_POINT('Ctrl Pts',(0.0460960904578,-0.079493819343928,0.00052995223146868));
#4702=CARTESIAN_POINT('Ctrl Pts',(0.0460960904578,-0.079493819343928,-0.000190047768531416));
#4703=CARTESIAN_POINT('Ctrl Pts',(0.0587936774578,-0.079599490608328,0.00052995223146868));
#4704=CARTESIAN_POINT('Ctrl Pts',(0.0587936774578,-0.079599490608328,-0.000190047768531416));
#4705=CARTESIAN_POINT('Ctrl Pts',(0.0587936774578,-0.079728643207528,0.00052995223146868));
#4706=CARTESIAN_POINT('Ctrl Pts',(0.0587936774578,-0.079728643207528,-0.000190047768531416));
#4707=CARTESIAN_POINT('',(0.0587936774578,-0.079728643207528,0.00052995223146868));
#4708=CARTESIAN_POINT('Ctrl Pts',(0.0305768174578,-0.079493819343928,0.00052995223146868));
#4709=CARTESIAN_POINT('Ctrl Pts',(0.0460960904578,-0.079493819343928,0.00052995223146868));
#4710=CARTESIAN_POINT('Ctrl Pts',(0.0587936774578,-0.079599490608328,0.00052995223146868));
#4711=CARTESIAN_POINT('Ctrl Pts',(0.0587936774578,-0.079728643207528,0.00052995223146868));
#4712=CARTESIAN_POINT('',(0.0587936774578,-0.079728643207528,-7.00477685314E-5));
#4713=CARTESIAN_POINT('',(0.0587936774578,-0.079728643207528,-7.00477685314E-5));
#4714=CARTESIAN_POINT('Ctrl Pts',(0.0305768174578,-0.079493819343928,-7.00477685314E-5));
#4715=CARTESIAN_POINT('Ctrl Pts',(0.0460960904578,-0.079493819343928,-7.00477685314E-5));
#4716=CARTESIAN_POINT('Ctrl Pts',(0.0587936774578,-0.079599490608328,-7.00477685314E-5));
#4717=CARTESIAN_POINT('Ctrl Pts',(0.0587936774578,-0.079728643207528,-7.00477685314E-5));
#4718=CARTESIAN_POINT('Ctrl Pts',(0.0587936774578,-0.079728643207528,0.00052995223146868));
#4719=CARTESIAN_POINT('Ctrl Pts',(0.0587936774578,-0.079728643207528,-0.000190047768531416));
#4720=CARTESIAN_POINT('Ctrl Pts',(0.0587936774578,-0.079963677383128,0.00052995223146868));
#4721=CARTESIAN_POINT('Ctrl Pts',(0.0587936774578,-0.079963677383128,-0.000190047768531416));
#4722=CARTESIAN_POINT('Ctrl Pts',(0.0544627925458,-0.095454547747528,0.00052995223146868));
#4723=CARTESIAN_POINT('Ctrl Pts',(0.0544627925458,-0.095454547747528,-0.000190047768531416));
#4724=CARTESIAN_POINT('Ctrl Pts',(0.0531510064978,-0.099911609343928,0.00052995223146868));
#4725=CARTESIAN_POINT('Ctrl Pts',(0.0531510064978,-0.099911609343928,-0.000190047768531416));
#4726=CARTESIAN_POINT('',(0.0531510064978,-0.099911609343928,0.00052995223146868));
#4727=CARTESIAN_POINT('Ctrl Pts',(0.0587936774578,-0.079728643207528,0.00052995223146868));
#4728=CARTESIAN_POINT('Ctrl Pts',(0.0587936774578,-0.079963677383128,0.00052995223146868));
#4729=CARTESIAN_POINT('Ctrl Pts',(0.0544627925458,-0.095454547747528,0.00052995223146868));
#4730=CARTESIAN_POINT('Ctrl Pts',(0.0531510064978,-0.099911609343928,0.00052995223146868));
#4731=CARTESIAN_POINT('',(0.0531510064978,-0.099911609343928,-7.00477685314E-5));
#4732=CARTESIAN_POINT('',(0.0531510064978,-0.099911609343928,-7.00477685314E-5));
#4733=CARTESIAN_POINT('Ctrl Pts',(0.0587936774578,-0.079728643207528,-7.00477685314E-5));
#4734=CARTESIAN_POINT('Ctrl Pts',(0.0587936774578,-0.079963677383128,-7.00477685314E-5));
#4735=CARTESIAN_POINT('Ctrl Pts',(0.0544627925458,-0.095454547747528,-7.00477685314E-5));
#4736=CARTESIAN_POINT('Ctrl Pts',(0.0531510064978,-0.099911609343928,-7.00477685314E-5));
#4737=CARTESIAN_POINT('Origin',(0.0528028174558,-0.101094614343928,0.00052995223146868));
#4738=CARTESIAN_POINT('',(0.0524546284138,-0.102277619343928,0.00052995223146868));
#4739=CARTESIAN_POINT('',(0.0531510064978,-0.099911609343928,0.00052995223146868));
#4740=CARTESIAN_POINT('',(0.0524546284138,-0.102277619343928,-7.00477685314E-5));
#4741=CARTESIAN_POINT('',(0.0524546284138,-0.102277619343928,-7.00477685314E-5));
#4742=CARTESIAN_POINT('',(0.0531510064978,-0.099911609343928,-7.00477685314E-5));
#4743=CARTESIAN_POINT('Origin',(0.00703331793580002,-0.102277619343928,
0.00052995223146868));
#4744=CARTESIAN_POINT('',(-0.0383879925422,-0.102277619343928,0.00052995223146868));
#4745=CARTESIAN_POINT('',(0.0524546284138,-0.102277619343928,0.00052995223146868));
#4746=CARTESIAN_POINT('',(-0.0383879925422,-0.102277619343928,-7.00477685314E-5));
#4747=CARTESIAN_POINT('',(-0.0383879925422,-0.102277619343928,-7.00477685314E-5));
#4748=CARTESIAN_POINT('',(0.0524546284138,-0.102277619343928,-7.00477685314E-5));
#4749=CARTESIAN_POINT('Origin',(-0.0382911263402,-0.101795650838728,0.00052995223146868));
#4750=CARTESIAN_POINT('',(-0.0383879925422,-0.102277619343928,0.00052995223146868));
#4751=CARTESIAN_POINT('',(-0.0383879925422,-0.102277619343928,-7.00477685314E-5));
#4752=CARTESIAN_POINT('Origin',(0.0755732801698,-0.102277619343928,-7.00477685314E-5));
#4753=CARTESIAN_POINT('Origin',(0.0755732801698,-0.102277619343928,0.00052995223146868));
#4754=CARTESIAN_POINT('Ctrl Pts',(-0.4179178339382,-0.102018055778728,0.00052995223146868));
#4755=CARTESIAN_POINT('Ctrl Pts',(-0.4179178339382,-0.102018055778728,-0.000190047768531416));
#4756=CARTESIAN_POINT('Ctrl Pts',(-0.4179201824222,-0.101871633059128,0.00052995223146868));
#4757=CARTESIAN_POINT('Ctrl Pts',(-0.4179201824222,-0.101871633059128,-0.000190047768531416));
#4758=CARTESIAN_POINT('Ctrl Pts',(-0.4101616360394,-0.074739884833528,0.00052995223146868));
#4759=CARTESIAN_POINT('Ctrl Pts',(-0.4101616360394,-0.074739884833528,-0.000190047768531416));
#4760=CARTESIAN_POINT('Ctrl Pts',(-0.4006766033966,-0.0417252858387608,
0.00052995223146868));
#4761=CARTESIAN_POINT('Ctrl Pts',(-0.4006766033966,-0.0417252858387608,
-0.000190047768531416));
#4762=CARTESIAN_POINT('',(-0.4179178374434,-0.102018057531328,-7.00477685314E-5));
#4763=CARTESIAN_POINT('',(-0.4179178374434,-0.102018057531328,0.00052995223146868));
#4764=CARTESIAN_POINT('',(-0.4179178339382,-0.102018055778728,-7.00477685314E-5));
#4765=CARTESIAN_POINT('',(-0.4006766033966,-0.0417252858387608,0.00052995223146868));
#4766=CARTESIAN_POINT('Ctrl Pts',(-0.4179178339382,-0.102018055778728,0.00052995223146868));
#4767=CARTESIAN_POINT('Ctrl Pts',(-0.4179201824222,-0.101871633059128,0.00052995223146868));
#4768=CARTESIAN_POINT('Ctrl Pts',(-0.4101616360394,-0.074739884833528,0.00052995223146868));
#4769=CARTESIAN_POINT('Ctrl Pts',(-0.4006766033966,-0.0417252858387608,
0.00052995223146868));
#4770=CARTESIAN_POINT('',(-0.4006766033966,-0.0417252858387608,-7.00477685314E-5));
#4771=CARTESIAN_POINT('',(-0.4006766033966,-0.0417252858387608,-7.00477685314E-5));
#4772=CARTESIAN_POINT('Ctrl Pts',(-0.4179178339382,-0.102018055778728,-7.00477685314E-5));
#4773=CARTESIAN_POINT('Ctrl Pts',(-0.4179201824222,-0.101871633059128,-7.00477685314E-5));
#4774=CARTESIAN_POINT('Ctrl Pts',(-0.4101616360394,-0.074739884833528,-7.00477685314E-5));
#4775=CARTESIAN_POINT('Ctrl Pts',(-0.4006766033966,-0.0417252858387608,
-7.00477685314E-5));
#4776=CARTESIAN_POINT('Origin',(-0.3920538482012,-0.0117120108387444,0.00052995223146868));
#4777=CARTESIAN_POINT('',(-0.3834310930058,0.018301264161272,0.00052995223146868));
#4778=CARTESIAN_POINT('',(-0.4006766033966,-0.0417252858387608,0.00052995223146868));
#4779=CARTESIAN_POINT('',(-0.3834310930058,0.018301264161272,-7.00477685314E-5));
#4780=CARTESIAN_POINT('',(-0.3834310930058,0.018301264161272,-7.00477685314E-5));
#4781=CARTESIAN_POINT('',(-0.4006766033966,-0.0417252858387608,-7.00477685314E-5));
#4782=CARTESIAN_POINT('Origin',(-0.3748644175052,0.018301264161272,0.00052995223146868));
#4783=CARTESIAN_POINT('',(-0.3662977420046,0.018301264161272,0.00052995223146868));
#4784=CARTESIAN_POINT('',(-0.3834310930058,0.018301264161272,0.00052995223146868));
#4785=CARTESIAN_POINT('',(-0.3662977420046,0.018301264161272,-7.00477685314E-5));
#4786=CARTESIAN_POINT('',(-0.3662977420046,0.018301264161272,-7.00477685314E-5));
#4787=CARTESIAN_POINT('',(-0.3834310930058,0.018301264161272,-7.00477685314E-5));
#4788=CARTESIAN_POINT('Ctrl Pts',(-0.3662977420046,0.018301264161272,0.00052995223146868));
#4789=CARTESIAN_POINT('Ctrl Pts',(-0.3662977420046,0.018301264161272,-0.000190047768531416));
#4790=CARTESIAN_POINT('Ctrl Pts',(-0.350140144043,0.018301264161272,0.00052995223146868));
#4791=CARTESIAN_POINT('Ctrl Pts',(-0.350140144043,0.018301264161272,-0.000190047768531416));
#4792=CARTESIAN_POINT('Ctrl Pts',(-0.3491754218678,0.018266317317272,0.00052995223146868));
#4793=CARTESIAN_POINT('Ctrl Pts',(-0.3491754218678,0.018266317317272,-0.000190047768531416));
#4794=CARTESIAN_POINT('Ctrl Pts',(-0.349358116397,0.017687854161272,0.00052995223146868));
#4795=CARTESIAN_POINT('Ctrl Pts',(-0.349358116397,0.017687854161272,-0.000190047768531416));
#4796=CARTESIAN_POINT('',(-0.349358116397,0.017687854161272,0.00052995223146868));
#4797=CARTESIAN_POINT('Ctrl Pts',(-0.3662977420046,0.018301264161272,0.00052995223146868));
#4798=CARTESIAN_POINT('Ctrl Pts',(-0.350140144043,0.018301264161272,0.00052995223146868));
#4799=CARTESIAN_POINT('Ctrl Pts',(-0.3491754218678,0.018266317317272,0.00052995223146868));
#4800=CARTESIAN_POINT('Ctrl Pts',(-0.349358116397,0.017687854161272,0.00052995223146868));
#4801=CARTESIAN_POINT('',(-0.349358116397,0.017687854161272,-7.00477685314E-5));
#4802=CARTESIAN_POINT('',(-0.349358116397,0.017687854161272,-7.00477685314E-5));
#4803=CARTESIAN_POINT('Ctrl Pts',(-0.3662977420046,0.018301264161272,-7.00477685314E-5));
#4804=CARTESIAN_POINT('Ctrl Pts',(-0.350140144043,0.018301264161272,-7.00477685314E-5));
#4805=CARTESIAN_POINT('Ctrl Pts',(-0.3491754218678,0.018266317317272,-7.00477685314E-5));
#4806=CARTESIAN_POINT('Ctrl Pts',(-0.349358116397,0.017687854161272,-7.00477685314E-5));
#4807=CARTESIAN_POINT('Ctrl Pts',(-0.349358116397,0.017687854161272,0.00052995223146868));
#4808=CARTESIAN_POINT('Ctrl Pts',(-0.349358116397,0.017687854161272,-0.000190047768531416));
#4809=CARTESIAN_POINT('Ctrl Pts',(-0.3494646639614,0.017350478661272,0.00052995223146868));
#4810=CARTESIAN_POINT('Ctrl Pts',(-0.3494646639614,0.017350478661272,-0.000190047768531416));
#4811=CARTESIAN_POINT('Ctrl Pts',(-0.3527111486546,0.006033064161272,0.00052995223146868));
#4812=CARTESIAN_POINT('Ctrl Pts',(-0.3527111486546,0.006033064161272,-0.000190047768531416));
#4813=CARTESIAN_POINT('Ctrl Pts',(-0.3565725225422,-0.007461955838728,0.00052995223146868));
#4814=CARTESIAN_POINT('Ctrl Pts',(-0.3565725225422,-0.007461955838728,-0.000190047768531416));
#4815=CARTESIAN_POINT('',(-0.3565725225422,-0.007461955838728,0.00052995223146868));
#4816=CARTESIAN_POINT('Ctrl Pts',(-0.349358116397,0.017687854161272,0.00052995223146868));
#4817=CARTESIAN_POINT('Ctrl Pts',(-0.3494646639614,0.017350478661272,0.00052995223146868));
#4818=CARTESIAN_POINT('Ctrl Pts',(-0.3527111486546,0.006033064161272,0.00052995223146868));
#4819=CARTESIAN_POINT('Ctrl Pts',(-0.3565725225422,-0.007461955838728,0.00052995223146868));
#4820=CARTESIAN_POINT('',(-0.3565725225422,-0.007461955838728,-7.00477685314E-5));
#4821=CARTESIAN_POINT('',(-0.3565725225422,-0.007461955838728,-7.00477685314E-5));
#4822=CARTESIAN_POINT('Ctrl Pts',(-0.349358116397,0.017687854161272,-7.00477685314E-5));
#4823=CARTESIAN_POINT('Ctrl Pts',(-0.3494646639614,0.017350478661272,-7.00477685314E-5));
#4824=CARTESIAN_POINT('Ctrl Pts',(-0.3527111486546,0.006033064161272,-7.00477685314E-5));
#4825=CARTESIAN_POINT('Ctrl Pts',(-0.3565725225422,-0.007461955838728,-7.00477685314E-5));
#4826=CARTESIAN_POINT('Ctrl Pts',(-0.3565725225422,-0.007461955838728,0.00052995223146868));
#4827=CARTESIAN_POINT('Ctrl Pts',(-0.3565725225422,-0.007461955838728,-0.000190047768531416));
#4828=CARTESIAN_POINT('Ctrl Pts',(-0.3604338964298,-0.02095697583876,0.00052995223146868));
#4829=CARTESIAN_POINT('Ctrl Pts',(-0.3604338964298,-0.02095697583876,-0.000190047768531416));
#4830=CARTESIAN_POINT('Ctrl Pts',(-0.3636763816898,-0.03223495683876,0.00052995223146868));
#4831=CARTESIAN_POINT('Ctrl Pts',(-0.3636763816898,-0.03223495683876,-0.000190047768531416));
#4832=CARTESIAN_POINT('Ctrl Pts',(-0.3637780430054,-0.03252413583876,0.00052995223146868));
#4833=CARTESIAN_POINT('Ctrl Pts',(-0.3637780430054,-0.03252413583876,-0.000190047768531416));
#4834=CARTESIAN_POINT('',(-0.3637780430054,-0.03252413583876,0.00052995223146868));
#4835=CARTESIAN_POINT('Ctrl Pts',(-0.3565725225422,-0.007461955838728,0.00052995223146868));
#4836=CARTESIAN_POINT('Ctrl Pts',(-0.3604338964298,-0.02095697583876,0.00052995223146868));
#4837=CARTESIAN_POINT('Ctrl Pts',(-0.3636763816898,-0.03223495683876,0.00052995223146868));
#4838=CARTESIAN_POINT('Ctrl Pts',(-0.3637780430054,-0.03252413583876,0.00052995223146868));
#4839=CARTESIAN_POINT('',(-0.3637780430054,-0.03252413583876,-7.00477685314E-5));
#4840=CARTESIAN_POINT('',(-0.3637780430054,-0.03252413583876,-7.00477685314E-5));
#4841=CARTESIAN_POINT('Ctrl Pts',(-0.3565725225422,-0.007461955838728,-7.00477685314E-5));
#4842=CARTESIAN_POINT('Ctrl Pts',(-0.3604338964298,-0.02095697583876,-7.00477685314E-5));
#4843=CARTESIAN_POINT('Ctrl Pts',(-0.3636763816898,-0.03223495683876,-7.00477685314E-5));
#4844=CARTESIAN_POINT('Ctrl Pts',(-0.3637780430054,-0.03252413583876,-7.00477685314E-5));
#4845=CARTESIAN_POINT('Ctrl Pts',(-0.3637780430054,-0.03252413583876,0.00052995223146868));
#4846=CARTESIAN_POINT('Ctrl Pts',(-0.3637780430054,-0.03252413583876,-0.000190047768531416));
#4847=CARTESIAN_POINT('Ctrl Pts',(-0.363879704321,-0.03281331483876,0.00052995223146868));
#4848=CARTESIAN_POINT('Ctrl Pts',(-0.363879704321,-0.03281331483876,-0.000190047768531416));
#4849=CARTESIAN_POINT('Ctrl Pts',(-0.3524005178306,-0.02149456836276,0.00052995223146868));
#4850=CARTESIAN_POINT('Ctrl Pts',(-0.3524005178306,-0.02149456836276,-0.000190047768531416));
#4851=CARTESIAN_POINT('Ctrl Pts',(-0.3382687396934,-0.007371370955128,0.00052995223146868));
#4852=CARTESIAN_POINT('Ctrl Pts',(-0.3382687396934,-0.007371370955128,-0.000190047768531416));
#4853=CARTESIAN_POINT('',(-0.3382687396934,-0.007371370955128,0.00052995223146868));
#4854=CARTESIAN_POINT('Ctrl Pts',(-0.3637780430054,-0.03252413583876,0.00052995223146868));
#4855=CARTESIAN_POINT('Ctrl Pts',(-0.363879704321,-0.03281331483876,0.00052995223146868));
#4856=CARTESIAN_POINT('Ctrl Pts',(-0.3524005178306,-0.02149456836276,0.00052995223146868));
#4857=CARTESIAN_POINT('Ctrl Pts',(-0.3382687396934,-0.007371370955128,0.00052995223146868));
#4858=CARTESIAN_POINT('',(-0.3382687396934,-0.007371370955128,-7.00477685314E-5));
#4859=CARTESIAN_POINT('',(-0.3382687396934,-0.007371370955128,-7.00477685314E-5));
#4860=CARTESIAN_POINT('Ctrl Pts',(-0.3637780430054,-0.03252413583876,-7.00477685314E-5));
#4861=CARTESIAN_POINT('Ctrl Pts',(-0.363879704321,-0.03281331483876,-7.00477685314E-5));
#4862=CARTESIAN_POINT('Ctrl Pts',(-0.3524005178306,-0.02149456836276,-7.00477685314E-5));
#4863=CARTESIAN_POINT('Ctrl Pts',(-0.3382687396934,-0.007371370955128,-7.00477685314E-5));
#4864=CARTESIAN_POINT('Origin',(-0.3254216699342,0.00546790148667199,0.00052995223146868));
#4865=CARTESIAN_POINT('',(-0.312574600175,0.018307173928472,0.00052995223146868));
#4866=CARTESIAN_POINT('',(-0.3382687396934,-0.007371370955128,0.00052995223146868));
#4867=CARTESIAN_POINT('',(-0.312574600175,0.018307173928472,-7.00477685314E-5));
#4868=CARTESIAN_POINT('',(-0.312574600175,0.018307173928472,-7.00477685314E-5));
#4869=CARTESIAN_POINT('',(-0.3382687396934,-0.007371370955128,-7.00477685314E-5));
#4870=CARTESIAN_POINT('Origin',(-0.292893480533,0.018216589044872,0.00052995223146868));
#4871=CARTESIAN_POINT('',(-0.273212360891,0.018126004161272,0.00052995223146868));
#4872=CARTESIAN_POINT('',(-0.312574600175,0.018307173928472,0.00052995223146868));
#4873=CARTESIAN_POINT('',(-0.273212360891,0.018126004161272,-7.00477685314E-5));
#4874=CARTESIAN_POINT('',(-0.273212360891,0.018126004161272,-7.00477685314E-5));
#4875=CARTESIAN_POINT('',(-0.312574600175,0.018307173928472,-7.00477685314E-5));
#4876=CARTESIAN_POINT('Origin',(-0.2872119001004,0.00440919438387199,0.00052995223146868));
#4877=CARTESIAN_POINT('',(-0.3012114393098,-0.009307615393528,0.00052995223146868));
#4878=CARTESIAN_POINT('',(-0.273212360891,0.018126004161272,0.00052995223146868));
#4879=CARTESIAN_POINT('',(-0.3012114393098,-0.009307615393528,-7.00477685314E-5));
#4880=CARTESIAN_POINT('',(-0.3012114393098,-0.009307615393528,-7.00477685314E-5));
#4881=CARTESIAN_POINT('',(-0.273212360891,0.018126004161272,-7.00477685314E-5));
#4882=CARTESIAN_POINT('Ctrl Pts',(-0.3012114393098,-0.009307615393528,0.00052995223146868));
#4883=CARTESIAN_POINT('Ctrl Pts',(-0.3012114393098,-0.009307615393528,-0.000190047768531416));
#4884=CARTESIAN_POINT('Ctrl Pts',(-0.326438752787,-0.03402545155596,0.00052995223146868));
#4885=CARTESIAN_POINT('Ctrl Pts',(-0.326438752787,-0.03402545155596,-0.000190047768531416));
#4886=CARTESIAN_POINT('Ctrl Pts',(-0.3291805938362,-0.03681877347756,0.00052995223146868));
#4887=CARTESIAN_POINT('Ctrl Pts',(-0.3291805938362,-0.03681877347756,-0.000190047768531416));
#4888=CARTESIAN_POINT('Ctrl Pts',(-0.328908253817,-0.03752447539356,0.00052995223146868));
#4889=CARTESIAN_POINT('Ctrl Pts',(-0.328908253817,-0.03752447539356,-0.000190047768531416));
#4890=CARTESIAN_POINT('',(-0.328908253817,-0.03752447539356,0.00052995223146868));
#4891=CARTESIAN_POINT('Ctrl Pts',(-0.3012114393098,-0.009307615393528,0.00052995223146868));
#4892=CARTESIAN_POINT('Ctrl Pts',(-0.326438752787,-0.03402545155596,0.00052995223146868));
#4893=CARTESIAN_POINT('Ctrl Pts',(-0.3291805938362,-0.03681877347756,0.00052995223146868));
#4894=CARTESIAN_POINT('Ctrl Pts',(-0.328908253817,-0.03752447539356,0.00052995223146868));
#4895=CARTESIAN_POINT('',(-0.328908253817,-0.03752447539356,-7.00477685314E-5));
#4896=CARTESIAN_POINT('',(-0.328908253817,-0.03752447539356,-7.00477685314E-5));
#4897=CARTESIAN_POINT('Ctrl Pts',(-0.3012114393098,-0.009307615393528,-7.00477685314E-5));
#4898=CARTESIAN_POINT('Ctrl Pts',(-0.326438752787,-0.03402545155596,-7.00477685314E-5));
#4899=CARTESIAN_POINT('Ctrl Pts',(-0.3291805938362,-0.03681877347756,-7.00477685314E-5));
#4900=CARTESIAN_POINT('Ctrl Pts',(-0.328908253817,-0.03752447539356,-7.00477685314E-5));
#4901=CARTESIAN_POINT('Ctrl Pts',(-0.328908253817,-0.03752447539356,0.00052995223146868));
#4902=CARTESIAN_POINT('Ctrl Pts',(-0.328908253817,-0.03752447539356,-0.000190047768531416));
#4903=CARTESIAN_POINT('Ctrl Pts',(-0.3287420091914,-0.0379552574631608,
0.00052995223146868));
#4904=CARTESIAN_POINT('Ctrl Pts',(-0.3287420091914,-0.0379552574631608,
-0.000190047768531416));
#4905=CARTESIAN_POINT('Ctrl Pts',(-0.322674080357,-0.05261423520636,0.00052995223146868));
#4906=CARTESIAN_POINT('Ctrl Pts',(-0.322674080357,-0.05261423520636,-0.000190047768531416));
#4907=CARTESIAN_POINT('Ctrl Pts',(-0.3154239737498,-0.070099981489528,0.00052995223146868));
#4908=CARTESIAN_POINT('Ctrl Pts',(-0.3154239737498,-0.070099981489528,-0.000190047768531416));
#4909=CARTESIAN_POINT('',(-0.3154239737498,-0.070099981489528,0.00052995223146868));
#4910=CARTESIAN_POINT('Ctrl Pts',(-0.328908253817,-0.03752447539356,0.00052995223146868));
#4911=CARTESIAN_POINT('Ctrl Pts',(-0.3287420091914,-0.0379552574631608,
0.00052995223146868));
#4912=CARTESIAN_POINT('Ctrl Pts',(-0.322674080357,-0.05261423520636,0.00052995223146868));
#4913=CARTESIAN_POINT('Ctrl Pts',(-0.3154239737498,-0.070099981489528,0.00052995223146868));
#4914=CARTESIAN_POINT('',(-0.3154239737498,-0.070099981489528,-7.00477685314E-5));
#4915=CARTESIAN_POINT('',(-0.3154239737498,-0.070099981489528,-7.00477685314E-5));
#4916=CARTESIAN_POINT('Ctrl Pts',(-0.328908253817,-0.03752447539356,-7.00477685314E-5));
#4917=CARTESIAN_POINT('Ctrl Pts',(-0.3287420091914,-0.0379552574631608,
-7.00477685314E-5));
#4918=CARTESIAN_POINT('Ctrl Pts',(-0.322674080357,-0.05261423520636,-7.00477685314E-5));
#4919=CARTESIAN_POINT('Ctrl Pts',(-0.3154239737498,-0.070099981489528,-7.00477685314E-5));
#4920=CARTESIAN_POINT('Ctrl Pts',(-0.3154239737498,-0.070099981489528,0.00052995223146868));
#4921=CARTESIAN_POINT('Ctrl Pts',(-0.3154239737498,-0.070099981489528,-0.000190047768531416));
#4922=CARTESIAN_POINT('Ctrl Pts',(-0.3081738636374,-0.087585727772728,0.00052995223146868));
#4923=CARTESIAN_POINT('Ctrl Pts',(-0.3081738636374,-0.087585727772728,-0.000190047768531416));
#4924=CARTESIAN_POINT('Ctrl Pts',(-0.3022419575942,-0.101980364363128,0.00052995223146868));
#4925=CARTESIAN_POINT('Ctrl Pts',(-0.3022419575942,-0.101980364363128,-0.000190047768531416));
#4926=CARTESIAN_POINT('Ctrl Pts',(-0.3022419575942,-0.102088058127928,0.00052995223146868));
#4927=CARTESIAN_POINT('Ctrl Pts',(-0.3022419575942,-0.102088058127928,-0.000190047768531416));
#4928=CARTESIAN_POINT('',(-0.3022419575942,-0.102088058127928,0.00052995223146868));
#4929=CARTESIAN_POINT('Ctrl Pts',(-0.3154239737498,-0.070099981489528,0.00052995223146868));
#4930=CARTESIAN_POINT('Ctrl Pts',(-0.3081738636374,-0.087585727772728,0.00052995223146868));
#4931=CARTESIAN_POINT('Ctrl Pts',(-0.3022419575942,-0.101980364363128,0.00052995223146868));
#4932=CARTESIAN_POINT('Ctrl Pts',(-0.3022419575942,-0.102088058127928,0.00052995223146868));
#4933=CARTESIAN_POINT('',(-0.3022419575942,-0.102088058127928,-7.00477685314E-5));
#4934=CARTESIAN_POINT('',(-0.3022419575942,-0.102088058127928,-7.00477685314E-5));
#4935=CARTESIAN_POINT('Ctrl Pts',(-0.3154239737498,-0.070099981489528,-7.00477685314E-5));
#4936=CARTESIAN_POINT('Ctrl Pts',(-0.3081738636374,-0.087585727772728,-7.00477685314E-5));
#4937=CARTESIAN_POINT('Ctrl Pts',(-0.3022419575942,-0.101980364363128,-7.00477685314E-5));
#4938=CARTESIAN_POINT('Ctrl Pts',(-0.3022419575942,-0.102088058127928,-7.00477685314E-5));
#4939=CARTESIAN_POINT('Ctrl Pts',(-0.3022419575942,-0.102088058127928,0.00052995223146868));
#4940=CARTESIAN_POINT('Ctrl Pts',(-0.3022419575942,-0.102088058127928,-0.000190047768531416));
#4941=CARTESIAN_POINT('Ctrl Pts',(-0.3022419575942,-0.102195755397928,0.00052995223146868));
#4942=CARTESIAN_POINT('Ctrl Pts',(-0.3022419575942,-0.102195755397928,-0.000190047768531416));
#4943=CARTESIAN_POINT('Ctrl Pts',(-0.3104550828494,-0.102243030030328,0.00052995223146868));
#4944=CARTESIAN_POINT('Ctrl Pts',(-0.3104550828494,-0.102243030030328,-0.000190047768531416));
#4945=CARTESIAN_POINT('Ctrl Pts',(-0.3204933447134,-0.102193112477128,0.00052995223146868));
#4946=CARTESIAN_POINT('Ctrl Pts',(-0.3204933447134,-0.102193112477128,-0.000190047768531416));
#4947=CARTESIAN_POINT('',(-0.3204933447134,-0.102193112477128,0.00052995223146868));
#4948=CARTESIAN_POINT('Ctrl Pts',(-0.3022419575942,-0.102088058127928,0.00052995223146868));
#4949=CARTESIAN_POINT('Ctrl Pts',(-0.3022419575942,-0.102195755397928,0.00052995223146868));
#4950=CARTESIAN_POINT('Ctrl Pts',(-0.3104550828494,-0.102243030030328,0.00052995223146868));
#4951=CARTESIAN_POINT('Ctrl Pts',(-0.3204933447134,-0.102193112477128,0.00052995223146868));
#4952=CARTESIAN_POINT('',(-0.3204933447134,-0.102193112477128,-7.00477685314E-5));
#4953=CARTESIAN_POINT('',(-0.3204933447134,-0.102193112477128,-7.00477685314E-5));
#4954=CARTESIAN_POINT('Ctrl Pts',(-0.3022419575942,-0.102088058127928,-7.00477685314E-5));
#4955=CARTESIAN_POINT('Ctrl Pts',(-0.3022419575942,-0.102195755397928,-7.00477685314E-5));
#4956=CARTESIAN_POINT('Ctrl Pts',(-0.3104550828494,-0.102243030030328,-7.00477685314E-5));
#4957=CARTESIAN_POINT('Ctrl Pts',(-0.3204933447134,-0.102193112477128,-7.00477685314E-5));
#4958=CARTESIAN_POINT('Origin',(-0.329619038273,-0.102147734157928,0.00052995223146868));
#4959=CARTESIAN_POINT('',(-0.3387447318326,-0.102102355838728,0.00052995223146868));
#4960=CARTESIAN_POINT('',(-0.3204933447134,-0.102193112477128,0.00052995223146868));
#4961=CARTESIAN_POINT('',(-0.3387447318326,-0.102102355838728,-7.00477685314E-5));
#4962=CARTESIAN_POINT('',(-0.3387447318326,-0.102102355838728,-7.00477685314E-5));
#4963=CARTESIAN_POINT('',(-0.3204933447134,-0.102193112477128,-7.00477685314E-5));
#4964=CARTESIAN_POINT('Origin',(-0.345260993273,-0.085849610975728,0.00052995223146868));
#4965=CARTESIAN_POINT('',(-0.3517772547134,-0.069596866112728,0.00052995223146868));
#4966=CARTESIAN_POINT('',(-0.3387447318326,-0.102102355838728,0.00052995223146868));
#4967=CARTESIAN_POINT('',(-0.3517772547134,-0.069596866112728,-7.00477685314E-5));
#4968=CARTESIAN_POINT('',(-0.3517772547134,-0.069596866112728,-7.00477685314E-5));
#4969=CARTESIAN_POINT('',(-0.3387447318326,-0.102102355838728,-7.00477685314E-5));
#4970=CARTESIAN_POINT('Ctrl Pts',(-0.3517772547134,-0.069596866112728,0.00052995223146868));
#4971=CARTESIAN_POINT('Ctrl Pts',(-0.3517772547134,-0.069596866112728,-0.000190047768531416));
#4972=CARTESIAN_POINT('Ctrl Pts',(-0.3589451433494,-0.05171884939236,0.00052995223146868));
#4973=CARTESIAN_POINT('Ctrl Pts',(-0.3589451433494,-0.05171884939236,-0.000190047768531416));
#4974=CARTESIAN_POINT('Ctrl Pts',(-0.3648918693782,-0.03708902089236,0.00052995223146868));
#4975=CARTESIAN_POINT('Ctrl Pts',(-0.3648918693782,-0.03708902089236,-0.000190047768531416));
#4976=CARTESIAN_POINT('Ctrl Pts',(-0.3649921987178,-0.03708613611276,0.00052995223146868));
#4977=CARTESIAN_POINT('Ctrl Pts',(-0.3649921987178,-0.03708613611276,-0.000190047768531416));
#4978=CARTESIAN_POINT('',(-0.3649921987178,-0.03708613611276,0.00052995223146868));
#4979=CARTESIAN_POINT('Ctrl Pts',(-0.3517772547134,-0.069596866112728,0.00052995223146868));
#4980=CARTESIAN_POINT('Ctrl Pts',(-0.3589451433494,-0.05171884939236,0.00052995223146868));
#4981=CARTESIAN_POINT('Ctrl Pts',(-0.3648918693782,-0.03708902089236,0.00052995223146868));
#4982=CARTESIAN_POINT('Ctrl Pts',(-0.3649921987178,-0.03708613611276,0.00052995223146868));
#4983=CARTESIAN_POINT('',(-0.3649921987178,-0.03708613611276,-7.00477685314E-5));
#4984=CARTESIAN_POINT('',(-0.3649921987178,-0.03708613611276,-7.00477685314E-5));
#4985=CARTESIAN_POINT('Ctrl Pts',(-0.3517772547134,-0.069596866112728,-7.00477685314E-5));
#4986=CARTESIAN_POINT('Ctrl Pts',(-0.3589451433494,-0.05171884939236,-7.00477685314E-5));
#4987=CARTESIAN_POINT('Ctrl Pts',(-0.3648918693782,-0.03708902089236,-7.00477685314E-5));
#4988=CARTESIAN_POINT('Ctrl Pts',(-0.3649921987178,-0.03708613611276,-7.00477685314E-5));
#4989=CARTESIAN_POINT('Ctrl Pts',(-0.3649921987178,-0.03708613611276,0.00052995223146868));
#4990=CARTESIAN_POINT('Ctrl Pts',(-0.3649921987178,-0.03708613611276,-0.000190047768531416));
#4991=CARTESIAN_POINT('Ctrl Pts',(-0.3650925315626,-0.03708333195276,0.00052995223146868));
#4992=CARTESIAN_POINT('Ctrl Pts',(-0.3650925315626,-0.03708333195276,-0.000190047768531416));
#4993=CARTESIAN_POINT('Ctrl Pts',(-0.369369916607,-0.05171072433876,0.00052995223146868));
#4994=CARTESIAN_POINT('Ctrl Pts',(-0.369369916607,-0.05171072433876,-0.000190047768531416));
#4995=CARTESIAN_POINT('Ctrl Pts',(-0.3744974949218,-0.069591625838728,0.00052995223146868));
#4996=CARTESIAN_POINT('Ctrl Pts',(-0.3744974949218,-0.069591625838728,-0.000190047768531416));
#4997=CARTESIAN_POINT('',(-0.3744974949218,-0.069591625838728,0.00052995223146868));
#4998=CARTESIAN_POINT('Ctrl Pts',(-0.3649921987178,-0.03708613611276,0.00052995223146868));
#4999=CARTESIAN_POINT('Ctrl Pts',(-0.3650925315626,-0.03708333195276,0.00052995223146868));
#5000=CARTESIAN_POINT('Ctrl Pts',(-0.369369916607,-0.05171072433876,0.00052995223146868));
#5001=CARTESIAN_POINT('Ctrl Pts',(-0.3744974949218,-0.069591625838728,0.00052995223146868));
#5002=CARTESIAN_POINT('',(-0.3744974949218,-0.069591625838728,-7.00477685314E-5));
#5003=CARTESIAN_POINT('',(-0.3744974949218,-0.069591625838728,-7.00477685314E-5));
#5004=CARTESIAN_POINT('Ctrl Pts',(-0.3649921987178,-0.03708613611276,-7.00477685314E-5));
#5005=CARTESIAN_POINT('Ctrl Pts',(-0.3650925315626,-0.03708333195276,-7.00477685314E-5));
#5006=CARTESIAN_POINT('Ctrl Pts',(-0.369369916607,-0.05171072433876,-7.00477685314E-5));
#5007=CARTESIAN_POINT('Ctrl Pts',(-0.3744974949218,-0.069591625838728,-7.00477685314E-5));
#5008=CARTESIAN_POINT('Origin',(-0.379158932462,-0.085846990838728,0.00052995223146868));
#5009=CARTESIAN_POINT('',(-0.3838203700022,-0.102102355838728,0.00052995223146868));
#5010=CARTESIAN_POINT('',(-0.3744974949218,-0.069591625838728,0.00052995223146868));
#5011=CARTESIAN_POINT('',(-0.3838203700022,-0.102102355838728,-7.00477685314E-5));
#5012=CARTESIAN_POINT('',(-0.3838203700022,-0.102102355838728,-7.00477685314E-5));
#5013=CARTESIAN_POINT('',(-0.3744974949218,-0.069591625838728,-7.00477685314E-5));
#5014=CARTESIAN_POINT('Origin',(-0.3923436669002,-0.102147837561328,0.00052995223146868));
#5015=CARTESIAN_POINT('',(-0.4008669637982,-0.102193319283928,0.00052995223146868));
#5016=CARTESIAN_POINT('',(-0.3838203700022,-0.102102355838728,0.00052995223146868));
#5017=CARTESIAN_POINT('',(-0.4008669637982,-0.102193319283928,-7.00477685314E-5));
#5018=CARTESIAN_POINT('',(-0.4008669637982,-0.102193319283928,-7.00477685314E-5));
#5019=CARTESIAN_POINT('',(-0.3838203700022,-0.102102355838728,-7.00477685314E-5));
#5020=CARTESIAN_POINT('Ctrl Pts',(-0.4008669637982,-0.102193319283928,0.00052995223146868));
#5021=CARTESIAN_POINT('Ctrl Pts',(-0.4008669637982,-0.102193319283928,-0.000190047768531416));
#5022=CARTESIAN_POINT('Ctrl Pts',(-0.4102425886334,-0.102243349003528,0.00052995223146868));
#5023=CARTESIAN_POINT('Ctrl Pts',(-0.4102425886334,-0.102243349003528,-0.000190047768531416));
#5024=CARTESIAN_POINT('Ctrl Pts',(-0.4179154854542,-0.102164471487928,0.00052995223146868));
#5025=CARTESIAN_POINT('Ctrl Pts',(-0.4179154854542,-0.102164471487928,-0.000190047768531416));
#5026=CARTESIAN_POINT('Ctrl Pts',(-0.4179178409486,-0.102018059283928,0.00052995223146868));
#5027=CARTESIAN_POINT('Ctrl Pts',(-0.4179178409486,-0.102018059283928,-0.000190047768531416));
#5028=CARTESIAN_POINT('Ctrl Pts',(-0.4008669637982,-0.102193319283928,0.00052995223146868));
#5029=CARTESIAN_POINT('Ctrl Pts',(-0.4102425886334,-0.102243349003528,0.00052995223146868));
#5030=CARTESIAN_POINT('Ctrl Pts',(-0.4179154854542,-0.102164471487928,0.00052995223146868));
#5031=CARTESIAN_POINT('Ctrl Pts',(-0.4179178409486,-0.102018059283928,0.00052995223146868));
#5032=CARTESIAN_POINT('Ctrl Pts',(-0.4008669637982,-0.102193319283928,-7.00477685314E-5));
#5033=CARTESIAN_POINT('Ctrl Pts',(-0.4102425886334,-0.102243349003528,-7.00477685314E-5));
#5034=CARTESIAN_POINT('Ctrl Pts',(-0.4179154854542,-0.102164471487928,-7.00477685314E-5));
#5035=CARTESIAN_POINT('Ctrl Pts',(-0.4179178409486,-0.102018059283928,-7.00477685314E-5));
#5036=CARTESIAN_POINT('Origin',(-0.3455662716566,-0.102243349003528,-7.00477685314E-5));
#5037=CARTESIAN_POINT('Origin',(-0.3455662716566,-0.102243349003528,0.00052995223146868));
#5038=CARTESIAN_POINT('',(0.,0.,0.));
#5039=CARTESIAN_POINT('',(0.109286505427009,0.0562069300904152,0.857136714435198));
#5040=UNCERTAINTY_MEASURE_WITH_UNIT(LENGTH_MEASURE(0.01),#5048,
'DISTANCE_ACCURACY_VALUE',
'Maximum model space distance between geometric entities at asserted c
onnectivities');
#5041=UNCERTAINTY_MEASURE_WITH_UNIT(LENGTH_MEASURE(0.01),#5048,
'DISTANCE_ACCURACY_VALUE',
'Maximum model space distance between geometric entities at asserted c
onnectivities');
#5042=UNCERTAINTY_MEASURE_WITH_UNIT(LENGTH_MEASURE(0.01),#5048,
'DISTANCE_ACCURACY_VALUE',
'Maximum model space distance between geometric entities at asserted c
onnectivities');
#5043=UNCERTAINTY_MEASURE_WITH_UNIT(LENGTH_MEASURE(0.01),#5048,
'DISTANCE_ACCURACY_VALUE',
'Maximum model space distance between geometric entities at asserted c
onnectivities');
#5044=(
GEOMETRIC_REPRESENTATION_CONTEXT(3)
GLOBAL_UNCERTAINTY_ASSIGNED_CONTEXT((#5040))
GLOBAL_UNIT_ASSIGNED_CONTEXT((#5048,#5051,#5050))
REPRESENTATION_CONTEXT('','3D')
);
#5045=(
GEOMETRIC_REPRESENTATION_CONTEXT(3)
GLOBAL_UNCERTAINTY_ASSIGNED_CONTEXT((#5041))
GLOBAL_UNIT_ASSIGNED_CONTEXT((#5048,#5051,#5050))
REPRESENTATION_CONTEXT('','3D')
);
#5046=(
GEOMETRIC_REPRESENTATION_CONTEXT(3)
GLOBAL_UNCERTAINTY_ASSIGNED_CONTEXT((#5042))
GLOBAL_UNIT_ASSIGNED_CONTEXT((#5048,#5051,#5050))
REPRESENTATION_CONTEXT('','3D')
);
#5047=(
GEOMETRIC_REPRESENTATION_CONTEXT(3)
GLOBAL_UNCERTAINTY_ASSIGNED_CONTEXT((#5043))
GLOBAL_UNIT_ASSIGNED_CONTEXT((#5048,#5051,#5050))
REPRESENTATION_CONTEXT('','3D')
);
#5048=(
LENGTH_UNIT()
NAMED_UNIT(*)
SI_UNIT(.MILLI.,.METRE.)
);
#5049=(
LENGTH_UNIT()
NAMED_UNIT(*)
SI_UNIT(.CENTI.,.METRE.)
);
#5050=(
NAMED_UNIT(*)
SI_UNIT($,.STERADIAN.)
SOLID_ANGLE_UNIT()
);
#5051=(
NAMED_UNIT(*)
PLANE_ANGLE_UNIT()
SI_UNIT($,.RADIAN.)
);
#5052=SHAPE_DEFINITION_REPRESENTATION(#5055,#5060);
#5053=SHAPE_DEFINITION_REPRESENTATION(#5056,#5061);
#5054=SHAPE_DEFINITION_REPRESENTATION(#5057,#5062);
#5055=PRODUCT_DEFINITION_SHAPE('',$,#5064);
#5056=PRODUCT_DEFINITION_SHAPE('',$,#5065);
#5057=PRODUCT_DEFINITION_SHAPE('',$,#5066);
#5058=PRODUCT_DEFINITION_SHAPE($,$,#17);
#5059=PRODUCT_DEFINITION_SHAPE($,$,#18);
#5060=SHAPE_REPRESENTATION('',(#2912,#3053,#3054),#5044);
#5061=SHAPE_REPRESENTATION('',(#2913),#5045);
#5062=SHAPE_REPRESENTATION('',(#3000),#5046);
#5063=PRODUCT_DEFINITION_CONTEXT('part definition',#5074,'design');
#5064=PRODUCT_DEFINITION('C0603C103K9RACTU','C0603C103K9RACTU',#5067,#5063);
#5065=PRODUCT_DEFINITION('C0603C103K9RACTU_1','C0603C103K9RACTU',#5068,
#5063);
#5066=PRODUCT_DEFINITION('KEMET','KEMET',#5069,#5063);
#5067=PRODUCT_DEFINITION_FORMATION('',$,#5076);
#5068=PRODUCT_DEFINITION_FORMATION('ANY',$,#5077);
#5069=PRODUCT_DEFINITION_FORMATION('',$,#5078);
#5070=PRODUCT_RELATED_PRODUCT_CATEGORY('C0603C103K9RACTU',
'C0603C103K9RACTU',(#5076));
#5071=PRODUCT_RELATED_PRODUCT_CATEGORY('C0603C103K9RACTU',
'C0603C103K9RACTU',(#5077));
#5072=PRODUCT_RELATED_PRODUCT_CATEGORY('KEMET','KEMET',(#5078));
#5073=APPLICATION_PROTOCOL_DEFINITION('international standard',
'automotive_design',2009,#5074);
#5074=APPLICATION_CONTEXT(
'Core Data for Automotive Mechanical Design Process');
#5075=PRODUCT_CONTEXT('part definition',#5074,'mechanical');
#5076=PRODUCT('C0603C103K9RACTU','C0603C103K9RACTU',$,(#5075));
#5077=PRODUCT('C0603C103K9RACTU_1','C0603C103K9RACTU','STEP AP214',(#5075));
#5078=PRODUCT('KEMET','KEMET','FreeCAD Model',(#5075));
ENDSEC;
END-ISO-10303-21;
