ISO-10303-21;
HEADER;
/* Generated by software containing ST-Developer
 * from STEP Tools, Inc. (www.steptools.com) 
 */

FILE_DESCRIPTION(
/* description */ (''),
/* implementation_level */ '2;1');

FILE_NAME(
/* name */ 
'J:\\KH_3D_lib\\Murata\\Capacitor\\1206_3.2X1.6\\1206_1.9_0.6.stp',
/* time_stamp */ '2020-08-11T01:32:03+02:00',
/* author */ ('khaled'),
/* organization */ (''),
/* preprocessor_version */ 'ST-DEVELOPER v17.2',
/* originating_system */ 'Autodesk Inventor 2019',
/* authorisation */ '');

FILE_SCHEMA (('AUTOMOTIVE_DESIGN { 1 0 10303 214 3 1 1 }'));
ENDSEC;

DATA;
#10=MECHANICAL_DESIGN_GEOMETRIC_PRESENTATION_REPRESENTATION('',(#427,#428,
#429),#10084);
#11=ITEM_DEFINED_TRANSFORMATION($,$,#4832,#5049);
#12=ITEM_DEFINED_TRANSFORMATION($,$,#4851,#5050);
#13=ITEM_DEFINED_TRANSFORMATION($,$,#4851,#5051);
#14=ITEM_DEFINED_TRANSFORMATION($,$,#4886,#5052);
#15=(
REPRESENTATION_RELATIONSHIP($,$,#10102,#10101)
REPRESENTATION_RELATIONSHIP_WITH_TRANSFORMATION(#11)
SHAPE_REPRESENTATION_RELATIONSHIP()
);
#16=(
REPRESENTATION_RELATIONSHIP($,$,#10103,#10101)
REPRESENTATION_RELATIONSHIP_WITH_TRANSFORMATION(#12)
SHAPE_REPRESENTATION_RELATIONSHIP()
);
#17=(
REPRESENTATION_RELATIONSHIP($,$,#10103,#10101)
REPRESENTATION_RELATIONSHIP_WITH_TRANSFORMATION(#13)
SHAPE_REPRESENTATION_RELATIONSHIP()
);
#18=(
REPRESENTATION_RELATIONSHIP($,$,#10104,#10101)
REPRESENTATION_RELATIONSHIP_WITH_TRANSFORMATION(#14)
SHAPE_REPRESENTATION_RELATIONSHIP()
);
#19=CONTEXT_DEPENDENT_SHAPE_REPRESENTATION(#15,#10097);
#20=CONTEXT_DEPENDENT_SHAPE_REPRESENTATION(#16,#10098);
#21=CONTEXT_DEPENDENT_SHAPE_REPRESENTATION(#17,#10099);
#22=CONTEXT_DEPENDENT_SHAPE_REPRESENTATION(#18,#10100);
#23=NEXT_ASSEMBLY_USAGE_OCCURRENCE('body:1','body:1','body:1',#10106,#10107,
'body:1');
#24=NEXT_ASSEMBLY_USAGE_OCCURRENCE('side:1','side:1','side:1',#10106,#10108,
'side:1');
#25=NEXT_ASSEMBLY_USAGE_OCCURRENCE('side:2','side:2','side:2',#10106,#10108,
'side:2');
#26=NEXT_ASSEMBLY_USAGE_OCCURRENCE('Murata:1','Murata:1','Murata:1',#10106,
#10109,'Murata:1');
#27=FACE_BOUND('',#1016,.T.);
#28=FACE_BOUND('',#1017,.T.);
#29=FACE_BOUND('',#1018,.T.);
#30=FACE_BOUND('',#1020,.T.);
#31=FACE_BOUND('',#1021,.T.);
#32=FACE_BOUND('',#1022,.T.);
#33=B_SPLINE_CURVE_WITH_KNOTS('',3,(#6090,#6091,#6092,#6093,#6094,#6095,
#6096,#6097,#6098,#6099,#6100,#6101),.UNSPECIFIED.,.F.,.F.,(4,2,2,2,2,4),
(0.,0.00337676448486888,0.00676450507681088,0.0100634820800289,0.0116875956811274,
0.0133429835439687),.UNSPECIFIED.);
#34=B_SPLINE_CURVE_WITH_KNOTS('',3,(#6104,#6105,#6106,#6107,#6108,#6109,
#6110,#6111,#6112,#6113,#6114,#6115),.UNSPECIFIED.,.F.,.F.,(4,2,2,2,2,4),
(-0.0133429835439687,-0.0116875956811274,-0.0100634820800289,-0.00676450507681088,
-0.00337676448486888,0.),.UNSPECIFIED.);
#35=B_SPLINE_CURVE_WITH_KNOTS('',3,(#6143,#6144,#6145,#6146,#6147,#6148,
#6149,#6150,#6151,#6152),.UNSPECIFIED.,.F.,.F.,(4,2,2,2,4),(0.,0.00389182954786565,
0.0078016175382873,0.0116151220920317,0.015554115855645),.UNSPECIFIED.);
#36=B_SPLINE_CURVE_WITH_KNOTS('',3,(#6155,#6156,#6157,#6158,#6159,#6160,
#6161,#6162,#6163,#6164),.UNSPECIFIED.,.F.,.F.,(4,2,2,2,4),(-0.015554115855645,
-0.0116151220920317,-0.0078016175382873,-0.00389182954786565,0.),
 .UNSPECIFIED.);
#37=B_SPLINE_CURVE_WITH_KNOTS('',3,(#6208,#6209,#6210,#6211,#6212,#6213,
#6214,#6215,#6216,#6217),.UNSPECIFIED.,.F.,.F.,(4,2,2,2,4),(0.,0.000548150930720517,
0.0011034712569694,0.00165815757977839,0.00220513083376129),
 .UNSPECIFIED.);
#38=B_SPLINE_CURVE_WITH_KNOTS('',3,(#6218,#6219,#6220,#6221,#6222,#6223,
#6224,#6225,#6226,#6227),.UNSPECIFIED.,.F.,.F.,(4,2,2,2,4),(-0.00220513083376129,
-0.00165815757977839,-0.0011034712569694,-0.000548150930720517,0.),
 .UNSPECIFIED.);
#39=B_SPLINE_CURVE_WITH_KNOTS('',3,(#6250,#6251,#6252,#6253,#6254,#6255,
#6256,#6257,#6258,#6259),.UNSPECIFIED.,.F.,.F.,(4,2,2,2,4),(0.,0.00198954832202341,
0.00390671488669078,0.0058482620816508,0.0078183131867626),
 .UNSPECIFIED.);
#40=B_SPLINE_CURVE_WITH_KNOTS('',3,(#6263,#6264,#6265,#6266,#6267,#6268,
#6269,#6270,#6271,#6272),.UNSPECIFIED.,.F.,.F.,(4,2,2,2,4),(-0.0078183131867626,
-0.0058482620816508,-0.00390671488669078,-0.00198954832202341,0.),
 .UNSPECIFIED.);
#41=B_SPLINE_CURVE_WITH_KNOTS('',3,(#6289,#6290,#6291,#6292),
 .UNSPECIFIED.,.F.,.F.,(4,4),(0.,1.),.UNSPECIFIED.);
#42=B_SPLINE_CURVE_WITH_KNOTS('',3,(#6295,#6296,#6297,#6298),
 .UNSPECIFIED.,.F.,.F.,(4,4),(-1.,0.),.UNSPECIFIED.);
#43=B_SPLINE_CURVE_WITH_KNOTS('',3,(#6308,#6309,#6310,#6311),
 .UNSPECIFIED.,.F.,.F.,(4,4),(0.,1.),.UNSPECIFIED.);
#44=B_SPLINE_CURVE_WITH_KNOTS('',3,(#6314,#6315,#6316,#6317),
 .UNSPECIFIED.,.F.,.F.,(4,4),(-1.,0.),.UNSPECIFIED.);
#45=B_SPLINE_CURVE_WITH_KNOTS('',3,(#6345,#6346,#6347,#6348,#6349,#6350,
#6351,#6352,#6353,#6354),.UNSPECIFIED.,.F.,.F.,(4,2,2,2,4),(0.,0.00138812581495756,
0.00272612405943097,0.0040786509702885,0.00545119250383945),
 .UNSPECIFIED.);
#46=B_SPLINE_CURVE_WITH_KNOTS('',3,(#6357,#6358,#6359,#6360,#6361,#6362,
#6363,#6364,#6365,#6366),.UNSPECIFIED.,.F.,.F.,(4,2,2,2,4),(-0.00545119250383945,
-0.0040786509702885,-0.00272612405943097,-0.00138812581495756,0.),
 .UNSPECIFIED.);
#47=B_SPLINE_CURVE_WITH_KNOTS('',3,(#6398,#6399,#6400,#6401,#6402,#6403,
#6404,#6405,#6406,#6407,#6408,#6409),.UNSPECIFIED.,.F.,.F.,(4,2,2,2,2,4),
(0.,0.00112668315851172,0.00220609682971099,0.00327921402837643,0.0038162549823504,
0.00437301865213812),.UNSPECIFIED.);
#48=B_SPLINE_CURVE_WITH_KNOTS('',3,(#6412,#6413,#6414,#6415,#6416,#6417,
#6418,#6419,#6420,#6421,#6422,#6423),.UNSPECIFIED.,.F.,.F.,(4,2,2,2,2,4),
(-0.00437301865213812,-0.0038162549823504,-0.00327921402837643,-0.00220609682971099,
-0.00112668315851172,0.),.UNSPECIFIED.);
#49=B_SPLINE_CURVE_WITH_KNOTS('',3,(#6433,#6434,#6435,#6436),
 .UNSPECIFIED.,.F.,.F.,(4,4),(0.,1.),.UNSPECIFIED.);
#50=B_SPLINE_CURVE_WITH_KNOTS('',3,(#6439,#6440,#6441,#6442),
 .UNSPECIFIED.,.F.,.F.,(4,4),(-1.,0.),.UNSPECIFIED.);
#51=B_SPLINE_CURVE_WITH_KNOTS('',3,(#6468,#6469,#6470,#6471,#6472,#6473,
#6474,#6475,#6476,#6477),.UNSPECIFIED.,.F.,.F.,(4,2,2,2,4),(0.,0.00135042107800165,
0.00263056643932294,0.00389144254341839,0.00508758802282734),
 .UNSPECIFIED.);
#52=B_SPLINE_CURVE_WITH_KNOTS('',3,(#6481,#6482,#6483,#6484,#6485,#6486,
#6487,#6488,#6489,#6490),.UNSPECIFIED.,.F.,.F.,(4,2,2,2,4),(-0.00508758802282734,
-0.00389144254341839,-0.00263056643932294,-0.00135042107800165,0.),
 .UNSPECIFIED.);
#53=B_SPLINE_CURVE_WITH_KNOTS('',3,(#6523,#6524,#6525,#6526,#6527,#6528,
#6529,#6530,#6531,#6532,#6533,#6534),.UNSPECIFIED.,.F.,.F.,(4,2,2,2,2,4),
(0.,0.00109326077979827,0.00214417309243574,0.00319111329944682,0.00371136151308645,
0.00423632595873553),.UNSPECIFIED.);
#54=B_SPLINE_CURVE_WITH_KNOTS('',3,(#6537,#6538,#6539,#6540,#6541,#6542,
#6543,#6544,#6545,#6546,#6547,#6548),.UNSPECIFIED.,.F.,.F.,(4,2,2,2,2,4),
(-0.00423632595873553,-0.00371136151308645,-0.00319111329944682,-0.00214417309243574,
-0.00109326077979827,0.),.UNSPECIFIED.);
#55=B_SPLINE_CURVE_WITH_KNOTS('',3,(#6558,#6559,#6560,#6561),
 .UNSPECIFIED.,.F.,.F.,(4,4),(0.,1.),.UNSPECIFIED.);
#56=B_SPLINE_CURVE_WITH_KNOTS('',3,(#6564,#6565,#6566,#6567),
 .UNSPECIFIED.,.F.,.F.,(4,4),(-1.,0.),.UNSPECIFIED.);
#57=B_SPLINE_CURVE_WITH_KNOTS('',3,(#6595,#6596,#6597,#6598,#6599,#6600,
#6601,#6602,#6603,#6604),.UNSPECIFIED.,.F.,.F.,(4,2,2,2,4),(0.,0.00197882857985531,
0.00394726870720603,0.0059427357774494,0.00808304623669636),
 .UNSPECIFIED.);
#58=B_SPLINE_CURVE_WITH_KNOTS('',3,(#6607,#6608,#6609,#6610,#6611,#6612,
#6613,#6614,#6615,#6616),.UNSPECIFIED.,.F.,.F.,(4,2,2,2,4),(-0.00808304623669636,
-0.0059427357774494,-0.00394726870720603,-0.00197882857985531,0.),
 .UNSPECIFIED.);
#59=B_SPLINE_CURVE_WITH_KNOTS('',3,(#6648,#6649,#6650,#6651,#6652,#6653,
#6654,#6655,#6656,#6657,#6658,#6659),.UNSPECIFIED.,.F.,.F.,(4,2,2,2,2,4),
(0.,0.00030063913356016,0.000593437415025878,0.00114457034524688,0.00174060163389451,
0.00238894222020043),.UNSPECIFIED.);
#60=B_SPLINE_CURVE_WITH_KNOTS('',3,(#6662,#6663,#6664,#6665,#6666,#6667,
#6668,#6669,#6670,#6671,#6672,#6673),.UNSPECIFIED.,.F.,.F.,(4,2,2,2,2,4),
(-0.00238894222020043,-0.00174060163389451,-0.00114457034524688,-0.000593437415025878,
-0.00030063913356016,0.),.UNSPECIFIED.);
#61=B_SPLINE_CURVE_WITH_KNOTS('',3,(#6689,#6690,#6691,#6692),
 .UNSPECIFIED.,.F.,.F.,(4,4),(0.,1.),.UNSPECIFIED.);
#62=B_SPLINE_CURVE_WITH_KNOTS('',3,(#6695,#6696,#6697,#6698),
 .UNSPECIFIED.,.F.,.F.,(4,4),(-1.,0.),.UNSPECIFIED.);
#63=B_SPLINE_CURVE_WITH_KNOTS('',3,(#6738,#6739,#6740,#6741,#6742,#6743,
#6744,#6745,#6746,#6747),.UNSPECIFIED.,.F.,.F.,(4,2,2,2,4),(0.,0.000517332356899344,
0.00101972384746561,0.00151009872172217,0.00202416162985823),
 .UNSPECIFIED.);
#64=B_SPLINE_CURVE_WITH_KNOTS('',3,(#6749,#6750,#6751,#6752,#6753,#6754,
#6755,#6756,#6757,#6758),.UNSPECIFIED.,.F.,.F.,(4,2,2,2,4),(-0.00202416162985823,
-0.00151009872172217,-0.00101972384746561,-0.000517332356899344,0.),
 .UNSPECIFIED.);
#65=B_SPLINE_CURVE_WITH_KNOTS('',3,(#6801,#6802,#6803,#6804,#6805,#6806,
#6807,#6808,#6809,#6810,#6811,#6812,#6813,#6814,#6815,#6816,#6817,#6818),
 .UNSPECIFIED.,.F.,.F.,(4,2,2,2,2,2,2,2,4),(0.,2.24439914600638E-6,7.73713118414673E-6,
2.79249439556718E-5,0.000102512630480055,0.000372160048724902,0.00128249189152071,
0.00251728365045012,0.00394238019431312),.UNSPECIFIED.);
#66=B_SPLINE_CURVE_WITH_KNOTS('',3,(#6820,#6821,#6822,#6823,#6824,#6825,
#6826,#6827,#6828,#6829,#6830,#6831,#6832,#6833,#6834,#6835,#6836,#6837),
 .UNSPECIFIED.,.F.,.F.,(4,2,2,2,2,2,2,2,4),(-0.00394238019431312,-0.00251728365045012,
-0.00128249189152071,-0.000372160048724902,-0.000102512630480055,-2.79249439556718E-5,
-7.73713118414673E-6,-2.24439914600638E-6,0.),.UNSPECIFIED.);
#67=B_SPLINE_CURVE_WITH_KNOTS('',3,(#6848,#6849,#6850,#6851),
 .UNSPECIFIED.,.F.,.F.,(4,4),(0.,1.),.UNSPECIFIED.);
#68=B_SPLINE_CURVE_WITH_KNOTS('',3,(#6853,#6854,#6855,#6856),
 .UNSPECIFIED.,.F.,.F.,(4,4),(-1.,0.),.UNSPECIFIED.);
#69=B_SPLINE_CURVE_WITH_KNOTS('',3,(#6867,#6868,#6869,#6870),
 .UNSPECIFIED.,.F.,.F.,(4,4),(0.,1.),.UNSPECIFIED.);
#70=B_SPLINE_CURVE_WITH_KNOTS('',3,(#6872,#6873,#6874,#6875),
 .UNSPECIFIED.,.F.,.F.,(4,4),(-1.,0.),.UNSPECIFIED.);
#71=B_SPLINE_CURVE_WITH_KNOTS('',3,(#6909,#6910,#6911,#6912),
 .UNSPECIFIED.,.F.,.F.,(4,4),(0.,1.),.UNSPECIFIED.);
#72=B_SPLINE_CURVE_WITH_KNOTS('',3,(#6914,#6915,#6916,#6917),
 .UNSPECIFIED.,.F.,.F.,(4,4),(-1.,0.),.UNSPECIFIED.);
#73=B_SPLINE_CURVE_WITH_KNOTS('',3,(#6986,#6987,#6988,#6989,#6990,#6991,
#6992,#6993,#6994,#6995),.UNSPECIFIED.,.F.,.F.,(4,2,2,2,4),(0.,0.000552659443359721,
0.00110055581596946,0.00164822433213396,0.0021977221263036),
 .UNSPECIFIED.);
#74=B_SPLINE_CURVE_WITH_KNOTS('',3,(#6997,#6998,#6999,#7000,#7001,#7002,
#7003,#7004,#7005,#7006),.UNSPECIFIED.,.F.,.F.,(4,2,2,2,4),(-0.0021977221263036,
-0.00164822433213396,-0.00110055581596946,-0.000552659443359721,0.),
 .UNSPECIFIED.);
#75=B_SPLINE_CURVE_WITH_KNOTS('',3,(#7017,#7018,#7019,#7020),
 .UNSPECIFIED.,.F.,.F.,(4,4),(0.,1.),.UNSPECIFIED.);
#76=B_SPLINE_CURVE_WITH_KNOTS('',3,(#7022,#7023,#7024,#7025),
 .UNSPECIFIED.,.F.,.F.,(4,4),(-1.,0.),.UNSPECIFIED.);
#77=B_SPLINE_CURVE_WITH_KNOTS('',3,(#7036,#7037,#7038,#7039),
 .UNSPECIFIED.,.F.,.F.,(4,4),(0.,1.),.UNSPECIFIED.);
#78=B_SPLINE_CURVE_WITH_KNOTS('',3,(#7041,#7042,#7043,#7044),
 .UNSPECIFIED.,.F.,.F.,(4,4),(-1.,0.),.UNSPECIFIED.);
#79=B_SPLINE_CURVE_WITH_KNOTS('',3,(#7079,#7080,#7081,#7082,#7083,#7084,
#7085,#7086,#7087,#7088),.UNSPECIFIED.,.F.,.F.,(4,2,2,2,4),(0.,0.000547459931470115,
0.00110172517075783,0.00165409341162737,0.00220092448936434),
 .UNSPECIFIED.);
#80=B_SPLINE_CURVE_WITH_KNOTS('',3,(#7090,#7091,#7092,#7093,#7094,#7095,
#7096,#7097,#7098,#7099),.UNSPECIFIED.,.F.,.F.,(4,2,2,2,4),(-0.00220092448936434,
-0.00165409341162737,-0.00110172517075783,-0.000547459931470115,0.),
 .UNSPECIFIED.);
#81=B_SPLINE_CURVE_WITH_KNOTS('',3,(#7110,#7111,#7112,#7113),
 .UNSPECIFIED.,.F.,.F.,(4,4),(0.,1.),.UNSPECIFIED.);
#82=B_SPLINE_CURVE_WITH_KNOTS('',3,(#7115,#7116,#7117,#7118),
 .UNSPECIFIED.,.F.,.F.,(4,4),(-1.,0.),.UNSPECIFIED.);
#83=B_SPLINE_CURVE_WITH_KNOTS('',3,(#7163,#7164,#7165,#7166),
 .UNSPECIFIED.,.F.,.F.,(4,4),(0.,1.),.UNSPECIFIED.);
#84=B_SPLINE_CURVE_WITH_KNOTS('',3,(#7168,#7169,#7170,#7171),
 .UNSPECIFIED.,.F.,.F.,(4,4),(-1.,0.),.UNSPECIFIED.);
#85=B_SPLINE_CURVE_WITH_KNOTS('',3,(#7182,#7183,#7184,#7185),
 .UNSPECIFIED.,.F.,.F.,(4,4),(0.,1.),.UNSPECIFIED.);
#86=B_SPLINE_CURVE_WITH_KNOTS('',3,(#7187,#7188,#7189,#7190),
 .UNSPECIFIED.,.F.,.F.,(4,4),(-1.,0.),.UNSPECIFIED.);
#87=B_SPLINE_CURVE_WITH_KNOTS('',3,(#7213,#7214,#7215,#7216,#7217,#7218,
#7219,#7220,#7221,#7222),.UNSPECIFIED.,.F.,.F.,(4,2,2,2,4),(0.,0.00225212482897218,
0.00441908676051864,0.00659892750801547,0.00884148291033044),
 .UNSPECIFIED.);
#88=B_SPLINE_CURVE_WITH_KNOTS('',3,(#7224,#7225,#7226,#7227,#7228,#7229,
#7230,#7231,#7232,#7233),.UNSPECIFIED.,.F.,.F.,(4,2,2,2,4),(-0.00884148291033044,
-0.00659892750801547,-0.00441908676051864,-0.00225212482897218,0.),
 .UNSPECIFIED.);
#89=B_SPLINE_CURVE_WITH_KNOTS('',3,(#7262,#7263,#7264,#7265,#7266,#7267,
#7268,#7269,#7270,#7271),.UNSPECIFIED.,.F.,.F.,(4,2,2,2,4),(0.,0.000555768472498965,
0.0011065222314817,0.00165786555605477,0.00221140258272115),
 .UNSPECIFIED.);
#90=B_SPLINE_CURVE_WITH_KNOTS('',3,(#7273,#7274,#7275,#7276,#7277,#7278,
#7279,#7280,#7281,#7282),.UNSPECIFIED.,.F.,.F.,(4,2,2,2,4),(-0.00221140258272115,
-0.00165786555605477,-0.0011065222314817,-0.000555768472498965,0.),
 .UNSPECIFIED.);
#91=B_SPLINE_CURVE_WITH_KNOTS('',3,(#7293,#7294,#7295,#7296),
 .UNSPECIFIED.,.F.,.F.,(4,4),(0.,1.),.UNSPECIFIED.);
#92=B_SPLINE_CURVE_WITH_KNOTS('',3,(#7298,#7299,#7300,#7301),
 .UNSPECIFIED.,.F.,.F.,(4,4),(-1.,0.),.UNSPECIFIED.);
#93=B_SPLINE_CURVE_WITH_KNOTS('',3,(#7323,#7324,#7325,#7326),
 .UNSPECIFIED.,.F.,.F.,(4,4),(0.,1.),.UNSPECIFIED.);
#94=B_SPLINE_CURVE_WITH_KNOTS('',3,(#7328,#7329,#7330,#7331),
 .UNSPECIFIED.,.F.,.F.,(4,4),(-1.,0.),.UNSPECIFIED.);
#95=B_SPLINE_CURVE_WITH_KNOTS('',3,(#7366,#7367,#7368,#7369,#7370,#7371,
#7372,#7373,#7374,#7375),.UNSPECIFIED.,.F.,.F.,(4,2,2,2,4),(0.,0.00054764361057442,
0.00110281525244543,0.00165556554661175,0.00220190538037732),
 .UNSPECIFIED.);
#96=B_SPLINE_CURVE_WITH_KNOTS('',3,(#7377,#7378,#7379,#7380,#7381,#7382,
#7383,#7384,#7385,#7386),.UNSPECIFIED.,.F.,.F.,(4,2,2,2,4),(-0.00220190538037732,
-0.00165556554661175,-0.00110281525244543,-0.00054764361057442,0.),
 .UNSPECIFIED.);
#97=B_SPLINE_CURVE_WITH_KNOTS('',3,(#7426,#7427,#7428,#7429),
 .UNSPECIFIED.,.F.,.F.,(4,4),(0.,1.),.UNSPECIFIED.);
#98=B_SPLINE_CURVE_WITH_KNOTS('',3,(#7431,#7432,#7433,#7434),
 .UNSPECIFIED.,.F.,.F.,(4,4),(-1.,0.),.UNSPECIFIED.);
#99=B_SPLINE_CURVE_WITH_KNOTS('',3,(#7461,#7462,#7463,#7464,#7465,#7466,
#7467,#7468,#7469,#7470,#7471,#7472),.UNSPECIFIED.,.F.,.F.,(4,2,2,2,2,4),
(0.,0.000563337265133732,0.00111446028084572,0.00221270403901058,0.0033965041875384,
0.00449589172364908),.UNSPECIFIED.);
#100=B_SPLINE_CURVE_WITH_KNOTS('',3,(#7474,#7475,#7476,#7477,#7478,#7479,
#7480,#7481,#7482,#7483,#7484,#7485),.UNSPECIFIED.,.F.,.F.,(4,2,2,2,2,4),
(-0.00449589172364908,-0.0033965041875384,-0.00221270403901058,-0.00111446028084572,
-0.000563337265133732,0.),.UNSPECIFIED.);
#101=B_SPLINE_CURVE_WITH_KNOTS('',3,(#7517,#7518,#7519,#7520),
 .UNSPECIFIED.,.F.,.F.,(4,4),(0.,1.),.UNSPECIFIED.);
#102=B_SPLINE_CURVE_WITH_KNOTS('',3,(#7522,#7523,#7524,#7525),
 .UNSPECIFIED.,.F.,.F.,(4,4),(-1.,0.),.UNSPECIFIED.);
#103=B_SPLINE_CURVE_WITH_KNOTS('',3,(#7536,#7537,#7538,#7539),
 .UNSPECIFIED.,.F.,.F.,(4,4),(0.,1.),.UNSPECIFIED.);
#104=B_SPLINE_CURVE_WITH_KNOTS('',3,(#7541,#7542,#7543,#7544),
 .UNSPECIFIED.,.F.,.F.,(4,4),(-1.,0.),.UNSPECIFIED.);
#105=B_SPLINE_CURVE_WITH_KNOTS('',3,(#7573,#7574,#7575,#7576),
 .UNSPECIFIED.,.F.,.F.,(4,4),(0.,1.),.UNSPECIFIED.);
#106=B_SPLINE_CURVE_WITH_KNOTS('',3,(#7578,#7579,#7580,#7581),
 .UNSPECIFIED.,.F.,.F.,(4,4),(-1.,0.),.UNSPECIFIED.);
#107=B_SPLINE_CURVE_WITH_KNOTS('',3,(#7609,#7610,#7611,#7612),
 .UNSPECIFIED.,.F.,.F.,(4,4),(0.,1.),.UNSPECIFIED.);
#108=B_SPLINE_CURVE_WITH_KNOTS('',3,(#7614,#7615,#7616,#7617),
 .UNSPECIFIED.,.F.,.F.,(4,4),(-1.,0.),.UNSPECIFIED.);
#109=B_SPLINE_CURVE_WITH_KNOTS('',3,(#7640,#7641,#7642,#7643,#7644,#7645,
#7646,#7647,#7648,#7649),.UNSPECIFIED.,.F.,.F.,(4,2,2,2,4),(0.,0.0011013814986138,
0.00220730399351989,0.0033133818928149,0.00441709020887915),
 .UNSPECIFIED.);
#110=B_SPLINE_CURVE_WITH_KNOTS('',3,(#7651,#7652,#7653,#7654,#7655,#7656,
#7657,#7658,#7659,#7660),.UNSPECIFIED.,.F.,.F.,(4,2,2,2,4),(-0.00441709020887915,
-0.0033133818928149,-0.00220730399351989,-0.0011013814986138,0.),
 .UNSPECIFIED.);
#111=B_SPLINE_CURVE_WITH_KNOTS('',3,(#7706,#7707,#7708,#7709,#7710,#7711,
#7712,#7713,#7714,#7715),.UNSPECIFIED.,.F.,.F.,(4,2,2,2,4),(0.,0.00265659754845989,
0.00525679840681913,0.00786361950248809,0.0105917556473644),
 .UNSPECIFIED.);
#112=B_SPLINE_CURVE_WITH_KNOTS('',3,(#7717,#7718,#7719,#7720,#7721,#7722,
#7723,#7724,#7725,#7726),.UNSPECIFIED.,.F.,.F.,(4,2,2,2,4),(-0.0105917556473644,
-0.00786361950248809,-0.00525679840681913,-0.00265659754845989,0.),
 .UNSPECIFIED.);
#113=B_SPLINE_CURVE_WITH_KNOTS('',3,(#7761,#7762,#7763,#7764,#7765,#7766,
#7767,#7768,#7769,#7770),.UNSPECIFIED.,.F.,.F.,(4,2,2,2,4),(0.,0.000553938118995512,
0.00110119730174773,0.00164798011720515,0.00219828708547346),
 .UNSPECIFIED.);
#114=B_SPLINE_CURVE_WITH_KNOTS('',3,(#7772,#7773,#7774,#7775,#7776,#7777,
#7778,#7779,#7780,#7781),.UNSPECIFIED.,.F.,.F.,(4,2,2,2,4),(-0.00219828708547346,
-0.00164798011720515,-0.00110119730174773,-0.000553938118995512,0.),
 .UNSPECIFIED.);
#115=B_SPLINE_CURVE_WITH_KNOTS('',3,(#7792,#7793,#7794,#7795),
 .UNSPECIFIED.,.F.,.F.,(4,4),(0.,1.),.UNSPECIFIED.);
#116=B_SPLINE_CURVE_WITH_KNOTS('',3,(#7797,#7798,#7799,#7800),
 .UNSPECIFIED.,.F.,.F.,(4,4),(-1.,0.),.UNSPECIFIED.);
#117=B_SPLINE_CURVE_WITH_KNOTS('',3,(#7811,#7812,#7813,#7814),
 .UNSPECIFIED.,.F.,.F.,(4,4),(0.,1.),.UNSPECIFIED.);
#118=B_SPLINE_CURVE_WITH_KNOTS('',3,(#7816,#7817,#7818,#7819),
 .UNSPECIFIED.,.F.,.F.,(4,4),(-1.,0.),.UNSPECIFIED.);
#119=B_SPLINE_CURVE_WITH_KNOTS('',3,(#7850,#7851,#7852,#7853,#7854,#7855,
#7856,#7857,#7858,#7859,#7860,#7861,#7862,#7863),.UNSPECIFIED.,.F.,.F.,
(4,2,2,2,2,2,4),(0.,0.000294444444238135,0.000578187114612376,0.00105494999179099,
0.00160299344045044,0.00191724844373126,0.00223202161860103),
 .UNSPECIFIED.);
#120=B_SPLINE_CURVE_WITH_KNOTS('',3,(#7865,#7866,#7867,#7868,#7869,#7870,
#7871,#7872,#7873,#7874,#7875,#7876,#7877,#7878),.UNSPECIFIED.,.F.,.F.,
(4,2,2,2,2,2,4),(-0.00223202161860103,-0.00191724844373126,-0.00160299344045044,
-0.00105494999179099,-0.000578187114612376,-0.000294444444238135,0.),
 .UNSPECIFIED.);
#121=B_SPLINE_CURVE_WITH_KNOTS('',3,(#7907,#7908,#7909,#7910),
 .UNSPECIFIED.,.F.,.F.,(4,4),(0.,1.),.UNSPECIFIED.);
#122=B_SPLINE_CURVE_WITH_KNOTS('',3,(#7912,#7913,#7914,#7915),
 .UNSPECIFIED.,.F.,.F.,(4,4),(-1.,0.),.UNSPECIFIED.);
#123=B_SPLINE_CURVE_WITH_KNOTS('',3,(#7956,#7957,#7958,#7959,#7960,#7961,
#7962,#7963,#7964,#7965),.UNSPECIFIED.,.F.,.F.,(4,2,2,2,4),(0.,0.000545979117440464,
0.00110314512742406,0.0016579725983169,0.00220185596421348),
 .UNSPECIFIED.);
#124=B_SPLINE_CURVE_WITH_KNOTS('',3,(#7967,#7968,#7969,#7970,#7971,#7972,
#7973,#7974,#7975,#7976),.UNSPECIFIED.,.F.,.F.,(4,2,2,2,4),(-0.00220185596421348,
-0.0016579725983169,-0.00110314512742406,-0.000545979117440464,0.),
 .UNSPECIFIED.);
#125=B_SPLINE_CURVE_WITH_KNOTS('',3,(#7987,#7988,#7989,#7990),
 .UNSPECIFIED.,.F.,.F.,(4,4),(0.,1.),.UNSPECIFIED.);
#126=B_SPLINE_CURVE_WITH_KNOTS('',3,(#7992,#7993,#7994,#7995),
 .UNSPECIFIED.,.F.,.F.,(4,4),(-1.,0.),.UNSPECIFIED.);
#127=B_SPLINE_CURVE_WITH_KNOTS('',3,(#8006,#8007,#8008,#8009),
 .UNSPECIFIED.,.F.,.F.,(4,4),(0.,1.),.UNSPECIFIED.);
#128=B_SPLINE_CURVE_WITH_KNOTS('',3,(#8011,#8012,#8013,#8014),
 .UNSPECIFIED.,.F.,.F.,(4,4),(-1.,0.),.UNSPECIFIED.);
#129=B_SPLINE_CURVE_WITH_KNOTS('',3,(#8037,#8038,#8039,#8040,#8041,#8042,
#8043,#8044,#8045,#8046),.UNSPECIFIED.,.F.,.F.,(4,2,2,2,4),(0.,0.000546624652551435,
0.00110073767128454,0.00165726252669647,0.00220585071510473),
 .UNSPECIFIED.);
#130=B_SPLINE_CURVE_WITH_KNOTS('',3,(#8048,#8049,#8050,#8051,#8052,#8053,
#8054,#8055,#8056,#8057),.UNSPECIFIED.,.F.,.F.,(4,2,2,2,4),(-0.00220585071510473,
-0.00165726252669647,-0.00110073767128454,-0.000546624652551435,0.),
 .UNSPECIFIED.);
#131=B_SPLINE_CURVE_WITH_KNOTS('',3,(#8091,#8092,#8093,#8094),
 .UNSPECIFIED.,.F.,.F.,(4,4),(0.,1.),.UNSPECIFIED.);
#132=B_SPLINE_CURVE_WITH_KNOTS('',3,(#8096,#8097,#8098,#8099),
 .UNSPECIFIED.,.F.,.F.,(4,4),(-1.,0.),.UNSPECIFIED.);
#133=B_SPLINE_CURVE_WITH_KNOTS('',3,(#8139,#8140,#8141,#8142),
 .UNSPECIFIED.,.F.,.F.,(4,4),(0.,1.),.UNSPECIFIED.);
#134=B_SPLINE_CURVE_WITH_KNOTS('',3,(#8144,#8145,#8146,#8147),
 .UNSPECIFIED.,.F.,.F.,(4,4),(-1.,0.),.UNSPECIFIED.);
#135=B_SPLINE_CURVE_WITH_KNOTS('',3,(#8158,#8159,#8160,#8161),
 .UNSPECIFIED.,.F.,.F.,(4,4),(0.,1.),.UNSPECIFIED.);
#136=B_SPLINE_CURVE_WITH_KNOTS('',3,(#8163,#8164,#8165,#8166),
 .UNSPECIFIED.,.F.,.F.,(4,4),(-1.,0.),.UNSPECIFIED.);
#137=B_SPLINE_CURVE_WITH_KNOTS('',3,(#8206,#8207,#8208,#8209,#8210,#8211,
#8212,#8213,#8214,#8215),.UNSPECIFIED.,.F.,.F.,(4,2,2,2,4),(0.,0.00139353959794938,
0.00273633292281936,0.00409480504128782,0.0054711963675104),
 .UNSPECIFIED.);
#138=B_SPLINE_CURVE_WITH_KNOTS('',3,(#8217,#8218,#8219,#8220,#8221,#8222,
#8223,#8224,#8225,#8226),.UNSPECIFIED.,.F.,.F.,(4,2,2,2,4),(-0.0054711963675104,
-0.00409480504128782,-0.00273633292281936,-0.00139353959794938,0.),
 .UNSPECIFIED.);
#139=B_SPLINE_CURVE_WITH_KNOTS('',3,(#8237,#8238,#8239,#8240),
 .UNSPECIFIED.,.F.,.F.,(4,4),(0.,1.),.UNSPECIFIED.);
#140=B_SPLINE_CURVE_WITH_KNOTS('',3,(#8242,#8243,#8244,#8245),
 .UNSPECIFIED.,.F.,.F.,(4,4),(-1.,0.),.UNSPECIFIED.);
#141=B_SPLINE_CURVE_WITH_KNOTS('',3,(#8268,#8269,#8270,#8271,#8272,#8273,
#8274,#8275,#8276,#8277),.UNSPECIFIED.,.F.,.F.,(4,2,2,2,4),(0.,0.000555203237047208,
0.00111114795343648,0.0016646621001607,0.00220643281969646),
 .UNSPECIFIED.);
#142=B_SPLINE_CURVE_WITH_KNOTS('',3,(#8279,#8280,#8281,#8282,#8283,#8284,
#8285,#8286,#8287,#8288),.UNSPECIFIED.,.F.,.F.,(4,2,2,2,4),(-0.00220643281969646,
-0.0016646621001607,-0.00111114795343648,-0.000555203237047208,0.),
 .UNSPECIFIED.);
#143=B_SPLINE_CURVE_WITH_KNOTS('',3,(#8333,#8334,#8335,#8336),
 .UNSPECIFIED.,.F.,.F.,(4,4),(0.,1.),.UNSPECIFIED.);
#144=B_SPLINE_CURVE_WITH_KNOTS('',3,(#8338,#8339,#8340,#8341),
 .UNSPECIFIED.,.F.,.F.,(4,4),(-1.,0.),.UNSPECIFIED.);
#145=B_SPLINE_CURVE_WITH_KNOTS('',3,(#8364,#8365,#8366,#8367,#8368,#8369,
#8370,#8371,#8372,#8373),.UNSPECIFIED.,.F.,.F.,(4,2,2,2,4),(0.,0.000399316629838256,
0.00078762738580314,0.00120012116003769,0.00161213586708037),
 .UNSPECIFIED.);
#146=B_SPLINE_CURVE_WITH_KNOTS('',3,(#8375,#8376,#8377,#8378,#8379,#8380,
#8381,#8382,#8383,#8384),.UNSPECIFIED.,.F.,.F.,(4,2,2,2,4),(-0.00161213586708037,
-0.00120012116003769,-0.00078762738580314,-0.000399316629838256,0.),
 .UNSPECIFIED.);
#147=B_SPLINE_CURVE_WITH_KNOTS('',3,(#8424,#8425,#8426,#8427,#8428,#8429,
#8430,#8431,#8432,#8433),.UNSPECIFIED.,.F.,.F.,(4,2,2,2,4),(0.,0.00209592528000359,
0.00411141141214296,0.00619851107098351,0.00833099333237928),
 .UNSPECIFIED.);
#148=B_SPLINE_CURVE_WITH_KNOTS('',3,(#8435,#8436,#8437,#8438,#8439,#8440,
#8441,#8442,#8443,#8444),.UNSPECIFIED.,.F.,.F.,(4,2,2,2,4),(-0.00833099333237928,
-0.00619851107098351,-0.00411141141214296,-0.00209592528000359,0.),
 .UNSPECIFIED.);
#149=B_SPLINE_CURVE_WITH_KNOTS('',3,(#8466,#8467,#8468,#8469),
 .UNSPECIFIED.,.F.,.F.,(4,4),(0.,1.),.UNSPECIFIED.);
#150=B_SPLINE_CURVE_WITH_KNOTS('',3,(#8471,#8472,#8473,#8474),
 .UNSPECIFIED.,.F.,.F.,(4,4),(-1.,0.),.UNSPECIFIED.);
#151=B_SPLINE_CURVE_WITH_KNOTS('',3,(#8520,#8521,#8522,#8523,#8524,#8525,
#8526,#8527,#8528,#8529),.UNSPECIFIED.,.F.,.F.,(4,2,2,2,4),(0.,0.0020900229095119,
0.00410367606173568,0.00618188671307982,0.00829682593157422),
 .UNSPECIFIED.);
#152=B_SPLINE_CURVE_WITH_KNOTS('',3,(#8531,#8532,#8533,#8534,#8535,#8536,
#8537,#8538,#8539,#8540),.UNSPECIFIED.,.F.,.F.,(4,2,2,2,4),(-0.00829682593157422,
-0.00618188671307982,-0.00410367606173568,-0.0020900229095119,0.),
 .UNSPECIFIED.);
#153=B_SPLINE_CURVE_WITH_KNOTS('',3,(#8563,#8564,#8565,#8566,#8567,#8568,
#8569,#8570,#8571,#8572),.UNSPECIFIED.,.F.,.F.,(4,2,2,2,4),(0.,0.000493197582843691,
0.000981420925045329,0.00146202544060663,0.00195285652557738),
 .UNSPECIFIED.);
#154=B_SPLINE_CURVE_WITH_KNOTS('',3,(#8574,#8575,#8576,#8577,#8578,#8579,
#8580,#8581,#8582,#8583),.UNSPECIFIED.,.F.,.F.,(4,2,2,2,4),(-0.00195285652557738,
-0.00146202544060663,-0.000981420925045329,-0.000493197582843691,0.),
 .UNSPECIFIED.);
#155=B_SPLINE_CURVE_WITH_KNOTS('',3,(#8594,#8595,#8596,#8597),
 .UNSPECIFIED.,.F.,.F.,(4,4),(0.,1.),.UNSPECIFIED.);
#156=B_SPLINE_CURVE_WITH_KNOTS('',3,(#8599,#8600,#8601,#8602),
 .UNSPECIFIED.,.F.,.F.,(4,4),(-1.,0.),.UNSPECIFIED.);
#157=B_SPLINE_CURVE_WITH_KNOTS('',3,(#8636,#8637,#8638,#8639),
 .UNSPECIFIED.,.F.,.F.,(4,4),(0.,1.),.UNSPECIFIED.);
#158=B_SPLINE_CURVE_WITH_KNOTS('',3,(#8641,#8642,#8643,#8644),
 .UNSPECIFIED.,.F.,.F.,(4,4),(-1.,0.),.UNSPECIFIED.);
#159=B_SPLINE_CURVE_WITH_KNOTS('',3,(#8655,#8656,#8657,#8658),
 .UNSPECIFIED.,.F.,.F.,(4,4),(0.,1.),.UNSPECIFIED.);
#160=B_SPLINE_CURVE_WITH_KNOTS('',3,(#8660,#8661,#8662,#8663),
 .UNSPECIFIED.,.F.,.F.,(4,4),(-1.,0.),.UNSPECIFIED.);
#161=B_SPLINE_CURVE_WITH_KNOTS('',3,(#8680,#8681,#8682,#8683),
 .UNSPECIFIED.,.F.,.F.,(4,4),(0.,1.),.UNSPECIFIED.);
#162=B_SPLINE_CURVE_WITH_KNOTS('',3,(#8685,#8686,#8687,#8688),
 .UNSPECIFIED.,.F.,.F.,(4,4),(-1.,0.),.UNSPECIFIED.);
#163=B_SPLINE_CURVE_WITH_KNOTS('',3,(#8711,#8712,#8713,#8714,#8715,#8716,
#8717,#8718,#8719,#8720),.UNSPECIFIED.,.F.,.F.,(4,2,2,2,4),(0.,0.00110033112713627,
0.00220926832380619,0.0033182162875376,0.00441495234954567),
 .UNSPECIFIED.);
#164=B_SPLINE_CURVE_WITH_KNOTS('',3,(#8722,#8723,#8724,#8725,#8726,#8727,
#8728,#8729,#8730,#8731),.UNSPECIFIED.,.F.,.F.,(4,2,2,2,4),(-0.00441495234954567,
-0.0033182162875376,-0.00220926832380619,-0.00110033112713627,0.),
 .UNSPECIFIED.);
#165=B_SPLINE_CURVE_WITH_KNOTS('',3,(#8787,#8788,#8789,#8790,#8791,#8792,
#8793,#8794,#8795,#8796,#8797,#8798,#8799,#8800,#8801,#8802),
 .UNSPECIFIED.,.F.,.F.,(4,2,2,2,2,2,2,4),(0.,6.99915091328246E-6,2.71991905996484E-5,
0.000101831869426337,0.000371633716131717,0.00128239939736978,0.0025175684486593,
0.0039428410255375),.UNSPECIFIED.);
#166=B_SPLINE_CURVE_WITH_KNOTS('',3,(#8804,#8805,#8806,#8807,#8808,#8809,
#8810,#8811,#8812,#8813,#8814,#8815,#8816,#8817,#8818,#8819),
 .UNSPECIFIED.,.F.,.F.,(4,2,2,2,2,2,2,4),(-0.0039428410255375,-0.0025175684486593,
-0.00128239939736978,-0.000371633716131717,-0.000101831869426337,-2.71991905996484E-5,
-6.99915091328246E-6,0.),.UNSPECIFIED.);
#167=B_SPLINE_CURVE_WITH_KNOTS('',3,(#8830,#8831,#8832,#8833),
 .UNSPECIFIED.,.F.,.F.,(4,4),(0.,1.),.UNSPECIFIED.);
#168=B_SPLINE_CURVE_WITH_KNOTS('',3,(#8835,#8836,#8837,#8838),
 .UNSPECIFIED.,.F.,.F.,(4,4),(-1.,0.),.UNSPECIFIED.);
#169=B_SPLINE_CURVE_WITH_KNOTS('',3,(#8855,#8856,#8857,#8858),
 .UNSPECIFIED.,.F.,.F.,(4,4),(0.,1.),.UNSPECIFIED.);
#170=B_SPLINE_CURVE_WITH_KNOTS('',3,(#8860,#8861,#8862,#8863),
 .UNSPECIFIED.,.F.,.F.,(4,4),(-1.,0.),.UNSPECIFIED.);
#171=B_SPLINE_CURVE_WITH_KNOTS('',3,(#8874,#8875,#8876,#8877),
 .UNSPECIFIED.,.F.,.F.,(4,4),(0.,1.),.UNSPECIFIED.);
#172=B_SPLINE_CURVE_WITH_KNOTS('',3,(#8879,#8880,#8881,#8882),
 .UNSPECIFIED.,.F.,.F.,(4,4),(-1.,0.),.UNSPECIFIED.);
#173=B_SPLINE_CURVE_WITH_KNOTS('',3,(#8893,#8894,#8895,#8896),
 .UNSPECIFIED.,.F.,.F.,(4,4),(0.,1.),.UNSPECIFIED.);
#174=B_SPLINE_CURVE_WITH_KNOTS('',3,(#8898,#8899,#8900,#8901),
 .UNSPECIFIED.,.F.,.F.,(4,4),(-1.,0.),.UNSPECIFIED.);
#175=B_SPLINE_CURVE_WITH_KNOTS('',3,(#8928,#8929,#8930,#8931,#8932,#8933,
#8934,#8935,#8936,#8937,#8938,#8939),.UNSPECIFIED.,.F.,.F.,(4,2,2,2,2,4),
(0.,0.000148746208673933,0.00029311687513538,0.000586022433299185,0.000971585147197475,
0.00134873302046772),.UNSPECIFIED.);
#176=B_SPLINE_CURVE_WITH_KNOTS('',3,(#8941,#8942,#8943,#8944,#8945,#8946,
#8947,#8948,#8949,#8950,#8951,#8952),.UNSPECIFIED.,.F.,.F.,(4,2,2,2,2,4),
(-0.00134873302046772,-0.000971585147197475,-0.000586022433299185,-0.00029311687513538,
-0.000148746208673933,0.),.UNSPECIFIED.);
#177=B_SPLINE_CURVE_WITH_KNOTS('',3,(#8963,#8964,#8965,#8966),
 .UNSPECIFIED.,.F.,.F.,(4,4),(0.,1.),.UNSPECIFIED.);
#178=B_SPLINE_CURVE_WITH_KNOTS('',3,(#8968,#8969,#8970,#8971),
 .UNSPECIFIED.,.F.,.F.,(4,4),(-1.,0.),.UNSPECIFIED.);
#179=B_SPLINE_CURVE_WITH_KNOTS('',3,(#8982,#8983,#8984,#8985),
 .UNSPECIFIED.,.F.,.F.,(4,4),(0.,1.),.UNSPECIFIED.);
#180=B_SPLINE_CURVE_WITH_KNOTS('',3,(#8987,#8988,#8989,#8990),
 .UNSPECIFIED.,.F.,.F.,(4,4),(-1.,0.),.UNSPECIFIED.);
#181=B_SPLINE_CURVE_WITH_KNOTS('',3,(#9013,#9014,#9015,#9016),
 .UNSPECIFIED.,.F.,.F.,(4,4),(0.,1.),.UNSPECIFIED.);
#182=B_SPLINE_CURVE_WITH_KNOTS('',3,(#9018,#9019,#9020,#9021),
 .UNSPECIFIED.,.F.,.F.,(4,4),(-1.,0.),.UNSPECIFIED.);
#183=B_SPLINE_CURVE_WITH_KNOTS('',3,(#9032,#9033,#9034,#9035),
 .UNSPECIFIED.,.F.,.F.,(4,4),(0.,1.),.UNSPECIFIED.);
#184=B_SPLINE_CURVE_WITH_KNOTS('',3,(#9037,#9038,#9039,#9040),
 .UNSPECIFIED.,.F.,.F.,(4,4),(-1.,0.),.UNSPECIFIED.);
#185=B_SPLINE_CURVE_WITH_KNOTS('',3,(#9069,#9070,#9071,#9072),
 .UNSPECIFIED.,.F.,.F.,(4,4),(0.,1.),.UNSPECIFIED.);
#186=B_SPLINE_CURVE_WITH_KNOTS('',3,(#9074,#9075,#9076,#9077),
 .UNSPECIFIED.,.F.,.F.,(4,4),(-1.,0.),.UNSPECIFIED.);
#187=B_SPLINE_CURVE_WITH_KNOTS('',3,(#9104,#9105,#9106,#9107,#9108,#9109,
#9110,#9111,#9112,#9113,#9114,#9115),.UNSPECIFIED.,.F.,.F.,(4,2,2,2,2,4),
(0.,0.00108673226632884,0.0021309484333878,0.00303903658787823,0.00352217674067798,
0.00401508028724961),.UNSPECIFIED.);
#188=B_SPLINE_CURVE_WITH_KNOTS('',3,(#9117,#9118,#9119,#9120,#9121,#9122,
#9123,#9124,#9125,#9126,#9127,#9128),.UNSPECIFIED.,.F.,.F.,(4,2,2,2,2,4),
(-0.00401508028724961,-0.00352217674067798,-0.00303903658787823,-0.0021309484333878,
-0.00108673226632884,0.),.UNSPECIFIED.);
#189=B_SPLINE_CURVE_WITH_KNOTS('',3,(#9157,#9158,#9159,#9160,#9161,#9162,
#9163,#9164,#9165,#9166),.UNSPECIFIED.,.F.,.F.,(4,2,2,2,4),(0.,0.0010005101598438,
0.00199288732715542,0.00304936175380235,0.00415836571685226),
 .UNSPECIFIED.);
#190=B_SPLINE_CURVE_WITH_KNOTS('',3,(#9168,#9169,#9170,#9171,#9172,#9173,
#9174,#9175,#9176,#9177),.UNSPECIFIED.,.F.,.F.,(4,2,2,2,4),(-0.00415836571685226,
-0.00304936175380235,-0.00199288732715542,-0.0010005101598438,0.),
 .UNSPECIFIED.);
#191=B_SPLINE_CURVE_WITH_KNOTS('',3,(#9218,#9219,#9220,#9221,#9222,#9223,
#9224,#9225,#9226,#9227),.UNSPECIFIED.,.F.,.F.,(4,2,2,2,4),(0.,0.000546486754226678,
0.00110328844232969,0.0016578265857554,0.00220207969606002),
 .UNSPECIFIED.);
#192=B_SPLINE_CURVE_WITH_KNOTS('',3,(#9229,#9230,#9231,#9232,#9233,#9234,
#9235,#9236,#9237,#9238),.UNSPECIFIED.,.F.,.F.,(4,2,2,2,4),(-0.00220207969606002,
-0.0016578265857554,-0.00110328844232969,-0.000546486754226678,0.),
 .UNSPECIFIED.);
#193=B_SPLINE_CURVE_WITH_KNOTS('',3,(#9249,#9250,#9251,#9252),
 .UNSPECIFIED.,.F.,.F.,(4,4),(0.,1.),.UNSPECIFIED.);
#194=B_SPLINE_CURVE_WITH_KNOTS('',3,(#9254,#9255,#9256,#9257),
 .UNSPECIFIED.,.F.,.F.,(4,4),(-1.,0.),.UNSPECIFIED.);
#195=B_SPLINE_CURVE_WITH_KNOTS('',3,(#9288,#9289,#9290,#9291,#9292,#9293,
#9294,#9295,#9296,#9297,#9298,#9299,#9300,#9301),.UNSPECIFIED.,.F.,.F.,
(4,2,2,2,2,2,4),(0.,0.000569467822927398,0.00112047431697475,0.00217057780021176,
0.0032718902501736,0.00384668741058228,0.00443324883074788),
 .UNSPECIFIED.);
#196=B_SPLINE_CURVE_WITH_KNOTS('',3,(#9303,#9304,#9305,#9306,#9307,#9308,
#9309,#9310,#9311,#9312,#9313,#9314,#9315,#9316),.UNSPECIFIED.,.F.,.F.,
(4,2,2,2,2,2,4),(-0.00443324883074788,-0.00384668741058228,-0.0032718902501736,
-0.00217057780021176,-0.00112047431697475,-0.000569467822927398,0.),
 .UNSPECIFIED.);
#197=B_SPLINE_CURVE_WITH_KNOTS('',3,(#9345,#9346,#9347,#9348,#9349,#9350,
#9351,#9352,#9353,#9354),.UNSPECIFIED.,.F.,.F.,(4,2,2,2,4),(0.,0.00138959463582952,
0.0027283781833297,0.00408150095887231,0.0054516910104887),
 .UNSPECIFIED.);
#198=B_SPLINE_CURVE_WITH_KNOTS('',3,(#9356,#9357,#9358,#9359,#9360,#9361,
#9362,#9363,#9364,#9365),.UNSPECIFIED.,.F.,.F.,(4,2,2,2,4),(-0.0054516910104887,
-0.00408150095887231,-0.0027283781833297,-0.00138959463582952,0.),
 .UNSPECIFIED.);
#199=B_SPLINE_CURVE_WITH_KNOTS('',3,(#9404,#9405,#9406,#9407,#9408,#9409,
#9410,#9411,#9412,#9413,#9414,#9415,#9416,#9417,#9418,#9419,#9420,#9421,
#9422,#9423),.UNSPECIFIED.,.F.,.F.,(4,2,2,2,2,2,2,2,2,4),(-0.0237438457554863,
-0.0237427353972712,-0.023739538934297,-0.0237271552043575,-0.0236793298450112,
-0.0234959307251971,-0.0228031644304356,-0.0202720972733826,-0.01175969907227,
0.),.UNSPECIFIED.);
#200=B_SPLINE_CURVE_WITH_KNOTS('',3,(#9425,#9426,#9427,#9428,#9429,#9430,
#9431,#9432,#9433,#9434,#9435,#9436,#9437,#9438,#9439,#9440,#9441,#9442,
#9443,#9444),.UNSPECIFIED.,.F.,.F.,(4,2,2,2,2,2,2,2,2,4),(0.,0.01175969907227,
0.0202720972733826,0.0228031644304356,0.0234959307251971,0.0236793298450112,
0.0237271552043575,0.023739538934297,0.0237427353972712,0.0237438457554863),
 .UNSPECIFIED.);
#201=B_SPLINE_CURVE_WITH_KNOTS('',3,(#9455,#9456,#9457,#9458),
 .UNSPECIFIED.,.F.,.F.,(4,4),(0.,1.),.UNSPECIFIED.);
#202=B_SPLINE_CURVE_WITH_KNOTS('',3,(#9460,#9461,#9462,#9463),
 .UNSPECIFIED.,.F.,.F.,(4,4),(-1.,0.),.UNSPECIFIED.);
#203=B_SPLINE_CURVE_WITH_KNOTS('',3,(#9514,#9515,#9516,#9517,#9518,#9519,
#9520,#9521,#9522,#9523),.UNSPECIFIED.,.F.,.F.,(4,2,2,2,4),(0.,0.00055289915974574,
0.00110462925766094,0.00165543632082921,0.00220506772865024),
 .UNSPECIFIED.);
#204=B_SPLINE_CURVE_WITH_KNOTS('',3,(#9525,#9526,#9527,#9528,#9529,#9530,
#9531,#9532,#9533,#9534),.UNSPECIFIED.,.F.,.F.,(4,2,2,2,4),(-0.00220506772865024,
-0.00165543632082921,-0.00110462925766094,-0.00055289915974574,0.),
 .UNSPECIFIED.);
#205=B_SPLINE_CURVE_WITH_KNOTS('',3,(#9563,#9564,#9565,#9566,#9567,#9568,
#9569,#9570,#9571,#9572),.UNSPECIFIED.,.F.,.F.,(4,2,2,2,4),(0.,0.000491552926663481,
0.00097597050093523,0.00145404706728086,0.00194991567913732),
 .UNSPECIFIED.);
#206=B_SPLINE_CURVE_WITH_KNOTS('',3,(#9574,#9575,#9576,#9577,#9578,#9579,
#9580,#9581,#9582,#9583),.UNSPECIFIED.,.F.,.F.,(4,2,2,2,4),(-0.00194991567913732,
-0.00145404706728086,-0.00097597050093523,-0.000491552926663481,0.),
 .UNSPECIFIED.);
#207=B_SPLINE_CURVE_WITH_KNOTS('',3,(#9612,#9613,#9614,#9615),
 .UNSPECIFIED.,.F.,.F.,(4,4),(0.,1.),.UNSPECIFIED.);
#208=B_SPLINE_CURVE_WITH_KNOTS('',3,(#9617,#9618,#9619,#9620),
 .UNSPECIFIED.,.F.,.F.,(4,4),(-1.,0.),.UNSPECIFIED.);
#209=B_SPLINE_CURVE_WITH_KNOTS('',3,(#9631,#9632,#9633,#9634),
 .UNSPECIFIED.,.F.,.F.,(4,4),(0.,1.),.UNSPECIFIED.);
#210=B_SPLINE_CURVE_WITH_KNOTS('',3,(#9636,#9637,#9638,#9639),
 .UNSPECIFIED.,.F.,.F.,(4,4),(-1.,0.),.UNSPECIFIED.);
#211=B_SPLINE_CURVE_WITH_KNOTS('',3,(#9672,#9673,#9674,#9675),
 .UNSPECIFIED.,.F.,.F.,(4,4),(0.,1.),.UNSPECIFIED.);
#212=B_SPLINE_CURVE_WITH_KNOTS('',3,(#9677,#9678,#9679,#9680),
 .UNSPECIFIED.,.F.,.F.,(4,4),(-1.,0.),.UNSPECIFIED.);
#213=B_SPLINE_CURVE_WITH_KNOTS('',3,(#9691,#9692,#9693,#9694),
 .UNSPECIFIED.,.F.,.F.,(4,4),(0.,1.),.UNSPECIFIED.);
#214=B_SPLINE_CURVE_WITH_KNOTS('',3,(#9696,#9697,#9698,#9699),
 .UNSPECIFIED.,.F.,.F.,(4,4),(-1.,0.),.UNSPECIFIED.);
#215=B_SPLINE_CURVE_WITH_KNOTS('',3,(#9710,#9711,#9712,#9713),
 .UNSPECIFIED.,.F.,.F.,(4,4),(0.,1.),.UNSPECIFIED.);
#216=B_SPLINE_CURVE_WITH_KNOTS('',3,(#9715,#9716,#9717,#9718),
 .UNSPECIFIED.,.F.,.F.,(4,4),(-1.,0.),.UNSPECIFIED.);
#217=B_SPLINE_CURVE_WITH_KNOTS('',3,(#9741,#9742,#9743,#9744),
 .UNSPECIFIED.,.F.,.F.,(4,4),(0.,1.),.UNSPECIFIED.);
#218=B_SPLINE_CURVE_WITH_KNOTS('',3,(#9746,#9747,#9748,#9749),
 .UNSPECIFIED.,.F.,.F.,(4,4),(-1.,0.),.UNSPECIFIED.);
#219=B_SPLINE_CURVE_WITH_KNOTS('',3,(#9772,#9773,#9774,#9775,#9776,#9777,
#9778,#9779,#9780,#9781),.UNSPECIFIED.,.F.,.F.,(4,2,2,2,4),(0.,0.0010947939084331,
0.00220868715259,0.00332242622682541,0.00441681865857194),.UNSPECIFIED.);
#220=B_SPLINE_CURVE_WITH_KNOTS('',3,(#9783,#9784,#9785,#9786,#9787,#9788,
#9789,#9790,#9791,#9792),.UNSPECIFIED.,.F.,.F.,(4,2,2,2,4),(-0.00441681865857194,
-0.00332242622682541,-0.00220868715259,-0.0010947939084331,0.),
 .UNSPECIFIED.);
#221=B_SPLINE_CURVE_WITH_KNOTS('',3,(#9825,#9826,#9827,#9828,#9829,#9830,
#9831,#9832,#9833,#9834,#9835,#9836),.UNSPECIFIED.,.F.,.F.,(4,2,2,2,2,4),
(0.,0.000287624078840988,0.000559344076115492,0.00104827755571921,0.00154163009216706,
0.00213237859891303),.UNSPECIFIED.);
#222=B_SPLINE_CURVE_WITH_KNOTS('',3,(#9838,#9839,#9840,#9841,#9842,#9843,
#9844,#9845,#9846,#9847,#9848,#9849),.UNSPECIFIED.,.F.,.F.,(4,2,2,2,2,4),
(-0.00213237859891303,-0.00154163009216706,-0.00104827755571921,-0.000559344076115492,
-0.000287624078840988,0.),.UNSPECIFIED.);
#223=B_SPLINE_CURVE_WITH_KNOTS('',3,(#9860,#9861,#9862,#9863),
 .UNSPECIFIED.,.F.,.F.,(4,4),(0.,1.),.UNSPECIFIED.);
#224=B_SPLINE_CURVE_WITH_KNOTS('',3,(#9865,#9866,#9867,#9868),
 .UNSPECIFIED.,.F.,.F.,(4,4),(-1.,0.),.UNSPECIFIED.);
#225=B_SPLINE_CURVE_WITH_KNOTS('',3,(#9883,#9884,#9885,#9886,#9887,#9888),
 .UNSPECIFIED.,.F.,.F.,(4,2,4),(0.,0.00494036256139846,0.00988336464322814),
 .UNSPECIFIED.);
#226=B_SPLINE_CURVE_WITH_KNOTS('',3,(#9890,#9891,#9892,#9893,#9894,#9895),
 .UNSPECIFIED.,.F.,.F.,(4,2,4),(-0.00988336464322814,-0.00494036256139846,
0.),.UNSPECIFIED.);
#227=B_SPLINE_CURVE_WITH_KNOTS('',3,(#9906,#9907,#9908,#9909),
 .UNSPECIFIED.,.F.,.F.,(4,4),(0.,1.),.UNSPECIFIED.);
#228=B_SPLINE_CURVE_WITH_KNOTS('',3,(#9911,#9912,#9913,#9914),
 .UNSPECIFIED.,.F.,.F.,(4,4),(-1.,0.),.UNSPECIFIED.);
#229=B_SPLINE_CURVE_WITH_KNOTS('',3,(#9949,#9950,#9951,#9952,#9953,#9954,
#9955,#9956,#9957,#9958),.UNSPECIFIED.,.F.,.F.,(4,2,2,2,4),(0.,0.000541858825231394,
0.00109688120643847,0.00165123364416513,0.00219460585047712),
 .UNSPECIFIED.);
#230=B_SPLINE_CURVE_WITH_KNOTS('',3,(#9960,#9961,#9962,#9963,#9964,#9965,
#9966,#9967,#9968,#9969),.UNSPECIFIED.,.F.,.F.,(4,2,2,2,4),(-0.00219460585047712,
-0.00165123364416513,-0.00109688120643847,-0.000541858825231394,0.),
 .UNSPECIFIED.);
#231=B_SPLINE_CURVE_WITH_KNOTS('',3,(#9980,#9981,#9982,#9983),
 .UNSPECIFIED.,.F.,.F.,(4,4),(0.,1.),.UNSPECIFIED.);
#232=B_SPLINE_CURVE_WITH_KNOTS('',3,(#9985,#9986,#9987,#9988),
 .UNSPECIFIED.,.F.,.F.,(4,4),(-1.,0.),.UNSPECIFIED.);
#233=B_SPLINE_CURVE_WITH_KNOTS('',3,(#10011,#10012,#10013,#10014),
 .UNSPECIFIED.,.F.,.F.,(4,4),(0.,1.),.UNSPECIFIED.);
#234=B_SPLINE_CURVE_WITH_KNOTS('',3,(#10016,#10017,#10018,#10019),
 .UNSPECIFIED.,.F.,.F.,(4,4),(-1.,0.),.UNSPECIFIED.);
#235=B_SPLINE_CURVE_WITH_KNOTS('',3,(#10045,#10046,#10047,#10048,#10049,
#10050,#10051,#10052,#10053,#10054,#10055,#10056),.UNSPECIFIED.,.F.,.F.,
(4,2,2,2,2,4),(0.,0.000561393120327333,0.00111111944975703,0.00220809819296107,
0.00339120694359402,0.0044906602669993),.UNSPECIFIED.);
#236=B_SPLINE_CURVE_WITH_KNOTS('',3,(#10057,#10058,#10059,#10060,#10061,
#10062,#10063,#10064,#10065,#10066,#10067,#10068),.UNSPECIFIED.,.F.,.F.,
(4,2,2,2,2,4),(-0.0044906602669993,-0.00339120694359402,-0.00220809819296107,
-0.00111111944975703,-0.000561393120327333,0.),.UNSPECIFIED.);
#237=B_SPLINE_SURFACE_WITH_KNOTS('',3,1,((#6065,#6066),(#6067,#6068),(#6069,
#6070),(#6071,#6072),(#6073,#6074),(#6075,#6076),(#6077,#6078),(#6079,#6080),
(#6081,#6082),(#6083,#6084),(#6085,#6086),(#6087,#6088)),.UNSPECIFIED.,
 .F.,.F.,.F.,(4,2,2,2,2,4),(2,2),(0.,0.00337676448486888,0.00676450507681088,
0.0100634820800289,0.0116875956811274,0.0133429835439687),(0.,0.001),
 .UNSPECIFIED.);
#238=B_SPLINE_SURFACE_WITH_KNOTS('',3,1,((#6122,#6123),(#6124,#6125),(#6126,
#6127),(#6128,#6129),(#6130,#6131),(#6132,#6133),(#6134,#6135),(#6136,#6137),
(#6138,#6139),(#6140,#6141)),.UNSPECIFIED.,.F.,.F.,.F.,(4,2,2,2,4),(2,2),
(0.,0.00389182954786565,0.0078016175382873,0.0116151220920317,0.015554115855645),
(0.,0.001),.UNSPECIFIED.);
#239=B_SPLINE_SURFACE_WITH_KNOTS('',3,1,((#6188,#6189),(#6190,#6191),(#6192,
#6193),(#6194,#6195),(#6196,#6197),(#6198,#6199),(#6200,#6201),(#6202,#6203),
(#6204,#6205),(#6206,#6207)),.UNSPECIFIED.,.F.,.F.,.F.,(4,2,2,2,4),(2,2),
(0.,0.000548150930720517,0.0011034712569694,0.00165815757977839,0.00220513083376129),
(0.,0.001),.UNSPECIFIED.);
#240=B_SPLINE_SURFACE_WITH_KNOTS('',3,1,((#6228,#6229),(#6230,#6231),(#6232,
#6233),(#6234,#6235),(#6236,#6237),(#6238,#6239),(#6240,#6241),(#6242,#6243),
(#6244,#6245),(#6246,#6247)),.UNSPECIFIED.,.F.,.F.,.F.,(4,2,2,2,4),(2,2),
(0.,0.00198954832202341,0.00390671488669078,0.0058482620816508,0.0078183131867626),
(0.,0.001),.UNSPECIFIED.);
#241=B_SPLINE_SURFACE_WITH_KNOTS('',3,1,((#6280,#6281),(#6282,#6283),(#6284,
#6285),(#6286,#6287)),.UNSPECIFIED.,.F.,.F.,.F.,(4,4),(2,2),(0.,1.),(0.,
0.001),.UNSPECIFIED.);
#242=B_SPLINE_SURFACE_WITH_KNOTS('',3,1,((#6299,#6300),(#6301,#6302),(#6303,
#6304),(#6305,#6306)),.UNSPECIFIED.,.F.,.F.,.F.,(4,4),(2,2),(0.,1.),(0.,
0.001),.UNSPECIFIED.);
#243=B_SPLINE_SURFACE_WITH_KNOTS('',3,1,((#6324,#6325),(#6326,#6327),(#6328,
#6329),(#6330,#6331),(#6332,#6333),(#6334,#6335),(#6336,#6337),(#6338,#6339),
(#6340,#6341),(#6342,#6343)),.UNSPECIFIED.,.F.,.F.,.F.,(4,2,2,2,4),(2,2),
(0.,0.00138812581495756,0.00272612405943097,0.0040786509702885,0.00545119250383945),
(0.,0.001),.UNSPECIFIED.);
#244=B_SPLINE_SURFACE_WITH_KNOTS('',3,1,((#6373,#6374),(#6375,#6376),(#6377,
#6378),(#6379,#6380),(#6381,#6382),(#6383,#6384),(#6385,#6386),(#6387,#6388),
(#6389,#6390),(#6391,#6392),(#6393,#6394),(#6395,#6396)),.UNSPECIFIED.,
 .F.,.F.,.F.,(4,2,2,2,2,4),(2,2),(0.,0.00112668315851172,0.00220609682971099,
0.00327921402837643,0.0038162549823504,0.00437301865213812),(0.,0.001),
 .UNSPECIFIED.);
#245=B_SPLINE_SURFACE_WITH_KNOTS('',3,1,((#6424,#6425),(#6426,#6427),(#6428,
#6429),(#6430,#6431)),.UNSPECIFIED.,.F.,.F.,.F.,(4,4),(2,2),(0.,1.),(0.,
0.001),.UNSPECIFIED.);
#246=B_SPLINE_SURFACE_WITH_KNOTS('',3,1,((#6446,#6447),(#6448,#6449),(#6450,
#6451),(#6452,#6453),(#6454,#6455),(#6456,#6457),(#6458,#6459),(#6460,#6461),
(#6462,#6463),(#6464,#6465)),.UNSPECIFIED.,.F.,.F.,.F.,(4,2,2,2,4),(2,2),
(0.,0.00135042107800165,0.00263056643932294,0.00389144254341839,0.00508758802282734),
(0.,0.001),.UNSPECIFIED.);
#247=B_SPLINE_SURFACE_WITH_KNOTS('',3,1,((#6498,#6499),(#6500,#6501),(#6502,
#6503),(#6504,#6505),(#6506,#6507),(#6508,#6509),(#6510,#6511),(#6512,#6513),
(#6514,#6515),(#6516,#6517),(#6518,#6519),(#6520,#6521)),.UNSPECIFIED.,
 .F.,.F.,.F.,(4,2,2,2,2,4),(2,2),(0.,0.00109326077979827,0.00214417309243574,
0.00319111329944682,0.00371136151308645,0.00423632595873553),(0.,0.001),
 .UNSPECIFIED.);
#248=B_SPLINE_SURFACE_WITH_KNOTS('',3,1,((#6549,#6550),(#6551,#6552),(#6553,
#6554),(#6555,#6556)),.UNSPECIFIED.,.F.,.F.,.F.,(4,4),(2,2),(0.,1.),(0.,
0.001),.UNSPECIFIED.);
#249=B_SPLINE_SURFACE_WITH_KNOTS('',3,1,((#6574,#6575),(#6576,#6577),(#6578,
#6579),(#6580,#6581),(#6582,#6583),(#6584,#6585),(#6586,#6587),(#6588,#6589),
(#6590,#6591),(#6592,#6593)),.UNSPECIFIED.,.F.,.F.,.F.,(4,2,2,2,4),(2,2),
(0.,0.00197882857985531,0.00394726870720603,0.0059427357774494,0.00808304623669636),
(0.,0.001),.UNSPECIFIED.);
#250=B_SPLINE_SURFACE_WITH_KNOTS('',3,1,((#6623,#6624),(#6625,#6626),(#6627,
#6628),(#6629,#6630),(#6631,#6632),(#6633,#6634),(#6635,#6636),(#6637,#6638),
(#6639,#6640),(#6641,#6642),(#6643,#6644),(#6645,#6646)),.UNSPECIFIED.,
 .F.,.F.,.F.,(4,2,2,2,2,4),(2,2),(0.,0.00030063913356016,0.000593437415025878,
0.00114457034524688,0.00174060163389451,0.00238894222020043),(0.,0.001),
 .UNSPECIFIED.);
#251=B_SPLINE_SURFACE_WITH_KNOTS('',3,1,((#6680,#6681),(#6682,#6683),(#6684,
#6685),(#6686,#6687)),.UNSPECIFIED.,.F.,.F.,.F.,(4,4),(2,2),(0.,1.),(0.,
0.001),.UNSPECIFIED.);
#252=B_SPLINE_SURFACE_WITH_KNOTS('',3,1,((#6717,#6718),(#6719,#6720),(#6721,
#6722),(#6723,#6724),(#6725,#6726),(#6727,#6728),(#6729,#6730),(#6731,#6732),
(#6733,#6734),(#6735,#6736)),.UNSPECIFIED.,.F.,.F.,.F.,(4,2,2,2,4),(2,2),
(-0.00202416162985823,-0.00151009872172217,-0.00101972384746561,-0.000517332356899344,
0.),(0.,0.001),.UNSPECIFIED.);
#253=B_SPLINE_SURFACE_WITH_KNOTS('',3,1,((#6766,#6767),(#6768,#6769),(#6770,
#6771),(#6772,#6773),(#6774,#6775),(#6776,#6777),(#6778,#6779),(#6780,#6781),
(#6782,#6783),(#6784,#6785),(#6786,#6787),(#6788,#6789),(#6790,#6791),(#6792,
#6793),(#6794,#6795),(#6796,#6797),(#6798,#6799)),.UNSPECIFIED.,.F.,.F.,
 .F.,(4,2,2,2,2,2,2,1,4),(2,2),(-0.00394238019431312,-0.00251728365045012,
-0.00128249189152071,-0.000372160048724902,-0.000102512630480055,-2.79249439556718E-5,
-7.73713118414673E-6,-2.24439914600638E-6,0.),(0.,0.001),.UNSPECIFIED.);
#254=B_SPLINE_SURFACE_WITH_KNOTS('',3,1,((#6839,#6840),(#6841,#6842),(#6843,
#6844),(#6845,#6846)),.UNSPECIFIED.,.F.,.F.,.F.,(4,4),(2,2),(-1.,0.),(0.,
0.001),.UNSPECIFIED.);
#255=B_SPLINE_SURFACE_WITH_KNOTS('',3,1,((#6858,#6859),(#6860,#6861),(#6862,
#6863),(#6864,#6865)),.UNSPECIFIED.,.F.,.F.,.F.,(4,4),(2,2),(-1.,0.),(0.,
0.001),.UNSPECIFIED.);
#256=B_SPLINE_SURFACE_WITH_KNOTS('',3,1,((#6900,#6901),(#6902,#6903),(#6904,
#6905),(#6906,#6907)),.UNSPECIFIED.,.F.,.F.,.F.,(4,4),(2,2),(-1.,0.),(0.,
0.001),.UNSPECIFIED.);
#257=B_SPLINE_SURFACE_WITH_KNOTS('',3,1,((#6965,#6966),(#6967,#6968),(#6969,
#6970),(#6971,#6972),(#6973,#6974),(#6975,#6976),(#6977,#6978),(#6979,#6980),
(#6981,#6982),(#6983,#6984)),.UNSPECIFIED.,.F.,.F.,.F.,(4,2,2,2,4),(2,2),
(-0.0021977221263036,-0.00164822433213396,-0.00110055581596946,-0.000552659443359721,
0.),(0.,0.001),.UNSPECIFIED.);
#258=B_SPLINE_SURFACE_WITH_KNOTS('',3,1,((#7008,#7009),(#7010,#7011),(#7012,
#7013),(#7014,#7015)),.UNSPECIFIED.,.F.,.F.,.F.,(4,4),(2,2),(-1.,0.),(0.,
0.001),.UNSPECIFIED.);
#259=B_SPLINE_SURFACE_WITH_KNOTS('',3,1,((#7027,#7028),(#7029,#7030),(#7031,
#7032),(#7033,#7034)),.UNSPECIFIED.,.F.,.F.,.F.,(4,4),(2,2),(-1.,0.),(0.,
0.001),.UNSPECIFIED.);
#260=B_SPLINE_SURFACE_WITH_KNOTS('',3,1,((#7058,#7059),(#7060,#7061),(#7062,
#7063),(#7064,#7065),(#7066,#7067),(#7068,#7069),(#7070,#7071),(#7072,#7073),
(#7074,#7075),(#7076,#7077)),.UNSPECIFIED.,.F.,.F.,.F.,(4,2,2,2,4),(2,2),
(-0.00220092448936434,-0.00165409341162737,-0.00110172517075783,-0.000547459931470115,
0.),(0.,0.001),.UNSPECIFIED.);
#261=B_SPLINE_SURFACE_WITH_KNOTS('',3,1,((#7101,#7102),(#7103,#7104),(#7105,
#7106),(#7107,#7108)),.UNSPECIFIED.,.F.,.F.,.F.,(4,4),(2,2),(-1.,0.),(0.,
0.001),.UNSPECIFIED.);
#262=B_SPLINE_SURFACE_WITH_KNOTS('',3,1,((#7154,#7155),(#7156,#7157),(#7158,
#7159),(#7160,#7161)),.UNSPECIFIED.,.F.,.F.,.F.,(4,4),(2,2),(-1.,0.),(0.,
0.001),.UNSPECIFIED.);
#263=B_SPLINE_SURFACE_WITH_KNOTS('',3,1,((#7173,#7174),(#7175,#7176),(#7177,
#7178),(#7179,#7180)),.UNSPECIFIED.,.F.,.F.,.F.,(4,4),(2,2),(-1.,0.),(0.,
0.001),.UNSPECIFIED.);
#264=B_SPLINE_SURFACE_WITH_KNOTS('',3,1,((#7192,#7193),(#7194,#7195),(#7196,
#7197),(#7198,#7199),(#7200,#7201),(#7202,#7203),(#7204,#7205),(#7206,#7207),
(#7208,#7209),(#7210,#7211)),.UNSPECIFIED.,.F.,.F.,.F.,(4,2,2,2,4),(2,2),
(-0.00884148291033044,-0.00659892750801547,-0.00441908676051864,-0.00225212482897218,
0.),(0.,0.001),.UNSPECIFIED.);
#265=B_SPLINE_SURFACE_WITH_KNOTS('',3,1,((#7241,#7242),(#7243,#7244),(#7245,
#7246),(#7247,#7248),(#7249,#7250),(#7251,#7252),(#7253,#7254),(#7255,#7256),
(#7257,#7258),(#7259,#7260)),.UNSPECIFIED.,.F.,.F.,.F.,(4,2,2,2,4),(2,2),
(-0.00221140258272115,-0.00165786555605477,-0.0011065222314817,-0.000555768472498965,
0.),(0.,0.001),.UNSPECIFIED.);
#266=B_SPLINE_SURFACE_WITH_KNOTS('',3,1,((#7284,#7285),(#7286,#7287),(#7288,
#7289),(#7290,#7291)),.UNSPECIFIED.,.F.,.F.,.F.,(4,4),(2,2),(-1.,0.),(0.,
0.001),.UNSPECIFIED.);
#267=B_SPLINE_SURFACE_WITH_KNOTS('',3,1,((#7314,#7315),(#7316,#7317),(#7318,
#7319),(#7320,#7321)),.UNSPECIFIED.,.F.,.F.,.F.,(4,4),(2,2),(-1.,0.),(0.,
0.001),.UNSPECIFIED.);
#268=B_SPLINE_SURFACE_WITH_KNOTS('',3,1,((#7345,#7346),(#7347,#7348),(#7349,
#7350),(#7351,#7352),(#7353,#7354),(#7355,#7356),(#7357,#7358),(#7359,#7360),
(#7361,#7362),(#7363,#7364)),.UNSPECIFIED.,.F.,.F.,.F.,(4,2,2,2,4),(2,2),
(-0.00220190538037732,-0.00165556554661175,-0.00110281525244543,-0.00054764361057442,
0.),(0.,0.001),.UNSPECIFIED.);
#269=B_SPLINE_SURFACE_WITH_KNOTS('',3,1,((#7417,#7418),(#7419,#7420),(#7421,
#7422),(#7423,#7424)),.UNSPECIFIED.,.F.,.F.,.F.,(4,4),(2,2),(-1.,0.),(0.,
0.001),.UNSPECIFIED.);
#270=B_SPLINE_SURFACE_WITH_KNOTS('',3,1,((#7436,#7437),(#7438,#7439),(#7440,
#7441),(#7442,#7443),(#7444,#7445),(#7446,#7447),(#7448,#7449),(#7450,#7451),
(#7452,#7453),(#7454,#7455),(#7456,#7457),(#7458,#7459)),.UNSPECIFIED.,
 .F.,.F.,.F.,(4,2,2,2,2,4),(2,2),(-0.00449589172364908,-0.0033965041875384,
-0.00221270403901058,-0.00111446028084572,-0.000563337265133732,0.),(0.,
0.001),.UNSPECIFIED.);
#271=B_SPLINE_SURFACE_WITH_KNOTS('',3,1,((#7508,#7509),(#7510,#7511),(#7512,
#7513),(#7514,#7515)),.UNSPECIFIED.,.F.,.F.,.F.,(4,4),(2,2),(-1.,0.),(0.,
0.001),.UNSPECIFIED.);
#272=B_SPLINE_SURFACE_WITH_KNOTS('',3,1,((#7527,#7528),(#7529,#7530),(#7531,
#7532),(#7533,#7534)),.UNSPECIFIED.,.F.,.F.,.F.,(4,4),(2,2),(-1.,0.),(0.,
0.001),.UNSPECIFIED.);
#273=B_SPLINE_SURFACE_WITH_KNOTS('',3,1,((#7564,#7565),(#7566,#7567),(#7568,
#7569),(#7570,#7571)),.UNSPECIFIED.,.F.,.F.,.F.,(4,4),(2,2),(-1.,0.),(0.,
0.001),.UNSPECIFIED.);
#274=B_SPLINE_SURFACE_WITH_KNOTS('',3,1,((#7600,#7601),(#7602,#7603),(#7604,
#7605),(#7606,#7607)),.UNSPECIFIED.,.F.,.F.,.F.,(4,4),(2,2),(-1.,0.),(0.,
0.001),.UNSPECIFIED.);
#275=B_SPLINE_SURFACE_WITH_KNOTS('',3,1,((#7619,#7620),(#7621,#7622),(#7623,
#7624),(#7625,#7626),(#7627,#7628),(#7629,#7630),(#7631,#7632),(#7633,#7634),
(#7635,#7636),(#7637,#7638)),.UNSPECIFIED.,.F.,.F.,.F.,(4,2,2,2,4),(2,2),
(-0.00441709020887915,-0.0033133818928149,-0.00220730399351989,-0.0011013814986138,
0.),(0.,0.001),.UNSPECIFIED.);
#276=B_SPLINE_SURFACE_WITH_KNOTS('',3,1,((#7685,#7686),(#7687,#7688),(#7689,
#7690),(#7691,#7692),(#7693,#7694),(#7695,#7696),(#7697,#7698),(#7699,#7700),
(#7701,#7702),(#7703,#7704)),.UNSPECIFIED.,.F.,.F.,.F.,(4,2,2,2,4),(2,2),
(-0.0105917556473644,-0.00786361950248809,-0.00525679840681913,-0.00265659754845989,
0.),(0.,0.001),.UNSPECIFIED.);
#277=B_SPLINE_SURFACE_WITH_KNOTS('',3,1,((#7740,#7741),(#7742,#7743),(#7744,
#7745),(#7746,#7747),(#7748,#7749),(#7750,#7751),(#7752,#7753),(#7754,#7755),
(#7756,#7757),(#7758,#7759)),.UNSPECIFIED.,.F.,.F.,.F.,(4,2,2,2,4),(2,2),
(-0.00219828708547346,-0.00164798011720515,-0.00110119730174773,-0.000553938118995512,
0.),(0.,0.001),.UNSPECIFIED.);
#278=B_SPLINE_SURFACE_WITH_KNOTS('',3,1,((#7783,#7784),(#7785,#7786),(#7787,
#7788),(#7789,#7790)),.UNSPECIFIED.,.F.,.F.,.F.,(4,4),(2,2),(-1.,0.),(0.,
0.001),.UNSPECIFIED.);
#279=B_SPLINE_SURFACE_WITH_KNOTS('',3,1,((#7802,#7803),(#7804,#7805),(#7806,
#7807),(#7808,#7809)),.UNSPECIFIED.,.F.,.F.,.F.,(4,4),(2,2),(-1.,0.),(0.,
0.001),.UNSPECIFIED.);
#280=B_SPLINE_SURFACE_WITH_KNOTS('',3,1,((#7821,#7822),(#7823,#7824),(#7825,
#7826),(#7827,#7828),(#7829,#7830),(#7831,#7832),(#7833,#7834),(#7835,#7836),
(#7837,#7838),(#7839,#7840),(#7841,#7842),(#7843,#7844),(#7845,#7846),(#7847,
#7848)),.UNSPECIFIED.,.F.,.F.,.F.,(4,2,2,2,2,2,4),(2,2),(-0.00223202161860103,
-0.00191724844373126,-0.00160299344045044,-0.00105494999179099,-0.000578187114612376,
-0.000294444444238135,0.),(0.,0.001),.UNSPECIFIED.);
#281=B_SPLINE_SURFACE_WITH_KNOTS('',3,1,((#7898,#7899),(#7900,#7901),(#7902,
#7903),(#7904,#7905)),.UNSPECIFIED.,.F.,.F.,.F.,(4,4),(2,2),(-1.,0.),(0.,
0.001),.UNSPECIFIED.);
#282=B_SPLINE_SURFACE_WITH_KNOTS('',3,1,((#7935,#7936),(#7937,#7938),(#7939,
#7940),(#7941,#7942),(#7943,#7944),(#7945,#7946),(#7947,#7948),(#7949,#7950),
(#7951,#7952),(#7953,#7954)),.UNSPECIFIED.,.F.,.F.,.F.,(4,2,2,2,4),(2,2),
(-0.00220185596421348,-0.0016579725983169,-0.00110314512742406,-0.000545979117440464,
0.),(0.,0.001),.UNSPECIFIED.);
#283=B_SPLINE_SURFACE_WITH_KNOTS('',3,1,((#7978,#7979),(#7980,#7981),(#7982,
#7983),(#7984,#7985)),.UNSPECIFIED.,.F.,.F.,.F.,(4,4),(2,2),(-1.,0.),(0.,
0.001),.UNSPECIFIED.);
#284=B_SPLINE_SURFACE_WITH_KNOTS('',3,1,((#7997,#7998),(#7999,#8000),(#8001,
#8002),(#8003,#8004)),.UNSPECIFIED.,.F.,.F.,.F.,(4,4),(2,2),(-1.,0.),(0.,
0.001),.UNSPECIFIED.);
#285=B_SPLINE_SURFACE_WITH_KNOTS('',3,1,((#8016,#8017),(#8018,#8019),(#8020,
#8021),(#8022,#8023),(#8024,#8025),(#8026,#8027),(#8028,#8029),(#8030,#8031),
(#8032,#8033),(#8034,#8035)),.UNSPECIFIED.,.F.,.F.,.F.,(4,2,2,2,4),(2,2),
(-0.00220585071510473,-0.00165726252669647,-0.00110073767128454,-0.000546624652551435,
0.),(0.,0.001),.UNSPECIFIED.);
#286=B_SPLINE_SURFACE_WITH_KNOTS('',3,1,((#8082,#8083),(#8084,#8085),(#8086,
#8087),(#8088,#8089)),.UNSPECIFIED.,.F.,.F.,.F.,(4,4),(2,2),(-1.,0.),(0.,
0.001),.UNSPECIFIED.);
#287=B_SPLINE_SURFACE_WITH_KNOTS('',3,1,((#8130,#8131),(#8132,#8133),(#8134,
#8135),(#8136,#8137)),.UNSPECIFIED.,.F.,.F.,.F.,(4,4),(2,2),(-1.,0.),(0.,
0.001),.UNSPECIFIED.);
#288=B_SPLINE_SURFACE_WITH_KNOTS('',3,1,((#8149,#8150),(#8151,#8152),(#8153,
#8154),(#8155,#8156)),.UNSPECIFIED.,.F.,.F.,.F.,(4,4),(2,2),(-1.,0.),(0.,
0.001),.UNSPECIFIED.);
#289=B_SPLINE_SURFACE_WITH_KNOTS('',3,1,((#8185,#8186),(#8187,#8188),(#8189,
#8190),(#8191,#8192),(#8193,#8194),(#8195,#8196),(#8197,#8198),(#8199,#8200),
(#8201,#8202),(#8203,#8204)),.UNSPECIFIED.,.F.,.F.,.F.,(4,2,2,2,4),(2,2),
(-0.0054711963675104,-0.00409480504128782,-0.00273633292281936,-0.00139353959794938,
0.),(0.,0.001),.UNSPECIFIED.);
#290=B_SPLINE_SURFACE_WITH_KNOTS('',3,1,((#8228,#8229),(#8230,#8231),(#8232,
#8233),(#8234,#8235)),.UNSPECIFIED.,.F.,.F.,.F.,(4,4),(2,2),(-1.,0.),(0.,
0.001),.UNSPECIFIED.);
#291=B_SPLINE_SURFACE_WITH_KNOTS('',3,1,((#8247,#8248),(#8249,#8250),(#8251,
#8252),(#8253,#8254),(#8255,#8256),(#8257,#8258),(#8259,#8260),(#8261,#8262),
(#8263,#8264),(#8265,#8266)),.UNSPECIFIED.,.F.,.F.,.F.,(4,2,2,2,4),(2,2),
(-0.00220643281969646,-0.0016646621001607,-0.00111114795343648,-0.000555203237047208,
0.),(0.,0.001),.UNSPECIFIED.);
#292=B_SPLINE_SURFACE_WITH_KNOTS('',3,1,((#8324,#8325),(#8326,#8327),(#8328,
#8329),(#8330,#8331)),.UNSPECIFIED.,.F.,.F.,.F.,(4,4),(2,2),(-1.,0.),(0.,
0.001),.UNSPECIFIED.);
#293=B_SPLINE_SURFACE_WITH_KNOTS('',3,1,((#8343,#8344),(#8345,#8346),(#8347,
#8348),(#8349,#8350),(#8351,#8352),(#8353,#8354),(#8355,#8356),(#8357,#8358),
(#8359,#8360),(#8361,#8362)),.UNSPECIFIED.,.F.,.F.,.F.,(4,2,2,2,4),(2,2),
(-0.00161213586708037,-0.00120012116003769,-0.00078762738580314,-0.000399316629838256,
0.),(0.,0.001),.UNSPECIFIED.);
#294=B_SPLINE_SURFACE_WITH_KNOTS('',3,1,((#8403,#8404),(#8405,#8406),(#8407,
#8408),(#8409,#8410),(#8411,#8412),(#8413,#8414),(#8415,#8416),(#8417,#8418),
(#8419,#8420),(#8421,#8422)),.UNSPECIFIED.,.F.,.F.,.F.,(4,2,2,2,4),(2,2),
(-0.00833099333237928,-0.00619851107098351,-0.00411141141214296,-0.00209592528000359,
0.),(0.,0.001),.UNSPECIFIED.);
#295=B_SPLINE_SURFACE_WITH_KNOTS('',3,1,((#8457,#8458),(#8459,#8460),(#8461,
#8462),(#8463,#8464)),.UNSPECIFIED.,.F.,.F.,.F.,(4,4),(2,2),(-1.,0.),(0.,
0.001),.UNSPECIFIED.);
#296=B_SPLINE_SURFACE_WITH_KNOTS('',3,1,((#8499,#8500),(#8501,#8502),(#8503,
#8504),(#8505,#8506),(#8507,#8508),(#8509,#8510),(#8511,#8512),(#8513,#8514),
(#8515,#8516),(#8517,#8518)),.UNSPECIFIED.,.F.,.F.,.F.,(4,2,2,2,4),(2,2),
(-0.00829682593157422,-0.00618188671307982,-0.00410367606173568,-0.0020900229095119,
0.),(0.,0.001),.UNSPECIFIED.);
#297=B_SPLINE_SURFACE_WITH_KNOTS('',3,1,((#8542,#8543),(#8544,#8545),(#8546,
#8547),(#8548,#8549),(#8550,#8551),(#8552,#8553),(#8554,#8555),(#8556,#8557),
(#8558,#8559),(#8560,#8561)),.UNSPECIFIED.,.F.,.F.,.F.,(4,2,2,2,4),(2,2),
(-0.00195285652557738,-0.00146202544060663,-0.000981420925045329,-0.000493197582843691,
0.),(0.,0.001),.UNSPECIFIED.);
#298=B_SPLINE_SURFACE_WITH_KNOTS('',3,1,((#8585,#8586),(#8587,#8588),(#8589,
#8590),(#8591,#8592)),.UNSPECIFIED.,.F.,.F.,.F.,(4,4),(2,2),(-1.,0.),(0.,
0.001),.UNSPECIFIED.);
#299=B_SPLINE_SURFACE_WITH_KNOTS('',3,1,((#8627,#8628),(#8629,#8630),(#8631,
#8632),(#8633,#8634)),.UNSPECIFIED.,.F.,.F.,.F.,(4,4),(2,2),(-1.,0.),(0.,
0.001),.UNSPECIFIED.);
#300=B_SPLINE_SURFACE_WITH_KNOTS('',3,1,((#8646,#8647),(#8648,#8649),(#8650,
#8651),(#8652,#8653)),.UNSPECIFIED.,.F.,.F.,.F.,(4,4),(2,2),(-1.,0.),(0.,
0.001),.UNSPECIFIED.);
#301=B_SPLINE_SURFACE_WITH_KNOTS('',3,1,((#8671,#8672),(#8673,#8674),(#8675,
#8676),(#8677,#8678)),.UNSPECIFIED.,.F.,.F.,.F.,(4,4),(2,2),(-1.,0.),(0.,
0.001),.UNSPECIFIED.);
#302=B_SPLINE_SURFACE_WITH_KNOTS('',3,1,((#8690,#8691),(#8692,#8693),(#8694,
#8695),(#8696,#8697),(#8698,#8699),(#8700,#8701),(#8702,#8703),(#8704,#8705),
(#8706,#8707),(#8708,#8709)),.UNSPECIFIED.,.F.,.F.,.F.,(4,2,2,2,4),(2,2),
(-0.00441495234954567,-0.0033182162875376,-0.00220926832380619,-0.00110033112713627,
0.),(0.,0.001),.UNSPECIFIED.);
#303=B_SPLINE_SURFACE_WITH_KNOTS('',3,1,((#8756,#8757),(#8758,#8759),(#8760,
#8761),(#8762,#8763),(#8764,#8765),(#8766,#8767),(#8768,#8769),(#8770,#8771),
(#8772,#8773),(#8774,#8775),(#8776,#8777),(#8778,#8779),(#8780,#8781),(#8782,
#8783),(#8784,#8785)),.UNSPECIFIED.,.F.,.F.,.F.,(4,2,2,2,2,2,1,4),(2,2),
(-0.0039428410255375,-0.0025175684486593,-0.00128239939736978,-0.000371633716131717,
-0.000101831869426337,-2.71991905996484E-5,-6.99915091328246E-6,0.),(0.,
0.001),.UNSPECIFIED.);
#304=B_SPLINE_SURFACE_WITH_KNOTS('',3,1,((#8821,#8822),(#8823,#8824),(#8825,
#8826),(#8827,#8828)),.UNSPECIFIED.,.F.,.F.,.F.,(4,4),(2,2),(-1.,0.),(0.,
0.001),.UNSPECIFIED.);
#305=B_SPLINE_SURFACE_WITH_KNOTS('',3,1,((#8846,#8847),(#8848,#8849),(#8850,
#8851),(#8852,#8853)),.UNSPECIFIED.,.F.,.F.,.F.,(4,4),(2,2),(-1.,0.),(0.,
0.001),.UNSPECIFIED.);
#306=B_SPLINE_SURFACE_WITH_KNOTS('',3,1,((#8865,#8866),(#8867,#8868),(#8869,
#8870),(#8871,#8872)),.UNSPECIFIED.,.F.,.F.,.F.,(4,4),(2,2),(-1.,0.),(0.,
0.001),.UNSPECIFIED.);
#307=B_SPLINE_SURFACE_WITH_KNOTS('',3,1,((#8884,#8885),(#8886,#8887),(#8888,
#8889),(#8890,#8891)),.UNSPECIFIED.,.F.,.F.,.F.,(4,4),(2,2),(-1.,0.),(0.,
0.001),.UNSPECIFIED.);
#308=B_SPLINE_SURFACE_WITH_KNOTS('',3,1,((#8903,#8904),(#8905,#8906),(#8907,
#8908),(#8909,#8910),(#8911,#8912),(#8913,#8914),(#8915,#8916),(#8917,#8918),
(#8919,#8920),(#8921,#8922),(#8923,#8924),(#8925,#8926)),.UNSPECIFIED.,
 .F.,.F.,.F.,(4,2,2,2,2,4),(2,2),(-0.00134873302046772,-0.000971585147197475,
-0.000586022433299185,-0.00029311687513538,-0.000148746208673933,0.),(0.,
0.001),.UNSPECIFIED.);
#309=B_SPLINE_SURFACE_WITH_KNOTS('',3,1,((#8954,#8955),(#8956,#8957),(#8958,
#8959),(#8960,#8961)),.UNSPECIFIED.,.F.,.F.,.F.,(4,4),(2,2),(-1.,0.),(0.,
0.001),.UNSPECIFIED.);
#310=B_SPLINE_SURFACE_WITH_KNOTS('',3,1,((#8973,#8974),(#8975,#8976),(#8977,
#8978),(#8979,#8980)),.UNSPECIFIED.,.F.,.F.,.F.,(4,4),(2,2),(-1.,0.),(0.,
0.001),.UNSPECIFIED.);
#311=B_SPLINE_SURFACE_WITH_KNOTS('',3,1,((#9004,#9005),(#9006,#9007),(#9008,
#9009),(#9010,#9011)),.UNSPECIFIED.,.F.,.F.,.F.,(4,4),(2,2),(-1.,0.),(0.,
0.001),.UNSPECIFIED.);
#312=B_SPLINE_SURFACE_WITH_KNOTS('',3,1,((#9023,#9024),(#9025,#9026),(#9027,
#9028),(#9029,#9030)),.UNSPECIFIED.,.F.,.F.,.F.,(4,4),(2,2),(-1.,0.),(0.,
0.001),.UNSPECIFIED.);
#313=B_SPLINE_SURFACE_WITH_KNOTS('',3,1,((#9060,#9061),(#9062,#9063),(#9064,
#9065),(#9066,#9067)),.UNSPECIFIED.,.F.,.F.,.F.,(4,4),(2,2),(-1.,0.),(0.,
0.001),.UNSPECIFIED.);
#314=B_SPLINE_SURFACE_WITH_KNOTS('',3,1,((#9079,#9080),(#9081,#9082),(#9083,
#9084),(#9085,#9086),(#9087,#9088),(#9089,#9090),(#9091,#9092),(#9093,#9094),
(#9095,#9096),(#9097,#9098),(#9099,#9100),(#9101,#9102)),.UNSPECIFIED.,
 .F.,.F.,.F.,(4,2,2,2,2,4),(2,2),(-0.00401508028724961,-0.00352217674067798,
-0.00303903658787823,-0.0021309484333878,-0.00108673226632884,0.),(0.,0.001),
 .UNSPECIFIED.);
#315=B_SPLINE_SURFACE_WITH_KNOTS('',3,1,((#9136,#9137),(#9138,#9139),(#9140,
#9141),(#9142,#9143),(#9144,#9145),(#9146,#9147),(#9148,#9149),(#9150,#9151),
(#9152,#9153),(#9154,#9155)),.UNSPECIFIED.,.F.,.F.,.F.,(4,2,2,2,4),(2,2),
(-0.00415836571685226,-0.00304936175380235,-0.00199288732715542,-0.0010005101598438,
0.),(0.,0.001),.UNSPECIFIED.);
#316=B_SPLINE_SURFACE_WITH_KNOTS('',3,1,((#9197,#9198),(#9199,#9200),(#9201,
#9202),(#9203,#9204),(#9205,#9206),(#9207,#9208),(#9209,#9210),(#9211,#9212),
(#9213,#9214),(#9215,#9216)),.UNSPECIFIED.,.F.,.F.,.F.,(4,2,2,2,4),(2,2),
(-0.00220207969606002,-0.0016578265857554,-0.00110328844232969,-0.000546486754226678,
0.),(0.,0.001),.UNSPECIFIED.);
#317=B_SPLINE_SURFACE_WITH_KNOTS('',3,1,((#9240,#9241),(#9242,#9243),(#9244,
#9245),(#9246,#9247)),.UNSPECIFIED.,.F.,.F.,.F.,(4,4),(2,2),(-1.,0.),(0.,
0.001),.UNSPECIFIED.);
#318=B_SPLINE_SURFACE_WITH_KNOTS('',3,1,((#9259,#9260),(#9261,#9262),(#9263,
#9264),(#9265,#9266),(#9267,#9268),(#9269,#9270),(#9271,#9272),(#9273,#9274),
(#9275,#9276),(#9277,#9278),(#9279,#9280),(#9281,#9282),(#9283,#9284),(#9285,
#9286)),.UNSPECIFIED.,.F.,.F.,.F.,(4,2,2,2,2,2,4),(2,2),(-0.00443324883074788,
-0.00384668741058228,-0.0032718902501736,-0.00217057780021176,-0.00112047431697475,
-0.000569467822927398,0.),(0.,0.001),.UNSPECIFIED.);
#319=B_SPLINE_SURFACE_WITH_KNOTS('',3,1,((#9324,#9325),(#9326,#9327),(#9328,
#9329),(#9330,#9331),(#9332,#9333),(#9334,#9335),(#9336,#9337),(#9338,#9339),
(#9340,#9341),(#9342,#9343)),.UNSPECIFIED.,.F.,.F.,.F.,(4,2,2,2,4),(2,2),
(-0.0054516910104887,-0.00408150095887231,-0.0027283781833297,-0.00138959463582952,
0.),(0.,0.001),.UNSPECIFIED.);
#320=B_SPLINE_SURFACE_WITH_KNOTS('',3,1,((#9367,#9368),(#9369,#9370),(#9371,
#9372),(#9373,#9374),(#9375,#9376),(#9377,#9378),(#9379,#9380),(#9381,#9382),
(#9383,#9384),(#9385,#9386),(#9387,#9388),(#9389,#9390),(#9391,#9392),(#9393,
#9394),(#9395,#9396),(#9397,#9398),(#9399,#9400),(#9401,#9402)),
 .UNSPECIFIED.,.F.,.F.,.F.,(4,2,2,2,2,2,2,2,4),(2,2),(0.,0.01175969907227,
0.0202720972733826,0.0228031644304356,0.0234959307251971,0.0236793298450112,
0.0237271552043575,0.023739538934297,0.0237438457554863),(0.,0.001),
 .UNSPECIFIED.);
#321=B_SPLINE_SURFACE_WITH_KNOTS('',3,1,((#9446,#9447),(#9448,#9449),(#9450,
#9451),(#9452,#9453)),.UNSPECIFIED.,.F.,.F.,.F.,(4,4),(2,2),(-1.,0.),(0.,
0.001),.UNSPECIFIED.);
#322=B_SPLINE_SURFACE_WITH_KNOTS('',3,1,((#9493,#9494),(#9495,#9496),(#9497,
#9498),(#9499,#9500),(#9501,#9502),(#9503,#9504),(#9505,#9506),(#9507,#9508),
(#9509,#9510),(#9511,#9512)),.UNSPECIFIED.,.F.,.F.,.F.,(4,2,2,2,4),(2,2),
(-0.00220506772865024,-0.00165543632082921,-0.00110462925766094,-0.00055289915974574,
0.),(0.,0.001),.UNSPECIFIED.);
#323=B_SPLINE_SURFACE_WITH_KNOTS('',3,1,((#9542,#9543),(#9544,#9545),(#9546,
#9547),(#9548,#9549),(#9550,#9551),(#9552,#9553),(#9554,#9555),(#9556,#9557),
(#9558,#9559),(#9560,#9561)),.UNSPECIFIED.,.F.,.F.,.F.,(4,2,2,2,4),(2,2),
(-0.00194991567913732,-0.00145404706728086,-0.00097597050093523,-0.000491552926663481,
0.),(0.,0.001),.UNSPECIFIED.);
#324=B_SPLINE_SURFACE_WITH_KNOTS('',3,1,((#9603,#9604),(#9605,#9606),(#9607,
#9608),(#9609,#9610)),.UNSPECIFIED.,.F.,.F.,.F.,(4,4),(2,2),(-1.,0.),(0.,
0.001),.UNSPECIFIED.);
#325=B_SPLINE_SURFACE_WITH_KNOTS('',3,1,((#9622,#9623),(#9624,#9625),(#9626,
#9627),(#9628,#9629)),.UNSPECIFIED.,.F.,.F.,.F.,(4,4),(2,2),(-1.,0.),(0.,
0.001),.UNSPECIFIED.);
#326=B_SPLINE_SURFACE_WITH_KNOTS('',3,1,((#9663,#9664),(#9665,#9666),(#9667,
#9668),(#9669,#9670)),.UNSPECIFIED.,.F.,.F.,.F.,(4,4),(2,2),(-1.,0.),(0.,
0.001),.UNSPECIFIED.);
#327=B_SPLINE_SURFACE_WITH_KNOTS('',3,1,((#9682,#9683),(#9684,#9685),(#9686,
#9687),(#9688,#9689)),.UNSPECIFIED.,.F.,.F.,.F.,(4,4),(2,2),(-1.,0.),(0.,
0.001),.UNSPECIFIED.);
#328=B_SPLINE_SURFACE_WITH_KNOTS('',3,1,((#9701,#9702),(#9703,#9704),(#9705,
#9706),(#9707,#9708)),.UNSPECIFIED.,.F.,.F.,.F.,(4,4),(2,2),(-1.,0.),(0.,
0.001),.UNSPECIFIED.);
#329=B_SPLINE_SURFACE_WITH_KNOTS('',3,1,((#9732,#9733),(#9734,#9735),(#9736,
#9737),(#9738,#9739)),.UNSPECIFIED.,.F.,.F.,.F.,(4,4),(2,2),(-1.,0.),(0.,
0.001),.UNSPECIFIED.);
#330=B_SPLINE_SURFACE_WITH_KNOTS('',3,1,((#9751,#9752),(#9753,#9754),(#9755,
#9756),(#9757,#9758),(#9759,#9760),(#9761,#9762),(#9763,#9764),(#9765,#9766),
(#9767,#9768),(#9769,#9770)),.UNSPECIFIED.,.F.,.F.,.F.,(4,2,2,2,4),(2,2),
(-0.00441681865857194,-0.00332242622682541,-0.00220868715259,-0.0010947939084331,
0.),(0.,0.001),.UNSPECIFIED.);
#331=B_SPLINE_SURFACE_WITH_KNOTS('',3,1,((#9800,#9801),(#9802,#9803),(#9804,
#9805),(#9806,#9807),(#9808,#9809),(#9810,#9811),(#9812,#9813),(#9814,#9815),
(#9816,#9817),(#9818,#9819),(#9820,#9821),(#9822,#9823)),.UNSPECIFIED.,
 .F.,.F.,.F.,(4,2,2,2,2,4),(2,2),(-0.00213237859891303,-0.00154163009216706,
-0.00104827755571921,-0.000559344076115492,-0.000287624078840988,0.),(0.,
0.001),.UNSPECIFIED.);
#332=B_SPLINE_SURFACE_WITH_KNOTS('',3,1,((#9851,#9852),(#9853,#9854),(#9855,
#9856),(#9857,#9858)),.UNSPECIFIED.,.F.,.F.,.F.,(4,4),(2,2),(-1.,0.),(0.,
0.001),.UNSPECIFIED.);
#333=B_SPLINE_SURFACE_WITH_KNOTS('',3,1,((#9870,#9871),(#9872,#9873),(#9874,
#9875),(#9876,#9877),(#9878,#9879),(#9880,#9881)),.UNSPECIFIED.,.F.,.F.,
 .F.,(4,2,4),(2,2),(-0.00988336464322814,-0.00494036256139846,0.),(0.,0.001),
 .UNSPECIFIED.);
#334=B_SPLINE_SURFACE_WITH_KNOTS('',3,1,((#9897,#9898),(#9899,#9900),(#9901,
#9902),(#9903,#9904)),.UNSPECIFIED.,.F.,.F.,.F.,(4,4),(2,2),(-1.,0.),(0.,
0.001),.UNSPECIFIED.);
#335=B_SPLINE_SURFACE_WITH_KNOTS('',3,1,((#9928,#9929),(#9930,#9931),(#9932,
#9933),(#9934,#9935),(#9936,#9937),(#9938,#9939),(#9940,#9941),(#9942,#9943),
(#9944,#9945),(#9946,#9947)),.UNSPECIFIED.,.F.,.F.,.F.,(4,2,2,2,4),(2,2),
(-0.00219460585047712,-0.00165123364416513,-0.00109688120643847,-0.000541858825231394,
0.),(0.,0.001),.UNSPECIFIED.);
#336=B_SPLINE_SURFACE_WITH_KNOTS('',3,1,((#9971,#9972),(#9973,#9974),(#9975,
#9976),(#9977,#9978)),.UNSPECIFIED.,.F.,.F.,.F.,(4,4),(2,2),(-1.,0.),(0.,
0.001),.UNSPECIFIED.);
#337=B_SPLINE_SURFACE_WITH_KNOTS('',3,1,((#10002,#10003),(#10004,#10005),
(#10006,#10007),(#10008,#10009)),.UNSPECIFIED.,.F.,.F.,.F.,(4,4),(2,2),
(-1.,0.),(0.,0.001),.UNSPECIFIED.);
#338=B_SPLINE_SURFACE_WITH_KNOTS('',3,1,((#10021,#10022),(#10023,#10024),
(#10025,#10026),(#10027,#10028),(#10029,#10030),(#10031,#10032),(#10033,
#10034),(#10035,#10036),(#10037,#10038),(#10039,#10040),(#10041,#10042),
(#10043,#10044)),.UNSPECIFIED.,.F.,.F.,.F.,(4,2,2,2,2,4),(2,2),(-0.0044906602669993,
-0.00339120694359402,-0.00220809819296107,-0.00111111944975703,-0.000561393120327333,
0.),(0.,0.001),.UNSPECIFIED.);
#339=ELLIPSE('',#4888,0.0062127334730591,0.00527244600168773);
#340=ELLIPSE('',#4889,0.0062127334730591,0.00527244600168773);
#341=ELLIPSE('',#4893,0.0611979707730062,0.0562578046698323);
#342=ELLIPSE('',#4894,0.0611979707730062,0.0562578046698323);
#343=ELLIPSE('',#4915,0.00424663620271145,0.00420544465442183);
#344=ELLIPSE('',#4916,0.00424663620271145,0.00420544465442183);
#345=ELLIPSE('',#4921,0.00434651321993994,0.00424554454369082);
#346=ELLIPSE('',#4922,0.00434651321993994,0.00424554454369082);
#347=ELLIPSE('',#4924,0.00406174026515751,0.00384847358943813);
#348=ELLIPSE('',#4925,0.00406174026515751,0.00384847358943813);
#349=ELLIPSE('',#4931,0.00463994181948296,0.00440503361027166);
#350=ELLIPSE('',#4932,0.00463994181948296,0.00440503361027166);
#351=ELLIPSE('',#4934,0.0381796255041231,0.0106221150157052);
#352=ELLIPSE('',#4935,0.0381796255041231,0.0106221150157052);
#353=ELLIPSE('',#4938,0.0544795509832214,0.0487301623846639);
#354=ELLIPSE('',#4939,0.0544795509832214,0.0487301623846639);
#355=ELLIPSE('',#4942,0.00482243347445125,0.00307783895442322);
#356=ELLIPSE('',#4943,0.00482243347445125,0.00307783895442322);
#357=ELLIPSE('',#4948,0.00417960908318347,0.00416283247073762);
#358=ELLIPSE('',#4949,0.00417960908318347,0.00416283247073762);
#359=ELLIPSE('',#4953,0.0239606994462405,0.0212120750600753);
#360=ELLIPSE('',#4954,0.0239606994462405,0.0212120750600753);
#361=ELLIPSE('',#4957,0.00413467561926827,0.00405599896174965);
#362=ELLIPSE('',#4958,0.00413467561926827,0.00405599896174965);
#363=ELLIPSE('',#4972,0.00439455973428226,0.00433249586186458);
#364=ELLIPSE('',#4973,0.00439455973428226,0.00433249586186458);
#365=ELLIPSE('',#4977,0.00407102476293863,0.00387243614897334);
#366=ELLIPSE('',#4978,0.00407102476293863,0.00387243614897334);
#367=ELLIPSE('',#4981,0.00420670519613704,0.00417179278934314);
#368=ELLIPSE('',#4982,0.00420670519613704,0.00417179278934314);
#369=ELLIPSE('',#4988,0.0170665656306885,0.00821455841653128);
#370=ELLIPSE('',#4989,0.0170665656306885,0.00821455841653128);
#371=ELLIPSE('',#4990,0.00418349210727001,0.00413338971680941);
#372=ELLIPSE('',#4991,0.00418349210727001,0.00413338971680941);
#373=ELLIPSE('',#4993,0.0224153049863429,0.0190849027361533);
#374=ELLIPSE('',#4994,0.0224153049863429,0.0190849027361533);
#375=ELLIPSE('',#4995,0.0042017377168832,0.0041716756760199);
#376=ELLIPSE('',#4996,0.0042017377168832,0.0041716756760199);
#377=ELLIPSE('',#4999,0.0218865486649338,0.0193932943012033);
#378=ELLIPSE('',#5000,0.0218865486649338,0.0193932943012033);
#379=ELLIPSE('',#5003,0.0373405569804881,0.0253844062619678);
#380=ELLIPSE('',#5004,0.0373405569804881,0.0253844062619678);
#381=ELLIPSE('',#5010,0.00376358488371871,0.00341483487734348);
#382=ELLIPSE('',#5011,0.00376358488371871,0.00341483487734348);
#383=ELLIPSE('',#5027,0.0109354859611527,0.0064921636236947);
#384=ELLIPSE('',#5028,0.0109354859611527,0.0064921636236947);
#385=ELLIPSE('',#5029,0.00418293332879619,0.00412907440665191);
#386=ELLIPSE('',#5030,0.00418293332879619,0.00412907440665191);
#387=ELLIPSE('',#5036,0.122137621866483,0.0853265497581075);
#388=ELLIPSE('',#5037,0.122137621866483,0.0853265497581075);
#389=ELLIPSE('',#5038,0.0664363983492836,0.0631560509575707);
#390=ELLIPSE('',#5039,0.0664363983492836,0.0631560509575707);
#391=(
BOUNDED_SURFACE()
B_SPLINE_SURFACE(1,2,((#6042,#6043,#6044),(#6045,#6046,#6047)),
 .UNSPECIFIED.,.F.,.F.,.F.)
B_SPLINE_SURFACE_WITH_KNOTS((2,2),(3,3),(0.,0.482879237135989),(-0.410680897919682,
0.716844339385887),.UNSPECIFIED.)
GEOMETRIC_REPRESENTATION_ITEM()
RATIONAL_B_SPLINE_SURFACE(((1.,0.845250467217985,1.),(1.,0.845250467217985,
1.)))
REPRESENTATION_ITEM('')
SURFACE()
);
#392=(
BOUNDED_SURFACE()
B_SPLINE_SURFACE(1,2,((#6165,#6166,#6167),(#6168,#6169,#6170)),
 .UNSPECIFIED.,.F.,.F.,.F.)
B_SPLINE_SURFACE_WITH_KNOTS((2,2),(3,3),(0.,0.0490212332550619),(-3.36892194779779,
-2.75864907741875),.UNSPECIFIED.)
GEOMETRIC_REPRESENTATION_ITEM()
RATIONAL_B_SPLINE_SURFACE(((1.,0.953805973133861,1.),(1.,0.953805973133861,
1.)))
REPRESENTATION_ITEM('')
SURFACE()
);
#393=(
BOUNDED_SURFACE()
B_SPLINE_SURFACE(1,2,((#6889,#6890,#6891),(#6892,#6893,#6894)),
 .UNSPECIFIED.,.F.,.F.,.F.)
B_SPLINE_SURFACE_WITH_KNOTS((2,2),(3,3),(0.,0.706441488461978),(-0.761712076770957,
0.805525477079503),.UNSPECIFIED.)
GEOMETRIC_REPRESENTATION_ITEM()
RATIONAL_B_SPLINE_SURFACE(((1.,0.708363877337257,1.),(1.,0.708363877337257,
1.)))
REPRESENTATION_ITEM('')
SURFACE()
);
#394=(
BOUNDED_SURFACE()
B_SPLINE_SURFACE(1,2,((#6931,#6932,#6933),(#6934,#6935,#6936)),
 .UNSPECIFIED.,.F.,.F.,.F.)
B_SPLINE_SURFACE_WITH_KNOTS((2,2),(3,3),(0.,0.69020841492838),(-3.88302252053113,
-2.58081963429672),.UNSPECIFIED.)
GEOMETRIC_REPRESENTATION_ITEM()
RATIONAL_B_SPLINE_SURFACE(((1.,0.795416737387406,1.),(1.,0.795416737387406,
1.)))
REPRESENTATION_ITEM('')
SURFACE()
);
#395=(
BOUNDED_SURFACE()
B_SPLINE_SURFACE(1,2,((#6948,#6949,#6950),(#6951,#6952,#6953)),
 .UNSPECIFIED.,.F.,.F.,.F.)
B_SPLINE_SURFACE_WITH_KNOTS((2,2),(3,3),(0.,0.73859966520623),(-2.21432765332689,
-0.934728506740642),.UNSPECIFIED.)
GEOMETRIC_REPRESENTATION_ITEM()
RATIONAL_B_SPLINE_SURFACE(((1.,0.802215435688724,1.),(1.,0.802215435688724,
1.)))
REPRESENTATION_ITEM('')
SURFACE()
);
#396=(
BOUNDED_SURFACE()
B_SPLINE_SURFACE(1,2,((#7120,#7121,#7122),(#7123,#7124,#7125)),
 .UNSPECIFIED.,.F.,.F.,.F.)
B_SPLINE_SURFACE_WITH_KNOTS((2,2),(3,3),(0.,0.646559831289932),(-3.55882747460403,
-2.45091255096953),.UNSPECIFIED.)
GEOMETRIC_REPRESENTATION_ITEM()
RATIONAL_B_SPLINE_SURFACE(((1.,0.850449336808578,1.),(1.,0.850449336808578,
1.)))
REPRESENTATION_ITEM('')
SURFACE()
);
#397=(
BOUNDED_SURFACE()
B_SPLINE_SURFACE(1,2,((#7137,#7138,#7139),(#7140,#7141,#7142)),
 .UNSPECIFIED.,.F.,.F.,.F.)
B_SPLINE_SURFACE_WITH_KNOTS((2,2),(3,3),(0.,0.0785759409734395),(-0.187696904575346,
0.251913678060546),.UNSPECIFIED.)
GEOMETRIC_REPRESENTATION_ITEM()
RATIONAL_B_SPLINE_SURFACE(((1.,0.975939922033778,1.),(1.,0.975939922033778,
1.)))
REPRESENTATION_ITEM('')
SURFACE()
);
#398=(
BOUNDED_SURFACE()
B_SPLINE_SURFACE(1,2,((#7303,#7304,#7305),(#7306,#7307,#7308)),
 .UNSPECIFIED.,.F.,.F.,.F.)
B_SPLINE_SURFACE_WITH_KNOTS((2,2),(3,3),(0.,0.0550665331460595),(1.87643901822737,
2.43473006541551),.UNSPECIFIED.)
GEOMETRIC_REPRESENTATION_ITEM()
RATIONAL_B_SPLINE_SURFACE(((1.,0.961291226815732,1.),(1.,0.961291226815732,
1.)))
REPRESENTATION_ITEM('')
SURFACE()
);
#399=(
BOUNDED_SURFACE()
B_SPLINE_SURFACE(1,2,((#7388,#7389,#7390),(#7391,#7392,#7393)),
 .UNSPECIFIED.,.F.,.F.,.F.)
B_SPLINE_SURFACE_WITH_KNOTS((2,2),(3,3),(0.,0.62209256299619),(-2.65496416572706,
-2.22106263172388),.UNSPECIFIED.)
GEOMETRIC_REPRESENTATION_ITEM()
RATIONAL_B_SPLINE_SURFACE(((1.,0.976558344410543,1.),(1.,0.976558344410543,
1.)))
REPRESENTATION_ITEM('')
SURFACE()
);
#400=(
BOUNDED_SURFACE()
B_SPLINE_SURFACE(1,2,((#7493,#7494,#7495,#7496,#7497),(#7498,#7499,#7500,
#7501,#7502)),.UNSPECIFIED.,.F.,.F.,.F.)
B_SPLINE_SURFACE_WITH_KNOTS((2,2),(3,2,3),(0.,0.717770475729514),(-2.0712298827116,
-1.28093285784889,-0.490635832986187),.UNSPECIFIED.)
GEOMETRIC_REPRESENTATION_ITEM()
RATIONAL_B_SPLINE_SURFACE(((1.,0.922939405384823,1.,0.922939405384823,1.),
(1.,0.922939405384823,1.,0.922939405384823,1.)))
REPRESENTATION_ITEM('')
SURFACE()
);
#401=(
BOUNDED_SURFACE()
B_SPLINE_SURFACE(1,2,((#7583,#7584,#7585),(#7586,#7587,#7588)),
 .UNSPECIFIED.,.F.,.F.,.F.)
B_SPLINE_SURFACE_WITH_KNOTS((2,2),(3,3),(0.,0.125205026119165),(0.945191773638035,
1.25177565805064),.UNSPECIFIED.)
GEOMETRIC_REPRESENTATION_ITEM()
RATIONAL_B_SPLINE_SURFACE(((1.,0.988273779535394,1.),(1.,0.988273779535394,
1.)))
REPRESENTATION_ITEM('')
SURFACE()
);
#402=(
BOUNDED_SURFACE()
B_SPLINE_SURFACE(1,2,((#7668,#7669,#7670),(#7671,#7672,#7673)),
 .UNSPECIFIED.,.F.,.F.,.F.)
B_SPLINE_SURFACE_WITH_KNOTS((2,2),(3,3),(0.,0.725570824956498),(0.725537606151223,
2.04896682437935),.UNSPECIFIED.)
GEOMETRIC_REPRESENTATION_ITEM()
RATIONAL_B_SPLINE_SURFACE(((1.,0.788939815027442,1.),(1.,0.788939815027442,
1.)))
REPRESENTATION_ITEM('')
SURFACE()
);
#403=(
BOUNDED_SURFACE()
B_SPLINE_SURFACE(1,2,((#8059,#8060,#8061),(#8062,#8063,#8064)),
 .UNSPECIFIED.,.F.,.F.,.F.)
B_SPLINE_SURFACE_WITH_KNOTS((2,2),(3,3),(0.,0.682662241816124),(0.753113642485134,
1.17068851980939),.UNSPECIFIED.)
GEOMETRIC_REPRESENTATION_ITEM()
RATIONAL_B_SPLINE_SURFACE(((1.,0.978282966075474,1.),(1.,0.978282966075474,
1.)))
REPRESENTATION_ITEM('')
SURFACE()
);
#404=(
BOUNDED_SURFACE()
B_SPLINE_SURFACE(1,2,((#8107,#8108,#8109),(#8110,#8111,#8112)),
 .UNSPECIFIED.,.F.,.F.,.F.)
B_SPLINE_SURFACE_WITH_KNOTS((2,2),(3,3),(0.,0.736915193272978),(0.935841330644911,
2.21203624310446),.UNSPECIFIED.)
GEOMETRIC_REPRESENTATION_ITEM()
RATIONAL_B_SPLINE_SURFACE(((1.,0.803230496003766,1.),(1.,0.803230496003766,
1.)))
REPRESENTATION_ITEM('')
SURFACE()
);
#405=(
BOUNDED_SURFACE()
B_SPLINE_SURFACE(1,2,((#8168,#8169,#8170),(#8171,#8172,#8173)),
 .UNSPECIFIED.,.F.,.F.,.F.)
B_SPLINE_SURFACE_WITH_KNOTS((2,2),(3,3),(0.,0.713147192428616),(0.0580299243800018,
1.33385363119425),.UNSPECIFIED.)
GEOMETRIC_REPRESENTATION_ITEM()
RATIONAL_B_SPLINE_SURFACE(((1.,0.803341039893237,1.),(1.,0.803341039893237,
1.)))
REPRESENTATION_ITEM('')
SURFACE()
);
#406=(
BOUNDED_SURFACE()
B_SPLINE_SURFACE(1,2,((#8302,#8303,#8304),(#8305,#8306,#8307)),
 .UNSPECIFIED.,.F.,.F.,.F.)
B_SPLINE_SURFACE_WITH_KNOTS((2,2),(3,3),(0.,0.175782290644668),(-3.12567922758121,
-2.90563987864953),.UNSPECIFIED.)
GEOMETRIC_REPRESENTATION_ITEM()
RATIONAL_B_SPLINE_SURFACE(((1.,0.993953937934895,1.),(1.,0.993953937934895,
1.)))
REPRESENTATION_ITEM('')
SURFACE()
);
#407=(
BOUNDED_SURFACE()
B_SPLINE_SURFACE(1,2,((#8313,#8314,#8315),(#8316,#8317,#8318)),
 .UNSPECIFIED.,.F.,.F.,.F.)
B_SPLINE_SURFACE_WITH_KNOTS((2,2),(3,3),(0.,0.717104257179461),(1.41399862617604,
2.55115359018222),.UNSPECIFIED.)
GEOMETRIC_REPRESENTATION_ITEM()
RATIONAL_B_SPLINE_SURFACE(((1.,0.842667759387057,1.),(1.,0.842667759387057,
1.)))
REPRESENTATION_ITEM('')
SURFACE()
);
#408=(
BOUNDED_SURFACE()
B_SPLINE_SURFACE(1,2,((#8392,#8393,#8394),(#8395,#8396,#8397)),
 .UNSPECIFIED.,.F.,.F.,.F.)
B_SPLINE_SURFACE_WITH_KNOTS((2,2),(3,3),(0.,0.133837126098789),(-0.523527656187621,
-0.114947734959608),.UNSPECIFIED.)
GEOMETRIC_REPRESENTATION_ITEM()
RATIONAL_B_SPLINE_SURFACE(((1.,0.979205278408897,1.),(1.,0.979205278408897,
1.)))
REPRESENTATION_ITEM('')
SURFACE()
);
#409=(
BOUNDED_SURFACE()
B_SPLINE_SURFACE(1,2,((#8446,#8447,#8448),(#8449,#8450,#8451)),
 .UNSPECIFIED.,.F.,.F.,.F.)
B_SPLINE_SURFACE_WITH_KNOTS((2,2),(3,3),(0.,0.71399030642621),(-2.76825765235718,
-1.39175585959132),.UNSPECIFIED.)
GEOMETRIC_REPRESENTATION_ITEM()
RATIONAL_B_SPLINE_SURFACE(((1.,0.77235820415659,1.),(1.,0.77235820415659,
1.)))
REPRESENTATION_ITEM('')
SURFACE()
);
#410=(
BOUNDED_SURFACE()
B_SPLINE_SURFACE(1,2,((#8488,#8489,#8490),(#8491,#8492,#8493)),
 .UNSPECIFIED.,.F.,.F.,.F.)
B_SPLINE_SURFACE_WITH_KNOTS((2,2),(3,3),(0.,0.13707049228856),(-0.427808902707471,
-0.0221012812001778),.UNSPECIFIED.)
GEOMETRIC_REPRESENTATION_ITEM()
RATIONAL_B_SPLINE_SURFACE(((1.,0.979495622994226,1.),(1.,0.979495622994226,
1.)))
REPRESENTATION_ITEM('')
SURFACE()
);
#411=(
BOUNDED_SURFACE()
B_SPLINE_SURFACE(1,2,((#8616,#8617,#8618),(#8619,#8620,#8621)),
 .UNSPECIFIED.,.F.,.F.,.F.)
B_SPLINE_SURFACE_WITH_KNOTS((2,2),(3,3),(0.,0.0803415975173487),(-0.203144139858309,
0.10658006051248),.UNSPECIFIED.)
GEOMETRIC_REPRESENTATION_ITEM()
RATIONAL_B_SPLINE_SURFACE(((1.,0.988032810367053,1.),(1.,0.988032810367053,
1.)))
REPRESENTATION_ITEM('')
SURFACE()
);
#412=(
BOUNDED_SURFACE()
B_SPLINE_SURFACE(1,2,((#8745,#8746,#8747),(#8748,#8749,#8750)),
 .UNSPECIFIED.,.F.,.F.,.F.)
B_SPLINE_SURFACE_WITH_KNOTS((2,2),(3,3),(0.,0.797112352368621),(-1.70067934245597,
-1.01184313778786),.UNSPECIFIED.)
GEOMETRIC_REPRESENTATION_ITEM()
RATIONAL_B_SPLINE_SURFACE(((1.,0.941272089126155,1.),(1.,0.941272089126155,
1.)))
REPRESENTATION_ITEM('')
SURFACE()
);
#413=(
BOUNDED_SURFACE()
B_SPLINE_SURFACE(1,2,((#9465,#9466,#9467),(#9468,#9469,#9470)),
 .UNSPECIFIED.,.F.,.F.,.F.)
B_SPLINE_SURFACE_WITH_KNOTS((2,2),(3,3),(0.,0.274336230749802),(0.0461721951523801,
0.289172479569686),.UNSPECIFIED.)
GEOMETRIC_REPRESENTATION_ITEM()
RATIONAL_B_SPLINE_SURFACE(((1.,0.992627933464884,1.),(1.,0.992627933464884,
1.)))
REPRESENTATION_ITEM('')
SURFACE()
);
#414=(
BOUNDED_SURFACE()
B_SPLINE_SURFACE(1,2,((#9476,#9477,#9478),(#9479,#9480,#9481)),
 .UNSPECIFIED.,.F.,.F.,.F.)
B_SPLINE_SURFACE_WITH_KNOTS((2,2),(3,3),(0.,0.717200051778825),(-1.74945522993903,
-0.572581345783455),.UNSPECIFIED.)
GEOMETRIC_REPRESENTATION_ITEM()
RATIONAL_B_SPLINE_SURFACE(((1.,0.831809288194353,1.),(1.,0.831809288194353,
1.)))
REPRESENTATION_ITEM('')
SURFACE()
);
#415=(
BOUNDED_SURFACE()
B_SPLINE_SURFACE(1,2,((#9641,#9642,#9643),(#9644,#9645,#9646)),
 .UNSPECIFIED.,.F.,.F.,.F.)
B_SPLINE_SURFACE_WITH_KNOTS((2,2),(3,3),(0.,0.0245624563026085),(-3.3281809093202,
-3.04175339029332),.UNSPECIFIED.)
GEOMETRIC_REPRESENTATION_ITEM()
RATIONAL_B_SPLINE_SURFACE(((1.,0.989762425377494,1.),(1.,0.989762425377494,
1.)))
REPRESENTATION_ITEM('')
SURFACE()
);
#416=(
BOUNDED_SURFACE()
B_SPLINE_SURFACE(1,2,((#9652,#9653,#9654),(#9655,#9656,#9657)),
 .UNSPECIFIED.,.F.,.F.,.F.)
B_SPLINE_SURFACE_WITH_KNOTS((2,2),(3,3),(0.,0.0451559698379156),(2.23592986295589,
3.06001092703518),.UNSPECIFIED.)
GEOMETRIC_REPRESENTATION_ITEM()
RATIONAL_B_SPLINE_SURFACE(((1.,0.916305538936121,1.),(1.,0.916305538936121,
1.)))
REPRESENTATION_ITEM('')
SURFACE()
);
#417=SPHERICAL_SURFACE('',#4852,0.05);
#418=SPHERICAL_SURFACE('',#4856,0.05);
#419=SPHERICAL_SURFACE('',#4861,0.05);
#420=SPHERICAL_SURFACE('',#4867,0.05);
#421=SHAPE_REPRESENTATION_RELATIONSHIP('SRR','None',#10102,#424);
#422=SHAPE_REPRESENTATION_RELATIONSHIP('SRR','None',#10103,#425);
#423=SHAPE_REPRESENTATION_RELATIONSHIP('SRR','None',#10104,#426);
#424=ADVANCED_BREP_SHAPE_REPRESENTATION('',(#430),#10081);
#425=ADVANCED_BREP_SHAPE_REPRESENTATION('',(#431),#10082);
#426=ADVANCED_BREP_SHAPE_REPRESENTATION('',(#432),#10083);
#427=STYLED_ITEM('',(#4780),#430);
#428=STYLED_ITEM('',(#4781),#431);
#429=STYLED_ITEM('',(#4782),#432);
#430=MANIFOLD_SOLID_BREP('Solid1',#4743);
#431=MANIFOLD_SOLID_BREP('Solid1',#4744);
#432=MANIFOLD_SOLID_BREP('Solid1',#4745);
#433=PLANE('',#4836);
#434=PLANE('',#4837);
#435=PLANE('',#4843);
#436=PLANE('',#4844);
#437=PLANE('',#4848);
#438=PLANE('',#4850);
#439=PLANE('',#4880);
#440=PLANE('',#4881);
#441=PLANE('',#4882);
#442=PLANE('',#4883);
#443=PLANE('',#4884);
#444=PLANE('',#4885);
#445=PLANE('',#4887);
#446=PLANE('',#4890);
#447=PLANE('',#4891);
#448=PLANE('',#4892);
#449=PLANE('',#4895);
#450=PLANE('',#4896);
#451=PLANE('',#4897);
#452=PLANE('',#4898);
#453=PLANE('',#4899);
#454=PLANE('',#4900);
#455=PLANE('',#4901);
#456=PLANE('',#4902);
#457=PLANE('',#4903);
#458=PLANE('',#4904);
#459=PLANE('',#4905);
#460=PLANE('',#4906);
#461=PLANE('',#4907);
#462=PLANE('',#4914);
#463=PLANE('',#4920);
#464=PLANE('',#4923);
#465=PLANE('',#4926);
#466=PLANE('',#4930);
#467=PLANE('',#4933);
#468=PLANE('',#4936);
#469=PLANE('',#4937);
#470=PLANE('',#4940);
#471=PLANE('',#4941);
#472=PLANE('',#4944);
#473=PLANE('',#4945);
#474=PLANE('',#4946);
#475=PLANE('',#4947);
#476=PLANE('',#4950);
#477=PLANE('',#4951);
#478=PLANE('',#4952);
#479=PLANE('',#4955);
#480=PLANE('',#4956);
#481=PLANE('',#4959);
#482=PLANE('',#4960);
#483=PLANE('',#4961);
#484=PLANE('',#4965);
#485=PLANE('',#4966);
#486=PLANE('',#4967);
#487=PLANE('',#4971);
#488=PLANE('',#4974);
#489=PLANE('',#4975);
#490=PLANE('',#4976);
#491=PLANE('',#4979);
#492=PLANE('',#4980);
#493=PLANE('',#4983);
#494=PLANE('',#4987);
#495=PLANE('',#4992);
#496=PLANE('',#4997);
#497=PLANE('',#4998);
#498=PLANE('',#5001);
#499=PLANE('',#5002);
#500=PLANE('',#5005);
#501=PLANE('',#5006);
#502=PLANE('',#5012);
#503=PLANE('',#5013);
#504=PLANE('',#5017);
#505=PLANE('',#5018);
#506=PLANE('',#5019);
#507=PLANE('',#5020);
#508=PLANE('',#5021);
#509=PLANE('',#5025);
#510=PLANE('',#5026);
#511=PLANE('',#5031);
#512=PLANE('',#5032);
#513=PLANE('',#5033);
#514=PLANE('',#5034);
#515=PLANE('',#5035);
#516=PLANE('',#5040);
#517=PLANE('',#5041);
#518=PLANE('',#5042);
#519=PLANE('',#5043);
#520=PLANE('',#5044);
#521=PLANE('',#5045);
#522=PLANE('',#5046);
#523=PLANE('',#5047);
#524=PLANE('',#5048);
#525=FACE_OUTER_BOUND('',#771,.T.);
#526=FACE_OUTER_BOUND('',#772,.T.);
#527=FACE_OUTER_BOUND('',#773,.T.);
#528=FACE_OUTER_BOUND('',#774,.T.);
#529=FACE_OUTER_BOUND('',#775,.T.);
#530=FACE_OUTER_BOUND('',#776,.T.);
#531=FACE_OUTER_BOUND('',#777,.T.);
#532=FACE_OUTER_BOUND('',#778,.T.);
#533=FACE_OUTER_BOUND('',#779,.T.);
#534=FACE_OUTER_BOUND('',#780,.T.);
#535=FACE_OUTER_BOUND('',#781,.T.);
#536=FACE_OUTER_BOUND('',#782,.T.);
#537=FACE_OUTER_BOUND('',#783,.T.);
#538=FACE_OUTER_BOUND('',#784,.T.);
#539=FACE_OUTER_BOUND('',#785,.T.);
#540=FACE_OUTER_BOUND('',#786,.T.);
#541=FACE_OUTER_BOUND('',#787,.T.);
#542=FACE_OUTER_BOUND('',#788,.T.);
#543=FACE_OUTER_BOUND('',#789,.T.);
#544=FACE_OUTER_BOUND('',#790,.T.);
#545=FACE_OUTER_BOUND('',#791,.T.);
#546=FACE_OUTER_BOUND('',#792,.T.);
#547=FACE_OUTER_BOUND('',#793,.T.);
#548=FACE_OUTER_BOUND('',#794,.T.);
#549=FACE_OUTER_BOUND('',#795,.T.);
#550=FACE_OUTER_BOUND('',#796,.T.);
#551=FACE_OUTER_BOUND('',#797,.T.);
#552=FACE_OUTER_BOUND('',#798,.T.);
#553=FACE_OUTER_BOUND('',#799,.T.);
#554=FACE_OUTER_BOUND('',#800,.T.);
#555=FACE_OUTER_BOUND('',#801,.T.);
#556=FACE_OUTER_BOUND('',#802,.T.);
#557=FACE_OUTER_BOUND('',#803,.T.);
#558=FACE_OUTER_BOUND('',#804,.T.);
#559=FACE_OUTER_BOUND('',#805,.T.);
#560=FACE_OUTER_BOUND('',#806,.T.);
#561=FACE_OUTER_BOUND('',#807,.T.);
#562=FACE_OUTER_BOUND('',#808,.T.);
#563=FACE_OUTER_BOUND('',#809,.T.);
#564=FACE_OUTER_BOUND('',#810,.T.);
#565=FACE_OUTER_BOUND('',#811,.T.);
#566=FACE_OUTER_BOUND('',#812,.T.);
#567=FACE_OUTER_BOUND('',#813,.T.);
#568=FACE_OUTER_BOUND('',#814,.T.);
#569=FACE_OUTER_BOUND('',#815,.T.);
#570=FACE_OUTER_BOUND('',#816,.T.);
#571=FACE_OUTER_BOUND('',#817,.T.);
#572=FACE_OUTER_BOUND('',#818,.T.);
#573=FACE_OUTER_BOUND('',#819,.T.);
#574=FACE_OUTER_BOUND('',#820,.T.);
#575=FACE_OUTER_BOUND('',#821,.T.);
#576=FACE_OUTER_BOUND('',#822,.T.);
#577=FACE_OUTER_BOUND('',#823,.T.);
#578=FACE_OUTER_BOUND('',#824,.T.);
#579=FACE_OUTER_BOUND('',#825,.T.);
#580=FACE_OUTER_BOUND('',#826,.T.);
#581=FACE_OUTER_BOUND('',#827,.T.);
#582=FACE_OUTER_BOUND('',#828,.T.);
#583=FACE_OUTER_BOUND('',#829,.T.);
#584=FACE_OUTER_BOUND('',#830,.T.);
#585=FACE_OUTER_BOUND('',#831,.T.);
#586=FACE_OUTER_BOUND('',#832,.T.);
#587=FACE_OUTER_BOUND('',#833,.T.);
#588=FACE_OUTER_BOUND('',#834,.T.);
#589=FACE_OUTER_BOUND('',#835,.T.);
#590=FACE_OUTER_BOUND('',#836,.T.);
#591=FACE_OUTER_BOUND('',#837,.T.);
#592=FACE_OUTER_BOUND('',#838,.T.);
#593=FACE_OUTER_BOUND('',#839,.T.);
#594=FACE_OUTER_BOUND('',#840,.T.);
#595=FACE_OUTER_BOUND('',#841,.T.);
#596=FACE_OUTER_BOUND('',#842,.T.);
#597=FACE_OUTER_BOUND('',#843,.T.);
#598=FACE_OUTER_BOUND('',#844,.T.);
#599=FACE_OUTER_BOUND('',#845,.T.);
#600=FACE_OUTER_BOUND('',#846,.T.);
#601=FACE_OUTER_BOUND('',#847,.T.);
#602=FACE_OUTER_BOUND('',#848,.T.);
#603=FACE_OUTER_BOUND('',#849,.T.);
#604=FACE_OUTER_BOUND('',#850,.T.);
#605=FACE_OUTER_BOUND('',#851,.T.);
#606=FACE_OUTER_BOUND('',#852,.T.);
#607=FACE_OUTER_BOUND('',#853,.T.);
#608=FACE_OUTER_BOUND('',#854,.T.);
#609=FACE_OUTER_BOUND('',#855,.T.);
#610=FACE_OUTER_BOUND('',#856,.T.);
#611=FACE_OUTER_BOUND('',#857,.T.);
#612=FACE_OUTER_BOUND('',#858,.T.);
#613=FACE_OUTER_BOUND('',#859,.T.);
#614=FACE_OUTER_BOUND('',#860,.T.);
#615=FACE_OUTER_BOUND('',#861,.T.);
#616=FACE_OUTER_BOUND('',#862,.T.);
#617=FACE_OUTER_BOUND('',#863,.T.);
#618=FACE_OUTER_BOUND('',#864,.T.);
#619=FACE_OUTER_BOUND('',#865,.T.);
#620=FACE_OUTER_BOUND('',#866,.T.);
#621=FACE_OUTER_BOUND('',#867,.T.);
#622=FACE_OUTER_BOUND('',#868,.T.);
#623=FACE_OUTER_BOUND('',#869,.T.);
#624=FACE_OUTER_BOUND('',#870,.T.);
#625=FACE_OUTER_BOUND('',#871,.T.);
#626=FACE_OUTER_BOUND('',#872,.T.);
#627=FACE_OUTER_BOUND('',#873,.T.);
#628=FACE_OUTER_BOUND('',#874,.T.);
#629=FACE_OUTER_BOUND('',#875,.T.);
#630=FACE_OUTER_BOUND('',#876,.T.);
#631=FACE_OUTER_BOUND('',#877,.T.);
#632=FACE_OUTER_BOUND('',#878,.T.);
#633=FACE_OUTER_BOUND('',#879,.T.);
#634=FACE_OUTER_BOUND('',#880,.T.);
#635=FACE_OUTER_BOUND('',#881,.T.);
#636=FACE_OUTER_BOUND('',#882,.T.);
#637=FACE_OUTER_BOUND('',#883,.T.);
#638=FACE_OUTER_BOUND('',#884,.T.);
#639=FACE_OUTER_BOUND('',#885,.T.);
#640=FACE_OUTER_BOUND('',#886,.T.);
#641=FACE_OUTER_BOUND('',#887,.T.);
#642=FACE_OUTER_BOUND('',#888,.T.);
#643=FACE_OUTER_BOUND('',#889,.T.);
#644=FACE_OUTER_BOUND('',#890,.T.);
#645=FACE_OUTER_BOUND('',#891,.T.);
#646=FACE_OUTER_BOUND('',#892,.T.);
#647=FACE_OUTER_BOUND('',#893,.T.);
#648=FACE_OUTER_BOUND('',#894,.T.);
#649=FACE_OUTER_BOUND('',#895,.T.);
#650=FACE_OUTER_BOUND('',#896,.T.);
#651=FACE_OUTER_BOUND('',#897,.T.);
#652=FACE_OUTER_BOUND('',#898,.T.);
#653=FACE_OUTER_BOUND('',#899,.T.);
#654=FACE_OUTER_BOUND('',#900,.T.);
#655=FACE_OUTER_BOUND('',#901,.T.);
#656=FACE_OUTER_BOUND('',#902,.T.);
#657=FACE_OUTER_BOUND('',#903,.T.);
#658=FACE_OUTER_BOUND('',#904,.T.);
#659=FACE_OUTER_BOUND('',#905,.T.);
#660=FACE_OUTER_BOUND('',#906,.T.);
#661=FACE_OUTER_BOUND('',#907,.T.);
#662=FACE_OUTER_BOUND('',#908,.T.);
#663=FACE_OUTER_BOUND('',#909,.T.);
#664=FACE_OUTER_BOUND('',#910,.T.);
#665=FACE_OUTER_BOUND('',#911,.T.);
#666=FACE_OUTER_BOUND('',#912,.T.);
#667=FACE_OUTER_BOUND('',#913,.T.);
#668=FACE_OUTER_BOUND('',#914,.T.);
#669=FACE_OUTER_BOUND('',#915,.T.);
#670=FACE_OUTER_BOUND('',#916,.T.);
#671=FACE_OUTER_BOUND('',#917,.T.);
#672=FACE_OUTER_BOUND('',#918,.T.);
#673=FACE_OUTER_BOUND('',#919,.T.);
#674=FACE_OUTER_BOUND('',#920,.T.);
#675=FACE_OUTER_BOUND('',#921,.T.);
#676=FACE_OUTER_BOUND('',#922,.T.);
#677=FACE_OUTER_BOUND('',#923,.T.);
#678=FACE_OUTER_BOUND('',#924,.T.);
#679=FACE_OUTER_BOUND('',#925,.T.);
#680=FACE_OUTER_BOUND('',#926,.T.);
#681=FACE_OUTER_BOUND('',#927,.T.);
#682=FACE_OUTER_BOUND('',#928,.T.);
#683=FACE_OUTER_BOUND('',#929,.T.);
#684=FACE_OUTER_BOUND('',#930,.T.);
#685=FACE_OUTER_BOUND('',#931,.T.);
#686=FACE_OUTER_BOUND('',#932,.T.);
#687=FACE_OUTER_BOUND('',#933,.T.);
#688=FACE_OUTER_BOUND('',#934,.T.);
#689=FACE_OUTER_BOUND('',#935,.T.);
#690=FACE_OUTER_BOUND('',#936,.T.);
#691=FACE_OUTER_BOUND('',#937,.T.);
#692=FACE_OUTER_BOUND('',#938,.T.);
#693=FACE_OUTER_BOUND('',#939,.T.);
#694=FACE_OUTER_BOUND('',#940,.T.);
#695=FACE_OUTER_BOUND('',#941,.T.);
#696=FACE_OUTER_BOUND('',#942,.T.);
#697=FACE_OUTER_BOUND('',#943,.T.);
#698=FACE_OUTER_BOUND('',#944,.T.);
#699=FACE_OUTER_BOUND('',#945,.T.);
#700=FACE_OUTER_BOUND('',#946,.T.);
#701=FACE_OUTER_BOUND('',#947,.T.);
#702=FACE_OUTER_BOUND('',#948,.T.);
#703=FACE_OUTER_BOUND('',#949,.T.);
#704=FACE_OUTER_BOUND('',#950,.T.);
#705=FACE_OUTER_BOUND('',#951,.T.);
#706=FACE_OUTER_BOUND('',#952,.T.);
#707=FACE_OUTER_BOUND('',#953,.T.);
#708=FACE_OUTER_BOUND('',#954,.T.);
#709=FACE_OUTER_BOUND('',#955,.T.);
#710=FACE_OUTER_BOUND('',#956,.T.);
#711=FACE_OUTER_BOUND('',#957,.T.);
#712=FACE_OUTER_BOUND('',#958,.T.);
#713=FACE_OUTER_BOUND('',#959,.T.);
#714=FACE_OUTER_BOUND('',#960,.T.);
#715=FACE_OUTER_BOUND('',#961,.T.);
#716=FACE_OUTER_BOUND('',#962,.T.);
#717=FACE_OUTER_BOUND('',#963,.T.);
#718=FACE_OUTER_BOUND('',#964,.T.);
#719=FACE_OUTER_BOUND('',#965,.T.);
#720=FACE_OUTER_BOUND('',#966,.T.);
#721=FACE_OUTER_BOUND('',#967,.T.);
#722=FACE_OUTER_BOUND('',#968,.T.);
#723=FACE_OUTER_BOUND('',#969,.T.);
#724=FACE_OUTER_BOUND('',#970,.T.);
#725=FACE_OUTER_BOUND('',#971,.T.);
#726=FACE_OUTER_BOUND('',#972,.T.);
#727=FACE_OUTER_BOUND('',#973,.T.);
#728=FACE_OUTER_BOUND('',#974,.T.);
#729=FACE_OUTER_BOUND('',#975,.T.);
#730=FACE_OUTER_BOUND('',#976,.T.);
#731=FACE_OUTER_BOUND('',#977,.T.);
#732=FACE_OUTER_BOUND('',#978,.T.);
#733=FACE_OUTER_BOUND('',#979,.T.);
#734=FACE_OUTER_BOUND('',#980,.T.);
#735=FACE_OUTER_BOUND('',#981,.T.);
#736=FACE_OUTER_BOUND('',#982,.T.);
#737=FACE_OUTER_BOUND('',#983,.T.);
#738=FACE_OUTER_BOUND('',#984,.T.);
#739=FACE_OUTER_BOUND('',#985,.T.);
#740=FACE_OUTER_BOUND('',#986,.T.);
#741=FACE_OUTER_BOUND('',#987,.T.);
#742=FACE_OUTER_BOUND('',#988,.T.);
#743=FACE_OUTER_BOUND('',#989,.T.);
#744=FACE_OUTER_BOUND('',#990,.T.);
#745=FACE_OUTER_BOUND('',#991,.T.);
#746=FACE_OUTER_BOUND('',#992,.T.);
#747=FACE_OUTER_BOUND('',#993,.T.);
#748=FACE_OUTER_BOUND('',#994,.T.);
#749=FACE_OUTER_BOUND('',#995,.T.);
#750=FACE_OUTER_BOUND('',#996,.T.);
#751=FACE_OUTER_BOUND('',#997,.T.);
#752=FACE_OUTER_BOUND('',#998,.T.);
#753=FACE_OUTER_BOUND('',#999,.T.);
#754=FACE_OUTER_BOUND('',#1000,.T.);
#755=FACE_OUTER_BOUND('',#1001,.T.);
#756=FACE_OUTER_BOUND('',#1002,.T.);
#757=FACE_OUTER_BOUND('',#1003,.T.);
#758=FACE_OUTER_BOUND('',#1004,.T.);
#759=FACE_OUTER_BOUND('',#1005,.T.);
#760=FACE_OUTER_BOUND('',#1006,.T.);
#761=FACE_OUTER_BOUND('',#1007,.T.);
#762=FACE_OUTER_BOUND('',#1008,.T.);
#763=FACE_OUTER_BOUND('',#1009,.T.);
#764=FACE_OUTER_BOUND('',#1010,.T.);
#765=FACE_OUTER_BOUND('',#1011,.T.);
#766=FACE_OUTER_BOUND('',#1012,.T.);
#767=FACE_OUTER_BOUND('',#1013,.T.);
#768=FACE_OUTER_BOUND('',#1014,.T.);
#769=FACE_OUTER_BOUND('',#1015,.T.);
#770=FACE_OUTER_BOUND('',#1019,.T.);
#771=EDGE_LOOP('',(#3059,#3060,#3061,#3062));
#772=EDGE_LOOP('',(#3063,#3064,#3065,#3066));
#773=EDGE_LOOP('',(#3067,#3068,#3069,#3070,#3071,#3072,#3073,#3074));
#774=EDGE_LOOP('',(#3075,#3076,#3077,#3078));
#775=EDGE_LOOP('',(#3079,#3080,#3081,#3082));
#776=EDGE_LOOP('',(#3083,#3084,#3085,#3086,#3087,#3088,#3089,#3090));
#777=EDGE_LOOP('',(#3091,#3092,#3093,#3094));
#778=EDGE_LOOP('',(#3095,#3096,#3097,#3098));
#779=EDGE_LOOP('',(#3099,#3100,#3101,#3102));
#780=EDGE_LOOP('',(#3103,#3104,#3105,#3106));
#781=EDGE_LOOP('',(#3107,#3108,#3109));
#782=EDGE_LOOP('',(#3110,#3111,#3112));
#783=EDGE_LOOP('',(#3113,#3114,#3115,#3116));
#784=EDGE_LOOP('',(#3117,#3118,#3119));
#785=EDGE_LOOP('',(#3120,#3121,#3122,#3123));
#786=EDGE_LOOP('',(#3124,#3125,#3126));
#787=EDGE_LOOP('',(#3127,#3128,#3129,#3130));
#788=EDGE_LOOP('',(#3131,#3132,#3133,#3134));
#789=EDGE_LOOP('',(#3135,#3136,#3137,#3138));
#790=EDGE_LOOP('',(#3139,#3140,#3141,#3142));
#791=EDGE_LOOP('',(#3143,#3144,#3145,#3146));
#792=EDGE_LOOP('',(#3147,#3148,#3149,#3150));
#793=EDGE_LOOP('',(#3151,#3152,#3153,#3154));
#794=EDGE_LOOP('',(#3155,#3156,#3157,#3158));
#795=EDGE_LOOP('',(#3159,#3160,#3161,#3162));
#796=EDGE_LOOP('',(#3163,#3164,#3165,#3166,#3167,#3168,#3169,#3170));
#797=EDGE_LOOP('',(#3171,#3172,#3173,#3174));
#798=EDGE_LOOP('',(#3175,#3176,#3177,#3178));
#799=EDGE_LOOP('',(#3179,#3180,#3181,#3182));
#800=EDGE_LOOP('',(#3183,#3184,#3185,#3186));
#801=EDGE_LOOP('',(#3187,#3188,#3189,#3190));
#802=EDGE_LOOP('',(#3191,#3192,#3193,#3194));
#803=EDGE_LOOP('',(#3195,#3196,#3197,#3198));
#804=EDGE_LOOP('',(#3199,#3200,#3201,#3202));
#805=EDGE_LOOP('',(#3203,#3204,#3205,#3206));
#806=EDGE_LOOP('',(#3207,#3208,#3209,#3210));
#807=EDGE_LOOP('',(#3211,#3212,#3213,#3214));
#808=EDGE_LOOP('',(#3215,#3216,#3217,#3218));
#809=EDGE_LOOP('',(#3219,#3220,#3221,#3222));
#810=EDGE_LOOP('',(#3223,#3224,#3225,#3226));
#811=EDGE_LOOP('',(#3227,#3228,#3229,#3230));
#812=EDGE_LOOP('',(#3231,#3232,#3233,#3234));
#813=EDGE_LOOP('',(#3235,#3236,#3237,#3238));
#814=EDGE_LOOP('',(#3239,#3240,#3241,#3242));
#815=EDGE_LOOP('',(#3243,#3244,#3245,#3246));
#816=EDGE_LOOP('',(#3247,#3248,#3249,#3250));
#817=EDGE_LOOP('',(#3251,#3252,#3253,#3254));
#818=EDGE_LOOP('',(#3255,#3256,#3257,#3258));
#819=EDGE_LOOP('',(#3259,#3260,#3261,#3262));
#820=EDGE_LOOP('',(#3263,#3264,#3265,#3266));
#821=EDGE_LOOP('',(#3267,#3268,#3269,#3270));
#822=EDGE_LOOP('',(#3271,#3272,#3273,#3274));
#823=EDGE_LOOP('',(#3275,#3276,#3277,#3278));
#824=EDGE_LOOP('',(#3279,#3280,#3281,#3282));
#825=EDGE_LOOP('',(#3283,#3284,#3285,#3286));
#826=EDGE_LOOP('',(#3287,#3288,#3289,#3290));
#827=EDGE_LOOP('',(#3291,#3292,#3293,#3294));
#828=EDGE_LOOP('',(#3295,#3296,#3297,#3298));
#829=EDGE_LOOP('',(#3299,#3300,#3301,#3302));
#830=EDGE_LOOP('',(#3303,#3304,#3305,#3306));
#831=EDGE_LOOP('',(#3307,#3308,#3309,#3310));
#832=EDGE_LOOP('',(#3311,#3312,#3313,#3314));
#833=EDGE_LOOP('',(#3315,#3316,#3317,#3318));
#834=EDGE_LOOP('',(#3319,#3320,#3321,#3322));
#835=EDGE_LOOP('',(#3323,#3324,#3325,#3326));
#836=EDGE_LOOP('',(#3327,#3328,#3329,#3330));
#837=EDGE_LOOP('',(#3331,#3332,#3333,#3334));
#838=EDGE_LOOP('',(#3335,#3336,#3337,#3338));
#839=EDGE_LOOP('',(#3339,#3340,#3341,#3342));
#840=EDGE_LOOP('',(#3343,#3344,#3345,#3346));
#841=EDGE_LOOP('',(#3347,#3348,#3349,#3350));
#842=EDGE_LOOP('',(#3351,#3352,#3353,#3354));
#843=EDGE_LOOP('',(#3355,#3356,#3357,#3358));
#844=EDGE_LOOP('',(#3359,#3360,#3361,#3362));
#845=EDGE_LOOP('',(#3363,#3364,#3365,#3366));
#846=EDGE_LOOP('',(#3367,#3368,#3369,#3370));
#847=EDGE_LOOP('',(#3371,#3372,#3373,#3374));
#848=EDGE_LOOP('',(#3375,#3376,#3377,#3378));
#849=EDGE_LOOP('',(#3379,#3380,#3381,#3382));
#850=EDGE_LOOP('',(#3383,#3384,#3385,#3386));
#851=EDGE_LOOP('',(#3387,#3388,#3389,#3390));
#852=EDGE_LOOP('',(#3391,#3392,#3393,#3394));
#853=EDGE_LOOP('',(#3395,#3396,#3397,#3398));
#854=EDGE_LOOP('',(#3399,#3400,#3401,#3402));
#855=EDGE_LOOP('',(#3403,#3404,#3405,#3406));
#856=EDGE_LOOP('',(#3407,#3408,#3409,#3410));
#857=EDGE_LOOP('',(#3411,#3412,#3413,#3414));
#858=EDGE_LOOP('',(#3415,#3416,#3417,#3418));
#859=EDGE_LOOP('',(#3419,#3420,#3421,#3422));
#860=EDGE_LOOP('',(#3423,#3424,#3425,#3426));
#861=EDGE_LOOP('',(#3427,#3428,#3429,#3430));
#862=EDGE_LOOP('',(#3431,#3432,#3433,#3434));
#863=EDGE_LOOP('',(#3435,#3436,#3437,#3438));
#864=EDGE_LOOP('',(#3439,#3440,#3441,#3442));
#865=EDGE_LOOP('',(#3443,#3444,#3445,#3446));
#866=EDGE_LOOP('',(#3447,#3448,#3449,#3450));
#867=EDGE_LOOP('',(#3451,#3452,#3453,#3454));
#868=EDGE_LOOP('',(#3455,#3456,#3457,#3458));
#869=EDGE_LOOP('',(#3459,#3460,#3461,#3462));
#870=EDGE_LOOP('',(#3463,#3464,#3465,#3466));
#871=EDGE_LOOP('',(#3467,#3468,#3469,#3470));
#872=EDGE_LOOP('',(#3471,#3472,#3473,#3474));
#873=EDGE_LOOP('',(#3475,#3476,#3477,#3478));
#874=EDGE_LOOP('',(#3479,#3480,#3481,#3482));
#875=EDGE_LOOP('',(#3483,#3484,#3485,#3486));
#876=EDGE_LOOP('',(#3487,#3488,#3489,#3490));
#877=EDGE_LOOP('',(#3491,#3492,#3493,#3494));
#878=EDGE_LOOP('',(#3495,#3496,#3497,#3498));
#879=EDGE_LOOP('',(#3499,#3500,#3501,#3502));
#880=EDGE_LOOP('',(#3503,#3504,#3505,#3506));
#881=EDGE_LOOP('',(#3507,#3508,#3509,#3510));
#882=EDGE_LOOP('',(#3511,#3512,#3513,#3514));
#883=EDGE_LOOP('',(#3515,#3516,#3517,#3518));
#884=EDGE_LOOP('',(#3519,#3520,#3521,#3522));
#885=EDGE_LOOP('',(#3523,#3524,#3525,#3526));
#886=EDGE_LOOP('',(#3527,#3528,#3529,#3530));
#887=EDGE_LOOP('',(#3531,#3532,#3533,#3534));
#888=EDGE_LOOP('',(#3535,#3536,#3537,#3538));
#889=EDGE_LOOP('',(#3539,#3540,#3541,#3542));
#890=EDGE_LOOP('',(#3543,#3544,#3545,#3546));
#891=EDGE_LOOP('',(#3547,#3548,#3549,#3550));
#892=EDGE_LOOP('',(#3551,#3552,#3553,#3554));
#893=EDGE_LOOP('',(#3555,#3556,#3557,#3558));
#894=EDGE_LOOP('',(#3559,#3560,#3561,#3562));
#895=EDGE_LOOP('',(#3563,#3564,#3565,#3566));
#896=EDGE_LOOP('',(#3567,#3568,#3569,#3570));
#897=EDGE_LOOP('',(#3571,#3572,#3573,#3574));
#898=EDGE_LOOP('',(#3575,#3576,#3577,#3578));
#899=EDGE_LOOP('',(#3579,#3580,#3581,#3582));
#900=EDGE_LOOP('',(#3583,#3584,#3585,#3586));
#901=EDGE_LOOP('',(#3587,#3588,#3589,#3590));
#902=EDGE_LOOP('',(#3591,#3592,#3593,#3594));
#903=EDGE_LOOP('',(#3595,#3596,#3597,#3598));
#904=EDGE_LOOP('',(#3599,#3600,#3601,#3602));
#905=EDGE_LOOP('',(#3603,#3604,#3605,#3606));
#906=EDGE_LOOP('',(#3607,#3608,#3609,#3610));
#907=EDGE_LOOP('',(#3611,#3612,#3613,#3614));
#908=EDGE_LOOP('',(#3615,#3616,#3617,#3618));
#909=EDGE_LOOP('',(#3619,#3620,#3621,#3622));
#910=EDGE_LOOP('',(#3623,#3624,#3625,#3626));
#911=EDGE_LOOP('',(#3627,#3628,#3629,#3630));
#912=EDGE_LOOP('',(#3631,#3632,#3633,#3634));
#913=EDGE_LOOP('',(#3635,#3636,#3637,#3638));
#914=EDGE_LOOP('',(#3639,#3640,#3641,#3642));
#915=EDGE_LOOP('',(#3643,#3644,#3645,#3646));
#916=EDGE_LOOP('',(#3647,#3648,#3649,#3650));
#917=EDGE_LOOP('',(#3651,#3652,#3653,#3654));
#918=EDGE_LOOP('',(#3655,#3656,#3657,#3658));
#919=EDGE_LOOP('',(#3659,#3660,#3661,#3662));
#920=EDGE_LOOP('',(#3663,#3664,#3665,#3666));
#921=EDGE_LOOP('',(#3667,#3668,#3669,#3670));
#922=EDGE_LOOP('',(#3671,#3672,#3673,#3674));
#923=EDGE_LOOP('',(#3675,#3676,#3677,#3678));
#924=EDGE_LOOP('',(#3679,#3680,#3681,#3682));
#925=EDGE_LOOP('',(#3683,#3684,#3685,#3686));
#926=EDGE_LOOP('',(#3687,#3688,#3689,#3690));
#927=EDGE_LOOP('',(#3691,#3692,#3693,#3694));
#928=EDGE_LOOP('',(#3695,#3696,#3697,#3698));
#929=EDGE_LOOP('',(#3699,#3700,#3701,#3702));
#930=EDGE_LOOP('',(#3703,#3704,#3705,#3706));
#931=EDGE_LOOP('',(#3707,#3708,#3709,#3710));
#932=EDGE_LOOP('',(#3711,#3712,#3713,#3714));
#933=EDGE_LOOP('',(#3715,#3716,#3717,#3718));
#934=EDGE_LOOP('',(#3719,#3720,#3721,#3722));
#935=EDGE_LOOP('',(#3723,#3724,#3725,#3726));
#936=EDGE_LOOP('',(#3727,#3728,#3729,#3730));
#937=EDGE_LOOP('',(#3731,#3732,#3733,#3734));
#938=EDGE_LOOP('',(#3735,#3736,#3737,#3738));
#939=EDGE_LOOP('',(#3739,#3740,#3741,#3742));
#940=EDGE_LOOP('',(#3743,#3744,#3745,#3746));
#941=EDGE_LOOP('',(#3747,#3748,#3749,#3750));
#942=EDGE_LOOP('',(#3751,#3752,#3753,#3754));
#943=EDGE_LOOP('',(#3755,#3756,#3757,#3758));
#944=EDGE_LOOP('',(#3759,#3760,#3761,#3762));
#945=EDGE_LOOP('',(#3763,#3764,#3765,#3766));
#946=EDGE_LOOP('',(#3767,#3768,#3769,#3770));
#947=EDGE_LOOP('',(#3771,#3772,#3773,#3774));
#948=EDGE_LOOP('',(#3775,#3776,#3777,#3778));
#949=EDGE_LOOP('',(#3779,#3780,#3781,#3782));
#950=EDGE_LOOP('',(#3783,#3784,#3785,#3786));
#951=EDGE_LOOP('',(#3787,#3788,#3789,#3790));
#952=EDGE_LOOP('',(#3791,#3792,#3793,#3794));
#953=EDGE_LOOP('',(#3795,#3796,#3797,#3798));
#954=EDGE_LOOP('',(#3799,#3800,#3801,#3802));
#955=EDGE_LOOP('',(#3803,#3804,#3805,#3806));
#956=EDGE_LOOP('',(#3807,#3808,#3809,#3810));
#957=EDGE_LOOP('',(#3811,#3812,#3813,#3814));
#958=EDGE_LOOP('',(#3815,#3816,#3817,#3818));
#959=EDGE_LOOP('',(#3819,#3820,#3821,#3822));
#960=EDGE_LOOP('',(#3823,#3824,#3825,#3826));
#961=EDGE_LOOP('',(#3827,#3828,#3829,#3830));
#962=EDGE_LOOP('',(#3831,#3832,#3833,#3834));
#963=EDGE_LOOP('',(#3835,#3836,#3837,#3838));
#964=EDGE_LOOP('',(#3839,#3840,#3841,#3842));
#965=EDGE_LOOP('',(#3843,#3844,#3845,#3846));
#966=EDGE_LOOP('',(#3847,#3848,#3849,#3850));
#967=EDGE_LOOP('',(#3851,#3852,#3853,#3854));
#968=EDGE_LOOP('',(#3855,#3856,#3857,#3858));
#969=EDGE_LOOP('',(#3859,#3860,#3861,#3862));
#970=EDGE_LOOP('',(#3863,#3864,#3865,#3866));
#971=EDGE_LOOP('',(#3867,#3868,#3869,#3870));
#972=EDGE_LOOP('',(#3871,#3872,#3873,#3874));
#973=EDGE_LOOP('',(#3875,#3876,#3877,#3878));
#974=EDGE_LOOP('',(#3879,#3880,#3881,#3882));
#975=EDGE_LOOP('',(#3883,#3884,#3885,#3886));
#976=EDGE_LOOP('',(#3887,#3888,#3889,#3890));
#977=EDGE_LOOP('',(#3891,#3892,#3893,#3894));
#978=EDGE_LOOP('',(#3895,#3896,#3897,#3898));
#979=EDGE_LOOP('',(#3899,#3900,#3901,#3902));
#980=EDGE_LOOP('',(#3903,#3904,#3905,#3906));
#981=EDGE_LOOP('',(#3907,#3908,#3909,#3910));
#982=EDGE_LOOP('',(#3911,#3912,#3913,#3914));
#983=EDGE_LOOP('',(#3915,#3916,#3917,#3918));
#984=EDGE_LOOP('',(#3919,#3920,#3921,#3922));
#985=EDGE_LOOP('',(#3923,#3924,#3925,#3926));
#986=EDGE_LOOP('',(#3927,#3928,#3929,#3930));
#987=EDGE_LOOP('',(#3931,#3932,#3933,#3934));
#988=EDGE_LOOP('',(#3935,#3936,#3937,#3938));
#989=EDGE_LOOP('',(#3939,#3940,#3941,#3942));
#990=EDGE_LOOP('',(#3943,#3944,#3945,#3946));
#991=EDGE_LOOP('',(#3947,#3948,#3949,#3950));
#992=EDGE_LOOP('',(#3951,#3952,#3953,#3954));
#993=EDGE_LOOP('',(#3955,#3956,#3957,#3958));
#994=EDGE_LOOP('',(#3959,#3960,#3961,#3962));
#995=EDGE_LOOP('',(#3963,#3964,#3965,#3966));
#996=EDGE_LOOP('',(#3967,#3968,#3969,#3970));
#997=EDGE_LOOP('',(#3971,#3972,#3973,#3974));
#998=EDGE_LOOP('',(#3975,#3976,#3977,#3978));
#999=EDGE_LOOP('',(#3979,#3980,#3981,#3982));
#1000=EDGE_LOOP('',(#3983,#3984,#3985,#3986));
#1001=EDGE_LOOP('',(#3987,#3988,#3989,#3990));
#1002=EDGE_LOOP('',(#3991,#3992,#3993,#3994));
#1003=EDGE_LOOP('',(#3995,#3996,#3997,#3998));
#1004=EDGE_LOOP('',(#3999,#4000,#4001,#4002));
#1005=EDGE_LOOP('',(#4003,#4004,#4005,#4006));
#1006=EDGE_LOOP('',(#4007,#4008,#4009,#4010));
#1007=EDGE_LOOP('',(#4011,#4012,#4013,#4014));
#1008=EDGE_LOOP('',(#4015,#4016,#4017,#4018));
#1009=EDGE_LOOP('',(#4019,#4020,#4021,#4022));
#1010=EDGE_LOOP('',(#4023,#4024,#4025,#4026));
#1011=EDGE_LOOP('',(#4027,#4028,#4029,#4030));
#1012=EDGE_LOOP('',(#4031,#4032,#4033,#4034));
#1013=EDGE_LOOP('',(#4035,#4036,#4037,#4038));
#1014=EDGE_LOOP('',(#4039,#4040,#4041,#4042));
#1015=EDGE_LOOP('',(#4043,#4044,#4045,#4046,#4047,#4048,#4049,#4050,#4051,
#4052,#4053,#4054,#4055,#4056,#4057,#4058,#4059,#4060,#4061,#4062,#4063,
#4064,#4065,#4066,#4067,#4068,#4069,#4070,#4071,#4072,#4073,#4074,#4075,
#4076,#4077,#4078,#4079,#4080,#4081,#4082,#4083,#4084,#4085,#4086,#4087,
#4088,#4089,#4090,#4091,#4092,#4093,#4094,#4095,#4096,#4097,#4098,#4099,
#4100,#4101,#4102,#4103,#4104,#4105,#4106,#4107,#4108,#4109,#4110,#4111,
#4112,#4113,#4114,#4115,#4116,#4117,#4118,#4119,#4120,#4121,#4122,#4123,
#4124,#4125,#4126,#4127,#4128,#4129,#4130,#4131,#4132,#4133,#4134,#4135,
#4136,#4137,#4138,#4139,#4140,#4141,#4142,#4143,#4144,#4145,#4146,#4147,
#4148,#4149,#4150,#4151,#4152,#4153,#4154,#4155,#4156,#4157,#4158,#4159,
#4160,#4161,#4162,#4163,#4164,#4165,#4166,#4167,#4168,#4169,#4170,#4171,
#4172,#4173,#4174,#4175,#4176,#4177,#4178,#4179,#4180,#4181,#4182,#4183,
#4184,#4185,#4186,#4187,#4188,#4189,#4190,#4191,#4192,#4193,#4194,#4195,
#4196,#4197,#4198,#4199,#4200,#4201,#4202,#4203,#4204,#4205,#4206,#4207,
#4208,#4209,#4210,#4211,#4212,#4213,#4214,#4215,#4216,#4217,#4218,#4219,
#4220,#4221,#4222,#4223,#4224,#4225,#4226));
#1016=EDGE_LOOP('',(#4227,#4228,#4229,#4230,#4231,#4232,#4233,#4234,#4235,
#4236,#4237));
#1017=EDGE_LOOP('',(#4238,#4239,#4240,#4241,#4242,#4243,#4244,#4245,#4246,
#4247));
#1018=EDGE_LOOP('',(#4248,#4249,#4250,#4251,#4252,#4253,#4254,#4255,#4256,
#4257,#4258));
#1019=EDGE_LOOP('',(#4259,#4260,#4261,#4262,#4263,#4264,#4265,#4266,#4267,
#4268,#4269,#4270,#4271,#4272,#4273,#4274,#4275,#4276,#4277,#4278,#4279,
#4280,#4281,#4282,#4283,#4284,#4285,#4286,#4287,#4288,#4289,#4290,#4291,
#4292,#4293,#4294,#4295,#4296,#4297,#4298,#4299,#4300,#4301,#4302,#4303,
#4304,#4305,#4306,#4307,#4308,#4309,#4310,#4311,#4312,#4313,#4314,#4315,
#4316,#4317,#4318,#4319,#4320,#4321,#4322,#4323,#4324,#4325,#4326,#4327,
#4328,#4329,#4330,#4331,#4332,#4333,#4334,#4335,#4336,#4337,#4338,#4339,
#4340,#4341,#4342,#4343,#4344,#4345,#4346,#4347,#4348,#4349,#4350,#4351,
#4352,#4353,#4354,#4355,#4356,#4357,#4358,#4359,#4360,#4361,#4362,#4363,
#4364,#4365,#4366,#4367,#4368,#4369,#4370,#4371,#4372,#4373,#4374,#4375,
#4376,#4377,#4378,#4379,#4380,#4381,#4382,#4383,#4384,#4385,#4386,#4387,
#4388,#4389,#4390,#4391,#4392,#4393,#4394,#4395,#4396,#4397,#4398,#4399,
#4400,#4401,#4402,#4403,#4404,#4405,#4406,#4407,#4408,#4409,#4410,#4411,
#4412,#4413,#4414,#4415,#4416,#4417,#4418,#4419,#4420,#4421,#4422,#4423,
#4424,#4425,#4426,#4427,#4428,#4429,#4430,#4431,#4432,#4433,#4434,#4435,
#4436,#4437,#4438,#4439,#4440,#4441,#4442));
#1020=EDGE_LOOP('',(#4443,#4444,#4445,#4446,#4447,#4448,#4449,#4450,#4451,
#4452,#4453));
#1021=EDGE_LOOP('',(#4454,#4455,#4456,#4457,#4458,#4459,#4460,#4461,#4462,
#4463));
#1022=EDGE_LOOP('',(#4464,#4465,#4466,#4467,#4468,#4469,#4470,#4471,#4472,
#4473,#4474));
#1023=LINE('',#5912,#1431);
#1024=LINE('',#5915,#1432);
#1025=LINE('',#5918,#1433);
#1026=LINE('',#5920,#1434);
#1027=LINE('',#5921,#1435);
#1028=LINE('',#5924,#1436);
#1029=LINE('',#5928,#1437);
#1030=LINE('',#5932,#1438);
#1031=LINE('',#5936,#1439);
#1032=LINE('',#5939,#1440);
#1033=LINE('',#5942,#1441);
#1034=LINE('',#5943,#1442);
#1035=LINE('',#5948,#1443);
#1036=LINE('',#5950,#1444);
#1037=LINE('',#5952,#1445);
#1038=LINE('',#5954,#1446);
#1039=LINE('',#5973,#1447);
#1040=LINE('',#5974,#1448);
#1041=LINE('',#5986,#1449);
#1042=LINE('',#5987,#1450);
#1043=LINE('',#5996,#1451);
#1044=LINE('',#5997,#1452);
#1045=LINE('',#6002,#1453);
#1046=LINE('',#6003,#1454);
#1047=LINE('',#6005,#1455);
#1048=LINE('',#6006,#1456);
#1049=LINE('',#6008,#1457);
#1050=LINE('',#6009,#1458);
#1051=LINE('',#6014,#1459);
#1052=LINE('',#6015,#1460);
#1053=LINE('',#6020,#1461);
#1054=LINE('',#6021,#1462);
#1055=LINE('',#6023,#1463);
#1056=LINE('',#6025,#1464);
#1057=LINE('',#6028,#1465);
#1058=LINE('',#6029,#1466);
#1059=LINE('',#6036,#1467);
#1060=LINE('',#6038,#1468);
#1061=LINE('',#6040,#1469);
#1062=LINE('',#6041,#1470);
#1063=LINE('',#6051,#1471);
#1064=LINE('',#6055,#1472);
#1065=LINE('',#6057,#1473);
#1066=LINE('',#6058,#1474);
#1067=LINE('',#6061,#1475);
#1068=LINE('',#6063,#1476);
#1069=LINE('',#6064,#1477);
#1070=LINE('',#6103,#1478);
#1071=LINE('',#6118,#1479);
#1072=LINE('',#6120,#1480);
#1073=LINE('',#6121,#1481);
#1074=LINE('',#6154,#1482);
#1075=LINE('',#6174,#1483);
#1076=LINE('',#6178,#1484);
#1077=LINE('',#6180,#1485);
#1078=LINE('',#6181,#1486);
#1079=LINE('',#6184,#1487);
#1080=LINE('',#6186,#1488);
#1081=LINE('',#6187,#1489);
#1082=LINE('',#6261,#1490);
#1083=LINE('',#6273,#1491);
#1084=LINE('',#6276,#1492);
#1085=LINE('',#6278,#1493);
#1086=LINE('',#6279,#1494);
#1087=LINE('',#6294,#1495);
#1088=LINE('',#6313,#1496);
#1089=LINE('',#6320,#1497);
#1090=LINE('',#6322,#1498);
#1091=LINE('',#6323,#1499);
#1092=LINE('',#6356,#1500);
#1093=LINE('',#6369,#1501);
#1094=LINE('',#6371,#1502);
#1095=LINE('',#6372,#1503);
#1096=LINE('',#6411,#1504);
#1097=LINE('',#6438,#1505);
#1098=LINE('',#6444,#1506);
#1099=LINE('',#6445,#1507);
#1100=LINE('',#6479,#1508);
#1101=LINE('',#6491,#1509);
#1102=LINE('',#6494,#1510);
#1103=LINE('',#6496,#1511);
#1104=LINE('',#6497,#1512);
#1105=LINE('',#6536,#1513);
#1106=LINE('',#6563,#1514);
#1107=LINE('',#6570,#1515);
#1108=LINE('',#6572,#1516);
#1109=LINE('',#6573,#1517);
#1110=LINE('',#6606,#1518);
#1111=LINE('',#6619,#1519);
#1112=LINE('',#6621,#1520);
#1113=LINE('',#6622,#1521);
#1114=LINE('',#6661,#1522);
#1115=LINE('',#6676,#1523);
#1116=LINE('',#6678,#1524);
#1117=LINE('',#6679,#1525);
#1118=LINE('',#6694,#1526);
#1119=LINE('',#6700,#1527);
#1120=LINE('',#6701,#1528);
#1121=LINE('',#6705,#1529);
#1122=LINE('',#6707,#1530);
#1123=LINE('',#6709,#1531);
#1124=LINE('',#6710,#1532);
#1125=LINE('',#6713,#1533);
#1126=LINE('',#6715,#1534);
#1127=LINE('',#6716,#1535);
#1128=LINE('',#6759,#1536);
#1129=LINE('',#6765,#1537);
#1130=LINE('',#6838,#1538);
#1131=LINE('',#6857,#1539);
#1132=LINE('',#6876,#1540);
#1133=LINE('',#6882,#1541);
#1134=LINE('',#6885,#1542);
#1135=LINE('',#6887,#1543);
#1136=LINE('',#6888,#1544);
#1137=LINE('',#6899,#1545);
#1138=LINE('',#6918,#1546);
#1139=LINE('',#6924,#1547);
#1140=LINE('',#6927,#1548);
#1141=LINE('',#6929,#1549);
#1142=LINE('',#6930,#1550);
#1143=LINE('',#6941,#1551);
#1144=LINE('',#6944,#1552);
#1145=LINE('',#6946,#1553);
#1146=LINE('',#6947,#1554);
#1147=LINE('',#6958,#1555);
#1148=LINE('',#6961,#1556);
#1149=LINE('',#6963,#1557);
#1150=LINE('',#6964,#1558);
#1151=LINE('',#7007,#1559);
#1152=LINE('',#7026,#1560);
#1153=LINE('',#7045,#1561);
#1154=LINE('',#7051,#1562);
#1155=LINE('',#7054,#1563);
#1156=LINE('',#7056,#1564);
#1157=LINE('',#7057,#1565);
#1158=LINE('',#7100,#1566);
#1159=LINE('',#7119,#1567);
#1160=LINE('',#7130,#1568);
#1161=LINE('',#7133,#1569);
#1162=LINE('',#7135,#1570);
#1163=LINE('',#7136,#1571);
#1164=LINE('',#7147,#1572);
#1165=LINE('',#7150,#1573);
#1166=LINE('',#7152,#1574);
#1167=LINE('',#7153,#1575);
#1168=LINE('',#7172,#1576);
#1169=LINE('',#7191,#1577);
#1170=LINE('',#7234,#1578);
#1171=LINE('',#7237,#1579);
#1172=LINE('',#7239,#1580);
#1173=LINE('',#7240,#1581);
#1174=LINE('',#7283,#1582);
#1175=LINE('',#7302,#1583);
#1176=LINE('',#7313,#1584);
#1177=LINE('',#7332,#1585);
#1178=LINE('',#7335,#1586);
#1179=LINE('',#7337,#1587);
#1180=LINE('',#7338,#1588);
#1181=LINE('',#7341,#1589);
#1182=LINE('',#7343,#1590);
#1183=LINE('',#7344,#1591);
#1184=LINE('',#7387,#1592);
#1185=LINE('',#7398,#1593);
#1186=LINE('',#7401,#1594);
#1187=LINE('',#7403,#1595);
#1188=LINE('',#7404,#1596);
#1189=LINE('',#7407,#1597);
#1190=LINE('',#7409,#1598);
#1191=LINE('',#7410,#1599);
#1192=LINE('',#7413,#1600);
#1193=LINE('',#7415,#1601);
#1194=LINE('',#7416,#1602);
#1195=LINE('',#7435,#1603);
#1196=LINE('',#7486,#1604);
#1197=LINE('',#7489,#1605);
#1198=LINE('',#7491,#1606);
#1199=LINE('',#7492,#1607);
#1200=LINE('',#7507,#1608);
#1201=LINE('',#7526,#1609);
#1202=LINE('',#7545,#1610);
#1203=LINE('',#7548,#1611);
#1204=LINE('',#7550,#1612);
#1205=LINE('',#7551,#1613);
#1206=LINE('',#7554,#1614);
#1207=LINE('',#7556,#1615);
#1208=LINE('',#7557,#1616);
#1209=LINE('',#7560,#1617);
#1210=LINE('',#7562,#1618);
#1211=LINE('',#7563,#1619);
#1212=LINE('',#7582,#1620);
#1213=LINE('',#7593,#1621);
#1214=LINE('',#7596,#1622);
#1215=LINE('',#7598,#1623);
#1216=LINE('',#7599,#1624);
#1217=LINE('',#7618,#1625);
#1218=LINE('',#7661,#1626);
#1219=LINE('',#7664,#1627);
#1220=LINE('',#7666,#1628);
#1221=LINE('',#7667,#1629);
#1222=LINE('',#7678,#1630);
#1223=LINE('',#7681,#1631);
#1224=LINE('',#7683,#1632);
#1225=LINE('',#7684,#1633);
#1226=LINE('',#7727,#1634);
#1227=LINE('',#7730,#1635);
#1228=LINE('',#7732,#1636);
#1229=LINE('',#7733,#1637);
#1230=LINE('',#7736,#1638);
#1231=LINE('',#7738,#1639);
#1232=LINE('',#7739,#1640);
#1233=LINE('',#7782,#1641);
#1234=LINE('',#7801,#1642);
#1235=LINE('',#7820,#1643);
#1236=LINE('',#7879,#1644);
#1237=LINE('',#7885,#1645);
#1238=LINE('',#7888,#1646);
#1239=LINE('',#7890,#1647);
#1240=LINE('',#7891,#1648);
#1241=LINE('',#7894,#1649);
#1242=LINE('',#7896,#1650);
#1243=LINE('',#7897,#1651);
#1244=LINE('',#7916,#1652);
#1245=LINE('',#7919,#1653);
#1246=LINE('',#7921,#1654);
#1247=LINE('',#7922,#1655);
#1248=LINE('',#7928,#1656);
#1249=LINE('',#7931,#1657);
#1250=LINE('',#7933,#1658);
#1251=LINE('',#7934,#1659);
#1252=LINE('',#7977,#1660);
#1253=LINE('',#7996,#1661);
#1254=LINE('',#8015,#1662);
#1255=LINE('',#8058,#1663);
#1256=LINE('',#8069,#1664);
#1257=LINE('',#8072,#1665);
#1258=LINE('',#8074,#1666);
#1259=LINE('',#8075,#1667);
#1260=LINE('',#8078,#1668);
#1261=LINE('',#8080,#1669);
#1262=LINE('',#8081,#1670);
#1263=LINE('',#8100,#1671);
#1264=LINE('',#8103,#1672);
#1265=LINE('',#8105,#1673);
#1266=LINE('',#8106,#1674);
#1267=LINE('',#8117,#1675);
#1268=LINE('',#8120,#1676);
#1269=LINE('',#8122,#1677);
#1270=LINE('',#8123,#1678);
#1271=LINE('',#8126,#1679);
#1272=LINE('',#8128,#1680);
#1273=LINE('',#8129,#1681);
#1274=LINE('',#8148,#1682);
#1275=LINE('',#8167,#1683);
#1276=LINE('',#8178,#1684);
#1277=LINE('',#8181,#1685);
#1278=LINE('',#8183,#1686);
#1279=LINE('',#8184,#1687);
#1280=LINE('',#8227,#1688);
#1281=LINE('',#8246,#1689);
#1282=LINE('',#8289,#1690);
#1283=LINE('',#8295,#1691);
#1284=LINE('',#8298,#1692);
#1285=LINE('',#8300,#1693);
#1286=LINE('',#8301,#1694);
#1287=LINE('',#8312,#1695);
#1288=LINE('',#8323,#1696);
#1289=LINE('',#8342,#1697);
#1290=LINE('',#8385,#1698);
#1291=LINE('',#8388,#1699);
#1292=LINE('',#8390,#1700);
#1293=LINE('',#8391,#1701);
#1294=LINE('',#8402,#1702);
#1295=LINE('',#8445,#1703);
#1296=LINE('',#8456,#1704);
#1297=LINE('',#8475,#1705);
#1298=LINE('',#8478,#1706);
#1299=LINE('',#8480,#1707);
#1300=LINE('',#8481,#1708);
#1301=LINE('',#8484,#1709);
#1302=LINE('',#8486,#1710);
#1303=LINE('',#8487,#1711);
#1304=LINE('',#8498,#1712);
#1305=LINE('',#8541,#1713);
#1306=LINE('',#8584,#1714);
#1307=LINE('',#8603,#1715);
#1308=LINE('',#8606,#1716);
#1309=LINE('',#8608,#1717);
#1310=LINE('',#8609,#1718);
#1311=LINE('',#8612,#1719);
#1312=LINE('',#8614,#1720);
#1313=LINE('',#8615,#1721);
#1314=LINE('',#8626,#1722);
#1315=LINE('',#8645,#1723);
#1316=LINE('',#8664,#1724);
#1317=LINE('',#8667,#1725);
#1318=LINE('',#8669,#1726);
#1319=LINE('',#8670,#1727);
#1320=LINE('',#8689,#1728);
#1321=LINE('',#8732,#1729);
#1322=LINE('',#8735,#1730);
#1323=LINE('',#8737,#1731);
#1324=LINE('',#8738,#1732);
#1325=LINE('',#8744,#1733);
#1326=LINE('',#8755,#1734);
#1327=LINE('',#8820,#1735);
#1328=LINE('',#8839,#1736);
#1329=LINE('',#8842,#1737);
#1330=LINE('',#8844,#1738);
#1331=LINE('',#8845,#1739);
#1332=LINE('',#8864,#1740);
#1333=LINE('',#8883,#1741);
#1334=LINE('',#8902,#1742);
#1335=LINE('',#8953,#1743);
#1336=LINE('',#8972,#1744);
#1337=LINE('',#8991,#1745);
#1338=LINE('',#8994,#1746);
#1339=LINE('',#8996,#1747);
#1340=LINE('',#8997,#1748);
#1341=LINE('',#9003,#1749);
#1342=LINE('',#9022,#1750);
#1343=LINE('',#9041,#1751);
#1344=LINE('',#9044,#1752);
#1345=LINE('',#9046,#1753);
#1346=LINE('',#9047,#1754);
#1347=LINE('',#9050,#1755);
#1348=LINE('',#9052,#1756);
#1349=LINE('',#9053,#1757);
#1350=LINE('',#9056,#1758);
#1351=LINE('',#9058,#1759);
#1352=LINE('',#9059,#1760);
#1353=LINE('',#9078,#1761);
#1354=LINE('',#9129,#1762);
#1355=LINE('',#9132,#1763);
#1356=LINE('',#9134,#1764);
#1357=LINE('',#9135,#1765);
#1358=LINE('',#9178,#1766);
#1359=LINE('',#9181,#1767);
#1360=LINE('',#9183,#1768);
#1361=LINE('',#9184,#1769);
#1362=LINE('',#9190,#1770);
#1363=LINE('',#9193,#1771);
#1364=LINE('',#9195,#1772);
#1365=LINE('',#9196,#1773);
#1366=LINE('',#9239,#1774);
#1367=LINE('',#9258,#1775);
#1368=LINE('',#9317,#1776);
#1369=LINE('',#9320,#1777);
#1370=LINE('',#9322,#1778);
#1371=LINE('',#9323,#1779);
#1372=LINE('',#9366,#1780);
#1373=LINE('',#9445,#1781);
#1374=LINE('',#9464,#1782);
#1375=LINE('',#9475,#1783);
#1376=LINE('',#9486,#1784);
#1377=LINE('',#9489,#1785);
#1378=LINE('',#9491,#1786);
#1379=LINE('',#9492,#1787);
#1380=LINE('',#9535,#1788);
#1381=LINE('',#9538,#1789);
#1382=LINE('',#9540,#1790);
#1383=LINE('',#9541,#1791);
#1384=LINE('',#9584,#1792);
#1385=LINE('',#9587,#1793);
#1386=LINE('',#9589,#1794);
#1387=LINE('',#9590,#1795);
#1388=LINE('',#9593,#1796);
#1389=LINE('',#9595,#1797);
#1390=LINE('',#9596,#1798);
#1391=LINE('',#9599,#1799);
#1392=LINE('',#9601,#1800);
#1393=LINE('',#9602,#1801);
#1394=LINE('',#9621,#1802);
#1395=LINE('',#9640,#1803);
#1396=LINE('',#9651,#1804);
#1397=LINE('',#9662,#1805);
#1398=LINE('',#9681,#1806);
#1399=LINE('',#9700,#1807);
#1400=LINE('',#9719,#1808);
#1401=LINE('',#9722,#1809);
#1402=LINE('',#9724,#1810);
#1403=LINE('',#9725,#1811);
#1404=LINE('',#9728,#1812);
#1405=LINE('',#9730,#1813);
#1406=LINE('',#9731,#1814);
#1407=LINE('',#9750,#1815);
#1408=LINE('',#9793,#1816);
#1409=LINE('',#9796,#1817);
#1410=LINE('',#9798,#1818);
#1411=LINE('',#9799,#1819);
#1412=LINE('',#9850,#1820);
#1413=LINE('',#9869,#1821);
#1414=LINE('',#9896,#1822);
#1415=LINE('',#9915,#1823);
#1416=LINE('',#9918,#1824);
#1417=LINE('',#9920,#1825);
#1418=LINE('',#9921,#1826);
#1419=LINE('',#9924,#1827);
#1420=LINE('',#9926,#1828);
#1421=LINE('',#9927,#1829);
#1422=LINE('',#9970,#1830);
#1423=LINE('',#9989,#1831);
#1424=LINE('',#9992,#1832);
#1425=LINE('',#9994,#1833);
#1426=LINE('',#9995,#1834);
#1427=LINE('',#9998,#1835);
#1428=LINE('',#10000,#1836);
#1429=LINE('',#10001,#1837);
#1430=LINE('',#10020,#1838);
#1431=VECTOR('',#5061,10.);
#1432=VECTOR('',#5064,10.);
#1433=VECTOR('',#5067,10.);
#1434=VECTOR('',#5068,10.);
#1435=VECTOR('',#5069,10.);
#1436=VECTOR('',#5072,10.);
#1437=VECTOR('',#5075,10.);
#1438=VECTOR('',#5078,10.);
#1439=VECTOR('',#5083,10.);
#1440=VECTOR('',#5086,10.);
#1441=VECTOR('',#5089,10.);
#1442=VECTOR('',#5090,10.);
#1443=VECTOR('',#5095,10.);
#1444=VECTOR('',#5098,10.);
#1445=VECTOR('',#5101,10.);
#1446=VECTOR('',#5104,10.);
#1447=VECTOR('',#5129,10.);
#1448=VECTOR('',#5130,10.);
#1449=VECTOR('',#5143,10.);
#1450=VECTOR('',#5144,10.);
#1451=VECTOR('',#5155,10.);
#1452=VECTOR('',#5156,10.);
#1453=VECTOR('',#5161,10.);
#1454=VECTOR('',#5162,10.);
#1455=VECTOR('',#5165,10.);
#1456=VECTOR('',#5166,10.);
#1457=VECTOR('',#5169,10.);
#1458=VECTOR('',#5170,10.);
#1459=VECTOR('',#5175,10.);
#1460=VECTOR('',#5176,10.);
#1461=VECTOR('',#5181,10.);
#1462=VECTOR('',#5182,10.);
#1463=VECTOR('',#5185,10.);
#1464=VECTOR('',#5188,10.);
#1465=VECTOR('',#5193,10.);
#1466=VECTOR('',#5194,10.);
#1467=VECTOR('',#5203,3.);
#1468=VECTOR('',#5204,3.);
#1469=VECTOR('',#5205,3.);
#1470=VECTOR('',#5206,3.);
#1471=VECTOR('',#5209,3.);
#1472=VECTOR('',#5214,3.);
#1473=VECTOR('',#5215,3.);
#1474=VECTOR('',#5216,3.);
#1475=VECTOR('',#5219,3.);
#1476=VECTOR('',#5220,3.);
#1477=VECTOR('',#5221,3.);
#1478=VECTOR('',#5222,3.);
#1479=VECTOR('',#5225,3.);
#1480=VECTOR('',#5226,3.);
#1481=VECTOR('',#5227,3.);
#1482=VECTOR('',#5228,3.);
#1483=VECTOR('',#5231,3.);
#1484=VECTOR('',#5236,3.);
#1485=VECTOR('',#5237,3.);
#1486=VECTOR('',#5238,3.);
#1487=VECTOR('',#5241,3.);
#1488=VECTOR('',#5242,3.);
#1489=VECTOR('',#5243,3.);
#1490=VECTOR('',#5244,3.);
#1491=VECTOR('',#5245,3.);
#1492=VECTOR('',#5248,3.);
#1493=VECTOR('',#5249,3.);
#1494=VECTOR('',#5250,3.);
#1495=VECTOR('',#5251,3.);
#1496=VECTOR('',#5252,3.);
#1497=VECTOR('',#5255,3.);
#1498=VECTOR('',#5256,3.);
#1499=VECTOR('',#5257,3.);
#1500=VECTOR('',#5258,3.);
#1501=VECTOR('',#5261,3.);
#1502=VECTOR('',#5262,3.);
#1503=VECTOR('',#5263,3.);
#1504=VECTOR('',#5264,3.);
#1505=VECTOR('',#5265,3.);
#1506=VECTOR('',#5268,3.);
#1507=VECTOR('',#5269,3.);
#1508=VECTOR('',#5270,3.);
#1509=VECTOR('',#5271,3.);
#1510=VECTOR('',#5274,3.);
#1511=VECTOR('',#5275,3.);
#1512=VECTOR('',#5276,3.);
#1513=VECTOR('',#5277,3.);
#1514=VECTOR('',#5278,3.);
#1515=VECTOR('',#5281,3.);
#1516=VECTOR('',#5282,3.);
#1517=VECTOR('',#5283,3.);
#1518=VECTOR('',#5284,3.);
#1519=VECTOR('',#5287,3.);
#1520=VECTOR('',#5288,3.);
#1521=VECTOR('',#5289,3.);
#1522=VECTOR('',#5290,3.);
#1523=VECTOR('',#5293,3.);
#1524=VECTOR('',#5294,3.);
#1525=VECTOR('',#5295,3.);
#1526=VECTOR('',#5296,3.);
#1527=VECTOR('',#5299,3.);
#1528=VECTOR('',#5300,3.);
#1529=VECTOR('',#5303,3.);
#1530=VECTOR('',#5304,3.);
#1531=VECTOR('',#5305,3.);
#1532=VECTOR('',#5306,3.);
#1533=VECTOR('',#5309,3.);
#1534=VECTOR('',#5310,3.);
#1535=VECTOR('',#5311,3.);
#1536=VECTOR('',#5312,3.);
#1537=VECTOR('',#5319,3.);
#1538=VECTOR('',#5320,3.);
#1539=VECTOR('',#5321,3.);
#1540=VECTOR('',#5322,3.);
#1541=VECTOR('',#5329,3.);
#1542=VECTOR('',#5332,3.);
#1543=VECTOR('',#5333,3.);
#1544=VECTOR('',#5334,3.);
#1545=VECTOR('',#5339,3.);
#1546=VECTOR('',#5340,3.);
#1547=VECTOR('',#5347,3.);
#1548=VECTOR('',#5350,3.);
#1549=VECTOR('',#5351,3.);
#1550=VECTOR('',#5352,3.);
#1551=VECTOR('',#5357,3.);
#1552=VECTOR('',#5360,3.);
#1553=VECTOR('',#5361,3.);
#1554=VECTOR('',#5362,3.);
#1555=VECTOR('',#5367,3.);
#1556=VECTOR('',#5370,3.);
#1557=VECTOR('',#5371,3.);
#1558=VECTOR('',#5372,3.);
#1559=VECTOR('',#5373,3.);
#1560=VECTOR('',#5374,3.);
#1561=VECTOR('',#5375,3.);
#1562=VECTOR('',#5382,3.);
#1563=VECTOR('',#5385,3.);
#1564=VECTOR('',#5386,3.);
#1565=VECTOR('',#5387,3.);
#1566=VECTOR('',#5388,3.);
#1567=VECTOR('',#5389,3.);
#1568=VECTOR('',#5394,3.);
#1569=VECTOR('',#5397,3.);
#1570=VECTOR('',#5398,3.);
#1571=VECTOR('',#5399,3.);
#1572=VECTOR('',#5404,3.);
#1573=VECTOR('',#5407,3.);
#1574=VECTOR('',#5408,3.);
#1575=VECTOR('',#5409,3.);
#1576=VECTOR('',#5410,3.);
#1577=VECTOR('',#5411,3.);
#1578=VECTOR('',#5412,3.);
#1579=VECTOR('',#5415,3.);
#1580=VECTOR('',#5416,3.);
#1581=VECTOR('',#5417,3.);
#1582=VECTOR('',#5418,3.);
#1583=VECTOR('',#5419,3.);
#1584=VECTOR('',#5424,3.);
#1585=VECTOR('',#5425,3.);
#1586=VECTOR('',#5428,3.);
#1587=VECTOR('',#5429,3.);
#1588=VECTOR('',#5430,3.);
#1589=VECTOR('',#5433,3.);
#1590=VECTOR('',#5434,3.);
#1591=VECTOR('',#5435,3.);
#1592=VECTOR('',#5436,3.);
#1593=VECTOR('',#5441,3.);
#1594=VECTOR('',#5444,3.);
#1595=VECTOR('',#5445,3.);
#1596=VECTOR('',#5446,3.);
#1597=VECTOR('',#5449,3.);
#1598=VECTOR('',#5450,3.);
#1599=VECTOR('',#5451,3.);
#1600=VECTOR('',#5454,3.);
#1601=VECTOR('',#5455,3.);
#1602=VECTOR('',#5456,3.);
#1603=VECTOR('',#5457,3.);
#1604=VECTOR('',#5458,3.);
#1605=VECTOR('',#5461,3.);
#1606=VECTOR('',#5462,3.);
#1607=VECTOR('',#5463,3.);
#1608=VECTOR('',#5468,3.);
#1609=VECTOR('',#5469,3.);
#1610=VECTOR('',#5470,3.);
#1611=VECTOR('',#5473,3.);
#1612=VECTOR('',#5474,3.);
#1613=VECTOR('',#5475,3.);
#1614=VECTOR('',#5478,3.);
#1615=VECTOR('',#5479,3.);
#1616=VECTOR('',#5480,3.);
#1617=VECTOR('',#5483,3.);
#1618=VECTOR('',#5484,3.);
#1619=VECTOR('',#5485,3.);
#1620=VECTOR('',#5486,3.);
#1621=VECTOR('',#5491,3.);
#1622=VECTOR('',#5494,3.);
#1623=VECTOR('',#5495,3.);
#1624=VECTOR('',#5496,3.);
#1625=VECTOR('',#5497,3.);
#1626=VECTOR('',#5498,3.);
#1627=VECTOR('',#5501,3.);
#1628=VECTOR('',#5502,3.);
#1629=VECTOR('',#5503,3.);
#1630=VECTOR('',#5508,3.);
#1631=VECTOR('',#5511,3.);
#1632=VECTOR('',#5512,3.);
#1633=VECTOR('',#5513,3.);
#1634=VECTOR('',#5514,3.);
#1635=VECTOR('',#5517,3.);
#1636=VECTOR('',#5518,3.);
#1637=VECTOR('',#5519,3.);
#1638=VECTOR('',#5522,3.);
#1639=VECTOR('',#5523,3.);
#1640=VECTOR('',#5524,3.);
#1641=VECTOR('',#5525,3.);
#1642=VECTOR('',#5526,3.);
#1643=VECTOR('',#5527,3.);
#1644=VECTOR('',#5528,3.);
#1645=VECTOR('',#5535,3.);
#1646=VECTOR('',#5538,3.);
#1647=VECTOR('',#5539,3.);
#1648=VECTOR('',#5540,3.);
#1649=VECTOR('',#5543,3.);
#1650=VECTOR('',#5544,3.);
#1651=VECTOR('',#5545,3.);
#1652=VECTOR('',#5546,3.);
#1653=VECTOR('',#5549,3.);
#1654=VECTOR('',#5550,3.);
#1655=VECTOR('',#5551,3.);
#1656=VECTOR('',#5558,3.);
#1657=VECTOR('',#5561,3.);
#1658=VECTOR('',#5562,3.);
#1659=VECTOR('',#5563,3.);
#1660=VECTOR('',#5564,3.);
#1661=VECTOR('',#5565,3.);
#1662=VECTOR('',#5566,3.);
#1663=VECTOR('',#5567,3.);
#1664=VECTOR('',#5572,3.);
#1665=VECTOR('',#5575,3.);
#1666=VECTOR('',#5576,3.);
#1667=VECTOR('',#5577,3.);
#1668=VECTOR('',#5580,3.);
#1669=VECTOR('',#5581,3.);
#1670=VECTOR('',#5582,3.);
#1671=VECTOR('',#5583,3.);
#1672=VECTOR('',#5586,3.);
#1673=VECTOR('',#5587,3.);
#1674=VECTOR('',#5588,3.);
#1675=VECTOR('',#5593,3.);
#1676=VECTOR('',#5596,3.);
#1677=VECTOR('',#5597,3.);
#1678=VECTOR('',#5598,3.);
#1679=VECTOR('',#5601,3.);
#1680=VECTOR('',#5602,3.);
#1681=VECTOR('',#5603,3.);
#1682=VECTOR('',#5604,3.);
#1683=VECTOR('',#5605,3.);
#1684=VECTOR('',#5610,3.);
#1685=VECTOR('',#5613,3.);
#1686=VECTOR('',#5614,3.);
#1687=VECTOR('',#5615,3.);
#1688=VECTOR('',#5616,3.);
#1689=VECTOR('',#5617,3.);
#1690=VECTOR('',#5618,3.);
#1691=VECTOR('',#5625,3.);
#1692=VECTOR('',#5628,3.);
#1693=VECTOR('',#5629,3.);
#1694=VECTOR('',#5630,3.);
#1695=VECTOR('',#5635,3.);
#1696=VECTOR('',#5640,3.);
#1697=VECTOR('',#5641,3.);
#1698=VECTOR('',#5642,3.);
#1699=VECTOR('',#5645,3.);
#1700=VECTOR('',#5646,3.);
#1701=VECTOR('',#5647,3.);
#1702=VECTOR('',#5652,3.);
#1703=VECTOR('',#5653,3.);
#1704=VECTOR('',#5658,3.);
#1705=VECTOR('',#5659,3.);
#1706=VECTOR('',#5662,3.);
#1707=VECTOR('',#5663,3.);
#1708=VECTOR('',#5664,3.);
#1709=VECTOR('',#5667,3.);
#1710=VECTOR('',#5668,3.);
#1711=VECTOR('',#5669,3.);
#1712=VECTOR('',#5674,3.);
#1713=VECTOR('',#5675,3.);
#1714=VECTOR('',#5676,3.);
#1715=VECTOR('',#5677,3.);
#1716=VECTOR('',#5680,3.);
#1717=VECTOR('',#5681,3.);
#1718=VECTOR('',#5682,3.);
#1719=VECTOR('',#5685,3.);
#1720=VECTOR('',#5686,3.);
#1721=VECTOR('',#5687,3.);
#1722=VECTOR('',#5692,3.);
#1723=VECTOR('',#5693,3.);
#1724=VECTOR('',#5694,3.);
#1725=VECTOR('',#5697,3.);
#1726=VECTOR('',#5698,3.);
#1727=VECTOR('',#5699,3.);
#1728=VECTOR('',#5700,3.);
#1729=VECTOR('',#5701,3.);
#1730=VECTOR('',#5704,3.);
#1731=VECTOR('',#5705,3.);
#1732=VECTOR('',#5706,3.);
#1733=VECTOR('',#5713,3.);
#1734=VECTOR('',#5718,3.);
#1735=VECTOR('',#5719,3.);
#1736=VECTOR('',#5720,3.);
#1737=VECTOR('',#5723,3.);
#1738=VECTOR('',#5724,3.);
#1739=VECTOR('',#5725,3.);
#1740=VECTOR('',#5726,3.);
#1741=VECTOR('',#5727,3.);
#1742=VECTOR('',#5728,3.);
#1743=VECTOR('',#5729,3.);
#1744=VECTOR('',#5730,3.);
#1745=VECTOR('',#5731,3.);
#1746=VECTOR('',#5734,3.);
#1747=VECTOR('',#5735,3.);
#1748=VECTOR('',#5736,3.);
#1749=VECTOR('',#5743,3.);
#1750=VECTOR('',#5744,3.);
#1751=VECTOR('',#5745,3.);
#1752=VECTOR('',#5748,3.);
#1753=VECTOR('',#5749,3.);
#1754=VECTOR('',#5750,3.);
#1755=VECTOR('',#5753,3.);
#1756=VECTOR('',#5754,3.);
#1757=VECTOR('',#5755,3.);
#1758=VECTOR('',#5758,3.);
#1759=VECTOR('',#5759,3.);
#1760=VECTOR('',#5760,3.);
#1761=VECTOR('',#5761,3.);
#1762=VECTOR('',#5762,3.);
#1763=VECTOR('',#5765,3.);
#1764=VECTOR('',#5766,3.);
#1765=VECTOR('',#5767,3.);
#1766=VECTOR('',#5768,3.);
#1767=VECTOR('',#5771,3.);
#1768=VECTOR('',#5772,3.);
#1769=VECTOR('',#5773,3.);
#1770=VECTOR('',#5780,3.);
#1771=VECTOR('',#5783,3.);
#1772=VECTOR('',#5784,3.);
#1773=VECTOR('',#5785,3.);
#1774=VECTOR('',#5786,3.);
#1775=VECTOR('',#5787,3.);
#1776=VECTOR('',#5788,3.);
#1777=VECTOR('',#5791,3.);
#1778=VECTOR('',#5792,3.);
#1779=VECTOR('',#5793,3.);
#1780=VECTOR('',#5794,3.);
#1781=VECTOR('',#5795,3.);
#1782=VECTOR('',#5796,3.);
#1783=VECTOR('',#5801,3.);
#1784=VECTOR('',#5806,3.);
#1785=VECTOR('',#5809,3.);
#1786=VECTOR('',#5810,3.);
#1787=VECTOR('',#5811,3.);
#1788=VECTOR('',#5812,3.);
#1789=VECTOR('',#5815,3.);
#1790=VECTOR('',#5816,3.);
#1791=VECTOR('',#5817,3.);
#1792=VECTOR('',#5818,3.);
#1793=VECTOR('',#5821,3.);
#1794=VECTOR('',#5822,3.);
#1795=VECTOR('',#5823,3.);
#1796=VECTOR('',#5826,3.);
#1797=VECTOR('',#5827,3.);
#1798=VECTOR('',#5828,3.);
#1799=VECTOR('',#5831,3.);
#1800=VECTOR('',#5832,3.);
#1801=VECTOR('',#5833,3.);
#1802=VECTOR('',#5834,3.);
#1803=VECTOR('',#5835,3.);
#1804=VECTOR('',#5840,3.);
#1805=VECTOR('',#5845,3.);
#1806=VECTOR('',#5846,3.);
#1807=VECTOR('',#5847,3.);
#1808=VECTOR('',#5848,3.);
#1809=VECTOR('',#5851,3.);
#1810=VECTOR('',#5852,3.);
#1811=VECTOR('',#5853,3.);
#1812=VECTOR('',#5856,3.);
#1813=VECTOR('',#5857,3.);
#1814=VECTOR('',#5858,3.);
#1815=VECTOR('',#5859,3.);
#1816=VECTOR('',#5860,3.);
#1817=VECTOR('',#5863,3.);
#1818=VECTOR('',#5864,3.);
#1819=VECTOR('',#5865,3.);
#1820=VECTOR('',#5866,3.);
#1821=VECTOR('',#5867,3.);
#1822=VECTOR('',#5868,3.);
#1823=VECTOR('',#5869,3.);
#1824=VECTOR('',#5872,3.);
#1825=VECTOR('',#5873,3.);
#1826=VECTOR('',#5874,3.);
#1827=VECTOR('',#5877,3.);
#1828=VECTOR('',#5878,3.);
#1829=VECTOR('',#5879,3.);
#1830=VECTOR('',#5880,3.);
#1831=VECTOR('',#5881,3.);
#1832=VECTOR('',#5884,3.);
#1833=VECTOR('',#5885,3.);
#1834=VECTOR('',#5886,3.);
#1835=VECTOR('',#5889,3.);
#1836=VECTOR('',#5890,3.);
#1837=VECTOR('',#5891,3.);
#1838=VECTOR('',#5892,3.);
#1839=CIRCLE('',#4834,0.05);
#1840=CIRCLE('',#4835,0.05);
#1841=CIRCLE('',#4838,0.05);
#1842=CIRCLE('',#4839,0.05);
#1843=CIRCLE('',#4840,0.05);
#1844=CIRCLE('',#4842,0.05);
#1845=CIRCLE('',#4845,0.05);
#1846=CIRCLE('',#4846,0.05);
#1847=CIRCLE('',#4853,0.05);
#1848=CIRCLE('',#4854,0.05);
#1849=CIRCLE('',#4855,0.05);
#1850=CIRCLE('',#4857,0.05);
#1851=CIRCLE('',#4858,0.05);
#1852=CIRCLE('',#4859,0.05);
#1853=CIRCLE('',#4862,0.05);
#1854=CIRCLE('',#4863,0.05);
#1855=CIRCLE('',#4864,0.05);
#1856=CIRCLE('',#4866,0.05);
#1857=CIRCLE('',#4868,0.05);
#1858=CIRCLE('',#4869,0.05);
#1859=CIRCLE('',#4870,0.05);
#1860=CIRCLE('',#4873,0.05);
#1861=CIRCLE('',#4877,0.05);
#1862=CIRCLE('',#4879,0.05);
#1863=CIRCLE('',#4909,0.00408622206034811);
#1864=CIRCLE('',#4910,0.00408622206034811);
#1865=CIRCLE('',#4912,0.00414226707715221);
#1866=CIRCLE('',#4913,0.00414226707715221);
#1867=CIRCLE('',#4918,0.00419206092244103);
#1868=CIRCLE('',#4919,0.00419206092244103);
#1869=CIRCLE('',#4928,0.00418121513004777);
#1870=CIRCLE('',#4929,0.00418121513004777);
#1871=CIRCLE('',#4963,0.0043480283295422);
#1872=CIRCLE('',#4964,0.0043480283295422);
#1873=CIRCLE('',#4969,0.00416208103813164);
#1874=CIRCLE('',#4970,0.00416208103813164);
#1875=CIRCLE('',#4985,0.00407860827436444);
#1876=CIRCLE('',#4986,0.00407860827436444);
#1877=CIRCLE('',#5008,0.00418066809340075);
#1878=CIRCLE('',#5009,0.00418066809340075);
#1879=CIRCLE('',#5015,0.0176122385246971);
#1880=CIRCLE('',#5016,0.0176122385246971);
#1881=CIRCLE('',#5023,0.00416209703712224);
#1882=CIRCLE('',#5024,0.00416209703712224);
#1883=VERTEX_POINT('',#5908);
#1884=VERTEX_POINT('',#5909);
#1885=VERTEX_POINT('',#5911);
#1886=VERTEX_POINT('',#5913);
#1887=VERTEX_POINT('',#5917);
#1888=VERTEX_POINT('',#5919);
#1889=VERTEX_POINT('',#5923);
#1890=VERTEX_POINT('',#5925);
#1891=VERTEX_POINT('',#5927);
#1892=VERTEX_POINT('',#5929);
#1893=VERTEX_POINT('',#5931);
#1894=VERTEX_POINT('',#5935);
#1895=VERTEX_POINT('',#5937);
#1896=VERTEX_POINT('',#5941);
#1897=VERTEX_POINT('',#5945);
#1898=VERTEX_POINT('',#5947);
#1899=VERTEX_POINT('',#5959);
#1900=VERTEX_POINT('',#5960);
#1901=VERTEX_POINT('',#5962);
#1902=VERTEX_POINT('',#5966);
#1903=VERTEX_POINT('',#5967);
#1904=VERTEX_POINT('',#5969);
#1905=VERTEX_POINT('',#5976);
#1906=VERTEX_POINT('',#5977);
#1907=VERTEX_POINT('',#5979);
#1908=VERTEX_POINT('',#5983);
#1909=VERTEX_POINT('',#5984);
#1910=VERTEX_POINT('',#5989);
#1911=VERTEX_POINT('',#5990);
#1912=VERTEX_POINT('',#5992);
#1913=VERTEX_POINT('',#5999);
#1914=VERTEX_POINT('',#6000);
#1915=VERTEX_POINT('',#6011);
#1916=VERTEX_POINT('',#6012);
#1917=VERTEX_POINT('',#6017);
#1918=VERTEX_POINT('',#6018);
#1919=VERTEX_POINT('',#6034);
#1920=VERTEX_POINT('',#6035);
#1921=VERTEX_POINT('',#6037);
#1922=VERTEX_POINT('',#6039);
#1923=VERTEX_POINT('',#6048);
#1924=VERTEX_POINT('',#6050);
#1925=VERTEX_POINT('',#6054);
#1926=VERTEX_POINT('',#6056);
#1927=VERTEX_POINT('',#6060);
#1928=VERTEX_POINT('',#6062);
#1929=VERTEX_POINT('',#6089);
#1930=VERTEX_POINT('',#6102);
#1931=VERTEX_POINT('',#6117);
#1932=VERTEX_POINT('',#6119);
#1933=VERTEX_POINT('',#6142);
#1934=VERTEX_POINT('',#6153);
#1935=VERTEX_POINT('',#6171);
#1936=VERTEX_POINT('',#6173);
#1937=VERTEX_POINT('',#6177);
#1938=VERTEX_POINT('',#6179);
#1939=VERTEX_POINT('',#6183);
#1940=VERTEX_POINT('',#6185);
#1941=VERTEX_POINT('',#6248);
#1942=VERTEX_POINT('',#6249);
#1943=VERTEX_POINT('',#6260);
#1944=VERTEX_POINT('',#6262);
#1945=VERTEX_POINT('',#6275);
#1946=VERTEX_POINT('',#6277);
#1947=VERTEX_POINT('',#6288);
#1948=VERTEX_POINT('',#6293);
#1949=VERTEX_POINT('',#6307);
#1950=VERTEX_POINT('',#6312);
#1951=VERTEX_POINT('',#6319);
#1952=VERTEX_POINT('',#6321);
#1953=VERTEX_POINT('',#6344);
#1954=VERTEX_POINT('',#6355);
#1955=VERTEX_POINT('',#6368);
#1956=VERTEX_POINT('',#6370);
#1957=VERTEX_POINT('',#6397);
#1958=VERTEX_POINT('',#6410);
#1959=VERTEX_POINT('',#6432);
#1960=VERTEX_POINT('',#6437);
#1961=VERTEX_POINT('',#6466);
#1962=VERTEX_POINT('',#6467);
#1963=VERTEX_POINT('',#6478);
#1964=VERTEX_POINT('',#6480);
#1965=VERTEX_POINT('',#6493);
#1966=VERTEX_POINT('',#6495);
#1967=VERTEX_POINT('',#6522);
#1968=VERTEX_POINT('',#6535);
#1969=VERTEX_POINT('',#6557);
#1970=VERTEX_POINT('',#6562);
#1971=VERTEX_POINT('',#6569);
#1972=VERTEX_POINT('',#6571);
#1973=VERTEX_POINT('',#6594);
#1974=VERTEX_POINT('',#6605);
#1975=VERTEX_POINT('',#6618);
#1976=VERTEX_POINT('',#6620);
#1977=VERTEX_POINT('',#6647);
#1978=VERTEX_POINT('',#6660);
#1979=VERTEX_POINT('',#6675);
#1980=VERTEX_POINT('',#6677);
#1981=VERTEX_POINT('',#6688);
#1982=VERTEX_POINT('',#6693);
#1983=VERTEX_POINT('',#6703);
#1984=VERTEX_POINT('',#6704);
#1985=VERTEX_POINT('',#6706);
#1986=VERTEX_POINT('',#6708);
#1987=VERTEX_POINT('',#6712);
#1988=VERTEX_POINT('',#6714);
#1989=VERTEX_POINT('',#6737);
#1990=VERTEX_POINT('',#6748);
#1991=VERTEX_POINT('',#6761);
#1992=VERTEX_POINT('',#6763);
#1993=VERTEX_POINT('',#6800);
#1994=VERTEX_POINT('',#6819);
#1995=VERTEX_POINT('',#6847);
#1996=VERTEX_POINT('',#6852);
#1997=VERTEX_POINT('',#6866);
#1998=VERTEX_POINT('',#6871);
#1999=VERTEX_POINT('',#6878);
#2000=VERTEX_POINT('',#6880);
#2001=VERTEX_POINT('',#6884);
#2002=VERTEX_POINT('',#6886);
#2003=VERTEX_POINT('',#6895);
#2004=VERTEX_POINT('',#6897);
#2005=VERTEX_POINT('',#6908);
#2006=VERTEX_POINT('',#6913);
#2007=VERTEX_POINT('',#6920);
#2008=VERTEX_POINT('',#6922);
#2009=VERTEX_POINT('',#6926);
#2010=VERTEX_POINT('',#6928);
#2011=VERTEX_POINT('',#6937);
#2012=VERTEX_POINT('',#6939);
#2013=VERTEX_POINT('',#6943);
#2014=VERTEX_POINT('',#6945);
#2015=VERTEX_POINT('',#6954);
#2016=VERTEX_POINT('',#6956);
#2017=VERTEX_POINT('',#6960);
#2018=VERTEX_POINT('',#6962);
#2019=VERTEX_POINT('',#6985);
#2020=VERTEX_POINT('',#6996);
#2021=VERTEX_POINT('',#7016);
#2022=VERTEX_POINT('',#7021);
#2023=VERTEX_POINT('',#7035);
#2024=VERTEX_POINT('',#7040);
#2025=VERTEX_POINT('',#7047);
#2026=VERTEX_POINT('',#7049);
#2027=VERTEX_POINT('',#7053);
#2028=VERTEX_POINT('',#7055);
#2029=VERTEX_POINT('',#7078);
#2030=VERTEX_POINT('',#7089);
#2031=VERTEX_POINT('',#7109);
#2032=VERTEX_POINT('',#7114);
#2033=VERTEX_POINT('',#7126);
#2034=VERTEX_POINT('',#7128);
#2035=VERTEX_POINT('',#7132);
#2036=VERTEX_POINT('',#7134);
#2037=VERTEX_POINT('',#7143);
#2038=VERTEX_POINT('',#7145);
#2039=VERTEX_POINT('',#7149);
#2040=VERTEX_POINT('',#7151);
#2041=VERTEX_POINT('',#7162);
#2042=VERTEX_POINT('',#7167);
#2043=VERTEX_POINT('',#7181);
#2044=VERTEX_POINT('',#7186);
#2045=VERTEX_POINT('',#7212);
#2046=VERTEX_POINT('',#7223);
#2047=VERTEX_POINT('',#7236);
#2048=VERTEX_POINT('',#7238);
#2049=VERTEX_POINT('',#7261);
#2050=VERTEX_POINT('',#7272);
#2051=VERTEX_POINT('',#7292);
#2052=VERTEX_POINT('',#7297);
#2053=VERTEX_POINT('',#7309);
#2054=VERTEX_POINT('',#7311);
#2055=VERTEX_POINT('',#7322);
#2056=VERTEX_POINT('',#7327);
#2057=VERTEX_POINT('',#7334);
#2058=VERTEX_POINT('',#7336);
#2059=VERTEX_POINT('',#7340);
#2060=VERTEX_POINT('',#7342);
#2061=VERTEX_POINT('',#7365);
#2062=VERTEX_POINT('',#7376);
#2063=VERTEX_POINT('',#7394);
#2064=VERTEX_POINT('',#7396);
#2065=VERTEX_POINT('',#7400);
#2066=VERTEX_POINT('',#7402);
#2067=VERTEX_POINT('',#7406);
#2068=VERTEX_POINT('',#7408);
#2069=VERTEX_POINT('',#7412);
#2070=VERTEX_POINT('',#7414);
#2071=VERTEX_POINT('',#7425);
#2072=VERTEX_POINT('',#7430);
#2073=VERTEX_POINT('',#7460);
#2074=VERTEX_POINT('',#7473);
#2075=VERTEX_POINT('',#7488);
#2076=VERTEX_POINT('',#7490);
#2077=VERTEX_POINT('',#7503);
#2078=VERTEX_POINT('',#7505);
#2079=VERTEX_POINT('',#7516);
#2080=VERTEX_POINT('',#7521);
#2081=VERTEX_POINT('',#7535);
#2082=VERTEX_POINT('',#7540);
#2083=VERTEX_POINT('',#7547);
#2084=VERTEX_POINT('',#7549);
#2085=VERTEX_POINT('',#7553);
#2086=VERTEX_POINT('',#7555);
#2087=VERTEX_POINT('',#7559);
#2088=VERTEX_POINT('',#7561);
#2089=VERTEX_POINT('',#7572);
#2090=VERTEX_POINT('',#7577);
#2091=VERTEX_POINT('',#7589);
#2092=VERTEX_POINT('',#7591);
#2093=VERTEX_POINT('',#7595);
#2094=VERTEX_POINT('',#7597);
#2095=VERTEX_POINT('',#7608);
#2096=VERTEX_POINT('',#7613);
#2097=VERTEX_POINT('',#7639);
#2098=VERTEX_POINT('',#7650);
#2099=VERTEX_POINT('',#7663);
#2100=VERTEX_POINT('',#7665);
#2101=VERTEX_POINT('',#7674);
#2102=VERTEX_POINT('',#7676);
#2103=VERTEX_POINT('',#7680);
#2104=VERTEX_POINT('',#7682);
#2105=VERTEX_POINT('',#7705);
#2106=VERTEX_POINT('',#7716);
#2107=VERTEX_POINT('',#7729);
#2108=VERTEX_POINT('',#7731);
#2109=VERTEX_POINT('',#7735);
#2110=VERTEX_POINT('',#7737);
#2111=VERTEX_POINT('',#7760);
#2112=VERTEX_POINT('',#7771);
#2113=VERTEX_POINT('',#7791);
#2114=VERTEX_POINT('',#7796);
#2115=VERTEX_POINT('',#7810);
#2116=VERTEX_POINT('',#7815);
#2117=VERTEX_POINT('',#7849);
#2118=VERTEX_POINT('',#7864);
#2119=VERTEX_POINT('',#7881);
#2120=VERTEX_POINT('',#7883);
#2121=VERTEX_POINT('',#7887);
#2122=VERTEX_POINT('',#7889);
#2123=VERTEX_POINT('',#7893);
#2124=VERTEX_POINT('',#7895);
#2125=VERTEX_POINT('',#7906);
#2126=VERTEX_POINT('',#7911);
#2127=VERTEX_POINT('',#7918);
#2128=VERTEX_POINT('',#7920);
#2129=VERTEX_POINT('',#7924);
#2130=VERTEX_POINT('',#7926);
#2131=VERTEX_POINT('',#7930);
#2132=VERTEX_POINT('',#7932);
#2133=VERTEX_POINT('',#7955);
#2134=VERTEX_POINT('',#7966);
#2135=VERTEX_POINT('',#7986);
#2136=VERTEX_POINT('',#7991);
#2137=VERTEX_POINT('',#8005);
#2138=VERTEX_POINT('',#8010);
#2139=VERTEX_POINT('',#8036);
#2140=VERTEX_POINT('',#8047);
#2141=VERTEX_POINT('',#8065);
#2142=VERTEX_POINT('',#8067);
#2143=VERTEX_POINT('',#8071);
#2144=VERTEX_POINT('',#8073);
#2145=VERTEX_POINT('',#8077);
#2146=VERTEX_POINT('',#8079);
#2147=VERTEX_POINT('',#8090);
#2148=VERTEX_POINT('',#8095);
#2149=VERTEX_POINT('',#8102);
#2150=VERTEX_POINT('',#8104);
#2151=VERTEX_POINT('',#8113);
#2152=VERTEX_POINT('',#8115);
#2153=VERTEX_POINT('',#8119);
#2154=VERTEX_POINT('',#8121);
#2155=VERTEX_POINT('',#8125);
#2156=VERTEX_POINT('',#8127);
#2157=VERTEX_POINT('',#8138);
#2158=VERTEX_POINT('',#8143);
#2159=VERTEX_POINT('',#8157);
#2160=VERTEX_POINT('',#8162);
#2161=VERTEX_POINT('',#8174);
#2162=VERTEX_POINT('',#8176);
#2163=VERTEX_POINT('',#8180);
#2164=VERTEX_POINT('',#8182);
#2165=VERTEX_POINT('',#8205);
#2166=VERTEX_POINT('',#8216);
#2167=VERTEX_POINT('',#8236);
#2168=VERTEX_POINT('',#8241);
#2169=VERTEX_POINT('',#8267);
#2170=VERTEX_POINT('',#8278);
#2171=VERTEX_POINT('',#8291);
#2172=VERTEX_POINT('',#8293);
#2173=VERTEX_POINT('',#8297);
#2174=VERTEX_POINT('',#8299);
#2175=VERTEX_POINT('',#8308);
#2176=VERTEX_POINT('',#8310);
#2177=VERTEX_POINT('',#8319);
#2178=VERTEX_POINT('',#8321);
#2179=VERTEX_POINT('',#8332);
#2180=VERTEX_POINT('',#8337);
#2181=VERTEX_POINT('',#8363);
#2182=VERTEX_POINT('',#8374);
#2183=VERTEX_POINT('',#8387);
#2184=VERTEX_POINT('',#8389);
#2185=VERTEX_POINT('',#8398);
#2186=VERTEX_POINT('',#8400);
#2187=VERTEX_POINT('',#8423);
#2188=VERTEX_POINT('',#8434);
#2189=VERTEX_POINT('',#8452);
#2190=VERTEX_POINT('',#8454);
#2191=VERTEX_POINT('',#8465);
#2192=VERTEX_POINT('',#8470);
#2193=VERTEX_POINT('',#8477);
#2194=VERTEX_POINT('',#8479);
#2195=VERTEX_POINT('',#8483);
#2196=VERTEX_POINT('',#8485);
#2197=VERTEX_POINT('',#8494);
#2198=VERTEX_POINT('',#8496);
#2199=VERTEX_POINT('',#8519);
#2200=VERTEX_POINT('',#8530);
#2201=VERTEX_POINT('',#8562);
#2202=VERTEX_POINT('',#8573);
#2203=VERTEX_POINT('',#8593);
#2204=VERTEX_POINT('',#8598);
#2205=VERTEX_POINT('',#8605);
#2206=VERTEX_POINT('',#8607);
#2207=VERTEX_POINT('',#8611);
#2208=VERTEX_POINT('',#8613);
#2209=VERTEX_POINT('',#8622);
#2210=VERTEX_POINT('',#8624);
#2211=VERTEX_POINT('',#8635);
#2212=VERTEX_POINT('',#8640);
#2213=VERTEX_POINT('',#8654);
#2214=VERTEX_POINT('',#8659);
#2215=VERTEX_POINT('',#8666);
#2216=VERTEX_POINT('',#8668);
#2217=VERTEX_POINT('',#8679);
#2218=VERTEX_POINT('',#8684);
#2219=VERTEX_POINT('',#8710);
#2220=VERTEX_POINT('',#8721);
#2221=VERTEX_POINT('',#8734);
#2222=VERTEX_POINT('',#8736);
#2223=VERTEX_POINT('',#8740);
#2224=VERTEX_POINT('',#8742);
#2225=VERTEX_POINT('',#8751);
#2226=VERTEX_POINT('',#8753);
#2227=VERTEX_POINT('',#8786);
#2228=VERTEX_POINT('',#8803);
#2229=VERTEX_POINT('',#8829);
#2230=VERTEX_POINT('',#8834);
#2231=VERTEX_POINT('',#8841);
#2232=VERTEX_POINT('',#8843);
#2233=VERTEX_POINT('',#8854);
#2234=VERTEX_POINT('',#8859);
#2235=VERTEX_POINT('',#8873);
#2236=VERTEX_POINT('',#8878);
#2237=VERTEX_POINT('',#8892);
#2238=VERTEX_POINT('',#8897);
#2239=VERTEX_POINT('',#8927);
#2240=VERTEX_POINT('',#8940);
#2241=VERTEX_POINT('',#8962);
#2242=VERTEX_POINT('',#8967);
#2243=VERTEX_POINT('',#8981);
#2244=VERTEX_POINT('',#8986);
#2245=VERTEX_POINT('',#8993);
#2246=VERTEX_POINT('',#8995);
#2247=VERTEX_POINT('',#8999);
#2248=VERTEX_POINT('',#9001);
#2249=VERTEX_POINT('',#9012);
#2250=VERTEX_POINT('',#9017);
#2251=VERTEX_POINT('',#9031);
#2252=VERTEX_POINT('',#9036);
#2253=VERTEX_POINT('',#9043);
#2254=VERTEX_POINT('',#9045);
#2255=VERTEX_POINT('',#9049);
#2256=VERTEX_POINT('',#9051);
#2257=VERTEX_POINT('',#9055);
#2258=VERTEX_POINT('',#9057);
#2259=VERTEX_POINT('',#9068);
#2260=VERTEX_POINT('',#9073);
#2261=VERTEX_POINT('',#9103);
#2262=VERTEX_POINT('',#9116);
#2263=VERTEX_POINT('',#9131);
#2264=VERTEX_POINT('',#9133);
#2265=VERTEX_POINT('',#9156);
#2266=VERTEX_POINT('',#9167);
#2267=VERTEX_POINT('',#9180);
#2268=VERTEX_POINT('',#9182);
#2269=VERTEX_POINT('',#9186);
#2270=VERTEX_POINT('',#9188);
#2271=VERTEX_POINT('',#9192);
#2272=VERTEX_POINT('',#9194);
#2273=VERTEX_POINT('',#9217);
#2274=VERTEX_POINT('',#9228);
#2275=VERTEX_POINT('',#9248);
#2276=VERTEX_POINT('',#9253);
#2277=VERTEX_POINT('',#9287);
#2278=VERTEX_POINT('',#9302);
#2279=VERTEX_POINT('',#9319);
#2280=VERTEX_POINT('',#9321);
#2281=VERTEX_POINT('',#9344);
#2282=VERTEX_POINT('',#9355);
#2283=VERTEX_POINT('',#9403);
#2284=VERTEX_POINT('',#9424);
#2285=VERTEX_POINT('',#9454);
#2286=VERTEX_POINT('',#9459);
#2287=VERTEX_POINT('',#9471);
#2288=VERTEX_POINT('',#9473);
#2289=VERTEX_POINT('',#9482);
#2290=VERTEX_POINT('',#9484);
#2291=VERTEX_POINT('',#9488);
#2292=VERTEX_POINT('',#9490);
#2293=VERTEX_POINT('',#9513);
#2294=VERTEX_POINT('',#9524);
#2295=VERTEX_POINT('',#9537);
#2296=VERTEX_POINT('',#9539);
#2297=VERTEX_POINT('',#9562);
#2298=VERTEX_POINT('',#9573);
#2299=VERTEX_POINT('',#9586);
#2300=VERTEX_POINT('',#9588);
#2301=VERTEX_POINT('',#9592);
#2302=VERTEX_POINT('',#9594);
#2303=VERTEX_POINT('',#9598);
#2304=VERTEX_POINT('',#9600);
#2305=VERTEX_POINT('',#9611);
#2306=VERTEX_POINT('',#9616);
#2307=VERTEX_POINT('',#9630);
#2308=VERTEX_POINT('',#9635);
#2309=VERTEX_POINT('',#9647);
#2310=VERTEX_POINT('',#9649);
#2311=VERTEX_POINT('',#9658);
#2312=VERTEX_POINT('',#9660);
#2313=VERTEX_POINT('',#9671);
#2314=VERTEX_POINT('',#9676);
#2315=VERTEX_POINT('',#9690);
#2316=VERTEX_POINT('',#9695);
#2317=VERTEX_POINT('',#9709);
#2318=VERTEX_POINT('',#9714);
#2319=VERTEX_POINT('',#9721);
#2320=VERTEX_POINT('',#9723);
#2321=VERTEX_POINT('',#9727);
#2322=VERTEX_POINT('',#9729);
#2323=VERTEX_POINT('',#9740);
#2324=VERTEX_POINT('',#9745);
#2325=VERTEX_POINT('',#9771);
#2326=VERTEX_POINT('',#9782);
#2327=VERTEX_POINT('',#9795);
#2328=VERTEX_POINT('',#9797);
#2329=VERTEX_POINT('',#9824);
#2330=VERTEX_POINT('',#9837);
#2331=VERTEX_POINT('',#9859);
#2332=VERTEX_POINT('',#9864);
#2333=VERTEX_POINT('',#9882);
#2334=VERTEX_POINT('',#9889);
#2335=VERTEX_POINT('',#9905);
#2336=VERTEX_POINT('',#9910);
#2337=VERTEX_POINT('',#9917);
#2338=VERTEX_POINT('',#9919);
#2339=VERTEX_POINT('',#9923);
#2340=VERTEX_POINT('',#9925);
#2341=VERTEX_POINT('',#9948);
#2342=VERTEX_POINT('',#9959);
#2343=VERTEX_POINT('',#9979);
#2344=VERTEX_POINT('',#9984);
#2345=VERTEX_POINT('',#9991);
#2346=VERTEX_POINT('',#9993);
#2347=VERTEX_POINT('',#9997);
#2348=VERTEX_POINT('',#9999);
#2349=VERTEX_POINT('',#10010);
#2350=VERTEX_POINT('',#10015);
#2351=EDGE_CURVE('',#1883,#1884,#1839,.T.);
#2352=EDGE_CURVE('',#1884,#1885,#1023,.T.);
#2353=EDGE_CURVE('',#1885,#1886,#1840,.T.);
#2354=EDGE_CURVE('',#1886,#1883,#1024,.T.);
#2355=EDGE_CURVE('',#1886,#1887,#1025,.T.);
#2356=EDGE_CURVE('',#1888,#1887,#1026,.T.);
#2357=EDGE_CURVE('',#1883,#1888,#1027,.T.);
#2358=EDGE_CURVE('',#1889,#1885,#1028,.T.);
#2359=EDGE_CURVE('',#1890,#1889,#1841,.T.);
#2360=EDGE_CURVE('',#1890,#1891,#1029,.T.);
#2361=EDGE_CURVE('',#1892,#1891,#1842,.T.);
#2362=EDGE_CURVE('',#1893,#1892,#1030,.T.);
#2363=EDGE_CURVE('',#1887,#1893,#1843,.T.);
#2364=EDGE_CURVE('',#1889,#1894,#1031,.T.);
#2365=EDGE_CURVE('',#1894,#1895,#1844,.T.);
#2366=EDGE_CURVE('',#1895,#1890,#1032,.T.);
#2367=EDGE_CURVE('',#1895,#1896,#1033,.T.);
#2368=EDGE_CURVE('',#1891,#1896,#1034,.T.);
#2369=EDGE_CURVE('',#1897,#1888,#1845,.T.);
#2370=EDGE_CURVE('',#1898,#1897,#1035,.T.);
#2371=EDGE_CURVE('',#1896,#1898,#1846,.T.);
#2372=EDGE_CURVE('',#1884,#1894,#1036,.T.);
#2373=EDGE_CURVE('',#1893,#1897,#1037,.T.);
#2374=EDGE_CURVE('',#1898,#1892,#1038,.T.);
#2375=EDGE_CURVE('',#1899,#1900,#1847,.F.);
#2376=EDGE_CURVE('',#1901,#1899,#1848,.F.);
#2377=EDGE_CURVE('',#1900,#1901,#1849,.F.);
#2378=EDGE_CURVE('',#1902,#1903,#1850,.F.);
#2379=EDGE_CURVE('',#1904,#1902,#1851,.F.);
#2380=EDGE_CURVE('',#1903,#1904,#1852,.F.);
#2381=EDGE_CURVE('',#1902,#1900,#1039,.T.);
#2382=EDGE_CURVE('',#1901,#1904,#1040,.T.);
#2383=EDGE_CURVE('',#1905,#1906,#1853,.F.);
#2384=EDGE_CURVE('',#1907,#1905,#1854,.F.);
#2385=EDGE_CURVE('',#1906,#1907,#1855,.F.);
#2386=EDGE_CURVE('',#1908,#1909,#1856,.T.);
#2387=EDGE_CURVE('',#1909,#1907,#1041,.T.);
#2388=EDGE_CURVE('',#1905,#1908,#1042,.T.);
#2389=EDGE_CURVE('',#1910,#1911,#1857,.F.);
#2390=EDGE_CURVE('',#1912,#1910,#1858,.F.);
#2391=EDGE_CURVE('',#1911,#1912,#1859,.F.);
#2392=EDGE_CURVE('',#1910,#1906,#1043,.T.);
#2393=EDGE_CURVE('',#1907,#1912,#1044,.T.);
#2394=EDGE_CURVE('',#1913,#1914,#1860,.T.);
#2395=EDGE_CURVE('',#1914,#1911,#1045,.T.);
#2396=EDGE_CURVE('',#1912,#1913,#1046,.T.);
#2397=EDGE_CURVE('',#1911,#1903,#1047,.T.);
#2398=EDGE_CURVE('',#1904,#1910,#1048,.T.);
#2399=EDGE_CURVE('',#1899,#1905,#1049,.T.);
#2400=EDGE_CURVE('',#1906,#1901,#1050,.T.);
#2401=EDGE_CURVE('',#1915,#1916,#1861,.T.);
#2402=EDGE_CURVE('',#1916,#1902,#1051,.T.);
#2403=EDGE_CURVE('',#1903,#1915,#1052,.T.);
#2404=EDGE_CURVE('',#1917,#1918,#1862,.T.);
#2405=EDGE_CURVE('',#1918,#1899,#1053,.T.);
#2406=EDGE_CURVE('',#1900,#1917,#1054,.T.);
#2407=EDGE_CURVE('',#1917,#1916,#1055,.T.);
#2408=EDGE_CURVE('',#1914,#1915,#1056,.T.);
#2409=EDGE_CURVE('',#1909,#1913,#1057,.T.);
#2410=EDGE_CURVE('',#1918,#1908,#1058,.T.);
#2411=EDGE_CURVE('',#1919,#1920,#1059,.T.);
#2412=EDGE_CURVE('',#1919,#1921,#1060,.T.);
#2413=EDGE_CURVE('',#1922,#1921,#1061,.T.);
#2414=EDGE_CURVE('',#1920,#1922,#1062,.T.);
#2415=EDGE_CURVE('',#1923,#1919,#339,.T.);
#2416=EDGE_CURVE('',#1923,#1924,#1063,.T.);
#2417=EDGE_CURVE('',#1921,#1924,#340,.T.);
#2418=EDGE_CURVE('',#1925,#1923,#1064,.T.);
#2419=EDGE_CURVE('',#1925,#1926,#1065,.T.);
#2420=EDGE_CURVE('',#1924,#1926,#1066,.T.);
#2421=EDGE_CURVE('',#1927,#1925,#1067,.T.);
#2422=EDGE_CURVE('',#1927,#1928,#1068,.T.);
#2423=EDGE_CURVE('',#1926,#1928,#1069,.T.);
#2424=EDGE_CURVE('',#1929,#1927,#33,.T.);
#2425=EDGE_CURVE('',#1929,#1930,#1070,.T.);
#2426=EDGE_CURVE('',#1928,#1930,#34,.T.);
#2427=EDGE_CURVE('',#1931,#1929,#1071,.T.);
#2428=EDGE_CURVE('',#1931,#1932,#1072,.T.);
#2429=EDGE_CURVE('',#1930,#1932,#1073,.T.);
#2430=EDGE_CURVE('',#1933,#1931,#35,.T.);
#2431=EDGE_CURVE('',#1933,#1934,#1074,.T.);
#2432=EDGE_CURVE('',#1932,#1934,#36,.T.);
#2433=EDGE_CURVE('',#1935,#1933,#341,.T.);
#2434=EDGE_CURVE('',#1935,#1936,#1075,.T.);
#2435=EDGE_CURVE('',#1934,#1936,#342,.T.);
#2436=EDGE_CURVE('',#1937,#1935,#1076,.T.);
#2437=EDGE_CURVE('',#1937,#1938,#1077,.T.);
#2438=EDGE_CURVE('',#1936,#1938,#1078,.T.);
#2439=EDGE_CURVE('',#1939,#1937,#1079,.T.);
#2440=EDGE_CURVE('',#1939,#1940,#1080,.T.);
#2441=EDGE_CURVE('',#1938,#1940,#1081,.T.);
#2442=EDGE_CURVE('',#1920,#1939,#37,.T.);
#2443=EDGE_CURVE('',#1940,#1922,#38,.T.);
#2444=EDGE_CURVE('',#1941,#1942,#39,.T.);
#2445=EDGE_CURVE('',#1941,#1943,#1082,.T.);
#2446=EDGE_CURVE('',#1944,#1943,#40,.T.);
#2447=EDGE_CURVE('',#1942,#1944,#1083,.T.);
#2448=EDGE_CURVE('',#1945,#1941,#1084,.T.);
#2449=EDGE_CURVE('',#1945,#1946,#1085,.T.);
#2450=EDGE_CURVE('',#1943,#1946,#1086,.T.);
#2451=EDGE_CURVE('',#1947,#1945,#41,.T.);
#2452=EDGE_CURVE('',#1947,#1948,#1087,.T.);
#2453=EDGE_CURVE('',#1946,#1948,#42,.T.);
#2454=EDGE_CURVE('',#1949,#1947,#43,.T.);
#2455=EDGE_CURVE('',#1949,#1950,#1088,.T.);
#2456=EDGE_CURVE('',#1948,#1950,#44,.T.);
#2457=EDGE_CURVE('',#1951,#1949,#1089,.T.);
#2458=EDGE_CURVE('',#1951,#1952,#1090,.T.);
#2459=EDGE_CURVE('',#1950,#1952,#1091,.T.);
#2460=EDGE_CURVE('',#1953,#1951,#45,.T.);
#2461=EDGE_CURVE('',#1953,#1954,#1092,.T.);
#2462=EDGE_CURVE('',#1952,#1954,#46,.T.);
#2463=EDGE_CURVE('',#1955,#1953,#1093,.T.);
#2464=EDGE_CURVE('',#1955,#1956,#1094,.T.);
#2465=EDGE_CURVE('',#1954,#1956,#1095,.T.);
#2466=EDGE_CURVE('',#1957,#1955,#47,.T.);
#2467=EDGE_CURVE('',#1957,#1958,#1096,.T.);
#2468=EDGE_CURVE('',#1956,#1958,#48,.T.);
#2469=EDGE_CURVE('',#1959,#1957,#49,.T.);
#2470=EDGE_CURVE('',#1959,#1960,#1097,.T.);
#2471=EDGE_CURVE('',#1958,#1960,#50,.T.);
#2472=EDGE_CURVE('',#1942,#1959,#1098,.T.);
#2473=EDGE_CURVE('',#1960,#1944,#1099,.T.);
#2474=EDGE_CURVE('',#1961,#1962,#51,.T.);
#2475=EDGE_CURVE('',#1961,#1963,#1100,.T.);
#2476=EDGE_CURVE('',#1964,#1963,#52,.T.);
#2477=EDGE_CURVE('',#1962,#1964,#1101,.T.);
#2478=EDGE_CURVE('',#1965,#1961,#1102,.T.);
#2479=EDGE_CURVE('',#1965,#1966,#1103,.T.);
#2480=EDGE_CURVE('',#1963,#1966,#1104,.T.);
#2481=EDGE_CURVE('',#1967,#1965,#53,.T.);
#2482=EDGE_CURVE('',#1967,#1968,#1105,.T.);
#2483=EDGE_CURVE('',#1966,#1968,#54,.T.);
#2484=EDGE_CURVE('',#1969,#1967,#55,.T.);
#2485=EDGE_CURVE('',#1969,#1970,#1106,.T.);
#2486=EDGE_CURVE('',#1968,#1970,#56,.T.);
#2487=EDGE_CURVE('',#1971,#1969,#1107,.T.);
#2488=EDGE_CURVE('',#1971,#1972,#1108,.T.);
#2489=EDGE_CURVE('',#1970,#1972,#1109,.T.);
#2490=EDGE_CURVE('',#1973,#1971,#57,.T.);
#2491=EDGE_CURVE('',#1973,#1974,#1110,.T.);
#2492=EDGE_CURVE('',#1972,#1974,#58,.T.);
#2493=EDGE_CURVE('',#1975,#1973,#1111,.T.);
#2494=EDGE_CURVE('',#1975,#1976,#1112,.T.);
#2495=EDGE_CURVE('',#1974,#1976,#1113,.T.);
#2496=EDGE_CURVE('',#1977,#1975,#59,.T.);
#2497=EDGE_CURVE('',#1977,#1978,#1114,.T.);
#2498=EDGE_CURVE('',#1976,#1978,#60,.T.);
#2499=EDGE_CURVE('',#1979,#1977,#1115,.T.);
#2500=EDGE_CURVE('',#1979,#1980,#1116,.T.);
#2501=EDGE_CURVE('',#1978,#1980,#1117,.T.);
#2502=EDGE_CURVE('',#1981,#1979,#61,.T.);
#2503=EDGE_CURVE('',#1981,#1982,#1118,.T.);
#2504=EDGE_CURVE('',#1980,#1982,#62,.T.);
#2505=EDGE_CURVE('',#1962,#1981,#1119,.T.);
#2506=EDGE_CURVE('',#1982,#1964,#1120,.T.);
#2507=EDGE_CURVE('',#1983,#1984,#1121,.T.);
#2508=EDGE_CURVE('',#1983,#1985,#1122,.T.);
#2509=EDGE_CURVE('',#1986,#1985,#1123,.T.);
#2510=EDGE_CURVE('',#1984,#1986,#1124,.T.);
#2511=EDGE_CURVE('',#1984,#1987,#1125,.T.);
#2512=EDGE_CURVE('',#1988,#1986,#1126,.T.);
#2513=EDGE_CURVE('',#1987,#1988,#1127,.T.);
#2514=EDGE_CURVE('',#1987,#1989,#63,.T.);
#2515=EDGE_CURVE('',#1990,#1988,#64,.T.);
#2516=EDGE_CURVE('',#1989,#1990,#1128,.T.);
#2517=EDGE_CURVE('',#1989,#1991,#1863,.T.);
#2518=EDGE_CURVE('',#1992,#1990,#1864,.T.);
#2519=EDGE_CURVE('',#1991,#1992,#1129,.T.);
#2520=EDGE_CURVE('',#1991,#1993,#65,.T.);
#2521=EDGE_CURVE('',#1994,#1992,#66,.T.);
#2522=EDGE_CURVE('',#1993,#1994,#1130,.T.);
#2523=EDGE_CURVE('',#1993,#1995,#67,.T.);
#2524=EDGE_CURVE('',#1996,#1994,#68,.T.);
#2525=EDGE_CURVE('',#1995,#1996,#1131,.T.);
#2526=EDGE_CURVE('',#1995,#1997,#69,.T.);
#2527=EDGE_CURVE('',#1998,#1996,#70,.T.);
#2528=EDGE_CURVE('',#1997,#1998,#1132,.T.);
#2529=EDGE_CURVE('',#1997,#1999,#1865,.T.);
#2530=EDGE_CURVE('',#2000,#1998,#1866,.T.);
#2531=EDGE_CURVE('',#1999,#2000,#1133,.T.);
#2532=EDGE_CURVE('',#1999,#2001,#1134,.T.);
#2533=EDGE_CURVE('',#2002,#2000,#1135,.T.);
#2534=EDGE_CURVE('',#2001,#2002,#1136,.T.);
#2535=EDGE_CURVE('',#2001,#2003,#343,.T.);
#2536=EDGE_CURVE('',#2004,#2002,#344,.T.);
#2537=EDGE_CURVE('',#2003,#2004,#1137,.T.);
#2538=EDGE_CURVE('',#2003,#2005,#71,.T.);
#2539=EDGE_CURVE('',#2006,#2004,#72,.T.);
#2540=EDGE_CURVE('',#2005,#2006,#1138,.T.);
#2541=EDGE_CURVE('',#2005,#2007,#1867,.T.);
#2542=EDGE_CURVE('',#2008,#2006,#1868,.T.);
#2543=EDGE_CURVE('',#2007,#2008,#1139,.T.);
#2544=EDGE_CURVE('',#2007,#2009,#1140,.T.);
#2545=EDGE_CURVE('',#2010,#2008,#1141,.T.);
#2546=EDGE_CURVE('',#2009,#2010,#1142,.T.);
#2547=EDGE_CURVE('',#2009,#2011,#345,.T.);
#2548=EDGE_CURVE('',#2012,#2010,#346,.T.);
#2549=EDGE_CURVE('',#2011,#2012,#1143,.T.);
#2550=EDGE_CURVE('',#2011,#2013,#1144,.T.);
#2551=EDGE_CURVE('',#2014,#2012,#1145,.T.);
#2552=EDGE_CURVE('',#2013,#2014,#1146,.T.);
#2553=EDGE_CURVE('',#2013,#2015,#347,.T.);
#2554=EDGE_CURVE('',#2016,#2014,#348,.T.);
#2555=EDGE_CURVE('',#2015,#2016,#1147,.T.);
#2556=EDGE_CURVE('',#2015,#2017,#1148,.T.);
#2557=EDGE_CURVE('',#2018,#2016,#1149,.T.);
#2558=EDGE_CURVE('',#2017,#2018,#1150,.T.);
#2559=EDGE_CURVE('',#2017,#2019,#73,.T.);
#2560=EDGE_CURVE('',#2020,#2018,#74,.T.);
#2561=EDGE_CURVE('',#2019,#2020,#1151,.T.);
#2562=EDGE_CURVE('',#2019,#2021,#75,.T.);
#2563=EDGE_CURVE('',#2022,#2020,#76,.T.);
#2564=EDGE_CURVE('',#2021,#2022,#1152,.T.);
#2565=EDGE_CURVE('',#2021,#2023,#77,.T.);
#2566=EDGE_CURVE('',#2024,#2022,#78,.T.);
#2567=EDGE_CURVE('',#2023,#2024,#1153,.T.);
#2568=EDGE_CURVE('',#2023,#2025,#1869,.T.);
#2569=EDGE_CURVE('',#2026,#2024,#1870,.T.);
#2570=EDGE_CURVE('',#2025,#2026,#1154,.T.);
#2571=EDGE_CURVE('',#2025,#2027,#1155,.T.);
#2572=EDGE_CURVE('',#2028,#2026,#1156,.T.);
#2573=EDGE_CURVE('',#2027,#2028,#1157,.T.);
#2574=EDGE_CURVE('',#2027,#2029,#79,.T.);
#2575=EDGE_CURVE('',#2030,#2028,#80,.T.);
#2576=EDGE_CURVE('',#2029,#2030,#1158,.T.);
#2577=EDGE_CURVE('',#2029,#2031,#81,.T.);
#2578=EDGE_CURVE('',#2032,#2030,#82,.T.);
#2579=EDGE_CURVE('',#2031,#2032,#1159,.T.);
#2580=EDGE_CURVE('',#2031,#2033,#349,.T.);
#2581=EDGE_CURVE('',#2034,#2032,#350,.T.);
#2582=EDGE_CURVE('',#2033,#2034,#1160,.T.);
#2583=EDGE_CURVE('',#2033,#2035,#1161,.T.);
#2584=EDGE_CURVE('',#2036,#2034,#1162,.T.);
#2585=EDGE_CURVE('',#2035,#2036,#1163,.T.);
#2586=EDGE_CURVE('',#2035,#2037,#351,.T.);
#2587=EDGE_CURVE('',#2038,#2036,#352,.T.);
#2588=EDGE_CURVE('',#2037,#2038,#1164,.T.);
#2589=EDGE_CURVE('',#2037,#2039,#1165,.T.);
#2590=EDGE_CURVE('',#2040,#2038,#1166,.T.);
#2591=EDGE_CURVE('',#2039,#2040,#1167,.T.);
#2592=EDGE_CURVE('',#2039,#2041,#83,.T.);
#2593=EDGE_CURVE('',#2042,#2040,#84,.T.);
#2594=EDGE_CURVE('',#2041,#2042,#1168,.T.);
#2595=EDGE_CURVE('',#2041,#2043,#85,.T.);
#2596=EDGE_CURVE('',#2044,#2042,#86,.T.);
#2597=EDGE_CURVE('',#2043,#2044,#1169,.T.);
#2598=EDGE_CURVE('',#2043,#2045,#87,.T.);
#2599=EDGE_CURVE('',#2046,#2044,#88,.T.);
#2600=EDGE_CURVE('',#2045,#2046,#1170,.T.);
#2601=EDGE_CURVE('',#2045,#2047,#1171,.T.);
#2602=EDGE_CURVE('',#2048,#2046,#1172,.T.);
#2603=EDGE_CURVE('',#2047,#2048,#1173,.T.);
#2604=EDGE_CURVE('',#2047,#2049,#89,.T.);
#2605=EDGE_CURVE('',#2050,#2048,#90,.T.);
#2606=EDGE_CURVE('',#2049,#2050,#1174,.T.);
#2607=EDGE_CURVE('',#2049,#2051,#91,.T.);
#2608=EDGE_CURVE('',#2052,#2050,#92,.T.);
#2609=EDGE_CURVE('',#2051,#2052,#1175,.T.);
#2610=EDGE_CURVE('',#2051,#2053,#353,.T.);
#2611=EDGE_CURVE('',#2054,#2052,#354,.T.);
#2612=EDGE_CURVE('',#2053,#2054,#1176,.T.);
#2613=EDGE_CURVE('',#2053,#2055,#93,.T.);
#2614=EDGE_CURVE('',#2056,#2054,#94,.T.);
#2615=EDGE_CURVE('',#2055,#2056,#1177,.T.);
#2616=EDGE_CURVE('',#2055,#2057,#1178,.T.);
#2617=EDGE_CURVE('',#2058,#2056,#1179,.T.);
#2618=EDGE_CURVE('',#2057,#2058,#1180,.T.);
#2619=EDGE_CURVE('',#2057,#2059,#1181,.T.);
#2620=EDGE_CURVE('',#2060,#2058,#1182,.T.);
#2621=EDGE_CURVE('',#2059,#2060,#1183,.T.);
#2622=EDGE_CURVE('',#2059,#2061,#95,.T.);
#2623=EDGE_CURVE('',#2062,#2060,#96,.T.);
#2624=EDGE_CURVE('',#2061,#2062,#1184,.T.);
#2625=EDGE_CURVE('',#2061,#2063,#355,.T.);
#2626=EDGE_CURVE('',#2064,#2062,#356,.T.);
#2627=EDGE_CURVE('',#2063,#2064,#1185,.T.);
#2628=EDGE_CURVE('',#2063,#2065,#1186,.T.);
#2629=EDGE_CURVE('',#2066,#2064,#1187,.T.);
#2630=EDGE_CURVE('',#2065,#2066,#1188,.T.);
#2631=EDGE_CURVE('',#2065,#2067,#1189,.T.);
#2632=EDGE_CURVE('',#2068,#2066,#1190,.T.);
#2633=EDGE_CURVE('',#2067,#2068,#1191,.T.);
#2634=EDGE_CURVE('',#2067,#2069,#1192,.T.);
#2635=EDGE_CURVE('',#2070,#2068,#1193,.T.);
#2636=EDGE_CURVE('',#2069,#2070,#1194,.T.);
#2637=EDGE_CURVE('',#2069,#2071,#97,.T.);
#2638=EDGE_CURVE('',#2072,#2070,#98,.T.);
#2639=EDGE_CURVE('',#2071,#2072,#1195,.T.);
#2640=EDGE_CURVE('',#2071,#2073,#99,.T.);
#2641=EDGE_CURVE('',#2074,#2072,#100,.T.);
#2642=EDGE_CURVE('',#2073,#2074,#1196,.T.);
#2643=EDGE_CURVE('',#2073,#2075,#1197,.T.);
#2644=EDGE_CURVE('',#2076,#2074,#1198,.T.);
#2645=EDGE_CURVE('',#2075,#2076,#1199,.T.);
#2646=EDGE_CURVE('',#2075,#2077,#357,.T.);
#2647=EDGE_CURVE('',#2078,#2076,#358,.T.);
#2648=EDGE_CURVE('',#2077,#2078,#1200,.T.);
#2649=EDGE_CURVE('',#2077,#2079,#101,.T.);
#2650=EDGE_CURVE('',#2080,#2078,#102,.T.);
#2651=EDGE_CURVE('',#2079,#2080,#1201,.T.);
#2652=EDGE_CURVE('',#2079,#2081,#103,.T.);
#2653=EDGE_CURVE('',#2082,#2080,#104,.T.);
#2654=EDGE_CURVE('',#2081,#2082,#1202,.T.);
#2655=EDGE_CURVE('',#2081,#2083,#1203,.T.);
#2656=EDGE_CURVE('',#2084,#2082,#1204,.T.);
#2657=EDGE_CURVE('',#2083,#2084,#1205,.T.);
#2658=EDGE_CURVE('',#2083,#2085,#1206,.T.);
#2659=EDGE_CURVE('',#2086,#2084,#1207,.T.);
#2660=EDGE_CURVE('',#2085,#2086,#1208,.T.);
#2661=EDGE_CURVE('',#2085,#2087,#1209,.T.);
#2662=EDGE_CURVE('',#2088,#2086,#1210,.T.);
#2663=EDGE_CURVE('',#2087,#2088,#1211,.T.);
#2664=EDGE_CURVE('',#2087,#2089,#105,.T.);
#2665=EDGE_CURVE('',#2090,#2088,#106,.T.);
#2666=EDGE_CURVE('',#2089,#2090,#1212,.T.);
#2667=EDGE_CURVE('',#2089,#2091,#359,.T.);
#2668=EDGE_CURVE('',#2092,#2090,#360,.T.);
#2669=EDGE_CURVE('',#2091,#2092,#1213,.T.);
#2670=EDGE_CURVE('',#2091,#2093,#1214,.T.);
#2671=EDGE_CURVE('',#2094,#2092,#1215,.T.);
#2672=EDGE_CURVE('',#2093,#2094,#1216,.T.);
#2673=EDGE_CURVE('',#2093,#2095,#107,.T.);
#2674=EDGE_CURVE('',#2096,#2094,#108,.T.);
#2675=EDGE_CURVE('',#2095,#2096,#1217,.T.);
#2676=EDGE_CURVE('',#2095,#2097,#109,.T.);
#2677=EDGE_CURVE('',#2098,#2096,#110,.T.);
#2678=EDGE_CURVE('',#2097,#2098,#1218,.T.);
#2679=EDGE_CURVE('',#2097,#2099,#1219,.T.);
#2680=EDGE_CURVE('',#2100,#2098,#1220,.T.);
#2681=EDGE_CURVE('',#2099,#2100,#1221,.T.);
#2682=EDGE_CURVE('',#2099,#2101,#361,.T.);
#2683=EDGE_CURVE('',#2102,#2100,#362,.T.);
#2684=EDGE_CURVE('',#2101,#2102,#1222,.T.);
#2685=EDGE_CURVE('',#2101,#2103,#1223,.T.);
#2686=EDGE_CURVE('',#2104,#2102,#1224,.T.);
#2687=EDGE_CURVE('',#2103,#2104,#1225,.T.);
#2688=EDGE_CURVE('',#2103,#2105,#111,.T.);
#2689=EDGE_CURVE('',#2106,#2104,#112,.T.);
#2690=EDGE_CURVE('',#2105,#2106,#1226,.T.);
#2691=EDGE_CURVE('',#2105,#2107,#1227,.T.);
#2692=EDGE_CURVE('',#2108,#2106,#1228,.T.);
#2693=EDGE_CURVE('',#2107,#2108,#1229,.T.);
#2694=EDGE_CURVE('',#2107,#2109,#1230,.T.);
#2695=EDGE_CURVE('',#2110,#2108,#1231,.T.);
#2696=EDGE_CURVE('',#2109,#2110,#1232,.T.);
#2697=EDGE_CURVE('',#2109,#2111,#113,.T.);
#2698=EDGE_CURVE('',#2112,#2110,#114,.T.);
#2699=EDGE_CURVE('',#2111,#2112,#1233,.T.);
#2700=EDGE_CURVE('',#2111,#2113,#115,.T.);
#2701=EDGE_CURVE('',#2114,#2112,#116,.T.);
#2702=EDGE_CURVE('',#2113,#2114,#1234,.T.);
#2703=EDGE_CURVE('',#2113,#2115,#117,.T.);
#2704=EDGE_CURVE('',#2116,#2114,#118,.T.);
#2705=EDGE_CURVE('',#2115,#2116,#1235,.T.);
#2706=EDGE_CURVE('',#2115,#2117,#119,.T.);
#2707=EDGE_CURVE('',#2118,#2116,#120,.T.);
#2708=EDGE_CURVE('',#2117,#2118,#1236,.T.);
#2709=EDGE_CURVE('',#2117,#2119,#1871,.T.);
#2710=EDGE_CURVE('',#2120,#2118,#1872,.T.);
#2711=EDGE_CURVE('',#2119,#2120,#1237,.T.);
#2712=EDGE_CURVE('',#2119,#2121,#1238,.T.);
#2713=EDGE_CURVE('',#2122,#2120,#1239,.T.);
#2714=EDGE_CURVE('',#2121,#2122,#1240,.T.);
#2715=EDGE_CURVE('',#2121,#2123,#1241,.T.);
#2716=EDGE_CURVE('',#2124,#2122,#1242,.T.);
#2717=EDGE_CURVE('',#2123,#2124,#1243,.T.);
#2718=EDGE_CURVE('',#2123,#2125,#121,.T.);
#2719=EDGE_CURVE('',#2126,#2124,#122,.T.);
#2720=EDGE_CURVE('',#2125,#2126,#1244,.T.);
#2721=EDGE_CURVE('',#2125,#2127,#1245,.T.);
#2722=EDGE_CURVE('',#2128,#2126,#1246,.T.);
#2723=EDGE_CURVE('',#2127,#2128,#1247,.T.);
#2724=EDGE_CURVE('',#2127,#2129,#1873,.T.);
#2725=EDGE_CURVE('',#2130,#2128,#1874,.T.);
#2726=EDGE_CURVE('',#2129,#2130,#1248,.T.);
#2727=EDGE_CURVE('',#2129,#2131,#1249,.T.);
#2728=EDGE_CURVE('',#2132,#2130,#1250,.T.);
#2729=EDGE_CURVE('',#2131,#2132,#1251,.T.);
#2730=EDGE_CURVE('',#2131,#2133,#123,.T.);
#2731=EDGE_CURVE('',#2134,#2132,#124,.T.);
#2732=EDGE_CURVE('',#2133,#2134,#1252,.T.);
#2733=EDGE_CURVE('',#2133,#2135,#125,.T.);
#2734=EDGE_CURVE('',#2136,#2134,#126,.T.);
#2735=EDGE_CURVE('',#2135,#2136,#1253,.T.);
#2736=EDGE_CURVE('',#2135,#2137,#127,.T.);
#2737=EDGE_CURVE('',#2138,#2136,#128,.T.);
#2738=EDGE_CURVE('',#2137,#2138,#1254,.T.);
#2739=EDGE_CURVE('',#2137,#2139,#129,.T.);
#2740=EDGE_CURVE('',#2140,#2138,#130,.T.);
#2741=EDGE_CURVE('',#2139,#2140,#1255,.T.);
#2742=EDGE_CURVE('',#2139,#2141,#363,.T.);
#2743=EDGE_CURVE('',#2142,#2140,#364,.T.);
#2744=EDGE_CURVE('',#2141,#2142,#1256,.T.);
#2745=EDGE_CURVE('',#2141,#2143,#1257,.T.);
#2746=EDGE_CURVE('',#2144,#2142,#1258,.T.);
#2747=EDGE_CURVE('',#2143,#2144,#1259,.T.);
#2748=EDGE_CURVE('',#2143,#2145,#1260,.T.);
#2749=EDGE_CURVE('',#2146,#2144,#1261,.T.);
#2750=EDGE_CURVE('',#2145,#2146,#1262,.T.);
#2751=EDGE_CURVE('',#2145,#2147,#131,.T.);
#2752=EDGE_CURVE('',#2148,#2146,#132,.T.);
#2753=EDGE_CURVE('',#2147,#2148,#1263,.T.);
#2754=EDGE_CURVE('',#2147,#2149,#1264,.T.);
#2755=EDGE_CURVE('',#2150,#2148,#1265,.T.);
#2756=EDGE_CURVE('',#2149,#2150,#1266,.T.);
#2757=EDGE_CURVE('',#2149,#2151,#365,.T.);
#2758=EDGE_CURVE('',#2152,#2150,#366,.T.);
#2759=EDGE_CURVE('',#2151,#2152,#1267,.T.);
#2760=EDGE_CURVE('',#2151,#2153,#1268,.T.);
#2761=EDGE_CURVE('',#2154,#2152,#1269,.T.);
#2762=EDGE_CURVE('',#2153,#2154,#1270,.T.);
#2763=EDGE_CURVE('',#2153,#2155,#1271,.T.);
#2764=EDGE_CURVE('',#2156,#2154,#1272,.T.);
#2765=EDGE_CURVE('',#2155,#2156,#1273,.T.);
#2766=EDGE_CURVE('',#2155,#2157,#133,.T.);
#2767=EDGE_CURVE('',#2158,#2156,#134,.T.);
#2768=EDGE_CURVE('',#2157,#2158,#1274,.T.);
#2769=EDGE_CURVE('',#2157,#2159,#135,.T.);
#2770=EDGE_CURVE('',#2160,#2158,#136,.T.);
#2771=EDGE_CURVE('',#2159,#2160,#1275,.T.);
#2772=EDGE_CURVE('',#2159,#2161,#367,.T.);
#2773=EDGE_CURVE('',#2162,#2160,#368,.T.);
#2774=EDGE_CURVE('',#2161,#2162,#1276,.T.);
#2775=EDGE_CURVE('',#2161,#2163,#1277,.T.);
#2776=EDGE_CURVE('',#2164,#2162,#1278,.T.);
#2777=EDGE_CURVE('',#2163,#2164,#1279,.T.);
#2778=EDGE_CURVE('',#2163,#2165,#137,.T.);
#2779=EDGE_CURVE('',#2166,#2164,#138,.T.);
#2780=EDGE_CURVE('',#2165,#2166,#1280,.T.);
#2781=EDGE_CURVE('',#2165,#2167,#139,.T.);
#2782=EDGE_CURVE('',#2168,#2166,#140,.T.);
#2783=EDGE_CURVE('',#2167,#2168,#1281,.T.);
#2784=EDGE_CURVE('',#2167,#2169,#141,.T.);
#2785=EDGE_CURVE('',#2170,#2168,#142,.T.);
#2786=EDGE_CURVE('',#2169,#2170,#1282,.T.);
#2787=EDGE_CURVE('',#2169,#2171,#1875,.T.);
#2788=EDGE_CURVE('',#2172,#2170,#1876,.T.);
#2789=EDGE_CURVE('',#2171,#2172,#1283,.T.);
#2790=EDGE_CURVE('',#2171,#2173,#1284,.T.);
#2791=EDGE_CURVE('',#2174,#2172,#1285,.T.);
#2792=EDGE_CURVE('',#2173,#2174,#1286,.T.);
#2793=EDGE_CURVE('',#2173,#2175,#369,.T.);
#2794=EDGE_CURVE('',#2176,#2174,#370,.T.);
#2795=EDGE_CURVE('',#2175,#2176,#1287,.T.);
#2796=EDGE_CURVE('',#2175,#2177,#371,.T.);
#2797=EDGE_CURVE('',#2178,#2176,#372,.T.);
#2798=EDGE_CURVE('',#2177,#2178,#1288,.T.);
#2799=EDGE_CURVE('',#2177,#2179,#143,.T.);
#2800=EDGE_CURVE('',#2180,#2178,#144,.T.);
#2801=EDGE_CURVE('',#2179,#2180,#1289,.T.);
#2802=EDGE_CURVE('',#2179,#2181,#145,.T.);
#2803=EDGE_CURVE('',#2182,#2180,#146,.T.);
#2804=EDGE_CURVE('',#2181,#2182,#1290,.T.);
#2805=EDGE_CURVE('',#2181,#2183,#1291,.T.);
#2806=EDGE_CURVE('',#2184,#2182,#1292,.T.);
#2807=EDGE_CURVE('',#2183,#2184,#1293,.T.);
#2808=EDGE_CURVE('',#2183,#2185,#373,.T.);
#2809=EDGE_CURVE('',#2186,#2184,#374,.T.);
#2810=EDGE_CURVE('',#2185,#2186,#1294,.T.);
#2811=EDGE_CURVE('',#2185,#2187,#147,.T.);
#2812=EDGE_CURVE('',#2188,#2186,#148,.T.);
#2813=EDGE_CURVE('',#2187,#2188,#1295,.T.);
#2814=EDGE_CURVE('',#2187,#2189,#375,.T.);
#2815=EDGE_CURVE('',#2190,#2188,#376,.T.);
#2816=EDGE_CURVE('',#2189,#2190,#1296,.T.);
#2817=EDGE_CURVE('',#2189,#2191,#149,.T.);
#2818=EDGE_CURVE('',#2192,#2190,#150,.T.);
#2819=EDGE_CURVE('',#2191,#2192,#1297,.T.);
#2820=EDGE_CURVE('',#2191,#2193,#1298,.T.);
#2821=EDGE_CURVE('',#2194,#2192,#1299,.T.);
#2822=EDGE_CURVE('',#2193,#2194,#1300,.T.);
#2823=EDGE_CURVE('',#2193,#2195,#1301,.T.);
#2824=EDGE_CURVE('',#2196,#2194,#1302,.T.);
#2825=EDGE_CURVE('',#2195,#2196,#1303,.T.);
#2826=EDGE_CURVE('',#2195,#2197,#377,.T.);
#2827=EDGE_CURVE('',#2198,#2196,#378,.T.);
#2828=EDGE_CURVE('',#2197,#2198,#1304,.T.);
#2829=EDGE_CURVE('',#2197,#2199,#151,.T.);
#2830=EDGE_CURVE('',#2200,#2198,#152,.T.);
#2831=EDGE_CURVE('',#2199,#2200,#1305,.T.);
#2832=EDGE_CURVE('',#2199,#2201,#153,.T.);
#2833=EDGE_CURVE('',#2202,#2200,#154,.T.);
#2834=EDGE_CURVE('',#2201,#2202,#1306,.T.);
#2835=EDGE_CURVE('',#2201,#2203,#155,.T.);
#2836=EDGE_CURVE('',#2204,#2202,#156,.T.);
#2837=EDGE_CURVE('',#2203,#2204,#1307,.T.);
#2838=EDGE_CURVE('',#2203,#2205,#1308,.T.);
#2839=EDGE_CURVE('',#2206,#2204,#1309,.T.);
#2840=EDGE_CURVE('',#2205,#2206,#1310,.T.);
#2841=EDGE_CURVE('',#2205,#2207,#1311,.T.);
#2842=EDGE_CURVE('',#2208,#2206,#1312,.T.);
#2843=EDGE_CURVE('',#2207,#2208,#1313,.T.);
#2844=EDGE_CURVE('',#2207,#2209,#379,.T.);
#2845=EDGE_CURVE('',#2210,#2208,#380,.T.);
#2846=EDGE_CURVE('',#2209,#2210,#1314,.T.);
#2847=EDGE_CURVE('',#2209,#2211,#157,.T.);
#2848=EDGE_CURVE('',#2212,#2210,#158,.T.);
#2849=EDGE_CURVE('',#2211,#2212,#1315,.T.);
#2850=EDGE_CURVE('',#2211,#2213,#159,.T.);
#2851=EDGE_CURVE('',#2214,#2212,#160,.T.);
#2852=EDGE_CURVE('',#2213,#2214,#1316,.T.);
#2853=EDGE_CURVE('',#2213,#2215,#1317,.T.);
#2854=EDGE_CURVE('',#2216,#2214,#1318,.T.);
#2855=EDGE_CURVE('',#2215,#2216,#1319,.T.);
#2856=EDGE_CURVE('',#2215,#2217,#161,.T.);
#2857=EDGE_CURVE('',#2218,#2216,#162,.T.);
#2858=EDGE_CURVE('',#2217,#2218,#1320,.T.);
#2859=EDGE_CURVE('',#2217,#2219,#163,.T.);
#2860=EDGE_CURVE('',#2220,#2218,#164,.T.);
#2861=EDGE_CURVE('',#2219,#2220,#1321,.T.);
#2862=EDGE_CURVE('',#2219,#2221,#1322,.T.);
#2863=EDGE_CURVE('',#2222,#2220,#1323,.T.);
#2864=EDGE_CURVE('',#2221,#2222,#1324,.T.);
#2865=EDGE_CURVE('',#2221,#2223,#1877,.T.);
#2866=EDGE_CURVE('',#2224,#2222,#1878,.T.);
#2867=EDGE_CURVE('',#2223,#2224,#1325,.T.);
#2868=EDGE_CURVE('',#2223,#2225,#381,.T.);
#2869=EDGE_CURVE('',#2226,#2224,#382,.T.);
#2870=EDGE_CURVE('',#2225,#2226,#1326,.T.);
#2871=EDGE_CURVE('',#2225,#2227,#165,.T.);
#2872=EDGE_CURVE('',#2228,#2226,#166,.T.);
#2873=EDGE_CURVE('',#2227,#2228,#1327,.T.);
#2874=EDGE_CURVE('',#2227,#2229,#167,.T.);
#2875=EDGE_CURVE('',#2230,#2228,#168,.T.);
#2876=EDGE_CURVE('',#2229,#2230,#1328,.T.);
#2877=EDGE_CURVE('',#2229,#2231,#1329,.T.);
#2878=EDGE_CURVE('',#2232,#2230,#1330,.T.);
#2879=EDGE_CURVE('',#2231,#2232,#1331,.T.);
#2880=EDGE_CURVE('',#2231,#2233,#169,.T.);
#2881=EDGE_CURVE('',#2234,#2232,#170,.T.);
#2882=EDGE_CURVE('',#2233,#2234,#1332,.T.);
#2883=EDGE_CURVE('',#2233,#2235,#171,.T.);
#2884=EDGE_CURVE('',#2236,#2234,#172,.T.);
#2885=EDGE_CURVE('',#2235,#2236,#1333,.T.);
#2886=EDGE_CURVE('',#2235,#2237,#173,.T.);
#2887=EDGE_CURVE('',#2238,#2236,#174,.T.);
#2888=EDGE_CURVE('',#2237,#2238,#1334,.T.);
#2889=EDGE_CURVE('',#2237,#2239,#175,.T.);
#2890=EDGE_CURVE('',#2240,#2238,#176,.T.);
#2891=EDGE_CURVE('',#2239,#2240,#1335,.T.);
#2892=EDGE_CURVE('',#2239,#2241,#177,.T.);
#2893=EDGE_CURVE('',#2242,#2240,#178,.T.);
#2894=EDGE_CURVE('',#2241,#2242,#1336,.T.);
#2895=EDGE_CURVE('',#2241,#2243,#179,.T.);
#2896=EDGE_CURVE('',#2244,#2242,#180,.T.);
#2897=EDGE_CURVE('',#2243,#2244,#1337,.T.);
#2898=EDGE_CURVE('',#2243,#2245,#1338,.T.);
#2899=EDGE_CURVE('',#2246,#2244,#1339,.T.);
#2900=EDGE_CURVE('',#2245,#2246,#1340,.T.);
#2901=EDGE_CURVE('',#2245,#2247,#1879,.T.);
#2902=EDGE_CURVE('',#2248,#2246,#1880,.T.);
#2903=EDGE_CURVE('',#2247,#2248,#1341,.T.);
#2904=EDGE_CURVE('',#2247,#2249,#181,.T.);
#2905=EDGE_CURVE('',#2250,#2248,#182,.T.);
#2906=EDGE_CURVE('',#2249,#2250,#1342,.T.);
#2907=EDGE_CURVE('',#2249,#2251,#183,.T.);
#2908=EDGE_CURVE('',#2252,#2250,#184,.T.);
#2909=EDGE_CURVE('',#2251,#2252,#1343,.T.);
#2910=EDGE_CURVE('',#2251,#2253,#1344,.T.);
#2911=EDGE_CURVE('',#2254,#2252,#1345,.T.);
#2912=EDGE_CURVE('',#2253,#2254,#1346,.T.);
#2913=EDGE_CURVE('',#2253,#2255,#1347,.T.);
#2914=EDGE_CURVE('',#2256,#2254,#1348,.T.);
#2915=EDGE_CURVE('',#2255,#2256,#1349,.T.);
#2916=EDGE_CURVE('',#2255,#2257,#1350,.T.);
#2917=EDGE_CURVE('',#2258,#2256,#1351,.T.);
#2918=EDGE_CURVE('',#2257,#2258,#1352,.T.);
#2919=EDGE_CURVE('',#2257,#2259,#185,.T.);
#2920=EDGE_CURVE('',#2260,#2258,#186,.T.);
#2921=EDGE_CURVE('',#2259,#2260,#1353,.T.);
#2922=EDGE_CURVE('',#2259,#2261,#187,.T.);
#2923=EDGE_CURVE('',#2262,#2260,#188,.T.);
#2924=EDGE_CURVE('',#2261,#2262,#1354,.T.);
#2925=EDGE_CURVE('',#2261,#2263,#1355,.T.);
#2926=EDGE_CURVE('',#2264,#2262,#1356,.T.);
#2927=EDGE_CURVE('',#2263,#2264,#1357,.T.);
#2928=EDGE_CURVE('',#2263,#2265,#189,.T.);
#2929=EDGE_CURVE('',#2266,#2264,#190,.T.);
#2930=EDGE_CURVE('',#2265,#2266,#1358,.T.);
#2931=EDGE_CURVE('',#2265,#2267,#1359,.T.);
#2932=EDGE_CURVE('',#2268,#2266,#1360,.T.);
#2933=EDGE_CURVE('',#2267,#2268,#1361,.T.);
#2934=EDGE_CURVE('',#2267,#2269,#1881,.T.);
#2935=EDGE_CURVE('',#2270,#2268,#1882,.T.);
#2936=EDGE_CURVE('',#2269,#2270,#1362,.T.);
#2937=EDGE_CURVE('',#2269,#2271,#1363,.T.);
#2938=EDGE_CURVE('',#2272,#2270,#1364,.T.);
#2939=EDGE_CURVE('',#2271,#2272,#1365,.T.);
#2940=EDGE_CURVE('',#2271,#2273,#191,.T.);
#2941=EDGE_CURVE('',#2274,#2272,#192,.T.);
#2942=EDGE_CURVE('',#2273,#2274,#1366,.T.);
#2943=EDGE_CURVE('',#2273,#2275,#193,.T.);
#2944=EDGE_CURVE('',#2276,#2274,#194,.T.);
#2945=EDGE_CURVE('',#2275,#2276,#1367,.T.);
#2946=EDGE_CURVE('',#2275,#2277,#195,.T.);
#2947=EDGE_CURVE('',#2278,#2276,#196,.T.);
#2948=EDGE_CURVE('',#2277,#2278,#1368,.T.);
#2949=EDGE_CURVE('',#2277,#2279,#1369,.T.);
#2950=EDGE_CURVE('',#2280,#2278,#1370,.T.);
#2951=EDGE_CURVE('',#2279,#2280,#1371,.T.);
#2952=EDGE_CURVE('',#2279,#2281,#197,.T.);
#2953=EDGE_CURVE('',#2282,#2280,#198,.T.);
#2954=EDGE_CURVE('',#2281,#2282,#1372,.T.);
#2955=EDGE_CURVE('',#2281,#2283,#199,.T.);
#2956=EDGE_CURVE('',#2284,#2282,#200,.T.);
#2957=EDGE_CURVE('',#2283,#2284,#1373,.T.);
#2958=EDGE_CURVE('',#2283,#2285,#201,.T.);
#2959=EDGE_CURVE('',#2286,#2284,#202,.T.);
#2960=EDGE_CURVE('',#2285,#2286,#1374,.T.);
#2961=EDGE_CURVE('',#2285,#2287,#383,.T.);
#2962=EDGE_CURVE('',#2288,#2286,#384,.T.);
#2963=EDGE_CURVE('',#2287,#2288,#1375,.T.);
#2964=EDGE_CURVE('',#2287,#2289,#385,.T.);
#2965=EDGE_CURVE('',#2290,#2288,#386,.T.);
#2966=EDGE_CURVE('',#2289,#2290,#1376,.T.);
#2967=EDGE_CURVE('',#2289,#2291,#1377,.T.);
#2968=EDGE_CURVE('',#2292,#2290,#1378,.T.);
#2969=EDGE_CURVE('',#2291,#2292,#1379,.T.);
#2970=EDGE_CURVE('',#2291,#2293,#203,.T.);
#2971=EDGE_CURVE('',#2294,#2292,#204,.T.);
#2972=EDGE_CURVE('',#2293,#2294,#1380,.T.);
#2973=EDGE_CURVE('',#2293,#2295,#1381,.T.);
#2974=EDGE_CURVE('',#2296,#2294,#1382,.T.);
#2975=EDGE_CURVE('',#2295,#2296,#1383,.T.);
#2976=EDGE_CURVE('',#2295,#2297,#205,.T.);
#2977=EDGE_CURVE('',#2298,#2296,#206,.T.);
#2978=EDGE_CURVE('',#2297,#2298,#1384,.T.);
#2979=EDGE_CURVE('',#2297,#2299,#1385,.T.);
#2980=EDGE_CURVE('',#2300,#2298,#1386,.T.);
#2981=EDGE_CURVE('',#2299,#2300,#1387,.T.);
#2982=EDGE_CURVE('',#2299,#2301,#1388,.T.);
#2983=EDGE_CURVE('',#2302,#2300,#1389,.T.);
#2984=EDGE_CURVE('',#2301,#2302,#1390,.T.);
#2985=EDGE_CURVE('',#2301,#2303,#1391,.T.);
#2986=EDGE_CURVE('',#2304,#2302,#1392,.T.);
#2987=EDGE_CURVE('',#2303,#2304,#1393,.T.);
#2988=EDGE_CURVE('',#2303,#2305,#207,.T.);
#2989=EDGE_CURVE('',#2306,#2304,#208,.T.);
#2990=EDGE_CURVE('',#2305,#2306,#1394,.T.);
#2991=EDGE_CURVE('',#2305,#2307,#209,.T.);
#2992=EDGE_CURVE('',#2308,#2306,#210,.T.);
#2993=EDGE_CURVE('',#2307,#2308,#1395,.T.);
#2994=EDGE_CURVE('',#2307,#2309,#387,.T.);
#2995=EDGE_CURVE('',#2310,#2308,#388,.T.);
#2996=EDGE_CURVE('',#2309,#2310,#1396,.T.);
#2997=EDGE_CURVE('',#2309,#2311,#389,.T.);
#2998=EDGE_CURVE('',#2312,#2310,#390,.T.);
#2999=EDGE_CURVE('',#2311,#2312,#1397,.T.);
#3000=EDGE_CURVE('',#2311,#2313,#211,.T.);
#3001=EDGE_CURVE('',#2314,#2312,#212,.T.);
#3002=EDGE_CURVE('',#2313,#2314,#1398,.T.);
#3003=EDGE_CURVE('',#2313,#2315,#213,.T.);
#3004=EDGE_CURVE('',#2316,#2314,#214,.T.);
#3005=EDGE_CURVE('',#2315,#2316,#1399,.T.);
#3006=EDGE_CURVE('',#2315,#2317,#215,.T.);
#3007=EDGE_CURVE('',#2318,#2316,#216,.T.);
#3008=EDGE_CURVE('',#2317,#2318,#1400,.T.);
#3009=EDGE_CURVE('',#2317,#2319,#1401,.T.);
#3010=EDGE_CURVE('',#2320,#2318,#1402,.T.);
#3011=EDGE_CURVE('',#2319,#2320,#1403,.T.);
#3012=EDGE_CURVE('',#2319,#2321,#1404,.T.);
#3013=EDGE_CURVE('',#2322,#2320,#1405,.T.);
#3014=EDGE_CURVE('',#2321,#2322,#1406,.T.);
#3015=EDGE_CURVE('',#2321,#2323,#217,.T.);
#3016=EDGE_CURVE('',#2324,#2322,#218,.T.);
#3017=EDGE_CURVE('',#2323,#2324,#1407,.T.);
#3018=EDGE_CURVE('',#2323,#2325,#219,.T.);
#3019=EDGE_CURVE('',#2326,#2324,#220,.T.);
#3020=EDGE_CURVE('',#2325,#2326,#1408,.T.);
#3021=EDGE_CURVE('',#2325,#2327,#1409,.T.);
#3022=EDGE_CURVE('',#2328,#2326,#1410,.T.);
#3023=EDGE_CURVE('',#2327,#2328,#1411,.T.);
#3024=EDGE_CURVE('',#2327,#2329,#221,.T.);
#3025=EDGE_CURVE('',#2330,#2328,#222,.T.);
#3026=EDGE_CURVE('',#2329,#2330,#1412,.T.);
#3027=EDGE_CURVE('',#2329,#2331,#223,.T.);
#3028=EDGE_CURVE('',#2332,#2330,#224,.T.);
#3029=EDGE_CURVE('',#2331,#2332,#1413,.T.);
#3030=EDGE_CURVE('',#2331,#2333,#225,.T.);
#3031=EDGE_CURVE('',#2334,#2332,#226,.T.);
#3032=EDGE_CURVE('',#2333,#2334,#1414,.T.);
#3033=EDGE_CURVE('',#2333,#2335,#227,.T.);
#3034=EDGE_CURVE('',#2336,#2334,#228,.T.);
#3035=EDGE_CURVE('',#2335,#2336,#1415,.T.);
#3036=EDGE_CURVE('',#2335,#2337,#1416,.T.);
#3037=EDGE_CURVE('',#2338,#2336,#1417,.T.);
#3038=EDGE_CURVE('',#2337,#2338,#1418,.T.);
#3039=EDGE_CURVE('',#2337,#2339,#1419,.T.);
#3040=EDGE_CURVE('',#2340,#2338,#1420,.T.);
#3041=EDGE_CURVE('',#2339,#2340,#1421,.T.);
#3042=EDGE_CURVE('',#2339,#2341,#229,.T.);
#3043=EDGE_CURVE('',#2342,#2340,#230,.T.);
#3044=EDGE_CURVE('',#2341,#2342,#1422,.T.);
#3045=EDGE_CURVE('',#2341,#2343,#231,.T.);
#3046=EDGE_CURVE('',#2344,#2342,#232,.T.);
#3047=EDGE_CURVE('',#2343,#2344,#1423,.T.);
#3048=EDGE_CURVE('',#2343,#2345,#1424,.T.);
#3049=EDGE_CURVE('',#2346,#2344,#1425,.T.);
#3050=EDGE_CURVE('',#2345,#2346,#1426,.T.);
#3051=EDGE_CURVE('',#2345,#2347,#1427,.T.);
#3052=EDGE_CURVE('',#2348,#2346,#1428,.T.);
#3053=EDGE_CURVE('',#2347,#2348,#1429,.T.);
#3054=EDGE_CURVE('',#2347,#2349,#233,.T.);
#3055=EDGE_CURVE('',#2350,#2348,#234,.T.);
#3056=EDGE_CURVE('',#2349,#2350,#1430,.T.);
#3057=EDGE_CURVE('',#2349,#1983,#235,.T.);
#3058=EDGE_CURVE('',#1985,#2350,#236,.T.);
#3059=ORIENTED_EDGE('',*,*,#2351,.T.);
#3060=ORIENTED_EDGE('',*,*,#2352,.T.);
#3061=ORIENTED_EDGE('',*,*,#2353,.T.);
#3062=ORIENTED_EDGE('',*,*,#2354,.T.);
#3063=ORIENTED_EDGE('',*,*,#2354,.F.);
#3064=ORIENTED_EDGE('',*,*,#2355,.T.);
#3065=ORIENTED_EDGE('',*,*,#2356,.F.);
#3066=ORIENTED_EDGE('',*,*,#2357,.F.);
#3067=ORIENTED_EDGE('',*,*,#2353,.F.);
#3068=ORIENTED_EDGE('',*,*,#2358,.F.);
#3069=ORIENTED_EDGE('',*,*,#2359,.F.);
#3070=ORIENTED_EDGE('',*,*,#2360,.T.);
#3071=ORIENTED_EDGE('',*,*,#2361,.F.);
#3072=ORIENTED_EDGE('',*,*,#2362,.F.);
#3073=ORIENTED_EDGE('',*,*,#2363,.F.);
#3074=ORIENTED_EDGE('',*,*,#2355,.F.);
#3075=ORIENTED_EDGE('',*,*,#2359,.T.);
#3076=ORIENTED_EDGE('',*,*,#2364,.T.);
#3077=ORIENTED_EDGE('',*,*,#2365,.T.);
#3078=ORIENTED_EDGE('',*,*,#2366,.T.);
#3079=ORIENTED_EDGE('',*,*,#2366,.F.);
#3080=ORIENTED_EDGE('',*,*,#2367,.T.);
#3081=ORIENTED_EDGE('',*,*,#2368,.F.);
#3082=ORIENTED_EDGE('',*,*,#2360,.F.);
#3083=ORIENTED_EDGE('',*,*,#2351,.F.);
#3084=ORIENTED_EDGE('',*,*,#2357,.T.);
#3085=ORIENTED_EDGE('',*,*,#2369,.F.);
#3086=ORIENTED_EDGE('',*,*,#2370,.F.);
#3087=ORIENTED_EDGE('',*,*,#2371,.F.);
#3088=ORIENTED_EDGE('',*,*,#2367,.F.);
#3089=ORIENTED_EDGE('',*,*,#2365,.F.);
#3090=ORIENTED_EDGE('',*,*,#2372,.F.);
#3091=ORIENTED_EDGE('',*,*,#2363,.T.);
#3092=ORIENTED_EDGE('',*,*,#2373,.T.);
#3093=ORIENTED_EDGE('',*,*,#2369,.T.);
#3094=ORIENTED_EDGE('',*,*,#2356,.T.);
#3095=ORIENTED_EDGE('',*,*,#2373,.F.);
#3096=ORIENTED_EDGE('',*,*,#2362,.T.);
#3097=ORIENTED_EDGE('',*,*,#2374,.F.);
#3098=ORIENTED_EDGE('',*,*,#2370,.T.);
#3099=ORIENTED_EDGE('',*,*,#2371,.T.);
#3100=ORIENTED_EDGE('',*,*,#2374,.T.);
#3101=ORIENTED_EDGE('',*,*,#2361,.T.);
#3102=ORIENTED_EDGE('',*,*,#2368,.T.);
#3103=ORIENTED_EDGE('',*,*,#2352,.F.);
#3104=ORIENTED_EDGE('',*,*,#2372,.T.);
#3105=ORIENTED_EDGE('',*,*,#2364,.F.);
#3106=ORIENTED_EDGE('',*,*,#2358,.T.);
#3107=ORIENTED_EDGE('',*,*,#2375,.F.);
#3108=ORIENTED_EDGE('',*,*,#2376,.F.);
#3109=ORIENTED_EDGE('',*,*,#2377,.F.);
#3110=ORIENTED_EDGE('',*,*,#2378,.F.);
#3111=ORIENTED_EDGE('',*,*,#2379,.F.);
#3112=ORIENTED_EDGE('',*,*,#2380,.F.);
#3113=ORIENTED_EDGE('',*,*,#2379,.T.);
#3114=ORIENTED_EDGE('',*,*,#2381,.T.);
#3115=ORIENTED_EDGE('',*,*,#2377,.T.);
#3116=ORIENTED_EDGE('',*,*,#2382,.T.);
#3117=ORIENTED_EDGE('',*,*,#2383,.F.);
#3118=ORIENTED_EDGE('',*,*,#2384,.F.);
#3119=ORIENTED_EDGE('',*,*,#2385,.F.);
#3120=ORIENTED_EDGE('',*,*,#2386,.T.);
#3121=ORIENTED_EDGE('',*,*,#2387,.T.);
#3122=ORIENTED_EDGE('',*,*,#2384,.T.);
#3123=ORIENTED_EDGE('',*,*,#2388,.T.);
#3124=ORIENTED_EDGE('',*,*,#2389,.F.);
#3125=ORIENTED_EDGE('',*,*,#2390,.F.);
#3126=ORIENTED_EDGE('',*,*,#2391,.F.);
#3127=ORIENTED_EDGE('',*,*,#2390,.T.);
#3128=ORIENTED_EDGE('',*,*,#2392,.T.);
#3129=ORIENTED_EDGE('',*,*,#2385,.T.);
#3130=ORIENTED_EDGE('',*,*,#2393,.T.);
#3131=ORIENTED_EDGE('',*,*,#2394,.T.);
#3132=ORIENTED_EDGE('',*,*,#2395,.T.);
#3133=ORIENTED_EDGE('',*,*,#2391,.T.);
#3134=ORIENTED_EDGE('',*,*,#2396,.T.);
#3135=ORIENTED_EDGE('',*,*,#2389,.T.);
#3136=ORIENTED_EDGE('',*,*,#2397,.T.);
#3137=ORIENTED_EDGE('',*,*,#2380,.T.);
#3138=ORIENTED_EDGE('',*,*,#2398,.T.);
#3139=ORIENTED_EDGE('',*,*,#2376,.T.);
#3140=ORIENTED_EDGE('',*,*,#2399,.T.);
#3141=ORIENTED_EDGE('',*,*,#2383,.T.);
#3142=ORIENTED_EDGE('',*,*,#2400,.T.);
#3143=ORIENTED_EDGE('',*,*,#2401,.T.);
#3144=ORIENTED_EDGE('',*,*,#2402,.T.);
#3145=ORIENTED_EDGE('',*,*,#2378,.T.);
#3146=ORIENTED_EDGE('',*,*,#2403,.T.);
#3147=ORIENTED_EDGE('',*,*,#2404,.T.);
#3148=ORIENTED_EDGE('',*,*,#2405,.T.);
#3149=ORIENTED_EDGE('',*,*,#2375,.T.);
#3150=ORIENTED_EDGE('',*,*,#2406,.T.);
#3151=ORIENTED_EDGE('',*,*,#2406,.F.);
#3152=ORIENTED_EDGE('',*,*,#2381,.F.);
#3153=ORIENTED_EDGE('',*,*,#2402,.F.);
#3154=ORIENTED_EDGE('',*,*,#2407,.F.);
#3155=ORIENTED_EDGE('',*,*,#2403,.F.);
#3156=ORIENTED_EDGE('',*,*,#2397,.F.);
#3157=ORIENTED_EDGE('',*,*,#2395,.F.);
#3158=ORIENTED_EDGE('',*,*,#2408,.T.);
#3159=ORIENTED_EDGE('',*,*,#2392,.F.);
#3160=ORIENTED_EDGE('',*,*,#2398,.F.);
#3161=ORIENTED_EDGE('',*,*,#2382,.F.);
#3162=ORIENTED_EDGE('',*,*,#2400,.F.);
#3163=ORIENTED_EDGE('',*,*,#2404,.F.);
#3164=ORIENTED_EDGE('',*,*,#2407,.T.);
#3165=ORIENTED_EDGE('',*,*,#2401,.F.);
#3166=ORIENTED_EDGE('',*,*,#2408,.F.);
#3167=ORIENTED_EDGE('',*,*,#2394,.F.);
#3168=ORIENTED_EDGE('',*,*,#2409,.F.);
#3169=ORIENTED_EDGE('',*,*,#2386,.F.);
#3170=ORIENTED_EDGE('',*,*,#2410,.F.);
#3171=ORIENTED_EDGE('',*,*,#2387,.F.);
#3172=ORIENTED_EDGE('',*,*,#2409,.T.);
#3173=ORIENTED_EDGE('',*,*,#2396,.F.);
#3174=ORIENTED_EDGE('',*,*,#2393,.F.);
#3175=ORIENTED_EDGE('',*,*,#2405,.F.);
#3176=ORIENTED_EDGE('',*,*,#2410,.T.);
#3177=ORIENTED_EDGE('',*,*,#2388,.F.);
#3178=ORIENTED_EDGE('',*,*,#2399,.F.);
#3179=ORIENTED_EDGE('',*,*,#2411,.F.);
#3180=ORIENTED_EDGE('',*,*,#2412,.T.);
#3181=ORIENTED_EDGE('',*,*,#2413,.F.);
#3182=ORIENTED_EDGE('',*,*,#2414,.F.);
#3183=ORIENTED_EDGE('',*,*,#2415,.F.);
#3184=ORIENTED_EDGE('',*,*,#2416,.T.);
#3185=ORIENTED_EDGE('',*,*,#2417,.F.);
#3186=ORIENTED_EDGE('',*,*,#2412,.F.);
#3187=ORIENTED_EDGE('',*,*,#2418,.F.);
#3188=ORIENTED_EDGE('',*,*,#2419,.T.);
#3189=ORIENTED_EDGE('',*,*,#2420,.F.);
#3190=ORIENTED_EDGE('',*,*,#2416,.F.);
#3191=ORIENTED_EDGE('',*,*,#2421,.F.);
#3192=ORIENTED_EDGE('',*,*,#2422,.T.);
#3193=ORIENTED_EDGE('',*,*,#2423,.F.);
#3194=ORIENTED_EDGE('',*,*,#2419,.F.);
#3195=ORIENTED_EDGE('',*,*,#2424,.F.);
#3196=ORIENTED_EDGE('',*,*,#2425,.T.);
#3197=ORIENTED_EDGE('',*,*,#2426,.F.);
#3198=ORIENTED_EDGE('',*,*,#2422,.F.);
#3199=ORIENTED_EDGE('',*,*,#2427,.F.);
#3200=ORIENTED_EDGE('',*,*,#2428,.T.);
#3201=ORIENTED_EDGE('',*,*,#2429,.F.);
#3202=ORIENTED_EDGE('',*,*,#2425,.F.);
#3203=ORIENTED_EDGE('',*,*,#2430,.F.);
#3204=ORIENTED_EDGE('',*,*,#2431,.T.);
#3205=ORIENTED_EDGE('',*,*,#2432,.F.);
#3206=ORIENTED_EDGE('',*,*,#2428,.F.);
#3207=ORIENTED_EDGE('',*,*,#2433,.F.);
#3208=ORIENTED_EDGE('',*,*,#2434,.T.);
#3209=ORIENTED_EDGE('',*,*,#2435,.F.);
#3210=ORIENTED_EDGE('',*,*,#2431,.F.);
#3211=ORIENTED_EDGE('',*,*,#2436,.F.);
#3212=ORIENTED_EDGE('',*,*,#2437,.T.);
#3213=ORIENTED_EDGE('',*,*,#2438,.F.);
#3214=ORIENTED_EDGE('',*,*,#2434,.F.);
#3215=ORIENTED_EDGE('',*,*,#2439,.F.);
#3216=ORIENTED_EDGE('',*,*,#2440,.T.);
#3217=ORIENTED_EDGE('',*,*,#2441,.F.);
#3218=ORIENTED_EDGE('',*,*,#2437,.F.);
#3219=ORIENTED_EDGE('',*,*,#2442,.F.);
#3220=ORIENTED_EDGE('',*,*,#2414,.T.);
#3221=ORIENTED_EDGE('',*,*,#2443,.F.);
#3222=ORIENTED_EDGE('',*,*,#2440,.F.);
#3223=ORIENTED_EDGE('',*,*,#2444,.F.);
#3224=ORIENTED_EDGE('',*,*,#2445,.T.);
#3225=ORIENTED_EDGE('',*,*,#2446,.F.);
#3226=ORIENTED_EDGE('',*,*,#2447,.F.);
#3227=ORIENTED_EDGE('',*,*,#2448,.F.);
#3228=ORIENTED_EDGE('',*,*,#2449,.T.);
#3229=ORIENTED_EDGE('',*,*,#2450,.F.);
#3230=ORIENTED_EDGE('',*,*,#2445,.F.);
#3231=ORIENTED_EDGE('',*,*,#2451,.F.);
#3232=ORIENTED_EDGE('',*,*,#2452,.T.);
#3233=ORIENTED_EDGE('',*,*,#2453,.F.);
#3234=ORIENTED_EDGE('',*,*,#2449,.F.);
#3235=ORIENTED_EDGE('',*,*,#2454,.F.);
#3236=ORIENTED_EDGE('',*,*,#2455,.T.);
#3237=ORIENTED_EDGE('',*,*,#2456,.F.);
#3238=ORIENTED_EDGE('',*,*,#2452,.F.);
#3239=ORIENTED_EDGE('',*,*,#2457,.F.);
#3240=ORIENTED_EDGE('',*,*,#2458,.T.);
#3241=ORIENTED_EDGE('',*,*,#2459,.F.);
#3242=ORIENTED_EDGE('',*,*,#2455,.F.);
#3243=ORIENTED_EDGE('',*,*,#2460,.F.);
#3244=ORIENTED_EDGE('',*,*,#2461,.T.);
#3245=ORIENTED_EDGE('',*,*,#2462,.F.);
#3246=ORIENTED_EDGE('',*,*,#2458,.F.);
#3247=ORIENTED_EDGE('',*,*,#2463,.F.);
#3248=ORIENTED_EDGE('',*,*,#2464,.T.);
#3249=ORIENTED_EDGE('',*,*,#2465,.F.);
#3250=ORIENTED_EDGE('',*,*,#2461,.F.);
#3251=ORIENTED_EDGE('',*,*,#2466,.F.);
#3252=ORIENTED_EDGE('',*,*,#2467,.T.);
#3253=ORIENTED_EDGE('',*,*,#2468,.F.);
#3254=ORIENTED_EDGE('',*,*,#2464,.F.);
#3255=ORIENTED_EDGE('',*,*,#2469,.F.);
#3256=ORIENTED_EDGE('',*,*,#2470,.T.);
#3257=ORIENTED_EDGE('',*,*,#2471,.F.);
#3258=ORIENTED_EDGE('',*,*,#2467,.F.);
#3259=ORIENTED_EDGE('',*,*,#2472,.F.);
#3260=ORIENTED_EDGE('',*,*,#2447,.T.);
#3261=ORIENTED_EDGE('',*,*,#2473,.F.);
#3262=ORIENTED_EDGE('',*,*,#2470,.F.);
#3263=ORIENTED_EDGE('',*,*,#2474,.F.);
#3264=ORIENTED_EDGE('',*,*,#2475,.T.);
#3265=ORIENTED_EDGE('',*,*,#2476,.F.);
#3266=ORIENTED_EDGE('',*,*,#2477,.F.);
#3267=ORIENTED_EDGE('',*,*,#2478,.F.);
#3268=ORIENTED_EDGE('',*,*,#2479,.T.);
#3269=ORIENTED_EDGE('',*,*,#2480,.F.);
#3270=ORIENTED_EDGE('',*,*,#2475,.F.);
#3271=ORIENTED_EDGE('',*,*,#2481,.F.);
#3272=ORIENTED_EDGE('',*,*,#2482,.T.);
#3273=ORIENTED_EDGE('',*,*,#2483,.F.);
#3274=ORIENTED_EDGE('',*,*,#2479,.F.);
#3275=ORIENTED_EDGE('',*,*,#2484,.F.);
#3276=ORIENTED_EDGE('',*,*,#2485,.T.);
#3277=ORIENTED_EDGE('',*,*,#2486,.F.);
#3278=ORIENTED_EDGE('',*,*,#2482,.F.);
#3279=ORIENTED_EDGE('',*,*,#2487,.F.);
#3280=ORIENTED_EDGE('',*,*,#2488,.T.);
#3281=ORIENTED_EDGE('',*,*,#2489,.F.);
#3282=ORIENTED_EDGE('',*,*,#2485,.F.);
#3283=ORIENTED_EDGE('',*,*,#2490,.F.);
#3284=ORIENTED_EDGE('',*,*,#2491,.T.);
#3285=ORIENTED_EDGE('',*,*,#2492,.F.);
#3286=ORIENTED_EDGE('',*,*,#2488,.F.);
#3287=ORIENTED_EDGE('',*,*,#2493,.F.);
#3288=ORIENTED_EDGE('',*,*,#2494,.T.);
#3289=ORIENTED_EDGE('',*,*,#2495,.F.);
#3290=ORIENTED_EDGE('',*,*,#2491,.F.);
#3291=ORIENTED_EDGE('',*,*,#2496,.F.);
#3292=ORIENTED_EDGE('',*,*,#2497,.T.);
#3293=ORIENTED_EDGE('',*,*,#2498,.F.);
#3294=ORIENTED_EDGE('',*,*,#2494,.F.);
#3295=ORIENTED_EDGE('',*,*,#2499,.F.);
#3296=ORIENTED_EDGE('',*,*,#2500,.T.);
#3297=ORIENTED_EDGE('',*,*,#2501,.F.);
#3298=ORIENTED_EDGE('',*,*,#2497,.F.);
#3299=ORIENTED_EDGE('',*,*,#2502,.F.);
#3300=ORIENTED_EDGE('',*,*,#2503,.T.);
#3301=ORIENTED_EDGE('',*,*,#2504,.F.);
#3302=ORIENTED_EDGE('',*,*,#2500,.F.);
#3303=ORIENTED_EDGE('',*,*,#2505,.F.);
#3304=ORIENTED_EDGE('',*,*,#2477,.T.);
#3305=ORIENTED_EDGE('',*,*,#2506,.F.);
#3306=ORIENTED_EDGE('',*,*,#2503,.F.);
#3307=ORIENTED_EDGE('',*,*,#2507,.F.);
#3308=ORIENTED_EDGE('',*,*,#2508,.T.);
#3309=ORIENTED_EDGE('',*,*,#2509,.F.);
#3310=ORIENTED_EDGE('',*,*,#2510,.F.);
#3311=ORIENTED_EDGE('',*,*,#2511,.F.);
#3312=ORIENTED_EDGE('',*,*,#2510,.T.);
#3313=ORIENTED_EDGE('',*,*,#2512,.F.);
#3314=ORIENTED_EDGE('',*,*,#2513,.F.);
#3315=ORIENTED_EDGE('',*,*,#2514,.F.);
#3316=ORIENTED_EDGE('',*,*,#2513,.T.);
#3317=ORIENTED_EDGE('',*,*,#2515,.F.);
#3318=ORIENTED_EDGE('',*,*,#2516,.F.);
#3319=ORIENTED_EDGE('',*,*,#2517,.F.);
#3320=ORIENTED_EDGE('',*,*,#2516,.T.);
#3321=ORIENTED_EDGE('',*,*,#2518,.F.);
#3322=ORIENTED_EDGE('',*,*,#2519,.F.);
#3323=ORIENTED_EDGE('',*,*,#2520,.F.);
#3324=ORIENTED_EDGE('',*,*,#2519,.T.);
#3325=ORIENTED_EDGE('',*,*,#2521,.F.);
#3326=ORIENTED_EDGE('',*,*,#2522,.F.);
#3327=ORIENTED_EDGE('',*,*,#2523,.F.);
#3328=ORIENTED_EDGE('',*,*,#2522,.T.);
#3329=ORIENTED_EDGE('',*,*,#2524,.F.);
#3330=ORIENTED_EDGE('',*,*,#2525,.F.);
#3331=ORIENTED_EDGE('',*,*,#2526,.F.);
#3332=ORIENTED_EDGE('',*,*,#2525,.T.);
#3333=ORIENTED_EDGE('',*,*,#2527,.F.);
#3334=ORIENTED_EDGE('',*,*,#2528,.F.);
#3335=ORIENTED_EDGE('',*,*,#2529,.F.);
#3336=ORIENTED_EDGE('',*,*,#2528,.T.);
#3337=ORIENTED_EDGE('',*,*,#2530,.F.);
#3338=ORIENTED_EDGE('',*,*,#2531,.F.);
#3339=ORIENTED_EDGE('',*,*,#2532,.F.);
#3340=ORIENTED_EDGE('',*,*,#2531,.T.);
#3341=ORIENTED_EDGE('',*,*,#2533,.F.);
#3342=ORIENTED_EDGE('',*,*,#2534,.F.);
#3343=ORIENTED_EDGE('',*,*,#2535,.F.);
#3344=ORIENTED_EDGE('',*,*,#2534,.T.);
#3345=ORIENTED_EDGE('',*,*,#2536,.F.);
#3346=ORIENTED_EDGE('',*,*,#2537,.F.);
#3347=ORIENTED_EDGE('',*,*,#2538,.F.);
#3348=ORIENTED_EDGE('',*,*,#2537,.T.);
#3349=ORIENTED_EDGE('',*,*,#2539,.F.);
#3350=ORIENTED_EDGE('',*,*,#2540,.F.);
#3351=ORIENTED_EDGE('',*,*,#2541,.F.);
#3352=ORIENTED_EDGE('',*,*,#2540,.T.);
#3353=ORIENTED_EDGE('',*,*,#2542,.F.);
#3354=ORIENTED_EDGE('',*,*,#2543,.F.);
#3355=ORIENTED_EDGE('',*,*,#2544,.F.);
#3356=ORIENTED_EDGE('',*,*,#2543,.T.);
#3357=ORIENTED_EDGE('',*,*,#2545,.F.);
#3358=ORIENTED_EDGE('',*,*,#2546,.F.);
#3359=ORIENTED_EDGE('',*,*,#2547,.F.);
#3360=ORIENTED_EDGE('',*,*,#2546,.T.);
#3361=ORIENTED_EDGE('',*,*,#2548,.F.);
#3362=ORIENTED_EDGE('',*,*,#2549,.F.);
#3363=ORIENTED_EDGE('',*,*,#2550,.F.);
#3364=ORIENTED_EDGE('',*,*,#2549,.T.);
#3365=ORIENTED_EDGE('',*,*,#2551,.F.);
#3366=ORIENTED_EDGE('',*,*,#2552,.F.);
#3367=ORIENTED_EDGE('',*,*,#2553,.F.);
#3368=ORIENTED_EDGE('',*,*,#2552,.T.);
#3369=ORIENTED_EDGE('',*,*,#2554,.F.);
#3370=ORIENTED_EDGE('',*,*,#2555,.F.);
#3371=ORIENTED_EDGE('',*,*,#2556,.F.);
#3372=ORIENTED_EDGE('',*,*,#2555,.T.);
#3373=ORIENTED_EDGE('',*,*,#2557,.F.);
#3374=ORIENTED_EDGE('',*,*,#2558,.F.);
#3375=ORIENTED_EDGE('',*,*,#2559,.F.);
#3376=ORIENTED_EDGE('',*,*,#2558,.T.);
#3377=ORIENTED_EDGE('',*,*,#2560,.F.);
#3378=ORIENTED_EDGE('',*,*,#2561,.F.);
#3379=ORIENTED_EDGE('',*,*,#2562,.F.);
#3380=ORIENTED_EDGE('',*,*,#2561,.T.);
#3381=ORIENTED_EDGE('',*,*,#2563,.F.);
#3382=ORIENTED_EDGE('',*,*,#2564,.F.);
#3383=ORIENTED_EDGE('',*,*,#2565,.F.);
#3384=ORIENTED_EDGE('',*,*,#2564,.T.);
#3385=ORIENTED_EDGE('',*,*,#2566,.F.);
#3386=ORIENTED_EDGE('',*,*,#2567,.F.);
#3387=ORIENTED_EDGE('',*,*,#2568,.F.);
#3388=ORIENTED_EDGE('',*,*,#2567,.T.);
#3389=ORIENTED_EDGE('',*,*,#2569,.F.);
#3390=ORIENTED_EDGE('',*,*,#2570,.F.);
#3391=ORIENTED_EDGE('',*,*,#2571,.F.);
#3392=ORIENTED_EDGE('',*,*,#2570,.T.);
#3393=ORIENTED_EDGE('',*,*,#2572,.F.);
#3394=ORIENTED_EDGE('',*,*,#2573,.F.);
#3395=ORIENTED_EDGE('',*,*,#2574,.F.);
#3396=ORIENTED_EDGE('',*,*,#2573,.T.);
#3397=ORIENTED_EDGE('',*,*,#2575,.F.);
#3398=ORIENTED_EDGE('',*,*,#2576,.F.);
#3399=ORIENTED_EDGE('',*,*,#2577,.F.);
#3400=ORIENTED_EDGE('',*,*,#2576,.T.);
#3401=ORIENTED_EDGE('',*,*,#2578,.F.);
#3402=ORIENTED_EDGE('',*,*,#2579,.F.);
#3403=ORIENTED_EDGE('',*,*,#2580,.F.);
#3404=ORIENTED_EDGE('',*,*,#2579,.T.);
#3405=ORIENTED_EDGE('',*,*,#2581,.F.);
#3406=ORIENTED_EDGE('',*,*,#2582,.F.);
#3407=ORIENTED_EDGE('',*,*,#2583,.F.);
#3408=ORIENTED_EDGE('',*,*,#2582,.T.);
#3409=ORIENTED_EDGE('',*,*,#2584,.F.);
#3410=ORIENTED_EDGE('',*,*,#2585,.F.);
#3411=ORIENTED_EDGE('',*,*,#2586,.F.);
#3412=ORIENTED_EDGE('',*,*,#2585,.T.);
#3413=ORIENTED_EDGE('',*,*,#2587,.F.);
#3414=ORIENTED_EDGE('',*,*,#2588,.F.);
#3415=ORIENTED_EDGE('',*,*,#2589,.F.);
#3416=ORIENTED_EDGE('',*,*,#2588,.T.);
#3417=ORIENTED_EDGE('',*,*,#2590,.F.);
#3418=ORIENTED_EDGE('',*,*,#2591,.F.);
#3419=ORIENTED_EDGE('',*,*,#2592,.F.);
#3420=ORIENTED_EDGE('',*,*,#2591,.T.);
#3421=ORIENTED_EDGE('',*,*,#2593,.F.);
#3422=ORIENTED_EDGE('',*,*,#2594,.F.);
#3423=ORIENTED_EDGE('',*,*,#2595,.F.);
#3424=ORIENTED_EDGE('',*,*,#2594,.T.);
#3425=ORIENTED_EDGE('',*,*,#2596,.F.);
#3426=ORIENTED_EDGE('',*,*,#2597,.F.);
#3427=ORIENTED_EDGE('',*,*,#2598,.F.);
#3428=ORIENTED_EDGE('',*,*,#2597,.T.);
#3429=ORIENTED_EDGE('',*,*,#2599,.F.);
#3430=ORIENTED_EDGE('',*,*,#2600,.F.);
#3431=ORIENTED_EDGE('',*,*,#2601,.F.);
#3432=ORIENTED_EDGE('',*,*,#2600,.T.);
#3433=ORIENTED_EDGE('',*,*,#2602,.F.);
#3434=ORIENTED_EDGE('',*,*,#2603,.F.);
#3435=ORIENTED_EDGE('',*,*,#2604,.F.);
#3436=ORIENTED_EDGE('',*,*,#2603,.T.);
#3437=ORIENTED_EDGE('',*,*,#2605,.F.);
#3438=ORIENTED_EDGE('',*,*,#2606,.F.);
#3439=ORIENTED_EDGE('',*,*,#2607,.F.);
#3440=ORIENTED_EDGE('',*,*,#2606,.T.);
#3441=ORIENTED_EDGE('',*,*,#2608,.F.);
#3442=ORIENTED_EDGE('',*,*,#2609,.F.);
#3443=ORIENTED_EDGE('',*,*,#2610,.F.);
#3444=ORIENTED_EDGE('',*,*,#2609,.T.);
#3445=ORIENTED_EDGE('',*,*,#2611,.F.);
#3446=ORIENTED_EDGE('',*,*,#2612,.F.);
#3447=ORIENTED_EDGE('',*,*,#2613,.F.);
#3448=ORIENTED_EDGE('',*,*,#2612,.T.);
#3449=ORIENTED_EDGE('',*,*,#2614,.F.);
#3450=ORIENTED_EDGE('',*,*,#2615,.F.);
#3451=ORIENTED_EDGE('',*,*,#2616,.F.);
#3452=ORIENTED_EDGE('',*,*,#2615,.T.);
#3453=ORIENTED_EDGE('',*,*,#2617,.F.);
#3454=ORIENTED_EDGE('',*,*,#2618,.F.);
#3455=ORIENTED_EDGE('',*,*,#2619,.F.);
#3456=ORIENTED_EDGE('',*,*,#2618,.T.);
#3457=ORIENTED_EDGE('',*,*,#2620,.F.);
#3458=ORIENTED_EDGE('',*,*,#2621,.F.);
#3459=ORIENTED_EDGE('',*,*,#2622,.F.);
#3460=ORIENTED_EDGE('',*,*,#2621,.T.);
#3461=ORIENTED_EDGE('',*,*,#2623,.F.);
#3462=ORIENTED_EDGE('',*,*,#2624,.F.);
#3463=ORIENTED_EDGE('',*,*,#2625,.F.);
#3464=ORIENTED_EDGE('',*,*,#2624,.T.);
#3465=ORIENTED_EDGE('',*,*,#2626,.F.);
#3466=ORIENTED_EDGE('',*,*,#2627,.F.);
#3467=ORIENTED_EDGE('',*,*,#2628,.F.);
#3468=ORIENTED_EDGE('',*,*,#2627,.T.);
#3469=ORIENTED_EDGE('',*,*,#2629,.F.);
#3470=ORIENTED_EDGE('',*,*,#2630,.F.);
#3471=ORIENTED_EDGE('',*,*,#2631,.F.);
#3472=ORIENTED_EDGE('',*,*,#2630,.T.);
#3473=ORIENTED_EDGE('',*,*,#2632,.F.);
#3474=ORIENTED_EDGE('',*,*,#2633,.F.);
#3475=ORIENTED_EDGE('',*,*,#2634,.F.);
#3476=ORIENTED_EDGE('',*,*,#2633,.T.);
#3477=ORIENTED_EDGE('',*,*,#2635,.F.);
#3478=ORIENTED_EDGE('',*,*,#2636,.F.);
#3479=ORIENTED_EDGE('',*,*,#2637,.F.);
#3480=ORIENTED_EDGE('',*,*,#2636,.T.);
#3481=ORIENTED_EDGE('',*,*,#2638,.F.);
#3482=ORIENTED_EDGE('',*,*,#2639,.F.);
#3483=ORIENTED_EDGE('',*,*,#2640,.F.);
#3484=ORIENTED_EDGE('',*,*,#2639,.T.);
#3485=ORIENTED_EDGE('',*,*,#2641,.F.);
#3486=ORIENTED_EDGE('',*,*,#2642,.F.);
#3487=ORIENTED_EDGE('',*,*,#2643,.F.);
#3488=ORIENTED_EDGE('',*,*,#2642,.T.);
#3489=ORIENTED_EDGE('',*,*,#2644,.F.);
#3490=ORIENTED_EDGE('',*,*,#2645,.F.);
#3491=ORIENTED_EDGE('',*,*,#2646,.F.);
#3492=ORIENTED_EDGE('',*,*,#2645,.T.);
#3493=ORIENTED_EDGE('',*,*,#2647,.F.);
#3494=ORIENTED_EDGE('',*,*,#2648,.F.);
#3495=ORIENTED_EDGE('',*,*,#2649,.F.);
#3496=ORIENTED_EDGE('',*,*,#2648,.T.);
#3497=ORIENTED_EDGE('',*,*,#2650,.F.);
#3498=ORIENTED_EDGE('',*,*,#2651,.F.);
#3499=ORIENTED_EDGE('',*,*,#2652,.F.);
#3500=ORIENTED_EDGE('',*,*,#2651,.T.);
#3501=ORIENTED_EDGE('',*,*,#2653,.F.);
#3502=ORIENTED_EDGE('',*,*,#2654,.F.);
#3503=ORIENTED_EDGE('',*,*,#2655,.F.);
#3504=ORIENTED_EDGE('',*,*,#2654,.T.);
#3505=ORIENTED_EDGE('',*,*,#2656,.F.);
#3506=ORIENTED_EDGE('',*,*,#2657,.F.);
#3507=ORIENTED_EDGE('',*,*,#2658,.F.);
#3508=ORIENTED_EDGE('',*,*,#2657,.T.);
#3509=ORIENTED_EDGE('',*,*,#2659,.F.);
#3510=ORIENTED_EDGE('',*,*,#2660,.F.);
#3511=ORIENTED_EDGE('',*,*,#2661,.F.);
#3512=ORIENTED_EDGE('',*,*,#2660,.T.);
#3513=ORIENTED_EDGE('',*,*,#2662,.F.);
#3514=ORIENTED_EDGE('',*,*,#2663,.F.);
#3515=ORIENTED_EDGE('',*,*,#2664,.F.);
#3516=ORIENTED_EDGE('',*,*,#2663,.T.);
#3517=ORIENTED_EDGE('',*,*,#2665,.F.);
#3518=ORIENTED_EDGE('',*,*,#2666,.F.);
#3519=ORIENTED_EDGE('',*,*,#2667,.F.);
#3520=ORIENTED_EDGE('',*,*,#2666,.T.);
#3521=ORIENTED_EDGE('',*,*,#2668,.F.);
#3522=ORIENTED_EDGE('',*,*,#2669,.F.);
#3523=ORIENTED_EDGE('',*,*,#2670,.F.);
#3524=ORIENTED_EDGE('',*,*,#2669,.T.);
#3525=ORIENTED_EDGE('',*,*,#2671,.F.);
#3526=ORIENTED_EDGE('',*,*,#2672,.F.);
#3527=ORIENTED_EDGE('',*,*,#2673,.F.);
#3528=ORIENTED_EDGE('',*,*,#2672,.T.);
#3529=ORIENTED_EDGE('',*,*,#2674,.F.);
#3530=ORIENTED_EDGE('',*,*,#2675,.F.);
#3531=ORIENTED_EDGE('',*,*,#2676,.F.);
#3532=ORIENTED_EDGE('',*,*,#2675,.T.);
#3533=ORIENTED_EDGE('',*,*,#2677,.F.);
#3534=ORIENTED_EDGE('',*,*,#2678,.F.);
#3535=ORIENTED_EDGE('',*,*,#2679,.F.);
#3536=ORIENTED_EDGE('',*,*,#2678,.T.);
#3537=ORIENTED_EDGE('',*,*,#2680,.F.);
#3538=ORIENTED_EDGE('',*,*,#2681,.F.);
#3539=ORIENTED_EDGE('',*,*,#2682,.F.);
#3540=ORIENTED_EDGE('',*,*,#2681,.T.);
#3541=ORIENTED_EDGE('',*,*,#2683,.F.);
#3542=ORIENTED_EDGE('',*,*,#2684,.F.);
#3543=ORIENTED_EDGE('',*,*,#2685,.F.);
#3544=ORIENTED_EDGE('',*,*,#2684,.T.);
#3545=ORIENTED_EDGE('',*,*,#2686,.F.);
#3546=ORIENTED_EDGE('',*,*,#2687,.F.);
#3547=ORIENTED_EDGE('',*,*,#2688,.F.);
#3548=ORIENTED_EDGE('',*,*,#2687,.T.);
#3549=ORIENTED_EDGE('',*,*,#2689,.F.);
#3550=ORIENTED_EDGE('',*,*,#2690,.F.);
#3551=ORIENTED_EDGE('',*,*,#2691,.F.);
#3552=ORIENTED_EDGE('',*,*,#2690,.T.);
#3553=ORIENTED_EDGE('',*,*,#2692,.F.);
#3554=ORIENTED_EDGE('',*,*,#2693,.F.);
#3555=ORIENTED_EDGE('',*,*,#2694,.F.);
#3556=ORIENTED_EDGE('',*,*,#2693,.T.);
#3557=ORIENTED_EDGE('',*,*,#2695,.F.);
#3558=ORIENTED_EDGE('',*,*,#2696,.F.);
#3559=ORIENTED_EDGE('',*,*,#2697,.F.);
#3560=ORIENTED_EDGE('',*,*,#2696,.T.);
#3561=ORIENTED_EDGE('',*,*,#2698,.F.);
#3562=ORIENTED_EDGE('',*,*,#2699,.F.);
#3563=ORIENTED_EDGE('',*,*,#2700,.F.);
#3564=ORIENTED_EDGE('',*,*,#2699,.T.);
#3565=ORIENTED_EDGE('',*,*,#2701,.F.);
#3566=ORIENTED_EDGE('',*,*,#2702,.F.);
#3567=ORIENTED_EDGE('',*,*,#2703,.F.);
#3568=ORIENTED_EDGE('',*,*,#2702,.T.);
#3569=ORIENTED_EDGE('',*,*,#2704,.F.);
#3570=ORIENTED_EDGE('',*,*,#2705,.F.);
#3571=ORIENTED_EDGE('',*,*,#2706,.F.);
#3572=ORIENTED_EDGE('',*,*,#2705,.T.);
#3573=ORIENTED_EDGE('',*,*,#2707,.F.);
#3574=ORIENTED_EDGE('',*,*,#2708,.F.);
#3575=ORIENTED_EDGE('',*,*,#2709,.F.);
#3576=ORIENTED_EDGE('',*,*,#2708,.T.);
#3577=ORIENTED_EDGE('',*,*,#2710,.F.);
#3578=ORIENTED_EDGE('',*,*,#2711,.F.);
#3579=ORIENTED_EDGE('',*,*,#2712,.F.);
#3580=ORIENTED_EDGE('',*,*,#2711,.T.);
#3581=ORIENTED_EDGE('',*,*,#2713,.F.);
#3582=ORIENTED_EDGE('',*,*,#2714,.F.);
#3583=ORIENTED_EDGE('',*,*,#2715,.F.);
#3584=ORIENTED_EDGE('',*,*,#2714,.T.);
#3585=ORIENTED_EDGE('',*,*,#2716,.F.);
#3586=ORIENTED_EDGE('',*,*,#2717,.F.);
#3587=ORIENTED_EDGE('',*,*,#2718,.F.);
#3588=ORIENTED_EDGE('',*,*,#2717,.T.);
#3589=ORIENTED_EDGE('',*,*,#2719,.F.);
#3590=ORIENTED_EDGE('',*,*,#2720,.F.);
#3591=ORIENTED_EDGE('',*,*,#2721,.F.);
#3592=ORIENTED_EDGE('',*,*,#2720,.T.);
#3593=ORIENTED_EDGE('',*,*,#2722,.F.);
#3594=ORIENTED_EDGE('',*,*,#2723,.F.);
#3595=ORIENTED_EDGE('',*,*,#2724,.F.);
#3596=ORIENTED_EDGE('',*,*,#2723,.T.);
#3597=ORIENTED_EDGE('',*,*,#2725,.F.);
#3598=ORIENTED_EDGE('',*,*,#2726,.F.);
#3599=ORIENTED_EDGE('',*,*,#2727,.F.);
#3600=ORIENTED_EDGE('',*,*,#2726,.T.);
#3601=ORIENTED_EDGE('',*,*,#2728,.F.);
#3602=ORIENTED_EDGE('',*,*,#2729,.F.);
#3603=ORIENTED_EDGE('',*,*,#2730,.F.);
#3604=ORIENTED_EDGE('',*,*,#2729,.T.);
#3605=ORIENTED_EDGE('',*,*,#2731,.F.);
#3606=ORIENTED_EDGE('',*,*,#2732,.F.);
#3607=ORIENTED_EDGE('',*,*,#2733,.F.);
#3608=ORIENTED_EDGE('',*,*,#2732,.T.);
#3609=ORIENTED_EDGE('',*,*,#2734,.F.);
#3610=ORIENTED_EDGE('',*,*,#2735,.F.);
#3611=ORIENTED_EDGE('',*,*,#2736,.F.);
#3612=ORIENTED_EDGE('',*,*,#2735,.T.);
#3613=ORIENTED_EDGE('',*,*,#2737,.F.);
#3614=ORIENTED_EDGE('',*,*,#2738,.F.);
#3615=ORIENTED_EDGE('',*,*,#2739,.F.);
#3616=ORIENTED_EDGE('',*,*,#2738,.T.);
#3617=ORIENTED_EDGE('',*,*,#2740,.F.);
#3618=ORIENTED_EDGE('',*,*,#2741,.F.);
#3619=ORIENTED_EDGE('',*,*,#2742,.F.);
#3620=ORIENTED_EDGE('',*,*,#2741,.T.);
#3621=ORIENTED_EDGE('',*,*,#2743,.F.);
#3622=ORIENTED_EDGE('',*,*,#2744,.F.);
#3623=ORIENTED_EDGE('',*,*,#2745,.F.);
#3624=ORIENTED_EDGE('',*,*,#2744,.T.);
#3625=ORIENTED_EDGE('',*,*,#2746,.F.);
#3626=ORIENTED_EDGE('',*,*,#2747,.F.);
#3627=ORIENTED_EDGE('',*,*,#2748,.F.);
#3628=ORIENTED_EDGE('',*,*,#2747,.T.);
#3629=ORIENTED_EDGE('',*,*,#2749,.F.);
#3630=ORIENTED_EDGE('',*,*,#2750,.F.);
#3631=ORIENTED_EDGE('',*,*,#2751,.F.);
#3632=ORIENTED_EDGE('',*,*,#2750,.T.);
#3633=ORIENTED_EDGE('',*,*,#2752,.F.);
#3634=ORIENTED_EDGE('',*,*,#2753,.F.);
#3635=ORIENTED_EDGE('',*,*,#2754,.F.);
#3636=ORIENTED_EDGE('',*,*,#2753,.T.);
#3637=ORIENTED_EDGE('',*,*,#2755,.F.);
#3638=ORIENTED_EDGE('',*,*,#2756,.F.);
#3639=ORIENTED_EDGE('',*,*,#2757,.F.);
#3640=ORIENTED_EDGE('',*,*,#2756,.T.);
#3641=ORIENTED_EDGE('',*,*,#2758,.F.);
#3642=ORIENTED_EDGE('',*,*,#2759,.F.);
#3643=ORIENTED_EDGE('',*,*,#2760,.F.);
#3644=ORIENTED_EDGE('',*,*,#2759,.T.);
#3645=ORIENTED_EDGE('',*,*,#2761,.F.);
#3646=ORIENTED_EDGE('',*,*,#2762,.F.);
#3647=ORIENTED_EDGE('',*,*,#2763,.F.);
#3648=ORIENTED_EDGE('',*,*,#2762,.T.);
#3649=ORIENTED_EDGE('',*,*,#2764,.F.);
#3650=ORIENTED_EDGE('',*,*,#2765,.F.);
#3651=ORIENTED_EDGE('',*,*,#2766,.F.);
#3652=ORIENTED_EDGE('',*,*,#2765,.T.);
#3653=ORIENTED_EDGE('',*,*,#2767,.F.);
#3654=ORIENTED_EDGE('',*,*,#2768,.F.);
#3655=ORIENTED_EDGE('',*,*,#2769,.F.);
#3656=ORIENTED_EDGE('',*,*,#2768,.T.);
#3657=ORIENTED_EDGE('',*,*,#2770,.F.);
#3658=ORIENTED_EDGE('',*,*,#2771,.F.);
#3659=ORIENTED_EDGE('',*,*,#2772,.F.);
#3660=ORIENTED_EDGE('',*,*,#2771,.T.);
#3661=ORIENTED_EDGE('',*,*,#2773,.F.);
#3662=ORIENTED_EDGE('',*,*,#2774,.F.);
#3663=ORIENTED_EDGE('',*,*,#2775,.F.);
#3664=ORIENTED_EDGE('',*,*,#2774,.T.);
#3665=ORIENTED_EDGE('',*,*,#2776,.F.);
#3666=ORIENTED_EDGE('',*,*,#2777,.F.);
#3667=ORIENTED_EDGE('',*,*,#2778,.F.);
#3668=ORIENTED_EDGE('',*,*,#2777,.T.);
#3669=ORIENTED_EDGE('',*,*,#2779,.F.);
#3670=ORIENTED_EDGE('',*,*,#2780,.F.);
#3671=ORIENTED_EDGE('',*,*,#2781,.F.);
#3672=ORIENTED_EDGE('',*,*,#2780,.T.);
#3673=ORIENTED_EDGE('',*,*,#2782,.F.);
#3674=ORIENTED_EDGE('',*,*,#2783,.F.);
#3675=ORIENTED_EDGE('',*,*,#2784,.F.);
#3676=ORIENTED_EDGE('',*,*,#2783,.T.);
#3677=ORIENTED_EDGE('',*,*,#2785,.F.);
#3678=ORIENTED_EDGE('',*,*,#2786,.F.);
#3679=ORIENTED_EDGE('',*,*,#2787,.F.);
#3680=ORIENTED_EDGE('',*,*,#2786,.T.);
#3681=ORIENTED_EDGE('',*,*,#2788,.F.);
#3682=ORIENTED_EDGE('',*,*,#2789,.F.);
#3683=ORIENTED_EDGE('',*,*,#2790,.F.);
#3684=ORIENTED_EDGE('',*,*,#2789,.T.);
#3685=ORIENTED_EDGE('',*,*,#2791,.F.);
#3686=ORIENTED_EDGE('',*,*,#2792,.F.);
#3687=ORIENTED_EDGE('',*,*,#2793,.F.);
#3688=ORIENTED_EDGE('',*,*,#2792,.T.);
#3689=ORIENTED_EDGE('',*,*,#2794,.F.);
#3690=ORIENTED_EDGE('',*,*,#2795,.F.);
#3691=ORIENTED_EDGE('',*,*,#2796,.F.);
#3692=ORIENTED_EDGE('',*,*,#2795,.T.);
#3693=ORIENTED_EDGE('',*,*,#2797,.F.);
#3694=ORIENTED_EDGE('',*,*,#2798,.F.);
#3695=ORIENTED_EDGE('',*,*,#2799,.F.);
#3696=ORIENTED_EDGE('',*,*,#2798,.T.);
#3697=ORIENTED_EDGE('',*,*,#2800,.F.);
#3698=ORIENTED_EDGE('',*,*,#2801,.F.);
#3699=ORIENTED_EDGE('',*,*,#2802,.F.);
#3700=ORIENTED_EDGE('',*,*,#2801,.T.);
#3701=ORIENTED_EDGE('',*,*,#2803,.F.);
#3702=ORIENTED_EDGE('',*,*,#2804,.F.);
#3703=ORIENTED_EDGE('',*,*,#2805,.F.);
#3704=ORIENTED_EDGE('',*,*,#2804,.T.);
#3705=ORIENTED_EDGE('',*,*,#2806,.F.);
#3706=ORIENTED_EDGE('',*,*,#2807,.F.);
#3707=ORIENTED_EDGE('',*,*,#2808,.F.);
#3708=ORIENTED_EDGE('',*,*,#2807,.T.);
#3709=ORIENTED_EDGE('',*,*,#2809,.F.);
#3710=ORIENTED_EDGE('',*,*,#2810,.F.);
#3711=ORIENTED_EDGE('',*,*,#2811,.F.);
#3712=ORIENTED_EDGE('',*,*,#2810,.T.);
#3713=ORIENTED_EDGE('',*,*,#2812,.F.);
#3714=ORIENTED_EDGE('',*,*,#2813,.F.);
#3715=ORIENTED_EDGE('',*,*,#2814,.F.);
#3716=ORIENTED_EDGE('',*,*,#2813,.T.);
#3717=ORIENTED_EDGE('',*,*,#2815,.F.);
#3718=ORIENTED_EDGE('',*,*,#2816,.F.);
#3719=ORIENTED_EDGE('',*,*,#2817,.F.);
#3720=ORIENTED_EDGE('',*,*,#2816,.T.);
#3721=ORIENTED_EDGE('',*,*,#2818,.F.);
#3722=ORIENTED_EDGE('',*,*,#2819,.F.);
#3723=ORIENTED_EDGE('',*,*,#2820,.F.);
#3724=ORIENTED_EDGE('',*,*,#2819,.T.);
#3725=ORIENTED_EDGE('',*,*,#2821,.F.);
#3726=ORIENTED_EDGE('',*,*,#2822,.F.);
#3727=ORIENTED_EDGE('',*,*,#2823,.F.);
#3728=ORIENTED_EDGE('',*,*,#2822,.T.);
#3729=ORIENTED_EDGE('',*,*,#2824,.F.);
#3730=ORIENTED_EDGE('',*,*,#2825,.F.);
#3731=ORIENTED_EDGE('',*,*,#2826,.F.);
#3732=ORIENTED_EDGE('',*,*,#2825,.T.);
#3733=ORIENTED_EDGE('',*,*,#2827,.F.);
#3734=ORIENTED_EDGE('',*,*,#2828,.F.);
#3735=ORIENTED_EDGE('',*,*,#2829,.F.);
#3736=ORIENTED_EDGE('',*,*,#2828,.T.);
#3737=ORIENTED_EDGE('',*,*,#2830,.F.);
#3738=ORIENTED_EDGE('',*,*,#2831,.F.);
#3739=ORIENTED_EDGE('',*,*,#2832,.F.);
#3740=ORIENTED_EDGE('',*,*,#2831,.T.);
#3741=ORIENTED_EDGE('',*,*,#2833,.F.);
#3742=ORIENTED_EDGE('',*,*,#2834,.F.);
#3743=ORIENTED_EDGE('',*,*,#2835,.F.);
#3744=ORIENTED_EDGE('',*,*,#2834,.T.);
#3745=ORIENTED_EDGE('',*,*,#2836,.F.);
#3746=ORIENTED_EDGE('',*,*,#2837,.F.);
#3747=ORIENTED_EDGE('',*,*,#2838,.F.);
#3748=ORIENTED_EDGE('',*,*,#2837,.T.);
#3749=ORIENTED_EDGE('',*,*,#2839,.F.);
#3750=ORIENTED_EDGE('',*,*,#2840,.F.);
#3751=ORIENTED_EDGE('',*,*,#2841,.F.);
#3752=ORIENTED_EDGE('',*,*,#2840,.T.);
#3753=ORIENTED_EDGE('',*,*,#2842,.F.);
#3754=ORIENTED_EDGE('',*,*,#2843,.F.);
#3755=ORIENTED_EDGE('',*,*,#2844,.F.);
#3756=ORIENTED_EDGE('',*,*,#2843,.T.);
#3757=ORIENTED_EDGE('',*,*,#2845,.F.);
#3758=ORIENTED_EDGE('',*,*,#2846,.F.);
#3759=ORIENTED_EDGE('',*,*,#2847,.F.);
#3760=ORIENTED_EDGE('',*,*,#2846,.T.);
#3761=ORIENTED_EDGE('',*,*,#2848,.F.);
#3762=ORIENTED_EDGE('',*,*,#2849,.F.);
#3763=ORIENTED_EDGE('',*,*,#2850,.F.);
#3764=ORIENTED_EDGE('',*,*,#2849,.T.);
#3765=ORIENTED_EDGE('',*,*,#2851,.F.);
#3766=ORIENTED_EDGE('',*,*,#2852,.F.);
#3767=ORIENTED_EDGE('',*,*,#2853,.F.);
#3768=ORIENTED_EDGE('',*,*,#2852,.T.);
#3769=ORIENTED_EDGE('',*,*,#2854,.F.);
#3770=ORIENTED_EDGE('',*,*,#2855,.F.);
#3771=ORIENTED_EDGE('',*,*,#2856,.F.);
#3772=ORIENTED_EDGE('',*,*,#2855,.T.);
#3773=ORIENTED_EDGE('',*,*,#2857,.F.);
#3774=ORIENTED_EDGE('',*,*,#2858,.F.);
#3775=ORIENTED_EDGE('',*,*,#2859,.F.);
#3776=ORIENTED_EDGE('',*,*,#2858,.T.);
#3777=ORIENTED_EDGE('',*,*,#2860,.F.);
#3778=ORIENTED_EDGE('',*,*,#2861,.F.);
#3779=ORIENTED_EDGE('',*,*,#2862,.F.);
#3780=ORIENTED_EDGE('',*,*,#2861,.T.);
#3781=ORIENTED_EDGE('',*,*,#2863,.F.);
#3782=ORIENTED_EDGE('',*,*,#2864,.F.);
#3783=ORIENTED_EDGE('',*,*,#2865,.F.);
#3784=ORIENTED_EDGE('',*,*,#2864,.T.);
#3785=ORIENTED_EDGE('',*,*,#2866,.F.);
#3786=ORIENTED_EDGE('',*,*,#2867,.F.);
#3787=ORIENTED_EDGE('',*,*,#2868,.F.);
#3788=ORIENTED_EDGE('',*,*,#2867,.T.);
#3789=ORIENTED_EDGE('',*,*,#2869,.F.);
#3790=ORIENTED_EDGE('',*,*,#2870,.F.);
#3791=ORIENTED_EDGE('',*,*,#2871,.F.);
#3792=ORIENTED_EDGE('',*,*,#2870,.T.);
#3793=ORIENTED_EDGE('',*,*,#2872,.F.);
#3794=ORIENTED_EDGE('',*,*,#2873,.F.);
#3795=ORIENTED_EDGE('',*,*,#2874,.F.);
#3796=ORIENTED_EDGE('',*,*,#2873,.T.);
#3797=ORIENTED_EDGE('',*,*,#2875,.F.);
#3798=ORIENTED_EDGE('',*,*,#2876,.F.);
#3799=ORIENTED_EDGE('',*,*,#2877,.F.);
#3800=ORIENTED_EDGE('',*,*,#2876,.T.);
#3801=ORIENTED_EDGE('',*,*,#2878,.F.);
#3802=ORIENTED_EDGE('',*,*,#2879,.F.);
#3803=ORIENTED_EDGE('',*,*,#2880,.F.);
#3804=ORIENTED_EDGE('',*,*,#2879,.T.);
#3805=ORIENTED_EDGE('',*,*,#2881,.F.);
#3806=ORIENTED_EDGE('',*,*,#2882,.F.);
#3807=ORIENTED_EDGE('',*,*,#2883,.F.);
#3808=ORIENTED_EDGE('',*,*,#2882,.T.);
#3809=ORIENTED_EDGE('',*,*,#2884,.F.);
#3810=ORIENTED_EDGE('',*,*,#2885,.F.);
#3811=ORIENTED_EDGE('',*,*,#2886,.F.);
#3812=ORIENTED_EDGE('',*,*,#2885,.T.);
#3813=ORIENTED_EDGE('',*,*,#2887,.F.);
#3814=ORIENTED_EDGE('',*,*,#2888,.F.);
#3815=ORIENTED_EDGE('',*,*,#2889,.F.);
#3816=ORIENTED_EDGE('',*,*,#2888,.T.);
#3817=ORIENTED_EDGE('',*,*,#2890,.F.);
#3818=ORIENTED_EDGE('',*,*,#2891,.F.);
#3819=ORIENTED_EDGE('',*,*,#2892,.F.);
#3820=ORIENTED_EDGE('',*,*,#2891,.T.);
#3821=ORIENTED_EDGE('',*,*,#2893,.F.);
#3822=ORIENTED_EDGE('',*,*,#2894,.F.);
#3823=ORIENTED_EDGE('',*,*,#2895,.F.);
#3824=ORIENTED_EDGE('',*,*,#2894,.T.);
#3825=ORIENTED_EDGE('',*,*,#2896,.F.);
#3826=ORIENTED_EDGE('',*,*,#2897,.F.);
#3827=ORIENTED_EDGE('',*,*,#2898,.F.);
#3828=ORIENTED_EDGE('',*,*,#2897,.T.);
#3829=ORIENTED_EDGE('',*,*,#2899,.F.);
#3830=ORIENTED_EDGE('',*,*,#2900,.F.);
#3831=ORIENTED_EDGE('',*,*,#2901,.F.);
#3832=ORIENTED_EDGE('',*,*,#2900,.T.);
#3833=ORIENTED_EDGE('',*,*,#2902,.F.);
#3834=ORIENTED_EDGE('',*,*,#2903,.F.);
#3835=ORIENTED_EDGE('',*,*,#2904,.F.);
#3836=ORIENTED_EDGE('',*,*,#2903,.T.);
#3837=ORIENTED_EDGE('',*,*,#2905,.F.);
#3838=ORIENTED_EDGE('',*,*,#2906,.F.);
#3839=ORIENTED_EDGE('',*,*,#2907,.F.);
#3840=ORIENTED_EDGE('',*,*,#2906,.T.);
#3841=ORIENTED_EDGE('',*,*,#2908,.F.);
#3842=ORIENTED_EDGE('',*,*,#2909,.F.);
#3843=ORIENTED_EDGE('',*,*,#2910,.F.);
#3844=ORIENTED_EDGE('',*,*,#2909,.T.);
#3845=ORIENTED_EDGE('',*,*,#2911,.F.);
#3846=ORIENTED_EDGE('',*,*,#2912,.F.);
#3847=ORIENTED_EDGE('',*,*,#2913,.F.);
#3848=ORIENTED_EDGE('',*,*,#2912,.T.);
#3849=ORIENTED_EDGE('',*,*,#2914,.F.);
#3850=ORIENTED_EDGE('',*,*,#2915,.F.);
#3851=ORIENTED_EDGE('',*,*,#2916,.F.);
#3852=ORIENTED_EDGE('',*,*,#2915,.T.);
#3853=ORIENTED_EDGE('',*,*,#2917,.F.);
#3854=ORIENTED_EDGE('',*,*,#2918,.F.);
#3855=ORIENTED_EDGE('',*,*,#2919,.F.);
#3856=ORIENTED_EDGE('',*,*,#2918,.T.);
#3857=ORIENTED_EDGE('',*,*,#2920,.F.);
#3858=ORIENTED_EDGE('',*,*,#2921,.F.);
#3859=ORIENTED_EDGE('',*,*,#2922,.F.);
#3860=ORIENTED_EDGE('',*,*,#2921,.T.);
#3861=ORIENTED_EDGE('',*,*,#2923,.F.);
#3862=ORIENTED_EDGE('',*,*,#2924,.F.);
#3863=ORIENTED_EDGE('',*,*,#2925,.F.);
#3864=ORIENTED_EDGE('',*,*,#2924,.T.);
#3865=ORIENTED_EDGE('',*,*,#2926,.F.);
#3866=ORIENTED_EDGE('',*,*,#2927,.F.);
#3867=ORIENTED_EDGE('',*,*,#2928,.F.);
#3868=ORIENTED_EDGE('',*,*,#2927,.T.);
#3869=ORIENTED_EDGE('',*,*,#2929,.F.);
#3870=ORIENTED_EDGE('',*,*,#2930,.F.);
#3871=ORIENTED_EDGE('',*,*,#2931,.F.);
#3872=ORIENTED_EDGE('',*,*,#2930,.T.);
#3873=ORIENTED_EDGE('',*,*,#2932,.F.);
#3874=ORIENTED_EDGE('',*,*,#2933,.F.);
#3875=ORIENTED_EDGE('',*,*,#2934,.F.);
#3876=ORIENTED_EDGE('',*,*,#2933,.T.);
#3877=ORIENTED_EDGE('',*,*,#2935,.F.);
#3878=ORIENTED_EDGE('',*,*,#2936,.F.);
#3879=ORIENTED_EDGE('',*,*,#2937,.F.);
#3880=ORIENTED_EDGE('',*,*,#2936,.T.);
#3881=ORIENTED_EDGE('',*,*,#2938,.F.);
#3882=ORIENTED_EDGE('',*,*,#2939,.F.);
#3883=ORIENTED_EDGE('',*,*,#2940,.F.);
#3884=ORIENTED_EDGE('',*,*,#2939,.T.);
#3885=ORIENTED_EDGE('',*,*,#2941,.F.);
#3886=ORIENTED_EDGE('',*,*,#2942,.F.);
#3887=ORIENTED_EDGE('',*,*,#2943,.F.);
#3888=ORIENTED_EDGE('',*,*,#2942,.T.);
#3889=ORIENTED_EDGE('',*,*,#2944,.F.);
#3890=ORIENTED_EDGE('',*,*,#2945,.F.);
#3891=ORIENTED_EDGE('',*,*,#2946,.F.);
#3892=ORIENTED_EDGE('',*,*,#2945,.T.);
#3893=ORIENTED_EDGE('',*,*,#2947,.F.);
#3894=ORIENTED_EDGE('',*,*,#2948,.F.);
#3895=ORIENTED_EDGE('',*,*,#2949,.F.);
#3896=ORIENTED_EDGE('',*,*,#2948,.T.);
#3897=ORIENTED_EDGE('',*,*,#2950,.F.);
#3898=ORIENTED_EDGE('',*,*,#2951,.F.);
#3899=ORIENTED_EDGE('',*,*,#2952,.F.);
#3900=ORIENTED_EDGE('',*,*,#2951,.T.);
#3901=ORIENTED_EDGE('',*,*,#2953,.F.);
#3902=ORIENTED_EDGE('',*,*,#2954,.F.);
#3903=ORIENTED_EDGE('',*,*,#2955,.F.);
#3904=ORIENTED_EDGE('',*,*,#2954,.T.);
#3905=ORIENTED_EDGE('',*,*,#2956,.F.);
#3906=ORIENTED_EDGE('',*,*,#2957,.F.);
#3907=ORIENTED_EDGE('',*,*,#2958,.F.);
#3908=ORIENTED_EDGE('',*,*,#2957,.T.);
#3909=ORIENTED_EDGE('',*,*,#2959,.F.);
#3910=ORIENTED_EDGE('',*,*,#2960,.F.);
#3911=ORIENTED_EDGE('',*,*,#2961,.F.);
#3912=ORIENTED_EDGE('',*,*,#2960,.T.);
#3913=ORIENTED_EDGE('',*,*,#2962,.F.);
#3914=ORIENTED_EDGE('',*,*,#2963,.F.);
#3915=ORIENTED_EDGE('',*,*,#2964,.F.);
#3916=ORIENTED_EDGE('',*,*,#2963,.T.);
#3917=ORIENTED_EDGE('',*,*,#2965,.F.);
#3918=ORIENTED_EDGE('',*,*,#2966,.F.);
#3919=ORIENTED_EDGE('',*,*,#2967,.F.);
#3920=ORIENTED_EDGE('',*,*,#2966,.T.);
#3921=ORIENTED_EDGE('',*,*,#2968,.F.);
#3922=ORIENTED_EDGE('',*,*,#2969,.F.);
#3923=ORIENTED_EDGE('',*,*,#2970,.F.);
#3924=ORIENTED_EDGE('',*,*,#2969,.T.);
#3925=ORIENTED_EDGE('',*,*,#2971,.F.);
#3926=ORIENTED_EDGE('',*,*,#2972,.F.);
#3927=ORIENTED_EDGE('',*,*,#2973,.F.);
#3928=ORIENTED_EDGE('',*,*,#2972,.T.);
#3929=ORIENTED_EDGE('',*,*,#2974,.F.);
#3930=ORIENTED_EDGE('',*,*,#2975,.F.);
#3931=ORIENTED_EDGE('',*,*,#2976,.F.);
#3932=ORIENTED_EDGE('',*,*,#2975,.T.);
#3933=ORIENTED_EDGE('',*,*,#2977,.F.);
#3934=ORIENTED_EDGE('',*,*,#2978,.F.);
#3935=ORIENTED_EDGE('',*,*,#2979,.F.);
#3936=ORIENTED_EDGE('',*,*,#2978,.T.);
#3937=ORIENTED_EDGE('',*,*,#2980,.F.);
#3938=ORIENTED_EDGE('',*,*,#2981,.F.);
#3939=ORIENTED_EDGE('',*,*,#2982,.F.);
#3940=ORIENTED_EDGE('',*,*,#2981,.T.);
#3941=ORIENTED_EDGE('',*,*,#2983,.F.);
#3942=ORIENTED_EDGE('',*,*,#2984,.F.);
#3943=ORIENTED_EDGE('',*,*,#2985,.F.);
#3944=ORIENTED_EDGE('',*,*,#2984,.T.);
#3945=ORIENTED_EDGE('',*,*,#2986,.F.);
#3946=ORIENTED_EDGE('',*,*,#2987,.F.);
#3947=ORIENTED_EDGE('',*,*,#2988,.F.);
#3948=ORIENTED_EDGE('',*,*,#2987,.T.);
#3949=ORIENTED_EDGE('',*,*,#2989,.F.);
#3950=ORIENTED_EDGE('',*,*,#2990,.F.);
#3951=ORIENTED_EDGE('',*,*,#2991,.F.);
#3952=ORIENTED_EDGE('',*,*,#2990,.T.);
#3953=ORIENTED_EDGE('',*,*,#2992,.F.);
#3954=ORIENTED_EDGE('',*,*,#2993,.F.);
#3955=ORIENTED_EDGE('',*,*,#2994,.F.);
#3956=ORIENTED_EDGE('',*,*,#2993,.T.);
#3957=ORIENTED_EDGE('',*,*,#2995,.F.);
#3958=ORIENTED_EDGE('',*,*,#2996,.F.);
#3959=ORIENTED_EDGE('',*,*,#2997,.F.);
#3960=ORIENTED_EDGE('',*,*,#2996,.T.);
#3961=ORIENTED_EDGE('',*,*,#2998,.F.);
#3962=ORIENTED_EDGE('',*,*,#2999,.F.);
#3963=ORIENTED_EDGE('',*,*,#3000,.F.);
#3964=ORIENTED_EDGE('',*,*,#2999,.T.);
#3965=ORIENTED_EDGE('',*,*,#3001,.F.);
#3966=ORIENTED_EDGE('',*,*,#3002,.F.);
#3967=ORIENTED_EDGE('',*,*,#3003,.F.);
#3968=ORIENTED_EDGE('',*,*,#3002,.T.);
#3969=ORIENTED_EDGE('',*,*,#3004,.F.);
#3970=ORIENTED_EDGE('',*,*,#3005,.F.);
#3971=ORIENTED_EDGE('',*,*,#3006,.F.);
#3972=ORIENTED_EDGE('',*,*,#3005,.T.);
#3973=ORIENTED_EDGE('',*,*,#3007,.F.);
#3974=ORIENTED_EDGE('',*,*,#3008,.F.);
#3975=ORIENTED_EDGE('',*,*,#3009,.F.);
#3976=ORIENTED_EDGE('',*,*,#3008,.T.);
#3977=ORIENTED_EDGE('',*,*,#3010,.F.);
#3978=ORIENTED_EDGE('',*,*,#3011,.F.);
#3979=ORIENTED_EDGE('',*,*,#3012,.F.);
#3980=ORIENTED_EDGE('',*,*,#3011,.T.);
#3981=ORIENTED_EDGE('',*,*,#3013,.F.);
#3982=ORIENTED_EDGE('',*,*,#3014,.F.);
#3983=ORIENTED_EDGE('',*,*,#3015,.F.);
#3984=ORIENTED_EDGE('',*,*,#3014,.T.);
#3985=ORIENTED_EDGE('',*,*,#3016,.F.);
#3986=ORIENTED_EDGE('',*,*,#3017,.F.);
#3987=ORIENTED_EDGE('',*,*,#3018,.F.);
#3988=ORIENTED_EDGE('',*,*,#3017,.T.);
#3989=ORIENTED_EDGE('',*,*,#3019,.F.);
#3990=ORIENTED_EDGE('',*,*,#3020,.F.);
#3991=ORIENTED_EDGE('',*,*,#3021,.F.);
#3992=ORIENTED_EDGE('',*,*,#3020,.T.);
#3993=ORIENTED_EDGE('',*,*,#3022,.F.);
#3994=ORIENTED_EDGE('',*,*,#3023,.F.);
#3995=ORIENTED_EDGE('',*,*,#3024,.F.);
#3996=ORIENTED_EDGE('',*,*,#3023,.T.);
#3997=ORIENTED_EDGE('',*,*,#3025,.F.);
#3998=ORIENTED_EDGE('',*,*,#3026,.F.);
#3999=ORIENTED_EDGE('',*,*,#3027,.F.);
#4000=ORIENTED_EDGE('',*,*,#3026,.T.);
#4001=ORIENTED_EDGE('',*,*,#3028,.F.);
#4002=ORIENTED_EDGE('',*,*,#3029,.F.);
#4003=ORIENTED_EDGE('',*,*,#3030,.F.);
#4004=ORIENTED_EDGE('',*,*,#3029,.T.);
#4005=ORIENTED_EDGE('',*,*,#3031,.F.);
#4006=ORIENTED_EDGE('',*,*,#3032,.F.);
#4007=ORIENTED_EDGE('',*,*,#3033,.F.);
#4008=ORIENTED_EDGE('',*,*,#3032,.T.);
#4009=ORIENTED_EDGE('',*,*,#3034,.F.);
#4010=ORIENTED_EDGE('',*,*,#3035,.F.);
#4011=ORIENTED_EDGE('',*,*,#3036,.F.);
#4012=ORIENTED_EDGE('',*,*,#3035,.T.);
#4013=ORIENTED_EDGE('',*,*,#3037,.F.);
#4014=ORIENTED_EDGE('',*,*,#3038,.F.);
#4015=ORIENTED_EDGE('',*,*,#3039,.F.);
#4016=ORIENTED_EDGE('',*,*,#3038,.T.);
#4017=ORIENTED_EDGE('',*,*,#3040,.F.);
#4018=ORIENTED_EDGE('',*,*,#3041,.F.);
#4019=ORIENTED_EDGE('',*,*,#3042,.F.);
#4020=ORIENTED_EDGE('',*,*,#3041,.T.);
#4021=ORIENTED_EDGE('',*,*,#3043,.F.);
#4022=ORIENTED_EDGE('',*,*,#3044,.F.);
#4023=ORIENTED_EDGE('',*,*,#3045,.F.);
#4024=ORIENTED_EDGE('',*,*,#3044,.T.);
#4025=ORIENTED_EDGE('',*,*,#3046,.F.);
#4026=ORIENTED_EDGE('',*,*,#3047,.F.);
#4027=ORIENTED_EDGE('',*,*,#3048,.F.);
#4028=ORIENTED_EDGE('',*,*,#3047,.T.);
#4029=ORIENTED_EDGE('',*,*,#3049,.F.);
#4030=ORIENTED_EDGE('',*,*,#3050,.F.);
#4031=ORIENTED_EDGE('',*,*,#3051,.F.);
#4032=ORIENTED_EDGE('',*,*,#3050,.T.);
#4033=ORIENTED_EDGE('',*,*,#3052,.F.);
#4034=ORIENTED_EDGE('',*,*,#3053,.F.);
#4035=ORIENTED_EDGE('',*,*,#3054,.F.);
#4036=ORIENTED_EDGE('',*,*,#3053,.T.);
#4037=ORIENTED_EDGE('',*,*,#3055,.F.);
#4038=ORIENTED_EDGE('',*,*,#3056,.F.);
#4039=ORIENTED_EDGE('',*,*,#3057,.F.);
#4040=ORIENTED_EDGE('',*,*,#3056,.T.);
#4041=ORIENTED_EDGE('',*,*,#3058,.F.);
#4042=ORIENTED_EDGE('',*,*,#2508,.F.);
#4043=ORIENTED_EDGE('',*,*,#3012,.T.);
#4044=ORIENTED_EDGE('',*,*,#3015,.T.);
#4045=ORIENTED_EDGE('',*,*,#3018,.T.);
#4046=ORIENTED_EDGE('',*,*,#3021,.T.);
#4047=ORIENTED_EDGE('',*,*,#3024,.T.);
#4048=ORIENTED_EDGE('',*,*,#3027,.T.);
#4049=ORIENTED_EDGE('',*,*,#3030,.T.);
#4050=ORIENTED_EDGE('',*,*,#3033,.T.);
#4051=ORIENTED_EDGE('',*,*,#3036,.T.);
#4052=ORIENTED_EDGE('',*,*,#3039,.T.);
#4053=ORIENTED_EDGE('',*,*,#3042,.T.);
#4054=ORIENTED_EDGE('',*,*,#3045,.T.);
#4055=ORIENTED_EDGE('',*,*,#3048,.T.);
#4056=ORIENTED_EDGE('',*,*,#3051,.T.);
#4057=ORIENTED_EDGE('',*,*,#3054,.T.);
#4058=ORIENTED_EDGE('',*,*,#3057,.T.);
#4059=ORIENTED_EDGE('',*,*,#2507,.T.);
#4060=ORIENTED_EDGE('',*,*,#2511,.T.);
#4061=ORIENTED_EDGE('',*,*,#2514,.T.);
#4062=ORIENTED_EDGE('',*,*,#2517,.T.);
#4063=ORIENTED_EDGE('',*,*,#2520,.T.);
#4064=ORIENTED_EDGE('',*,*,#2523,.T.);
#4065=ORIENTED_EDGE('',*,*,#2526,.T.);
#4066=ORIENTED_EDGE('',*,*,#2529,.T.);
#4067=ORIENTED_EDGE('',*,*,#2532,.T.);
#4068=ORIENTED_EDGE('',*,*,#2535,.T.);
#4069=ORIENTED_EDGE('',*,*,#2538,.T.);
#4070=ORIENTED_EDGE('',*,*,#2541,.T.);
#4071=ORIENTED_EDGE('',*,*,#2544,.T.);
#4072=ORIENTED_EDGE('',*,*,#2547,.T.);
#4073=ORIENTED_EDGE('',*,*,#2550,.T.);
#4074=ORIENTED_EDGE('',*,*,#2553,.T.);
#4075=ORIENTED_EDGE('',*,*,#2556,.T.);
#4076=ORIENTED_EDGE('',*,*,#2559,.T.);
#4077=ORIENTED_EDGE('',*,*,#2562,.T.);
#4078=ORIENTED_EDGE('',*,*,#2565,.T.);
#4079=ORIENTED_EDGE('',*,*,#2568,.T.);
#4080=ORIENTED_EDGE('',*,*,#2571,.T.);
#4081=ORIENTED_EDGE('',*,*,#2574,.T.);
#4082=ORIENTED_EDGE('',*,*,#2577,.T.);
#4083=ORIENTED_EDGE('',*,*,#2580,.T.);
#4084=ORIENTED_EDGE('',*,*,#2583,.T.);
#4085=ORIENTED_EDGE('',*,*,#2586,.T.);
#4086=ORIENTED_EDGE('',*,*,#2589,.T.);
#4087=ORIENTED_EDGE('',*,*,#2592,.T.);
#4088=ORIENTED_EDGE('',*,*,#2595,.T.);
#4089=ORIENTED_EDGE('',*,*,#2598,.T.);
#4090=ORIENTED_EDGE('',*,*,#2601,.T.);
#4091=ORIENTED_EDGE('',*,*,#2604,.T.);
#4092=ORIENTED_EDGE('',*,*,#2607,.T.);
#4093=ORIENTED_EDGE('',*,*,#2610,.T.);
#4094=ORIENTED_EDGE('',*,*,#2613,.T.);
#4095=ORIENTED_EDGE('',*,*,#2616,.T.);
#4096=ORIENTED_EDGE('',*,*,#2619,.T.);
#4097=ORIENTED_EDGE('',*,*,#2622,.T.);
#4098=ORIENTED_EDGE('',*,*,#2625,.T.);
#4099=ORIENTED_EDGE('',*,*,#2628,.T.);
#4100=ORIENTED_EDGE('',*,*,#2631,.T.);
#4101=ORIENTED_EDGE('',*,*,#2634,.T.);
#4102=ORIENTED_EDGE('',*,*,#2637,.T.);
#4103=ORIENTED_EDGE('',*,*,#2640,.T.);
#4104=ORIENTED_EDGE('',*,*,#2643,.T.);
#4105=ORIENTED_EDGE('',*,*,#2646,.T.);
#4106=ORIENTED_EDGE('',*,*,#2649,.T.);
#4107=ORIENTED_EDGE('',*,*,#2652,.T.);
#4108=ORIENTED_EDGE('',*,*,#2655,.T.);
#4109=ORIENTED_EDGE('',*,*,#2658,.T.);
#4110=ORIENTED_EDGE('',*,*,#2661,.T.);
#4111=ORIENTED_EDGE('',*,*,#2664,.T.);
#4112=ORIENTED_EDGE('',*,*,#2667,.T.);
#4113=ORIENTED_EDGE('',*,*,#2670,.T.);
#4114=ORIENTED_EDGE('',*,*,#2673,.T.);
#4115=ORIENTED_EDGE('',*,*,#2676,.T.);
#4116=ORIENTED_EDGE('',*,*,#2679,.T.);
#4117=ORIENTED_EDGE('',*,*,#2682,.T.);
#4118=ORIENTED_EDGE('',*,*,#2685,.T.);
#4119=ORIENTED_EDGE('',*,*,#2688,.T.);
#4120=ORIENTED_EDGE('',*,*,#2691,.T.);
#4121=ORIENTED_EDGE('',*,*,#2694,.T.);
#4122=ORIENTED_EDGE('',*,*,#2697,.T.);
#4123=ORIENTED_EDGE('',*,*,#2700,.T.);
#4124=ORIENTED_EDGE('',*,*,#2703,.T.);
#4125=ORIENTED_EDGE('',*,*,#2706,.T.);
#4126=ORIENTED_EDGE('',*,*,#2709,.T.);
#4127=ORIENTED_EDGE('',*,*,#2712,.T.);
#4128=ORIENTED_EDGE('',*,*,#2715,.T.);
#4129=ORIENTED_EDGE('',*,*,#2718,.T.);
#4130=ORIENTED_EDGE('',*,*,#2721,.T.);
#4131=ORIENTED_EDGE('',*,*,#2724,.T.);
#4132=ORIENTED_EDGE('',*,*,#2727,.T.);
#4133=ORIENTED_EDGE('',*,*,#2730,.T.);
#4134=ORIENTED_EDGE('',*,*,#2733,.T.);
#4135=ORIENTED_EDGE('',*,*,#2736,.T.);
#4136=ORIENTED_EDGE('',*,*,#2739,.T.);
#4137=ORIENTED_EDGE('',*,*,#2742,.T.);
#4138=ORIENTED_EDGE('',*,*,#2745,.T.);
#4139=ORIENTED_EDGE('',*,*,#2748,.T.);
#4140=ORIENTED_EDGE('',*,*,#2751,.T.);
#4141=ORIENTED_EDGE('',*,*,#2754,.T.);
#4142=ORIENTED_EDGE('',*,*,#2757,.T.);
#4143=ORIENTED_EDGE('',*,*,#2760,.T.);
#4144=ORIENTED_EDGE('',*,*,#2763,.T.);
#4145=ORIENTED_EDGE('',*,*,#2766,.T.);
#4146=ORIENTED_EDGE('',*,*,#2769,.T.);
#4147=ORIENTED_EDGE('',*,*,#2772,.T.);
#4148=ORIENTED_EDGE('',*,*,#2775,.T.);
#4149=ORIENTED_EDGE('',*,*,#2778,.T.);
#4150=ORIENTED_EDGE('',*,*,#2781,.T.);
#4151=ORIENTED_EDGE('',*,*,#2784,.T.);
#4152=ORIENTED_EDGE('',*,*,#2787,.T.);
#4153=ORIENTED_EDGE('',*,*,#2790,.T.);
#4154=ORIENTED_EDGE('',*,*,#2793,.T.);
#4155=ORIENTED_EDGE('',*,*,#2796,.T.);
#4156=ORIENTED_EDGE('',*,*,#2799,.T.);
#4157=ORIENTED_EDGE('',*,*,#2802,.T.);
#4158=ORIENTED_EDGE('',*,*,#2805,.T.);
#4159=ORIENTED_EDGE('',*,*,#2808,.T.);
#4160=ORIENTED_EDGE('',*,*,#2811,.T.);
#4161=ORIENTED_EDGE('',*,*,#2814,.T.);
#4162=ORIENTED_EDGE('',*,*,#2817,.T.);
#4163=ORIENTED_EDGE('',*,*,#2820,.T.);
#4164=ORIENTED_EDGE('',*,*,#2823,.T.);
#4165=ORIENTED_EDGE('',*,*,#2826,.T.);
#4166=ORIENTED_EDGE('',*,*,#2829,.T.);
#4167=ORIENTED_EDGE('',*,*,#2832,.T.);
#4168=ORIENTED_EDGE('',*,*,#2835,.T.);
#4169=ORIENTED_EDGE('',*,*,#2838,.T.);
#4170=ORIENTED_EDGE('',*,*,#2841,.T.);
#4171=ORIENTED_EDGE('',*,*,#2844,.T.);
#4172=ORIENTED_EDGE('',*,*,#2847,.T.);
#4173=ORIENTED_EDGE('',*,*,#2850,.T.);
#4174=ORIENTED_EDGE('',*,*,#2853,.T.);
#4175=ORIENTED_EDGE('',*,*,#2856,.T.);
#4176=ORIENTED_EDGE('',*,*,#2859,.T.);
#4177=ORIENTED_EDGE('',*,*,#2862,.T.);
#4178=ORIENTED_EDGE('',*,*,#2865,.T.);
#4179=ORIENTED_EDGE('',*,*,#2868,.T.);
#4180=ORIENTED_EDGE('',*,*,#2871,.T.);
#4181=ORIENTED_EDGE('',*,*,#2874,.T.);
#4182=ORIENTED_EDGE('',*,*,#2877,.T.);
#4183=ORIENTED_EDGE('',*,*,#2880,.T.);
#4184=ORIENTED_EDGE('',*,*,#2883,.T.);
#4185=ORIENTED_EDGE('',*,*,#2886,.T.);
#4186=ORIENTED_EDGE('',*,*,#2889,.T.);
#4187=ORIENTED_EDGE('',*,*,#2892,.T.);
#4188=ORIENTED_EDGE('',*,*,#2895,.T.);
#4189=ORIENTED_EDGE('',*,*,#2898,.T.);
#4190=ORIENTED_EDGE('',*,*,#2901,.T.);
#4191=ORIENTED_EDGE('',*,*,#2904,.T.);
#4192=ORIENTED_EDGE('',*,*,#2907,.T.);
#4193=ORIENTED_EDGE('',*,*,#2910,.T.);
#4194=ORIENTED_EDGE('',*,*,#2913,.T.);
#4195=ORIENTED_EDGE('',*,*,#2916,.T.);
#4196=ORIENTED_EDGE('',*,*,#2919,.T.);
#4197=ORIENTED_EDGE('',*,*,#2922,.T.);
#4198=ORIENTED_EDGE('',*,*,#2925,.T.);
#4199=ORIENTED_EDGE('',*,*,#2928,.T.);
#4200=ORIENTED_EDGE('',*,*,#2931,.T.);
#4201=ORIENTED_EDGE('',*,*,#2934,.T.);
#4202=ORIENTED_EDGE('',*,*,#2937,.T.);
#4203=ORIENTED_EDGE('',*,*,#2940,.T.);
#4204=ORIENTED_EDGE('',*,*,#2943,.T.);
#4205=ORIENTED_EDGE('',*,*,#2946,.T.);
#4206=ORIENTED_EDGE('',*,*,#2949,.T.);
#4207=ORIENTED_EDGE('',*,*,#2952,.T.);
#4208=ORIENTED_EDGE('',*,*,#2955,.T.);
#4209=ORIENTED_EDGE('',*,*,#2958,.T.);
#4210=ORIENTED_EDGE('',*,*,#2961,.T.);
#4211=ORIENTED_EDGE('',*,*,#2964,.T.);
#4212=ORIENTED_EDGE('',*,*,#2967,.T.);
#4213=ORIENTED_EDGE('',*,*,#2970,.T.);
#4214=ORIENTED_EDGE('',*,*,#2973,.T.);
#4215=ORIENTED_EDGE('',*,*,#2976,.T.);
#4216=ORIENTED_EDGE('',*,*,#2979,.T.);
#4217=ORIENTED_EDGE('',*,*,#2982,.T.);
#4218=ORIENTED_EDGE('',*,*,#2985,.T.);
#4219=ORIENTED_EDGE('',*,*,#2988,.T.);
#4220=ORIENTED_EDGE('',*,*,#2991,.T.);
#4221=ORIENTED_EDGE('',*,*,#2994,.T.);
#4222=ORIENTED_EDGE('',*,*,#2997,.T.);
#4223=ORIENTED_EDGE('',*,*,#3000,.T.);
#4224=ORIENTED_EDGE('',*,*,#3003,.T.);
#4225=ORIENTED_EDGE('',*,*,#3006,.T.);
#4226=ORIENTED_EDGE('',*,*,#3009,.T.);
#4227=ORIENTED_EDGE('',*,*,#2433,.T.);
#4228=ORIENTED_EDGE('',*,*,#2430,.T.);
#4229=ORIENTED_EDGE('',*,*,#2427,.T.);
#4230=ORIENTED_EDGE('',*,*,#2424,.T.);
#4231=ORIENTED_EDGE('',*,*,#2421,.T.);
#4232=ORIENTED_EDGE('',*,*,#2418,.T.);
#4233=ORIENTED_EDGE('',*,*,#2415,.T.);
#4234=ORIENTED_EDGE('',*,*,#2411,.T.);
#4235=ORIENTED_EDGE('',*,*,#2442,.T.);
#4236=ORIENTED_EDGE('',*,*,#2439,.T.);
#4237=ORIENTED_EDGE('',*,*,#2436,.T.);
#4238=ORIENTED_EDGE('',*,*,#2444,.T.);
#4239=ORIENTED_EDGE('',*,*,#2472,.T.);
#4240=ORIENTED_EDGE('',*,*,#2469,.T.);
#4241=ORIENTED_EDGE('',*,*,#2466,.T.);
#4242=ORIENTED_EDGE('',*,*,#2463,.T.);
#4243=ORIENTED_EDGE('',*,*,#2460,.T.);
#4244=ORIENTED_EDGE('',*,*,#2457,.T.);
#4245=ORIENTED_EDGE('',*,*,#2454,.T.);
#4246=ORIENTED_EDGE('',*,*,#2451,.T.);
#4247=ORIENTED_EDGE('',*,*,#2448,.T.);
#4248=ORIENTED_EDGE('',*,*,#2474,.T.);
#4249=ORIENTED_EDGE('',*,*,#2505,.T.);
#4250=ORIENTED_EDGE('',*,*,#2502,.T.);
#4251=ORIENTED_EDGE('',*,*,#2499,.T.);
#4252=ORIENTED_EDGE('',*,*,#2496,.T.);
#4253=ORIENTED_EDGE('',*,*,#2493,.T.);
#4254=ORIENTED_EDGE('',*,*,#2490,.T.);
#4255=ORIENTED_EDGE('',*,*,#2487,.T.);
#4256=ORIENTED_EDGE('',*,*,#2484,.T.);
#4257=ORIENTED_EDGE('',*,*,#2481,.T.);
#4258=ORIENTED_EDGE('',*,*,#2478,.T.);
#4259=ORIENTED_EDGE('',*,*,#3010,.T.);
#4260=ORIENTED_EDGE('',*,*,#3007,.T.);
#4261=ORIENTED_EDGE('',*,*,#3004,.T.);
#4262=ORIENTED_EDGE('',*,*,#3001,.T.);
#4263=ORIENTED_EDGE('',*,*,#2998,.T.);
#4264=ORIENTED_EDGE('',*,*,#2995,.T.);
#4265=ORIENTED_EDGE('',*,*,#2992,.T.);
#4266=ORIENTED_EDGE('',*,*,#2989,.T.);
#4267=ORIENTED_EDGE('',*,*,#2986,.T.);
#4268=ORIENTED_EDGE('',*,*,#2983,.T.);
#4269=ORIENTED_EDGE('',*,*,#2980,.T.);
#4270=ORIENTED_EDGE('',*,*,#2977,.T.);
#4271=ORIENTED_EDGE('',*,*,#2974,.T.);
#4272=ORIENTED_EDGE('',*,*,#2971,.T.);
#4273=ORIENTED_EDGE('',*,*,#2968,.T.);
#4274=ORIENTED_EDGE('',*,*,#2965,.T.);
#4275=ORIENTED_EDGE('',*,*,#2962,.T.);
#4276=ORIENTED_EDGE('',*,*,#2959,.T.);
#4277=ORIENTED_EDGE('',*,*,#2956,.T.);
#4278=ORIENTED_EDGE('',*,*,#2953,.T.);
#4279=ORIENTED_EDGE('',*,*,#2950,.T.);
#4280=ORIENTED_EDGE('',*,*,#2947,.T.);
#4281=ORIENTED_EDGE('',*,*,#2944,.T.);
#4282=ORIENTED_EDGE('',*,*,#2941,.T.);
#4283=ORIENTED_EDGE('',*,*,#2938,.T.);
#4284=ORIENTED_EDGE('',*,*,#2935,.T.);
#4285=ORIENTED_EDGE('',*,*,#2932,.T.);
#4286=ORIENTED_EDGE('',*,*,#2929,.T.);
#4287=ORIENTED_EDGE('',*,*,#2926,.T.);
#4288=ORIENTED_EDGE('',*,*,#2923,.T.);
#4289=ORIENTED_EDGE('',*,*,#2920,.T.);
#4290=ORIENTED_EDGE('',*,*,#2917,.T.);
#4291=ORIENTED_EDGE('',*,*,#2914,.T.);
#4292=ORIENTED_EDGE('',*,*,#2911,.T.);
#4293=ORIENTED_EDGE('',*,*,#2908,.T.);
#4294=ORIENTED_EDGE('',*,*,#2905,.T.);
#4295=ORIENTED_EDGE('',*,*,#2902,.T.);
#4296=ORIENTED_EDGE('',*,*,#2899,.T.);
#4297=ORIENTED_EDGE('',*,*,#2896,.T.);
#4298=ORIENTED_EDGE('',*,*,#2893,.T.);
#4299=ORIENTED_EDGE('',*,*,#2890,.T.);
#4300=ORIENTED_EDGE('',*,*,#2887,.T.);
#4301=ORIENTED_EDGE('',*,*,#2884,.T.);
#4302=ORIENTED_EDGE('',*,*,#2881,.T.);
#4303=ORIENTED_EDGE('',*,*,#2878,.T.);
#4304=ORIENTED_EDGE('',*,*,#2875,.T.);
#4305=ORIENTED_EDGE('',*,*,#2872,.T.);
#4306=ORIENTED_EDGE('',*,*,#2869,.T.);
#4307=ORIENTED_EDGE('',*,*,#2866,.T.);
#4308=ORIENTED_EDGE('',*,*,#2863,.T.);
#4309=ORIENTED_EDGE('',*,*,#2860,.T.);
#4310=ORIENTED_EDGE('',*,*,#2857,.T.);
#4311=ORIENTED_EDGE('',*,*,#2854,.T.);
#4312=ORIENTED_EDGE('',*,*,#2851,.T.);
#4313=ORIENTED_EDGE('',*,*,#2848,.T.);
#4314=ORIENTED_EDGE('',*,*,#2845,.T.);
#4315=ORIENTED_EDGE('',*,*,#2842,.T.);
#4316=ORIENTED_EDGE('',*,*,#2839,.T.);
#4317=ORIENTED_EDGE('',*,*,#2836,.T.);
#4318=ORIENTED_EDGE('',*,*,#2833,.T.);
#4319=ORIENTED_EDGE('',*,*,#2830,.T.);
#4320=ORIENTED_EDGE('',*,*,#2827,.T.);
#4321=ORIENTED_EDGE('',*,*,#2824,.T.);
#4322=ORIENTED_EDGE('',*,*,#2821,.T.);
#4323=ORIENTED_EDGE('',*,*,#2818,.T.);
#4324=ORIENTED_EDGE('',*,*,#2815,.T.);
#4325=ORIENTED_EDGE('',*,*,#2812,.T.);
#4326=ORIENTED_EDGE('',*,*,#2809,.T.);
#4327=ORIENTED_EDGE('',*,*,#2806,.T.);
#4328=ORIENTED_EDGE('',*,*,#2803,.T.);
#4329=ORIENTED_EDGE('',*,*,#2800,.T.);
#4330=ORIENTED_EDGE('',*,*,#2797,.T.);
#4331=ORIENTED_EDGE('',*,*,#2794,.T.);
#4332=ORIENTED_EDGE('',*,*,#2791,.T.);
#4333=ORIENTED_EDGE('',*,*,#2788,.T.);
#4334=ORIENTED_EDGE('',*,*,#2785,.T.);
#4335=ORIENTED_EDGE('',*,*,#2782,.T.);
#4336=ORIENTED_EDGE('',*,*,#2779,.T.);
#4337=ORIENTED_EDGE('',*,*,#2776,.T.);
#4338=ORIENTED_EDGE('',*,*,#2773,.T.);
#4339=ORIENTED_EDGE('',*,*,#2770,.T.);
#4340=ORIENTED_EDGE('',*,*,#2767,.T.);
#4341=ORIENTED_EDGE('',*,*,#2764,.T.);
#4342=ORIENTED_EDGE('',*,*,#2761,.T.);
#4343=ORIENTED_EDGE('',*,*,#2758,.T.);
#4344=ORIENTED_EDGE('',*,*,#2755,.T.);
#4345=ORIENTED_EDGE('',*,*,#2752,.T.);
#4346=ORIENTED_EDGE('',*,*,#2749,.T.);
#4347=ORIENTED_EDGE('',*,*,#2746,.T.);
#4348=ORIENTED_EDGE('',*,*,#2743,.T.);
#4349=ORIENTED_EDGE('',*,*,#2740,.T.);
#4350=ORIENTED_EDGE('',*,*,#2737,.T.);
#4351=ORIENTED_EDGE('',*,*,#2734,.T.);
#4352=ORIENTED_EDGE('',*,*,#2731,.T.);
#4353=ORIENTED_EDGE('',*,*,#2728,.T.);
#4354=ORIENTED_EDGE('',*,*,#2725,.T.);
#4355=ORIENTED_EDGE('',*,*,#2722,.T.);
#4356=ORIENTED_EDGE('',*,*,#2719,.T.);
#4357=ORIENTED_EDGE('',*,*,#2716,.T.);
#4358=ORIENTED_EDGE('',*,*,#2713,.T.);
#4359=ORIENTED_EDGE('',*,*,#2710,.T.);
#4360=ORIENTED_EDGE('',*,*,#2707,.T.);
#4361=ORIENTED_EDGE('',*,*,#2704,.T.);
#4362=ORIENTED_EDGE('',*,*,#2701,.T.);
#4363=ORIENTED_EDGE('',*,*,#2698,.T.);
#4364=ORIENTED_EDGE('',*,*,#2695,.T.);
#4365=ORIENTED_EDGE('',*,*,#2692,.T.);
#4366=ORIENTED_EDGE('',*,*,#2689,.T.);
#4367=ORIENTED_EDGE('',*,*,#2686,.T.);
#4368=ORIENTED_EDGE('',*,*,#2683,.T.);
#4369=ORIENTED_EDGE('',*,*,#2680,.T.);
#4370=ORIENTED_EDGE('',*,*,#2677,.T.);
#4371=ORIENTED_EDGE('',*,*,#2674,.T.);
#4372=ORIENTED_EDGE('',*,*,#2671,.T.);
#4373=ORIENTED_EDGE('',*,*,#2668,.T.);
#4374=ORIENTED_EDGE('',*,*,#2665,.T.);
#4375=ORIENTED_EDGE('',*,*,#2662,.T.);
#4376=ORIENTED_EDGE('',*,*,#2659,.T.);
#4377=ORIENTED_EDGE('',*,*,#2656,.T.);
#4378=ORIENTED_EDGE('',*,*,#2653,.T.);
#4379=ORIENTED_EDGE('',*,*,#2650,.T.);
#4380=ORIENTED_EDGE('',*,*,#2647,.T.);
#4381=ORIENTED_EDGE('',*,*,#2644,.T.);
#4382=ORIENTED_EDGE('',*,*,#2641,.T.);
#4383=ORIENTED_EDGE('',*,*,#2638,.T.);
#4384=ORIENTED_EDGE('',*,*,#2635,.T.);
#4385=ORIENTED_EDGE('',*,*,#2632,.T.);
#4386=ORIENTED_EDGE('',*,*,#2629,.T.);
#4387=ORIENTED_EDGE('',*,*,#2626,.T.);
#4388=ORIENTED_EDGE('',*,*,#2623,.T.);
#4389=ORIENTED_EDGE('',*,*,#2620,.T.);
#4390=ORIENTED_EDGE('',*,*,#2617,.T.);
#4391=ORIENTED_EDGE('',*,*,#2614,.T.);
#4392=ORIENTED_EDGE('',*,*,#2611,.T.);
#4393=ORIENTED_EDGE('',*,*,#2608,.T.);
#4394=ORIENTED_EDGE('',*,*,#2605,.T.);
#4395=ORIENTED_EDGE('',*,*,#2602,.T.);
#4396=ORIENTED_EDGE('',*,*,#2599,.T.);
#4397=ORIENTED_EDGE('',*,*,#2596,.T.);
#4398=ORIENTED_EDGE('',*,*,#2593,.T.);
#4399=ORIENTED_EDGE('',*,*,#2590,.T.);
#4400=ORIENTED_EDGE('',*,*,#2587,.T.);
#4401=ORIENTED_EDGE('',*,*,#2584,.T.);
#4402=ORIENTED_EDGE('',*,*,#2581,.T.);
#4403=ORIENTED_EDGE('',*,*,#2578,.T.);
#4404=ORIENTED_EDGE('',*,*,#2575,.T.);
#4405=ORIENTED_EDGE('',*,*,#2572,.T.);
#4406=ORIENTED_EDGE('',*,*,#2569,.T.);
#4407=ORIENTED_EDGE('',*,*,#2566,.T.);
#4408=ORIENTED_EDGE('',*,*,#2563,.T.);
#4409=ORIENTED_EDGE('',*,*,#2560,.T.);
#4410=ORIENTED_EDGE('',*,*,#2557,.T.);
#4411=ORIENTED_EDGE('',*,*,#2554,.T.);
#4412=ORIENTED_EDGE('',*,*,#2551,.T.);
#4413=ORIENTED_EDGE('',*,*,#2548,.T.);
#4414=ORIENTED_EDGE('',*,*,#2545,.T.);
#4415=ORIENTED_EDGE('',*,*,#2542,.T.);
#4416=ORIENTED_EDGE('',*,*,#2539,.T.);
#4417=ORIENTED_EDGE('',*,*,#2536,.T.);
#4418=ORIENTED_EDGE('',*,*,#2533,.T.);
#4419=ORIENTED_EDGE('',*,*,#2530,.T.);
#4420=ORIENTED_EDGE('',*,*,#2527,.T.);
#4421=ORIENTED_EDGE('',*,*,#2524,.T.);
#4422=ORIENTED_EDGE('',*,*,#2521,.T.);
#4423=ORIENTED_EDGE('',*,*,#2518,.T.);
#4424=ORIENTED_EDGE('',*,*,#2515,.T.);
#4425=ORIENTED_EDGE('',*,*,#2512,.T.);
#4426=ORIENTED_EDGE('',*,*,#2509,.T.);
#4427=ORIENTED_EDGE('',*,*,#3058,.T.);
#4428=ORIENTED_EDGE('',*,*,#3055,.T.);
#4429=ORIENTED_EDGE('',*,*,#3052,.T.);
#4430=ORIENTED_EDGE('',*,*,#3049,.T.);
#4431=ORIENTED_EDGE('',*,*,#3046,.T.);
#4432=ORIENTED_EDGE('',*,*,#3043,.T.);
#4433=ORIENTED_EDGE('',*,*,#3040,.T.);
#4434=ORIENTED_EDGE('',*,*,#3037,.T.);
#4435=ORIENTED_EDGE('',*,*,#3034,.T.);
#4436=ORIENTED_EDGE('',*,*,#3031,.T.);
#4437=ORIENTED_EDGE('',*,*,#3028,.T.);
#4438=ORIENTED_EDGE('',*,*,#3025,.T.);
#4439=ORIENTED_EDGE('',*,*,#3022,.T.);
#4440=ORIENTED_EDGE('',*,*,#3019,.T.);
#4441=ORIENTED_EDGE('',*,*,#3016,.T.);
#4442=ORIENTED_EDGE('',*,*,#3013,.T.);
#4443=ORIENTED_EDGE('',*,*,#2438,.T.);
#4444=ORIENTED_EDGE('',*,*,#2441,.T.);
#4445=ORIENTED_EDGE('',*,*,#2443,.T.);
#4446=ORIENTED_EDGE('',*,*,#2413,.T.);
#4447=ORIENTED_EDGE('',*,*,#2417,.T.);
#4448=ORIENTED_EDGE('',*,*,#2420,.T.);
#4449=ORIENTED_EDGE('',*,*,#2423,.T.);
#4450=ORIENTED_EDGE('',*,*,#2426,.T.);
#4451=ORIENTED_EDGE('',*,*,#2429,.T.);
#4452=ORIENTED_EDGE('',*,*,#2432,.T.);
#4453=ORIENTED_EDGE('',*,*,#2435,.T.);
#4454=ORIENTED_EDGE('',*,*,#2446,.T.);
#4455=ORIENTED_EDGE('',*,*,#2450,.T.);
#4456=ORIENTED_EDGE('',*,*,#2453,.T.);
#4457=ORIENTED_EDGE('',*,*,#2456,.T.);
#4458=ORIENTED_EDGE('',*,*,#2459,.T.);
#4459=ORIENTED_EDGE('',*,*,#2462,.T.);
#4460=ORIENTED_EDGE('',*,*,#2465,.T.);
#4461=ORIENTED_EDGE('',*,*,#2468,.T.);
#4462=ORIENTED_EDGE('',*,*,#2471,.T.);
#4463=ORIENTED_EDGE('',*,*,#2473,.T.);
#4464=ORIENTED_EDGE('',*,*,#2476,.T.);
#4465=ORIENTED_EDGE('',*,*,#2480,.T.);
#4466=ORIENTED_EDGE('',*,*,#2483,.T.);
#4467=ORIENTED_EDGE('',*,*,#2486,.T.);
#4468=ORIENTED_EDGE('',*,*,#2489,.T.);
#4469=ORIENTED_EDGE('',*,*,#2492,.T.);
#4470=ORIENTED_EDGE('',*,*,#2495,.T.);
#4471=ORIENTED_EDGE('',*,*,#2498,.T.);
#4472=ORIENTED_EDGE('',*,*,#2501,.T.);
#4473=ORIENTED_EDGE('',*,*,#2504,.T.);
#4474=ORIENTED_EDGE('',*,*,#2506,.T.);
#4475=CYLINDRICAL_SURFACE('',#4833,0.05);
#4476=CYLINDRICAL_SURFACE('',#4841,0.05);
#4477=CYLINDRICAL_SURFACE('',#4847,0.05);
#4478=CYLINDRICAL_SURFACE('',#4849,0.05);
#4479=CYLINDRICAL_SURFACE('',#4860,0.05);
#4480=CYLINDRICAL_SURFACE('',#4865,0.05);
#4481=CYLINDRICAL_SURFACE('',#4871,0.05);
#4482=CYLINDRICAL_SURFACE('',#4872,0.05);
#4483=CYLINDRICAL_SURFACE('',#4874,0.05);
#4484=CYLINDRICAL_SURFACE('',#4875,0.05);
#4485=CYLINDRICAL_SURFACE('',#4876,0.05);
#4486=CYLINDRICAL_SURFACE('',#4878,0.05);
#4487=CYLINDRICAL_SURFACE('',#4908,0.00408622206034811);
#4488=CYLINDRICAL_SURFACE('',#4911,0.00414226707715221);
#4489=CYLINDRICAL_SURFACE('',#4917,0.00419206092244103);
#4490=CYLINDRICAL_SURFACE('',#4927,0.00418121513004777);
#4491=CYLINDRICAL_SURFACE('',#4962,0.0043480283295422);
#4492=CYLINDRICAL_SURFACE('',#4968,0.00416208103813164);
#4493=CYLINDRICAL_SURFACE('',#4984,0.00407860827436444);
#4494=CYLINDRICAL_SURFACE('',#5007,0.00418066809340075);
#4495=CYLINDRICAL_SURFACE('',#5014,0.0176122385246971);
#4496=CYLINDRICAL_SURFACE('',#5022,0.00416209703712224);
#4497=ADVANCED_FACE('',(#525),#4475,.T.);
#4498=ADVANCED_FACE('',(#526),#433,.T.);
#4499=ADVANCED_FACE('',(#527),#434,.T.);
#4500=ADVANCED_FACE('',(#528),#4476,.T.);
#4501=ADVANCED_FACE('',(#529),#435,.T.);
#4502=ADVANCED_FACE('',(#530),#436,.T.);
#4503=ADVANCED_FACE('',(#531),#4477,.T.);
#4504=ADVANCED_FACE('',(#532),#437,.T.);
#4505=ADVANCED_FACE('',(#533),#4478,.T.);
#4506=ADVANCED_FACE('',(#534),#438,.F.);
#4507=ADVANCED_FACE('',(#535),#417,.T.);
#4508=ADVANCED_FACE('',(#536),#418,.T.);
#4509=ADVANCED_FACE('',(#537),#4479,.T.);
#4510=ADVANCED_FACE('',(#538),#419,.T.);
#4511=ADVANCED_FACE('',(#539),#4480,.T.);
#4512=ADVANCED_FACE('',(#540),#420,.T.);
#4513=ADVANCED_FACE('',(#541),#4481,.T.);
#4514=ADVANCED_FACE('',(#542),#4482,.T.);
#4515=ADVANCED_FACE('',(#543),#4483,.T.);
#4516=ADVANCED_FACE('',(#544),#4484,.T.);
#4517=ADVANCED_FACE('',(#545),#4485,.T.);
#4518=ADVANCED_FACE('',(#546),#4486,.T.);
#4519=ADVANCED_FACE('',(#547),#439,.T.);
#4520=ADVANCED_FACE('',(#548),#440,.T.);
#4521=ADVANCED_FACE('',(#549),#441,.T.);
#4522=ADVANCED_FACE('',(#550),#442,.T.);
#4523=ADVANCED_FACE('',(#551),#443,.T.);
#4524=ADVANCED_FACE('',(#552),#444,.F.);
#4525=ADVANCED_FACE('',(#553),#445,.F.);
#4526=ADVANCED_FACE('',(#554),#391,.T.);
#4527=ADVANCED_FACE('',(#555),#446,.F.);
#4528=ADVANCED_FACE('',(#556),#447,.F.);
#4529=ADVANCED_FACE('',(#557),#237,.F.);
#4530=ADVANCED_FACE('',(#558),#448,.F.);
#4531=ADVANCED_FACE('',(#559),#238,.F.);
#4532=ADVANCED_FACE('',(#560),#392,.T.);
#4533=ADVANCED_FACE('',(#561),#449,.F.);
#4534=ADVANCED_FACE('',(#562),#450,.F.);
#4535=ADVANCED_FACE('',(#563),#239,.F.);
#4536=ADVANCED_FACE('',(#564),#240,.F.);
#4537=ADVANCED_FACE('',(#565),#451,.F.);
#4538=ADVANCED_FACE('',(#566),#241,.F.);
#4539=ADVANCED_FACE('',(#567),#242,.F.);
#4540=ADVANCED_FACE('',(#568),#452,.F.);
#4541=ADVANCED_FACE('',(#569),#243,.F.);
#4542=ADVANCED_FACE('',(#570),#453,.F.);
#4543=ADVANCED_FACE('',(#571),#244,.F.);
#4544=ADVANCED_FACE('',(#572),#245,.F.);
#4545=ADVANCED_FACE('',(#573),#454,.F.);
#4546=ADVANCED_FACE('',(#574),#246,.F.);
#4547=ADVANCED_FACE('',(#575),#455,.F.);
#4548=ADVANCED_FACE('',(#576),#247,.F.);
#4549=ADVANCED_FACE('',(#577),#248,.F.);
#4550=ADVANCED_FACE('',(#578),#456,.F.);
#4551=ADVANCED_FACE('',(#579),#249,.F.);
#4552=ADVANCED_FACE('',(#580),#457,.F.);
#4553=ADVANCED_FACE('',(#581),#250,.F.);
#4554=ADVANCED_FACE('',(#582),#458,.F.);
#4555=ADVANCED_FACE('',(#583),#251,.F.);
#4556=ADVANCED_FACE('',(#584),#459,.F.);
#4557=ADVANCED_FACE('',(#585),#460,.T.);
#4558=ADVANCED_FACE('',(#586),#461,.T.);
#4559=ADVANCED_FACE('',(#587),#252,.T.);
#4560=ADVANCED_FACE('',(#588),#4487,.F.);
#4561=ADVANCED_FACE('',(#589),#253,.T.);
#4562=ADVANCED_FACE('',(#590),#254,.T.);
#4563=ADVANCED_FACE('',(#591),#255,.T.);
#4564=ADVANCED_FACE('',(#592),#4488,.F.);
#4565=ADVANCED_FACE('',(#593),#462,.T.);
#4566=ADVANCED_FACE('',(#594),#393,.F.);
#4567=ADVANCED_FACE('',(#595),#256,.T.);
#4568=ADVANCED_FACE('',(#596),#4489,.T.);
#4569=ADVANCED_FACE('',(#597),#463,.T.);
#4570=ADVANCED_FACE('',(#598),#394,.T.);
#4571=ADVANCED_FACE('',(#599),#464,.T.);
#4572=ADVANCED_FACE('',(#600),#395,.F.);
#4573=ADVANCED_FACE('',(#601),#465,.T.);
#4574=ADVANCED_FACE('',(#602),#257,.T.);
#4575=ADVANCED_FACE('',(#603),#258,.T.);
#4576=ADVANCED_FACE('',(#604),#259,.T.);
#4577=ADVANCED_FACE('',(#605),#4490,.F.);
#4578=ADVANCED_FACE('',(#606),#466,.T.);
#4579=ADVANCED_FACE('',(#607),#260,.T.);
#4580=ADVANCED_FACE('',(#608),#261,.T.);
#4581=ADVANCED_FACE('',(#609),#396,.F.);
#4582=ADVANCED_FACE('',(#610),#467,.T.);
#4583=ADVANCED_FACE('',(#611),#397,.T.);
#4584=ADVANCED_FACE('',(#612),#468,.T.);
#4585=ADVANCED_FACE('',(#613),#262,.T.);
#4586=ADVANCED_FACE('',(#614),#263,.T.);
#4587=ADVANCED_FACE('',(#615),#264,.T.);
#4588=ADVANCED_FACE('',(#616),#469,.T.);
#4589=ADVANCED_FACE('',(#617),#265,.T.);
#4590=ADVANCED_FACE('',(#618),#266,.T.);
#4591=ADVANCED_FACE('',(#619),#398,.F.);
#4592=ADVANCED_FACE('',(#620),#267,.T.);
#4593=ADVANCED_FACE('',(#621),#470,.T.);
#4594=ADVANCED_FACE('',(#622),#471,.T.);
#4595=ADVANCED_FACE('',(#623),#268,.T.);
#4596=ADVANCED_FACE('',(#624),#399,.F.);
#4597=ADVANCED_FACE('',(#625),#472,.T.);
#4598=ADVANCED_FACE('',(#626),#473,.T.);
#4599=ADVANCED_FACE('',(#627),#474,.T.);
#4600=ADVANCED_FACE('',(#628),#269,.T.);
#4601=ADVANCED_FACE('',(#629),#270,.T.);
#4602=ADVANCED_FACE('',(#630),#475,.T.);
#4603=ADVANCED_FACE('',(#631),#400,.F.);
#4604=ADVANCED_FACE('',(#632),#271,.T.);
#4605=ADVANCED_FACE('',(#633),#272,.T.);
#4606=ADVANCED_FACE('',(#634),#476,.T.);
#4607=ADVANCED_FACE('',(#635),#477,.T.);
#4608=ADVANCED_FACE('',(#636),#478,.T.);
#4609=ADVANCED_FACE('',(#637),#273,.T.);
#4610=ADVANCED_FACE('',(#638),#401,.F.);
#4611=ADVANCED_FACE('',(#639),#479,.T.);
#4612=ADVANCED_FACE('',(#640),#274,.T.);
#4613=ADVANCED_FACE('',(#641),#275,.T.);
#4614=ADVANCED_FACE('',(#642),#480,.T.);
#4615=ADVANCED_FACE('',(#643),#402,.T.);
#4616=ADVANCED_FACE('',(#644),#481,.T.);
#4617=ADVANCED_FACE('',(#645),#276,.T.);
#4618=ADVANCED_FACE('',(#646),#482,.T.);
#4619=ADVANCED_FACE('',(#647),#483,.T.);
#4620=ADVANCED_FACE('',(#648),#277,.T.);
#4621=ADVANCED_FACE('',(#649),#278,.T.);
#4622=ADVANCED_FACE('',(#650),#279,.T.);
#4623=ADVANCED_FACE('',(#651),#280,.T.);
#4624=ADVANCED_FACE('',(#652),#4491,.F.);
#4625=ADVANCED_FACE('',(#653),#484,.T.);
#4626=ADVANCED_FACE('',(#654),#485,.T.);
#4627=ADVANCED_FACE('',(#655),#281,.T.);
#4628=ADVANCED_FACE('',(#656),#486,.T.);
#4629=ADVANCED_FACE('',(#657),#4492,.T.);
#4630=ADVANCED_FACE('',(#658),#487,.T.);
#4631=ADVANCED_FACE('',(#659),#282,.T.);
#4632=ADVANCED_FACE('',(#660),#283,.T.);
#4633=ADVANCED_FACE('',(#661),#284,.T.);
#4634=ADVANCED_FACE('',(#662),#285,.T.);
#4635=ADVANCED_FACE('',(#663),#403,.T.);
#4636=ADVANCED_FACE('',(#664),#488,.T.);
#4637=ADVANCED_FACE('',(#665),#489,.T.);
#4638=ADVANCED_FACE('',(#666),#286,.T.);
#4639=ADVANCED_FACE('',(#667),#490,.T.);
#4640=ADVANCED_FACE('',(#668),#404,.F.);
#4641=ADVANCED_FACE('',(#669),#491,.T.);
#4642=ADVANCED_FACE('',(#670),#492,.T.);
#4643=ADVANCED_FACE('',(#671),#287,.T.);
#4644=ADVANCED_FACE('',(#672),#288,.T.);
#4645=ADVANCED_FACE('',(#673),#405,.F.);
#4646=ADVANCED_FACE('',(#674),#493,.T.);
#4647=ADVANCED_FACE('',(#675),#289,.T.);
#4648=ADVANCED_FACE('',(#676),#290,.T.);
#4649=ADVANCED_FACE('',(#677),#291,.T.);
#4650=ADVANCED_FACE('',(#678),#4493,.F.);
#4651=ADVANCED_FACE('',(#679),#494,.T.);
#4652=ADVANCED_FACE('',(#680),#406,.F.);
#4653=ADVANCED_FACE('',(#681),#407,.F.);
#4654=ADVANCED_FACE('',(#682),#292,.T.);
#4655=ADVANCED_FACE('',(#683),#293,.T.);
#4656=ADVANCED_FACE('',(#684),#495,.T.);
#4657=ADVANCED_FACE('',(#685),#408,.F.);
#4658=ADVANCED_FACE('',(#686),#294,.T.);
#4659=ADVANCED_FACE('',(#687),#409,.T.);
#4660=ADVANCED_FACE('',(#688),#295,.T.);
#4661=ADVANCED_FACE('',(#689),#496,.T.);
#4662=ADVANCED_FACE('',(#690),#497,.T.);
#4663=ADVANCED_FACE('',(#691),#410,.F.);
#4664=ADVANCED_FACE('',(#692),#296,.T.);
#4665=ADVANCED_FACE('',(#693),#297,.T.);
#4666=ADVANCED_FACE('',(#694),#298,.T.);
#4667=ADVANCED_FACE('',(#695),#498,.T.);
#4668=ADVANCED_FACE('',(#696),#499,.T.);
#4669=ADVANCED_FACE('',(#697),#411,.F.);
#4670=ADVANCED_FACE('',(#698),#299,.T.);
#4671=ADVANCED_FACE('',(#699),#300,.T.);
#4672=ADVANCED_FACE('',(#700),#500,.T.);
#4673=ADVANCED_FACE('',(#701),#301,.T.);
#4674=ADVANCED_FACE('',(#702),#302,.T.);
#4675=ADVANCED_FACE('',(#703),#501,.T.);
#4676=ADVANCED_FACE('',(#704),#4494,.F.);
#4677=ADVANCED_FACE('',(#705),#412,.T.);
#4678=ADVANCED_FACE('',(#706),#303,.T.);
#4679=ADVANCED_FACE('',(#707),#304,.T.);
#4680=ADVANCED_FACE('',(#708),#502,.T.);
#4681=ADVANCED_FACE('',(#709),#305,.T.);
#4682=ADVANCED_FACE('',(#710),#306,.T.);
#4683=ADVANCED_FACE('',(#711),#307,.T.);
#4684=ADVANCED_FACE('',(#712),#308,.T.);
#4685=ADVANCED_FACE('',(#713),#309,.T.);
#4686=ADVANCED_FACE('',(#714),#310,.T.);
#4687=ADVANCED_FACE('',(#715),#503,.T.);
#4688=ADVANCED_FACE('',(#716),#4495,.T.);
#4689=ADVANCED_FACE('',(#717),#311,.T.);
#4690=ADVANCED_FACE('',(#718),#312,.T.);
#4691=ADVANCED_FACE('',(#719),#504,.T.);
#4692=ADVANCED_FACE('',(#720),#505,.T.);
#4693=ADVANCED_FACE('',(#721),#506,.T.);
#4694=ADVANCED_FACE('',(#722),#313,.T.);
#4695=ADVANCED_FACE('',(#723),#314,.T.);
#4696=ADVANCED_FACE('',(#724),#507,.T.);
#4697=ADVANCED_FACE('',(#725),#315,.T.);
#4698=ADVANCED_FACE('',(#726),#508,.T.);
#4699=ADVANCED_FACE('',(#727),#4496,.T.);
#4700=ADVANCED_FACE('',(#728),#509,.T.);
#4701=ADVANCED_FACE('',(#729),#316,.T.);
#4702=ADVANCED_FACE('',(#730),#317,.T.);
#4703=ADVANCED_FACE('',(#731),#318,.T.);
#4704=ADVANCED_FACE('',(#732),#510,.T.);
#4705=ADVANCED_FACE('',(#733),#319,.T.);
#4706=ADVANCED_FACE('',(#734),#320,.T.);
#4707=ADVANCED_FACE('',(#735),#321,.T.);
#4708=ADVANCED_FACE('',(#736),#413,.T.);
#4709=ADVANCED_FACE('',(#737),#414,.T.);
#4710=ADVANCED_FACE('',(#738),#511,.T.);
#4711=ADVANCED_FACE('',(#739),#322,.T.);
#4712=ADVANCED_FACE('',(#740),#512,.T.);
#4713=ADVANCED_FACE('',(#741),#323,.T.);
#4714=ADVANCED_FACE('',(#742),#513,.T.);
#4715=ADVANCED_FACE('',(#743),#514,.T.);
#4716=ADVANCED_FACE('',(#744),#515,.T.);
#4717=ADVANCED_FACE('',(#745),#324,.T.);
#4718=ADVANCED_FACE('',(#746),#325,.T.);
#4719=ADVANCED_FACE('',(#747),#415,.F.);
#4720=ADVANCED_FACE('',(#748),#416,.F.);
#4721=ADVANCED_FACE('',(#749),#326,.T.);
#4722=ADVANCED_FACE('',(#750),#327,.T.);
#4723=ADVANCED_FACE('',(#751),#328,.T.);
#4724=ADVANCED_FACE('',(#752),#516,.T.);
#4725=ADVANCED_FACE('',(#753),#517,.T.);
#4726=ADVANCED_FACE('',(#754),#329,.T.);
#4727=ADVANCED_FACE('',(#755),#330,.T.);
#4728=ADVANCED_FACE('',(#756),#518,.T.);
#4729=ADVANCED_FACE('',(#757),#331,.T.);
#4730=ADVANCED_FACE('',(#758),#332,.T.);
#4731=ADVANCED_FACE('',(#759),#333,.T.);
#4732=ADVANCED_FACE('',(#760),#334,.T.);
#4733=ADVANCED_FACE('',(#761),#519,.T.);
#4734=ADVANCED_FACE('',(#762),#520,.T.);
#4735=ADVANCED_FACE('',(#763),#335,.T.);
#4736=ADVANCED_FACE('',(#764),#336,.T.);
#4737=ADVANCED_FACE('',(#765),#521,.T.);
#4738=ADVANCED_FACE('',(#766),#522,.T.);
#4739=ADVANCED_FACE('',(#767),#337,.T.);
#4740=ADVANCED_FACE('',(#768),#338,.T.);
#4741=ADVANCED_FACE('',(#769,#27,#28,#29),#523,.F.);
#4742=ADVANCED_FACE('',(#770,#30,#31,#32),#524,.T.);
#4743=CLOSED_SHELL('',(#4497,#4498,#4499,#4500,#4501,#4502,#4503,#4504,
#4505,#4506));
#4744=CLOSED_SHELL('',(#4507,#4508,#4509,#4510,#4511,#4512,#4513,#4514,
#4515,#4516,#4517,#4518,#4519,#4520,#4521,#4522,#4523,#4524));
#4745=CLOSED_SHELL('',(#4525,#4526,#4527,#4528,#4529,#4530,#4531,#4532,
#4533,#4534,#4535,#4536,#4537,#4538,#4539,#4540,#4541,#4542,#4543,#4544,
#4545,#4546,#4547,#4548,#4549,#4550,#4551,#4552,#4553,#4554,#4555,#4556,
#4557,#4558,#4559,#4560,#4561,#4562,#4563,#4564,#4565,#4566,#4567,#4568,
#4569,#4570,#4571,#4572,#4573,#4574,#4575,#4576,#4577,#4578,#4579,#4580,
#4581,#4582,#4583,#4584,#4585,#4586,#4587,#4588,#4589,#4590,#4591,#4592,
#4593,#4594,#4595,#4596,#4597,#4598,#4599,#4600,#4601,#4602,#4603,#4604,
#4605,#4606,#4607,#4608,#4609,#4610,#4611,#4612,#4613,#4614,#4615,#4616,
#4617,#4618,#4619,#4620,#4621,#4622,#4623,#4624,#4625,#4626,#4627,#4628,
#4629,#4630,#4631,#4632,#4633,#4634,#4635,#4636,#4637,#4638,#4639,#4640,
#4641,#4642,#4643,#4644,#4645,#4646,#4647,#4648,#4649,#4650,#4651,#4652,
#4653,#4654,#4655,#4656,#4657,#4658,#4659,#4660,#4661,#4662,#4663,#4664,
#4665,#4666,#4667,#4668,#4669,#4670,#4671,#4672,#4673,#4674,#4675,#4676,
#4677,#4678,#4679,#4680,#4681,#4682,#4683,#4684,#4685,#4686,#4687,#4688,
#4689,#4690,#4691,#4692,#4693,#4694,#4695,#4696,#4697,#4698,#4699,#4700,
#4701,#4702,#4703,#4704,#4705,#4706,#4707,#4708,#4709,#4710,#4711,#4712,
#4713,#4714,#4715,#4716,#4717,#4718,#4719,#4720,#4721,#4722,#4723,#4724,
#4725,#4726,#4727,#4728,#4729,#4730,#4731,#4732,#4733,#4734,#4735,#4736,
#4737,#4738,#4739,#4740,#4741,#4742));
#4746=DERIVED_UNIT_ELEMENT(#4752,1.);
#4747=DERIVED_UNIT_ELEMENT(#10086,3.);
#4748=DERIVED_UNIT_ELEMENT(#4752,1.);
#4749=DERIVED_UNIT_ELEMENT(#10086,3.);
#4750=DERIVED_UNIT_ELEMENT(#4752,1.);
#4751=DERIVED_UNIT_ELEMENT(#10086,3.);
#4752=(
MASS_UNIT()
NAMED_UNIT(*)
SI_UNIT($,.GRAM.)
);
#4753=DERIVED_UNIT((#4746,#4747));
#4754=DERIVED_UNIT((#4748,#4749));
#4755=DERIVED_UNIT((#4750,#4751));
#4756=MEASURE_REPRESENTATION_ITEM('density measure',
POSITIVE_RATIO_MEASURE(1.),#4753);
#4757=MEASURE_REPRESENTATION_ITEM('density measure',
POSITIVE_RATIO_MEASURE(1.),#4754);
#4758=MEASURE_REPRESENTATION_ITEM('density measure',
POSITIVE_RATIO_MEASURE(1.),#4755);
#4759=PROPERTY_DEFINITION_REPRESENTATION(#4774,#4765);
#4760=PROPERTY_DEFINITION_REPRESENTATION(#4775,#4766);
#4761=PROPERTY_DEFINITION_REPRESENTATION(#4776,#4767);
#4762=PROPERTY_DEFINITION_REPRESENTATION(#4777,#4768);
#4763=PROPERTY_DEFINITION_REPRESENTATION(#4778,#4769);
#4764=PROPERTY_DEFINITION_REPRESENTATION(#4779,#4770);
#4765=REPRESENTATION('material name',(#4771),#10081);
#4766=REPRESENTATION('density',(#4756),#10081);
#4767=REPRESENTATION('material name',(#4772),#10082);
#4768=REPRESENTATION('density',(#4757),#10082);
#4769=REPRESENTATION('material name',(#4773),#10083);
#4770=REPRESENTATION('density',(#4758),#10083);
#4771=DESCRIPTIVE_REPRESENTATION_ITEM('Generic','Generic');
#4772=DESCRIPTIVE_REPRESENTATION_ITEM('Generic','Generic');
#4773=DESCRIPTIVE_REPRESENTATION_ITEM('Generic','Generic');
#4774=PROPERTY_DEFINITION('material property','material name',#10107);
#4775=PROPERTY_DEFINITION('material property','density of part',#10107);
#4776=PROPERTY_DEFINITION('material property','material name',#10108);
#4777=PROPERTY_DEFINITION('material property','density of part',#10108);
#4778=PROPERTY_DEFINITION('material property','material name',#10109);
#4779=PROPERTY_DEFINITION('material property','density of part',#10109);
#4780=PRESENTATION_STYLE_ASSIGNMENT((#4783));
#4781=PRESENTATION_STYLE_ASSIGNMENT((#4784));
#4782=PRESENTATION_STYLE_ASSIGNMENT((#4785));
#4783=SURFACE_STYLE_USAGE(.BOTH.,#4792);
#4784=SURFACE_STYLE_USAGE(.BOTH.,#4793);
#4785=SURFACE_STYLE_USAGE(.BOTH.,#4794);
#4786=SURFACE_STYLE_RENDERING_WITH_PROPERTIES($,#4804,(#4789));
#4787=SURFACE_STYLE_RENDERING_WITH_PROPERTIES($,#4805,(#4790));
#4788=SURFACE_STYLE_RENDERING_WITH_PROPERTIES($,#4806,(#4791));
#4789=SURFACE_STYLE_TRANSPARENT(0.);
#4790=SURFACE_STYLE_TRANSPARENT(0.);
#4791=SURFACE_STYLE_TRANSPARENT(0.);
#4792=SURFACE_SIDE_STYLE('',(#4795,#4786));
#4793=SURFACE_SIDE_STYLE('',(#4796,#4787));
#4794=SURFACE_SIDE_STYLE('',(#4797,#4788));
#4795=SURFACE_STYLE_FILL_AREA(#4798);
#4796=SURFACE_STYLE_FILL_AREA(#4799);
#4797=SURFACE_STYLE_FILL_AREA(#4800);
#4798=FILL_AREA_STYLE('',(#4801));
#4799=FILL_AREA_STYLE('',(#4802));
#4800=FILL_AREA_STYLE('',(#4803));
#4801=FILL_AREA_STYLE_COLOUR('',#4804);
#4802=FILL_AREA_STYLE_COLOUR('',#4805);
#4803=FILL_AREA_STYLE_COLOUR('',#4806);
#4804=COLOUR_RGB('',0.627450980392157,0.313725490196078,0.);
#4805=COLOUR_RGB('',0.831372549019608,0.831372549019608,0.831372549019608);
#4806=COLOUR_RGB('',0.96078431372549,0.96078431372549,0.96078431372549);
#4807=DATE_TIME_ROLE('creation_date');
#4808=DATE_TIME_ROLE('creation_date');
#4809=DATE_TIME_ROLE('creation_date');
#4810=DATE_TIME_ROLE('creation_date');
#4811=APPLIED_DATE_AND_TIME_ASSIGNMENT(#4815,#4807,(#10106));
#4812=APPLIED_DATE_AND_TIME_ASSIGNMENT(#4816,#4808,(#10107));
#4813=APPLIED_DATE_AND_TIME_ASSIGNMENT(#4817,#4809,(#10108));
#4814=APPLIED_DATE_AND_TIME_ASSIGNMENT(#4818,#4810,(#10109));
#4815=DATE_AND_TIME(#4819,#4823);
#4816=DATE_AND_TIME(#4820,#4824);
#4817=DATE_AND_TIME(#4821,#4825);
#4818=DATE_AND_TIME(#4822,#4826);
#4819=CALENDAR_DATE(2019,4,7);
#4820=CALENDAR_DATE(2019,4,7);
#4821=CALENDAR_DATE(2019,4,7);
#4822=CALENDAR_DATE(2020,4,8);
#4823=LOCAL_TIME(20,35,14.,#4827);
#4824=LOCAL_TIME(20,30,31.,#4828);
#4825=LOCAL_TIME(20,33,44.,#4829);
#4826=LOCAL_TIME(23,43,14.,#4830);
#4827=COORDINATED_UNIVERSAL_TIME_OFFSET(0,0,.BEHIND.);
#4828=COORDINATED_UNIVERSAL_TIME_OFFSET(0,0,.BEHIND.);
#4829=COORDINATED_UNIVERSAL_TIME_OFFSET(0,0,.BEHIND.);
#4830=COORDINATED_UNIVERSAL_TIME_OFFSET(0,0,.BEHIND.);
#4831=AXIS2_PLACEMENT_3D('placement',#5905,#5053,#5054);
#4832=AXIS2_PLACEMENT_3D('placement',#5906,#5055,#5056);
#4833=AXIS2_PLACEMENT_3D('',#5907,#5057,#5058);
#4834=AXIS2_PLACEMENT_3D('',#5910,#5059,#5060);
#4835=AXIS2_PLACEMENT_3D('',#5914,#5062,#5063);
#4836=AXIS2_PLACEMENT_3D('',#5916,#5065,#5066);
#4837=AXIS2_PLACEMENT_3D('',#5922,#5070,#5071);
#4838=AXIS2_PLACEMENT_3D('',#5926,#5073,#5074);
#4839=AXIS2_PLACEMENT_3D('',#5930,#5076,#5077);
#4840=AXIS2_PLACEMENT_3D('',#5933,#5079,#5080);
#4841=AXIS2_PLACEMENT_3D('',#5934,#5081,#5082);
#4842=AXIS2_PLACEMENT_3D('',#5938,#5084,#5085);
#4843=AXIS2_PLACEMENT_3D('',#5940,#5087,#5088);
#4844=AXIS2_PLACEMENT_3D('',#5944,#5091,#5092);
#4845=AXIS2_PLACEMENT_3D('',#5946,#5093,#5094);
#4846=AXIS2_PLACEMENT_3D('',#5949,#5096,#5097);
#4847=AXIS2_PLACEMENT_3D('',#5951,#5099,#5100);
#4848=AXIS2_PLACEMENT_3D('',#5953,#5102,#5103);
#4849=AXIS2_PLACEMENT_3D('',#5955,#5105,#5106);
#4850=AXIS2_PLACEMENT_3D('',#5956,#5107,#5108);
#4851=AXIS2_PLACEMENT_3D('placement',#5957,#5109,#5110);
#4852=AXIS2_PLACEMENT_3D('',#5958,#5111,#5112);
#4853=AXIS2_PLACEMENT_3D('',#5961,#5113,#5114);
#4854=AXIS2_PLACEMENT_3D('',#5963,#5115,#5116);
#4855=AXIS2_PLACEMENT_3D('',#5964,#5117,#5118);
#4856=AXIS2_PLACEMENT_3D('',#5965,#5119,#5120);
#4857=AXIS2_PLACEMENT_3D('',#5968,#5121,#5122);
#4858=AXIS2_PLACEMENT_3D('',#5970,#5123,#5124);
#4859=AXIS2_PLACEMENT_3D('',#5971,#5125,#5126);
#4860=AXIS2_PLACEMENT_3D('',#5972,#5127,#5128);
#4861=AXIS2_PLACEMENT_3D('',#5975,#5131,#5132);
#4862=AXIS2_PLACEMENT_3D('',#5978,#5133,#5134);
#4863=AXIS2_PLACEMENT_3D('',#5980,#5135,#5136);
#4864=AXIS2_PLACEMENT_3D('',#5981,#5137,#5138);
#4865=AXIS2_PLACEMENT_3D('',#5982,#5139,#5140);
#4866=AXIS2_PLACEMENT_3D('',#5985,#5141,#5142);
#4867=AXIS2_PLACEMENT_3D('',#5988,#5145,#5146);
#4868=AXIS2_PLACEMENT_3D('',#5991,#5147,#5148);
#4869=AXIS2_PLACEMENT_3D('',#5993,#5149,#5150);
#4870=AXIS2_PLACEMENT_3D('',#5994,#5151,#5152);
#4871=AXIS2_PLACEMENT_3D('',#5995,#5153,#5154);
#4872=AXIS2_PLACEMENT_3D('',#5998,#5157,#5158);
#4873=AXIS2_PLACEMENT_3D('',#6001,#5159,#5160);
#4874=AXIS2_PLACEMENT_3D('',#6004,#5163,#5164);
#4875=AXIS2_PLACEMENT_3D('',#6007,#5167,#5168);
#4876=AXIS2_PLACEMENT_3D('',#6010,#5171,#5172);
#4877=AXIS2_PLACEMENT_3D('',#6013,#5173,#5174);
#4878=AXIS2_PLACEMENT_3D('',#6016,#5177,#5178);
#4879=AXIS2_PLACEMENT_3D('',#6019,#5179,#5180);
#4880=AXIS2_PLACEMENT_3D('',#6022,#5183,#5184);
#4881=AXIS2_PLACEMENT_3D('',#6024,#5186,#5187);
#4882=AXIS2_PLACEMENT_3D('',#6026,#5189,#5190);
#4883=AXIS2_PLACEMENT_3D('',#6027,#5191,#5192);
#4884=AXIS2_PLACEMENT_3D('',#6030,#5195,#5196);
#4885=AXIS2_PLACEMENT_3D('',#6031,#5197,#5198);
#4886=AXIS2_PLACEMENT_3D('placement',#6032,#5199,#5200);
#4887=AXIS2_PLACEMENT_3D('',#6033,#5201,#5202);
#4888=AXIS2_PLACEMENT_3D('',#6049,#5207,#5208);
#4889=AXIS2_PLACEMENT_3D('',#6052,#5210,#5211);
#4890=AXIS2_PLACEMENT_3D('',#6053,#5212,#5213);
#4891=AXIS2_PLACEMENT_3D('',#6059,#5217,#5218);
#4892=AXIS2_PLACEMENT_3D('',#6116,#5223,#5224);
#4893=AXIS2_PLACEMENT_3D('',#6172,#5229,#5230);
#4894=AXIS2_PLACEMENT_3D('',#6175,#5232,#5233);
#4895=AXIS2_PLACEMENT_3D('',#6176,#5234,#5235);
#4896=AXIS2_PLACEMENT_3D('',#6182,#5239,#5240);
#4897=AXIS2_PLACEMENT_3D('',#6274,#5246,#5247);
#4898=AXIS2_PLACEMENT_3D('',#6318,#5253,#5254);
#4899=AXIS2_PLACEMENT_3D('',#6367,#5259,#5260);
#4900=AXIS2_PLACEMENT_3D('',#6443,#5266,#5267);
#4901=AXIS2_PLACEMENT_3D('',#6492,#5272,#5273);
#4902=AXIS2_PLACEMENT_3D('',#6568,#5279,#5280);
#4903=AXIS2_PLACEMENT_3D('',#6617,#5285,#5286);
#4904=AXIS2_PLACEMENT_3D('',#6674,#5291,#5292);
#4905=AXIS2_PLACEMENT_3D('',#6699,#5297,#5298);
#4906=AXIS2_PLACEMENT_3D('',#6702,#5301,#5302);
#4907=AXIS2_PLACEMENT_3D('',#6711,#5307,#5308);
#4908=AXIS2_PLACEMENT_3D('',#6760,#5313,#5314);
#4909=AXIS2_PLACEMENT_3D('',#6762,#5315,#5316);
#4910=AXIS2_PLACEMENT_3D('',#6764,#5317,#5318);
#4911=AXIS2_PLACEMENT_3D('',#6877,#5323,#5324);
#4912=AXIS2_PLACEMENT_3D('',#6879,#5325,#5326);
#4913=AXIS2_PLACEMENT_3D('',#6881,#5327,#5328);
#4914=AXIS2_PLACEMENT_3D('',#6883,#5330,#5331);
#4915=AXIS2_PLACEMENT_3D('',#6896,#5335,#5336);
#4916=AXIS2_PLACEMENT_3D('',#6898,#5337,#5338);
#4917=AXIS2_PLACEMENT_3D('',#6919,#5341,#5342);
#4918=AXIS2_PLACEMENT_3D('',#6921,#5343,#5344);
#4919=AXIS2_PLACEMENT_3D('',#6923,#5345,#5346);
#4920=AXIS2_PLACEMENT_3D('',#6925,#5348,#5349);
#4921=AXIS2_PLACEMENT_3D('',#6938,#5353,#5354);
#4922=AXIS2_PLACEMENT_3D('',#6940,#5355,#5356);
#4923=AXIS2_PLACEMENT_3D('',#6942,#5358,#5359);
#4924=AXIS2_PLACEMENT_3D('',#6955,#5363,#5364);
#4925=AXIS2_PLACEMENT_3D('',#6957,#5365,#5366);
#4926=AXIS2_PLACEMENT_3D('',#6959,#5368,#5369);
#4927=AXIS2_PLACEMENT_3D('',#7046,#5376,#5377);
#4928=AXIS2_PLACEMENT_3D('',#7048,#5378,#5379);
#4929=AXIS2_PLACEMENT_3D('',#7050,#5380,#5381);
#4930=AXIS2_PLACEMENT_3D('',#7052,#5383,#5384);
#4931=AXIS2_PLACEMENT_3D('',#7127,#5390,#5391);
#4932=AXIS2_PLACEMENT_3D('',#7129,#5392,#5393);
#4933=AXIS2_PLACEMENT_3D('',#7131,#5395,#5396);
#4934=AXIS2_PLACEMENT_3D('',#7144,#5400,#5401);
#4935=AXIS2_PLACEMENT_3D('',#7146,#5402,#5403);
#4936=AXIS2_PLACEMENT_3D('',#7148,#5405,#5406);
#4937=AXIS2_PLACEMENT_3D('',#7235,#5413,#5414);
#4938=AXIS2_PLACEMENT_3D('',#7310,#5420,#5421);
#4939=AXIS2_PLACEMENT_3D('',#7312,#5422,#5423);
#4940=AXIS2_PLACEMENT_3D('',#7333,#5426,#5427);
#4941=AXIS2_PLACEMENT_3D('',#7339,#5431,#5432);
#4942=AXIS2_PLACEMENT_3D('',#7395,#5437,#5438);
#4943=AXIS2_PLACEMENT_3D('',#7397,#5439,#5440);
#4944=AXIS2_PLACEMENT_3D('',#7399,#5442,#5443);
#4945=AXIS2_PLACEMENT_3D('',#7405,#5447,#5448);
#4946=AXIS2_PLACEMENT_3D('',#7411,#5452,#5453);
#4947=AXIS2_PLACEMENT_3D('',#7487,#5459,#5460);
#4948=AXIS2_PLACEMENT_3D('',#7504,#5464,#5465);
#4949=AXIS2_PLACEMENT_3D('',#7506,#5466,#5467);
#4950=AXIS2_PLACEMENT_3D('',#7546,#5471,#5472);
#4951=AXIS2_PLACEMENT_3D('',#7552,#5476,#5477);
#4952=AXIS2_PLACEMENT_3D('',#7558,#5481,#5482);
#4953=AXIS2_PLACEMENT_3D('',#7590,#5487,#5488);
#4954=AXIS2_PLACEMENT_3D('',#7592,#5489,#5490);
#4955=AXIS2_PLACEMENT_3D('',#7594,#5492,#5493);
#4956=AXIS2_PLACEMENT_3D('',#7662,#5499,#5500);
#4957=AXIS2_PLACEMENT_3D('',#7675,#5504,#5505);
#4958=AXIS2_PLACEMENT_3D('',#7677,#5506,#5507);
#4959=AXIS2_PLACEMENT_3D('',#7679,#5509,#5510);
#4960=AXIS2_PLACEMENT_3D('',#7728,#5515,#5516);
#4961=AXIS2_PLACEMENT_3D('',#7734,#5520,#5521);
#4962=AXIS2_PLACEMENT_3D('',#7880,#5529,#5530);
#4963=AXIS2_PLACEMENT_3D('',#7882,#5531,#5532);
#4964=AXIS2_PLACEMENT_3D('',#7884,#5533,#5534);
#4965=AXIS2_PLACEMENT_3D('',#7886,#5536,#5537);
#4966=AXIS2_PLACEMENT_3D('',#7892,#5541,#5542);
#4967=AXIS2_PLACEMENT_3D('',#7917,#5547,#5548);
#4968=AXIS2_PLACEMENT_3D('',#7923,#5552,#5553);
#4969=AXIS2_PLACEMENT_3D('',#7925,#5554,#5555);
#4970=AXIS2_PLACEMENT_3D('',#7927,#5556,#5557);
#4971=AXIS2_PLACEMENT_3D('',#7929,#5559,#5560);
#4972=AXIS2_PLACEMENT_3D('',#8066,#5568,#5569);
#4973=AXIS2_PLACEMENT_3D('',#8068,#5570,#5571);
#4974=AXIS2_PLACEMENT_3D('',#8070,#5573,#5574);
#4975=AXIS2_PLACEMENT_3D('',#8076,#5578,#5579);
#4976=AXIS2_PLACEMENT_3D('',#8101,#5584,#5585);
#4977=AXIS2_PLACEMENT_3D('',#8114,#5589,#5590);
#4978=AXIS2_PLACEMENT_3D('',#8116,#5591,#5592);
#4979=AXIS2_PLACEMENT_3D('',#8118,#5594,#5595);
#4980=AXIS2_PLACEMENT_3D('',#8124,#5599,#5600);
#4981=AXIS2_PLACEMENT_3D('',#8175,#5606,#5607);
#4982=AXIS2_PLACEMENT_3D('',#8177,#5608,#5609);
#4983=AXIS2_PLACEMENT_3D('',#8179,#5611,#5612);
#4984=AXIS2_PLACEMENT_3D('',#8290,#5619,#5620);
#4985=AXIS2_PLACEMENT_3D('',#8292,#5621,#5622);
#4986=AXIS2_PLACEMENT_3D('',#8294,#5623,#5624);
#4987=AXIS2_PLACEMENT_3D('',#8296,#5626,#5627);
#4988=AXIS2_PLACEMENT_3D('',#8309,#5631,#5632);
#4989=AXIS2_PLACEMENT_3D('',#8311,#5633,#5634);
#4990=AXIS2_PLACEMENT_3D('',#8320,#5636,#5637);
#4991=AXIS2_PLACEMENT_3D('',#8322,#5638,#5639);
#4992=AXIS2_PLACEMENT_3D('',#8386,#5643,#5644);
#4993=AXIS2_PLACEMENT_3D('',#8399,#5648,#5649);
#4994=AXIS2_PLACEMENT_3D('',#8401,#5650,#5651);
#4995=AXIS2_PLACEMENT_3D('',#8453,#5654,#5655);
#4996=AXIS2_PLACEMENT_3D('',#8455,#5656,#5657);
#4997=AXIS2_PLACEMENT_3D('',#8476,#5660,#5661);
#4998=AXIS2_PLACEMENT_3D('',#8482,#5665,#5666);
#4999=AXIS2_PLACEMENT_3D('',#8495,#5670,#5671);
#5000=AXIS2_PLACEMENT_3D('',#8497,#5672,#5673);
#5001=AXIS2_PLACEMENT_3D('',#8604,#5678,#5679);
#5002=AXIS2_PLACEMENT_3D('',#8610,#5683,#5684);
#5003=AXIS2_PLACEMENT_3D('',#8623,#5688,#5689);
#5004=AXIS2_PLACEMENT_3D('',#8625,#5690,#5691);
#5005=AXIS2_PLACEMENT_3D('',#8665,#5695,#5696);
#5006=AXIS2_PLACEMENT_3D('',#8733,#5702,#5703);
#5007=AXIS2_PLACEMENT_3D('',#8739,#5707,#5708);
#5008=AXIS2_PLACEMENT_3D('',#8741,#5709,#5710);
#5009=AXIS2_PLACEMENT_3D('',#8743,#5711,#5712);
#5010=AXIS2_PLACEMENT_3D('',#8752,#5714,#5715);
#5011=AXIS2_PLACEMENT_3D('',#8754,#5716,#5717);
#5012=AXIS2_PLACEMENT_3D('',#8840,#5721,#5722);
#5013=AXIS2_PLACEMENT_3D('',#8992,#5732,#5733);
#5014=AXIS2_PLACEMENT_3D('',#8998,#5737,#5738);
#5015=AXIS2_PLACEMENT_3D('',#9000,#5739,#5740);
#5016=AXIS2_PLACEMENT_3D('',#9002,#5741,#5742);
#5017=AXIS2_PLACEMENT_3D('',#9042,#5746,#5747);
#5018=AXIS2_PLACEMENT_3D('',#9048,#5751,#5752);
#5019=AXIS2_PLACEMENT_3D('',#9054,#5756,#5757);
#5020=AXIS2_PLACEMENT_3D('',#9130,#5763,#5764);
#5021=AXIS2_PLACEMENT_3D('',#9179,#5769,#5770);
#5022=AXIS2_PLACEMENT_3D('',#9185,#5774,#5775);
#5023=AXIS2_PLACEMENT_3D('',#9187,#5776,#5777);
#5024=AXIS2_PLACEMENT_3D('',#9189,#5778,#5779);
#5025=AXIS2_PLACEMENT_3D('',#9191,#5781,#5782);
#5026=AXIS2_PLACEMENT_3D('',#9318,#5789,#5790);
#5027=AXIS2_PLACEMENT_3D('',#9472,#5797,#5798);
#5028=AXIS2_PLACEMENT_3D('',#9474,#5799,#5800);
#5029=AXIS2_PLACEMENT_3D('',#9483,#5802,#5803);
#5030=AXIS2_PLACEMENT_3D('',#9485,#5804,#5805);
#5031=AXIS2_PLACEMENT_3D('',#9487,#5807,#5808);
#5032=AXIS2_PLACEMENT_3D('',#9536,#5813,#5814);
#5033=AXIS2_PLACEMENT_3D('',#9585,#5819,#5820);
#5034=AXIS2_PLACEMENT_3D('',#9591,#5824,#5825);
#5035=AXIS2_PLACEMENT_3D('',#9597,#5829,#5830);
#5036=AXIS2_PLACEMENT_3D('',#9648,#5836,#5837);
#5037=AXIS2_PLACEMENT_3D('',#9650,#5838,#5839);
#5038=AXIS2_PLACEMENT_3D('',#9659,#5841,#5842);
#5039=AXIS2_PLACEMENT_3D('',#9661,#5843,#5844);
#5040=AXIS2_PLACEMENT_3D('',#9720,#5849,#5850);
#5041=AXIS2_PLACEMENT_3D('',#9726,#5854,#5855);
#5042=AXIS2_PLACEMENT_3D('',#9794,#5861,#5862);
#5043=AXIS2_PLACEMENT_3D('',#9916,#5870,#5871);
#5044=AXIS2_PLACEMENT_3D('',#9922,#5875,#5876);
#5045=AXIS2_PLACEMENT_3D('',#9990,#5882,#5883);
#5046=AXIS2_PLACEMENT_3D('',#9996,#5887,#5888);
#5047=AXIS2_PLACEMENT_3D('',#10069,#5893,#5894);
#5048=AXIS2_PLACEMENT_3D('',#10070,#5895,#5896);
#5049=AXIS2_PLACEMENT_3D('',#10071,#5897,#5898);
#5050=AXIS2_PLACEMENT_3D('',#10072,#5899,#5900);
#5051=AXIS2_PLACEMENT_3D('',#10073,#5901,#5902);
#5052=AXIS2_PLACEMENT_3D('',#10074,#5903,#5904);
#5053=DIRECTION('axis',(0.,0.,1.));
#5054=DIRECTION('refdir',(1.,0.,0.));
#5055=DIRECTION('axis',(0.,0.,1.));
#5056=DIRECTION('refdir',(1.,0.,0.));
#5057=DIRECTION('center_axis',(1.,1.38777878078145E-16,0.));
#5058=DIRECTION('ref_axis',(0.,0.707106781186548,-0.707106781186547));
#5059=DIRECTION('center_axis',(-1.,-1.73472347597681E-16,0.));
#5060=DIRECTION('ref_axis',(0.,0.707106781186548,-0.707106781186547));
#5061=DIRECTION('',(-1.,-1.38777878078145E-16,0.));
#5062=DIRECTION('center_axis',(1.,3.46944695195361E-16,0.));
#5063=DIRECTION('ref_axis',(0.,0.707106781186548,-0.707106781186547));
#5064=DIRECTION('',(1.,1.38777878078145E-16,0.));
#5065=DIRECTION('center_axis',(-1.38777878078145E-16,1.,0.));
#5066=DIRECTION('ref_axis',(-1.,-1.38777878078145E-16,0.));
#5067=DIRECTION('',(0.,0.,1.));
#5068=DIRECTION('',(-1.,-1.38777878078145E-16,0.));
#5069=DIRECTION('',(0.,0.,1.));
#5070=DIRECTION('center_axis',(-1.,-3.46944695195361E-16,0.));
#5071=DIRECTION('ref_axis',(3.46944695195361E-16,-1.,0.));
#5072=DIRECTION('',(-3.46944695195361E-16,1.,0.));
#5073=DIRECTION('center_axis',(1.,3.46944695195361E-16,0.));
#5074=DIRECTION('ref_axis',(0.,-0.707106781186548,-0.707106781186547));
#5075=DIRECTION('',(0.,0.,1.));
#5076=DIRECTION('center_axis',(1.,3.46944695195361E-16,0.));
#5077=DIRECTION('ref_axis',(0.,-0.707106781186548,0.707106781186548));
#5078=DIRECTION('',(3.46944695195361E-16,-1.,0.));
#5079=DIRECTION('center_axis',(1.,3.46944695195361E-16,0.));
#5080=DIRECTION('ref_axis',(0.,0.707106781186548,0.707106781186548));
#5081=DIRECTION('center_axis',(-1.,-1.38777878078145E-16,0.));
#5082=DIRECTION('ref_axis',(0.,-0.707106781186548,-0.707106781186547));
#5083=DIRECTION('',(1.,1.38777878078145E-16,0.));
#5084=DIRECTION('center_axis',(-1.,-1.73472347597681E-16,0.));
#5085=DIRECTION('ref_axis',(0.,-0.707106781186548,-0.707106781186547));
#5086=DIRECTION('',(-1.,-1.38777878078145E-16,0.));
#5087=DIRECTION('center_axis',(1.38777878078145E-16,-1.,0.));
#5088=DIRECTION('ref_axis',(1.,1.38777878078145E-16,0.));
#5089=DIRECTION('',(0.,0.,1.));
#5090=DIRECTION('',(1.,1.38777878078145E-16,0.));
#5091=DIRECTION('center_axis',(1.,1.73472347597681E-16,0.));
#5092=DIRECTION('ref_axis',(-1.73472347597681E-16,1.,0.));
#5093=DIRECTION('center_axis',(-1.,-1.73472347597681E-16,0.));
#5094=DIRECTION('ref_axis',(0.,0.707106781186548,0.707106781186548));
#5095=DIRECTION('',(-1.73472347597681E-16,1.,0.));
#5096=DIRECTION('center_axis',(-1.,-1.73472347597681E-16,0.));
#5097=DIRECTION('ref_axis',(0.,-0.707106781186548,0.707106781186548));
#5098=DIRECTION('',(1.73472347597681E-16,-1.,0.));
#5099=DIRECTION('center_axis',(-1.,-1.38777878078145E-16,0.));
#5100=DIRECTION('ref_axis',(0.,0.707106781186548,0.707106781186548));
#5101=DIRECTION('',(1.,1.38777878078145E-16,0.));
#5102=DIRECTION('center_axis',(0.,0.,1.));
#5103=DIRECTION('ref_axis',(1.,0.,0.));
#5104=DIRECTION('',(-1.,-1.38777878078145E-16,0.));
#5105=DIRECTION('center_axis',(1.,1.38777878078145E-16,0.));
#5106=DIRECTION('ref_axis',(0.,-0.707106781186548,0.707106781186548));
#5107=DIRECTION('center_axis',(0.,0.,1.));
#5108=DIRECTION('ref_axis',(1.,0.,0.));
#5109=DIRECTION('axis',(0.,0.,1.));
#5110=DIRECTION('refdir',(1.,0.,0.));
#5111=DIRECTION('center_axis',(-0.816496580927726,-0.408248290463864,-0.408248290463863));
#5112=DIRECTION('ref_axis',(0.577350269189625,-0.577350269189627,-0.577350269189625));
#5113=DIRECTION('center_axis',(1.,0.,0.));
#5114=DIRECTION('ref_axis',(0.,0.,-1.));
#5115=DIRECTION('center_axis',(0.,-1.,0.));
#5116=DIRECTION('ref_axis',(1.,0.,0.));
#5117=DIRECTION('center_axis',(0.,0.,-1.));
#5118=DIRECTION('ref_axis',(0.,-1.,0.));
#5119=DIRECTION('center_axis',(0.408248290463863,-0.408248290463863,-0.816496580927726));
#5120=DIRECTION('ref_axis',(0.577350269189626,-0.577350269189626,0.577350269189626));
#5121=DIRECTION('center_axis',(1.,0.,-1.38777878078144E-15));
#5122=DIRECTION('ref_axis',(0.,-1.,0.));
#5123=DIRECTION('center_axis',(0.,0.,1.));
#5124=DIRECTION('ref_axis',(1.,0.,0.));
#5125=DIRECTION('center_axis',(0.,-1.,0.));
#5126=DIRECTION('ref_axis',(0.,0.,1.));
#5127=DIRECTION('center_axis',(0.,0.,1.));
#5128=DIRECTION('ref_axis',(0.707106781186548,-0.707106781186548,0.));
#5129=DIRECTION('',(0.,0.,-1.));
#5130=DIRECTION('',(0.,0.,1.));
#5131=DIRECTION('center_axis',(-0.408248290463862,-0.408248290463864,-0.816496580927726));
#5132=DIRECTION('ref_axis',(0.577350269189626,0.577350269189626,-0.577350269189625));
#5133=DIRECTION('center_axis',(0.,1.,0.));
#5134=DIRECTION('ref_axis',(0.,0.,-1.));
#5135=DIRECTION('center_axis',(1.,0.,6.93889390390723E-16));
#5136=DIRECTION('ref_axis',(0.,1.,0.));
#5137=DIRECTION('center_axis',(0.,0.,-1.));
#5138=DIRECTION('ref_axis',(1.,0.,0.));
#5139=DIRECTION('center_axis',(1.,0.,0.));
#5140=DIRECTION('ref_axis',(0.,0.707106781186548,-0.707106781186547));
#5141=DIRECTION('center_axis',(1.,1.95156391047391E-16,0.));
#5142=DIRECTION('ref_axis',(0.,0.707106781186548,-0.707106781186547));
#5143=DIRECTION('',(1.,0.,0.));
#5144=DIRECTION('',(-1.,0.,0.));
#5145=DIRECTION('center_axis',(0.408248290463863,0.408248290463863,-0.816496580927726));
#5146=DIRECTION('ref_axis',(0.577350269189625,0.577350269189626,0.577350269189626));
#5147=DIRECTION('center_axis',(0.,1.,0.));
#5148=DIRECTION('ref_axis',(1.,0.,0.));
#5149=DIRECTION('center_axis',(0.,0.,1.));
#5150=DIRECTION('ref_axis',(0.,1.,0.));
#5151=DIRECTION('center_axis',(1.,6.93889390390722E-16,0.));
#5152=DIRECTION('ref_axis',(0.,0.,1.));
#5153=DIRECTION('center_axis',(0.,0.,1.));
#5154=DIRECTION('ref_axis',(0.707106781186548,0.707106781186548,0.));
#5155=DIRECTION('',(0.,0.,-1.));
#5156=DIRECTION('',(0.,0.,1.));
#5157=DIRECTION('center_axis',(-1.,0.,0.));
#5158=DIRECTION('ref_axis',(0.,0.707106781186548,0.707106781186548));
#5159=DIRECTION('center_axis',(1.,1.95156391047391E-16,0.));
#5160=DIRECTION('ref_axis',(0.,0.707106781186548,0.707106781186548));
#5161=DIRECTION('',(1.,0.,0.));
#5162=DIRECTION('',(-1.,0.,0.));
#5163=DIRECTION('center_axis',(-8.67361737988403E-17,1.,0.));
#5164=DIRECTION('ref_axis',(0.707106781186548,0.,0.707106781186548));
#5165=DIRECTION('',(8.67361737988403E-17,-1.,0.));
#5166=DIRECTION('',(-8.67361737988403E-17,1.,0.));
#5167=DIRECTION('center_axis',(8.67361737988403E-17,-1.,0.));
#5168=DIRECTION('ref_axis',(0.707106781186548,0.,-0.707106781186547));
#5169=DIRECTION('',(-8.67361737988403E-17,1.,0.));
#5170=DIRECTION('',(8.67361737988403E-17,-1.,0.));
#5171=DIRECTION('center_axis',(1.,0.,0.));
#5172=DIRECTION('ref_axis',(0.,-0.707106781186548,0.707106781186548));
#5173=DIRECTION('center_axis',(1.,1.95156391047391E-16,0.));
#5174=DIRECTION('ref_axis',(0.,-0.707106781186548,0.707106781186548));
#5175=DIRECTION('',(1.,0.,0.));
#5176=DIRECTION('',(-1.,0.,0.));
#5177=DIRECTION('center_axis',(-1.,0.,0.));
#5178=DIRECTION('ref_axis',(0.,-0.707106781186548,-0.707106781186547));
#5179=DIRECTION('center_axis',(1.,1.95156391047391E-16,0.));
#5180=DIRECTION('ref_axis',(0.,-0.707106781186548,-0.707106781186547));
#5181=DIRECTION('',(1.,0.,0.));
#5182=DIRECTION('',(-1.,0.,0.));
#5183=DIRECTION('center_axis',(0.,-1.,0.));
#5184=DIRECTION('ref_axis',(1.,0.,0.));
#5185=DIRECTION('',(0.,0.,1.));
#5186=DIRECTION('center_axis',(0.,0.,1.));
#5187=DIRECTION('ref_axis',(1.,0.,0.));
#5188=DIRECTION('',(1.95156391047391E-16,-1.,0.));
#5189=DIRECTION('center_axis',(1.,8.67361737988403E-17,0.));
#5190=DIRECTION('ref_axis',(-8.67361737988403E-17,1.,0.));
#5191=DIRECTION('center_axis',(-1.,-1.95156391047391E-16,0.));
#5192=DIRECTION('ref_axis',(1.95156391047391E-16,-1.,0.));
#5193=DIRECTION('',(0.,0.,1.));
#5194=DIRECTION('',(-1.95156391047391E-16,1.,0.));
#5195=DIRECTION('center_axis',(0.,1.,0.));
#5196=DIRECTION('ref_axis',(-1.,0.,0.));
#5197=DIRECTION('center_axis',(0.,0.,1.));
#5198=DIRECTION('ref_axis',(1.,0.,0.));
#5199=DIRECTION('axis',(0.,0.,1.));
#5200=DIRECTION('refdir',(1.,0.,0.));
#5201=DIRECTION('center_axis',(-0.9622575249012,0.272140507405671,0.));
#5202=DIRECTION('ref_axis',(-0.272140507405671,-0.9622575249012,0.));
#5203=DIRECTION('',(-0.272140507405671,-0.9622575249012,0.));
#5204=DIRECTION('',(0.,0.,1.));
#5205=DIRECTION('',(0.272140507405671,0.9622575249012,0.));
#5206=DIRECTION('',(0.,0.,1.));
#5207=DIRECTION('center_axis',(0.,0.,1.));
#5208=DIRECTION('ref_axis',(-0.481083331424021,0.876674870305956,0.));
#5209=DIRECTION('',(0.,0.,1.));
#5210=DIRECTION('center_axis',(0.,0.,-1.));
#5211=DIRECTION('ref_axis',(-0.481083331424021,0.876674870305956,0.));
#5212=DIRECTION('center_axis',(0.00230332539730098,0.999997347342539,0.));
#5213=DIRECTION('ref_axis',(-0.999997347342539,0.00230332539730098,0.));
#5214=DIRECTION('',(-0.999997347342539,0.00230332539730098,0.));
#5215=DIRECTION('',(0.,0.,1.));
#5216=DIRECTION('',(0.999997347342539,-0.00230332539730098,0.));
#5217=DIRECTION('center_axis',(0.0511870123539508,0.998689085634902,0.));
#5218=DIRECTION('ref_axis',(-0.998689085634902,0.0511870123539508,0.));
#5219=DIRECTION('',(-0.998689085634902,0.0511870123539508,0.));
#5220=DIRECTION('',(0.,0.,1.));
#5221=DIRECTION('',(0.998689085634902,-0.0511870123539508,0.));
#5222=DIRECTION('',(0.,0.,1.));
#5223=DIRECTION('center_axis',(0.999968419523495,-0.00794732380639695,0.));
#5224=DIRECTION('ref_axis',(0.00794732380639695,0.999968419523495,0.));
#5225=DIRECTION('',(0.00794732380639695,0.999968419523495,0.));
#5226=DIRECTION('',(0.,0.,1.));
#5227=DIRECTION('',(-0.00794732380639695,-0.999968419523495,0.));
#5228=DIRECTION('',(0.,0.,1.));
#5229=DIRECTION('center_axis',(0.,0.,1.));
#5230=DIRECTION('ref_axis',(-0.243679553741906,0.969855801182911,0.));
#5231=DIRECTION('',(0.,0.,1.));
#5232=DIRECTION('center_axis',(0.,0.,-1.));
#5233=DIRECTION('ref_axis',(-0.243679553741906,0.969855801182911,0.));
#5234=DIRECTION('center_axis',(0.0116055325934896,-0.999932653538838,0.));
#5235=DIRECTION('ref_axis',(0.999932653538838,0.0116055325934896,0.));
#5236=DIRECTION('',(0.999932653538838,0.0116055325934896,0.));
#5237=DIRECTION('',(0.,0.,1.));
#5238=DIRECTION('',(-0.999932653538838,-0.0116055325934896,0.));
#5239=DIRECTION('center_axis',(0.00252394437251349,-0.99999681484733,0.));
#5240=DIRECTION('ref_axis',(0.99999681484733,0.00252394437251349,0.));
#5241=DIRECTION('',(0.99999681484733,0.00252394437251349,0.));
#5242=DIRECTION('',(0.,0.,1.));
#5243=DIRECTION('',(-0.99999681484733,-0.00252394437251349,0.));
#5244=DIRECTION('',(0.,0.,1.));
#5245=DIRECTION('',(0.,0.,1.));
#5246=DIRECTION('center_axis',(-4.62592926927149E-17,1.,0.));
#5247=DIRECTION('ref_axis',(-1.,-4.62592926927149E-17,0.));
#5248=DIRECTION('',(-1.,-4.62592926927149E-17,0.));
#5249=DIRECTION('',(0.,0.,1.));
#5250=DIRECTION('',(1.,4.62592926927149E-17,0.));
#5251=DIRECTION('',(0.,0.,1.));
#5252=DIRECTION('',(0.,0.,1.));
#5253=DIRECTION('center_axis',(0.961530203742392,-0.274699230597966,0.));
#5254=DIRECTION('ref_axis',(0.274699230597966,0.961530203742392,0.));
#5255=DIRECTION('',(0.274699230597966,0.961530203742392,0.));
#5256=DIRECTION('',(0.,0.,1.));
#5257=DIRECTION('',(-0.274699230597966,-0.961530203742392,0.));
#5258=DIRECTION('',(0.,0.,1.));
#5259=DIRECTION('center_axis',(-0.00413681164905244,-0.999991443358082,
0.));
#5260=DIRECTION('ref_axis',(0.999991443358082,-0.00413681164905244,0.));
#5261=DIRECTION('',(0.999991443358082,-0.00413681164905244,0.));
#5262=DIRECTION('',(0.,0.,1.));
#5263=DIRECTION('',(-0.999991443358082,0.00413681164905244,0.));
#5264=DIRECTION('',(0.,0.,1.));
#5265=DIRECTION('',(0.,0.,1.));
#5266=DIRECTION('center_axis',(-0.961893831119477,0.273423220766444,0.));
#5267=DIRECTION('ref_axis',(-0.273423220766444,-0.961893831119477,0.));
#5268=DIRECTION('',(-0.273423220766444,-0.961893831119477,0.));
#5269=DIRECTION('',(0.273423220766444,0.961893831119477,0.));
#5270=DIRECTION('',(0.,0.,1.));
#5271=DIRECTION('',(0.,0.,1.));
#5272=DIRECTION('center_axis',(4.62592926927149E-17,-1.,0.));
#5273=DIRECTION('ref_axis',(1.,4.62592926927149E-17,0.));
#5274=DIRECTION('',(1.,4.62592926927149E-17,0.));
#5275=DIRECTION('',(0.,0.,1.));
#5276=DIRECTION('',(-1.,-4.62592926927149E-17,0.));
#5277=DIRECTION('',(0.,0.,1.));
#5278=DIRECTION('',(0.,0.,1.));
#5279=DIRECTION('center_axis',(-0.960203242115582,0.279302226684153,0.));
#5280=DIRECTION('ref_axis',(-0.279302226684153,-0.960203242115581,0.));
#5281=DIRECTION('',(-0.279302226684153,-0.960203242115581,0.));
#5282=DIRECTION('',(0.,0.,1.));
#5283=DIRECTION('',(0.279302226684153,0.960203242115581,0.));
#5284=DIRECTION('',(0.,0.,1.));
#5285=DIRECTION('center_axis',(-0.00528603119831541,0.999986028839489,0.));
#5286=DIRECTION('ref_axis',(-0.999986028839489,-0.00528603119831541,0.));
#5287=DIRECTION('',(-0.999986028839489,-0.00528603119831541,0.));
#5288=DIRECTION('',(0.,0.,1.));
#5289=DIRECTION('',(0.999986028839489,0.00528603119831541,0.));
#5290=DIRECTION('',(0.,0.,1.));
#5291=DIRECTION('center_axis',(0.980039405376709,-0.198803329722787,0.));
#5292=DIRECTION('ref_axis',(0.198803329722787,0.980039405376709,0.));
#5293=DIRECTION('',(0.198803329722787,0.980039405376709,0.));
#5294=DIRECTION('',(0.,0.,1.));
#5295=DIRECTION('',(-0.198803329722787,-0.980039405376709,0.));
#5296=DIRECTION('',(0.,0.,1.));
#5297=DIRECTION('center_axis',(0.960898248909641,-0.276901706824614,0.));
#5298=DIRECTION('ref_axis',(0.276901706824614,0.960898248909641,0.));
#5299=DIRECTION('',(0.276901706824614,0.960898248909641,0.));
#5300=DIRECTION('',(-0.276901706824614,-0.960898248909641,0.));
#5301=DIRECTION('center_axis',(-0.00180722295241157,0.999998366971267,0.));
#5302=DIRECTION('ref_axis',(-0.999998366971267,-0.00180722295241157,0.));
#5303=DIRECTION('',(0.999998366971267,0.00180722295241157,0.));
#5304=DIRECTION('',(0.,0.,1.));
#5305=DIRECTION('',(-0.999998366971267,-0.00180722295241157,0.));
#5306=DIRECTION('',(0.,0.,1.));
#5307=DIRECTION('center_axis',(5.54280900624759E-5,0.999999998463863,0.));
#5308=DIRECTION('ref_axis',(-0.999999998463863,5.54280900624759E-5,0.));
#5309=DIRECTION('',(0.999999998463863,-5.54280900624759E-5,0.));
#5310=DIRECTION('',(-0.999999998463863,5.54280900624759E-5,0.));
#5311=DIRECTION('',(0.,0.,1.));
#5312=DIRECTION('',(0.,0.,1.));
#5313=DIRECTION('center_axis',(0.,0.,1.));
#5314=DIRECTION('ref_axis',(0.999992818562075,-0.00378983169497131,0.));
#5315=DIRECTION('center_axis',(0.,0.,1.));
#5316=DIRECTION('ref_axis',(0.999992818562075,-0.00378983169497131,0.));
#5317=DIRECTION('center_axis',(0.,0.,-1.));
#5318=DIRECTION('ref_axis',(0.999992818562075,-0.00378983169497131,0.));
#5319=DIRECTION('',(0.,0.,1.));
#5320=DIRECTION('',(0.,0.,1.));
#5321=DIRECTION('',(0.,0.,1.));
#5322=DIRECTION('',(0.,0.,1.));
#5323=DIRECTION('center_axis',(0.,0.,1.));
#5324=DIRECTION('ref_axis',(0.99999908156208,-0.00135531361519565,0.));
#5325=DIRECTION('center_axis',(0.,0.,1.));
#5326=DIRECTION('ref_axis',(0.99999908156208,-0.00135531361519565,0.));
#5327=DIRECTION('center_axis',(0.,0.,-1.));
#5328=DIRECTION('ref_axis',(0.99999908156208,-0.00135531361519565,0.));
#5329=DIRECTION('',(0.,0.,1.));
#5330=DIRECTION('center_axis',(0.00158567810014778,-0.999998742811691,0.));
#5331=DIRECTION('ref_axis',(0.999998742811691,0.00158567810014778,0.));
#5332=DIRECTION('',(-0.999998742811691,-0.00158567810014778,0.));
#5333=DIRECTION('',(0.999998742811691,0.00158567810014778,0.));
#5334=DIRECTION('',(0.,0.,1.));
#5335=DIRECTION('center_axis',(0.,0.,-1.));
#5336=DIRECTION('ref_axis',(-0.722424895251049,-0.69144939852567,0.));
#5337=DIRECTION('center_axis',(0.,0.,1.));
#5338=DIRECTION('ref_axis',(-0.722424895251049,-0.69144939852567,0.));
#5339=DIRECTION('',(0.,0.,1.));
#5340=DIRECTION('',(0.,0.,1.));
#5341=DIRECTION('center_axis',(0.,0.,1.));
#5342=DIRECTION('ref_axis',(0.00163913664902998,-0.999998656614621,0.));
#5343=DIRECTION('center_axis',(0.,0.,-1.));
#5344=DIRECTION('ref_axis',(0.00163913664902998,-0.999998656614621,0.));
#5345=DIRECTION('center_axis',(0.,0.,1.));
#5346=DIRECTION('ref_axis',(0.00163913664902998,-0.999998656614621,0.));
#5347=DIRECTION('',(0.,0.,1.));
#5348=DIRECTION('center_axis',(0.00238036962383445,0.999997166916214,0.));
#5349=DIRECTION('ref_axis',(-0.999997166916214,0.00238036962383445,0.));
#5350=DIRECTION('',(0.999997166916214,-0.00238036962383445,0.));
#5351=DIRECTION('',(-0.999997166916214,0.00238036962383445,0.));
#5352=DIRECTION('',(0.,0.,1.));
#5353=DIRECTION('center_axis',(0.,0.,1.));
#5354=DIRECTION('ref_axis',(-0.682176952383886,0.731187120808506,0.));
#5355=DIRECTION('center_axis',(0.,0.,-1.));
#5356=DIRECTION('ref_axis',(-0.682176952383886,0.731187120808506,0.));
#5357=DIRECTION('',(0.,0.,1.));
#5358=DIRECTION('center_axis',(-0.960942284483373,0.276748849847431,0.));
#5359=DIRECTION('ref_axis',(-0.276748849847431,-0.960942284483373,0.));
#5360=DIRECTION('',(0.276748849847431,0.960942284483373,0.));
#5361=DIRECTION('',(-0.276748849847431,-0.960942284483373,0.));
#5362=DIRECTION('',(0.,0.,1.));
#5363=DIRECTION('center_axis',(0.,0.,-1.));
#5364=DIRECTION('ref_axis',(-0.816822941493834,-0.576888448705086,0.));
#5365=DIRECTION('center_axis',(0.,0.,1.));
#5366=DIRECTION('ref_axis',(-0.816822941493834,-0.576888448705086,0.));
#5367=DIRECTION('',(0.,0.,1.));
#5368=DIRECTION('center_axis',(-0.00194590026007274,0.999998106734297,0.));
#5369=DIRECTION('ref_axis',(-0.999998106734297,-0.00194590026007274,0.));
#5370=DIRECTION('',(0.999998106734297,0.00194590026007274,0.));
#5371=DIRECTION('',(-0.999998106734297,-0.00194590026007274,0.));
#5372=DIRECTION('',(0.,0.,1.));
#5373=DIRECTION('',(0.,0.,1.));
#5374=DIRECTION('',(0.,0.,1.));
#5375=DIRECTION('',(0.,0.,1.));
#5376=DIRECTION('center_axis',(0.,0.,1.));
#5377=DIRECTION('ref_axis',(-0.999993694360216,0.00355123074549997,0.));
#5378=DIRECTION('center_axis',(0.,0.,1.));
#5379=DIRECTION('ref_axis',(-0.999993694360216,0.00355123074549997,0.));
#5380=DIRECTION('center_axis',(0.,0.,-1.));
#5381=DIRECTION('ref_axis',(-0.999993694360216,0.00355123074549997,0.));
#5382=DIRECTION('',(0.,0.,1.));
#5383=DIRECTION('center_axis',(-0.00294897914611246,0.999995651751544,0.));
#5384=DIRECTION('ref_axis',(-0.999995651751544,-0.00294897914611246,0.));
#5385=DIRECTION('',(0.999995651751544,0.00294897914611246,0.));
#5386=DIRECTION('',(-0.999995651751544,-0.00294897914611246,0.));
#5387=DIRECTION('',(0.,0.,1.));
#5388=DIRECTION('',(0.,0.,1.));
#5389=DIRECTION('',(0.,0.,1.));
#5390=DIRECTION('center_axis',(0.,0.,-1.));
#5391=DIRECTION('ref_axis',(-0.420781906348327,0.907161830816237,0.));
#5392=DIRECTION('center_axis',(0.,0.,1.));
#5393=DIRECTION('ref_axis',(-0.420781906348327,0.907161830816237,0.));
#5394=DIRECTION('',(0.,0.,1.));
#5395=DIRECTION('center_axis',(0.00221522657637624,-0.999997546382598,0.));
#5396=DIRECTION('ref_axis',(0.999997546382598,0.00221522657637624,0.));
#5397=DIRECTION('',(-0.999997546382598,-0.00221522657637624,0.));
#5398=DIRECTION('',(0.999997546382598,0.00221522657637624,0.));
#5399=DIRECTION('',(0.,0.,1.));
#5400=DIRECTION('center_axis',(0.,0.,1.));
#5401=DIRECTION('ref_axis',(-0.563393841753155,0.826188464622099,0.));
#5402=DIRECTION('center_axis',(0.,0.,-1.));
#5403=DIRECTION('ref_axis',(-0.563393841753155,0.826188464622099,0.));
#5404=DIRECTION('',(0.,0.,1.));
#5405=DIRECTION('center_axis',(0.963078684211261,-0.269220073579045,0.));
#5406=DIRECTION('ref_axis',(0.269220073579045,0.963078684211261,0.));
#5407=DIRECTION('',(-0.269220073579045,-0.963078684211261,0.));
#5408=DIRECTION('',(0.269220073579045,0.963078684211261,0.));
#5409=DIRECTION('',(0.,0.,1.));
#5410=DIRECTION('',(0.,0.,1.));
#5411=DIRECTION('',(0.,0.,1.));
#5412=DIRECTION('',(0.,0.,1.));
#5413=DIRECTION('center_axis',(0.000589730871835939,0.999999826108734,0.));
#5414=DIRECTION('ref_axis',(-0.999999826108734,0.000589730871835939,0.));
#5415=DIRECTION('',(0.999999826108734,-0.000589730871835939,0.));
#5416=DIRECTION('',(-0.999999826108734,0.000589730871835939,0.));
#5417=DIRECTION('',(0.,0.,1.));
#5418=DIRECTION('',(0.,0.,1.));
#5419=DIRECTION('',(0.,0.,1.));
#5420=DIRECTION('center_axis',(0.,0.,-1.));
#5421=DIRECTION('ref_axis',(0.27167730144011,0.962388405937135,0.));
#5422=DIRECTION('center_axis',(0.,0.,1.));
#5423=DIRECTION('ref_axis',(0.27167730144011,0.962388405937135,0.));
#5424=DIRECTION('',(0.,0.,1.));
#5425=DIRECTION('',(0.,0.,1.));
#5426=DIRECTION('center_axis',(0.00135863906602412,0.999999077049518,0.));
#5427=DIRECTION('ref_axis',(-0.999999077049518,0.00135863906602412,0.));
#5428=DIRECTION('',(0.999999077049518,-0.00135863906602412,0.));
#5429=DIRECTION('',(-0.999999077049518,0.00135863906602412,0.));
#5430=DIRECTION('',(0.,0.,1.));
#5431=DIRECTION('center_axis',(-0.00647948575144444,0.999979007911865,0.));
#5432=DIRECTION('ref_axis',(-0.999979007911865,-0.00647948575144444,0.));
#5433=DIRECTION('',(0.999979007911865,0.00647948575144444,0.));
#5434=DIRECTION('',(-0.999979007911865,-0.00647948575144444,0.));
#5435=DIRECTION('',(0.,0.,1.));
#5436=DIRECTION('',(0.,0.,1.));
#5437=DIRECTION('center_axis',(0.,0.,-1.));
#5438=DIRECTION('ref_axis',(-0.436576557056512,0.899667110562947,0.));
#5439=DIRECTION('center_axis',(0.,0.,1.));
#5440=DIRECTION('ref_axis',(-0.436576557056512,0.899667110562947,0.));
#5441=DIRECTION('',(0.,0.,1.));
#5442=DIRECTION('center_axis',(0.961986991360789,-0.273095273581616,0.));
#5443=DIRECTION('ref_axis',(0.273095273581616,0.961986991360789,0.));
#5444=DIRECTION('',(-0.273095273581616,-0.961986991360789,0.));
#5445=DIRECTION('',(0.273095273581616,0.961986991360789,0.));
#5446=DIRECTION('',(0.,0.,1.));
#5447=DIRECTION('center_axis',(0.961334628344127,-0.275382883176241,0.));
#5448=DIRECTION('ref_axis',(0.275382883176241,0.961334628344127,0.));
#5449=DIRECTION('',(-0.275382883176241,-0.961334628344127,0.));
#5450=DIRECTION('',(0.275382883176241,0.961334628344127,0.));
#5451=DIRECTION('',(0.,0.,1.));
#5452=DIRECTION('center_axis',(0.96140996425744,-0.275119756881451,0.));
#5453=DIRECTION('ref_axis',(0.275119756881451,0.96140996425744,0.));
#5454=DIRECTION('',(-0.275119756881451,-0.96140996425744,0.));
#5455=DIRECTION('',(0.275119756881451,0.96140996425744,0.));
#5456=DIRECTION('',(0.,0.,1.));
#5457=DIRECTION('',(0.,0.,1.));
#5458=DIRECTION('',(0.,0.,1.));
#5459=DIRECTION('center_axis',(-0.00476173756616534,0.99998866286341,0.));
#5460=DIRECTION('ref_axis',(-0.99998866286341,-0.00476173756616534,0.));
#5461=DIRECTION('',(0.99998866286341,0.00476173756616534,0.));
#5462=DIRECTION('',(-0.99998866286341,-0.00476173756616534,0.));
#5463=DIRECTION('',(0.,0.,1.));
#5464=DIRECTION('center_axis',(0.,0.,-1.));
#5465=DIRECTION('ref_axis',(-0.475374672455377,0.879783451076424,0.));
#5466=DIRECTION('center_axis',(0.,0.,1.));
#5467=DIRECTION('ref_axis',(-0.475374672455377,0.879783451076424,0.));
#5468=DIRECTION('',(0.,0.,1.));
#5469=DIRECTION('',(0.,0.,1.));
#5470=DIRECTION('',(0.,0.,1.));
#5471=DIRECTION('center_axis',(-3.51661347284373E-5,-0.999999999381672,
0.));
#5472=DIRECTION('ref_axis',(0.999999999381672,-3.51661347284373E-5,0.));
#5473=DIRECTION('',(-0.999999999381672,3.51661347284373E-5,0.));
#5474=DIRECTION('',(0.999999999381672,-3.51661347284373E-5,0.));
#5475=DIRECTION('',(0.,0.,1.));
#5476=DIRECTION('center_axis',(-0.00339960653631628,0.999994221321003,0.));
#5477=DIRECTION('ref_axis',(-0.999994221321003,-0.00339960653631628,0.));
#5478=DIRECTION('',(0.999994221321003,0.00339960653631628,0.));
#5479=DIRECTION('',(-0.999994221321003,-0.00339960653631628,0.));
#5480=DIRECTION('',(0.,0.,1.));
#5481=DIRECTION('center_axis',(4.62592926927149E-17,-1.,0.));
#5482=DIRECTION('ref_axis',(1.,4.62592926927149E-17,0.));
#5483=DIRECTION('',(-1.,-4.62592926927149E-17,0.));
#5484=DIRECTION('',(1.,4.62592926927149E-17,0.));
#5485=DIRECTION('',(0.,0.,1.));
#5486=DIRECTION('',(0.,0.,1.));
#5487=DIRECTION('center_axis',(0.,0.,-1.));
#5488=DIRECTION('ref_axis',(-0.280677125391387,0.959802245924663,0.));
#5489=DIRECTION('center_axis',(0.,0.,1.));
#5490=DIRECTION('ref_axis',(-0.280677125391387,0.959802245924663,0.));
#5491=DIRECTION('',(0.,0.,1.));
#5492=DIRECTION('center_axis',(-0.960533081260235,0.27816577755849,0.));
#5493=DIRECTION('ref_axis',(-0.27816577755849,-0.960533081260235,0.));
#5494=DIRECTION('',(0.27816577755849,0.960533081260235,0.));
#5495=DIRECTION('',(-0.27816577755849,-0.960533081260235,0.));
#5496=DIRECTION('',(0.,0.,1.));
#5497=DIRECTION('',(0.,0.,1.));
#5498=DIRECTION('',(0.,0.,1.));
#5499=DIRECTION('center_axis',(4.62592926927149E-17,-1.,0.));
#5500=DIRECTION('ref_axis',(1.,4.62592926927149E-17,0.));
#5501=DIRECTION('',(-1.,-4.62592926927149E-17,0.));
#5502=DIRECTION('',(1.,4.62592926927149E-17,0.));
#5503=DIRECTION('',(0.,0.,1.));
#5504=DIRECTION('center_axis',(0.,0.,1.));
#5505=DIRECTION('ref_axis',(0.672925676993624,0.739710100811576,0.));
#5506=DIRECTION('center_axis',(0.,0.,-1.));
#5507=DIRECTION('ref_axis',(0.672925676993624,0.739710100811576,0.));
#5508=DIRECTION('',(0.,0.,1.));
#5509=DIRECTION('center_axis',(0.961525801839352,-0.274714638119614,0.));
#5510=DIRECTION('ref_axis',(0.274714638119614,0.961525801839352,0.));
#5511=DIRECTION('',(-0.274714638119614,-0.961525801839352,0.));
#5512=DIRECTION('',(0.274714638119614,0.961525801839352,0.));
#5513=DIRECTION('',(0.,0.,1.));
#5514=DIRECTION('',(0.,0.,1.));
#5515=DIRECTION('center_axis',(4.62592926927149E-17,-1.,0.));
#5516=DIRECTION('ref_axis',(1.,4.62592926927149E-17,0.));
#5517=DIRECTION('',(-1.,-4.62592926927149E-17,0.));
#5518=DIRECTION('',(1.,4.62592926927149E-17,0.));
#5519=DIRECTION('',(0.,0.,1.));
#5520=DIRECTION('center_axis',(0.00214663189968395,-0.99999769598309,0.));
#5521=DIRECTION('ref_axis',(0.999997695983089,0.00214663189968395,0.));
#5522=DIRECTION('',(-0.999997695983089,-0.00214663189968395,0.));
#5523=DIRECTION('',(0.999997695983089,0.00214663189968395,0.));
#5524=DIRECTION('',(0.,0.,1.));
#5525=DIRECTION('',(0.,0.,1.));
#5526=DIRECTION('',(0.,0.,1.));
#5527=DIRECTION('',(0.,0.,1.));
#5528=DIRECTION('',(0.,0.,1.));
#5529=DIRECTION('center_axis',(0.,0.,1.));
#5530=DIRECTION('ref_axis',(0.00635757827068851,0.999979790395052,0.));
#5531=DIRECTION('center_axis',(0.,0.,1.));
#5532=DIRECTION('ref_axis',(0.00635757827068851,0.999979790395052,0.));
#5533=DIRECTION('center_axis',(0.,0.,-1.));
#5534=DIRECTION('ref_axis',(0.00635757827068851,0.999979790395052,0.));
#5535=DIRECTION('',(0.,0.,1.));
#5536=DIRECTION('center_axis',(0.427952133705505,-0.903801400340199,0.));
#5537=DIRECTION('ref_axis',(0.903801400340199,0.427952133705505,0.));
#5538=DIRECTION('',(-0.903801400340199,-0.427952133705505,0.));
#5539=DIRECTION('',(0.903801400340199,0.427952133705505,0.));
#5540=DIRECTION('',(0.,0.,1.));
#5541=DIRECTION('center_axis',(0.427249283273245,-0.904133867268835,0.));
#5542=DIRECTION('ref_axis',(0.904133867268834,0.427249283273245,0.));
#5543=DIRECTION('',(-0.904133867268834,-0.427249283273245,0.));
#5544=DIRECTION('',(0.904133867268834,0.427249283273245,0.));
#5545=DIRECTION('',(0.,0.,1.));
#5546=DIRECTION('',(0.,0.,1.));
#5547=DIRECTION('center_axis',(0.960887900208973,-0.276937616137625,0.));
#5548=DIRECTION('ref_axis',(0.276937616137625,0.960887900208973,0.));
#5549=DIRECTION('',(-0.276937616137625,-0.960887900208973,0.));
#5550=DIRECTION('',(0.276937616137625,0.960887900208973,0.));
#5551=DIRECTION('',(0.,0.,1.));
#5552=DIRECTION('center_axis',(0.,0.,1.));
#5553=DIRECTION('ref_axis',(0.00557242327945525,0.999984473928868,0.));
#5554=DIRECTION('center_axis',(0.,0.,-1.));
#5555=DIRECTION('ref_axis',(0.00557242327945525,0.999984473928868,0.));
#5556=DIRECTION('center_axis',(0.,0.,1.));
#5557=DIRECTION('ref_axis',(0.00557242327945525,0.999984473928868,0.));
#5558=DIRECTION('',(0.,0.,1.));
#5559=DIRECTION('center_axis',(3.31355491670321E-5,-0.999999999451018,0.));
#5560=DIRECTION('ref_axis',(0.999999999451018,3.31355491670321E-5,0.));
#5561=DIRECTION('',(-0.999999999451018,-3.31355491670321E-5,0.));
#5562=DIRECTION('',(0.999999999451018,3.31355491670321E-5,0.));
#5563=DIRECTION('',(0.,0.,1.));
#5564=DIRECTION('',(0.,0.,1.));
#5565=DIRECTION('',(0.,0.,1.));
#5566=DIRECTION('',(0.,0.,1.));
#5567=DIRECTION('',(0.,0.,1.));
#5568=DIRECTION('center_axis',(0.,0.,1.));
#5569=DIRECTION('ref_axis',(0.689157609859932,0.724611474358602,0.));
#5570=DIRECTION('center_axis',(0.,0.,-1.));
#5571=DIRECTION('ref_axis',(0.689157609859932,0.724611474358602,0.));
#5572=DIRECTION('',(0.,0.,1.));
#5573=DIRECTION('center_axis',(0.426905276865001,-0.904296347767045,0.));
#5574=DIRECTION('ref_axis',(0.904296347767045,0.426905276865001,0.));
#5575=DIRECTION('',(-0.904296347767045,-0.426905276865001,0.));
#5576=DIRECTION('',(0.904296347767045,0.426905276865001,0.));
#5577=DIRECTION('',(0.,0.,1.));
#5578=DIRECTION('center_axis',(0.427393330030252,-0.904065783804283,0.));
#5579=DIRECTION('ref_axis',(0.904065783804283,0.427393330030252,0.));
#5580=DIRECTION('',(-0.904065783804283,-0.427393330030252,0.));
#5581=DIRECTION('',(0.904065783804283,0.427393330030252,0.));
#5582=DIRECTION('',(0.,0.,1.));
#5583=DIRECTION('',(0.,0.,1.));
#5584=DIRECTION('center_axis',(0.960931444329937,-0.276786486841359,0.));
#5585=DIRECTION('ref_axis',(0.276786486841359,0.960931444329937,0.));
#5586=DIRECTION('',(-0.276786486841359,-0.960931444329937,0.));
#5587=DIRECTION('',(0.276786486841359,0.960931444329937,0.));
#5588=DIRECTION('',(0.,0.,1.));
#5589=DIRECTION('center_axis',(0.,0.,-1.));
#5590=DIRECTION('ref_axis',(-0.82056664037096,-0.57155086275004,0.));
#5591=DIRECTION('center_axis',(0.,0.,1.));
#5592=DIRECTION('ref_axis',(-0.82056664037096,-0.57155086275004,0.));
#5593=DIRECTION('',(0.,0.,1.));
#5594=DIRECTION('center_axis',(0.00231133100444073,-0.999997328870927,0.));
#5595=DIRECTION('ref_axis',(0.999997328870927,0.00231133100444073,0.));
#5596=DIRECTION('',(-0.999997328870927,-0.00231133100444073,0.));
#5597=DIRECTION('',(0.999997328870927,0.00231133100444073,0.));
#5598=DIRECTION('',(0.,0.,1.));
#5599=DIRECTION('center_axis',(4.62592926927149E-17,-1.,0.));
#5600=DIRECTION('ref_axis',(1.,4.62592926927149E-17,0.));
#5601=DIRECTION('',(-1.,-4.62592926927149E-17,0.));
#5602=DIRECTION('',(1.,4.62592926927149E-17,0.));
#5603=DIRECTION('',(0.,0.,1.));
#5604=DIRECTION('',(0.,0.,1.));
#5605=DIRECTION('',(0.,0.,1.));
#5606=DIRECTION('center_axis',(0.,0.,-1.));
#5607=DIRECTION('ref_axis',(0.0613376405535659,0.998117074220916,0.));
#5608=DIRECTION('center_axis',(0.,0.,1.));
#5609=DIRECTION('ref_axis',(0.0613376405535659,0.998117074220916,0.));
#5610=DIRECTION('',(0.,0.,1.));
#5611=DIRECTION('center_axis',(0.00753034198883741,0.999971646572807,0.));
#5612=DIRECTION('ref_axis',(-0.999971646572807,0.00753034198883741,0.));
#5613=DIRECTION('',(0.999971646572807,-0.00753034198883741,0.));
#5614=DIRECTION('',(-0.999971646572807,0.00753034198883741,0.));
#5615=DIRECTION('',(0.,0.,1.));
#5616=DIRECTION('',(0.,0.,1.));
#5617=DIRECTION('',(0.,0.,1.));
#5618=DIRECTION('',(0.,0.,1.));
#5619=DIRECTION('center_axis',(0.,0.,1.));
#5620=DIRECTION('ref_axis',(0.0077231068753276,0.999970176365372,0.));
#5621=DIRECTION('center_axis',(0.,0.,1.));
#5622=DIRECTION('ref_axis',(0.0077231068753276,0.999970176365372,0.));
#5623=DIRECTION('center_axis',(0.,0.,-1.));
#5624=DIRECTION('ref_axis',(0.0077231068753276,0.999970176365372,0.));
#5625=DIRECTION('',(0.,0.,1.));
#5626=DIRECTION('center_axis',(0.430633049593064,-0.902527105741527,0.));
#5627=DIRECTION('ref_axis',(0.902527105741527,0.430633049593064,0.));
#5628=DIRECTION('',(-0.902527105741527,-0.430633049593064,0.));
#5629=DIRECTION('',(0.902527105741527,0.430633049593064,0.));
#5630=DIRECTION('',(0.,0.,1.));
#5631=DIRECTION('center_axis',(0.,0.,-1.));
#5632=DIRECTION('ref_axis',(0.0330961143717187,0.999452173549837,0.));
#5633=DIRECTION('center_axis',(0.,0.,1.));
#5634=DIRECTION('ref_axis',(0.0330961143717187,0.999452173549837,0.));
#5635=DIRECTION('',(0.,0.,1.));
#5636=DIRECTION('center_axis',(0.,0.,-1.));
#5637=DIRECTION('ref_axis',(-0.563103598939332,0.826386312121378,0.));
#5638=DIRECTION('center_axis',(0.,0.,1.));
#5639=DIRECTION('ref_axis',(-0.563103598939332,0.826386312121378,0.));
#5640=DIRECTION('',(0.,0.,1.));
#5641=DIRECTION('',(0.,0.,1.));
#5642=DIRECTION('',(0.,0.,1.));
#5643=DIRECTION('center_axis',(-0.420590238214321,0.907250710398631,0.));
#5644=DIRECTION('ref_axis',(-0.907250710398631,-0.420590238214321,0.));
#5645=DIRECTION('',(0.907250710398631,0.420590238214321,0.));
#5646=DIRECTION('',(-0.907250710398631,-0.420590238214321,0.));
#5647=DIRECTION('',(0.,0.,1.));
#5648=DIRECTION('center_axis',(0.,0.,-1.));
#5649=DIRECTION('ref_axis',(-0.561139537030037,0.827721221173962,0.));
#5650=DIRECTION('center_axis',(0.,0.,1.));
#5651=DIRECTION('ref_axis',(-0.561139537030037,0.827721221173962,0.));
#5652=DIRECTION('',(0.,0.,1.));
#5653=DIRECTION('',(0.,0.,1.));
#5654=DIRECTION('center_axis',(0.,0.,1.));
#5655=DIRECTION('ref_axis',(0.984686380729339,-0.174335112946745,0.));
#5656=DIRECTION('center_axis',(0.,0.,-1.));
#5657=DIRECTION('ref_axis',(0.984686380729339,-0.174335112946745,0.));
#5658=DIRECTION('',(0.,0.,1.));
#5659=DIRECTION('',(0.,0.,1.));
#5660=DIRECTION('center_axis',(-0.425447773282469,0.904982978960925,0.));
#5661=DIRECTION('ref_axis',(-0.904982978960924,-0.425447773282469,0.));
#5662=DIRECTION('',(0.904982978960924,0.425447773282469,0.));
#5663=DIRECTION('',(-0.904982978960924,-0.425447773282469,0.));
#5664=DIRECTION('',(0.,0.,1.));
#5665=DIRECTION('center_axis',(-0.424896535147272,0.90524192038363,0.));
#5666=DIRECTION('ref_axis',(-0.90524192038363,-0.424896535147272,0.));
#5667=DIRECTION('',(0.90524192038363,0.424896535147272,0.));
#5668=DIRECTION('',(-0.90524192038363,-0.424896535147272,0.));
#5669=DIRECTION('',(0.,0.,1.));
#5670=DIRECTION('center_axis',(0.,0.,-1.));
#5671=DIRECTION('ref_axis',(-0.457511919998892,0.889203487993006,0.));
#5672=DIRECTION('center_axis',(0.,0.,1.));
#5673=DIRECTION('ref_axis',(-0.457511919998892,0.889203487993006,0.));
#5674=DIRECTION('',(0.,0.,1.));
#5675=DIRECTION('',(0.,0.,1.));
#5676=DIRECTION('',(0.,0.,1.));
#5677=DIRECTION('',(0.,0.,1.));
#5678=DIRECTION('center_axis',(-0.425217569071323,0.905091166100451,0.));
#5679=DIRECTION('ref_axis',(-0.905091166100452,-0.425217569071323,0.));
#5680=DIRECTION('',(0.905091166100452,0.425217569071323,0.));
#5681=DIRECTION('',(-0.905091166100452,-0.425217569071323,0.));
#5682=DIRECTION('',(0.,0.,1.));
#5683=DIRECTION('center_axis',(-0.424161870758652,0.905586388697688,0.));
#5684=DIRECTION('ref_axis',(-0.905586388697688,-0.424161870758652,0.));
#5685=DIRECTION('',(0.905586388697688,0.424161870758652,0.));
#5686=DIRECTION('',(-0.905586388697688,-0.424161870758652,0.));
#5687=DIRECTION('',(0.,0.,1.));
#5688=DIRECTION('center_axis',(0.,0.,-1.));
#5689=DIRECTION('ref_axis',(-0.289948418159688,0.9570422743049,0.));
#5690=DIRECTION('center_axis',(0.,0.,1.));
#5691=DIRECTION('ref_axis',(-0.289948418159688,0.9570422743049,0.));
#5692=DIRECTION('',(0.,0.,1.));
#5693=DIRECTION('',(0.,0.,1.));
#5694=DIRECTION('',(0.,0.,1.));
#5695=DIRECTION('center_axis',(0.960734707183192,-0.277468597166646,0.));
#5696=DIRECTION('ref_axis',(0.277468597166646,0.960734707183192,0.));
#5697=DIRECTION('',(-0.277468597166646,-0.960734707183192,0.));
#5698=DIRECTION('',(0.277468597166646,0.960734707183192,0.));
#5699=DIRECTION('',(0.,0.,1.));
#5700=DIRECTION('',(0.,0.,1.));
#5701=DIRECTION('',(0.,0.,1.));
#5702=DIRECTION('center_axis',(0.000709640185977022,0.999999748205372,0.));
#5703=DIRECTION('ref_axis',(-0.999999748205372,0.000709640185977023,0.));
#5704=DIRECTION('',(0.999999748205372,-0.000709640185977023,0.));
#5705=DIRECTION('',(-0.999999748205372,0.000709640185977023,0.));
#5706=DIRECTION('',(0.,0.,1.));
#5707=DIRECTION('center_axis',(0.,0.,1.));
#5708=DIRECTION('ref_axis',(-0.00283738129118599,-0.999995974625603,0.));
#5709=DIRECTION('center_axis',(0.,0.,1.));
#5710=DIRECTION('ref_axis',(-0.00283738129118599,-0.999995974625603,0.));
#5711=DIRECTION('center_axis',(0.,0.,-1.));
#5712=DIRECTION('ref_axis',(-0.00283738129118599,-0.999995974625603,0.));
#5713=DIRECTION('',(0.,0.,1.));
#5714=DIRECTION('center_axis',(0.,0.,1.));
#5715=DIRECTION('ref_axis',(-0.117301633570924,0.993096333072272,0.));
#5716=DIRECTION('center_axis',(0.,0.,-1.));
#5717=DIRECTION('ref_axis',(-0.117301633570924,0.993096333072272,0.));
#5718=DIRECTION('',(0.,0.,1.));
#5719=DIRECTION('',(0.,0.,1.));
#5720=DIRECTION('',(0.,0.,1.));
#5721=DIRECTION('center_axis',(-0.961463529949897,0.274932501855062,0.));
#5722=DIRECTION('ref_axis',(-0.274932501855062,-0.961463529949897,0.));
#5723=DIRECTION('',(0.274932501855062,0.961463529949897,0.));
#5724=DIRECTION('',(-0.274932501855062,-0.961463529949897,0.));
#5725=DIRECTION('',(0.,0.,1.));
#5726=DIRECTION('',(0.,0.,1.));
#5727=DIRECTION('',(0.,0.,1.));
#5728=DIRECTION('',(0.,0.,1.));
#5729=DIRECTION('',(0.,0.,1.));
#5730=DIRECTION('',(0.,0.,1.));
#5731=DIRECTION('',(0.,0.,1.));
#5732=DIRECTION('center_axis',(-0.418040780635233,0.908428261188458,0.));
#5733=DIRECTION('ref_axis',(-0.908428261188458,-0.418040780635233,0.));
#5734=DIRECTION('',(0.908428261188458,0.418040780635233,0.));
#5735=DIRECTION('',(-0.908428261188458,-0.418040780635233,0.));
#5736=DIRECTION('',(0.,0.,1.));
#5737=DIRECTION('center_axis',(0.,0.,1.));
#5738=DIRECTION('ref_axis',(-0.00155029920928456,-0.999998798285459,0.));
#5739=DIRECTION('center_axis',(0.,0.,-1.));
#5740=DIRECTION('ref_axis',(-0.00155029920928456,-0.999998798285459,0.));
#5741=DIRECTION('center_axis',(0.,0.,1.));
#5742=DIRECTION('ref_axis',(-0.00155029920928456,-0.999998798285459,0.));
#5743=DIRECTION('',(0.,0.,1.));
#5744=DIRECTION('',(0.,0.,1.));
#5745=DIRECTION('',(0.,0.,1.));
#5746=DIRECTION('center_axis',(0.961088840115536,-0.276239463881203,0.));
#5747=DIRECTION('ref_axis',(0.276239463881203,0.961088840115536,0.));
#5748=DIRECTION('',(-0.276239463881203,-0.961088840115536,0.));
#5749=DIRECTION('',(0.276239463881203,0.961088840115536,0.));
#5750=DIRECTION('',(0.,0.,1.));
#5751=DIRECTION('center_axis',(0.956930859826523,-0.2903159132939,0.));
#5752=DIRECTION('ref_axis',(0.2903159132939,0.956930859826523,0.));
#5753=DIRECTION('',(-0.2903159132939,-0.956930859826523,0.));
#5754=DIRECTION('',(0.2903159132939,0.956930859826523,0.));
#5755=DIRECTION('',(0.,0.,1.));
#5756=DIRECTION('center_axis',(0.972819818939794,-0.231563381988489,0.));
#5757=DIRECTION('ref_axis',(0.231563381988489,0.972819818939794,0.));
#5758=DIRECTION('',(-0.231563381988489,-0.972819818939794,0.));
#5759=DIRECTION('',(0.231563381988489,0.972819818939794,0.));
#5760=DIRECTION('',(0.,0.,1.));
#5761=DIRECTION('',(0.,0.,1.));
#5762=DIRECTION('',(0.,0.,1.));
#5763=DIRECTION('center_axis',(0.0049386017734475,0.999987805031903,0.));
#5764=DIRECTION('ref_axis',(-0.999987805031903,0.0049386017734475,0.));
#5765=DIRECTION('',(0.999987805031903,-0.0049386017734475,0.));
#5766=DIRECTION('',(-0.999987805031903,0.0049386017734475,0.));
#5767=DIRECTION('',(0.,0.,1.));
#5768=DIRECTION('',(0.,0.,1.));
#5769=DIRECTION('center_axis',(-0.960888522724103,0.276935456193479,0.));
#5770=DIRECTION('ref_axis',(-0.276935456193479,-0.960888522724103,0.));
#5771=DIRECTION('',(0.276935456193479,0.960888522724103,0.));
#5772=DIRECTION('',(-0.276935456193479,-0.960888522724103,0.));
#5773=DIRECTION('',(0.,0.,1.));
#5774=DIRECTION('center_axis',(0.,0.,1.));
#5775=DIRECTION('ref_axis',(-0.00557342869848095,-0.999984468325655,0.));
#5776=DIRECTION('center_axis',(0.,0.,-1.));
#5777=DIRECTION('ref_axis',(-0.00557342869848095,-0.999984468325655,0.));
#5778=DIRECTION('center_axis',(0.,0.,1.));
#5779=DIRECTION('ref_axis',(-0.00557342869848095,-0.999984468325655,0.));
#5780=DIRECTION('',(0.,0.,1.));
#5781=DIRECTION('center_axis',(-3.31555962850112E-5,0.999999999450353,0.));
#5782=DIRECTION('ref_axis',(-0.999999999450353,-3.31555962850112E-5,0.));
#5783=DIRECTION('',(0.999999999450353,3.31555962850112E-5,0.));
#5784=DIRECTION('',(-0.999999999450353,-3.31555962850112E-5,0.));
#5785=DIRECTION('',(0.,0.,1.));
#5786=DIRECTION('',(0.,0.,1.));
#5787=DIRECTION('',(0.,0.,1.));
#5788=DIRECTION('',(0.,0.,1.));
#5789=DIRECTION('center_axis',(-0.00676405203343284,0.999977123538378,0.));
#5790=DIRECTION('ref_axis',(-0.999977123538378,-0.00676405203343285,0.));
#5791=DIRECTION('',(0.999977123538378,0.00676405203343285,0.));
#5792=DIRECTION('',(-0.999977123538378,-0.00676405203343285,0.));
#5793=DIRECTION('',(0.,0.,1.));
#5794=DIRECTION('',(0.,0.,1.));
#5795=DIRECTION('',(0.,0.,1.));
#5796=DIRECTION('',(0.,0.,1.));
#5797=DIRECTION('center_axis',(0.,0.,1.));
#5798=DIRECTION('ref_axis',(0.996981441091649,-0.0776402351800808,0.));
#5799=DIRECTION('center_axis',(0.,0.,-1.));
#5800=DIRECTION('ref_axis',(0.996981441091649,-0.0776402351800808,0.));
#5801=DIRECTION('',(0.,0.,1.));
#5802=DIRECTION('center_axis',(0.,0.,1.));
#5803=DIRECTION('ref_axis',(-0.548786793998633,0.835962352461343,0.));
#5804=DIRECTION('center_axis',(0.,0.,-1.));
#5805=DIRECTION('ref_axis',(-0.548786793998633,0.835962352461343,0.));
#5806=DIRECTION('',(0.,0.,1.));
#5807=DIRECTION('center_axis',(0.00353249015367487,-0.999993760737193,0.));
#5808=DIRECTION('ref_axis',(0.999993760737193,0.00353249015367487,0.));
#5809=DIRECTION('',(-0.999993760737193,-0.00353249015367487,0.));
#5810=DIRECTION('',(0.999993760737193,0.00353249015367487,0.));
#5811=DIRECTION('',(0.,0.,1.));
#5812=DIRECTION('',(0.,0.,1.));
#5813=DIRECTION('center_axis',(-0.966325622079836,0.257322350587777,0.));
#5814=DIRECTION('ref_axis',(-0.257322350587777,-0.966325622079836,0.));
#5815=DIRECTION('',(0.257322350587777,0.966325622079836,0.));
#5816=DIRECTION('',(-0.257322350587777,-0.966325622079836,0.));
#5817=DIRECTION('',(0.,0.,1.));
#5818=DIRECTION('',(0.,0.,1.));
#5819=DIRECTION('center_axis',(0.000956845825989961,0.999999542222928,0.));
#5820=DIRECTION('ref_axis',(-0.999999542222928,0.000956845825989961,0.));
#5821=DIRECTION('',(0.999999542222928,-0.000956845825989961,0.));
#5822=DIRECTION('',(-0.999999542222928,0.000956845825989961,0.));
#5823=DIRECTION('',(0.,0.,1.));
#5824=DIRECTION('center_axis',(0.000880514169915273,0.999999612347323,0.));
#5825=DIRECTION('ref_axis',(-0.999999612347323,0.000880514169915273,0.));
#5826=DIRECTION('',(0.999999612347323,-0.000880514169915273,0.));
#5827=DIRECTION('',(-0.999999612347323,0.000880514169915273,0.));
#5828=DIRECTION('',(0.,0.,1.));
#5829=DIRECTION('center_axis',(0.000815628253653281,0.999999667375221,0.));
#5830=DIRECTION('ref_axis',(-0.999999667375221,0.000815628253653281,0.));
#5831=DIRECTION('',(0.999999667375221,-0.000815628253653281,0.));
#5832=DIRECTION('',(-0.999999667375221,0.000815628253653281,0.));
#5833=DIRECTION('',(0.,0.,1.));
#5834=DIRECTION('',(0.,0.,1.));
#5835=DIRECTION('',(0.,0.,1.));
#5836=DIRECTION('center_axis',(0.,0.,-1.));
#5837=DIRECTION('ref_axis',(-0.989882593974085,0.14188886547977,0.));
#5838=DIRECTION('center_axis',(0.,0.,1.));
#5839=DIRECTION('ref_axis',(-0.989882593974085,0.14188886547977,0.));
#5840=DIRECTION('',(0.,0.,1.));
#5841=DIRECTION('center_axis',(0.,0.,-1.));
#5842=DIRECTION('ref_axis',(-0.954655145436131,0.297713878232642,0.));
#5843=DIRECTION('center_axis',(0.,0.,1.));
#5844=DIRECTION('ref_axis',(-0.954655145436131,0.297713878232642,0.));
#5845=DIRECTION('',(0.,0.,1.));
#5846=DIRECTION('',(0.,0.,1.));
#5847=DIRECTION('',(0.,0.,1.));
#5848=DIRECTION('',(0.,0.,1.));
#5849=DIRECTION('center_axis',(0.960419608566972,-0.278557310943482,0.));
#5850=DIRECTION('ref_axis',(0.278557310943482,0.960419608566972,0.));
#5851=DIRECTION('',(-0.278557310943482,-0.960419608566972,0.));
#5852=DIRECTION('',(0.278557310943482,0.960419608566972,0.));
#5853=DIRECTION('',(0.,0.,1.));
#5854=DIRECTION('center_axis',(0.970229839439776,-0.242186000133506,0.));
#5855=DIRECTION('ref_axis',(0.242186000133506,0.970229839439776,0.));
#5856=DIRECTION('',(-0.242186000133506,-0.970229839439776,0.));
#5857=DIRECTION('',(0.242186000133506,0.970229839439776,0.));
#5858=DIRECTION('',(0.,0.,1.));
#5859=DIRECTION('',(0.,0.,1.));
#5860=DIRECTION('',(0.,0.,1.));
#5861=DIRECTION('center_axis',(-0.00245896873899601,0.9999969767318,0.));
#5862=DIRECTION('ref_axis',(-0.9999969767318,-0.00245896873899601,0.));
#5863=DIRECTION('',(0.9999969767318,0.00245896873899601,0.));
#5864=DIRECTION('',(-0.9999969767318,-0.00245896873899601,0.));
#5865=DIRECTION('',(0.,0.,1.));
#5866=DIRECTION('',(0.,0.,1.));
#5867=DIRECTION('',(0.,0.,1.));
#5868=DIRECTION('',(0.,0.,1.));
#5869=DIRECTION('',(0.,0.,1.));
#5870=DIRECTION('center_axis',(0.00176375907122823,0.99999844457576,0.));
#5871=DIRECTION('ref_axis',(-0.99999844457576,0.00176375907122823,0.));
#5872=DIRECTION('',(0.99999844457576,-0.00176375907122823,0.));
#5873=DIRECTION('',(-0.99999844457576,0.00176375907122823,0.));
#5874=DIRECTION('',(0.,0.,1.));
#5875=DIRECTION('center_axis',(-0.00380703085453065,0.999992753231778,0.));
#5876=DIRECTION('ref_axis',(-0.999992753231778,-0.00380703085453065,0.));
#5877=DIRECTION('',(0.999992753231778,0.00380703085453065,0.));
#5878=DIRECTION('',(-0.999992753231778,-0.00380703085453065,0.));
#5879=DIRECTION('',(0.,0.,1.));
#5880=DIRECTION('',(0.,0.,1.));
#5881=DIRECTION('',(0.,0.,1.));
#5882=DIRECTION('center_axis',(0.961414656314583,-0.275103359891354,0.));
#5883=DIRECTION('ref_axis',(0.275103359891354,0.961414656314583,0.));
#5884=DIRECTION('',(-0.275103359891354,-0.961414656314583,0.));
#5885=DIRECTION('',(0.275103359891354,0.961414656314583,0.));
#5886=DIRECTION('',(0.,0.,1.));
#5887=DIRECTION('center_axis',(0.961437413686672,-0.275023816356846,0.));
#5888=DIRECTION('ref_axis',(0.275023816356846,0.961437413686671,0.));
#5889=DIRECTION('',(-0.275023816356846,-0.961437413686671,0.));
#5890=DIRECTION('',(0.275023816356846,0.961437413686671,0.));
#5891=DIRECTION('',(0.,0.,1.));
#5892=DIRECTION('',(0.,0.,1.));
#5893=DIRECTION('center_axis',(0.,0.,1.));
#5894=DIRECTION('ref_axis',(1.,4.62592926927149E-17,0.));
#5895=DIRECTION('center_axis',(0.,0.,1.));
#5896=DIRECTION('ref_axis',(1.,4.62592926927149E-17,0.));
#5897=DIRECTION('',(-2.55554432319825E-31,-2.51996126016325E-62,1.));
#5898=DIRECTION('',(-1.,-6.84227765783602E-48,-2.55554432319825E-31));
#5899=DIRECTION('',(6.95261559083724E-18,4.99164197837922E-16,1.));
#5900=DIRECTION('',(-1.,1.32169407693471E-16,6.95261559083717E-18));
#5901=DIRECTION('',(-1.2455309054194E-16,8.0091701172934E-32,-1.));
#5902=DIRECTION('',(1.,3.26128013483639E-16,-1.2455309054194E-16));
#5903=DIRECTION('',(-6.07153216591888E-18,3.5584564988285E-34,1.));
#5904=DIRECTION('',(1.,-5.26488574958956E-16,6.07153216591888E-18));
#5905=CARTESIAN_POINT('',(0.,0.,0.));
#5906=CARTESIAN_POINT('',(0.,0.,0.));
#5907=CARTESIAN_POINT('Origin',(0.5,0.75,0.05));
#5908=CARTESIAN_POINT('',(1.,0.800000000000001,0.05));
#5909=CARTESIAN_POINT('',(1.,0.75,0.));
#5910=CARTESIAN_POINT('Origin',(1.,0.75,0.05));
#5911=CARTESIAN_POINT('',(-1.,0.75,0.));
#5912=CARTESIAN_POINT('',(0.5,0.75,0.));
#5913=CARTESIAN_POINT('',(-1.,0.8,0.05));
#5914=CARTESIAN_POINT('Origin',(-1.,0.75,0.05));
#5915=CARTESIAN_POINT('',(0.5,0.8,0.05));
#5916=CARTESIAN_POINT('Origin',(1.,0.800000000000001,0.));
#5917=CARTESIAN_POINT('',(-1.,0.8,1.85));
#5918=CARTESIAN_POINT('',(-1.,0.8,0.));
#5919=CARTESIAN_POINT('',(1.,0.800000000000001,1.85));
#5920=CARTESIAN_POINT('',(0.5,0.8,1.85));
#5921=CARTESIAN_POINT('',(1.,0.800000000000001,0.));
#5922=CARTESIAN_POINT('Origin',(-1.,0.8,0.));
#5923=CARTESIAN_POINT('',(-1.,-0.75,0.));
#5924=CARTESIAN_POINT('',(-1.,-0.8,0.));
#5925=CARTESIAN_POINT('',(-1.,-0.8,0.05));
#5926=CARTESIAN_POINT('Origin',(-1.,-0.75,0.05));
#5927=CARTESIAN_POINT('',(-1.,-0.8,1.85));
#5928=CARTESIAN_POINT('',(-1.,-0.8,0.));
#5929=CARTESIAN_POINT('',(-1.,-0.75,1.9));
#5930=CARTESIAN_POINT('Origin',(-1.,-0.75,1.85));
#5931=CARTESIAN_POINT('',(-1.,0.75,1.9));
#5932=CARTESIAN_POINT('',(-1.,-0.8,1.9));
#5933=CARTESIAN_POINT('Origin',(-1.,0.75,1.85));
#5934=CARTESIAN_POINT('Origin',(-0.5,-0.75,0.05));
#5935=CARTESIAN_POINT('',(1.,-0.75,0.));
#5936=CARTESIAN_POINT('',(-0.5,-0.75,0.));
#5937=CARTESIAN_POINT('',(1.,-0.8,0.05));
#5938=CARTESIAN_POINT('Origin',(1.,-0.75,0.05));
#5939=CARTESIAN_POINT('',(-0.5,-0.8,0.05));
#5940=CARTESIAN_POINT('Origin',(-1.,-0.8,0.));
#5941=CARTESIAN_POINT('',(1.,-0.8,1.85));
#5942=CARTESIAN_POINT('',(1.,-0.8,0.));
#5943=CARTESIAN_POINT('',(-0.5,-0.8,1.85));
#5944=CARTESIAN_POINT('Origin',(1.,-0.8,0.));
#5945=CARTESIAN_POINT('',(1.,0.75,1.9));
#5946=CARTESIAN_POINT('Origin',(1.,0.75,1.85));
#5947=CARTESIAN_POINT('',(1.,-0.75,1.9));
#5948=CARTESIAN_POINT('',(1.,0.800000000000001,1.9));
#5949=CARTESIAN_POINT('Origin',(1.,-0.75,1.85));
#5950=CARTESIAN_POINT('',(1.,0.800000000000001,0.));
#5951=CARTESIAN_POINT('Origin',(0.5,0.75,1.85));
#5952=CARTESIAN_POINT('',(0.5,0.75,1.9));
#5953=CARTESIAN_POINT('Origin',(0.,2.77555756156289E-16,1.9));
#5954=CARTESIAN_POINT('',(-0.5,-0.75,1.9));
#5955=CARTESIAN_POINT('Origin',(-0.5,-0.75,1.85));
#5956=CARTESIAN_POINT('Origin',(-3.61400724161835E-17,2.52980506913284E-16,
0.));
#5957=CARTESIAN_POINT('',(0.,0.,0.));
#5958=CARTESIAN_POINT('Origin',(0.25,-0.658333310554192,0.05));
#5959=CARTESIAN_POINT('',(0.25,-0.658333310554192,0.));
#5960=CARTESIAN_POINT('',(0.25,-0.708333310554192,0.05));
#5961=CARTESIAN_POINT('Origin',(0.25,-0.658333310554192,0.05));
#5962=CARTESIAN_POINT('',(0.3,-0.658333310554192,0.05));
#5963=CARTESIAN_POINT('Origin',(0.25,-0.658333310554192,0.05));
#5964=CARTESIAN_POINT('Origin',(0.25,-0.658333310554192,0.05));
#5965=CARTESIAN_POINT('Origin',(0.25,-0.658333310554192,1.85));
#5966=CARTESIAN_POINT('',(0.25,-0.708333310554192,1.85));
#5967=CARTESIAN_POINT('',(0.25,-0.658333310554192,1.9));
#5968=CARTESIAN_POINT('Origin',(0.25,-0.658333310554192,1.85));
#5969=CARTESIAN_POINT('',(0.3,-0.658333310554192,1.85));
#5970=CARTESIAN_POINT('Origin',(0.25,-0.658333310554192,1.85));
#5971=CARTESIAN_POINT('Origin',(0.25,-0.658333310554192,1.85));
#5972=CARTESIAN_POINT('Origin',(0.25,-0.658333310554192,0.));
#5973=CARTESIAN_POINT('',(0.25,-0.708333310554192,0.));
#5974=CARTESIAN_POINT('',(0.3,-0.658333310554192,0.));
#5975=CARTESIAN_POINT('Origin',(0.25,0.841666689445808,0.05));
#5976=CARTESIAN_POINT('',(0.25,0.841666689445808,0.));
#5977=CARTESIAN_POINT('',(0.3,0.841666689445808,0.05));
#5978=CARTESIAN_POINT('Origin',(0.25,0.841666689445808,0.05));
#5979=CARTESIAN_POINT('',(0.25,0.891666689445808,0.05));
#5980=CARTESIAN_POINT('Origin',(0.25,0.841666689445808,0.05));
#5981=CARTESIAN_POINT('Origin',(0.25,0.841666689445808,0.05));
#5982=CARTESIAN_POINT('Origin',(0.15,0.841666689445808,0.05));
#5983=CARTESIAN_POINT('',(-0.3,0.841666689445808,0.));
#5984=CARTESIAN_POINT('',(-0.3,0.891666689445808,0.05));
#5985=CARTESIAN_POINT('Origin',(-0.3,0.841666689445808,0.05));
#5986=CARTESIAN_POINT('',(0.15,0.891666689445808,0.05));
#5987=CARTESIAN_POINT('',(0.15,0.841666689445808,0.));
#5988=CARTESIAN_POINT('Origin',(0.25,0.841666689445808,1.85));
#5989=CARTESIAN_POINT('',(0.3,0.841666689445808,1.85));
#5990=CARTESIAN_POINT('',(0.25,0.841666689445808,1.9));
#5991=CARTESIAN_POINT('Origin',(0.25,0.841666689445808,1.85));
#5992=CARTESIAN_POINT('',(0.25,0.891666689445808,1.85));
#5993=CARTESIAN_POINT('Origin',(0.25,0.841666689445808,1.85));
#5994=CARTESIAN_POINT('Origin',(0.25,0.841666689445808,1.85));
#5995=CARTESIAN_POINT('Origin',(0.25,0.841666689445808,0.));
#5996=CARTESIAN_POINT('',(0.3,0.841666689445808,0.));
#5997=CARTESIAN_POINT('',(0.25,0.891666689445808,0.));
#5998=CARTESIAN_POINT('Origin',(0.15,0.841666689445808,1.85));
#5999=CARTESIAN_POINT('',(-0.3,0.891666689445808,1.85));
#6000=CARTESIAN_POINT('',(-0.3,0.841666689445808,1.9));
#6001=CARTESIAN_POINT('Origin',(-0.3,0.841666689445808,1.85));
#6002=CARTESIAN_POINT('',(0.15,0.841666689445808,1.9));
#6003=CARTESIAN_POINT('',(0.15,0.891666689445808,1.85));
#6004=CARTESIAN_POINT('Origin',(0.25,-0.308333310554192,1.85));
#6005=CARTESIAN_POINT('',(0.25,-0.308333310554192,1.9));
#6006=CARTESIAN_POINT('',(0.3,-0.308333310554192,1.85));
#6007=CARTESIAN_POINT('Origin',(0.25,-0.308333310554192,0.05));
#6008=CARTESIAN_POINT('',(0.25,-0.308333310554192,0.));
#6009=CARTESIAN_POINT('',(0.3,-0.308333310554192,0.05));
#6010=CARTESIAN_POINT('Origin',(-0.15,-0.658333310554192,1.85));
#6011=CARTESIAN_POINT('',(-0.3,-0.658333310554192,1.9));
#6012=CARTESIAN_POINT('',(-0.3,-0.708333310554192,1.85));
#6013=CARTESIAN_POINT('Origin',(-0.3,-0.658333310554192,1.85));
#6014=CARTESIAN_POINT('',(-0.15,-0.708333310554192,1.85));
#6015=CARTESIAN_POINT('',(-0.15,-0.658333310554192,1.9));
#6016=CARTESIAN_POINT('Origin',(-0.15,-0.658333310554192,0.05));
#6017=CARTESIAN_POINT('',(-0.3,-0.708333310554192,0.05));
#6018=CARTESIAN_POINT('',(-0.3,-0.658333310554192,0.));
#6019=CARTESIAN_POINT('Origin',(-0.3,-0.658333310554192,0.05));
#6020=CARTESIAN_POINT('',(-0.15,-0.658333310554192,0.));
#6021=CARTESIAN_POINT('',(-0.15,-0.708333310554192,0.05));
#6022=CARTESIAN_POINT('Origin',(-0.3,-0.708333310554192,0.));
#6023=CARTESIAN_POINT('',(-0.3,-0.708333310554192,0.));
#6024=CARTESIAN_POINT('Origin',(1.04083408558608E-16,0.0916666894458079,
1.9));
#6025=CARTESIAN_POINT('',(-0.3,-0.708333310554192,1.9));
#6026=CARTESIAN_POINT('Origin',(0.3,-0.708333310554192,0.));
#6027=CARTESIAN_POINT('Origin',(-0.3,0.891666689445808,0.));
#6028=CARTESIAN_POINT('',(-0.3,0.891666689445808,0.));
#6029=CARTESIAN_POINT('',(-0.3,-0.708333310554192,0.));
#6030=CARTESIAN_POINT('Origin',(0.3,0.891666689445808,0.));
#6031=CARTESIAN_POINT('Origin',(1.03492025555435E-16,0.0916666894458079,
0.));
#6032=CARTESIAN_POINT('',(0.,0.,0.));
#6033=CARTESIAN_POINT('Origin',(0.951749391824025,0.5403719958257,0.0035));
#6034=CARTESIAN_POINT('',(0.951749391824025,0.5403719958257,0.0035));
#6035=CARTESIAN_POINT('',(0.930006489955275,0.4634915963003,0.0035));
#6036=CARTESIAN_POINT('',(0.934557546135393,0.479583607362212,0.0035));
#6037=CARTESIAN_POINT('',(0.951749391824025,0.5403719958257,0.0065));
#6038=CARTESIAN_POINT('',(0.951749391824025,0.5403719958257,0.0035));
#6039=CARTESIAN_POINT('',(0.930006489955275,0.4634915963003,0.0065));
#6040=CARTESIAN_POINT('',(0.934557546135393,0.479583607362212,0.0065));
#6041=CARTESIAN_POINT('',(0.930006489955275,0.4634915963003,0.0035));
#6042=CARTESIAN_POINT('Ctrl Pts',(0.956144497724055,0.5439387447257,0.0035));
#6043=CARTESIAN_POINT('Ctrl Pts',(0.952710920575178,0.543843199926868,0.0035));
#6044=CARTESIAN_POINT('Ctrl Pts',(0.951749391824025,0.5403719958257,0.0035));
#6045=CARTESIAN_POINT('Ctrl Pts',(0.956144497724055,0.5439387447257,0.0065));
#6046=CARTESIAN_POINT('Ctrl Pts',(0.952710920575178,0.543843199926868,0.0065));
#6047=CARTESIAN_POINT('Ctrl Pts',(0.951749391824025,0.5403719958257,0.0065));
#6048=CARTESIAN_POINT('',(0.956144497724055,0.5439387447257,0.0035));
#6049=CARTESIAN_POINT('Origin',(0.957039469224634,0.537932431542397,0.0035));
#6050=CARTESIAN_POINT('',(0.956144497724055,0.5439387447257,0.0065));
#6051=CARTESIAN_POINT('',(0.956144497724055,0.5439387447257,0.0035));
#6052=CARTESIAN_POINT('Origin',(0.957039469224634,0.537932431542397,0.0065));
#6053=CARTESIAN_POINT('Origin',(0.972985665475155,0.5438999539334,0.0035));
#6054=CARTESIAN_POINT('',(0.973136888844335,0.543888350084586,0.0035));
#6055=CARTESIAN_POINT('',(0.953936584133314,0.543943830282639,0.0035));
#6056=CARTESIAN_POINT('',(0.973136888844335,0.543888350084586,0.0065));
#6057=CARTESIAN_POINT('',(0.972985665475155,0.5438999539334,0.0035));
#6058=CARTESIAN_POINT('',(0.953936584133314,0.543943830282639,0.0065));
#6059=CARTESIAN_POINT('Origin',(0.973706241224055,0.5438502858257,0.0035));
#6060=CARTESIAN_POINT('',(0.973706241224055,0.5438502858257,0.0035));
#6061=CARTESIAN_POINT('',(0.957519226555952,0.544679938348901,0.0035));
#6062=CARTESIAN_POINT('',(0.973706241224055,0.5438502858257,0.0065));
#6063=CARTESIAN_POINT('',(0.973706241224055,0.5438502858257,0.0035));
#6064=CARTESIAN_POINT('',(0.957519226555952,0.544679938348901,0.0065));
#6065=CARTESIAN_POINT('Ctrl Pts',(0.998456521724055,0.5177397447257,0.0035));
#6066=CARTESIAN_POINT('Ctrl Pts',(0.998456521724055,0.5177397447257,0.0065));
#6067=CARTESIAN_POINT('Ctrl Pts',(0.998447489808153,0.521131001429786,0.0035));
#6068=CARTESIAN_POINT('Ctrl Pts',(0.998447489808153,0.521131001429786,0.0065));
#6069=CARTESIAN_POINT('Ctrl Pts',(0.997845421310888,0.524470430858746,0.0035));
#6070=CARTESIAN_POINT('Ctrl Pts',(0.997845421310888,0.524470430858746,0.0065));
#6071=CARTESIAN_POINT('Ctrl Pts',(0.99539734584998,0.530790192696355,0.0035));
#6072=CARTESIAN_POINT('Ctrl Pts',(0.99539734584998,0.530790192696355,0.0065));
#6073=CARTESIAN_POINT('Ctrl Pts',(0.993577910527364,0.533684724336327,0.0035));
#6074=CARTESIAN_POINT('Ctrl Pts',(0.993577910527364,0.533684724336327,0.0065));
#6075=CARTESIAN_POINT('Ctrl Pts',(0.988974699519519,0.538535443264969,0.0035));
#6076=CARTESIAN_POINT('Ctrl Pts',(0.988974699519519,0.538535443264969,0.0065));
#6077=CARTESIAN_POINT('Ctrl Pts',(0.986259080061562,0.540468171872334,0.0035));
#6078=CARTESIAN_POINT('Ctrl Pts',(0.986259080061562,0.540468171872334,0.0065));
#6079=CARTESIAN_POINT('Ctrl Pts',(0.981757439184047,0.54245692012477,0.0035));
#6080=CARTESIAN_POINT('Ctrl Pts',(0.981757439184047,0.54245692012477,0.0065));
#6081=CARTESIAN_POINT('Ctrl Pts',(0.980211569067621,0.542962103356165,0.0035));
#6082=CARTESIAN_POINT('Ctrl Pts',(0.980211569067621,0.542962103356165,0.0065));
#6083=CARTESIAN_POINT('Ctrl Pts',(0.977007551202276,0.543657996773057,0.0035));
#6084=CARTESIAN_POINT('Ctrl Pts',(0.977007551202276,0.543657996773057,0.0065));
#6085=CARTESIAN_POINT('Ctrl Pts',(0.975361594290131,0.543839552556092,0.0035));
#6086=CARTESIAN_POINT('Ctrl Pts',(0.975361594290131,0.543839552556092,0.0065));
#6087=CARTESIAN_POINT('Ctrl Pts',(0.973706241224055,0.5438502858257,0.0035));
#6088=CARTESIAN_POINT('Ctrl Pts',(0.973706241224055,0.5438502858257,0.0065));
#6089=CARTESIAN_POINT('',(0.998456521724055,0.5177397447257,0.0035));
#6090=CARTESIAN_POINT('Ctrl Pts',(0.998456521724055,0.5177397447257,0.0035));
#6091=CARTESIAN_POINT('Ctrl Pts',(0.998447489808153,0.521131001429786,0.0035));
#6092=CARTESIAN_POINT('Ctrl Pts',(0.997845421310888,0.524470430858746,0.0035));
#6093=CARTESIAN_POINT('Ctrl Pts',(0.99539734584998,0.530790192696355,0.0035));
#6094=CARTESIAN_POINT('Ctrl Pts',(0.993577910527364,0.533684724336327,0.0035));
#6095=CARTESIAN_POINT('Ctrl Pts',(0.988974699519519,0.538535443264969,0.0035));
#6096=CARTESIAN_POINT('Ctrl Pts',(0.986259080061562,0.540468171872334,0.0035));
#6097=CARTESIAN_POINT('Ctrl Pts',(0.981757439184047,0.54245692012477,0.0035));
#6098=CARTESIAN_POINT('Ctrl Pts',(0.980211569067621,0.542962103356165,0.0035));
#6099=CARTESIAN_POINT('Ctrl Pts',(0.977007551202276,0.543657996773057,0.0035));
#6100=CARTESIAN_POINT('Ctrl Pts',(0.975361594290131,0.543839552556092,0.0035));
#6101=CARTESIAN_POINT('Ctrl Pts',(0.973706241224055,0.5438502858257,0.0035));
#6102=CARTESIAN_POINT('',(0.998456521724055,0.5177397447257,0.0065));
#6103=CARTESIAN_POINT('',(0.998456521724055,0.5177397447257,0.0035));
#6104=CARTESIAN_POINT('Ctrl Pts',(0.973706241224055,0.5438502858257,0.0065));
#6105=CARTESIAN_POINT('Ctrl Pts',(0.975361594290131,0.543839552556092,0.0065));
#6106=CARTESIAN_POINT('Ctrl Pts',(0.977007551202276,0.543657996773057,0.0065));
#6107=CARTESIAN_POINT('Ctrl Pts',(0.980211569067621,0.542962103356165,0.0065));
#6108=CARTESIAN_POINT('Ctrl Pts',(0.981757439184047,0.54245692012477,0.0065));
#6109=CARTESIAN_POINT('Ctrl Pts',(0.986259080061562,0.540468171872334,0.0065));
#6110=CARTESIAN_POINT('Ctrl Pts',(0.988974699519519,0.538535443264969,0.0065));
#6111=CARTESIAN_POINT('Ctrl Pts',(0.993577910527364,0.533684724336327,0.0065));
#6112=CARTESIAN_POINT('Ctrl Pts',(0.99539734584998,0.530790192696355,0.0065));
#6113=CARTESIAN_POINT('Ctrl Pts',(0.997845421310888,0.524470430858746,0.0065));
#6114=CARTESIAN_POINT('Ctrl Pts',(0.998447489808153,0.521131001429786,0.0065));
#6115=CARTESIAN_POINT('Ctrl Pts',(0.998456521724055,0.5177397447257,0.0065));
#6116=CARTESIAN_POINT('Origin',(0.998403211926855,0.5110320636308,0.0035));
#6117=CARTESIAN_POINT('',(0.998403211926855,0.5110320636308,0.0035));
#6118=CARTESIAN_POINT('',(0.998015336289003,0.462227787121692,0.0035));
#6119=CARTESIAN_POINT('',(0.998403211926855,0.5110320636308,0.0065));
#6120=CARTESIAN_POINT('',(0.998403211926855,0.5110320636308,0.0035));
#6121=CARTESIAN_POINT('',(0.998015336289003,0.462227787121692,0.0065));
#6122=CARTESIAN_POINT('Ctrl Pts',(0.979093937679855,0.4703030527775,0.0035));
#6123=CARTESIAN_POINT('Ctrl Pts',(0.979093937679855,0.4703030527775,0.0065));
#6124=CARTESIAN_POINT('Ctrl Pts',(0.982094061734041,0.472777278618879,0.0035));
#6125=CARTESIAN_POINT('Ctrl Pts',(0.982094061734041,0.472777278618879,0.0065));
#6126=CARTESIAN_POINT('Ctrl Pts',(0.984820321973222,0.475571150069756,0.0035));
#6127=CARTESIAN_POINT('Ctrl Pts',(0.984820321973222,0.475571150069756,0.0065));
#6128=CARTESIAN_POINT('Ctrl Pts',(0.98962510422884,0.481709827155756,0.0035));
#6129=CARTESIAN_POINT('Ctrl Pts',(0.98962510422884,0.481709827155756,0.0065));
#6130=CARTESIAN_POINT('Ctrl Pts',(0.991688747563964,0.485042001458646,0.0035));
#6131=CARTESIAN_POINT('Ctrl Pts',(0.991688747563964,0.485042001458646,0.0065));
#6132=CARTESIAN_POINT('Ctrl Pts',(0.994996189361944,0.492015627782869,0.0035));
#6133=CARTESIAN_POINT('Ctrl Pts',(0.994996189361944,0.492015627782869,0.0065));
#6134=CARTESIAN_POINT('Ctrl Pts',(0.996247356215779,0.49562288287955,0.0035));
#6135=CARTESIAN_POINT('Ctrl Pts',(0.996247356215779,0.49562288287955,0.0065));
#6136=CARTESIAN_POINT('Ctrl Pts',(0.997968900932659,0.503178609530019,0.0035));
#6137=CARTESIAN_POINT('Ctrl Pts',(0.997968900932659,0.503178609530019,0.0065));
#6138=CARTESIAN_POINT('Ctrl Pts',(0.998403211926855,0.507093069867187,0.0035));
#6139=CARTESIAN_POINT('Ctrl Pts',(0.998403211926855,0.507093069867187,0.0065));
#6140=CARTESIAN_POINT('Ctrl Pts',(0.998403211926855,0.5110320636308,0.0035));
#6141=CARTESIAN_POINT('Ctrl Pts',(0.998403211926855,0.5110320636308,0.0065));
#6142=CARTESIAN_POINT('',(0.979093937679855,0.4703030527775,0.0035));
#6143=CARTESIAN_POINT('Ctrl Pts',(0.979093937679855,0.4703030527775,0.0035));
#6144=CARTESIAN_POINT('Ctrl Pts',(0.982094061734041,0.472777278618879,0.0035));
#6145=CARTESIAN_POINT('Ctrl Pts',(0.984820321973222,0.475571150069756,0.0035));
#6146=CARTESIAN_POINT('Ctrl Pts',(0.98962510422884,0.481709827155756,0.0035));
#6147=CARTESIAN_POINT('Ctrl Pts',(0.991688747563964,0.485042001458646,0.0035));
#6148=CARTESIAN_POINT('Ctrl Pts',(0.994996189361944,0.492015627782869,0.0035));
#6149=CARTESIAN_POINT('Ctrl Pts',(0.996247356215779,0.49562288287955,0.0035));
#6150=CARTESIAN_POINT('Ctrl Pts',(0.997968900932659,0.503178609530019,0.0035));
#6151=CARTESIAN_POINT('Ctrl Pts',(0.998403211926855,0.507093069867187,0.0035));
#6152=CARTESIAN_POINT('Ctrl Pts',(0.998403211926855,0.5110320636308,0.0035));
#6153=CARTESIAN_POINT('',(0.979093937679855,0.4703030527775,0.0065));
#6154=CARTESIAN_POINT('',(0.979093937679855,0.4703030527775,0.0035));
#6155=CARTESIAN_POINT('Ctrl Pts',(0.998403211926855,0.5110320636308,0.0065));
#6156=CARTESIAN_POINT('Ctrl Pts',(0.998403211926855,0.507093069867187,0.0065));
#6157=CARTESIAN_POINT('Ctrl Pts',(0.997968900932659,0.503178609530019,0.0065));
#6158=CARTESIAN_POINT('Ctrl Pts',(0.996247356215779,0.49562288287955,0.0065));
#6159=CARTESIAN_POINT('Ctrl Pts',(0.994996189361944,0.492015627782869,0.0065));
#6160=CARTESIAN_POINT('Ctrl Pts',(0.991688747563964,0.485042001458646,0.0065));
#6161=CARTESIAN_POINT('Ctrl Pts',(0.98962510422884,0.481709827155756,0.0065));
#6162=CARTESIAN_POINT('Ctrl Pts',(0.984820321973222,0.475571150069756,0.0065));
#6163=CARTESIAN_POINT('Ctrl Pts',(0.982094061734041,0.472777278618879,0.0065));
#6164=CARTESIAN_POINT('Ctrl Pts',(0.979093937679855,0.4703030527775,0.0065));
#6165=CARTESIAN_POINT('Ctrl Pts',(0.947106221408169,0.459319068008,0.0035));
#6166=CARTESIAN_POINT('Ctrl Pts',(0.96490823675322,0.459312568030471,0.0035));
#6167=CARTESIAN_POINT('Ctrl Pts',(0.979093937679855,0.4703030527775,0.0035));
#6168=CARTESIAN_POINT('Ctrl Pts',(0.947106221408169,0.459319068008,0.0065));
#6169=CARTESIAN_POINT('Ctrl Pts',(0.96490823675322,0.459312568030471,0.0065));
#6170=CARTESIAN_POINT('Ctrl Pts',(0.979093937679855,0.4703030527775,0.0065));
#6171=CARTESIAN_POINT('',(0.947106221408169,0.459319069538112,0.0035));
#6172=CARTESIAN_POINT('Origin',(0.944874178525505,0.520234879204287,0.0035));
#6173=CARTESIAN_POINT('',(0.947106221408169,0.459319069538112,0.0065));
#6174=CARTESIAN_POINT('',(0.947106221408169,0.459319068008,0.0035));
#6175=CARTESIAN_POINT('Origin',(0.944874178525505,0.520234879204287,0.0065));
#6176=CARTESIAN_POINT('Origin',(0.943191110877,0.459319068008,0.0035));
#6177=CARTESIAN_POINT('',(0.943191110877,0.459319068008,0.0035));
#6178=CARTESIAN_POINT('',(0.938626700692029,0.459266092029084,0.0035));
#6179=CARTESIAN_POINT('',(0.943191110877,0.459319068008,0.0065));
#6180=CARTESIAN_POINT('',(0.943191110877,0.459319068008,0.0035));
#6181=CARTESIAN_POINT('',(0.938626700692029,0.459266092029084,0.0065));
#6182=CARTESIAN_POINT('Origin',(0.934189355695413,0.4592963480063,0.0035));
#6183=CARTESIAN_POINT('',(0.934189355695413,0.4592963480063,0.0035));
#6184=CARTESIAN_POINT('',(0.934331380858417,0.459296706471053,0.0035));
#6185=CARTESIAN_POINT('',(0.934189355695413,0.4592963480063,0.0065));
#6186=CARTESIAN_POINT('',(0.934189355695413,0.4592963480063,0.0035));
#6187=CARTESIAN_POINT('',(0.934331380858417,0.459296706471053,0.0065));
#6188=CARTESIAN_POINT('Ctrl Pts',(0.930006489955275,0.4634915963003,0.0035));
#6189=CARTESIAN_POINT('Ctrl Pts',(0.930006489955275,0.4634915963003,0.0065));
#6190=CARTESIAN_POINT('Ctrl Pts',(0.930006489955275,0.462943365968106,0.0035));
#6191=CARTESIAN_POINT('Ctrl Pts',(0.930006489955275,0.462943365968106,0.0065));
#6192=CARTESIAN_POINT('Ctrl Pts',(0.93011221939242,0.462404575141585,0.0035));
#6193=CARTESIAN_POINT('Ctrl Pts',(0.93011221939242,0.462404575141585,0.0065));
#6194=CARTESIAN_POINT('Ctrl Pts',(0.930531434187836,0.461385951417423,0.0035));
#6195=CARTESIAN_POINT('Ctrl Pts',(0.930531434187836,0.461385951417423,0.0065));
#6196=CARTESIAN_POINT('Ctrl Pts',(0.930842743225228,0.460919814323048,0.0035));
#6197=CARTESIAN_POINT('Ctrl Pts',(0.930842743225228,0.460919814323048,0.0065));
#6198=CARTESIAN_POINT('Ctrl Pts',(0.931624541679022,0.460135717163246,0.0035));
#6199=CARTESIAN_POINT('Ctrl Pts',(0.931624541679022,0.460135717163246,0.0065));
#6200=CARTESIAN_POINT('Ctrl Pts',(0.932089114334137,0.45982334001555,0.0035));
#6201=CARTESIAN_POINT('Ctrl Pts',(0.932089114334137,0.45982334001555,0.0065));
#6202=CARTESIAN_POINT('Ctrl Pts',(0.933105025717226,0.459402604076964,0.0035));
#6203=CARTESIAN_POINT('Ctrl Pts',(0.933105025717226,0.459402604076964,0.0065));
#6204=CARTESIAN_POINT('Ctrl Pts',(0.93364238244143,0.4592963480063,0.0035));
#6205=CARTESIAN_POINT('Ctrl Pts',(0.93364238244143,0.4592963480063,0.0065));
#6206=CARTESIAN_POINT('Ctrl Pts',(0.934189355695413,0.4592963480063,0.0035));
#6207=CARTESIAN_POINT('Ctrl Pts',(0.934189355695413,0.4592963480063,0.0065));
#6208=CARTESIAN_POINT('Ctrl Pts',(0.930006489955275,0.4634915963003,0.0035));
#6209=CARTESIAN_POINT('Ctrl Pts',(0.930006489955275,0.462943365968106,0.0035));
#6210=CARTESIAN_POINT('Ctrl Pts',(0.93011221939242,0.462404575141585,0.0035));
#6211=CARTESIAN_POINT('Ctrl Pts',(0.930531434187836,0.461385951417423,0.0035));
#6212=CARTESIAN_POINT('Ctrl Pts',(0.930842743225228,0.460919814323048,0.0035));
#6213=CARTESIAN_POINT('Ctrl Pts',(0.931624541679022,0.460135717163246,0.0035));
#6214=CARTESIAN_POINT('Ctrl Pts',(0.932089114334137,0.45982334001555,0.0035));
#6215=CARTESIAN_POINT('Ctrl Pts',(0.933105025717226,0.459402604076964,0.0035));
#6216=CARTESIAN_POINT('Ctrl Pts',(0.93364238244143,0.4592963480063,0.0035));
#6217=CARTESIAN_POINT('Ctrl Pts',(0.934189355695413,0.4592963480063,0.0035));
#6218=CARTESIAN_POINT('Ctrl Pts',(0.934189355695413,0.4592963480063,0.0065));
#6219=CARTESIAN_POINT('Ctrl Pts',(0.93364238244143,0.4592963480063,0.0065));
#6220=CARTESIAN_POINT('Ctrl Pts',(0.933105025717226,0.459402604076964,0.0065));
#6221=CARTESIAN_POINT('Ctrl Pts',(0.932089114334137,0.45982334001555,0.0065));
#6222=CARTESIAN_POINT('Ctrl Pts',(0.931624541679022,0.460135717163246,0.0065));
#6223=CARTESIAN_POINT('Ctrl Pts',(0.930842743225228,0.460919814323048,0.0065));
#6224=CARTESIAN_POINT('Ctrl Pts',(0.930531434187836,0.461385951417423,0.0065));
#6225=CARTESIAN_POINT('Ctrl Pts',(0.93011221939242,0.462404575141585,0.0065));
#6226=CARTESIAN_POINT('Ctrl Pts',(0.930006489955275,0.462943365968106,0.0065));
#6227=CARTESIAN_POINT('Ctrl Pts',(0.930006489955275,0.4634915963003,0.0065));
#6228=CARTESIAN_POINT('Ctrl Pts',(1.10495524429645,0.4421754636068,0.0035));
#6229=CARTESIAN_POINT('Ctrl Pts',(1.10495524429645,0.4421754636068,0.0065));
#6230=CARTESIAN_POINT('Ctrl Pts',(1.102963750681,0.4421754636068,0.0035));
#6231=CARTESIAN_POINT('Ctrl Pts',(1.102963750681,0.4421754636068,0.0065));
#6232=CARTESIAN_POINT('Ctrl Pts',(1.10099764226901,0.441849364832567,0.0035));
#6233=CARTESIAN_POINT('Ctrl Pts',(1.10099764226901,0.441849364832567,0.0065));
#6234=CARTESIAN_POINT('Ctrl Pts',(1.09730700022939,0.440571709112141,0.0035));
#6235=CARTESIAN_POINT('Ctrl Pts',(1.09730700022939,0.440571709112141,0.0065));
#6236=CARTESIAN_POINT('Ctrl Pts',(1.09561076804331,0.439654487655801,0.0035));
#6237=CARTESIAN_POINT('Ctrl Pts',(1.09561076804331,0.439654487655801,0.0065));
#6238=CARTESIAN_POINT('Ctrl Pts',(1.09255569997479,0.437302745997452,0.0035));
#6239=CARTESIAN_POINT('Ctrl Pts',(1.09255569997479,0.437302745997452,0.0065));
#6240=CARTESIAN_POINT('Ctrl Pts',(1.0912190138097,0.43587533207191,0.0035));
#6241=CARTESIAN_POINT('Ctrl Pts',(1.0912190138097,0.43587533207191,0.0065));
#6242=CARTESIAN_POINT('Ctrl Pts',(1.0890439408728,0.43262789535447,0.0035));
#6243=CARTESIAN_POINT('Ctrl Pts',(1.0890439408728,0.43262789535447,0.0065));
#6244=CARTESIAN_POINT('Ctrl Pts',(1.08822702604608,0.4308231826222,0.0035));
#6245=CARTESIAN_POINT('Ctrl Pts',(1.08822702604608,0.4308231826222,0.0065));
#6246=CARTESIAN_POINT('Ctrl Pts',(1.08772348691936,0.4289185698782,0.0035));
#6247=CARTESIAN_POINT('Ctrl Pts',(1.08772348691936,0.4289185698782,0.0065));
#6248=CARTESIAN_POINT('',(1.10495524429645,0.4421754636068,0.0035));
#6249=CARTESIAN_POINT('',(1.08772348691936,0.4289185698782,0.0035));
#6250=CARTESIAN_POINT('Ctrl Pts',(1.10495524429645,0.4421754636068,0.0035));
#6251=CARTESIAN_POINT('Ctrl Pts',(1.102963750681,0.4421754636068,0.0035));
#6252=CARTESIAN_POINT('Ctrl Pts',(1.10099764226901,0.441849364832567,0.0035));
#6253=CARTESIAN_POINT('Ctrl Pts',(1.09730700022939,0.440571709112141,0.0035));
#6254=CARTESIAN_POINT('Ctrl Pts',(1.09561076804331,0.439654487655801,0.0035));
#6255=CARTESIAN_POINT('Ctrl Pts',(1.09255569997479,0.437302745997452,0.0035));
#6256=CARTESIAN_POINT('Ctrl Pts',(1.0912190138097,0.43587533207191,0.0035));
#6257=CARTESIAN_POINT('Ctrl Pts',(1.0890439408728,0.43262789535447,0.0035));
#6258=CARTESIAN_POINT('Ctrl Pts',(1.08822702604608,0.4308231826222,0.0035));
#6259=CARTESIAN_POINT('Ctrl Pts',(1.08772348691936,0.4289185698782,0.0035));
#6260=CARTESIAN_POINT('',(1.10495524429645,0.4421754636068,0.0065));
#6261=CARTESIAN_POINT('',(1.10495524429645,0.4421754636068,0.0035));
#6262=CARTESIAN_POINT('',(1.08772348691936,0.4289185698782,0.0065));
#6263=CARTESIAN_POINT('Ctrl Pts',(1.08772348691936,0.4289185698782,0.0065));
#6264=CARTESIAN_POINT('Ctrl Pts',(1.08822702604608,0.4308231826222,0.0065));
#6265=CARTESIAN_POINT('Ctrl Pts',(1.0890439408728,0.43262789535447,0.0065));
#6266=CARTESIAN_POINT('Ctrl Pts',(1.0912190138097,0.43587533207191,0.0065));
#6267=CARTESIAN_POINT('Ctrl Pts',(1.09255569997479,0.437302745997452,0.0065));
#6268=CARTESIAN_POINT('Ctrl Pts',(1.09561076804331,0.439654487655801,0.0065));
#6269=CARTESIAN_POINT('Ctrl Pts',(1.09730700022939,0.440571709112141,0.0065));
#6270=CARTESIAN_POINT('Ctrl Pts',(1.10099764226901,0.441849364832567,0.0065));
#6271=CARTESIAN_POINT('Ctrl Pts',(1.102963750681,0.4421754636068,0.0065));
#6272=CARTESIAN_POINT('Ctrl Pts',(1.10495524429645,0.4421754636068,0.0065));
#6273=CARTESIAN_POINT('',(1.08772348691936,0.4289185698782,0.0035));
#6274=CARTESIAN_POINT('Origin',(1.11207523813525,0.4421754636068,0.0035));
#6275=CARTESIAN_POINT('',(1.11207523813525,0.4421754636068,0.0035));
#6276=CARTESIAN_POINT('',(1.02333158114787,0.4421754636068,0.0035));
#6277=CARTESIAN_POINT('',(1.11207523813525,0.4421754636068,0.0065));
#6278=CARTESIAN_POINT('',(1.11207523813525,0.4421754636068,0.0035));
#6279=CARTESIAN_POINT('',(1.02333158114787,0.4421754636068,0.0065));
#6280=CARTESIAN_POINT('Ctrl Pts',(1.11626844147565,0.4380136137152,0.0035));
#6281=CARTESIAN_POINT('Ctrl Pts',(1.11626844147565,0.4380136137152,0.0065));
#6282=CARTESIAN_POINT('Ctrl Pts',(1.11689415029666,0.440228359470501,0.0035));
#6283=CARTESIAN_POINT('Ctrl Pts',(1.11689415029666,0.440228359470501,0.0065));
#6284=CARTESIAN_POINT('Ctrl Pts',(1.11439926701306,0.442175463606801,0.0035));
#6285=CARTESIAN_POINT('Ctrl Pts',(1.11439926701306,0.442175463606801,0.0065));
#6286=CARTESIAN_POINT('Ctrl Pts',(1.11207523813525,0.4421754636068,0.0035));
#6287=CARTESIAN_POINT('Ctrl Pts',(1.11207523813525,0.4421754636068,0.0065));
#6288=CARTESIAN_POINT('',(1.11626844147565,0.4380136137152,0.0035));
#6289=CARTESIAN_POINT('Ctrl Pts',(1.11626844147565,0.4380136137152,0.0035));
#6290=CARTESIAN_POINT('Ctrl Pts',(1.11689415029666,0.440228359470501,0.0035));
#6291=CARTESIAN_POINT('Ctrl Pts',(1.11439926701306,0.442175463606801,0.0035));
#6292=CARTESIAN_POINT('Ctrl Pts',(1.11207523813525,0.4421754636068,0.0035));
#6293=CARTESIAN_POINT('',(1.11626844147565,0.4380136137152,0.0065));
#6294=CARTESIAN_POINT('',(1.11626844147565,0.4380136137152,0.0035));
#6295=CARTESIAN_POINT('Ctrl Pts',(1.11207523813525,0.4421754636068,0.0065));
#6296=CARTESIAN_POINT('Ctrl Pts',(1.11439926701306,0.442175463606801,0.0065));
#6297=CARTESIAN_POINT('Ctrl Pts',(1.11689415029666,0.440228359470501,0.0065));
#6298=CARTESIAN_POINT('Ctrl Pts',(1.11626844147565,0.4380136137152,0.0065));
#6299=CARTESIAN_POINT('Ctrl Pts',(1.11073066849016,0.418383759540098,0.0035));
#6300=CARTESIAN_POINT('Ctrl Pts',(1.11073066849016,0.418383759540098,0.0065));
#6301=CARTESIAN_POINT('Ctrl Pts',(1.1107347505694,0.418398193410995,0.0035));
#6302=CARTESIAN_POINT('Ctrl Pts',(1.1107347505694,0.418398193410995,0.0065));
#6303=CARTESIAN_POINT('Ctrl Pts',(1.11591855346376,0.4367276616251,0.0035));
#6304=CARTESIAN_POINT('Ctrl Pts',(1.11591855346376,0.4367276616251,0.0065));
#6305=CARTESIAN_POINT('Ctrl Pts',(1.11626844147565,0.4380136137152,0.0035));
#6306=CARTESIAN_POINT('Ctrl Pts',(1.11626844147565,0.4380136137152,0.0065));
#6307=CARTESIAN_POINT('',(1.11073066849016,0.418383759540098,0.0035));
#6308=CARTESIAN_POINT('Ctrl Pts',(1.11073066849016,0.418383759540098,0.0035));
#6309=CARTESIAN_POINT('Ctrl Pts',(1.1107347505694,0.418398193410995,0.0035));
#6310=CARTESIAN_POINT('Ctrl Pts',(1.11591855346376,0.4367276616251,0.0035));
#6311=CARTESIAN_POINT('Ctrl Pts',(1.11626844147565,0.4380136137152,0.0035));
#6312=CARTESIAN_POINT('',(1.11073066849016,0.418383759540098,0.0065));
#6313=CARTESIAN_POINT('',(1.11073066849016,0.418383759540098,0.0035));
#6314=CARTESIAN_POINT('Ctrl Pts',(1.11626844147565,0.4380136137152,0.0065));
#6315=CARTESIAN_POINT('Ctrl Pts',(1.11591855346376,0.4367276616251,0.0065));
#6316=CARTESIAN_POINT('Ctrl Pts',(1.1107347505694,0.418398193410995,0.0065));
#6317=CARTESIAN_POINT('Ctrl Pts',(1.11073066849016,0.418383759540098,0.0065));
#6318=CARTESIAN_POINT('Origin',(1.09905599609906,0.377518883077196,0.0035));
#6319=CARTESIAN_POINT('',(1.09905599609906,0.377518883077196,0.0035));
#6320=CARTESIAN_POINT('',(1.09765858306987,0.372627515774344,0.0035));
#6321=CARTESIAN_POINT('',(1.09905599609906,0.377518883077196,0.0065));
#6322=CARTESIAN_POINT('',(1.09905599609906,0.377518883077196,0.0035));
#6323=CARTESIAN_POINT('',(1.09765858306987,0.372627515774344,0.0065));
#6324=CARTESIAN_POINT('Ctrl Pts',(1.08694623569336,0.368360223235559,0.0035));
#6325=CARTESIAN_POINT('Ctrl Pts',(1.08694623569336,0.368360223235559,0.0065));
#6326=CARTESIAN_POINT('Ctrl Pts',(1.08833568632166,0.368360223235559,0.0035));
#6327=CARTESIAN_POINT('Ctrl Pts',(1.08833568632166,0.368360223235559,0.0065));
#6328=CARTESIAN_POINT('Ctrl Pts',(1.08970825413498,0.368584370934477,0.0035));
#6329=CARTESIAN_POINT('Ctrl Pts',(1.08970825413498,0.368584370934477,0.0065));
#6330=CARTESIAN_POINT('Ctrl Pts',(1.09228785576917,0.369463676369225,0.0035));
#6331=CARTESIAN_POINT('Ctrl Pts',(1.09228785576917,0.369463676369225,0.0065));
#6332=CARTESIAN_POINT('Ctrl Pts',(1.09347585034982,0.370095590875884,0.0035));
#6333=CARTESIAN_POINT('Ctrl Pts',(1.09347585034982,0.370095590875884,0.0065));
#6334=CARTESIAN_POINT('Ctrl Pts',(1.09561952490807,0.37171776531303,0.0035));
#6335=CARTESIAN_POINT('Ctrl Pts',(1.09561952490807,0.37171776531303,0.0065));
#6336=CARTESIAN_POINT('Ctrl Pts',(1.0965601658532,0.372702476312168,0.0035));
#6337=CARTESIAN_POINT('Ctrl Pts',(1.0965601658532,0.372702476312168,0.0065));
#6338=CARTESIAN_POINT('Ctrl Pts',(1.09810100359405,0.374947570649338,0.0035));
#6339=CARTESIAN_POINT('Ctrl Pts',(1.09810100359405,0.374947570649338,0.0065));
#6340=CARTESIAN_POINT('Ctrl Pts',(1.09868593043324,0.376197171435306,0.0035));
#6341=CARTESIAN_POINT('Ctrl Pts',(1.09868593043324,0.376197171435306,0.0065));
#6342=CARTESIAN_POINT('Ctrl Pts',(1.09905599609906,0.377518883077196,0.0035));
#6343=CARTESIAN_POINT('Ctrl Pts',(1.09905599609906,0.377518883077196,0.0065));
#6344=CARTESIAN_POINT('',(1.08694623569336,0.368360223235559,0.0035));
#6345=CARTESIAN_POINT('Ctrl Pts',(1.08694623569336,0.368360223235559,0.0035));
#6346=CARTESIAN_POINT('Ctrl Pts',(1.08833568632166,0.368360223235559,0.0035));
#6347=CARTESIAN_POINT('Ctrl Pts',(1.08970825413498,0.368584370934477,0.0035));
#6348=CARTESIAN_POINT('Ctrl Pts',(1.09228785576917,0.369463676369225,0.0035));
#6349=CARTESIAN_POINT('Ctrl Pts',(1.09347585034982,0.370095590875884,0.0035));
#6350=CARTESIAN_POINT('Ctrl Pts',(1.09561952490807,0.37171776531303,0.0035));
#6351=CARTESIAN_POINT('Ctrl Pts',(1.0965601658532,0.372702476312168,0.0035));
#6352=CARTESIAN_POINT('Ctrl Pts',(1.09810100359405,0.374947570649338,0.0035));
#6353=CARTESIAN_POINT('Ctrl Pts',(1.09868593043324,0.376197171435306,0.0035));
#6354=CARTESIAN_POINT('Ctrl Pts',(1.09905599609906,0.377518883077196,0.0035));
#6355=CARTESIAN_POINT('',(1.08694623569336,0.368360223235559,0.0065));
#6356=CARTESIAN_POINT('',(1.08694623569336,0.368360223235559,0.0035));
#6357=CARTESIAN_POINT('Ctrl Pts',(1.09905599609906,0.377518883077196,0.0065));
#6358=CARTESIAN_POINT('Ctrl Pts',(1.09868593043324,0.376197171435306,0.0065));
#6359=CARTESIAN_POINT('Ctrl Pts',(1.09810100359405,0.374947570649338,0.0065));
#6360=CARTESIAN_POINT('Ctrl Pts',(1.0965601658532,0.372702476312168,0.0065));
#6361=CARTESIAN_POINT('Ctrl Pts',(1.09561952490807,0.37171776531303,0.0065));
#6362=CARTESIAN_POINT('Ctrl Pts',(1.09347585034982,0.370095590875884,0.0065));
#6363=CARTESIAN_POINT('Ctrl Pts',(1.09228785576917,0.369463676369225,0.0065));
#6364=CARTESIAN_POINT('Ctrl Pts',(1.08970825413498,0.368584370934477,0.0065));
#6365=CARTESIAN_POINT('Ctrl Pts',(1.08833568632166,0.368360223235559,0.0065));
#6366=CARTESIAN_POINT('Ctrl Pts',(1.08694623569336,0.368360223235559,0.0065));
#6367=CARTESIAN_POINT('Origin',(1.08145412990935,0.368382943237151,0.0035));
#6368=CARTESIAN_POINT('',(1.08145412990935,0.368382943237151,0.0035));
#6369=CARTESIAN_POINT('',(1.00792808605023,0.368687109234536,0.0035));
#6370=CARTESIAN_POINT('',(1.08145412990935,0.368382943237151,0.0065));
#6371=CARTESIAN_POINT('',(1.08145412990935,0.368382943237151,0.0035));
#6372=CARTESIAN_POINT('',(1.00792808605023,0.368687109234536,0.0065));
#6373=CARTESIAN_POINT('Ctrl Pts',(1.07325220963435,0.37679456942645,0.0035));
#6374=CARTESIAN_POINT('Ctrl Pts',(1.07325220963435,0.37679456942645,0.0065));
#6375=CARTESIAN_POINT('Ctrl Pts',(1.07325220963435,0.375665308696597,0.0035));
#6376=CARTESIAN_POINT('Ctrl Pts',(1.07325220963435,0.375665308696597,0.0065));
#6377=CARTESIAN_POINT('Ctrl Pts',(1.07346294688631,0.374552650391556,0.0035));
#6378=CARTESIAN_POINT('Ctrl Pts',(1.07346294688631,0.374552650391556,0.0065));
#6379=CARTESIAN_POINT('Ctrl Pts',(1.07429338074281,0.372508981987719,0.0035));
#6380=CARTESIAN_POINT('Ctrl Pts',(1.07429338074281,0.372508981987719,0.0065));
#6381=CARTESIAN_POINT('Ctrl Pts',(1.07488645045922,0.371596363097253,0.0035));
#6382=CARTESIAN_POINT('Ctrl Pts',(1.07488645045922,0.371596363097253,0.0065));
#6383=CARTESIAN_POINT('Ctrl Pts',(1.07638721801944,0.370056668276507,0.0035));
#6384=CARTESIAN_POINT('Ctrl Pts',(1.07638721801944,0.370056668276507,0.0065));
#6385=CARTESIAN_POINT('Ctrl Pts',(1.07727771202103,0.36944411452767,0.0035));
#6386=CARTESIAN_POINT('Ctrl Pts',(1.07727771202103,0.36944411452767,0.0065));
#6387=CARTESIAN_POINT('Ctrl Pts',(1.07875900901066,0.368815263370081,0.0035));
#6388=CARTESIAN_POINT('Ctrl Pts',(1.07875900901066,0.368815263370081,0.0065));
#6389=CARTESIAN_POINT('Ctrl Pts',(1.07927202566174,0.368656147248712,0.0035));
#6390=CARTESIAN_POINT('Ctrl Pts',(1.07927202566174,0.368656147248712,0.0065));
#6391=CARTESIAN_POINT('Ctrl Pts',(1.08034338861347,0.368437518691215,0.0035));
#6392=CARTESIAN_POINT('Ctrl Pts',(1.08034338861347,0.368437518691215,0.0065));
#6393=CARTESIAN_POINT('Ctrl Pts',(1.08089736623957,0.368382943237151,0.0035));
#6394=CARTESIAN_POINT('Ctrl Pts',(1.08089736623957,0.368382943237151,0.0065));
#6395=CARTESIAN_POINT('Ctrl Pts',(1.08145412990935,0.368382943237151,0.0035));
#6396=CARTESIAN_POINT('Ctrl Pts',(1.08145412990935,0.368382943237151,0.0065));
#6397=CARTESIAN_POINT('',(1.07325220963435,0.37679456942645,0.0035));
#6398=CARTESIAN_POINT('Ctrl Pts',(1.07325220963435,0.37679456942645,0.0035));
#6399=CARTESIAN_POINT('Ctrl Pts',(1.07325220963435,0.375665308696597,0.0035));
#6400=CARTESIAN_POINT('Ctrl Pts',(1.07346294688631,0.374552650391556,0.0035));
#6401=CARTESIAN_POINT('Ctrl Pts',(1.07429338074281,0.372508981987719,0.0035));
#6402=CARTESIAN_POINT('Ctrl Pts',(1.07488645045922,0.371596363097253,0.0035));
#6403=CARTESIAN_POINT('Ctrl Pts',(1.07638721801944,0.370056668276507,0.0035));
#6404=CARTESIAN_POINT('Ctrl Pts',(1.07727771202103,0.36944411452767,0.0035));
#6405=CARTESIAN_POINT('Ctrl Pts',(1.07875900901066,0.368815263370081,0.0035));
#6406=CARTESIAN_POINT('Ctrl Pts',(1.07927202566174,0.368656147248712,0.0035));
#6407=CARTESIAN_POINT('Ctrl Pts',(1.08034338861347,0.368437518691215,0.0035));
#6408=CARTESIAN_POINT('Ctrl Pts',(1.08089736623957,0.368382943237151,0.0035));
#6409=CARTESIAN_POINT('Ctrl Pts',(1.08145412990935,0.368382943237151,0.0035));
#6410=CARTESIAN_POINT('',(1.07325220963435,0.37679456942645,0.0065));
#6411=CARTESIAN_POINT('',(1.07325220963435,0.37679456942645,0.0035));
#6412=CARTESIAN_POINT('Ctrl Pts',(1.08145412990935,0.368382943237151,0.0065));
#6413=CARTESIAN_POINT('Ctrl Pts',(1.08089736623957,0.368382943237151,0.0065));
#6414=CARTESIAN_POINT('Ctrl Pts',(1.08034338861347,0.368437518691215,0.0065));
#6415=CARTESIAN_POINT('Ctrl Pts',(1.07927202566174,0.368656147248712,0.0065));
#6416=CARTESIAN_POINT('Ctrl Pts',(1.07875900901066,0.368815263370081,0.0065));
#6417=CARTESIAN_POINT('Ctrl Pts',(1.07727771202103,0.36944411452767,0.0065));
#6418=CARTESIAN_POINT('Ctrl Pts',(1.07638721801944,0.370056668276507,0.0065));
#6419=CARTESIAN_POINT('Ctrl Pts',(1.07488645045922,0.371596363097253,0.0065));
#6420=CARTESIAN_POINT('Ctrl Pts',(1.07429338074281,0.372508981987719,0.0065));
#6421=CARTESIAN_POINT('Ctrl Pts',(1.07346294688631,0.374552650391556,0.0065));
#6422=CARTESIAN_POINT('Ctrl Pts',(1.07325220963435,0.375665308696597,0.0065));
#6423=CARTESIAN_POINT('Ctrl Pts',(1.07325220963435,0.37679456942645,0.0065));
#6424=CARTESIAN_POINT('Ctrl Pts',(1.07343396964046,0.378648521556335,0.0035));
#6425=CARTESIAN_POINT('Ctrl Pts',(1.07343396964046,0.378648521556335,0.0065));
#6426=CARTESIAN_POINT('Ctrl Pts',(1.07332036963675,0.378037353513518,0.0035));
#6427=CARTESIAN_POINT('Ctrl Pts',(1.07332036963675,0.378037353513518,0.0065));
#6428=CARTESIAN_POINT('Ctrl Pts',(1.07325220963435,0.377394377468471,0.0035));
#6429=CARTESIAN_POINT('Ctrl Pts',(1.07325220963435,0.377394377468471,0.0065));
#6430=CARTESIAN_POINT('Ctrl Pts',(1.07325220963435,0.37679456942645,0.0035));
#6431=CARTESIAN_POINT('Ctrl Pts',(1.07325220963435,0.37679456942645,0.0065));
#6432=CARTESIAN_POINT('',(1.07343396964046,0.378648521556335,0.0035));
#6433=CARTESIAN_POINT('Ctrl Pts',(1.07343396964046,0.378648521556335,0.0035));
#6434=CARTESIAN_POINT('Ctrl Pts',(1.07332036963675,0.378037353513518,0.0035));
#6435=CARTESIAN_POINT('Ctrl Pts',(1.07325220963435,0.377394377468471,0.0035));
#6436=CARTESIAN_POINT('Ctrl Pts',(1.07325220963435,0.37679456942645,0.0035));
#6437=CARTESIAN_POINT('',(1.07343396964046,0.378648521556335,0.0065));
#6438=CARTESIAN_POINT('',(1.07343396964046,0.378648521556335,0.0035));
#6439=CARTESIAN_POINT('Ctrl Pts',(1.07325220963435,0.37679456942645,0.0065));
#6440=CARTESIAN_POINT('Ctrl Pts',(1.07325220963435,0.377394377468471,0.0065));
#6441=CARTESIAN_POINT('Ctrl Pts',(1.07332036963675,0.378037353513518,0.0065));
#6442=CARTESIAN_POINT('Ctrl Pts',(1.07343396964046,0.378648521556335,0.0065));
#6443=CARTESIAN_POINT('Origin',(1.08772348691936,0.4289185698782,0.0035));
#6444=CARTESIAN_POINT('',(1.08002751175737,0.401844384254874,0.0035));
#6445=CARTESIAN_POINT('',(1.08002751175737,0.401844384254874,0.0065));
#6446=CARTESIAN_POINT('Ctrl Pts',(1.31547549772406,0.36817025012558,0.0035));
#6447=CARTESIAN_POINT('Ctrl Pts',(1.31547549772406,0.36817025012558,0.0065));
#6448=CARTESIAN_POINT('Ctrl Pts',(1.31683436133037,0.368215726346387,0.0035));
#6449=CARTESIAN_POINT('Ctrl Pts',(1.31683436133037,0.368215726346387,0.0065));
#6450=CARTESIAN_POINT('Ctrl Pts',(1.31817682708963,0.368463677485216,0.0035));
#6451=CARTESIAN_POINT('Ctrl Pts',(1.31817682708963,0.368463677485216,0.0065));
#6452=CARTESIAN_POINT('Ctrl Pts',(1.32067698448315,0.369326267606421,0.0035));
#6453=CARTESIAN_POINT('Ctrl Pts',(1.32067698448315,0.369326267606421,0.0065));
#6454=CARTESIAN_POINT('Ctrl Pts',(1.32183322965637,0.369918946402103,0.0035));
#6455=CARTESIAN_POINT('Ctrl Pts',(1.32183322965637,0.369918946402103,0.0065));
#6456=CARTESIAN_POINT('Ctrl Pts',(1.32390605576053,0.371405324297289,0.0035));
#6457=CARTESIAN_POINT('Ctrl Pts',(1.32390605576053,0.371405324297289,0.0065));
#6458=CARTESIAN_POINT('Ctrl Pts',(1.32482874043259,0.372296811790357,0.0035));
#6459=CARTESIAN_POINT('Ctrl Pts',(1.32482874043259,0.372296811790357,0.0065));
#6460=CARTESIAN_POINT('Ctrl Pts',(1.32628081411442,0.374283799448288,0.0035));
#6461=CARTESIAN_POINT('Ctrl Pts',(1.32628081411442,0.374283799448288,0.0065));
#6462=CARTESIAN_POINT('Ctrl Pts',(1.32682624191025,0.37536504759407,0.0035));
#6463=CARTESIAN_POINT('Ctrl Pts',(1.32682624191025,0.37536504759407,0.0065));
#6464=CARTESIAN_POINT('Ctrl Pts',(1.32713467042405,0.37652074472558,0.0035));
#6465=CARTESIAN_POINT('Ctrl Pts',(1.32713467042405,0.37652074472558,0.0065));
#6466=CARTESIAN_POINT('',(1.31547549772406,0.36817025012558,0.0035));
#6467=CARTESIAN_POINT('',(1.32713467042405,0.37652074472558,0.0035));
#6468=CARTESIAN_POINT('Ctrl Pts',(1.31547549772406,0.36817025012558,0.0035));
#6469=CARTESIAN_POINT('Ctrl Pts',(1.31683436133037,0.368215726346387,0.0035));
#6470=CARTESIAN_POINT('Ctrl Pts',(1.31817682708963,0.368463677485216,0.0035));
#6471=CARTESIAN_POINT('Ctrl Pts',(1.32067698448315,0.369326267606421,0.0035));
#6472=CARTESIAN_POINT('Ctrl Pts',(1.32183322965637,0.369918946402103,0.0035));
#6473=CARTESIAN_POINT('Ctrl Pts',(1.32390605576053,0.371405324297289,0.0035));
#6474=CARTESIAN_POINT('Ctrl Pts',(1.32482874043259,0.372296811790357,0.0035));
#6475=CARTESIAN_POINT('Ctrl Pts',(1.32628081411442,0.374283799448288,0.0035));
#6476=CARTESIAN_POINT('Ctrl Pts',(1.32682624191025,0.37536504759407,0.0035));
#6477=CARTESIAN_POINT('Ctrl Pts',(1.32713467042405,0.37652074472558,0.0035));
#6478=CARTESIAN_POINT('',(1.31547549772406,0.36817025012558,0.0065));
#6479=CARTESIAN_POINT('',(1.31547549772406,0.36817025012558,0.0035));
#6480=CARTESIAN_POINT('',(1.32713467042405,0.37652074472558,0.0065));
#6481=CARTESIAN_POINT('Ctrl Pts',(1.32713467042405,0.37652074472558,0.0065));
#6482=CARTESIAN_POINT('Ctrl Pts',(1.32682624191025,0.37536504759407,0.0065));
#6483=CARTESIAN_POINT('Ctrl Pts',(1.32628081411442,0.374283799448288,0.0065));
#6484=CARTESIAN_POINT('Ctrl Pts',(1.32482874043259,0.372296811790357,0.0065));
#6485=CARTESIAN_POINT('Ctrl Pts',(1.32390605576053,0.371405324297289,0.0065));
#6486=CARTESIAN_POINT('Ctrl Pts',(1.32183322965637,0.369918946402103,0.0065));
#6487=CARTESIAN_POINT('Ctrl Pts',(1.32067698448315,0.369326267606421,0.0065));
#6488=CARTESIAN_POINT('Ctrl Pts',(1.31817682708963,0.368463677485216,0.0065));
#6489=CARTESIAN_POINT('Ctrl Pts',(1.31683436133037,0.368215726346387,0.0065));
#6490=CARTESIAN_POINT('Ctrl Pts',(1.31547549772406,0.36817025012558,0.0065));
#6491=CARTESIAN_POINT('',(1.32713467042405,0.37652074472558,0.0035));
#6492=CARTESIAN_POINT('Origin',(1.30959603742405,0.36817025012558,0.0035));
#6493=CARTESIAN_POINT('',(1.30959603742405,0.36817025012558,0.0035));
#6494=CARTESIAN_POINT('',(1.12209198079227,0.36817025012558,0.0035));
#6495=CARTESIAN_POINT('',(1.30959603742405,0.36817025012558,0.0065));
#6496=CARTESIAN_POINT('',(1.30959603742405,0.36817025012558,0.0035));
#6497=CARTESIAN_POINT('',(1.12209198079227,0.36817025012558,0.0065));
#6498=CARTESIAN_POINT('Ctrl Pts',(1.30178177032406,0.37667911022558,0.0035));
#6499=CARTESIAN_POINT('Ctrl Pts',(1.30178177032406,0.37667911022558,0.0065));
#6500=CARTESIAN_POINT('Ctrl Pts',(1.30179044711264,0.375582214285369,0.0035));
#6501=CARTESIAN_POINT('Ctrl Pts',(1.30179044711264,0.375582214285369,0.0065));
#6502=CARTESIAN_POINT('Ctrl Pts',(1.30200686067386,0.374501983245081,0.0035));
#6503=CARTESIAN_POINT('Ctrl Pts',(1.30200686067386,0.374501983245081,0.0065));
#6504=CARTESIAN_POINT('Ctrl Pts',(1.30281418882763,0.372512003110407,0.0035));
#6505=CARTESIAN_POINT('Ctrl Pts',(1.30281418882763,0.372512003110407,0.0065));
#6506=CARTESIAN_POINT('Ctrl Pts',(1.30338450054985,0.371612190264196,0.0035));
#6507=CARTESIAN_POINT('Ctrl Pts',(1.30338450054985,0.371612190264196,0.0065));
#6508=CARTESIAN_POINT('Ctrl Pts',(1.30480473771785,0.370066798556791,0.0035));
#6509=CARTESIAN_POINT('Ctrl Pts',(1.30480473771785,0.370066798556791,0.0065));
#6510=CARTESIAN_POINT('Ctrl Pts',(1.30564969939745,0.369424513967383,0.0035));
#6511=CARTESIAN_POINT('Ctrl Pts',(1.30564969939745,0.369424513967383,0.0065));
#6512=CARTESIAN_POINT('Ctrl Pts',(1.3070553156851,0.36873202945253,0.0035));
#6513=CARTESIAN_POINT('Ctrl Pts',(1.3070553156851,0.36873202945253,0.0065));
#6514=CARTESIAN_POINT('Ctrl Pts',(1.30754294965938,0.368547649479079,0.0035));
#6515=CARTESIAN_POINT('Ctrl Pts',(1.30754294965938,0.368547649479079,0.0065));
#6516=CARTESIAN_POINT('Ctrl Pts',(1.30855292839462,0.368279128399719,0.0035));
#6517=CARTESIAN_POINT('Ctrl Pts',(1.30855292839462,0.368279128399719,0.0065));
#6518=CARTESIAN_POINT('Ctrl Pts',(1.30907175083455,0.368196919232342,0.0035));
#6519=CARTESIAN_POINT('Ctrl Pts',(1.30907175083455,0.368196919232342,0.0065));
#6520=CARTESIAN_POINT('Ctrl Pts',(1.30959603742405,0.36817025012558,0.0035));
#6521=CARTESIAN_POINT('Ctrl Pts',(1.30959603742405,0.36817025012558,0.0065));
#6522=CARTESIAN_POINT('',(1.30178177032406,0.37667911022558,0.0035));
#6523=CARTESIAN_POINT('Ctrl Pts',(1.30178177032406,0.37667911022558,0.0035));
#6524=CARTESIAN_POINT('Ctrl Pts',(1.30179044711264,0.375582214285369,0.0035));
#6525=CARTESIAN_POINT('Ctrl Pts',(1.30200686067386,0.374501983245081,0.0035));
#6526=CARTESIAN_POINT('Ctrl Pts',(1.30281418882763,0.372512003110407,0.0035));
#6527=CARTESIAN_POINT('Ctrl Pts',(1.30338450054985,0.371612190264196,0.0035));
#6528=CARTESIAN_POINT('Ctrl Pts',(1.30480473771785,0.370066798556791,0.0035));
#6529=CARTESIAN_POINT('Ctrl Pts',(1.30564969939745,0.369424513967383,0.0035));
#6530=CARTESIAN_POINT('Ctrl Pts',(1.3070553156851,0.36873202945253,0.0035));
#6531=CARTESIAN_POINT('Ctrl Pts',(1.30754294965938,0.368547649479079,0.0035));
#6532=CARTESIAN_POINT('Ctrl Pts',(1.30855292839462,0.368279128399719,0.0035));
#6533=CARTESIAN_POINT('Ctrl Pts',(1.30907175083455,0.368196919232342,0.0035));
#6534=CARTESIAN_POINT('Ctrl Pts',(1.30959603742405,0.36817025012558,0.0035));
#6535=CARTESIAN_POINT('',(1.30178177032406,0.37667911022558,0.0065));
#6536=CARTESIAN_POINT('',(1.30178177032406,0.37667911022558,0.0035));
#6537=CARTESIAN_POINT('Ctrl Pts',(1.30959603742405,0.36817025012558,0.0065));
#6538=CARTESIAN_POINT('Ctrl Pts',(1.30907175083455,0.368196919232342,0.0065));
#6539=CARTESIAN_POINT('Ctrl Pts',(1.30855292839462,0.368279128399719,0.0065));
#6540=CARTESIAN_POINT('Ctrl Pts',(1.30754294965938,0.368547649479079,0.0065));
#6541=CARTESIAN_POINT('Ctrl Pts',(1.3070553156851,0.36873202945253,0.0065));
#6542=CARTESIAN_POINT('Ctrl Pts',(1.30564969939745,0.369424513967383,0.0065));
#6543=CARTESIAN_POINT('Ctrl Pts',(1.30480473771785,0.370066798556791,0.0065));
#6544=CARTESIAN_POINT('Ctrl Pts',(1.30338450054985,0.371612190264196,0.0065));
#6545=CARTESIAN_POINT('Ctrl Pts',(1.30281418882763,0.372512003110407,0.0065));
#6546=CARTESIAN_POINT('Ctrl Pts',(1.30200686067386,0.374501983245081,0.0065));
#6547=CARTESIAN_POINT('Ctrl Pts',(1.30179044711264,0.375582214285369,0.0065));
#6548=CARTESIAN_POINT('Ctrl Pts',(1.30178177032406,0.37667911022558,0.0065));
#6549=CARTESIAN_POINT('Ctrl Pts',(1.30226949772406,0.38014174472558,0.0035));
#6550=CARTESIAN_POINT('Ctrl Pts',(1.30226949772406,0.38014174472558,0.0065));
#6551=CARTESIAN_POINT('Ctrl Pts',(1.30188584929436,0.378140275120727,0.0035));
#6552=CARTESIAN_POINT('Ctrl Pts',(1.30188584929436,0.378140275120727,0.0065));
#6553=CARTESIAN_POINT('Ctrl Pts',(1.30181768929196,0.377445043072022,0.0035));
#6554=CARTESIAN_POINT('Ctrl Pts',(1.30181768929196,0.377445043072022,0.0065));
#6555=CARTESIAN_POINT('Ctrl Pts',(1.30178177032406,0.37667911022558,0.0035));
#6556=CARTESIAN_POINT('Ctrl Pts',(1.30178177032406,0.37667911022558,0.0065));
#6557=CARTESIAN_POINT('',(1.30226949772406,0.38014174472558,0.0035));
#6558=CARTESIAN_POINT('Ctrl Pts',(1.30226949772406,0.38014174472558,0.0035));
#6559=CARTESIAN_POINT('Ctrl Pts',(1.30188584929436,0.378140275120727,0.0035));
#6560=CARTESIAN_POINT('Ctrl Pts',(1.30181768929196,0.377445043072022,0.0035));
#6561=CARTESIAN_POINT('Ctrl Pts',(1.30178177032406,0.37667911022558,0.0035));
#6562=CARTESIAN_POINT('',(1.30226949772406,0.38014174472558,0.0065));
#6563=CARTESIAN_POINT('',(1.30226949772406,0.38014174472558,0.0035));
#6564=CARTESIAN_POINT('Ctrl Pts',(1.30178177032406,0.37667911022558,0.0065));
#6565=CARTESIAN_POINT('Ctrl Pts',(1.30181768929196,0.377445043072022,0.0065));
#6566=CARTESIAN_POINT('Ctrl Pts',(1.30188584929436,0.378140275120727,0.0065));
#6567=CARTESIAN_POINT('Ctrl Pts',(1.30226949772406,0.38014174472558,0.0065));
#6568=CARTESIAN_POINT('Origin',(1.31611449772406,0.42773898032558,0.0035));
#6569=CARTESIAN_POINT('',(1.31611449772406,0.42773898032558,0.0035));
#6570=CARTESIAN_POINT('',(1.29938067610184,0.370210367090423,0.0035));
#6571=CARTESIAN_POINT('',(1.31611449772406,0.42773898032558,0.0065));
#6572=CARTESIAN_POINT('',(1.31611449772406,0.42773898032558,0.0035));
#6573=CARTESIAN_POINT('',(1.29938067610184,0.370210367090423,0.0065));
#6574=CARTESIAN_POINT('Ctrl Pts',(1.33315449772406,0.4422525447257,0.0035));
#6575=CARTESIAN_POINT('Ctrl Pts',(1.33315449772406,0.4422525447257,0.0065));
#6576=CARTESIAN_POINT('Ctrl Pts',(1.33118158639684,0.442218543360288,0.0035));
#6577=CARTESIAN_POINT('Ctrl Pts',(1.33118158639684,0.442218543360288,0.0065));
#6578=CARTESIAN_POINT('Ctrl Pts',(1.32924195216601,0.441844065416115,0.0035));
#6579=CARTESIAN_POINT('Ctrl Pts',(1.32924195216601,0.441844065416115,0.0065));
#6580=CARTESIAN_POINT('Ctrl Pts',(1.32556957321757,0.440435598462294,0.0035));
#6581=CARTESIAN_POINT('Ctrl Pts',(1.32556957321757,0.440435598462294,0.0065));
#6582=CARTESIAN_POINT('Ctrl Pts',(1.3238804994266,0.43942211525761,0.0035));
#6583=CARTESIAN_POINT('Ctrl Pts',(1.3238804994266,0.43942211525761,0.0065));
#6584=CARTESIAN_POINT('Ctrl Pts',(1.32087143066699,0.436860546670814,0.0035));
#6585=CARTESIAN_POINT('Ctrl Pts',(1.32087143066699,0.436860546670814,0.0065));
#6586=CARTESIAN_POINT('Ctrl Pts',(1.31958537539199,0.435330362904532,0.0035));
#6587=CARTESIAN_POINT('Ctrl Pts',(1.31958537539199,0.435330362904532,0.0065));
#6588=CARTESIAN_POINT('Ctrl Pts',(1.31743710660392,0.431804838914343,0.0035));
#6589=CARTESIAN_POINT('Ctrl Pts',(1.31743710660392,0.431804838914343,0.0065));
#6590=CARTESIAN_POINT('Ctrl Pts',(1.31663112738777,0.429816002870603,0.0035));
#6591=CARTESIAN_POINT('Ctrl Pts',(1.31663112738777,0.429816002870603,0.0065));
#6592=CARTESIAN_POINT('Ctrl Pts',(1.31611449772406,0.42773898032558,0.0035));
#6593=CARTESIAN_POINT('Ctrl Pts',(1.31611449772406,0.42773898032558,0.0065));
#6594=CARTESIAN_POINT('',(1.33315449772406,0.4422525447257,0.0035));
#6595=CARTESIAN_POINT('Ctrl Pts',(1.33315449772406,0.4422525447257,0.0035));
#6596=CARTESIAN_POINT('Ctrl Pts',(1.33118158639684,0.442218543360288,0.0035));
#6597=CARTESIAN_POINT('Ctrl Pts',(1.32924195216601,0.441844065416115,0.0035));
#6598=CARTESIAN_POINT('Ctrl Pts',(1.32556957321757,0.440435598462294,0.0035));
#6599=CARTESIAN_POINT('Ctrl Pts',(1.3238804994266,0.43942211525761,0.0035));
#6600=CARTESIAN_POINT('Ctrl Pts',(1.32087143066699,0.436860546670814,0.0035));
#6601=CARTESIAN_POINT('Ctrl Pts',(1.31958537539199,0.435330362904532,0.0035));
#6602=CARTESIAN_POINT('Ctrl Pts',(1.31743710660392,0.431804838914343,0.0035));
#6603=CARTESIAN_POINT('Ctrl Pts',(1.31663112738777,0.429816002870603,0.0035));
#6604=CARTESIAN_POINT('Ctrl Pts',(1.31611449772406,0.42773898032558,0.0035));
#6605=CARTESIAN_POINT('',(1.33315449772406,0.4422525447257,0.0065));
#6606=CARTESIAN_POINT('',(1.33315449772406,0.4422525447257,0.0035));
#6607=CARTESIAN_POINT('Ctrl Pts',(1.31611449772406,0.42773898032558,0.0065));
#6608=CARTESIAN_POINT('Ctrl Pts',(1.31663112738777,0.429816002870603,0.0065));
#6609=CARTESIAN_POINT('Ctrl Pts',(1.31743710660392,0.431804838914343,0.0065));
#6610=CARTESIAN_POINT('Ctrl Pts',(1.31958537539199,0.435330362904532,0.0065));
#6611=CARTESIAN_POINT('Ctrl Pts',(1.32087143066699,0.436860546670814,0.0065));
#6612=CARTESIAN_POINT('Ctrl Pts',(1.3238804994266,0.43942211525761,0.0065));
#6613=CARTESIAN_POINT('Ctrl Pts',(1.32556957321757,0.440435598462294,0.0065));
#6614=CARTESIAN_POINT('Ctrl Pts',(1.32924195216601,0.441844065416115,0.0065));
#6615=CARTESIAN_POINT('Ctrl Pts',(1.33118158639684,0.442218543360288,0.0065));
#6616=CARTESIAN_POINT('Ctrl Pts',(1.33315449772406,0.4422525447257,0.0065));
#6617=CARTESIAN_POINT('Origin',(1.34007706162405,0.4422891381257,0.0035));
#6618=CARTESIAN_POINT('',(1.34007706162405,0.4422891381257,0.0035));
#6619=CARTESIAN_POINT('',(1.13726319093114,0.441217042699349,0.0035));
#6620=CARTESIAN_POINT('',(1.34007706162405,0.4422891381257,0.0065));
#6621=CARTESIAN_POINT('',(1.34007706162405,0.4422891381257,0.0035));
#6622=CARTESIAN_POINT('',(1.13726319093114,0.441217042699349,0.0065));
#6623=CARTESIAN_POINT('Ctrl Pts',(1.34480915482405,0.4379681775257,0.0035));
#6624=CARTESIAN_POINT('Ctrl Pts',(1.34480915482405,0.4379681775257,0.0065));
#6625=CARTESIAN_POINT('Ctrl Pts',(1.3448091550182,0.438266957291096,0.0035));
#6626=CARTESIAN_POINT('Ctrl Pts',(1.3448091550182,0.438266957291096,0.0065));
#6627=CARTESIAN_POINT('Ctrl Pts',(1.34477789524191,0.43856400682933,0.0035));
#6628=CARTESIAN_POINT('Ctrl Pts',(1.34477789524191,0.43856400682933,0.0065));
#6629=CARTESIAN_POINT('Ctrl Pts',(1.3446513937328,0.439139858748027,0.0035));
#6630=CARTESIAN_POINT('Ctrl Pts',(1.3446513937328,0.439139858748027,0.0065));
#6631=CARTESIAN_POINT('Ctrl Pts',(1.34455858121337,0.439415509281766,0.0035));
#6632=CARTESIAN_POINT('Ctrl Pts',(1.34455858121337,0.439415509281766,0.0065));
#6633=CARTESIAN_POINT('Ctrl Pts',(1.34420572286032,0.440175974705082,0.0035));
#6634=CARTESIAN_POINT('Ctrl Pts',(1.34420572286032,0.440175974705082,0.0065));
#6635=CARTESIAN_POINT('Ctrl Pts',(1.34387737943082,0.440615956821625,0.0035));
#6636=CARTESIAN_POINT('Ctrl Pts',(1.34387737943082,0.440615956821625,0.0065));
#6637=CARTESIAN_POINT('Ctrl Pts',(1.34303543959328,0.441385558315045,0.0035));
#6638=CARTESIAN_POINT('Ctrl Pts',(1.34303543959328,0.441385558315045,0.0065));
#6639=CARTESIAN_POINT('Ctrl Pts',(1.34252279109112,0.441691169424551,0.0035));
#6640=CARTESIAN_POINT('Ctrl Pts',(1.34252279109112,0.441691169424551,0.0065));
#6641=CARTESIAN_POINT('Ctrl Pts',(1.34136561312413,0.442138746449912,0.0035));
#6642=CARTESIAN_POINT('Ctrl Pts',(1.34136561312413,0.442138746449912,0.0065));
#6643=CARTESIAN_POINT('Ctrl Pts',(1.34072475186471,0.442260105936421,0.0035));
#6644=CARTESIAN_POINT('Ctrl Pts',(1.34072475186471,0.442260105936421,0.0065));
#6645=CARTESIAN_POINT('Ctrl Pts',(1.34007706162405,0.4422891381257,0.0035));
#6646=CARTESIAN_POINT('Ctrl Pts',(1.34007706162405,0.4422891381257,0.0065));
#6647=CARTESIAN_POINT('',(1.34480915482405,0.4379681775257,0.0035));
#6648=CARTESIAN_POINT('Ctrl Pts',(1.34480915482405,0.4379681775257,0.0035));
#6649=CARTESIAN_POINT('Ctrl Pts',(1.3448091550182,0.438266957291096,0.0035));
#6650=CARTESIAN_POINT('Ctrl Pts',(1.34477789524191,0.43856400682933,0.0035));
#6651=CARTESIAN_POINT('Ctrl Pts',(1.3446513937328,0.439139858748027,0.0035));
#6652=CARTESIAN_POINT('Ctrl Pts',(1.34455858121337,0.439415509281766,0.0035));
#6653=CARTESIAN_POINT('Ctrl Pts',(1.34420572286032,0.440175974705082,0.0035));
#6654=CARTESIAN_POINT('Ctrl Pts',(1.34387737943082,0.440615956821625,0.0035));
#6655=CARTESIAN_POINT('Ctrl Pts',(1.34303543959328,0.441385558315045,0.0035));
#6656=CARTESIAN_POINT('Ctrl Pts',(1.34252279109112,0.441691169424551,0.0035));
#6657=CARTESIAN_POINT('Ctrl Pts',(1.34136561312413,0.442138746449912,0.0035));
#6658=CARTESIAN_POINT('Ctrl Pts',(1.34072475186471,0.442260105936421,0.0035));
#6659=CARTESIAN_POINT('Ctrl Pts',(1.34007706162405,0.4422891381257,0.0035));
#6660=CARTESIAN_POINT('',(1.34480915482405,0.4379681775257,0.0065));
#6661=CARTESIAN_POINT('',(1.34480915482405,0.4379681775257,0.0035));
#6662=CARTESIAN_POINT('Ctrl Pts',(1.34007706162405,0.4422891381257,0.0065));
#6663=CARTESIAN_POINT('Ctrl Pts',(1.34072475186471,0.442260105936421,0.0065));
#6664=CARTESIAN_POINT('Ctrl Pts',(1.34136561312413,0.442138746449912,0.0065));
#6665=CARTESIAN_POINT('Ctrl Pts',(1.34252279109112,0.441691169424551,0.0065));
#6666=CARTESIAN_POINT('Ctrl Pts',(1.34303543959328,0.441385558315045,0.0065));
#6667=CARTESIAN_POINT('Ctrl Pts',(1.34387737943082,0.440615956821625,0.0065));
#6668=CARTESIAN_POINT('Ctrl Pts',(1.34420572286032,0.440175974705082,0.0065));
#6669=CARTESIAN_POINT('Ctrl Pts',(1.34455858121337,0.439415509281766,0.0065));
#6670=CARTESIAN_POINT('Ctrl Pts',(1.3446513937328,0.439139858748027,0.0065));
#6671=CARTESIAN_POINT('Ctrl Pts',(1.34477789524191,0.43856400682933,0.0065));
#6672=CARTESIAN_POINT('Ctrl Pts',(1.3448091550182,0.438266957291096,0.0065));
#6673=CARTESIAN_POINT('Ctrl Pts',(1.34480915482405,0.4379681775257,0.0065));
#6674=CARTESIAN_POINT('Origin',(1.34460162892405,0.4369451385257,0.0035));
#6675=CARTESIAN_POINT('',(1.34460162892405,0.4369451385257,0.0035));
#6676=CARTESIAN_POINT('',(1.33425657947449,0.385947219500505,0.0035));
#6677=CARTESIAN_POINT('',(1.34460162892405,0.4369451385257,0.0065));
#6678=CARTESIAN_POINT('',(1.34460162892405,0.4369451385257,0.0035));
#6679=CARTESIAN_POINT('',(1.33425657947449,0.385947219500505,0.0065));
#6680=CARTESIAN_POINT('Ctrl Pts',(1.34018349772405,0.42180249992558,0.0035));
#6681=CARTESIAN_POINT('Ctrl Pts',(1.34018349772405,0.42180249992558,0.0065));
#6682=CARTESIAN_POINT('Ctrl Pts',(1.34058210019076,0.422868460654286,0.0035));
#6683=CARTESIAN_POINT('Ctrl Pts',(1.34058210019076,0.422868460654286,0.0065));
#6684=CARTESIAN_POINT('Ctrl Pts',(1.34480552113226,0.4375633032839,0.0035));
#6685=CARTESIAN_POINT('Ctrl Pts',(1.34480552113226,0.4375633032839,0.0065));
#6686=CARTESIAN_POINT('Ctrl Pts',(1.34460162892405,0.4369451385257,0.0035));
#6687=CARTESIAN_POINT('Ctrl Pts',(1.34460162892405,0.4369451385257,0.0065));
#6688=CARTESIAN_POINT('',(1.34018349772405,0.42180249992558,0.0035));
#6689=CARTESIAN_POINT('Ctrl Pts',(1.34018349772405,0.42180249992558,0.0035));
#6690=CARTESIAN_POINT('Ctrl Pts',(1.34058210019076,0.422868460654286,0.0035));
#6691=CARTESIAN_POINT('Ctrl Pts',(1.34480552113226,0.4375633032839,0.0035));
#6692=CARTESIAN_POINT('Ctrl Pts',(1.34460162892405,0.4369451385257,0.0035));
#6693=CARTESIAN_POINT('',(1.34018349772405,0.42180249992558,0.0065));
#6694=CARTESIAN_POINT('',(1.34018349772405,0.42180249992558,0.0035));
#6695=CARTESIAN_POINT('Ctrl Pts',(1.34460162892405,0.4369451385257,0.0065));
#6696=CARTESIAN_POINT('Ctrl Pts',(1.34480552113226,0.4375633032839,0.0065));
#6697=CARTESIAN_POINT('Ctrl Pts',(1.34058210019076,0.422868460654286,0.0065));
#6698=CARTESIAN_POINT('Ctrl Pts',(1.34018349772405,0.42180249992558,0.0065));
#6699=CARTESIAN_POINT('Origin',(1.32713467042405,0.37652074472558,0.0035));
#6700=CARTESIAN_POINT('',(1.31706158998642,0.341565361226341,0.0035));
#6701=CARTESIAN_POINT('',(1.31706158998642,0.341565361226341,0.0065));
#6702=CARTESIAN_POINT('Origin',(1.15138765391262,0.365082067800335,0.0035));
#6703=CARTESIAN_POINT('',(1.15044477542066,0.3650803638059,0.0035));
#6704=CARTESIAN_POINT('',(1.15138765391262,0.365082067800335,0.0035));
#6705=CARTESIAN_POINT('',(1.15044477542066,0.3650803638059,0.0035));
#6706=CARTESIAN_POINT('',(1.15044477542066,0.3650803638059,0.0065));
#6707=CARTESIAN_POINT('',(1.15044477542066,0.3650803638059,0.0035));
#6708=CARTESIAN_POINT('',(1.15138765391262,0.365082067800335,0.0065));
#6709=CARTESIAN_POINT('',(1.15044477542066,0.3650803638059,0.0065));
#6710=CARTESIAN_POINT('',(1.15138765391262,0.365082067800335,0.0035));
#6711=CARTESIAN_POINT('Origin',(1.18213008848216,0.3650803638059,0.0035));
#6712=CARTESIAN_POINT('',(1.18213008848216,0.3650803638059,0.0035));
#6713=CARTESIAN_POINT('',(1.15138765391262,0.365082067800335,0.0035));
#6714=CARTESIAN_POINT('',(1.18213008848216,0.3650803638059,0.0065));
#6715=CARTESIAN_POINT('',(1.15138765391262,0.365082067800335,0.0065));
#6716=CARTESIAN_POINT('',(1.18213008848216,0.3650803638059,0.0035));
#6717=CARTESIAN_POINT('Ctrl Pts',(1.18582410376002,0.369174972076608,0.0035));
#6718=CARTESIAN_POINT('Ctrl Pts',(1.18582410376002,0.369174972076608,0.0065));
#6719=CARTESIAN_POINT('Ctrl Pts',(1.18582427928094,0.368661066422967,0.0035));
#6720=CARTESIAN_POINT('Ctrl Pts',(1.18582427928094,0.368661066422967,0.0065));
#6721=CARTESIAN_POINT('Ctrl Pts',(1.18573239756926,0.368156212410377,0.0035));
#6722=CARTESIAN_POINT('Ctrl Pts',(1.18573239756926,0.368156212410377,0.0065));
#6723=CARTESIAN_POINT('Ctrl Pts',(1.1853675605765,0.3672227475218,0.0035));
#6724=CARTESIAN_POINT('Ctrl Pts',(1.1853675605765,0.3672227475218,0.0065));
#6725=CARTESIAN_POINT('Ctrl Pts',(1.18510798403975,0.366804892964129,0.0035));
#6726=CARTESIAN_POINT('Ctrl Pts',(1.18510798403975,0.366804892964129,0.0065));
#6727=CARTESIAN_POINT('Ctrl Pts',(1.18444452089625,0.366070186485156,0.0035));
#6728=CARTESIAN_POINT('Ctrl Pts',(1.18444452089625,0.366070186485156,0.0065));
#6729=CARTESIAN_POINT('Ctrl Pts',(1.1840434036943,0.365762779417304,0.0035));
#6730=CARTESIAN_POINT('Ctrl Pts',(1.1840434036943,0.365762779417304,0.0065));
#6731=CARTESIAN_POINT('Ctrl Pts',(1.18314003988322,0.365294887945362,0.0035));
#6732=CARTESIAN_POINT('Ctrl Pts',(1.18314003988322,0.365294887945362,0.0065));
#6733=CARTESIAN_POINT('Ctrl Pts',(1.18264317570123,0.365143001997005,0.0035));
#6734=CARTESIAN_POINT('Ctrl Pts',(1.18264317570123,0.365143001997005,0.0065));
#6735=CARTESIAN_POINT('Ctrl Pts',(1.18213008848216,0.3650803638059,0.0035));
#6736=CARTESIAN_POINT('Ctrl Pts',(1.18213008848216,0.3650803638059,0.0065));
#6737=CARTESIAN_POINT('',(1.18582410376002,0.369174972076608,0.0035));
#6738=CARTESIAN_POINT('Ctrl Pts',(1.18213008848216,0.3650803638059,0.0035));
#6739=CARTESIAN_POINT('Ctrl Pts',(1.18264317570123,0.365143001997005,0.0035));
#6740=CARTESIAN_POINT('Ctrl Pts',(1.18314003988322,0.365294887945362,0.0035));
#6741=CARTESIAN_POINT('Ctrl Pts',(1.1840434036943,0.365762779417304,0.0035));
#6742=CARTESIAN_POINT('Ctrl Pts',(1.18444452089625,0.366070186485156,0.0035));
#6743=CARTESIAN_POINT('Ctrl Pts',(1.18510798403975,0.366804892964129,0.0035));
#6744=CARTESIAN_POINT('Ctrl Pts',(1.1853675605765,0.3672227475218,0.0035));
#6745=CARTESIAN_POINT('Ctrl Pts',(1.18573239756926,0.368156212410377,0.0035));
#6746=CARTESIAN_POINT('Ctrl Pts',(1.18582427928094,0.368661066422967,0.0035));
#6747=CARTESIAN_POINT('Ctrl Pts',(1.18582410376002,0.369174972076608,0.0035));
#6748=CARTESIAN_POINT('',(1.18582410376002,0.369174972076608,0.0065));
#6749=CARTESIAN_POINT('Ctrl Pts',(1.18582410376002,0.369174972076608,0.0065));
#6750=CARTESIAN_POINT('Ctrl Pts',(1.18582427928094,0.368661066422967,0.0065));
#6751=CARTESIAN_POINT('Ctrl Pts',(1.18573239756926,0.368156212410377,0.0065));
#6752=CARTESIAN_POINT('Ctrl Pts',(1.1853675605765,0.3672227475218,0.0065));
#6753=CARTESIAN_POINT('Ctrl Pts',(1.18510798403975,0.366804892964129,0.0065));
#6754=CARTESIAN_POINT('Ctrl Pts',(1.18444452089625,0.366070186485156,0.0065));
#6755=CARTESIAN_POINT('Ctrl Pts',(1.1840434036943,0.365762779417304,0.0065));
#6756=CARTESIAN_POINT('Ctrl Pts',(1.18314003988322,0.365294887945362,0.0065));
#6757=CARTESIAN_POINT('Ctrl Pts',(1.18264317570123,0.365143001997005,0.0065));
#6758=CARTESIAN_POINT('Ctrl Pts',(1.18213008848216,0.3650803638059,0.0065));
#6759=CARTESIAN_POINT('',(1.18582410376002,0.369174972076608,0.0035));
#6760=CARTESIAN_POINT('Origin',(1.18173791104463,0.369190458170485,0.0035));
#6761=CARTESIAN_POINT('',(1.18504914337993,0.37158481636176,0.0035));
#6762=CARTESIAN_POINT('Origin',(1.18173791104463,0.369190458170485,0.0035));
#6763=CARTESIAN_POINT('',(1.18504914337993,0.37158481636176,0.0065));
#6764=CARTESIAN_POINT('Origin',(1.18173791104463,0.369190458170485,0.0065));
#6765=CARTESIAN_POINT('',(1.18504914337993,0.37158481636176,0.0035));
#6766=CARTESIAN_POINT('Ctrl Pts',(1.18174725646946,0.382634518635584,0.0035));
#6767=CARTESIAN_POINT('Ctrl Pts',(1.18174725646946,0.382634518635584,0.0065));
#6768=CARTESIAN_POINT('Ctrl Pts',(1.18159852488221,0.38121729588048,0.0035));
#6769=CARTESIAN_POINT('Ctrl Pts',(1.18159852488221,0.38121729588048,0.0065));
#6770=CARTESIAN_POINT('Ctrl Pts',(1.1817018726438,0.379794123660485,0.0035));
#6771=CARTESIAN_POINT('Ctrl Pts',(1.1817018726438,0.379794123660485,0.0065));
#6772=CARTESIAN_POINT('Ctrl Pts',(1.18225492549854,0.37719384260375,0.0035));
#6773=CARTESIAN_POINT('Ctrl Pts',(1.18225492549854,0.37719384260375,0.0065));
#6774=CARTESIAN_POINT('Ctrl Pts',(1.18265691893134,0.376009311165607,0.0035));
#6775=CARTESIAN_POINT('Ctrl Pts',(1.18265691893134,0.376009311165607,0.0065));
#6776=CARTESIAN_POINT('Ctrl Pts',(1.18353036494511,0.374056170288979,0.0035));
#6777=CARTESIAN_POINT('Ctrl Pts',(1.18353036494511,0.374056170288979,0.0065));
#6778=CARTESIAN_POINT('Ctrl Pts',(1.18396497970262,0.373239553606568,0.0035));
#6779=CARTESIAN_POINT('Ctrl Pts',(1.18396497970262,0.373239553606568,0.0065));
#6780=CARTESIAN_POINT('Ctrl Pts',(1.18457901432164,0.372260506070255,0.0035));
#6781=CARTESIAN_POINT('Ctrl Pts',(1.18457901432164,0.372260506070255,0.0065));
#6782=CARTESIAN_POINT('Ctrl Pts',(1.18472830429414,0.372033578282423,0.0035));
#6783=CARTESIAN_POINT('Ctrl Pts',(1.18472830429414,0.372033578282423,0.0065));
#6784=CARTESIAN_POINT('Ctrl Pts',(1.18491775050453,0.371763869595201,0.0035));
#6785=CARTESIAN_POINT('Ctrl Pts',(1.18491775050453,0.371763869595201,0.0065));
#6786=CARTESIAN_POINT('Ctrl Pts',(1.18496089313574,0.371703581458977,0.0035));
#6787=CARTESIAN_POINT('Ctrl Pts',(1.18496089313574,0.371703581458977,0.0065));
#6788=CARTESIAN_POINT('Ctrl Pts',(1.18501346893227,0.371632245031214,0.0035));
#6789=CARTESIAN_POINT('Ctrl Pts',(1.18501346893227,0.371632245031214,0.0065));
#6790=CARTESIAN_POINT('Ctrl Pts',(1.18502520577565,0.371616452196972,0.0035));
#6791=CARTESIAN_POINT('Ctrl Pts',(1.18502520577565,0.371616452196972,0.0065));
#6792=CARTESIAN_POINT('Ctrl Pts',(1.1850393343575,0.371597704118485,0.0035));
#6793=CARTESIAN_POINT('Ctrl Pts',(1.1850393343575,0.371597704118485,0.0065));
#6794=CARTESIAN_POINT('Ctrl Pts',(1.18504249044922,0.371593532735604,0.0035));
#6795=CARTESIAN_POINT('Ctrl Pts',(1.18504249044922,0.371593532735604,0.0065));
#6796=CARTESIAN_POINT('Ctrl Pts',(1.18504669519362,0.371588012387796,0.0035));
#6797=CARTESIAN_POINT('Ctrl Pts',(1.18504669519362,0.371588012387796,0.0065));
#6798=CARTESIAN_POINT('Ctrl Pts',(1.18504914337993,0.37158481636176,0.0035));
#6799=CARTESIAN_POINT('Ctrl Pts',(1.18504914337993,0.37158481636176,0.0065));
#6800=CARTESIAN_POINT('',(1.18174725646946,0.382634518635584,0.0035));
#6801=CARTESIAN_POINT('Ctrl Pts',(1.18504914337993,0.37158481636176,0.0035));
#6802=CARTESIAN_POINT('Ctrl Pts',(1.18504791660125,0.371586412310897,0.0035));
#6803=CARTESIAN_POINT('Ctrl Pts',(1.18504669519362,0.371588012387796,0.0035));
#6804=CARTESIAN_POINT('Ctrl Pts',(1.18504249044922,0.371593532735604,0.0035));
#6805=CARTESIAN_POINT('Ctrl Pts',(1.1850393343575,0.371597704118485,0.0035));
#6806=CARTESIAN_POINT('Ctrl Pts',(1.18502520577565,0.371616452196972,0.0035));
#6807=CARTESIAN_POINT('Ctrl Pts',(1.18501346893227,0.371632245031214,0.0035));
#6808=CARTESIAN_POINT('Ctrl Pts',(1.18496089313574,0.371703581458977,0.0035));
#6809=CARTESIAN_POINT('Ctrl Pts',(1.18491775050453,0.371763869595201,0.0035));
#6810=CARTESIAN_POINT('Ctrl Pts',(1.18472830429414,0.372033578282423,0.0035));
#6811=CARTESIAN_POINT('Ctrl Pts',(1.18457901432164,0.372260506070255,0.0035));
#6812=CARTESIAN_POINT('Ctrl Pts',(1.18396497970262,0.373239553606568,0.0035));
#6813=CARTESIAN_POINT('Ctrl Pts',(1.18353036494511,0.374056170288979,0.0035));
#6814=CARTESIAN_POINT('Ctrl Pts',(1.18265691893134,0.376009311165607,0.0035));
#6815=CARTESIAN_POINT('Ctrl Pts',(1.18225492549854,0.37719384260375,0.0035));
#6816=CARTESIAN_POINT('Ctrl Pts',(1.1817018726438,0.379794123660485,0.0035));
#6817=CARTESIAN_POINT('Ctrl Pts',(1.18159852488221,0.38121729588048,0.0035));
#6818=CARTESIAN_POINT('Ctrl Pts',(1.18174725646946,0.382634518635584,0.0035));
#6819=CARTESIAN_POINT('',(1.18174725646946,0.382634518635584,0.0065));
#6820=CARTESIAN_POINT('Ctrl Pts',(1.18174725646946,0.382634518635584,0.0065));
#6821=CARTESIAN_POINT('Ctrl Pts',(1.18159852488221,0.38121729588048,0.0065));
#6822=CARTESIAN_POINT('Ctrl Pts',(1.1817018726438,0.379794123660485,0.0065));
#6823=CARTESIAN_POINT('Ctrl Pts',(1.18225492549854,0.37719384260375,0.0065));
#6824=CARTESIAN_POINT('Ctrl Pts',(1.18265691893134,0.376009311165607,0.0065));
#6825=CARTESIAN_POINT('Ctrl Pts',(1.18353036494511,0.374056170288979,0.0065));
#6826=CARTESIAN_POINT('Ctrl Pts',(1.18396497970262,0.373239553606568,0.0065));
#6827=CARTESIAN_POINT('Ctrl Pts',(1.18457901432164,0.372260506070255,0.0065));
#6828=CARTESIAN_POINT('Ctrl Pts',(1.18472830429414,0.372033578282423,0.0065));
#6829=CARTESIAN_POINT('Ctrl Pts',(1.18491775050453,0.371763869595201,0.0065));
#6830=CARTESIAN_POINT('Ctrl Pts',(1.18496089313574,0.371703581458977,0.0065));
#6831=CARTESIAN_POINT('Ctrl Pts',(1.18501346893227,0.371632245031214,0.0065));
#6832=CARTESIAN_POINT('Ctrl Pts',(1.18502520577565,0.371616452196972,0.0065));
#6833=CARTESIAN_POINT('Ctrl Pts',(1.1850393343575,0.371597704118485,0.0065));
#6834=CARTESIAN_POINT('Ctrl Pts',(1.18504249044922,0.371593532735604,0.0065));
#6835=CARTESIAN_POINT('Ctrl Pts',(1.18504669519362,0.371588012387796,0.0065));
#6836=CARTESIAN_POINT('Ctrl Pts',(1.18504791660125,0.371586412310897,0.0065));
#6837=CARTESIAN_POINT('Ctrl Pts',(1.18504914337993,0.37158481636176,0.0065));
#6838=CARTESIAN_POINT('',(1.18174725646946,0.382634518635584,0.0035));
#6839=CARTESIAN_POINT('Ctrl Pts',(1.18293551250926,0.389289434301815,0.0035));
#6840=CARTESIAN_POINT('Ctrl Pts',(1.18293551250926,0.389289434301815,0.0065));
#6841=CARTESIAN_POINT('Ctrl Pts',(1.18260152849786,0.387942138207425,0.0035));
#6842=CARTESIAN_POINT('Ctrl Pts',(1.18260152849786,0.387942138207425,0.0065));
#6843=CARTESIAN_POINT('Ctrl Pts',(1.18211304848155,0.38564923564679,0.0035));
#6844=CARTESIAN_POINT('Ctrl Pts',(1.18211304848155,0.38564923564679,0.0065));
#6845=CARTESIAN_POINT('Ctrl Pts',(1.18174725646946,0.382634518635584,0.0035));
#6846=CARTESIAN_POINT('Ctrl Pts',(1.18174725646946,0.382634518635584,0.0065));
#6847=CARTESIAN_POINT('',(1.18293551250926,0.389289434301815,0.0035));
#6848=CARTESIAN_POINT('Ctrl Pts',(1.18174725646946,0.382634518635584,0.0035));
#6849=CARTESIAN_POINT('Ctrl Pts',(1.18211304848155,0.38564923564679,0.0035));
#6850=CARTESIAN_POINT('Ctrl Pts',(1.18260152849786,0.387942138207425,0.0035));
#6851=CARTESIAN_POINT('Ctrl Pts',(1.18293551250926,0.389289434301815,0.0035));
#6852=CARTESIAN_POINT('',(1.18293551250926,0.389289434301815,0.0065));
#6853=CARTESIAN_POINT('Ctrl Pts',(1.18293551250926,0.389289434301815,0.0065));
#6854=CARTESIAN_POINT('Ctrl Pts',(1.18260152849786,0.387942138207425,0.0065));
#6855=CARTESIAN_POINT('Ctrl Pts',(1.18211304848155,0.38564923564679,0.0065));
#6856=CARTESIAN_POINT('Ctrl Pts',(1.18174725646946,0.382634518635584,0.0065));
#6857=CARTESIAN_POINT('',(1.18293551250926,0.389289434301815,0.0035));
#6858=CARTESIAN_POINT('Ctrl Pts',(1.20074815482116,0.451960796682945,0.0035));
#6859=CARTESIAN_POINT('Ctrl Pts',(1.20074815482116,0.451960796682945,0.0065));
#6860=CARTESIAN_POINT('Ctrl Pts',(1.20074815564916,0.451697249442955,0.0035));
#6861=CARTESIAN_POINT('Ctrl Pts',(1.20074815564916,0.451697249442955,0.0065));
#6862=CARTESIAN_POINT('Ctrl Pts',(1.18935236257104,0.411760946177317,0.0035));
#6863=CARTESIAN_POINT('Ctrl Pts',(1.18935236257104,0.411760946177317,0.0065));
#6864=CARTESIAN_POINT('Ctrl Pts',(1.18293551250926,0.389289434301815,0.0035));
#6865=CARTESIAN_POINT('Ctrl Pts',(1.18293551250926,0.389289434301815,0.0065));
#6866=CARTESIAN_POINT('',(1.20074815482116,0.451960796682945,0.0035));
#6867=CARTESIAN_POINT('Ctrl Pts',(1.18293551250926,0.389289434301815,0.0035));
#6868=CARTESIAN_POINT('Ctrl Pts',(1.18935236257104,0.411760946177317,0.0035));
#6869=CARTESIAN_POINT('Ctrl Pts',(1.20074815564916,0.451697249442955,0.0035));
#6870=CARTESIAN_POINT('Ctrl Pts',(1.20074815482116,0.451960796682945,0.0035));
#6871=CARTESIAN_POINT('',(1.20074815482116,0.451960796682945,0.0065));
#6872=CARTESIAN_POINT('Ctrl Pts',(1.20074815482116,0.451960796682945,0.0065));
#6873=CARTESIAN_POINT('Ctrl Pts',(1.20074815564916,0.451697249442955,0.0065));
#6874=CARTESIAN_POINT('Ctrl Pts',(1.18935236257104,0.411760946177317,0.0065));
#6875=CARTESIAN_POINT('Ctrl Pts',(1.18293551250926,0.389289434301815,0.0065));
#6876=CARTESIAN_POINT('',(1.20074815482116,0.451960796682945,0.0035));
#6877=CARTESIAN_POINT('Origin',(1.19660589154842,0.451966410753912,0.0035));
#6878=CARTESIAN_POINT('',(1.19660295757664,0.456108676791997,0.0035));
#6879=CARTESIAN_POINT('Origin',(1.19660589154842,0.451966410753912,0.0035));
#6880=CARTESIAN_POINT('',(1.19660295757664,0.456108676791997,0.0065));
#6881=CARTESIAN_POINT('Origin',(1.19660589154842,0.451966410753912,0.0065));
#6882=CARTESIAN_POINT('',(1.19660295757664,0.456108676791997,0.0035));
#6883=CARTESIAN_POINT('Origin',(1.18159298766416,0.4560848757815,0.0035));
#6884=CARTESIAN_POINT('',(1.18159298766416,0.4560848757815,0.0035));
#6885=CARTESIAN_POINT('',(1.19660295757664,0.456108676791997,0.0035));
#6886=CARTESIAN_POINT('',(1.18159298766416,0.4560848757815,0.0065));
#6887=CARTESIAN_POINT('',(1.19660295757664,0.456108676791997,0.0065));
#6888=CARTESIAN_POINT('',(1.18159298766416,0.4560848757815,0.0035));
#6889=CARTESIAN_POINT('Ctrl Pts',(1.17739410432355,0.4602819416753,0.0035));
#6890=CARTESIAN_POINT('Ctrl Pts',(1.17738110435464,0.456071856067051,0.0035));
#6891=CARTESIAN_POINT('Ctrl Pts',(1.18159298766416,0.4560848757815,0.0035));
#6892=CARTESIAN_POINT('Ctrl Pts',(1.17739410432355,0.4602819416753,0.0065));
#6893=CARTESIAN_POINT('Ctrl Pts',(1.17738110435464,0.456071856067051,0.0065));
#6894=CARTESIAN_POINT('Ctrl Pts',(1.18159298766416,0.4560848757815,0.0065));
#6895=CARTESIAN_POINT('',(1.17739410432355,0.4602819416753,0.0035));
#6896=CARTESIAN_POINT('Origin',(1.18162107670009,0.460310044106841,0.0035));
#6897=CARTESIAN_POINT('',(1.17739410432355,0.4602819416753,0.0065));
#6898=CARTESIAN_POINT('Origin',(1.18162107670009,0.460310044106841,0.0065));
#6899=CARTESIAN_POINT('',(1.17739410432355,0.4602819416753,0.0035));
#6900=CARTESIAN_POINT('Ctrl Pts',(1.17923345055031,0.467009829661297,0.0035));
#6901=CARTESIAN_POINT('Ctrl Pts',(1.17923345055031,0.467009829661297,0.0065));
#6902=CARTESIAN_POINT('Ctrl Pts',(1.17922939981989,0.46699538940408,0.0035));
#6903=CARTESIAN_POINT('Ctrl Pts',(1.17922939981989,0.46699538940408,0.0065));
#6904=CARTESIAN_POINT('Ctrl Pts',(1.17739408692359,0.4604527692965,0.0035));
#6905=CARTESIAN_POINT('Ctrl Pts',(1.17739408692359,0.4604527692965,0.0065));
#6906=CARTESIAN_POINT('Ctrl Pts',(1.17739410432355,0.4602819416753,0.0035));
#6907=CARTESIAN_POINT('Ctrl Pts',(1.17739410432355,0.4602819416753,0.0065));
#6908=CARTESIAN_POINT('',(1.17923345055031,0.467009829661297,0.0035));
#6909=CARTESIAN_POINT('Ctrl Pts',(1.17739410432355,0.4602819416753,0.0035));
#6910=CARTESIAN_POINT('Ctrl Pts',(1.17739408692359,0.4604527692965,0.0035));
#6911=CARTESIAN_POINT('Ctrl Pts',(1.17922939981989,0.46699538940408,0.0035));
#6912=CARTESIAN_POINT('Ctrl Pts',(1.17923345055031,0.467009829661297,0.0035));
#6913=CARTESIAN_POINT('',(1.17923345055031,0.467009829661297,0.0065));
#6914=CARTESIAN_POINT('Ctrl Pts',(1.17923345055031,0.467009829661297,0.0065));
#6915=CARTESIAN_POINT('Ctrl Pts',(1.17922939981989,0.46699538940408,0.0065));
#6916=CARTESIAN_POINT('Ctrl Pts',(1.17739408692359,0.4604527692965,0.0065));
#6917=CARTESIAN_POINT('Ctrl Pts',(1.17739410432355,0.4602819416753,0.0065));
#6918=CARTESIAN_POINT('',(1.17923345055031,0.467009829661297,0.0035));
#6919=CARTESIAN_POINT('Origin',(1.18324795448969,0.465802712062163,0.0035));
#6920=CARTESIAN_POINT('',(1.18324108312899,0.469994767353051,0.0035));
#6921=CARTESIAN_POINT('Origin',(1.18324795448969,0.465802712062163,0.0035));
#6922=CARTESIAN_POINT('',(1.18324108312899,0.469994767353051,0.0065));
#6923=CARTESIAN_POINT('Origin',(1.18324795448969,0.465802712062163,0.0065));
#6924=CARTESIAN_POINT('',(1.18324108312899,0.469994767353051,0.0035));
#6925=CARTESIAN_POINT('Origin',(1.20281823957536,0.4699481663525,0.0035));
#6926=CARTESIAN_POINT('',(1.20281823957536,0.4699481663525,0.0035));
#6927=CARTESIAN_POINT('',(1.18324108312899,0.469994767353051,0.0035));
#6928=CARTESIAN_POINT('',(1.20281823957536,0.4699481663525,0.0065));
#6929=CARTESIAN_POINT('',(1.18324108312899,0.469994767353051,0.0065));
#6930=CARTESIAN_POINT('',(1.20281823957536,0.4699481663525,0.0035));
#6931=CARTESIAN_POINT('Ctrl Pts',(1.20281823957536,0.4699481663525,0.0035));
#6932=CARTESIAN_POINT('Ctrl Pts',(1.20608840905359,0.469940279951862,0.0035));
#6933=CARTESIAN_POINT('Ctrl Pts',(1.20688989091165,0.4730969313731,0.0035));
#6934=CARTESIAN_POINT('Ctrl Pts',(1.20281823957536,0.4699481663525,0.0065));
#6935=CARTESIAN_POINT('Ctrl Pts',(1.20608840905359,0.469940279951862,0.0065));
#6936=CARTESIAN_POINT('Ctrl Pts',(1.20688989091165,0.4730969313731,0.0065));
#6937=CARTESIAN_POINT('',(1.20688989091165,0.4730969313731,0.0035));
#6938=CARTESIAN_POINT('Origin',(1.20272793324194,0.474247974744276,0.0035));
#6939=CARTESIAN_POINT('',(1.20688989091165,0.4730969313731,0.0065));
#6940=CARTESIAN_POINT('Origin',(1.20272793324194,0.474247974744276,0.0065));
#6941=CARTESIAN_POINT('',(1.20688989091165,0.4730969313731,0.0035));
#6942=CARTESIAN_POINT('Origin',(1.21847663690005,0.5133290557919,0.0035));
#6943=CARTESIAN_POINT('',(1.21845436059492,0.5133290557919,0.0035));
#6944=CARTESIAN_POINT('',(1.20688989091165,0.4730969313731,0.0035));
#6945=CARTESIAN_POINT('',(1.21845391689925,0.5133290557919,0.0065));
#6946=CARTESIAN_POINT('',(1.20688989091165,0.4730969313731,0.0065));
#6947=CARTESIAN_POINT('',(1.21845391689925,0.5133290557919,0.0035));
#6948=CARTESIAN_POINT('Ctrl Pts',(1.22242537303226,0.5161129375868,0.0035));
#6949=CARTESIAN_POINT('Ctrl Pts',(1.21945867271681,0.51612164105156,0.0035));
#6950=CARTESIAN_POINT('Ctrl Pts',(1.21845391689925,0.5133290557919,0.0035));
#6951=CARTESIAN_POINT('Ctrl Pts',(1.22242537303226,0.5161129375868,0.0065));
#6952=CARTESIAN_POINT('Ctrl Pts',(1.21945867271681,0.51612164105156,0.0065));
#6953=CARTESIAN_POINT('Ctrl Pts',(1.21845391689925,0.5133290557919,0.0065));
#6954=CARTESIAN_POINT('',(1.22242537303225,0.5161129375868,0.0035));
#6955=CARTESIAN_POINT('Origin',(1.22221073096506,0.512192218099958,0.0035));
#6956=CARTESIAN_POINT('',(1.22242537303225,0.5161129375868,0.0065));
#6957=CARTESIAN_POINT('Origin',(1.22221073096506,0.512192218099958,0.0065));
#6958=CARTESIAN_POINT('',(1.22242537303225,0.5161129375868,0.0035));
#6959=CARTESIAN_POINT('Origin',(1.25745279820585,0.5161810975916,0.0035));
#6960=CARTESIAN_POINT('',(1.25745279820585,0.5161810975916,0.0035));
#6961=CARTESIAN_POINT('',(1.22242537303225,0.5161129375868,0.0035));
#6962=CARTESIAN_POINT('',(1.25745279820585,0.5161810975916,0.0065));
#6963=CARTESIAN_POINT('',(1.22242537303225,0.5161129375868,0.0065));
#6964=CARTESIAN_POINT('',(1.25745279820585,0.5161810975916,0.0035));
#6965=CARTESIAN_POINT('Ctrl Pts',(1.26163214234575,0.5120210653001,0.0035));
#6966=CARTESIAN_POINT('Ctrl Pts',(1.26163214234575,0.5120210653001,0.0065));
#6967=CARTESIAN_POINT('Ctrl Pts',(1.26163214234576,0.51257056309427,0.0035));
#6968=CARTESIAN_POINT('Ctrl Pts',(1.26163214234576,0.51257056309427,0.0065));
#6969=CARTESIAN_POINT('Ctrl Pts',(1.26152636761968,0.513110203454273,0.0035));
#6970=CARTESIAN_POINT('Ctrl Pts',(1.26152636761968,0.513110203454273,0.0065));
#6971=CARTESIAN_POINT('Ctrl Pts',(1.26110643596775,0.514121357683941,0.0035));
#6972=CARTESIAN_POINT('Ctrl Pts',(1.26110643596775,0.514121357683941,0.0065));
#6973=CARTESIAN_POINT('Ctrl Pts',(1.26079830858644,0.514579224768341,0.0035));
#6974=CARTESIAN_POINT('Ctrl Pts',(1.26079830858644,0.514579224768341,0.0065));
#6975=CARTESIAN_POINT('Ctrl Pts',(1.26002393708056,0.515349906391382,0.0035));
#6976=CARTESIAN_POINT('Ctrl Pts',(1.26002393708056,0.515349906391382,0.0065));
#6977=CARTESIAN_POINT('Ctrl Pts',(1.25956417658177,0.515656142353025,0.0035));
#6978=CARTESIAN_POINT('Ctrl Pts',(1.25956417658177,0.515656142353025,0.0065));
#6979=CARTESIAN_POINT('Ctrl Pts',(1.25854887761314,0.516075043275664,0.0035));
#6980=CARTESIAN_POINT('Ctrl Pts',(1.25854887761314,0.516075043275664,0.0065));
#6981=CARTESIAN_POINT('Ctrl Pts',(1.25800547278024,0.5161810975916,0.0035));
#6982=CARTESIAN_POINT('Ctrl Pts',(1.25800547278024,0.5161810975916,0.0065));
#6983=CARTESIAN_POINT('Ctrl Pts',(1.25745279820585,0.5161810975916,0.0035));
#6984=CARTESIAN_POINT('Ctrl Pts',(1.25745279820585,0.5161810975916,0.0065));
#6985=CARTESIAN_POINT('',(1.26163214234575,0.5120210653001,0.0035));
#6986=CARTESIAN_POINT('Ctrl Pts',(1.25745279820585,0.5161810975916,0.0035));
#6987=CARTESIAN_POINT('Ctrl Pts',(1.25800547278024,0.5161810975916,0.0035));
#6988=CARTESIAN_POINT('Ctrl Pts',(1.25854887761314,0.516075043275664,0.0035));
#6989=CARTESIAN_POINT('Ctrl Pts',(1.25956417658177,0.515656142353025,0.0035));
#6990=CARTESIAN_POINT('Ctrl Pts',(1.26002393708056,0.515349906391382,0.0035));
#6991=CARTESIAN_POINT('Ctrl Pts',(1.26079830858644,0.514579224768341,0.0035));
#6992=CARTESIAN_POINT('Ctrl Pts',(1.26110643596775,0.514121357683941,0.0035));
#6993=CARTESIAN_POINT('Ctrl Pts',(1.26152636761968,0.513110203454273,0.0035));
#6994=CARTESIAN_POINT('Ctrl Pts',(1.26163214234576,0.51257056309427,0.0035));
#6995=CARTESIAN_POINT('Ctrl Pts',(1.26163214234575,0.5120210653001,0.0035));
#6996=CARTESIAN_POINT('',(1.26163214234575,0.5120210653001,0.0065));
#6997=CARTESIAN_POINT('Ctrl Pts',(1.26163214234575,0.5120210653001,0.0065));
#6998=CARTESIAN_POINT('Ctrl Pts',(1.26163214234576,0.51257056309427,0.0065));
#6999=CARTESIAN_POINT('Ctrl Pts',(1.26152636761968,0.513110203454273,0.0065));
#7000=CARTESIAN_POINT('Ctrl Pts',(1.26110643596775,0.514121357683941,0.0065));
#7001=CARTESIAN_POINT('Ctrl Pts',(1.26079830858644,0.514579224768341,0.0065));
#7002=CARTESIAN_POINT('Ctrl Pts',(1.26002393708056,0.515349906391382,0.0065));
#7003=CARTESIAN_POINT('Ctrl Pts',(1.25956417658177,0.515656142353025,0.0065));
#7004=CARTESIAN_POINT('Ctrl Pts',(1.25854887761314,0.516075043275664,0.0065));
#7005=CARTESIAN_POINT('Ctrl Pts',(1.25800547278024,0.5161810975916,0.0065));
#7006=CARTESIAN_POINT('Ctrl Pts',(1.25745279820585,0.5161810975916,0.0065));
#7007=CARTESIAN_POINT('',(1.26163214234575,0.5120210653001,0.0035));
#7008=CARTESIAN_POINT('Ctrl Pts',(1.26046206230666,0.5075159161844,0.0035));
#7009=CARTESIAN_POINT('Ctrl Pts',(1.26046206230666,0.5075159161844,0.0065));
#7010=CARTESIAN_POINT('Ctrl Pts',(1.26046633997496,0.507530293303509,0.0035));
#7011=CARTESIAN_POINT('Ctrl Pts',(1.26046633997496,0.507530293303509,0.0065));
#7012=CARTESIAN_POINT('Ctrl Pts',(1.26163214234576,0.5114485212599,0.0035));
#7013=CARTESIAN_POINT('Ctrl Pts',(1.26163214234576,0.5114485212599,0.0065));
#7014=CARTESIAN_POINT('Ctrl Pts',(1.26163214234575,0.5120210653001,0.0035));
#7015=CARTESIAN_POINT('Ctrl Pts',(1.26163214234575,0.5120210653001,0.0065));
#7016=CARTESIAN_POINT('',(1.26046206230666,0.5075159161844,0.0035));
#7017=CARTESIAN_POINT('Ctrl Pts',(1.26163214234575,0.5120210653001,0.0035));
#7018=CARTESIAN_POINT('Ctrl Pts',(1.26163214234576,0.5114485212599,0.0035));
#7019=CARTESIAN_POINT('Ctrl Pts',(1.26046633997496,0.507530293303509,0.0035));
#7020=CARTESIAN_POINT('Ctrl Pts',(1.26046206230666,0.5075159161844,0.0035));
#7021=CARTESIAN_POINT('',(1.26046206230666,0.5075159161844,0.0065));
#7022=CARTESIAN_POINT('Ctrl Pts',(1.26046206230666,0.5075159161844,0.0065));
#7023=CARTESIAN_POINT('Ctrl Pts',(1.26046633997496,0.507530293303509,0.0065));
#7024=CARTESIAN_POINT('Ctrl Pts',(1.26163214234576,0.5114485212599,0.0065));
#7025=CARTESIAN_POINT('Ctrl Pts',(1.26163214234575,0.5120210653001,0.0065));
#7026=CARTESIAN_POINT('',(1.26046206230666,0.5075159161844,0.0035));
#7027=CARTESIAN_POINT('Ctrl Pts',(1.25104393092486,0.474138805423462,0.0035));
#7028=CARTESIAN_POINT('Ctrl Pts',(1.25104393092486,0.474138805423462,0.0065));
#7029=CARTESIAN_POINT('Ctrl Pts',(1.25104393576558,0.474688639387763,0.0035));
#7030=CARTESIAN_POINT('Ctrl Pts',(1.25104393576558,0.474688639387763,0.0065));
#7031=CARTESIAN_POINT('Ctrl Pts',(1.26045792561956,0.507501497587255,0.0035));
#7032=CARTESIAN_POINT('Ctrl Pts',(1.26045792561956,0.507501497587255,0.0065));
#7033=CARTESIAN_POINT('Ctrl Pts',(1.26046206230666,0.5075159161844,0.0035));
#7034=CARTESIAN_POINT('Ctrl Pts',(1.26046206230666,0.5075159161844,0.0065));
#7035=CARTESIAN_POINT('',(1.25104393092486,0.474138805423462,0.0035));
#7036=CARTESIAN_POINT('Ctrl Pts',(1.26046206230666,0.5075159161844,0.0035));
#7037=CARTESIAN_POINT('Ctrl Pts',(1.26045792561956,0.507501497587255,0.0035));
#7038=CARTESIAN_POINT('Ctrl Pts',(1.25104393576558,0.474688639387763,0.0035));
#7039=CARTESIAN_POINT('Ctrl Pts',(1.25104393092486,0.474138805423462,0.0035));
#7040=CARTESIAN_POINT('',(1.25104393092486,0.474138805423462,0.0065));
#7041=CARTESIAN_POINT('Ctrl Pts',(1.25104393092486,0.474138805423462,0.0065));
#7042=CARTESIAN_POINT('Ctrl Pts',(1.25104393576558,0.474688639387763,0.0065));
#7043=CARTESIAN_POINT('Ctrl Pts',(1.26045792561956,0.507501497587255,0.0065));
#7044=CARTESIAN_POINT('Ctrl Pts',(1.26046206230666,0.5075159161844,0.0065));
#7045=CARTESIAN_POINT('',(1.25104393092486,0.474138805423462,0.0035));
#7046=CARTESIAN_POINT('Origin',(1.25522511968967,0.474123956963739,0.0035));
#7047=CARTESIAN_POINT('',(1.25524304722382,0.46994278026725,0.0035));
#7048=CARTESIAN_POINT('Origin',(1.25522511968967,0.474123956963739,0.0035));
#7049=CARTESIAN_POINT('',(1.25524304722382,0.46994278026725,0.0065));
#7050=CARTESIAN_POINT('Origin',(1.25522511968967,0.474123956963739,0.0065));
#7051=CARTESIAN_POINT('',(1.25524304722382,0.46994278026725,0.0035));
#7052=CARTESIAN_POINT('Origin',(1.27047499384196,0.4699876991555,0.0035));
#7053=CARTESIAN_POINT('',(1.27047499384196,0.4699876991555,0.0035));
#7054=CARTESIAN_POINT('',(1.25524304722382,0.46994278026725,0.0035));
#7055=CARTESIAN_POINT('',(1.27047499384196,0.4699876991555,0.0065));
#7056=CARTESIAN_POINT('',(1.25524304722382,0.46994278026725,0.0065));
#7057=CARTESIAN_POINT('',(1.27047499384196,0.4699876991555,0.0035));
#7058=CARTESIAN_POINT('Ctrl Pts',(1.27466683398236,0.4658172156632,0.0035));
#7059=CARTESIAN_POINT('Ctrl Pts',(1.27466683398236,0.4658172156632,0.0065));
#7060=CARTESIAN_POINT('Ctrl Pts',(1.27466683398235,0.466364046740937,0.0035));
#7061=CARTESIAN_POINT('Ctrl Pts',(1.27466683398235,0.466364046740937,0.0065));
#7062=CARTESIAN_POINT('Ctrl Pts',(1.2745599324361,0.466901376621602,0.0035));
#7063=CARTESIAN_POINT('Ctrl Pts',(1.2745599324361,0.466901376621602,0.0065));
#7064=CARTESIAN_POINT('Ctrl Pts',(1.27413854364228,0.467914409376704,0.0035));
#7065=CARTESIAN_POINT('Ctrl Pts',(1.27413854364228,0.467914409376704,0.0065));
#7066=CARTESIAN_POINT('Ctrl Pts',(1.27382688207334,0.468376742829135,0.0035));
#7067=CARTESIAN_POINT('Ctrl Pts',(1.27382688207334,0.468376742829135,0.0065));
#7068=CARTESIAN_POINT('Ctrl Pts',(1.27304430227112,0.469155510338767,0.0035));
#7069=CARTESIAN_POINT('Ctrl Pts',(1.27304430227112,0.469155510338767,0.0065));
#7070=CARTESIAN_POINT('Ctrl Pts',(1.27257871306869,0.469465594197002,0.0035));
#7071=CARTESIAN_POINT('Ctrl Pts',(1.27257871306869,0.469465594197002,0.0065));
#7072=CARTESIAN_POINT('Ctrl Pts',(1.2715608969521,0.46988290088252,0.0035));
#7073=CARTESIAN_POINT('Ctrl Pts',(1.2715608969521,0.46988290088252,0.0065));
#7074=CARTESIAN_POINT('Ctrl Pts',(1.27102270912109,0.4699876991555,0.0035));
#7075=CARTESIAN_POINT('Ctrl Pts',(1.27102270912109,0.4699876991555,0.0065));
#7076=CARTESIAN_POINT('Ctrl Pts',(1.27047499384196,0.4699876991555,0.0035));
#7077=CARTESIAN_POINT('Ctrl Pts',(1.27047499384196,0.4699876991555,0.0065));
#7078=CARTESIAN_POINT('',(1.27466683398236,0.4658172156632,0.0035));
#7079=CARTESIAN_POINT('Ctrl Pts',(1.27047499384196,0.4699876991555,0.0035));
#7080=CARTESIAN_POINT('Ctrl Pts',(1.27102270912109,0.4699876991555,0.0035));
#7081=CARTESIAN_POINT('Ctrl Pts',(1.2715608969521,0.46988290088252,0.0035));
#7082=CARTESIAN_POINT('Ctrl Pts',(1.27257871306869,0.469465594197002,0.0035));
#7083=CARTESIAN_POINT('Ctrl Pts',(1.27304430227112,0.469155510338767,0.0035));
#7084=CARTESIAN_POINT('Ctrl Pts',(1.27382688207334,0.468376742829135,0.0035));
#7085=CARTESIAN_POINT('Ctrl Pts',(1.27413854364228,0.467914409376704,0.0035));
#7086=CARTESIAN_POINT('Ctrl Pts',(1.2745599324361,0.466901376621602,0.0035));
#7087=CARTESIAN_POINT('Ctrl Pts',(1.27466683398235,0.466364046740937,0.0035));
#7088=CARTESIAN_POINT('Ctrl Pts',(1.27466683398236,0.4658172156632,0.0035));
#7089=CARTESIAN_POINT('',(1.27466683398236,0.4658172156632,0.0065));
#7090=CARTESIAN_POINT('Ctrl Pts',(1.27466683398236,0.4658172156632,0.0065));
#7091=CARTESIAN_POINT('Ctrl Pts',(1.27466683398235,0.466364046740937,0.0065));
#7092=CARTESIAN_POINT('Ctrl Pts',(1.2745599324361,0.466901376621602,0.0065));
#7093=CARTESIAN_POINT('Ctrl Pts',(1.27413854364228,0.467914409376704,0.0065));
#7094=CARTESIAN_POINT('Ctrl Pts',(1.27382688207334,0.468376742829135,0.0065));
#7095=CARTESIAN_POINT('Ctrl Pts',(1.27304430227112,0.469155510338767,0.0065));
#7096=CARTESIAN_POINT('Ctrl Pts',(1.27257871306869,0.469465594197002,0.0065));
#7097=CARTESIAN_POINT('Ctrl Pts',(1.2715608969521,0.46988290088252,0.0065));
#7098=CARTESIAN_POINT('Ctrl Pts',(1.27102270912109,0.4699876991555,0.0065));
#7099=CARTESIAN_POINT('Ctrl Pts',(1.27047499384196,0.4699876991555,0.0065));
#7100=CARTESIAN_POINT('',(1.27466683398236,0.4658172156632,0.0035));
#7101=CARTESIAN_POINT('Ctrl Pts',(1.27269928191656,0.4586145207587,0.0035));
#7102=CARTESIAN_POINT('Ctrl Pts',(1.27269928191656,0.4586145207587,0.0065));
#7103=CARTESIAN_POINT('Ctrl Pts',(1.27270349885449,0.458628915807655,0.0035));
#7104=CARTESIAN_POINT('Ctrl Pts',(1.27270349885449,0.458628915807655,0.0065));
#7105=CARTESIAN_POINT('Ctrl Pts',(1.27466683398235,0.4653310076291,0.0035));
#7106=CARTESIAN_POINT('Ctrl Pts',(1.27466683398235,0.4653310076291,0.0065));
#7107=CARTESIAN_POINT('Ctrl Pts',(1.27466683398236,0.4658172156632,0.0035));
#7108=CARTESIAN_POINT('Ctrl Pts',(1.27466683398236,0.4658172156632,0.0065));
#7109=CARTESIAN_POINT('',(1.27269928191656,0.4586145207587,0.0035));
#7110=CARTESIAN_POINT('Ctrl Pts',(1.27466683398236,0.4658172156632,0.0035));
#7111=CARTESIAN_POINT('Ctrl Pts',(1.27466683398235,0.4653310076291,0.0035));
#7112=CARTESIAN_POINT('Ctrl Pts',(1.27270349885449,0.458628915807655,0.0035));
#7113=CARTESIAN_POINT('Ctrl Pts',(1.27269928191656,0.4586145207587,0.0035));
#7114=CARTESIAN_POINT('',(1.27269928191656,0.4586145207587,0.0065));
#7115=CARTESIAN_POINT('Ctrl Pts',(1.27269928191656,0.4586145207587,0.0065));
#7116=CARTESIAN_POINT('Ctrl Pts',(1.27270349885449,0.458628915807655,0.0065));
#7117=CARTESIAN_POINT('Ctrl Pts',(1.27466683398235,0.4653310076291,0.0065));
#7118=CARTESIAN_POINT('Ctrl Pts',(1.27466683398236,0.4658172156632,0.0065));
#7119=CARTESIAN_POINT('',(1.27269928191656,0.4586145207587,0.0035));
#7120=CARTESIAN_POINT('Ctrl Pts',(1.26881416178635,0.4560789685808,0.0035));
#7121=CARTESIAN_POINT('Ctrl Pts',(1.27156333475062,0.456072068453053,0.0035));
#7122=CARTESIAN_POINT('Ctrl Pts',(1.27269928191656,0.4586145207587,0.0035));
#7123=CARTESIAN_POINT('Ctrl Pts',(1.26881416178635,0.4560789685808,0.0065));
#7124=CARTESIAN_POINT('Ctrl Pts',(1.27156333475062,0.456072068453053,0.0065));
#7125=CARTESIAN_POINT('Ctrl Pts',(1.27269928191656,0.4586145207587,0.0065));
#7126=CARTESIAN_POINT('',(1.26881416178635,0.4560789685808,0.0035));
#7127=CARTESIAN_POINT('Origin',(1.26864859609628,0.460678178824497,0.0035));
#7128=CARTESIAN_POINT('',(1.26881416178635,0.4560789685808,0.0065));
#7129=CARTESIAN_POINT('Origin',(1.26864859609628,0.460678178824497,0.0065));
#7130=CARTESIAN_POINT('',(1.26881416178635,0.4560789685808,0.0035));
#7131=CARTESIAN_POINT('Origin',(1.24830163629926,0.4560335285777,0.0035));
#7132=CARTESIAN_POINT('',(1.24830163629926,0.4560335285777,0.0035));
#7133=CARTESIAN_POINT('',(1.26881416178635,0.4560789685808,0.0035));
#7134=CARTESIAN_POINT('',(1.24830163629926,0.4560335285777,0.0065));
#7135=CARTESIAN_POINT('',(1.26881416178635,0.4560789685808,0.0065));
#7136=CARTESIAN_POINT('',(1.24830163629926,0.4560335285777,0.0035));
#7137=CARTESIAN_POINT('Ctrl Pts',(1.24830163629926,0.4560335285777,0.0035));
#7138=CARTESIAN_POINT('Ctrl Pts',(1.24547868481267,0.456035003051425,0.0035));
#7139=CARTESIAN_POINT('Ctrl Pts',(1.24477776418105,0.452983595564,0.0035));
#7140=CARTESIAN_POINT('Ctrl Pts',(1.24830163629926,0.4560335285777,0.0065));
#7141=CARTESIAN_POINT('Ctrl Pts',(1.24547868481267,0.456035003051425,0.0065));
#7142=CARTESIAN_POINT('Ctrl Pts',(1.24477776418105,0.452983595564,0.0065));
#7143=CARTESIAN_POINT('',(1.24477776418106,0.452983595564,0.0035));
#7144=CARTESIAN_POINT('Origin',(1.26779646174961,0.423927299026161,0.0035));
#7145=CARTESIAN_POINT('',(1.24477776418106,0.452983595564,0.0065));
#7146=CARTESIAN_POINT('Origin',(1.26779646174961,0.423927299026161,0.0065));
#7147=CARTESIAN_POINT('',(1.24477776418106,0.452983595564,0.0035));
#7148=CARTESIAN_POINT('Origin',(1.24311693212546,0.4470423151478,0.0035));
#7149=CARTESIAN_POINT('',(1.24311693212546,0.4470423151478,0.0035));
#7150=CARTESIAN_POINT('',(1.24477776418106,0.452983595564,0.0035));
#7151=CARTESIAN_POINT('',(1.24311693212546,0.4470423151478,0.0065));
#7152=CARTESIAN_POINT('',(1.24477776418106,0.452983595564,0.0065));
#7153=CARTESIAN_POINT('',(1.24311693212546,0.4470423151478,0.0035));
#7154=CARTESIAN_POINT('Ctrl Pts',(1.22571613794236,0.385899155664296,0.0035));
#7155=CARTESIAN_POINT('Ctrl Pts',(1.22571613794236,0.385899155664296,0.0065));
#7156=CARTESIAN_POINT('Ctrl Pts',(1.23161856694015,0.406836318731108,0.0035));
#7157=CARTESIAN_POINT('Ctrl Pts',(1.23161856694015,0.406836318731108,0.0065));
#7158=CARTESIAN_POINT('Ctrl Pts',(1.24311280768145,0.447027893325388,0.0035));
#7159=CARTESIAN_POINT('Ctrl Pts',(1.24311280768145,0.447027893325388,0.0065));
#7160=CARTESIAN_POINT('Ctrl Pts',(1.24311693212546,0.4470423151478,0.0035));
#7161=CARTESIAN_POINT('Ctrl Pts',(1.24311693212546,0.4470423151478,0.0065));
#7162=CARTESIAN_POINT('',(1.22571613794236,0.385899155664296,0.0035));
#7163=CARTESIAN_POINT('Ctrl Pts',(1.24311693212546,0.4470423151478,0.0035));
#7164=CARTESIAN_POINT('Ctrl Pts',(1.24311280768145,0.447027893325388,0.0035));
#7165=CARTESIAN_POINT('Ctrl Pts',(1.23161856694015,0.406836318731108,0.0035));
#7166=CARTESIAN_POINT('Ctrl Pts',(1.22571613794236,0.385899155664296,0.0035));
#7167=CARTESIAN_POINT('',(1.22571613794236,0.385899155664296,0.0065));
#7168=CARTESIAN_POINT('Ctrl Pts',(1.22571613794236,0.385899155664296,0.0065));
#7169=CARTESIAN_POINT('Ctrl Pts',(1.23161856694015,0.406836318731108,0.0065));
#7170=CARTESIAN_POINT('Ctrl Pts',(1.24311280768145,0.447027893325388,0.0065));
#7171=CARTESIAN_POINT('Ctrl Pts',(1.24311693212546,0.4470423151478,0.0065));
#7172=CARTESIAN_POINT('',(1.22571613794236,0.385899155664296,0.0035));
#7173=CARTESIAN_POINT('Ctrl Pts',(1.22546167393405,0.382895117053841,0.0035));
#7174=CARTESIAN_POINT('Ctrl Pts',(1.22546167393405,0.382895117053841,0.0065));
#7175=CARTESIAN_POINT('Ctrl Pts',(1.22546167393406,0.384022029132791,0.0035));
#7176=CARTESIAN_POINT('Ctrl Pts',(1.22546167393406,0.384022029132791,0.0065));
#7177=CARTESIAN_POINT('Ctrl Pts',(1.22559799393856,0.385180294813937,0.0035));
#7178=CARTESIAN_POINT('Ctrl Pts',(1.22559799393856,0.385180294813937,0.0065));
#7179=CARTESIAN_POINT('Ctrl Pts',(1.22571613794236,0.385899155664296,0.0035));
#7180=CARTESIAN_POINT('Ctrl Pts',(1.22571613794236,0.385899155664296,0.0065));
#7181=CARTESIAN_POINT('',(1.22546167393405,0.382895117053841,0.0035));
#7182=CARTESIAN_POINT('Ctrl Pts',(1.22571613794236,0.385899155664296,0.0035));
#7183=CARTESIAN_POINT('Ctrl Pts',(1.22559799393856,0.385180294813937,0.0035));
#7184=CARTESIAN_POINT('Ctrl Pts',(1.22546167393406,0.384022029132791,0.0035));
#7185=CARTESIAN_POINT('Ctrl Pts',(1.22546167393405,0.382895117053841,0.0035));
#7186=CARTESIAN_POINT('',(1.22546167393405,0.382895117053841,0.0065));
#7187=CARTESIAN_POINT('Ctrl Pts',(1.22546167393405,0.382895117053841,0.0065));
#7188=CARTESIAN_POINT('Ctrl Pts',(1.22546167393406,0.384022029132791,0.0065));
#7189=CARTESIAN_POINT('Ctrl Pts',(1.22559799393856,0.385180294813937,0.0065));
#7190=CARTESIAN_POINT('Ctrl Pts',(1.22571613794236,0.385899155664296,0.0065));
#7191=CARTESIAN_POINT('',(1.22546167393405,0.382895117053841,0.0035));
#7192=CARTESIAN_POINT('Ctrl Pts',(1.24169261527766,0.3651594294113,0.0035));
#7193=CARTESIAN_POINT('Ctrl Pts',(1.24169261527766,0.3651594294113,0.0065));
#7194=CARTESIAN_POINT('Ctrl Pts',(1.23945873142956,0.365356451454877,0.0035));
#7195=CARTESIAN_POINT('Ctrl Pts',(1.23945873142956,0.365356451454877,0.0065));
#7196=CARTESIAN_POINT('Ctrl Pts',(1.23729416886667,0.365968897164447,0.0035));
#7197=CARTESIAN_POINT('Ctrl Pts',(1.23729416886667,0.365968897164447,0.0065));
#7198=CARTESIAN_POINT('Ctrl Pts',(1.23334687051312,0.367947727910113,0.0035));
#7199=CARTESIAN_POINT('Ctrl Pts',(1.23334687051312,0.367947727910113,0.0065));
#7200=CARTESIAN_POINT('Ctrl Pts',(1.23159471522407,0.369273842816857,0.0035));
#7201=CARTESIAN_POINT('Ctrl Pts',(1.23159471522407,0.369273842816857,0.0065));
#7202=CARTESIAN_POINT('Ctrl Pts',(1.22866520183039,0.372473745643992,0.0035));
#7203=CARTESIAN_POINT('Ctrl Pts',(1.22866520183039,0.372473745643992,0.0065));
#7204=CARTESIAN_POINT('Ctrl Pts',(1.22750465985424,0.374322240689351,0.0035));
#7205=CARTESIAN_POINT('Ctrl Pts',(1.22750465985424,0.374322240689351,0.0065));
#7206=CARTESIAN_POINT('Ctrl Pts',(1.22587896040778,0.378425253024485,0.0035));
#7207=CARTESIAN_POINT('Ctrl Pts',(1.22587896040778,0.378425253024485,0.0065));
#7208=CARTESIAN_POINT('Ctrl Pts',(1.22546167393406,0.380641829068386,0.0035));
#7209=CARTESIAN_POINT('Ctrl Pts',(1.22546167393406,0.380641829068386,0.0065));
#7210=CARTESIAN_POINT('Ctrl Pts',(1.22546167393405,0.382895117053841,0.0035));
#7211=CARTESIAN_POINT('Ctrl Pts',(1.22546167393405,0.382895117053841,0.0065));
#7212=CARTESIAN_POINT('',(1.24169261316427,0.365152273486356,0.0035));
#7213=CARTESIAN_POINT('Ctrl Pts',(1.22546167393405,0.382895117053841,0.0035));
#7214=CARTESIAN_POINT('Ctrl Pts',(1.22546167393406,0.380641829068386,0.0035));
#7215=CARTESIAN_POINT('Ctrl Pts',(1.22587896040778,0.378425253024485,0.0035));
#7216=CARTESIAN_POINT('Ctrl Pts',(1.22750465985424,0.374322240689351,0.0035));
#7217=CARTESIAN_POINT('Ctrl Pts',(1.22866520183039,0.372473745643992,0.0035));
#7218=CARTESIAN_POINT('Ctrl Pts',(1.23159471522407,0.369273842816857,0.0035));
#7219=CARTESIAN_POINT('Ctrl Pts',(1.23334687051312,0.367947727910113,0.0035));
#7220=CARTESIAN_POINT('Ctrl Pts',(1.23729416886667,0.365968897164447,0.0035));
#7221=CARTESIAN_POINT('Ctrl Pts',(1.23945873142956,0.365356451454877,0.0035));
#7222=CARTESIAN_POINT('Ctrl Pts',(1.24169261527766,0.3651594294113,0.0035));
#7223=CARTESIAN_POINT('',(1.24169261316427,0.365152273486356,0.0065));
#7224=CARTESIAN_POINT('Ctrl Pts',(1.24169261527766,0.3651594294113,0.0065));
#7225=CARTESIAN_POINT('Ctrl Pts',(1.23945873142956,0.365356451454877,0.0065));
#7226=CARTESIAN_POINT('Ctrl Pts',(1.23729416886667,0.365968897164447,0.0065));
#7227=CARTESIAN_POINT('Ctrl Pts',(1.23334687051312,0.367947727910113,0.0065));
#7228=CARTESIAN_POINT('Ctrl Pts',(1.23159471522407,0.369273842816857,0.0065));
#7229=CARTESIAN_POINT('Ctrl Pts',(1.22866520183039,0.372473745643992,0.0065));
#7230=CARTESIAN_POINT('Ctrl Pts',(1.22750465985424,0.374322240689351,0.0065));
#7231=CARTESIAN_POINT('Ctrl Pts',(1.22587896040778,0.378425253024485,0.0065));
#7232=CARTESIAN_POINT('Ctrl Pts',(1.22546167393406,0.380641829068386,0.0065));
#7233=CARTESIAN_POINT('Ctrl Pts',(1.22546167393405,0.382895117053841,0.0065));
#7234=CARTESIAN_POINT('',(1.24169261527766,0.3651451158104,0.0035));
#7235=CARTESIAN_POINT('Origin',(1.26519350246516,0.3651312566093,0.0035));
#7236=CARTESIAN_POINT('',(1.26519350246516,0.3651312566093,0.0035));
#7237=CARTESIAN_POINT('',(1.24169261527766,0.3651451158104,0.0035));
#7238=CARTESIAN_POINT('',(1.26519350246516,0.3651312566093,0.0065));
#7239=CARTESIAN_POINT('',(1.24169261527766,0.3651451158104,0.0065));
#7240=CARTESIAN_POINT('',(1.26519350246516,0.3651312566093,0.0035));
#7241=CARTESIAN_POINT('Ctrl Pts',(1.26939193140565,0.369323096903015,0.0035));
#7242=CARTESIAN_POINT('Ctrl Pts',(1.26939193140565,0.369323096903015,0.0065));
#7243=CARTESIAN_POINT('Ctrl Pts',(1.26939193140565,0.368769559876349,0.0035));
#7244=CARTESIAN_POINT('Ctrl Pts',(1.26939193140565,0.368769559876349,0.0065));
#7245=CARTESIAN_POINT('Ctrl Pts',(1.26928589187657,0.368225875949898,0.0035));
#7246=CARTESIAN_POINT('Ctrl Pts',(1.26928589187657,0.368225875949898,0.0065));
#7247=CARTESIAN_POINT('Ctrl Pts',(1.26886429409974,0.367207115213558,0.0035));
#7248=CARTESIAN_POINT('Ctrl Pts',(1.26886429409974,0.367207115213558,0.0065));
#7249=CARTESIAN_POINT('Ctrl Pts',(1.26855489328354,0.366745709586695,0.0035));
#7250=CARTESIAN_POINT('Ctrl Pts',(1.26855489328354,0.366745709586695,0.0065));
#7251=CARTESIAN_POINT('Ctrl Pts',(1.2677771451948,0.365969340405873,0.0035));
#7252=CARTESIAN_POINT('Ctrl Pts',(1.2677771451948,0.365969340405873,0.0065));
#7253=CARTESIAN_POINT('Ctrl Pts',(1.26731556152256,0.365660802376652,0.0035));
#7254=CARTESIAN_POINT('Ctrl Pts',(1.26731556152256,0.365660802376652,0.0065));
#7255=CARTESIAN_POINT('Ctrl Pts',(1.26629547410568,0.365238368409404,0.0035));
#7256=CARTESIAN_POINT('Ctrl Pts',(1.26629547410568,0.365238368409404,0.0065));
#7257=CARTESIAN_POINT('Ctrl Pts',(1.26574918231234,0.3651312566093,0.0035));
#7258=CARTESIAN_POINT('Ctrl Pts',(1.26574918231234,0.3651312566093,0.0065));
#7259=CARTESIAN_POINT('Ctrl Pts',(1.26519350246516,0.3651312566093,0.0035));
#7260=CARTESIAN_POINT('Ctrl Pts',(1.26519350246516,0.3651312566093,0.0065));
#7261=CARTESIAN_POINT('',(1.26939193140565,0.369323096903015,0.0035));
#7262=CARTESIAN_POINT('Ctrl Pts',(1.26519350246516,0.3651312566093,0.0035));
#7263=CARTESIAN_POINT('Ctrl Pts',(1.26574918231234,0.3651312566093,0.0035));
#7264=CARTESIAN_POINT('Ctrl Pts',(1.26629547410568,0.365238368409404,0.0035));
#7265=CARTESIAN_POINT('Ctrl Pts',(1.26731556152256,0.365660802376652,0.0035));
#7266=CARTESIAN_POINT('Ctrl Pts',(1.2677771451948,0.365969340405873,0.0035));
#7267=CARTESIAN_POINT('Ctrl Pts',(1.26855489328354,0.366745709586695,0.0035));
#7268=CARTESIAN_POINT('Ctrl Pts',(1.26886429409974,0.367207115213558,0.0035));
#7269=CARTESIAN_POINT('Ctrl Pts',(1.26928589187657,0.368225875949898,0.0035));
#7270=CARTESIAN_POINT('Ctrl Pts',(1.26939193140565,0.368769559876349,0.0035));
#7271=CARTESIAN_POINT('Ctrl Pts',(1.26939193140565,0.369323096903015,0.0035));
#7272=CARTESIAN_POINT('',(1.26939193140565,0.369323096903015,0.0065));
#7273=CARTESIAN_POINT('Ctrl Pts',(1.26939193140565,0.369323096903015,0.0065));
#7274=CARTESIAN_POINT('Ctrl Pts',(1.26939193140565,0.368769559876349,0.0065));
#7275=CARTESIAN_POINT('Ctrl Pts',(1.26928589187657,0.368225875949898,0.0065));
#7276=CARTESIAN_POINT('Ctrl Pts',(1.26886429409974,0.367207115213558,0.0065));
#7277=CARTESIAN_POINT('Ctrl Pts',(1.26855489328354,0.366745709586695,0.0065));
#7278=CARTESIAN_POINT('Ctrl Pts',(1.2677771451948,0.365969340405873,0.0065));
#7279=CARTESIAN_POINT('Ctrl Pts',(1.26731556152256,0.365660802376652,0.0065));
#7280=CARTESIAN_POINT('Ctrl Pts',(1.26629547410568,0.365238368409404,0.0065));
#7281=CARTESIAN_POINT('Ctrl Pts',(1.26574918231234,0.3651312566093,0.0065));
#7282=CARTESIAN_POINT('Ctrl Pts',(1.26519350246516,0.3651312566093,0.0065));
#7283=CARTESIAN_POINT('',(1.26939193140565,0.369323096903015,0.0035));
#7284=CARTESIAN_POINT('Ctrl Pts',(1.26876713138485,0.371499673055501,0.0035));
#7285=CARTESIAN_POINT('Ctrl Pts',(1.26876713138485,0.371499673055501,0.0065));
#7286=CARTESIAN_POINT('Ctrl Pts',(1.26913973939725,0.37089986501348,0.0035));
#7287=CARTESIAN_POINT('Ctrl Pts',(1.26913973939725,0.37089986501348,0.0065));
#7288=CARTESIAN_POINT('Ctrl Pts',(1.26939193140565,0.370088760956657,0.0035));
#7289=CARTESIAN_POINT('Ctrl Pts',(1.26939193140565,0.370088760956657,0.0065));
#7290=CARTESIAN_POINT('Ctrl Pts',(1.26939193140565,0.369323096903015,0.0035));
#7291=CARTESIAN_POINT('Ctrl Pts',(1.26939193140565,0.369323096903015,0.0065));
#7292=CARTESIAN_POINT('',(1.26876713138485,0.371499673055501,0.0035));
#7293=CARTESIAN_POINT('Ctrl Pts',(1.26939193140565,0.369323096903015,0.0035));
#7294=CARTESIAN_POINT('Ctrl Pts',(1.26939193140565,0.370088760956657,0.0035));
#7295=CARTESIAN_POINT('Ctrl Pts',(1.26913973939725,0.37089986501348,0.0035));
#7296=CARTESIAN_POINT('Ctrl Pts',(1.26876713138485,0.371499673055501,0.0035));
#7297=CARTESIAN_POINT('',(1.26876713138485,0.371499673055501,0.0065));
#7298=CARTESIAN_POINT('Ctrl Pts',(1.26876713138485,0.371499673055501,0.0065));
#7299=CARTESIAN_POINT('Ctrl Pts',(1.26913973939725,0.37089986501348,0.0065));
#7300=CARTESIAN_POINT('Ctrl Pts',(1.26939193140565,0.370088760956657,0.0065));
#7301=CARTESIAN_POINT('Ctrl Pts',(1.26939193140565,0.369323096903015,0.0065));
#7302=CARTESIAN_POINT('',(1.26876713138485,0.371499673055501,0.0035));
#7303=CARTESIAN_POINT('Ctrl Pts',(1.26130179353455,0.399618628625454,0.0035));
#7304=CARTESIAN_POINT('Ctrl Pts',(1.26130087785659,0.384145170815151,0.0035));
#7305=CARTESIAN_POINT('Ctrl Pts',(1.26876713138485,0.371499673055501,0.0035));
#7306=CARTESIAN_POINT('Ctrl Pts',(1.26130179353455,0.399618628625454,0.0065));
#7307=CARTESIAN_POINT('Ctrl Pts',(1.26130087785659,0.384145170815151,0.0065));
#7308=CARTESIAN_POINT('Ctrl Pts',(1.26876713138485,0.371499673055501,0.0065));
#7309=CARTESIAN_POINT('',(1.26130179353455,0.399618628625454,0.0035));
#7310=CARTESIAN_POINT('Origin',(1.3104792901958,0.402769977834917,0.0035));
#7311=CARTESIAN_POINT('',(1.26130179353455,0.399618628625454,0.0065));
#7312=CARTESIAN_POINT('Origin',(1.3104792901958,0.402769977834917,0.0065));
#7313=CARTESIAN_POINT('',(1.26130179353455,0.399618628625454,0.0035));
#7314=CARTESIAN_POINT('Ctrl Pts',(1.31788845463045,0.4562052917897,0.0035));
#7315=CARTESIAN_POINT('Ctrl Pts',(1.31788845463045,0.4562052917897,0.0065));
#7316=CARTESIAN_POINT('Ctrl Pts',(1.28663323118335,0.4562052917897,0.0035));
#7317=CARTESIAN_POINT('Ctrl Pts',(1.28663323118335,0.4562052917897,0.0065));
#7318=CARTESIAN_POINT('Ctrl Pts',(1.26130179353455,0.4308702180149,0.0035));
#7319=CARTESIAN_POINT('Ctrl Pts',(1.26130179353455,0.4308702180149,0.0065));
#7320=CARTESIAN_POINT('Ctrl Pts',(1.26130179353455,0.399618628625454,0.0035));
#7321=CARTESIAN_POINT('Ctrl Pts',(1.26130179353455,0.399618628625454,0.0065));
#7322=CARTESIAN_POINT('',(1.31788845463045,0.4562052917897,0.0035));
#7323=CARTESIAN_POINT('Ctrl Pts',(1.26130179353455,0.399618628625454,0.0035));
#7324=CARTESIAN_POINT('Ctrl Pts',(1.26130179353455,0.4308702180149,0.0035));
#7325=CARTESIAN_POINT('Ctrl Pts',(1.28663323118335,0.4562052917897,0.0035));
#7326=CARTESIAN_POINT('Ctrl Pts',(1.31788845463045,0.4562052917897,0.0035));
#7327=CARTESIAN_POINT('',(1.31788845463045,0.4562052917897,0.0065));
#7328=CARTESIAN_POINT('Ctrl Pts',(1.31788845463045,0.4562052917897,0.0065));
#7329=CARTESIAN_POINT('Ctrl Pts',(1.28663323118335,0.4562052917897,0.0065));
#7330=CARTESIAN_POINT('Ctrl Pts',(1.26130179353455,0.4308702180149,0.0065));
#7331=CARTESIAN_POINT('Ctrl Pts',(1.26130179353455,0.399618628625454,0.0065));
#7332=CARTESIAN_POINT('',(1.31788845463045,0.4562052917897,0.0035));
#7333=CARTESIAN_POINT('Origin',(1.38477886327166,0.4561144117835,0.0035));
#7334=CARTESIAN_POINT('',(1.38477886327166,0.4561144117835,0.0035));
#7335=CARTESIAN_POINT('',(1.31788845463045,0.4562052917897,0.0035));
#7336=CARTESIAN_POINT('',(1.38477886327166,0.4561144117835,0.0065));
#7337=CARTESIAN_POINT('',(1.31788845463045,0.4562052917897,0.0065));
#7338=CARTESIAN_POINT('',(1.38477886327166,0.4561144117835,0.0035));
#7339=CARTESIAN_POINT('Origin',(1.38828524098916,0.4561371317849,0.0035));
#7340=CARTESIAN_POINT('',(1.38828524098916,0.4561371317849,0.0035));
#7341=CARTESIAN_POINT('',(1.38477886327166,0.4561144117835,0.0035));
#7342=CARTESIAN_POINT('',(1.38828524098916,0.4561371317849,0.0065));
#7343=CARTESIAN_POINT('',(1.38477886327166,0.4561144117835,0.0065));
#7344=CARTESIAN_POINT('',(1.38828524098916,0.4561371317849,0.0035));
#7345=CARTESIAN_POINT('Ctrl Pts',(1.39248389712956,0.451968465893,0.0035));
#7346=CARTESIAN_POINT('Ctrl Pts',(1.39248389712956,0.451968465893,0.0065));
#7347=CARTESIAN_POINT('Ctrl Pts',(1.39248389712956,0.452514805726766,0.0035));
#7348=CARTESIAN_POINT('Ctrl Pts',(1.39248389712956,0.452514805726766,0.0065));
#7349=CARTESIAN_POINT('Ctrl Pts',(1.39237671745175,0.453051604295503,0.0035));
#7350=CARTESIAN_POINT('Ctrl Pts',(1.39237671745175,0.453051604295503,0.0065));
#7351=CARTESIAN_POINT('Ctrl Pts',(1.39195457741408,0.454064244433341,0.0035));
#7352=CARTESIAN_POINT('Ctrl Pts',(1.39195457741408,0.454064244433341,0.0065));
#7353=CARTESIAN_POINT('Ctrl Pts',(1.39164213308034,0.454526607855524,0.0035));
#7354=CARTESIAN_POINT('Ctrl Pts',(1.39164213308034,0.454526607855524,0.0065));
#7355=CARTESIAN_POINT('Ctrl Pts',(1.39085778753745,0.455305551804848,0.0035));
#7356=CARTESIAN_POINT('Ctrl Pts',(1.39085778753745,0.455305551804848,0.0065));
#7357=CARTESIAN_POINT('Ctrl Pts',(1.39039101970131,0.455615699086937,0.0035));
#7358=CARTESIAN_POINT('Ctrl Pts',(1.39039101970131,0.455615699086937,0.0065));
#7359=CARTESIAN_POINT('Ctrl Pts',(1.38937169549646,0.456032545559406,0.0035));
#7360=CARTESIAN_POINT('Ctrl Pts',(1.38937169549646,0.456032545559406,0.0065));
#7361=CARTESIAN_POINT('Ctrl Pts',(1.3888332082972,0.4561371317849,0.0035));
#7362=CARTESIAN_POINT('Ctrl Pts',(1.3888332082972,0.4561371317849,0.0065));
#7363=CARTESIAN_POINT('Ctrl Pts',(1.38828524098916,0.4561371317849,0.0035));
#7364=CARTESIAN_POINT('Ctrl Pts',(1.38828524098916,0.4561371317849,0.0065));
#7365=CARTESIAN_POINT('',(1.39248389712956,0.451968465893,0.0035));
#7366=CARTESIAN_POINT('Ctrl Pts',(1.38828524098916,0.4561371317849,0.0035));
#7367=CARTESIAN_POINT('Ctrl Pts',(1.3888332082972,0.4561371317849,0.0035));
#7368=CARTESIAN_POINT('Ctrl Pts',(1.38937169549646,0.456032545559406,0.0035));
#7369=CARTESIAN_POINT('Ctrl Pts',(1.39039101970131,0.455615699086937,0.0035));
#7370=CARTESIAN_POINT('Ctrl Pts',(1.39085778753745,0.455305551804848,0.0035));
#7371=CARTESIAN_POINT('Ctrl Pts',(1.39164213308034,0.454526607855524,0.0035));
#7372=CARTESIAN_POINT('Ctrl Pts',(1.39195457741408,0.454064244433341,0.0035));
#7373=CARTESIAN_POINT('Ctrl Pts',(1.39237671745175,0.453051604295503,0.0035));
#7374=CARTESIAN_POINT('Ctrl Pts',(1.39248389712956,0.452514805726766,0.0035));
#7375=CARTESIAN_POINT('Ctrl Pts',(1.39248389712956,0.451968465893,0.0035));
#7376=CARTESIAN_POINT('',(1.39248389712956,0.451968465893,0.0065));
#7377=CARTESIAN_POINT('Ctrl Pts',(1.39248389712956,0.451968465893,0.0065));
#7378=CARTESIAN_POINT('Ctrl Pts',(1.39248389712956,0.452514805726766,0.0065));
#7379=CARTESIAN_POINT('Ctrl Pts',(1.39237671745175,0.453051604295503,0.0065));
#7380=CARTESIAN_POINT('Ctrl Pts',(1.39195457741408,0.454064244433341,0.0065));
#7381=CARTESIAN_POINT('Ctrl Pts',(1.39164213308034,0.454526607855524,0.0065));
#7382=CARTESIAN_POINT('Ctrl Pts',(1.39085778753745,0.455305551804848,0.0065));
#7383=CARTESIAN_POINT('Ctrl Pts',(1.39039101970131,0.455615699086937,0.0065));
#7384=CARTESIAN_POINT('Ctrl Pts',(1.38937169549646,0.456032545559406,0.0065));
#7385=CARTESIAN_POINT('Ctrl Pts',(1.3888332082972,0.4561371317849,0.0065));
#7386=CARTESIAN_POINT('Ctrl Pts',(1.38828524098916,0.4561371317849,0.0065));
#7387=CARTESIAN_POINT('',(1.39248389712956,0.451968465893,0.0035));
#7388=CARTESIAN_POINT('Ctrl Pts',(1.39216127311885,0.4503189937775,0.0035));
#7389=CARTESIAN_POINT('Ctrl Pts',(1.39248375124553,0.451028009424349,0.0035));
#7390=CARTESIAN_POINT('Ctrl Pts',(1.39248389712956,0.451968465893,0.0035));
#7391=CARTESIAN_POINT('Ctrl Pts',(1.39216127311885,0.4503189937775,0.0065));
#7392=CARTESIAN_POINT('Ctrl Pts',(1.39248375124553,0.451028009424349,0.0065));
#7393=CARTESIAN_POINT('Ctrl Pts',(1.39248389712956,0.451968465893,0.0065));
#7394=CARTESIAN_POINT('',(1.39216127311885,0.4503189937775,0.0035));
#7395=CARTESIAN_POINT('Origin',(1.38900538078032,0.453525547096539,0.0035));
#7396=CARTESIAN_POINT('',(1.39216127311885,0.4503189937775,0.0065));
#7397=CARTESIAN_POINT('Origin',(1.38900538078032,0.453525547096539,0.0065));
#7398=CARTESIAN_POINT('',(1.39216127311885,0.4503189937775,0.0035));
#7399=CARTESIAN_POINT('Origin',(1.39112774028415,0.4466783407223,0.0035));
#7400=CARTESIAN_POINT('',(1.39112774028415,0.4466783407223,0.0035));
#7401=CARTESIAN_POINT('',(1.39216127311885,0.4503189937775,0.0035));
#7402=CARTESIAN_POINT('',(1.39112774028415,0.4466783407223,0.0065));
#7403=CARTESIAN_POINT('',(1.39216127311885,0.4503189937775,0.0065));
#7404=CARTESIAN_POINT('',(1.39112774028415,0.4466783407223,0.0035));
#7405=CARTESIAN_POINT('Origin',(1.38436036085755,0.423054083067293,0.0035));
#7406=CARTESIAN_POINT('',(1.38436036085755,0.423054083067293,0.0035));
#7407=CARTESIAN_POINT('',(1.39112774028415,0.4466783407223,0.0035));
#7408=CARTESIAN_POINT('',(1.38436036085755,0.423054083067293,0.0065));
#7409=CARTESIAN_POINT('',(1.39112774028415,0.4466783407223,0.0065));
#7410=CARTESIAN_POINT('',(1.38436036085755,0.423054083067293,0.0035));
#7411=CARTESIAN_POINT('Origin',(1.37077561800236,0.375582002941502,0.0035));
#7412=CARTESIAN_POINT('',(1.37077561800236,0.375582002941502,0.0035));
#7413=CARTESIAN_POINT('',(1.38436036085755,0.423054083067293,0.0035));
#7414=CARTESIAN_POINT('',(1.37077561800236,0.375582002941502,0.0065));
#7415=CARTESIAN_POINT('',(1.38436036085755,0.423054083067293,0.0065));
#7416=CARTESIAN_POINT('',(1.37077561800236,0.375582002941502,0.0035));
#7417=CARTESIAN_POINT('Ctrl Pts',(1.37032803398756,0.373534930798088,0.0035));
#7418=CARTESIAN_POINT('Ctrl Pts',(1.37032803398756,0.373534930798088,0.0065));
#7419=CARTESIAN_POINT('Ctrl Pts',(1.37032803398755,0.374261970849023,0.0035));
#7420=CARTESIAN_POINT('Ctrl Pts',(1.37032803398755,0.374261970849023,0.0065));
#7421=CARTESIAN_POINT('Ctrl Pts',(1.37060294599676,0.374868594891521,0.0035));
#7422=CARTESIAN_POINT('Ctrl Pts',(1.37060294599676,0.374868594891521,0.0065));
#7423=CARTESIAN_POINT('Ctrl Pts',(1.37077561800236,0.375582002941502,0.0035));
#7424=CARTESIAN_POINT('Ctrl Pts',(1.37077561800236,0.375582002941502,0.0065));
#7425=CARTESIAN_POINT('',(1.37032803398756,0.373534930798088,0.0035));
#7426=CARTESIAN_POINT('Ctrl Pts',(1.37077561800236,0.375582002941502,0.0035));
#7427=CARTESIAN_POINT('Ctrl Pts',(1.37060294599676,0.374868594891521,0.0035));
#7428=CARTESIAN_POINT('Ctrl Pts',(1.37032803398755,0.374261970849023,0.0035));
#7429=CARTESIAN_POINT('Ctrl Pts',(1.37032803398756,0.373534930798088,0.0035));
#7430=CARTESIAN_POINT('',(1.37032803398756,0.373534930798088,0.0065));
#7431=CARTESIAN_POINT('Ctrl Pts',(1.37032803398756,0.373534930798088,0.0065));
#7432=CARTESIAN_POINT('Ctrl Pts',(1.37032803398755,0.374261970849023,0.0065));
#7433=CARTESIAN_POINT('Ctrl Pts',(1.37060294599676,0.374868594891521,0.0065));
#7434=CARTESIAN_POINT('Ctrl Pts',(1.37077561800236,0.375582002941502,0.0065));
#7435=CARTESIAN_POINT('',(1.37032803398756,0.373534930798088,0.0035));
#7436=CARTESIAN_POINT('Ctrl Pts',(1.37911476708175,0.3651410262101,0.0035));
#7437=CARTESIAN_POINT('Ctrl Pts',(1.37911476708175,0.3651410262101,0.0065));
#7438=CARTESIAN_POINT('Ctrl Pts',(1.37801537954564,0.3651410262101,0.0035));
#7439=CARTESIAN_POINT('Ctrl Pts',(1.37801537954564,0.3651410262101,0.0065));
#7440=CARTESIAN_POINT('Ctrl Pts',(1.37692771030788,0.365354310794416,0.0035));
#7441=CARTESIAN_POINT('Ctrl Pts',(1.37692771030788,0.365354310794416,0.0065));
#7442=CARTESIAN_POINT('Ctrl Pts',(1.37480518038622,0.366189272727881,0.0035));
#7443=CARTESIAN_POINT('Ctrl Pts',(1.37480518038622,0.366189272727881,0.0065));
#7444=CARTESIAN_POINT('Ctrl Pts',(1.37379142507257,0.36683686474163,0.0035));
#7445=CARTESIAN_POINT('Ctrl Pts',(1.37379142507257,0.36683686474163,0.0065));
#7446=CARTESIAN_POINT('Ctrl Pts',(1.37214337439953,0.368409619840142,0.0035));
#7447=CARTESIAN_POINT('Ctrl Pts',(1.37214337439953,0.368409619840142,0.0065));
#7448=CARTESIAN_POINT('Ctrl Pts',(1.37149043992968,0.369308261436752,0.0035));
#7449=CARTESIAN_POINT('Ctrl Pts',(1.37149043992968,0.369308261436752,0.0065));
#7450=CARTESIAN_POINT('Ctrl Pts',(1.37080799341326,0.370806288474274,0.0035));
#7451=CARTESIAN_POINT('Ctrl Pts',(1.37080799341326,0.370806288474274,0.0065));
#7452=CARTESIAN_POINT('Ctrl Pts',(1.37063165121234,0.371328037353287,0.0035));
#7453=CARTESIAN_POINT('Ctrl Pts',(1.37063165121234,0.371328037353287,0.0065));
#7454=CARTESIAN_POINT('Ctrl Pts',(1.37038973105818,0.372413822767885,0.0035));
#7455=CARTESIAN_POINT('Ctrl Pts',(1.37038973105818,0.372413822767885,0.0065));
#7456=CARTESIAN_POINT('Ctrl Pts',(1.37032803398755,0.37297248801174,0.0035));
#7457=CARTESIAN_POINT('Ctrl Pts',(1.37032803398755,0.37297248801174,0.0065));
#7458=CARTESIAN_POINT('Ctrl Pts',(1.37032803398756,0.373534930798088,0.0035));
#7459=CARTESIAN_POINT('Ctrl Pts',(1.37032803398756,0.373534930798088,0.0065));
#7460=CARTESIAN_POINT('',(1.37911476708175,0.3651410262101,0.0035));
#7461=CARTESIAN_POINT('Ctrl Pts',(1.37032803398756,0.373534930798088,0.0035));
#7462=CARTESIAN_POINT('Ctrl Pts',(1.37032803398755,0.37297248801174,0.0035));
#7463=CARTESIAN_POINT('Ctrl Pts',(1.37038973105818,0.372413822767885,0.0035));
#7464=CARTESIAN_POINT('Ctrl Pts',(1.37063165121234,0.371328037353287,0.0035));
#7465=CARTESIAN_POINT('Ctrl Pts',(1.37080799341326,0.370806288474274,0.0035));
#7466=CARTESIAN_POINT('Ctrl Pts',(1.37149043992968,0.369308261436752,0.0035));
#7467=CARTESIAN_POINT('Ctrl Pts',(1.37214337439953,0.368409619840142,0.0035));
#7468=CARTESIAN_POINT('Ctrl Pts',(1.37379142507257,0.36683686474163,0.0035));
#7469=CARTESIAN_POINT('Ctrl Pts',(1.37480518038622,0.366189272727881,0.0035));
#7470=CARTESIAN_POINT('Ctrl Pts',(1.37692771030788,0.365354310794416,0.0035));
#7471=CARTESIAN_POINT('Ctrl Pts',(1.37801537954564,0.3651410262101,0.0035));
#7472=CARTESIAN_POINT('Ctrl Pts',(1.37911476708175,0.3651410262101,0.0035));
#7473=CARTESIAN_POINT('',(1.37911476708175,0.3651410262101,0.0065));
#7474=CARTESIAN_POINT('Ctrl Pts',(1.37911476708175,0.3651410262101,0.0065));
#7475=CARTESIAN_POINT('Ctrl Pts',(1.37801537954564,0.3651410262101,0.0065));
#7476=CARTESIAN_POINT('Ctrl Pts',(1.37692771030788,0.365354310794416,0.0065));
#7477=CARTESIAN_POINT('Ctrl Pts',(1.37480518038622,0.366189272727881,0.0065));
#7478=CARTESIAN_POINT('Ctrl Pts',(1.37379142507257,0.36683686474163,0.0065));
#7479=CARTESIAN_POINT('Ctrl Pts',(1.37214337439953,0.368409619840142,0.0065));
#7480=CARTESIAN_POINT('Ctrl Pts',(1.37149043992968,0.369308261436752,0.0065));
#7481=CARTESIAN_POINT('Ctrl Pts',(1.37080799341326,0.370806288474274,0.0065));
#7482=CARTESIAN_POINT('Ctrl Pts',(1.37063165121234,0.371328037353287,0.0065));
#7483=CARTESIAN_POINT('Ctrl Pts',(1.37038973105818,0.372413822767885,0.0065));
#7484=CARTESIAN_POINT('Ctrl Pts',(1.37032803398755,0.37297248801174,0.0065));
#7485=CARTESIAN_POINT('Ctrl Pts',(1.37032803398756,0.373534930798088,0.0065));
#7486=CARTESIAN_POINT('',(1.37911476708175,0.3651410262101,0.0035));
#7487=CARTESIAN_POINT('Origin',(1.38865739460146,0.3651864662132,0.0035));
#7488=CARTESIAN_POINT('',(1.38865739460146,0.3651864662132,0.0035));
#7489=CARTESIAN_POINT('',(1.37911476708175,0.3651410262101,0.0035));
#7490=CARTESIAN_POINT('',(1.38865739460146,0.3651864662132,0.0065));
#7491=CARTESIAN_POINT('',(1.37911476708175,0.3651410262101,0.0065));
#7492=CARTESIAN_POINT('',(1.38865739460146,0.3651864662132,0.0035));
#7493=CARTESIAN_POINT('Ctrl Pts',(1.39285082514206,0.3609825843188,0.0035));
#7494=CARTESIAN_POINT('Ctrl Pts',(1.39285666384338,0.362724223291107,0.0035));
#7495=CARTESIAN_POINT('Ctrl Pts',(1.39162593299925,0.363958021505337,0.0035));
#7496=CARTESIAN_POINT('Ctrl Pts',(1.39039520215513,0.365191819719567,0.0035));
#7497=CARTESIAN_POINT('Ctrl Pts',(1.38865739460146,0.3651864662132,0.0035));
#7498=CARTESIAN_POINT('Ctrl Pts',(1.39285082514206,0.3609825843188,0.0065));
#7499=CARTESIAN_POINT('Ctrl Pts',(1.39285666384338,0.362724223291107,0.0065));
#7500=CARTESIAN_POINT('Ctrl Pts',(1.39162593299925,0.363958021505337,0.0065));
#7501=CARTESIAN_POINT('Ctrl Pts',(1.39039520215513,0.365191819719567,0.0065));
#7502=CARTESIAN_POINT('Ctrl Pts',(1.38865739460146,0.3651864662132,0.0065));
#7503=CARTESIAN_POINT('',(1.39285082514206,0.3609825843188,0.0035));
#7504=CARTESIAN_POINT('Origin',(1.38868421908285,0.361010662158998,0.0035));
#7505=CARTESIAN_POINT('',(1.39285082514206,0.3609825843188,0.0065));
#7506=CARTESIAN_POINT('Origin',(1.38868421908285,0.361010662158998,0.0065));
#7507=CARTESIAN_POINT('',(1.39285082514206,0.3609825843188,0.0035));
#7508=CARTESIAN_POINT('Ctrl Pts',(1.39118999308646,0.3546836910773,0.0035));
#7509=CARTESIAN_POINT('Ctrl Pts',(1.39118999308646,0.3546836910773,0.0065));
#7510=CARTESIAN_POINT('Ctrl Pts',(1.39119397444626,0.35469815305414,0.0035));
#7511=CARTESIAN_POINT('Ctrl Pts',(1.39119397444626,0.35469815305414,0.0065));
#7512=CARTESIAN_POINT('Ctrl Pts',(1.39285082514205,0.3607165331,0.0035));
#7513=CARTESIAN_POINT('Ctrl Pts',(1.39285082514205,0.3607165331,0.0065));
#7514=CARTESIAN_POINT('Ctrl Pts',(1.39285082514206,0.3609825843188,0.0035));
#7515=CARTESIAN_POINT('Ctrl Pts',(1.39285082514206,0.3609825843188,0.0065));
#7516=CARTESIAN_POINT('',(1.39118999308646,0.3546836910773,0.0035));
#7517=CARTESIAN_POINT('Ctrl Pts',(1.39285082514206,0.3609825843188,0.0035));
#7518=CARTESIAN_POINT('Ctrl Pts',(1.39285082514205,0.3607165331,0.0035));
#7519=CARTESIAN_POINT('Ctrl Pts',(1.39119397444626,0.35469815305414,0.0035));
#7520=CARTESIAN_POINT('Ctrl Pts',(1.39118999308646,0.3546836910773,0.0035));
#7521=CARTESIAN_POINT('',(1.39118999308646,0.3546836910773,0.0065));
#7522=CARTESIAN_POINT('Ctrl Pts',(1.39118999308646,0.3546836910773,0.0065));
#7523=CARTESIAN_POINT('Ctrl Pts',(1.39119397444626,0.35469815305414,0.0065));
#7524=CARTESIAN_POINT('Ctrl Pts',(1.39285082514205,0.3607165331,0.0065));
#7525=CARTESIAN_POINT('Ctrl Pts',(1.39285082514206,0.3609825843188,0.0065));
#7526=CARTESIAN_POINT('',(1.39118999308646,0.3546836910773,0.0035));
#7527=CARTESIAN_POINT('Ctrl Pts',(1.38040162792495,0.3513536204441,0.0035));
#7528=CARTESIAN_POINT('Ctrl Pts',(1.38040162792495,0.3513536204441,0.0065));
#7529=CARTESIAN_POINT('Ctrl Pts',(1.38910566021655,0.3513536204441,0.0035));
#7530=CARTESIAN_POINT('Ctrl Pts',(1.38910566021655,0.3513536204441,0.0065));
#7531=CARTESIAN_POINT('Ctrl Pts',(1.39080602507335,0.3527986125452,0.0035));
#7532=CARTESIAN_POINT('Ctrl Pts',(1.39080602507335,0.3527986125452,0.0065));
#7533=CARTESIAN_POINT('Ctrl Pts',(1.39118999308646,0.3546836910773,0.0035));
#7534=CARTESIAN_POINT('Ctrl Pts',(1.39118999308646,0.3546836910773,0.0065));
#7535=CARTESIAN_POINT('',(1.38040162792495,0.3513536204441,0.0035));
#7536=CARTESIAN_POINT('Ctrl Pts',(1.39118999308646,0.3546836910773,0.0035));
#7537=CARTESIAN_POINT('Ctrl Pts',(1.39080602507335,0.3527986125452,0.0035));
#7538=CARTESIAN_POINT('Ctrl Pts',(1.38910566021655,0.3513536204441,0.0035));
#7539=CARTESIAN_POINT('Ctrl Pts',(1.38040162792495,0.3513536204441,0.0035));
#7540=CARTESIAN_POINT('',(1.38040162792495,0.3513536204441,0.0065));
#7541=CARTESIAN_POINT('Ctrl Pts',(1.38040162792495,0.3513536204441,0.0065));
#7542=CARTESIAN_POINT('Ctrl Pts',(1.38910566021655,0.3513536204441,0.0065));
#7543=CARTESIAN_POINT('Ctrl Pts',(1.39080602507335,0.3527986125452,0.0065));
#7544=CARTESIAN_POINT('Ctrl Pts',(1.39118999308646,0.3546836910773,0.0065));
#7545=CARTESIAN_POINT('',(1.38040162792495,0.3513536204441,0.0035));
#7546=CARTESIAN_POINT('Origin',(0.992755928537655,0.351367252445,0.0035));
#7547=CARTESIAN_POINT('',(0.992755928537655,0.351367252445,0.0035));
#7548=CARTESIAN_POINT('',(1.38040162792495,0.3513536204441,0.0035));
#7549=CARTESIAN_POINT('',(0.992755928537655,0.351367252445,0.0065));
#7550=CARTESIAN_POINT('',(1.38040162792495,0.3513536204441,0.0065));
#7551=CARTESIAN_POINT('',(0.992755928537655,0.351367252445,0.0035));
#7552=CARTESIAN_POINT('Origin',(0.999439016761455,0.3513899724467,0.0035));
#7553=CARTESIAN_POINT('',(0.999439016761455,0.3513899724467,0.0035));
#7554=CARTESIAN_POINT('',(0.992755928537655,0.351367252445,0.0035));
#7555=CARTESIAN_POINT('',(0.999439016761455,0.3513899724467,0.0065));
#7556=CARTESIAN_POINT('',(0.992755928537655,0.351367252445,0.0065));
#7557=CARTESIAN_POINT('',(0.999439016761455,0.3513899724467,0.0035));
#7558=CARTESIAN_POINT('Origin',(0.979016235277155,0.3513899724467,0.0035));
#7559=CARTESIAN_POINT('',(0.979016235277155,0.3513899724467,0.0035));
#7560=CARTESIAN_POINT('',(0.999439016761455,0.3513899724467,0.0035));
#7561=CARTESIAN_POINT('',(0.979016235277155,0.3513899724467,0.0065));
#7562=CARTESIAN_POINT('',(0.999439016761455,0.3513899724467,0.0065));
#7563=CARTESIAN_POINT('',(0.979016235277155,0.3513899724467,0.0035));
#7564=CARTESIAN_POINT('Ctrl Pts',(0.953871556034955,0.376536470208371,0.0035));
#7565=CARTESIAN_POINT('Ctrl Pts',(0.953871556034955,0.376536470208371,0.0065));
#7566=CARTESIAN_POINT('Ctrl Pts',(0.953871556034955,0.3626540948357,0.0035));
#7567=CARTESIAN_POINT('Ctrl Pts',(0.953871556034955,0.3626540948357,0.0065));
#7568=CARTESIAN_POINT('Ctrl Pts',(0.965133860412255,0.3513899724467,0.0035));
#7569=CARTESIAN_POINT('Ctrl Pts',(0.965133860412255,0.3513899724467,0.0065));
#7570=CARTESIAN_POINT('Ctrl Pts',(0.979016235277155,0.3513899724467,0.0035));
#7571=CARTESIAN_POINT('Ctrl Pts',(0.979016235277155,0.3513899724467,0.0065));
#7572=CARTESIAN_POINT('',(0.953871556034955,0.376536470208371,0.0035));
#7573=CARTESIAN_POINT('Ctrl Pts',(0.979016235277155,0.3513899724467,0.0035));
#7574=CARTESIAN_POINT('Ctrl Pts',(0.965133860412255,0.3513899724467,0.0035));
#7575=CARTESIAN_POINT('Ctrl Pts',(0.953871556034955,0.3626540948357,0.0035));
#7576=CARTESIAN_POINT('Ctrl Pts',(0.953871556034955,0.376536470208371,0.0035));
#7577=CARTESIAN_POINT('',(0.953871556034955,0.376536470208371,0.0065));
#7578=CARTESIAN_POINT('Ctrl Pts',(0.953871556034955,0.376536470208371,0.0065));
#7579=CARTESIAN_POINT('Ctrl Pts',(0.953871556034955,0.3626540948357,0.0065));
#7580=CARTESIAN_POINT('Ctrl Pts',(0.965133860412255,0.3513899724467,0.0065));
#7581=CARTESIAN_POINT('Ctrl Pts',(0.979016235277155,0.3513899724467,0.0065));
#7582=CARTESIAN_POINT('',(0.953871556034955,0.376536470208371,0.0035));
#7583=CARTESIAN_POINT('Ctrl Pts',(0.954871236068355,0.383617840304474,0.0035));
#7584=CARTESIAN_POINT('Ctrl Pts',(0.953871489613723,0.380198905184263,0.0035));
#7585=CARTESIAN_POINT('Ctrl Pts',(0.953871556034955,0.376536470208371,0.0035));
#7586=CARTESIAN_POINT('Ctrl Pts',(0.954871236068355,0.383617840304474,0.0065));
#7587=CARTESIAN_POINT('Ctrl Pts',(0.953871489613723,0.380198905184263,0.0065));
#7588=CARTESIAN_POINT('Ctrl Pts',(0.953871556034955,0.376536470208371,0.0065));
#7589=CARTESIAN_POINT('',(0.954871236068355,0.383617840304474,0.0035));
#7590=CARTESIAN_POINT('Origin',(0.975312956289458,0.374976933986281,0.0035));
#7591=CARTESIAN_POINT('',(0.954871236068355,0.383617840304474,0.0065));
#7592=CARTESIAN_POINT('Origin',(0.975312956289458,0.374976933986281,0.0065));
#7593=CARTESIAN_POINT('',(0.954871236068355,0.383617840304474,0.0035));
#7594=CARTESIAN_POINT('Origin',(0.966980996474055,0.425434003234022,0.0035));
#7595=CARTESIAN_POINT('',(0.966980996474055,0.425434003234022,0.0035));
#7596=CARTESIAN_POINT('',(0.954871236068355,0.383617840304474,0.0035));
#7597=CARTESIAN_POINT('',(0.966980996474055,0.425434003234022,0.0065));
#7598=CARTESIAN_POINT('',(0.954871236068355,0.383617840304474,0.0065));
#7599=CARTESIAN_POINT('',(0.966980996474055,0.425434003234022,0.0035));
#7600=CARTESIAN_POINT('Ctrl Pts',(0.967140036479355,0.427031219345921,0.0035));
#7601=CARTESIAN_POINT('Ctrl Pts',(0.967140036479355,0.427031219345921,0.0065));
#7602=CARTESIAN_POINT('Ctrl Pts',(0.967140036479355,0.426470035306604,0.0035));
#7603=CARTESIAN_POINT('Ctrl Pts',(0.967140036479355,0.426470035306604,0.0065));
#7604=CARTESIAN_POINT('Ctrl Pts',(0.967071876476955,0.426008819274293,0.0035));
#7605=CARTESIAN_POINT('Ctrl Pts',(0.967071876476955,0.426008819274293,0.0065));
#7606=CARTESIAN_POINT('Ctrl Pts',(0.966980996474055,0.425434003234022,0.0035));
#7607=CARTESIAN_POINT('Ctrl Pts',(0.966980996474055,0.425434003234022,0.0065));
#7608=CARTESIAN_POINT('',(0.967140036479355,0.427031219345921,0.0035));
#7609=CARTESIAN_POINT('Ctrl Pts',(0.966980996474055,0.425434003234022,0.0035));
#7610=CARTESIAN_POINT('Ctrl Pts',(0.967071876476955,0.426008819274293,0.0035));
#7611=CARTESIAN_POINT('Ctrl Pts',(0.967140036479355,0.426470035306604,0.0035));
#7612=CARTESIAN_POINT('Ctrl Pts',(0.967140036479355,0.427031219345921,0.0035));
#7613=CARTESIAN_POINT('',(0.967140036479355,0.427031219345921,0.0065));
#7614=CARTESIAN_POINT('Ctrl Pts',(0.967140036479355,0.427031219345921,0.0065));
#7615=CARTESIAN_POINT('Ctrl Pts',(0.967140036479355,0.426470035306604,0.0065));
#7616=CARTESIAN_POINT('Ctrl Pts',(0.967071876476955,0.426008819274293,0.0065));
#7617=CARTESIAN_POINT('Ctrl Pts',(0.966980996474055,0.425434003234022,0.0065));
#7618=CARTESIAN_POINT('',(0.967140036479355,0.427031219345921,0.0035));
#7619=CARTESIAN_POINT('Ctrl Pts',(0.958747949798055,0.4354092199328,0.0035));
#7620=CARTESIAN_POINT('Ctrl Pts',(0.958747949798055,0.4354092199328,0.0065));
#7621=CARTESIAN_POINT('Ctrl Pts',(0.959851658114119,0.4354092199328,0.0035));
#7622=CARTESIAN_POINT('Ctrl Pts',(0.959851658114119,0.4354092199328,0.0065));
#7623=CARTESIAN_POINT('Ctrl Pts',(0.960936415617689,0.435196492843248,0.0035));
#7624=CARTESIAN_POINT('Ctrl Pts',(0.960936415617689,0.435196492843248,0.0065));
#7625=CARTESIAN_POINT('Ctrl Pts',(0.962974849045774,0.434354719625644,0.0035));
#7626=CARTESIAN_POINT('Ctrl Pts',(0.962974849045774,0.434354719625644,0.0065));
#7627=CARTESIAN_POINT('Ctrl Pts',(0.963902321931815,0.433734659075196,0.0035));
#7628=CARTESIAN_POINT('Ctrl Pts',(0.963902321931815,0.433734659075196,0.0065));
#7629=CARTESIAN_POINT('Ctrl Pts',(0.965463596566478,0.432176090058448,0.0035));
#7630=CARTESIAN_POINT('Ctrl Pts',(0.965463596566478,0.432176090058448,0.0065));
#7631=CARTESIAN_POINT('Ctrl Pts',(0.96608504770503,0.431249996724607,0.0035));
#7632=CARTESIAN_POINT('Ctrl Pts',(0.96608504770503,0.431249996724607,0.0065));
#7633=CARTESIAN_POINT('Ctrl Pts',(0.966927539615484,0.429214580897109,0.0035));
#7634=CARTESIAN_POINT('Ctrl Pts',(0.966927539615484,0.429214580897109,0.0065));
#7635=CARTESIAN_POINT('Ctrl Pts',(0.967140036479355,0.42813259285927,0.0035));
#7636=CARTESIAN_POINT('Ctrl Pts',(0.967140036479355,0.42813259285927,0.0065));
#7637=CARTESIAN_POINT('Ctrl Pts',(0.967140036479355,0.427031219345921,0.0035));
#7638=CARTESIAN_POINT('Ctrl Pts',(0.967140036479355,0.427031219345921,0.0065));
#7639=CARTESIAN_POINT('',(0.958747949798055,0.4354092199328,0.0035));
#7640=CARTESIAN_POINT('Ctrl Pts',(0.967140036479355,0.427031219345921,0.0035));
#7641=CARTESIAN_POINT('Ctrl Pts',(0.967140036479355,0.42813259285927,0.0035));
#7642=CARTESIAN_POINT('Ctrl Pts',(0.966927539615484,0.429214580897109,0.0035));
#7643=CARTESIAN_POINT('Ctrl Pts',(0.96608504770503,0.431249996724607,0.0035));
#7644=CARTESIAN_POINT('Ctrl Pts',(0.965463596566478,0.432176090058448,0.0035));
#7645=CARTESIAN_POINT('Ctrl Pts',(0.963902321931815,0.433734659075196,0.0035));
#7646=CARTESIAN_POINT('Ctrl Pts',(0.962974849045774,0.434354719625644,0.0035));
#7647=CARTESIAN_POINT('Ctrl Pts',(0.960936415617689,0.435196492843248,0.0035));
#7648=CARTESIAN_POINT('Ctrl Pts',(0.959851658114119,0.4354092199328,0.0035));
#7649=CARTESIAN_POINT('Ctrl Pts',(0.958747949798055,0.4354092199328,0.0035));
#7650=CARTESIAN_POINT('',(0.958747949798055,0.4354092199328,0.0065));
#7651=CARTESIAN_POINT('Ctrl Pts',(0.958747949798055,0.4354092199328,0.0065));
#7652=CARTESIAN_POINT('Ctrl Pts',(0.959851658114119,0.4354092199328,0.0065));
#7653=CARTESIAN_POINT('Ctrl Pts',(0.960936415617689,0.435196492843248,0.0065));
#7654=CARTESIAN_POINT('Ctrl Pts',(0.962974849045774,0.434354719625644,0.0065));
#7655=CARTESIAN_POINT('Ctrl Pts',(0.963902321931815,0.433734659075196,0.0065));
#7656=CARTESIAN_POINT('Ctrl Pts',(0.965463596566478,0.432176090058448,0.0065));
#7657=CARTESIAN_POINT('Ctrl Pts',(0.96608504770503,0.431249996724607,0.0065));
#7658=CARTESIAN_POINT('Ctrl Pts',(0.966927539615484,0.429214580897109,0.0065));
#7659=CARTESIAN_POINT('Ctrl Pts',(0.967140036479355,0.42813259285927,0.0065));
#7660=CARTESIAN_POINT('Ctrl Pts',(0.967140036479355,0.427031219345921,0.0065));
#7661=CARTESIAN_POINT('',(0.958747949798055,0.4354092199328,0.0035));
#7662=CARTESIAN_POINT('Origin',(0.925131800191958,0.4354092199328,0.0035));
#7663=CARTESIAN_POINT('',(0.925131800191958,0.4354092199328,0.0035));
#7664=CARTESIAN_POINT('',(0.958747949798055,0.4354092199328,0.0035));
#7665=CARTESIAN_POINT('',(0.925131800191958,0.4354092199328,0.0065));
#7666=CARTESIAN_POINT('',(0.940899458000223,0.4354092199328,0.0065));
#7667=CARTESIAN_POINT('',(0.925131800191958,0.4354092199328,0.0035));
#7668=CARTESIAN_POINT('Ctrl Pts',(0.925131800191958,0.4354092199328,0.0035));
#7669=CARTESIAN_POINT('Ctrl Pts',(0.921945651510401,0.435419006932605,0.0035));
#7670=CARTESIAN_POINT('Ctrl Pts',(0.921096955256778,0.432325888517,0.0035));
#7671=CARTESIAN_POINT('Ctrl Pts',(0.925131800191958,0.4354092199328,0.0065));
#7672=CARTESIAN_POINT('Ctrl Pts',(0.921945651510401,0.435419006932605,0.0065));
#7673=CARTESIAN_POINT('Ctrl Pts',(0.921096955256778,0.432325888517,0.0065));
#7674=CARTESIAN_POINT('',(0.921096955256778,0.432325888517,0.0035));
#7675=CARTESIAN_POINT('Origin',(0.925041008479366,0.431310003563448,0.0035));
#7676=CARTESIAN_POINT('',(0.921096955256778,0.432325888517,0.0065));
#7677=CARTESIAN_POINT('Origin',(0.925041008479366,0.431310003563448,0.0065));
#7678=CARTESIAN_POINT('',(0.921096955256778,0.432325888517,0.0035));
#7679=CARTESIAN_POINT('Origin',(0.902906618327346,0.368658082456427,0.0035));
#7680=CARTESIAN_POINT('',(0.902906618327346,0.368658082456427,0.0035));
#7681=CARTESIAN_POINT('',(0.921096955256778,0.432325888517,0.0035));
#7682=CARTESIAN_POINT('',(0.902906618327346,0.368658082456427,0.0065));
#7683=CARTESIAN_POINT('',(0.921096955256778,0.432325888517,0.0065));
#7684=CARTESIAN_POINT('',(0.902906618327346,0.368658082456427,0.0035));
#7685=CARTESIAN_POINT('Ctrl Pts',(0.879026966007255,0.3513522572441,0.0035));
#7686=CARTESIAN_POINT('Ctrl Pts',(0.879026966007255,0.3513522572441,0.0065));
#7687=CARTESIAN_POINT('Ctrl Pts',(0.881755102152131,0.3513522572441,0.0035));
#7688=CARTESIAN_POINT('Ctrl Pts',(0.881755102152131,0.3513522572441,0.0065));
#7689=CARTESIAN_POINT('Ctrl Pts',(0.884457166787562,0.351759745153442,0.0035));
#7690=CARTESIAN_POINT('Ctrl Pts',(0.884457166787562,0.351759745153442,0.0065));
#7691=CARTESIAN_POINT('Ctrl Pts',(0.889528214275477,0.353393734607698,0.0035));
#7692=CARTESIAN_POINT('Ctrl Pts',(0.889528214275477,0.353393734607698,0.0065));
#7693=CARTESIAN_POINT('Ctrl Pts',(0.891861811640164,0.354569298718953,0.0035));
#7694=CARTESIAN_POINT('Ctrl Pts',(0.891861811640164,0.354569298718953,0.0065));
#7695=CARTESIAN_POINT('Ctrl Pts',(0.896069034504139,0.357619060778867,0.0035));
#7696=CARTESIAN_POINT('Ctrl Pts',(0.896069034504139,0.357619060778867,0.0065));
#7697=CARTESIAN_POINT('Ctrl Pts',(0.897908530903805,0.359466379950819,0.0035));
#7698=CARTESIAN_POINT('Ctrl Pts',(0.897908530903805,0.359466379950819,0.0065));
#7699=CARTESIAN_POINT('Ctrl Pts',(0.900962749759472,0.363732147566924,0.0035));
#7700=CARTESIAN_POINT('Ctrl Pts',(0.900962749759472,0.363732147566924,0.0065));
#7701=CARTESIAN_POINT('Ctrl Pts',(0.902133210419029,0.366119421595502,0.0035));
#7702=CARTESIAN_POINT('Ctrl Pts',(0.902133210419029,0.366119421595502,0.0065));
#7703=CARTESIAN_POINT('Ctrl Pts',(0.902906618327346,0.368658082456427,0.0035));
#7704=CARTESIAN_POINT('Ctrl Pts',(0.902906618327346,0.368658082456427,0.0065));
#7705=CARTESIAN_POINT('',(0.879026966007255,0.3513522572441,0.0035));
#7706=CARTESIAN_POINT('Ctrl Pts',(0.902906618327346,0.368658082456427,0.0035));
#7707=CARTESIAN_POINT('Ctrl Pts',(0.902133210419029,0.366119421595502,0.0035));
#7708=CARTESIAN_POINT('Ctrl Pts',(0.900962749759472,0.363732147566924,0.0035));
#7709=CARTESIAN_POINT('Ctrl Pts',(0.897908530903805,0.359466379950819,0.0035));
#7710=CARTESIAN_POINT('Ctrl Pts',(0.896069034504139,0.357619060778867,0.0035));
#7711=CARTESIAN_POINT('Ctrl Pts',(0.891861811640164,0.354569298718953,0.0035));
#7712=CARTESIAN_POINT('Ctrl Pts',(0.889528214275477,0.353393734607698,0.0035));
#7713=CARTESIAN_POINT('Ctrl Pts',(0.884457166787562,0.351759745153442,0.0035));
#7714=CARTESIAN_POINT('Ctrl Pts',(0.881755102152131,0.3513522572441,0.0035));
#7715=CARTESIAN_POINT('Ctrl Pts',(0.879026966007255,0.3513522572441,0.0035));
#7716=CARTESIAN_POINT('',(0.879026966007255,0.3513522572441,0.0065));
#7717=CARTESIAN_POINT('Ctrl Pts',(0.879026966007255,0.3513522572441,0.0065));
#7718=CARTESIAN_POINT('Ctrl Pts',(0.881755102152131,0.3513522572441,0.0065));
#7719=CARTESIAN_POINT('Ctrl Pts',(0.884457166787562,0.351759745153442,0.0065));
#7720=CARTESIAN_POINT('Ctrl Pts',(0.889528214275477,0.353393734607698,0.0065));
#7721=CARTESIAN_POINT('Ctrl Pts',(0.891861811640164,0.354569298718953,0.0065));
#7722=CARTESIAN_POINT('Ctrl Pts',(0.896069034504139,0.357619060778867,0.0065));
#7723=CARTESIAN_POINT('Ctrl Pts',(0.897908530903805,0.359466379950819,0.0065));
#7724=CARTESIAN_POINT('Ctrl Pts',(0.900962749759472,0.363732147566924,0.0065));
#7725=CARTESIAN_POINT('Ctrl Pts',(0.902133210419029,0.366119421595502,0.0065));
#7726=CARTESIAN_POINT('Ctrl Pts',(0.902906618327346,0.368658082456427,0.0065));
#7727=CARTESIAN_POINT('',(0.879026966007255,0.3513522572441,0.0035));
#7728=CARTESIAN_POINT('Origin',(0.658614558622755,0.3513522572441,0.0035));
#7729=CARTESIAN_POINT('',(0.658614558622755,0.3513522572441,0.0035));
#7730=CARTESIAN_POINT('',(0.879026966007255,0.3513522572441,0.0035));
#7731=CARTESIAN_POINT('',(0.658614558622755,0.3513522572441,0.0065));
#7732=CARTESIAN_POINT('',(0.879026966007255,0.3513522572441,0.0065));
#7733=CARTESIAN_POINT('',(0.658614558622755,0.3513522572441,0.0035));
#7734=CARTESIAN_POINT('Origin',(0.637446561113655,0.3513068172407,0.0035));
#7735=CARTESIAN_POINT('',(0.637446561113655,0.3513068172407,0.0035));
#7736=CARTESIAN_POINT('',(0.658614558622755,0.3513522572441,0.0035));
#7737=CARTESIAN_POINT('',(0.637446561113655,0.3513068172407,0.0065));
#7738=CARTESIAN_POINT('',(0.658614558622755,0.3513522572441,0.0065));
#7739=CARTESIAN_POINT('',(0.637446561113655,0.3513068172407,0.0035));
#7740=CARTESIAN_POINT('Ctrl Pts',(0.633265444813455,0.3554650319321,0.0035));
#7741=CARTESIAN_POINT('Ctrl Pts',(0.633265444813455,0.3554650319321,0.0065));
#7742=CARTESIAN_POINT('Ctrl Pts',(0.633265444813455,0.354914724963832,0.0035));
#7743=CARTESIAN_POINT('Ctrl Pts',(0.633265444813455,0.354914724963832,0.0065));
#7744=CARTESIAN_POINT('Ctrl Pts',(0.633371313250461,0.354374326580244,0.0035));
#7745=CARTESIAN_POINT('Ctrl Pts',(0.633371313250461,0.354374326580244,0.0065));
#7746=CARTESIAN_POINT('Ctrl Pts',(0.633791642010676,0.353363452397683,0.0035));
#7747=CARTESIAN_POINT('Ctrl Pts',(0.633791642010676,0.353363452397683,0.0065));
#7748=CARTESIAN_POINT('Ctrl Pts',(0.634099368435589,0.352906552526901,0.0035));
#7749=CARTESIAN_POINT('Ctrl Pts',(0.634099368435589,0.352906552526901,0.0065));
#7750=CARTESIAN_POINT('Ctrl Pts',(0.634872975653153,0.352137301973026,0.0035));
#7751=CARTESIAN_POINT('Ctrl Pts',(0.634872975653153,0.352137301973026,0.0065));
#7752=CARTESIAN_POINT('Ctrl Pts',(0.635331940115558,0.35183194141272,0.0035));
#7753=CARTESIAN_POINT('Ctrl Pts',(0.635331940115558,0.35183194141272,0.0065));
#7754=CARTESIAN_POINT('Ctrl Pts',(0.636347868145913,0.351412911564556,0.0035));
#7755=CARTESIAN_POINT('Ctrl Pts',(0.636347868145913,0.351412911564556,0.0065));
#7756=CARTESIAN_POINT('Ctrl Pts',(0.636892594939432,0.3513068172407,0.0035));
#7757=CARTESIAN_POINT('Ctrl Pts',(0.636892594939432,0.3513068172407,0.0065));
#7758=CARTESIAN_POINT('Ctrl Pts',(0.637446561113655,0.3513068172407,0.0035));
#7759=CARTESIAN_POINT('Ctrl Pts',(0.637446561113655,0.3513068172407,0.0065));
#7760=CARTESIAN_POINT('',(0.633265444813455,0.3554650319321,0.0035));
#7761=CARTESIAN_POINT('Ctrl Pts',(0.637446561113655,0.3513068172407,0.0035));
#7762=CARTESIAN_POINT('Ctrl Pts',(0.636892594939432,0.3513068172407,0.0035));
#7763=CARTESIAN_POINT('Ctrl Pts',(0.636347868145913,0.351412911564556,0.0035));
#7764=CARTESIAN_POINT('Ctrl Pts',(0.635331940115558,0.35183194141272,0.0035));
#7765=CARTESIAN_POINT('Ctrl Pts',(0.634872975653153,0.352137301973026,0.0035));
#7766=CARTESIAN_POINT('Ctrl Pts',(0.634099368435589,0.352906552526901,0.0035));
#7767=CARTESIAN_POINT('Ctrl Pts',(0.633791642010676,0.353363452397683,0.0035));
#7768=CARTESIAN_POINT('Ctrl Pts',(0.633371313250461,0.354374326580244,0.0035));
#7769=CARTESIAN_POINT('Ctrl Pts',(0.633265444813455,0.354914724963832,0.0035));
#7770=CARTESIAN_POINT('Ctrl Pts',(0.633265444813455,0.3554650319321,0.0035));
#7771=CARTESIAN_POINT('',(0.633265444813455,0.3554650319321,0.0065));
#7772=CARTESIAN_POINT('Ctrl Pts',(0.633265444813455,0.3554650319321,0.0065));
#7773=CARTESIAN_POINT('Ctrl Pts',(0.633265444813455,0.354914724963832,0.0065));
#7774=CARTESIAN_POINT('Ctrl Pts',(0.633371313250461,0.354374326580244,0.0065));
#7775=CARTESIAN_POINT('Ctrl Pts',(0.633791642010676,0.353363452397683,0.0065));
#7776=CARTESIAN_POINT('Ctrl Pts',(0.634099368435589,0.352906552526901,0.0065));
#7777=CARTESIAN_POINT('Ctrl Pts',(0.634872975653153,0.352137301973026,0.0065));
#7778=CARTESIAN_POINT('Ctrl Pts',(0.635331940115558,0.35183194141272,0.0065));
#7779=CARTESIAN_POINT('Ctrl Pts',(0.636347868145913,0.351412911564556,0.0065));
#7780=CARTESIAN_POINT('Ctrl Pts',(0.636892594939432,0.3513068172407,0.0065));
#7781=CARTESIAN_POINT('Ctrl Pts',(0.637446561113655,0.3513068172407,0.0065));
#7782=CARTESIAN_POINT('',(0.633265444813455,0.3554650319321,0.0035));
#7783=CARTESIAN_POINT('Ctrl Pts',(0.634435297652655,0.3599719986479,0.0035));
#7784=CARTESIAN_POINT('Ctrl Pts',(0.634435297652655,0.3599719986479,0.0065));
#7785=CARTESIAN_POINT('Ctrl Pts',(0.634431020747432,0.359957621301771,0.0035));
#7786=CARTESIAN_POINT('Ctrl Pts',(0.634431020747432,0.359957621301771,0.0065));
#7787=CARTESIAN_POINT('Ctrl Pts',(0.633265444813455,0.3560393935724,0.0035));
#7788=CARTESIAN_POINT('Ctrl Pts',(0.633265444813455,0.3560393935724,0.0065));
#7789=CARTESIAN_POINT('Ctrl Pts',(0.633265444813455,0.3554650319321,0.0035));
#7790=CARTESIAN_POINT('Ctrl Pts',(0.633265444813455,0.3554650319321,0.0065));
#7791=CARTESIAN_POINT('',(0.634435297652655,0.3599719986479,0.0035));
#7792=CARTESIAN_POINT('Ctrl Pts',(0.633265444813455,0.3554650319321,0.0035));
#7793=CARTESIAN_POINT('Ctrl Pts',(0.633265444813455,0.3560393935724,0.0035));
#7794=CARTESIAN_POINT('Ctrl Pts',(0.634431020747432,0.359957621301771,0.0035));
#7795=CARTESIAN_POINT('Ctrl Pts',(0.634435297652655,0.3599719986479,0.0035));
#7796=CARTESIAN_POINT('',(0.634435297652655,0.3599719986479,0.0065));
#7797=CARTESIAN_POINT('Ctrl Pts',(0.634435297652655,0.3599719986479,0.0065));
#7798=CARTESIAN_POINT('Ctrl Pts',(0.634431020747432,0.359957621301771,0.0065));
#7799=CARTESIAN_POINT('Ctrl Pts',(0.633265444813455,0.3560393935724,0.0065));
#7800=CARTESIAN_POINT('Ctrl Pts',(0.633265444813455,0.3554650319321,0.0065));
#7801=CARTESIAN_POINT('',(0.634435297652655,0.3599719986479,0.0035));
#7802=CARTESIAN_POINT('Ctrl Pts',(0.652990336034355,0.42634462089782,0.0035));
#7803=CARTESIAN_POINT('Ctrl Pts',(0.652990336034355,0.42634462089782,0.0065));
#7804=CARTESIAN_POINT('Ctrl Pts',(0.652567516820355,0.42392903032859,0.0035));
#7805=CARTESIAN_POINT('Ctrl Pts',(0.652567516820355,0.42392903032859,0.0065));
#7806=CARTESIAN_POINT('Ctrl Pts',(0.634439389001353,0.359986429894064,0.0035));
#7807=CARTESIAN_POINT('Ctrl Pts',(0.634439389001353,0.359986429894064,0.0065));
#7808=CARTESIAN_POINT('Ctrl Pts',(0.634435297652655,0.3599719986479,0.0035));
#7809=CARTESIAN_POINT('Ctrl Pts',(0.634435297652655,0.3599719986479,0.0065));
#7810=CARTESIAN_POINT('',(0.652990336034355,0.42634462089782,0.0035));
#7811=CARTESIAN_POINT('Ctrl Pts',(0.634435297652655,0.3599719986479,0.0035));
#7812=CARTESIAN_POINT('Ctrl Pts',(0.634439389001353,0.359986429894064,0.0035));
#7813=CARTESIAN_POINT('Ctrl Pts',(0.652567516820355,0.42392903032859,0.0035));
#7814=CARTESIAN_POINT('Ctrl Pts',(0.652990336034355,0.42634462089782,0.0035));
#7815=CARTESIAN_POINT('',(0.652990336034355,0.42634462089782,0.0065));
#7816=CARTESIAN_POINT('Ctrl Pts',(0.652990336034355,0.42634462089782,0.0065));
#7817=CARTESIAN_POINT('Ctrl Pts',(0.652567516820355,0.42392903032859,0.0065));
#7818=CARTESIAN_POINT('Ctrl Pts',(0.634439389001353,0.359986429894064,0.0065));
#7819=CARTESIAN_POINT('Ctrl Pts',(0.634435297652655,0.3599719986479,0.0065));
#7820=CARTESIAN_POINT('',(0.652990336034355,0.42634462089782,0.0035));
#7821=CARTESIAN_POINT('Ctrl Pts',(0.648814503876761,0.430515109126091,0.0035));
#7822=CARTESIAN_POINT('Ctrl Pts',(0.648814503876761,0.430515109126091,0.0065));
#7823=CARTESIAN_POINT('Ctrl Pts',(0.649129209944344,0.430515178729321,0.0035));
#7824=CARTESIAN_POINT('Ctrl Pts',(0.649129209944344,0.430515178729321,0.0065));
#7825=CARTESIAN_POINT('Ctrl Pts',(0.649443710552937,0.430479337211764,0.0035));
#7826=CARTESIAN_POINT('Ctrl Pts',(0.649443710552937,0.430479337211764,0.0065));
#7827=CARTESIAN_POINT('Ctrl Pts',(0.65005790525764,0.430344126486026,0.0035));
#7828=CARTESIAN_POINT('Ctrl Pts',(0.65005790525764,0.430344126486026,0.0065));
#7829=CARTESIAN_POINT('Ctrl Pts',(0.650358377472632,0.43024469256862,0.0035));
#7830=CARTESIAN_POINT('Ctrl Pts',(0.650358377472632,0.43024469256862,0.0065));
#7831=CARTESIAN_POINT('Ctrl Pts',(0.651146038383307,0.429894352546916,0.0035));
#7832=CARTESIAN_POINT('Ctrl Pts',(0.651146038383307,0.429894352546916,0.0065));
#7833=CARTESIAN_POINT('Ctrl Pts',(0.651612537272097,0.429582811073288,0.0035));
#7834=CARTESIAN_POINT('Ctrl Pts',(0.651612537272097,0.429582811073288,0.0065));
#7835=CARTESIAN_POINT('Ctrl Pts',(0.652337753726279,0.428861932701262,0.0035));
#7836=CARTESIAN_POINT('Ctrl Pts',(0.652337753726279,0.428861932701262,0.0065));
#7837=CARTESIAN_POINT('Ctrl Pts',(0.652617129641096,0.428468788995269,0.0035));
#7838=CARTESIAN_POINT('Ctrl Pts',(0.652617129641096,0.428468788995269,0.0065));
#7839=CARTESIAN_POINT('Ctrl Pts',(0.652910538472648,0.427770076492458,0.0035));
#7840=CARTESIAN_POINT('Ctrl Pts',(0.652910538472648,0.427770076492458,0.0065));
#7841=CARTESIAN_POINT('Ctrl Pts',(0.652984458068367,0.427497489579228,0.0035));
#7842=CARTESIAN_POINT('Ctrl Pts',(0.652984458068367,0.427497489579228,0.0065));
#7843=CARTESIAN_POINT('Ctrl Pts',(0.653052581833179,0.426925322228447,0.0035));
#7844=CARTESIAN_POINT('Ctrl Pts',(0.653052581833179,0.426925322228447,0.0065));
#7845=CARTESIAN_POINT('Ctrl Pts',(0.65304271330191,0.426633508703219,0.0035));
#7846=CARTESIAN_POINT('Ctrl Pts',(0.65304271330191,0.426633508703219,0.0065));
#7847=CARTESIAN_POINT('Ctrl Pts',(0.652990336034355,0.42634462089782,0.0035));
#7848=CARTESIAN_POINT('Ctrl Pts',(0.652990336034355,0.42634462089782,0.0065));
#7849=CARTESIAN_POINT('',(0.648814503876761,0.430515109126091,0.0035));
#7850=CARTESIAN_POINT('Ctrl Pts',(0.652990336034355,0.42634462089782,0.0035));
#7851=CARTESIAN_POINT('Ctrl Pts',(0.65304271330191,0.426633508703219,0.0035));
#7852=CARTESIAN_POINT('Ctrl Pts',(0.653052581833179,0.426925322228447,0.0035));
#7853=CARTESIAN_POINT('Ctrl Pts',(0.652984458068367,0.427497489579228,0.0035));
#7854=CARTESIAN_POINT('Ctrl Pts',(0.652910538472648,0.427770076492458,0.0035));
#7855=CARTESIAN_POINT('Ctrl Pts',(0.652617129641096,0.428468788995269,0.0035));
#7856=CARTESIAN_POINT('Ctrl Pts',(0.652337753726279,0.428861932701262,0.0035));
#7857=CARTESIAN_POINT('Ctrl Pts',(0.651612537272097,0.429582811073288,0.0035));
#7858=CARTESIAN_POINT('Ctrl Pts',(0.651146038383307,0.429894352546916,0.0035));
#7859=CARTESIAN_POINT('Ctrl Pts',(0.650358377472632,0.43024469256862,0.0035));
#7860=CARTESIAN_POINT('Ctrl Pts',(0.65005790525764,0.430344126486026,0.0035));
#7861=CARTESIAN_POINT('Ctrl Pts',(0.649443710552937,0.430479337211764,0.0035));
#7862=CARTESIAN_POINT('Ctrl Pts',(0.649129209944344,0.430515178729321,0.0035));
#7863=CARTESIAN_POINT('Ctrl Pts',(0.648814503876761,0.430515109126091,0.0035));
#7864=CARTESIAN_POINT('',(0.648814503876761,0.430515109126091,0.0065));
#7865=CARTESIAN_POINT('Ctrl Pts',(0.648814503876761,0.430515109126091,0.0065));
#7866=CARTESIAN_POINT('Ctrl Pts',(0.649129209944344,0.430515178729321,0.0065));
#7867=CARTESIAN_POINT('Ctrl Pts',(0.649443710552937,0.430479337211764,0.0065));
#7868=CARTESIAN_POINT('Ctrl Pts',(0.65005790525764,0.430344126486026,0.0065));
#7869=CARTESIAN_POINT('Ctrl Pts',(0.650358377472632,0.43024469256862,0.0065));
#7870=CARTESIAN_POINT('Ctrl Pts',(0.651146038383307,0.429894352546916,0.0065));
#7871=CARTESIAN_POINT('Ctrl Pts',(0.651612537272097,0.429582811073288,0.0065));
#7872=CARTESIAN_POINT('Ctrl Pts',(0.652337753726279,0.428861932701262,0.0065));
#7873=CARTESIAN_POINT('Ctrl Pts',(0.652617129641096,0.428468788995269,0.0065));
#7874=CARTESIAN_POINT('Ctrl Pts',(0.652910538472648,0.427770076492458,0.0065));
#7875=CARTESIAN_POINT('Ctrl Pts',(0.652984458068367,0.427497489579228,0.0065));
#7876=CARTESIAN_POINT('Ctrl Pts',(0.653052581833179,0.426925322228447,0.0065));
#7877=CARTESIAN_POINT('Ctrl Pts',(0.65304271330191,0.426633508703219,0.0065));
#7878=CARTESIAN_POINT('Ctrl Pts',(0.652990336034355,0.42634462089782,0.0065));
#7879=CARTESIAN_POINT('',(0.648814503876761,0.430515109126091,0.0035));
#7880=CARTESIAN_POINT('Origin',(0.648786860946333,0.426167168668483,0.0035));
#7881=CARTESIAN_POINT('',(0.647024446115155,0.430141994993915,0.0035));
#7882=CARTESIAN_POINT('Origin',(0.648786860946333,0.426167168668483,0.0035));
#7883=CARTESIAN_POINT('',(0.647024446115155,0.430141994993915,0.0065));
#7884=CARTESIAN_POINT('Origin',(0.648786860946333,0.426167168668483,0.0065));
#7885=CARTESIAN_POINT('',(0.647024446115155,0.430141994993915,0.0035));
#7886=CARTESIAN_POINT('Origin',(0.642725280650355,0.4281063298211,0.0035));
#7887=CARTESIAN_POINT('',(0.642725280650355,0.4281063298211,0.0035));
#7888=CARTESIAN_POINT('',(0.647024446115155,0.430141994993915,0.0035));
#7889=CARTESIAN_POINT('',(0.642725280650355,0.4281063298211,0.0065));
#7890=CARTESIAN_POINT('',(0.647024446115155,0.430141994993915,0.0065));
#7891=CARTESIAN_POINT('',(0.642725280650355,0.4281063298211,0.0035));
#7892=CARTESIAN_POINT('Origin',(0.631628536918755,0.422862553453874,0.0035));
#7893=CARTESIAN_POINT('',(0.631628536918755,0.422862553453874,0.0035));
#7894=CARTESIAN_POINT('',(0.642725280650355,0.4281063298211,0.0035));
#7895=CARTESIAN_POINT('',(0.631628536918755,0.422862553453874,0.0065));
#7896=CARTESIAN_POINT('',(0.642725280650355,0.4281063298211,0.0065));
#7897=CARTESIAN_POINT('',(0.631628536918755,0.422862553453874,0.0035));
#7898=CARTESIAN_POINT('Ctrl Pts',(0.62994421886676,0.421096026285497,0.0035));
#7899=CARTESIAN_POINT('Ctrl Pts',(0.62994421886676,0.421096026285497,0.0065));
#7900=CARTESIAN_POINT('Ctrl Pts',(0.630350981964414,0.421834808945884,0.0035));
#7901=CARTESIAN_POINT('Ctrl Pts',(0.630350981964414,0.421834808945884,0.0065));
#7902=CARTESIAN_POINT('Ctrl Pts',(0.630932552075104,0.422478203859026,0.0035));
#7903=CARTESIAN_POINT('Ctrl Pts',(0.630932552075104,0.422478203859026,0.0065));
#7904=CARTESIAN_POINT('Ctrl Pts',(0.631628536918755,0.422862553453874,0.0035));
#7905=CARTESIAN_POINT('Ctrl Pts',(0.631628536918755,0.422862553453874,0.0065));
#7906=CARTESIAN_POINT('',(0.62994421886676,0.421096026285497,0.0035));
#7907=CARTESIAN_POINT('Ctrl Pts',(0.631628536918755,0.422862553453874,0.0035));
#7908=CARTESIAN_POINT('Ctrl Pts',(0.630932552075104,0.422478203859026,0.0035));
#7909=CARTESIAN_POINT('Ctrl Pts',(0.630350981964414,0.421834808945884,0.0035));
#7910=CARTESIAN_POINT('Ctrl Pts',(0.62994421886676,0.421096026285497,0.0035));
#7911=CARTESIAN_POINT('',(0.62994421886676,0.421096026285497,0.0065));
#7912=CARTESIAN_POINT('Ctrl Pts',(0.62994421886676,0.421096026285497,0.0065));
#7913=CARTESIAN_POINT('Ctrl Pts',(0.630350981964414,0.421834808945884,0.0065));
#7914=CARTESIAN_POINT('Ctrl Pts',(0.630932552075104,0.422478203859026,0.0065));
#7915=CARTESIAN_POINT('Ctrl Pts',(0.631628536918755,0.422862553453874,0.0065));
#7916=CARTESIAN_POINT('',(0.62994421886676,0.421096026285497,0.0035));
#7917=CARTESIAN_POINT('Origin',(0.610827289742879,0.354766193088835,0.0035));
#7918=CARTESIAN_POINT('',(0.610827289742879,0.354766193088835,0.0035));
#7919=CARTESIAN_POINT('',(0.62994421886676,0.421096026285497,0.0035));
#7920=CARTESIAN_POINT('',(0.610827289742879,0.354766193088835,0.0065));
#7921=CARTESIAN_POINT('',(0.62994421886676,0.421096026285497,0.0065));
#7922=CARTESIAN_POINT('',(0.610827289742879,0.354766193088835,0.0035));
#7923=CARTESIAN_POINT('Origin',(0.606725457783894,0.355471808528169,0.0035));
#7924=CARTESIAN_POINT('',(0.606702264906626,0.351309792110804,0.0035));
#7925=CARTESIAN_POINT('Origin',(0.606725457783894,0.355471808528169,0.0035));
#7926=CARTESIAN_POINT('',(0.606702264906626,0.351309792110804,0.0065));
#7927=CARTESIAN_POINT('Origin',(0.606725457783894,0.355471808528169,0.0065));
#7928=CARTESIAN_POINT('',(0.606702264906626,0.351309792110804,0.0035));
#7929=CARTESIAN_POINT('Origin',(0.571776943553355,0.3513086348411,0.0035));
#7930=CARTESIAN_POINT('',(0.571776943553355,0.3513086348411,0.0035));
#7931=CARTESIAN_POINT('',(0.606702264906626,0.351309792110804,0.0035));
#7932=CARTESIAN_POINT('',(0.571776943553355,0.3513086348411,0.0065));
#7933=CARTESIAN_POINT('',(0.606702264906626,0.351309792110804,0.0065));
#7934=CARTESIAN_POINT('',(0.571776943553355,0.3513086348411,0.0035));
#7935=CARTESIAN_POINT('Ctrl Pts',(0.567574720372755,0.355477300733,0.0035));
#7936=CARTESIAN_POINT('Ctrl Pts',(0.567574720372755,0.355477300733,0.0065));
#7937=CARTESIAN_POINT('Ctrl Pts',(0.567574720372755,0.354933417367103,0.0035));
#7938=CARTESIAN_POINT('Ctrl Pts',(0.567574720372755,0.354933417367103,0.0065));
#7939=CARTESIAN_POINT('Ctrl Pts',(0.567681649980068,0.354399118935149,0.0035));
#7940=CARTESIAN_POINT('Ctrl Pts',(0.567681649980068,0.354399118935149,0.0065));
#7941=CARTESIAN_POINT('Ctrl Pts',(0.568103408873707,0.353386664734148,0.0035));
#7942=CARTESIAN_POINT('Ctrl Pts',(0.568103408873707,0.353386664734148,0.0065));
#7943=CARTESIAN_POINT('Ctrl Pts',(0.568417428339099,0.352922555350888,0.0035));
#7944=CARTESIAN_POINT('Ctrl Pts',(0.568417428339099,0.352922555350888,0.0065));
#7945=CARTESIAN_POINT('Ctrl Pts',(0.569205074951513,0.352141041844435,0.0035));
#7946=CARTESIAN_POINT('Ctrl Pts',(0.569205074951513,0.352141041844435,0.0065));
#7947=CARTESIAN_POINT('Ctrl Pts',(0.569673862058413,0.351829728621993,0.0035));
#7948=CARTESIAN_POINT('Ctrl Pts',(0.569673862058413,0.351829728621993,0.0065));
#7949=CARTESIAN_POINT('Ctrl Pts',(0.570693737602168,0.351413218264982,0.0035));
#7950=CARTESIAN_POINT('Ctrl Pts',(0.570693737602168,0.351413218264982,0.0065));
#7951=CARTESIAN_POINT('Ctrl Pts',(0.57123065421487,0.3513086348411,0.0035));
#7952=CARTESIAN_POINT('Ctrl Pts',(0.57123065421487,0.3513086348411,0.0065));
#7953=CARTESIAN_POINT('Ctrl Pts',(0.571776943553355,0.3513086348411,0.0035));
#7954=CARTESIAN_POINT('Ctrl Pts',(0.571776943553355,0.3513086348411,0.0065));
#7955=CARTESIAN_POINT('',(0.567574720372755,0.355477300733,0.0035));
#7956=CARTESIAN_POINT('Ctrl Pts',(0.571776943553355,0.3513086348411,0.0035));
#7957=CARTESIAN_POINT('Ctrl Pts',(0.57123065421487,0.3513086348411,0.0035));
#7958=CARTESIAN_POINT('Ctrl Pts',(0.570693737602168,0.351413218264982,0.0035));
#7959=CARTESIAN_POINT('Ctrl Pts',(0.569673862058413,0.351829728621993,0.0035));
#7960=CARTESIAN_POINT('Ctrl Pts',(0.569205074951513,0.352141041844435,0.0035));
#7961=CARTESIAN_POINT('Ctrl Pts',(0.568417428339099,0.352922555350888,0.0035));
#7962=CARTESIAN_POINT('Ctrl Pts',(0.568103408873707,0.353386664734148,0.0035));
#7963=CARTESIAN_POINT('Ctrl Pts',(0.567681649980068,0.354399118935149,0.0035));
#7964=CARTESIAN_POINT('Ctrl Pts',(0.567574720372755,0.354933417367103,0.0035));
#7965=CARTESIAN_POINT('Ctrl Pts',(0.567574720372755,0.355477300733,0.0035));
#7966=CARTESIAN_POINT('',(0.567574720372755,0.355477300733,0.0065));
#7967=CARTESIAN_POINT('Ctrl Pts',(0.567574720372755,0.355477300733,0.0065));
#7968=CARTESIAN_POINT('Ctrl Pts',(0.567574720372755,0.354933417367103,0.0065));
#7969=CARTESIAN_POINT('Ctrl Pts',(0.567681649980068,0.354399118935149,0.0065));
#7970=CARTESIAN_POINT('Ctrl Pts',(0.568103408873707,0.353386664734148,0.0065));
#7971=CARTESIAN_POINT('Ctrl Pts',(0.568417428339099,0.352922555350888,0.0065));
#7972=CARTESIAN_POINT('Ctrl Pts',(0.569205074951513,0.352141041844435,0.0065));
#7973=CARTESIAN_POINT('Ctrl Pts',(0.569673862058413,0.351829728621993,0.0065));
#7974=CARTESIAN_POINT('Ctrl Pts',(0.570693737602168,0.351413218264982,0.0065));
#7975=CARTESIAN_POINT('Ctrl Pts',(0.57123065421487,0.3513086348411,0.0065));
#7976=CARTESIAN_POINT('Ctrl Pts',(0.571776943553355,0.3513086348411,0.0065));
#7977=CARTESIAN_POINT('',(0.567574720372755,0.355477300733,0.0035));
#7978=CARTESIAN_POINT('Ctrl Pts',(0.587511134800755,0.425334944027084,0.0035));
#7979=CARTESIAN_POINT('Ctrl Pts',(0.587511134800755,0.425334944027084,0.0065));
#7980=CARTESIAN_POINT('Ctrl Pts',(0.582020914776555,0.404998725002375,0.0035));
#7981=CARTESIAN_POINT('Ctrl Pts',(0.582020914776555,0.404998725002375,0.0065));
#7982=CARTESIAN_POINT('Ctrl Pts',(0.567574720372755,0.3557310831509,0.0035));
#7983=CARTESIAN_POINT('Ctrl Pts',(0.567574720372755,0.3557310831509,0.0065));
#7984=CARTESIAN_POINT('Ctrl Pts',(0.567574720372755,0.355477300733,0.0035));
#7985=CARTESIAN_POINT('Ctrl Pts',(0.567574720372755,0.355477300733,0.0065));
#7986=CARTESIAN_POINT('',(0.587511134800755,0.425334944027084,0.0035));
#7987=CARTESIAN_POINT('Ctrl Pts',(0.567574720372755,0.355477300733,0.0035));
#7988=CARTESIAN_POINT('Ctrl Pts',(0.567574720372755,0.3557310831509,0.0035));
#7989=CARTESIAN_POINT('Ctrl Pts',(0.582020914776555,0.404998725002375,0.0035));
#7990=CARTESIAN_POINT('Ctrl Pts',(0.587511134800755,0.425334944027084,0.0035));
#7991=CARTESIAN_POINT('',(0.587511134800755,0.425334944027084,0.0065));
#7992=CARTESIAN_POINT('Ctrl Pts',(0.587511134800755,0.425334944027084,0.0065));
#7993=CARTESIAN_POINT('Ctrl Pts',(0.582020914776555,0.404998725002375,0.0065));
#7994=CARTESIAN_POINT('Ctrl Pts',(0.567574720372755,0.3557310831509,0.0065));
#7995=CARTESIAN_POINT('Ctrl Pts',(0.567574720372755,0.355477300733,0.0065));
#7996=CARTESIAN_POINT('',(0.587511134800755,0.425334944027084,0.0035));
#7997=CARTESIAN_POINT('Ctrl Pts',(0.587665630805655,0.426345984097916,0.0035));
#7998=CARTESIAN_POINT('Ctrl Pts',(0.587665630805655,0.426345984097916,0.0065));
#7999=CARTESIAN_POINT('Ctrl Pts',(0.587665630805655,0.425959744070858,0.0035));
#8000=CARTESIAN_POINT('Ctrl Pts',(0.587665630805655,0.425959744070858,0.0065));
#8001=CARTESIAN_POINT('Ctrl Pts',(0.587599742803455,0.42564848004905,0.0035));
#8002=CARTESIAN_POINT('Ctrl Pts',(0.587599742803455,0.42564848004905,0.0065));
#8003=CARTESIAN_POINT('Ctrl Pts',(0.587511134800755,0.425334944027084,0.0035));
#8004=CARTESIAN_POINT('Ctrl Pts',(0.587511134800755,0.425334944027084,0.0065));
#8005=CARTESIAN_POINT('',(0.587665630805655,0.426345984097916,0.0035));
#8006=CARTESIAN_POINT('Ctrl Pts',(0.587511134800755,0.425334944027084,0.0035));
#8007=CARTESIAN_POINT('Ctrl Pts',(0.587599742803455,0.42564848004905,0.0035));
#8008=CARTESIAN_POINT('Ctrl Pts',(0.587665630805655,0.425959744070858,0.0035));
#8009=CARTESIAN_POINT('Ctrl Pts',(0.587665630805655,0.426345984097916,0.0035));
#8010=CARTESIAN_POINT('',(0.587665630805655,0.426345984097916,0.0065));
#8011=CARTESIAN_POINT('Ctrl Pts',(0.587665630805655,0.426345984097916,0.0065));
#8012=CARTESIAN_POINT('Ctrl Pts',(0.587665630805655,0.425959744070858,0.0065));
#8013=CARTESIAN_POINT('Ctrl Pts',(0.587599742803455,0.42564848004905,0.0065));
#8014=CARTESIAN_POINT('Ctrl Pts',(0.587511134800755,0.425334944027084,0.0065));
#8015=CARTESIAN_POINT('',(0.587665630805655,0.426345984097916,0.0035));
#8016=CARTESIAN_POINT('Ctrl Pts',(0.583459863304755,0.4305182851901,0.0035));
#8017=CARTESIAN_POINT('Ctrl Pts',(0.583459863304755,0.4305182851901,0.0065));
#8018=CARTESIAN_POINT('Ctrl Pts',(0.584008451493163,0.4305182851901,0.0035));
#8019=CARTESIAN_POINT('Ctrl Pts',(0.584008451493163,0.4305182851901,0.0065));
#8020=CARTESIAN_POINT('Ctrl Pts',(0.584547614428948,0.430413528651894,0.0035));
#8021=CARTESIAN_POINT('Ctrl Pts',(0.584547614428948,0.430413528651894,0.0065));
#8022=CARTESIAN_POINT('Ctrl Pts',(0.585568568535881,0.429996282518746,0.0035));
#8023=CARTESIAN_POINT('Ctrl Pts',(0.585568568535881,0.429996282518746,0.0065));
#8024=CARTESIAN_POINT('Ctrl Pts',(0.586036388558061,0.429685696675404,0.0035));
#8025=CARTESIAN_POINT('Ctrl Pts',(0.586036388558061,0.429685696675404,0.0065));
#8026=CARTESIAN_POINT('Ctrl Pts',(0.586822543699384,0.428905626701828,0.0035));
#8027=CARTESIAN_POINT('Ctrl Pts',(0.586822543699384,0.428905626701828,0.0065));
#8028=CARTESIAN_POINT('Ctrl Pts',(0.587135790447211,0.428442520111308,0.0035));
#8029=CARTESIAN_POINT('Ctrl Pts',(0.587135790447211,0.428442520111308,0.0065));
#8030=CARTESIAN_POINT('Ctrl Pts',(0.587558414329994,0.42742898555338,0.0035));
#8031=CARTESIAN_POINT('Ctrl Pts',(0.587558414329994,0.42742898555338,0.0065));
#8032=CARTESIAN_POINT('Ctrl Pts',(0.587665630805655,0.426892291220865,0.0035));
#8033=CARTESIAN_POINT('Ctrl Pts',(0.587665630805655,0.426892291220865,0.0065));
#8034=CARTESIAN_POINT('Ctrl Pts',(0.587665630805655,0.426345984097916,0.0035));
#8035=CARTESIAN_POINT('Ctrl Pts',(0.587665630805655,0.426345984097916,0.0065));
#8036=CARTESIAN_POINT('',(0.583459863304755,0.4305182851901,0.0035));
#8037=CARTESIAN_POINT('Ctrl Pts',(0.587665630805655,0.426345984097916,0.0035));
#8038=CARTESIAN_POINT('Ctrl Pts',(0.587665630805655,0.426892291220865,0.0035));
#8039=CARTESIAN_POINT('Ctrl Pts',(0.587558414329994,0.42742898555338,0.0035));
#8040=CARTESIAN_POINT('Ctrl Pts',(0.587135790447211,0.428442520111308,0.0035));
#8041=CARTESIAN_POINT('Ctrl Pts',(0.586822543699384,0.428905626701828,0.0035));
#8042=CARTESIAN_POINT('Ctrl Pts',(0.586036388558061,0.429685696675404,0.0035));
#8043=CARTESIAN_POINT('Ctrl Pts',(0.585568568535881,0.429996282518746,0.0035));
#8044=CARTESIAN_POINT('Ctrl Pts',(0.584547614428948,0.430413528651894,0.0035));
#8045=CARTESIAN_POINT('Ctrl Pts',(0.584008451493163,0.4305182851901,0.0035));
#8046=CARTESIAN_POINT('Ctrl Pts',(0.583459863304755,0.4305182851901,0.0035));
#8047=CARTESIAN_POINT('',(0.583459863304755,0.4305182851901,0.0065));
#8048=CARTESIAN_POINT('Ctrl Pts',(0.583459863304755,0.4305182851901,0.0065));
#8049=CARTESIAN_POINT('Ctrl Pts',(0.584008451493163,0.4305182851901,0.0065));
#8050=CARTESIAN_POINT('Ctrl Pts',(0.584547614428948,0.430413528651894,0.0065));
#8051=CARTESIAN_POINT('Ctrl Pts',(0.585568568535881,0.429996282518746,0.0065));
#8052=CARTESIAN_POINT('Ctrl Pts',(0.586036388558061,0.429685696675404,0.0065));
#8053=CARTESIAN_POINT('Ctrl Pts',(0.586822543699384,0.428905626701828,0.0065));
#8054=CARTESIAN_POINT('Ctrl Pts',(0.587135790447211,0.428442520111308,0.0065));
#8055=CARTESIAN_POINT('Ctrl Pts',(0.587558414329994,0.42742898555338,0.0065));
#8056=CARTESIAN_POINT('Ctrl Pts',(0.587665630805655,0.426892291220865,0.0065));
#8057=CARTESIAN_POINT('Ctrl Pts',(0.587665630805655,0.426345984097916,0.0065));
#8058=CARTESIAN_POINT('',(0.583459863304755,0.4305182851901,0.0035));
#8059=CARTESIAN_POINT('Ctrl Pts',(0.583459863304755,0.4305182851901,0.0035));
#8060=CARTESIAN_POINT('Ctrl Pts',(0.582535741266247,0.430518388917978,0.0035));
#8061=CARTESIAN_POINT('Ctrl Pts',(0.581685658172526,0.430143405043651,0.0035));
#8062=CARTESIAN_POINT('Ctrl Pts',(0.583459863304755,0.4305182851901,0.0065));
#8063=CARTESIAN_POINT('Ctrl Pts',(0.582535741266247,0.430518388917978,0.0065));
#8064=CARTESIAN_POINT('Ctrl Pts',(0.581685658172526,0.430143405043651,0.0065));
#8065=CARTESIAN_POINT('',(0.581685658175611,0.430143405036658,0.0035));
#8066=CARTESIAN_POINT('Origin',(0.583397411922529,0.426153091961327,0.0035));
#8067=CARTESIAN_POINT('',(0.581685658175611,0.430143405036658,0.0065));
#8068=CARTESIAN_POINT('Origin',(0.583397411922529,0.426153091961327,0.0065));
#8069=CARTESIAN_POINT('',(0.581685658175611,0.430143405036658,0.0035));
#8070=CARTESIAN_POINT('Origin',(0.576258872663655,0.427581497784473,0.0035));
#8071=CARTESIAN_POINT('',(0.576258872663655,0.427581497784473,0.0035));
#8072=CARTESIAN_POINT('',(0.581685658175611,0.430143405036658,0.0035));
#8073=CARTESIAN_POINT('',(0.576258872663655,0.427581497784473,0.0065));
#8074=CARTESIAN_POINT('',(0.581685658175611,0.430143405036658,0.0065));
#8075=CARTESIAN_POINT('',(0.576258872663655,0.427581497784473,0.0035));
#8076=CARTESIAN_POINT('Origin',(0.566277362889255,0.422862780653891,0.0035));
#8077=CARTESIAN_POINT('',(0.566277362889255,0.422862780653891,0.0035));
#8078=CARTESIAN_POINT('',(0.576258872663655,0.427581497784473,0.0035));
#8079=CARTESIAN_POINT('',(0.566277362889255,0.422862780653891,0.0065));
#8080=CARTESIAN_POINT('',(0.576258872663655,0.427581497784473,0.0065));
#8081=CARTESIAN_POINT('',(0.566277362889255,0.422862780653891,0.0035));
#8082=CARTESIAN_POINT('Ctrl Pts',(0.564117145216755,0.419779449237878,0.0035));
#8083=CARTESIAN_POINT('Ctrl Pts',(0.564117145216755,0.419779449237878,0.0065));
#8084=CARTESIAN_POINT('Ctrl Pts',(0.564330713221866,0.421054041328884,0.0035));
#8085=CARTESIAN_POINT('Ctrl Pts',(0.564330713221866,0.421054041328884,0.0065));
#8086=CARTESIAN_POINT('Ctrl Pts',(0.565192028449573,0.422262063816282,0.0035));
#8087=CARTESIAN_POINT('Ctrl Pts',(0.565192028449573,0.422262063816282,0.0065));
#8088=CARTESIAN_POINT('Ctrl Pts',(0.56627736288617,0.422862780660885,0.0035));
#8089=CARTESIAN_POINT('Ctrl Pts',(0.56627736288617,0.422862780660885,0.0065));
#8090=CARTESIAN_POINT('',(0.564117145216755,0.419779449237878,0.0035));
#8091=CARTESIAN_POINT('Ctrl Pts',(0.56627736288617,0.422862780660885,0.0035));
#8092=CARTESIAN_POINT('Ctrl Pts',(0.565192028449573,0.422262063816282,0.0035));
#8093=CARTESIAN_POINT('Ctrl Pts',(0.564330713221866,0.421054041328884,0.0035));
#8094=CARTESIAN_POINT('Ctrl Pts',(0.564117145216755,0.419779449237878,0.0035));
#8095=CARTESIAN_POINT('',(0.564117145216755,0.419779449237878,0.0065));
#8096=CARTESIAN_POINT('Ctrl Pts',(0.564117145216755,0.419779449237878,0.0065));
#8097=CARTESIAN_POINT('Ctrl Pts',(0.564330713221866,0.421054041328884,0.0065));
#8098=CARTESIAN_POINT('Ctrl Pts',(0.565192028449573,0.422262063816282,0.0065));
#8099=CARTESIAN_POINT('Ctrl Pts',(0.56627736288617,0.422862780660885,0.0065));
#8100=CARTESIAN_POINT('',(0.564117145216755,0.419779449237878,0.0035));
#8101=CARTESIAN_POINT('Origin',(0.545225555463855,0.3541927118429,0.0035));
#8102=CARTESIAN_POINT('',(0.545254514500503,0.3541927118429,0.0035));
#8103=CARTESIAN_POINT('',(0.564117145216755,0.419779449237878,0.0035));
#8104=CARTESIAN_POINT('',(0.545255091464955,0.3541927118429,0.0065));
#8105=CARTESIAN_POINT('',(0.564117145216755,0.419779449237878,0.0065));
#8106=CARTESIAN_POINT('',(0.545255091464955,0.3541927118429,0.0035));
#8107=CARTESIAN_POINT('Ctrl Pts',(0.541283680771755,0.351408830048,0.0035));
#8108=CARTESIAN_POINT('Ctrl Pts',(0.544251723846721,0.351400331528657,0.0035));
#8109=CARTESIAN_POINT('Ctrl Pts',(0.545255091464955,0.3541927118429,0.0035));
#8110=CARTESIAN_POINT('Ctrl Pts',(0.541283680771755,0.351408830048,0.0065));
#8111=CARTESIAN_POINT('Ctrl Pts',(0.544251723846721,0.351400331528657,0.0065));
#8112=CARTESIAN_POINT('Ctrl Pts',(0.545255091464955,0.3541927118429,0.0065));
#8113=CARTESIAN_POINT('',(0.541283680771755,0.351408830048,0.0035));
#8114=CARTESIAN_POINT('Origin',(0.541483177553434,0.355347223971425,0.0035));
#8115=CARTESIAN_POINT('',(0.541283680771755,0.351408830048,0.0065));
#8116=CARTESIAN_POINT('Origin',(0.541483177553434,0.355347223971425,0.0065));
#8117=CARTESIAN_POINT('',(0.541283680771755,0.351408830048,0.0035));
#8118=CARTESIAN_POINT('Origin',(0.533813026441455,0.3513915628469,0.0035));
#8119=CARTESIAN_POINT('',(0.53379151751723,0.351348544996746,0.0035));
#8120=CARTESIAN_POINT('',(0.541283680771755,0.351408830048,0.0035));
#8121=CARTESIAN_POINT('',(0.53379151751723,0.351348544996746,0.0065));
#8122=CARTESIAN_POINT('',(0.541283680771755,0.351408830048,0.0065));
#8123=CARTESIAN_POINT('',(0.533790306440655,0.3513461228435,0.0035));
#8124=CARTESIAN_POINT('Origin',(0.484765974878355,0.3513461228435,0.0035));
#8125=CARTESIAN_POINT('',(0.484765974878355,0.3513461228435,0.0035));
#8126=CARTESIAN_POINT('',(0.533790306440655,0.3513461228435,0.0035));
#8127=CARTESIAN_POINT('',(0.484765974878355,0.3513461228435,0.0065));
#8128=CARTESIAN_POINT('',(0.533790306440655,0.3513461228435,0.0065));
#8129=CARTESIAN_POINT('',(0.484765974878355,0.3513461228435,0.0035));
#8130=CARTESIAN_POINT('Ctrl Pts',(0.480581336978055,0.3555411439376,0.0035));
#8131=CARTESIAN_POINT('Ctrl Pts',(0.480581336978055,0.3555411439376,0.0065));
#8132=CARTESIAN_POINT('Ctrl Pts',(0.480200776965255,0.3529599245567,0.0035));
#8133=CARTESIAN_POINT('Ctrl Pts',(0.480200776965255,0.3529599245567,0.0065));
#8134=CARTESIAN_POINT('Ctrl Pts',(0.482461417041255,0.3513461228435,0.0035));
#8135=CARTESIAN_POINT('Ctrl Pts',(0.482461417041255,0.3513461228435,0.0065));
#8136=CARTESIAN_POINT('Ctrl Pts',(0.484765974878355,0.3513461228435,0.0035));
#8137=CARTESIAN_POINT('Ctrl Pts',(0.484765974878355,0.3513461228435,0.0065));
#8138=CARTESIAN_POINT('',(0.480581336978055,0.3555411439376,0.0035));
#8139=CARTESIAN_POINT('Ctrl Pts',(0.484765974878355,0.3513461228435,0.0035));
#8140=CARTESIAN_POINT('Ctrl Pts',(0.482461417041255,0.3513461228435,0.0035));
#8141=CARTESIAN_POINT('Ctrl Pts',(0.480200776965255,0.3529599245567,0.0035));
#8142=CARTESIAN_POINT('Ctrl Pts',(0.480581336978055,0.3555411439376,0.0035));
#8143=CARTESIAN_POINT('',(0.480581336978055,0.3555411439376,0.0065));
#8144=CARTESIAN_POINT('Ctrl Pts',(0.480581336978055,0.3555411439376,0.0065));
#8145=CARTESIAN_POINT('Ctrl Pts',(0.480200776965255,0.3529599245567,0.0065));
#8146=CARTESIAN_POINT('Ctrl Pts',(0.482461417041255,0.3513461228435,0.0065));
#8147=CARTESIAN_POINT('Ctrl Pts',(0.484765974878355,0.3513461228435,0.0065));
#8148=CARTESIAN_POINT('',(0.480581336978055,0.3555411439376,0.0035));
#8149=CARTESIAN_POINT('Ctrl Pts',(0.482336229836955,0.3622067380046,0.0035));
#8150=CARTESIAN_POINT('Ctrl Pts',(0.482336229836955,0.3622067380046,0.0065));
#8151=CARTESIAN_POINT('Ctrl Pts',(0.482332000940251,0.362192346464284,0.0035));
#8152=CARTESIAN_POINT('Ctrl Pts',(0.482332000940251,0.362192346464284,0.0065));
#8153=CARTESIAN_POINT('Ctrl Pts',(0.480789224984955,0.3569420592356,0.0035));
#8154=CARTESIAN_POINT('Ctrl Pts',(0.480789224984955,0.3569420592356,0.0065));
#8155=CARTESIAN_POINT('Ctrl Pts',(0.480581336978055,0.3555411439376,0.0035));
#8156=CARTESIAN_POINT('Ctrl Pts',(0.480581336978055,0.3555411439376,0.0065));
#8157=CARTESIAN_POINT('',(0.482336229836955,0.3622067380046,0.0035));
#8158=CARTESIAN_POINT('Ctrl Pts',(0.480581336978055,0.3555411439376,0.0035));
#8159=CARTESIAN_POINT('Ctrl Pts',(0.480789224984955,0.3569420592356,0.0035));
#8160=CARTESIAN_POINT('Ctrl Pts',(0.482332000940251,0.362192346464284,0.0035));
#8161=CARTESIAN_POINT('Ctrl Pts',(0.482336229836955,0.3622067380046,0.0035));
#8162=CARTESIAN_POINT('',(0.482336229836955,0.3622067380046,0.0065));
#8163=CARTESIAN_POINT('Ctrl Pts',(0.482336229836955,0.3622067380046,0.0065));
#8164=CARTESIAN_POINT('Ctrl Pts',(0.482332000940251,0.362192346464284,0.0065));
#8165=CARTESIAN_POINT('Ctrl Pts',(0.480789224984955,0.3569420592356,0.0065));
#8166=CARTESIAN_POINT('Ctrl Pts',(0.480581336978055,0.3555411439376,0.0065));
#8167=CARTESIAN_POINT('',(0.482336229836955,0.3622067380046,0.0035));
#8168=CARTESIAN_POINT('Ctrl Pts',(0.486339357650955,0.3651789686126,0.0035));
#8169=CARTESIAN_POINT('Ctrl Pts',(0.483246719741786,0.365187818877237,0.0035));
#8170=CARTESIAN_POINT('Ctrl Pts',(0.482336229836955,0.3622067380046,0.0035));
#8171=CARTESIAN_POINT('Ctrl Pts',(0.486339357650955,0.3651789686126,0.0065));
#8172=CARTESIAN_POINT('Ctrl Pts',(0.483246719741786,0.365187818877237,0.0065));
#8173=CARTESIAN_POINT('Ctrl Pts',(0.482336229836955,0.3622067380046,0.0065));
#8174=CARTESIAN_POINT('',(0.486339357650955,0.3651789686126,0.0035));
#8175=CARTESIAN_POINT('Origin',(0.48632326000343,0.360972411166542,0.0035));
#8176=CARTESIAN_POINT('',(0.486339357650955,0.3651789686126,0.0065));
#8177=CARTESIAN_POINT('Origin',(0.48632326000343,0.360972411166542,0.0065));
#8178=CARTESIAN_POINT('',(0.486339357650955,0.3651789686126,0.0035));
#8179=CARTESIAN_POINT('Origin',(0.495390483394155,0.3651108086078,0.0035));
#8180=CARTESIAN_POINT('',(0.495390483394155,0.3651108086078,0.0035));
#8181=CARTESIAN_POINT('',(0.486339357650955,0.3651789686126,0.0035));
#8182=CARTESIAN_POINT('',(0.495390483394155,0.3651108086078,0.0065));
#8183=CARTESIAN_POINT('',(0.486339357650955,0.3651789686126,0.0065));
#8184=CARTESIAN_POINT('',(0.495390483394155,0.3651108086078,0.0035));
#8185=CARTESIAN_POINT('Ctrl Pts',(0.507509150040255,0.374338310054372,0.0035));
#8186=CARTESIAN_POINT('Ctrl Pts',(0.507509150040255,0.374338310054372,0.0065));
#8187=CARTESIAN_POINT('Ctrl Pts',(0.50714602395563,0.373010683401444,0.0035));
#8188=CARTESIAN_POINT('Ctrl Pts',(0.50714602395563,0.373010683401444,0.0065));
#8189=CARTESIAN_POINT('Ctrl Pts',(0.506565211451063,0.37175435957902,0.0035));
#8190=CARTESIAN_POINT('Ctrl Pts',(0.506565211451063,0.37175435957902,0.0065));
#8191=CARTESIAN_POINT('Ctrl Pts',(0.505028861386982,0.36949420100956,0.0035));
#8192=CARTESIAN_POINT('Ctrl Pts',(0.505028861386982,0.36949420100956,0.0065));
#8193=CARTESIAN_POINT('Ctrl Pts',(0.504087609960557,0.368501008424369,0.0035));
#8194=CARTESIAN_POINT('Ctrl Pts',(0.504087609960557,0.368501008424369,0.0065));
#8195=CARTESIAN_POINT('Ctrl Pts',(0.501940978359724,0.366864650602072,0.0035));
#8196=CARTESIAN_POINT('Ctrl Pts',(0.501940978359724,0.366864650602072,0.0065));
#8197=CARTESIAN_POINT('Ctrl Pts',(0.500750469713489,0.366226494883787,0.0035));
#8198=CARTESIAN_POINT('Ctrl Pts',(0.500750469713489,0.366226494883787,0.0065));
#8199=CARTESIAN_POINT('Ctrl Pts',(0.498163070519024,0.365337723271371,0.0035));
#8200=CARTESIAN_POINT('Ctrl Pts',(0.498163070519024,0.365337723271371,0.0065));
#8201=CARTESIAN_POINT('Ctrl Pts',(0.496785498527958,0.3651108086078,0.0035));
#8202=CARTESIAN_POINT('Ctrl Pts',(0.496785498527958,0.3651108086078,0.0065));
#8203=CARTESIAN_POINT('Ctrl Pts',(0.495390483394155,0.3651108086078,0.0035));
#8204=CARTESIAN_POINT('Ctrl Pts',(0.495390483394155,0.3651108086078,0.0065));
#8205=CARTESIAN_POINT('',(0.507509150040255,0.374338310054372,0.0035));
#8206=CARTESIAN_POINT('Ctrl Pts',(0.495390483394155,0.3651108086078,0.0035));
#8207=CARTESIAN_POINT('Ctrl Pts',(0.496785498527958,0.3651108086078,0.0035));
#8208=CARTESIAN_POINT('Ctrl Pts',(0.498163070519024,0.365337723271371,0.0035));
#8209=CARTESIAN_POINT('Ctrl Pts',(0.500750469713489,0.366226494883787,0.0035));
#8210=CARTESIAN_POINT('Ctrl Pts',(0.501940978359724,0.366864650602072,0.0035));
#8211=CARTESIAN_POINT('Ctrl Pts',(0.504087609960557,0.368501008424369,0.0035));
#8212=CARTESIAN_POINT('Ctrl Pts',(0.505028861386982,0.36949420100956,0.0035));
#8213=CARTESIAN_POINT('Ctrl Pts',(0.506565211451063,0.37175435957902,0.0035));
#8214=CARTESIAN_POINT('Ctrl Pts',(0.50714602395563,0.373010683401444,0.0035));
#8215=CARTESIAN_POINT('Ctrl Pts',(0.507509150040255,0.374338310054372,0.0035));
#8216=CARTESIAN_POINT('',(0.507509150040255,0.374338310054372,0.0065));
#8217=CARTESIAN_POINT('Ctrl Pts',(0.507509150040255,0.374338310054372,0.0065));
#8218=CARTESIAN_POINT('Ctrl Pts',(0.50714602395563,0.373010683401444,0.0065));
#8219=CARTESIAN_POINT('Ctrl Pts',(0.506565211451063,0.37175435957902,0.0065));
#8220=CARTESIAN_POINT('Ctrl Pts',(0.505028861386982,0.36949420100956,0.0065));
#8221=CARTESIAN_POINT('Ctrl Pts',(0.504087609960557,0.368501008424369,0.0065));
#8222=CARTESIAN_POINT('Ctrl Pts',(0.501940978359724,0.366864650602072,0.0065));
#8223=CARTESIAN_POINT('Ctrl Pts',(0.500750469713489,0.366226494883787,0.0065));
#8224=CARTESIAN_POINT('Ctrl Pts',(0.498163070519024,0.365337723271371,0.0065));
#8225=CARTESIAN_POINT('Ctrl Pts',(0.496785498527958,0.3651108086078,0.0065));
#8226=CARTESIAN_POINT('Ctrl Pts',(0.495390483394155,0.3651108086078,0.0065));
#8227=CARTESIAN_POINT('',(0.507509150040255,0.374338310054372,0.0035));
#8228=CARTESIAN_POINT('Ctrl Pts',(0.522318296456355,0.426403692901958,0.0035));
#8229=CARTESIAN_POINT('Ctrl Pts',(0.522318296456355,0.426403692901958,0.0065));
#8230=CARTESIAN_POINT('Ctrl Pts',(0.522343288457355,0.425056396807568,0.0035));
#8231=CARTESIAN_POINT('Ctrl Pts',(0.522343288457355,0.425056396807568,0.0065));
#8232=CARTESIAN_POINT('Ctrl Pts',(0.507513360859885,0.374352706894235,0.0035));
#8233=CARTESIAN_POINT('Ctrl Pts',(0.507513360859885,0.374352706894235,0.0065));
#8234=CARTESIAN_POINT('Ctrl Pts',(0.507509150040255,0.374338310054372,0.0035));
#8235=CARTESIAN_POINT('Ctrl Pts',(0.507509150040255,0.374338310054372,0.0065));
#8236=CARTESIAN_POINT('',(0.522318296456355,0.426403692901958,0.0035));
#8237=CARTESIAN_POINT('Ctrl Pts',(0.507509150040255,0.374338310054372,0.0035));
#8238=CARTESIAN_POINT('Ctrl Pts',(0.507513360859885,0.374352706894235,0.0035));
#8239=CARTESIAN_POINT('Ctrl Pts',(0.522343288457355,0.425056396807568,0.0035));
#8240=CARTESIAN_POINT('Ctrl Pts',(0.522318296456355,0.426403692901958,0.0035));
#8241=CARTESIAN_POINT('',(0.522318296456355,0.426403692901958,0.0065));
#8242=CARTESIAN_POINT('Ctrl Pts',(0.522318296456355,0.426403692901958,0.0065));
#8243=CARTESIAN_POINT('Ctrl Pts',(0.522343288457355,0.425056396807568,0.0065));
#8244=CARTESIAN_POINT('Ctrl Pts',(0.507513360859885,0.374352706894235,0.0065));
#8245=CARTESIAN_POINT('Ctrl Pts',(0.507509150040255,0.374338310054372,0.0065));
#8246=CARTESIAN_POINT('',(0.522318296456355,0.426403692901958,0.0035));
#8247=CARTESIAN_POINT('Ctrl Pts',(0.518135597035708,0.430609810821631,0.0035));
#8248=CARTESIAN_POINT('Ctrl Pts',(0.518135597035708,0.430609810821631,0.0065));
#8249=CARTESIAN_POINT('Ctrl Pts',(0.518677148735711,0.430610007057475,0.0035));
#8250=CARTESIAN_POINT('Ctrl Pts',(0.518677148735711,0.430610007057475,0.0065));
#8251=CARTESIAN_POINT('Ctrl Pts',(0.519208529716169,0.430506854168439,0.0035));
#8252=CARTESIAN_POINT('Ctrl Pts',(0.519208529716169,0.430506854168439,0.0065));
#8253=CARTESIAN_POINT('Ctrl Pts',(0.520218904278117,0.430090743818113,0.0035));
#8254=CARTESIAN_POINT('Ctrl Pts',(0.520218904278117,0.430090743818113,0.0065));
#8255=CARTESIAN_POINT('Ctrl Pts',(0.520680935655801,0.429779310694495,0.0035));
#8256=CARTESIAN_POINT('Ctrl Pts',(0.520680935655801,0.429779310694495,0.0065));
#8257=CARTESIAN_POINT('Ctrl Pts',(0.521460818131118,0.428994731358968,0.0035));
#8258=CARTESIAN_POINT('Ctrl Pts',(0.521460818131118,0.428994731358968,0.0065));
#8259=CARTESIAN_POINT('Ctrl Pts',(0.521771002600037,0.428528134307133,0.0035));
#8260=CARTESIAN_POINT('Ctrl Pts',(0.521771002600037,0.428528134307133,0.0065));
#8261=CARTESIAN_POINT('Ctrl Pts',(0.522197326814527,0.427504387274476,0.0035));
#8262=CARTESIAN_POINT('Ctrl Pts',(0.522197326814527,0.427504387274476,0.0065));
#8263=CARTESIAN_POINT('Ctrl Pts',(0.522309244146855,0.426958829065174,0.0035));
#8264=CARTESIAN_POINT('Ctrl Pts',(0.522309244146855,0.426958829065174,0.0065));
#8265=CARTESIAN_POINT('Ctrl Pts',(0.522318296456355,0.426403692901958,0.0035));
#8266=CARTESIAN_POINT('Ctrl Pts',(0.522318296456355,0.426403692901958,0.0065));
#8267=CARTESIAN_POINT('',(0.518135597035708,0.430609810821631,0.0035));
#8268=CARTESIAN_POINT('Ctrl Pts',(0.522318296456355,0.426403692901958,0.0035));
#8269=CARTESIAN_POINT('Ctrl Pts',(0.522309244146855,0.426958829065174,0.0035));
#8270=CARTESIAN_POINT('Ctrl Pts',(0.522197326814527,0.427504387274476,0.0035));
#8271=CARTESIAN_POINT('Ctrl Pts',(0.521771002600037,0.428528134307133,0.0035));
#8272=CARTESIAN_POINT('Ctrl Pts',(0.521460818131118,0.428994731358968,0.0035));
#8273=CARTESIAN_POINT('Ctrl Pts',(0.520680935655801,0.429779310694495,0.0035));
#8274=CARTESIAN_POINT('Ctrl Pts',(0.520218904278117,0.430090743818113,0.0035));
#8275=CARTESIAN_POINT('Ctrl Pts',(0.519208529716169,0.430506854168439,0.0035));
#8276=CARTESIAN_POINT('Ctrl Pts',(0.518677148735711,0.430610007057475,0.0035));
#8277=CARTESIAN_POINT('Ctrl Pts',(0.518135597035708,0.430609810821631,0.0035));
#8278=CARTESIAN_POINT('',(0.518135597035708,0.430609810821631,0.0065));
#8279=CARTESIAN_POINT('Ctrl Pts',(0.518135597035708,0.430609810821631,0.0065));
#8280=CARTESIAN_POINT('Ctrl Pts',(0.518677148735711,0.430610007057475,0.0065));
#8281=CARTESIAN_POINT('Ctrl Pts',(0.519208529716169,0.430506854168439,0.0065));
#8282=CARTESIAN_POINT('Ctrl Pts',(0.520218904278117,0.430090743818113,0.0065));
#8283=CARTESIAN_POINT('Ctrl Pts',(0.520680935655801,0.429779310694495,0.0065));
#8284=CARTESIAN_POINT('Ctrl Pts',(0.521460818131118,0.428994731358968,0.0065));
#8285=CARTESIAN_POINT('Ctrl Pts',(0.521771002600037,0.428528134307133,0.0065));
#8286=CARTESIAN_POINT('Ctrl Pts',(0.522197326814527,0.427504387274476,0.0065));
#8287=CARTESIAN_POINT('Ctrl Pts',(0.522309244146855,0.426958829065174,0.0065));
#8288=CARTESIAN_POINT('Ctrl Pts',(0.522318296456355,0.426403692901958,0.0065));
#8289=CARTESIAN_POINT('',(0.518135597035708,0.430609810821631,0.0035));
#8290=CARTESIAN_POINT('Origin',(0.518104097508102,0.42653132418619,0.0035));
#8291=CARTESIAN_POINT('',(0.516294001494994,0.430186265756043,0.0035));
#8292=CARTESIAN_POINT('Origin',(0.518104097508102,0.42653132418619,0.0035));
#8293=CARTESIAN_POINT('',(0.516294001494994,0.430186265756043,0.0065));
#8294=CARTESIAN_POINT('Origin',(0.518104097508102,0.42653132418619,0.0065));
#8295=CARTESIAN_POINT('',(0.516294001494994,0.430186265756043,0.0035));
#8296=CARTESIAN_POINT('Origin',(0.503944722720855,0.424293913554152,0.0035));
#8297=CARTESIAN_POINT('',(0.503944722720855,0.424293913554152,0.0035));
#8298=CARTESIAN_POINT('',(0.516294001494994,0.430186265756043,0.0035));
#8299=CARTESIAN_POINT('',(0.503944722720855,0.424293913554152,0.0065));
#8300=CARTESIAN_POINT('',(0.516294001494994,0.430186265756043,0.0065));
#8301=CARTESIAN_POINT('',(0.503944722720855,0.424293913554152,0.0035));
#8302=CARTESIAN_POINT('Ctrl Pts',(0.502140527460555,0.423882681525341,0.0035));
#8303=CARTESIAN_POINT('Ctrl Pts',(0.50304833566137,0.423882636427537,0.0035));
#8304=CARTESIAN_POINT('Ctrl Pts',(0.503944722720855,0.424293913554152,0.0035));
#8305=CARTESIAN_POINT('Ctrl Pts',(0.502140527460555,0.423882681525341,0.0065));
#8306=CARTESIAN_POINT('Ctrl Pts',(0.50304833566137,0.423882636427537,0.0065));
#8307=CARTESIAN_POINT('Ctrl Pts',(0.503944722720855,0.424293913554152,0.0065));
#8308=CARTESIAN_POINT('',(0.502140527460555,0.423882681525341,0.0035));
#8309=CARTESIAN_POINT('Origin',(0.502574648310722,0.440942064125308,0.0035));
#8310=CARTESIAN_POINT('',(0.502140527460555,0.423882681525341,0.0065));
#8311=CARTESIAN_POINT('Origin',(0.502574648310722,0.440942064125308,0.0065));
#8312=CARTESIAN_POINT('',(0.502140527460555,0.423882681525341,0.0035));
#8313=CARTESIAN_POINT('Ctrl Pts',(0.498343538213355,0.42629122889408,0.0035));
#8314=CARTESIAN_POINT('Ctrl Pts',(0.499489484745442,0.423877080279225,0.0035));
#8315=CARTESIAN_POINT('Ctrl Pts',(0.502140527460555,0.423882681525341,0.0035));
#8316=CARTESIAN_POINT('Ctrl Pts',(0.498343538213355,0.42629122889408,0.0065));
#8317=CARTESIAN_POINT('Ctrl Pts',(0.499489484745442,0.423877080279225,0.0065));
#8318=CARTESIAN_POINT('Ctrl Pts',(0.502140527460555,0.423882681525341,0.0065));
#8319=CARTESIAN_POINT('',(0.498343538213355,0.42629122889408,0.0035));
#8320=CARTESIAN_POINT('Origin',(0.502085274380051,0.428050342877519,0.0035));
#8321=CARTESIAN_POINT('',(0.498343538213355,0.42629122889408,0.0065));
#8322=CARTESIAN_POINT('Origin',(0.502085274380051,0.428050342877519,0.0065));
#8323=CARTESIAN_POINT('',(0.498343538213355,0.42629122889408,0.0035));
#8324=CARTESIAN_POINT('Ctrl Pts',(0.496933989365955,0.4301127331619,0.0035));
#8325=CARTESIAN_POINT('Ctrl Pts',(0.496933989365955,0.4301127331619,0.0065));
#8326=CARTESIAN_POINT('Ctrl Pts',(0.497027141369055,0.4287518050664,0.0035));
#8327=CARTESIAN_POINT('Ctrl Pts',(0.497027141369055,0.4287518050664,0.0065));
#8328=CARTESIAN_POINT('Ctrl Pts',(0.498336462281501,0.426304455049546,0.0035));
#8329=CARTESIAN_POINT('Ctrl Pts',(0.498336462281501,0.426304455049546,0.0065));
#8330=CARTESIAN_POINT('Ctrl Pts',(0.498343538213355,0.42629122889408,0.0035));
#8331=CARTESIAN_POINT('Ctrl Pts',(0.498343538213355,0.42629122889408,0.0065));
#8332=CARTESIAN_POINT('',(0.496933989365955,0.4301127331619,0.0035));
#8333=CARTESIAN_POINT('Ctrl Pts',(0.498343538213355,0.42629122889408,0.0035));
#8334=CARTESIAN_POINT('Ctrl Pts',(0.498336462281501,0.426304455049546,0.0035));
#8335=CARTESIAN_POINT('Ctrl Pts',(0.497027141369055,0.4287518050664,0.0035));
#8336=CARTESIAN_POINT('Ctrl Pts',(0.496933989365955,0.4301127331619,0.0035));
#8337=CARTESIAN_POINT('',(0.496933989365955,0.4301127331619,0.0065));
#8338=CARTESIAN_POINT('Ctrl Pts',(0.496933989365955,0.4301127331619,0.0065));
#8339=CARTESIAN_POINT('Ctrl Pts',(0.497027141369055,0.4287518050664,0.0065));
#8340=CARTESIAN_POINT('Ctrl Pts',(0.498336462281501,0.426304455049546,0.0065));
#8341=CARTESIAN_POINT('Ctrl Pts',(0.498343538213355,0.42629122889408,0.0065));
#8342=CARTESIAN_POINT('',(0.496933989365955,0.4301127331619,0.0035));
#8343=CARTESIAN_POINT('Ctrl Pts',(0.499405993608855,0.4339221958286,0.0035));
#8344=CARTESIAN_POINT('Ctrl Pts',(0.499405993608855,0.4339221958286,0.0065));
#8345=CARTESIAN_POINT('Ctrl Pts',(0.499028465385782,0.433757185042278,0.0035));
#8346=CARTESIAN_POINT('Ctrl Pts',(0.499028465385782,0.433757185042278,0.0065));
#8347=CARTESIAN_POINT('Ctrl Pts',(0.498674984900694,0.433536048236042,0.0035));
#8348=CARTESIAN_POINT('Ctrl Pts',(0.498674984900694,0.433536048236042,0.0065));
#8349=CARTESIAN_POINT('Ctrl Pts',(0.498044676909642,0.433004355644382,0.0035));
#8350=CARTESIAN_POINT('Ctrl Pts',(0.498044676909642,0.433004355644382,0.0065));
#8351=CARTESIAN_POINT('Ctrl Pts',(0.49776709500842,0.432692984234689,0.0035));
#8352=CARTESIAN_POINT('Ctrl Pts',(0.49776709500842,0.432692984234689,0.0065));
#8353=CARTESIAN_POINT('Ctrl Pts',(0.497330659005439,0.43202148212286,0.0035));
#8354=CARTESIAN_POINT('Ctrl Pts',(0.497330659005439,0.43202148212286,0.0065));
#8355=CARTESIAN_POINT('Ctrl Pts',(0.497166883761126,0.431666944200821,0.0035));
#8356=CARTESIAN_POINT('Ctrl Pts',(0.497166883761126,0.431666944200821,0.0065));
#8357=CARTESIAN_POINT('Ctrl Pts',(0.496953814724881,0.430908464207637,0.0035));
#8358=CARTESIAN_POINT('Ctrl Pts',(0.496953814724881,0.430908464207637,0.0065));
#8359=CARTESIAN_POINT('Ctrl Pts',(0.496910235195226,0.430511788200065,0.0035));
#8360=CARTESIAN_POINT('Ctrl Pts',(0.496910235195226,0.430511788200065,0.0065));
#8361=CARTESIAN_POINT('Ctrl Pts',(0.496933989365955,0.4301127331619,0.0035));
#8362=CARTESIAN_POINT('Ctrl Pts',(0.496933989365955,0.4301127331619,0.0065));
#8363=CARTESIAN_POINT('',(0.499405993608855,0.4339221958286,0.0035));
#8364=CARTESIAN_POINT('Ctrl Pts',(0.496933989365955,0.4301127331619,0.0035));
#8365=CARTESIAN_POINT('Ctrl Pts',(0.496910235195226,0.430511788200065,0.0035));
#8366=CARTESIAN_POINT('Ctrl Pts',(0.496953814724881,0.430908464207637,0.0035));
#8367=CARTESIAN_POINT('Ctrl Pts',(0.497166883761126,0.431666944200821,0.0035));
#8368=CARTESIAN_POINT('Ctrl Pts',(0.497330659005439,0.43202148212286,0.0035));
#8369=CARTESIAN_POINT('Ctrl Pts',(0.49776709500842,0.432692984234689,0.0035));
#8370=CARTESIAN_POINT('Ctrl Pts',(0.498044676909642,0.433004355644382,0.0035));
#8371=CARTESIAN_POINT('Ctrl Pts',(0.498674984900694,0.433536048236042,0.0035));
#8372=CARTESIAN_POINT('Ctrl Pts',(0.499028465385782,0.433757185042278,0.0035));
#8373=CARTESIAN_POINT('Ctrl Pts',(0.499405993608855,0.4339221958286,0.0035));
#8374=CARTESIAN_POINT('',(0.499405993608855,0.4339221958286,0.0065));
#8375=CARTESIAN_POINT('Ctrl Pts',(0.499405993608855,0.4339221958286,0.0065));
#8376=CARTESIAN_POINT('Ctrl Pts',(0.499028465385782,0.433757185042278,0.0065));
#8377=CARTESIAN_POINT('Ctrl Pts',(0.498674984900694,0.433536048236042,0.0065));
#8378=CARTESIAN_POINT('Ctrl Pts',(0.498044676909642,0.433004355644382,0.0065));
#8379=CARTESIAN_POINT('Ctrl Pts',(0.49776709500842,0.432692984234689,0.0065));
#8380=CARTESIAN_POINT('Ctrl Pts',(0.497330659005439,0.43202148212286,0.0065));
#8381=CARTESIAN_POINT('Ctrl Pts',(0.497166883761126,0.431666944200821,0.0065));
#8382=CARTESIAN_POINT('Ctrl Pts',(0.496953814724881,0.430908464207637,0.0065));
#8383=CARTESIAN_POINT('Ctrl Pts',(0.496910235195226,0.430511788200065,0.0065));
#8384=CARTESIAN_POINT('Ctrl Pts',(0.496933989365955,0.4301127331619,0.0065));
#8385=CARTESIAN_POINT('',(0.499405993608855,0.4339221958286,0.0035));
#8386=CARTESIAN_POINT('Origin',(0.543148061314455,0.4542004788494,0.0035));
#8387=CARTESIAN_POINT('',(0.543270542816965,0.454228002783514,0.0035));
#8388=CARTESIAN_POINT('',(0.499405993608855,0.4339221958286,0.0035));
#8389=CARTESIAN_POINT('',(0.543270542816965,0.454228002783514,0.0065));
#8390=CARTESIAN_POINT('',(0.499405993608855,0.4339221958286,0.0065));
#8391=CARTESIAN_POINT('',(0.543350269321155,0.4542459188525,0.0035));
#8392=CARTESIAN_POINT('Ctrl Pts',(0.551037649738755,0.4560089909759,0.0035));
#8393=CARTESIAN_POINT('Ctrl Pts',(0.546900379614243,0.456009150097213,0.0035));
#8394=CARTESIAN_POINT('Ctrl Pts',(0.543350269321155,0.4542459188525,0.0035));
#8395=CARTESIAN_POINT('Ctrl Pts',(0.551037649738755,0.4560089909759,0.0065));
#8396=CARTESIAN_POINT('Ctrl Pts',(0.546900379614243,0.456009150097213,0.0065));
#8397=CARTESIAN_POINT('Ctrl Pts',(0.543350269321155,0.4542459188525,0.0065));
#8398=CARTESIAN_POINT('',(0.551037649738755,0.4560089909759,0.0035));
#8399=CARTESIAN_POINT('Origin',(0.554033546597529,0.434586434740331,0.0035));
#8400=CARTESIAN_POINT('',(0.551037649738755,0.4560089909759,0.0065));
#8401=CARTESIAN_POINT('Origin',(0.554033546597529,0.434586434740331,0.0065));
#8402=CARTESIAN_POINT('',(0.551037649738755,0.4560089909759,0.0035));
#8403=CARTESIAN_POINT('Ctrl Pts',(0.568618340887755,0.4411962315383,0.0035));
#8404=CARTESIAN_POINT('Ctrl Pts',(0.568618340887755,0.4411962315383,0.0065));
#8405=CARTESIAN_POINT('Ctrl Pts',(0.568187657480396,0.443284769878334,0.0035));
#8406=CARTESIAN_POINT('Ctrl Pts',(0.568187657480396,0.443284769878334,0.0065));
#8407=CARTESIAN_POINT('Ctrl Pts',(0.567415069631163,0.445288396314524,0.0035));
#8408=CARTESIAN_POINT('Ctrl Pts',(0.567415069631163,0.445288396314524,0.0065));
#8409=CARTESIAN_POINT('Ctrl Pts',(0.565265711659075,0.448914591229975,0.0035));
#8410=CARTESIAN_POINT('Ctrl Pts',(0.565265711659075,0.448914591229975,0.0065));
#8411=CARTESIAN_POINT('Ctrl Pts',(0.563912839741031,0.450525447045238,0.0035));
#8412=CARTESIAN_POINT('Ctrl Pts',(0.563912839741031,0.450525447045238,0.0065));
#8413=CARTESIAN_POINT('Ctrl Pts',(0.560781316837573,0.453166827143234,0.0035));
#8414=CARTESIAN_POINT('Ctrl Pts',(0.560781316837573,0.453166827143234,0.0065));
#8415=CARTESIAN_POINT('Ctrl Pts',(0.559039674837101,0.454197581129859,0.0035));
#8416=CARTESIAN_POINT('Ctrl Pts',(0.559039674837101,0.454197581129859,0.0065));
#8417=CARTESIAN_POINT('Ctrl Pts',(0.555194656031861,0.455641616534047,0.0035));
#8418=CARTESIAN_POINT('Ctrl Pts',(0.555194656031861,0.455641616534047,0.0065));
#8419=CARTESIAN_POINT('Ctrl Pts',(0.553134502477365,0.4560089909759,0.0035));
#8420=CARTESIAN_POINT('Ctrl Pts',(0.553134502477365,0.4560089909759,0.0065));
#8421=CARTESIAN_POINT('Ctrl Pts',(0.551037649738755,0.4560089909759,0.0035));
#8422=CARTESIAN_POINT('Ctrl Pts',(0.551037649738755,0.4560089909759,0.0065));
#8423=CARTESIAN_POINT('',(0.568618340887755,0.4411962315383,0.0035));
#8424=CARTESIAN_POINT('Ctrl Pts',(0.551037649738755,0.4560089909759,0.0035));
#8425=CARTESIAN_POINT('Ctrl Pts',(0.553134502477365,0.4560089909759,0.0035));
#8426=CARTESIAN_POINT('Ctrl Pts',(0.555194656031861,0.455641616534047,0.0035));
#8427=CARTESIAN_POINT('Ctrl Pts',(0.559039674837101,0.454197581129859,0.0035));
#8428=CARTESIAN_POINT('Ctrl Pts',(0.560781316837573,0.453166827143234,0.0035));
#8429=CARTESIAN_POINT('Ctrl Pts',(0.563912839741031,0.450525447045238,0.0035));
#8430=CARTESIAN_POINT('Ctrl Pts',(0.565265711659075,0.448914591229975,0.0035));
#8431=CARTESIAN_POINT('Ctrl Pts',(0.567415069631163,0.445288396314524,0.0035));
#8432=CARTESIAN_POINT('Ctrl Pts',(0.568187657480396,0.443284769878334,0.0035));
#8433=CARTESIAN_POINT('Ctrl Pts',(0.568618340887755,0.4411962315383,0.0035));
#8434=CARTESIAN_POINT('',(0.568618340887755,0.4411962315383,0.0065));
#8435=CARTESIAN_POINT('Ctrl Pts',(0.568618340887755,0.4411962315383,0.0065));
#8436=CARTESIAN_POINT('Ctrl Pts',(0.568187657480396,0.443284769878334,0.0065));
#8437=CARTESIAN_POINT('Ctrl Pts',(0.567415069631163,0.445288396314524,0.0065));
#8438=CARTESIAN_POINT('Ctrl Pts',(0.565265711659075,0.448914591229975,0.0065));
#8439=CARTESIAN_POINT('Ctrl Pts',(0.563912839741031,0.450525447045238,0.0065));
#8440=CARTESIAN_POINT('Ctrl Pts',(0.560781316837573,0.453166827143234,0.0065));
#8441=CARTESIAN_POINT('Ctrl Pts',(0.559039674837101,0.454197581129859,0.0065));
#8442=CARTESIAN_POINT('Ctrl Pts',(0.555194656031861,0.455641616534047,0.0065));
#8443=CARTESIAN_POINT('Ctrl Pts',(0.553134502477365,0.4560089909759,0.0065));
#8444=CARTESIAN_POINT('Ctrl Pts',(0.551037649738755,0.4560089909759,0.0065));
#8445=CARTESIAN_POINT('',(0.568618340887755,0.4411962315383,0.0035));
#8446=CARTESIAN_POINT('Ctrl Pts',(0.568618340887755,0.4411962315383,0.0035));
#8447=CARTESIAN_POINT('Ctrl Pts',(0.569302437001046,0.437830975750708,0.0035));
#8448=CARTESIAN_POINT('Ctrl Pts',(0.572757152546355,0.4378398057032,0.0035));
#8449=CARTESIAN_POINT('Ctrl Pts',(0.568618340887755,0.4411962315383,0.0065));
#8450=CARTESIAN_POINT('Ctrl Pts',(0.569302437001046,0.437830975750708,0.0065));
#8451=CARTESIAN_POINT('Ctrl Pts',(0.572757152546355,0.4378398057032,0.0065));
#8452=CARTESIAN_POINT('',(0.572757152546355,0.4378398057032,0.0035));
#8453=CARTESIAN_POINT('Origin',(0.572735987010252,0.442012384424178,0.0035));
#8454=CARTESIAN_POINT('',(0.572757152546355,0.4378398057032,0.0065));
#8455=CARTESIAN_POINT('Origin',(0.572735987010252,0.442012384424178,0.0065));
#8456=CARTESIAN_POINT('',(0.572757152546355,0.4378398057032,0.0035));
#8457=CARTESIAN_POINT('Ctrl Pts',(0.574792183014555,0.4383623657399,0.0035));
#8458=CARTESIAN_POINT('Ctrl Pts',(0.574792183014555,0.4383623657399,0.0065));
#8459=CARTESIAN_POINT('Ctrl Pts',(0.574219638995355,0.4381010857214,0.0035));
#8460=CARTESIAN_POINT('Ctrl Pts',(0.574219638995355,0.4381010857214,0.0065));
#8461=CARTESIAN_POINT('Ctrl Pts',(0.573426710968755,0.4378398057032,0.0035));
#8462=CARTESIAN_POINT('Ctrl Pts',(0.573426710968755,0.4378398057032,0.0065));
#8463=CARTESIAN_POINT('Ctrl Pts',(0.572757152546355,0.4378398057032,0.0035));
#8464=CARTESIAN_POINT('Ctrl Pts',(0.572757152546355,0.4378398057032,0.0065));
#8465=CARTESIAN_POINT('',(0.574792183014555,0.4383623657399,0.0035));
#8466=CARTESIAN_POINT('Ctrl Pts',(0.572757152546355,0.4378398057032,0.0035));
#8467=CARTESIAN_POINT('Ctrl Pts',(0.573426710968755,0.4378398057032,0.0035));
#8468=CARTESIAN_POINT('Ctrl Pts',(0.574219638995355,0.4381010857214,0.0035));
#8469=CARTESIAN_POINT('Ctrl Pts',(0.574792183014555,0.4383623657399,0.0035));
#8470=CARTESIAN_POINT('',(0.574792183014555,0.4383623657399,0.0065));
#8471=CARTESIAN_POINT('Ctrl Pts',(0.574792183014555,0.4383623657399,0.0065));
#8472=CARTESIAN_POINT('Ctrl Pts',(0.574219638995355,0.4381010857214,0.0065));
#8473=CARTESIAN_POINT('Ctrl Pts',(0.573426710968755,0.4378398057032,0.0065));
#8474=CARTESIAN_POINT('Ctrl Pts',(0.572757152546355,0.4378398057032,0.0065));
#8475=CARTESIAN_POINT('',(0.574792183014555,0.4383623657399,0.0035));
#8476=CARTESIAN_POINT('Origin',(0.578194503128355,0.4399618538519,0.0035));
#8477=CARTESIAN_POINT('',(0.578194503128355,0.4399618538519,0.0035));
#8478=CARTESIAN_POINT('',(0.574792183014555,0.4383623657399,0.0035));
#8479=CARTESIAN_POINT('',(0.578194503128355,0.4399618538519,0.0065));
#8480=CARTESIAN_POINT('',(0.574792183014555,0.4383623657399,0.0065));
#8481=CARTESIAN_POINT('',(0.578194503128355,0.4399618538519,0.0035));
#8482=CARTESIAN_POINT('Origin',(0.608686720790055,0.4542740916545,0.0035));
#8483=CARTESIAN_POINT('',(0.608686720790055,0.4542740916545,0.0035));
#8484=CARTESIAN_POINT('',(0.578194503128355,0.4399618538519,0.0035));
#8485=CARTESIAN_POINT('',(0.608686720790055,0.4542740916545,0.0065));
#8486=CARTESIAN_POINT('',(0.578194503128355,0.4399618538519,0.0065));
#8487=CARTESIAN_POINT('',(0.608686720790055,0.4542740916545,0.0035));
#8488=CARTESIAN_POINT('Ctrl Pts',(0.616360014807255,0.4560098997761,0.0035));
#8489=CARTESIAN_POINT('Ctrl Pts',(0.612278285328805,0.456010138180265,0.0035));
#8490=CARTESIAN_POINT('Ctrl Pts',(0.608686720790055,0.4542740916545,0.0035));
#8491=CARTESIAN_POINT('Ctrl Pts',(0.616360014807255,0.4560098997761,0.0065));
#8492=CARTESIAN_POINT('Ctrl Pts',(0.612278285328805,0.456010138180265,0.0065));
#8493=CARTESIAN_POINT('Ctrl Pts',(0.608686720790055,0.4542740916545,0.0065));
#8494=CARTESIAN_POINT('',(0.616360014807255,0.4560098997761,0.0035));
#8495=CARTESIAN_POINT('Origin',(0.618316535802481,0.434621167955279,0.0035));
#8496=CARTESIAN_POINT('',(0.616360014807255,0.4560098997761,0.0065));
#8497=CARTESIAN_POINT('Origin',(0.618316535802481,0.434621167955279,0.0065));
#8498=CARTESIAN_POINT('',(0.616360014807255,0.4560098997761,0.0035));
#8499=CARTESIAN_POINT('Ctrl Pts',(0.633928368995655,0.4412975627453,0.0035));
#8500=CARTESIAN_POINT('Ctrl Pts',(0.633928368995655,0.4412975627453,0.0065));
#8501=CARTESIAN_POINT('Ctrl Pts',(0.633501290159252,0.443368932235619,0.0035));
#8502=CARTESIAN_POINT('Ctrl Pts',(0.633501290159252,0.443368932235619,0.0065));
#8503=CARTESIAN_POINT('Ctrl Pts',(0.63272767885831,0.445355432179114,0.0035));
#8504=CARTESIAN_POINT('Ctrl Pts',(0.63272767885831,0.445355432179114,0.0065));
#8505=CARTESIAN_POINT('Ctrl Pts',(0.630578228051798,0.448951432027048,0.0035));
#8506=CARTESIAN_POINT('Ctrl Pts',(0.630578228051798,0.448951432027048,0.0065));
#8507=CARTESIAN_POINT('Ctrl Pts',(0.629222895109454,0.450550459880437,0.0035));
#8508=CARTESIAN_POINT('Ctrl Pts',(0.629222895109454,0.450550459880437,0.0065));
#8509=CARTESIAN_POINT('Ctrl Pts',(0.626090907258581,0.453176089789794,0.0035));
#8510=CARTESIAN_POINT('Ctrl Pts',(0.626090907258581,0.453176089789794,0.0065));
#8511=CARTESIAN_POINT('Ctrl Pts',(0.624346916698932,0.454203440556641,0.0035));
#8512=CARTESIAN_POINT('Ctrl Pts',(0.624346916698932,0.454203440556641,0.0065));
#8513=CARTESIAN_POINT('Ctrl Pts',(0.620507009308809,0.455641863151015,0.0035));
#8514=CARTESIAN_POINT('Ctrl Pts',(0.620507009308809,0.455641863151015,0.0065));
#8515=CARTESIAN_POINT('Ctrl Pts',(0.618451376862471,0.4560098997761,0.0035));
#8516=CARTESIAN_POINT('Ctrl Pts',(0.618451376862471,0.4560098997761,0.0065));
#8517=CARTESIAN_POINT('Ctrl Pts',(0.616360014807255,0.4560098997761,0.0035));
#8518=CARTESIAN_POINT('Ctrl Pts',(0.616360014807255,0.4560098997761,0.0065));
#8519=CARTESIAN_POINT('',(0.633928368995655,0.4412975627453,0.0035));
#8520=CARTESIAN_POINT('Ctrl Pts',(0.616360014807255,0.4560098997761,0.0035));
#8521=CARTESIAN_POINT('Ctrl Pts',(0.618451376862471,0.4560098997761,0.0035));
#8522=CARTESIAN_POINT('Ctrl Pts',(0.620507009308809,0.455641863151015,0.0035));
#8523=CARTESIAN_POINT('Ctrl Pts',(0.624346916698932,0.454203440556641,0.0035));
#8524=CARTESIAN_POINT('Ctrl Pts',(0.626090907258581,0.453176089789794,0.0035));
#8525=CARTESIAN_POINT('Ctrl Pts',(0.629222895109454,0.450550459880437,0.0035));
#8526=CARTESIAN_POINT('Ctrl Pts',(0.630578228051798,0.448951432027048,0.0035));
#8527=CARTESIAN_POINT('Ctrl Pts',(0.63272767885831,0.445355432179114,0.0035));
#8528=CARTESIAN_POINT('Ctrl Pts',(0.633501290159252,0.443368932235619,0.0035));
#8529=CARTESIAN_POINT('Ctrl Pts',(0.633928368995655,0.4412975627453,0.0035));
#8530=CARTESIAN_POINT('',(0.633928368995655,0.4412975627453,0.0065));
#8531=CARTESIAN_POINT('Ctrl Pts',(0.633928368995655,0.4412975627453,0.0065));
#8532=CARTESIAN_POINT('Ctrl Pts',(0.633501290159252,0.443368932235619,0.0065));
#8533=CARTESIAN_POINT('Ctrl Pts',(0.63272767885831,0.445355432179114,0.0065));
#8534=CARTESIAN_POINT('Ctrl Pts',(0.630578228051798,0.448951432027048,0.0065));
#8535=CARTESIAN_POINT('Ctrl Pts',(0.629222895109454,0.450550459880437,0.0065));
#8536=CARTESIAN_POINT('Ctrl Pts',(0.626090907258581,0.453176089789794,0.0065));
#8537=CARTESIAN_POINT('Ctrl Pts',(0.624346916698932,0.454203440556641,0.0065));
#8538=CARTESIAN_POINT('Ctrl Pts',(0.620507009308809,0.455641863151015,0.0065));
#8539=CARTESIAN_POINT('Ctrl Pts',(0.618451376862471,0.4560098997761,0.0065));
#8540=CARTESIAN_POINT('Ctrl Pts',(0.616360014807255,0.4560098997761,0.0065));
#8541=CARTESIAN_POINT('',(0.633928368995655,0.4412975627453,0.0035));
#8542=CARTESIAN_POINT('Ctrl Pts',(0.638079517614855,0.4378407145031,0.0035));
#8543=CARTESIAN_POINT('Ctrl Pts',(0.638079517614855,0.4378407145031,0.0065));
#8544=CARTESIAN_POINT('Ctrl Pts',(0.637588686529884,0.4378407145031,0.0035));
#8545=CARTESIAN_POINT('Ctrl Pts',(0.637588686529884,0.4378407145031,0.0065));
#8546=CARTESIAN_POINT('Ctrl Pts',(0.637104734841119,0.437931092196174,0.0035));
#8547=CARTESIAN_POINT('Ctrl Pts',(0.637104734841119,0.437931092196174,0.0065));
#8548=CARTESIAN_POINT('Ctrl Pts',(0.636196820132144,0.438273814394635,0.0035));
#8549=CARTESIAN_POINT('Ctrl Pts',(0.636196820132144,0.438273814394635,0.0065));
#8550=CARTESIAN_POINT('Ctrl Pts',(0.635779022973743,0.438520049527741,0.0035));
#8551=CARTESIAN_POINT('Ctrl Pts',(0.635779022973743,0.438520049527741,0.0065));
#8552=CARTESIAN_POINT('Ctrl Pts',(0.635035636687576,0.439139479635138,0.0035));
#8553=CARTESIAN_POINT('Ctrl Pts',(0.635035636687576,0.439139479635138,0.0065));
#8554=CARTESIAN_POINT('Ctrl Pts',(0.634713296627301,0.439513223556624,0.0035));
#8555=CARTESIAN_POINT('Ctrl Pts',(0.634713296627301,0.439513223556624,0.0065));
#8556=CARTESIAN_POINT('Ctrl Pts',(0.634205469389673,0.440351739469628,0.0035));
#8557=CARTESIAN_POINT('Ctrl Pts',(0.634205469389673,0.440351739469628,0.0065));
#8558=CARTESIAN_POINT('Ctrl Pts',(0.634023516300905,0.440813902465967,0.0035));
#8559=CARTESIAN_POINT('Ctrl Pts',(0.634023516300905,0.440813902465967,0.0065));
#8560=CARTESIAN_POINT('Ctrl Pts',(0.633928368995655,0.4412975627453,0.0035));
#8561=CARTESIAN_POINT('Ctrl Pts',(0.633928368995655,0.4412975627453,0.0065));
#8562=CARTESIAN_POINT('',(0.638079517614855,0.4378407145031,0.0035));
#8563=CARTESIAN_POINT('Ctrl Pts',(0.633928368995655,0.4412975627453,0.0035));
#8564=CARTESIAN_POINT('Ctrl Pts',(0.634023516300905,0.440813902465967,0.0035));
#8565=CARTESIAN_POINT('Ctrl Pts',(0.634205469389673,0.440351739469628,0.0035));
#8566=CARTESIAN_POINT('Ctrl Pts',(0.634713296627301,0.439513223556624,0.0035));
#8567=CARTESIAN_POINT('Ctrl Pts',(0.635035636687576,0.439139479635138,0.0035));
#8568=CARTESIAN_POINT('Ctrl Pts',(0.635779022973743,0.438520049527741,0.0035));
#8569=CARTESIAN_POINT('Ctrl Pts',(0.636196820132144,0.438273814394635,0.0035));
#8570=CARTESIAN_POINT('Ctrl Pts',(0.637104734841119,0.437931092196174,0.0035));
#8571=CARTESIAN_POINT('Ctrl Pts',(0.637588686529884,0.4378407145031,0.0035));
#8572=CARTESIAN_POINT('Ctrl Pts',(0.638079517614855,0.4378407145031,0.0035));
#8573=CARTESIAN_POINT('',(0.638079517614855,0.4378407145031,0.0065));
#8574=CARTESIAN_POINT('Ctrl Pts',(0.638079517614855,0.4378407145031,0.0065));
#8575=CARTESIAN_POINT('Ctrl Pts',(0.637588686529884,0.4378407145031,0.0065));
#8576=CARTESIAN_POINT('Ctrl Pts',(0.637104734841119,0.437931092196174,0.0065));
#8577=CARTESIAN_POINT('Ctrl Pts',(0.636196820132144,0.438273814394635,0.0065));
#8578=CARTESIAN_POINT('Ctrl Pts',(0.635779022973743,0.438520049527741,0.0065));
#8579=CARTESIAN_POINT('Ctrl Pts',(0.635035636687576,0.439139479635138,0.0065));
#8580=CARTESIAN_POINT('Ctrl Pts',(0.634713296627301,0.439513223556624,0.0065));
#8581=CARTESIAN_POINT('Ctrl Pts',(0.634205469389673,0.440351739469628,0.0065));
#8582=CARTESIAN_POINT('Ctrl Pts',(0.634023516300905,0.440813902465967,0.0065));
#8583=CARTESIAN_POINT('Ctrl Pts',(0.633928368995655,0.4412975627453,0.0065));
#8584=CARTESIAN_POINT('',(0.638079517614855,0.4378407145031,0.0035));
#8585=CARTESIAN_POINT('Ctrl Pts',(0.640103869682655,0.4383632745398,0.0035));
#8586=CARTESIAN_POINT('Ctrl Pts',(0.640103869682655,0.4383632745398,0.0065));
#8587=CARTESIAN_POINT('Ctrl Pts',(0.639541776863955,0.4381019945216,0.0035));
#8588=CARTESIAN_POINT('Ctrl Pts',(0.639541776863955,0.4381019945216,0.0065));
#8589=CARTESIAN_POINT('Ctrl Pts',(0.638759527237455,0.4378407145031,0.0035));
#8590=CARTESIAN_POINT('Ctrl Pts',(0.638759527237455,0.4378407145031,0.0065));
#8591=CARTESIAN_POINT('Ctrl Pts',(0.638079517614855,0.4378407145031,0.0035));
#8592=CARTESIAN_POINT('Ctrl Pts',(0.638079517614855,0.4378407145031,0.0065));
#8593=CARTESIAN_POINT('',(0.640103869682655,0.4383632745398,0.0035));
#8594=CARTESIAN_POINT('Ctrl Pts',(0.638079517614855,0.4378407145031,0.0035));
#8595=CARTESIAN_POINT('Ctrl Pts',(0.638759527237455,0.4378407145031,0.0035));
#8596=CARTESIAN_POINT('Ctrl Pts',(0.639541776863955,0.4381019945216,0.0035));
#8597=CARTESIAN_POINT('Ctrl Pts',(0.640103869682655,0.4383632745398,0.0035));
#8598=CARTESIAN_POINT('',(0.640103869682655,0.4383632745398,0.0065));
#8599=CARTESIAN_POINT('Ctrl Pts',(0.640103869682655,0.4383632745398,0.0065));
#8600=CARTESIAN_POINT('Ctrl Pts',(0.639541776863955,0.4381019945216,0.0065));
#8601=CARTESIAN_POINT('Ctrl Pts',(0.638759527237455,0.4378407145031,0.0065));
#8602=CARTESIAN_POINT('Ctrl Pts',(0.638079517614855,0.4378407145031,0.0065));
#8603=CARTESIAN_POINT('',(0.640103869682655,0.4383632745398,0.0035));
#8604=CARTESIAN_POINT('Origin',(0.645474287142555,0.4408863307166,0.0035));
#8605=CARTESIAN_POINT('',(0.645474287142555,0.4408863307166,0.0035));
#8606=CARTESIAN_POINT('',(0.640103869682655,0.4383632745398,0.0035));
#8607=CARTESIAN_POINT('',(0.645474287142555,0.4408863307166,0.0065));
#8608=CARTESIAN_POINT('',(0.640103869682655,0.4383632745398,0.0065));
#8609=CARTESIAN_POINT('',(0.645474287142555,0.4408863307166,0.0035));
#8610=CARTESIAN_POINT('Origin',(0.674060092260255,0.4542754548545,0.0035));
#8611=CARTESIAN_POINT('',(0.674060092260255,0.4542754548545,0.0035));
#8612=CARTESIAN_POINT('',(0.645474287142555,0.4408863307166,0.0035));
#8613=CARTESIAN_POINT('',(0.674060092260255,0.4542754548545,0.0065));
#8614=CARTESIAN_POINT('',(0.645474287142555,0.4408863307166,0.0065));
#8615=CARTESIAN_POINT('',(0.674060092260255,0.4542754548545,0.0035));
#8616=CARTESIAN_POINT('Ctrl Pts',(0.681706940196555,0.4560112629761,0.0035));
#8617=CARTESIAN_POINT('Ctrl Pts',(0.677651350273292,0.456011420403666,0.0035));
#8618=CARTESIAN_POINT('Ctrl Pts',(0.674060092260255,0.4542754548545,0.0035));
#8619=CARTESIAN_POINT('Ctrl Pts',(0.681706940196555,0.4560112629761,0.0065));
#8620=CARTESIAN_POINT('Ctrl Pts',(0.677651350273292,0.456011420403666,0.0065));
#8621=CARTESIAN_POINT('Ctrl Pts',(0.674060092260255,0.4542754548545,0.0065));
#8622=CARTESIAN_POINT('',(0.681706940196555,0.4560112629761,0.0035));
#8623=CARTESIAN_POINT('Origin',(0.687409844608706,0.419524705058657,0.0035));
#8624=CARTESIAN_POINT('',(0.681706940196555,0.4560112629761,0.0065));
#8625=CARTESIAN_POINT('Origin',(0.687409844608706,0.419524705058657,0.0065));
#8626=CARTESIAN_POINT('',(0.681706940196555,0.4560112629761,0.0035));
#8627=CARTESIAN_POINT('Ctrl Pts',(0.699518443833255,0.4381890121277,0.0035));
#8628=CARTESIAN_POINT('Ctrl Pts',(0.699518443833255,0.4381890121277,0.0065));
#8629=CARTESIAN_POINT('Ctrl Pts',(0.699518443833255,0.4480419952178,0.0035));
#8630=CARTESIAN_POINT('Ctrl Pts',(0.699518443833255,0.4480419952178,0.0065));
#8631=CARTESIAN_POINT('Ctrl Pts',(0.691542110445855,0.4560112629761,0.0035));
#8632=CARTESIAN_POINT('Ctrl Pts',(0.691542110445855,0.4560112629761,0.0065));
#8633=CARTESIAN_POINT('Ctrl Pts',(0.681706940196555,0.4560112629761,0.0035));
#8634=CARTESIAN_POINT('Ctrl Pts',(0.681706940196555,0.4560112629761,0.0065));
#8635=CARTESIAN_POINT('',(0.699518443833255,0.4381890121277,0.0035));
#8636=CARTESIAN_POINT('Ctrl Pts',(0.681706940196555,0.4560112629761,0.0035));
#8637=CARTESIAN_POINT('Ctrl Pts',(0.691542110445855,0.4560112629761,0.0035));
#8638=CARTESIAN_POINT('Ctrl Pts',(0.699518443833255,0.4480419952178,0.0035));
#8639=CARTESIAN_POINT('Ctrl Pts',(0.699518443833255,0.4381890121277,0.0035));
#8640=CARTESIAN_POINT('',(0.699518443833255,0.4381890121277,0.0065));
#8641=CARTESIAN_POINT('Ctrl Pts',(0.699518443833255,0.4381890121277,0.0065));
#8642=CARTESIAN_POINT('Ctrl Pts',(0.699518443833255,0.4480419952178,0.0065));
#8643=CARTESIAN_POINT('Ctrl Pts',(0.691542110445855,0.4560112629761,0.0065));
#8644=CARTESIAN_POINT('Ctrl Pts',(0.681706940196555,0.4560112629761,0.0065));
#8645=CARTESIAN_POINT('',(0.699518443833255,0.4381890121277,0.0035));
#8646=CARTESIAN_POINT('Ctrl Pts',(0.698612824602855,0.4325826245348,0.0035));
#8647=CARTESIAN_POINT('Ctrl Pts',(0.698612824602855,0.4325826245348,0.0065));
#8648=CARTESIAN_POINT('Ctrl Pts',(0.699120162219855,0.4342570886522,0.0035));
#8649=CARTESIAN_POINT('Ctrl Pts',(0.699120162219855,0.4342570886522,0.0065));
#8650=CARTESIAN_POINT('Ctrl Pts',(0.699518443833255,0.4363795912007,0.0035));
#8651=CARTESIAN_POINT('Ctrl Pts',(0.699518443833255,0.4363795912007,0.0065));
#8652=CARTESIAN_POINT('Ctrl Pts',(0.699518443833255,0.4381890121277,0.0035));
#8653=CARTESIAN_POINT('Ctrl Pts',(0.699518443833255,0.4381890121277,0.0065));
#8654=CARTESIAN_POINT('',(0.698612824602855,0.4325826245348,0.0035));
#8655=CARTESIAN_POINT('Ctrl Pts',(0.699518443833255,0.4381890121277,0.0035));
#8656=CARTESIAN_POINT('Ctrl Pts',(0.699518443833255,0.4363795912007,0.0035));
#8657=CARTESIAN_POINT('Ctrl Pts',(0.699120162219855,0.4342570886522,0.0035));
#8658=CARTESIAN_POINT('Ctrl Pts',(0.698612824602855,0.4325826245348,0.0035));
#8659=CARTESIAN_POINT('',(0.698612824602855,0.4325826245348,0.0065));
#8660=CARTESIAN_POINT('Ctrl Pts',(0.698612824602855,0.4325826245348,0.0065));
#8661=CARTESIAN_POINT('Ctrl Pts',(0.699120162219855,0.4342570886522,0.0065));
#8662=CARTESIAN_POINT('Ctrl Pts',(0.699518443833255,0.4363795912007,0.0065));
#8663=CARTESIAN_POINT('Ctrl Pts',(0.699518443833255,0.4381890121277,0.0065));
#8664=CARTESIAN_POINT('',(0.698612824602855,0.4325826245348,0.0035));
#8665=CARTESIAN_POINT('Origin',(0.682196806132755,0.375742178952725,0.0035));
#8666=CARTESIAN_POINT('',(0.682196806132755,0.375742178952725,0.0035));
#8667=CARTESIAN_POINT('',(0.698612824602855,0.4325826245348,0.0035));
#8668=CARTESIAN_POINT('',(0.682196806132755,0.375742178952725,0.0065));
#8669=CARTESIAN_POINT('',(0.698612824602855,0.4325826245348,0.0065));
#8670=CARTESIAN_POINT('',(0.682196806132755,0.375742178952725,0.0035));
#8671=CARTESIAN_POINT('Ctrl Pts',(0.681900764522955,0.373524706797374,0.0035));
#8672=CARTESIAN_POINT('Ctrl Pts',(0.681900764522955,0.373524706797374,0.0065));
#8673=CARTESIAN_POINT('Ctrl Pts',(0.681900764522955,0.374281282850378,0.0035));
#8674=CARTESIAN_POINT('Ctrl Pts',(0.681900764522955,0.374281282850378,0.0065));
#8675=CARTESIAN_POINT('Ctrl Pts',(0.682003004526255,0.375049218904178,0.0035));
#8676=CARTESIAN_POINT('Ctrl Pts',(0.682003004526255,0.375049218904178,0.0065));
#8677=CARTESIAN_POINT('Ctrl Pts',(0.682196806132755,0.375742178952725,0.0035));
#8678=CARTESIAN_POINT('Ctrl Pts',(0.682196806132755,0.375742178952725,0.0065));
#8679=CARTESIAN_POINT('',(0.681900764522955,0.373524706797374,0.0035));
#8680=CARTESIAN_POINT('Ctrl Pts',(0.682196806132755,0.375742178952725,0.0035));
#8681=CARTESIAN_POINT('Ctrl Pts',(0.682003004526255,0.375049218904178,0.0035));
#8682=CARTESIAN_POINT('Ctrl Pts',(0.681900764522955,0.374281282850378,0.0035));
#8683=CARTESIAN_POINT('Ctrl Pts',(0.681900764522955,0.373524706797374,0.0035));
#8684=CARTESIAN_POINT('',(0.681900764522955,0.373524706797374,0.0065));
#8685=CARTESIAN_POINT('Ctrl Pts',(0.681900764522955,0.373524706797374,0.0065));
#8686=CARTESIAN_POINT('Ctrl Pts',(0.681900764522955,0.374281282850378,0.0065));
#8687=CARTESIAN_POINT('Ctrl Pts',(0.682003004526255,0.375049218904178,0.0065));
#8688=CARTESIAN_POINT('Ctrl Pts',(0.682196806132755,0.375742178952725,0.0065));
#8689=CARTESIAN_POINT('',(0.681900764522955,0.373524706797374,0.0035));
#8690=CARTESIAN_POINT('Ctrl Pts',(0.690274446503208,0.36513144223645,0.0035));
#8691=CARTESIAN_POINT('Ctrl Pts',(0.690274446503208,0.36513144223645,0.0065));
#8692=CARTESIAN_POINT('Ctrl Pts',(0.689177807366697,0.365131455567644,0.0035));
#8693=CARTESIAN_POINT('Ctrl Pts',(0.689177807366697,0.365131455567644,0.0065));
#8694=CARTESIAN_POINT('Ctrl Pts',(0.688100622189674,0.365343440437785,0.0035));
#8695=CARTESIAN_POINT('Ctrl Pts',(0.688100622189674,0.365343440437785,0.0065));
#8696=CARTESIAN_POINT('Ctrl Pts',(0.686066578237218,0.366184821781222,0.0035));
#8697=CARTESIAN_POINT('Ctrl Pts',(0.686066578237218,0.366184821781222,0.0065));
#8698=CARTESIAN_POINT('Ctrl Pts',(0.685137997243637,0.366808562770018,0.0035));
#8699=CARTESIAN_POINT('Ctrl Pts',(0.685137997243637,0.366808562770018,0.0065));
#8700=CARTESIAN_POINT('Ctrl Pts',(0.683575857078563,0.368374516115954,0.0035));
#8701=CARTESIAN_POINT('Ctrl Pts',(0.683575857078563,0.368374516115954,0.0065));
#8702=CARTESIAN_POINT('Ctrl Pts',(0.68295413196056,0.369304859569178,0.0035));
#8703=CARTESIAN_POINT('Ctrl Pts',(0.68295413196056,0.369304859569178,0.0065));
#8704=CARTESIAN_POINT('Ctrl Pts',(0.682113369320377,0.371343042466416,0.0035));
#8705=CARTESIAN_POINT('Ctrl Pts',(0.682113369320377,0.371343042466416,0.0065));
#8706=CARTESIAN_POINT('Ctrl Pts',(0.681900751148346,0.37242449635556,0.0035));
#8707=CARTESIAN_POINT('Ctrl Pts',(0.681900751148346,0.37242449635556,0.0065));
#8708=CARTESIAN_POINT('Ctrl Pts',(0.681900764522955,0.373524706797374,0.0035));
#8709=CARTESIAN_POINT('Ctrl Pts',(0.681900764522955,0.373524706797374,0.0065));
#8710=CARTESIAN_POINT('',(0.690274446503208,0.36513144223645,0.0035));
#8711=CARTESIAN_POINT('Ctrl Pts',(0.681900764522955,0.373524706797374,0.0035));
#8712=CARTESIAN_POINT('Ctrl Pts',(0.681900751148346,0.37242449635556,0.0035));
#8713=CARTESIAN_POINT('Ctrl Pts',(0.682113369320377,0.371343042466416,0.0035));
#8714=CARTESIAN_POINT('Ctrl Pts',(0.68295413196056,0.369304859569178,0.0035));
#8715=CARTESIAN_POINT('Ctrl Pts',(0.683575857078563,0.368374516115954,0.0035));
#8716=CARTESIAN_POINT('Ctrl Pts',(0.685137997243637,0.366808562770018,0.0035));
#8717=CARTESIAN_POINT('Ctrl Pts',(0.686066578237218,0.366184821781222,0.0035));
#8718=CARTESIAN_POINT('Ctrl Pts',(0.688100622189674,0.365343440437785,0.0035));
#8719=CARTESIAN_POINT('Ctrl Pts',(0.689177807366697,0.365131455567644,0.0035));
#8720=CARTESIAN_POINT('Ctrl Pts',(0.690274446503208,0.36513144223645,0.0035));
#8721=CARTESIAN_POINT('',(0.690274446503208,0.36513144223645,0.0065));
#8722=CARTESIAN_POINT('Ctrl Pts',(0.690274446503208,0.36513144223645,0.0065));
#8723=CARTESIAN_POINT('Ctrl Pts',(0.689177807366697,0.365131455567644,0.0065));
#8724=CARTESIAN_POINT('Ctrl Pts',(0.688100622189674,0.365343440437785,0.0065));
#8725=CARTESIAN_POINT('Ctrl Pts',(0.686066578237218,0.366184821781222,0.0065));
#8726=CARTESIAN_POINT('Ctrl Pts',(0.685137997243637,0.366808562770018,0.0065));
#8727=CARTESIAN_POINT('Ctrl Pts',(0.683575857078563,0.368374516115954,0.0065));
#8728=CARTESIAN_POINT('Ctrl Pts',(0.68295413196056,0.369304859569178,0.0065));
#8729=CARTESIAN_POINT('Ctrl Pts',(0.682113369320377,0.371343042466416,0.0065));
#8730=CARTESIAN_POINT('Ctrl Pts',(0.681900751148346,0.37242449635556,0.0065));
#8731=CARTESIAN_POINT('Ctrl Pts',(0.681900764522955,0.373524706797374,0.0065));
#8732=CARTESIAN_POINT('',(0.690274446503208,0.36513144223645,0.0035));
#8733=CARTESIAN_POINT('Origin',(0.719787050634815,0.365110498901291,0.0035));
#8734=CARTESIAN_POINT('',(0.719787050634815,0.365110498901291,0.0035));
#8735=CARTESIAN_POINT('',(0.690274446503208,0.36513144223645,0.0035));
#8736=CARTESIAN_POINT('',(0.719787050634815,0.365110498901291,0.0065));
#8737=CARTESIAN_POINT('',(0.690274446503208,0.36513144223645,0.0065));
#8738=CARTESIAN_POINT('',(0.719787050634815,0.365110498901291,0.0035));
#8739=CARTESIAN_POINT('Origin',(0.719798912784248,0.369291150165938,0.0035));
#8740=CARTESIAN_POINT('',(0.723979569133312,0.369301059666988,0.0035));
#8741=CARTESIAN_POINT('Origin',(0.719798912784248,0.369291150165938,0.0035));
#8742=CARTESIAN_POINT('',(0.723979569133312,0.369301059666988,0.0065));
#8743=CARTESIAN_POINT('Origin',(0.719798912784248,0.369291150165938,0.0065));
#8744=CARTESIAN_POINT('',(0.723979569133312,0.369301059666988,0.0035));
#8745=CARTESIAN_POINT('Ctrl Pts',(0.723979569133312,0.369301059666988,0.0035));
#8746=CARTESIAN_POINT('Ctrl Pts',(0.723980097724175,0.370649113450901,0.0035));
#8747=CARTESIAN_POINT('Ctrl Pts',(0.723200727506655,0.371709605870213,0.0035));
#8748=CARTESIAN_POINT('Ctrl Pts',(0.723979569133312,0.369301059666988,0.0065));
#8749=CARTESIAN_POINT('Ctrl Pts',(0.723980097724175,0.370649113450901,0.0065));
#8750=CARTESIAN_POINT('Ctrl Pts',(0.723200727506655,0.371709605870213,0.0065));
#8751=CARTESIAN_POINT('',(0.723200727506655,0.371709605870213,0.0035));
#8752=CARTESIAN_POINT('Origin',(0.720559694566685,0.369387955222572,0.0035));
#8753=CARTESIAN_POINT('',(0.723200727506655,0.371709605870213,0.0065));
#8754=CARTESIAN_POINT('Origin',(0.720559694566685,0.369387955222572,0.0065));
#8755=CARTESIAN_POINT('',(0.723200727506655,0.371709605870213,0.0035));
#8756=CARTESIAN_POINT('Ctrl Pts',(0.719900601956055,0.382764022644659,0.0035));
#8757=CARTESIAN_POINT('Ctrl Pts',(0.719900601956055,0.382764022644659,0.0065));
#8758=CARTESIAN_POINT('Ctrl Pts',(0.719750994262854,0.381346623809985,0.0035));
#8759=CARTESIAN_POINT('Ctrl Pts',(0.719750994262854,0.381346623809985,0.0065));
#8760=CARTESIAN_POINT('Ctrl Pts',(0.719853795375551,0.379923136133193,0.0035));
#8761=CARTESIAN_POINT('Ctrl Pts',(0.719853795375551,0.379923136133193,0.0065));
#8762=CARTESIAN_POINT('Ctrl Pts',(0.720406182144856,0.377321971194335,0.0035));
#8763=CARTESIAN_POINT('Ctrl Pts',(0.720406182144856,0.377321971194335,0.0065));
#8764=CARTESIAN_POINT('Ctrl Pts',(0.720808068717311,0.376136884233374,0.0035));
#8765=CARTESIAN_POINT('Ctrl Pts',(0.720808068717311,0.376136884233374,0.0065));
#8766=CARTESIAN_POINT('Ctrl Pts',(0.721681502502202,0.374182690524323,0.0035));
#8767=CARTESIAN_POINT('Ctrl Pts',(0.721681502502202,0.374182690524323,0.0065));
#8768=CARTESIAN_POINT('Ctrl Pts',(0.72211620800431,0.373365548140898,0.0035));
#8769=CARTESIAN_POINT('Ctrl Pts',(0.72211620800431,0.373365548140898,0.0065));
#8770=CARTESIAN_POINT('Ctrl Pts',(0.722730415282584,0.372385825883895,0.0035));
#8771=CARTESIAN_POINT('Ctrl Pts',(0.722730415282584,0.372385825883895,0.0065));
#8772=CARTESIAN_POINT('Ctrl Pts',(0.722879759271269,0.372158725730765,0.0035));
#8773=CARTESIAN_POINT('Ctrl Pts',(0.722879759271269,0.372158725730765,0.0065));
#8774=CARTESIAN_POINT('Ctrl Pts',(0.723069279722482,0.371888804716977,0.0035));
#8775=CARTESIAN_POINT('Ctrl Pts',(0.723069279722482,0.371888804716977,0.0065));
#8776=CARTESIAN_POINT('Ctrl Pts',(0.723112440245827,0.371828467791858,0.0035));
#8777=CARTESIAN_POINT('Ctrl Pts',(0.723112440245827,0.371828467791858,0.0065));
#8778=CARTESIAN_POINT('Ctrl Pts',(0.723165038364418,0.371757072877754,0.0035));
#8779=CARTESIAN_POINT('Ctrl Pts',(0.723165038364418,0.371757072877754,0.0065));
#8780=CARTESIAN_POINT('Ctrl Pts',(0.723176780219382,0.371741267052858,0.0035));
#8781=CARTESIAN_POINT('Ctrl Pts',(0.723176780219382,0.371741267052858,0.0065));
#8782=CARTESIAN_POINT('Ctrl Pts',(0.723191741647396,0.371721405955713,0.0035));
#8783=CARTESIAN_POINT('Ctrl Pts',(0.723191741647396,0.371721405955713,0.0065));
#8784=CARTESIAN_POINT('Ctrl Pts',(0.723200727506655,0.371709605870213,0.0035));
#8785=CARTESIAN_POINT('Ctrl Pts',(0.723200727506655,0.371709605870213,0.0065));
#8786=CARTESIAN_POINT('',(0.719900601956055,0.382764022644659,0.0035));
#8787=CARTESIAN_POINT('Ctrl Pts',(0.723200727506655,0.371709605870213,0.0035));
#8788=CARTESIAN_POINT('Ctrl Pts',(0.723199865138943,0.371710728192477,0.0035));
#8789=CARTESIAN_POINT('Ctrl Pts',(0.723191741647396,0.371721405955713,0.0035));
#8790=CARTESIAN_POINT('Ctrl Pts',(0.723176780219382,0.371741267052858,0.0035));
#8791=CARTESIAN_POINT('Ctrl Pts',(0.723165038364418,0.371757072877754,0.0035));
#8792=CARTESIAN_POINT('Ctrl Pts',(0.723112440245827,0.371828467791858,0.0035));
#8793=CARTESIAN_POINT('Ctrl Pts',(0.723069279722482,0.371888804716977,0.0035));
#8794=CARTESIAN_POINT('Ctrl Pts',(0.722879759271269,0.372158725730765,0.0035));
#8795=CARTESIAN_POINT('Ctrl Pts',(0.722730415282584,0.372385825883895,0.0035));
#8796=CARTESIAN_POINT('Ctrl Pts',(0.72211620800431,0.373365548140898,0.0035));
#8797=CARTESIAN_POINT('Ctrl Pts',(0.721681502502202,0.374182690524323,0.0035));
#8798=CARTESIAN_POINT('Ctrl Pts',(0.720808068717311,0.376136884233374,0.0035));
#8799=CARTESIAN_POINT('Ctrl Pts',(0.720406182144856,0.377321971194335,0.0035));
#8800=CARTESIAN_POINT('Ctrl Pts',(0.719853795375551,0.379923136133193,0.0035));
#8801=CARTESIAN_POINT('Ctrl Pts',(0.719750994262854,0.381346623809985,0.0035));
#8802=CARTESIAN_POINT('Ctrl Pts',(0.719900601956055,0.382764022644659,0.0035));
#8803=CARTESIAN_POINT('',(0.719900601956055,0.382764022644659,0.0065));
#8804=CARTESIAN_POINT('Ctrl Pts',(0.719900601956055,0.382764022644659,0.0065));
#8805=CARTESIAN_POINT('Ctrl Pts',(0.719750994262854,0.381346623809985,0.0065));
#8806=CARTESIAN_POINT('Ctrl Pts',(0.719853795375551,0.379923136133193,0.0065));
#8807=CARTESIAN_POINT('Ctrl Pts',(0.720406182144856,0.377321971194335,0.0065));
#8808=CARTESIAN_POINT('Ctrl Pts',(0.720808068717311,0.376136884233374,0.0065));
#8809=CARTESIAN_POINT('Ctrl Pts',(0.721681502502202,0.374182690524323,0.0065));
#8810=CARTESIAN_POINT('Ctrl Pts',(0.72211620800431,0.373365548140898,0.0065));
#8811=CARTESIAN_POINT('Ctrl Pts',(0.722730415282584,0.372385825883895,0.0065));
#8812=CARTESIAN_POINT('Ctrl Pts',(0.722879759271269,0.372158725730765,0.0065));
#8813=CARTESIAN_POINT('Ctrl Pts',(0.723069279722482,0.371888804716977,0.0065));
#8814=CARTESIAN_POINT('Ctrl Pts',(0.723112440245827,0.371828467791858,0.0065));
#8815=CARTESIAN_POINT('Ctrl Pts',(0.723165038364418,0.371757072877754,0.0065));
#8816=CARTESIAN_POINT('Ctrl Pts',(0.723176780219382,0.371741267052858,0.0065));
#8817=CARTESIAN_POINT('Ctrl Pts',(0.723191741647396,0.371721405955713,0.0065));
#8818=CARTESIAN_POINT('Ctrl Pts',(0.723199865138943,0.371710728192477,0.0065));
#8819=CARTESIAN_POINT('Ctrl Pts',(0.723200727506655,0.371709605870213,0.0065));
#8820=CARTESIAN_POINT('',(0.719900601956055,0.382764022644659,0.0035));
#8821=CARTESIAN_POINT('Ctrl Pts',(0.720478598775555,0.38725872055955,0.0035));
#8822=CARTESIAN_POINT('Ctrl Pts',(0.720478598775555,0.38725872055955,0.0065));
#8823=CARTESIAN_POINT('Ctrl Pts',(0.720105081962955,0.385809184457999,0.0035));
#8824=CARTESIAN_POINT('Ctrl Pts',(0.720105081962955,0.385809184457999,0.0065));
#8825=CARTESIAN_POINT('Ctrl Pts',(0.720066230761755,0.384312845153168,0.0035));
#8826=CARTESIAN_POINT('Ctrl Pts',(0.720066230761755,0.384312845153168,0.0065));
#8827=CARTESIAN_POINT('Ctrl Pts',(0.719900601956055,0.382764022644659,0.0035));
#8828=CARTESIAN_POINT('Ctrl Pts',(0.719900601956055,0.382764022644659,0.0065));
#8829=CARTESIAN_POINT('',(0.720478598775555,0.38725872055955,0.0035));
#8830=CARTESIAN_POINT('Ctrl Pts',(0.719900601956055,0.382764022644659,0.0035));
#8831=CARTESIAN_POINT('Ctrl Pts',(0.720066230761755,0.384312845153168,0.0035));
#8832=CARTESIAN_POINT('Ctrl Pts',(0.720105081962955,0.385809184457999,0.0035));
#8833=CARTESIAN_POINT('Ctrl Pts',(0.720478598775555,0.38725872055955,0.0035));
#8834=CARTESIAN_POINT('',(0.720478598775555,0.38725872055955,0.0065));
#8835=CARTESIAN_POINT('Ctrl Pts',(0.720478598775555,0.38725872055955,0.0065));
#8836=CARTESIAN_POINT('Ctrl Pts',(0.720105081962955,0.385809184457999,0.0065));
#8837=CARTESIAN_POINT('Ctrl Pts',(0.720066230761755,0.384312845153168,0.0065));
#8838=CARTESIAN_POINT('Ctrl Pts',(0.719900601956055,0.382764022644659,0.0065));
#8839=CARTESIAN_POINT('',(0.720478598775555,0.38725872055955,0.0035));
#8840=CARTESIAN_POINT('Origin',(0.729825720688455,0.419946441249578,0.0035));
#8841=CARTESIAN_POINT('',(0.729825720688455,0.419946441249578,0.0035));
#8842=CARTESIAN_POINT('',(0.720478598775555,0.38725872055955,0.0035));
#8843=CARTESIAN_POINT('',(0.729825720688455,0.419946441249578,0.0065));
#8844=CARTESIAN_POINT('',(0.720478598775555,0.38725872055955,0.0065));
#8845=CARTESIAN_POINT('',(0.729825720688455,0.419946441249578,0.0035));
#8846=CARTESIAN_POINT('Ctrl Pts',(0.731460879143355,0.426402102501848,0.0035));
#8847=CARTESIAN_POINT('Ctrl Pts',(0.731460879143355,0.426402102501848,0.0065));
#8848=CARTESIAN_POINT('Ctrl Pts',(0.731460879143355,0.425954518470491,0.0035));
#8849=CARTESIAN_POINT('Ctrl Pts',(0.731460879143355,0.425954518470491,0.0065));
#8850=CARTESIAN_POINT('Ctrl Pts',(0.729829659807318,0.419960914788972,0.0035));
#8851=CARTESIAN_POINT('Ctrl Pts',(0.729829659807318,0.419960914788972,0.0065));
#8852=CARTESIAN_POINT('Ctrl Pts',(0.729825720688455,0.419946441249578,0.0035));
#8853=CARTESIAN_POINT('Ctrl Pts',(0.729825720688455,0.419946441249578,0.0065));
#8854=CARTESIAN_POINT('',(0.731460879143355,0.426402102501848,0.0035));
#8855=CARTESIAN_POINT('Ctrl Pts',(0.729825720688455,0.419946441249578,0.0035));
#8856=CARTESIAN_POINT('Ctrl Pts',(0.729829659807318,0.419960914788972,0.0035));
#8857=CARTESIAN_POINT('Ctrl Pts',(0.731460879143355,0.425954518470491,0.0035));
#8858=CARTESIAN_POINT('Ctrl Pts',(0.731460879143355,0.426402102501848,0.0035));
#8859=CARTESIAN_POINT('',(0.731460879143355,0.426402102501848,0.0065));
#8860=CARTESIAN_POINT('Ctrl Pts',(0.731460879143355,0.426402102501848,0.0065));
#8861=CARTESIAN_POINT('Ctrl Pts',(0.731460879143355,0.425954518470491,0.0065));
#8862=CARTESIAN_POINT('Ctrl Pts',(0.729829659807318,0.419960914788972,0.0065));
#8863=CARTESIAN_POINT('Ctrl Pts',(0.729825720688455,0.419946441249578,0.0065));
#8864=CARTESIAN_POINT('',(0.731460879143355,0.426402102501848,0.0035));
#8865=CARTESIAN_POINT('Ctrl Pts',(0.727263927002655,0.4306114371968,0.0035));
#8866=CARTESIAN_POINT('Ctrl Pts',(0.727263927002655,0.4306114371968,0.0065));
#8867=CARTESIAN_POINT('Ctrl Pts',(0.729568553000055,0.4308477252134,0.0035));
#8868=CARTESIAN_POINT('Ctrl Pts',(0.729568553000055,0.4308477252134,0.0065));
#8869=CARTESIAN_POINT('Ctrl Pts',(0.731460879143355,0.4287234050645,0.0035));
#8870=CARTESIAN_POINT('Ctrl Pts',(0.731460879143355,0.4287234050645,0.0065));
#8871=CARTESIAN_POINT('Ctrl Pts',(0.731460879143355,0.426402102501848,0.0035));
#8872=CARTESIAN_POINT('Ctrl Pts',(0.731460879143355,0.426402102501848,0.0065));
#8873=CARTESIAN_POINT('',(0.727263927002655,0.4306114371968,0.0035));
#8874=CARTESIAN_POINT('Ctrl Pts',(0.731460879143355,0.426402102501848,0.0035));
#8875=CARTESIAN_POINT('Ctrl Pts',(0.731460879143355,0.4287234050645,0.0035));
#8876=CARTESIAN_POINT('Ctrl Pts',(0.729568553000055,0.4308477252134,0.0035));
#8877=CARTESIAN_POINT('Ctrl Pts',(0.727263927002655,0.4306114371968,0.0035));
#8878=CARTESIAN_POINT('',(0.727263927002655,0.4306114371968,0.0065));
#8879=CARTESIAN_POINT('Ctrl Pts',(0.727263927002655,0.4306114371968,0.0065));
#8880=CARTESIAN_POINT('Ctrl Pts',(0.729568553000055,0.4308477252134,0.0065));
#8881=CARTESIAN_POINT('Ctrl Pts',(0.731460879143355,0.4287234050645,0.0065));
#8882=CARTESIAN_POINT('Ctrl Pts',(0.731460879143355,0.426402102501848,0.0065));
#8883=CARTESIAN_POINT('',(0.727263927002655,0.4306114371968,0.0035));
#8884=CARTESIAN_POINT('Ctrl Pts',(0.716731002809955,0.426551827312337,0.0035));
#8885=CARTESIAN_POINT('Ctrl Pts',(0.716731002809955,0.426551827312337,0.0065));
#8886=CARTESIAN_POINT('Ctrl Pts',(0.718919393283255,0.427287955363907,0.0035));
#8887=CARTESIAN_POINT('Ctrl Pts',(0.718919393283255,0.427287955363907,0.0065));
#8888=CARTESIAN_POINT('Ctrl Pts',(0.725565402465855,0.4304124099827,0.0035));
#8889=CARTESIAN_POINT('Ctrl Pts',(0.725565402465855,0.4304124099827,0.0065));
#8890=CARTESIAN_POINT('Ctrl Pts',(0.727263927002655,0.4306114371968,0.0035));
#8891=CARTESIAN_POINT('Ctrl Pts',(0.727263927002655,0.4306114371968,0.0065));
#8892=CARTESIAN_POINT('',(0.716731002809955,0.426551827312337,0.0035));
#8893=CARTESIAN_POINT('Ctrl Pts',(0.727263927002655,0.4306114371968,0.0035));
#8894=CARTESIAN_POINT('Ctrl Pts',(0.725565402465855,0.4304124099827,0.0035));
#8895=CARTESIAN_POINT('Ctrl Pts',(0.718919393283255,0.427287955363907,0.0035));
#8896=CARTESIAN_POINT('Ctrl Pts',(0.716731002809955,0.426551827312337,0.0035));
#8897=CARTESIAN_POINT('',(0.716731002809955,0.426551827312337,0.0065));
#8898=CARTESIAN_POINT('Ctrl Pts',(0.716731002809955,0.426551827312337,0.0065));
#8899=CARTESIAN_POINT('Ctrl Pts',(0.718919393283255,0.427287955363907,0.0065));
#8900=CARTESIAN_POINT('Ctrl Pts',(0.725565402465855,0.4304124099827,0.0065));
#8901=CARTESIAN_POINT('Ctrl Pts',(0.727263927002655,0.4306114371968,0.0065));
#8902=CARTESIAN_POINT('',(0.716731002809955,0.426551827312337,0.0035));
#8903=CARTESIAN_POINT('Ctrl Pts',(0.713332227016155,0.4283148994358,0.0035));
#8904=CARTESIAN_POINT('Ctrl Pts',(0.713332227016155,0.4283148994358,0.0065));
#8905=CARTESIAN_POINT('Ctrl Pts',(0.713552936941586,0.428009076534224,0.0035));
#8906=CARTESIAN_POINT('Ctrl Pts',(0.713552936941586,0.428009076534224,0.0065));
#8907=CARTESIAN_POINT('Ctrl Pts',(0.713809853429225,0.42771249187244,0.0035));
#8908=CARTESIAN_POINT('Ctrl Pts',(0.713809853429225,0.42771249187244,0.0065));
#8909=CARTESIAN_POINT('Ctrl Pts',(0.714367902483726,0.427187558453429,0.0035));
#8910=CARTESIAN_POINT('Ctrl Pts',(0.714367902483726,0.427187558453429,0.0065));
#8911=CARTESIAN_POINT('Ctrl Pts',(0.714686824622907,0.426944631060337,0.0035));
#8912=CARTESIAN_POINT('Ctrl Pts',(0.714686824622907,0.426944631060337,0.0065));
#8913=CARTESIAN_POINT('Ctrl Pts',(0.715290930121001,0.426630104866659,0.0035));
#8914=CARTESIAN_POINT('Ctrl Pts',(0.715290930121001,0.426630104866659,0.0065));
#8915=CARTESIAN_POINT('Ctrl Pts',(0.715570469327643,0.426528968338293,0.0035));
#8916=CARTESIAN_POINT('Ctrl Pts',(0.715570469327643,0.426528968338293,0.0065));
#8917=CARTESIAN_POINT('Ctrl Pts',(0.716004774043102,0.426465906167002,0.0035));
#8918=CARTESIAN_POINT('Ctrl Pts',(0.716004774043102,0.426465906167002,0.0065));
#8919=CARTESIAN_POINT('Ctrl Pts',(0.716149060464622,0.426459668989564,0.0035));
#8920=CARTESIAN_POINT('Ctrl Pts',(0.716149060464622,0.426459668989564,0.0065));
#8921=CARTESIAN_POINT('Ctrl Pts',(0.716442528408659,0.426480143485942,0.0035));
#8922=CARTESIAN_POINT('Ctrl Pts',(0.716442528408659,0.426480143485942,0.0065));
#8923=CARTESIAN_POINT('Ctrl Pts',(0.716588400383827,0.42650762578466,0.0035));
#8924=CARTESIAN_POINT('Ctrl Pts',(0.716588400383827,0.42650762578466,0.0065));
#8925=CARTESIAN_POINT('Ctrl Pts',(0.716731002809955,0.426551827312337,0.0035));
#8926=CARTESIAN_POINT('Ctrl Pts',(0.716731002809955,0.426551827312337,0.0065));
#8927=CARTESIAN_POINT('',(0.713332227016155,0.4283148994358,0.0035));
#8928=CARTESIAN_POINT('Ctrl Pts',(0.716731002809955,0.426551827312337,0.0035));
#8929=CARTESIAN_POINT('Ctrl Pts',(0.716588400383827,0.42650762578466,0.0035));
#8930=CARTESIAN_POINT('Ctrl Pts',(0.716442528408659,0.426480143485942,0.0035));
#8931=CARTESIAN_POINT('Ctrl Pts',(0.716149060464622,0.426459668989564,0.0035));
#8932=CARTESIAN_POINT('Ctrl Pts',(0.716004774043102,0.426465906167002,0.0035));
#8933=CARTESIAN_POINT('Ctrl Pts',(0.715570469327643,0.426528968338293,0.0035));
#8934=CARTESIAN_POINT('Ctrl Pts',(0.715290930121001,0.426630104866659,0.0035));
#8935=CARTESIAN_POINT('Ctrl Pts',(0.714686824622907,0.426944631060337,0.0035));
#8936=CARTESIAN_POINT('Ctrl Pts',(0.714367902483726,0.427187558453429,0.0035));
#8937=CARTESIAN_POINT('Ctrl Pts',(0.713809853429225,0.42771249187244,0.0035));
#8938=CARTESIAN_POINT('Ctrl Pts',(0.713552936941586,0.428009076534224,0.0035));
#8939=CARTESIAN_POINT('Ctrl Pts',(0.713332227016155,0.4283148994358,0.0035));
#8940=CARTESIAN_POINT('',(0.713332227016155,0.4283148994358,0.0065));
#8941=CARTESIAN_POINT('Ctrl Pts',(0.713332227016155,0.4283148994358,0.0065));
#8942=CARTESIAN_POINT('Ctrl Pts',(0.713552936941586,0.428009076534224,0.0065));
#8943=CARTESIAN_POINT('Ctrl Pts',(0.713809853429225,0.42771249187244,0.0065));
#8944=CARTESIAN_POINT('Ctrl Pts',(0.714367902483726,0.427187558453429,0.0065));
#8945=CARTESIAN_POINT('Ctrl Pts',(0.714686824622907,0.426944631060337,0.0065));
#8946=CARTESIAN_POINT('Ctrl Pts',(0.715290930121001,0.426630104866659,0.0065));
#8947=CARTESIAN_POINT('Ctrl Pts',(0.715570469327643,0.426528968338293,0.0065));
#8948=CARTESIAN_POINT('Ctrl Pts',(0.716004774043102,0.426465906167002,0.0065));
#8949=CARTESIAN_POINT('Ctrl Pts',(0.716149060464622,0.426459668989564,0.0065));
#8950=CARTESIAN_POINT('Ctrl Pts',(0.716442528408659,0.426480143485942,0.0065));
#8951=CARTESIAN_POINT('Ctrl Pts',(0.716588400383827,0.42650762578466,0.0065));
#8952=CARTESIAN_POINT('Ctrl Pts',(0.716731002809955,0.426551827312337,0.0065));
#8953=CARTESIAN_POINT('',(0.713332227016155,0.4283148994358,0.0035));
#8954=CARTESIAN_POINT('Ctrl Pts',(0.711806351764755,0.4328977509569,0.0035));
#8955=CARTESIAN_POINT('Ctrl Pts',(0.711806351764755,0.4328977509569,0.0065));
#8956=CARTESIAN_POINT('Ctrl Pts',(0.712015375771755,0.4312755428432,0.0035));
#8957=CARTESIAN_POINT('Ctrl Pts',(0.712015375771755,0.4312755428432,0.0065));
#8958=CARTESIAN_POINT('Ctrl Pts',(0.71332613103617,0.4283286048737,0.0035));
#8959=CARTESIAN_POINT('Ctrl Pts',(0.71332613103617,0.4283286048737,0.0065));
#8960=CARTESIAN_POINT('Ctrl Pts',(0.713332227016155,0.4283148994358,0.0035));
#8961=CARTESIAN_POINT('Ctrl Pts',(0.713332227016155,0.4283148994358,0.0065));
#8962=CARTESIAN_POINT('',(0.711806351764755,0.4328977509569,0.0035));
#8963=CARTESIAN_POINT('Ctrl Pts',(0.713332227016155,0.4283148994358,0.0035));
#8964=CARTESIAN_POINT('Ctrl Pts',(0.71332613103617,0.4283286048737,0.0035));
#8965=CARTESIAN_POINT('Ctrl Pts',(0.712015375771755,0.4312755428432,0.0035));
#8966=CARTESIAN_POINT('Ctrl Pts',(0.711806351764755,0.4328977509569,0.0035));
#8967=CARTESIAN_POINT('',(0.711806351764755,0.4328977509569,0.0065));
#8968=CARTESIAN_POINT('Ctrl Pts',(0.711806351764755,0.4328977509569,0.0065));
#8969=CARTESIAN_POINT('Ctrl Pts',(0.712015375771755,0.4312755428432,0.0065));
#8970=CARTESIAN_POINT('Ctrl Pts',(0.71332613103617,0.4283286048737,0.0065));
#8971=CARTESIAN_POINT('Ctrl Pts',(0.713332227016155,0.4283148994358,0.0065));
#8972=CARTESIAN_POINT('',(0.711806351764755,0.4328977509569,0.0035));
#8973=CARTESIAN_POINT('Ctrl Pts',(0.714125064162555,0.4366190600177,0.0035));
#8974=CARTESIAN_POINT('Ctrl Pts',(0.714125064162555,0.4366190600177,0.0065));
#8975=CARTESIAN_POINT('Ctrl Pts',(0.712755956916855,0.435955635971,0.0035));
#8976=CARTESIAN_POINT('Ctrl Pts',(0.712755956916855,0.435955635971,0.0065));
#8977=CARTESIAN_POINT('Ctrl Pts',(0.711524441995455,0.4350218439056,0.0035));
#8978=CARTESIAN_POINT('Ctrl Pts',(0.711524441995455,0.4350218439056,0.0065));
#8979=CARTESIAN_POINT('Ctrl Pts',(0.711806351764755,0.4328977509569,0.0035));
#8980=CARTESIAN_POINT('Ctrl Pts',(0.711806351764755,0.4328977509569,0.0065));
#8981=CARTESIAN_POINT('',(0.714125064162555,0.4366190600177,0.0035));
#8982=CARTESIAN_POINT('Ctrl Pts',(0.711806351764755,0.4328977509569,0.0035));
#8983=CARTESIAN_POINT('Ctrl Pts',(0.711524441995455,0.4350218439056,0.0035));
#8984=CARTESIAN_POINT('Ctrl Pts',(0.712755956916855,0.435955635971,0.0035));
#8985=CARTESIAN_POINT('Ctrl Pts',(0.714125064162555,0.4366190600177,0.0035));
#8986=CARTESIAN_POINT('',(0.714125064162555,0.4366190600177,0.0065));
#8987=CARTESIAN_POINT('Ctrl Pts',(0.714125064162555,0.4366190600177,0.0065));
#8988=CARTESIAN_POINT('Ctrl Pts',(0.712755956916855,0.435955635971,0.0065));
#8989=CARTESIAN_POINT('Ctrl Pts',(0.711524441995455,0.4350218439056,0.0065));
#8990=CARTESIAN_POINT('Ctrl Pts',(0.711806351764755,0.4328977509569,0.0065));
#8991=CARTESIAN_POINT('',(0.714125064162555,0.4366190600177,0.0035));
#8992=CARTESIAN_POINT('Origin',(0.752495461131117,0.454276360420306,0.0035));
#8993=CARTESIAN_POINT('',(0.752495461131117,0.454276360420306,0.0035));
#8994=CARTESIAN_POINT('',(0.714125064162555,0.4366190600177,0.0035));
#8995=CARTESIAN_POINT('',(0.752495461131117,0.454276360420306,0.0065));
#8996=CARTESIAN_POINT('',(0.714125064162555,0.4366190600177,0.0065));
#8997=CARTESIAN_POINT('',(0.752495461131117,0.454276360420306,0.0035));
#8998=CARTESIAN_POINT('Origin',(0.760163380718816,0.438420952666249,0.0035));
#8999=CARTESIAN_POINT('',(0.760190684958274,0.456033170026063,0.0035));
#9000=CARTESIAN_POINT('Origin',(0.760163380718816,0.438420952666249,0.0035));
#9001=CARTESIAN_POINT('',(0.760190684958274,0.456033170026063,0.0065));
#9002=CARTESIAN_POINT('Origin',(0.760163380718816,0.438420952666249,0.0065));
#9003=CARTESIAN_POINT('',(0.760190684958274,0.456033170026063,0.0035));
#9004=CARTESIAN_POINT('Ctrl Pts',(0.778004413822755,0.4382167305296,0.0035));
#9005=CARTESIAN_POINT('Ctrl Pts',(0.778004413822755,0.4382167305296,0.0065));
#9006=CARTESIAN_POINT('Ctrl Pts',(0.778004189383703,0.448069512534087,0.0035));
#9007=CARTESIAN_POINT('Ctrl Pts',(0.778004189383703,0.448069512534087,0.0065));
#9008=CARTESIAN_POINT('Ctrl Pts',(0.770024131830514,0.456033394024675,0.0035));
#9009=CARTESIAN_POINT('Ctrl Pts',(0.770024131830514,0.456033394024675,0.0065));
#9010=CARTESIAN_POINT('Ctrl Pts',(0.760190684958274,0.456033170026063,0.0035));
#9011=CARTESIAN_POINT('Ctrl Pts',(0.760190684958274,0.456033170026063,0.0065));
#9012=CARTESIAN_POINT('',(0.778004413822755,0.4382167305296,0.0035));
#9013=CARTESIAN_POINT('Ctrl Pts',(0.760190684958274,0.456033170026063,0.0035));
#9014=CARTESIAN_POINT('Ctrl Pts',(0.770024131830514,0.456033394024675,0.0035));
#9015=CARTESIAN_POINT('Ctrl Pts',(0.778004189383703,0.448069512534087,0.0035));
#9016=CARTESIAN_POINT('Ctrl Pts',(0.778004413822755,0.4382167305296,0.0035));
#9017=CARTESIAN_POINT('',(0.778004413822755,0.4382167305296,0.0065));
#9018=CARTESIAN_POINT('Ctrl Pts',(0.778004413822755,0.4382167305296,0.0065));
#9019=CARTESIAN_POINT('Ctrl Pts',(0.778004189383703,0.448069512534087,0.0065));
#9020=CARTESIAN_POINT('Ctrl Pts',(0.770024131830514,0.456033394024675,0.0065));
#9021=CARTESIAN_POINT('Ctrl Pts',(0.760190684958274,0.456033170026063,0.0065));
#9022=CARTESIAN_POINT('',(0.778004413822755,0.4382167305296,0.0035));
#9023=CARTESIAN_POINT('Ctrl Pts',(0.777606132209355,0.4344972390689,0.0035));
#9024=CARTESIAN_POINT('Ctrl Pts',(0.777606132209355,0.4344972390689,0.0065));
#9025=CARTESIAN_POINT('Ctrl Pts',(0.777642484210755,0.4344972390689,0.0035));
#9026=CARTESIAN_POINT('Ctrl Pts',(0.777642484210755,0.4344972390689,0.0065));
#9027=CARTESIAN_POINT('Ctrl Pts',(0.778004413822755,0.4364057192027,0.0035));
#9028=CARTESIAN_POINT('Ctrl Pts',(0.778004413822755,0.4364057192027,0.0065));
#9029=CARTESIAN_POINT('Ctrl Pts',(0.778004413822755,0.4382167305296,0.0035));
#9030=CARTESIAN_POINT('Ctrl Pts',(0.778004413822755,0.4382167305296,0.0065));
#9031=CARTESIAN_POINT('',(0.777606132209355,0.4344972390689,0.0035));
#9032=CARTESIAN_POINT('Ctrl Pts',(0.778004413822755,0.4382167305296,0.0035));
#9033=CARTESIAN_POINT('Ctrl Pts',(0.778004413822755,0.4364057192027,0.0035));
#9034=CARTESIAN_POINT('Ctrl Pts',(0.777642484210755,0.4344972390689,0.0035));
#9035=CARTESIAN_POINT('Ctrl Pts',(0.777606132209355,0.4344972390689,0.0035));
#9036=CARTESIAN_POINT('',(0.777606132209355,0.4344972390689,0.0065));
#9037=CARTESIAN_POINT('Ctrl Pts',(0.777606132209355,0.4344972390689,0.0065));
#9038=CARTESIAN_POINT('Ctrl Pts',(0.777642484210755,0.4344972390689,0.0065));
#9039=CARTESIAN_POINT('Ctrl Pts',(0.778004413822755,0.4364057192027,0.0065));
#9040=CARTESIAN_POINT('Ctrl Pts',(0.778004413822755,0.4382167305296,0.0065));
#9041=CARTESIAN_POINT('',(0.777606132209355,0.4344972390689,0.0035));
#9042=CARTESIAN_POINT('Origin',(0.766814222727855,0.396950164438509,0.0035));
#9043=CARTESIAN_POINT('',(0.766814222727855,0.396950164438509,0.0035));
#9044=CARTESIAN_POINT('',(0.777606132209355,0.4344972390689,0.0035));
#9045=CARTESIAN_POINT('',(0.766814222727855,0.396950164438509,0.0065));
#9046=CARTESIAN_POINT('',(0.777606132209355,0.4344972390689,0.0065));
#9047=CARTESIAN_POINT('',(0.766814222727855,0.396950164438509,0.0035));
#9048=CARTESIAN_POINT('Origin',(0.761947734884655,0.380909388914729,0.0035));
#9049=CARTESIAN_POINT('',(0.761947734884655,0.380909388914729,0.0035));
#9050=CARTESIAN_POINT('',(0.766814222727855,0.396950164438509,0.0035));
#9051=CARTESIAN_POINT('',(0.761947734884655,0.380909388914729,0.0065));
#9052=CARTESIAN_POINT('',(0.766814222727855,0.396950164438509,0.0065));
#9053=CARTESIAN_POINT('',(0.761947734884655,0.380909388914729,0.0035));
#9054=CARTESIAN_POINT('Origin',(0.761491290069555,0.378991820780387,0.0035));
#9055=CARTESIAN_POINT('',(0.761491290069555,0.378991820780387,0.0035));
#9056=CARTESIAN_POINT('',(0.761947734884655,0.380909388914729,0.0035));
#9057=CARTESIAN_POINT('',(0.761491290069555,0.378991820780387,0.0065));
#9058=CARTESIAN_POINT('',(0.761947734884655,0.380909388914729,0.0065));
#9059=CARTESIAN_POINT('',(0.761491290069555,0.378991820780387,0.0035));
#9060=CARTESIAN_POINT('Ctrl Pts',(0.761291354062755,0.376767532624559,0.0035));
#9061=CARTESIAN_POINT('Ctrl Pts',(0.761291354062755,0.376767532624559,0.0065));
#9062=CARTESIAN_POINT('Ctrl Pts',(0.761291354062755,0.377492300675333,0.0035));
#9063=CARTESIAN_POINT('Ctrl Pts',(0.761291354062755,0.377492300675333,0.0065));
#9064=CARTESIAN_POINT('Ctrl Pts',(0.761354970065055,0.378280684730567,0.0035));
#9065=CARTESIAN_POINT('Ctrl Pts',(0.761354970065055,0.378280684730567,0.0065));
#9066=CARTESIAN_POINT('Ctrl Pts',(0.761491290069555,0.378991820780387,0.0035));
#9067=CARTESIAN_POINT('Ctrl Pts',(0.761491290069555,0.378991820780387,0.0065));
#9068=CARTESIAN_POINT('',(0.761291354062755,0.376767532624559,0.0035));
#9069=CARTESIAN_POINT('Ctrl Pts',(0.761491290069555,0.378991820780387,0.0035));
#9070=CARTESIAN_POINT('Ctrl Pts',(0.761354970065055,0.378280684730567,0.0035));
#9071=CARTESIAN_POINT('Ctrl Pts',(0.761291354062755,0.377492300675333,0.0035));
#9072=CARTESIAN_POINT('Ctrl Pts',(0.761291354062755,0.376767532624559,0.0035));
#9073=CARTESIAN_POINT('',(0.761291354062755,0.376767532624559,0.0065));
#9074=CARTESIAN_POINT('Ctrl Pts',(0.761291354062755,0.376767532624559,0.0065));
#9075=CARTESIAN_POINT('Ctrl Pts',(0.761291354062755,0.377492300675333,0.0065));
#9076=CARTESIAN_POINT('Ctrl Pts',(0.761354970065055,0.378280684730567,0.0065));
#9077=CARTESIAN_POINT('Ctrl Pts',(0.761491290069555,0.378991820780387,0.0065));
#9078=CARTESIAN_POINT('',(0.761291354062755,0.376767532624559,0.0035));
#9079=CARTESIAN_POINT('Ctrl Pts',(0.768161177972955,0.368355906435257,0.0035));
#9080=CARTESIAN_POINT('Ctrl Pts',(0.768161177972955,0.368355906435257,0.0065));
#9081=CARTESIAN_POINT('Ctrl Pts',(0.767668274426383,0.368355906435257,0.0035));
#9082=CARTESIAN_POINT('Ctrl Pts',(0.767668274426383,0.368355906435257,0.0065));
#9083=CARTESIAN_POINT('Ctrl Pts',(0.767180473882034,0.368416894777441,0.0035));
#9084=CARTESIAN_POINT('Ctrl Pts',(0.767180473882034,0.368416894777441,0.0065));
#9085=CARTESIAN_POINT('Ctrl Pts',(0.766235437667122,0.368659753088693,0.0035));
#9086=CARTESIAN_POINT('Ctrl Pts',(0.766235437667122,0.368659753088693,0.0065));
#9087=CARTESIAN_POINT('Ctrl Pts',(0.765786383706722,0.36883702262759,0.0035));
#9088=CARTESIAN_POINT('Ctrl Pts',(0.765786383706722,0.36883702262759,0.0065));
#9089=CARTESIAN_POINT('Ctrl Pts',(0.764561013358381,0.369494831374392,0.0035));
#9090=CARTESIAN_POINT('Ctrl Pts',(0.764561013358381,0.369494831374392,0.0065));
#9091=CARTESIAN_POINT('Ctrl Pts',(0.76386574622829,0.370092916103156,0.0035));
#9092=CARTESIAN_POINT('Ctrl Pts',(0.76386574622829,0.370092916103156,0.0065));
#9093=CARTESIAN_POINT('Ctrl Pts',(0.762629252910275,0.371607459398031,0.0035));
#9094=CARTESIAN_POINT('Ctrl Pts',(0.762629252910275,0.371607459398031,0.0065));
#9095=CARTESIAN_POINT('Ctrl Pts',(0.76213348379522,0.372548466160727,0.0035));
#9096=CARTESIAN_POINT('Ctrl Pts',(0.76213348379522,0.372548466160727,0.0065));
#9097=CARTESIAN_POINT('Ctrl Pts',(0.761457431448412,0.374580499786503,0.0035));
#9098=CARTESIAN_POINT('Ctrl Pts',(0.761457431448412,0.374580499786503,0.0065));
#9099=CARTESIAN_POINT('Ctrl Pts',(0.761291354062755,0.375672258754732,0.0035));
#9100=CARTESIAN_POINT('Ctrl Pts',(0.761291354062755,0.375672258754732,0.0065));
#9101=CARTESIAN_POINT('Ctrl Pts',(0.761291354062755,0.376767532624559,0.0035));
#9102=CARTESIAN_POINT('Ctrl Pts',(0.761291354062755,0.376767532624559,0.0065));
#9103=CARTESIAN_POINT('',(0.768161177972955,0.368355906435257,0.0035));
#9104=CARTESIAN_POINT('Ctrl Pts',(0.761291354062755,0.376767532624559,0.0035));
#9105=CARTESIAN_POINT('Ctrl Pts',(0.761291354062755,0.375672258754732,0.0035));
#9106=CARTESIAN_POINT('Ctrl Pts',(0.761457431448412,0.374580499786503,0.0035));
#9107=CARTESIAN_POINT('Ctrl Pts',(0.76213348379522,0.372548466160727,0.0035));
#9108=CARTESIAN_POINT('Ctrl Pts',(0.762629252910275,0.371607459398031,0.0035));
#9109=CARTESIAN_POINT('Ctrl Pts',(0.76386574622829,0.370092916103156,0.0035));
#9110=CARTESIAN_POINT('Ctrl Pts',(0.764561013358381,0.369494831374392,0.0035));
#9111=CARTESIAN_POINT('Ctrl Pts',(0.765786383706722,0.36883702262759,0.0035));
#9112=CARTESIAN_POINT('Ctrl Pts',(0.766235437667122,0.368659753088693,0.0035));
#9113=CARTESIAN_POINT('Ctrl Pts',(0.767180473882034,0.368416894777441,0.0035));
#9114=CARTESIAN_POINT('Ctrl Pts',(0.767668274426383,0.368355906435257,0.0035));
#9115=CARTESIAN_POINT('Ctrl Pts',(0.768161177972955,0.368355906435257,0.0035));
#9116=CARTESIAN_POINT('',(0.768161177972955,0.368355906435257,0.0065));
#9117=CARTESIAN_POINT('Ctrl Pts',(0.768161177972955,0.368355906435257,0.0065));
#9118=CARTESIAN_POINT('Ctrl Pts',(0.767668274426383,0.368355906435257,0.0065));
#9119=CARTESIAN_POINT('Ctrl Pts',(0.767180473882034,0.368416894777441,0.0065));
#9120=CARTESIAN_POINT('Ctrl Pts',(0.766235437667122,0.368659753088693,0.0065));
#9121=CARTESIAN_POINT('Ctrl Pts',(0.765786383706722,0.36883702262759,0.0065));
#9122=CARTESIAN_POINT('Ctrl Pts',(0.764561013358381,0.369494831374392,0.0065));
#9123=CARTESIAN_POINT('Ctrl Pts',(0.76386574622829,0.370092916103156,0.0065));
#9124=CARTESIAN_POINT('Ctrl Pts',(0.762629252910275,0.371607459398031,0.0065));
#9125=CARTESIAN_POINT('Ctrl Pts',(0.76213348379522,0.372548466160727,0.0065));
#9126=CARTESIAN_POINT('Ctrl Pts',(0.761457431448412,0.374580499786503,0.0065));
#9127=CARTESIAN_POINT('Ctrl Pts',(0.761291354062755,0.375672258754732,0.0065));
#9128=CARTESIAN_POINT('Ctrl Pts',(0.761291354062755,0.376767532624559,0.0065));
#9129=CARTESIAN_POINT('',(0.768161177972955,0.368355906435257,0.0035));
#9130=CARTESIAN_POINT('Origin',(0.772761614606955,0.368333186433668,0.0035));
#9131=CARTESIAN_POINT('',(0.772761614606955,0.368333186433668,0.0035));
#9132=CARTESIAN_POINT('',(0.768161177972955,0.368355906435257,0.0035));
#9133=CARTESIAN_POINT('',(0.772761614606955,0.368333186433668,0.0065));
#9134=CARTESIAN_POINT('',(0.768161177972955,0.368355906435257,0.0065));
#9135=CARTESIAN_POINT('',(0.772761614606955,0.368333186433668,0.0035));
#9136=CARTESIAN_POINT('Ctrl Pts',(0.782177464522455,0.375303455721989,0.0035));
#9137=CARTESIAN_POINT('Ctrl Pts',(0.782177464522455,0.375303455721989,0.0065));
#9138=CARTESIAN_POINT('Ctrl Pts',(0.781750306039556,0.374280017682561,0.0035));
#9139=CARTESIAN_POINT('Ctrl Pts',(0.781750306039556,0.374280017682561,0.0065));
#9140=CARTESIAN_POINT('Ctrl Pts',(0.781199232790429,0.373308678382768,0.0035));
#9141=CARTESIAN_POINT('Ctrl Pts',(0.781199232790429,0.373308678382768,0.0065));
#9142=CARTESIAN_POINT('Ctrl Pts',(0.779886708602094,0.371589463442759,0.0035));
#9143=CARTESIAN_POINT('Ctrl Pts',(0.779886708602094,0.371589463442759,0.0065));
#9144=CARTESIAN_POINT('Ctrl Pts',(0.779138101629671,0.370835675813402,0.0035));
#9145=CARTESIAN_POINT('Ctrl Pts',(0.779138101629671,0.370835675813402,0.0065));
#9146=CARTESIAN_POINT('Ctrl Pts',(0.77749519309806,0.369618786785971,0.0035));
#9147=CARTESIAN_POINT('Ctrl Pts',(0.77749519309806,0.369618786785971,0.0065));
#9148=CARTESIAN_POINT('Ctrl Pts',(0.776621247015291,0.369147532683707,0.0035));
#9149=CARTESIAN_POINT('Ctrl Pts',(0.776621247015291,0.369147532683707,0.0065));
#9150=CARTESIAN_POINT('Ctrl Pts',(0.774741932703527,0.368499220809164,0.0035));
#9151=CARTESIAN_POINT('Ctrl Pts',(0.774741932703527,0.368499220809164,0.0065));
#9152=CARTESIAN_POINT('Ctrl Pts',(0.77376020548228,0.368333186433668,0.0035));
#9153=CARTESIAN_POINT('Ctrl Pts',(0.77376020548228,0.368333186433668,0.0065));
#9154=CARTESIAN_POINT('Ctrl Pts',(0.772761614606955,0.368333186433668,0.0035));
#9155=CARTESIAN_POINT('Ctrl Pts',(0.772761614606955,0.368333186433668,0.0065));
#9156=CARTESIAN_POINT('',(0.782177464522455,0.375303455721989,0.0035));
#9157=CARTESIAN_POINT('Ctrl Pts',(0.772761614606955,0.368333186433668,0.0035));
#9158=CARTESIAN_POINT('Ctrl Pts',(0.77376020548228,0.368333186433668,0.0035));
#9159=CARTESIAN_POINT('Ctrl Pts',(0.774741932703527,0.368499220809164,0.0035));
#9160=CARTESIAN_POINT('Ctrl Pts',(0.776621247015291,0.369147532683707,0.0035));
#9161=CARTESIAN_POINT('Ctrl Pts',(0.77749519309806,0.369618786785971,0.0035));
#9162=CARTESIAN_POINT('Ctrl Pts',(0.779138101629671,0.370835675813402,0.0035));
#9163=CARTESIAN_POINT('Ctrl Pts',(0.779886708602094,0.371589463442759,0.0035));
#9164=CARTESIAN_POINT('Ctrl Pts',(0.781199232790429,0.373308678382768,0.0035));
#9165=CARTESIAN_POINT('Ctrl Pts',(0.781750306039556,0.374280017682561,0.0035));
#9166=CARTESIAN_POINT('Ctrl Pts',(0.782177464522455,0.375303455721989,0.0035));
#9167=CARTESIAN_POINT('',(0.782177464522455,0.375303455721989,0.0065));
#9168=CARTESIAN_POINT('Ctrl Pts',(0.782177464522455,0.375303455721989,0.0065));
#9169=CARTESIAN_POINT('Ctrl Pts',(0.781750306039556,0.374280017682561,0.0065));
#9170=CARTESIAN_POINT('Ctrl Pts',(0.781199232790429,0.373308678382768,0.0065));
#9171=CARTESIAN_POINT('Ctrl Pts',(0.779886708602094,0.371589463442759,0.0065));
#9172=CARTESIAN_POINT('Ctrl Pts',(0.779138101629671,0.370835675813402,0.0065));
#9173=CARTESIAN_POINT('Ctrl Pts',(0.77749519309806,0.369618786785971,0.0065));
#9174=CARTESIAN_POINT('Ctrl Pts',(0.776621247015291,0.369147532683707,0.0065));
#9175=CARTESIAN_POINT('Ctrl Pts',(0.774741932703527,0.368499220809164,0.0065));
#9176=CARTESIAN_POINT('Ctrl Pts',(0.77376020548228,0.368333186433668,0.0065));
#9177=CARTESIAN_POINT('Ctrl Pts',(0.772761614606955,0.368333186433668,0.0065));
#9178=CARTESIAN_POINT('',(0.782177464522455,0.375303455721989,0.0035));
#9179=CARTESIAN_POINT('Origin',(0.804471162484093,0.452656347962156,0.0035));
#9180=CARTESIAN_POINT('',(0.804471162484093,0.452656347962156,0.0035));
#9181=CARTESIAN_POINT('',(0.782177464522455,0.375303455721989,0.0035));
#9182=CARTESIAN_POINT('',(0.804471162484093,0.452656347962156,0.0065));
#9183=CARTESIAN_POINT('',(0.782177464522455,0.375303455721989,0.0065));
#9184=CARTESIAN_POINT('',(0.804471162484093,0.452656347962156,0.0035));
#9185=CARTESIAN_POINT('Origin',(0.808573008156344,0.451950717869648,0.0035));
#9186=CARTESIAN_POINT('',(0.808596205307417,0.456112750262434,0.0035));
#9187=CARTESIAN_POINT('Origin',(0.808573008156344,0.451950717869648,0.0035));
#9188=CARTESIAN_POINT('',(0.808596205307417,0.456112750262434,0.0065));
#9189=CARTESIAN_POINT('Origin',(0.808573008156344,0.451950717869648,0.0065));
#9190=CARTESIAN_POINT('',(0.808596205307417,0.456112750262434,0.0035));
#9191=CARTESIAN_POINT('Origin',(0.84352150395822,0.456113908231537,0.0035));
#9192=CARTESIAN_POINT('',(0.84352150395822,0.456113908231537,0.0035));
#9193=CARTESIAN_POINT('',(0.808596205307417,0.456112750262434,0.0035));
#9194=CARTESIAN_POINT('',(0.84352150395822,0.456113908231537,0.0065));
#9195=CARTESIAN_POINT('',(0.808596205307417,0.456112750262434,0.0065));
#9196=CARTESIAN_POINT('',(0.84352150395822,0.456113908231537,0.0035));
#9197=CARTESIAN_POINT('Ctrl Pts',(0.847723598878455,0.4519464274913,0.0035));
#9198=CARTESIAN_POINT('Ctrl Pts',(0.847723598878455,0.4519464274913,0.0065));
#9199=CARTESIAN_POINT('Ctrl Pts',(0.847723531292144,0.452490594001154,0.0035));
#9200=CARTESIAN_POINT('Ctrl Pts',(0.847723531292144,0.452490594001154,0.0065));
#9201=CARTESIAN_POINT('Ctrl Pts',(0.847616577266558,0.453025137803471,0.0035));
#9202=CARTESIAN_POINT('Ctrl Pts',(0.847616577266558,0.453025137803471,0.0065));
#9203=CARTESIAN_POINT('Ctrl Pts',(0.847194726594129,0.45403743089444,0.0035));
#9204=CARTESIAN_POINT('Ctrl Pts',(0.847194726594129,0.45403743089444,0.0065));
#9205=CARTESIAN_POINT('Ctrl Pts',(0.846880917854196,0.45450113962032,0.0035));
#9206=CARTESIAN_POINT('Ctrl Pts',(0.846880917854196,0.45450113962032,0.0065));
#9207=CARTESIAN_POINT('Ctrl Pts',(0.846093776794677,0.455281939262214,0.0035));
#9208=CARTESIAN_POINT('Ctrl Pts',(0.846093776794677,0.455281939262214,0.0065));
#9209=CARTESIAN_POINT('Ctrl Pts',(0.845625364820751,0.455592902553374,0.0035));
#9210=CARTESIAN_POINT('Ctrl Pts',(0.845625364820751,0.455592902553374,0.0065));
#9211=CARTESIAN_POINT('Ctrl Pts',(0.844605550315685,0.456009389145462,0.0035));
#9212=CARTESIAN_POINT('Ctrl Pts',(0.844605550315685,0.456009389145462,0.0065));
#9213=CARTESIAN_POINT('Ctrl Pts',(0.844068202086745,0.456113976132278,0.0035));
#9214=CARTESIAN_POINT('Ctrl Pts',(0.844068202086745,0.456113976132278,0.0065));
#9215=CARTESIAN_POINT('Ctrl Pts',(0.84352150395822,0.456113908231537,0.0035));
#9216=CARTESIAN_POINT('Ctrl Pts',(0.84352150395822,0.456113908231537,0.0065));
#9217=CARTESIAN_POINT('',(0.847723598878455,0.4519464274913,0.0035));
#9218=CARTESIAN_POINT('Ctrl Pts',(0.84352150395822,0.456113908231537,0.0035));
#9219=CARTESIAN_POINT('Ctrl Pts',(0.844068202086745,0.456113976132278,0.0035));
#9220=CARTESIAN_POINT('Ctrl Pts',(0.844605550315685,0.456009389145462,0.0035));
#9221=CARTESIAN_POINT('Ctrl Pts',(0.845625364820751,0.455592902553374,0.0035));
#9222=CARTESIAN_POINT('Ctrl Pts',(0.846093776794677,0.455281939262214,0.0035));
#9223=CARTESIAN_POINT('Ctrl Pts',(0.846880917854196,0.45450113962032,0.0035));
#9224=CARTESIAN_POINT('Ctrl Pts',(0.847194726594129,0.45403743089444,0.0035));
#9225=CARTESIAN_POINT('Ctrl Pts',(0.847616577266558,0.453025137803471,0.0035));
#9226=CARTESIAN_POINT('Ctrl Pts',(0.847723531292144,0.452490594001154,0.0035));
#9227=CARTESIAN_POINT('Ctrl Pts',(0.847723598878455,0.4519464274913,0.0035));
#9228=CARTESIAN_POINT('',(0.847723598878455,0.4519464274913,0.0065));
#9229=CARTESIAN_POINT('Ctrl Pts',(0.847723598878455,0.4519464274913,0.0065));
#9230=CARTESIAN_POINT('Ctrl Pts',(0.847723531292144,0.452490594001154,0.0065));
#9231=CARTESIAN_POINT('Ctrl Pts',(0.847616577266558,0.453025137803471,0.0065));
#9232=CARTESIAN_POINT('Ctrl Pts',(0.847194726594129,0.45403743089444,0.0065));
#9233=CARTESIAN_POINT('Ctrl Pts',(0.846880917854196,0.45450113962032,0.0065));
#9234=CARTESIAN_POINT('Ctrl Pts',(0.846093776794677,0.455281939262214,0.0065));
#9235=CARTESIAN_POINT('Ctrl Pts',(0.845625364820751,0.455592902553374,0.0065));
#9236=CARTESIAN_POINT('Ctrl Pts',(0.844605550315685,0.456009389145462,0.0065));
#9237=CARTESIAN_POINT('Ctrl Pts',(0.844068202086745,0.456113976132278,0.0065));
#9238=CARTESIAN_POINT('Ctrl Pts',(0.84352150395822,0.456113908231537,0.0065));
#9239=CARTESIAN_POINT('',(0.847723598878455,0.4519464274913,0.0035));
#9240=CARTESIAN_POINT('Ctrl Pts',(0.825685175420055,0.373553788399412,0.0035));
#9241=CARTESIAN_POINT('Ctrl Pts',(0.825685175420055,0.373553788399412,0.0065));
#9242=CARTESIAN_POINT('Ctrl Pts',(0.825928279428255,0.377373702267026,0.0035));
#9243=CARTESIAN_POINT('Ctrl Pts',(0.825928279428255,0.377373702267026,0.0065));
#9244=CARTESIAN_POINT('Ctrl Pts',(0.847723598878455,0.4516326642695,0.0035));
#9245=CARTESIAN_POINT('Ctrl Pts',(0.847723598878455,0.4516326642695,0.0065));
#9246=CARTESIAN_POINT('Ctrl Pts',(0.847723598878455,0.4519464274913,0.0035));
#9247=CARTESIAN_POINT('Ctrl Pts',(0.847723598878455,0.4519464274913,0.0065));
#9248=CARTESIAN_POINT('',(0.825685175420055,0.373553788399412,0.0035));
#9249=CARTESIAN_POINT('Ctrl Pts',(0.847723598878455,0.4519464274913,0.0035));
#9250=CARTESIAN_POINT('Ctrl Pts',(0.847723598878455,0.4516326642695,0.0035));
#9251=CARTESIAN_POINT('Ctrl Pts',(0.825928279428255,0.377373702267026,0.0035));
#9252=CARTESIAN_POINT('Ctrl Pts',(0.825685175420055,0.373553788399412,0.0035));
#9253=CARTESIAN_POINT('',(0.825685175420055,0.373553788399412,0.0065));
#9254=CARTESIAN_POINT('Ctrl Pts',(0.825685175420055,0.373553788399412,0.0065));
#9255=CARTESIAN_POINT('Ctrl Pts',(0.825928279428255,0.377373702267026,0.0065));
#9256=CARTESIAN_POINT('Ctrl Pts',(0.847723598878455,0.4516326642695,0.0065));
#9257=CARTESIAN_POINT('Ctrl Pts',(0.847723598878455,0.4519464274913,0.0065));
#9258=CARTESIAN_POINT('',(0.825685175420055,0.373553788399412,0.0035));
#9259=CARTESIAN_POINT('Ctrl Pts',(0.834068514901155,0.3651653366117,0.0035));
#9260=CARTESIAN_POINT('Ctrl Pts',(0.834068514901155,0.3651653366117,0.0065));
#9261=CARTESIAN_POINT('Ctrl Pts',(0.83348195348099,0.3651653366117,0.0035));
#9262=CARTESIAN_POINT('Ctrl Pts',(0.83348195348099,0.3651653366117,0.0065));
#9263=CARTESIAN_POINT('Ctrl Pts',(0.832897445967333,0.36522594386467,0.0035));
#9264=CARTESIAN_POINT('Ctrl Pts',(0.832897445967333,0.36522594386467,0.0065));
#9265=CARTESIAN_POINT('Ctrl Pts',(0.831760741035358,0.365462492201144,0.0035));
#9266=CARTESIAN_POINT('Ctrl Pts',(0.831760741035358,0.365462492201144,0.0065));
#9267=CARTESIAN_POINT('Ctrl Pts',(0.831210820486027,0.365635550860809,0.0035));
#9268=CARTESIAN_POINT('Ctrl Pts',(0.831210820486027,0.365635550860809,0.0065));
#9269=CARTESIAN_POINT('Ctrl Pts',(0.829669850873181,0.366292983078227,0.0035));
#9270=CARTESIAN_POINT('Ctrl Pts',(0.829669850873181,0.366292983078227,0.0065));
#9271=CARTESIAN_POINT('Ctrl Pts',(0.828741564034602,0.36691500248834,0.0035));
#9272=CARTESIAN_POINT('Ctrl Pts',(0.828741564034602,0.36691500248834,0.0065));
#9273=CARTESIAN_POINT('Ctrl Pts',(0.827221845097794,0.368433261293529,0.0035));
#9274=CARTESIAN_POINT('Ctrl Pts',(0.827221845097794,0.368433261293529,0.0065));
#9275=CARTESIAN_POINT('Ctrl Pts',(0.826623926000461,0.369308617960331,0.0035));
#9276=CARTESIAN_POINT('Ctrl Pts',(0.826623926000461,0.369308617960331,0.0065));
#9277=CARTESIAN_POINT('Ctrl Pts',(0.826015113399947,0.370786662516798,0.0035));
#9278=CARTESIAN_POINT('Ctrl Pts',(0.826015113399947,0.370786662516798,0.0065));
#9279=CARTESIAN_POINT('Ctrl Pts',(0.825862623697676,0.371315546713671,0.0035));
#9280=CARTESIAN_POINT('Ctrl Pts',(0.825862623697676,0.371315546713671,0.0065));
#9281=CARTESIAN_POINT('Ctrl Pts',(0.825676527018306,0.372418838367231,0.0035));
#9282=CARTESIAN_POINT('Ctrl Pts',(0.825676527018306,0.372418838367231,0.0065));
#9283=CARTESIAN_POINT('Ctrl Pts',(0.825648384443038,0.372986113900859,0.0035));
#9284=CARTESIAN_POINT('Ctrl Pts',(0.825648384443038,0.372986113900859,0.0065));
#9285=CARTESIAN_POINT('Ctrl Pts',(0.825685175420055,0.373553788399412,0.0035));
#9286=CARTESIAN_POINT('Ctrl Pts',(0.825685175420055,0.373553788399412,0.0065));
#9287=CARTESIAN_POINT('',(0.834068514901155,0.3651653366117,0.0035));
#9288=CARTESIAN_POINT('Ctrl Pts',(0.825685175420055,0.373553788399412,0.0035));
#9289=CARTESIAN_POINT('Ctrl Pts',(0.825648384443038,0.372986113900859,0.0035));
#9290=CARTESIAN_POINT('Ctrl Pts',(0.825676527018306,0.372418838367231,0.0035));
#9291=CARTESIAN_POINT('Ctrl Pts',(0.825862623697676,0.371315546713671,0.0035));
#9292=CARTESIAN_POINT('Ctrl Pts',(0.826015113399947,0.370786662516798,0.0035));
#9293=CARTESIAN_POINT('Ctrl Pts',(0.826623926000461,0.369308617960331,0.0035));
#9294=CARTESIAN_POINT('Ctrl Pts',(0.827221845097794,0.368433261293529,0.0035));
#9295=CARTESIAN_POINT('Ctrl Pts',(0.828741564034602,0.36691500248834,0.0035));
#9296=CARTESIAN_POINT('Ctrl Pts',(0.829669850873181,0.366292983078227,0.0035));
#9297=CARTESIAN_POINT('Ctrl Pts',(0.831210820486027,0.365635550860809,0.0035));
#9298=CARTESIAN_POINT('Ctrl Pts',(0.831760741035358,0.365462492201144,0.0035));
#9299=CARTESIAN_POINT('Ctrl Pts',(0.832897445967333,0.36522594386467,0.0035));
#9300=CARTESIAN_POINT('Ctrl Pts',(0.83348195348099,0.3651653366117,0.0035));
#9301=CARTESIAN_POINT('Ctrl Pts',(0.834068514901155,0.3651653366117,0.0035));
#9302=CARTESIAN_POINT('',(0.834068514901155,0.3651653366117,0.0065));
#9303=CARTESIAN_POINT('Ctrl Pts',(0.834068514901155,0.3651653366117,0.0065));
#9304=CARTESIAN_POINT('Ctrl Pts',(0.83348195348099,0.3651653366117,0.0065));
#9305=CARTESIAN_POINT('Ctrl Pts',(0.832897445967333,0.36522594386467,0.0065));
#9306=CARTESIAN_POINT('Ctrl Pts',(0.831760741035358,0.365462492201144,0.0065));
#9307=CARTESIAN_POINT('Ctrl Pts',(0.831210820486027,0.365635550860809,0.0065));
#9308=CARTESIAN_POINT('Ctrl Pts',(0.829669850873181,0.366292983078227,0.0065));
#9309=CARTESIAN_POINT('Ctrl Pts',(0.828741564034602,0.36691500248834,0.0065));
#9310=CARTESIAN_POINT('Ctrl Pts',(0.827221845097794,0.368433261293529,0.0065));
#9311=CARTESIAN_POINT('Ctrl Pts',(0.826623926000461,0.369308617960331,0.0065));
#9312=CARTESIAN_POINT('Ctrl Pts',(0.826015113399947,0.370786662516798,0.0065));
#9313=CARTESIAN_POINT('Ctrl Pts',(0.825862623697676,0.371315546713671,0.0065));
#9314=CARTESIAN_POINT('Ctrl Pts',(0.825676527018306,0.372418838367231,0.0065));
#9315=CARTESIAN_POINT('Ctrl Pts',(0.825648384443038,0.372986113900859,0.0065));
#9316=CARTESIAN_POINT('Ctrl Pts',(0.825685175420055,0.373553788399412,0.0065));
#9317=CARTESIAN_POINT('',(0.834068514901155,0.3651653366117,0.0035));
#9318=CARTESIAN_POINT('Origin',(0.844145085158655,0.3652334966165,0.0035));
#9319=CARTESIAN_POINT('',(0.844145085158655,0.3652334966165,0.0035));
#9320=CARTESIAN_POINT('',(0.834068514901155,0.3651653366117,0.0035));
#9321=CARTESIAN_POINT('',(0.844145085158655,0.3652334966165,0.0065));
#9322=CARTESIAN_POINT('',(0.834068514901155,0.3651653366117,0.0065));
#9323=CARTESIAN_POINT('',(0.844145085158655,0.3652334966165,0.0035));
#9324=CARTESIAN_POINT('Ctrl Pts',(0.856251414850193,0.374397382079568,0.0035));
#9325=CARTESIAN_POINT('Ctrl Pts',(0.856251414850193,0.374397382079568,0.0065));
#9326=CARTESIAN_POINT('Ctrl Pts',(0.855886118895463,0.373076783863857,0.0035));
#9327=CARTESIAN_POINT('Ctrl Pts',(0.855886118895463,0.373076783863857,0.0065));
#9328=CARTESIAN_POINT('Ctrl Pts',(0.855303906480235,0.371828241712941,0.0035));
#9329=CARTESIAN_POINT('Ctrl Pts',(0.855303906480235,0.371828241712941,0.0065));
#9330=CARTESIAN_POINT('Ctrl Pts',(0.85376638301234,0.369582809039505,0.0035));
#9331=CARTESIAN_POINT('Ctrl Pts',(0.85376638301234,0.369582809039505,0.0065));
#9332=CARTESIAN_POINT('Ctrl Pts',(0.852825363201473,0.36859693769824,0.0035));
#9333=CARTESIAN_POINT('Ctrl Pts',(0.852825363201473,0.36859693769824,0.0065));
#9334=CARTESIAN_POINT('Ctrl Pts',(0.850681014240174,0.366972851606024,0.0035));
#9335=CARTESIAN_POINT('Ctrl Pts',(0.850681014240174,0.366972851606024,0.0065));
#9336=CARTESIAN_POINT('Ctrl Pts',(0.849492148621568,0.366339832440536,0.0035));
#9337=CARTESIAN_POINT('Ctrl Pts',(0.849492148621568,0.366339832440536,0.0065));
#9338=CARTESIAN_POINT('Ctrl Pts',(0.846910444905514,0.365458484747245,0.0035));
#9339=CARTESIAN_POINT('Ctrl Pts',(0.846910444905514,0.365458484747245,0.0065));
#9340=CARTESIAN_POINT('Ctrl Pts',(0.845536224896931,0.365233496617705,0.0035));
#9341=CARTESIAN_POINT('Ctrl Pts',(0.845536224896931,0.365233496617705,0.0065));
#9342=CARTESIAN_POINT('Ctrl Pts',(0.844145085158655,0.3652334966165,0.0035));
#9343=CARTESIAN_POINT('Ctrl Pts',(0.844145085158655,0.3652334966165,0.0065));
#9344=CARTESIAN_POINT('',(0.856251414850193,0.374397382079568,0.0035));
#9345=CARTESIAN_POINT('Ctrl Pts',(0.844145085158655,0.3652334966165,0.0035));
#9346=CARTESIAN_POINT('Ctrl Pts',(0.845536224896931,0.365233496617705,0.0035));
#9347=CARTESIAN_POINT('Ctrl Pts',(0.846910444905514,0.365458484747245,0.0035));
#9348=CARTESIAN_POINT('Ctrl Pts',(0.849492148621568,0.366339832440536,0.0035));
#9349=CARTESIAN_POINT('Ctrl Pts',(0.850681014240174,0.366972851606024,0.0035));
#9350=CARTESIAN_POINT('Ctrl Pts',(0.852825363201473,0.36859693769824,0.0035));
#9351=CARTESIAN_POINT('Ctrl Pts',(0.85376638301234,0.369582809039505,0.0035));
#9352=CARTESIAN_POINT('Ctrl Pts',(0.855303906480235,0.371828241712941,0.0035));
#9353=CARTESIAN_POINT('Ctrl Pts',(0.855886118895463,0.373076783863857,0.0035));
#9354=CARTESIAN_POINT('Ctrl Pts',(0.856251414850193,0.374397382079568,0.0035));
#9355=CARTESIAN_POINT('',(0.856251414850193,0.374397382079568,0.0065));
#9356=CARTESIAN_POINT('Ctrl Pts',(0.856251414850193,0.374397382079568,0.0065));
#9357=CARTESIAN_POINT('Ctrl Pts',(0.855886118895463,0.373076783863857,0.0065));
#9358=CARTESIAN_POINT('Ctrl Pts',(0.855303906480235,0.371828241712941,0.0065));
#9359=CARTESIAN_POINT('Ctrl Pts',(0.85376638301234,0.369582809039505,0.0065));
#9360=CARTESIAN_POINT('Ctrl Pts',(0.852825363201473,0.36859693769824,0.0065));
#9361=CARTESIAN_POINT('Ctrl Pts',(0.850681014240174,0.366972851606024,0.0065));
#9362=CARTESIAN_POINT('Ctrl Pts',(0.849492148621568,0.366339832440536,0.0065));
#9363=CARTESIAN_POINT('Ctrl Pts',(0.846910444905514,0.365458484747245,0.0065));
#9364=CARTESIAN_POINT('Ctrl Pts',(0.845536224896931,0.365233496617705,0.0065));
#9365=CARTESIAN_POINT('Ctrl Pts',(0.844145085158655,0.3652334966165,0.0065));
#9366=CARTESIAN_POINT('',(0.856251414850193,0.374397382079568,0.0035));
#9367=CARTESIAN_POINT('Ctrl Pts',(0.879732830990955,0.4563332053988,0.0035));
#9368=CARTESIAN_POINT('Ctrl Pts',(0.879732830990955,0.4563332053988,0.0065));
#9369=CARTESIAN_POINT('Ctrl Pts',(0.875868476511358,0.44284118694104,0.0035));
#9370=CARTESIAN_POINT('Ctrl Pts',(0.875868476511358,0.44284118694104,0.0065));
#9371=CARTESIAN_POINT('Ctrl Pts',(0.871857283037057,0.42884159737932,0.0035));
#9372=CARTESIAN_POINT('Ctrl Pts',(0.871857283037057,0.42884159737932,0.0065));
#9373=CARTESIAN_POINT('Ctrl Pts',(0.865199080822286,0.40560893524132,0.0035));
#9374=CARTESIAN_POINT('Ctrl Pts',(0.865199080822286,0.40560893524132,0.0065));
#9375=CARTESIAN_POINT('Ctrl Pts',(0.862340971101231,0.395637732107428,0.0035));
#9376=CARTESIAN_POINT('Ctrl Pts',(0.862340971101231,0.395637732107428,0.0065));
#9377=CARTESIAN_POINT('Ctrl Pts',(0.858776635832786,0.383204765619482,0.0035));
#9378=CARTESIAN_POINT('Ctrl Pts',(0.858776635832786,0.383204765619482,0.0065));
#9379=CARTESIAN_POINT('Ctrl Pts',(0.857935800379036,0.380271948746498,0.0035));
#9380=CARTESIAN_POINT('Ctrl Pts',(0.857935800379036,0.380271948746498,0.0065));
#9381=CARTESIAN_POINT('Ctrl Pts',(0.856919367967798,0.376726908581286,0.0035));
#9382=CARTESIAN_POINT('Ctrl Pts',(0.856919367967798,0.376726908581286,0.0065));
#9383=CARTESIAN_POINT('Ctrl Pts',(0.856692269102057,0.375934865718942,0.0035));
#9384=CARTESIAN_POINT('Ctrl Pts',(0.856692269102057,0.375934865718942,0.0065));
#9385=CARTESIAN_POINT('Ctrl Pts',(0.856423035177552,0.374995901468718,0.0035));
#9386=CARTESIAN_POINT('Ctrl Pts',(0.856423035177552,0.374995901468718,0.0065));
#9387=CARTESIAN_POINT('Ctrl Pts',(0.856364091449135,0.374790334726531,0.0035));
#9388=CARTESIAN_POINT('Ctrl Pts',(0.856364091449135,0.374790334726531,0.0065));
#9389=CARTESIAN_POINT('Ctrl Pts',(0.856294912258507,0.374549075578751,0.0035));
#9390=CARTESIAN_POINT('Ctrl Pts',(0.856294912258507,0.374549075578751,0.0065));
#9391=CARTESIAN_POINT('Ctrl Pts',(0.856279899955782,0.374496721115334,0.0035));
#9392=CARTESIAN_POINT('Ctrl Pts',(0.856279899955782,0.374496721115334,0.0065));
#9393=CARTESIAN_POINT('Ctrl Pts',(0.856262369227768,0.374435584280353,0.0035));
#9394=CARTESIAN_POINT('Ctrl Pts',(0.856262369227768,0.374435584280353,0.0065));
#9395=CARTESIAN_POINT('Ctrl Pts',(0.856258580288681,0.374422370724944,0.0035));
#9396=CARTESIAN_POINT('Ctrl Pts',(0.856258580288681,0.374422370724944,0.0065));
#9397=CARTESIAN_POINT('Ctrl Pts',(0.856254166402246,0.374406977786267,0.0035));
#9398=CARTESIAN_POINT('Ctrl Pts',(0.856254166402246,0.374406977786267,0.0065));
#9399=CARTESIAN_POINT('Ctrl Pts',(0.85625321410138,0.374403656746295,0.0035));
#9400=CARTESIAN_POINT('Ctrl Pts',(0.85625321410138,0.374403656746295,0.0065));
#9401=CARTESIAN_POINT('Ctrl Pts',(0.856251414850193,0.374397382079568,0.0035));
#9402=CARTESIAN_POINT('Ctrl Pts',(0.856251414850193,0.374397382079568,0.0065));
#9403=CARTESIAN_POINT('',(0.879701637757765,0.4563332053988,0.0035));
#9404=CARTESIAN_POINT('Ctrl Pts',(0.856251414850193,0.374397382079568,0.0035));
#9405=CARTESIAN_POINT('Ctrl Pts',(0.856251720910151,0.374398449423312,0.0035));
#9406=CARTESIAN_POINT('Ctrl Pts',(0.856252026969271,0.374399516767296,0.0035));
#9407=CARTESIAN_POINT('Ctrl Pts',(0.85625321410138,0.374403656746295,0.0035));
#9408=CARTESIAN_POINT('Ctrl Pts',(0.856254166402246,0.374406977786267,0.0035));
#9409=CARTESIAN_POINT('Ctrl Pts',(0.856258580288681,0.374422370724944,0.0035));
#9410=CARTESIAN_POINT('Ctrl Pts',(0.856262369227768,0.374435584280353,0.0035));
#9411=CARTESIAN_POINT('Ctrl Pts',(0.856279899955782,0.374496721115334,0.0035));
#9412=CARTESIAN_POINT('Ctrl Pts',(0.856294912258507,0.374549075578751,0.0035));
#9413=CARTESIAN_POINT('Ctrl Pts',(0.856364091449135,0.374790334726531,0.0035));
#9414=CARTESIAN_POINT('Ctrl Pts',(0.856423035177552,0.374995901468718,0.0035));
#9415=CARTESIAN_POINT('Ctrl Pts',(0.856692269102057,0.375934865718942,0.0035));
#9416=CARTESIAN_POINT('Ctrl Pts',(0.856919367967798,0.376726908581286,0.0035));
#9417=CARTESIAN_POINT('Ctrl Pts',(0.857935800379036,0.380271948746498,0.0035));
#9418=CARTESIAN_POINT('Ctrl Pts',(0.858776635832786,0.383204765619482,0.0035));
#9419=CARTESIAN_POINT('Ctrl Pts',(0.862340971101231,0.395637732107428,0.0035));
#9420=CARTESIAN_POINT('Ctrl Pts',(0.865199080822286,0.40560893524132,0.0035));
#9421=CARTESIAN_POINT('Ctrl Pts',(0.871857283037057,0.42884159737932,0.0035));
#9422=CARTESIAN_POINT('Ctrl Pts',(0.875868476511358,0.44284118694104,0.0035));
#9423=CARTESIAN_POINT('Ctrl Pts',(0.879732830990955,0.4563332053988,0.0035));
#9424=CARTESIAN_POINT('',(0.879701022989955,0.4563332053988,0.0065));
#9425=CARTESIAN_POINT('Ctrl Pts',(0.879732830990955,0.4563332053988,0.0065));
#9426=CARTESIAN_POINT('Ctrl Pts',(0.875868476511358,0.44284118694104,0.0065));
#9427=CARTESIAN_POINT('Ctrl Pts',(0.871857283037057,0.42884159737932,0.0065));
#9428=CARTESIAN_POINT('Ctrl Pts',(0.865199080822286,0.40560893524132,0.0065));
#9429=CARTESIAN_POINT('Ctrl Pts',(0.862340971101231,0.395637732107428,0.0065));
#9430=CARTESIAN_POINT('Ctrl Pts',(0.858776635832786,0.383204765619482,0.0065));
#9431=CARTESIAN_POINT('Ctrl Pts',(0.857935800379036,0.380271948746498,0.0065));
#9432=CARTESIAN_POINT('Ctrl Pts',(0.856919367967798,0.376726908581286,0.0065));
#9433=CARTESIAN_POINT('Ctrl Pts',(0.856692269102057,0.375934865718942,0.0065));
#9434=CARTESIAN_POINT('Ctrl Pts',(0.856423035177552,0.374995901468718,0.0065));
#9435=CARTESIAN_POINT('Ctrl Pts',(0.856364091449135,0.374790334726531,0.0065));
#9436=CARTESIAN_POINT('Ctrl Pts',(0.856294912258507,0.374549075578751,0.0065));
#9437=CARTESIAN_POINT('Ctrl Pts',(0.856279899955782,0.374496721115334,0.0065));
#9438=CARTESIAN_POINT('Ctrl Pts',(0.856262369227768,0.374435584280353,0.0065));
#9439=CARTESIAN_POINT('Ctrl Pts',(0.856258580288681,0.374422370724944,0.0065));
#9440=CARTESIAN_POINT('Ctrl Pts',(0.856254166402246,0.374406977786267,0.0065));
#9441=CARTESIAN_POINT('Ctrl Pts',(0.85625321410138,0.374403656746295,0.0065));
#9442=CARTESIAN_POINT('Ctrl Pts',(0.856252026969271,0.374399516767296,0.0065));
#9443=CARTESIAN_POINT('Ctrl Pts',(0.856251720910151,0.374398449423312,0.0065));
#9444=CARTESIAN_POINT('Ctrl Pts',(0.856251414850193,0.374397382079568,0.0065));
#9445=CARTESIAN_POINT('',(0.879701022989955,0.4563332053988,0.0035));
#9446=CARTESIAN_POINT('Ctrl Pts',(0.9035260564281,0.5397876336455,0.0035));
#9447=CARTESIAN_POINT('Ctrl Pts',(0.9035260564281,0.5397876336455,0.0065));
#9448=CARTESIAN_POINT('Ctrl Pts',(0.9035260564281,0.5395831536311,0.0035));
#9449=CARTESIAN_POINT('Ctrl Pts',(0.9035260564281,0.5395831536311,0.0065));
#9450=CARTESIAN_POINT('Ctrl Pts',(0.891573018587655,0.4977847123028,0.0035));
#9451=CARTESIAN_POINT('Ctrl Pts',(0.891573018587655,0.4977847123028,0.0065));
#9452=CARTESIAN_POINT('Ctrl Pts',(0.879701022989955,0.4563332053988,0.0035));
#9453=CARTESIAN_POINT('Ctrl Pts',(0.879701022989955,0.4563332053988,0.0065));
#9454=CARTESIAN_POINT('',(0.9035260564281,0.5397876336455,0.0035));
#9455=CARTESIAN_POINT('Ctrl Pts',(0.879701022989955,0.4563332053988,0.0035));
#9456=CARTESIAN_POINT('Ctrl Pts',(0.891573018587655,0.4977847123028,0.0035));
#9457=CARTESIAN_POINT('Ctrl Pts',(0.9035260564281,0.5395831536311,0.0035));
#9458=CARTESIAN_POINT('Ctrl Pts',(0.9035260564281,0.5397876336455,0.0035));
#9459=CARTESIAN_POINT('',(0.9035260564281,0.5397876336455,0.0065));
#9460=CARTESIAN_POINT('Ctrl Pts',(0.9035260564281,0.5397876336455,0.0065));
#9461=CARTESIAN_POINT('Ctrl Pts',(0.9035260564281,0.5395831536311,0.0065));
#9462=CARTESIAN_POINT('Ctrl Pts',(0.891573018587655,0.4977847123028,0.0065));
#9463=CARTESIAN_POINT('Ctrl Pts',(0.879701022989955,0.4563332053988,0.0065));
#9464=CARTESIAN_POINT('',(0.9035260564281,0.5397876336455,0.0035));
#9465=CARTESIAN_POINT('Ctrl Pts',(0.9035260564281,0.5397876336455,0.0035));
#9466=CARTESIAN_POINT('Ctrl Pts',(0.903526093484044,0.540581886799585,0.0035));
#9467=CARTESIAN_POINT('Ctrl Pts',(0.903205477217358,0.5413689457562,0.0035));
#9468=CARTESIAN_POINT('Ctrl Pts',(0.9035260564281,0.5397876336455,0.0065));
#9469=CARTESIAN_POINT('Ctrl Pts',(0.903526093484044,0.540581886799585,0.0065));
#9470=CARTESIAN_POINT('Ctrl Pts',(0.903205477217358,0.5413689457562,0.0065));
#9471=CARTESIAN_POINT('',(0.903205477217358,0.5413689457562,0.0035));
#9472=CARTESIAN_POINT('Origin',(0.892611934180943,0.540337016056977,0.0035));
#9473=CARTESIAN_POINT('',(0.903205477217358,0.5413689457562,0.0065));
#9474=CARTESIAN_POINT('Origin',(0.892611934180943,0.540337016056977,0.0065));
#9475=CARTESIAN_POINT('',(0.903205477217358,0.5413689457562,0.0035));
#9476=CARTESIAN_POINT('Ctrl Pts',(0.903205477217358,0.5413689457562,0.0035));
#9477=CARTESIAN_POINT('Ctrl Pts',(0.902107384715187,0.543933893852896,0.0035));
#9478=CARTESIAN_POINT('Ctrl Pts',(0.899341486687902,0.5439272179355,0.0035));
#9479=CARTESIAN_POINT('Ctrl Pts',(0.903205477217358,0.5413689457562,0.0065));
#9480=CARTESIAN_POINT('Ctrl Pts',(0.902107384715187,0.543933893852896,0.0065));
#9481=CARTESIAN_POINT('Ctrl Pts',(0.899341486687902,0.5439272179355,0.0065));
#9482=CARTESIAN_POINT('',(0.899341486687902,0.5439272179355,0.0035));
#9483=CARTESIAN_POINT('Origin',(0.899400728190348,0.53976044388384,0.0035));
#9484=CARTESIAN_POINT('',(0.899341486687902,0.5439272179355,0.0065));
#9485=CARTESIAN_POINT('Origin',(0.899400728190348,0.53976044388384,0.0065));
#9486=CARTESIAN_POINT('',(0.899341486687902,0.5439272179355,0.0035));
#9487=CARTESIAN_POINT('Origin',(0.880046435161455,0.5438590579307,0.0035));
#9488=CARTESIAN_POINT('',(0.880046435161455,0.5438590579307,0.0035));
#9489=CARTESIAN_POINT('',(0.899341486687902,0.5439272179355,0.0035));
#9490=CARTESIAN_POINT('',(0.880046435161455,0.5438590579307,0.0065));
#9491=CARTESIAN_POINT('',(0.899341486687902,0.5439272179355,0.0065));
#9492=CARTESIAN_POINT('',(0.880046435161455,0.5438590579307,0.0035));
#9493=CARTESIAN_POINT('Ctrl Pts',(0.875847710860755,0.5480313590228,0.0035));
#9494=CARTESIAN_POINT('Ctrl Pts',(0.875847710860755,0.5480313590228,0.0065));
#9495=CARTESIAN_POINT('Ctrl Pts',(0.875847710860755,0.547481727614979,0.0035));
#9496=CARTESIAN_POINT('Ctrl Pts',(0.875847710860755,0.547481727614979,0.0065));
#9497=CARTESIAN_POINT('Ctrl Pts',(0.875954153850814,0.54694195690683,0.0035));
#9498=CARTESIAN_POINT('Ctrl Pts',(0.875954153850814,0.54694195690683,0.0065));
#9499=CARTESIAN_POINT('Ctrl Pts',(0.876375978236904,0.545927959835314,0.0035));
#9500=CARTESIAN_POINT('Ctrl Pts',(0.876375978236904,0.545927959835314,0.0065));
#9501=CARTESIAN_POINT('Ctrl Pts',(0.876686518084367,0.54546755980885,0.0035));
#9502=CARTESIAN_POINT('Ctrl Pts',(0.876686518084367,0.54546755980885,0.0065));
#9503=CARTESIAN_POINT('Ctrl Pts',(0.87746655661105,0.544692473862312,0.0035));
#9504=CARTESIAN_POINT('Ctrl Pts',(0.87746655661105,0.544692473862312,0.0065));
#9505=CARTESIAN_POINT('Ctrl Pts',(0.877929982082718,0.54438433189182,0.0035));
#9506=CARTESIAN_POINT('Ctrl Pts',(0.877929982082718,0.54438433189182,0.0065));
#9507=CARTESIAN_POINT('Ctrl Pts',(0.878949724604803,0.543964996544706,0.0035));
#9508=CARTESIAN_POINT('Ctrl Pts',(0.878949724604803,0.543964996544706,0.0065));
#9509=CARTESIAN_POINT('Ctrl Pts',(0.879493429452587,0.5438590579307,0.0035));
#9510=CARTESIAN_POINT('Ctrl Pts',(0.879493429452587,0.5438590579307,0.0065));
#9511=CARTESIAN_POINT('Ctrl Pts',(0.880046435161455,0.5438590579307,0.0035));
#9512=CARTESIAN_POINT('Ctrl Pts',(0.880046435161455,0.5438590579307,0.0065));
#9513=CARTESIAN_POINT('',(0.875847710860755,0.5480313590228,0.0035));
#9514=CARTESIAN_POINT('Ctrl Pts',(0.880046435161455,0.5438590579307,0.0035));
#9515=CARTESIAN_POINT('Ctrl Pts',(0.879493429452587,0.5438590579307,0.0035));
#9516=CARTESIAN_POINT('Ctrl Pts',(0.878949724604803,0.543964996544706,0.0035));
#9517=CARTESIAN_POINT('Ctrl Pts',(0.877929982082718,0.54438433189182,0.0035));
#9518=CARTESIAN_POINT('Ctrl Pts',(0.87746655661105,0.544692473862312,0.0035));
#9519=CARTESIAN_POINT('Ctrl Pts',(0.876686518084367,0.54546755980885,0.0035));
#9520=CARTESIAN_POINT('Ctrl Pts',(0.876375978236904,0.545927959835314,0.0035));
#9521=CARTESIAN_POINT('Ctrl Pts',(0.875954153850814,0.54694195690683,0.0035));
#9522=CARTESIAN_POINT('Ctrl Pts',(0.875847710860755,0.547481727614979,0.0035));
#9523=CARTESIAN_POINT('Ctrl Pts',(0.875847710860755,0.5480313590228,0.0035));
#9524=CARTESIAN_POINT('',(0.875847710860755,0.5480313590228,0.0065));
#9525=CARTESIAN_POINT('Ctrl Pts',(0.875847710860755,0.5480313590228,0.0065));
#9526=CARTESIAN_POINT('Ctrl Pts',(0.875847710860755,0.547481727614979,0.0065));
#9527=CARTESIAN_POINT('Ctrl Pts',(0.875954153850814,0.54694195690683,0.0065));
#9528=CARTESIAN_POINT('Ctrl Pts',(0.876375978236904,0.545927959835314,0.0065));
#9529=CARTESIAN_POINT('Ctrl Pts',(0.876686518084367,0.54546755980885,0.0065));
#9530=CARTESIAN_POINT('Ctrl Pts',(0.87746655661105,0.544692473862312,0.0065));
#9531=CARTESIAN_POINT('Ctrl Pts',(0.877929982082718,0.54438433189182,0.0065));
#9532=CARTESIAN_POINT('Ctrl Pts',(0.878949724604803,0.543964996544706,0.0065));
#9533=CARTESIAN_POINT('Ctrl Pts',(0.879493429452587,0.5438590579307,0.0065));
#9534=CARTESIAN_POINT('Ctrl Pts',(0.880046435161455,0.5438590579307,0.0065));
#9535=CARTESIAN_POINT('',(0.875847710860755,0.5480313590228,0.0035));
#9536=CARTESIAN_POINT('Origin',(0.878317965663555,0.5573079356729,0.0035));
#9537=CARTESIAN_POINT('',(0.878317965663555,0.5573079356729,0.0035));
#9538=CARTESIAN_POINT('',(0.875847710860755,0.5480313590228,0.0035));
#9539=CARTESIAN_POINT('',(0.878317965663555,0.5573079356729,0.0065));
#9540=CARTESIAN_POINT('',(0.875847710860755,0.5480313590228,0.0065));
#9541=CARTESIAN_POINT('',(0.878317965663555,0.5573079356729,0.0035));
#9542=CARTESIAN_POINT('Ctrl Pts',(0.882447961961955,0.5607420639134,0.0035));
#9543=CARTESIAN_POINT('Ctrl Pts',(0.882447961961955,0.5607420639134,0.0065));
#9544=CARTESIAN_POINT('Ctrl Pts',(0.881952093350098,0.5607420639134,0.0035));
#9545=CARTESIAN_POINT('Ctrl Pts',(0.881952093350098,0.5607420639134,0.0065));
#9546=CARTESIAN_POINT('Ctrl Pts',(0.881463557519135,0.560655138714436,0.0035));
#9547=CARTESIAN_POINT('Ctrl Pts',(0.881463557519135,0.560655138714436,0.0065));
#9548=CARTESIAN_POINT('Ctrl Pts',(0.880551573948153,0.560317357297571,0.0035));
#9549=CARTESIAN_POINT('Ctrl Pts',(0.880551573948153,0.560317357297571,0.0065));
#9550=CARTESIAN_POINT('Ctrl Pts',(0.880135646159637,0.560075679383277,0.0035));
#9551=CARTESIAN_POINT('Ctrl Pts',(0.880135646159637,0.560075679383277,0.0065));
#9552=CARTESIAN_POINT('Ctrl Pts',(0.879397293753864,0.559461304471123,0.0035));
#9553=CARTESIAN_POINT('Ctrl Pts',(0.879397293753864,0.559461304471123,0.0065));
#9554=CARTESIAN_POINT('Ctrl Pts',(0.879080090204006,0.559090163769353,0.0035));
#9555=CARTESIAN_POINT('Ctrl Pts',(0.879080090204006,0.559090163769353,0.0065));
#9556=CARTESIAN_POINT('Ctrl Pts',(0.8785825401325,0.558252762820174,0.0035));
#9557=CARTESIAN_POINT('Ctrl Pts',(0.8785825401325,0.558252762820174,0.0065));
#9558=CARTESIAN_POINT('Ctrl Pts',(0.878407556321955,0.557790717209614,0.0035));
#9559=CARTESIAN_POINT('Ctrl Pts',(0.878407556321955,0.557790717209614,0.0065));
#9560=CARTESIAN_POINT('Ctrl Pts',(0.878317965663555,0.5573079356729,0.0035));
#9561=CARTESIAN_POINT('Ctrl Pts',(0.878317965663555,0.5573079356729,0.0065));
#9562=CARTESIAN_POINT('',(0.882447961961955,0.5607420639134,0.0035));
#9563=CARTESIAN_POINT('Ctrl Pts',(0.878317965663555,0.5573079356729,0.0035));
#9564=CARTESIAN_POINT('Ctrl Pts',(0.878407556321955,0.557790717209614,0.0035));
#9565=CARTESIAN_POINT('Ctrl Pts',(0.8785825401325,0.558252762820174,0.0035));
#9566=CARTESIAN_POINT('Ctrl Pts',(0.879080090204006,0.559090163769353,0.0035));
#9567=CARTESIAN_POINT('Ctrl Pts',(0.879397293753864,0.559461304471123,0.0035));
#9568=CARTESIAN_POINT('Ctrl Pts',(0.880135646159637,0.560075679383277,0.0035));
#9569=CARTESIAN_POINT('Ctrl Pts',(0.880551573948153,0.560317357297571,0.0035));
#9570=CARTESIAN_POINT('Ctrl Pts',(0.881463557519135,0.560655138714436,0.0035));
#9571=CARTESIAN_POINT('Ctrl Pts',(0.881952093350098,0.5607420639134,0.0035));
#9572=CARTESIAN_POINT('Ctrl Pts',(0.882447961961955,0.5607420639134,0.0035));
#9573=CARTESIAN_POINT('',(0.882447961961955,0.5607420639134,0.0065));
#9574=CARTESIAN_POINT('Ctrl Pts',(0.882447961961955,0.5607420639134,0.0065));
#9575=CARTESIAN_POINT('Ctrl Pts',(0.881952093350098,0.5607420639134,0.0065));
#9576=CARTESIAN_POINT('Ctrl Pts',(0.881463557519135,0.560655138714436,0.0065));
#9577=CARTESIAN_POINT('Ctrl Pts',(0.880551573948153,0.560317357297571,0.0065));
#9578=CARTESIAN_POINT('Ctrl Pts',(0.880135646159637,0.560075679383277,0.0065));
#9579=CARTESIAN_POINT('Ctrl Pts',(0.879397293753864,0.559461304471123,0.0065));
#9580=CARTESIAN_POINT('Ctrl Pts',(0.879080090204006,0.559090163769353,0.0065));
#9581=CARTESIAN_POINT('Ctrl Pts',(0.8785825401325,0.558252762820174,0.0065));
#9582=CARTESIAN_POINT('Ctrl Pts',(0.878407556321955,0.557790717209614,0.0065));
#9583=CARTESIAN_POINT('Ctrl Pts',(0.878317965663555,0.5573079356729,0.0065));
#9584=CARTESIAN_POINT('',(0.882447961961955,0.5607420639134,0.0035));
#9585=CARTESIAN_POINT('Origin',(0.895507531999452,0.5607295679126,0.0035));
#9586=CARTESIAN_POINT('',(0.895535932000404,0.56073490711295,0.0035));
#9587=CARTESIAN_POINT('',(0.882447961961955,0.5607420639134,0.0035));
#9588=CARTESIAN_POINT('',(0.895535932000404,0.56073490711295,0.0065));
#9589=CARTESIAN_POINT('',(0.882447961961955,0.5607420639134,0.0065));
#9590=CARTESIAN_POINT('',(0.895564332001356,0.5607402463133,0.0035));
#9591=CARTESIAN_POINT('Origin',(0.972973623874755,0.5606720863085,0.0035));
#9592=CARTESIAN_POINT('',(0.972973623874755,0.560740246300089,0.0035));
#9593=CARTESIAN_POINT('',(0.895564332001356,0.5607402463133,0.0035));
#9594=CARTESIAN_POINT('',(0.972973623874755,0.560740246300089,0.0065));
#9595=CARTESIAN_POINT('',(0.895564332001356,0.5607402463133,0.0065));
#9596=CARTESIAN_POINT('',(0.972973623874755,0.5607402463133,0.0035));
#9597=CARTESIAN_POINT('Origin',(0.990244232453355,0.5607261599123,0.0035));
#9598=CARTESIAN_POINT('',(0.990244232453355,0.5607261599123,0.0035));
#9599=CARTESIAN_POINT('',(0.972973623874755,0.5607402463133,0.0035));
#9600=CARTESIAN_POINT('',(0.990244232453355,0.5607261599123,0.0065));
#9601=CARTESIAN_POINT('',(0.972973623874755,0.5607402463133,0.0065));
#9602=CARTESIAN_POINT('',(0.990244232453355,0.5607261599123,0.0035));
#9603=CARTESIAN_POINT('Ctrl Pts',(0.996052146248055,0.5604148958906,0.0035));
#9604=CARTESIAN_POINT('Ctrl Pts',(0.996052146248055,0.5604148958906,0.0065));
#9605=CARTESIAN_POINT('Ctrl Pts',(0.994141394183955,0.5606193759047,0.0035));
#9606=CARTESIAN_POINT('Ctrl Pts',(0.994141394183955,0.5606193759047,0.0065));
#9607=CARTESIAN_POINT('Ctrl Pts',(0.992208830919255,0.5607261599123,0.0035));
#9608=CARTESIAN_POINT('Ctrl Pts',(0.992208830919255,0.5607261599123,0.0065));
#9609=CARTESIAN_POINT('Ctrl Pts',(0.990244232453355,0.5607261599123,0.0035));
#9610=CARTESIAN_POINT('Ctrl Pts',(0.990244232453355,0.5607261599123,0.0065));
#9611=CARTESIAN_POINT('',(0.996052146248055,0.5604148958906,0.0035));
#9612=CARTESIAN_POINT('Ctrl Pts',(0.990244232453355,0.5607261599123,0.0035));
#9613=CARTESIAN_POINT('Ctrl Pts',(0.992208830919255,0.5607261599123,0.0035));
#9614=CARTESIAN_POINT('Ctrl Pts',(0.994141394183955,0.5606193759047,0.0035));
#9615=CARTESIAN_POINT('Ctrl Pts',(0.996052146248055,0.5604148958906,0.0035));
#9616=CARTESIAN_POINT('',(0.996052146248055,0.5604148958906,0.0065));
#9617=CARTESIAN_POINT('Ctrl Pts',(0.996052146248055,0.5604148958906,0.0065));
#9618=CARTESIAN_POINT('Ctrl Pts',(0.994141394183955,0.5606193759047,0.0065));
#9619=CARTESIAN_POINT('Ctrl Pts',(0.992208830919255,0.5607261599123,0.0065));
#9620=CARTESIAN_POINT('Ctrl Pts',(0.990244232453355,0.5607261599123,0.0065));
#9621=CARTESIAN_POINT('',(0.996052146248055,0.5604148958906,0.0035));
#9622=CARTESIAN_POINT('Ctrl Pts',(1.04569671111116,0.5063074392998,0.0035));
#9623=CARTESIAN_POINT('Ctrl Pts',(1.04569671111116,0.5063074392998,0.0065));
#9624=CARTESIAN_POINT('Ctrl Pts',(1.04569671111116,0.5347222092905,0.0035));
#9625=CARTESIAN_POINT('Ctrl Pts',(1.04569671111116,0.5347222092905,0.0065));
#9626=CARTESIAN_POINT('Ctrl Pts',(1.02386097277976,0.5580274781231,0.0035));
#9627=CARTESIAN_POINT('Ctrl Pts',(1.02386097277976,0.5580274781231,0.0065));
#9628=CARTESIAN_POINT('Ctrl Pts',(0.996052146248055,0.5604148958906,0.0035));
#9629=CARTESIAN_POINT('Ctrl Pts',(0.996052146248055,0.5604148958906,0.0065));
#9630=CARTESIAN_POINT('',(1.04569671111116,0.5063074392998,0.0035));
#9631=CARTESIAN_POINT('Ctrl Pts',(0.996052146248055,0.5604148958906,0.0035));
#9632=CARTESIAN_POINT('Ctrl Pts',(1.02386097277976,0.5580274781231,0.0035));
#9633=CARTESIAN_POINT('Ctrl Pts',(1.04569671111116,0.5347222092905,0.0035));
#9634=CARTESIAN_POINT('Ctrl Pts',(1.04569671111116,0.5063074392998,0.0035));
#9635=CARTESIAN_POINT('',(1.04569671111116,0.5063074392998,0.0065));
#9636=CARTESIAN_POINT('Ctrl Pts',(1.04569671111116,0.5063074392998,0.0065));
#9637=CARTESIAN_POINT('Ctrl Pts',(1.04569671111116,0.5347222092905,0.0065));
#9638=CARTESIAN_POINT('Ctrl Pts',(1.02386097277976,0.5580274781231,0.0065));
#9639=CARTESIAN_POINT('Ctrl Pts',(0.996052146248055,0.5604148958906,0.0065));
#9640=CARTESIAN_POINT('',(1.04569671111116,0.5063074392998,0.0035));
#9641=CARTESIAN_POINT('Ctrl Pts',(1.04074761334555,0.4824346248275,0.0035));
#9642=CARTESIAN_POINT('Ctrl Pts',(1.04569730470757,0.49393932265393,0.0035));
#9643=CARTESIAN_POINT('Ctrl Pts',(1.04569671111116,0.5063074392998,0.0035));
#9644=CARTESIAN_POINT('Ctrl Pts',(1.04074761334555,0.4824346248275,0.0065));
#9645=CARTESIAN_POINT('Ctrl Pts',(1.04569730470757,0.49393932265393,0.0065));
#9646=CARTESIAN_POINT('Ctrl Pts',(1.04569671111116,0.5063074392998,0.0065));
#9647=CARTESIAN_POINT('',(1.04074761334556,0.4824346248275,0.0035));
#9648=CARTESIAN_POINT('Origin',(0.924190136936395,0.515132360273289,0.0035));
#9649=CARTESIAN_POINT('',(1.04074761334556,0.4824346248275,0.0065));
#9650=CARTESIAN_POINT('Origin',(0.924190136936395,0.515132360273289,0.0065));
#9651=CARTESIAN_POINT('',(1.04074761334556,0.4824346248275,0.0035));
#9652=CARTESIAN_POINT('Ctrl Pts',(1.00341547129465,0.447414241574,0.0035));
#9653=CARTESIAN_POINT('Ctrl Pts',(1.03029822926908,0.456875436514287,0.0035));
#9654=CARTESIAN_POINT('Ctrl Pts',(1.04074761334555,0.4824346248275,0.0035));
#9655=CARTESIAN_POINT('Ctrl Pts',(1.00341547129465,0.447414241574,0.0065));
#9656=CARTESIAN_POINT('Ctrl Pts',(1.03029822926908,0.456875436514287,0.0065));
#9657=CARTESIAN_POINT('Ctrl Pts',(1.04074761334555,0.4824346248275,0.0065));
#9658=CARTESIAN_POINT('',(1.00341547129466,0.447414241574,0.0035));
#9659=CARTESIAN_POINT('Origin',(0.979066941939515,0.507061170073267,0.0035));
#9660=CARTESIAN_POINT('',(1.00341547129466,0.447414241574,0.0065));
#9661=CARTESIAN_POINT('Origin',(0.979066941939515,0.507061170073267,0.0065));
#9662=CARTESIAN_POINT('',(1.00341547129466,0.447414241574,0.0035));
#9663=CARTESIAN_POINT('Ctrl Pts',(1.00096807281265,0.4439344461302,0.0035));
#9664=CARTESIAN_POINT('Ctrl Pts',(1.00096807281265,0.4439344461302,0.0065));
#9665=CARTESIAN_POINT('Ctrl Pts',(1.00095678565338,0.443944325403229,0.0035));
#9666=CARTESIAN_POINT('Ctrl Pts',(1.00095678565338,0.443944325403229,0.0065));
#9667=CARTESIAN_POINT('Ctrl Pts',(0.998836936741455,0.4457997582608,0.0035));
#9668=CARTESIAN_POINT('Ctrl Pts',(0.998836936741455,0.4457997582608,0.0065));
#9669=CARTESIAN_POINT('Ctrl Pts',(1.00341547129466,0.447414241574,0.0035));
#9670=CARTESIAN_POINT('Ctrl Pts',(1.00341547129466,0.447414241574,0.0065));
#9671=CARTESIAN_POINT('',(1.00096807281265,0.4439344461302,0.0035));
#9672=CARTESIAN_POINT('Ctrl Pts',(1.00341547129466,0.447414241574,0.0035));
#9673=CARTESIAN_POINT('Ctrl Pts',(0.998836936741455,0.4457997582608,0.0035));
#9674=CARTESIAN_POINT('Ctrl Pts',(1.00095678565338,0.443944325403229,0.0035));
#9675=CARTESIAN_POINT('Ctrl Pts',(1.00096807281265,0.4439344461302,0.0035));
#9676=CARTESIAN_POINT('',(1.00096807281265,0.4439344461302,0.0065));
#9677=CARTESIAN_POINT('Ctrl Pts',(1.00096807281265,0.4439344461302,0.0065));
#9678=CARTESIAN_POINT('Ctrl Pts',(1.00095678565338,0.443944325403229,0.0065));
#9679=CARTESIAN_POINT('Ctrl Pts',(0.998836936741455,0.4457997582608,0.0065));
#9680=CARTESIAN_POINT('Ctrl Pts',(1.00341547129466,0.447414241574,0.0065));
#9681=CARTESIAN_POINT('',(1.00096807281265,0.4439344461302,0.0035));
#9682=CARTESIAN_POINT('Ctrl Pts',(1.01455440606775,0.425483305637477,0.0035));
#9683=CARTESIAN_POINT('Ctrl Pts',(1.01455440606775,0.425483305637477,0.0065));
#9684=CARTESIAN_POINT('Ctrl Pts',(1.01455440606775,0.4410201515261,0.0035));
#9685=CARTESIAN_POINT('Ctrl Pts',(1.01455440606775,0.4410201515261,0.0065));
#9686=CARTESIAN_POINT('Ctrl Pts',(1.00407253371686,0.4397587370375,0.0035));
#9687=CARTESIAN_POINT('Ctrl Pts',(1.00407253371686,0.4397587370375,0.0065));
#9688=CARTESIAN_POINT('Ctrl Pts',(1.00096807281265,0.4439344461302,0.0035));
#9689=CARTESIAN_POINT('Ctrl Pts',(1.00096807281265,0.4439344461302,0.0065));
#9690=CARTESIAN_POINT('',(1.01455440606775,0.425483305637477,0.0035));
#9691=CARTESIAN_POINT('Ctrl Pts',(1.00096807281265,0.4439344461302,0.0035));
#9692=CARTESIAN_POINT('Ctrl Pts',(1.00407253371686,0.4397587370375,0.0035));
#9693=CARTESIAN_POINT('Ctrl Pts',(1.01455440606775,0.4410201515261,0.0035));
#9694=CARTESIAN_POINT('Ctrl Pts',(1.01455440606775,0.425483305637477,0.0035));
#9695=CARTESIAN_POINT('',(1.01455440606775,0.425483305637477,0.0065));
#9696=CARTESIAN_POINT('Ctrl Pts',(1.01455440606775,0.425483305637477,0.0065));
#9697=CARTESIAN_POINT('Ctrl Pts',(1.01455440606775,0.4410201515261,0.0065));
#9698=CARTESIAN_POINT('Ctrl Pts',(1.00407253371686,0.4397587370375,0.0065));
#9699=CARTESIAN_POINT('Ctrl Pts',(1.00096807281265,0.4439344461302,0.0065));
#9700=CARTESIAN_POINT('',(1.01455440606775,0.425483305637477,0.0035));
#9701=CARTESIAN_POINT('Ctrl Pts',(1.01330026202575,0.418470777146195,0.0035));
#9702=CARTESIAN_POINT('Ctrl Pts',(1.01330026202575,0.418470777146195,0.0065));
#9703=CARTESIAN_POINT('Ctrl Pts',(1.01395005404756,0.420690521301707,0.0035));
#9704=CARTESIAN_POINT('Ctrl Pts',(1.01395005404756,0.420690521301707,0.0065));
#9705=CARTESIAN_POINT('Ctrl Pts',(1.01455440606776,0.423046585466768,0.0035));
#9706=CARTESIAN_POINT('Ctrl Pts',(1.01455440606776,0.423046585466768,0.0065));
#9707=CARTESIAN_POINT('Ctrl Pts',(1.01455440606775,0.425483305637477,0.0035));
#9708=CARTESIAN_POINT('Ctrl Pts',(1.01455440606775,0.425483305637477,0.0065));
#9709=CARTESIAN_POINT('',(1.01330026202575,0.418470777146195,0.0035));
#9710=CARTESIAN_POINT('Ctrl Pts',(1.01455440606775,0.425483305637477,0.0035));
#9711=CARTESIAN_POINT('Ctrl Pts',(1.01455440606776,0.423046585466768,0.0035));
#9712=CARTESIAN_POINT('Ctrl Pts',(1.01395005404756,0.420690521301707,0.0035));
#9713=CARTESIAN_POINT('Ctrl Pts',(1.01330026202575,0.418470777146195,0.0035));
#9714=CARTESIAN_POINT('',(1.01330026202575,0.418470777146195,0.0065));
#9715=CARTESIAN_POINT('Ctrl Pts',(1.01330026202575,0.418470777146195,0.0065));
#9716=CARTESIAN_POINT('Ctrl Pts',(1.01395005404756,0.420690521301707,0.0065));
#9717=CARTESIAN_POINT('Ctrl Pts',(1.01455440606776,0.423046585466768,0.0065));
#9718=CARTESIAN_POINT('Ctrl Pts',(1.01455440606775,0.425483305637477,0.0065));
#9719=CARTESIAN_POINT('',(1.01330026202575,0.418470777146195,0.0035));
#9720=CARTESIAN_POINT('Origin',(1.00131205362416,0.377137414250471,0.0035));
#9721=CARTESIAN_POINT('',(1.00120070178676,0.377137414250471,0.0035));
#9722=CARTESIAN_POINT('',(1.01330026202575,0.418470777146195,0.0035));
#9723=CARTESIAN_POINT('',(1.00120070178676,0.377137414250471,0.0065));
#9724=CARTESIAN_POINT('',(1.01330026202575,0.418470777146195,0.0065));
#9725=CARTESIAN_POINT('',(1.00119845362046,0.377137414250471,0.0035));
#9726=CARTESIAN_POINT('Origin',(1.00082811760795,0.375653798146532,0.0035));
#9727=CARTESIAN_POINT('',(1.00082811760795,0.375653798146532,0.0035));
#9728=CARTESIAN_POINT('',(1.00119845362046,0.377137414250471,0.0035));
#9729=CARTESIAN_POINT('',(1.00082811760795,0.375653798146532,0.0065));
#9730=CARTESIAN_POINT('',(1.00119845362046,0.377137414250471,0.0065));
#9731=CARTESIAN_POINT('',(1.00082811760795,0.375653798146532,0.0035));
#9732=CARTESIAN_POINT('Ctrl Pts',(1.00054184559836,0.373534021998026,0.0035));
#9733=CARTESIAN_POINT('Ctrl Pts',(1.00054184559836,0.373534021998026,0.0065));
#9734=CARTESIAN_POINT('Ctrl Pts',(1.00054184559836,0.374261062048961,0.0035));
#9735=CARTESIAN_POINT('Ctrl Pts',(1.00054184559836,0.374261062048961,0.0065));
#9736=CARTESIAN_POINT('Ctrl Pts',(1.00063272560156,0.374967654098462,0.0035));
#9737=CARTESIAN_POINT('Ctrl Pts',(1.00063272560156,0.374967654098462,0.0065));
#9738=CARTESIAN_POINT('Ctrl Pts',(1.00082811760795,0.375653798146532,0.0035));
#9739=CARTESIAN_POINT('Ctrl Pts',(1.00082811760795,0.375653798146532,0.0065));
#9740=CARTESIAN_POINT('',(1.00054184559836,0.373534021998026,0.0035));
#9741=CARTESIAN_POINT('Ctrl Pts',(1.00082811760795,0.375653798146532,0.0035));
#9742=CARTESIAN_POINT('Ctrl Pts',(1.00063272560156,0.374967654098462,0.0035));
#9743=CARTESIAN_POINT('Ctrl Pts',(1.00054184559836,0.374261062048961,0.0035));
#9744=CARTESIAN_POINT('Ctrl Pts',(1.00054184559836,0.373534021998026,0.0035));
#9745=CARTESIAN_POINT('',(1.00054184559836,0.373534021998026,0.0065));
#9746=CARTESIAN_POINT('Ctrl Pts',(1.00054184559836,0.373534021998026,0.0065));
#9747=CARTESIAN_POINT('Ctrl Pts',(1.00054184559836,0.374261062048961,0.0065));
#9748=CARTESIAN_POINT('Ctrl Pts',(1.00063272560156,0.374967654098462,0.0065));
#9749=CARTESIAN_POINT('Ctrl Pts',(1.00082811760795,0.375653798146532,0.0065));
#9750=CARTESIAN_POINT('',(1.00054184559836,0.373534021998026,0.0035));
#9751=CARTESIAN_POINT('Ctrl Pts',(1.00893211467956,0.3651401174099,0.0035));
#9752=CARTESIAN_POINT('Ctrl Pts',(1.00893211467956,0.3651401174099,0.0065));
#9753=CARTESIAN_POINT('Ctrl Pts',(1.00783772224781,0.3651401174099,0.0035));
#9754=CARTESIAN_POINT('Ctrl Pts',(1.00783772224781,0.3651401174099,0.0065));
#9755=CARTESIAN_POINT('Ctrl Pts',(1.0067624086414,0.365352334723302,0.0035));
#9756=CARTESIAN_POINT('Ctrl Pts',(1.0067624086414,0.365352334723302,0.0065));
#9757=CARTESIAN_POINT('Ctrl Pts',(1.00472514482784,0.366193318271994,0.0035));
#9758=CARTESIAN_POINT('Ctrl Pts',(1.00472514482784,0.366193318271994,0.0065));
#9759=CARTESIAN_POINT('Ctrl Pts',(1.00379132880413,0.366819511031366,0.0035));
#9760=CARTESIAN_POINT('Ctrl Pts',(1.00379132880413,0.366819511031366,0.0065));
#9761=CARTESIAN_POINT('Ctrl Pts',(1.00222042022995,0.368391101671585,0.0035));
#9762=CARTESIAN_POINT('Ctrl Pts',(1.00222042022995,0.368391101671585,0.0065));
#9763=CARTESIAN_POINT('Ctrl Pts',(1.00159455232218,0.36932535532013,0.0035));
#9764=CARTESIAN_POINT('Ctrl Pts',(1.00159455232218,0.36932535532013,0.0065));
#9765=CARTESIAN_POINT('Ctrl Pts',(1.00075395651811,0.371363410844683,0.0035));
#9766=CARTESIAN_POINT('Ctrl Pts',(1.00075395651811,0.371363410844683,0.0065));
#9767=CARTESIAN_POINT('Ctrl Pts',(1.00054184559835,0.372439209535716,0.0035));
#9768=CARTESIAN_POINT('Ctrl Pts',(1.00054184559835,0.372439209535716,0.0065));
#9769=CARTESIAN_POINT('Ctrl Pts',(1.00054184559836,0.373534021998026,0.0035));
#9770=CARTESIAN_POINT('Ctrl Pts',(1.00054184559836,0.373534021998026,0.0065));
#9771=CARTESIAN_POINT('',(1.00893211467956,0.3651401174099,0.0035));
#9772=CARTESIAN_POINT('Ctrl Pts',(1.00054184559836,0.373534021998026,0.0035));
#9773=CARTESIAN_POINT('Ctrl Pts',(1.00054184559835,0.372439209535716,0.0035));
#9774=CARTESIAN_POINT('Ctrl Pts',(1.00075395651811,0.371363410844683,0.0035));
#9775=CARTESIAN_POINT('Ctrl Pts',(1.00159455232218,0.36932535532013,0.0035));
#9776=CARTESIAN_POINT('Ctrl Pts',(1.00222042022995,0.368391101671585,0.0035));
#9777=CARTESIAN_POINT('Ctrl Pts',(1.00379132880413,0.366819511031366,0.0035));
#9778=CARTESIAN_POINT('Ctrl Pts',(1.00472514482784,0.366193318271994,0.0035));
#9779=CARTESIAN_POINT('Ctrl Pts',(1.0067624086414,0.365352334723302,0.0035));
#9780=CARTESIAN_POINT('Ctrl Pts',(1.00783772224781,0.3651401174099,0.0035));
#9781=CARTESIAN_POINT('Ctrl Pts',(1.00893211467956,0.3651401174099,0.0035));
#9782=CARTESIAN_POINT('',(1.00893211467956,0.3651401174099,0.0065));
#9783=CARTESIAN_POINT('Ctrl Pts',(1.00893211467956,0.3651401174099,0.0065));
#9784=CARTESIAN_POINT('Ctrl Pts',(1.00783772224781,0.3651401174099,0.0065));
#9785=CARTESIAN_POINT('Ctrl Pts',(1.0067624086414,0.365352334723302,0.0065));
#9786=CARTESIAN_POINT('Ctrl Pts',(1.00472514482784,0.366193318271994,0.0065));
#9787=CARTESIAN_POINT('Ctrl Pts',(1.00379132880413,0.366819511031366,0.0065));
#9788=CARTESIAN_POINT('Ctrl Pts',(1.00222042022995,0.368391101671585,0.0065));
#9789=CARTESIAN_POINT('Ctrl Pts',(1.00159455232218,0.36932535532013,0.0065));
#9790=CARTESIAN_POINT('Ctrl Pts',(1.00075395651811,0.371363410844683,0.0065));
#9791=CARTESIAN_POINT('Ctrl Pts',(1.00054184559835,0.372439209535716,0.0065));
#9792=CARTESIAN_POINT('Ctrl Pts',(1.00054184559836,0.373534021998026,0.0065));
#9793=CARTESIAN_POINT('',(1.00893211467956,0.3651401174099,0.0035));
#9794=CARTESIAN_POINT('Origin',(1.03665097000826,0.3652082774147,0.0035));
#9795=CARTESIAN_POINT('',(1.03665097000826,0.3652082774147,0.0035));
#9796=CARTESIAN_POINT('',(1.00893211467956,0.3651401174099,0.0035));
#9797=CARTESIAN_POINT('',(1.03665097000826,0.3652082774147,0.0065));
#9798=CARTESIAN_POINT('',(1.00893211467956,0.3651401174099,0.0065));
#9799=CARTESIAN_POINT('',(1.03665097000826,0.3652082774147,0.0035));
#9800=CARTESIAN_POINT('Ctrl Pts',(1.04056267253935,0.369317189702603,0.0035));
#9801=CARTESIAN_POINT('Ctrl Pts',(1.04056267253935,0.369317189702603,0.0065));
#9802=CARTESIAN_POINT('Ctrl Pts',(1.04056267253936,0.368726441195857,0.0035));
#9803=CARTESIAN_POINT('Ctrl Pts',(1.04056267253936,0.368726441195857,0.0065));
#9804=CARTESIAN_POINT('Ctrl Pts',(1.04046025354745,0.368141194261163,0.0035));
#9805=CARTESIAN_POINT('Ctrl Pts',(1.04046025354745,0.368141194261163,0.0065));
#9806=CARTESIAN_POINT('Ctrl Pts',(1.04005543916612,0.367139539096395,0.0035));
#9807=CARTESIAN_POINT('Ctrl Pts',(1.04005543916612,0.367139539096395,0.0065));
#9808=CARTESIAN_POINT('Ctrl Pts',(1.03979275147473,0.366722010180205,0.0035));
#9809=CARTESIAN_POINT('Ctrl Pts',(1.03979275147473,0.366722010180205,0.0065));
#9810=CARTESIAN_POINT('Ctrl Pts',(1.03911893637914,0.366013686485354,0.0035));
#9811=CARTESIAN_POINT('Ctrl Pts',(1.03911893637914,0.366013686485354,0.0065));
#9812=CARTESIAN_POINT('Ctrl Pts',(1.03872062827047,0.365733952776046,0.0035));
#9813=CARTESIAN_POINT('Ctrl Pts',(1.03872062827047,0.365733952776046,0.0065));
#9814=CARTESIAN_POINT('Ctrl Pts',(1.03802713239224,0.365429021158501,0.0035));
#9815=CARTESIAN_POINT('Ctrl Pts',(1.03802713239224,0.365429021158501,0.0065));
#9816=CARTESIAN_POINT('Ctrl Pts',(1.03776899682812,0.365347808409045,0.0035));
#9817=CARTESIAN_POINT('Ctrl Pts',(1.03776899682812,0.365347808409045,0.0065));
#9818=CARTESIAN_POINT('Ctrl Pts',(1.03722315683316,0.365235525699172,0.0035));
#9819=CARTESIAN_POINT('Ctrl Pts',(1.03722315683316,0.365235525699172,0.0065));
#9820=CARTESIAN_POINT('Ctrl Pts',(1.03693765172423,0.3652082774147,0.0035));
#9821=CARTESIAN_POINT('Ctrl Pts',(1.03693765172423,0.3652082774147,0.0065));
#9822=CARTESIAN_POINT('Ctrl Pts',(1.03665097000826,0.3652082774147,0.0035));
#9823=CARTESIAN_POINT('Ctrl Pts',(1.03665097000826,0.3652082774147,0.0065));
#9824=CARTESIAN_POINT('',(1.04056267253935,0.369317189702603,0.0035));
#9825=CARTESIAN_POINT('Ctrl Pts',(1.03665097000826,0.3652082774147,0.0035));
#9826=CARTESIAN_POINT('Ctrl Pts',(1.03693765172423,0.3652082774147,0.0035));
#9827=CARTESIAN_POINT('Ctrl Pts',(1.03722315683316,0.365235525699172,0.0035));
#9828=CARTESIAN_POINT('Ctrl Pts',(1.03776899682812,0.365347808409045,0.0035));
#9829=CARTESIAN_POINT('Ctrl Pts',(1.03802713239224,0.365429021158501,0.0035));
#9830=CARTESIAN_POINT('Ctrl Pts',(1.03872062827047,0.365733952776046,0.0035));
#9831=CARTESIAN_POINT('Ctrl Pts',(1.03911893637914,0.366013686485354,0.0035));
#9832=CARTESIAN_POINT('Ctrl Pts',(1.03979275147473,0.366722010180205,0.0035));
#9833=CARTESIAN_POINT('Ctrl Pts',(1.04005543916612,0.367139539096395,0.0035));
#9834=CARTESIAN_POINT('Ctrl Pts',(1.04046025354745,0.368141194261163,0.0035));
#9835=CARTESIAN_POINT('Ctrl Pts',(1.04056267253936,0.368726441195857,0.0035));
#9836=CARTESIAN_POINT('Ctrl Pts',(1.04056267253935,0.369317189702603,0.0035));
#9837=CARTESIAN_POINT('',(1.04056267253935,0.369317189702603,0.0065));
#9838=CARTESIAN_POINT('Ctrl Pts',(1.04056267253935,0.369317189702603,0.0065));
#9839=CARTESIAN_POINT('Ctrl Pts',(1.04056267253936,0.368726441195857,0.0065));
#9840=CARTESIAN_POINT('Ctrl Pts',(1.04046025354745,0.368141194261163,0.0065));
#9841=CARTESIAN_POINT('Ctrl Pts',(1.04005543916612,0.367139539096395,0.0065));
#9842=CARTESIAN_POINT('Ctrl Pts',(1.03979275147473,0.366722010180205,0.0065));
#9843=CARTESIAN_POINT('Ctrl Pts',(1.03911893637914,0.366013686485354,0.0065));
#9844=CARTESIAN_POINT('Ctrl Pts',(1.03872062827047,0.365733952776046,0.0065));
#9845=CARTESIAN_POINT('Ctrl Pts',(1.03802713239224,0.365429021158501,0.0065));
#9846=CARTESIAN_POINT('Ctrl Pts',(1.03776899682812,0.365347808409045,0.0065));
#9847=CARTESIAN_POINT('Ctrl Pts',(1.03722315683316,0.365235525699172,0.0065));
#9848=CARTESIAN_POINT('Ctrl Pts',(1.03693765172423,0.3652082774147,0.0065));
#9849=CARTESIAN_POINT('Ctrl Pts',(1.03665097000826,0.3652082774147,0.0065));
#9850=CARTESIAN_POINT('',(1.04056267253935,0.369317189702603,0.0035));
#9851=CARTESIAN_POINT('Ctrl Pts',(1.04016507252596,0.371255205838376,0.0035));
#9852=CARTESIAN_POINT('Ctrl Pts',(1.04016507252596,0.371255205838376,0.0065));
#9853=CARTESIAN_POINT('Ctrl Pts',(1.04016927252581,0.371240805838335,0.0035));
#9854=CARTESIAN_POINT('Ctrl Pts',(1.04016927252581,0.371240805838335,0.0065));
#9855=CARTESIAN_POINT('Ctrl Pts',(1.04056267253935,0.369892005742871,0.0035));
#9856=CARTESIAN_POINT('Ctrl Pts',(1.04056267253935,0.369892005742871,0.0065));
#9857=CARTESIAN_POINT('Ctrl Pts',(1.04056267253935,0.369317189702603,0.0035));
#9858=CARTESIAN_POINT('Ctrl Pts',(1.04056267253935,0.369317189702603,0.0065));
#9859=CARTESIAN_POINT('',(1.04016507252596,0.371255205838376,0.0035));
#9860=CARTESIAN_POINT('Ctrl Pts',(1.04056267253935,0.369317189702603,0.0035));
#9861=CARTESIAN_POINT('Ctrl Pts',(1.04056267253935,0.369892005742871,0.0035));
#9862=CARTESIAN_POINT('Ctrl Pts',(1.04016927252581,0.371240805838335,0.0035));
#9863=CARTESIAN_POINT('Ctrl Pts',(1.04016507252596,0.371255205838376,0.0035));
#9864=CARTESIAN_POINT('',(1.04016507252596,0.371255205838376,0.0065));
#9865=CARTESIAN_POINT('Ctrl Pts',(1.04016507252596,0.371255205838376,0.0065));
#9866=CARTESIAN_POINT('Ctrl Pts',(1.04016927252581,0.371240805838335,0.0065));
#9867=CARTESIAN_POINT('Ctrl Pts',(1.04056267253935,0.369892005742871,0.0065));
#9868=CARTESIAN_POINT('Ctrl Pts',(1.04056267253935,0.369317189702603,0.0065));
#9869=CARTESIAN_POINT('',(1.04016507252596,0.371255205838376,0.0035));
#9870=CARTESIAN_POINT('Ctrl Pts',(1.03262203227326,0.399497531016971,0.0035));
#9871=CARTESIAN_POINT('Ctrl Pts',(1.03262203227326,0.399497531016971,0.0065));
#9872=CARTESIAN_POINT('Ctrl Pts',(1.03262203227325,0.394554528935141,0.0035));
#9873=CARTESIAN_POINT('Ctrl Pts',(1.03262203227325,0.394554528935141,0.0065));
#9874=CARTESIAN_POINT('Ctrl Pts',(1.03325937972521,0.38965250789027,0.0035));
#9875=CARTESIAN_POINT('Ctrl Pts',(1.03325937972521,0.38965250789027,0.0065));
#9876=CARTESIAN_POINT('Ctrl Pts',(1.03580934441073,0.380109843761443,0.0035));
#9877=CARTESIAN_POINT('Ctrl Pts',(1.03580934441073,0.380109843761443,0.0065));
#9878=CARTESIAN_POINT('Ctrl Pts',(1.03770475825672,0.375534008352346,0.0035));
#9879=CARTESIAN_POINT('Ctrl Pts',(1.03770475825672,0.375534008352346,0.0065));
#9880=CARTESIAN_POINT('Ctrl Pts',(1.04016507252596,0.371255205838376,0.0035));
#9881=CARTESIAN_POINT('Ctrl Pts',(1.04016507252596,0.371255205838376,0.0065));
#9882=CARTESIAN_POINT('',(1.03262203227326,0.399497531016971,0.0035));
#9883=CARTESIAN_POINT('Ctrl Pts',(1.04016507252596,0.371255205838376,0.0035));
#9884=CARTESIAN_POINT('Ctrl Pts',(1.03770475825672,0.375534008352346,0.0035));
#9885=CARTESIAN_POINT('Ctrl Pts',(1.03580934441073,0.380109843761443,0.0035));
#9886=CARTESIAN_POINT('Ctrl Pts',(1.03325937972521,0.38965250789027,0.0035));
#9887=CARTESIAN_POINT('Ctrl Pts',(1.03262203227325,0.394554528935141,0.0035));
#9888=CARTESIAN_POINT('Ctrl Pts',(1.03262203227326,0.399497531016971,0.0035));
#9889=CARTESIAN_POINT('',(1.03262203227326,0.399497531016971,0.0065));
#9890=CARTESIAN_POINT('Ctrl Pts',(1.03262203227326,0.399497531016971,0.0065));
#9891=CARTESIAN_POINT('Ctrl Pts',(1.03262203227325,0.394554528935141,0.0065));
#9892=CARTESIAN_POINT('Ctrl Pts',(1.03325937972521,0.38965250789027,0.0065));
#9893=CARTESIAN_POINT('Ctrl Pts',(1.03580934441073,0.380109843761443,0.0065));
#9894=CARTESIAN_POINT('Ctrl Pts',(1.03770475825672,0.375534008352346,0.0065));
#9895=CARTESIAN_POINT('Ctrl Pts',(1.04016507252596,0.371255205838376,0.0065));
#9896=CARTESIAN_POINT('',(1.03262203227326,0.399497531016971,0.0035));
#9897=CARTESIAN_POINT('Ctrl Pts',(1.08920710296896,0.4561246357841,0.0035));
#9898=CARTESIAN_POINT('Ctrl Pts',(1.08920710296896,0.4561246357841,0.0065));
#9899=CARTESIAN_POINT('Ctrl Pts',(1.05794120112146,0.4561246357841,0.0035));
#9900=CARTESIAN_POINT('Ctrl Pts',(1.05794120112146,0.4561246357841,0.0065));
#9901=CARTESIAN_POINT('Ctrl Pts',(1.03262203227326,0.4307632068074,0.0035));
#9902=CARTESIAN_POINT('Ctrl Pts',(1.03262203227326,0.4307632068074,0.0065));
#9903=CARTESIAN_POINT('Ctrl Pts',(1.03262203227326,0.399497531016971,0.0035));
#9904=CARTESIAN_POINT('Ctrl Pts',(1.03262203227326,0.399497531016971,0.0065));
#9905=CARTESIAN_POINT('',(1.08920710296896,0.4561246357841,0.0035));
#9906=CARTESIAN_POINT('Ctrl Pts',(1.03262203227326,0.399497531016971,0.0035));
#9907=CARTESIAN_POINT('Ctrl Pts',(1.03262203227326,0.4307632068074,0.0035));
#9908=CARTESIAN_POINT('Ctrl Pts',(1.05794120112146,0.4561246357841,0.0035));
#9909=CARTESIAN_POINT('Ctrl Pts',(1.08920710296896,0.4561246357841,0.0035));
#9910=CARTESIAN_POINT('',(1.08920710296896,0.4561246357841,0.0065));
#9911=CARTESIAN_POINT('Ctrl Pts',(1.08920710296896,0.4561246357841,0.0065));
#9912=CARTESIAN_POINT('Ctrl Pts',(1.05794120112146,0.4561246357841,0.0065));
#9913=CARTESIAN_POINT('Ctrl Pts',(1.03262203227326,0.4307632068074,0.0065));
#9914=CARTESIAN_POINT('Ctrl Pts',(1.03262203227326,0.399497531016971,0.0065));
#9915=CARTESIAN_POINT('',(1.08920710296896,0.4561246357841,0.0035));
#9916=CARTESIAN_POINT('Origin',(1.15361489712686,0.4560110357762,0.0035));
#9917=CARTESIAN_POINT('',(1.15361489712686,0.4560110357762,0.0035));
#9918=CARTESIAN_POINT('',(1.08920710296896,0.4561246357841,0.0035));
#9919=CARTESIAN_POINT('',(1.15361489712686,0.4560110357762,0.0065));
#9920=CARTESIAN_POINT('',(1.08920710296896,0.4561246357841,0.0065));
#9921=CARTESIAN_POINT('',(1.15361489712686,0.4560110357762,0.0035));
#9922=CARTESIAN_POINT('Origin',(1.15958275972676,0.4560337557779,0.0035));
#9923=CARTESIAN_POINT('',(1.15958275972676,0.4560337557779,0.0035));
#9924=CARTESIAN_POINT('',(1.15361489712686,0.4560110357762,0.0035));
#9925=CARTESIAN_POINT('',(1.15958275972676,0.4560337557779,0.0065));
#9926=CARTESIAN_POINT('',(1.15361489712686,0.4560110357762,0.0065));
#9927=CARTESIAN_POINT('',(1.15958275972676,0.4560337557779,0.0035));
#9928=CARTESIAN_POINT('Ctrl Pts',(1.16375324306666,0.4518614546855,0.0035));
#9929=CARTESIAN_POINT('Ctrl Pts',(1.16375324306666,0.4518614546855,0.0065));
#9930=CARTESIAN_POINT('Ctrl Pts',(1.16375324306665,0.452404826891812,0.0035));
#9931=CARTESIAN_POINT('Ctrl Pts',(1.16375324306665,0.452404826891812,0.0065));
#9932=CARTESIAN_POINT('Ctrl Pts',(1.1636473532542,0.452938937365532,0.0035));
#9933=CARTESIAN_POINT('Ctrl Pts',(1.1636473532542,0.452938937365532,0.0065));
#9934=CARTESIAN_POINT('Ctrl Pts',(1.16322917076147,0.453951774011854,0.0035));
#9935=CARTESIAN_POINT('Ctrl Pts',(1.16322917076147,0.453951774011854,0.0065));
#9936=CARTESIAN_POINT('Ctrl Pts',(1.16291743647238,0.454416933618035,0.0035));
#9937=CARTESIAN_POINT('Ctrl Pts',(1.16291743647238,0.454416933618035,0.0065));
#9938=CARTESIAN_POINT('Ctrl Pts',(1.16213506815389,0.455199783185806,0.0035));
#9939=CARTESIAN_POINT('Ctrl Pts',(1.16213506815389,0.455199783185806,0.0065));
#9940=CARTESIAN_POINT('Ctrl Pts',(1.16166961041753,0.455511923076257,0.0035));
#9941=CARTESIAN_POINT('Ctrl Pts',(1.16166961041753,0.455511923076257,0.0065));
#9942=CARTESIAN_POINT('Ctrl Pts',(1.16065707423885,0.455928930793128,0.0035));
#9943=CARTESIAN_POINT('Ctrl Pts',(1.16065707423885,0.455928930793128,0.0065));
#9944=CARTESIAN_POINT('Ctrl Pts',(1.16012472252917,0.4560337557779,0.0035));
#9945=CARTESIAN_POINT('Ctrl Pts',(1.16012472252917,0.4560337557779,0.0065));
#9946=CARTESIAN_POINT('Ctrl Pts',(1.15958275972676,0.4560337557779,0.0035));
#9947=CARTESIAN_POINT('Ctrl Pts',(1.15958275972676,0.4560337557779,0.0065));
#9948=CARTESIAN_POINT('',(1.16375324306666,0.4518614546855,0.0035));
#9949=CARTESIAN_POINT('Ctrl Pts',(1.15958275972676,0.4560337557779,0.0035));
#9950=CARTESIAN_POINT('Ctrl Pts',(1.16012472252917,0.4560337557779,0.0035));
#9951=CARTESIAN_POINT('Ctrl Pts',(1.16065707423885,0.455928930793128,0.0035));
#9952=CARTESIAN_POINT('Ctrl Pts',(1.16166961041753,0.455511923076257,0.0035));
#9953=CARTESIAN_POINT('Ctrl Pts',(1.16213506815389,0.455199783185806,0.0035));
#9954=CARTESIAN_POINT('Ctrl Pts',(1.16291743647238,0.454416933618035,0.0035));
#9955=CARTESIAN_POINT('Ctrl Pts',(1.16322917076147,0.453951774011854,0.0035));
#9956=CARTESIAN_POINT('Ctrl Pts',(1.1636473532542,0.452938937365532,0.0035));
#9957=CARTESIAN_POINT('Ctrl Pts',(1.16375324306665,0.452404826891812,0.0035));
#9958=CARTESIAN_POINT('Ctrl Pts',(1.16375324306666,0.4518614546855,0.0035));
#9959=CARTESIAN_POINT('',(1.16375324306666,0.4518614546855,0.0065));
#9960=CARTESIAN_POINT('Ctrl Pts',(1.16375324306666,0.4518614546855,0.0065));
#9961=CARTESIAN_POINT('Ctrl Pts',(1.16375324306665,0.452404826891812,0.0065));
#9962=CARTESIAN_POINT('Ctrl Pts',(1.1636473532542,0.452938937365532,0.0065));
#9963=CARTESIAN_POINT('Ctrl Pts',(1.16322917076147,0.453951774011854,0.0065));
#9964=CARTESIAN_POINT('Ctrl Pts',(1.16291743647238,0.454416933618035,0.0065));
#9965=CARTESIAN_POINT('Ctrl Pts',(1.16213506815389,0.455199783185806,0.0065));
#9966=CARTESIAN_POINT('Ctrl Pts',(1.16166961041753,0.455511923076257,0.0065));
#9967=CARTESIAN_POINT('Ctrl Pts',(1.16065707423885,0.455928930793128,0.0065));
#9968=CARTESIAN_POINT('Ctrl Pts',(1.16012472252917,0.4560337557779,0.0065));
#9969=CARTESIAN_POINT('Ctrl Pts',(1.15958275972676,0.4560337557779,0.0065));
#9970=CARTESIAN_POINT('',(1.16375324306666,0.4518614546855,0.0035));
#9971=CARTESIAN_POINT('Ctrl Pts',(1.16275356303295,0.4476150863879,0.0035));
#9972=CARTESIAN_POINT('Ctrl Pts',(1.16275356303295,0.4476150863879,0.0065));
#9973=CARTESIAN_POINT('Ctrl Pts',(1.16275745460963,0.447629572782586,0.0035));
#9974=CARTESIAN_POINT('Ctrl Pts',(1.16275745460963,0.447629572782586,0.0065));
#9975=CARTESIAN_POINT('Ctrl Pts',(1.16375324306665,0.4513363954487,0.0035));
#9976=CARTESIAN_POINT('Ctrl Pts',(1.16375324306665,0.4513363954487,0.0065));
#9977=CARTESIAN_POINT('Ctrl Pts',(1.16375324306666,0.4518614546855,0.0035));
#9978=CARTESIAN_POINT('Ctrl Pts',(1.16375324306666,0.4518614546855,0.0065));
#9979=CARTESIAN_POINT('',(1.16275356303295,0.4476150863879,0.0035));
#9980=CARTESIAN_POINT('Ctrl Pts',(1.16375324306666,0.4518614546855,0.0035));
#9981=CARTESIAN_POINT('Ctrl Pts',(1.16375324306665,0.4513363954487,0.0035));
#9982=CARTESIAN_POINT('Ctrl Pts',(1.16275745460963,0.447629572782586,0.0035));
#9983=CARTESIAN_POINT('Ctrl Pts',(1.16275356303295,0.4476150863879,0.0035));
#9984=CARTESIAN_POINT('',(1.16275356303295,0.4476150863879,0.0065));
#9985=CARTESIAN_POINT('Ctrl Pts',(1.16275356303295,0.4476150863879,0.0065));
#9986=CARTESIAN_POINT('Ctrl Pts',(1.16275745460963,0.447629572782586,0.0065));
#9987=CARTESIAN_POINT('Ctrl Pts',(1.16375324306665,0.4513363954487,0.0065));
#9988=CARTESIAN_POINT('Ctrl Pts',(1.16375324306666,0.4518614546855,0.0065));
#9989=CARTESIAN_POINT('',(1.16275356303295,0.4476150863879,0.0035));
#9990=CARTESIAN_POINT('Origin',(1.15340269231976,0.414936226498571,0.0035));
#9991=CARTESIAN_POINT('',(1.15340269231976,0.414936226498571,0.0035));
#9992=CARTESIAN_POINT('',(1.16275356303295,0.4476150863879,0.0035));
#9993=CARTESIAN_POINT('',(1.15340269231976,0.414936226498571,0.0065));
#9994=CARTESIAN_POINT('',(1.16275356303295,0.4476150863879,0.0065));
#9995=CARTESIAN_POINT('',(1.15340269231976,0.414936226498571,0.0035));
#9996=CARTESIAN_POINT('Origin',(1.14211585034155,0.375479308534307,0.0035));
#9997=CARTESIAN_POINT('',(1.14211585034155,0.375479308534307,0.0035));
#9998=CARTESIAN_POINT('',(1.15340269231976,0.414936226498571,0.0035));
#9999=CARTESIAN_POINT('',(1.14211585034155,0.375479308534307,0.0065));
#10000=CARTESIAN_POINT('',(1.15340269231976,0.414936226498571,0.0065));
#10001=CARTESIAN_POINT('',(1.14211585034155,0.375479308534307,0.0035));
#10002=CARTESIAN_POINT('Ctrl Pts',(1.14165463432616,0.37344586839185,0.0035));
#10003=CARTESIAN_POINT('Ctrl Pts',(1.14165463432616,0.37344586839185,0.0065));
#10004=CARTESIAN_POINT('Ctrl Pts',(1.14165463432616,0.374193356444216,0.0035));
#10005=CARTESIAN_POINT('Ctrl Pts',(1.14165463432616,0.374193356444216,0.0065));
#10006=CARTESIAN_POINT('Ctrl Pts',(1.14192727433516,0.374806796487191,0.0035));
#10007=CARTESIAN_POINT('Ctrl Pts',(1.14192727433516,0.374806796487191,0.0065));
#10008=CARTESIAN_POINT('Ctrl Pts',(1.14211585034155,0.375479308534307,0.0035));
#10009=CARTESIAN_POINT('Ctrl Pts',(1.14211585034155,0.375479308534307,0.0065));
#10010=CARTESIAN_POINT('',(1.14165463432616,0.37344586839185,0.0035));
#10011=CARTESIAN_POINT('Ctrl Pts',(1.14211585034155,0.375479308534307,0.0035));
#10012=CARTESIAN_POINT('Ctrl Pts',(1.14192727433516,0.374806796487191,0.0035));
#10013=CARTESIAN_POINT('Ctrl Pts',(1.14165463432616,0.374193356444216,0.0035));
#10014=CARTESIAN_POINT('Ctrl Pts',(1.14165463432616,0.37344586839185,0.0035));
#10015=CARTESIAN_POINT('',(1.14165463432616,0.37344586839185,0.0065));
#10016=CARTESIAN_POINT('Ctrl Pts',(1.14165463432616,0.37344586839185,0.0065));
#10017=CARTESIAN_POINT('Ctrl Pts',(1.14165463432616,0.374193356444216,0.0065));
#10018=CARTESIAN_POINT('Ctrl Pts',(1.14192727433516,0.374806796487191,0.0065));
#10019=CARTESIAN_POINT('Ctrl Pts',(1.14211585034155,0.375479308534307,0.0065));
#10020=CARTESIAN_POINT('',(1.14165463432616,0.37344586839185,0.0035));
#10021=CARTESIAN_POINT('Ctrl Pts',(1.15044477542066,0.3650803638059,0.0035));
#10022=CARTESIAN_POINT('Ctrl Pts',(1.15044477542066,0.3650803638059,0.0065));
#10023=CARTESIAN_POINT('Ctrl Pts',(1.14934532209725,0.3650803638059,0.0035));
#10024=CARTESIAN_POINT('Ctrl Pts',(1.14934532209725,0.3650803638059,0.0065));
#10025=CARTESIAN_POINT('Ctrl Pts',(1.14825758007687,0.365292054971326,0.0035));
#10026=CARTESIAN_POINT('Ctrl Pts',(1.14825758007687,0.365292054971326,0.0065));
#10027=CARTESIAN_POINT('Ctrl Pts',(1.14613440780625,0.36612315608596,0.0035));
#10028=CARTESIAN_POINT('Ctrl Pts',(1.14613440780625,0.36612315608596,0.0065));
#10029=CARTESIAN_POINT('Ctrl Pts',(1.14512030314818,0.366768038434869,0.0035));
#10030=CARTESIAN_POINT('Ctrl Pts',(1.14512030314818,0.366768038434869,0.0065));
#10031=CARTESIAN_POINT('Ctrl Pts',(1.143471131725,0.368336115671845,0.0035));
#10032=CARTESIAN_POINT('Ctrl Pts',(1.143471131725,0.368336115671845,0.0065));
#10033=CARTESIAN_POINT('Ctrl Pts',(1.14281750929672,0.369232442772221,0.0035));
#10034=CARTESIAN_POINT('Ctrl Pts',(1.14281750929672,0.369232442772221,0.0065));
#10035=CARTESIAN_POINT('Ctrl Pts',(1.14213460109486,0.370726820603384,0.0035));
#10036=CARTESIAN_POINT('Ctrl Pts',(1.14213460109486,0.370726820603384,0.0065));
#10037=CARTESIAN_POINT('Ctrl Pts',(1.14195821810727,0.371246936354081,0.0035));
#10038=CARTESIAN_POINT('Ctrl Pts',(1.14195821810727,0.371246936354081,0.0065));
#10039=CARTESIAN_POINT('Ctrl Pts',(1.14171634861919,0.372328981080449,0.0035));
#10040=CARTESIAN_POINT('Ctrl Pts',(1.14171634861919,0.372328981080449,0.0065));
#10041=CARTESIAN_POINT('Ctrl Pts',(1.14165463432616,0.372885534648607,0.0035));
#10042=CARTESIAN_POINT('Ctrl Pts',(1.14165463432616,0.372885534648607,0.0065));
#10043=CARTESIAN_POINT('Ctrl Pts',(1.14165463432616,0.37344586839185,0.0035));
#10044=CARTESIAN_POINT('Ctrl Pts',(1.14165463432616,0.37344586839185,0.0065));
#10045=CARTESIAN_POINT('Ctrl Pts',(1.14165463432616,0.37344586839185,0.0035));
#10046=CARTESIAN_POINT('Ctrl Pts',(1.14165463432616,0.372885534648607,0.0035));
#10047=CARTESIAN_POINT('Ctrl Pts',(1.14171634861919,0.372328981080449,0.0035));
#10048=CARTESIAN_POINT('Ctrl Pts',(1.14195821810727,0.371246936354081,0.0035));
#10049=CARTESIAN_POINT('Ctrl Pts',(1.14213460109486,0.370726820603384,0.0035));
#10050=CARTESIAN_POINT('Ctrl Pts',(1.14281750929672,0.369232442772221,0.0035));
#10051=CARTESIAN_POINT('Ctrl Pts',(1.143471131725,0.368336115671845,0.0035));
#10052=CARTESIAN_POINT('Ctrl Pts',(1.14512030314818,0.366768038434869,0.0035));
#10053=CARTESIAN_POINT('Ctrl Pts',(1.14613440780625,0.36612315608596,0.0035));
#10054=CARTESIAN_POINT('Ctrl Pts',(1.14825758007687,0.365292054971326,0.0035));
#10055=CARTESIAN_POINT('Ctrl Pts',(1.14934532209725,0.3650803638059,0.0035));
#10056=CARTESIAN_POINT('Ctrl Pts',(1.15044477542066,0.3650803638059,0.0035));
#10057=CARTESIAN_POINT('Ctrl Pts',(1.15044477542066,0.3650803638059,0.0065));
#10058=CARTESIAN_POINT('Ctrl Pts',(1.14934532209725,0.3650803638059,0.0065));
#10059=CARTESIAN_POINT('Ctrl Pts',(1.14825758007687,0.365292054971326,0.0065));
#10060=CARTESIAN_POINT('Ctrl Pts',(1.14613440780625,0.36612315608596,0.0065));
#10061=CARTESIAN_POINT('Ctrl Pts',(1.14512030314818,0.366768038434869,0.0065));
#10062=CARTESIAN_POINT('Ctrl Pts',(1.143471131725,0.368336115671845,0.0065));
#10063=CARTESIAN_POINT('Ctrl Pts',(1.14281750929672,0.369232442772221,0.0065));
#10064=CARTESIAN_POINT('Ctrl Pts',(1.14213460109486,0.370726820603384,0.0065));
#10065=CARTESIAN_POINT('Ctrl Pts',(1.14195821810727,0.371246936354081,0.0065));
#10066=CARTESIAN_POINT('Ctrl Pts',(1.14171634861919,0.372328981080449,0.0065));
#10067=CARTESIAN_POINT('Ctrl Pts',(1.14165463432616,0.372885534648607,0.0065));
#10068=CARTESIAN_POINT('Ctrl Pts',(1.14165463432616,0.37344586839185,0.0065));
#10069=CARTESIAN_POINT('Origin',(0.934587924160477,0.41392452204386,0.0035));
#10070=CARTESIAN_POINT('Origin',(0.934587924160477,0.41392452204386,0.0065));
#10071=CARTESIAN_POINT('',(0.,0.,-5.55111512312578E-17));
#10072=CARTESIAN_POINT('',(-1.3,0.0916666894458079,1.54074395550979E-32));
#10073=CARTESIAN_POINT('',(1.3,0.0916666894458074,1.9));
#10074=CARTESIAN_POINT('',(-0.459753149343781,-1.00202899854321,1.8965));
#10075=UNCERTAINTY_MEASURE_WITH_UNIT(LENGTH_MEASURE(0.01),#10085,
'DISTANCE_ACCURACY_VALUE',
'Maximum model space distance between geometric entities at asserted c
onnectivities');
#10076=UNCERTAINTY_MEASURE_WITH_UNIT(LENGTH_MEASURE(0.01),#10085,
'DISTANCE_ACCURACY_VALUE',
'Maximum model space distance between geometric entities at asserted c
onnectivities');
#10077=UNCERTAINTY_MEASURE_WITH_UNIT(LENGTH_MEASURE(0.01),#10085,
'DISTANCE_ACCURACY_VALUE',
'Maximum model space distance between geometric entities at asserted c
onnectivities');
#10078=UNCERTAINTY_MEASURE_WITH_UNIT(LENGTH_MEASURE(0.01),#10085,
'DISTANCE_ACCURACY_VALUE',
'Maximum model space distance between geometric entities at asserted c
onnectivities');
#10079=UNCERTAINTY_MEASURE_WITH_UNIT(LENGTH_MEASURE(0.01),#10085,
'DISTANCE_ACCURACY_VALUE',
'Maximum model space distance between geometric entities at asserted c
onnectivities');
#10080=(
GEOMETRIC_REPRESENTATION_CONTEXT(3)
GLOBAL_UNCERTAINTY_ASSIGNED_CONTEXT((#10075))
GLOBAL_UNIT_ASSIGNED_CONTEXT((#10085,#10087,#10088))
REPRESENTATION_CONTEXT('','3D')
);
#10081=(
GEOMETRIC_REPRESENTATION_CONTEXT(3)
GLOBAL_UNCERTAINTY_ASSIGNED_CONTEXT((#10076))
GLOBAL_UNIT_ASSIGNED_CONTEXT((#10085,#10087,#10088))
REPRESENTATION_CONTEXT('','3D')
);
#10082=(
GEOMETRIC_REPRESENTATION_CONTEXT(3)
GLOBAL_UNCERTAINTY_ASSIGNED_CONTEXT((#10077))
GLOBAL_UNIT_ASSIGNED_CONTEXT((#10085,#10087,#10088))
REPRESENTATION_CONTEXT('','3D')
);
#10083=(
GEOMETRIC_REPRESENTATION_CONTEXT(3)
GLOBAL_UNCERTAINTY_ASSIGNED_CONTEXT((#10078))
GLOBAL_UNIT_ASSIGNED_CONTEXT((#10085,#10087,#10088))
REPRESENTATION_CONTEXT('','3D')
);
#10084=(
GEOMETRIC_REPRESENTATION_CONTEXT(3)
GLOBAL_UNCERTAINTY_ASSIGNED_CONTEXT((#10079))
GLOBAL_UNIT_ASSIGNED_CONTEXT((#10085,#10087,#10088))
REPRESENTATION_CONTEXT('','3D')
);
#10085=(
LENGTH_UNIT()
NAMED_UNIT(*)
SI_UNIT(.MILLI.,.METRE.)
);
#10086=(
LENGTH_UNIT()
NAMED_UNIT(*)
SI_UNIT(.CENTI.,.METRE.)
);
#10087=(
NAMED_UNIT(*)
PLANE_ANGLE_UNIT()
SI_UNIT($,.RADIAN.)
);
#10088=(
NAMED_UNIT(*)
SI_UNIT($,.STERADIAN.)
SOLID_ANGLE_UNIT()
);
#10089=SHAPE_DEFINITION_REPRESENTATION(#10093,#10101);
#10090=SHAPE_DEFINITION_REPRESENTATION(#10094,#10102);
#10091=SHAPE_DEFINITION_REPRESENTATION(#10095,#10103);
#10092=SHAPE_DEFINITION_REPRESENTATION(#10096,#10104);
#10093=PRODUCT_DEFINITION_SHAPE('',$,#10106);
#10094=PRODUCT_DEFINITION_SHAPE('',$,#10107);
#10095=PRODUCT_DEFINITION_SHAPE('',$,#10108);
#10096=PRODUCT_DEFINITION_SHAPE('',$,#10109);
#10097=PRODUCT_DEFINITION_SHAPE($,$,#23);
#10098=PRODUCT_DEFINITION_SHAPE($,$,#24);
#10099=PRODUCT_DEFINITION_SHAPE($,$,#25);
#10100=PRODUCT_DEFINITION_SHAPE($,$,#26);
#10101=SHAPE_REPRESENTATION('',(#4831,#5049,#5050,#5051,#5052),#10080);
#10102=SHAPE_REPRESENTATION('',(#4832),#10081);
#10103=SHAPE_REPRESENTATION('',(#4851),#10082);
#10104=SHAPE_REPRESENTATION('',(#4886),#10083);
#10105=PRODUCT_DEFINITION_CONTEXT('part definition',#10119,'design');
#10106=PRODUCT_DEFINITION('cap','1206',#10110,#10105);
#10107=PRODUCT_DEFINITION('body','body',#10111,#10105);
#10108=PRODUCT_DEFINITION('side','side',#10112,#10105);
#10109=PRODUCT_DEFINITION('Murata_','Murata',#10113,#10105);
#10110=PRODUCT_DEFINITION_FORMATION('',$,#10121);
#10111=PRODUCT_DEFINITION_FORMATION('',$,#10122);
#10112=PRODUCT_DEFINITION_FORMATION('',$,#10123);
#10113=PRODUCT_DEFINITION_FORMATION('',$,#10124);
#10114=PRODUCT_RELATED_PRODUCT_CATEGORY('1206','1206',(#10121));
#10115=PRODUCT_RELATED_PRODUCT_CATEGORY('body','body',(#10122));
#10116=PRODUCT_RELATED_PRODUCT_CATEGORY('side','side',(#10123));
#10117=PRODUCT_RELATED_PRODUCT_CATEGORY('Murata','Murata',(#10124));
#10118=APPLICATION_PROTOCOL_DEFINITION('international standard',
'automotive_design',2009,#10119);
#10119=APPLICATION_CONTEXT(
'Core Data for Automotive Mechanical Design Process');
#10120=PRODUCT_CONTEXT('part definition',#10119,'mechanical');
#10121=PRODUCT('cap','1206',$,(#10120));
#10122=PRODUCT('body','body',$,(#10120));
#10123=PRODUCT('side','side',$,(#10120));
#10124=PRODUCT('Murata_','Murata',$,(#10120));
ENDSEC;
END-ISO-10303-21;
