ISO-10303-21;
HEADER;
/* Generated by software containing ST-Developer
 * from STEP Tools, Inc. (www.steptools.com) 
 */

FILE_DESCRIPTION(
/* description */ (''),
/* implementation_level */ '2;1');

FILE_NAME(
/* name */ 
'G:\\_UPVERTER\\Upverter 3D models\\TXC\\7M-12.000MAAE-T\\TXC 7M-12.00
0MAAE-T.stp',
/* time_stamp */ '2021-08-11T20:46:45-04:00',
/* author */ ('rabri'),
/* organization */ (''),
/* preprocessor_version */ 'ST-DEVELOPER v18',
/* originating_system */ 'Autodesk Inventor 2020',
/* authorisation */ '');

FILE_SCHEMA (('AUTOMOTIVE_DESIGN { 1 0 10303 214 3 1 1 }'));
ENDSEC;

DATA;
#10=MECHANICAL_DESIGN_GEOMETRIC_PRESENTATION_REPRESENTATION('',(#71,#72,
#73,#74,#75,#76,#77,#78,#79,#80,#81,#82,#83,#84,#85,#86,#87,#88,#89,#90,
#91,#92,#93,#94,#95,#96,#97,#98,#99,#100,#101,#102,#103,#104,#105,#106,
#107,#108,#109,#110,#111,#112,#113,#114,#115,#116,#117,#118,#119,#120,#121),
#11274);
#11=ITEM_DEFINED_TRANSFORMATION($,$,#6624,#7110);
#12=ITEM_DEFINED_TRANSFORMATION($,$,#6752,#7111);
#13=ITEM_DEFINED_TRANSFORMATION($,$,#6822,#7112);
#14=ITEM_DEFINED_TRANSFORMATION($,$,#6841,#7113);
#15=ITEM_DEFINED_TRANSFORMATION($,$,#7083,#7114);
#16=(
REPRESENTATION_RELATIONSHIP($,$,#11297,#11296)
REPRESENTATION_RELATIONSHIP_WITH_TRANSFORMATION(#11)
SHAPE_REPRESENTATION_RELATIONSHIP()
);
#17=(
REPRESENTATION_RELATIONSHIP($,$,#11298,#11296)
REPRESENTATION_RELATIONSHIP_WITH_TRANSFORMATION(#12)
SHAPE_REPRESENTATION_RELATIONSHIP()
);
#18=(
REPRESENTATION_RELATIONSHIP($,$,#11299,#11296)
REPRESENTATION_RELATIONSHIP_WITH_TRANSFORMATION(#13)
SHAPE_REPRESENTATION_RELATIONSHIP()
);
#19=(
REPRESENTATION_RELATIONSHIP($,$,#11300,#11296)
REPRESENTATION_RELATIONSHIP_WITH_TRANSFORMATION(#14)
SHAPE_REPRESENTATION_RELATIONSHIP()
);
#20=(
REPRESENTATION_RELATIONSHIP($,$,#11301,#11296)
REPRESENTATION_RELATIONSHIP_WITH_TRANSFORMATION(#15)
SHAPE_REPRESENTATION_RELATIONSHIP()
);
#21=CONTEXT_DEPENDENT_SHAPE_REPRESENTATION(#16,#11291);
#22=CONTEXT_DEPENDENT_SHAPE_REPRESENTATION(#17,#11292);
#23=CONTEXT_DEPENDENT_SHAPE_REPRESENTATION(#18,#11293);
#24=CONTEXT_DEPENDENT_SHAPE_REPRESENTATION(#19,#11294);
#25=CONTEXT_DEPENDENT_SHAPE_REPRESENTATION(#20,#11295);
#26=NEXT_ASSEMBLY_USAGE_OCCURRENCE('body:1','body:1','body:1',#11303,#11304,
'body:1');
#27=NEXT_ASSEMBLY_USAGE_OCCURRENCE('terminal:1','terminal:1',
'terminal:1',#11303,#11305,'terminal:1');
#28=NEXT_ASSEMBLY_USAGE_OCCURRENCE('top:1','top:1','top:1',#11303,#11306,
'top:1');
#29=NEXT_ASSEMBLY_USAGE_OCCURRENCE('logo:1','logo:1','logo:1',#11303,#11307,
'logo:1');
#30=NEXT_ASSEMBLY_USAGE_OCCURRENCE('top al:1','top al:1','top al:1',#11303,
#11308,'top al:1');
#31=B_SPLINE_SURFACE_WITH_KNOTS('',2,1,((#9511,#9512),(#9513,#9514),(#9515,
#9516),(#9517,#9518)),.UNSPECIFIED.,.F.,.F.,.F.,(3,1,3),(2,2),(-2.,-1.,
0.),(0.,0.0003),.UNSPECIFIED.);
#32=B_SPLINE_SURFACE_WITH_KNOTS('',2,1,((#9522,#9523),(#9524,#9525),(#9526,
#9527),(#9528,#9529)),.UNSPECIFIED.,.F.,.F.,.F.,(3,1,3),(2,2),(-2.,-1.,
0.),(0.,0.0003),.UNSPECIFIED.);
#33=B_SPLINE_SURFACE_WITH_KNOTS('',2,1,((#9533,#9534),(#9535,#9536),(#9537,
#9538),(#9539,#9540)),.UNSPECIFIED.,.F.,.F.,.F.,(3,1,3),(2,2),(-2.,-1.,
0.),(0.,0.0003),.UNSPECIFIED.);
#34=B_SPLINE_SURFACE_WITH_KNOTS('',2,1,((#9547,#9548),(#9549,#9550),(#9551,
#9552)),.UNSPECIFIED.,.F.,.F.,.F.,(3,3),(2,2),(-1.,0.),(0.,0.0003),
 .UNSPECIFIED.);
#35=B_SPLINE_SURFACE_WITH_KNOTS('',2,1,((#9595,#9596),(#9597,#9598),(#9599,
#9600),(#9601,#9602),(#9603,#9604)),.UNSPECIFIED.,.F.,.F.,.F.,(3,1,1,3),
(2,2),(-3.,-2.,-1.,0.),(0.,0.0003),.UNSPECIFIED.);
#36=B_SPLINE_SURFACE_WITH_KNOTS('',2,1,((#9611,#9612),(#9613,#9614),(#9615,
#9616),(#9617,#9618),(#9619,#9620)),.UNSPECIFIED.,.F.,.F.,.F.,(3,1,1,3),
(2,2),(-3.,-2.,-1.,0.),(0.,0.0003),.UNSPECIFIED.);
#37=B_SPLINE_SURFACE_WITH_KNOTS('',2,1,((#9631,#9632),(#9633,#9634),(#9635,
#9636),(#9637,#9638)),.UNSPECIFIED.,.F.,.F.,.F.,(3,1,3),(2,2),(-2.,-1.,
0.),(0.,0.0003),.UNSPECIFIED.);
#38=B_SPLINE_SURFACE_WITH_KNOTS('',2,1,((#9662,#9663),(#9664,#9665),(#9666,
#9667),(#9668,#9669)),.UNSPECIFIED.,.F.,.F.,.F.,(3,1,3),(2,2),(-2.,-1.,
0.),(0.,0.0003),.UNSPECIFIED.);
#39=B_SPLINE_SURFACE_WITH_KNOTS('',2,1,((#9728,#9729),(#9730,#9731),(#9732,
#9733),(#9734,#9735)),.UNSPECIFIED.,.F.,.F.,.F.,(3,1,3),(2,2),(-2.,-1.,
0.),(0.,0.0003),.UNSPECIFIED.);
#40=B_SPLINE_SURFACE_WITH_KNOTS('',2,1,((#9743,#9744),(#9745,#9746),(#9747,
#9748)),.UNSPECIFIED.,.F.,.F.,.F.,(3,3),(2,2),(-1.,0.),(0.,0.0003),
 .UNSPECIFIED.);
#41=B_SPLINE_SURFACE_WITH_KNOTS('',2,1,((#9821,#9822),(#9823,#9824),(#9825,
#9826),(#9827,#9828)),.UNSPECIFIED.,.F.,.F.,.F.,(3,1,3),(2,2),(-2.,-1.,
0.),(0.,0.0003),.UNSPECIFIED.);
#42=B_SPLINE_SURFACE_WITH_KNOTS('',2,1,((#9837,#9838),(#9839,#9840),(#9841,
#9842),(#9843,#9844)),.UNSPECIFIED.,.F.,.F.,.F.,(3,1,3),(2,2),(-2.,-1.,
0.),(0.,0.0003),.UNSPECIFIED.);
#43=B_SPLINE_SURFACE_WITH_KNOTS('',2,1,((#9909,#9910),(#9911,#9912),(#9913,
#9914),(#9915,#9916)),.UNSPECIFIED.,.F.,.F.,.F.,(3,1,3),(2,2),(-2.,-1.,
0.),(0.,0.0003),.UNSPECIFIED.);
#44=B_SPLINE_SURFACE_WITH_KNOTS('',2,1,((#9923,#9924),(#9925,#9926),(#9927,
#9928),(#9929,#9930),(#9931,#9932)),.UNSPECIFIED.,.F.,.F.,.F.,(3,1,1,3),
(2,2),(-3.,-2.,-1.,0.),(0.,0.0003),.UNSPECIFIED.);
#45=B_SPLINE_SURFACE_WITH_KNOTS('',2,1,((#9946,#9947),(#9948,#9949),(#9950,
#9951),(#9952,#9953)),.UNSPECIFIED.,.F.,.F.,.F.,(3,1,3),(2,2),(-2.,-1.,
0.),(0.,0.0003),.UNSPECIFIED.);
#46=B_SPLINE_SURFACE_WITH_KNOTS('',2,1,((#10074,#10075),(#10076,#10077),
(#10078,#10079),(#10080,#10081),(#10082,#10083)),.UNSPECIFIED.,.F.,.F.,
 .F.,(3,1,1,3),(2,2),(-3.,-2.,-1.,0.),(0.,0.0003),.UNSPECIFIED.);
#47=B_SPLINE_SURFACE_WITH_KNOTS('',2,1,((#10090,#10091),(#10092,#10093),
(#10094,#10095),(#10096,#10097),(#10098,#10099)),.UNSPECIFIED.,.F.,.F.,
 .F.,(3,1,1,3),(2,2),(-3.,-2.,-1.,0.),(0.,0.0003),.UNSPECIFIED.);
#48=B_SPLINE_SURFACE_WITH_KNOTS('',2,1,((#10257,#10258),(#10259,#10260),
(#10261,#10262),(#10263,#10264),(#10265,#10266)),.UNSPECIFIED.,.F.,.F.,
 .F.,(3,1,1,3),(2,2),(-3.,-2.,-1.,0.),(0.,0.0003),.UNSPECIFIED.);
#49=B_SPLINE_SURFACE_WITH_KNOTS('',2,1,((#10276,#10277),(#10278,#10279),
(#10280,#10281),(#10282,#10283),(#10284,#10285)),.UNSPECIFIED.,.F.,.F.,
 .F.,(3,1,1,3),(2,2),(-3.,-2.,-1.,0.),(0.,0.0003),.UNSPECIFIED.);
#50=B_SPLINE_SURFACE_WITH_KNOTS('',2,1,((#10410,#10411),(#10412,#10413),
(#10414,#10415),(#10416,#10417)),.UNSPECIFIED.,.F.,.F.,.F.,(3,1,3),(2,2),
(-2.,-1.,0.),(0.,0.0003),.UNSPECIFIED.);
#51=B_SPLINE_SURFACE_WITH_KNOTS('',2,1,((#10426,#10427),(#10428,#10429),
(#10430,#10431),(#10432,#10433),(#10434,#10435)),.UNSPECIFIED.,.F.,.F.,
 .F.,(3,1,1,3),(2,2),(-3.,-2.,-1.,0.),(0.,0.0003),.UNSPECIFIED.);
#52=B_SPLINE_SURFACE_WITH_KNOTS('',2,1,((#10508,#10509),(#10510,#10511),
(#10512,#10513),(#10514,#10515)),.UNSPECIFIED.,.F.,.F.,.F.,(3,1,3),(2,2),
(-2.,-1.,0.),(0.,0.0003),.UNSPECIFIED.);
#53=B_SPLINE_SURFACE_WITH_KNOTS('',2,1,((#10524,#10525),(#10526,#10527),
(#10528,#10529),(#10530,#10531),(#10532,#10533)),.UNSPECIFIED.,.F.,.F.,
 .F.,(3,1,1,3),(2,2),(-3.,-2.,-1.,0.),(0.,0.0003),.UNSPECIFIED.);
#54=B_SPLINE_SURFACE_WITH_KNOTS('',2,1,((#10620,#10621),(#10622,#10623),
(#10624,#10625),(#10626,#10627),(#10628,#10629)),.UNSPECIFIED.,.F.,.F.,
 .F.,(3,1,1,3),(2,2),(-3.,-2.,-1.,0.),(0.,0.0003),.UNSPECIFIED.);
#55=B_SPLINE_SURFACE_WITH_KNOTS('',2,1,((#10630,#10631),(#10632,#10633),
(#10634,#10635),(#10636,#10637)),.UNSPECIFIED.,.F.,.F.,.F.,(3,1,3),(2,2),
(-2.,-1.,0.),(0.,0.0003),.UNSPECIFIED.);
#56=B_SPLINE_SURFACE_WITH_KNOTS('',2,1,((#10755,#10756),(#10757,#10758),
(#10759,#10760),(#10761,#10762)),.UNSPECIFIED.,.F.,.F.,.F.,(3,1,3),(2,2),
(-2.,-1.,0.),(0.,0.0003),.UNSPECIFIED.);
#57=B_SPLINE_SURFACE_WITH_KNOTS('',2,1,((#10897,#10898),(#10899,#10900),
(#10901,#10902)),.UNSPECIFIED.,.F.,.F.,.F.,(3,3),(2,2),(-1.,0.),(0.,0.0003),
 .UNSPECIFIED.);
#58=B_SPLINE_SURFACE_WITH_KNOTS('',2,1,((#10912,#10913),(#10914,#10915),
(#10916,#10917)),.UNSPECIFIED.,.F.,.F.,.F.,(3,3),(2,2),(-1.,0.),(0.,0.0003),
 .UNSPECIFIED.);
#59=B_SPLINE_SURFACE_WITH_KNOTS('',2,1,((#10928,#10929),(#10930,#10931),
(#10932,#10933),(#10934,#10935)),.UNSPECIFIED.,.F.,.F.,.F.,(3,1,3),(2,2),
(-2.,-1.,0.),(0.,0.0003),.UNSPECIFIED.);
#60=B_SPLINE_SURFACE_WITH_KNOTS('',2,1,((#11057,#11058),(#11059,#11060),
(#11061,#11062)),.UNSPECIFIED.,.F.,.F.,.F.,(3,3),(2,2),(-1.,0.),(0.,0.0003),
 .UNSPECIFIED.);
#61=SHAPE_REPRESENTATION_RELATIONSHIP('SRR','None',#11297,#66);
#62=SHAPE_REPRESENTATION_RELATIONSHIP('SRR','None',#11298,#67);
#63=SHAPE_REPRESENTATION_RELATIONSHIP('SRR','None',#11299,#68);
#64=SHAPE_REPRESENTATION_RELATIONSHIP('SRR','None',#11300,#69);
#65=SHAPE_REPRESENTATION_RELATIONSHIP('SRR','None',#11301,#70);
#66=ADVANCED_BREP_SHAPE_REPRESENTATION('',(#122),#11269);
#67=ADVANCED_BREP_SHAPE_REPRESENTATION('',(#123,#124,#125,#126),#11270);
#68=ADVANCED_BREP_SHAPE_REPRESENTATION('',(#127),#11271);
#69=ADVANCED_BREP_SHAPE_REPRESENTATION('',(#128,#129,#130,#131,#132,#133,
#134,#135,#136,#137,#138,#139,#140,#141,#142,#143,#144,#145,#146,#147,#148,
#149,#150,#151,#152,#153,#154,#155,#156,#157,#158,#159,#160,#161,#162,#163,
#164,#165,#166,#167,#168,#169,#170,#171),#11272);
#70=ADVANCED_BREP_SHAPE_REPRESENTATION('',(#172),#11273);
#71=STYLED_ITEM('',(#6534),#122);
#72=STYLED_ITEM('',(#6535),#123);
#73=STYLED_ITEM('',(#6535),#124);
#74=STYLED_ITEM('',(#6535),#125);
#75=STYLED_ITEM('',(#6535),#126);
#76=STYLED_ITEM('',(#6536),#127);
#77=STYLED_ITEM('',(#6537),#128);
#78=STYLED_ITEM('',(#6537),#129);
#79=STYLED_ITEM('',(#6537),#130);
#80=STYLED_ITEM('',(#6537),#131);
#81=STYLED_ITEM('',(#6537),#132);
#82=STYLED_ITEM('',(#6537),#133);
#83=STYLED_ITEM('',(#6537),#134);
#84=STYLED_ITEM('',(#6537),#135);
#85=STYLED_ITEM('',(#6537),#136);
#86=STYLED_ITEM('',(#6537),#137);
#87=STYLED_ITEM('',(#6537),#138);
#88=STYLED_ITEM('',(#6537),#139);
#89=STYLED_ITEM('',(#6537),#140);
#90=STYLED_ITEM('',(#6537),#141);
#91=STYLED_ITEM('',(#6537),#142);
#92=STYLED_ITEM('',(#6537),#143);
#93=STYLED_ITEM('',(#6537),#144);
#94=STYLED_ITEM('',(#6537),#145);
#95=STYLED_ITEM('',(#6537),#146);
#96=STYLED_ITEM('',(#6537),#147);
#97=STYLED_ITEM('',(#6537),#148);
#98=STYLED_ITEM('',(#6537),#149);
#99=STYLED_ITEM('',(#6537),#150);
#100=STYLED_ITEM('',(#6537),#151);
#101=STYLED_ITEM('',(#6537),#152);
#102=STYLED_ITEM('',(#6537),#153);
#103=STYLED_ITEM('',(#6537),#154);
#104=STYLED_ITEM('',(#6537),#155);
#105=STYLED_ITEM('',(#6537),#156);
#106=STYLED_ITEM('',(#6537),#157);
#107=STYLED_ITEM('',(#6537),#158);
#108=STYLED_ITEM('',(#6537),#159);
#109=STYLED_ITEM('',(#6537),#160);
#110=STYLED_ITEM('',(#6537),#161);
#111=STYLED_ITEM('',(#6537),#162);
#112=STYLED_ITEM('',(#6537),#163);
#113=STYLED_ITEM('',(#6537),#164);
#114=STYLED_ITEM('',(#6537),#165);
#115=STYLED_ITEM('',(#6537),#166);
#116=STYLED_ITEM('',(#6537),#167);
#117=STYLED_ITEM('',(#6537),#168);
#118=STYLED_ITEM('',(#6537),#169);
#119=STYLED_ITEM('',(#6537),#170);
#120=STYLED_ITEM('',(#6537),#171);
#121=STYLED_ITEM('',(#6538),#172);
#122=MANIFOLD_SOLID_BREP('Solid1',#6426);
#123=MANIFOLD_SOLID_BREP('Solid1',#6427);
#124=MANIFOLD_SOLID_BREP('Solid1',#6428);
#125=MANIFOLD_SOLID_BREP('Solid1',#6429);
#126=MANIFOLD_SOLID_BREP('Solid1',#6430);
#127=MANIFOLD_SOLID_BREP('Solid1',#6431);
#128=MANIFOLD_SOLID_BREP('Solid1',#6432);
#129=MANIFOLD_SOLID_BREP('Solid1',#6433);
#130=MANIFOLD_SOLID_BREP('Solid1',#6434);
#131=MANIFOLD_SOLID_BREP('Solid1',#6435);
#132=MANIFOLD_SOLID_BREP('Solid1',#6436);
#133=MANIFOLD_SOLID_BREP('Solid1',#6437);
#134=MANIFOLD_SOLID_BREP('Solid1',#6438);
#135=MANIFOLD_SOLID_BREP('Solid1',#6439);
#136=MANIFOLD_SOLID_BREP('Solid1',#6440);
#137=MANIFOLD_SOLID_BREP('Solid1',#6441);
#138=MANIFOLD_SOLID_BREP('Solid1',#6442);
#139=MANIFOLD_SOLID_BREP('Solid1',#6443);
#140=MANIFOLD_SOLID_BREP('Solid1',#6444);
#141=MANIFOLD_SOLID_BREP('Solid1',#6445);
#142=MANIFOLD_SOLID_BREP('Solid1',#6446);
#143=MANIFOLD_SOLID_BREP('Solid1',#6447);
#144=MANIFOLD_SOLID_BREP('Solid1',#6448);
#145=MANIFOLD_SOLID_BREP('Solid1',#6449);
#146=MANIFOLD_SOLID_BREP('Solid1',#6450);
#147=MANIFOLD_SOLID_BREP('Solid1',#6451);
#148=MANIFOLD_SOLID_BREP('Solid1',#6452);
#149=MANIFOLD_SOLID_BREP('Solid1',#6453);
#150=MANIFOLD_SOLID_BREP('Solid1',#6454);
#151=MANIFOLD_SOLID_BREP('Solid1',#6455);
#152=MANIFOLD_SOLID_BREP('Solid1',#6456);
#153=MANIFOLD_SOLID_BREP('Solid1',#6457);
#154=MANIFOLD_SOLID_BREP('Solid1',#6458);
#155=MANIFOLD_SOLID_BREP('Solid1',#6459);
#156=MANIFOLD_SOLID_BREP('Solid1',#6460);
#157=MANIFOLD_SOLID_BREP('Solid1',#6461);
#158=MANIFOLD_SOLID_BREP('Solid1',#6462);
#159=MANIFOLD_SOLID_BREP('Solid1',#6463);
#160=MANIFOLD_SOLID_BREP('Solid1',#6464);
#161=MANIFOLD_SOLID_BREP('Solid1',#6465);
#162=MANIFOLD_SOLID_BREP('Solid1',#6466);
#163=MANIFOLD_SOLID_BREP('Solid1',#6467);
#164=MANIFOLD_SOLID_BREP('Solid1',#6468);
#165=MANIFOLD_SOLID_BREP('Solid1',#6469);
#166=MANIFOLD_SOLID_BREP('Solid1',#6470);
#167=MANIFOLD_SOLID_BREP('Solid1',#6471);
#168=MANIFOLD_SOLID_BREP('Solid1',#6472);
#169=MANIFOLD_SOLID_BREP('Solid1',#6473);
#170=MANIFOLD_SOLID_BREP('Solid1',#6474);
#171=MANIFOLD_SOLID_BREP('Solid1',#6475);
#172=MANIFOLD_SOLID_BREP('Solid1',#6476);
#173=TOROIDAL_SURFACE('',#6725,0.14,0.015);
#174=TOROIDAL_SURFACE('',#6731,0.14,0.015);
#175=TOROIDAL_SURFACE('',#6735,0.14,0.015);
#176=TOROIDAL_SURFACE('',#6740,0.14,0.015);
#177=TOROIDAL_SURFACE('',#7087,0.136076478104031,0.05);
#178=TOROIDAL_SURFACE('',#7093,0.136076478104031,0.05);
#179=TOROIDAL_SURFACE('',#7099,0.136076478104031,0.05);
#180=TOROIDAL_SURFACE('',#7105,0.136076478104031,0.05);
#181=SPHERICAL_SURFACE('',#6691,0.015);
#182=SPHERICAL_SURFACE('',#6695,0.015);
#183=SPHERICAL_SURFACE('',#6698,0.0149999999999999);
#184=SPHERICAL_SURFACE('',#6701,0.015);
#185=SPHERICAL_SURFACE('',#6705,0.015);
#186=SPHERICAL_SURFACE('',#6710,0.0149999999999999);
#187=SPHERICAL_SURFACE('',#6714,0.0149999999999999);
#188=SPHERICAL_SURFACE('',#6719,0.015);
#189=PLANE('',#6631);
#190=PLANE('',#6632);
#191=PLANE('',#6633);
#192=PLANE('',#6634);
#193=PLANE('',#6635);
#194=PLANE('',#6642);
#195=PLANE('',#6643);
#196=PLANE('',#6644);
#197=PLANE('',#6645);
#198=PLANE('',#6649);
#199=PLANE('',#6659);
#200=PLANE('',#6660);
#201=PLANE('',#6661);
#202=PLANE('',#6662);
#203=PLANE('',#6663);
#204=PLANE('',#6664);
#205=PLANE('',#6671);
#206=PLANE('',#6672);
#207=PLANE('',#6673);
#208=PLANE('',#6674);
#209=PLANE('',#6678);
#210=PLANE('',#6685);
#211=PLANE('',#6688);
#212=PLANE('',#6744);
#213=PLANE('',#6747);
#214=PLANE('',#6749);
#215=PLANE('',#6750);
#216=PLANE('',#6753);
#217=PLANE('',#6757);
#218=PLANE('',#6761);
#219=PLANE('',#6765);
#220=PLANE('',#6766);
#221=PLANE('',#6767);
#222=PLANE('',#6768);
#223=PLANE('',#6769);
#224=PLANE('',#6770);
#225=PLANE('',#6774);
#226=PLANE('',#6778);
#227=PLANE('',#6779);
#228=PLANE('',#6780);
#229=PLANE('',#6781);
#230=PLANE('',#6785);
#231=PLANE('',#6786);
#232=PLANE('',#6787);
#233=PLANE('',#6788);
#234=PLANE('',#6789);
#235=PLANE('',#6793);
#236=PLANE('',#6797);
#237=PLANE('',#6801);
#238=PLANE('',#6802);
#239=PLANE('',#6803);
#240=PLANE('',#6804);
#241=PLANE('',#6805);
#242=PLANE('',#6806);
#243=PLANE('',#6810);
#244=PLANE('',#6814);
#245=PLANE('',#6818);
#246=PLANE('',#6819);
#247=PLANE('',#6820);
#248=PLANE('',#6821);
#249=PLANE('',#6823);
#250=PLANE('',#6827);
#251=PLANE('',#6831);
#252=PLANE('',#6835);
#253=PLANE('',#6839);
#254=PLANE('',#6840);
#255=PLANE('',#6842);
#256=PLANE('',#6843);
#257=PLANE('',#6844);
#258=PLANE('',#6845);
#259=PLANE('',#6846);
#260=PLANE('',#6847);
#261=PLANE('',#6848);
#262=PLANE('',#6849);
#263=PLANE('',#6850);
#264=PLANE('',#6851);
#265=PLANE('',#6852);
#266=PLANE('',#6853);
#267=PLANE('',#6854);
#268=PLANE('',#6855);
#269=PLANE('',#6856);
#270=PLANE('',#6857);
#271=PLANE('',#6858);
#272=PLANE('',#6859);
#273=PLANE('',#6860);
#274=PLANE('',#6861);
#275=PLANE('',#6862);
#276=PLANE('',#6863);
#277=PLANE('',#6864);
#278=PLANE('',#6865);
#279=PLANE('',#6866);
#280=PLANE('',#6867);
#281=PLANE('',#6868);
#282=PLANE('',#6869);
#283=PLANE('',#6870);
#284=PLANE('',#6871);
#285=PLANE('',#6872);
#286=PLANE('',#6873);
#287=PLANE('',#6874);
#288=PLANE('',#6875);
#289=PLANE('',#6876);
#290=PLANE('',#6877);
#291=PLANE('',#6878);
#292=PLANE('',#6879);
#293=PLANE('',#6880);
#294=PLANE('',#6881);
#295=PLANE('',#6882);
#296=PLANE('',#6883);
#297=PLANE('',#6884);
#298=PLANE('',#6885);
#299=PLANE('',#6886);
#300=PLANE('',#6887);
#301=PLANE('',#6888);
#302=PLANE('',#6889);
#303=PLANE('',#6890);
#304=PLANE('',#6891);
#305=PLANE('',#6892);
#306=PLANE('',#6893);
#307=PLANE('',#6894);
#308=PLANE('',#6895);
#309=PLANE('',#6896);
#310=PLANE('',#6897);
#311=PLANE('',#6898);
#312=PLANE('',#6899);
#313=PLANE('',#6900);
#314=PLANE('',#6901);
#315=PLANE('',#6902);
#316=PLANE('',#6903);
#317=PLANE('',#6904);
#318=PLANE('',#6905);
#319=PLANE('',#6906);
#320=PLANE('',#6907);
#321=PLANE('',#6908);
#322=PLANE('',#6909);
#323=PLANE('',#6910);
#324=PLANE('',#6911);
#325=PLANE('',#6912);
#326=PLANE('',#6913);
#327=PLANE('',#6914);
#328=PLANE('',#6915);
#329=PLANE('',#6916);
#330=PLANE('',#6917);
#331=PLANE('',#6918);
#332=PLANE('',#6919);
#333=PLANE('',#6920);
#334=PLANE('',#6921);
#335=PLANE('',#6922);
#336=PLANE('',#6923);
#337=PLANE('',#6924);
#338=PLANE('',#6925);
#339=PLANE('',#6926);
#340=PLANE('',#6927);
#341=PLANE('',#6928);
#342=PLANE('',#6929);
#343=PLANE('',#6930);
#344=PLANE('',#6931);
#345=PLANE('',#6932);
#346=PLANE('',#6933);
#347=PLANE('',#6934);
#348=PLANE('',#6935);
#349=PLANE('',#6936);
#350=PLANE('',#6937);
#351=PLANE('',#6938);
#352=PLANE('',#6939);
#353=PLANE('',#6940);
#354=PLANE('',#6941);
#355=PLANE('',#6942);
#356=PLANE('',#6943);
#357=PLANE('',#6944);
#358=PLANE('',#6945);
#359=PLANE('',#6946);
#360=PLANE('',#6947);
#361=PLANE('',#6948);
#362=PLANE('',#6949);
#363=PLANE('',#6950);
#364=PLANE('',#6951);
#365=PLANE('',#6952);
#366=PLANE('',#6953);
#367=PLANE('',#6954);
#368=PLANE('',#6955);
#369=PLANE('',#6956);
#370=PLANE('',#6957);
#371=PLANE('',#6958);
#372=PLANE('',#6959);
#373=PLANE('',#6960);
#374=PLANE('',#6961);
#375=PLANE('',#6962);
#376=PLANE('',#6963);
#377=PLANE('',#6964);
#378=PLANE('',#6965);
#379=PLANE('',#6966);
#380=PLANE('',#6967);
#381=PLANE('',#6968);
#382=PLANE('',#6969);
#383=PLANE('',#6970);
#384=PLANE('',#6971);
#385=PLANE('',#6972);
#386=PLANE('',#6973);
#387=PLANE('',#6974);
#388=PLANE('',#6975);
#389=PLANE('',#6976);
#390=PLANE('',#6977);
#391=PLANE('',#6978);
#392=PLANE('',#6979);
#393=PLANE('',#6980);
#394=PLANE('',#6981);
#395=PLANE('',#6982);
#396=PLANE('',#6983);
#397=PLANE('',#6984);
#398=PLANE('',#6985);
#399=PLANE('',#6986);
#400=PLANE('',#6987);
#401=PLANE('',#6988);
#402=PLANE('',#6989);
#403=PLANE('',#6990);
#404=PLANE('',#6991);
#405=PLANE('',#6992);
#406=PLANE('',#6993);
#407=PLANE('',#6994);
#408=PLANE('',#6995);
#409=PLANE('',#6996);
#410=PLANE('',#6997);
#411=PLANE('',#6998);
#412=PLANE('',#6999);
#413=PLANE('',#7000);
#414=PLANE('',#7001);
#415=PLANE('',#7002);
#416=PLANE('',#7003);
#417=PLANE('',#7004);
#418=PLANE('',#7005);
#419=PLANE('',#7006);
#420=PLANE('',#7007);
#421=PLANE('',#7008);
#422=PLANE('',#7009);
#423=PLANE('',#7010);
#424=PLANE('',#7011);
#425=PLANE('',#7012);
#426=PLANE('',#7013);
#427=PLANE('',#7014);
#428=PLANE('',#7015);
#429=PLANE('',#7016);
#430=PLANE('',#7017);
#431=PLANE('',#7018);
#432=PLANE('',#7019);
#433=PLANE('',#7020);
#434=PLANE('',#7021);
#435=PLANE('',#7022);
#436=PLANE('',#7023);
#437=PLANE('',#7024);
#438=PLANE('',#7025);
#439=PLANE('',#7026);
#440=PLANE('',#7027);
#441=PLANE('',#7028);
#442=PLANE('',#7029);
#443=PLANE('',#7030);
#444=PLANE('',#7031);
#445=PLANE('',#7032);
#446=PLANE('',#7033);
#447=PLANE('',#7034);
#448=PLANE('',#7035);
#449=PLANE('',#7036);
#450=PLANE('',#7037);
#451=PLANE('',#7038);
#452=PLANE('',#7039);
#453=PLANE('',#7040);
#454=PLANE('',#7041);
#455=PLANE('',#7042);
#456=PLANE('',#7043);
#457=PLANE('',#7044);
#458=PLANE('',#7045);
#459=PLANE('',#7046);
#460=PLANE('',#7047);
#461=PLANE('',#7048);
#462=PLANE('',#7049);
#463=PLANE('',#7050);
#464=PLANE('',#7051);
#465=PLANE('',#7052);
#466=PLANE('',#7053);
#467=PLANE('',#7054);
#468=PLANE('',#7055);
#469=PLANE('',#7056);
#470=PLANE('',#7057);
#471=PLANE('',#7058);
#472=PLANE('',#7059);
#473=PLANE('',#7060);
#474=PLANE('',#7061);
#475=PLANE('',#7062);
#476=PLANE('',#7063);
#477=PLANE('',#7064);
#478=PLANE('',#7065);
#479=PLANE('',#7066);
#480=PLANE('',#7067);
#481=PLANE('',#7068);
#482=PLANE('',#7069);
#483=PLANE('',#7070);
#484=PLANE('',#7071);
#485=PLANE('',#7072);
#486=PLANE('',#7073);
#487=PLANE('',#7074);
#488=PLANE('',#7075);
#489=PLANE('',#7081);
#490=PLANE('',#7082);
#491=PLANE('',#7108);
#492=PLANE('',#7109);
#493=FACE_OUTER_BOUND('',#892,.T.);
#494=FACE_OUTER_BOUND('',#893,.T.);
#495=FACE_OUTER_BOUND('',#894,.T.);
#496=FACE_OUTER_BOUND('',#895,.T.);
#497=FACE_OUTER_BOUND('',#896,.T.);
#498=FACE_OUTER_BOUND('',#897,.T.);
#499=FACE_OUTER_BOUND('',#898,.T.);
#500=FACE_OUTER_BOUND('',#899,.T.);
#501=FACE_OUTER_BOUND('',#900,.T.);
#502=FACE_OUTER_BOUND('',#901,.T.);
#503=FACE_OUTER_BOUND('',#902,.T.);
#504=FACE_OUTER_BOUND('',#903,.T.);
#505=FACE_OUTER_BOUND('',#904,.T.);
#506=FACE_OUTER_BOUND('',#905,.T.);
#507=FACE_OUTER_BOUND('',#906,.T.);
#508=FACE_OUTER_BOUND('',#907,.T.);
#509=FACE_OUTER_BOUND('',#908,.T.);
#510=FACE_OUTER_BOUND('',#909,.T.);
#511=FACE_OUTER_BOUND('',#910,.T.);
#512=FACE_OUTER_BOUND('',#911,.T.);
#513=FACE_OUTER_BOUND('',#912,.T.);
#514=FACE_OUTER_BOUND('',#913,.T.);
#515=FACE_OUTER_BOUND('',#914,.T.);
#516=FACE_OUTER_BOUND('',#915,.T.);
#517=FACE_OUTER_BOUND('',#916,.T.);
#518=FACE_OUTER_BOUND('',#917,.T.);
#519=FACE_OUTER_BOUND('',#918,.T.);
#520=FACE_OUTER_BOUND('',#919,.T.);
#521=FACE_OUTER_BOUND('',#920,.T.);
#522=FACE_OUTER_BOUND('',#921,.T.);
#523=FACE_OUTER_BOUND('',#922,.T.);
#524=FACE_OUTER_BOUND('',#923,.T.);
#525=FACE_OUTER_BOUND('',#924,.T.);
#526=FACE_OUTER_BOUND('',#925,.T.);
#527=FACE_OUTER_BOUND('',#926,.T.);
#528=FACE_OUTER_BOUND('',#927,.T.);
#529=FACE_OUTER_BOUND('',#928,.T.);
#530=FACE_OUTER_BOUND('',#929,.T.);
#531=FACE_OUTER_BOUND('',#930,.T.);
#532=FACE_OUTER_BOUND('',#931,.T.);
#533=FACE_OUTER_BOUND('',#932,.T.);
#534=FACE_OUTER_BOUND('',#933,.T.);
#535=FACE_OUTER_BOUND('',#934,.T.);
#536=FACE_OUTER_BOUND('',#935,.T.);
#537=FACE_OUTER_BOUND('',#936,.T.);
#538=FACE_OUTER_BOUND('',#937,.T.);
#539=FACE_OUTER_BOUND('',#938,.T.);
#540=FACE_OUTER_BOUND('',#939,.T.);
#541=FACE_OUTER_BOUND('',#940,.T.);
#542=FACE_OUTER_BOUND('',#941,.T.);
#543=FACE_OUTER_BOUND('',#942,.T.);
#544=FACE_OUTER_BOUND('',#943,.T.);
#545=FACE_OUTER_BOUND('',#944,.T.);
#546=FACE_OUTER_BOUND('',#945,.T.);
#547=FACE_OUTER_BOUND('',#946,.T.);
#548=FACE_OUTER_BOUND('',#947,.T.);
#549=FACE_OUTER_BOUND('',#948,.T.);
#550=FACE_OUTER_BOUND('',#949,.T.);
#551=FACE_OUTER_BOUND('',#950,.T.);
#552=FACE_OUTER_BOUND('',#951,.T.);
#553=FACE_OUTER_BOUND('',#952,.T.);
#554=FACE_OUTER_BOUND('',#953,.T.);
#555=FACE_OUTER_BOUND('',#954,.T.);
#556=FACE_OUTER_BOUND('',#955,.T.);
#557=FACE_OUTER_BOUND('',#956,.T.);
#558=FACE_OUTER_BOUND('',#957,.T.);
#559=FACE_OUTER_BOUND('',#958,.T.);
#560=FACE_OUTER_BOUND('',#959,.T.);
#561=FACE_OUTER_BOUND('',#960,.T.);
#562=FACE_OUTER_BOUND('',#961,.T.);
#563=FACE_OUTER_BOUND('',#962,.T.);
#564=FACE_OUTER_BOUND('',#963,.T.);
#565=FACE_OUTER_BOUND('',#964,.T.);
#566=FACE_OUTER_BOUND('',#965,.T.);
#567=FACE_OUTER_BOUND('',#966,.T.);
#568=FACE_OUTER_BOUND('',#967,.T.);
#569=FACE_OUTER_BOUND('',#968,.T.);
#570=FACE_OUTER_BOUND('',#969,.T.);
#571=FACE_OUTER_BOUND('',#970,.T.);
#572=FACE_OUTER_BOUND('',#971,.T.);
#573=FACE_OUTER_BOUND('',#972,.T.);
#574=FACE_OUTER_BOUND('',#973,.T.);
#575=FACE_OUTER_BOUND('',#974,.T.);
#576=FACE_OUTER_BOUND('',#975,.T.);
#577=FACE_OUTER_BOUND('',#976,.T.);
#578=FACE_OUTER_BOUND('',#977,.T.);
#579=FACE_OUTER_BOUND('',#978,.T.);
#580=FACE_OUTER_BOUND('',#979,.T.);
#581=FACE_OUTER_BOUND('',#980,.T.);
#582=FACE_OUTER_BOUND('',#981,.T.);
#583=FACE_OUTER_BOUND('',#982,.T.);
#584=FACE_OUTER_BOUND('',#983,.T.);
#585=FACE_OUTER_BOUND('',#984,.T.);
#586=FACE_OUTER_BOUND('',#985,.T.);
#587=FACE_OUTER_BOUND('',#986,.T.);
#588=FACE_OUTER_BOUND('',#987,.T.);
#589=FACE_OUTER_BOUND('',#988,.T.);
#590=FACE_OUTER_BOUND('',#989,.T.);
#591=FACE_OUTER_BOUND('',#990,.T.);
#592=FACE_OUTER_BOUND('',#991,.T.);
#593=FACE_OUTER_BOUND('',#992,.T.);
#594=FACE_OUTER_BOUND('',#993,.T.);
#595=FACE_OUTER_BOUND('',#994,.T.);
#596=FACE_OUTER_BOUND('',#995,.T.);
#597=FACE_OUTER_BOUND('',#996,.T.);
#598=FACE_OUTER_BOUND('',#997,.T.);
#599=FACE_OUTER_BOUND('',#998,.T.);
#600=FACE_OUTER_BOUND('',#999,.T.);
#601=FACE_OUTER_BOUND('',#1000,.T.);
#602=FACE_OUTER_BOUND('',#1001,.T.);
#603=FACE_OUTER_BOUND('',#1002,.T.);
#604=FACE_OUTER_BOUND('',#1003,.T.);
#605=FACE_OUTER_BOUND('',#1004,.T.);
#606=FACE_OUTER_BOUND('',#1005,.T.);
#607=FACE_OUTER_BOUND('',#1006,.T.);
#608=FACE_OUTER_BOUND('',#1007,.T.);
#609=FACE_OUTER_BOUND('',#1008,.T.);
#610=FACE_OUTER_BOUND('',#1009,.T.);
#611=FACE_OUTER_BOUND('',#1010,.T.);
#612=FACE_OUTER_BOUND('',#1011,.T.);
#613=FACE_OUTER_BOUND('',#1012,.T.);
#614=FACE_OUTER_BOUND('',#1013,.T.);
#615=FACE_OUTER_BOUND('',#1014,.T.);
#616=FACE_OUTER_BOUND('',#1015,.T.);
#617=FACE_OUTER_BOUND('',#1016,.T.);
#618=FACE_OUTER_BOUND('',#1017,.T.);
#619=FACE_OUTER_BOUND('',#1018,.T.);
#620=FACE_OUTER_BOUND('',#1019,.T.);
#621=FACE_OUTER_BOUND('',#1020,.T.);
#622=FACE_OUTER_BOUND('',#1021,.T.);
#623=FACE_OUTER_BOUND('',#1022,.T.);
#624=FACE_OUTER_BOUND('',#1023,.T.);
#625=FACE_OUTER_BOUND('',#1024,.T.);
#626=FACE_OUTER_BOUND('',#1025,.T.);
#627=FACE_OUTER_BOUND('',#1026,.T.);
#628=FACE_OUTER_BOUND('',#1027,.T.);
#629=FACE_OUTER_BOUND('',#1028,.T.);
#630=FACE_OUTER_BOUND('',#1029,.T.);
#631=FACE_OUTER_BOUND('',#1030,.T.);
#632=FACE_OUTER_BOUND('',#1031,.T.);
#633=FACE_OUTER_BOUND('',#1032,.T.);
#634=FACE_OUTER_BOUND('',#1033,.T.);
#635=FACE_OUTER_BOUND('',#1034,.T.);
#636=FACE_OUTER_BOUND('',#1035,.T.);
#637=FACE_OUTER_BOUND('',#1036,.T.);
#638=FACE_OUTER_BOUND('',#1037,.T.);
#639=FACE_OUTER_BOUND('',#1038,.T.);
#640=FACE_OUTER_BOUND('',#1039,.T.);
#641=FACE_OUTER_BOUND('',#1040,.T.);
#642=FACE_OUTER_BOUND('',#1041,.T.);
#643=FACE_OUTER_BOUND('',#1042,.T.);
#644=FACE_OUTER_BOUND('',#1043,.T.);
#645=FACE_OUTER_BOUND('',#1044,.T.);
#646=FACE_OUTER_BOUND('',#1045,.T.);
#647=FACE_OUTER_BOUND('',#1046,.T.);
#648=FACE_OUTER_BOUND('',#1047,.T.);
#649=FACE_OUTER_BOUND('',#1048,.T.);
#650=FACE_OUTER_BOUND('',#1049,.T.);
#651=FACE_OUTER_BOUND('',#1050,.T.);
#652=FACE_OUTER_BOUND('',#1051,.T.);
#653=FACE_OUTER_BOUND('',#1052,.T.);
#654=FACE_OUTER_BOUND('',#1053,.T.);
#655=FACE_OUTER_BOUND('',#1054,.T.);
#656=FACE_OUTER_BOUND('',#1055,.T.);
#657=FACE_OUTER_BOUND('',#1056,.T.);
#658=FACE_OUTER_BOUND('',#1057,.T.);
#659=FACE_OUTER_BOUND('',#1058,.T.);
#660=FACE_OUTER_BOUND('',#1059,.T.);
#661=FACE_OUTER_BOUND('',#1060,.T.);
#662=FACE_OUTER_BOUND('',#1061,.T.);
#663=FACE_OUTER_BOUND('',#1062,.T.);
#664=FACE_OUTER_BOUND('',#1063,.T.);
#665=FACE_OUTER_BOUND('',#1064,.T.);
#666=FACE_OUTER_BOUND('',#1065,.T.);
#667=FACE_OUTER_BOUND('',#1066,.T.);
#668=FACE_OUTER_BOUND('',#1067,.T.);
#669=FACE_OUTER_BOUND('',#1068,.T.);
#670=FACE_OUTER_BOUND('',#1069,.T.);
#671=FACE_OUTER_BOUND('',#1070,.T.);
#672=FACE_OUTER_BOUND('',#1071,.T.);
#673=FACE_OUTER_BOUND('',#1072,.T.);
#674=FACE_OUTER_BOUND('',#1073,.T.);
#675=FACE_OUTER_BOUND('',#1074,.T.);
#676=FACE_OUTER_BOUND('',#1075,.T.);
#677=FACE_OUTER_BOUND('',#1076,.T.);
#678=FACE_OUTER_BOUND('',#1077,.T.);
#679=FACE_OUTER_BOUND('',#1078,.T.);
#680=FACE_OUTER_BOUND('',#1079,.T.);
#681=FACE_OUTER_BOUND('',#1080,.T.);
#682=FACE_OUTER_BOUND('',#1081,.T.);
#683=FACE_OUTER_BOUND('',#1082,.T.);
#684=FACE_OUTER_BOUND('',#1083,.T.);
#685=FACE_OUTER_BOUND('',#1084,.T.);
#686=FACE_OUTER_BOUND('',#1085,.T.);
#687=FACE_OUTER_BOUND('',#1086,.T.);
#688=FACE_OUTER_BOUND('',#1087,.T.);
#689=FACE_OUTER_BOUND('',#1088,.T.);
#690=FACE_OUTER_BOUND('',#1089,.T.);
#691=FACE_OUTER_BOUND('',#1090,.T.);
#692=FACE_OUTER_BOUND('',#1091,.T.);
#693=FACE_OUTER_BOUND('',#1092,.T.);
#694=FACE_OUTER_BOUND('',#1093,.T.);
#695=FACE_OUTER_BOUND('',#1094,.T.);
#696=FACE_OUTER_BOUND('',#1095,.T.);
#697=FACE_OUTER_BOUND('',#1096,.T.);
#698=FACE_OUTER_BOUND('',#1097,.T.);
#699=FACE_OUTER_BOUND('',#1098,.T.);
#700=FACE_OUTER_BOUND('',#1099,.T.);
#701=FACE_OUTER_BOUND('',#1100,.T.);
#702=FACE_OUTER_BOUND('',#1101,.T.);
#703=FACE_OUTER_BOUND('',#1102,.T.);
#704=FACE_OUTER_BOUND('',#1103,.T.);
#705=FACE_OUTER_BOUND('',#1104,.T.);
#706=FACE_OUTER_BOUND('',#1105,.T.);
#707=FACE_OUTER_BOUND('',#1106,.T.);
#708=FACE_OUTER_BOUND('',#1107,.T.);
#709=FACE_OUTER_BOUND('',#1108,.T.);
#710=FACE_OUTER_BOUND('',#1109,.T.);
#711=FACE_OUTER_BOUND('',#1110,.T.);
#712=FACE_OUTER_BOUND('',#1111,.T.);
#713=FACE_OUTER_BOUND('',#1112,.T.);
#714=FACE_OUTER_BOUND('',#1113,.T.);
#715=FACE_OUTER_BOUND('',#1114,.T.);
#716=FACE_OUTER_BOUND('',#1115,.T.);
#717=FACE_OUTER_BOUND('',#1116,.T.);
#718=FACE_OUTER_BOUND('',#1117,.T.);
#719=FACE_OUTER_BOUND('',#1118,.T.);
#720=FACE_OUTER_BOUND('',#1119,.T.);
#721=FACE_OUTER_BOUND('',#1120,.T.);
#722=FACE_OUTER_BOUND('',#1121,.T.);
#723=FACE_OUTER_BOUND('',#1122,.T.);
#724=FACE_OUTER_BOUND('',#1123,.T.);
#725=FACE_OUTER_BOUND('',#1124,.T.);
#726=FACE_OUTER_BOUND('',#1125,.T.);
#727=FACE_OUTER_BOUND('',#1126,.T.);
#728=FACE_OUTER_BOUND('',#1127,.T.);
#729=FACE_OUTER_BOUND('',#1128,.T.);
#730=FACE_OUTER_BOUND('',#1129,.T.);
#731=FACE_OUTER_BOUND('',#1130,.T.);
#732=FACE_OUTER_BOUND('',#1131,.T.);
#733=FACE_OUTER_BOUND('',#1132,.T.);
#734=FACE_OUTER_BOUND('',#1133,.T.);
#735=FACE_OUTER_BOUND('',#1134,.T.);
#736=FACE_OUTER_BOUND('',#1135,.T.);
#737=FACE_OUTER_BOUND('',#1136,.T.);
#738=FACE_OUTER_BOUND('',#1137,.T.);
#739=FACE_OUTER_BOUND('',#1138,.T.);
#740=FACE_OUTER_BOUND('',#1139,.T.);
#741=FACE_OUTER_BOUND('',#1140,.T.);
#742=FACE_OUTER_BOUND('',#1141,.T.);
#743=FACE_OUTER_BOUND('',#1142,.T.);
#744=FACE_OUTER_BOUND('',#1143,.T.);
#745=FACE_OUTER_BOUND('',#1144,.T.);
#746=FACE_OUTER_BOUND('',#1145,.T.);
#747=FACE_OUTER_BOUND('',#1146,.T.);
#748=FACE_OUTER_BOUND('',#1147,.T.);
#749=FACE_OUTER_BOUND('',#1148,.T.);
#750=FACE_OUTER_BOUND('',#1149,.T.);
#751=FACE_OUTER_BOUND('',#1150,.T.);
#752=FACE_OUTER_BOUND('',#1151,.T.);
#753=FACE_OUTER_BOUND('',#1152,.T.);
#754=FACE_OUTER_BOUND('',#1153,.T.);
#755=FACE_OUTER_BOUND('',#1154,.T.);
#756=FACE_OUTER_BOUND('',#1155,.T.);
#757=FACE_OUTER_BOUND('',#1156,.T.);
#758=FACE_OUTER_BOUND('',#1157,.T.);
#759=FACE_OUTER_BOUND('',#1158,.T.);
#760=FACE_OUTER_BOUND('',#1159,.T.);
#761=FACE_OUTER_BOUND('',#1160,.T.);
#762=FACE_OUTER_BOUND('',#1161,.T.);
#763=FACE_OUTER_BOUND('',#1162,.T.);
#764=FACE_OUTER_BOUND('',#1163,.T.);
#765=FACE_OUTER_BOUND('',#1164,.T.);
#766=FACE_OUTER_BOUND('',#1165,.T.);
#767=FACE_OUTER_BOUND('',#1166,.T.);
#768=FACE_OUTER_BOUND('',#1167,.T.);
#769=FACE_OUTER_BOUND('',#1168,.T.);
#770=FACE_OUTER_BOUND('',#1169,.T.);
#771=FACE_OUTER_BOUND('',#1170,.T.);
#772=FACE_OUTER_BOUND('',#1171,.T.);
#773=FACE_OUTER_BOUND('',#1172,.T.);
#774=FACE_OUTER_BOUND('',#1173,.T.);
#775=FACE_OUTER_BOUND('',#1174,.T.);
#776=FACE_OUTER_BOUND('',#1175,.T.);
#777=FACE_OUTER_BOUND('',#1176,.T.);
#778=FACE_OUTER_BOUND('',#1177,.T.);
#779=FACE_OUTER_BOUND('',#1178,.T.);
#780=FACE_OUTER_BOUND('',#1179,.T.);
#781=FACE_OUTER_BOUND('',#1180,.T.);
#782=FACE_OUTER_BOUND('',#1181,.T.);
#783=FACE_OUTER_BOUND('',#1182,.T.);
#784=FACE_OUTER_BOUND('',#1183,.T.);
#785=FACE_OUTER_BOUND('',#1184,.T.);
#786=FACE_OUTER_BOUND('',#1185,.T.);
#787=FACE_OUTER_BOUND('',#1186,.T.);
#788=FACE_OUTER_BOUND('',#1187,.T.);
#789=FACE_OUTER_BOUND('',#1188,.T.);
#790=FACE_OUTER_BOUND('',#1189,.T.);
#791=FACE_OUTER_BOUND('',#1190,.T.);
#792=FACE_OUTER_BOUND('',#1191,.T.);
#793=FACE_OUTER_BOUND('',#1192,.T.);
#794=FACE_OUTER_BOUND('',#1193,.T.);
#795=FACE_OUTER_BOUND('',#1194,.T.);
#796=FACE_OUTER_BOUND('',#1195,.T.);
#797=FACE_OUTER_BOUND('',#1196,.T.);
#798=FACE_OUTER_BOUND('',#1197,.T.);
#799=FACE_OUTER_BOUND('',#1198,.T.);
#800=FACE_OUTER_BOUND('',#1199,.T.);
#801=FACE_OUTER_BOUND('',#1200,.T.);
#802=FACE_OUTER_BOUND('',#1201,.T.);
#803=FACE_OUTER_BOUND('',#1202,.T.);
#804=FACE_OUTER_BOUND('',#1203,.T.);
#805=FACE_OUTER_BOUND('',#1204,.T.);
#806=FACE_OUTER_BOUND('',#1205,.T.);
#807=FACE_OUTER_BOUND('',#1206,.T.);
#808=FACE_OUTER_BOUND('',#1207,.T.);
#809=FACE_OUTER_BOUND('',#1208,.T.);
#810=FACE_OUTER_BOUND('',#1209,.T.);
#811=FACE_OUTER_BOUND('',#1210,.T.);
#812=FACE_OUTER_BOUND('',#1211,.T.);
#813=FACE_OUTER_BOUND('',#1212,.T.);
#814=FACE_OUTER_BOUND('',#1213,.T.);
#815=FACE_OUTER_BOUND('',#1214,.T.);
#816=FACE_OUTER_BOUND('',#1215,.T.);
#817=FACE_OUTER_BOUND('',#1216,.T.);
#818=FACE_OUTER_BOUND('',#1217,.T.);
#819=FACE_OUTER_BOUND('',#1218,.T.);
#820=FACE_OUTER_BOUND('',#1219,.T.);
#821=FACE_OUTER_BOUND('',#1220,.T.);
#822=FACE_OUTER_BOUND('',#1221,.T.);
#823=FACE_OUTER_BOUND('',#1222,.T.);
#824=FACE_OUTER_BOUND('',#1223,.T.);
#825=FACE_OUTER_BOUND('',#1224,.T.);
#826=FACE_OUTER_BOUND('',#1225,.T.);
#827=FACE_OUTER_BOUND('',#1226,.T.);
#828=FACE_OUTER_BOUND('',#1227,.T.);
#829=FACE_OUTER_BOUND('',#1228,.T.);
#830=FACE_OUTER_BOUND('',#1229,.T.);
#831=FACE_OUTER_BOUND('',#1230,.T.);
#832=FACE_OUTER_BOUND('',#1231,.T.);
#833=FACE_OUTER_BOUND('',#1232,.T.);
#834=FACE_OUTER_BOUND('',#1233,.T.);
#835=FACE_OUTER_BOUND('',#1234,.T.);
#836=FACE_OUTER_BOUND('',#1235,.T.);
#837=FACE_OUTER_BOUND('',#1236,.T.);
#838=FACE_OUTER_BOUND('',#1237,.T.);
#839=FACE_OUTER_BOUND('',#1238,.T.);
#840=FACE_OUTER_BOUND('',#1239,.T.);
#841=FACE_OUTER_BOUND('',#1240,.T.);
#842=FACE_OUTER_BOUND('',#1241,.T.);
#843=FACE_OUTER_BOUND('',#1242,.T.);
#844=FACE_OUTER_BOUND('',#1243,.T.);
#845=FACE_OUTER_BOUND('',#1244,.T.);
#846=FACE_OUTER_BOUND('',#1245,.T.);
#847=FACE_OUTER_BOUND('',#1246,.T.);
#848=FACE_OUTER_BOUND('',#1247,.T.);
#849=FACE_OUTER_BOUND('',#1248,.T.);
#850=FACE_OUTER_BOUND('',#1249,.T.);
#851=FACE_OUTER_BOUND('',#1250,.T.);
#852=FACE_OUTER_BOUND('',#1251,.T.);
#853=FACE_OUTER_BOUND('',#1252,.T.);
#854=FACE_OUTER_BOUND('',#1253,.T.);
#855=FACE_OUTER_BOUND('',#1254,.T.);
#856=FACE_OUTER_BOUND('',#1255,.T.);
#857=FACE_OUTER_BOUND('',#1256,.T.);
#858=FACE_OUTER_BOUND('',#1257,.T.);
#859=FACE_OUTER_BOUND('',#1258,.T.);
#860=FACE_OUTER_BOUND('',#1259,.T.);
#861=FACE_OUTER_BOUND('',#1260,.T.);
#862=FACE_OUTER_BOUND('',#1261,.T.);
#863=FACE_OUTER_BOUND('',#1262,.T.);
#864=FACE_OUTER_BOUND('',#1263,.T.);
#865=FACE_OUTER_BOUND('',#1264,.T.);
#866=FACE_OUTER_BOUND('',#1265,.T.);
#867=FACE_OUTER_BOUND('',#1266,.T.);
#868=FACE_OUTER_BOUND('',#1267,.T.);
#869=FACE_OUTER_BOUND('',#1268,.T.);
#870=FACE_OUTER_BOUND('',#1269,.T.);
#871=FACE_OUTER_BOUND('',#1270,.T.);
#872=FACE_OUTER_BOUND('',#1271,.T.);
#873=FACE_OUTER_BOUND('',#1272,.T.);
#874=FACE_OUTER_BOUND('',#1273,.T.);
#875=FACE_OUTER_BOUND('',#1274,.T.);
#876=FACE_OUTER_BOUND('',#1275,.T.);
#877=FACE_OUTER_BOUND('',#1276,.T.);
#878=FACE_OUTER_BOUND('',#1277,.T.);
#879=FACE_OUTER_BOUND('',#1278,.T.);
#880=FACE_OUTER_BOUND('',#1279,.T.);
#881=FACE_OUTER_BOUND('',#1280,.T.);
#882=FACE_OUTER_BOUND('',#1281,.T.);
#883=FACE_OUTER_BOUND('',#1282,.T.);
#884=FACE_OUTER_BOUND('',#1283,.T.);
#885=FACE_OUTER_BOUND('',#1284,.T.);
#886=FACE_OUTER_BOUND('',#1285,.T.);
#887=FACE_OUTER_BOUND('',#1286,.T.);
#888=FACE_OUTER_BOUND('',#1287,.T.);
#889=FACE_OUTER_BOUND('',#1288,.T.);
#890=FACE_OUTER_BOUND('',#1289,.T.);
#891=FACE_OUTER_BOUND('',#1290,.T.);
#892=EDGE_LOOP('',(#4240,#4241,#4242,#4243,#4244));
#893=EDGE_LOOP('',(#4245,#4246,#4247,#4248,#4249));
#894=EDGE_LOOP('',(#4250,#4251,#4252,#4253));
#895=EDGE_LOOP('',(#4254,#4255,#4256,#4257));
#896=EDGE_LOOP('',(#4258,#4259,#4260,#4261));
#897=EDGE_LOOP('',(#4262,#4263,#4264,#4265));
#898=EDGE_LOOP('',(#4266,#4267,#4268,#4269,#4270,#4271,#4272,#4273,#4274,
#4275,#4276));
#899=EDGE_LOOP('',(#4277,#4278,#4279,#4280,#4281));
#900=EDGE_LOOP('',(#4282,#4283,#4284,#4285));
#901=EDGE_LOOP('',(#4286,#4287,#4288,#4289));
#902=EDGE_LOOP('',(#4290,#4291,#4292,#4293));
#903=EDGE_LOOP('',(#4294,#4295,#4296,#4297));
#904=EDGE_LOOP('',(#4298,#4299,#4300,#4301,#4302));
#905=EDGE_LOOP('',(#4303,#4304,#4305,#4306,#4307,#4308,#4309,#4310,#4311,
#4312,#4313));
#906=EDGE_LOOP('',(#4314,#4315,#4316,#4317,#4318));
#907=EDGE_LOOP('',(#4319,#4320,#4321,#4322,#4323));
#908=EDGE_LOOP('',(#4324,#4325,#4326,#4327));
#909=EDGE_LOOP('',(#4328,#4329,#4330,#4331));
#910=EDGE_LOOP('',(#4332,#4333,#4334,#4335));
#911=EDGE_LOOP('',(#4336,#4337,#4338,#4339));
#912=EDGE_LOOP('',(#4340,#4341,#4342,#4343));
#913=EDGE_LOOP('',(#4344,#4345,#4346,#4347,#4348,#4349,#4350,#4351,#4352,
#4353,#4354,#4355));
#914=EDGE_LOOP('',(#4356,#4357,#4358,#4359,#4360));
#915=EDGE_LOOP('',(#4361,#4362,#4363,#4364));
#916=EDGE_LOOP('',(#4365,#4366,#4367,#4368));
#917=EDGE_LOOP('',(#4369,#4370,#4371,#4372));
#918=EDGE_LOOP('',(#4373,#4374,#4375,#4376));
#919=EDGE_LOOP('',(#4377,#4378,#4379,#4380,#4381));
#920=EDGE_LOOP('',(#4382,#4383,#4384,#4385,#4386,#4387,#4388,#4389,#4390,
#4391,#4392));
#921=EDGE_LOOP('',(#4393,#4394,#4395,#4396));
#922=EDGE_LOOP('',(#4397,#4398,#4399,#4400));
#923=EDGE_LOOP('',(#4401,#4402,#4403,#4404,#4405,#4406,#4407,#4408,#4409,
#4410,#4411,#4412,#4413,#4414,#4415,#4416,#4417,#4418,#4419,#4420,#4421,
#4422,#4423,#4424,#4425,#4426,#4427,#4428,#4429));
#924=EDGE_LOOP('',(#4430,#4431,#4432,#4433));
#925=EDGE_LOOP('',(#4434,#4435,#4436,#4437));
#926=EDGE_LOOP('',(#4438,#4439,#4440,#4441,#4442,#4443,#4444,#4445));
#927=EDGE_LOOP('',(#4446,#4447,#4448,#4449));
#928=EDGE_LOOP('',(#4450,#4451,#4452));
#929=EDGE_LOOP('',(#4453,#4454,#4455));
#930=EDGE_LOOP('',(#4456,#4457,#4458));
#931=EDGE_LOOP('',(#4459,#4460,#4461));
#932=EDGE_LOOP('',(#4462,#4463,#4464));
#933=EDGE_LOOP('',(#4465,#4466,#4467,#4468));
#934=EDGE_LOOP('',(#4469,#4470,#4471));
#935=EDGE_LOOP('',(#4472,#4473,#4474));
#936=EDGE_LOOP('',(#4475,#4476,#4477,#4478));
#937=EDGE_LOOP('',(#4479,#4480,#4481));
#938=EDGE_LOOP('',(#4482,#4483,#4484,#4485));
#939=EDGE_LOOP('',(#4486,#4487,#4488,#4489));
#940=EDGE_LOOP('',(#4490,#4491,#4492,#4493));
#941=EDGE_LOOP('',(#4494,#4495,#4496,#4497));
#942=EDGE_LOOP('',(#4498,#4499,#4500,#4501));
#943=EDGE_LOOP('',(#4502,#4503,#4504,#4505));
#944=EDGE_LOOP('',(#4506,#4507,#4508,#4509));
#945=EDGE_LOOP('',(#4510,#4511,#4512,#4513));
#946=EDGE_LOOP('',(#4514,#4515,#4516,#4517));
#947=EDGE_LOOP('',(#4518,#4519,#4520,#4521));
#948=EDGE_LOOP('',(#4522,#4523,#4524,#4525));
#949=EDGE_LOOP('',(#4526,#4527,#4528,#4529));
#950=EDGE_LOOP('',(#4530,#4531,#4532,#4533));
#951=EDGE_LOOP('',(#4534,#4535,#4536,#4537,#4538,#4539,#4540,#4541));
#952=EDGE_LOOP('',(#4542,#4543,#4544,#4545));
#953=EDGE_LOOP('',(#4546,#4547,#4548,#4549));
#954=EDGE_LOOP('',(#4550,#4551,#4552,#4553,#4554,#4555,#4556,#4557));
#955=EDGE_LOOP('',(#4558,#4559,#4560,#4561));
#956=EDGE_LOOP('',(#4562,#4563,#4564,#4565,#4566,#4567,#4568,#4569));
#957=EDGE_LOOP('',(#4570,#4571,#4572,#4573,#4574,#4575,#4576,#4577));
#958=EDGE_LOOP('',(#4578,#4579,#4580,#4581));
#959=EDGE_LOOP('',(#4582,#4583,#4584,#4585));
#960=EDGE_LOOP('',(#4586,#4587,#4588,#4589));
#961=EDGE_LOOP('',(#4590,#4591,#4592,#4593));
#962=EDGE_LOOP('',(#4594,#4595,#4596,#4597));
#963=EDGE_LOOP('',(#4598,#4599,#4600,#4601));
#964=EDGE_LOOP('',(#4602,#4603,#4604,#4605));
#965=EDGE_LOOP('',(#4606,#4607,#4608,#4609));
#966=EDGE_LOOP('',(#4610,#4611,#4612,#4613));
#967=EDGE_LOOP('',(#4614,#4615,#4616,#4617));
#968=EDGE_LOOP('',(#4618,#4619,#4620,#4621,#4622,#4623,#4624,#4625,#4626));
#969=EDGE_LOOP('',(#4627,#4628,#4629,#4630,#4631,#4632,#4633,#4634,#4635));
#970=EDGE_LOOP('',(#4636,#4637,#4638,#4639));
#971=EDGE_LOOP('',(#4640,#4641,#4642,#4643));
#972=EDGE_LOOP('',(#4644,#4645,#4646,#4647));
#973=EDGE_LOOP('',(#4648,#4649,#4650,#4651));
#974=EDGE_LOOP('',(#4652,#4653,#4654,#4655));
#975=EDGE_LOOP('',(#4656,#4657,#4658,#4659));
#976=EDGE_LOOP('',(#4660,#4661,#4662,#4663));
#977=EDGE_LOOP('',(#4664,#4665,#4666,#4667));
#978=EDGE_LOOP('',(#4668,#4669,#4670,#4671));
#979=EDGE_LOOP('',(#4672,#4673,#4674,#4675,#4676,#4677,#4678,#4679,#4680));
#980=EDGE_LOOP('',(#4681,#4682,#4683,#4684,#4685,#4686,#4687,#4688,#4689));
#981=EDGE_LOOP('',(#4690,#4691,#4692,#4693));
#982=EDGE_LOOP('',(#4694,#4695,#4696,#4697));
#983=EDGE_LOOP('',(#4698,#4699,#4700,#4701));
#984=EDGE_LOOP('',(#4702,#4703,#4704,#4705));
#985=EDGE_LOOP('',(#4706,#4707,#4708,#4709));
#986=EDGE_LOOP('',(#4710,#4711,#4712,#4713));
#987=EDGE_LOOP('',(#4714,#4715,#4716,#4717));
#988=EDGE_LOOP('',(#4718,#4719,#4720,#4721));
#989=EDGE_LOOP('',(#4722,#4723,#4724,#4725));
#990=EDGE_LOOP('',(#4726,#4727,#4728,#4729,#4730,#4731,#4732,#4733,#4734));
#991=EDGE_LOOP('',(#4735,#4736,#4737,#4738,#4739,#4740,#4741,#4742,#4743));
#992=EDGE_LOOP('',(#4744,#4745,#4746,#4747));
#993=EDGE_LOOP('',(#4748,#4749,#4750,#4751));
#994=EDGE_LOOP('',(#4752,#4753,#4754,#4755));
#995=EDGE_LOOP('',(#4756,#4757,#4758,#4759));
#996=EDGE_LOOP('',(#4760,#4761,#4762,#4763));
#997=EDGE_LOOP('',(#4764,#4765,#4766,#4767));
#998=EDGE_LOOP('',(#4768,#4769,#4770,#4771));
#999=EDGE_LOOP('',(#4772,#4773,#4774,#4775));
#1000=EDGE_LOOP('',(#4776,#4777,#4778,#4779));
#1001=EDGE_LOOP('',(#4780,#4781,#4782,#4783));
#1002=EDGE_LOOP('',(#4784,#4785,#4786,#4787,#4788,#4789,#4790,#4791,#4792,
#4793));
#1003=EDGE_LOOP('',(#4794,#4795,#4796,#4797,#4798,#4799,#4800,#4801,#4802,
#4803));
#1004=EDGE_LOOP('',(#4804,#4805,#4806,#4807));
#1005=EDGE_LOOP('',(#4808,#4809,#4810,#4811));
#1006=EDGE_LOOP('',(#4812,#4813,#4814,#4815));
#1007=EDGE_LOOP('',(#4816,#4817,#4818,#4819));
#1008=EDGE_LOOP('',(#4820,#4821,#4822,#4823));
#1009=EDGE_LOOP('',(#4824,#4825,#4826,#4827));
#1010=EDGE_LOOP('',(#4828,#4829,#4830,#4831));
#1011=EDGE_LOOP('',(#4832,#4833,#4834,#4835));
#1012=EDGE_LOOP('',(#4836,#4837,#4838,#4839,#4840,#4841,#4842,#4843));
#1013=EDGE_LOOP('',(#4844,#4845,#4846,#4847,#4848,#4849,#4850,#4851));
#1014=EDGE_LOOP('',(#4852,#4853,#4854,#4855));
#1015=EDGE_LOOP('',(#4856,#4857,#4858,#4859));
#1016=EDGE_LOOP('',(#4860,#4861,#4862,#4863));
#1017=EDGE_LOOP('',(#4864,#4865,#4866,#4867,#4868,#4869,#4870));
#1018=EDGE_LOOP('',(#4871,#4872,#4873,#4874));
#1019=EDGE_LOOP('',(#4875,#4876,#4877,#4878));
#1020=EDGE_LOOP('',(#4879,#4880,#4881,#4882));
#1021=EDGE_LOOP('',(#4883,#4884,#4885,#4886));
#1022=EDGE_LOOP('',(#4887,#4888,#4889,#4890,#4891,#4892,#4893));
#1023=EDGE_LOOP('',(#4894,#4895,#4896,#4897));
#1024=EDGE_LOOP('',(#4898,#4899,#4900,#4901));
#1025=EDGE_LOOP('',(#4902,#4903,#4904,#4905));
#1026=EDGE_LOOP('',(#4906,#4907,#4908,#4909));
#1027=EDGE_LOOP('',(#4910,#4911,#4912,#4913));
#1028=EDGE_LOOP('',(#4914,#4915,#4916,#4917));
#1029=EDGE_LOOP('',(#4918,#4919,#4920,#4921));
#1030=EDGE_LOOP('',(#4922,#4923,#4924));
#1031=EDGE_LOOP('',(#4925,#4926,#4927,#4928));
#1032=EDGE_LOOP('',(#4929,#4930,#4931));
#1033=EDGE_LOOP('',(#4932,#4933,#4934,#4935));
#1034=EDGE_LOOP('',(#4936,#4937,#4938,#4939));
#1035=EDGE_LOOP('',(#4940,#4941,#4942,#4943));
#1036=EDGE_LOOP('',(#4944,#4945,#4946,#4947));
#1037=EDGE_LOOP('',(#4948,#4949,#4950,#4951));
#1038=EDGE_LOOP('',(#4952,#4953,#4954,#4955));
#1039=EDGE_LOOP('',(#4956,#4957,#4958,#4959));
#1040=EDGE_LOOP('',(#4960,#4961,#4962,#4963));
#1041=EDGE_LOOP('',(#4964,#4965,#4966,#4967));
#1042=EDGE_LOOP('',(#4968,#4969,#4970,#4971));
#1043=EDGE_LOOP('',(#4972,#4973,#4974,#4975));
#1044=EDGE_LOOP('',(#4976,#4977,#4978,#4979));
#1045=EDGE_LOOP('',(#4980,#4981,#4982,#4983));
#1046=EDGE_LOOP('',(#4984,#4985,#4986,#4987));
#1047=EDGE_LOOP('',(#4988,#4989,#4990,#4991));
#1048=EDGE_LOOP('',(#4992,#4993,#4994,#4995));
#1049=EDGE_LOOP('',(#4996,#4997,#4998,#4999));
#1050=EDGE_LOOP('',(#5000,#5001,#5002,#5003));
#1051=EDGE_LOOP('',(#5004,#5005,#5006,#5007));
#1052=EDGE_LOOP('',(#5008,#5009,#5010,#5011));
#1053=EDGE_LOOP('',(#5012,#5013,#5014,#5015));
#1054=EDGE_LOOP('',(#5016,#5017,#5018,#5019));
#1055=EDGE_LOOP('',(#5020,#5021,#5022,#5023));
#1056=EDGE_LOOP('',(#5024,#5025,#5026,#5027));
#1057=EDGE_LOOP('',(#5028,#5029,#5030,#5031));
#1058=EDGE_LOOP('',(#5032,#5033,#5034,#5035));
#1059=EDGE_LOOP('',(#5036,#5037,#5038,#5039));
#1060=EDGE_LOOP('',(#5040,#5041,#5042,#5043));
#1061=EDGE_LOOP('',(#5044,#5045,#5046,#5047));
#1062=EDGE_LOOP('',(#5048,#5049,#5050,#5051,#5052));
#1063=EDGE_LOOP('',(#5053,#5054,#5055,#5056));
#1064=EDGE_LOOP('',(#5057,#5058,#5059,#5060,#5061));
#1065=EDGE_LOOP('',(#5062,#5063,#5064,#5065));
#1066=EDGE_LOOP('',(#5066,#5067,#5068,#5069));
#1067=EDGE_LOOP('',(#5070,#5071,#5072,#5073));
#1068=EDGE_LOOP('',(#5074,#5075,#5076,#5077));
#1069=EDGE_LOOP('',(#5078,#5079,#5080,#5081));
#1070=EDGE_LOOP('',(#5082,#5083,#5084,#5085));
#1071=EDGE_LOOP('',(#5086,#5087,#5088,#5089));
#1072=EDGE_LOOP('',(#5090,#5091,#5092,#5093));
#1073=EDGE_LOOP('',(#5094,#5095,#5096,#5097));
#1074=EDGE_LOOP('',(#5098,#5099,#5100,#5101));
#1075=EDGE_LOOP('',(#5102,#5103,#5104,#5105));
#1076=EDGE_LOOP('',(#5106,#5107,#5108,#5109));
#1077=EDGE_LOOP('',(#5110,#5111,#5112,#5113));
#1078=EDGE_LOOP('',(#5114,#5115,#5116,#5117));
#1079=EDGE_LOOP('',(#5118,#5119,#5120,#5121));
#1080=EDGE_LOOP('',(#5122,#5123,#5124,#5125));
#1081=EDGE_LOOP('',(#5126,#5127,#5128,#5129));
#1082=EDGE_LOOP('',(#5130,#5131,#5132,#5133));
#1083=EDGE_LOOP('',(#5134,#5135,#5136,#5137));
#1084=EDGE_LOOP('',(#5138,#5139,#5140,#5141));
#1085=EDGE_LOOP('',(#5142,#5143,#5144,#5145));
#1086=EDGE_LOOP('',(#5146,#5147,#5148,#5149));
#1087=EDGE_LOOP('',(#5150,#5151,#5152,#5153));
#1088=EDGE_LOOP('',(#5154,#5155,#5156,#5157));
#1089=EDGE_LOOP('',(#5158,#5159,#5160,#5161));
#1090=EDGE_LOOP('',(#5162,#5163,#5164,#5165));
#1091=EDGE_LOOP('',(#5166,#5167,#5168,#5169));
#1092=EDGE_LOOP('',(#5170,#5171,#5172,#5173));
#1093=EDGE_LOOP('',(#5174,#5175,#5176,#5177));
#1094=EDGE_LOOP('',(#5178,#5179,#5180,#5181));
#1095=EDGE_LOOP('',(#5182,#5183,#5184,#5185));
#1096=EDGE_LOOP('',(#5186,#5187,#5188,#5189));
#1097=EDGE_LOOP('',(#5190,#5191,#5192,#5193));
#1098=EDGE_LOOP('',(#5194,#5195,#5196,#5197));
#1099=EDGE_LOOP('',(#5198,#5199,#5200,#5201));
#1100=EDGE_LOOP('',(#5202,#5203,#5204,#5205));
#1101=EDGE_LOOP('',(#5206,#5207,#5208,#5209));
#1102=EDGE_LOOP('',(#5210,#5211,#5212,#5213));
#1103=EDGE_LOOP('',(#5214,#5215,#5216,#5217));
#1104=EDGE_LOOP('',(#5218,#5219,#5220,#5221));
#1105=EDGE_LOOP('',(#5222,#5223,#5224,#5225));
#1106=EDGE_LOOP('',(#5226,#5227,#5228,#5229));
#1107=EDGE_LOOP('',(#5230,#5231,#5232,#5233));
#1108=EDGE_LOOP('',(#5234,#5235,#5236,#5237));
#1109=EDGE_LOOP('',(#5238,#5239,#5240,#5241));
#1110=EDGE_LOOP('',(#5242,#5243,#5244,#5245));
#1111=EDGE_LOOP('',(#5246,#5247,#5248,#5249));
#1112=EDGE_LOOP('',(#5250,#5251,#5252,#5253));
#1113=EDGE_LOOP('',(#5254,#5255,#5256,#5257));
#1114=EDGE_LOOP('',(#5258,#5259,#5260,#5261));
#1115=EDGE_LOOP('',(#5262,#5263,#5264,#5265));
#1116=EDGE_LOOP('',(#5266,#5267,#5268,#5269));
#1117=EDGE_LOOP('',(#5270,#5271,#5272,#5273));
#1118=EDGE_LOOP('',(#5274,#5275,#5276,#5277));
#1119=EDGE_LOOP('',(#5278,#5279,#5280,#5281));
#1120=EDGE_LOOP('',(#5282,#5283,#5284,#5285));
#1121=EDGE_LOOP('',(#5286,#5287,#5288,#5289));
#1122=EDGE_LOOP('',(#5290,#5291,#5292));
#1123=EDGE_LOOP('',(#5293,#5294,#5295));
#1124=EDGE_LOOP('',(#5296,#5297,#5298,#5299));
#1125=EDGE_LOOP('',(#5300,#5301,#5302,#5303));
#1126=EDGE_LOOP('',(#5304,#5305,#5306,#5307));
#1127=EDGE_LOOP('',(#5308,#5309,#5310,#5311));
#1128=EDGE_LOOP('',(#5312,#5313,#5314,#5315));
#1129=EDGE_LOOP('',(#5316,#5317,#5318,#5319));
#1130=EDGE_LOOP('',(#5320,#5321,#5322,#5323));
#1131=EDGE_LOOP('',(#5324,#5325,#5326,#5327));
#1132=EDGE_LOOP('',(#5328,#5329,#5330,#5331));
#1133=EDGE_LOOP('',(#5332,#5333,#5334,#5335));
#1134=EDGE_LOOP('',(#5336,#5337,#5338,#5339));
#1135=EDGE_LOOP('',(#5340,#5341,#5342,#5343));
#1136=EDGE_LOOP('',(#5344,#5345,#5346,#5347));
#1137=EDGE_LOOP('',(#5348,#5349,#5350,#5351));
#1138=EDGE_LOOP('',(#5352,#5353,#5354,#5355));
#1139=EDGE_LOOP('',(#5356,#5357,#5358,#5359));
#1140=EDGE_LOOP('',(#5360,#5361,#5362,#5363));
#1141=EDGE_LOOP('',(#5364,#5365,#5366,#5367));
#1142=EDGE_LOOP('',(#5368,#5369,#5370,#5371));
#1143=EDGE_LOOP('',(#5372,#5373,#5374,#5375));
#1144=EDGE_LOOP('',(#5376,#5377,#5378,#5379));
#1145=EDGE_LOOP('',(#5380,#5381,#5382,#5383));
#1146=EDGE_LOOP('',(#5384,#5385,#5386,#5387));
#1147=EDGE_LOOP('',(#5388,#5389,#5390,#5391));
#1148=EDGE_LOOP('',(#5392,#5393,#5394,#5395));
#1149=EDGE_LOOP('',(#5396,#5397,#5398,#5399));
#1150=EDGE_LOOP('',(#5400,#5401,#5402,#5403));
#1151=EDGE_LOOP('',(#5404,#5405,#5406,#5407));
#1152=EDGE_LOOP('',(#5408,#5409,#5410,#5411));
#1153=EDGE_LOOP('',(#5412,#5413,#5414,#5415));
#1154=EDGE_LOOP('',(#5416,#5417,#5418,#5419));
#1155=EDGE_LOOP('',(#5420,#5421,#5422,#5423));
#1156=EDGE_LOOP('',(#5424,#5425,#5426,#5427));
#1157=EDGE_LOOP('',(#5428,#5429,#5430,#5431));
#1158=EDGE_LOOP('',(#5432,#5433,#5434,#5435));
#1159=EDGE_LOOP('',(#5436,#5437,#5438,#5439));
#1160=EDGE_LOOP('',(#5440,#5441,#5442,#5443));
#1161=EDGE_LOOP('',(#5444,#5445,#5446,#5447));
#1162=EDGE_LOOP('',(#5448,#5449,#5450,#5451));
#1163=EDGE_LOOP('',(#5452,#5453,#5454,#5455));
#1164=EDGE_LOOP('',(#5456,#5457,#5458,#5459));
#1165=EDGE_LOOP('',(#5460,#5461,#5462,#5463));
#1166=EDGE_LOOP('',(#5464,#5465,#5466,#5467));
#1167=EDGE_LOOP('',(#5468,#5469,#5470,#5471));
#1168=EDGE_LOOP('',(#5472,#5473,#5474,#5475));
#1169=EDGE_LOOP('',(#5476,#5477,#5478,#5479));
#1170=EDGE_LOOP('',(#5480,#5481,#5482,#5483));
#1171=EDGE_LOOP('',(#5484,#5485,#5486,#5487));
#1172=EDGE_LOOP('',(#5488,#5489,#5490,#5491));
#1173=EDGE_LOOP('',(#5492,#5493,#5494,#5495));
#1174=EDGE_LOOP('',(#5496,#5497,#5498,#5499));
#1175=EDGE_LOOP('',(#5500,#5501,#5502,#5503));
#1176=EDGE_LOOP('',(#5504,#5505,#5506,#5507));
#1177=EDGE_LOOP('',(#5508,#5509,#5510,#5511));
#1178=EDGE_LOOP('',(#5512,#5513,#5514,#5515));
#1179=EDGE_LOOP('',(#5516,#5517,#5518,#5519));
#1180=EDGE_LOOP('',(#5520,#5521,#5522,#5523));
#1181=EDGE_LOOP('',(#5524,#5525,#5526,#5527));
#1182=EDGE_LOOP('',(#5528,#5529,#5530,#5531));
#1183=EDGE_LOOP('',(#5532,#5533,#5534,#5535));
#1184=EDGE_LOOP('',(#5536,#5537,#5538,#5539));
#1185=EDGE_LOOP('',(#5540,#5541,#5542,#5543));
#1186=EDGE_LOOP('',(#5544,#5545,#5546,#5547));
#1187=EDGE_LOOP('',(#5548,#5549,#5550,#5551));
#1188=EDGE_LOOP('',(#5552,#5553,#5554,#5555));
#1189=EDGE_LOOP('',(#5556,#5557,#5558,#5559));
#1190=EDGE_LOOP('',(#5560,#5561,#5562,#5563));
#1191=EDGE_LOOP('',(#5564,#5565,#5566,#5567));
#1192=EDGE_LOOP('',(#5568,#5569,#5570,#5571));
#1193=EDGE_LOOP('',(#5572,#5573,#5574,#5575));
#1194=EDGE_LOOP('',(#5576,#5577,#5578,#5579));
#1195=EDGE_LOOP('',(#5580,#5581,#5582,#5583));
#1196=EDGE_LOOP('',(#5584,#5585,#5586,#5587));
#1197=EDGE_LOOP('',(#5588,#5589,#5590,#5591));
#1198=EDGE_LOOP('',(#5592,#5593,#5594,#5595));
#1199=EDGE_LOOP('',(#5596,#5597,#5598,#5599));
#1200=EDGE_LOOP('',(#5600,#5601,#5602,#5603));
#1201=EDGE_LOOP('',(#5604,#5605,#5606,#5607));
#1202=EDGE_LOOP('',(#5608,#5609,#5610,#5611));
#1203=EDGE_LOOP('',(#5612,#5613,#5614,#5615));
#1204=EDGE_LOOP('',(#5616,#5617,#5618,#5619));
#1205=EDGE_LOOP('',(#5620,#5621,#5622,#5623));
#1206=EDGE_LOOP('',(#5624,#5625,#5626,#5627));
#1207=EDGE_LOOP('',(#5628,#5629,#5630,#5631,#5632,#5633,#5634));
#1208=EDGE_LOOP('',(#5635,#5636,#5637,#5638));
#1209=EDGE_LOOP('',(#5639,#5640,#5641,#5642,#5643,#5644,#5645));
#1210=EDGE_LOOP('',(#5646,#5647,#5648,#5649));
#1211=EDGE_LOOP('',(#5650,#5651,#5652,#5653));
#1212=EDGE_LOOP('',(#5654,#5655,#5656,#5657));
#1213=EDGE_LOOP('',(#5658,#5659,#5660,#5661));
#1214=EDGE_LOOP('',(#5662,#5663,#5664,#5665));
#1215=EDGE_LOOP('',(#5666,#5667,#5668,#5669));
#1216=EDGE_LOOP('',(#5670,#5671,#5672,#5673));
#1217=EDGE_LOOP('',(#5674,#5675,#5676,#5677));
#1218=EDGE_LOOP('',(#5678,#5679,#5680,#5681));
#1219=EDGE_LOOP('',(#5682,#5683,#5684,#5685));
#1220=EDGE_LOOP('',(#5686,#5687,#5688,#5689));
#1221=EDGE_LOOP('',(#5690,#5691,#5692,#5693,#5694));
#1222=EDGE_LOOP('',(#5695,#5696,#5697,#5698));
#1223=EDGE_LOOP('',(#5699,#5700,#5701,#5702,#5703));
#1224=EDGE_LOOP('',(#5704,#5705,#5706,#5707));
#1225=EDGE_LOOP('',(#5708,#5709,#5710,#5711));
#1226=EDGE_LOOP('',(#5712,#5713,#5714,#5715));
#1227=EDGE_LOOP('',(#5716,#5717,#5718,#5719));
#1228=EDGE_LOOP('',(#5720,#5721,#5722,#5723));
#1229=EDGE_LOOP('',(#5724,#5725,#5726,#5727));
#1230=EDGE_LOOP('',(#5728,#5729,#5730,#5731));
#1231=EDGE_LOOP('',(#5732,#5733,#5734,#5735));
#1232=EDGE_LOOP('',(#5736,#5737,#5738,#5739));
#1233=EDGE_LOOP('',(#5740,#5741,#5742,#5743));
#1234=EDGE_LOOP('',(#5744,#5745,#5746,#5747));
#1235=EDGE_LOOP('',(#5748,#5749,#5750,#5751));
#1236=EDGE_LOOP('',(#5752,#5753,#5754,#5755));
#1237=EDGE_LOOP('',(#5756,#5757,#5758,#5759));
#1238=EDGE_LOOP('',(#5760,#5761,#5762,#5763));
#1239=EDGE_LOOP('',(#5764,#5765,#5766,#5767));
#1240=EDGE_LOOP('',(#5768,#5769,#5770,#5771));
#1241=EDGE_LOOP('',(#5772,#5773,#5774,#5775));
#1242=EDGE_LOOP('',(#5776,#5777,#5778,#5779));
#1243=EDGE_LOOP('',(#5780,#5781,#5782,#5783));
#1244=EDGE_LOOP('',(#5784,#5785,#5786,#5787));
#1245=EDGE_LOOP('',(#5788,#5789,#5790,#5791));
#1246=EDGE_LOOP('',(#5792,#5793,#5794,#5795));
#1247=EDGE_LOOP('',(#5796,#5797,#5798,#5799));
#1248=EDGE_LOOP('',(#5800,#5801,#5802,#5803));
#1249=EDGE_LOOP('',(#5804,#5805,#5806,#5807));
#1250=EDGE_LOOP('',(#5808,#5809,#5810,#5811));
#1251=EDGE_LOOP('',(#5812,#5813,#5814,#5815));
#1252=EDGE_LOOP('',(#5816,#5817,#5818,#5819));
#1253=EDGE_LOOP('',(#5820,#5821,#5822,#5823));
#1254=EDGE_LOOP('',(#5824,#5825,#5826,#5827));
#1255=EDGE_LOOP('',(#5828,#5829,#5830,#5831));
#1256=EDGE_LOOP('',(#5832,#5833,#5834,#5835));
#1257=EDGE_LOOP('',(#5836,#5837,#5838,#5839));
#1258=EDGE_LOOP('',(#5840,#5841,#5842,#5843));
#1259=EDGE_LOOP('',(#5844,#5845,#5846,#5847));
#1260=EDGE_LOOP('',(#5848,#5849,#5850,#5851));
#1261=EDGE_LOOP('',(#5852,#5853,#5854,#5855));
#1262=EDGE_LOOP('',(#5856,#5857,#5858,#5859));
#1263=EDGE_LOOP('',(#5860,#5861,#5862,#5863));
#1264=EDGE_LOOP('',(#5864,#5865,#5866,#5867));
#1265=EDGE_LOOP('',(#5868,#5869,#5870,#5871));
#1266=EDGE_LOOP('',(#5872,#5873,#5874,#5875));
#1267=EDGE_LOOP('',(#5876,#5877,#5878,#5879));
#1268=EDGE_LOOP('',(#5880,#5881,#5882,#5883));
#1269=EDGE_LOOP('',(#5884,#5885,#5886,#5887));
#1270=EDGE_LOOP('',(#5888,#5889,#5890,#5891));
#1271=EDGE_LOOP('',(#5892,#5893,#5894,#5895));
#1272=EDGE_LOOP('',(#5896,#5897,#5898,#5899));
#1273=EDGE_LOOP('',(#5900,#5901,#5902,#5903));
#1274=EDGE_LOOP('',(#5904,#5905,#5906,#5907));
#1275=EDGE_LOOP('',(#5908,#5909,#5910,#5911));
#1276=EDGE_LOOP('',(#5912,#5913,#5914,#5915));
#1277=EDGE_LOOP('',(#5916,#5917,#5918,#5919));
#1278=EDGE_LOOP('',(#5920,#5921,#5922,#5923,#5924,#5925));
#1279=EDGE_LOOP('',(#5926,#5927));
#1280=EDGE_LOOP('',(#5928,#5929));
#1281=EDGE_LOOP('',(#5930,#5931,#5932,#5933));
#1282=EDGE_LOOP('',(#5934,#5935,#5936,#5937));
#1283=EDGE_LOOP('',(#5938,#5939,#5940,#5941));
#1284=EDGE_LOOP('',(#5942,#5943,#5944,#5945));
#1285=EDGE_LOOP('',(#5946,#5947,#5948,#5949));
#1286=EDGE_LOOP('',(#5950,#5951,#5952,#5953));
#1287=EDGE_LOOP('',(#5954,#5955,#5956,#5957));
#1288=EDGE_LOOP('',(#5958,#5959,#5960,#5961));
#1289=EDGE_LOOP('',(#5962,#5963,#5964,#5965,#5966,#5967,#5968,#5969));
#1290=EDGE_LOOP('',(#5970,#5971,#5972,#5973,#5974,#5975,#5976,#5977));
#1291=CIRCLE('',#6626,0.195);
#1292=CIRCLE('',#6627,0.195);
#1293=CIRCLE('',#6629,0.195);
#1294=CIRCLE('',#6630,0.195);
#1295=CIRCLE('',#6636,0.015);
#1296=CIRCLE('',#6637,0.125);
#1297=CIRCLE('',#6638,0.015);
#1298=CIRCLE('',#6640,0.195);
#1299=CIRCLE('',#6641,0.195);
#1300=CIRCLE('',#6647,0.195);
#1301=CIRCLE('',#6648,0.195);
#1302=CIRCLE('',#6650,0.015);
#1303=CIRCLE('',#6651,0.125);
#1304=CIRCLE('',#6652,0.015);
#1305=CIRCLE('',#6654,0.194999999909022);
#1306=CIRCLE('',#6655,0.194999999909022);
#1307=CIRCLE('',#6657,0.194999999909022);
#1308=CIRCLE('',#6658,0.194999999909022);
#1309=CIRCLE('',#6665,0.015);
#1310=CIRCLE('',#6666,0.125);
#1311=CIRCLE('',#6667,0.015);
#1312=CIRCLE('',#6669,0.195);
#1313=CIRCLE('',#6670,0.195);
#1314=CIRCLE('',#6676,0.195);
#1315=CIRCLE('',#6677,0.195);
#1316=CIRCLE('',#6679,0.015);
#1317=CIRCLE('',#6680,0.125);
#1318=CIRCLE('',#6681,0.015);
#1319=CIRCLE('',#6683,0.0149999999999999);
#1320=CIRCLE('',#6690,0.015);
#1321=CIRCLE('',#6692,0.0150000000000001);
#1322=CIRCLE('',#6693,0.015);
#1323=CIRCLE('',#6694,0.015);
#1324=CIRCLE('',#6696,0.0149999999999997);
#1325=CIRCLE('',#6697,0.015);
#1326=CIRCLE('',#6699,0.015);
#1327=CIRCLE('',#6700,0.015);
#1328=CIRCLE('',#6702,0.0149999999999999);
#1329=CIRCLE('',#6703,0.015);
#1330=CIRCLE('',#6704,0.015);
#1331=CIRCLE('',#6706,0.0149999999999999);
#1332=CIRCLE('',#6707,0.015);
#1333=CIRCLE('',#6708,0.015);
#1334=CIRCLE('',#6711,0.0149999999999999);
#1335=CIRCLE('',#6712,0.0149999999999999);
#1336=CIRCLE('',#6713,0.015);
#1337=CIRCLE('',#6715,0.015);
#1338=CIRCLE('',#6716,0.0149999999999999);
#1339=CIRCLE('',#6717,0.015);
#1340=CIRCLE('',#6720,0.0149999999999999);
#1341=CIRCLE('',#6721,0.015);
#1342=CIRCLE('',#6722,0.015);
#1343=CIRCLE('',#6726,0.14);
#1344=CIRCLE('',#6727,0.125);
#1345=CIRCLE('',#6732,0.14);
#1346=CIRCLE('',#6733,0.125);
#1347=CIRCLE('',#6736,0.14);
#1348=CIRCLE('',#6737,0.125);
#1349=CIRCLE('',#6741,0.14);
#1350=CIRCLE('',#6742,0.125);
#1351=CIRCLE('',#6755,0.195);
#1352=CIRCLE('',#6756,0.195);
#1353=CIRCLE('',#6759,0.125000000010421);
#1354=CIRCLE('',#6760,0.125000000010421);
#1355=CIRCLE('',#6763,0.195);
#1356=CIRCLE('',#6764,0.195);
#1357=CIRCLE('',#6772,0.125);
#1358=CIRCLE('',#6773,0.125);
#1359=CIRCLE('',#6776,0.195);
#1360=CIRCLE('',#6777,0.195);
#1361=CIRCLE('',#6783,0.195);
#1362=CIRCLE('',#6784,0.195);
#1363=CIRCLE('',#6791,0.195);
#1364=CIRCLE('',#6792,0.195);
#1365=CIRCLE('',#6795,0.125);
#1366=CIRCLE('',#6796,0.125);
#1367=CIRCLE('',#6799,0.195);
#1368=CIRCLE('',#6800,0.195);
#1369=CIRCLE('',#6808,0.194999999909022);
#1370=CIRCLE('',#6809,0.194999999909022);
#1371=CIRCLE('',#6812,0.125);
#1372=CIRCLE('',#6813,0.125);
#1373=CIRCLE('',#6816,0.194999999909022);
#1374=CIRCLE('',#6817,0.194999999909022);
#1375=CIRCLE('',#6825,0.236076478104031);
#1376=CIRCLE('',#6826,0.236076478104031);
#1377=CIRCLE('',#6829,0.236076478104031);
#1378=CIRCLE('',#6830,0.236076478104031);
#1379=CIRCLE('',#6833,0.236076478104031);
#1380=CIRCLE('',#6834,0.236076478104031);
#1381=CIRCLE('',#6837,0.236076478104031);
#1382=CIRCLE('',#6838,0.236076478104031);
#1383=CIRCLE('',#7077,0.0618808777992172);
#1384=CIRCLE('',#7078,0.0618808777992172);
#1385=CIRCLE('',#7079,0.0618808777992172);
#1386=CIRCLE('',#7080,0.0618808777992172);
#1387=CIRCLE('',#7085,0.05);
#1388=CIRCLE('',#7086,0.05);
#1389=CIRCLE('',#7088,0.186076478104031);
#1390=CIRCLE('',#7089,0.0499999999999751);
#1391=CIRCLE('',#7090,0.136076478104031);
#1392=CIRCLE('',#7092,0.05);
#1393=CIRCLE('',#7094,0.186076478104031);
#1394=CIRCLE('',#7095,0.0499999999999916);
#1395=CIRCLE('',#7096,0.136076478104031);
#1396=CIRCLE('',#7098,0.0500000000000002);
#1397=CIRCLE('',#7100,0.186076478104031);
#1398=CIRCLE('',#7101,0.0499999999999751);
#1399=CIRCLE('',#7102,0.136076478104031);
#1400=CIRCLE('',#7104,0.05);
#1401=CIRCLE('',#7106,0.186076478104031);
#1402=CIRCLE('',#7107,0.136076478104031);
#1403=LINE('',#8754,#2042);
#1404=LINE('',#8758,#2043);
#1405=LINE('',#8776,#2044);
#1406=LINE('',#8779,#2045);
#1407=LINE('',#8782,#2046);
#1408=LINE('',#8784,#2047);
#1409=LINE('',#8785,#2048);
#1410=LINE('',#8788,#2049);
#1411=LINE('',#8790,#2050);
#1412=LINE('',#8791,#2051);
#1413=LINE('',#8794,#2052);
#1414=LINE('',#8796,#2053);
#1415=LINE('',#8797,#2054);
#1416=LINE('',#8799,#2055);
#1417=LINE('',#8800,#2056);
#1418=LINE('',#8809,#2057);
#1419=LINE('',#8810,#2058);
#1420=LINE('',#8827,#2059);
#1421=LINE('',#8830,#2060);
#1422=LINE('',#8833,#2061);
#1423=LINE('',#8835,#2062);
#1424=LINE('',#8836,#2063);
#1425=LINE('',#8839,#2064);
#1426=LINE('',#8841,#2065);
#1427=LINE('',#8842,#2066);
#1428=LINE('',#8845,#2067);
#1429=LINE('',#8847,#2068);
#1430=LINE('',#8848,#2069);
#1431=LINE('',#8851,#2070);
#1432=LINE('',#8853,#2071);
#1433=LINE('',#8854,#2072);
#1434=LINE('',#8869,#2073);
#1435=LINE('',#8880,#2074);
#1436=LINE('',#8881,#2075);
#1437=LINE('',#8896,#2076);
#1438=LINE('',#8900,#2077);
#1439=LINE('',#8918,#2078);
#1440=LINE('',#8921,#2079);
#1441=LINE('',#8924,#2080);
#1442=LINE('',#8926,#2081);
#1443=LINE('',#8927,#2082);
#1444=LINE('',#8930,#2083);
#1445=LINE('',#8932,#2084);
#1446=LINE('',#8933,#2085);
#1447=LINE('',#8936,#2086);
#1448=LINE('',#8938,#2087);
#1449=LINE('',#8939,#2088);
#1450=LINE('',#8942,#2089);
#1451=LINE('',#8944,#2090);
#1452=LINE('',#8945,#2091);
#1453=LINE('',#8947,#2092);
#1454=LINE('',#8948,#2093);
#1455=LINE('',#8957,#2094);
#1456=LINE('',#8958,#2095);
#1457=LINE('',#8975,#2096);
#1458=LINE('',#8978,#2097);
#1459=LINE('',#8981,#2098);
#1460=LINE('',#8983,#2099);
#1461=LINE('',#8984,#2100);
#1462=LINE('',#8987,#2101);
#1463=LINE('',#8989,#2102);
#1464=LINE('',#8990,#2103);
#1465=LINE('',#8993,#2104);
#1466=LINE('',#8995,#2105);
#1467=LINE('',#8996,#2106);
#1468=LINE('',#8999,#2107);
#1469=LINE('',#9001,#2108);
#1470=LINE('',#9002,#2109);
#1471=LINE('',#9017,#2110);
#1472=LINE('',#9028,#2111);
#1473=LINE('',#9029,#2112);
#1474=LINE('',#9032,#2113);
#1475=LINE('',#9035,#2114);
#1476=LINE('',#9037,#2115);
#1477=LINE('',#9038,#2116);
#1478=LINE('',#9040,#2117);
#1479=LINE('',#9041,#2118);
#1480=LINE('',#9042,#2119);
#1481=LINE('',#9044,#2120);
#1482=LINE('',#9046,#2121);
#1483=LINE('',#9049,#2122);
#1484=LINE('',#9050,#2123);
#1485=LINE('',#9053,#2124);
#1486=LINE('',#9056,#2125);
#1487=LINE('',#9086,#2126);
#1488=LINE('',#9087,#2127);
#1489=LINE('',#9103,#2128);
#1490=LINE('',#9112,#2129);
#1491=LINE('',#9113,#2130);
#1492=LINE('',#9115,#2131);
#1493=LINE('',#9116,#2132);
#1494=LINE('',#9121,#2133);
#1495=LINE('',#9122,#2134);
#1496=LINE('',#9124,#2135);
#1497=LINE('',#9125,#2136);
#1498=LINE('',#9127,#2137);
#1499=LINE('',#9128,#2138);
#1500=LINE('',#9133,#2139);
#1501=LINE('',#9134,#2140);
#1502=LINE('',#9139,#2141);
#1503=LINE('',#9140,#2142);
#1504=LINE('',#9142,#2143);
#1505=LINE('',#9147,#2144);
#1506=LINE('',#9160,#2145);
#1507=LINE('',#9162,#2146);
#1508=LINE('',#9164,#2147);
#1509=LINE('',#9165,#2148);
#1510=LINE('',#9171,#2149);
#1511=LINE('',#9174,#2150);
#1512=LINE('',#9176,#2151);
#1513=LINE('',#9177,#2152);
#1514=LINE('',#9183,#2153);
#1515=LINE('',#9186,#2154);
#1516=LINE('',#9188,#2155);
#1517=LINE('',#9189,#2156);
#1518=LINE('',#9195,#2157);
#1519=LINE('',#9198,#2158);
#1520=LINE('',#9200,#2159);
#1521=LINE('',#9201,#2160);
#1522=LINE('',#9204,#2161);
#1523=LINE('',#9206,#2162);
#1524=LINE('',#9207,#2163);
#1525=LINE('',#9209,#2164);
#1526=LINE('',#9210,#2165);
#1527=LINE('',#9216,#2166);
#1528=LINE('',#9218,#2167);
#1529=LINE('',#9220,#2168);
#1530=LINE('',#9221,#2169);
#1531=LINE('',#9227,#2170);
#1532=LINE('',#9230,#2171);
#1533=LINE('',#9232,#2172);
#1534=LINE('',#9233,#2173);
#1535=LINE('',#9239,#2174);
#1536=LINE('',#9242,#2175);
#1537=LINE('',#9244,#2176);
#1538=LINE('',#9245,#2177);
#1539=LINE('',#9248,#2178);
#1540=LINE('',#9250,#2179);
#1541=LINE('',#9251,#2180);
#1542=LINE('',#9254,#2181);
#1543=LINE('',#9256,#2182);
#1544=LINE('',#9257,#2183);
#1545=LINE('',#9260,#2184);
#1546=LINE('',#9262,#2185);
#1547=LINE('',#9263,#2186);
#1548=LINE('',#9272,#2187);
#1549=LINE('',#9274,#2188);
#1550=LINE('',#9276,#2189);
#1551=LINE('',#9277,#2190);
#1552=LINE('',#9280,#2191);
#1553=LINE('',#9282,#2192);
#1554=LINE('',#9283,#2193);
#1555=LINE('',#9286,#2194);
#1556=LINE('',#9288,#2195);
#1557=LINE('',#9289,#2196);
#1558=LINE('',#9295,#2197);
#1559=LINE('',#9298,#2198);
#1560=LINE('',#9300,#2199);
#1561=LINE('',#9301,#2200);
#1562=LINE('',#9307,#2201);
#1563=LINE('',#9310,#2202);
#1564=LINE('',#9312,#2203);
#1565=LINE('',#9313,#2204);
#1566=LINE('',#9319,#2205);
#1567=LINE('',#9321,#2206);
#1568=LINE('',#9322,#2207);
#1569=LINE('',#9328,#2208);
#1570=LINE('',#9330,#2209);
#1571=LINE('',#9332,#2210);
#1572=LINE('',#9333,#2211);
#1573=LINE('',#9336,#2212);
#1574=LINE('',#9338,#2213);
#1575=LINE('',#9339,#2214);
#1576=LINE('',#9342,#2215);
#1577=LINE('',#9344,#2216);
#1578=LINE('',#9345,#2217);
#1579=LINE('',#9351,#2218);
#1580=LINE('',#9354,#2219);
#1581=LINE('',#9356,#2220);
#1582=LINE('',#9357,#2221);
#1583=LINE('',#9363,#2222);
#1584=LINE('',#9366,#2223);
#1585=LINE('',#9368,#2224);
#1586=LINE('',#9369,#2225);
#1587=LINE('',#9375,#2226);
#1588=LINE('',#9378,#2227);
#1589=LINE('',#9380,#2228);
#1590=LINE('',#9381,#2229);
#1591=LINE('',#9383,#2230);
#1592=LINE('',#9384,#2231);
#1593=LINE('',#9391,#2232);
#1594=LINE('',#9393,#2233);
#1595=LINE('',#9395,#2234);
#1596=LINE('',#9396,#2235);
#1597=LINE('',#9402,#2236);
#1598=LINE('',#9405,#2237);
#1599=LINE('',#9407,#2238);
#1600=LINE('',#9408,#2239);
#1601=LINE('',#9414,#2240);
#1602=LINE('',#9417,#2241);
#1603=LINE('',#9419,#2242);
#1604=LINE('',#9420,#2243);
#1605=LINE('',#9426,#2244);
#1606=LINE('',#9429,#2245);
#1607=LINE('',#9431,#2246);
#1608=LINE('',#9432,#2247);
#1609=LINE('',#9449,#2248);
#1610=LINE('',#9457,#2249);
#1611=LINE('',#9468,#2250);
#1612=LINE('',#9476,#2251);
#1613=LINE('',#9487,#2252);
#1614=LINE('',#9495,#2253);
#1615=LINE('',#9546,#2254);
#1616=LINE('',#9567,#2255);
#1617=LINE('',#9575,#2256);
#1618=LINE('',#9586,#2257);
#1619=LINE('',#9594,#2258);
#1620=LINE('',#9652,#2259);
#1621=LINE('',#9658,#2260);
#1622=LINE('',#9681,#2261);
#1623=LINE('',#9693,#2262);
#1624=LINE('',#9701,#2263);
#1625=LINE('',#9712,#2264);
#1626=LINE('',#9720,#2265);
#1627=LINE('',#9752,#2266);
#1628=LINE('',#9754,#2267);
#1629=LINE('',#9756,#2268);
#1630=LINE('',#9757,#2269);
#1631=LINE('',#9761,#2270);
#1632=LINE('',#9763,#2271);
#1633=LINE('',#9765,#2272);
#1634=LINE('',#9766,#2273);
#1635=LINE('',#9768,#2274);
#1636=LINE('',#9769,#2275);
#1637=LINE('',#9771,#2276);
#1638=LINE('',#9772,#2277);
#1639=LINE('',#9785,#2278);
#1640=LINE('',#9793,#2279);
#1641=LINE('',#9804,#2280);
#1642=LINE('',#9812,#2281);
#1643=LINE('',#9848,#2282);
#1644=LINE('',#9850,#2283);
#1645=LINE('',#9852,#2284);
#1646=LINE('',#9853,#2285);
#1647=LINE('',#9857,#2286);
#1648=LINE('',#9859,#2287);
#1649=LINE('',#9861,#2288);
#1650=LINE('',#9862,#2289);
#1651=LINE('',#9864,#2290);
#1652=LINE('',#9865,#2291);
#1653=LINE('',#9867,#2292);
#1654=LINE('',#9868,#2293);
#1655=LINE('',#9881,#2294);
#1656=LINE('',#9889,#2295);
#1657=LINE('',#9900,#2296);
#1658=LINE('',#9908,#2297);
#1659=LINE('',#9938,#2298);
#1660=LINE('',#9961,#2299);
#1661=LINE('',#9963,#2300);
#1662=LINE('',#9965,#2301);
#1663=LINE('',#9966,#2302);
#1664=LINE('',#9969,#2303);
#1665=LINE('',#9971,#2304);
#1666=LINE('',#9972,#2305);
#1667=LINE('',#9975,#2306);
#1668=LINE('',#9977,#2307);
#1669=LINE('',#9978,#2308);
#1670=LINE('',#9980,#2309);
#1671=LINE('',#9981,#2310);
#1672=LINE('',#9987,#2311);
#1673=LINE('',#9989,#2312);
#1674=LINE('',#9991,#2313);
#1675=LINE('',#9992,#2314);
#1676=LINE('',#9996,#2315);
#1677=LINE('',#9998,#2316);
#1678=LINE('',#10000,#2317);
#1679=LINE('',#10001,#2318);
#1680=LINE('',#10003,#2319);
#1681=LINE('',#10004,#2320);
#1682=LINE('',#10006,#2321);
#1683=LINE('',#10007,#2322);
#1684=LINE('',#10013,#2323);
#1685=LINE('',#10015,#2324);
#1686=LINE('',#10017,#2325);
#1687=LINE('',#10018,#2326);
#1688=LINE('',#10022,#2327);
#1689=LINE('',#10023,#2328);
#1690=LINE('',#10024,#2329);
#1691=LINE('',#10027,#2330);
#1692=LINE('',#10028,#2331);
#1693=LINE('',#10031,#2332);
#1694=LINE('',#10032,#2333);
#1695=LINE('',#10034,#2334);
#1696=LINE('',#10046,#2335);
#1697=LINE('',#10054,#2336);
#1698=LINE('',#10065,#2337);
#1699=LINE('',#10073,#2338);
#1700=LINE('',#10111,#2339);
#1701=LINE('',#10113,#2340);
#1702=LINE('',#10115,#2341);
#1703=LINE('',#10116,#2342);
#1704=LINE('',#10120,#2343);
#1705=LINE('',#10122,#2344);
#1706=LINE('',#10124,#2345);
#1707=LINE('',#10125,#2346);
#1708=LINE('',#10127,#2347);
#1709=LINE('',#10128,#2348);
#1710=LINE('',#10130,#2349);
#1711=LINE('',#10131,#2350);
#1712=LINE('',#10137,#2351);
#1713=LINE('',#10139,#2352);
#1714=LINE('',#10141,#2353);
#1715=LINE('',#10142,#2354);
#1716=LINE('',#10146,#2355);
#1717=LINE('',#10148,#2356);
#1718=LINE('',#10150,#2357);
#1719=LINE('',#10151,#2358);
#1720=LINE('',#10153,#2359);
#1721=LINE('',#10154,#2360);
#1722=LINE('',#10156,#2361);
#1723=LINE('',#10157,#2362);
#1724=LINE('',#10163,#2363);
#1725=LINE('',#10165,#2364);
#1726=LINE('',#10167,#2365);
#1727=LINE('',#10168,#2366);
#1728=LINE('',#10172,#2367);
#1729=LINE('',#10174,#2368);
#1730=LINE('',#10176,#2369);
#1731=LINE('',#10177,#2370);
#1732=LINE('',#10179,#2371);
#1733=LINE('',#10180,#2372);
#1734=LINE('',#10182,#2373);
#1735=LINE('',#10183,#2374);
#1736=LINE('',#10189,#2375);
#1737=LINE('',#10191,#2376);
#1738=LINE('',#10193,#2377);
#1739=LINE('',#10194,#2378);
#1740=LINE('',#10197,#2379);
#1741=LINE('',#10199,#2380);
#1742=LINE('',#10200,#2381);
#1743=LINE('',#10203,#2382);
#1744=LINE('',#10205,#2383);
#1745=LINE('',#10206,#2384);
#1746=LINE('',#10208,#2385);
#1747=LINE('',#10210,#2386);
#1748=LINE('',#10215,#2387);
#1749=LINE('',#10217,#2388);
#1750=LINE('',#10219,#2389);
#1751=LINE('',#10220,#2390);
#1752=LINE('',#10224,#2391);
#1753=LINE('',#10226,#2392);
#1754=LINE('',#10228,#2393);
#1755=LINE('',#10229,#2394);
#1756=LINE('',#10231,#2395);
#1757=LINE('',#10232,#2396);
#1758=LINE('',#10234,#2397);
#1759=LINE('',#10235,#2398);
#1760=LINE('',#10248,#2399);
#1761=LINE('',#10256,#2400);
#1762=LINE('',#10272,#2401);
#1763=LINE('',#10297,#2402);
#1764=LINE('',#10299,#2403);
#1765=LINE('',#10301,#2404);
#1766=LINE('',#10302,#2405);
#1767=LINE('',#10306,#2406);
#1768=LINE('',#10308,#2407);
#1769=LINE('',#10310,#2408);
#1770=LINE('',#10311,#2409);
#1771=LINE('',#10313,#2410);
#1772=LINE('',#10314,#2411);
#1773=LINE('',#10316,#2412);
#1774=LINE('',#10317,#2413);
#1775=LINE('',#10323,#2414);
#1776=LINE('',#10325,#2415);
#1777=LINE('',#10327,#2416);
#1778=LINE('',#10328,#2417);
#1779=LINE('',#10332,#2418);
#1780=LINE('',#10334,#2419);
#1781=LINE('',#10336,#2420);
#1782=LINE('',#10337,#2421);
#1783=LINE('',#10339,#2422);
#1784=LINE('',#10340,#2423);
#1785=LINE('',#10342,#2424);
#1786=LINE('',#10343,#2425);
#1787=LINE('',#10349,#2426);
#1788=LINE('',#10351,#2427);
#1789=LINE('',#10353,#2428);
#1790=LINE('',#10354,#2429);
#1791=LINE('',#10358,#2430);
#1792=LINE('',#10360,#2431);
#1793=LINE('',#10362,#2432);
#1794=LINE('',#10363,#2433);
#1795=LINE('',#10365,#2434);
#1796=LINE('',#10366,#2435);
#1797=LINE('',#10368,#2436);
#1798=LINE('',#10369,#2437);
#1799=LINE('',#10382,#2438);
#1800=LINE('',#10390,#2439);
#1801=LINE('',#10401,#2440);
#1802=LINE('',#10409,#2441);
#1803=LINE('',#10447,#2442);
#1804=LINE('',#10449,#2443);
#1805=LINE('',#10451,#2444);
#1806=LINE('',#10452,#2445);
#1807=LINE('',#10456,#2446);
#1808=LINE('',#10458,#2447);
#1809=LINE('',#10460,#2448);
#1810=LINE('',#10461,#2449);
#1811=LINE('',#10463,#2450);
#1812=LINE('',#10464,#2451);
#1813=LINE('',#10466,#2452);
#1814=LINE('',#10467,#2453);
#1815=LINE('',#10480,#2454);
#1816=LINE('',#10488,#2455);
#1817=LINE('',#10499,#2456);
#1818=LINE('',#10507,#2457);
#1819=LINE('',#10545,#2458);
#1820=LINE('',#10547,#2459);
#1821=LINE('',#10549,#2460);
#1822=LINE('',#10550,#2461);
#1823=LINE('',#10554,#2462);
#1824=LINE('',#10556,#2463);
#1825=LINE('',#10558,#2464);
#1826=LINE('',#10559,#2465);
#1827=LINE('',#10561,#2466);
#1828=LINE('',#10562,#2467);
#1829=LINE('',#10564,#2468);
#1830=LINE('',#10565,#2469);
#1831=LINE('',#10578,#2470);
#1832=LINE('',#10586,#2471);
#1833=LINE('',#10597,#2472);
#1834=LINE('',#10605,#2473);
#1835=LINE('',#10641,#2474);
#1836=LINE('',#10643,#2475);
#1837=LINE('',#10645,#2476);
#1838=LINE('',#10646,#2477);
#1839=LINE('',#10649,#2478);
#1840=LINE('',#10651,#2479);
#1841=LINE('',#10652,#2480);
#1842=LINE('',#10655,#2481);
#1843=LINE('',#10657,#2482);
#1844=LINE('',#10658,#2483);
#1845=LINE('',#10660,#2484);
#1846=LINE('',#10661,#2485);
#1847=LINE('',#10667,#2486);
#1848=LINE('',#10669,#2487);
#1849=LINE('',#10671,#2488);
#1850=LINE('',#10672,#2489);
#1851=LINE('',#10676,#2490);
#1852=LINE('',#10678,#2491);
#1853=LINE('',#10680,#2492);
#1854=LINE('',#10681,#2493);
#1855=LINE('',#10683,#2494);
#1856=LINE('',#10684,#2495);
#1857=LINE('',#10686,#2496);
#1858=LINE('',#10687,#2497);
#1859=LINE('',#10693,#2498);
#1860=LINE('',#10695,#2499);
#1861=LINE('',#10697,#2500);
#1862=LINE('',#10698,#2501);
#1863=LINE('',#10701,#2502);
#1864=LINE('',#10703,#2503);
#1865=LINE('',#10704,#2504);
#1866=LINE('',#10707,#2505);
#1867=LINE('',#10709,#2506);
#1868=LINE('',#10710,#2507);
#1869=LINE('',#10712,#2508);
#1870=LINE('',#10713,#2509);
#1871=LINE('',#10719,#2510);
#1872=LINE('',#10721,#2511);
#1873=LINE('',#10729,#2512);
#1874=LINE('',#10740,#2513);
#1875=LINE('',#10742,#2514);
#1876=LINE('',#10743,#2515);
#1877=LINE('',#10745,#2516);
#1878=LINE('',#10746,#2517);
#1879=LINE('',#10766,#2518);
#1880=LINE('',#10768,#2519);
#1881=LINE('',#10770,#2520);
#1882=LINE('',#10771,#2521);
#1883=LINE('',#10775,#2522);
#1884=LINE('',#10776,#2523);
#1885=LINE('',#10777,#2524);
#1886=LINE('',#10781,#2525);
#1887=LINE('',#10782,#2526);
#1888=LINE('',#10783,#2527);
#1889=LINE('',#10785,#2528);
#1890=LINE('',#10787,#2529);
#1891=LINE('',#10792,#2530);
#1892=LINE('',#10794,#2531);
#1893=LINE('',#10796,#2532);
#1894=LINE('',#10797,#2533);
#1895=LINE('',#10801,#2534);
#1896=LINE('',#10803,#2535);
#1897=LINE('',#10805,#2536);
#1898=LINE('',#10806,#2537);
#1899=LINE('',#10810,#2538);
#1900=LINE('',#10812,#2539);
#1901=LINE('',#10814,#2540);
#1902=LINE('',#10815,#2541);
#1903=LINE('',#10818,#2542);
#1904=LINE('',#10820,#2543);
#1905=LINE('',#10821,#2544);
#1906=LINE('',#10823,#2545);
#1907=LINE('',#10824,#2546);
#1908=LINE('',#10826,#2547);
#1909=LINE('',#10827,#2548);
#1910=LINE('',#10829,#2549);
#1911=LINE('',#10831,#2550);
#1912=LINE('',#10836,#2551);
#1913=LINE('',#10838,#2552);
#1914=LINE('',#10840,#2553);
#1915=LINE('',#10841,#2554);
#1916=LINE('',#10845,#2555);
#1917=LINE('',#10846,#2556);
#1918=LINE('',#10847,#2557);
#1919=LINE('',#10851,#2558);
#1920=LINE('',#10852,#2559);
#1921=LINE('',#10853,#2560);
#1922=LINE('',#10855,#2561);
#1923=LINE('',#10857,#2562);
#1924=LINE('',#10869,#2563);
#1925=LINE('',#10877,#2564);
#1926=LINE('',#10888,#2565);
#1927=LINE('',#10896,#2566);
#1928=LINE('',#10908,#2567);
#1929=LINE('',#10943,#2568);
#1930=LINE('',#10945,#2569);
#1931=LINE('',#10947,#2570);
#1932=LINE('',#10948,#2571);
#1933=LINE('',#10952,#2572);
#1934=LINE('',#10954,#2573);
#1935=LINE('',#10956,#2574);
#1936=LINE('',#10957,#2575);
#1937=LINE('',#10959,#2576);
#1938=LINE('',#10960,#2577);
#1939=LINE('',#10962,#2578);
#1940=LINE('',#10963,#2579);
#1941=LINE('',#10969,#2580);
#1942=LINE('',#10971,#2581);
#1943=LINE('',#10973,#2582);
#1944=LINE('',#10974,#2583);
#1945=LINE('',#10978,#2584);
#1946=LINE('',#10980,#2585);
#1947=LINE('',#10982,#2586);
#1948=LINE('',#10983,#2587);
#1949=LINE('',#10985,#2588);
#1950=LINE('',#10986,#2589);
#1951=LINE('',#10988,#2590);
#1952=LINE('',#10990,#2591);
#1953=LINE('',#10995,#2592);
#1954=LINE('',#10997,#2593);
#1955=LINE('',#10999,#2594);
#1956=LINE('',#11000,#2595);
#1957=LINE('',#11004,#2596);
#1958=LINE('',#11005,#2597);
#1959=LINE('',#11006,#2598);
#1960=LINE('',#11010,#2599);
#1961=LINE('',#11011,#2600);
#1962=LINE('',#11012,#2601);
#1963=LINE('',#11014,#2602);
#1964=LINE('',#11016,#2603);
#1965=LINE('',#11021,#2604);
#1966=LINE('',#11023,#2605);
#1967=LINE('',#11031,#2606);
#1968=LINE('',#11035,#2607);
#1969=LINE('',#11037,#2608);
#1970=LINE('',#11045,#2609);
#1971=LINE('',#11047,#2610);
#1972=LINE('',#11048,#2611);
#1973=LINE('',#11066,#2612);
#1974=LINE('',#11068,#2613);
#1975=LINE('',#11070,#2614);
#1976=LINE('',#11071,#2615);
#1977=LINE('',#11074,#2616);
#1978=LINE('',#11076,#2617);
#1979=LINE('',#11077,#2618);
#1980=LINE('',#11080,#2619);
#1981=LINE('',#11082,#2620);
#1982=LINE('',#11083,#2621);
#1983=LINE('',#11085,#2622);
#1984=LINE('',#11086,#2623);
#1985=LINE('',#11092,#2624);
#1986=LINE('',#11094,#2625);
#1987=LINE('',#11096,#2626);
#1988=LINE('',#11097,#2627);
#1989=LINE('',#11101,#2628);
#1990=LINE('',#11103,#2629);
#1991=LINE('',#11105,#2630);
#1992=LINE('',#11106,#2631);
#1993=LINE('',#11108,#2632);
#1994=LINE('',#11109,#2633);
#1995=LINE('',#11111,#2634);
#1996=LINE('',#11112,#2635);
#1997=LINE('',#11118,#2636);
#1998=LINE('',#11120,#2637);
#1999=LINE('',#11122,#2638);
#2000=LINE('',#11123,#2639);
#2001=LINE('',#11127,#2640);
#2002=LINE('',#11128,#2641);
#2003=LINE('',#11129,#2642);
#2004=LINE('',#11132,#2643);
#2005=LINE('',#11133,#2644);
#2006=LINE('',#11136,#2645);
#2007=LINE('',#11137,#2646);
#2008=LINE('',#11139,#2647);
#2009=LINE('',#11144,#2648);
#2010=LINE('',#11146,#2649);
#2011=LINE('',#11148,#2650);
#2012=LINE('',#11149,#2651);
#2013=LINE('',#11153,#2652);
#2014=LINE('',#11154,#2653);
#2015=LINE('',#11155,#2654);
#2016=LINE('',#11158,#2655);
#2017=LINE('',#11159,#2656);
#2018=LINE('',#11162,#2657);
#2019=LINE('',#11163,#2658);
#2020=LINE('',#11165,#2659);
#2021=LINE('',#11170,#2660);
#2022=LINE('',#11172,#2661);
#2023=LINE('',#11174,#2662);
#2024=LINE('',#11175,#2663);
#2025=LINE('',#11178,#2664);
#2026=LINE('',#11180,#2665);
#2027=LINE('',#11181,#2666);
#2028=LINE('',#11184,#2667);
#2029=LINE('',#11186,#2668);
#2030=LINE('',#11187,#2669);
#2031=LINE('',#11189,#2670);
#2032=LINE('',#11190,#2671);
#2033=LINE('',#11199,#2672);
#2034=LINE('',#11211,#2673);
#2035=LINE('',#11214,#2674);
#2036=LINE('',#11223,#2675);
#2037=LINE('',#11226,#2676);
#2038=LINE('',#11235,#2677);
#2039=LINE('',#11238,#2678);
#2040=LINE('',#11247,#2679);
#2041=LINE('',#11250,#2680);
#2042=VECTOR('',#7121,10.);
#2043=VECTOR('',#7124,10.);
#2044=VECTOR('',#7131,10.);
#2045=VECTOR('',#7134,10.);
#2046=VECTOR('',#7137,10.);
#2047=VECTOR('',#7138,10.);
#2048=VECTOR('',#7139,10.);
#2049=VECTOR('',#7142,10.);
#2050=VECTOR('',#7143,10.);
#2051=VECTOR('',#7144,10.);
#2052=VECTOR('',#7147,10.);
#2053=VECTOR('',#7148,10.);
#2054=VECTOR('',#7149,10.);
#2055=VECTOR('',#7152,10.);
#2056=VECTOR('',#7153,10.);
#2057=VECTOR('',#7162,10.);
#2058=VECTOR('',#7163,10.);
#2059=VECTOR('',#7168,10.);
#2060=VECTOR('',#7171,10.);
#2061=VECTOR('',#7174,10.);
#2062=VECTOR('',#7175,10.);
#2063=VECTOR('',#7176,10.);
#2064=VECTOR('',#7179,10.);
#2065=VECTOR('',#7180,10.);
#2066=VECTOR('',#7181,10.);
#2067=VECTOR('',#7184,10.);
#2068=VECTOR('',#7185,10.);
#2069=VECTOR('',#7186,10.);
#2070=VECTOR('',#7189,10.);
#2071=VECTOR('',#7190,10.);
#2072=VECTOR('',#7191,10.);
#2073=VECTOR('',#7194,10.);
#2074=VECTOR('',#7207,10.);
#2075=VECTOR('',#7208,10.);
#2076=VECTOR('',#7211,10.);
#2077=VECTOR('',#7214,10.);
#2078=VECTOR('',#7221,10.);
#2079=VECTOR('',#7224,10.);
#2080=VECTOR('',#7227,10.);
#2081=VECTOR('',#7228,10.);
#2082=VECTOR('',#7229,10.);
#2083=VECTOR('',#7232,10.);
#2084=VECTOR('',#7233,10.);
#2085=VECTOR('',#7234,10.);
#2086=VECTOR('',#7237,10.);
#2087=VECTOR('',#7238,10.);
#2088=VECTOR('',#7239,10.);
#2089=VECTOR('',#7242,10.);
#2090=VECTOR('',#7243,10.);
#2091=VECTOR('',#7244,10.);
#2092=VECTOR('',#7247,10.);
#2093=VECTOR('',#7248,10.);
#2094=VECTOR('',#7257,10.);
#2095=VECTOR('',#7258,10.);
#2096=VECTOR('',#7263,10.);
#2097=VECTOR('',#7266,10.);
#2098=VECTOR('',#7269,10.);
#2099=VECTOR('',#7270,10.);
#2100=VECTOR('',#7271,10.);
#2101=VECTOR('',#7274,10.);
#2102=VECTOR('',#7275,10.);
#2103=VECTOR('',#7276,10.);
#2104=VECTOR('',#7279,10.);
#2105=VECTOR('',#7280,10.);
#2106=VECTOR('',#7281,10.);
#2107=VECTOR('',#7284,10.);
#2108=VECTOR('',#7285,10.);
#2109=VECTOR('',#7286,10.);
#2110=VECTOR('',#7289,10.);
#2111=VECTOR('',#7302,10.);
#2112=VECTOR('',#7303,10.);
#2113=VECTOR('',#7306,10.);
#2114=VECTOR('',#7309,10.);
#2115=VECTOR('',#7312,10.);
#2116=VECTOR('',#7313,10.);
#2117=VECTOR('',#7316,10.);
#2118=VECTOR('',#7317,10.);
#2119=VECTOR('',#7318,10.);
#2120=VECTOR('',#7321,10.);
#2121=VECTOR('',#7324,10.);
#2122=VECTOR('',#7327,10.);
#2123=VECTOR('',#7328,10.);
#2124=VECTOR('',#7331,10.);
#2125=VECTOR('',#7334,10.);
#2126=VECTOR('',#7373,10.);
#2127=VECTOR('',#7374,10.);
#2128=VECTOR('',#7393,10.);
#2129=VECTOR('',#7404,10.);
#2130=VECTOR('',#7405,10.);
#2131=VECTOR('',#7408,10.);
#2132=VECTOR('',#7409,10.);
#2133=VECTOR('',#7418,10.);
#2134=VECTOR('',#7419,10.);
#2135=VECTOR('',#7422,10.);
#2136=VECTOR('',#7423,10.);
#2137=VECTOR('',#7426,10.);
#2138=VECTOR('',#7427,10.);
#2139=VECTOR('',#7436,10.);
#2140=VECTOR('',#7437,10.);
#2141=VECTOR('',#7446,10.);
#2142=VECTOR('',#7447,10.);
#2143=VECTOR('',#7450,10.);
#2144=VECTOR('',#7459,10.);
#2145=VECTOR('',#7480,10.);
#2146=VECTOR('',#7481,10.);
#2147=VECTOR('',#7482,10.);
#2148=VECTOR('',#7483,10.);
#2149=VECTOR('',#7490,10.);
#2150=VECTOR('',#7493,10.);
#2151=VECTOR('',#7494,10.);
#2152=VECTOR('',#7495,10.);
#2153=VECTOR('',#7502,10.);
#2154=VECTOR('',#7505,10.);
#2155=VECTOR('',#7506,10.);
#2156=VECTOR('',#7507,10.);
#2157=VECTOR('',#7514,10.);
#2158=VECTOR('',#7517,10.);
#2159=VECTOR('',#7518,10.);
#2160=VECTOR('',#7519,10.);
#2161=VECTOR('',#7522,10.);
#2162=VECTOR('',#7523,10.);
#2163=VECTOR('',#7524,10.);
#2164=VECTOR('',#7527,10.);
#2165=VECTOR('',#7528,10.);
#2166=VECTOR('',#7535,10.);
#2167=VECTOR('',#7536,10.);
#2168=VECTOR('',#7537,10.);
#2169=VECTOR('',#7538,10.);
#2170=VECTOR('',#7545,10.);
#2171=VECTOR('',#7548,10.);
#2172=VECTOR('',#7549,10.);
#2173=VECTOR('',#7550,10.);
#2174=VECTOR('',#7557,10.);
#2175=VECTOR('',#7560,10.);
#2176=VECTOR('',#7561,10.);
#2177=VECTOR('',#7562,10.);
#2178=VECTOR('',#7565,10.);
#2179=VECTOR('',#7566,10.);
#2180=VECTOR('',#7567,10.);
#2181=VECTOR('',#7570,10.);
#2182=VECTOR('',#7571,10.);
#2183=VECTOR('',#7572,10.);
#2184=VECTOR('',#7575,10.);
#2185=VECTOR('',#7576,10.);
#2186=VECTOR('',#7577,10.);
#2187=VECTOR('',#7590,10.);
#2188=VECTOR('',#7591,10.);
#2189=VECTOR('',#7592,10.);
#2190=VECTOR('',#7593,10.);
#2191=VECTOR('',#7596,10.);
#2192=VECTOR('',#7597,10.);
#2193=VECTOR('',#7598,10.);
#2194=VECTOR('',#7601,10.);
#2195=VECTOR('',#7602,10.);
#2196=VECTOR('',#7603,10.);
#2197=VECTOR('',#7610,10.);
#2198=VECTOR('',#7613,10.);
#2199=VECTOR('',#7614,10.);
#2200=VECTOR('',#7615,10.);
#2201=VECTOR('',#7622,10.);
#2202=VECTOR('',#7625,10.);
#2203=VECTOR('',#7626,10.);
#2204=VECTOR('',#7627,10.);
#2205=VECTOR('',#7634,10.);
#2206=VECTOR('',#7637,10.);
#2207=VECTOR('',#7638,10.);
#2208=VECTOR('',#7645,10.);
#2209=VECTOR('',#7646,10.);
#2210=VECTOR('',#7647,10.);
#2211=VECTOR('',#7648,10.);
#2212=VECTOR('',#7651,10.);
#2213=VECTOR('',#7652,10.);
#2214=VECTOR('',#7653,10.);
#2215=VECTOR('',#7656,10.);
#2216=VECTOR('',#7657,10.);
#2217=VECTOR('',#7658,10.);
#2218=VECTOR('',#7665,10.);
#2219=VECTOR('',#7668,10.);
#2220=VECTOR('',#7669,10.);
#2221=VECTOR('',#7670,10.);
#2222=VECTOR('',#7677,10.);
#2223=VECTOR('',#7680,10.);
#2224=VECTOR('',#7681,10.);
#2225=VECTOR('',#7682,10.);
#2226=VECTOR('',#7689,10.);
#2227=VECTOR('',#7692,10.);
#2228=VECTOR('',#7693,10.);
#2229=VECTOR('',#7694,10.);
#2230=VECTOR('',#7697,10.);
#2231=VECTOR('',#7698,10.);
#2232=VECTOR('',#7707,10.);
#2233=VECTOR('',#7708,10.);
#2234=VECTOR('',#7709,10.);
#2235=VECTOR('',#7710,10.);
#2236=VECTOR('',#7717,10.);
#2237=VECTOR('',#7720,10.);
#2238=VECTOR('',#7721,10.);
#2239=VECTOR('',#7722,10.);
#2240=VECTOR('',#7729,10.);
#2241=VECTOR('',#7732,10.);
#2242=VECTOR('',#7733,10.);
#2243=VECTOR('',#7734,10.);
#2244=VECTOR('',#7741,10.);
#2245=VECTOR('',#7744,10.);
#2246=VECTOR('',#7745,10.);
#2247=VECTOR('',#7746,10.);
#2248=VECTOR('',#7761,10.);
#2249=VECTOR('',#7762,10.);
#2250=VECTOR('',#7765,10.);
#2251=VECTOR('',#7766,10.);
#2252=VECTOR('',#7769,10.);
#2253=VECTOR('',#7770,10.);
#2254=VECTOR('',#7773,10.);
#2255=VECTOR('',#7778,10.);
#2256=VECTOR('',#7779,10.);
#2257=VECTOR('',#7782,10.);
#2258=VECTOR('',#7783,10.);
#2259=VECTOR('',#7788,10.);
#2260=VECTOR('',#7791,10.);
#2261=VECTOR('',#7794,10.);
#2262=VECTOR('',#7799,10.);
#2263=VECTOR('',#7800,10.);
#2264=VECTOR('',#7803,10.);
#2265=VECTOR('',#7804,10.);
#2266=VECTOR('',#7811,10.);
#2267=VECTOR('',#7812,10.);
#2268=VECTOR('',#7813,10.);
#2269=VECTOR('',#7814,10.);
#2270=VECTOR('',#7817,10.);
#2271=VECTOR('',#7818,10.);
#2272=VECTOR('',#7819,10.);
#2273=VECTOR('',#7820,10.);
#2274=VECTOR('',#7823,10.);
#2275=VECTOR('',#7824,10.);
#2276=VECTOR('',#7827,10.);
#2277=VECTOR('',#7828,10.);
#2278=VECTOR('',#7835,10.);
#2279=VECTOR('',#7836,10.);
#2280=VECTOR('',#7839,10.);
#2281=VECTOR('',#7840,10.);
#2282=VECTOR('',#7847,10.);
#2283=VECTOR('',#7848,10.);
#2284=VECTOR('',#7849,10.);
#2285=VECTOR('',#7850,10.);
#2286=VECTOR('',#7853,10.);
#2287=VECTOR('',#7854,10.);
#2288=VECTOR('',#7855,10.);
#2289=VECTOR('',#7856,10.);
#2290=VECTOR('',#7859,10.);
#2291=VECTOR('',#7860,10.);
#2292=VECTOR('',#7863,10.);
#2293=VECTOR('',#7864,10.);
#2294=VECTOR('',#7871,10.);
#2295=VECTOR('',#7872,10.);
#2296=VECTOR('',#7875,10.);
#2297=VECTOR('',#7876,10.);
#2298=VECTOR('',#7877,10.);
#2299=VECTOR('',#7884,10.);
#2300=VECTOR('',#7885,10.);
#2301=VECTOR('',#7886,10.);
#2302=VECTOR('',#7887,10.);
#2303=VECTOR('',#7890,10.);
#2304=VECTOR('',#7891,10.);
#2305=VECTOR('',#7892,10.);
#2306=VECTOR('',#7895,10.);
#2307=VECTOR('',#7896,10.);
#2308=VECTOR('',#7897,10.);
#2309=VECTOR('',#7900,10.);
#2310=VECTOR('',#7901,10.);
#2311=VECTOR('',#7908,10.);
#2312=VECTOR('',#7909,10.);
#2313=VECTOR('',#7910,10.);
#2314=VECTOR('',#7911,10.);
#2315=VECTOR('',#7914,10.);
#2316=VECTOR('',#7915,10.);
#2317=VECTOR('',#7916,10.);
#2318=VECTOR('',#7917,10.);
#2319=VECTOR('',#7920,10.);
#2320=VECTOR('',#7921,10.);
#2321=VECTOR('',#7924,10.);
#2322=VECTOR('',#7925,10.);
#2323=VECTOR('',#7932,10.);
#2324=VECTOR('',#7933,10.);
#2325=VECTOR('',#7934,10.);
#2326=VECTOR('',#7935,10.);
#2327=VECTOR('',#7938,10.);
#2328=VECTOR('',#7939,10.);
#2329=VECTOR('',#7940,10.);
#2330=VECTOR('',#7943,10.);
#2331=VECTOR('',#7944,10.);
#2332=VECTOR('',#7947,10.);
#2333=VECTOR('',#7948,10.);
#2334=VECTOR('',#7951,10.);
#2335=VECTOR('',#7956,10.);
#2336=VECTOR('',#7957,10.);
#2337=VECTOR('',#7960,10.);
#2338=VECTOR('',#7961,10.);
#2339=VECTOR('',#7968,10.);
#2340=VECTOR('',#7969,10.);
#2341=VECTOR('',#7970,10.);
#2342=VECTOR('',#7971,10.);
#2343=VECTOR('',#7974,10.);
#2344=VECTOR('',#7975,10.);
#2345=VECTOR('',#7976,10.);
#2346=VECTOR('',#7977,10.);
#2347=VECTOR('',#7980,10.);
#2348=VECTOR('',#7981,10.);
#2349=VECTOR('',#7984,10.);
#2350=VECTOR('',#7985,10.);
#2351=VECTOR('',#7992,10.);
#2352=VECTOR('',#7993,10.);
#2353=VECTOR('',#7994,10.);
#2354=VECTOR('',#7995,10.);
#2355=VECTOR('',#7998,10.);
#2356=VECTOR('',#7999,10.);
#2357=VECTOR('',#8000,10.);
#2358=VECTOR('',#8001,10.);
#2359=VECTOR('',#8004,10.);
#2360=VECTOR('',#8005,10.);
#2361=VECTOR('',#8008,10.);
#2362=VECTOR('',#8009,10.);
#2363=VECTOR('',#8016,10.);
#2364=VECTOR('',#8017,10.);
#2365=VECTOR('',#8018,10.);
#2366=VECTOR('',#8019,10.);
#2367=VECTOR('',#8022,10.);
#2368=VECTOR('',#8023,10.);
#2369=VECTOR('',#8024,10.);
#2370=VECTOR('',#8025,10.);
#2371=VECTOR('',#8028,10.);
#2372=VECTOR('',#8029,10.);
#2373=VECTOR('',#8032,10.);
#2374=VECTOR('',#8033,10.);
#2375=VECTOR('',#8040,10.);
#2376=VECTOR('',#8041,10.);
#2377=VECTOR('',#8042,10.);
#2378=VECTOR('',#8043,10.);
#2379=VECTOR('',#8046,10.);
#2380=VECTOR('',#8047,10.);
#2381=VECTOR('',#8048,10.);
#2382=VECTOR('',#8051,10.);
#2383=VECTOR('',#8052,10.);
#2384=VECTOR('',#8053,10.);
#2385=VECTOR('',#8056,10.);
#2386=VECTOR('',#8059,10.);
#2387=VECTOR('',#8064,10.);
#2388=VECTOR('',#8065,10.);
#2389=VECTOR('',#8066,10.);
#2390=VECTOR('',#8067,10.);
#2391=VECTOR('',#8070,10.);
#2392=VECTOR('',#8071,10.);
#2393=VECTOR('',#8072,10.);
#2394=VECTOR('',#8073,10.);
#2395=VECTOR('',#8076,10.);
#2396=VECTOR('',#8077,10.);
#2397=VECTOR('',#8080,10.);
#2398=VECTOR('',#8081,10.);
#2399=VECTOR('',#8088,10.);
#2400=VECTOR('',#8089,10.);
#2401=VECTOR('',#8090,10.);
#2402=VECTOR('',#8097,10.);
#2403=VECTOR('',#8098,10.);
#2404=VECTOR('',#8099,10.);
#2405=VECTOR('',#8100,10.);
#2406=VECTOR('',#8103,10.);
#2407=VECTOR('',#8104,10.);
#2408=VECTOR('',#8105,10.);
#2409=VECTOR('',#8106,10.);
#2410=VECTOR('',#8109,10.);
#2411=VECTOR('',#8110,10.);
#2412=VECTOR('',#8113,10.);
#2413=VECTOR('',#8114,10.);
#2414=VECTOR('',#8121,10.);
#2415=VECTOR('',#8122,10.);
#2416=VECTOR('',#8123,10.);
#2417=VECTOR('',#8124,10.);
#2418=VECTOR('',#8127,10.);
#2419=VECTOR('',#8128,10.);
#2420=VECTOR('',#8129,10.);
#2421=VECTOR('',#8130,10.);
#2422=VECTOR('',#8133,10.);
#2423=VECTOR('',#8134,10.);
#2424=VECTOR('',#8137,10.);
#2425=VECTOR('',#8138,10.);
#2426=VECTOR('',#8145,10.);
#2427=VECTOR('',#8146,10.);
#2428=VECTOR('',#8147,10.);
#2429=VECTOR('',#8148,10.);
#2430=VECTOR('',#8151,10.);
#2431=VECTOR('',#8152,10.);
#2432=VECTOR('',#8153,10.);
#2433=VECTOR('',#8154,10.);
#2434=VECTOR('',#8157,10.);
#2435=VECTOR('',#8158,10.);
#2436=VECTOR('',#8161,10.);
#2437=VECTOR('',#8162,10.);
#2438=VECTOR('',#8169,10.);
#2439=VECTOR('',#8170,10.);
#2440=VECTOR('',#8173,10.);
#2441=VECTOR('',#8174,10.);
#2442=VECTOR('',#8181,10.);
#2443=VECTOR('',#8182,10.);
#2444=VECTOR('',#8183,10.);
#2445=VECTOR('',#8184,10.);
#2446=VECTOR('',#8187,10.);
#2447=VECTOR('',#8188,10.);
#2448=VECTOR('',#8189,10.);
#2449=VECTOR('',#8190,10.);
#2450=VECTOR('',#8193,10.);
#2451=VECTOR('',#8194,10.);
#2452=VECTOR('',#8197,10.);
#2453=VECTOR('',#8198,10.);
#2454=VECTOR('',#8205,10.);
#2455=VECTOR('',#8206,10.);
#2456=VECTOR('',#8209,10.);
#2457=VECTOR('',#8210,10.);
#2458=VECTOR('',#8217,10.);
#2459=VECTOR('',#8218,10.);
#2460=VECTOR('',#8219,10.);
#2461=VECTOR('',#8220,10.);
#2462=VECTOR('',#8223,10.);
#2463=VECTOR('',#8224,10.);
#2464=VECTOR('',#8225,10.);
#2465=VECTOR('',#8226,10.);
#2466=VECTOR('',#8229,10.);
#2467=VECTOR('',#8230,10.);
#2468=VECTOR('',#8233,10.);
#2469=VECTOR('',#8234,10.);
#2470=VECTOR('',#8241,10.);
#2471=VECTOR('',#8242,10.);
#2472=VECTOR('',#8245,10.);
#2473=VECTOR('',#8246,10.);
#2474=VECTOR('',#8253,10.);
#2475=VECTOR('',#8254,10.);
#2476=VECTOR('',#8255,10.);
#2477=VECTOR('',#8256,10.);
#2478=VECTOR('',#8259,10.);
#2479=VECTOR('',#8260,10.);
#2480=VECTOR('',#8261,10.);
#2481=VECTOR('',#8264,10.);
#2482=VECTOR('',#8265,10.);
#2483=VECTOR('',#8266,10.);
#2484=VECTOR('',#8269,10.);
#2485=VECTOR('',#8270,10.);
#2486=VECTOR('',#8277,10.);
#2487=VECTOR('',#8278,10.);
#2488=VECTOR('',#8279,10.);
#2489=VECTOR('',#8280,10.);
#2490=VECTOR('',#8283,10.);
#2491=VECTOR('',#8284,10.);
#2492=VECTOR('',#8285,10.);
#2493=VECTOR('',#8286,10.);
#2494=VECTOR('',#8289,10.);
#2495=VECTOR('',#8290,10.);
#2496=VECTOR('',#8293,10.);
#2497=VECTOR('',#8294,10.);
#2498=VECTOR('',#8301,10.);
#2499=VECTOR('',#8302,10.);
#2500=VECTOR('',#8303,10.);
#2501=VECTOR('',#8304,10.);
#2502=VECTOR('',#8307,10.);
#2503=VECTOR('',#8308,10.);
#2504=VECTOR('',#8309,10.);
#2505=VECTOR('',#8312,10.);
#2506=VECTOR('',#8313,10.);
#2507=VECTOR('',#8314,10.);
#2508=VECTOR('',#8317,10.);
#2509=VECTOR('',#8318,10.);
#2510=VECTOR('',#8325,10.);
#2511=VECTOR('',#8326,10.);
#2512=VECTOR('',#8327,10.);
#2513=VECTOR('',#8330,10.);
#2514=VECTOR('',#8331,10.);
#2515=VECTOR('',#8332,10.);
#2516=VECTOR('',#8335,10.);
#2517=VECTOR('',#8336,10.);
#2518=VECTOR('',#8343,10.);
#2519=VECTOR('',#8344,10.);
#2520=VECTOR('',#8345,10.);
#2521=VECTOR('',#8346,10.);
#2522=VECTOR('',#8349,10.);
#2523=VECTOR('',#8350,10.);
#2524=VECTOR('',#8351,10.);
#2525=VECTOR('',#8354,10.);
#2526=VECTOR('',#8355,10.);
#2527=VECTOR('',#8356,10.);
#2528=VECTOR('',#8359,10.);
#2529=VECTOR('',#8362,10.);
#2530=VECTOR('',#8367,10.);
#2531=VECTOR('',#8368,10.);
#2532=VECTOR('',#8369,10.);
#2533=VECTOR('',#8370,10.);
#2534=VECTOR('',#8373,10.);
#2535=VECTOR('',#8374,10.);
#2536=VECTOR('',#8375,10.);
#2537=VECTOR('',#8376,10.);
#2538=VECTOR('',#8379,10.);
#2539=VECTOR('',#8380,10.);
#2540=VECTOR('',#8381,10.);
#2541=VECTOR('',#8382,10.);
#2542=VECTOR('',#8385,10.);
#2543=VECTOR('',#8386,10.);
#2544=VECTOR('',#8387,10.);
#2545=VECTOR('',#8390,10.);
#2546=VECTOR('',#8391,10.);
#2547=VECTOR('',#8394,10.);
#2548=VECTOR('',#8395,10.);
#2549=VECTOR('',#8398,10.);
#2550=VECTOR('',#8401,10.);
#2551=VECTOR('',#8406,10.);
#2552=VECTOR('',#8407,10.);
#2553=VECTOR('',#8408,10.);
#2554=VECTOR('',#8409,10.);
#2555=VECTOR('',#8412,10.);
#2556=VECTOR('',#8413,10.);
#2557=VECTOR('',#8414,10.);
#2558=VECTOR('',#8417,10.);
#2559=VECTOR('',#8418,10.);
#2560=VECTOR('',#8419,10.);
#2561=VECTOR('',#8422,10.);
#2562=VECTOR('',#8425,10.);
#2563=VECTOR('',#8430,10.);
#2564=VECTOR('',#8431,10.);
#2565=VECTOR('',#8434,10.);
#2566=VECTOR('',#8435,10.);
#2567=VECTOR('',#8436,10.);
#2568=VECTOR('',#8443,10.);
#2569=VECTOR('',#8444,10.);
#2570=VECTOR('',#8445,10.);
#2571=VECTOR('',#8446,10.);
#2572=VECTOR('',#8449,10.);
#2573=VECTOR('',#8450,10.);
#2574=VECTOR('',#8451,10.);
#2575=VECTOR('',#8452,10.);
#2576=VECTOR('',#8455,10.);
#2577=VECTOR('',#8456,10.);
#2578=VECTOR('',#8459,10.);
#2579=VECTOR('',#8460,10.);
#2580=VECTOR('',#8467,10.);
#2581=VECTOR('',#8468,10.);
#2582=VECTOR('',#8469,10.);
#2583=VECTOR('',#8470,10.);
#2584=VECTOR('',#8473,10.);
#2585=VECTOR('',#8474,10.);
#2586=VECTOR('',#8475,10.);
#2587=VECTOR('',#8476,10.);
#2588=VECTOR('',#8479,10.);
#2589=VECTOR('',#8480,10.);
#2590=VECTOR('',#8483,10.);
#2591=VECTOR('',#8486,10.);
#2592=VECTOR('',#8491,10.);
#2593=VECTOR('',#8492,10.);
#2594=VECTOR('',#8493,10.);
#2595=VECTOR('',#8494,10.);
#2596=VECTOR('',#8497,10.);
#2597=VECTOR('',#8498,10.);
#2598=VECTOR('',#8499,10.);
#2599=VECTOR('',#8502,10.);
#2600=VECTOR('',#8503,10.);
#2601=VECTOR('',#8504,10.);
#2602=VECTOR('',#8507,10.);
#2603=VECTOR('',#8510,10.);
#2604=VECTOR('',#8515,10.);
#2605=VECTOR('',#8516,10.);
#2606=VECTOR('',#8517,10.);
#2607=VECTOR('',#8520,10.);
#2608=VECTOR('',#8521,10.);
#2609=VECTOR('',#8522,10.);
#2610=VECTOR('',#8525,10.);
#2611=VECTOR('',#8526,10.);
#2612=VECTOR('',#8533,10.);
#2613=VECTOR('',#8534,10.);
#2614=VECTOR('',#8535,10.);
#2615=VECTOR('',#8536,10.);
#2616=VECTOR('',#8539,10.);
#2617=VECTOR('',#8540,10.);
#2618=VECTOR('',#8541,10.);
#2619=VECTOR('',#8544,10.);
#2620=VECTOR('',#8545,10.);
#2621=VECTOR('',#8546,10.);
#2622=VECTOR('',#8549,10.);
#2623=VECTOR('',#8550,10.);
#2624=VECTOR('',#8557,10.);
#2625=VECTOR('',#8558,10.);
#2626=VECTOR('',#8559,10.);
#2627=VECTOR('',#8560,10.);
#2628=VECTOR('',#8563,10.);
#2629=VECTOR('',#8564,10.);
#2630=VECTOR('',#8565,10.);
#2631=VECTOR('',#8566,10.);
#2632=VECTOR('',#8569,10.);
#2633=VECTOR('',#8570,10.);
#2634=VECTOR('',#8573,10.);
#2635=VECTOR('',#8574,10.);
#2636=VECTOR('',#8581,10.);
#2637=VECTOR('',#8582,10.);
#2638=VECTOR('',#8583,10.);
#2639=VECTOR('',#8584,10.);
#2640=VECTOR('',#8587,10.);
#2641=VECTOR('',#8588,10.);
#2642=VECTOR('',#8589,10.);
#2643=VECTOR('',#8592,10.);
#2644=VECTOR('',#8593,10.);
#2645=VECTOR('',#8596,10.);
#2646=VECTOR('',#8597,10.);
#2647=VECTOR('',#8600,10.);
#2648=VECTOR('',#8605,10.);
#2649=VECTOR('',#8606,10.);
#2650=VECTOR('',#8607,10.);
#2651=VECTOR('',#8608,10.);
#2652=VECTOR('',#8611,10.);
#2653=VECTOR('',#8612,10.);
#2654=VECTOR('',#8613,10.);
#2655=VECTOR('',#8616,10.);
#2656=VECTOR('',#8617,10.);
#2657=VECTOR('',#8620,10.);
#2658=VECTOR('',#8621,10.);
#2659=VECTOR('',#8624,10.);
#2660=VECTOR('',#8629,10.);
#2661=VECTOR('',#8630,10.);
#2662=VECTOR('',#8631,10.);
#2663=VECTOR('',#8632,10.);
#2664=VECTOR('',#8635,10.);
#2665=VECTOR('',#8636,10.);
#2666=VECTOR('',#8637,10.);
#2667=VECTOR('',#8640,10.);
#2668=VECTOR('',#8641,10.);
#2669=VECTOR('',#8642,10.);
#2670=VECTOR('',#8645,10.);
#2671=VECTOR('',#8646,10.);
#2672=VECTOR('',#8657,0.0618808777992172);
#2673=VECTOR('',#8672,10.);
#2674=VECTOR('',#8675,10.);
#2675=VECTOR('',#8686,10.);
#2676=VECTOR('',#8689,10.);
#2677=VECTOR('',#8700,10.);
#2678=VECTOR('',#8703,10.);
#2679=VECTOR('',#8714,10.);
#2680=VECTOR('',#8717,10.);
#2681=B_SPLINE_CURVE_WITH_KNOTS('',3,(#8743,#8744,#8745,#8746,#8747,#8748,
#8749,#8750,#8751,#8752),.UNSPECIFIED.,.F.,.F.,(4,2,2,2,4),(0.00452893317886873,
0.00509398557180899,0.00565903796474925,0.00622477047243277,0.00679050298011628),
 .UNSPECIFIED.);
#2682=B_SPLINE_CURVE_WITH_KNOTS('',3,(#8763,#8764,#8765,#8766,#8767,#8768,
#8769,#8770,#8771,#8772),.UNSPECIFIED.,.F.,.F.,(4,2,2,2,4),(0.0022673633776212,
0.00283309588530471,0.00339882839298822,0.00396388078592848,0.00452893317886873),
 .UNSPECIFIED.);
#2683=B_SPLINE_CURVE_WITH_KNOTS('',3,(#8814,#8815,#8816,#8817,#8818,#8819,
#8820,#8821,#8822,#8823),.UNSPECIFIED.,.F.,.F.,(4,2,2,2,4),(0.0022673633776212,
0.00283309588530471,0.00339882839298822,0.00396388078592848,0.00452893317886874),
 .UNSPECIFIED.);
#2684=B_SPLINE_CURVE_WITH_KNOTS('',3,(#8858,#8859,#8860,#8861,#8862,#8863,
#8864,#8865,#8866,#8867),.UNSPECIFIED.,.F.,.F.,(4,2,2,2,4),(0.00452893317886875,
0.00509398557180901,0.00565903796474927,0.00622477047243278,0.0067905029801163),
 .UNSPECIFIED.);
#2685=B_SPLINE_CURVE_WITH_KNOTS('',3,(#8885,#8886,#8887,#8888,#8889,#8890,
#8891,#8892,#8893,#8894),.UNSPECIFIED.,.F.,.F.,(4,2,2,2,4),(0.00452893317887693,
0.0050939855718172,0.00565903796475748,0.00622477047244164,0.00679050298012581),
 .UNSPECIFIED.);
#2686=B_SPLINE_CURVE_WITH_KNOTS('',3,(#8905,#8906,#8907,#8908,#8909,#8910,
#8911,#8912,#8913,#8914),.UNSPECIFIED.,.F.,.F.,(4,2,2,2,4),(0.00226736337762805,
0.00283309588531222,0.0033988283929964,0.00396388078593667,0.00452893317887695),
 .UNSPECIFIED.);
#2687=B_SPLINE_CURVE_WITH_KNOTS('',3,(#8962,#8963,#8964,#8965,#8966,#8967,
#8968,#8969,#8970,#8971),.UNSPECIFIED.,.F.,.F.,(4,2,2,2,4),(0.0022673633776212,
0.00283309588530472,0.00339882839298823,0.00396388078592849,0.00452893317886875),
 .UNSPECIFIED.);
#2688=B_SPLINE_CURVE_WITH_KNOTS('',3,(#9006,#9007,#9008,#9009,#9010,#9011,
#9012,#9013,#9014,#9015),.UNSPECIFIED.,.F.,.F.,(4,2,2,2,4),(0.00452893317886873,
0.00509398557180899,0.00565903796474925,0.00622477047243276,0.00679050298011627),
 .UNSPECIFIED.);
#2689=B_SPLINE_CURVE_WITH_KNOTS('',3,(#9442,#9443,#9444,#9445,#9446,#9447),
 .UNSPECIFIED.,.F.,.F.,(4,2,4),(-0.0003,-0.00015,0.),.UNSPECIFIED.);
#2690=B_SPLINE_CURVE_WITH_KNOTS('',3,(#9451,#9452,#9453,#9454,#9455,#9456),
 .UNSPECIFIED.,.F.,.F.,(4,2,4),(-0.0003,-0.00015,0.),.UNSPECIFIED.);
#2691=B_SPLINE_CURVE_WITH_KNOTS('',3,(#9461,#9462,#9463,#9464,#9465,#9466),
 .UNSPECIFIED.,.F.,.F.,(4,2,4),(-0.0003,-0.00015,0.),.UNSPECIFIED.);
#2692=B_SPLINE_CURVE_WITH_KNOTS('',3,(#9470,#9471,#9472,#9473,#9474,#9475),
 .UNSPECIFIED.,.F.,.F.,(4,2,4),(-0.0003,-0.00015,0.),.UNSPECIFIED.);
#2693=B_SPLINE_CURVE_WITH_KNOTS('',3,(#9480,#9481,#9482,#9483,#9484,#9485),
 .UNSPECIFIED.,.F.,.F.,(4,2,4),(-0.0003,-0.00015,0.),.UNSPECIFIED.);
#2694=B_SPLINE_CURVE_WITH_KNOTS('',3,(#9489,#9490,#9491,#9492,#9493,#9494),
 .UNSPECIFIED.,.F.,.F.,(4,2,4),(-0.0003,-0.00015,0.),.UNSPECIFIED.);
#2695=B_SPLINE_CURVE_WITH_KNOTS('',2,(#9498,#9499,#9500,#9501),
 .UNSPECIFIED.,.F.,.F.,(3,1,3),(0.671001895050623,1.,2.),.UNSPECIFIED.);
#2696=B_SPLINE_CURVE_WITH_KNOTS('',2,(#9502,#9503,#9504),.UNSPECIFIED.,
 .F.,.F.,(3,3),(0.,0.63065622388689),.UNSPECIFIED.);
#2697=B_SPLINE_CURVE_WITH_KNOTS('',2,(#9505,#9506,#9507),.UNSPECIFIED.,
 .F.,.F.,(3,3),(0.582439215108263,0.724911074254884),.UNSPECIFIED.);
#2698=B_SPLINE_CURVE_WITH_KNOTS('',2,(#9508,#9509,#9510),.UNSPECIFIED.,
 .F.,.F.,(3,3),(1.66919391917027,1.84768146625444),.UNSPECIFIED.);
#2699=B_SPLINE_CURVE_WITH_KNOTS('',2,(#9519,#9520,#9521),.UNSPECIFIED.,
 .F.,.F.,(3,3),(-0.724911074254884,-0.582439215108263),.UNSPECIFIED.);
#2700=B_SPLINE_CURVE_WITH_KNOTS('',2,(#9530,#9531,#9532),.UNSPECIFIED.,
 .F.,.F.,(3,3),(-1.84768146625444,-1.66919391917027),.UNSPECIFIED.);
#2701=B_SPLINE_CURVE_WITH_KNOTS('',2,(#9542,#9543,#9544,#9545),
 .UNSPECIFIED.,.F.,.F.,(3,1,3),(-2.,-1.,-0.671001895050623),
 .UNSPECIFIED.);
#2702=B_SPLINE_CURVE_WITH_KNOTS('',2,(#9553,#9554,#9555),.UNSPECIFIED.,
 .F.,.F.,(3,3),(-0.63065622388689,0.),.UNSPECIFIED.);
#2703=B_SPLINE_CURVE_WITH_KNOTS('',3,(#9560,#9561,#9562,#9563,#9564,#9565),
 .UNSPECIFIED.,.F.,.F.,(4,2,4),(-0.0003,-0.00015,0.),.UNSPECIFIED.);
#2704=B_SPLINE_CURVE_WITH_KNOTS('',3,(#9569,#9570,#9571,#9572,#9573,#9574),
 .UNSPECIFIED.,.F.,.F.,(4,2,4),(-0.0003,-0.00015,0.),.UNSPECIFIED.);
#2705=B_SPLINE_CURVE_WITH_KNOTS('',3,(#9579,#9580,#9581,#9582,#9583,#9584),
 .UNSPECIFIED.,.F.,.F.,(4,2,4),(-0.0003,-0.00015,0.),.UNSPECIFIED.);
#2706=B_SPLINE_CURVE_WITH_KNOTS('',3,(#9588,#9589,#9590,#9591,#9592,#9593),
 .UNSPECIFIED.,.F.,.F.,(4,2,4),(-0.0003,-0.00015,0.),.UNSPECIFIED.);
#2707=B_SPLINE_CURVE_WITH_KNOTS('',2,(#9605,#9606,#9607),.UNSPECIFIED.,
 .F.,.F.,(3,3),(-0.851784733986463,-0.569059722596147),.UNSPECIFIED.);
#2708=B_SPLINE_CURVE_WITH_KNOTS('',2,(#9608,#9609,#9610),.UNSPECIFIED.,
 .F.,.F.,(3,3),(0.569059722596147,0.851784733986463),.UNSPECIFIED.);
#2709=B_SPLINE_CURVE_WITH_KNOTS('',2,(#9621,#9622,#9623,#9624),
 .UNSPECIFIED.,.F.,.F.,(3,1,3),(1.83859314238807,2.,2.05233990954705),
 .UNSPECIFIED.);
#2710=B_SPLINE_CURVE_WITH_KNOTS('',2,(#9625,#9626,#9627,#9628),
 .UNSPECIFIED.,.F.,.F.,(3,1,3),(-2.05233990954705,-2.,-1.83859314238807),
 .UNSPECIFIED.);
#2711=B_SPLINE_CURVE_WITH_KNOTS('',3,(#9641,#9642,#9643,#9644,#9645,#9646),
 .UNSPECIFIED.,.F.,.F.,(4,2,4),(-0.0003,-0.00015,0.),.UNSPECIFIED.);
#2712=B_SPLINE_CURVE_WITH_KNOTS('',2,(#9648,#9649,#9650),.UNSPECIFIED.,
 .F.,.F.,(3,3),(0.,0.938154632383671),.UNSPECIFIED.);
#2713=B_SPLINE_CURVE_WITH_KNOTS('',2,(#9653,#9654,#9655),.UNSPECIFIED.,
 .F.,.F.,(3,3),(-0.938154632383671,0.),.UNSPECIFIED.);
#2714=B_SPLINE_CURVE_WITH_KNOTS('',2,(#9659,#9660,#9661),.UNSPECIFIED.,
 .F.,.F.,(3,3),(-2.,-1.28922342726714),.UNSPECIFIED.);
#2715=B_SPLINE_CURVE_WITH_KNOTS('',3,(#9671,#9672,#9673,#9674,#9675,#9676),
 .UNSPECIFIED.,.F.,.F.,(4,2,4),(-0.0003,-0.00015,0.),.UNSPECIFIED.);
#2716=B_SPLINE_CURVE_WITH_KNOTS('',2,(#9677,#9678,#9679),.UNSPECIFIED.,
 .F.,.F.,(3,3),(1.28922342726714,2.),.UNSPECIFIED.);
#2717=B_SPLINE_CURVE_WITH_KNOTS('',3,(#9686,#9687,#9688,#9689,#9690,#9691),
 .UNSPECIFIED.,.F.,.F.,(4,2,4),(-0.0003,-0.00015,0.),.UNSPECIFIED.);
#2718=B_SPLINE_CURVE_WITH_KNOTS('',3,(#9695,#9696,#9697,#9698,#9699,#9700),
 .UNSPECIFIED.,.F.,.F.,(4,2,4),(-0.0003,-0.00015,0.),.UNSPECIFIED.);
#2719=B_SPLINE_CURVE_WITH_KNOTS('',3,(#9705,#9706,#9707,#9708,#9709,#9710),
 .UNSPECIFIED.,.F.,.F.,(4,2,4),(-0.0003,-0.00015,0.),.UNSPECIFIED.);
#2720=B_SPLINE_CURVE_WITH_KNOTS('',3,(#9714,#9715,#9716,#9717,#9718,#9719),
 .UNSPECIFIED.,.F.,.F.,(4,2,4),(-0.0003,-0.00015,0.),.UNSPECIFIED.);
#2721=B_SPLINE_CURVE_WITH_KNOTS('',2,(#9722,#9723,#9724),.UNSPECIFIED.,
 .F.,.F.,(3,3),(0.580654245779983,0.800117347533249),.UNSPECIFIED.);
#2722=B_SPLINE_CURVE_WITH_KNOTS('',2,(#9725,#9726,#9727),.UNSPECIFIED.,
 .F.,.F.,(3,3),(0.109298913276948,0.216748220112607),.UNSPECIFIED.);
#2723=B_SPLINE_CURVE_WITH_KNOTS('',2,(#9736,#9737,#9738),.UNSPECIFIED.,
 .F.,.F.,(3,3),(-0.216748220112607,-0.109298913276948),.UNSPECIFIED.);
#2724=B_SPLINE_CURVE_WITH_KNOTS('',2,(#9740,#9741,#9742),.UNSPECIFIED.,
 .F.,.F.,(3,3),(-0.800117347533249,-0.580654245779983),.UNSPECIFIED.);
#2725=B_SPLINE_CURVE_WITH_KNOTS('',3,(#9778,#9779,#9780,#9781,#9782,#9783),
 .UNSPECIFIED.,.F.,.F.,(4,2,4),(-0.0003,-0.00015,0.),.UNSPECIFIED.);
#2726=B_SPLINE_CURVE_WITH_KNOTS('',3,(#9787,#9788,#9789,#9790,#9791,#9792),
 .UNSPECIFIED.,.F.,.F.,(4,2,4),(-0.0003,-0.00015,0.),.UNSPECIFIED.);
#2727=B_SPLINE_CURVE_WITH_KNOTS('',3,(#9797,#9798,#9799,#9800,#9801,#9802),
 .UNSPECIFIED.,.F.,.F.,(4,2,4),(-0.0003,-0.00015,0.),.UNSPECIFIED.);
#2728=B_SPLINE_CURVE_WITH_KNOTS('',3,(#9806,#9807,#9808,#9809,#9810,#9811),
 .UNSPECIFIED.,.F.,.F.,(4,2,4),(-0.0003,-0.00015,0.),.UNSPECIFIED.);
#2729=B_SPLINE_CURVE_WITH_KNOTS('',2,(#9814,#9815,#9816,#9817),
 .UNSPECIFIED.,.F.,.F.,(3,1,3),(0.883195135174883,1.,1.06442937521737),
 .UNSPECIFIED.);
#2730=B_SPLINE_CURVE_WITH_KNOTS('',2,(#9818,#9819,#9820),.UNSPECIFIED.,
 .F.,.F.,(3,3),(1.23347161348593,1.46827634943119),.UNSPECIFIED.);
#2731=B_SPLINE_CURVE_WITH_KNOTS('',2,(#9829,#9830,#9831,#9832),
 .UNSPECIFIED.,.F.,.F.,(3,1,3),(-1.06442937521737,-1.,-0.883195135174883),
 .UNSPECIFIED.);
#2732=B_SPLINE_CURVE_WITH_KNOTS('',2,(#9834,#9835,#9836),.UNSPECIFIED.,
 .F.,.F.,(3,3),(-1.46827634943119,-1.23347161348593),.UNSPECIFIED.);
#2733=B_SPLINE_CURVE_WITH_KNOTS('',3,(#9874,#9875,#9876,#9877,#9878,#9879),
 .UNSPECIFIED.,.F.,.F.,(4,2,4),(-0.0003,-0.00015,0.),.UNSPECIFIED.);
#2734=B_SPLINE_CURVE_WITH_KNOTS('',3,(#9883,#9884,#9885,#9886,#9887,#9888),
 .UNSPECIFIED.,.F.,.F.,(4,2,4),(-0.0003,-0.00015,0.),.UNSPECIFIED.);
#2735=B_SPLINE_CURVE_WITH_KNOTS('',3,(#9893,#9894,#9895,#9896,#9897,#9898),
 .UNSPECIFIED.,.F.,.F.,(4,2,4),(-0.0003,-0.00015,0.),.UNSPECIFIED.);
#2736=B_SPLINE_CURVE_WITH_KNOTS('',3,(#9902,#9903,#9904,#9905,#9906,#9907),
 .UNSPECIFIED.,.F.,.F.,(4,2,4),(-0.0003,-0.00015,0.),.UNSPECIFIED.);
#2737=B_SPLINE_CURVE_WITH_KNOTS('',2,(#9917,#9918,#9919),.UNSPECIFIED.,
 .F.,.F.,(3,3),(0.,0.150308066449991),.UNSPECIFIED.);
#2738=B_SPLINE_CURVE_WITH_KNOTS('',2,(#9920,#9921,#9922),.UNSPECIFIED.,
 .F.,.F.,(3,3),(-0.150308066449991,0.),.UNSPECIFIED.);
#2739=B_SPLINE_CURVE_WITH_KNOTS('',2,(#9934,#9935,#9936),.UNSPECIFIED.,
 .F.,.F.,(3,3),(-3.,-2.87399063817729),.UNSPECIFIED.);
#2740=B_SPLINE_CURVE_WITH_KNOTS('',2,(#9939,#9940,#9941),.UNSPECIFIED.,
 .F.,.F.,(3,3),(2.87399063817729,3.),.UNSPECIFIED.);
#2741=B_SPLINE_CURVE_WITH_KNOTS('',2,(#9943,#9944,#9945),.UNSPECIFIED.,
 .F.,.F.,(3,3),(0.,0.00720840495458922),.UNSPECIFIED.);
#2742=B_SPLINE_CURVE_WITH_KNOTS('',2,(#9954,#9955,#9956),.UNSPECIFIED.,
 .F.,.F.,(3,3),(-0.00720840495458922,0.),.UNSPECIFIED.);
#2743=B_SPLINE_CURVE_WITH_KNOTS('',3,(#10039,#10040,#10041,#10042,#10043,
#10044),.UNSPECIFIED.,.F.,.F.,(4,2,4),(-0.0003,-0.00015,0.),
 .UNSPECIFIED.);
#2744=B_SPLINE_CURVE_WITH_KNOTS('',3,(#10048,#10049,#10050,#10051,#10052,
#10053),.UNSPECIFIED.,.F.,.F.,(4,2,4),(-0.0003,-0.00015,0.),
 .UNSPECIFIED.);
#2745=B_SPLINE_CURVE_WITH_KNOTS('',3,(#10058,#10059,#10060,#10061,#10062,
#10063),.UNSPECIFIED.,.F.,.F.,(4,2,4),(-0.0003,-0.00015,0.),
 .UNSPECIFIED.);
#2746=B_SPLINE_CURVE_WITH_KNOTS('',3,(#10067,#10068,#10069,#10070,#10071,
#10072),.UNSPECIFIED.,.F.,.F.,(4,2,4),(-0.0003,-0.00015,0.),
 .UNSPECIFIED.);
#2747=B_SPLINE_CURVE_WITH_KNOTS('',2,(#10084,#10085,#10086),
 .UNSPECIFIED.,.F.,.F.,(3,3),(1.1764778700186,1.57125584262986),
 .UNSPECIFIED.);
#2748=B_SPLINE_CURVE_WITH_KNOTS('',2,(#10087,#10088,#10089),
 .UNSPECIFIED.,.F.,.F.,(3,3),(-1.57125584262986,-1.1764778700186),
 .UNSPECIFIED.);
#2749=B_SPLINE_CURVE_WITH_KNOTS('',2,(#10100,#10101,#10102),
 .UNSPECIFIED.,.F.,.F.,(3,3),(-1.58898949065629,-1.27527325758721),
 .UNSPECIFIED.);
#2750=B_SPLINE_CURVE_WITH_KNOTS('',2,(#10103,#10104,#10105),
 .UNSPECIFIED.,.F.,.F.,(3,3),(1.27527325758721,1.58898949065629),
 .UNSPECIFIED.);
#2751=B_SPLINE_CURVE_WITH_KNOTS('',3,(#10241,#10242,#10243,#10244,#10245,
#10246),.UNSPECIFIED.,.F.,.F.,(4,2,4),(-0.0003,-0.00015,0.),
 .UNSPECIFIED.);
#2752=B_SPLINE_CURVE_WITH_KNOTS('',3,(#10250,#10251,#10252,#10253,#10254,
#10255),.UNSPECIFIED.,.F.,.F.,(4,2,4),(-0.0003,-0.00015,0.),
 .UNSPECIFIED.);
#2753=B_SPLINE_CURVE_WITH_KNOTS('',2,(#10268,#10269,#10270),
 .UNSPECIFIED.,.F.,.F.,(3,3),(-3.,-2.12313714609467),.UNSPECIFIED.);
#2754=B_SPLINE_CURVE_WITH_KNOTS('',2,(#10273,#10274,#10275),
 .UNSPECIFIED.,.F.,.F.,(3,3),(2.12313714609467,3.),.UNSPECIFIED.);
#2755=B_SPLINE_CURVE_WITH_KNOTS('',2,(#10286,#10287,#10288),
 .UNSPECIFIED.,.F.,.F.,(3,3),(0.,0.793152294273874),.UNSPECIFIED.);
#2756=B_SPLINE_CURVE_WITH_KNOTS('',2,(#10289,#10290,#10291),
 .UNSPECIFIED.,.F.,.F.,(3,3),(-0.793152294273874,0.),.UNSPECIFIED.);
#2757=B_SPLINE_CURVE_WITH_KNOTS('',3,(#10375,#10376,#10377,#10378,#10379,
#10380),.UNSPECIFIED.,.F.,.F.,(4,2,4),(-0.0003,-0.00015,0.),
 .UNSPECIFIED.);
#2758=B_SPLINE_CURVE_WITH_KNOTS('',3,(#10384,#10385,#10386,#10387,#10388,
#10389),.UNSPECIFIED.,.F.,.F.,(4,2,4),(-0.0003,-0.00015,0.),
 .UNSPECIFIED.);
#2759=B_SPLINE_CURVE_WITH_KNOTS('',3,(#10394,#10395,#10396,#10397,#10398,
#10399),.UNSPECIFIED.,.F.,.F.,(4,2,4),(-0.0003,-0.00015,0.),
 .UNSPECIFIED.);
#2760=B_SPLINE_CURVE_WITH_KNOTS('',3,(#10403,#10404,#10405,#10406,#10407,
#10408),.UNSPECIFIED.,.F.,.F.,(4,2,4),(-0.0003,-0.00015,0.),
 .UNSPECIFIED.);
#2761=B_SPLINE_CURVE_WITH_KNOTS('',2,(#10418,#10419,#10420,#10421),
 .UNSPECIFIED.,.F.,.F.,(3,1,3),(-1.14828614684714,-1.,-0.778589606360139),
 .UNSPECIFIED.);
#2762=B_SPLINE_CURVE_WITH_KNOTS('',2,(#10422,#10423,#10424,#10425),
 .UNSPECIFIED.,.F.,.F.,(3,1,3),(0.778589606360139,1.,1.14828614684714),
 .UNSPECIFIED.);
#2763=B_SPLINE_CURVE_WITH_KNOTS('',2,(#10436,#10437,#10438),
 .UNSPECIFIED.,.F.,.F.,(3,3),(2.24331352315274,2.41788233840676),
 .UNSPECIFIED.);
#2764=B_SPLINE_CURVE_WITH_KNOTS('',2,(#10439,#10440,#10441),
 .UNSPECIFIED.,.F.,.F.,(3,3),(-2.41788233840676,-2.24331352315274),
 .UNSPECIFIED.);
#2765=B_SPLINE_CURVE_WITH_KNOTS('',3,(#10473,#10474,#10475,#10476,#10477,
#10478),.UNSPECIFIED.,.F.,.F.,(4,2,4),(-0.0003,-0.00015,0.),
 .UNSPECIFIED.);
#2766=B_SPLINE_CURVE_WITH_KNOTS('',3,(#10482,#10483,#10484,#10485,#10486,
#10487),.UNSPECIFIED.,.F.,.F.,(4,2,4),(-0.0003,-0.00015,0.),
 .UNSPECIFIED.);
#2767=B_SPLINE_CURVE_WITH_KNOTS('',3,(#10492,#10493,#10494,#10495,#10496,
#10497),.UNSPECIFIED.,.F.,.F.,(4,2,4),(-0.0003,-0.00015,0.),
 .UNSPECIFIED.);
#2768=B_SPLINE_CURVE_WITH_KNOTS('',3,(#10501,#10502,#10503,#10504,#10505,
#10506),.UNSPECIFIED.,.F.,.F.,(4,2,4),(-0.0003,-0.00015,0.),
 .UNSPECIFIED.);
#2769=B_SPLINE_CURVE_WITH_KNOTS('',2,(#10516,#10517,#10518,#10519),
 .UNSPECIFIED.,.F.,.F.,(3,1,3),(0.949467456353796,1.,1.38132930089391),
 .UNSPECIFIED.);
#2770=B_SPLINE_CURVE_WITH_KNOTS('',2,(#10520,#10521,#10522,#10523),
 .UNSPECIFIED.,.F.,.F.,(3,1,3),(-1.38132930089391,-1.,-0.949467456353796),
 .UNSPECIFIED.);
#2771=B_SPLINE_CURVE_WITH_KNOTS('',2,(#10534,#10535,#10536),
 .UNSPECIFIED.,.F.,.F.,(3,3),(-0.315252708441335,-0.0829705449029391),
 .UNSPECIFIED.);
#2772=B_SPLINE_CURVE_WITH_KNOTS('',2,(#10537,#10538,#10539),
 .UNSPECIFIED.,.F.,.F.,(3,3),(0.0829705449029391,0.315252708441335),
 .UNSPECIFIED.);
#2773=B_SPLINE_CURVE_WITH_KNOTS('',3,(#10571,#10572,#10573,#10574,#10575,
#10576),.UNSPECIFIED.,.F.,.F.,(4,2,4),(-0.0003,-0.00015,0.),
 .UNSPECIFIED.);
#2774=B_SPLINE_CURVE_WITH_KNOTS('',3,(#10580,#10581,#10582,#10583,#10584,
#10585),.UNSPECIFIED.,.F.,.F.,(4,2,4),(-0.0003,-0.00015,0.),
 .UNSPECIFIED.);
#2775=B_SPLINE_CURVE_WITH_KNOTS('',3,(#10590,#10591,#10592,#10593,#10594,
#10595),.UNSPECIFIED.,.F.,.F.,(4,2,4),(-0.0003,-0.00015,0.),
 .UNSPECIFIED.);
#2776=B_SPLINE_CURVE_WITH_KNOTS('',3,(#10599,#10600,#10601,#10602,#10603,
#10604),.UNSPECIFIED.,.F.,.F.,(4,2,4),(-0.0003,-0.00015,0.),
 .UNSPECIFIED.);
#2777=B_SPLINE_CURVE_WITH_KNOTS('',2,(#10607,#10608,#10609),
 .UNSPECIFIED.,.F.,.F.,(3,3),(2.57966381041699,2.73111393309742),
 .UNSPECIFIED.);
#2778=B_SPLINE_CURVE_WITH_KNOTS('',2,(#10610,#10611,#10612),
 .UNSPECIFIED.,.F.,.F.,(3,3),(0.32450751513783,0.526952997538005),
 .UNSPECIFIED.);
#2779=B_SPLINE_CURVE_WITH_KNOTS('',2,(#10614,#10615,#10616),
 .UNSPECIFIED.,.F.,.F.,(3,3),(-0.526952997538005,-0.32450751513783),
 .UNSPECIFIED.);
#2780=B_SPLINE_CURVE_WITH_KNOTS('',2,(#10617,#10618,#10619),
 .UNSPECIFIED.,.F.,.F.,(3,3),(-2.73111393309742,-2.57966381041699),
 .UNSPECIFIED.);
#2781=B_SPLINE_CURVE_WITH_KNOTS('',3,(#10723,#10724,#10725,#10726,#10727,
#10728),.UNSPECIFIED.,.F.,.F.,(4,2,4),(-0.0003,-0.00015,0.),
 .UNSPECIFIED.);
#2782=B_SPLINE_CURVE_WITH_KNOTS('',3,(#10733,#10734,#10735,#10736,#10737,
#10738),.UNSPECIFIED.,.F.,.F.,(4,2,4),(-0.0003,-0.00015,0.),
 .UNSPECIFIED.);
#2783=B_SPLINE_CURVE_WITH_KNOTS('',2,(#10748,#10749,#10750),
 .UNSPECIFIED.,.F.,.F.,(3,3),(1.71214933842279,1.99088237332735),
 .UNSPECIFIED.);
#2784=B_SPLINE_CURVE_WITH_KNOTS('',2,(#10752,#10753,#10754),
 .UNSPECIFIED.,.F.,.F.,(3,3),(-1.99088237332735,-1.71214933842279),
 .UNSPECIFIED.);
#2785=B_SPLINE_CURVE_WITH_KNOTS('',3,(#10862,#10863,#10864,#10865,#10866,
#10867),.UNSPECIFIED.,.F.,.F.,(4,2,4),(-0.0003,-0.00015,0.),
 .UNSPECIFIED.);
#2786=B_SPLINE_CURVE_WITH_KNOTS('',3,(#10871,#10872,#10873,#10874,#10875,
#10876),.UNSPECIFIED.,.F.,.F.,(4,2,4),(-0.0003,-0.00015,0.),
 .UNSPECIFIED.);
#2787=B_SPLINE_CURVE_WITH_KNOTS('',3,(#10881,#10882,#10883,#10884,#10885,
#10886),.UNSPECIFIED.,.F.,.F.,(4,2,4),(-0.0003,-0.00015,0.),
 .UNSPECIFIED.);
#2788=B_SPLINE_CURVE_WITH_KNOTS('',3,(#10890,#10891,#10892,#10893,#10894,
#10895),.UNSPECIFIED.,.F.,.F.,(4,2,4),(-0.0003,-0.00015,0.),
 .UNSPECIFIED.);
#2789=B_SPLINE_CURVE_WITH_KNOTS('',2,(#10904,#10905,#10906),
 .UNSPECIFIED.,.F.,.F.,(3,3),(-1.,-0.990048979958153),.UNSPECIFIED.);
#2790=B_SPLINE_CURVE_WITH_KNOTS('',2,(#10909,#10910,#10911),
 .UNSPECIFIED.,.F.,.F.,(3,3),(0.990048979958153,1.),.UNSPECIFIED.);
#2791=B_SPLINE_CURVE_WITH_KNOTS('',2,(#10918,#10919,#10920),
 .UNSPECIFIED.,.F.,.F.,(3,3),(0.,0.321317633405694),.UNSPECIFIED.);
#2792=B_SPLINE_CURVE_WITH_KNOTS('',2,(#10921,#10922,#10923),
 .UNSPECIFIED.,.F.,.F.,(3,3),(-0.321317633405694,0.),.UNSPECIFIED.);
#2793=B_SPLINE_CURVE_WITH_KNOTS('',2,(#10925,#10926,#10927),
 .UNSPECIFIED.,.F.,.F.,(3,3),(0.330500791553125,0.45181615787316),
 .UNSPECIFIED.);
#2794=B_SPLINE_CURVE_WITH_KNOTS('',2,(#10936,#10937,#10938),
 .UNSPECIFIED.,.F.,.F.,(3,3),(-0.45181615787316,-0.330500791553125),
 .UNSPECIFIED.);
#2795=B_SPLINE_CURVE_WITH_KNOTS('',3,(#11025,#11026,#11027,#11028,#11029,
#11030),.UNSPECIFIED.,.F.,.F.,(4,2,4),(-0.0003,-0.00015,0.),
 .UNSPECIFIED.);
#2796=B_SPLINE_CURVE_WITH_KNOTS('',3,(#11039,#11040,#11041,#11042,#11043,
#11044),.UNSPECIFIED.,.F.,.F.,(4,2,4),(-0.0003,-0.00015,0.),
 .UNSPECIFIED.);
#2797=B_SPLINE_CURVE_WITH_KNOTS('',2,(#11050,#11051,#11052),
 .UNSPECIFIED.,.F.,.F.,(3,3),(0.0925474108883574,0.810096556150534),
 .UNSPECIFIED.);
#2798=B_SPLINE_CURVE_WITH_KNOTS('',2,(#11054,#11055,#11056),
 .UNSPECIFIED.,.F.,.F.,(3,3),(-0.810096556150534,-0.0925474108883574),
 .UNSPECIFIED.);
#2799=VERTEX_POINT('',#8741);
#2800=VERTEX_POINT('',#8742);
#2801=VERTEX_POINT('',#8753);
#2802=VERTEX_POINT('',#8755);
#2803=VERTEX_POINT('',#8757);
#2804=VERTEX_POINT('',#8761);
#2805=VERTEX_POINT('',#8762);
#2806=VERTEX_POINT('',#8773);
#2807=VERTEX_POINT('',#8775);
#2808=VERTEX_POINT('',#8777);
#2809=VERTEX_POINT('',#8781);
#2810=VERTEX_POINT('',#8783);
#2811=VERTEX_POINT('',#8787);
#2812=VERTEX_POINT('',#8789);
#2813=VERTEX_POINT('',#8793);
#2814=VERTEX_POINT('',#8795);
#2815=VERTEX_POINT('',#8802);
#2816=VERTEX_POINT('',#8803);
#2817=VERTEX_POINT('',#8805);
#2818=VERTEX_POINT('',#8807);
#2819=VERTEX_POINT('',#8812);
#2820=VERTEX_POINT('',#8813);
#2821=VERTEX_POINT('',#8824);
#2822=VERTEX_POINT('',#8826);
#2823=VERTEX_POINT('',#8828);
#2824=VERTEX_POINT('',#8832);
#2825=VERTEX_POINT('',#8834);
#2826=VERTEX_POINT('',#8838);
#2827=VERTEX_POINT('',#8840);
#2828=VERTEX_POINT('',#8844);
#2829=VERTEX_POINT('',#8846);
#2830=VERTEX_POINT('',#8850);
#2831=VERTEX_POINT('',#8852);
#2832=VERTEX_POINT('',#8856);
#2833=VERTEX_POINT('',#8857);
#2834=VERTEX_POINT('',#8868);
#2835=VERTEX_POINT('',#8873);
#2836=VERTEX_POINT('',#8874);
#2837=VERTEX_POINT('',#8876);
#2838=VERTEX_POINT('',#8878);
#2839=VERTEX_POINT('',#8883);
#2840=VERTEX_POINT('',#8884);
#2841=VERTEX_POINT('',#8895);
#2842=VERTEX_POINT('',#8897);
#2843=VERTEX_POINT('',#8899);
#2844=VERTEX_POINT('',#8903);
#2845=VERTEX_POINT('',#8904);
#2846=VERTEX_POINT('',#8915);
#2847=VERTEX_POINT('',#8917);
#2848=VERTEX_POINT('',#8919);
#2849=VERTEX_POINT('',#8923);
#2850=VERTEX_POINT('',#8925);
#2851=VERTEX_POINT('',#8929);
#2852=VERTEX_POINT('',#8931);
#2853=VERTEX_POINT('',#8935);
#2854=VERTEX_POINT('',#8937);
#2855=VERTEX_POINT('',#8941);
#2856=VERTEX_POINT('',#8943);
#2857=VERTEX_POINT('',#8950);
#2858=VERTEX_POINT('',#8951);
#2859=VERTEX_POINT('',#8953);
#2860=VERTEX_POINT('',#8955);
#2861=VERTEX_POINT('',#8960);
#2862=VERTEX_POINT('',#8961);
#2863=VERTEX_POINT('',#8972);
#2864=VERTEX_POINT('',#8974);
#2865=VERTEX_POINT('',#8976);
#2866=VERTEX_POINT('',#8980);
#2867=VERTEX_POINT('',#8982);
#2868=VERTEX_POINT('',#8986);
#2869=VERTEX_POINT('',#8988);
#2870=VERTEX_POINT('',#8992);
#2871=VERTEX_POINT('',#8994);
#2872=VERTEX_POINT('',#8998);
#2873=VERTEX_POINT('',#9000);
#2874=VERTEX_POINT('',#9004);
#2875=VERTEX_POINT('',#9005);
#2876=VERTEX_POINT('',#9016);
#2877=VERTEX_POINT('',#9021);
#2878=VERTEX_POINT('',#9022);
#2879=VERTEX_POINT('',#9024);
#2880=VERTEX_POINT('',#9026);
#2881=VERTEX_POINT('',#9031);
#2882=VERTEX_POINT('',#9033);
#2883=VERTEX_POINT('',#9048);
#2884=VERTEX_POINT('',#9052);
#2885=VERTEX_POINT('',#9054);
#2886=VERTEX_POINT('',#9058);
#2887=VERTEX_POINT('',#9059);
#2888=VERTEX_POINT('',#9064);
#2889=VERTEX_POINT('',#9068);
#2890=VERTEX_POINT('',#9072);
#2891=VERTEX_POINT('',#9073);
#2892=VERTEX_POINT('',#9075);
#2893=VERTEX_POINT('',#9079);
#2894=VERTEX_POINT('',#9080);
#2895=VERTEX_POINT('',#9082);
#2896=VERTEX_POINT('',#9089);
#2897=VERTEX_POINT('',#9090);
#2898=VERTEX_POINT('',#9092);
#2899=VERTEX_POINT('',#9096);
#2900=VERTEX_POINT('',#9097);
#2901=VERTEX_POINT('',#9099);
#2902=VERTEX_POINT('',#9105);
#2903=VERTEX_POINT('',#9106);
#2904=VERTEX_POINT('',#9108);
#2905=VERTEX_POINT('',#9158);
#2906=VERTEX_POINT('',#9159);
#2907=VERTEX_POINT('',#9161);
#2908=VERTEX_POINT('',#9163);
#2909=VERTEX_POINT('',#9167);
#2910=VERTEX_POINT('',#9169);
#2911=VERTEX_POINT('',#9173);
#2912=VERTEX_POINT('',#9175);
#2913=VERTEX_POINT('',#9179);
#2914=VERTEX_POINT('',#9181);
#2915=VERTEX_POINT('',#9185);
#2916=VERTEX_POINT('',#9187);
#2917=VERTEX_POINT('',#9191);
#2918=VERTEX_POINT('',#9193);
#2919=VERTEX_POINT('',#9197);
#2920=VERTEX_POINT('',#9199);
#2921=VERTEX_POINT('',#9203);
#2922=VERTEX_POINT('',#9205);
#2923=VERTEX_POINT('',#9214);
#2924=VERTEX_POINT('',#9215);
#2925=VERTEX_POINT('',#9217);
#2926=VERTEX_POINT('',#9219);
#2927=VERTEX_POINT('',#9223);
#2928=VERTEX_POINT('',#9225);
#2929=VERTEX_POINT('',#9229);
#2930=VERTEX_POINT('',#9231);
#2931=VERTEX_POINT('',#9235);
#2932=VERTEX_POINT('',#9237);
#2933=VERTEX_POINT('',#9241);
#2934=VERTEX_POINT('',#9243);
#2935=VERTEX_POINT('',#9247);
#2936=VERTEX_POINT('',#9249);
#2937=VERTEX_POINT('',#9253);
#2938=VERTEX_POINT('',#9255);
#2939=VERTEX_POINT('',#9259);
#2940=VERTEX_POINT('',#9261);
#2941=VERTEX_POINT('',#9270);
#2942=VERTEX_POINT('',#9271);
#2943=VERTEX_POINT('',#9273);
#2944=VERTEX_POINT('',#9275);
#2945=VERTEX_POINT('',#9279);
#2946=VERTEX_POINT('',#9281);
#2947=VERTEX_POINT('',#9285);
#2948=VERTEX_POINT('',#9287);
#2949=VERTEX_POINT('',#9291);
#2950=VERTEX_POINT('',#9293);
#2951=VERTEX_POINT('',#9297);
#2952=VERTEX_POINT('',#9299);
#2953=VERTEX_POINT('',#9303);
#2954=VERTEX_POINT('',#9305);
#2955=VERTEX_POINT('',#9309);
#2956=VERTEX_POINT('',#9311);
#2957=VERTEX_POINT('',#9315);
#2958=VERTEX_POINT('',#9317);
#2959=VERTEX_POINT('',#9326);
#2960=VERTEX_POINT('',#9327);
#2961=VERTEX_POINT('',#9329);
#2962=VERTEX_POINT('',#9331);
#2963=VERTEX_POINT('',#9335);
#2964=VERTEX_POINT('',#9337);
#2965=VERTEX_POINT('',#9341);
#2966=VERTEX_POINT('',#9343);
#2967=VERTEX_POINT('',#9347);
#2968=VERTEX_POINT('',#9349);
#2969=VERTEX_POINT('',#9353);
#2970=VERTEX_POINT('',#9355);
#2971=VERTEX_POINT('',#9359);
#2972=VERTEX_POINT('',#9361);
#2973=VERTEX_POINT('',#9365);
#2974=VERTEX_POINT('',#9367);
#2975=VERTEX_POINT('',#9371);
#2976=VERTEX_POINT('',#9373);
#2977=VERTEX_POINT('',#9377);
#2978=VERTEX_POINT('',#9379);
#2979=VERTEX_POINT('',#9389);
#2980=VERTEX_POINT('',#9390);
#2981=VERTEX_POINT('',#9392);
#2982=VERTEX_POINT('',#9394);
#2983=VERTEX_POINT('',#9398);
#2984=VERTEX_POINT('',#9400);
#2985=VERTEX_POINT('',#9404);
#2986=VERTEX_POINT('',#9406);
#2987=VERTEX_POINT('',#9410);
#2988=VERTEX_POINT('',#9412);
#2989=VERTEX_POINT('',#9416);
#2990=VERTEX_POINT('',#9418);
#2991=VERTEX_POINT('',#9422);
#2992=VERTEX_POINT('',#9424);
#2993=VERTEX_POINT('',#9428);
#2994=VERTEX_POINT('',#9430);
#2995=VERTEX_POINT('',#9440);
#2996=VERTEX_POINT('',#9441);
#2997=VERTEX_POINT('',#9448);
#2998=VERTEX_POINT('',#9450);
#2999=VERTEX_POINT('',#9459);
#3000=VERTEX_POINT('',#9460);
#3001=VERTEX_POINT('',#9467);
#3002=VERTEX_POINT('',#9469);
#3003=VERTEX_POINT('',#9478);
#3004=VERTEX_POINT('',#9479);
#3005=VERTEX_POINT('',#9486);
#3006=VERTEX_POINT('',#9488);
#3007=VERTEX_POINT('',#9497);
#3008=VERTEX_POINT('',#9541);
#3009=VERTEX_POINT('',#9558);
#3010=VERTEX_POINT('',#9559);
#3011=VERTEX_POINT('',#9566);
#3012=VERTEX_POINT('',#9568);
#3013=VERTEX_POINT('',#9577);
#3014=VERTEX_POINT('',#9578);
#3015=VERTEX_POINT('',#9585);
#3016=VERTEX_POINT('',#9587);
#3017=VERTEX_POINT('',#9639);
#3018=VERTEX_POINT('',#9640);
#3019=VERTEX_POINT('',#9647);
#3020=VERTEX_POINT('',#9651);
#3021=VERTEX_POINT('',#9657);
#3022=VERTEX_POINT('',#9670);
#3023=VERTEX_POINT('',#9684);
#3024=VERTEX_POINT('',#9685);
#3025=VERTEX_POINT('',#9692);
#3026=VERTEX_POINT('',#9694);
#3027=VERTEX_POINT('',#9703);
#3028=VERTEX_POINT('',#9704);
#3029=VERTEX_POINT('',#9711);
#3030=VERTEX_POINT('',#9713);
#3031=VERTEX_POINT('',#9750);
#3032=VERTEX_POINT('',#9751);
#3033=VERTEX_POINT('',#9753);
#3034=VERTEX_POINT('',#9755);
#3035=VERTEX_POINT('',#9759);
#3036=VERTEX_POINT('',#9760);
#3037=VERTEX_POINT('',#9762);
#3038=VERTEX_POINT('',#9764);
#3039=VERTEX_POINT('',#9776);
#3040=VERTEX_POINT('',#9777);
#3041=VERTEX_POINT('',#9784);
#3042=VERTEX_POINT('',#9786);
#3043=VERTEX_POINT('',#9795);
#3044=VERTEX_POINT('',#9796);
#3045=VERTEX_POINT('',#9803);
#3046=VERTEX_POINT('',#9805);
#3047=VERTEX_POINT('',#9846);
#3048=VERTEX_POINT('',#9847);
#3049=VERTEX_POINT('',#9849);
#3050=VERTEX_POINT('',#9851);
#3051=VERTEX_POINT('',#9855);
#3052=VERTEX_POINT('',#9856);
#3053=VERTEX_POINT('',#9858);
#3054=VERTEX_POINT('',#9860);
#3055=VERTEX_POINT('',#9872);
#3056=VERTEX_POINT('',#9873);
#3057=VERTEX_POINT('',#9880);
#3058=VERTEX_POINT('',#9882);
#3059=VERTEX_POINT('',#9891);
#3060=VERTEX_POINT('',#9892);
#3061=VERTEX_POINT('',#9899);
#3062=VERTEX_POINT('',#9901);
#3063=VERTEX_POINT('',#9933);
#3064=VERTEX_POINT('',#9937);
#3065=VERTEX_POINT('',#9959);
#3066=VERTEX_POINT('',#9960);
#3067=VERTEX_POINT('',#9962);
#3068=VERTEX_POINT('',#9964);
#3069=VERTEX_POINT('',#9968);
#3070=VERTEX_POINT('',#9970);
#3071=VERTEX_POINT('',#9974);
#3072=VERTEX_POINT('',#9976);
#3073=VERTEX_POINT('',#9985);
#3074=VERTEX_POINT('',#9986);
#3075=VERTEX_POINT('',#9988);
#3076=VERTEX_POINT('',#9990);
#3077=VERTEX_POINT('',#9994);
#3078=VERTEX_POINT('',#9995);
#3079=VERTEX_POINT('',#9997);
#3080=VERTEX_POINT('',#9999);
#3081=VERTEX_POINT('',#10011);
#3082=VERTEX_POINT('',#10012);
#3083=VERTEX_POINT('',#10014);
#3084=VERTEX_POINT('',#10016);
#3085=VERTEX_POINT('',#10020);
#3086=VERTEX_POINT('',#10021);
#3087=VERTEX_POINT('',#10026);
#3088=VERTEX_POINT('',#10030);
#3089=VERTEX_POINT('',#10037);
#3090=VERTEX_POINT('',#10038);
#3091=VERTEX_POINT('',#10045);
#3092=VERTEX_POINT('',#10047);
#3093=VERTEX_POINT('',#10056);
#3094=VERTEX_POINT('',#10057);
#3095=VERTEX_POINT('',#10064);
#3096=VERTEX_POINT('',#10066);
#3097=VERTEX_POINT('',#10109);
#3098=VERTEX_POINT('',#10110);
#3099=VERTEX_POINT('',#10112);
#3100=VERTEX_POINT('',#10114);
#3101=VERTEX_POINT('',#10118);
#3102=VERTEX_POINT('',#10119);
#3103=VERTEX_POINT('',#10121);
#3104=VERTEX_POINT('',#10123);
#3105=VERTEX_POINT('',#10135);
#3106=VERTEX_POINT('',#10136);
#3107=VERTEX_POINT('',#10138);
#3108=VERTEX_POINT('',#10140);
#3109=VERTEX_POINT('',#10144);
#3110=VERTEX_POINT('',#10145);
#3111=VERTEX_POINT('',#10147);
#3112=VERTEX_POINT('',#10149);
#3113=VERTEX_POINT('',#10161);
#3114=VERTEX_POINT('',#10162);
#3115=VERTEX_POINT('',#10164);
#3116=VERTEX_POINT('',#10166);
#3117=VERTEX_POINT('',#10170);
#3118=VERTEX_POINT('',#10171);
#3119=VERTEX_POINT('',#10173);
#3120=VERTEX_POINT('',#10175);
#3121=VERTEX_POINT('',#10187);
#3122=VERTEX_POINT('',#10188);
#3123=VERTEX_POINT('',#10190);
#3124=VERTEX_POINT('',#10192);
#3125=VERTEX_POINT('',#10196);
#3126=VERTEX_POINT('',#10198);
#3127=VERTEX_POINT('',#10202);
#3128=VERTEX_POINT('',#10204);
#3129=VERTEX_POINT('',#10213);
#3130=VERTEX_POINT('',#10214);
#3131=VERTEX_POINT('',#10216);
#3132=VERTEX_POINT('',#10218);
#3133=VERTEX_POINT('',#10222);
#3134=VERTEX_POINT('',#10223);
#3135=VERTEX_POINT('',#10225);
#3136=VERTEX_POINT('',#10227);
#3137=VERTEX_POINT('',#10239);
#3138=VERTEX_POINT('',#10240);
#3139=VERTEX_POINT('',#10247);
#3140=VERTEX_POINT('',#10249);
#3141=VERTEX_POINT('',#10267);
#3142=VERTEX_POINT('',#10271);
#3143=VERTEX_POINT('',#10295);
#3144=VERTEX_POINT('',#10296);
#3145=VERTEX_POINT('',#10298);
#3146=VERTEX_POINT('',#10300);
#3147=VERTEX_POINT('',#10304);
#3148=VERTEX_POINT('',#10305);
#3149=VERTEX_POINT('',#10307);
#3150=VERTEX_POINT('',#10309);
#3151=VERTEX_POINT('',#10321);
#3152=VERTEX_POINT('',#10322);
#3153=VERTEX_POINT('',#10324);
#3154=VERTEX_POINT('',#10326);
#3155=VERTEX_POINT('',#10330);
#3156=VERTEX_POINT('',#10331);
#3157=VERTEX_POINT('',#10333);
#3158=VERTEX_POINT('',#10335);
#3159=VERTEX_POINT('',#10347);
#3160=VERTEX_POINT('',#10348);
#3161=VERTEX_POINT('',#10350);
#3162=VERTEX_POINT('',#10352);
#3163=VERTEX_POINT('',#10356);
#3164=VERTEX_POINT('',#10357);
#3165=VERTEX_POINT('',#10359);
#3166=VERTEX_POINT('',#10361);
#3167=VERTEX_POINT('',#10373);
#3168=VERTEX_POINT('',#10374);
#3169=VERTEX_POINT('',#10381);
#3170=VERTEX_POINT('',#10383);
#3171=VERTEX_POINT('',#10392);
#3172=VERTEX_POINT('',#10393);
#3173=VERTEX_POINT('',#10400);
#3174=VERTEX_POINT('',#10402);
#3175=VERTEX_POINT('',#10445);
#3176=VERTEX_POINT('',#10446);
#3177=VERTEX_POINT('',#10448);
#3178=VERTEX_POINT('',#10450);
#3179=VERTEX_POINT('',#10454);
#3180=VERTEX_POINT('',#10455);
#3181=VERTEX_POINT('',#10457);
#3182=VERTEX_POINT('',#10459);
#3183=VERTEX_POINT('',#10471);
#3184=VERTEX_POINT('',#10472);
#3185=VERTEX_POINT('',#10479);
#3186=VERTEX_POINT('',#10481);
#3187=VERTEX_POINT('',#10490);
#3188=VERTEX_POINT('',#10491);
#3189=VERTEX_POINT('',#10498);
#3190=VERTEX_POINT('',#10500);
#3191=VERTEX_POINT('',#10543);
#3192=VERTEX_POINT('',#10544);
#3193=VERTEX_POINT('',#10546);
#3194=VERTEX_POINT('',#10548);
#3195=VERTEX_POINT('',#10552);
#3196=VERTEX_POINT('',#10553);
#3197=VERTEX_POINT('',#10555);
#3198=VERTEX_POINT('',#10557);
#3199=VERTEX_POINT('',#10569);
#3200=VERTEX_POINT('',#10570);
#3201=VERTEX_POINT('',#10577);
#3202=VERTEX_POINT('',#10579);
#3203=VERTEX_POINT('',#10588);
#3204=VERTEX_POINT('',#10589);
#3205=VERTEX_POINT('',#10596);
#3206=VERTEX_POINT('',#10598);
#3207=VERTEX_POINT('',#10639);
#3208=VERTEX_POINT('',#10640);
#3209=VERTEX_POINT('',#10642);
#3210=VERTEX_POINT('',#10644);
#3211=VERTEX_POINT('',#10648);
#3212=VERTEX_POINT('',#10650);
#3213=VERTEX_POINT('',#10654);
#3214=VERTEX_POINT('',#10656);
#3215=VERTEX_POINT('',#10665);
#3216=VERTEX_POINT('',#10666);
#3217=VERTEX_POINT('',#10668);
#3218=VERTEX_POINT('',#10670);
#3219=VERTEX_POINT('',#10674);
#3220=VERTEX_POINT('',#10675);
#3221=VERTEX_POINT('',#10677);
#3222=VERTEX_POINT('',#10679);
#3223=VERTEX_POINT('',#10691);
#3224=VERTEX_POINT('',#10692);
#3225=VERTEX_POINT('',#10694);
#3226=VERTEX_POINT('',#10696);
#3227=VERTEX_POINT('',#10700);
#3228=VERTEX_POINT('',#10702);
#3229=VERTEX_POINT('',#10706);
#3230=VERTEX_POINT('',#10708);
#3231=VERTEX_POINT('',#10717);
#3232=VERTEX_POINT('',#10718);
#3233=VERTEX_POINT('',#10720);
#3234=VERTEX_POINT('',#10722);
#3235=VERTEX_POINT('',#10731);
#3236=VERTEX_POINT('',#10732);
#3237=VERTEX_POINT('',#10739);
#3238=VERTEX_POINT('',#10741);
#3239=VERTEX_POINT('',#10764);
#3240=VERTEX_POINT('',#10765);
#3241=VERTEX_POINT('',#10767);
#3242=VERTEX_POINT('',#10769);
#3243=VERTEX_POINT('',#10773);
#3244=VERTEX_POINT('',#10774);
#3245=VERTEX_POINT('',#10779);
#3246=VERTEX_POINT('',#10780);
#3247=VERTEX_POINT('',#10790);
#3248=VERTEX_POINT('',#10791);
#3249=VERTEX_POINT('',#10793);
#3250=VERTEX_POINT('',#10795);
#3251=VERTEX_POINT('',#10799);
#3252=VERTEX_POINT('',#10800);
#3253=VERTEX_POINT('',#10802);
#3254=VERTEX_POINT('',#10804);
#3255=VERTEX_POINT('',#10808);
#3256=VERTEX_POINT('',#10809);
#3257=VERTEX_POINT('',#10811);
#3258=VERTEX_POINT('',#10813);
#3259=VERTEX_POINT('',#10817);
#3260=VERTEX_POINT('',#10819);
#3261=VERTEX_POINT('',#10834);
#3262=VERTEX_POINT('',#10835);
#3263=VERTEX_POINT('',#10837);
#3264=VERTEX_POINT('',#10839);
#3265=VERTEX_POINT('',#10843);
#3266=VERTEX_POINT('',#10844);
#3267=VERTEX_POINT('',#10849);
#3268=VERTEX_POINT('',#10850);
#3269=VERTEX_POINT('',#10860);
#3270=VERTEX_POINT('',#10861);
#3271=VERTEX_POINT('',#10868);
#3272=VERTEX_POINT('',#10870);
#3273=VERTEX_POINT('',#10879);
#3274=VERTEX_POINT('',#10880);
#3275=VERTEX_POINT('',#10887);
#3276=VERTEX_POINT('',#10889);
#3277=VERTEX_POINT('',#10903);
#3278=VERTEX_POINT('',#10907);
#3279=VERTEX_POINT('',#10941);
#3280=VERTEX_POINT('',#10942);
#3281=VERTEX_POINT('',#10944);
#3282=VERTEX_POINT('',#10946);
#3283=VERTEX_POINT('',#10950);
#3284=VERTEX_POINT('',#10951);
#3285=VERTEX_POINT('',#10953);
#3286=VERTEX_POINT('',#10955);
#3287=VERTEX_POINT('',#10967);
#3288=VERTEX_POINT('',#10968);
#3289=VERTEX_POINT('',#10970);
#3290=VERTEX_POINT('',#10972);
#3291=VERTEX_POINT('',#10976);
#3292=VERTEX_POINT('',#10977);
#3293=VERTEX_POINT('',#10979);
#3294=VERTEX_POINT('',#10981);
#3295=VERTEX_POINT('',#10993);
#3296=VERTEX_POINT('',#10994);
#3297=VERTEX_POINT('',#10996);
#3298=VERTEX_POINT('',#10998);
#3299=VERTEX_POINT('',#11002);
#3300=VERTEX_POINT('',#11003);
#3301=VERTEX_POINT('',#11008);
#3302=VERTEX_POINT('',#11009);
#3303=VERTEX_POINT('',#11019);
#3304=VERTEX_POINT('',#11020);
#3305=VERTEX_POINT('',#11022);
#3306=VERTEX_POINT('',#11024);
#3307=VERTEX_POINT('',#11033);
#3308=VERTEX_POINT('',#11034);
#3309=VERTEX_POINT('',#11036);
#3310=VERTEX_POINT('',#11038);
#3311=VERTEX_POINT('',#11064);
#3312=VERTEX_POINT('',#11065);
#3313=VERTEX_POINT('',#11067);
#3314=VERTEX_POINT('',#11069);
#3315=VERTEX_POINT('',#11073);
#3316=VERTEX_POINT('',#11075);
#3317=VERTEX_POINT('',#11079);
#3318=VERTEX_POINT('',#11081);
#3319=VERTEX_POINT('',#11090);
#3320=VERTEX_POINT('',#11091);
#3321=VERTEX_POINT('',#11093);
#3322=VERTEX_POINT('',#11095);
#3323=VERTEX_POINT('',#11099);
#3324=VERTEX_POINT('',#11100);
#3325=VERTEX_POINT('',#11102);
#3326=VERTEX_POINT('',#11104);
#3327=VERTEX_POINT('',#11116);
#3328=VERTEX_POINT('',#11117);
#3329=VERTEX_POINT('',#11119);
#3330=VERTEX_POINT('',#11121);
#3331=VERTEX_POINT('',#11125);
#3332=VERTEX_POINT('',#11126);
#3333=VERTEX_POINT('',#11131);
#3334=VERTEX_POINT('',#11135);
#3335=VERTEX_POINT('',#11142);
#3336=VERTEX_POINT('',#11143);
#3337=VERTEX_POINT('',#11145);
#3338=VERTEX_POINT('',#11147);
#3339=VERTEX_POINT('',#11151);
#3340=VERTEX_POINT('',#11152);
#3341=VERTEX_POINT('',#11157);
#3342=VERTEX_POINT('',#11161);
#3343=VERTEX_POINT('',#11168);
#3344=VERTEX_POINT('',#11169);
#3345=VERTEX_POINT('',#11171);
#3346=VERTEX_POINT('',#11173);
#3347=VERTEX_POINT('',#11177);
#3348=VERTEX_POINT('',#11179);
#3349=VERTEX_POINT('',#11183);
#3350=VERTEX_POINT('',#11185);
#3351=VERTEX_POINT('',#11194);
#3352=VERTEX_POINT('',#11195);
#3353=VERTEX_POINT('',#11198);
#3354=VERTEX_POINT('',#11200);
#3355=VERTEX_POINT('',#11207);
#3356=VERTEX_POINT('',#11208);
#3357=VERTEX_POINT('',#11210);
#3358=VERTEX_POINT('',#11212);
#3359=VERTEX_POINT('',#11216);
#3360=VERTEX_POINT('',#11218);
#3361=VERTEX_POINT('',#11222);
#3362=VERTEX_POINT('',#11224);
#3363=VERTEX_POINT('',#11228);
#3364=VERTEX_POINT('',#11230);
#3365=VERTEX_POINT('',#11234);
#3366=VERTEX_POINT('',#11236);
#3367=VERTEX_POINT('',#11240);
#3368=VERTEX_POINT('',#11242);
#3369=VERTEX_POINT('',#11246);
#3370=VERTEX_POINT('',#11248);
#3371=EDGE_CURVE('',#2799,#2800,#2681,.T.);
#3372=EDGE_CURVE('',#2801,#2799,#1403,.T.);
#3373=EDGE_CURVE('',#2801,#2802,#1291,.T.);
#3374=EDGE_CURVE('',#2803,#2802,#1404,.T.);
#3375=EDGE_CURVE('',#2800,#2803,#1292,.T.);
#3376=EDGE_CURVE('',#2804,#2805,#2682,.T.);
#3377=EDGE_CURVE('',#2806,#2804,#1293,.T.);
#3378=EDGE_CURVE('',#2806,#2807,#1405,.T.);
#3379=EDGE_CURVE('',#2807,#2808,#1294,.T.);
#3380=EDGE_CURVE('',#2805,#2808,#1406,.T.);
#3381=EDGE_CURVE('',#2809,#2806,#1407,.T.);
#3382=EDGE_CURVE('',#2809,#2810,#1408,.T.);
#3383=EDGE_CURVE('',#2810,#2807,#1409,.T.);
#3384=EDGE_CURVE('',#2811,#2809,#1410,.T.);
#3385=EDGE_CURVE('',#2811,#2812,#1411,.T.);
#3386=EDGE_CURVE('',#2812,#2810,#1412,.T.);
#3387=EDGE_CURVE('',#2813,#2811,#1413,.T.);
#3388=EDGE_CURVE('',#2813,#2814,#1414,.T.);
#3389=EDGE_CURVE('',#2814,#2812,#1415,.T.);
#3390=EDGE_CURVE('',#2803,#2813,#1416,.T.);
#3391=EDGE_CURVE('',#2802,#2814,#1417,.T.);
#3392=EDGE_CURVE('',#2815,#2816,#1295,.T.);
#3393=EDGE_CURVE('',#2817,#2815,#1296,.T.);
#3394=EDGE_CURVE('',#2818,#2817,#1297,.T.);
#3395=EDGE_CURVE('',#2808,#2818,#1418,.T.);
#3396=EDGE_CURVE('',#2816,#2801,#1419,.T.);
#3397=EDGE_CURVE('',#2819,#2820,#2683,.T.);
#3398=EDGE_CURVE('',#2821,#2819,#1298,.T.);
#3399=EDGE_CURVE('',#2821,#2822,#1420,.T.);
#3400=EDGE_CURVE('',#2822,#2823,#1299,.T.);
#3401=EDGE_CURVE('',#2820,#2823,#1421,.T.);
#3402=EDGE_CURVE('',#2824,#2821,#1422,.T.);
#3403=EDGE_CURVE('',#2824,#2825,#1423,.T.);
#3404=EDGE_CURVE('',#2825,#2822,#1424,.T.);
#3405=EDGE_CURVE('',#2826,#2824,#1425,.T.);
#3406=EDGE_CURVE('',#2826,#2827,#1426,.T.);
#3407=EDGE_CURVE('',#2827,#2825,#1427,.T.);
#3408=EDGE_CURVE('',#2828,#2826,#1428,.T.);
#3409=EDGE_CURVE('',#2828,#2829,#1429,.T.);
#3410=EDGE_CURVE('',#2829,#2827,#1430,.T.);
#3411=EDGE_CURVE('',#2830,#2828,#1431,.T.);
#3412=EDGE_CURVE('',#2830,#2831,#1432,.T.);
#3413=EDGE_CURVE('',#2831,#2829,#1433,.T.);
#3414=EDGE_CURVE('',#2832,#2833,#2684,.T.);
#3415=EDGE_CURVE('',#2834,#2832,#1434,.T.);
#3416=EDGE_CURVE('',#2834,#2831,#1300,.T.);
#3417=EDGE_CURVE('',#2833,#2830,#1301,.T.);
#3418=EDGE_CURVE('',#2835,#2836,#1302,.T.);
#3419=EDGE_CURVE('',#2837,#2835,#1303,.T.);
#3420=EDGE_CURVE('',#2838,#2837,#1304,.T.);
#3421=EDGE_CURVE('',#2823,#2838,#1435,.T.);
#3422=EDGE_CURVE('',#2836,#2834,#1436,.T.);
#3423=EDGE_CURVE('',#2839,#2840,#2685,.T.);
#3424=EDGE_CURVE('',#2841,#2839,#1437,.T.);
#3425=EDGE_CURVE('',#2841,#2842,#1305,.T.);
#3426=EDGE_CURVE('',#2843,#2842,#1438,.T.);
#3427=EDGE_CURVE('',#2840,#2843,#1306,.T.);
#3428=EDGE_CURVE('',#2844,#2845,#2686,.T.);
#3429=EDGE_CURVE('',#2846,#2844,#1307,.T.);
#3430=EDGE_CURVE('',#2846,#2847,#1439,.T.);
#3431=EDGE_CURVE('',#2847,#2848,#1308,.T.);
#3432=EDGE_CURVE('',#2845,#2848,#1440,.T.);
#3433=EDGE_CURVE('',#2849,#2846,#1441,.T.);
#3434=EDGE_CURVE('',#2849,#2850,#1442,.T.);
#3435=EDGE_CURVE('',#2850,#2847,#1443,.T.);
#3436=EDGE_CURVE('',#2851,#2849,#1444,.T.);
#3437=EDGE_CURVE('',#2851,#2852,#1445,.T.);
#3438=EDGE_CURVE('',#2852,#2850,#1446,.T.);
#3439=EDGE_CURVE('',#2853,#2851,#1447,.T.);
#3440=EDGE_CURVE('',#2853,#2854,#1448,.T.);
#3441=EDGE_CURVE('',#2854,#2852,#1449,.T.);
#3442=EDGE_CURVE('',#2855,#2853,#1450,.T.);
#3443=EDGE_CURVE('',#2855,#2856,#1451,.T.);
#3444=EDGE_CURVE('',#2856,#2854,#1452,.T.);
#3445=EDGE_CURVE('',#2843,#2855,#1453,.T.);
#3446=EDGE_CURVE('',#2842,#2856,#1454,.T.);
#3447=EDGE_CURVE('',#2857,#2858,#1309,.T.);
#3448=EDGE_CURVE('',#2859,#2857,#1310,.T.);
#3449=EDGE_CURVE('',#2860,#2859,#1311,.T.);
#3450=EDGE_CURVE('',#2848,#2860,#1455,.T.);
#3451=EDGE_CURVE('',#2858,#2841,#1456,.T.);
#3452=EDGE_CURVE('',#2861,#2862,#2687,.T.);
#3453=EDGE_CURVE('',#2863,#2861,#1312,.T.);
#3454=EDGE_CURVE('',#2863,#2864,#1457,.T.);
#3455=EDGE_CURVE('',#2864,#2865,#1313,.T.);
#3456=EDGE_CURVE('',#2862,#2865,#1458,.T.);
#3457=EDGE_CURVE('',#2866,#2863,#1459,.T.);
#3458=EDGE_CURVE('',#2866,#2867,#1460,.T.);
#3459=EDGE_CURVE('',#2867,#2864,#1461,.T.);
#3460=EDGE_CURVE('',#2868,#2866,#1462,.T.);
#3461=EDGE_CURVE('',#2868,#2869,#1463,.T.);
#3462=EDGE_CURVE('',#2869,#2867,#1464,.T.);
#3463=EDGE_CURVE('',#2870,#2868,#1465,.T.);
#3464=EDGE_CURVE('',#2870,#2871,#1466,.T.);
#3465=EDGE_CURVE('',#2871,#2869,#1467,.T.);
#3466=EDGE_CURVE('',#2872,#2870,#1468,.T.);
#3467=EDGE_CURVE('',#2872,#2873,#1469,.T.);
#3468=EDGE_CURVE('',#2873,#2871,#1470,.T.);
#3469=EDGE_CURVE('',#2874,#2875,#2688,.T.);
#3470=EDGE_CURVE('',#2876,#2874,#1471,.T.);
#3471=EDGE_CURVE('',#2876,#2873,#1314,.T.);
#3472=EDGE_CURVE('',#2875,#2872,#1315,.T.);
#3473=EDGE_CURVE('',#2877,#2878,#1316,.T.);
#3474=EDGE_CURVE('',#2879,#2877,#1317,.T.);
#3475=EDGE_CURVE('',#2880,#2879,#1318,.T.);
#3476=EDGE_CURVE('',#2865,#2880,#1472,.T.);
#3477=EDGE_CURVE('',#2878,#2876,#1473,.T.);
#3478=EDGE_CURVE('',#2837,#2881,#1474,.T.);
#3479=EDGE_CURVE('',#2881,#2882,#1319,.F.);
#3480=EDGE_CURVE('',#2882,#2838,#1475,.T.);
#3481=EDGE_CURVE('',#2805,#2839,#1476,.T.);
#3482=EDGE_CURVE('',#2840,#2804,#1477,.T.);
#3483=EDGE_CURVE('',#2833,#2844,#1478,.T.);
#3484=EDGE_CURVE('',#2875,#2819,#1479,.T.);
#3485=EDGE_CURVE('',#2800,#2861,#1480,.T.);
#3486=EDGE_CURVE('',#2820,#2874,#1481,.T.);
#3487=EDGE_CURVE('',#2862,#2799,#1482,.T.);
#3488=EDGE_CURVE('',#2883,#2882,#1483,.T.);
#3489=EDGE_CURVE('',#2878,#2883,#1484,.T.);
#3490=EDGE_CURVE('',#2879,#2884,#1485,.T.);
#3491=EDGE_CURVE('',#2884,#2885,#1320,.F.);
#3492=EDGE_CURVE('',#2885,#2880,#1486,.T.);
#3493=EDGE_CURVE('',#2886,#2887,#1321,.F.);
#3494=EDGE_CURVE('',#2883,#2886,#1322,.F.);
#3495=EDGE_CURVE('',#2887,#2883,#1323,.F.);
#3496=EDGE_CURVE('',#2885,#2888,#1324,.F.);
#3497=EDGE_CURVE('',#2888,#2884,#1325,.F.);
#3498=EDGE_CURVE('',#2882,#2889,#1326,.F.);
#3499=EDGE_CURVE('',#2889,#2881,#1327,.F.);
#3500=EDGE_CURVE('',#2890,#2891,#1328,.F.);
#3501=EDGE_CURVE('',#2892,#2890,#1329,.F.);
#3502=EDGE_CURVE('',#2891,#2892,#1330,.F.);
#3503=EDGE_CURVE('',#2893,#2894,#1331,.F.);
#3504=EDGE_CURVE('',#2895,#2893,#1332,.F.);
#3505=EDGE_CURVE('',#2894,#2895,#1333,.F.);
#3506=EDGE_CURVE('',#2816,#2892,#1487,.T.);
#3507=EDGE_CURVE('',#2890,#2815,#1488,.T.);
#3508=EDGE_CURVE('',#2896,#2897,#1334,.F.);
#3509=EDGE_CURVE('',#2898,#2896,#1335,.F.);
#3510=EDGE_CURVE('',#2897,#2898,#1336,.F.);
#3511=EDGE_CURVE('',#2899,#2900,#1337,.F.);
#3512=EDGE_CURVE('',#2901,#2899,#1338,.F.);
#3513=EDGE_CURVE('',#2900,#2901,#1339,.F.);
#3514=EDGE_CURVE('',#2845,#2832,#1489,.T.);
#3515=EDGE_CURVE('',#2902,#2903,#1340,.F.);
#3516=EDGE_CURVE('',#2904,#2902,#1341,.F.);
#3517=EDGE_CURVE('',#2903,#2904,#1342,.F.);
#3518=EDGE_CURVE('',#2858,#2904,#1490,.T.);
#3519=EDGE_CURVE('',#2902,#2857,#1491,.T.);
#3520=EDGE_CURVE('',#2897,#2903,#1492,.T.);
#3521=EDGE_CURVE('',#2904,#2896,#1493,.T.);
#3522=EDGE_CURVE('',#2903,#2900,#1343,.T.);
#3523=EDGE_CURVE('',#2901,#2902,#1344,.T.);
#3524=EDGE_CURVE('',#2859,#2901,#1494,.T.);
#3525=EDGE_CURVE('',#2899,#2860,#1495,.T.);
#3526=EDGE_CURVE('',#2817,#2898,#1496,.T.);
#3527=EDGE_CURVE('',#2896,#2818,#1497,.T.);
#3528=EDGE_CURVE('',#2900,#2894,#1498,.T.);
#3529=EDGE_CURVE('',#2895,#2899,#1499,.T.);
#3530=EDGE_CURVE('',#2891,#2897,#1345,.T.);
#3531=EDGE_CURVE('',#2898,#2890,#1346,.T.);
#3532=EDGE_CURVE('',#2836,#2895,#1500,.T.);
#3533=EDGE_CURVE('',#2893,#2835,#1501,.T.);
#3534=EDGE_CURVE('',#2894,#2889,#1347,.T.);
#3535=EDGE_CURVE('',#2881,#2893,#1348,.T.);
#3536=EDGE_CURVE('',#2888,#2891,#1502,.T.);
#3537=EDGE_CURVE('',#2892,#2885,#1503,.T.);
#3538=EDGE_CURVE('',#2889,#2887,#1504,.T.);
#3539=EDGE_CURVE('',#2887,#2888,#1349,.T.);
#3540=EDGE_CURVE('',#2884,#2886,#1350,.T.);
#3541=EDGE_CURVE('',#2886,#2877,#1505,.T.);
#3542=EDGE_CURVE('',#2905,#2906,#1506,.T.);
#3543=EDGE_CURVE('',#2906,#2907,#1507,.T.);
#3544=EDGE_CURVE('',#2908,#2907,#1508,.T.);
#3545=EDGE_CURVE('',#2905,#2908,#1509,.T.);
#3546=EDGE_CURVE('',#2909,#2905,#1351,.T.);
#3547=EDGE_CURVE('',#2910,#2908,#1352,.T.);
#3548=EDGE_CURVE('',#2909,#2910,#1510,.T.);
#3549=EDGE_CURVE('',#2911,#2909,#1511,.T.);
#3550=EDGE_CURVE('',#2912,#2910,#1512,.T.);
#3551=EDGE_CURVE('',#2911,#2912,#1513,.T.);
#3552=EDGE_CURVE('',#2913,#2911,#1353,.T.);
#3553=EDGE_CURVE('',#2914,#2912,#1354,.T.);
#3554=EDGE_CURVE('',#2913,#2914,#1514,.T.);
#3555=EDGE_CURVE('',#2915,#2913,#1515,.T.);
#3556=EDGE_CURVE('',#2916,#2914,#1516,.T.);
#3557=EDGE_CURVE('',#2915,#2916,#1517,.T.);
#3558=EDGE_CURVE('',#2917,#2915,#1355,.T.);
#3559=EDGE_CURVE('',#2918,#2916,#1356,.T.);
#3560=EDGE_CURVE('',#2917,#2918,#1518,.T.);
#3561=EDGE_CURVE('',#2919,#2917,#1519,.T.);
#3562=EDGE_CURVE('',#2920,#2918,#1520,.T.);
#3563=EDGE_CURVE('',#2919,#2920,#1521,.T.);
#3564=EDGE_CURVE('',#2921,#2919,#1522,.T.);
#3565=EDGE_CURVE('',#2922,#2920,#1523,.T.);
#3566=EDGE_CURVE('',#2921,#2922,#1524,.T.);
#3567=EDGE_CURVE('',#2906,#2921,#1525,.T.);
#3568=EDGE_CURVE('',#2907,#2922,#1526,.T.);
#3569=EDGE_CURVE('',#2923,#2924,#1527,.T.);
#3570=EDGE_CURVE('',#2924,#2925,#1528,.T.);
#3571=EDGE_CURVE('',#2926,#2925,#1529,.T.);
#3572=EDGE_CURVE('',#2923,#2926,#1530,.T.);
#3573=EDGE_CURVE('',#2927,#2923,#1357,.T.);
#3574=EDGE_CURVE('',#2928,#2926,#1358,.T.);
#3575=EDGE_CURVE('',#2927,#2928,#1531,.T.);
#3576=EDGE_CURVE('',#2929,#2927,#1532,.T.);
#3577=EDGE_CURVE('',#2930,#2928,#1533,.T.);
#3578=EDGE_CURVE('',#2929,#2930,#1534,.T.);
#3579=EDGE_CURVE('',#2931,#2929,#1359,.T.);
#3580=EDGE_CURVE('',#2932,#2930,#1360,.T.);
#3581=EDGE_CURVE('',#2931,#2932,#1535,.T.);
#3582=EDGE_CURVE('',#2933,#2931,#1536,.T.);
#3583=EDGE_CURVE('',#2934,#2932,#1537,.T.);
#3584=EDGE_CURVE('',#2933,#2934,#1538,.T.);
#3585=EDGE_CURVE('',#2935,#2933,#1539,.T.);
#3586=EDGE_CURVE('',#2936,#2934,#1540,.T.);
#3587=EDGE_CURVE('',#2935,#2936,#1541,.T.);
#3588=EDGE_CURVE('',#2937,#2935,#1542,.T.);
#3589=EDGE_CURVE('',#2938,#2936,#1543,.T.);
#3590=EDGE_CURVE('',#2937,#2938,#1544,.T.);
#3591=EDGE_CURVE('',#2939,#2937,#1545,.T.);
#3592=EDGE_CURVE('',#2940,#2938,#1546,.T.);
#3593=EDGE_CURVE('',#2939,#2940,#1547,.T.);
#3594=EDGE_CURVE('',#2924,#2939,#1361,.T.);
#3595=EDGE_CURVE('',#2925,#2940,#1362,.T.);
#3596=EDGE_CURVE('',#2941,#2942,#1548,.T.);
#3597=EDGE_CURVE('',#2942,#2943,#1549,.T.);
#3598=EDGE_CURVE('',#2944,#2943,#1550,.T.);
#3599=EDGE_CURVE('',#2941,#2944,#1551,.T.);
#3600=EDGE_CURVE('',#2945,#2941,#1552,.T.);
#3601=EDGE_CURVE('',#2946,#2944,#1553,.T.);
#3602=EDGE_CURVE('',#2945,#2946,#1554,.T.);
#3603=EDGE_CURVE('',#2947,#2945,#1555,.T.);
#3604=EDGE_CURVE('',#2948,#2946,#1556,.T.);
#3605=EDGE_CURVE('',#2947,#2948,#1557,.T.);
#3606=EDGE_CURVE('',#2949,#2947,#1363,.T.);
#3607=EDGE_CURVE('',#2950,#2948,#1364,.T.);
#3608=EDGE_CURVE('',#2949,#2950,#1558,.T.);
#3609=EDGE_CURVE('',#2951,#2949,#1559,.T.);
#3610=EDGE_CURVE('',#2952,#2950,#1560,.T.);
#3611=EDGE_CURVE('',#2951,#2952,#1561,.T.);
#3612=EDGE_CURVE('',#2953,#2951,#1365,.T.);
#3613=EDGE_CURVE('',#2954,#2952,#1366,.T.);
#3614=EDGE_CURVE('',#2953,#2954,#1562,.T.);
#3615=EDGE_CURVE('',#2955,#2953,#1563,.T.);
#3616=EDGE_CURVE('',#2956,#2954,#1564,.T.);
#3617=EDGE_CURVE('',#2955,#2956,#1565,.T.);
#3618=EDGE_CURVE('',#2957,#2955,#1367,.T.);
#3619=EDGE_CURVE('',#2958,#2956,#1368,.T.);
#3620=EDGE_CURVE('',#2957,#2958,#1566,.T.);
#3621=EDGE_CURVE('',#2942,#2957,#1567,.T.);
#3622=EDGE_CURVE('',#2943,#2958,#1568,.T.);
#3623=EDGE_CURVE('',#2959,#2960,#1569,.T.);
#3624=EDGE_CURVE('',#2960,#2961,#1570,.T.);
#3625=EDGE_CURVE('',#2962,#2961,#1571,.T.);
#3626=EDGE_CURVE('',#2959,#2962,#1572,.T.);
#3627=EDGE_CURVE('',#2963,#2959,#1573,.T.);
#3628=EDGE_CURVE('',#2964,#2962,#1574,.T.);
#3629=EDGE_CURVE('',#2963,#2964,#1575,.T.);
#3630=EDGE_CURVE('',#2965,#2963,#1576,.T.);
#3631=EDGE_CURVE('',#2966,#2964,#1577,.T.);
#3632=EDGE_CURVE('',#2965,#2966,#1578,.T.);
#3633=EDGE_CURVE('',#2967,#2965,#1369,.T.);
#3634=EDGE_CURVE('',#2968,#2966,#1370,.T.);
#3635=EDGE_CURVE('',#2967,#2968,#1579,.T.);
#3636=EDGE_CURVE('',#2969,#2967,#1580,.T.);
#3637=EDGE_CURVE('',#2970,#2968,#1581,.T.);
#3638=EDGE_CURVE('',#2969,#2970,#1582,.T.);
#3639=EDGE_CURVE('',#2971,#2969,#1371,.T.);
#3640=EDGE_CURVE('',#2972,#2970,#1372,.T.);
#3641=EDGE_CURVE('',#2971,#2972,#1583,.T.);
#3642=EDGE_CURVE('',#2973,#2971,#1584,.T.);
#3643=EDGE_CURVE('',#2974,#2972,#1585,.T.);
#3644=EDGE_CURVE('',#2973,#2974,#1586,.T.);
#3645=EDGE_CURVE('',#2975,#2973,#1373,.T.);
#3646=EDGE_CURVE('',#2976,#2974,#1374,.T.);
#3647=EDGE_CURVE('',#2975,#2976,#1587,.T.);
#3648=EDGE_CURVE('',#2977,#2975,#1588,.T.);
#3649=EDGE_CURVE('',#2978,#2976,#1589,.T.);
#3650=EDGE_CURVE('',#2977,#2978,#1590,.T.);
#3651=EDGE_CURVE('',#2960,#2977,#1591,.T.);
#3652=EDGE_CURVE('',#2961,#2978,#1592,.T.);
#3653=EDGE_CURVE('',#2979,#2980,#1593,.T.);
#3654=EDGE_CURVE('',#2980,#2981,#1594,.T.);
#3655=EDGE_CURVE('',#2982,#2981,#1595,.T.);
#3656=EDGE_CURVE('',#2979,#2982,#1596,.T.);
#3657=EDGE_CURVE('',#2983,#2979,#1375,.T.);
#3658=EDGE_CURVE('',#2984,#2982,#1376,.T.);
#3659=EDGE_CURVE('',#2983,#2984,#1597,.T.);
#3660=EDGE_CURVE('',#2985,#2983,#1598,.T.);
#3661=EDGE_CURVE('',#2986,#2984,#1599,.T.);
#3662=EDGE_CURVE('',#2985,#2986,#1600,.T.);
#3663=EDGE_CURVE('',#2987,#2985,#1377,.T.);
#3664=EDGE_CURVE('',#2988,#2986,#1378,.T.);
#3665=EDGE_CURVE('',#2987,#2988,#1601,.T.);
#3666=EDGE_CURVE('',#2989,#2987,#1602,.T.);
#3667=EDGE_CURVE('',#2990,#2988,#1603,.T.);
#3668=EDGE_CURVE('',#2989,#2990,#1604,.T.);
#3669=EDGE_CURVE('',#2991,#2989,#1379,.T.);
#3670=EDGE_CURVE('',#2992,#2990,#1380,.T.);
#3671=EDGE_CURVE('',#2991,#2992,#1605,.T.);
#3672=EDGE_CURVE('',#2993,#2991,#1606,.T.);
#3673=EDGE_CURVE('',#2994,#2992,#1607,.T.);
#3674=EDGE_CURVE('',#2993,#2994,#1608,.T.);
#3675=EDGE_CURVE('',#2980,#2993,#1381,.T.);
#3676=EDGE_CURVE('',#2981,#2994,#1382,.T.);
#3677=EDGE_CURVE('',#2995,#2996,#2689,.T.);
#3678=EDGE_CURVE('',#2997,#2995,#1609,.T.);
#3679=EDGE_CURVE('',#2998,#2997,#2690,.T.);
#3680=EDGE_CURVE('',#2996,#2998,#1610,.T.);
#3681=EDGE_CURVE('',#2999,#3000,#2691,.T.);
#3682=EDGE_CURVE('',#3001,#2999,#1611,.T.);
#3683=EDGE_CURVE('',#3002,#3001,#2692,.T.);
#3684=EDGE_CURVE('',#3000,#3002,#1612,.T.);
#3685=EDGE_CURVE('',#3003,#3004,#2693,.T.);
#3686=EDGE_CURVE('',#3005,#3003,#1613,.T.);
#3687=EDGE_CURVE('',#3006,#3005,#2694,.T.);
#3688=EDGE_CURVE('',#3004,#3006,#1614,.T.);
#3689=EDGE_CURVE('',#3002,#3007,#2695,.T.);
#3690=EDGE_CURVE('',#3007,#2997,#2696,.T.);
#3691=EDGE_CURVE('',#2995,#3004,#2697,.T.);
#3692=EDGE_CURVE('',#3006,#3000,#2698,.T.);
#3693=EDGE_CURVE('',#3003,#2996,#2699,.T.);
#3694=EDGE_CURVE('',#2999,#3005,#2700,.T.);
#3695=EDGE_CURVE('',#3008,#3001,#2701,.T.);
#3696=EDGE_CURVE('',#3007,#3008,#1615,.T.);
#3697=EDGE_CURVE('',#2998,#3008,#2702,.T.);
#3698=EDGE_CURVE('',#3009,#3010,#2703,.T.);
#3699=EDGE_CURVE('',#3011,#3009,#1616,.T.);
#3700=EDGE_CURVE('',#3012,#3011,#2704,.T.);
#3701=EDGE_CURVE('',#3010,#3012,#1617,.T.);
#3702=EDGE_CURVE('',#3013,#3014,#2705,.T.);
#3703=EDGE_CURVE('',#3015,#3013,#1618,.T.);
#3704=EDGE_CURVE('',#3016,#3015,#2706,.T.);
#3705=EDGE_CURVE('',#3014,#3016,#1619,.T.);
#3706=EDGE_CURVE('',#3013,#3011,#2707,.T.);
#3707=EDGE_CURVE('',#3012,#3014,#2708,.T.);
#3708=EDGE_CURVE('',#3016,#3010,#2709,.T.);
#3709=EDGE_CURVE('',#3009,#3015,#2710,.T.);
#3710=EDGE_CURVE('',#3017,#3018,#2711,.T.);
#3711=EDGE_CURVE('',#3019,#3018,#2712,.T.);
#3712=EDGE_CURVE('',#3019,#3020,#1620,.T.);
#3713=EDGE_CURVE('',#3017,#3020,#2713,.T.);
#3714=EDGE_CURVE('',#3021,#3017,#1621,.T.);
#3715=EDGE_CURVE('',#3020,#3021,#2714,.T.);
#3716=EDGE_CURVE('',#3022,#3021,#2715,.T.);
#3717=EDGE_CURVE('',#3022,#3019,#2716,.T.);
#3718=EDGE_CURVE('',#3018,#3022,#1622,.T.);
#3719=EDGE_CURVE('',#3023,#3024,#2717,.T.);
#3720=EDGE_CURVE('',#3025,#3023,#1623,.T.);
#3721=EDGE_CURVE('',#3026,#3025,#2718,.T.);
#3722=EDGE_CURVE('',#3024,#3026,#1624,.T.);
#3723=EDGE_CURVE('',#3027,#3028,#2719,.T.);
#3724=EDGE_CURVE('',#3029,#3027,#1625,.T.);
#3725=EDGE_CURVE('',#3030,#3029,#2720,.T.);
#3726=EDGE_CURVE('',#3028,#3030,#1626,.T.);
#3727=EDGE_CURVE('',#3026,#3029,#2721,.T.);
#3728=EDGE_CURVE('',#3027,#3024,#2722,.T.);
#3729=EDGE_CURVE('',#3023,#3028,#2723,.T.);
#3730=EDGE_CURVE('',#3030,#3025,#2724,.T.);
#3731=EDGE_CURVE('',#3031,#3032,#1627,.T.);
#3732=EDGE_CURVE('',#3032,#3033,#1628,.T.);
#3733=EDGE_CURVE('',#3033,#3034,#1629,.T.);
#3734=EDGE_CURVE('',#3034,#3031,#1630,.T.);
#3735=EDGE_CURVE('',#3035,#3036,#1631,.T.);
#3736=EDGE_CURVE('',#3036,#3037,#1632,.T.);
#3737=EDGE_CURVE('',#3037,#3038,#1633,.T.);
#3738=EDGE_CURVE('',#3038,#3035,#1634,.T.);
#3739=EDGE_CURVE('',#3036,#3031,#1635,.T.);
#3740=EDGE_CURVE('',#3034,#3037,#1636,.T.);
#3741=EDGE_CURVE('',#3032,#3035,#1637,.T.);
#3742=EDGE_CURVE('',#3038,#3033,#1638,.T.);
#3743=EDGE_CURVE('',#3039,#3040,#2725,.T.);
#3744=EDGE_CURVE('',#3041,#3039,#1639,.T.);
#3745=EDGE_CURVE('',#3042,#3041,#2726,.T.);
#3746=EDGE_CURVE('',#3040,#3042,#1640,.T.);
#3747=EDGE_CURVE('',#3043,#3044,#2727,.T.);
#3748=EDGE_CURVE('',#3045,#3043,#1641,.T.);
#3749=EDGE_CURVE('',#3046,#3045,#2728,.T.);
#3750=EDGE_CURVE('',#3044,#3046,#1642,.T.);
#3751=EDGE_CURVE('',#3039,#3044,#2729,.T.);
#3752=EDGE_CURVE('',#3046,#3041,#2730,.T.);
#3753=EDGE_CURVE('',#3043,#3040,#2731,.T.);
#3754=EDGE_CURVE('',#3042,#3045,#2732,.T.);
#3755=EDGE_CURVE('',#3047,#3048,#1643,.T.);
#3756=EDGE_CURVE('',#3048,#3049,#1644,.T.);
#3757=EDGE_CURVE('',#3049,#3050,#1645,.T.);
#3758=EDGE_CURVE('',#3050,#3047,#1646,.T.);
#3759=EDGE_CURVE('',#3051,#3052,#1647,.T.);
#3760=EDGE_CURVE('',#3052,#3053,#1648,.T.);
#3761=EDGE_CURVE('',#3053,#3054,#1649,.T.);
#3762=EDGE_CURVE('',#3054,#3051,#1650,.T.);
#3763=EDGE_CURVE('',#3052,#3047,#1651,.T.);
#3764=EDGE_CURVE('',#3050,#3053,#1652,.T.);
#3765=EDGE_CURVE('',#3048,#3051,#1653,.T.);
#3766=EDGE_CURVE('',#3054,#3049,#1654,.T.);
#3767=EDGE_CURVE('',#3055,#3056,#2733,.T.);
#3768=EDGE_CURVE('',#3057,#3055,#1655,.T.);
#3769=EDGE_CURVE('',#3058,#3057,#2734,.T.);
#3770=EDGE_CURVE('',#3056,#3058,#1656,.T.);
#3771=EDGE_CURVE('',#3059,#3060,#2735,.T.);
#3772=EDGE_CURVE('',#3061,#3059,#1657,.T.);
#3773=EDGE_CURVE('',#3062,#3061,#2736,.T.);
#3774=EDGE_CURVE('',#3060,#3062,#1658,.T.);
#3775=EDGE_CURVE('',#3062,#3057,#2737,.T.);
#3776=EDGE_CURVE('',#3058,#3061,#2738,.T.);
#3777=EDGE_CURVE('',#3063,#3056,#2739,.T.);
#3778=EDGE_CURVE('',#3064,#3063,#1659,.T.);
#3779=EDGE_CURVE('',#3055,#3064,#2740,.T.);
#3780=EDGE_CURVE('',#3064,#3060,#2741,.T.);
#3781=EDGE_CURVE('',#3059,#3063,#2742,.T.);
#3782=EDGE_CURVE('',#3065,#3066,#1660,.T.);
#3783=EDGE_CURVE('',#3067,#3066,#1661,.T.);
#3784=EDGE_CURVE('',#3067,#3068,#1662,.T.);
#3785=EDGE_CURVE('',#3065,#3068,#1663,.T.);
#3786=EDGE_CURVE('',#3069,#3065,#1664,.T.);
#3787=EDGE_CURVE('',#3068,#3070,#1665,.T.);
#3788=EDGE_CURVE('',#3070,#3069,#1666,.T.);
#3789=EDGE_CURVE('',#3071,#3069,#1667,.T.);
#3790=EDGE_CURVE('',#3070,#3072,#1668,.T.);
#3791=EDGE_CURVE('',#3071,#3072,#1669,.T.);
#3792=EDGE_CURVE('',#3066,#3071,#1670,.T.);
#3793=EDGE_CURVE('',#3072,#3067,#1671,.T.);
#3794=EDGE_CURVE('',#3073,#3074,#1672,.T.);
#3795=EDGE_CURVE('',#3075,#3073,#1673,.T.);
#3796=EDGE_CURVE('',#3076,#3075,#1674,.T.);
#3797=EDGE_CURVE('',#3074,#3076,#1675,.T.);
#3798=EDGE_CURVE('',#3077,#3078,#1676,.T.);
#3799=EDGE_CURVE('',#3079,#3077,#1677,.T.);
#3800=EDGE_CURVE('',#3080,#3079,#1678,.T.);
#3801=EDGE_CURVE('',#3078,#3080,#1679,.T.);
#3802=EDGE_CURVE('',#3077,#3074,#1680,.T.);
#3803=EDGE_CURVE('',#3073,#3078,#1681,.T.);
#3804=EDGE_CURVE('',#3080,#3075,#1682,.T.);
#3805=EDGE_CURVE('',#3076,#3079,#1683,.T.);
#3806=EDGE_CURVE('',#3081,#3082,#1684,.T.);
#3807=EDGE_CURVE('',#3081,#3083,#1685,.T.);
#3808=EDGE_CURVE('',#3084,#3083,#1686,.T.);
#3809=EDGE_CURVE('',#3082,#3084,#1687,.T.);
#3810=EDGE_CURVE('',#3085,#3086,#1688,.T.);
#3811=EDGE_CURVE('',#3083,#3086,#1689,.T.);
#3812=EDGE_CURVE('',#3085,#3081,#1690,.T.);
#3813=EDGE_CURVE('',#3087,#3085,#1691,.T.);
#3814=EDGE_CURVE('',#3082,#3087,#1692,.T.);
#3815=EDGE_CURVE('',#3088,#3087,#1693,.T.);
#3816=EDGE_CURVE('',#3088,#3084,#1694,.T.);
#3817=EDGE_CURVE('',#3086,#3088,#1695,.T.);
#3818=EDGE_CURVE('',#3089,#3090,#2743,.T.);
#3819=EDGE_CURVE('',#3091,#3089,#1696,.T.);
#3820=EDGE_CURVE('',#3092,#3091,#2744,.T.);
#3821=EDGE_CURVE('',#3090,#3092,#1697,.T.);
#3822=EDGE_CURVE('',#3093,#3094,#2745,.T.);
#3823=EDGE_CURVE('',#3095,#3093,#1698,.T.);
#3824=EDGE_CURVE('',#3096,#3095,#2746,.T.);
#3825=EDGE_CURVE('',#3094,#3096,#1699,.T.);
#3826=EDGE_CURVE('',#3093,#3090,#2747,.T.);
#3827=EDGE_CURVE('',#3089,#3094,#2748,.T.);
#3828=EDGE_CURVE('',#3096,#3091,#2749,.T.);
#3829=EDGE_CURVE('',#3092,#3095,#2750,.T.);
#3830=EDGE_CURVE('',#3097,#3098,#1700,.T.);
#3831=EDGE_CURVE('',#3098,#3099,#1701,.T.);
#3832=EDGE_CURVE('',#3099,#3100,#1702,.T.);
#3833=EDGE_CURVE('',#3100,#3097,#1703,.T.);
#3834=EDGE_CURVE('',#3101,#3102,#1704,.T.);
#3835=EDGE_CURVE('',#3102,#3103,#1705,.T.);
#3836=EDGE_CURVE('',#3103,#3104,#1706,.T.);
#3837=EDGE_CURVE('',#3104,#3101,#1707,.T.);
#3838=EDGE_CURVE('',#3098,#3101,#1708,.T.);
#3839=EDGE_CURVE('',#3104,#3099,#1709,.T.);
#3840=EDGE_CURVE('',#3102,#3097,#1710,.T.);
#3841=EDGE_CURVE('',#3100,#3103,#1711,.T.);
#3842=EDGE_CURVE('',#3105,#3106,#1712,.T.);
#3843=EDGE_CURVE('',#3107,#3105,#1713,.T.);
#3844=EDGE_CURVE('',#3108,#3107,#1714,.T.);
#3845=EDGE_CURVE('',#3106,#3108,#1715,.T.);
#3846=EDGE_CURVE('',#3109,#3110,#1716,.T.);
#3847=EDGE_CURVE('',#3111,#3109,#1717,.T.);
#3848=EDGE_CURVE('',#3112,#3111,#1718,.T.);
#3849=EDGE_CURVE('',#3110,#3112,#1719,.T.);
#3850=EDGE_CURVE('',#3109,#3106,#1720,.T.);
#3851=EDGE_CURVE('',#3105,#3110,#1721,.T.);
#3852=EDGE_CURVE('',#3112,#3107,#1722,.T.);
#3853=EDGE_CURVE('',#3108,#3111,#1723,.T.);
#3854=EDGE_CURVE('',#3113,#3114,#1724,.T.);
#3855=EDGE_CURVE('',#3114,#3115,#1725,.T.);
#3856=EDGE_CURVE('',#3115,#3116,#1726,.T.);
#3857=EDGE_CURVE('',#3116,#3113,#1727,.T.);
#3858=EDGE_CURVE('',#3117,#3118,#1728,.T.);
#3859=EDGE_CURVE('',#3118,#3119,#1729,.T.);
#3860=EDGE_CURVE('',#3119,#3120,#1730,.T.);
#3861=EDGE_CURVE('',#3120,#3117,#1731,.T.);
#3862=EDGE_CURVE('',#3118,#3113,#1732,.T.);
#3863=EDGE_CURVE('',#3116,#3119,#1733,.T.);
#3864=EDGE_CURVE('',#3114,#3117,#1734,.T.);
#3865=EDGE_CURVE('',#3120,#3115,#1735,.T.);
#3866=EDGE_CURVE('',#3121,#3122,#1736,.T.);
#3867=EDGE_CURVE('',#3123,#3121,#1737,.T.);
#3868=EDGE_CURVE('',#3124,#3123,#1738,.T.);
#3869=EDGE_CURVE('',#3122,#3124,#1739,.T.);
#3870=EDGE_CURVE('',#3125,#3122,#1740,.T.);
#3871=EDGE_CURVE('',#3126,#3125,#1741,.T.);
#3872=EDGE_CURVE('',#3121,#3126,#1742,.T.);
#3873=EDGE_CURVE('',#3127,#3123,#1743,.T.);
#3874=EDGE_CURVE('',#3127,#3128,#1744,.T.);
#3875=EDGE_CURVE('',#3124,#3128,#1745,.T.);
#3876=EDGE_CURVE('',#3128,#3125,#1746,.T.);
#3877=EDGE_CURVE('',#3126,#3127,#1747,.T.);
#3878=EDGE_CURVE('',#3129,#3130,#1748,.T.);
#3879=EDGE_CURVE('',#3130,#3131,#1749,.T.);
#3880=EDGE_CURVE('',#3131,#3132,#1750,.T.);
#3881=EDGE_CURVE('',#3132,#3129,#1751,.T.);
#3882=EDGE_CURVE('',#3133,#3134,#1752,.T.);
#3883=EDGE_CURVE('',#3134,#3135,#1753,.T.);
#3884=EDGE_CURVE('',#3135,#3136,#1754,.T.);
#3885=EDGE_CURVE('',#3136,#3133,#1755,.T.);
#3886=EDGE_CURVE('',#3134,#3129,#1756,.T.);
#3887=EDGE_CURVE('',#3132,#3135,#1757,.T.);
#3888=EDGE_CURVE('',#3130,#3133,#1758,.T.);
#3889=EDGE_CURVE('',#3136,#3131,#1759,.T.);
#3890=EDGE_CURVE('',#3137,#3138,#2751,.T.);
#3891=EDGE_CURVE('',#3139,#3137,#1760,.T.);
#3892=EDGE_CURVE('',#3140,#3139,#2752,.T.);
#3893=EDGE_CURVE('',#3138,#3140,#1761,.T.);
#3894=EDGE_CURVE('',#3141,#3138,#2753,.T.);
#3895=EDGE_CURVE('',#3142,#3141,#1762,.T.);
#3896=EDGE_CURVE('',#3137,#3142,#2754,.T.);
#3897=EDGE_CURVE('',#3142,#3139,#2755,.T.);
#3898=EDGE_CURVE('',#3140,#3141,#2756,.T.);
#3899=EDGE_CURVE('',#3143,#3144,#1763,.T.);
#3900=EDGE_CURVE('',#3144,#3145,#1764,.T.);
#3901=EDGE_CURVE('',#3145,#3146,#1765,.T.);
#3902=EDGE_CURVE('',#3146,#3143,#1766,.T.);
#3903=EDGE_CURVE('',#3147,#3148,#1767,.T.);
#3904=EDGE_CURVE('',#3148,#3149,#1768,.T.);
#3905=EDGE_CURVE('',#3149,#3150,#1769,.T.);
#3906=EDGE_CURVE('',#3150,#3147,#1770,.T.);
#3907=EDGE_CURVE('',#3144,#3147,#1771,.T.);
#3908=EDGE_CURVE('',#3150,#3145,#1772,.T.);
#3909=EDGE_CURVE('',#3148,#3143,#1773,.T.);
#3910=EDGE_CURVE('',#3146,#3149,#1774,.T.);
#3911=EDGE_CURVE('',#3151,#3152,#1775,.T.);
#3912=EDGE_CURVE('',#3153,#3151,#1776,.T.);
#3913=EDGE_CURVE('',#3154,#3153,#1777,.T.);
#3914=EDGE_CURVE('',#3152,#3154,#1778,.T.);
#3915=EDGE_CURVE('',#3155,#3156,#1779,.T.);
#3916=EDGE_CURVE('',#3157,#3155,#1780,.T.);
#3917=EDGE_CURVE('',#3158,#3157,#1781,.T.);
#3918=EDGE_CURVE('',#3156,#3158,#1782,.T.);
#3919=EDGE_CURVE('',#3155,#3152,#1783,.T.);
#3920=EDGE_CURVE('',#3151,#3156,#1784,.T.);
#3921=EDGE_CURVE('',#3158,#3153,#1785,.T.);
#3922=EDGE_CURVE('',#3154,#3157,#1786,.T.);
#3923=EDGE_CURVE('',#3159,#3160,#1787,.T.);
#3924=EDGE_CURVE('',#3160,#3161,#1788,.T.);
#3925=EDGE_CURVE('',#3161,#3162,#1789,.T.);
#3926=EDGE_CURVE('',#3162,#3159,#1790,.T.);
#3927=EDGE_CURVE('',#3163,#3164,#1791,.T.);
#3928=EDGE_CURVE('',#3164,#3165,#1792,.T.);
#3929=EDGE_CURVE('',#3165,#3166,#1793,.T.);
#3930=EDGE_CURVE('',#3166,#3163,#1794,.T.);
#3931=EDGE_CURVE('',#3164,#3159,#1795,.T.);
#3932=EDGE_CURVE('',#3162,#3165,#1796,.T.);
#3933=EDGE_CURVE('',#3160,#3163,#1797,.T.);
#3934=EDGE_CURVE('',#3166,#3161,#1798,.T.);
#3935=EDGE_CURVE('',#3167,#3168,#2757,.T.);
#3936=EDGE_CURVE('',#3169,#3167,#1799,.T.);
#3937=EDGE_CURVE('',#3170,#3169,#2758,.T.);
#3938=EDGE_CURVE('',#3168,#3170,#1800,.T.);
#3939=EDGE_CURVE('',#3171,#3172,#2759,.T.);
#3940=EDGE_CURVE('',#3173,#3171,#1801,.T.);
#3941=EDGE_CURVE('',#3174,#3173,#2760,.T.);
#3942=EDGE_CURVE('',#3172,#3174,#1802,.T.);
#3943=EDGE_CURVE('',#3174,#3169,#2761,.T.);
#3944=EDGE_CURVE('',#3170,#3173,#2762,.T.);
#3945=EDGE_CURVE('',#3171,#3168,#2763,.T.);
#3946=EDGE_CURVE('',#3167,#3172,#2764,.T.);
#3947=EDGE_CURVE('',#3175,#3176,#1803,.T.);
#3948=EDGE_CURVE('',#3176,#3177,#1804,.T.);
#3949=EDGE_CURVE('',#3177,#3178,#1805,.T.);
#3950=EDGE_CURVE('',#3178,#3175,#1806,.T.);
#3951=EDGE_CURVE('',#3179,#3180,#1807,.T.);
#3952=EDGE_CURVE('',#3180,#3181,#1808,.T.);
#3953=EDGE_CURVE('',#3181,#3182,#1809,.T.);
#3954=EDGE_CURVE('',#3182,#3179,#1810,.T.);
#3955=EDGE_CURVE('',#3176,#3179,#1811,.T.);
#3956=EDGE_CURVE('',#3182,#3177,#1812,.T.);
#3957=EDGE_CURVE('',#3180,#3175,#1813,.T.);
#3958=EDGE_CURVE('',#3178,#3181,#1814,.T.);
#3959=EDGE_CURVE('',#3183,#3184,#2765,.T.);
#3960=EDGE_CURVE('',#3185,#3183,#1815,.T.);
#3961=EDGE_CURVE('',#3186,#3185,#2766,.T.);
#3962=EDGE_CURVE('',#3184,#3186,#1816,.T.);
#3963=EDGE_CURVE('',#3187,#3188,#2767,.T.);
#3964=EDGE_CURVE('',#3189,#3187,#1817,.T.);
#3965=EDGE_CURVE('',#3190,#3189,#2768,.T.);
#3966=EDGE_CURVE('',#3188,#3190,#1818,.T.);
#3967=EDGE_CURVE('',#3190,#3185,#2769,.T.);
#3968=EDGE_CURVE('',#3186,#3189,#2770,.T.);
#3969=EDGE_CURVE('',#3187,#3184,#2771,.T.);
#3970=EDGE_CURVE('',#3183,#3188,#2772,.T.);
#3971=EDGE_CURVE('',#3191,#3192,#1819,.T.);
#3972=EDGE_CURVE('',#3192,#3193,#1820,.T.);
#3973=EDGE_CURVE('',#3193,#3194,#1821,.T.);
#3974=EDGE_CURVE('',#3194,#3191,#1822,.T.);
#3975=EDGE_CURVE('',#3195,#3196,#1823,.T.);
#3976=EDGE_CURVE('',#3196,#3197,#1824,.T.);
#3977=EDGE_CURVE('',#3197,#3198,#1825,.T.);
#3978=EDGE_CURVE('',#3198,#3195,#1826,.T.);
#3979=EDGE_CURVE('',#3196,#3191,#1827,.T.);
#3980=EDGE_CURVE('',#3194,#3197,#1828,.T.);
#3981=EDGE_CURVE('',#3192,#3195,#1829,.T.);
#3982=EDGE_CURVE('',#3198,#3193,#1830,.T.);
#3983=EDGE_CURVE('',#3199,#3200,#2773,.T.);
#3984=EDGE_CURVE('',#3201,#3199,#1831,.T.);
#3985=EDGE_CURVE('',#3202,#3201,#2774,.T.);
#3986=EDGE_CURVE('',#3200,#3202,#1832,.T.);
#3987=EDGE_CURVE('',#3203,#3204,#2775,.T.);
#3988=EDGE_CURVE('',#3205,#3203,#1833,.T.);
#3989=EDGE_CURVE('',#3206,#3205,#2776,.T.);
#3990=EDGE_CURVE('',#3204,#3206,#1834,.T.);
#3991=EDGE_CURVE('',#3199,#3204,#2777,.T.);
#3992=EDGE_CURVE('',#3206,#3201,#2778,.T.);
#3993=EDGE_CURVE('',#3202,#3205,#2779,.T.);
#3994=EDGE_CURVE('',#3203,#3200,#2780,.T.);
#3995=EDGE_CURVE('',#3207,#3208,#1835,.T.);
#3996=EDGE_CURVE('',#3209,#3208,#1836,.T.);
#3997=EDGE_CURVE('',#3209,#3210,#1837,.T.);
#3998=EDGE_CURVE('',#3207,#3210,#1838,.T.);
#3999=EDGE_CURVE('',#3208,#3211,#1839,.T.);
#4000=EDGE_CURVE('',#3211,#3212,#1840,.T.);
#4001=EDGE_CURVE('',#3212,#3209,#1841,.T.);
#4002=EDGE_CURVE('',#3213,#3207,#1842,.T.);
#4003=EDGE_CURVE('',#3210,#3214,#1843,.T.);
#4004=EDGE_CURVE('',#3214,#3213,#1844,.T.);
#4005=EDGE_CURVE('',#3211,#3213,#1845,.T.);
#4006=EDGE_CURVE('',#3214,#3212,#1846,.T.);
#4007=EDGE_CURVE('',#3215,#3216,#1847,.T.);
#4008=EDGE_CURVE('',#3217,#3215,#1848,.T.);
#4009=EDGE_CURVE('',#3218,#3217,#1849,.T.);
#4010=EDGE_CURVE('',#3216,#3218,#1850,.T.);
#4011=EDGE_CURVE('',#3219,#3220,#1851,.T.);
#4012=EDGE_CURVE('',#3221,#3219,#1852,.T.);
#4013=EDGE_CURVE('',#3222,#3221,#1853,.T.);
#4014=EDGE_CURVE('',#3220,#3222,#1854,.T.);
#4015=EDGE_CURVE('',#3219,#3216,#1855,.T.);
#4016=EDGE_CURVE('',#3215,#3220,#1856,.T.);
#4017=EDGE_CURVE('',#3222,#3217,#1857,.T.);
#4018=EDGE_CURVE('',#3218,#3221,#1858,.T.);
#4019=EDGE_CURVE('',#3223,#3224,#1859,.T.);
#4020=EDGE_CURVE('',#3225,#3224,#1860,.T.);
#4021=EDGE_CURVE('',#3225,#3226,#1861,.T.);
#4022=EDGE_CURVE('',#3223,#3226,#1862,.T.);
#4023=EDGE_CURVE('',#3227,#3223,#1863,.T.);
#4024=EDGE_CURVE('',#3226,#3228,#1864,.T.);
#4025=EDGE_CURVE('',#3228,#3227,#1865,.T.);
#4026=EDGE_CURVE('',#3229,#3227,#1866,.T.);
#4027=EDGE_CURVE('',#3228,#3230,#1867,.T.);
#4028=EDGE_CURVE('',#3229,#3230,#1868,.T.);
#4029=EDGE_CURVE('',#3224,#3229,#1869,.T.);
#4030=EDGE_CURVE('',#3230,#3225,#1870,.T.);
#4031=EDGE_CURVE('',#3231,#3232,#1871,.T.);
#4032=EDGE_CURVE('',#3233,#3231,#1872,.T.);
#4033=EDGE_CURVE('',#3234,#3233,#2781,.T.);
#4034=EDGE_CURVE('',#3232,#3234,#1873,.T.);
#4035=EDGE_CURVE('',#3235,#3236,#2782,.T.);
#4036=EDGE_CURVE('',#3237,#3235,#1874,.T.);
#4037=EDGE_CURVE('',#3238,#3237,#1875,.T.);
#4038=EDGE_CURVE('',#3236,#3238,#1876,.T.);
#4039=EDGE_CURVE('',#3238,#3232,#1877,.T.);
#4040=EDGE_CURVE('',#3231,#3237,#1878,.T.);
#4041=EDGE_CURVE('',#3234,#3236,#2783,.T.);
#4042=EDGE_CURVE('',#3235,#3233,#2784,.T.);
#4043=EDGE_CURVE('',#3239,#3240,#1879,.T.);
#4044=EDGE_CURVE('',#3239,#3241,#1880,.T.);
#4045=EDGE_CURVE('',#3242,#3241,#1881,.T.);
#4046=EDGE_CURVE('',#3240,#3242,#1882,.T.);
#4047=EDGE_CURVE('',#3243,#3244,#1883,.T.);
#4048=EDGE_CURVE('',#3244,#3239,#1884,.T.);
#4049=EDGE_CURVE('',#3240,#3243,#1885,.T.);
#4050=EDGE_CURVE('',#3245,#3246,#1886,.T.);
#4051=EDGE_CURVE('',#3246,#3242,#1887,.T.);
#4052=EDGE_CURVE('',#3241,#3245,#1888,.T.);
#4053=EDGE_CURVE('',#3246,#3243,#1889,.T.);
#4054=EDGE_CURVE('',#3244,#3245,#1890,.T.);
#4055=EDGE_CURVE('',#3247,#3248,#1891,.T.);
#4056=EDGE_CURVE('',#3249,#3247,#1892,.T.);
#4057=EDGE_CURVE('',#3250,#3249,#1893,.T.);
#4058=EDGE_CURVE('',#3248,#3250,#1894,.T.);
#4059=EDGE_CURVE('',#3251,#3252,#1895,.T.);
#4060=EDGE_CURVE('',#3253,#3251,#1896,.T.);
#4061=EDGE_CURVE('',#3254,#3253,#1897,.T.);
#4062=EDGE_CURVE('',#3252,#3254,#1898,.T.);
#4063=EDGE_CURVE('',#3255,#3256,#1899,.T.);
#4064=EDGE_CURVE('',#3257,#3255,#1900,.T.);
#4065=EDGE_CURVE('',#3258,#3257,#1901,.T.);
#4066=EDGE_CURVE('',#3256,#3258,#1902,.T.);
#4067=EDGE_CURVE('',#3259,#3252,#1903,.T.);
#4068=EDGE_CURVE('',#3259,#3260,#1904,.T.);
#4069=EDGE_CURVE('',#3251,#3260,#1905,.T.);
#4070=EDGE_CURVE('',#3255,#3253,#1906,.T.);
#4071=EDGE_CURVE('',#3254,#3256,#1907,.T.);
#4072=EDGE_CURVE('',#3260,#3248,#1908,.T.);
#4073=EDGE_CURVE('',#3250,#3257,#1909,.T.);
#4074=EDGE_CURVE('',#3247,#3259,#1910,.T.);
#4075=EDGE_CURVE('',#3258,#3249,#1911,.T.);
#4076=EDGE_CURVE('',#3261,#3262,#1912,.T.);
#4077=EDGE_CURVE('',#3261,#3263,#1913,.T.);
#4078=EDGE_CURVE('',#3264,#3263,#1914,.T.);
#4079=EDGE_CURVE('',#3262,#3264,#1915,.T.);
#4080=EDGE_CURVE('',#3265,#3266,#1916,.T.);
#4081=EDGE_CURVE('',#3266,#3261,#1917,.T.);
#4082=EDGE_CURVE('',#3262,#3265,#1918,.T.);
#4083=EDGE_CURVE('',#3267,#3268,#1919,.T.);
#4084=EDGE_CURVE('',#3268,#3264,#1920,.T.);
#4085=EDGE_CURVE('',#3263,#3267,#1921,.T.);
#4086=EDGE_CURVE('',#3266,#3267,#1922,.T.);
#4087=EDGE_CURVE('',#3268,#3265,#1923,.T.);
#4088=EDGE_CURVE('',#3269,#3270,#2785,.T.);
#4089=EDGE_CURVE('',#3271,#3269,#1924,.T.);
#4090=EDGE_CURVE('',#3272,#3271,#2786,.T.);
#4091=EDGE_CURVE('',#3270,#3272,#1925,.T.);
#4092=EDGE_CURVE('',#3273,#3274,#2787,.T.);
#4093=EDGE_CURVE('',#3275,#3273,#1926,.T.);
#4094=EDGE_CURVE('',#3276,#3275,#2788,.T.);
#4095=EDGE_CURVE('',#3274,#3276,#1927,.T.);
#4096=EDGE_CURVE('',#3277,#3271,#2789,.T.);
#4097=EDGE_CURVE('',#3278,#3277,#1928,.T.);
#4098=EDGE_CURVE('',#3272,#3278,#2790,.T.);
#4099=EDGE_CURVE('',#3278,#3275,#2791,.T.);
#4100=EDGE_CURVE('',#3276,#3277,#2792,.T.);
#4101=EDGE_CURVE('',#3273,#3270,#2793,.T.);
#4102=EDGE_CURVE('',#3269,#3274,#2794,.T.);
#4103=EDGE_CURVE('',#3279,#3280,#1929,.T.);
#4104=EDGE_CURVE('',#3281,#3280,#1930,.T.);
#4105=EDGE_CURVE('',#3281,#3282,#1931,.T.);
#4106=EDGE_CURVE('',#3279,#3282,#1932,.T.);
#4107=EDGE_CURVE('',#3283,#3284,#1933,.T.);
#4108=EDGE_CURVE('',#3285,#3284,#1934,.T.);
#4109=EDGE_CURVE('',#3285,#3286,#1935,.T.);
#4110=EDGE_CURVE('',#3283,#3286,#1936,.T.);
#4111=EDGE_CURVE('',#3280,#3283,#1937,.T.);
#4112=EDGE_CURVE('',#3286,#3281,#1938,.T.);
#4113=EDGE_CURVE('',#3284,#3279,#1939,.T.);
#4114=EDGE_CURVE('',#3282,#3285,#1940,.T.);
#4115=EDGE_CURVE('',#3287,#3288,#1941,.T.);
#4116=EDGE_CURVE('',#3289,#3287,#1942,.T.);
#4117=EDGE_CURVE('',#3290,#3289,#1943,.T.);
#4118=EDGE_CURVE('',#3288,#3290,#1944,.T.);
#4119=EDGE_CURVE('',#3291,#3292,#1945,.T.);
#4120=EDGE_CURVE('',#3293,#3291,#1946,.T.);
#4121=EDGE_CURVE('',#3294,#3293,#1947,.T.);
#4122=EDGE_CURVE('',#3292,#3294,#1948,.T.);
#4123=EDGE_CURVE('',#3291,#3288,#1949,.T.);
#4124=EDGE_CURVE('',#3287,#3292,#1950,.T.);
#4125=EDGE_CURVE('',#3290,#3293,#1951,.T.);
#4126=EDGE_CURVE('',#3294,#3289,#1952,.T.);
#4127=EDGE_CURVE('',#3295,#3296,#1953,.T.);
#4128=EDGE_CURVE('',#3295,#3297,#1954,.T.);
#4129=EDGE_CURVE('',#3298,#3297,#1955,.T.);
#4130=EDGE_CURVE('',#3296,#3298,#1956,.T.);
#4131=EDGE_CURVE('',#3299,#3300,#1957,.T.);
#4132=EDGE_CURVE('',#3300,#3295,#1958,.T.);
#4133=EDGE_CURVE('',#3296,#3299,#1959,.T.);
#4134=EDGE_CURVE('',#3301,#3302,#1960,.T.);
#4135=EDGE_CURVE('',#3302,#3298,#1961,.T.);
#4136=EDGE_CURVE('',#3297,#3301,#1962,.T.);
#4137=EDGE_CURVE('',#3302,#3299,#1963,.T.);
#4138=EDGE_CURVE('',#3300,#3301,#1964,.T.);
#4139=EDGE_CURVE('',#3303,#3304,#1965,.T.);
#4140=EDGE_CURVE('',#3305,#3303,#1966,.T.);
#4141=EDGE_CURVE('',#3306,#3305,#2795,.T.);
#4142=EDGE_CURVE('',#3304,#3306,#1967,.T.);
#4143=EDGE_CURVE('',#3307,#3308,#1968,.T.);
#4144=EDGE_CURVE('',#3309,#3307,#1969,.T.);
#4145=EDGE_CURVE('',#3310,#3309,#2796,.T.);
#4146=EDGE_CURVE('',#3308,#3310,#1970,.T.);
#4147=EDGE_CURVE('',#3307,#3304,#1971,.T.);
#4148=EDGE_CURVE('',#3303,#3308,#1972,.T.);
#4149=EDGE_CURVE('',#3310,#3305,#2797,.T.);
#4150=EDGE_CURVE('',#3306,#3309,#2798,.T.);
#4151=EDGE_CURVE('',#3311,#3312,#1973,.T.);
#4152=EDGE_CURVE('',#3313,#3312,#1974,.T.);
#4153=EDGE_CURVE('',#3313,#3314,#1975,.T.);
#4154=EDGE_CURVE('',#3311,#3314,#1976,.T.);
#4155=EDGE_CURVE('',#3315,#3311,#1977,.T.);
#4156=EDGE_CURVE('',#3314,#3316,#1978,.T.);
#4157=EDGE_CURVE('',#3316,#3315,#1979,.T.);
#4158=EDGE_CURVE('',#3312,#3317,#1980,.T.);
#4159=EDGE_CURVE('',#3317,#3318,#1981,.T.);
#4160=EDGE_CURVE('',#3318,#3313,#1982,.T.);
#4161=EDGE_CURVE('',#3317,#3315,#1983,.T.);
#4162=EDGE_CURVE('',#3316,#3318,#1984,.T.);
#4163=EDGE_CURVE('',#3319,#3320,#1985,.T.);
#4164=EDGE_CURVE('',#3321,#3319,#1986,.T.);
#4165=EDGE_CURVE('',#3322,#3321,#1987,.T.);
#4166=EDGE_CURVE('',#3320,#3322,#1988,.T.);
#4167=EDGE_CURVE('',#3323,#3324,#1989,.T.);
#4168=EDGE_CURVE('',#3325,#3323,#1990,.T.);
#4169=EDGE_CURVE('',#3326,#3325,#1991,.T.);
#4170=EDGE_CURVE('',#3324,#3326,#1992,.T.);
#4171=EDGE_CURVE('',#3319,#3324,#1993,.T.);
#4172=EDGE_CURVE('',#3326,#3321,#1994,.T.);
#4173=EDGE_CURVE('',#3322,#3325,#1995,.T.);
#4174=EDGE_CURVE('',#3323,#3320,#1996,.T.);
#4175=EDGE_CURVE('',#3327,#3328,#1997,.T.);
#4176=EDGE_CURVE('',#3327,#3329,#1998,.T.);
#4177=EDGE_CURVE('',#3330,#3329,#1999,.T.);
#4178=EDGE_CURVE('',#3328,#3330,#2000,.T.);
#4179=EDGE_CURVE('',#3331,#3332,#2001,.T.);
#4180=EDGE_CURVE('',#3329,#3332,#2002,.T.);
#4181=EDGE_CURVE('',#3331,#3327,#2003,.T.);
#4182=EDGE_CURVE('',#3333,#3331,#2004,.T.);
#4183=EDGE_CURVE('',#3328,#3333,#2005,.T.);
#4184=EDGE_CURVE('',#3334,#3333,#2006,.T.);
#4185=EDGE_CURVE('',#3334,#3330,#2007,.T.);
#4186=EDGE_CURVE('',#3332,#3334,#2008,.T.);
#4187=EDGE_CURVE('',#3335,#3336,#2009,.T.);
#4188=EDGE_CURVE('',#3337,#3335,#2010,.T.);
#4189=EDGE_CURVE('',#3338,#3337,#2011,.T.);
#4190=EDGE_CURVE('',#3336,#3338,#2012,.T.);
#4191=EDGE_CURVE('',#3339,#3340,#2013,.T.);
#4192=EDGE_CURVE('',#3340,#3337,#2014,.T.);
#4193=EDGE_CURVE('',#3335,#3339,#2015,.T.);
#4194=EDGE_CURVE('',#3341,#3336,#2016,.T.);
#4195=EDGE_CURVE('',#3339,#3341,#2017,.T.);
#4196=EDGE_CURVE('',#3342,#3341,#2018,.T.);
#4197=EDGE_CURVE('',#3340,#3342,#2019,.T.);
#4198=EDGE_CURVE('',#3338,#3342,#2020,.T.);
#4199=EDGE_CURVE('',#3343,#3344,#2021,.T.);
#4200=EDGE_CURVE('',#3344,#3345,#2022,.T.);
#4201=EDGE_CURVE('',#3345,#3346,#2023,.T.);
#4202=EDGE_CURVE('',#3346,#3343,#2024,.T.);
#4203=EDGE_CURVE('',#3347,#3343,#2025,.T.);
#4204=EDGE_CURVE('',#3346,#3348,#2026,.T.);
#4205=EDGE_CURVE('',#3347,#3348,#2027,.T.);
#4206=EDGE_CURVE('',#3344,#3349,#2028,.T.);
#4207=EDGE_CURVE('',#3350,#3349,#2029,.T.);
#4208=EDGE_CURVE('',#3350,#3345,#2030,.T.);
#4209=EDGE_CURVE('',#3349,#3347,#2031,.T.);
#4210=EDGE_CURVE('',#3348,#3350,#2032,.T.);
#4211=EDGE_CURVE('',#3351,#3352,#1383,.T.);
#4212=EDGE_CURVE('',#3352,#3351,#1384,.T.);
#4213=EDGE_CURVE('',#3352,#3353,#2033,.T.);
#4214=EDGE_CURVE('',#3353,#3354,#1385,.T.);
#4215=EDGE_CURVE('',#3354,#3353,#1386,.T.);
#4216=EDGE_CURVE('',#3355,#3356,#1387,.T.);
#4217=EDGE_CURVE('',#3356,#3357,#2034,.T.);
#4218=EDGE_CURVE('',#3357,#3358,#1388,.T.);
#4219=EDGE_CURVE('',#3358,#3355,#2035,.T.);
#4220=EDGE_CURVE('',#3357,#3359,#1389,.T.);
#4221=EDGE_CURVE('',#3359,#3360,#1390,.T.);
#4222=EDGE_CURVE('',#3360,#3358,#1391,.T.);
#4223=EDGE_CURVE('',#3359,#3361,#2036,.T.);
#4224=EDGE_CURVE('',#3361,#3362,#1392,.T.);
#4225=EDGE_CURVE('',#3362,#3360,#2037,.T.);
#4226=EDGE_CURVE('',#3361,#3363,#1393,.T.);
#4227=EDGE_CURVE('',#3363,#3364,#1394,.T.);
#4228=EDGE_CURVE('',#3364,#3362,#1395,.T.);
#4229=EDGE_CURVE('',#3363,#3365,#2038,.T.);
#4230=EDGE_CURVE('',#3365,#3366,#1396,.T.);
#4231=EDGE_CURVE('',#3366,#3364,#2039,.T.);
#4232=EDGE_CURVE('',#3365,#3367,#1397,.T.);
#4233=EDGE_CURVE('',#3367,#3368,#1398,.T.);
#4234=EDGE_CURVE('',#3368,#3366,#1399,.T.);
#4235=EDGE_CURVE('',#3367,#3369,#2040,.T.);
#4236=EDGE_CURVE('',#3369,#3370,#1400,.T.);
#4237=EDGE_CURVE('',#3370,#3368,#2041,.T.);
#4238=EDGE_CURVE('',#3369,#3356,#1401,.T.);
#4239=EDGE_CURVE('',#3355,#3370,#1402,.T.);
#4240=ORIENTED_EDGE('',*,*,#3371,.F.);
#4241=ORIENTED_EDGE('',*,*,#3372,.F.);
#4242=ORIENTED_EDGE('',*,*,#3373,.T.);
#4243=ORIENTED_EDGE('',*,*,#3374,.F.);
#4244=ORIENTED_EDGE('',*,*,#3375,.F.);
#4245=ORIENTED_EDGE('',*,*,#3376,.F.);
#4246=ORIENTED_EDGE('',*,*,#3377,.F.);
#4247=ORIENTED_EDGE('',*,*,#3378,.T.);
#4248=ORIENTED_EDGE('',*,*,#3379,.T.);
#4249=ORIENTED_EDGE('',*,*,#3380,.F.);
#4250=ORIENTED_EDGE('',*,*,#3381,.F.);
#4251=ORIENTED_EDGE('',*,*,#3382,.T.);
#4252=ORIENTED_EDGE('',*,*,#3383,.T.);
#4253=ORIENTED_EDGE('',*,*,#3378,.F.);
#4254=ORIENTED_EDGE('',*,*,#3384,.F.);
#4255=ORIENTED_EDGE('',*,*,#3385,.T.);
#4256=ORIENTED_EDGE('',*,*,#3386,.T.);
#4257=ORIENTED_EDGE('',*,*,#3382,.F.);
#4258=ORIENTED_EDGE('',*,*,#3387,.F.);
#4259=ORIENTED_EDGE('',*,*,#3388,.T.);
#4260=ORIENTED_EDGE('',*,*,#3389,.T.);
#4261=ORIENTED_EDGE('',*,*,#3385,.F.);
#4262=ORIENTED_EDGE('',*,*,#3390,.F.);
#4263=ORIENTED_EDGE('',*,*,#3374,.T.);
#4264=ORIENTED_EDGE('',*,*,#3391,.T.);
#4265=ORIENTED_EDGE('',*,*,#3388,.F.);
#4266=ORIENTED_EDGE('',*,*,#3392,.F.);
#4267=ORIENTED_EDGE('',*,*,#3393,.F.);
#4268=ORIENTED_EDGE('',*,*,#3394,.F.);
#4269=ORIENTED_EDGE('',*,*,#3395,.F.);
#4270=ORIENTED_EDGE('',*,*,#3379,.F.);
#4271=ORIENTED_EDGE('',*,*,#3383,.F.);
#4272=ORIENTED_EDGE('',*,*,#3386,.F.);
#4273=ORIENTED_EDGE('',*,*,#3389,.F.);
#4274=ORIENTED_EDGE('',*,*,#3391,.F.);
#4275=ORIENTED_EDGE('',*,*,#3373,.F.);
#4276=ORIENTED_EDGE('',*,*,#3396,.F.);
#4277=ORIENTED_EDGE('',*,*,#3397,.F.);
#4278=ORIENTED_EDGE('',*,*,#3398,.F.);
#4279=ORIENTED_EDGE('',*,*,#3399,.T.);
#4280=ORIENTED_EDGE('',*,*,#3400,.T.);
#4281=ORIENTED_EDGE('',*,*,#3401,.F.);
#4282=ORIENTED_EDGE('',*,*,#3402,.F.);
#4283=ORIENTED_EDGE('',*,*,#3403,.T.);
#4284=ORIENTED_EDGE('',*,*,#3404,.T.);
#4285=ORIENTED_EDGE('',*,*,#3399,.F.);
#4286=ORIENTED_EDGE('',*,*,#3405,.F.);
#4287=ORIENTED_EDGE('',*,*,#3406,.T.);
#4288=ORIENTED_EDGE('',*,*,#3407,.T.);
#4289=ORIENTED_EDGE('',*,*,#3403,.F.);
#4290=ORIENTED_EDGE('',*,*,#3408,.F.);
#4291=ORIENTED_EDGE('',*,*,#3409,.T.);
#4292=ORIENTED_EDGE('',*,*,#3410,.T.);
#4293=ORIENTED_EDGE('',*,*,#3406,.F.);
#4294=ORIENTED_EDGE('',*,*,#3411,.F.);
#4295=ORIENTED_EDGE('',*,*,#3412,.T.);
#4296=ORIENTED_EDGE('',*,*,#3413,.T.);
#4297=ORIENTED_EDGE('',*,*,#3409,.F.);
#4298=ORIENTED_EDGE('',*,*,#3414,.F.);
#4299=ORIENTED_EDGE('',*,*,#3415,.F.);
#4300=ORIENTED_EDGE('',*,*,#3416,.T.);
#4301=ORIENTED_EDGE('',*,*,#3412,.F.);
#4302=ORIENTED_EDGE('',*,*,#3417,.F.);
#4303=ORIENTED_EDGE('',*,*,#3418,.F.);
#4304=ORIENTED_EDGE('',*,*,#3419,.F.);
#4305=ORIENTED_EDGE('',*,*,#3420,.F.);
#4306=ORIENTED_EDGE('',*,*,#3421,.F.);
#4307=ORIENTED_EDGE('',*,*,#3400,.F.);
#4308=ORIENTED_EDGE('',*,*,#3404,.F.);
#4309=ORIENTED_EDGE('',*,*,#3407,.F.);
#4310=ORIENTED_EDGE('',*,*,#3410,.F.);
#4311=ORIENTED_EDGE('',*,*,#3413,.F.);
#4312=ORIENTED_EDGE('',*,*,#3416,.F.);
#4313=ORIENTED_EDGE('',*,*,#3422,.F.);
#4314=ORIENTED_EDGE('',*,*,#3423,.F.);
#4315=ORIENTED_EDGE('',*,*,#3424,.F.);
#4316=ORIENTED_EDGE('',*,*,#3425,.T.);
#4317=ORIENTED_EDGE('',*,*,#3426,.F.);
#4318=ORIENTED_EDGE('',*,*,#3427,.F.);
#4319=ORIENTED_EDGE('',*,*,#3428,.F.);
#4320=ORIENTED_EDGE('',*,*,#3429,.F.);
#4321=ORIENTED_EDGE('',*,*,#3430,.T.);
#4322=ORIENTED_EDGE('',*,*,#3431,.T.);
#4323=ORIENTED_EDGE('',*,*,#3432,.F.);
#4324=ORIENTED_EDGE('',*,*,#3433,.F.);
#4325=ORIENTED_EDGE('',*,*,#3434,.T.);
#4326=ORIENTED_EDGE('',*,*,#3435,.T.);
#4327=ORIENTED_EDGE('',*,*,#3430,.F.);
#4328=ORIENTED_EDGE('',*,*,#3436,.F.);
#4329=ORIENTED_EDGE('',*,*,#3437,.T.);
#4330=ORIENTED_EDGE('',*,*,#3438,.T.);
#4331=ORIENTED_EDGE('',*,*,#3434,.F.);
#4332=ORIENTED_EDGE('',*,*,#3439,.F.);
#4333=ORIENTED_EDGE('',*,*,#3440,.T.);
#4334=ORIENTED_EDGE('',*,*,#3441,.T.);
#4335=ORIENTED_EDGE('',*,*,#3437,.F.);
#4336=ORIENTED_EDGE('',*,*,#3442,.F.);
#4337=ORIENTED_EDGE('',*,*,#3443,.T.);
#4338=ORIENTED_EDGE('',*,*,#3444,.T.);
#4339=ORIENTED_EDGE('',*,*,#3440,.F.);
#4340=ORIENTED_EDGE('',*,*,#3445,.F.);
#4341=ORIENTED_EDGE('',*,*,#3426,.T.);
#4342=ORIENTED_EDGE('',*,*,#3446,.T.);
#4343=ORIENTED_EDGE('',*,*,#3443,.F.);
#4344=ORIENTED_EDGE('',*,*,#3447,.F.);
#4345=ORIENTED_EDGE('',*,*,#3448,.F.);
#4346=ORIENTED_EDGE('',*,*,#3449,.F.);
#4347=ORIENTED_EDGE('',*,*,#3450,.F.);
#4348=ORIENTED_EDGE('',*,*,#3431,.F.);
#4349=ORIENTED_EDGE('',*,*,#3435,.F.);
#4350=ORIENTED_EDGE('',*,*,#3438,.F.);
#4351=ORIENTED_EDGE('',*,*,#3441,.F.);
#4352=ORIENTED_EDGE('',*,*,#3444,.F.);
#4353=ORIENTED_EDGE('',*,*,#3446,.F.);
#4354=ORIENTED_EDGE('',*,*,#3425,.F.);
#4355=ORIENTED_EDGE('',*,*,#3451,.F.);
#4356=ORIENTED_EDGE('',*,*,#3452,.F.);
#4357=ORIENTED_EDGE('',*,*,#3453,.F.);
#4358=ORIENTED_EDGE('',*,*,#3454,.T.);
#4359=ORIENTED_EDGE('',*,*,#3455,.T.);
#4360=ORIENTED_EDGE('',*,*,#3456,.F.);
#4361=ORIENTED_EDGE('',*,*,#3457,.F.);
#4362=ORIENTED_EDGE('',*,*,#3458,.T.);
#4363=ORIENTED_EDGE('',*,*,#3459,.T.);
#4364=ORIENTED_EDGE('',*,*,#3454,.F.);
#4365=ORIENTED_EDGE('',*,*,#3460,.F.);
#4366=ORIENTED_EDGE('',*,*,#3461,.T.);
#4367=ORIENTED_EDGE('',*,*,#3462,.T.);
#4368=ORIENTED_EDGE('',*,*,#3458,.F.);
#4369=ORIENTED_EDGE('',*,*,#3463,.F.);
#4370=ORIENTED_EDGE('',*,*,#3464,.T.);
#4371=ORIENTED_EDGE('',*,*,#3465,.T.);
#4372=ORIENTED_EDGE('',*,*,#3461,.F.);
#4373=ORIENTED_EDGE('',*,*,#3466,.F.);
#4374=ORIENTED_EDGE('',*,*,#3467,.T.);
#4375=ORIENTED_EDGE('',*,*,#3468,.T.);
#4376=ORIENTED_EDGE('',*,*,#3464,.F.);
#4377=ORIENTED_EDGE('',*,*,#3469,.F.);
#4378=ORIENTED_EDGE('',*,*,#3470,.F.);
#4379=ORIENTED_EDGE('',*,*,#3471,.T.);
#4380=ORIENTED_EDGE('',*,*,#3467,.F.);
#4381=ORIENTED_EDGE('',*,*,#3472,.F.);
#4382=ORIENTED_EDGE('',*,*,#3473,.F.);
#4383=ORIENTED_EDGE('',*,*,#3474,.F.);
#4384=ORIENTED_EDGE('',*,*,#3475,.F.);
#4385=ORIENTED_EDGE('',*,*,#3476,.F.);
#4386=ORIENTED_EDGE('',*,*,#3455,.F.);
#4387=ORIENTED_EDGE('',*,*,#3459,.F.);
#4388=ORIENTED_EDGE('',*,*,#3462,.F.);
#4389=ORIENTED_EDGE('',*,*,#3465,.F.);
#4390=ORIENTED_EDGE('',*,*,#3468,.F.);
#4391=ORIENTED_EDGE('',*,*,#3471,.F.);
#4392=ORIENTED_EDGE('',*,*,#3477,.F.);
#4393=ORIENTED_EDGE('',*,*,#3420,.T.);
#4394=ORIENTED_EDGE('',*,*,#3478,.T.);
#4395=ORIENTED_EDGE('',*,*,#3479,.T.);
#4396=ORIENTED_EDGE('',*,*,#3480,.T.);
#4397=ORIENTED_EDGE('',*,*,#3376,.T.);
#4398=ORIENTED_EDGE('',*,*,#3481,.T.);
#4399=ORIENTED_EDGE('',*,*,#3423,.T.);
#4400=ORIENTED_EDGE('',*,*,#3482,.T.);
#4401=ORIENTED_EDGE('',*,*,#3375,.T.);
#4402=ORIENTED_EDGE('',*,*,#3390,.T.);
#4403=ORIENTED_EDGE('',*,*,#3387,.T.);
#4404=ORIENTED_EDGE('',*,*,#3384,.T.);
#4405=ORIENTED_EDGE('',*,*,#3381,.T.);
#4406=ORIENTED_EDGE('',*,*,#3377,.T.);
#4407=ORIENTED_EDGE('',*,*,#3482,.F.);
#4408=ORIENTED_EDGE('',*,*,#3427,.T.);
#4409=ORIENTED_EDGE('',*,*,#3445,.T.);
#4410=ORIENTED_EDGE('',*,*,#3442,.T.);
#4411=ORIENTED_EDGE('',*,*,#3439,.T.);
#4412=ORIENTED_EDGE('',*,*,#3436,.T.);
#4413=ORIENTED_EDGE('',*,*,#3433,.T.);
#4414=ORIENTED_EDGE('',*,*,#3429,.T.);
#4415=ORIENTED_EDGE('',*,*,#3483,.F.);
#4416=ORIENTED_EDGE('',*,*,#3417,.T.);
#4417=ORIENTED_EDGE('',*,*,#3411,.T.);
#4418=ORIENTED_EDGE('',*,*,#3408,.T.);
#4419=ORIENTED_EDGE('',*,*,#3405,.T.);
#4420=ORIENTED_EDGE('',*,*,#3402,.T.);
#4421=ORIENTED_EDGE('',*,*,#3398,.T.);
#4422=ORIENTED_EDGE('',*,*,#3484,.F.);
#4423=ORIENTED_EDGE('',*,*,#3472,.T.);
#4424=ORIENTED_EDGE('',*,*,#3466,.T.);
#4425=ORIENTED_EDGE('',*,*,#3463,.T.);
#4426=ORIENTED_EDGE('',*,*,#3460,.T.);
#4427=ORIENTED_EDGE('',*,*,#3457,.T.);
#4428=ORIENTED_EDGE('',*,*,#3453,.T.);
#4429=ORIENTED_EDGE('',*,*,#3485,.F.);
#4430=ORIENTED_EDGE('',*,*,#3397,.T.);
#4431=ORIENTED_EDGE('',*,*,#3486,.T.);
#4432=ORIENTED_EDGE('',*,*,#3469,.T.);
#4433=ORIENTED_EDGE('',*,*,#3484,.T.);
#4434=ORIENTED_EDGE('',*,*,#3371,.T.);
#4435=ORIENTED_EDGE('',*,*,#3485,.T.);
#4436=ORIENTED_EDGE('',*,*,#3452,.T.);
#4437=ORIENTED_EDGE('',*,*,#3487,.T.);
#4438=ORIENTED_EDGE('',*,*,#3401,.T.);
#4439=ORIENTED_EDGE('',*,*,#3421,.T.);
#4440=ORIENTED_EDGE('',*,*,#3480,.F.);
#4441=ORIENTED_EDGE('',*,*,#3488,.F.);
#4442=ORIENTED_EDGE('',*,*,#3489,.F.);
#4443=ORIENTED_EDGE('',*,*,#3477,.T.);
#4444=ORIENTED_EDGE('',*,*,#3470,.T.);
#4445=ORIENTED_EDGE('',*,*,#3486,.F.);
#4446=ORIENTED_EDGE('',*,*,#3475,.T.);
#4447=ORIENTED_EDGE('',*,*,#3490,.T.);
#4448=ORIENTED_EDGE('',*,*,#3491,.T.);
#4449=ORIENTED_EDGE('',*,*,#3492,.T.);
#4450=ORIENTED_EDGE('',*,*,#3493,.F.);
#4451=ORIENTED_EDGE('',*,*,#3494,.F.);
#4452=ORIENTED_EDGE('',*,*,#3495,.F.);
#4453=ORIENTED_EDGE('',*,*,#3496,.F.);
#4454=ORIENTED_EDGE('',*,*,#3491,.F.);
#4455=ORIENTED_EDGE('',*,*,#3497,.F.);
#4456=ORIENTED_EDGE('',*,*,#3498,.F.);
#4457=ORIENTED_EDGE('',*,*,#3479,.F.);
#4458=ORIENTED_EDGE('',*,*,#3499,.F.);
#4459=ORIENTED_EDGE('',*,*,#3500,.F.);
#4460=ORIENTED_EDGE('',*,*,#3501,.F.);
#4461=ORIENTED_EDGE('',*,*,#3502,.F.);
#4462=ORIENTED_EDGE('',*,*,#3503,.F.);
#4463=ORIENTED_EDGE('',*,*,#3504,.F.);
#4464=ORIENTED_EDGE('',*,*,#3505,.F.);
#4465=ORIENTED_EDGE('',*,*,#3392,.T.);
#4466=ORIENTED_EDGE('',*,*,#3506,.T.);
#4467=ORIENTED_EDGE('',*,*,#3501,.T.);
#4468=ORIENTED_EDGE('',*,*,#3507,.T.);
#4469=ORIENTED_EDGE('',*,*,#3508,.F.);
#4470=ORIENTED_EDGE('',*,*,#3509,.F.);
#4471=ORIENTED_EDGE('',*,*,#3510,.F.);
#4472=ORIENTED_EDGE('',*,*,#3511,.F.);
#4473=ORIENTED_EDGE('',*,*,#3512,.F.);
#4474=ORIENTED_EDGE('',*,*,#3513,.F.);
#4475=ORIENTED_EDGE('',*,*,#3414,.T.);
#4476=ORIENTED_EDGE('',*,*,#3483,.T.);
#4477=ORIENTED_EDGE('',*,*,#3428,.T.);
#4478=ORIENTED_EDGE('',*,*,#3514,.T.);
#4479=ORIENTED_EDGE('',*,*,#3515,.F.);
#4480=ORIENTED_EDGE('',*,*,#3516,.F.);
#4481=ORIENTED_EDGE('',*,*,#3517,.F.);
#4482=ORIENTED_EDGE('',*,*,#3447,.T.);
#4483=ORIENTED_EDGE('',*,*,#3518,.T.);
#4484=ORIENTED_EDGE('',*,*,#3516,.T.);
#4485=ORIENTED_EDGE('',*,*,#3519,.T.);
#4486=ORIENTED_EDGE('',*,*,#3508,.T.);
#4487=ORIENTED_EDGE('',*,*,#3520,.T.);
#4488=ORIENTED_EDGE('',*,*,#3517,.T.);
#4489=ORIENTED_EDGE('',*,*,#3521,.T.);
#4490=ORIENTED_EDGE('',*,*,#3515,.T.);
#4491=ORIENTED_EDGE('',*,*,#3522,.T.);
#4492=ORIENTED_EDGE('',*,*,#3513,.T.);
#4493=ORIENTED_EDGE('',*,*,#3523,.T.);
#4494=ORIENTED_EDGE('',*,*,#3449,.T.);
#4495=ORIENTED_EDGE('',*,*,#3524,.T.);
#4496=ORIENTED_EDGE('',*,*,#3512,.T.);
#4497=ORIENTED_EDGE('',*,*,#3525,.T.);
#4498=ORIENTED_EDGE('',*,*,#3394,.T.);
#4499=ORIENTED_EDGE('',*,*,#3526,.T.);
#4500=ORIENTED_EDGE('',*,*,#3509,.T.);
#4501=ORIENTED_EDGE('',*,*,#3527,.T.);
#4502=ORIENTED_EDGE('',*,*,#3511,.T.);
#4503=ORIENTED_EDGE('',*,*,#3528,.T.);
#4504=ORIENTED_EDGE('',*,*,#3505,.T.);
#4505=ORIENTED_EDGE('',*,*,#3529,.T.);
#4506=ORIENTED_EDGE('',*,*,#3500,.T.);
#4507=ORIENTED_EDGE('',*,*,#3530,.T.);
#4508=ORIENTED_EDGE('',*,*,#3510,.T.);
#4509=ORIENTED_EDGE('',*,*,#3531,.T.);
#4510=ORIENTED_EDGE('',*,*,#3418,.T.);
#4511=ORIENTED_EDGE('',*,*,#3532,.T.);
#4512=ORIENTED_EDGE('',*,*,#3504,.T.);
#4513=ORIENTED_EDGE('',*,*,#3533,.T.);
#4514=ORIENTED_EDGE('',*,*,#3503,.T.);
#4515=ORIENTED_EDGE('',*,*,#3534,.T.);
#4516=ORIENTED_EDGE('',*,*,#3499,.T.);
#4517=ORIENTED_EDGE('',*,*,#3535,.T.);
#4518=ORIENTED_EDGE('',*,*,#3496,.T.);
#4519=ORIENTED_EDGE('',*,*,#3536,.T.);
#4520=ORIENTED_EDGE('',*,*,#3502,.T.);
#4521=ORIENTED_EDGE('',*,*,#3537,.T.);
#4522=ORIENTED_EDGE('',*,*,#3498,.T.);
#4523=ORIENTED_EDGE('',*,*,#3538,.T.);
#4524=ORIENTED_EDGE('',*,*,#3495,.T.);
#4525=ORIENTED_EDGE('',*,*,#3488,.T.);
#4526=ORIENTED_EDGE('',*,*,#3493,.T.);
#4527=ORIENTED_EDGE('',*,*,#3539,.T.);
#4528=ORIENTED_EDGE('',*,*,#3497,.T.);
#4529=ORIENTED_EDGE('',*,*,#3540,.T.);
#4530=ORIENTED_EDGE('',*,*,#3473,.T.);
#4531=ORIENTED_EDGE('',*,*,#3489,.T.);
#4532=ORIENTED_EDGE('',*,*,#3494,.T.);
#4533=ORIENTED_EDGE('',*,*,#3541,.T.);
#4534=ORIENTED_EDGE('',*,*,#3372,.T.);
#4535=ORIENTED_EDGE('',*,*,#3487,.F.);
#4536=ORIENTED_EDGE('',*,*,#3456,.T.);
#4537=ORIENTED_EDGE('',*,*,#3476,.T.);
#4538=ORIENTED_EDGE('',*,*,#3492,.F.);
#4539=ORIENTED_EDGE('',*,*,#3537,.F.);
#4540=ORIENTED_EDGE('',*,*,#3506,.F.);
#4541=ORIENTED_EDGE('',*,*,#3396,.T.);
#4542=ORIENTED_EDGE('',*,*,#3393,.T.);
#4543=ORIENTED_EDGE('',*,*,#3507,.F.);
#4544=ORIENTED_EDGE('',*,*,#3531,.F.);
#4545=ORIENTED_EDGE('',*,*,#3526,.F.);
#4546=ORIENTED_EDGE('',*,*,#3419,.T.);
#4547=ORIENTED_EDGE('',*,*,#3533,.F.);
#4548=ORIENTED_EDGE('',*,*,#3535,.F.);
#4549=ORIENTED_EDGE('',*,*,#3478,.F.);
#4550=ORIENTED_EDGE('',*,*,#3415,.T.);
#4551=ORIENTED_EDGE('',*,*,#3514,.F.);
#4552=ORIENTED_EDGE('',*,*,#3432,.T.);
#4553=ORIENTED_EDGE('',*,*,#3450,.T.);
#4554=ORIENTED_EDGE('',*,*,#3525,.F.);
#4555=ORIENTED_EDGE('',*,*,#3529,.F.);
#4556=ORIENTED_EDGE('',*,*,#3532,.F.);
#4557=ORIENTED_EDGE('',*,*,#3422,.T.);
#4558=ORIENTED_EDGE('',*,*,#3448,.T.);
#4559=ORIENTED_EDGE('',*,*,#3519,.F.);
#4560=ORIENTED_EDGE('',*,*,#3523,.F.);
#4561=ORIENTED_EDGE('',*,*,#3524,.F.);
#4562=ORIENTED_EDGE('',*,*,#3395,.T.);
#4563=ORIENTED_EDGE('',*,*,#3527,.F.);
#4564=ORIENTED_EDGE('',*,*,#3521,.F.);
#4565=ORIENTED_EDGE('',*,*,#3518,.F.);
#4566=ORIENTED_EDGE('',*,*,#3451,.T.);
#4567=ORIENTED_EDGE('',*,*,#3424,.T.);
#4568=ORIENTED_EDGE('',*,*,#3481,.F.);
#4569=ORIENTED_EDGE('',*,*,#3380,.T.);
#4570=ORIENTED_EDGE('',*,*,#3520,.F.);
#4571=ORIENTED_EDGE('',*,*,#3530,.F.);
#4572=ORIENTED_EDGE('',*,*,#3536,.F.);
#4573=ORIENTED_EDGE('',*,*,#3539,.F.);
#4574=ORIENTED_EDGE('',*,*,#3538,.F.);
#4575=ORIENTED_EDGE('',*,*,#3534,.F.);
#4576=ORIENTED_EDGE('',*,*,#3528,.F.);
#4577=ORIENTED_EDGE('',*,*,#3522,.F.);
#4578=ORIENTED_EDGE('',*,*,#3474,.T.);
#4579=ORIENTED_EDGE('',*,*,#3541,.F.);
#4580=ORIENTED_EDGE('',*,*,#3540,.F.);
#4581=ORIENTED_EDGE('',*,*,#3490,.F.);
#4582=ORIENTED_EDGE('',*,*,#3542,.T.);
#4583=ORIENTED_EDGE('',*,*,#3543,.T.);
#4584=ORIENTED_EDGE('',*,*,#3544,.F.);
#4585=ORIENTED_EDGE('',*,*,#3545,.F.);
#4586=ORIENTED_EDGE('',*,*,#3546,.T.);
#4587=ORIENTED_EDGE('',*,*,#3545,.T.);
#4588=ORIENTED_EDGE('',*,*,#3547,.F.);
#4589=ORIENTED_EDGE('',*,*,#3548,.F.);
#4590=ORIENTED_EDGE('',*,*,#3549,.T.);
#4591=ORIENTED_EDGE('',*,*,#3548,.T.);
#4592=ORIENTED_EDGE('',*,*,#3550,.F.);
#4593=ORIENTED_EDGE('',*,*,#3551,.F.);
#4594=ORIENTED_EDGE('',*,*,#3552,.T.);
#4595=ORIENTED_EDGE('',*,*,#3551,.T.);
#4596=ORIENTED_EDGE('',*,*,#3553,.F.);
#4597=ORIENTED_EDGE('',*,*,#3554,.F.);
#4598=ORIENTED_EDGE('',*,*,#3555,.T.);
#4599=ORIENTED_EDGE('',*,*,#3554,.T.);
#4600=ORIENTED_EDGE('',*,*,#3556,.F.);
#4601=ORIENTED_EDGE('',*,*,#3557,.F.);
#4602=ORIENTED_EDGE('',*,*,#3558,.T.);
#4603=ORIENTED_EDGE('',*,*,#3557,.T.);
#4604=ORIENTED_EDGE('',*,*,#3559,.F.);
#4605=ORIENTED_EDGE('',*,*,#3560,.F.);
#4606=ORIENTED_EDGE('',*,*,#3561,.T.);
#4607=ORIENTED_EDGE('',*,*,#3560,.T.);
#4608=ORIENTED_EDGE('',*,*,#3562,.F.);
#4609=ORIENTED_EDGE('',*,*,#3563,.F.);
#4610=ORIENTED_EDGE('',*,*,#3564,.T.);
#4611=ORIENTED_EDGE('',*,*,#3563,.T.);
#4612=ORIENTED_EDGE('',*,*,#3565,.F.);
#4613=ORIENTED_EDGE('',*,*,#3566,.F.);
#4614=ORIENTED_EDGE('',*,*,#3567,.T.);
#4615=ORIENTED_EDGE('',*,*,#3566,.T.);
#4616=ORIENTED_EDGE('',*,*,#3568,.F.);
#4617=ORIENTED_EDGE('',*,*,#3543,.F.);
#4618=ORIENTED_EDGE('',*,*,#3568,.T.);
#4619=ORIENTED_EDGE('',*,*,#3565,.T.);
#4620=ORIENTED_EDGE('',*,*,#3562,.T.);
#4621=ORIENTED_EDGE('',*,*,#3559,.T.);
#4622=ORIENTED_EDGE('',*,*,#3556,.T.);
#4623=ORIENTED_EDGE('',*,*,#3553,.T.);
#4624=ORIENTED_EDGE('',*,*,#3550,.T.);
#4625=ORIENTED_EDGE('',*,*,#3547,.T.);
#4626=ORIENTED_EDGE('',*,*,#3544,.T.);
#4627=ORIENTED_EDGE('',*,*,#3567,.F.);
#4628=ORIENTED_EDGE('',*,*,#3542,.F.);
#4629=ORIENTED_EDGE('',*,*,#3546,.F.);
#4630=ORIENTED_EDGE('',*,*,#3549,.F.);
#4631=ORIENTED_EDGE('',*,*,#3552,.F.);
#4632=ORIENTED_EDGE('',*,*,#3555,.F.);
#4633=ORIENTED_EDGE('',*,*,#3558,.F.);
#4634=ORIENTED_EDGE('',*,*,#3561,.F.);
#4635=ORIENTED_EDGE('',*,*,#3564,.F.);
#4636=ORIENTED_EDGE('',*,*,#3569,.T.);
#4637=ORIENTED_EDGE('',*,*,#3570,.T.);
#4638=ORIENTED_EDGE('',*,*,#3571,.F.);
#4639=ORIENTED_EDGE('',*,*,#3572,.F.);
#4640=ORIENTED_EDGE('',*,*,#3573,.T.);
#4641=ORIENTED_EDGE('',*,*,#3572,.T.);
#4642=ORIENTED_EDGE('',*,*,#3574,.F.);
#4643=ORIENTED_EDGE('',*,*,#3575,.F.);
#4644=ORIENTED_EDGE('',*,*,#3576,.T.);
#4645=ORIENTED_EDGE('',*,*,#3575,.T.);
#4646=ORIENTED_EDGE('',*,*,#3577,.F.);
#4647=ORIENTED_EDGE('',*,*,#3578,.F.);
#4648=ORIENTED_EDGE('',*,*,#3579,.T.);
#4649=ORIENTED_EDGE('',*,*,#3578,.T.);
#4650=ORIENTED_EDGE('',*,*,#3580,.F.);
#4651=ORIENTED_EDGE('',*,*,#3581,.F.);
#4652=ORIENTED_EDGE('',*,*,#3582,.T.);
#4653=ORIENTED_EDGE('',*,*,#3581,.T.);
#4654=ORIENTED_EDGE('',*,*,#3583,.F.);
#4655=ORIENTED_EDGE('',*,*,#3584,.F.);
#4656=ORIENTED_EDGE('',*,*,#3585,.T.);
#4657=ORIENTED_EDGE('',*,*,#3584,.T.);
#4658=ORIENTED_EDGE('',*,*,#3586,.F.);
#4659=ORIENTED_EDGE('',*,*,#3587,.F.);
#4660=ORIENTED_EDGE('',*,*,#3588,.T.);
#4661=ORIENTED_EDGE('',*,*,#3587,.T.);
#4662=ORIENTED_EDGE('',*,*,#3589,.F.);
#4663=ORIENTED_EDGE('',*,*,#3590,.F.);
#4664=ORIENTED_EDGE('',*,*,#3591,.T.);
#4665=ORIENTED_EDGE('',*,*,#3590,.T.);
#4666=ORIENTED_EDGE('',*,*,#3592,.F.);
#4667=ORIENTED_EDGE('',*,*,#3593,.F.);
#4668=ORIENTED_EDGE('',*,*,#3594,.T.);
#4669=ORIENTED_EDGE('',*,*,#3593,.T.);
#4670=ORIENTED_EDGE('',*,*,#3595,.F.);
#4671=ORIENTED_EDGE('',*,*,#3570,.F.);
#4672=ORIENTED_EDGE('',*,*,#3595,.T.);
#4673=ORIENTED_EDGE('',*,*,#3592,.T.);
#4674=ORIENTED_EDGE('',*,*,#3589,.T.);
#4675=ORIENTED_EDGE('',*,*,#3586,.T.);
#4676=ORIENTED_EDGE('',*,*,#3583,.T.);
#4677=ORIENTED_EDGE('',*,*,#3580,.T.);
#4678=ORIENTED_EDGE('',*,*,#3577,.T.);
#4679=ORIENTED_EDGE('',*,*,#3574,.T.);
#4680=ORIENTED_EDGE('',*,*,#3571,.T.);
#4681=ORIENTED_EDGE('',*,*,#3594,.F.);
#4682=ORIENTED_EDGE('',*,*,#3569,.F.);
#4683=ORIENTED_EDGE('',*,*,#3573,.F.);
#4684=ORIENTED_EDGE('',*,*,#3576,.F.);
#4685=ORIENTED_EDGE('',*,*,#3579,.F.);
#4686=ORIENTED_EDGE('',*,*,#3582,.F.);
#4687=ORIENTED_EDGE('',*,*,#3585,.F.);
#4688=ORIENTED_EDGE('',*,*,#3588,.F.);
#4689=ORIENTED_EDGE('',*,*,#3591,.F.);
#4690=ORIENTED_EDGE('',*,*,#3596,.T.);
#4691=ORIENTED_EDGE('',*,*,#3597,.T.);
#4692=ORIENTED_EDGE('',*,*,#3598,.F.);
#4693=ORIENTED_EDGE('',*,*,#3599,.F.);
#4694=ORIENTED_EDGE('',*,*,#3600,.T.);
#4695=ORIENTED_EDGE('',*,*,#3599,.T.);
#4696=ORIENTED_EDGE('',*,*,#3601,.F.);
#4697=ORIENTED_EDGE('',*,*,#3602,.F.);
#4698=ORIENTED_EDGE('',*,*,#3603,.T.);
#4699=ORIENTED_EDGE('',*,*,#3602,.T.);
#4700=ORIENTED_EDGE('',*,*,#3604,.F.);
#4701=ORIENTED_EDGE('',*,*,#3605,.F.);
#4702=ORIENTED_EDGE('',*,*,#3606,.T.);
#4703=ORIENTED_EDGE('',*,*,#3605,.T.);
#4704=ORIENTED_EDGE('',*,*,#3607,.F.);
#4705=ORIENTED_EDGE('',*,*,#3608,.F.);
#4706=ORIENTED_EDGE('',*,*,#3609,.T.);
#4707=ORIENTED_EDGE('',*,*,#3608,.T.);
#4708=ORIENTED_EDGE('',*,*,#3610,.F.);
#4709=ORIENTED_EDGE('',*,*,#3611,.F.);
#4710=ORIENTED_EDGE('',*,*,#3612,.T.);
#4711=ORIENTED_EDGE('',*,*,#3611,.T.);
#4712=ORIENTED_EDGE('',*,*,#3613,.F.);
#4713=ORIENTED_EDGE('',*,*,#3614,.F.);
#4714=ORIENTED_EDGE('',*,*,#3615,.T.);
#4715=ORIENTED_EDGE('',*,*,#3614,.T.);
#4716=ORIENTED_EDGE('',*,*,#3616,.F.);
#4717=ORIENTED_EDGE('',*,*,#3617,.F.);
#4718=ORIENTED_EDGE('',*,*,#3618,.T.);
#4719=ORIENTED_EDGE('',*,*,#3617,.T.);
#4720=ORIENTED_EDGE('',*,*,#3619,.F.);
#4721=ORIENTED_EDGE('',*,*,#3620,.F.);
#4722=ORIENTED_EDGE('',*,*,#3621,.T.);
#4723=ORIENTED_EDGE('',*,*,#3620,.T.);
#4724=ORIENTED_EDGE('',*,*,#3622,.F.);
#4725=ORIENTED_EDGE('',*,*,#3597,.F.);
#4726=ORIENTED_EDGE('',*,*,#3622,.T.);
#4727=ORIENTED_EDGE('',*,*,#3619,.T.);
#4728=ORIENTED_EDGE('',*,*,#3616,.T.);
#4729=ORIENTED_EDGE('',*,*,#3613,.T.);
#4730=ORIENTED_EDGE('',*,*,#3610,.T.);
#4731=ORIENTED_EDGE('',*,*,#3607,.T.);
#4732=ORIENTED_EDGE('',*,*,#3604,.T.);
#4733=ORIENTED_EDGE('',*,*,#3601,.T.);
#4734=ORIENTED_EDGE('',*,*,#3598,.T.);
#4735=ORIENTED_EDGE('',*,*,#3621,.F.);
#4736=ORIENTED_EDGE('',*,*,#3596,.F.);
#4737=ORIENTED_EDGE('',*,*,#3600,.F.);
#4738=ORIENTED_EDGE('',*,*,#3603,.F.);
#4739=ORIENTED_EDGE('',*,*,#3606,.F.);
#4740=ORIENTED_EDGE('',*,*,#3609,.F.);
#4741=ORIENTED_EDGE('',*,*,#3612,.F.);
#4742=ORIENTED_EDGE('',*,*,#3615,.F.);
#4743=ORIENTED_EDGE('',*,*,#3618,.F.);
#4744=ORIENTED_EDGE('',*,*,#3623,.T.);
#4745=ORIENTED_EDGE('',*,*,#3624,.T.);
#4746=ORIENTED_EDGE('',*,*,#3625,.F.);
#4747=ORIENTED_EDGE('',*,*,#3626,.F.);
#4748=ORIENTED_EDGE('',*,*,#3627,.T.);
#4749=ORIENTED_EDGE('',*,*,#3626,.T.);
#4750=ORIENTED_EDGE('',*,*,#3628,.F.);
#4751=ORIENTED_EDGE('',*,*,#3629,.F.);
#4752=ORIENTED_EDGE('',*,*,#3630,.T.);
#4753=ORIENTED_EDGE('',*,*,#3629,.T.);
#4754=ORIENTED_EDGE('',*,*,#3631,.F.);
#4755=ORIENTED_EDGE('',*,*,#3632,.F.);
#4756=ORIENTED_EDGE('',*,*,#3633,.T.);
#4757=ORIENTED_EDGE('',*,*,#3632,.T.);
#4758=ORIENTED_EDGE('',*,*,#3634,.F.);
#4759=ORIENTED_EDGE('',*,*,#3635,.F.);
#4760=ORIENTED_EDGE('',*,*,#3636,.T.);
#4761=ORIENTED_EDGE('',*,*,#3635,.T.);
#4762=ORIENTED_EDGE('',*,*,#3637,.F.);
#4763=ORIENTED_EDGE('',*,*,#3638,.F.);
#4764=ORIENTED_EDGE('',*,*,#3639,.T.);
#4765=ORIENTED_EDGE('',*,*,#3638,.T.);
#4766=ORIENTED_EDGE('',*,*,#3640,.F.);
#4767=ORIENTED_EDGE('',*,*,#3641,.F.);
#4768=ORIENTED_EDGE('',*,*,#3642,.T.);
#4769=ORIENTED_EDGE('',*,*,#3641,.T.);
#4770=ORIENTED_EDGE('',*,*,#3643,.F.);
#4771=ORIENTED_EDGE('',*,*,#3644,.F.);
#4772=ORIENTED_EDGE('',*,*,#3645,.T.);
#4773=ORIENTED_EDGE('',*,*,#3644,.T.);
#4774=ORIENTED_EDGE('',*,*,#3646,.F.);
#4775=ORIENTED_EDGE('',*,*,#3647,.F.);
#4776=ORIENTED_EDGE('',*,*,#3648,.T.);
#4777=ORIENTED_EDGE('',*,*,#3647,.T.);
#4778=ORIENTED_EDGE('',*,*,#3649,.F.);
#4779=ORIENTED_EDGE('',*,*,#3650,.F.);
#4780=ORIENTED_EDGE('',*,*,#3651,.T.);
#4781=ORIENTED_EDGE('',*,*,#3650,.T.);
#4782=ORIENTED_EDGE('',*,*,#3652,.F.);
#4783=ORIENTED_EDGE('',*,*,#3624,.F.);
#4784=ORIENTED_EDGE('',*,*,#3652,.T.);
#4785=ORIENTED_EDGE('',*,*,#3649,.T.);
#4786=ORIENTED_EDGE('',*,*,#3646,.T.);
#4787=ORIENTED_EDGE('',*,*,#3643,.T.);
#4788=ORIENTED_EDGE('',*,*,#3640,.T.);
#4789=ORIENTED_EDGE('',*,*,#3637,.T.);
#4790=ORIENTED_EDGE('',*,*,#3634,.T.);
#4791=ORIENTED_EDGE('',*,*,#3631,.T.);
#4792=ORIENTED_EDGE('',*,*,#3628,.T.);
#4793=ORIENTED_EDGE('',*,*,#3625,.T.);
#4794=ORIENTED_EDGE('',*,*,#3651,.F.);
#4795=ORIENTED_EDGE('',*,*,#3623,.F.);
#4796=ORIENTED_EDGE('',*,*,#3627,.F.);
#4797=ORIENTED_EDGE('',*,*,#3630,.F.);
#4798=ORIENTED_EDGE('',*,*,#3633,.F.);
#4799=ORIENTED_EDGE('',*,*,#3636,.F.);
#4800=ORIENTED_EDGE('',*,*,#3639,.F.);
#4801=ORIENTED_EDGE('',*,*,#3642,.F.);
#4802=ORIENTED_EDGE('',*,*,#3645,.F.);
#4803=ORIENTED_EDGE('',*,*,#3648,.F.);
#4804=ORIENTED_EDGE('',*,*,#3653,.T.);
#4805=ORIENTED_EDGE('',*,*,#3654,.T.);
#4806=ORIENTED_EDGE('',*,*,#3655,.F.);
#4807=ORIENTED_EDGE('',*,*,#3656,.F.);
#4808=ORIENTED_EDGE('',*,*,#3657,.T.);
#4809=ORIENTED_EDGE('',*,*,#3656,.T.);
#4810=ORIENTED_EDGE('',*,*,#3658,.F.);
#4811=ORIENTED_EDGE('',*,*,#3659,.F.);
#4812=ORIENTED_EDGE('',*,*,#3660,.T.);
#4813=ORIENTED_EDGE('',*,*,#3659,.T.);
#4814=ORIENTED_EDGE('',*,*,#3661,.F.);
#4815=ORIENTED_EDGE('',*,*,#3662,.F.);
#4816=ORIENTED_EDGE('',*,*,#3663,.T.);
#4817=ORIENTED_EDGE('',*,*,#3662,.T.);
#4818=ORIENTED_EDGE('',*,*,#3664,.F.);
#4819=ORIENTED_EDGE('',*,*,#3665,.F.);
#4820=ORIENTED_EDGE('',*,*,#3666,.T.);
#4821=ORIENTED_EDGE('',*,*,#3665,.T.);
#4822=ORIENTED_EDGE('',*,*,#3667,.F.);
#4823=ORIENTED_EDGE('',*,*,#3668,.F.);
#4824=ORIENTED_EDGE('',*,*,#3669,.T.);
#4825=ORIENTED_EDGE('',*,*,#3668,.T.);
#4826=ORIENTED_EDGE('',*,*,#3670,.F.);
#4827=ORIENTED_EDGE('',*,*,#3671,.F.);
#4828=ORIENTED_EDGE('',*,*,#3672,.T.);
#4829=ORIENTED_EDGE('',*,*,#3671,.T.);
#4830=ORIENTED_EDGE('',*,*,#3673,.F.);
#4831=ORIENTED_EDGE('',*,*,#3674,.F.);
#4832=ORIENTED_EDGE('',*,*,#3675,.T.);
#4833=ORIENTED_EDGE('',*,*,#3674,.T.);
#4834=ORIENTED_EDGE('',*,*,#3676,.F.);
#4835=ORIENTED_EDGE('',*,*,#3654,.F.);
#4836=ORIENTED_EDGE('',*,*,#3676,.T.);
#4837=ORIENTED_EDGE('',*,*,#3673,.T.);
#4838=ORIENTED_EDGE('',*,*,#3670,.T.);
#4839=ORIENTED_EDGE('',*,*,#3667,.T.);
#4840=ORIENTED_EDGE('',*,*,#3664,.T.);
#4841=ORIENTED_EDGE('',*,*,#3661,.T.);
#4842=ORIENTED_EDGE('',*,*,#3658,.T.);
#4843=ORIENTED_EDGE('',*,*,#3655,.T.);
#4844=ORIENTED_EDGE('',*,*,#3675,.F.);
#4845=ORIENTED_EDGE('',*,*,#3653,.F.);
#4846=ORIENTED_EDGE('',*,*,#3657,.F.);
#4847=ORIENTED_EDGE('',*,*,#3660,.F.);
#4848=ORIENTED_EDGE('',*,*,#3663,.F.);
#4849=ORIENTED_EDGE('',*,*,#3666,.F.);
#4850=ORIENTED_EDGE('',*,*,#3669,.F.);
#4851=ORIENTED_EDGE('',*,*,#3672,.F.);
#4852=ORIENTED_EDGE('',*,*,#3677,.F.);
#4853=ORIENTED_EDGE('',*,*,#3678,.F.);
#4854=ORIENTED_EDGE('',*,*,#3679,.F.);
#4855=ORIENTED_EDGE('',*,*,#3680,.F.);
#4856=ORIENTED_EDGE('',*,*,#3681,.F.);
#4857=ORIENTED_EDGE('',*,*,#3682,.F.);
#4858=ORIENTED_EDGE('',*,*,#3683,.F.);
#4859=ORIENTED_EDGE('',*,*,#3684,.F.);
#4860=ORIENTED_EDGE('',*,*,#3685,.F.);
#4861=ORIENTED_EDGE('',*,*,#3686,.F.);
#4862=ORIENTED_EDGE('',*,*,#3687,.F.);
#4863=ORIENTED_EDGE('',*,*,#3688,.F.);
#4864=ORIENTED_EDGE('',*,*,#3684,.T.);
#4865=ORIENTED_EDGE('',*,*,#3689,.T.);
#4866=ORIENTED_EDGE('',*,*,#3690,.T.);
#4867=ORIENTED_EDGE('',*,*,#3678,.T.);
#4868=ORIENTED_EDGE('',*,*,#3691,.T.);
#4869=ORIENTED_EDGE('',*,*,#3688,.T.);
#4870=ORIENTED_EDGE('',*,*,#3692,.T.);
#4871=ORIENTED_EDGE('',*,*,#3677,.T.);
#4872=ORIENTED_EDGE('',*,*,#3693,.F.);
#4873=ORIENTED_EDGE('',*,*,#3685,.T.);
#4874=ORIENTED_EDGE('',*,*,#3691,.F.);
#4875=ORIENTED_EDGE('',*,*,#3681,.T.);
#4876=ORIENTED_EDGE('',*,*,#3692,.F.);
#4877=ORIENTED_EDGE('',*,*,#3687,.T.);
#4878=ORIENTED_EDGE('',*,*,#3694,.F.);
#4879=ORIENTED_EDGE('',*,*,#3683,.T.);
#4880=ORIENTED_EDGE('',*,*,#3695,.F.);
#4881=ORIENTED_EDGE('',*,*,#3696,.F.);
#4882=ORIENTED_EDGE('',*,*,#3689,.F.);
#4883=ORIENTED_EDGE('',*,*,#3679,.T.);
#4884=ORIENTED_EDGE('',*,*,#3690,.F.);
#4885=ORIENTED_EDGE('',*,*,#3696,.T.);
#4886=ORIENTED_EDGE('',*,*,#3697,.F.);
#4887=ORIENTED_EDGE('',*,*,#3682,.T.);
#4888=ORIENTED_EDGE('',*,*,#3694,.T.);
#4889=ORIENTED_EDGE('',*,*,#3686,.T.);
#4890=ORIENTED_EDGE('',*,*,#3693,.T.);
#4891=ORIENTED_EDGE('',*,*,#3680,.T.);
#4892=ORIENTED_EDGE('',*,*,#3697,.T.);
#4893=ORIENTED_EDGE('',*,*,#3695,.T.);
#4894=ORIENTED_EDGE('',*,*,#3698,.F.);
#4895=ORIENTED_EDGE('',*,*,#3699,.F.);
#4896=ORIENTED_EDGE('',*,*,#3700,.F.);
#4897=ORIENTED_EDGE('',*,*,#3701,.F.);
#4898=ORIENTED_EDGE('',*,*,#3702,.F.);
#4899=ORIENTED_EDGE('',*,*,#3703,.F.);
#4900=ORIENTED_EDGE('',*,*,#3704,.F.);
#4901=ORIENTED_EDGE('',*,*,#3705,.F.);
#4902=ORIENTED_EDGE('',*,*,#3700,.T.);
#4903=ORIENTED_EDGE('',*,*,#3706,.F.);
#4904=ORIENTED_EDGE('',*,*,#3702,.T.);
#4905=ORIENTED_EDGE('',*,*,#3707,.F.);
#4906=ORIENTED_EDGE('',*,*,#3698,.T.);
#4907=ORIENTED_EDGE('',*,*,#3708,.F.);
#4908=ORIENTED_EDGE('',*,*,#3704,.T.);
#4909=ORIENTED_EDGE('',*,*,#3709,.F.);
#4910=ORIENTED_EDGE('',*,*,#3701,.T.);
#4911=ORIENTED_EDGE('',*,*,#3707,.T.);
#4912=ORIENTED_EDGE('',*,*,#3705,.T.);
#4913=ORIENTED_EDGE('',*,*,#3708,.T.);
#4914=ORIENTED_EDGE('',*,*,#3699,.T.);
#4915=ORIENTED_EDGE('',*,*,#3709,.T.);
#4916=ORIENTED_EDGE('',*,*,#3703,.T.);
#4917=ORIENTED_EDGE('',*,*,#3706,.T.);
#4918=ORIENTED_EDGE('',*,*,#3710,.T.);
#4919=ORIENTED_EDGE('',*,*,#3711,.F.);
#4920=ORIENTED_EDGE('',*,*,#3712,.T.);
#4921=ORIENTED_EDGE('',*,*,#3713,.F.);
#4922=ORIENTED_EDGE('',*,*,#3714,.T.);
#4923=ORIENTED_EDGE('',*,*,#3713,.T.);
#4924=ORIENTED_EDGE('',*,*,#3715,.T.);
#4925=ORIENTED_EDGE('',*,*,#3716,.T.);
#4926=ORIENTED_EDGE('',*,*,#3715,.F.);
#4927=ORIENTED_EDGE('',*,*,#3712,.F.);
#4928=ORIENTED_EDGE('',*,*,#3717,.F.);
#4929=ORIENTED_EDGE('',*,*,#3718,.T.);
#4930=ORIENTED_EDGE('',*,*,#3717,.T.);
#4931=ORIENTED_EDGE('',*,*,#3711,.T.);
#4932=ORIENTED_EDGE('',*,*,#3716,.F.);
#4933=ORIENTED_EDGE('',*,*,#3718,.F.);
#4934=ORIENTED_EDGE('',*,*,#3710,.F.);
#4935=ORIENTED_EDGE('',*,*,#3714,.F.);
#4936=ORIENTED_EDGE('',*,*,#3719,.F.);
#4937=ORIENTED_EDGE('',*,*,#3720,.F.);
#4938=ORIENTED_EDGE('',*,*,#3721,.F.);
#4939=ORIENTED_EDGE('',*,*,#3722,.F.);
#4940=ORIENTED_EDGE('',*,*,#3723,.F.);
#4941=ORIENTED_EDGE('',*,*,#3724,.F.);
#4942=ORIENTED_EDGE('',*,*,#3725,.F.);
#4943=ORIENTED_EDGE('',*,*,#3726,.F.);
#4944=ORIENTED_EDGE('',*,*,#3722,.T.);
#4945=ORIENTED_EDGE('',*,*,#3727,.T.);
#4946=ORIENTED_EDGE('',*,*,#3724,.T.);
#4947=ORIENTED_EDGE('',*,*,#3728,.T.);
#4948=ORIENTED_EDGE('',*,*,#3719,.T.);
#4949=ORIENTED_EDGE('',*,*,#3728,.F.);
#4950=ORIENTED_EDGE('',*,*,#3723,.T.);
#4951=ORIENTED_EDGE('',*,*,#3729,.F.);
#4952=ORIENTED_EDGE('',*,*,#3720,.T.);
#4953=ORIENTED_EDGE('',*,*,#3729,.T.);
#4954=ORIENTED_EDGE('',*,*,#3726,.T.);
#4955=ORIENTED_EDGE('',*,*,#3730,.T.);
#4956=ORIENTED_EDGE('',*,*,#3721,.T.);
#4957=ORIENTED_EDGE('',*,*,#3730,.F.);
#4958=ORIENTED_EDGE('',*,*,#3725,.T.);
#4959=ORIENTED_EDGE('',*,*,#3727,.F.);
#4960=ORIENTED_EDGE('',*,*,#3731,.T.);
#4961=ORIENTED_EDGE('',*,*,#3732,.T.);
#4962=ORIENTED_EDGE('',*,*,#3733,.T.);
#4963=ORIENTED_EDGE('',*,*,#3734,.T.);
#4964=ORIENTED_EDGE('',*,*,#3735,.T.);
#4965=ORIENTED_EDGE('',*,*,#3736,.T.);
#4966=ORIENTED_EDGE('',*,*,#3737,.T.);
#4967=ORIENTED_EDGE('',*,*,#3738,.T.);
#4968=ORIENTED_EDGE('',*,*,#3739,.T.);
#4969=ORIENTED_EDGE('',*,*,#3734,.F.);
#4970=ORIENTED_EDGE('',*,*,#3740,.T.);
#4971=ORIENTED_EDGE('',*,*,#3736,.F.);
#4972=ORIENTED_EDGE('',*,*,#3741,.T.);
#4973=ORIENTED_EDGE('',*,*,#3738,.F.);
#4974=ORIENTED_EDGE('',*,*,#3742,.T.);
#4975=ORIENTED_EDGE('',*,*,#3732,.F.);
#4976=ORIENTED_EDGE('',*,*,#3742,.F.);
#4977=ORIENTED_EDGE('',*,*,#3737,.F.);
#4978=ORIENTED_EDGE('',*,*,#3740,.F.);
#4979=ORIENTED_EDGE('',*,*,#3733,.F.);
#4980=ORIENTED_EDGE('',*,*,#3741,.F.);
#4981=ORIENTED_EDGE('',*,*,#3731,.F.);
#4982=ORIENTED_EDGE('',*,*,#3739,.F.);
#4983=ORIENTED_EDGE('',*,*,#3735,.F.);
#4984=ORIENTED_EDGE('',*,*,#3743,.F.);
#4985=ORIENTED_EDGE('',*,*,#3744,.F.);
#4986=ORIENTED_EDGE('',*,*,#3745,.F.);
#4987=ORIENTED_EDGE('',*,*,#3746,.F.);
#4988=ORIENTED_EDGE('',*,*,#3747,.F.);
#4989=ORIENTED_EDGE('',*,*,#3748,.F.);
#4990=ORIENTED_EDGE('',*,*,#3749,.F.);
#4991=ORIENTED_EDGE('',*,*,#3750,.F.);
#4992=ORIENTED_EDGE('',*,*,#3744,.T.);
#4993=ORIENTED_EDGE('',*,*,#3751,.T.);
#4994=ORIENTED_EDGE('',*,*,#3750,.T.);
#4995=ORIENTED_EDGE('',*,*,#3752,.T.);
#4996=ORIENTED_EDGE('',*,*,#3743,.T.);
#4997=ORIENTED_EDGE('',*,*,#3753,.F.);
#4998=ORIENTED_EDGE('',*,*,#3747,.T.);
#4999=ORIENTED_EDGE('',*,*,#3751,.F.);
#5000=ORIENTED_EDGE('',*,*,#3746,.T.);
#5001=ORIENTED_EDGE('',*,*,#3754,.T.);
#5002=ORIENTED_EDGE('',*,*,#3748,.T.);
#5003=ORIENTED_EDGE('',*,*,#3753,.T.);
#5004=ORIENTED_EDGE('',*,*,#3745,.T.);
#5005=ORIENTED_EDGE('',*,*,#3752,.F.);
#5006=ORIENTED_EDGE('',*,*,#3749,.T.);
#5007=ORIENTED_EDGE('',*,*,#3754,.F.);
#5008=ORIENTED_EDGE('',*,*,#3755,.T.);
#5009=ORIENTED_EDGE('',*,*,#3756,.T.);
#5010=ORIENTED_EDGE('',*,*,#3757,.T.);
#5011=ORIENTED_EDGE('',*,*,#3758,.T.);
#5012=ORIENTED_EDGE('',*,*,#3759,.T.);
#5013=ORIENTED_EDGE('',*,*,#3760,.T.);
#5014=ORIENTED_EDGE('',*,*,#3761,.T.);
#5015=ORIENTED_EDGE('',*,*,#3762,.T.);
#5016=ORIENTED_EDGE('',*,*,#3763,.T.);
#5017=ORIENTED_EDGE('',*,*,#3758,.F.);
#5018=ORIENTED_EDGE('',*,*,#3764,.T.);
#5019=ORIENTED_EDGE('',*,*,#3760,.F.);
#5020=ORIENTED_EDGE('',*,*,#3765,.T.);
#5021=ORIENTED_EDGE('',*,*,#3762,.F.);
#5022=ORIENTED_EDGE('',*,*,#3766,.T.);
#5023=ORIENTED_EDGE('',*,*,#3756,.F.);
#5024=ORIENTED_EDGE('',*,*,#3766,.F.);
#5025=ORIENTED_EDGE('',*,*,#3761,.F.);
#5026=ORIENTED_EDGE('',*,*,#3764,.F.);
#5027=ORIENTED_EDGE('',*,*,#3757,.F.);
#5028=ORIENTED_EDGE('',*,*,#3765,.F.);
#5029=ORIENTED_EDGE('',*,*,#3755,.F.);
#5030=ORIENTED_EDGE('',*,*,#3763,.F.);
#5031=ORIENTED_EDGE('',*,*,#3759,.F.);
#5032=ORIENTED_EDGE('',*,*,#3767,.F.);
#5033=ORIENTED_EDGE('',*,*,#3768,.F.);
#5034=ORIENTED_EDGE('',*,*,#3769,.F.);
#5035=ORIENTED_EDGE('',*,*,#3770,.F.);
#5036=ORIENTED_EDGE('',*,*,#3771,.F.);
#5037=ORIENTED_EDGE('',*,*,#3772,.F.);
#5038=ORIENTED_EDGE('',*,*,#3773,.F.);
#5039=ORIENTED_EDGE('',*,*,#3774,.F.);
#5040=ORIENTED_EDGE('',*,*,#3769,.T.);
#5041=ORIENTED_EDGE('',*,*,#3775,.F.);
#5042=ORIENTED_EDGE('',*,*,#3773,.T.);
#5043=ORIENTED_EDGE('',*,*,#3776,.F.);
#5044=ORIENTED_EDGE('',*,*,#3767,.T.);
#5045=ORIENTED_EDGE('',*,*,#3777,.F.);
#5046=ORIENTED_EDGE('',*,*,#3778,.F.);
#5047=ORIENTED_EDGE('',*,*,#3779,.F.);
#5048=ORIENTED_EDGE('',*,*,#3775,.T.);
#5049=ORIENTED_EDGE('',*,*,#3768,.T.);
#5050=ORIENTED_EDGE('',*,*,#3779,.T.);
#5051=ORIENTED_EDGE('',*,*,#3780,.T.);
#5052=ORIENTED_EDGE('',*,*,#3774,.T.);
#5053=ORIENTED_EDGE('',*,*,#3771,.T.);
#5054=ORIENTED_EDGE('',*,*,#3780,.F.);
#5055=ORIENTED_EDGE('',*,*,#3778,.T.);
#5056=ORIENTED_EDGE('',*,*,#3781,.F.);
#5057=ORIENTED_EDGE('',*,*,#3772,.T.);
#5058=ORIENTED_EDGE('',*,*,#3781,.T.);
#5059=ORIENTED_EDGE('',*,*,#3777,.T.);
#5060=ORIENTED_EDGE('',*,*,#3770,.T.);
#5061=ORIENTED_EDGE('',*,*,#3776,.T.);
#5062=ORIENTED_EDGE('',*,*,#3782,.T.);
#5063=ORIENTED_EDGE('',*,*,#3783,.F.);
#5064=ORIENTED_EDGE('',*,*,#3784,.T.);
#5065=ORIENTED_EDGE('',*,*,#3785,.F.);
#5066=ORIENTED_EDGE('',*,*,#3786,.T.);
#5067=ORIENTED_EDGE('',*,*,#3785,.T.);
#5068=ORIENTED_EDGE('',*,*,#3787,.T.);
#5069=ORIENTED_EDGE('',*,*,#3788,.T.);
#5070=ORIENTED_EDGE('',*,*,#3789,.T.);
#5071=ORIENTED_EDGE('',*,*,#3788,.F.);
#5072=ORIENTED_EDGE('',*,*,#3790,.T.);
#5073=ORIENTED_EDGE('',*,*,#3791,.F.);
#5074=ORIENTED_EDGE('',*,*,#3792,.T.);
#5075=ORIENTED_EDGE('',*,*,#3791,.T.);
#5076=ORIENTED_EDGE('',*,*,#3793,.T.);
#5077=ORIENTED_EDGE('',*,*,#3783,.T.);
#5078=ORIENTED_EDGE('',*,*,#3790,.F.);
#5079=ORIENTED_EDGE('',*,*,#3787,.F.);
#5080=ORIENTED_EDGE('',*,*,#3784,.F.);
#5081=ORIENTED_EDGE('',*,*,#3793,.F.);
#5082=ORIENTED_EDGE('',*,*,#3789,.F.);
#5083=ORIENTED_EDGE('',*,*,#3792,.F.);
#5084=ORIENTED_EDGE('',*,*,#3782,.F.);
#5085=ORIENTED_EDGE('',*,*,#3786,.F.);
#5086=ORIENTED_EDGE('',*,*,#3794,.F.);
#5087=ORIENTED_EDGE('',*,*,#3795,.F.);
#5088=ORIENTED_EDGE('',*,*,#3796,.F.);
#5089=ORIENTED_EDGE('',*,*,#3797,.F.);
#5090=ORIENTED_EDGE('',*,*,#3798,.F.);
#5091=ORIENTED_EDGE('',*,*,#3799,.F.);
#5092=ORIENTED_EDGE('',*,*,#3800,.F.);
#5093=ORIENTED_EDGE('',*,*,#3801,.F.);
#5094=ORIENTED_EDGE('',*,*,#3794,.T.);
#5095=ORIENTED_EDGE('',*,*,#3802,.F.);
#5096=ORIENTED_EDGE('',*,*,#3798,.T.);
#5097=ORIENTED_EDGE('',*,*,#3803,.F.);
#5098=ORIENTED_EDGE('',*,*,#3796,.T.);
#5099=ORIENTED_EDGE('',*,*,#3804,.F.);
#5100=ORIENTED_EDGE('',*,*,#3800,.T.);
#5101=ORIENTED_EDGE('',*,*,#3805,.F.);
#5102=ORIENTED_EDGE('',*,*,#3795,.T.);
#5103=ORIENTED_EDGE('',*,*,#3803,.T.);
#5104=ORIENTED_EDGE('',*,*,#3801,.T.);
#5105=ORIENTED_EDGE('',*,*,#3804,.T.);
#5106=ORIENTED_EDGE('',*,*,#3797,.T.);
#5107=ORIENTED_EDGE('',*,*,#3805,.T.);
#5108=ORIENTED_EDGE('',*,*,#3799,.T.);
#5109=ORIENTED_EDGE('',*,*,#3802,.T.);
#5110=ORIENTED_EDGE('',*,*,#3806,.F.);
#5111=ORIENTED_EDGE('',*,*,#3807,.T.);
#5112=ORIENTED_EDGE('',*,*,#3808,.F.);
#5113=ORIENTED_EDGE('',*,*,#3809,.F.);
#5114=ORIENTED_EDGE('',*,*,#3810,.T.);
#5115=ORIENTED_EDGE('',*,*,#3811,.F.);
#5116=ORIENTED_EDGE('',*,*,#3807,.F.);
#5117=ORIENTED_EDGE('',*,*,#3812,.F.);
#5118=ORIENTED_EDGE('',*,*,#3813,.T.);
#5119=ORIENTED_EDGE('',*,*,#3812,.T.);
#5120=ORIENTED_EDGE('',*,*,#3806,.T.);
#5121=ORIENTED_EDGE('',*,*,#3814,.T.);
#5122=ORIENTED_EDGE('',*,*,#3815,.T.);
#5123=ORIENTED_EDGE('',*,*,#3814,.F.);
#5124=ORIENTED_EDGE('',*,*,#3809,.T.);
#5125=ORIENTED_EDGE('',*,*,#3816,.F.);
#5126=ORIENTED_EDGE('',*,*,#3817,.T.);
#5127=ORIENTED_EDGE('',*,*,#3816,.T.);
#5128=ORIENTED_EDGE('',*,*,#3808,.T.);
#5129=ORIENTED_EDGE('',*,*,#3811,.T.);
#5130=ORIENTED_EDGE('',*,*,#3815,.F.);
#5131=ORIENTED_EDGE('',*,*,#3817,.F.);
#5132=ORIENTED_EDGE('',*,*,#3810,.F.);
#5133=ORIENTED_EDGE('',*,*,#3813,.F.);
#5134=ORIENTED_EDGE('',*,*,#3818,.F.);
#5135=ORIENTED_EDGE('',*,*,#3819,.F.);
#5136=ORIENTED_EDGE('',*,*,#3820,.F.);
#5137=ORIENTED_EDGE('',*,*,#3821,.F.);
#5138=ORIENTED_EDGE('',*,*,#3822,.F.);
#5139=ORIENTED_EDGE('',*,*,#3823,.F.);
#5140=ORIENTED_EDGE('',*,*,#3824,.F.);
#5141=ORIENTED_EDGE('',*,*,#3825,.F.);
#5142=ORIENTED_EDGE('',*,*,#3818,.T.);
#5143=ORIENTED_EDGE('',*,*,#3826,.F.);
#5144=ORIENTED_EDGE('',*,*,#3822,.T.);
#5145=ORIENTED_EDGE('',*,*,#3827,.F.);
#5146=ORIENTED_EDGE('',*,*,#3820,.T.);
#5147=ORIENTED_EDGE('',*,*,#3828,.F.);
#5148=ORIENTED_EDGE('',*,*,#3824,.T.);
#5149=ORIENTED_EDGE('',*,*,#3829,.F.);
#5150=ORIENTED_EDGE('',*,*,#3821,.T.);
#5151=ORIENTED_EDGE('',*,*,#3829,.T.);
#5152=ORIENTED_EDGE('',*,*,#3823,.T.);
#5153=ORIENTED_EDGE('',*,*,#3826,.T.);
#5154=ORIENTED_EDGE('',*,*,#3819,.T.);
#5155=ORIENTED_EDGE('',*,*,#3827,.T.);
#5156=ORIENTED_EDGE('',*,*,#3825,.T.);
#5157=ORIENTED_EDGE('',*,*,#3828,.T.);
#5158=ORIENTED_EDGE('',*,*,#3830,.T.);
#5159=ORIENTED_EDGE('',*,*,#3831,.T.);
#5160=ORIENTED_EDGE('',*,*,#3832,.T.);
#5161=ORIENTED_EDGE('',*,*,#3833,.T.);
#5162=ORIENTED_EDGE('',*,*,#3834,.T.);
#5163=ORIENTED_EDGE('',*,*,#3835,.T.);
#5164=ORIENTED_EDGE('',*,*,#3836,.T.);
#5165=ORIENTED_EDGE('',*,*,#3837,.T.);
#5166=ORIENTED_EDGE('',*,*,#3838,.T.);
#5167=ORIENTED_EDGE('',*,*,#3837,.F.);
#5168=ORIENTED_EDGE('',*,*,#3839,.T.);
#5169=ORIENTED_EDGE('',*,*,#3831,.F.);
#5170=ORIENTED_EDGE('',*,*,#3840,.T.);
#5171=ORIENTED_EDGE('',*,*,#3833,.F.);
#5172=ORIENTED_EDGE('',*,*,#3841,.T.);
#5173=ORIENTED_EDGE('',*,*,#3835,.F.);
#5174=ORIENTED_EDGE('',*,*,#3841,.F.);
#5175=ORIENTED_EDGE('',*,*,#3832,.F.);
#5176=ORIENTED_EDGE('',*,*,#3839,.F.);
#5177=ORIENTED_EDGE('',*,*,#3836,.F.);
#5178=ORIENTED_EDGE('',*,*,#3840,.F.);
#5179=ORIENTED_EDGE('',*,*,#3834,.F.);
#5180=ORIENTED_EDGE('',*,*,#3838,.F.);
#5181=ORIENTED_EDGE('',*,*,#3830,.F.);
#5182=ORIENTED_EDGE('',*,*,#3842,.F.);
#5183=ORIENTED_EDGE('',*,*,#3843,.F.);
#5184=ORIENTED_EDGE('',*,*,#3844,.F.);
#5185=ORIENTED_EDGE('',*,*,#3845,.F.);
#5186=ORIENTED_EDGE('',*,*,#3846,.F.);
#5187=ORIENTED_EDGE('',*,*,#3847,.F.);
#5188=ORIENTED_EDGE('',*,*,#3848,.F.);
#5189=ORIENTED_EDGE('',*,*,#3849,.F.);
#5190=ORIENTED_EDGE('',*,*,#3842,.T.);
#5191=ORIENTED_EDGE('',*,*,#3850,.F.);
#5192=ORIENTED_EDGE('',*,*,#3846,.T.);
#5193=ORIENTED_EDGE('',*,*,#3851,.F.);
#5194=ORIENTED_EDGE('',*,*,#3844,.T.);
#5195=ORIENTED_EDGE('',*,*,#3852,.F.);
#5196=ORIENTED_EDGE('',*,*,#3848,.T.);
#5197=ORIENTED_EDGE('',*,*,#3853,.F.);
#5198=ORIENTED_EDGE('',*,*,#3843,.T.);
#5199=ORIENTED_EDGE('',*,*,#3851,.T.);
#5200=ORIENTED_EDGE('',*,*,#3849,.T.);
#5201=ORIENTED_EDGE('',*,*,#3852,.T.);
#5202=ORIENTED_EDGE('',*,*,#3845,.T.);
#5203=ORIENTED_EDGE('',*,*,#3853,.T.);
#5204=ORIENTED_EDGE('',*,*,#3847,.T.);
#5205=ORIENTED_EDGE('',*,*,#3850,.T.);
#5206=ORIENTED_EDGE('',*,*,#3854,.T.);
#5207=ORIENTED_EDGE('',*,*,#3855,.T.);
#5208=ORIENTED_EDGE('',*,*,#3856,.T.);
#5209=ORIENTED_EDGE('',*,*,#3857,.T.);
#5210=ORIENTED_EDGE('',*,*,#3858,.T.);
#5211=ORIENTED_EDGE('',*,*,#3859,.T.);
#5212=ORIENTED_EDGE('',*,*,#3860,.T.);
#5213=ORIENTED_EDGE('',*,*,#3861,.T.);
#5214=ORIENTED_EDGE('',*,*,#3862,.T.);
#5215=ORIENTED_EDGE('',*,*,#3857,.F.);
#5216=ORIENTED_EDGE('',*,*,#3863,.T.);
#5217=ORIENTED_EDGE('',*,*,#3859,.F.);
#5218=ORIENTED_EDGE('',*,*,#3864,.T.);
#5219=ORIENTED_EDGE('',*,*,#3861,.F.);
#5220=ORIENTED_EDGE('',*,*,#3865,.T.);
#5221=ORIENTED_EDGE('',*,*,#3855,.F.);
#5222=ORIENTED_EDGE('',*,*,#3863,.F.);
#5223=ORIENTED_EDGE('',*,*,#3856,.F.);
#5224=ORIENTED_EDGE('',*,*,#3865,.F.);
#5225=ORIENTED_EDGE('',*,*,#3860,.F.);
#5226=ORIENTED_EDGE('',*,*,#3862,.F.);
#5227=ORIENTED_EDGE('',*,*,#3858,.F.);
#5228=ORIENTED_EDGE('',*,*,#3864,.F.);
#5229=ORIENTED_EDGE('',*,*,#3854,.F.);
#5230=ORIENTED_EDGE('',*,*,#3866,.F.);
#5231=ORIENTED_EDGE('',*,*,#3867,.F.);
#5232=ORIENTED_EDGE('',*,*,#3868,.F.);
#5233=ORIENTED_EDGE('',*,*,#3869,.F.);
#5234=ORIENTED_EDGE('',*,*,#3866,.T.);
#5235=ORIENTED_EDGE('',*,*,#3870,.F.);
#5236=ORIENTED_EDGE('',*,*,#3871,.F.);
#5237=ORIENTED_EDGE('',*,*,#3872,.F.);
#5238=ORIENTED_EDGE('',*,*,#3868,.T.);
#5239=ORIENTED_EDGE('',*,*,#3873,.F.);
#5240=ORIENTED_EDGE('',*,*,#3874,.T.);
#5241=ORIENTED_EDGE('',*,*,#3875,.F.);
#5242=ORIENTED_EDGE('',*,*,#3869,.T.);
#5243=ORIENTED_EDGE('',*,*,#3875,.T.);
#5244=ORIENTED_EDGE('',*,*,#3876,.T.);
#5245=ORIENTED_EDGE('',*,*,#3870,.T.);
#5246=ORIENTED_EDGE('',*,*,#3867,.T.);
#5247=ORIENTED_EDGE('',*,*,#3872,.T.);
#5248=ORIENTED_EDGE('',*,*,#3877,.T.);
#5249=ORIENTED_EDGE('',*,*,#3873,.T.);
#5250=ORIENTED_EDGE('',*,*,#3877,.F.);
#5251=ORIENTED_EDGE('',*,*,#3871,.T.);
#5252=ORIENTED_EDGE('',*,*,#3876,.F.);
#5253=ORIENTED_EDGE('',*,*,#3874,.F.);
#5254=ORIENTED_EDGE('',*,*,#3878,.T.);
#5255=ORIENTED_EDGE('',*,*,#3879,.T.);
#5256=ORIENTED_EDGE('',*,*,#3880,.T.);
#5257=ORIENTED_EDGE('',*,*,#3881,.T.);
#5258=ORIENTED_EDGE('',*,*,#3882,.T.);
#5259=ORIENTED_EDGE('',*,*,#3883,.T.);
#5260=ORIENTED_EDGE('',*,*,#3884,.T.);
#5261=ORIENTED_EDGE('',*,*,#3885,.T.);
#5262=ORIENTED_EDGE('',*,*,#3886,.T.);
#5263=ORIENTED_EDGE('',*,*,#3881,.F.);
#5264=ORIENTED_EDGE('',*,*,#3887,.T.);
#5265=ORIENTED_EDGE('',*,*,#3883,.F.);
#5266=ORIENTED_EDGE('',*,*,#3888,.T.);
#5267=ORIENTED_EDGE('',*,*,#3885,.F.);
#5268=ORIENTED_EDGE('',*,*,#3889,.T.);
#5269=ORIENTED_EDGE('',*,*,#3879,.F.);
#5270=ORIENTED_EDGE('',*,*,#3889,.F.);
#5271=ORIENTED_EDGE('',*,*,#3884,.F.);
#5272=ORIENTED_EDGE('',*,*,#3887,.F.);
#5273=ORIENTED_EDGE('',*,*,#3880,.F.);
#5274=ORIENTED_EDGE('',*,*,#3888,.F.);
#5275=ORIENTED_EDGE('',*,*,#3878,.F.);
#5276=ORIENTED_EDGE('',*,*,#3886,.F.);
#5277=ORIENTED_EDGE('',*,*,#3882,.F.);
#5278=ORIENTED_EDGE('',*,*,#3890,.F.);
#5279=ORIENTED_EDGE('',*,*,#3891,.F.);
#5280=ORIENTED_EDGE('',*,*,#3892,.F.);
#5281=ORIENTED_EDGE('',*,*,#3893,.F.);
#5282=ORIENTED_EDGE('',*,*,#3890,.T.);
#5283=ORIENTED_EDGE('',*,*,#3894,.F.);
#5284=ORIENTED_EDGE('',*,*,#3895,.F.);
#5285=ORIENTED_EDGE('',*,*,#3896,.F.);
#5286=ORIENTED_EDGE('',*,*,#3892,.T.);
#5287=ORIENTED_EDGE('',*,*,#3897,.F.);
#5288=ORIENTED_EDGE('',*,*,#3895,.T.);
#5289=ORIENTED_EDGE('',*,*,#3898,.F.);
#5290=ORIENTED_EDGE('',*,*,#3891,.T.);
#5291=ORIENTED_EDGE('',*,*,#3896,.T.);
#5292=ORIENTED_EDGE('',*,*,#3897,.T.);
#5293=ORIENTED_EDGE('',*,*,#3893,.T.);
#5294=ORIENTED_EDGE('',*,*,#3898,.T.);
#5295=ORIENTED_EDGE('',*,*,#3894,.T.);
#5296=ORIENTED_EDGE('',*,*,#3899,.T.);
#5297=ORIENTED_EDGE('',*,*,#3900,.T.);
#5298=ORIENTED_EDGE('',*,*,#3901,.T.);
#5299=ORIENTED_EDGE('',*,*,#3902,.T.);
#5300=ORIENTED_EDGE('',*,*,#3903,.T.);
#5301=ORIENTED_EDGE('',*,*,#3904,.T.);
#5302=ORIENTED_EDGE('',*,*,#3905,.T.);
#5303=ORIENTED_EDGE('',*,*,#3906,.T.);
#5304=ORIENTED_EDGE('',*,*,#3907,.T.);
#5305=ORIENTED_EDGE('',*,*,#3906,.F.);
#5306=ORIENTED_EDGE('',*,*,#3908,.T.);
#5307=ORIENTED_EDGE('',*,*,#3900,.F.);
#5308=ORIENTED_EDGE('',*,*,#3909,.T.);
#5309=ORIENTED_EDGE('',*,*,#3902,.F.);
#5310=ORIENTED_EDGE('',*,*,#3910,.T.);
#5311=ORIENTED_EDGE('',*,*,#3904,.F.);
#5312=ORIENTED_EDGE('',*,*,#3908,.F.);
#5313=ORIENTED_EDGE('',*,*,#3905,.F.);
#5314=ORIENTED_EDGE('',*,*,#3910,.F.);
#5315=ORIENTED_EDGE('',*,*,#3901,.F.);
#5316=ORIENTED_EDGE('',*,*,#3907,.F.);
#5317=ORIENTED_EDGE('',*,*,#3899,.F.);
#5318=ORIENTED_EDGE('',*,*,#3909,.F.);
#5319=ORIENTED_EDGE('',*,*,#3903,.F.);
#5320=ORIENTED_EDGE('',*,*,#3911,.F.);
#5321=ORIENTED_EDGE('',*,*,#3912,.F.);
#5322=ORIENTED_EDGE('',*,*,#3913,.F.);
#5323=ORIENTED_EDGE('',*,*,#3914,.F.);
#5324=ORIENTED_EDGE('',*,*,#3915,.F.);
#5325=ORIENTED_EDGE('',*,*,#3916,.F.);
#5326=ORIENTED_EDGE('',*,*,#3917,.F.);
#5327=ORIENTED_EDGE('',*,*,#3918,.F.);
#5328=ORIENTED_EDGE('',*,*,#3911,.T.);
#5329=ORIENTED_EDGE('',*,*,#3919,.F.);
#5330=ORIENTED_EDGE('',*,*,#3915,.T.);
#5331=ORIENTED_EDGE('',*,*,#3920,.F.);
#5332=ORIENTED_EDGE('',*,*,#3913,.T.);
#5333=ORIENTED_EDGE('',*,*,#3921,.F.);
#5334=ORIENTED_EDGE('',*,*,#3917,.T.);
#5335=ORIENTED_EDGE('',*,*,#3922,.F.);
#5336=ORIENTED_EDGE('',*,*,#3914,.T.);
#5337=ORIENTED_EDGE('',*,*,#3922,.T.);
#5338=ORIENTED_EDGE('',*,*,#3916,.T.);
#5339=ORIENTED_EDGE('',*,*,#3919,.T.);
#5340=ORIENTED_EDGE('',*,*,#3912,.T.);
#5341=ORIENTED_EDGE('',*,*,#3920,.T.);
#5342=ORIENTED_EDGE('',*,*,#3918,.T.);
#5343=ORIENTED_EDGE('',*,*,#3921,.T.);
#5344=ORIENTED_EDGE('',*,*,#3923,.T.);
#5345=ORIENTED_EDGE('',*,*,#3924,.T.);
#5346=ORIENTED_EDGE('',*,*,#3925,.T.);
#5347=ORIENTED_EDGE('',*,*,#3926,.T.);
#5348=ORIENTED_EDGE('',*,*,#3927,.T.);
#5349=ORIENTED_EDGE('',*,*,#3928,.T.);
#5350=ORIENTED_EDGE('',*,*,#3929,.T.);
#5351=ORIENTED_EDGE('',*,*,#3930,.T.);
#5352=ORIENTED_EDGE('',*,*,#3931,.T.);
#5353=ORIENTED_EDGE('',*,*,#3926,.F.);
#5354=ORIENTED_EDGE('',*,*,#3932,.T.);
#5355=ORIENTED_EDGE('',*,*,#3928,.F.);
#5356=ORIENTED_EDGE('',*,*,#3933,.T.);
#5357=ORIENTED_EDGE('',*,*,#3930,.F.);
#5358=ORIENTED_EDGE('',*,*,#3934,.T.);
#5359=ORIENTED_EDGE('',*,*,#3924,.F.);
#5360=ORIENTED_EDGE('',*,*,#3934,.F.);
#5361=ORIENTED_EDGE('',*,*,#3929,.F.);
#5362=ORIENTED_EDGE('',*,*,#3932,.F.);
#5363=ORIENTED_EDGE('',*,*,#3925,.F.);
#5364=ORIENTED_EDGE('',*,*,#3933,.F.);
#5365=ORIENTED_EDGE('',*,*,#3923,.F.);
#5366=ORIENTED_EDGE('',*,*,#3931,.F.);
#5367=ORIENTED_EDGE('',*,*,#3927,.F.);
#5368=ORIENTED_EDGE('',*,*,#3935,.F.);
#5369=ORIENTED_EDGE('',*,*,#3936,.F.);
#5370=ORIENTED_EDGE('',*,*,#3937,.F.);
#5371=ORIENTED_EDGE('',*,*,#3938,.F.);
#5372=ORIENTED_EDGE('',*,*,#3939,.F.);
#5373=ORIENTED_EDGE('',*,*,#3940,.F.);
#5374=ORIENTED_EDGE('',*,*,#3941,.F.);
#5375=ORIENTED_EDGE('',*,*,#3942,.F.);
#5376=ORIENTED_EDGE('',*,*,#3937,.T.);
#5377=ORIENTED_EDGE('',*,*,#3943,.F.);
#5378=ORIENTED_EDGE('',*,*,#3941,.T.);
#5379=ORIENTED_EDGE('',*,*,#3944,.F.);
#5380=ORIENTED_EDGE('',*,*,#3935,.T.);
#5381=ORIENTED_EDGE('',*,*,#3945,.F.);
#5382=ORIENTED_EDGE('',*,*,#3939,.T.);
#5383=ORIENTED_EDGE('',*,*,#3946,.F.);
#5384=ORIENTED_EDGE('',*,*,#3938,.T.);
#5385=ORIENTED_EDGE('',*,*,#3944,.T.);
#5386=ORIENTED_EDGE('',*,*,#3940,.T.);
#5387=ORIENTED_EDGE('',*,*,#3945,.T.);
#5388=ORIENTED_EDGE('',*,*,#3936,.T.);
#5389=ORIENTED_EDGE('',*,*,#3946,.T.);
#5390=ORIENTED_EDGE('',*,*,#3942,.T.);
#5391=ORIENTED_EDGE('',*,*,#3943,.T.);
#5392=ORIENTED_EDGE('',*,*,#3947,.T.);
#5393=ORIENTED_EDGE('',*,*,#3948,.T.);
#5394=ORIENTED_EDGE('',*,*,#3949,.T.);
#5395=ORIENTED_EDGE('',*,*,#3950,.T.);
#5396=ORIENTED_EDGE('',*,*,#3951,.T.);
#5397=ORIENTED_EDGE('',*,*,#3952,.T.);
#5398=ORIENTED_EDGE('',*,*,#3953,.T.);
#5399=ORIENTED_EDGE('',*,*,#3954,.T.);
#5400=ORIENTED_EDGE('',*,*,#3955,.T.);
#5401=ORIENTED_EDGE('',*,*,#3954,.F.);
#5402=ORIENTED_EDGE('',*,*,#3956,.T.);
#5403=ORIENTED_EDGE('',*,*,#3948,.F.);
#5404=ORIENTED_EDGE('',*,*,#3957,.T.);
#5405=ORIENTED_EDGE('',*,*,#3950,.F.);
#5406=ORIENTED_EDGE('',*,*,#3958,.T.);
#5407=ORIENTED_EDGE('',*,*,#3952,.F.);
#5408=ORIENTED_EDGE('',*,*,#3958,.F.);
#5409=ORIENTED_EDGE('',*,*,#3949,.F.);
#5410=ORIENTED_EDGE('',*,*,#3956,.F.);
#5411=ORIENTED_EDGE('',*,*,#3953,.F.);
#5412=ORIENTED_EDGE('',*,*,#3957,.F.);
#5413=ORIENTED_EDGE('',*,*,#3951,.F.);
#5414=ORIENTED_EDGE('',*,*,#3955,.F.);
#5415=ORIENTED_EDGE('',*,*,#3947,.F.);
#5416=ORIENTED_EDGE('',*,*,#3959,.F.);
#5417=ORIENTED_EDGE('',*,*,#3960,.F.);
#5418=ORIENTED_EDGE('',*,*,#3961,.F.);
#5419=ORIENTED_EDGE('',*,*,#3962,.F.);
#5420=ORIENTED_EDGE('',*,*,#3963,.F.);
#5421=ORIENTED_EDGE('',*,*,#3964,.F.);
#5422=ORIENTED_EDGE('',*,*,#3965,.F.);
#5423=ORIENTED_EDGE('',*,*,#3966,.F.);
#5424=ORIENTED_EDGE('',*,*,#3961,.T.);
#5425=ORIENTED_EDGE('',*,*,#3967,.F.);
#5426=ORIENTED_EDGE('',*,*,#3965,.T.);
#5427=ORIENTED_EDGE('',*,*,#3968,.F.);
#5428=ORIENTED_EDGE('',*,*,#3959,.T.);
#5429=ORIENTED_EDGE('',*,*,#3969,.F.);
#5430=ORIENTED_EDGE('',*,*,#3963,.T.);
#5431=ORIENTED_EDGE('',*,*,#3970,.F.);
#5432=ORIENTED_EDGE('',*,*,#3960,.T.);
#5433=ORIENTED_EDGE('',*,*,#3970,.T.);
#5434=ORIENTED_EDGE('',*,*,#3966,.T.);
#5435=ORIENTED_EDGE('',*,*,#3967,.T.);
#5436=ORIENTED_EDGE('',*,*,#3962,.T.);
#5437=ORIENTED_EDGE('',*,*,#3968,.T.);
#5438=ORIENTED_EDGE('',*,*,#3964,.T.);
#5439=ORIENTED_EDGE('',*,*,#3969,.T.);
#5440=ORIENTED_EDGE('',*,*,#3971,.T.);
#5441=ORIENTED_EDGE('',*,*,#3972,.T.);
#5442=ORIENTED_EDGE('',*,*,#3973,.T.);
#5443=ORIENTED_EDGE('',*,*,#3974,.T.);
#5444=ORIENTED_EDGE('',*,*,#3975,.T.);
#5445=ORIENTED_EDGE('',*,*,#3976,.T.);
#5446=ORIENTED_EDGE('',*,*,#3977,.T.);
#5447=ORIENTED_EDGE('',*,*,#3978,.T.);
#5448=ORIENTED_EDGE('',*,*,#3979,.T.);
#5449=ORIENTED_EDGE('',*,*,#3974,.F.);
#5450=ORIENTED_EDGE('',*,*,#3980,.T.);
#5451=ORIENTED_EDGE('',*,*,#3976,.F.);
#5452=ORIENTED_EDGE('',*,*,#3981,.T.);
#5453=ORIENTED_EDGE('',*,*,#3978,.F.);
#5454=ORIENTED_EDGE('',*,*,#3982,.T.);
#5455=ORIENTED_EDGE('',*,*,#3972,.F.);
#5456=ORIENTED_EDGE('',*,*,#3982,.F.);
#5457=ORIENTED_EDGE('',*,*,#3977,.F.);
#5458=ORIENTED_EDGE('',*,*,#3980,.F.);
#5459=ORIENTED_EDGE('',*,*,#3973,.F.);
#5460=ORIENTED_EDGE('',*,*,#3981,.F.);
#5461=ORIENTED_EDGE('',*,*,#3971,.F.);
#5462=ORIENTED_EDGE('',*,*,#3979,.F.);
#5463=ORIENTED_EDGE('',*,*,#3975,.F.);
#5464=ORIENTED_EDGE('',*,*,#3983,.F.);
#5465=ORIENTED_EDGE('',*,*,#3984,.F.);
#5466=ORIENTED_EDGE('',*,*,#3985,.F.);
#5467=ORIENTED_EDGE('',*,*,#3986,.F.);
#5468=ORIENTED_EDGE('',*,*,#3987,.F.);
#5469=ORIENTED_EDGE('',*,*,#3988,.F.);
#5470=ORIENTED_EDGE('',*,*,#3989,.F.);
#5471=ORIENTED_EDGE('',*,*,#3990,.F.);
#5472=ORIENTED_EDGE('',*,*,#3984,.T.);
#5473=ORIENTED_EDGE('',*,*,#3991,.T.);
#5474=ORIENTED_EDGE('',*,*,#3990,.T.);
#5475=ORIENTED_EDGE('',*,*,#3992,.T.);
#5476=ORIENTED_EDGE('',*,*,#3986,.T.);
#5477=ORIENTED_EDGE('',*,*,#3993,.T.);
#5478=ORIENTED_EDGE('',*,*,#3988,.T.);
#5479=ORIENTED_EDGE('',*,*,#3994,.T.);
#5480=ORIENTED_EDGE('',*,*,#3983,.T.);
#5481=ORIENTED_EDGE('',*,*,#3994,.F.);
#5482=ORIENTED_EDGE('',*,*,#3987,.T.);
#5483=ORIENTED_EDGE('',*,*,#3991,.F.);
#5484=ORIENTED_EDGE('',*,*,#3985,.T.);
#5485=ORIENTED_EDGE('',*,*,#3992,.F.);
#5486=ORIENTED_EDGE('',*,*,#3989,.T.);
#5487=ORIENTED_EDGE('',*,*,#3993,.F.);
#5488=ORIENTED_EDGE('',*,*,#3995,.T.);
#5489=ORIENTED_EDGE('',*,*,#3996,.F.);
#5490=ORIENTED_EDGE('',*,*,#3997,.T.);
#5491=ORIENTED_EDGE('',*,*,#3998,.F.);
#5492=ORIENTED_EDGE('',*,*,#3999,.T.);
#5493=ORIENTED_EDGE('',*,*,#4000,.T.);
#5494=ORIENTED_EDGE('',*,*,#4001,.T.);
#5495=ORIENTED_EDGE('',*,*,#3996,.T.);
#5496=ORIENTED_EDGE('',*,*,#4002,.T.);
#5497=ORIENTED_EDGE('',*,*,#3998,.T.);
#5498=ORIENTED_EDGE('',*,*,#4003,.T.);
#5499=ORIENTED_EDGE('',*,*,#4004,.T.);
#5500=ORIENTED_EDGE('',*,*,#4005,.T.);
#5501=ORIENTED_EDGE('',*,*,#4004,.F.);
#5502=ORIENTED_EDGE('',*,*,#4006,.T.);
#5503=ORIENTED_EDGE('',*,*,#4000,.F.);
#5504=ORIENTED_EDGE('',*,*,#4006,.F.);
#5505=ORIENTED_EDGE('',*,*,#4003,.F.);
#5506=ORIENTED_EDGE('',*,*,#3997,.F.);
#5507=ORIENTED_EDGE('',*,*,#4001,.F.);
#5508=ORIENTED_EDGE('',*,*,#4005,.F.);
#5509=ORIENTED_EDGE('',*,*,#3999,.F.);
#5510=ORIENTED_EDGE('',*,*,#3995,.F.);
#5511=ORIENTED_EDGE('',*,*,#4002,.F.);
#5512=ORIENTED_EDGE('',*,*,#4007,.F.);
#5513=ORIENTED_EDGE('',*,*,#4008,.F.);
#5514=ORIENTED_EDGE('',*,*,#4009,.F.);
#5515=ORIENTED_EDGE('',*,*,#4010,.F.);
#5516=ORIENTED_EDGE('',*,*,#4011,.F.);
#5517=ORIENTED_EDGE('',*,*,#4012,.F.);
#5518=ORIENTED_EDGE('',*,*,#4013,.F.);
#5519=ORIENTED_EDGE('',*,*,#4014,.F.);
#5520=ORIENTED_EDGE('',*,*,#4007,.T.);
#5521=ORIENTED_EDGE('',*,*,#4015,.F.);
#5522=ORIENTED_EDGE('',*,*,#4011,.T.);
#5523=ORIENTED_EDGE('',*,*,#4016,.F.);
#5524=ORIENTED_EDGE('',*,*,#4009,.T.);
#5525=ORIENTED_EDGE('',*,*,#4017,.F.);
#5526=ORIENTED_EDGE('',*,*,#4013,.T.);
#5527=ORIENTED_EDGE('',*,*,#4018,.F.);
#5528=ORIENTED_EDGE('',*,*,#4008,.T.);
#5529=ORIENTED_EDGE('',*,*,#4016,.T.);
#5530=ORIENTED_EDGE('',*,*,#4014,.T.);
#5531=ORIENTED_EDGE('',*,*,#4017,.T.);
#5532=ORIENTED_EDGE('',*,*,#4010,.T.);
#5533=ORIENTED_EDGE('',*,*,#4018,.T.);
#5534=ORIENTED_EDGE('',*,*,#4012,.T.);
#5535=ORIENTED_EDGE('',*,*,#4015,.T.);
#5536=ORIENTED_EDGE('',*,*,#4019,.T.);
#5537=ORIENTED_EDGE('',*,*,#4020,.F.);
#5538=ORIENTED_EDGE('',*,*,#4021,.T.);
#5539=ORIENTED_EDGE('',*,*,#4022,.F.);
#5540=ORIENTED_EDGE('',*,*,#4023,.T.);
#5541=ORIENTED_EDGE('',*,*,#4022,.T.);
#5542=ORIENTED_EDGE('',*,*,#4024,.T.);
#5543=ORIENTED_EDGE('',*,*,#4025,.T.);
#5544=ORIENTED_EDGE('',*,*,#4026,.T.);
#5545=ORIENTED_EDGE('',*,*,#4025,.F.);
#5546=ORIENTED_EDGE('',*,*,#4027,.T.);
#5547=ORIENTED_EDGE('',*,*,#4028,.F.);
#5548=ORIENTED_EDGE('',*,*,#4029,.T.);
#5549=ORIENTED_EDGE('',*,*,#4028,.T.);
#5550=ORIENTED_EDGE('',*,*,#4030,.T.);
#5551=ORIENTED_EDGE('',*,*,#4020,.T.);
#5552=ORIENTED_EDGE('',*,*,#4027,.F.);
#5553=ORIENTED_EDGE('',*,*,#4024,.F.);
#5554=ORIENTED_EDGE('',*,*,#4021,.F.);
#5555=ORIENTED_EDGE('',*,*,#4030,.F.);
#5556=ORIENTED_EDGE('',*,*,#4026,.F.);
#5557=ORIENTED_EDGE('',*,*,#4029,.F.);
#5558=ORIENTED_EDGE('',*,*,#4019,.F.);
#5559=ORIENTED_EDGE('',*,*,#4023,.F.);
#5560=ORIENTED_EDGE('',*,*,#4031,.F.);
#5561=ORIENTED_EDGE('',*,*,#4032,.F.);
#5562=ORIENTED_EDGE('',*,*,#4033,.F.);
#5563=ORIENTED_EDGE('',*,*,#4034,.F.);
#5564=ORIENTED_EDGE('',*,*,#4035,.F.);
#5565=ORIENTED_EDGE('',*,*,#4036,.F.);
#5566=ORIENTED_EDGE('',*,*,#4037,.F.);
#5567=ORIENTED_EDGE('',*,*,#4038,.F.);
#5568=ORIENTED_EDGE('',*,*,#4031,.T.);
#5569=ORIENTED_EDGE('',*,*,#4039,.F.);
#5570=ORIENTED_EDGE('',*,*,#4037,.T.);
#5571=ORIENTED_EDGE('',*,*,#4040,.F.);
#5572=ORIENTED_EDGE('',*,*,#4034,.T.);
#5573=ORIENTED_EDGE('',*,*,#4041,.T.);
#5574=ORIENTED_EDGE('',*,*,#4038,.T.);
#5575=ORIENTED_EDGE('',*,*,#4039,.T.);
#5576=ORIENTED_EDGE('',*,*,#4032,.T.);
#5577=ORIENTED_EDGE('',*,*,#4040,.T.);
#5578=ORIENTED_EDGE('',*,*,#4036,.T.);
#5579=ORIENTED_EDGE('',*,*,#4042,.T.);
#5580=ORIENTED_EDGE('',*,*,#4033,.T.);
#5581=ORIENTED_EDGE('',*,*,#4042,.F.);
#5582=ORIENTED_EDGE('',*,*,#4035,.T.);
#5583=ORIENTED_EDGE('',*,*,#4041,.F.);
#5584=ORIENTED_EDGE('',*,*,#4043,.F.);
#5585=ORIENTED_EDGE('',*,*,#4044,.T.);
#5586=ORIENTED_EDGE('',*,*,#4045,.F.);
#5587=ORIENTED_EDGE('',*,*,#4046,.F.);
#5588=ORIENTED_EDGE('',*,*,#4047,.T.);
#5589=ORIENTED_EDGE('',*,*,#4048,.T.);
#5590=ORIENTED_EDGE('',*,*,#4043,.T.);
#5591=ORIENTED_EDGE('',*,*,#4049,.T.);
#5592=ORIENTED_EDGE('',*,*,#4050,.T.);
#5593=ORIENTED_EDGE('',*,*,#4051,.T.);
#5594=ORIENTED_EDGE('',*,*,#4045,.T.);
#5595=ORIENTED_EDGE('',*,*,#4052,.T.);
#5596=ORIENTED_EDGE('',*,*,#4053,.T.);
#5597=ORIENTED_EDGE('',*,*,#4049,.F.);
#5598=ORIENTED_EDGE('',*,*,#4046,.T.);
#5599=ORIENTED_EDGE('',*,*,#4051,.F.);
#5600=ORIENTED_EDGE('',*,*,#4054,.T.);
#5601=ORIENTED_EDGE('',*,*,#4052,.F.);
#5602=ORIENTED_EDGE('',*,*,#4044,.F.);
#5603=ORIENTED_EDGE('',*,*,#4048,.F.);
#5604=ORIENTED_EDGE('',*,*,#4054,.F.);
#5605=ORIENTED_EDGE('',*,*,#4047,.F.);
#5606=ORIENTED_EDGE('',*,*,#4053,.F.);
#5607=ORIENTED_EDGE('',*,*,#4050,.F.);
#5608=ORIENTED_EDGE('',*,*,#4055,.F.);
#5609=ORIENTED_EDGE('',*,*,#4056,.F.);
#5610=ORIENTED_EDGE('',*,*,#4057,.F.);
#5611=ORIENTED_EDGE('',*,*,#4058,.F.);
#5612=ORIENTED_EDGE('',*,*,#4059,.F.);
#5613=ORIENTED_EDGE('',*,*,#4060,.F.);
#5614=ORIENTED_EDGE('',*,*,#4061,.F.);
#5615=ORIENTED_EDGE('',*,*,#4062,.F.);
#5616=ORIENTED_EDGE('',*,*,#4063,.F.);
#5617=ORIENTED_EDGE('',*,*,#4064,.F.);
#5618=ORIENTED_EDGE('',*,*,#4065,.F.);
#5619=ORIENTED_EDGE('',*,*,#4066,.F.);
#5620=ORIENTED_EDGE('',*,*,#4059,.T.);
#5621=ORIENTED_EDGE('',*,*,#4067,.F.);
#5622=ORIENTED_EDGE('',*,*,#4068,.T.);
#5623=ORIENTED_EDGE('',*,*,#4069,.F.);
#5624=ORIENTED_EDGE('',*,*,#4061,.T.);
#5625=ORIENTED_EDGE('',*,*,#4070,.F.);
#5626=ORIENTED_EDGE('',*,*,#4063,.T.);
#5627=ORIENTED_EDGE('',*,*,#4071,.F.);
#5628=ORIENTED_EDGE('',*,*,#4060,.T.);
#5629=ORIENTED_EDGE('',*,*,#4069,.T.);
#5630=ORIENTED_EDGE('',*,*,#4072,.T.);
#5631=ORIENTED_EDGE('',*,*,#4058,.T.);
#5632=ORIENTED_EDGE('',*,*,#4073,.T.);
#5633=ORIENTED_EDGE('',*,*,#4064,.T.);
#5634=ORIENTED_EDGE('',*,*,#4070,.T.);
#5635=ORIENTED_EDGE('',*,*,#4055,.T.);
#5636=ORIENTED_EDGE('',*,*,#4072,.F.);
#5637=ORIENTED_EDGE('',*,*,#4068,.F.);
#5638=ORIENTED_EDGE('',*,*,#4074,.F.);
#5639=ORIENTED_EDGE('',*,*,#4062,.T.);
#5640=ORIENTED_EDGE('',*,*,#4071,.T.);
#5641=ORIENTED_EDGE('',*,*,#4066,.T.);
#5642=ORIENTED_EDGE('',*,*,#4075,.T.);
#5643=ORIENTED_EDGE('',*,*,#4056,.T.);
#5644=ORIENTED_EDGE('',*,*,#4074,.T.);
#5645=ORIENTED_EDGE('',*,*,#4067,.T.);
#5646=ORIENTED_EDGE('',*,*,#4057,.T.);
#5647=ORIENTED_EDGE('',*,*,#4075,.F.);
#5648=ORIENTED_EDGE('',*,*,#4065,.T.);
#5649=ORIENTED_EDGE('',*,*,#4073,.F.);
#5650=ORIENTED_EDGE('',*,*,#4076,.F.);
#5651=ORIENTED_EDGE('',*,*,#4077,.T.);
#5652=ORIENTED_EDGE('',*,*,#4078,.F.);
#5653=ORIENTED_EDGE('',*,*,#4079,.F.);
#5654=ORIENTED_EDGE('',*,*,#4080,.T.);
#5655=ORIENTED_EDGE('',*,*,#4081,.T.);
#5656=ORIENTED_EDGE('',*,*,#4076,.T.);
#5657=ORIENTED_EDGE('',*,*,#4082,.T.);
#5658=ORIENTED_EDGE('',*,*,#4083,.T.);
#5659=ORIENTED_EDGE('',*,*,#4084,.T.);
#5660=ORIENTED_EDGE('',*,*,#4078,.T.);
#5661=ORIENTED_EDGE('',*,*,#4085,.T.);
#5662=ORIENTED_EDGE('',*,*,#4086,.T.);
#5663=ORIENTED_EDGE('',*,*,#4085,.F.);
#5664=ORIENTED_EDGE('',*,*,#4077,.F.);
#5665=ORIENTED_EDGE('',*,*,#4081,.F.);
#5666=ORIENTED_EDGE('',*,*,#4087,.T.);
#5667=ORIENTED_EDGE('',*,*,#4082,.F.);
#5668=ORIENTED_EDGE('',*,*,#4079,.T.);
#5669=ORIENTED_EDGE('',*,*,#4084,.F.);
#5670=ORIENTED_EDGE('',*,*,#4086,.F.);
#5671=ORIENTED_EDGE('',*,*,#4080,.F.);
#5672=ORIENTED_EDGE('',*,*,#4087,.F.);
#5673=ORIENTED_EDGE('',*,*,#4083,.F.);
#5674=ORIENTED_EDGE('',*,*,#4088,.F.);
#5675=ORIENTED_EDGE('',*,*,#4089,.F.);
#5676=ORIENTED_EDGE('',*,*,#4090,.F.);
#5677=ORIENTED_EDGE('',*,*,#4091,.F.);
#5678=ORIENTED_EDGE('',*,*,#4092,.F.);
#5679=ORIENTED_EDGE('',*,*,#4093,.F.);
#5680=ORIENTED_EDGE('',*,*,#4094,.F.);
#5681=ORIENTED_EDGE('',*,*,#4095,.F.);
#5682=ORIENTED_EDGE('',*,*,#4090,.T.);
#5683=ORIENTED_EDGE('',*,*,#4096,.F.);
#5684=ORIENTED_EDGE('',*,*,#4097,.F.);
#5685=ORIENTED_EDGE('',*,*,#4098,.F.);
#5686=ORIENTED_EDGE('',*,*,#4094,.T.);
#5687=ORIENTED_EDGE('',*,*,#4099,.F.);
#5688=ORIENTED_EDGE('',*,*,#4097,.T.);
#5689=ORIENTED_EDGE('',*,*,#4100,.F.);
#5690=ORIENTED_EDGE('',*,*,#4091,.T.);
#5691=ORIENTED_EDGE('',*,*,#4098,.T.);
#5692=ORIENTED_EDGE('',*,*,#4099,.T.);
#5693=ORIENTED_EDGE('',*,*,#4093,.T.);
#5694=ORIENTED_EDGE('',*,*,#4101,.T.);
#5695=ORIENTED_EDGE('',*,*,#4088,.T.);
#5696=ORIENTED_EDGE('',*,*,#4101,.F.);
#5697=ORIENTED_EDGE('',*,*,#4092,.T.);
#5698=ORIENTED_EDGE('',*,*,#4102,.F.);
#5699=ORIENTED_EDGE('',*,*,#4089,.T.);
#5700=ORIENTED_EDGE('',*,*,#4102,.T.);
#5701=ORIENTED_EDGE('',*,*,#4095,.T.);
#5702=ORIENTED_EDGE('',*,*,#4100,.T.);
#5703=ORIENTED_EDGE('',*,*,#4096,.T.);
#5704=ORIENTED_EDGE('',*,*,#4103,.T.);
#5705=ORIENTED_EDGE('',*,*,#4104,.F.);
#5706=ORIENTED_EDGE('',*,*,#4105,.T.);
#5707=ORIENTED_EDGE('',*,*,#4106,.F.);
#5708=ORIENTED_EDGE('',*,*,#4107,.T.);
#5709=ORIENTED_EDGE('',*,*,#4108,.F.);
#5710=ORIENTED_EDGE('',*,*,#4109,.T.);
#5711=ORIENTED_EDGE('',*,*,#4110,.F.);
#5712=ORIENTED_EDGE('',*,*,#4111,.T.);
#5713=ORIENTED_EDGE('',*,*,#4110,.T.);
#5714=ORIENTED_EDGE('',*,*,#4112,.T.);
#5715=ORIENTED_EDGE('',*,*,#4104,.T.);
#5716=ORIENTED_EDGE('',*,*,#4113,.T.);
#5717=ORIENTED_EDGE('',*,*,#4106,.T.);
#5718=ORIENTED_EDGE('',*,*,#4114,.T.);
#5719=ORIENTED_EDGE('',*,*,#4108,.T.);
#5720=ORIENTED_EDGE('',*,*,#4109,.F.);
#5721=ORIENTED_EDGE('',*,*,#4114,.F.);
#5722=ORIENTED_EDGE('',*,*,#4105,.F.);
#5723=ORIENTED_EDGE('',*,*,#4112,.F.);
#5724=ORIENTED_EDGE('',*,*,#4107,.F.);
#5725=ORIENTED_EDGE('',*,*,#4111,.F.);
#5726=ORIENTED_EDGE('',*,*,#4103,.F.);
#5727=ORIENTED_EDGE('',*,*,#4113,.F.);
#5728=ORIENTED_EDGE('',*,*,#4115,.F.);
#5729=ORIENTED_EDGE('',*,*,#4116,.F.);
#5730=ORIENTED_EDGE('',*,*,#4117,.F.);
#5731=ORIENTED_EDGE('',*,*,#4118,.F.);
#5732=ORIENTED_EDGE('',*,*,#4119,.F.);
#5733=ORIENTED_EDGE('',*,*,#4120,.F.);
#5734=ORIENTED_EDGE('',*,*,#4121,.F.);
#5735=ORIENTED_EDGE('',*,*,#4122,.F.);
#5736=ORIENTED_EDGE('',*,*,#4115,.T.);
#5737=ORIENTED_EDGE('',*,*,#4123,.F.);
#5738=ORIENTED_EDGE('',*,*,#4119,.T.);
#5739=ORIENTED_EDGE('',*,*,#4124,.F.);
#5740=ORIENTED_EDGE('',*,*,#4118,.T.);
#5741=ORIENTED_EDGE('',*,*,#4125,.T.);
#5742=ORIENTED_EDGE('',*,*,#4120,.T.);
#5743=ORIENTED_EDGE('',*,*,#4123,.T.);
#5744=ORIENTED_EDGE('',*,*,#4116,.T.);
#5745=ORIENTED_EDGE('',*,*,#4124,.T.);
#5746=ORIENTED_EDGE('',*,*,#4122,.T.);
#5747=ORIENTED_EDGE('',*,*,#4126,.T.);
#5748=ORIENTED_EDGE('',*,*,#4117,.T.);
#5749=ORIENTED_EDGE('',*,*,#4126,.F.);
#5750=ORIENTED_EDGE('',*,*,#4121,.T.);
#5751=ORIENTED_EDGE('',*,*,#4125,.F.);
#5752=ORIENTED_EDGE('',*,*,#4127,.F.);
#5753=ORIENTED_EDGE('',*,*,#4128,.T.);
#5754=ORIENTED_EDGE('',*,*,#4129,.F.);
#5755=ORIENTED_EDGE('',*,*,#4130,.F.);
#5756=ORIENTED_EDGE('',*,*,#4131,.T.);
#5757=ORIENTED_EDGE('',*,*,#4132,.T.);
#5758=ORIENTED_EDGE('',*,*,#4127,.T.);
#5759=ORIENTED_EDGE('',*,*,#4133,.T.);
#5760=ORIENTED_EDGE('',*,*,#4134,.T.);
#5761=ORIENTED_EDGE('',*,*,#4135,.T.);
#5762=ORIENTED_EDGE('',*,*,#4129,.T.);
#5763=ORIENTED_EDGE('',*,*,#4136,.T.);
#5764=ORIENTED_EDGE('',*,*,#4137,.T.);
#5765=ORIENTED_EDGE('',*,*,#4133,.F.);
#5766=ORIENTED_EDGE('',*,*,#4130,.T.);
#5767=ORIENTED_EDGE('',*,*,#4135,.F.);
#5768=ORIENTED_EDGE('',*,*,#4138,.T.);
#5769=ORIENTED_EDGE('',*,*,#4136,.F.);
#5770=ORIENTED_EDGE('',*,*,#4128,.F.);
#5771=ORIENTED_EDGE('',*,*,#4132,.F.);
#5772=ORIENTED_EDGE('',*,*,#4138,.F.);
#5773=ORIENTED_EDGE('',*,*,#4131,.F.);
#5774=ORIENTED_EDGE('',*,*,#4137,.F.);
#5775=ORIENTED_EDGE('',*,*,#4134,.F.);
#5776=ORIENTED_EDGE('',*,*,#4139,.F.);
#5777=ORIENTED_EDGE('',*,*,#4140,.F.);
#5778=ORIENTED_EDGE('',*,*,#4141,.F.);
#5779=ORIENTED_EDGE('',*,*,#4142,.F.);
#5780=ORIENTED_EDGE('',*,*,#4143,.F.);
#5781=ORIENTED_EDGE('',*,*,#4144,.F.);
#5782=ORIENTED_EDGE('',*,*,#4145,.F.);
#5783=ORIENTED_EDGE('',*,*,#4146,.F.);
#5784=ORIENTED_EDGE('',*,*,#4139,.T.);
#5785=ORIENTED_EDGE('',*,*,#4147,.F.);
#5786=ORIENTED_EDGE('',*,*,#4143,.T.);
#5787=ORIENTED_EDGE('',*,*,#4148,.F.);
#5788=ORIENTED_EDGE('',*,*,#4140,.T.);
#5789=ORIENTED_EDGE('',*,*,#4148,.T.);
#5790=ORIENTED_EDGE('',*,*,#4146,.T.);
#5791=ORIENTED_EDGE('',*,*,#4149,.T.);
#5792=ORIENTED_EDGE('',*,*,#4142,.T.);
#5793=ORIENTED_EDGE('',*,*,#4150,.T.);
#5794=ORIENTED_EDGE('',*,*,#4144,.T.);
#5795=ORIENTED_EDGE('',*,*,#4147,.T.);
#5796=ORIENTED_EDGE('',*,*,#4141,.T.);
#5797=ORIENTED_EDGE('',*,*,#4149,.F.);
#5798=ORIENTED_EDGE('',*,*,#4145,.T.);
#5799=ORIENTED_EDGE('',*,*,#4150,.F.);
#5800=ORIENTED_EDGE('',*,*,#4151,.T.);
#5801=ORIENTED_EDGE('',*,*,#4152,.F.);
#5802=ORIENTED_EDGE('',*,*,#4153,.T.);
#5803=ORIENTED_EDGE('',*,*,#4154,.F.);
#5804=ORIENTED_EDGE('',*,*,#4155,.T.);
#5805=ORIENTED_EDGE('',*,*,#4154,.T.);
#5806=ORIENTED_EDGE('',*,*,#4156,.T.);
#5807=ORIENTED_EDGE('',*,*,#4157,.T.);
#5808=ORIENTED_EDGE('',*,*,#4158,.T.);
#5809=ORIENTED_EDGE('',*,*,#4159,.T.);
#5810=ORIENTED_EDGE('',*,*,#4160,.T.);
#5811=ORIENTED_EDGE('',*,*,#4152,.T.);
#5812=ORIENTED_EDGE('',*,*,#4161,.T.);
#5813=ORIENTED_EDGE('',*,*,#4157,.F.);
#5814=ORIENTED_EDGE('',*,*,#4162,.T.);
#5815=ORIENTED_EDGE('',*,*,#4159,.F.);
#5816=ORIENTED_EDGE('',*,*,#4162,.F.);
#5817=ORIENTED_EDGE('',*,*,#4156,.F.);
#5818=ORIENTED_EDGE('',*,*,#4153,.F.);
#5819=ORIENTED_EDGE('',*,*,#4160,.F.);
#5820=ORIENTED_EDGE('',*,*,#4161,.F.);
#5821=ORIENTED_EDGE('',*,*,#4158,.F.);
#5822=ORIENTED_EDGE('',*,*,#4151,.F.);
#5823=ORIENTED_EDGE('',*,*,#4155,.F.);
#5824=ORIENTED_EDGE('',*,*,#4163,.F.);
#5825=ORIENTED_EDGE('',*,*,#4164,.F.);
#5826=ORIENTED_EDGE('',*,*,#4165,.F.);
#5827=ORIENTED_EDGE('',*,*,#4166,.F.);
#5828=ORIENTED_EDGE('',*,*,#4167,.F.);
#5829=ORIENTED_EDGE('',*,*,#4168,.F.);
#5830=ORIENTED_EDGE('',*,*,#4169,.F.);
#5831=ORIENTED_EDGE('',*,*,#4170,.F.);
#5832=ORIENTED_EDGE('',*,*,#4164,.T.);
#5833=ORIENTED_EDGE('',*,*,#4171,.T.);
#5834=ORIENTED_EDGE('',*,*,#4170,.T.);
#5835=ORIENTED_EDGE('',*,*,#4172,.T.);
#5836=ORIENTED_EDGE('',*,*,#4166,.T.);
#5837=ORIENTED_EDGE('',*,*,#4173,.T.);
#5838=ORIENTED_EDGE('',*,*,#4168,.T.);
#5839=ORIENTED_EDGE('',*,*,#4174,.T.);
#5840=ORIENTED_EDGE('',*,*,#4163,.T.);
#5841=ORIENTED_EDGE('',*,*,#4174,.F.);
#5842=ORIENTED_EDGE('',*,*,#4167,.T.);
#5843=ORIENTED_EDGE('',*,*,#4171,.F.);
#5844=ORIENTED_EDGE('',*,*,#4165,.T.);
#5845=ORIENTED_EDGE('',*,*,#4172,.F.);
#5846=ORIENTED_EDGE('',*,*,#4169,.T.);
#5847=ORIENTED_EDGE('',*,*,#4173,.F.);
#5848=ORIENTED_EDGE('',*,*,#4175,.F.);
#5849=ORIENTED_EDGE('',*,*,#4176,.T.);
#5850=ORIENTED_EDGE('',*,*,#4177,.F.);
#5851=ORIENTED_EDGE('',*,*,#4178,.F.);
#5852=ORIENTED_EDGE('',*,*,#4179,.T.);
#5853=ORIENTED_EDGE('',*,*,#4180,.F.);
#5854=ORIENTED_EDGE('',*,*,#4176,.F.);
#5855=ORIENTED_EDGE('',*,*,#4181,.F.);
#5856=ORIENTED_EDGE('',*,*,#4182,.T.);
#5857=ORIENTED_EDGE('',*,*,#4181,.T.);
#5858=ORIENTED_EDGE('',*,*,#4175,.T.);
#5859=ORIENTED_EDGE('',*,*,#4183,.T.);
#5860=ORIENTED_EDGE('',*,*,#4184,.T.);
#5861=ORIENTED_EDGE('',*,*,#4183,.F.);
#5862=ORIENTED_EDGE('',*,*,#4178,.T.);
#5863=ORIENTED_EDGE('',*,*,#4185,.F.);
#5864=ORIENTED_EDGE('',*,*,#4186,.T.);
#5865=ORIENTED_EDGE('',*,*,#4185,.T.);
#5866=ORIENTED_EDGE('',*,*,#4177,.T.);
#5867=ORIENTED_EDGE('',*,*,#4180,.T.);
#5868=ORIENTED_EDGE('',*,*,#4184,.F.);
#5869=ORIENTED_EDGE('',*,*,#4186,.F.);
#5870=ORIENTED_EDGE('',*,*,#4179,.F.);
#5871=ORIENTED_EDGE('',*,*,#4182,.F.);
#5872=ORIENTED_EDGE('',*,*,#4187,.F.);
#5873=ORIENTED_EDGE('',*,*,#4188,.F.);
#5874=ORIENTED_EDGE('',*,*,#4189,.F.);
#5875=ORIENTED_EDGE('',*,*,#4190,.F.);
#5876=ORIENTED_EDGE('',*,*,#4191,.T.);
#5877=ORIENTED_EDGE('',*,*,#4192,.T.);
#5878=ORIENTED_EDGE('',*,*,#4188,.T.);
#5879=ORIENTED_EDGE('',*,*,#4193,.T.);
#5880=ORIENTED_EDGE('',*,*,#4187,.T.);
#5881=ORIENTED_EDGE('',*,*,#4194,.F.);
#5882=ORIENTED_EDGE('',*,*,#4195,.F.);
#5883=ORIENTED_EDGE('',*,*,#4193,.F.);
#5884=ORIENTED_EDGE('',*,*,#4191,.F.);
#5885=ORIENTED_EDGE('',*,*,#4195,.T.);
#5886=ORIENTED_EDGE('',*,*,#4196,.F.);
#5887=ORIENTED_EDGE('',*,*,#4197,.F.);
#5888=ORIENTED_EDGE('',*,*,#4189,.T.);
#5889=ORIENTED_EDGE('',*,*,#4192,.F.);
#5890=ORIENTED_EDGE('',*,*,#4197,.T.);
#5891=ORIENTED_EDGE('',*,*,#4198,.F.);
#5892=ORIENTED_EDGE('',*,*,#4196,.T.);
#5893=ORIENTED_EDGE('',*,*,#4194,.T.);
#5894=ORIENTED_EDGE('',*,*,#4190,.T.);
#5895=ORIENTED_EDGE('',*,*,#4198,.T.);
#5896=ORIENTED_EDGE('',*,*,#4199,.T.);
#5897=ORIENTED_EDGE('',*,*,#4200,.T.);
#5898=ORIENTED_EDGE('',*,*,#4201,.T.);
#5899=ORIENTED_EDGE('',*,*,#4202,.T.);
#5900=ORIENTED_EDGE('',*,*,#4203,.T.);
#5901=ORIENTED_EDGE('',*,*,#4202,.F.);
#5902=ORIENTED_EDGE('',*,*,#4204,.T.);
#5903=ORIENTED_EDGE('',*,*,#4205,.F.);
#5904=ORIENTED_EDGE('',*,*,#4206,.T.);
#5905=ORIENTED_EDGE('',*,*,#4207,.F.);
#5906=ORIENTED_EDGE('',*,*,#4208,.T.);
#5907=ORIENTED_EDGE('',*,*,#4200,.F.);
#5908=ORIENTED_EDGE('',*,*,#4209,.T.);
#5909=ORIENTED_EDGE('',*,*,#4205,.T.);
#5910=ORIENTED_EDGE('',*,*,#4210,.T.);
#5911=ORIENTED_EDGE('',*,*,#4207,.T.);
#5912=ORIENTED_EDGE('',*,*,#4208,.F.);
#5913=ORIENTED_EDGE('',*,*,#4210,.F.);
#5914=ORIENTED_EDGE('',*,*,#4204,.F.);
#5915=ORIENTED_EDGE('',*,*,#4201,.F.);
#5916=ORIENTED_EDGE('',*,*,#4206,.F.);
#5917=ORIENTED_EDGE('',*,*,#4199,.F.);
#5918=ORIENTED_EDGE('',*,*,#4203,.F.);
#5919=ORIENTED_EDGE('',*,*,#4209,.F.);
#5920=ORIENTED_EDGE('',*,*,#4211,.F.);
#5921=ORIENTED_EDGE('',*,*,#4212,.F.);
#5922=ORIENTED_EDGE('',*,*,#4213,.T.);
#5923=ORIENTED_EDGE('',*,*,#4214,.T.);
#5924=ORIENTED_EDGE('',*,*,#4215,.T.);
#5925=ORIENTED_EDGE('',*,*,#4213,.F.);
#5926=ORIENTED_EDGE('',*,*,#4211,.T.);
#5927=ORIENTED_EDGE('',*,*,#4212,.T.);
#5928=ORIENTED_EDGE('',*,*,#4215,.F.);
#5929=ORIENTED_EDGE('',*,*,#4214,.F.);
#5930=ORIENTED_EDGE('',*,*,#4216,.T.);
#5931=ORIENTED_EDGE('',*,*,#4217,.T.);
#5932=ORIENTED_EDGE('',*,*,#4218,.T.);
#5933=ORIENTED_EDGE('',*,*,#4219,.T.);
#5934=ORIENTED_EDGE('',*,*,#4218,.F.);
#5935=ORIENTED_EDGE('',*,*,#4220,.T.);
#5936=ORIENTED_EDGE('',*,*,#4221,.T.);
#5937=ORIENTED_EDGE('',*,*,#4222,.T.);
#5938=ORIENTED_EDGE('',*,*,#4221,.F.);
#5939=ORIENTED_EDGE('',*,*,#4223,.T.);
#5940=ORIENTED_EDGE('',*,*,#4224,.T.);
#5941=ORIENTED_EDGE('',*,*,#4225,.T.);
#5942=ORIENTED_EDGE('',*,*,#4224,.F.);
#5943=ORIENTED_EDGE('',*,*,#4226,.T.);
#5944=ORIENTED_EDGE('',*,*,#4227,.T.);
#5945=ORIENTED_EDGE('',*,*,#4228,.T.);
#5946=ORIENTED_EDGE('',*,*,#4227,.F.);
#5947=ORIENTED_EDGE('',*,*,#4229,.T.);
#5948=ORIENTED_EDGE('',*,*,#4230,.T.);
#5949=ORIENTED_EDGE('',*,*,#4231,.T.);
#5950=ORIENTED_EDGE('',*,*,#4230,.F.);
#5951=ORIENTED_EDGE('',*,*,#4232,.T.);
#5952=ORIENTED_EDGE('',*,*,#4233,.T.);
#5953=ORIENTED_EDGE('',*,*,#4234,.T.);
#5954=ORIENTED_EDGE('',*,*,#4233,.F.);
#5955=ORIENTED_EDGE('',*,*,#4235,.T.);
#5956=ORIENTED_EDGE('',*,*,#4236,.T.);
#5957=ORIENTED_EDGE('',*,*,#4237,.T.);
#5958=ORIENTED_EDGE('',*,*,#4236,.F.);
#5959=ORIENTED_EDGE('',*,*,#4238,.T.);
#5960=ORIENTED_EDGE('',*,*,#4216,.F.);
#5961=ORIENTED_EDGE('',*,*,#4239,.T.);
#5962=ORIENTED_EDGE('',*,*,#4219,.F.);
#5963=ORIENTED_EDGE('',*,*,#4222,.F.);
#5964=ORIENTED_EDGE('',*,*,#4225,.F.);
#5965=ORIENTED_EDGE('',*,*,#4228,.F.);
#5966=ORIENTED_EDGE('',*,*,#4231,.F.);
#5967=ORIENTED_EDGE('',*,*,#4234,.F.);
#5968=ORIENTED_EDGE('',*,*,#4237,.F.);
#5969=ORIENTED_EDGE('',*,*,#4239,.F.);
#5970=ORIENTED_EDGE('',*,*,#4226,.F.);
#5971=ORIENTED_EDGE('',*,*,#4223,.F.);
#5972=ORIENTED_EDGE('',*,*,#4220,.F.);
#5973=ORIENTED_EDGE('',*,*,#4217,.F.);
#5974=ORIENTED_EDGE('',*,*,#4238,.F.);
#5975=ORIENTED_EDGE('',*,*,#4235,.F.);
#5976=ORIENTED_EDGE('',*,*,#4232,.F.);
#5977=ORIENTED_EDGE('',*,*,#4229,.F.);
#5978=CYLINDRICAL_SURFACE('',#6625,0.195);
#5979=CYLINDRICAL_SURFACE('',#6628,0.195);
#5980=CYLINDRICAL_SURFACE('',#6639,0.195);
#5981=CYLINDRICAL_SURFACE('',#6646,0.195);
#5982=CYLINDRICAL_SURFACE('',#6653,0.194999999909022);
#5983=CYLINDRICAL_SURFACE('',#6656,0.194999999909022);
#5984=CYLINDRICAL_SURFACE('',#6668,0.195);
#5985=CYLINDRICAL_SURFACE('',#6675,0.195);
#5986=CYLINDRICAL_SURFACE('',#6682,0.015);
#5987=CYLINDRICAL_SURFACE('',#6684,0.015);
#5988=CYLINDRICAL_SURFACE('',#6686,0.015);
#5989=CYLINDRICAL_SURFACE('',#6687,0.015);
#5990=CYLINDRICAL_SURFACE('',#6689,0.015);
#5991=CYLINDRICAL_SURFACE('',#6709,0.015);
#5992=CYLINDRICAL_SURFACE('',#6718,0.015);
#5993=CYLINDRICAL_SURFACE('',#6723,0.015);
#5994=CYLINDRICAL_SURFACE('',#6724,0.015);
#5995=CYLINDRICAL_SURFACE('',#6728,0.015);
#5996=CYLINDRICAL_SURFACE('',#6729,0.015);
#5997=CYLINDRICAL_SURFACE('',#6730,0.015);
#5998=CYLINDRICAL_SURFACE('',#6734,0.015);
#5999=CYLINDRICAL_SURFACE('',#6738,0.015);
#6000=CYLINDRICAL_SURFACE('',#6739,0.015);
#6001=CYLINDRICAL_SURFACE('',#6743,0.015);
#6002=CYLINDRICAL_SURFACE('',#6745,0.125);
#6003=CYLINDRICAL_SURFACE('',#6746,0.125);
#6004=CYLINDRICAL_SURFACE('',#6748,0.125);
#6005=CYLINDRICAL_SURFACE('',#6751,0.125);
#6006=CYLINDRICAL_SURFACE('',#6754,0.195);
#6007=CYLINDRICAL_SURFACE('',#6758,0.125000000010421);
#6008=CYLINDRICAL_SURFACE('',#6762,0.195);
#6009=CYLINDRICAL_SURFACE('',#6771,0.125);
#6010=CYLINDRICAL_SURFACE('',#6775,0.195);
#6011=CYLINDRICAL_SURFACE('',#6782,0.195);
#6012=CYLINDRICAL_SURFACE('',#6790,0.195);
#6013=CYLINDRICAL_SURFACE('',#6794,0.125);
#6014=CYLINDRICAL_SURFACE('',#6798,0.195);
#6015=CYLINDRICAL_SURFACE('',#6807,0.194999999909022);
#6016=CYLINDRICAL_SURFACE('',#6811,0.125);
#6017=CYLINDRICAL_SURFACE('',#6815,0.194999999909022);
#6018=CYLINDRICAL_SURFACE('',#6824,0.236076478104031);
#6019=CYLINDRICAL_SURFACE('',#6828,0.236076478104031);
#6020=CYLINDRICAL_SURFACE('',#6832,0.236076478104031);
#6021=CYLINDRICAL_SURFACE('',#6836,0.236076478104031);
#6022=CYLINDRICAL_SURFACE('',#7076,0.0618808777992172);
#6023=CYLINDRICAL_SURFACE('',#7084,0.05);
#6024=CYLINDRICAL_SURFACE('',#7091,0.05);
#6025=CYLINDRICAL_SURFACE('',#7097,0.05);
#6026=CYLINDRICAL_SURFACE('',#7103,0.05);
#6027=ADVANCED_FACE('',(#493),#5978,.F.);
#6028=ADVANCED_FACE('',(#494),#5979,.F.);
#6029=ADVANCED_FACE('',(#495),#189,.F.);
#6030=ADVANCED_FACE('',(#496),#190,.F.);
#6031=ADVANCED_FACE('',(#497),#191,.F.);
#6032=ADVANCED_FACE('',(#498),#192,.F.);
#6033=ADVANCED_FACE('',(#499),#193,.T.);
#6034=ADVANCED_FACE('',(#500),#5980,.F.);
#6035=ADVANCED_FACE('',(#501),#194,.F.);
#6036=ADVANCED_FACE('',(#502),#195,.F.);
#6037=ADVANCED_FACE('',(#503),#196,.F.);
#6038=ADVANCED_FACE('',(#504),#197,.F.);
#6039=ADVANCED_FACE('',(#505),#5981,.F.);
#6040=ADVANCED_FACE('',(#506),#198,.T.);
#6041=ADVANCED_FACE('',(#507),#5982,.F.);
#6042=ADVANCED_FACE('',(#508),#5983,.F.);
#6043=ADVANCED_FACE('',(#509),#199,.F.);
#6044=ADVANCED_FACE('',(#510),#200,.F.);
#6045=ADVANCED_FACE('',(#511),#201,.F.);
#6046=ADVANCED_FACE('',(#512),#202,.F.);
#6047=ADVANCED_FACE('',(#513),#203,.F.);
#6048=ADVANCED_FACE('',(#514),#204,.T.);
#6049=ADVANCED_FACE('',(#515),#5984,.F.);
#6050=ADVANCED_FACE('',(#516),#205,.F.);
#6051=ADVANCED_FACE('',(#517),#206,.F.);
#6052=ADVANCED_FACE('',(#518),#207,.F.);
#6053=ADVANCED_FACE('',(#519),#208,.F.);
#6054=ADVANCED_FACE('',(#520),#5985,.F.);
#6055=ADVANCED_FACE('',(#521),#209,.T.);
#6056=ADVANCED_FACE('',(#522),#5986,.T.);
#6057=ADVANCED_FACE('',(#523),#5987,.T.);
#6058=ADVANCED_FACE('',(#524),#210,.F.);
#6059=ADVANCED_FACE('',(#525),#5988,.T.);
#6060=ADVANCED_FACE('',(#526),#5989,.T.);
#6061=ADVANCED_FACE('',(#527),#211,.T.);
#6062=ADVANCED_FACE('',(#528),#5990,.T.);
#6063=ADVANCED_FACE('',(#529),#181,.T.);
#6064=ADVANCED_FACE('',(#530),#182,.T.);
#6065=ADVANCED_FACE('',(#531),#183,.T.);
#6066=ADVANCED_FACE('',(#532),#184,.T.);
#6067=ADVANCED_FACE('',(#533),#185,.T.);
#6068=ADVANCED_FACE('',(#534),#5991,.T.);
#6069=ADVANCED_FACE('',(#535),#186,.T.);
#6070=ADVANCED_FACE('',(#536),#187,.T.);
#6071=ADVANCED_FACE('',(#537),#5992,.T.);
#6072=ADVANCED_FACE('',(#538),#188,.T.);
#6073=ADVANCED_FACE('',(#539),#5993,.T.);
#6074=ADVANCED_FACE('',(#540),#5994,.T.);
#6075=ADVANCED_FACE('',(#541),#173,.T.);
#6076=ADVANCED_FACE('',(#542),#5995,.T.);
#6077=ADVANCED_FACE('',(#543),#5996,.T.);
#6078=ADVANCED_FACE('',(#544),#5997,.T.);
#6079=ADVANCED_FACE('',(#545),#174,.T.);
#6080=ADVANCED_FACE('',(#546),#5998,.T.);
#6081=ADVANCED_FACE('',(#547),#175,.T.);
#6082=ADVANCED_FACE('',(#548),#5999,.T.);
#6083=ADVANCED_FACE('',(#549),#6000,.T.);
#6084=ADVANCED_FACE('',(#550),#176,.T.);
#6085=ADVANCED_FACE('',(#551),#6001,.T.);
#6086=ADVANCED_FACE('',(#552),#212,.T.);
#6087=ADVANCED_FACE('',(#553),#6002,.F.);
#6088=ADVANCED_FACE('',(#554),#6003,.F.);
#6089=ADVANCED_FACE('',(#555),#213,.T.);
#6090=ADVANCED_FACE('',(#556),#6004,.F.);
#6091=ADVANCED_FACE('',(#557),#214,.T.);
#6092=ADVANCED_FACE('',(#558),#215,.T.);
#6093=ADVANCED_FACE('',(#559),#6005,.F.);
#6094=ADVANCED_FACE('',(#560),#216,.T.);
#6095=ADVANCED_FACE('',(#561),#6006,.T.);
#6096=ADVANCED_FACE('',(#562),#217,.T.);
#6097=ADVANCED_FACE('',(#563),#6007,.F.);
#6098=ADVANCED_FACE('',(#564),#218,.T.);
#6099=ADVANCED_FACE('',(#565),#6008,.T.);
#6100=ADVANCED_FACE('',(#566),#219,.T.);
#6101=ADVANCED_FACE('',(#567),#220,.T.);
#6102=ADVANCED_FACE('',(#568),#221,.T.);
#6103=ADVANCED_FACE('',(#569),#222,.T.);
#6104=ADVANCED_FACE('',(#570),#223,.F.);
#6105=ADVANCED_FACE('',(#571),#224,.T.);
#6106=ADVANCED_FACE('',(#572),#6009,.F.);
#6107=ADVANCED_FACE('',(#573),#225,.T.);
#6108=ADVANCED_FACE('',(#574),#6010,.T.);
#6109=ADVANCED_FACE('',(#575),#226,.T.);
#6110=ADVANCED_FACE('',(#576),#227,.T.);
#6111=ADVANCED_FACE('',(#577),#228,.T.);
#6112=ADVANCED_FACE('',(#578),#229,.T.);
#6113=ADVANCED_FACE('',(#579),#6011,.T.);
#6114=ADVANCED_FACE('',(#580),#230,.T.);
#6115=ADVANCED_FACE('',(#581),#231,.F.);
#6116=ADVANCED_FACE('',(#582),#232,.T.);
#6117=ADVANCED_FACE('',(#583),#233,.T.);
#6118=ADVANCED_FACE('',(#584),#234,.T.);
#6119=ADVANCED_FACE('',(#585),#6012,.T.);
#6120=ADVANCED_FACE('',(#586),#235,.T.);
#6121=ADVANCED_FACE('',(#587),#6013,.F.);
#6122=ADVANCED_FACE('',(#588),#236,.T.);
#6123=ADVANCED_FACE('',(#589),#6014,.T.);
#6124=ADVANCED_FACE('',(#590),#237,.T.);
#6125=ADVANCED_FACE('',(#591),#238,.T.);
#6126=ADVANCED_FACE('',(#592),#239,.F.);
#6127=ADVANCED_FACE('',(#593),#240,.T.);
#6128=ADVANCED_FACE('',(#594),#241,.T.);
#6129=ADVANCED_FACE('',(#595),#242,.T.);
#6130=ADVANCED_FACE('',(#596),#6015,.T.);
#6131=ADVANCED_FACE('',(#597),#243,.T.);
#6132=ADVANCED_FACE('',(#598),#6016,.F.);
#6133=ADVANCED_FACE('',(#599),#244,.T.);
#6134=ADVANCED_FACE('',(#600),#6017,.T.);
#6135=ADVANCED_FACE('',(#601),#245,.T.);
#6136=ADVANCED_FACE('',(#602),#246,.T.);
#6137=ADVANCED_FACE('',(#603),#247,.T.);
#6138=ADVANCED_FACE('',(#604),#248,.F.);
#6139=ADVANCED_FACE('',(#605),#249,.T.);
#6140=ADVANCED_FACE('',(#606),#6018,.T.);
#6141=ADVANCED_FACE('',(#607),#250,.T.);
#6142=ADVANCED_FACE('',(#608),#6019,.T.);
#6143=ADVANCED_FACE('',(#609),#251,.T.);
#6144=ADVANCED_FACE('',(#610),#6020,.T.);
#6145=ADVANCED_FACE('',(#611),#252,.T.);
#6146=ADVANCED_FACE('',(#612),#6021,.T.);
#6147=ADVANCED_FACE('',(#613),#253,.T.);
#6148=ADVANCED_FACE('',(#614),#254,.F.);
#6149=ADVANCED_FACE('',(#615),#255,.F.);
#6150=ADVANCED_FACE('',(#616),#256,.F.);
#6151=ADVANCED_FACE('',(#617),#257,.F.);
#6152=ADVANCED_FACE('',(#618),#258,.F.);
#6153=ADVANCED_FACE('',(#619),#31,.T.);
#6154=ADVANCED_FACE('',(#620),#32,.T.);
#6155=ADVANCED_FACE('',(#621),#33,.T.);
#6156=ADVANCED_FACE('',(#622),#34,.T.);
#6157=ADVANCED_FACE('',(#623),#259,.T.);
#6158=ADVANCED_FACE('',(#624),#260,.F.);
#6159=ADVANCED_FACE('',(#625),#261,.F.);
#6160=ADVANCED_FACE('',(#626),#35,.T.);
#6161=ADVANCED_FACE('',(#627),#36,.T.);
#6162=ADVANCED_FACE('',(#628),#262,.F.);
#6163=ADVANCED_FACE('',(#629),#263,.T.);
#6164=ADVANCED_FACE('',(#630),#37,.T.);
#6165=ADVANCED_FACE('',(#631),#264,.T.);
#6166=ADVANCED_FACE('',(#632),#38,.T.);
#6167=ADVANCED_FACE('',(#633),#265,.F.);
#6168=ADVANCED_FACE('',(#634),#266,.F.);
#6169=ADVANCED_FACE('',(#635),#267,.F.);
#6170=ADVANCED_FACE('',(#636),#268,.F.);
#6171=ADVANCED_FACE('',(#637),#269,.F.);
#6172=ADVANCED_FACE('',(#638),#39,.T.);
#6173=ADVANCED_FACE('',(#639),#270,.T.);
#6174=ADVANCED_FACE('',(#640),#40,.T.);
#6175=ADVANCED_FACE('',(#641),#271,.F.);
#6176=ADVANCED_FACE('',(#642),#272,.T.);
#6177=ADVANCED_FACE('',(#643),#273,.T.);
#6178=ADVANCED_FACE('',(#644),#274,.T.);
#6179=ADVANCED_FACE('',(#645),#275,.F.);
#6180=ADVANCED_FACE('',(#646),#276,.F.);
#6181=ADVANCED_FACE('',(#647),#277,.F.);
#6182=ADVANCED_FACE('',(#648),#278,.F.);
#6183=ADVANCED_FACE('',(#649),#279,.F.);
#6184=ADVANCED_FACE('',(#650),#41,.T.);
#6185=ADVANCED_FACE('',(#651),#280,.T.);
#6186=ADVANCED_FACE('',(#652),#42,.T.);
#6187=ADVANCED_FACE('',(#653),#281,.F.);
#6188=ADVANCED_FACE('',(#654),#282,.T.);
#6189=ADVANCED_FACE('',(#655),#283,.T.);
#6190=ADVANCED_FACE('',(#656),#284,.T.);
#6191=ADVANCED_FACE('',(#657),#285,.F.);
#6192=ADVANCED_FACE('',(#658),#286,.F.);
#6193=ADVANCED_FACE('',(#659),#287,.F.);
#6194=ADVANCED_FACE('',(#660),#288,.F.);
#6195=ADVANCED_FACE('',(#661),#43,.T.);
#6196=ADVANCED_FACE('',(#662),#44,.T.);
#6197=ADVANCED_FACE('',(#663),#289,.F.);
#6198=ADVANCED_FACE('',(#664),#45,.T.);
#6199=ADVANCED_FACE('',(#665),#290,.T.);
#6200=ADVANCED_FACE('',(#666),#291,.T.);
#6201=ADVANCED_FACE('',(#667),#292,.F.);
#6202=ADVANCED_FACE('',(#668),#293,.T.);
#6203=ADVANCED_FACE('',(#669),#294,.T.);
#6204=ADVANCED_FACE('',(#670),#295,.F.);
#6205=ADVANCED_FACE('',(#671),#296,.F.);
#6206=ADVANCED_FACE('',(#672),#297,.F.);
#6207=ADVANCED_FACE('',(#673),#298,.F.);
#6208=ADVANCED_FACE('',(#674),#299,.T.);
#6209=ADVANCED_FACE('',(#675),#300,.T.);
#6210=ADVANCED_FACE('',(#676),#301,.T.);
#6211=ADVANCED_FACE('',(#677),#302,.F.);
#6212=ADVANCED_FACE('',(#678),#303,.T.);
#6213=ADVANCED_FACE('',(#679),#304,.T.);
#6214=ADVANCED_FACE('',(#680),#305,.F.);
#6215=ADVANCED_FACE('',(#681),#306,.T.);
#6216=ADVANCED_FACE('',(#682),#307,.T.);
#6217=ADVANCED_FACE('',(#683),#308,.F.);
#6218=ADVANCED_FACE('',(#684),#309,.F.);
#6219=ADVANCED_FACE('',(#685),#310,.F.);
#6220=ADVANCED_FACE('',(#686),#46,.T.);
#6221=ADVANCED_FACE('',(#687),#47,.T.);
#6222=ADVANCED_FACE('',(#688),#311,.F.);
#6223=ADVANCED_FACE('',(#689),#312,.T.);
#6224=ADVANCED_FACE('',(#690),#313,.F.);
#6225=ADVANCED_FACE('',(#691),#314,.T.);
#6226=ADVANCED_FACE('',(#692),#315,.T.);
#6227=ADVANCED_FACE('',(#693),#316,.T.);
#6228=ADVANCED_FACE('',(#694),#317,.F.);
#6229=ADVANCED_FACE('',(#695),#318,.F.);
#6230=ADVANCED_FACE('',(#696),#319,.F.);
#6231=ADVANCED_FACE('',(#697),#320,.F.);
#6232=ADVANCED_FACE('',(#698),#321,.T.);
#6233=ADVANCED_FACE('',(#699),#322,.T.);
#6234=ADVANCED_FACE('',(#700),#323,.T.);
#6235=ADVANCED_FACE('',(#701),#324,.F.);
#6236=ADVANCED_FACE('',(#702),#325,.F.);
#6237=ADVANCED_FACE('',(#703),#326,.T.);
#6238=ADVANCED_FACE('',(#704),#327,.T.);
#6239=ADVANCED_FACE('',(#705),#328,.T.);
#6240=ADVANCED_FACE('',(#706),#329,.F.);
#6241=ADVANCED_FACE('',(#707),#330,.F.);
#6242=ADVANCED_FACE('',(#708),#331,.F.);
#6243=ADVANCED_FACE('',(#709),#332,.T.);
#6244=ADVANCED_FACE('',(#710),#333,.T.);
#6245=ADVANCED_FACE('',(#711),#334,.T.);
#6246=ADVANCED_FACE('',(#712),#335,.F.);
#6247=ADVANCED_FACE('',(#713),#336,.T.);
#6248=ADVANCED_FACE('',(#714),#337,.F.);
#6249=ADVANCED_FACE('',(#715),#338,.T.);
#6250=ADVANCED_FACE('',(#716),#339,.T.);
#6251=ADVANCED_FACE('',(#717),#340,.T.);
#6252=ADVANCED_FACE('',(#718),#341,.F.);
#6253=ADVANCED_FACE('',(#719),#342,.F.);
#6254=ADVANCED_FACE('',(#720),#343,.F.);
#6255=ADVANCED_FACE('',(#721),#48,.T.);
#6256=ADVANCED_FACE('',(#722),#49,.T.);
#6257=ADVANCED_FACE('',(#723),#344,.F.);
#6258=ADVANCED_FACE('',(#724),#345,.T.);
#6259=ADVANCED_FACE('',(#725),#346,.F.);
#6260=ADVANCED_FACE('',(#726),#347,.T.);
#6261=ADVANCED_FACE('',(#727),#348,.T.);
#6262=ADVANCED_FACE('',(#728),#349,.T.);
#6263=ADVANCED_FACE('',(#729),#350,.F.);
#6264=ADVANCED_FACE('',(#730),#351,.F.);
#6265=ADVANCED_FACE('',(#731),#352,.F.);
#6266=ADVANCED_FACE('',(#732),#353,.F.);
#6267=ADVANCED_FACE('',(#733),#354,.T.);
#6268=ADVANCED_FACE('',(#734),#355,.T.);
#6269=ADVANCED_FACE('',(#735),#356,.T.);
#6270=ADVANCED_FACE('',(#736),#357,.F.);
#6271=ADVANCED_FACE('',(#737),#358,.F.);
#6272=ADVANCED_FACE('',(#738),#359,.T.);
#6273=ADVANCED_FACE('',(#739),#360,.T.);
#6274=ADVANCED_FACE('',(#740),#361,.T.);
#6275=ADVANCED_FACE('',(#741),#362,.F.);
#6276=ADVANCED_FACE('',(#742),#363,.F.);
#6277=ADVANCED_FACE('',(#743),#364,.F.);
#6278=ADVANCED_FACE('',(#744),#365,.F.);
#6279=ADVANCED_FACE('',(#745),#50,.T.);
#6280=ADVANCED_FACE('',(#746),#51,.T.);
#6281=ADVANCED_FACE('',(#747),#366,.F.);
#6282=ADVANCED_FACE('',(#748),#367,.T.);
#6283=ADVANCED_FACE('',(#749),#368,.F.);
#6284=ADVANCED_FACE('',(#750),#369,.T.);
#6285=ADVANCED_FACE('',(#751),#370,.T.);
#6286=ADVANCED_FACE('',(#752),#371,.T.);
#6287=ADVANCED_FACE('',(#753),#372,.F.);
#6288=ADVANCED_FACE('',(#754),#373,.F.);
#6289=ADVANCED_FACE('',(#755),#374,.F.);
#6290=ADVANCED_FACE('',(#756),#375,.F.);
#6291=ADVANCED_FACE('',(#757),#52,.T.);
#6292=ADVANCED_FACE('',(#758),#53,.T.);
#6293=ADVANCED_FACE('',(#759),#376,.F.);
#6294=ADVANCED_FACE('',(#760),#377,.T.);
#6295=ADVANCED_FACE('',(#761),#378,.F.);
#6296=ADVANCED_FACE('',(#762),#379,.T.);
#6297=ADVANCED_FACE('',(#763),#380,.T.);
#6298=ADVANCED_FACE('',(#764),#381,.T.);
#6299=ADVANCED_FACE('',(#765),#382,.F.);
#6300=ADVANCED_FACE('',(#766),#383,.F.);
#6301=ADVANCED_FACE('',(#767),#384,.F.);
#6302=ADVANCED_FACE('',(#768),#385,.F.);
#6303=ADVANCED_FACE('',(#769),#386,.F.);
#6304=ADVANCED_FACE('',(#770),#387,.T.);
#6305=ADVANCED_FACE('',(#771),#54,.T.);
#6306=ADVANCED_FACE('',(#772),#55,.T.);
#6307=ADVANCED_FACE('',(#773),#388,.T.);
#6308=ADVANCED_FACE('',(#774),#389,.F.);
#6309=ADVANCED_FACE('',(#775),#390,.T.);
#6310=ADVANCED_FACE('',(#776),#391,.T.);
#6311=ADVANCED_FACE('',(#777),#392,.F.);
#6312=ADVANCED_FACE('',(#778),#393,.F.);
#6313=ADVANCED_FACE('',(#779),#394,.F.);
#6314=ADVANCED_FACE('',(#780),#395,.F.);
#6315=ADVANCED_FACE('',(#781),#396,.T.);
#6316=ADVANCED_FACE('',(#782),#397,.T.);
#6317=ADVANCED_FACE('',(#783),#398,.T.);
#6318=ADVANCED_FACE('',(#784),#399,.F.);
#6319=ADVANCED_FACE('',(#785),#400,.T.);
#6320=ADVANCED_FACE('',(#786),#401,.F.);
#6321=ADVANCED_FACE('',(#787),#402,.T.);
#6322=ADVANCED_FACE('',(#788),#403,.T.);
#6323=ADVANCED_FACE('',(#789),#404,.F.);
#6324=ADVANCED_FACE('',(#790),#405,.F.);
#6325=ADVANCED_FACE('',(#791),#406,.F.);
#6326=ADVANCED_FACE('',(#792),#407,.F.);
#6327=ADVANCED_FACE('',(#793),#408,.T.);
#6328=ADVANCED_FACE('',(#794),#409,.F.);
#6329=ADVANCED_FACE('',(#795),#410,.T.);
#6330=ADVANCED_FACE('',(#796),#56,.T.);
#6331=ADVANCED_FACE('',(#797),#411,.T.);
#6332=ADVANCED_FACE('',(#798),#412,.F.);
#6333=ADVANCED_FACE('',(#799),#413,.T.);
#6334=ADVANCED_FACE('',(#800),#414,.T.);
#6335=ADVANCED_FACE('',(#801),#415,.T.);
#6336=ADVANCED_FACE('',(#802),#416,.F.);
#6337=ADVANCED_FACE('',(#803),#417,.F.);
#6338=ADVANCED_FACE('',(#804),#418,.F.);
#6339=ADVANCED_FACE('',(#805),#419,.F.);
#6340=ADVANCED_FACE('',(#806),#420,.T.);
#6341=ADVANCED_FACE('',(#807),#421,.T.);
#6342=ADVANCED_FACE('',(#808),#422,.T.);
#6343=ADVANCED_FACE('',(#809),#423,.T.);
#6344=ADVANCED_FACE('',(#810),#424,.F.);
#6345=ADVANCED_FACE('',(#811),#425,.T.);
#6346=ADVANCED_FACE('',(#812),#426,.T.);
#6347=ADVANCED_FACE('',(#813),#427,.F.);
#6348=ADVANCED_FACE('',(#814),#428,.T.);
#6349=ADVANCED_FACE('',(#815),#429,.T.);
#6350=ADVANCED_FACE('',(#816),#430,.T.);
#6351=ADVANCED_FACE('',(#817),#431,.F.);
#6352=ADVANCED_FACE('',(#818),#432,.F.);
#6353=ADVANCED_FACE('',(#819),#433,.F.);
#6354=ADVANCED_FACE('',(#820),#57,.T.);
#6355=ADVANCED_FACE('',(#821),#58,.T.);
#6356=ADVANCED_FACE('',(#822),#434,.F.);
#6357=ADVANCED_FACE('',(#823),#59,.T.);
#6358=ADVANCED_FACE('',(#824),#435,.T.);
#6359=ADVANCED_FACE('',(#825),#436,.T.);
#6360=ADVANCED_FACE('',(#826),#437,.T.);
#6361=ADVANCED_FACE('',(#827),#438,.F.);
#6362=ADVANCED_FACE('',(#828),#439,.T.);
#6363=ADVANCED_FACE('',(#829),#440,.F.);
#6364=ADVANCED_FACE('',(#830),#441,.F.);
#6365=ADVANCED_FACE('',(#831),#442,.F.);
#6366=ADVANCED_FACE('',(#832),#443,.F.);
#6367=ADVANCED_FACE('',(#833),#444,.T.);
#6368=ADVANCED_FACE('',(#834),#445,.T.);
#6369=ADVANCED_FACE('',(#835),#446,.F.);
#6370=ADVANCED_FACE('',(#836),#447,.T.);
#6371=ADVANCED_FACE('',(#837),#448,.T.);
#6372=ADVANCED_FACE('',(#838),#449,.F.);
#6373=ADVANCED_FACE('',(#839),#450,.T.);
#6374=ADVANCED_FACE('',(#840),#451,.T.);
#6375=ADVANCED_FACE('',(#841),#452,.T.);
#6376=ADVANCED_FACE('',(#842),#453,.F.);
#6377=ADVANCED_FACE('',(#843),#454,.F.);
#6378=ADVANCED_FACE('',(#844),#455,.F.);
#6379=ADVANCED_FACE('',(#845),#456,.T.);
#6380=ADVANCED_FACE('',(#846),#457,.F.);
#6381=ADVANCED_FACE('',(#847),#458,.T.);
#6382=ADVANCED_FACE('',(#848),#60,.T.);
#6383=ADVANCED_FACE('',(#849),#459,.T.);
#6384=ADVANCED_FACE('',(#850),#460,.F.);
#6385=ADVANCED_FACE('',(#851),#461,.T.);
#6386=ADVANCED_FACE('',(#852),#462,.T.);
#6387=ADVANCED_FACE('',(#853),#463,.F.);
#6388=ADVANCED_FACE('',(#854),#464,.F.);
#6389=ADVANCED_FACE('',(#855),#465,.F.);
#6390=ADVANCED_FACE('',(#856),#466,.F.);
#6391=ADVANCED_FACE('',(#857),#467,.T.);
#6392=ADVANCED_FACE('',(#858),#468,.F.);
#6393=ADVANCED_FACE('',(#859),#469,.T.);
#6394=ADVANCED_FACE('',(#860),#470,.T.);
#6395=ADVANCED_FACE('',(#861),#471,.T.);
#6396=ADVANCED_FACE('',(#862),#472,.T.);
#6397=ADVANCED_FACE('',(#863),#473,.F.);
#6398=ADVANCED_FACE('',(#864),#474,.T.);
#6399=ADVANCED_FACE('',(#865),#475,.T.);
#6400=ADVANCED_FACE('',(#866),#476,.F.);
#6401=ADVANCED_FACE('',(#867),#477,.F.);
#6402=ADVANCED_FACE('',(#868),#478,.F.);
#6403=ADVANCED_FACE('',(#869),#479,.T.);
#6404=ADVANCED_FACE('',(#870),#480,.T.);
#6405=ADVANCED_FACE('',(#871),#481,.T.);
#6406=ADVANCED_FACE('',(#872),#482,.T.);
#6407=ADVANCED_FACE('',(#873),#483,.F.);
#6408=ADVANCED_FACE('',(#874),#484,.T.);
#6409=ADVANCED_FACE('',(#875),#485,.T.);
#6410=ADVANCED_FACE('',(#876),#486,.T.);
#6411=ADVANCED_FACE('',(#877),#487,.F.);
#6412=ADVANCED_FACE('',(#878),#488,.F.);
#6413=ADVANCED_FACE('',(#879),#6022,.T.);
#6414=ADVANCED_FACE('',(#880),#489,.T.);
#6415=ADVANCED_FACE('',(#881),#490,.F.);
#6416=ADVANCED_FACE('',(#882),#6023,.T.);
#6417=ADVANCED_FACE('',(#883),#177,.T.);
#6418=ADVANCED_FACE('',(#884),#6024,.T.);
#6419=ADVANCED_FACE('',(#885),#178,.T.);
#6420=ADVANCED_FACE('',(#886),#6025,.T.);
#6421=ADVANCED_FACE('',(#887),#179,.T.);
#6422=ADVANCED_FACE('',(#888),#6026,.T.);
#6423=ADVANCED_FACE('',(#889),#180,.T.);
#6424=ADVANCED_FACE('',(#890),#491,.T.);
#6425=ADVANCED_FACE('',(#891),#492,.F.);
#6426=CLOSED_SHELL('',(#6027,#6028,#6029,#6030,#6031,#6032,#6033,#6034,
#6035,#6036,#6037,#6038,#6039,#6040,#6041,#6042,#6043,#6044,#6045,#6046,
#6047,#6048,#6049,#6050,#6051,#6052,#6053,#6054,#6055,#6056,#6057,#6058,
#6059,#6060,#6061,#6062,#6063,#6064,#6065,#6066,#6067,#6068,#6069,#6070,
#6071,#6072,#6073,#6074,#6075,#6076,#6077,#6078,#6079,#6080,#6081,#6082,
#6083,#6084,#6085,#6086,#6087,#6088,#6089,#6090,#6091,#6092,#6093));
#6427=CLOSED_SHELL('',(#6094,#6095,#6096,#6097,#6098,#6099,#6100,#6101,
#6102,#6103,#6104));
#6428=CLOSED_SHELL('',(#6105,#6106,#6107,#6108,#6109,#6110,#6111,#6112,
#6113,#6114,#6115));
#6429=CLOSED_SHELL('',(#6116,#6117,#6118,#6119,#6120,#6121,#6122,#6123,
#6124,#6125,#6126));
#6430=CLOSED_SHELL('',(#6127,#6128,#6129,#6130,#6131,#6132,#6133,#6134,
#6135,#6136,#6137,#6138));
#6431=CLOSED_SHELL('',(#6139,#6140,#6141,#6142,#6143,#6144,#6145,#6146,
#6147,#6148));
#6432=CLOSED_SHELL('',(#6149,#6150,#6151,#6152,#6153,#6154,#6155,#6156,
#6157));
#6433=CLOSED_SHELL('',(#6158,#6159,#6160,#6161,#6162,#6163));
#6434=CLOSED_SHELL('',(#6164,#6165,#6166,#6167,#6168));
#6435=CLOSED_SHELL('',(#6169,#6170,#6171,#6172,#6173,#6174));
#6436=CLOSED_SHELL('',(#6175,#6176,#6177,#6178,#6179,#6180));
#6437=CLOSED_SHELL('',(#6181,#6182,#6183,#6184,#6185,#6186));
#6438=CLOSED_SHELL('',(#6187,#6188,#6189,#6190,#6191,#6192));
#6439=CLOSED_SHELL('',(#6193,#6194,#6195,#6196,#6197,#6198,#6199));
#6440=CLOSED_SHELL('',(#6200,#6201,#6202,#6203,#6204,#6205));
#6441=CLOSED_SHELL('',(#6206,#6207,#6208,#6209,#6210,#6211));
#6442=CLOSED_SHELL('',(#6212,#6213,#6214,#6215,#6216,#6217));
#6443=CLOSED_SHELL('',(#6218,#6219,#6220,#6221,#6222,#6223));
#6444=CLOSED_SHELL('',(#6224,#6225,#6226,#6227,#6228,#6229));
#6445=CLOSED_SHELL('',(#6230,#6231,#6232,#6233,#6234,#6235));
#6446=CLOSED_SHELL('',(#6236,#6237,#6238,#6239,#6240,#6241));
#6447=CLOSED_SHELL('',(#6242,#6243,#6244,#6245,#6246,#6247));
#6448=CLOSED_SHELL('',(#6248,#6249,#6250,#6251,#6252,#6253));
#6449=CLOSED_SHELL('',(#6254,#6255,#6256,#6257,#6258));
#6450=CLOSED_SHELL('',(#6259,#6260,#6261,#6262,#6263,#6264));
#6451=CLOSED_SHELL('',(#6265,#6266,#6267,#6268,#6269,#6270));
#6452=CLOSED_SHELL('',(#6271,#6272,#6273,#6274,#6275,#6276));
#6453=CLOSED_SHELL('',(#6277,#6278,#6279,#6280,#6281,#6282));
#6454=CLOSED_SHELL('',(#6283,#6284,#6285,#6286,#6287,#6288));
#6455=CLOSED_SHELL('',(#6289,#6290,#6291,#6292,#6293,#6294));
#6456=CLOSED_SHELL('',(#6295,#6296,#6297,#6298,#6299,#6300));
#6457=CLOSED_SHELL('',(#6301,#6302,#6303,#6304,#6305,#6306));
#6458=CLOSED_SHELL('',(#6307,#6308,#6309,#6310,#6311,#6312));
#6459=CLOSED_SHELL('',(#6313,#6314,#6315,#6316,#6317,#6318));
#6460=CLOSED_SHELL('',(#6319,#6320,#6321,#6322,#6323,#6324));
#6461=CLOSED_SHELL('',(#6325,#6326,#6327,#6328,#6329,#6330));
#6462=CLOSED_SHELL('',(#6331,#6332,#6333,#6334,#6335,#6336));
#6463=CLOSED_SHELL('',(#6337,#6338,#6339,#6340,#6341,#6342,#6343,#6344,
#6345));
#6464=CLOSED_SHELL('',(#6346,#6347,#6348,#6349,#6350,#6351));
#6465=CLOSED_SHELL('',(#6352,#6353,#6354,#6355,#6356,#6357,#6358));
#6466=CLOSED_SHELL('',(#6359,#6360,#6361,#6362,#6363,#6364));
#6467=CLOSED_SHELL('',(#6365,#6366,#6367,#6368,#6369,#6370));
#6468=CLOSED_SHELL('',(#6371,#6372,#6373,#6374,#6375,#6376));
#6469=CLOSED_SHELL('',(#6377,#6378,#6379,#6380,#6381,#6382));
#6470=CLOSED_SHELL('',(#6383,#6384,#6385,#6386,#6387,#6388));
#6471=CLOSED_SHELL('',(#6389,#6390,#6391,#6392,#6393,#6394));
#6472=CLOSED_SHELL('',(#6395,#6396,#6397,#6398,#6399,#6400));
#6473=CLOSED_SHELL('',(#6401,#6402,#6403,#6404,#6405,#6406));
#6474=CLOSED_SHELL('',(#6407,#6408,#6409,#6410,#6411,#6412));
#6475=CLOSED_SHELL('',(#6413,#6414,#6415));
#6476=CLOSED_SHELL('',(#6416,#6417,#6418,#6419,#6420,#6421,#6422,#6423,
#6424,#6425));
#6477=DERIVED_UNIT_ELEMENT(#6487,1.);
#6478=DERIVED_UNIT_ELEMENT(#11276,3.);
#6479=DERIVED_UNIT_ELEMENT(#6487,1.);
#6480=DERIVED_UNIT_ELEMENT(#11276,3.);
#6481=DERIVED_UNIT_ELEMENT(#6487,1.);
#6482=DERIVED_UNIT_ELEMENT(#11276,3.);
#6483=DERIVED_UNIT_ELEMENT(#6487,1.);
#6484=DERIVED_UNIT_ELEMENT(#11276,3.);
#6485=DERIVED_UNIT_ELEMENT(#6487,1.);
#6486=DERIVED_UNIT_ELEMENT(#11276,3.);
#6487=(
MASS_UNIT()
NAMED_UNIT(*)
SI_UNIT($,.GRAM.)
);
#6488=DERIVED_UNIT((#6477,#6478));
#6489=DERIVED_UNIT((#6479,#6480));
#6490=DERIVED_UNIT((#6481,#6482));
#6491=DERIVED_UNIT((#6483,#6484));
#6492=DERIVED_UNIT((#6485,#6486));
#6493=MEASURE_REPRESENTATION_ITEM('density measure',
POSITIVE_RATIO_MEASURE(1.),#6488);
#6494=MEASURE_REPRESENTATION_ITEM('density measure',
POSITIVE_RATIO_MEASURE(1.),#6489);
#6495=MEASURE_REPRESENTATION_ITEM('density measure',
POSITIVE_RATIO_MEASURE(1.),#6490);
#6496=MEASURE_REPRESENTATION_ITEM('density measure',
POSITIVE_RATIO_MEASURE(1.),#6491);
#6497=MEASURE_REPRESENTATION_ITEM('density measure',
POSITIVE_RATIO_MEASURE(1.),#6492);
#6498=PROPERTY_DEFINITION_REPRESENTATION(#6523,#6508);
#6499=PROPERTY_DEFINITION_REPRESENTATION(#6524,#6509);
#6500=PROPERTY_DEFINITION_REPRESENTATION(#6525,#6510);
#6501=PROPERTY_DEFINITION_REPRESENTATION(#6526,#6511);
#6502=PROPERTY_DEFINITION_REPRESENTATION(#6527,#6512);
#6503=PROPERTY_DEFINITION_REPRESENTATION(#6528,#6513);
#6504=PROPERTY_DEFINITION_REPRESENTATION(#6529,#6514);
#6505=PROPERTY_DEFINITION_REPRESENTATION(#6530,#6515);
#6506=PROPERTY_DEFINITION_REPRESENTATION(#6531,#6516);
#6507=PROPERTY_DEFINITION_REPRESENTATION(#6532,#6517);
#6508=REPRESENTATION('material name',(#6518),#11269);
#6509=REPRESENTATION('density',(#6493),#11269);
#6510=REPRESENTATION('material name',(#6519),#11270);
#6511=REPRESENTATION('density',(#6494),#11270);
#6512=REPRESENTATION('material name',(#6520),#11271);
#6513=REPRESENTATION('density',(#6495),#11271);
#6514=REPRESENTATION('material name',(#6521),#11272);
#6515=REPRESENTATION('density',(#6496),#11272);
#6516=REPRESENTATION('material name',(#6522),#11273);
#6517=REPRESENTATION('density',(#6497),#11273);
#6518=DESCRIPTIVE_REPRESENTATION_ITEM('Generic','Generic');
#6519=DESCRIPTIVE_REPRESENTATION_ITEM('Generic','Generic');
#6520=DESCRIPTIVE_REPRESENTATION_ITEM('Generic','Generic');
#6521=DESCRIPTIVE_REPRESENTATION_ITEM('Generic','Generic');
#6522=DESCRIPTIVE_REPRESENTATION_ITEM('Generic','Generic');
#6523=PROPERTY_DEFINITION('material property','material name',#11304);
#6524=PROPERTY_DEFINITION('material property','density of part',#11304);
#6525=PROPERTY_DEFINITION('material property','material name',#11305);
#6526=PROPERTY_DEFINITION('material property','density of part',#11305);
#6527=PROPERTY_DEFINITION('material property','material name',#11306);
#6528=PROPERTY_DEFINITION('material property','density of part',#11306);
#6529=PROPERTY_DEFINITION('material property','material name',#11307);
#6530=PROPERTY_DEFINITION('material property','density of part',#11307);
#6531=PROPERTY_DEFINITION('material property','material name',#11308);
#6532=PROPERTY_DEFINITION('material property','density of part',#11308);
#6533=PRESENTATION_STYLE_ASSIGNMENT((#6539));
#6534=PRESENTATION_STYLE_ASSIGNMENT((#6540));
#6535=PRESENTATION_STYLE_ASSIGNMENT((#6541));
#6536=PRESENTATION_STYLE_ASSIGNMENT((#6542));
#6537=PRESENTATION_STYLE_ASSIGNMENT((#6543));
#6538=PRESENTATION_STYLE_ASSIGNMENT((#6544));
#6539=SURFACE_STYLE_USAGE(.BOTH.,#6557);
#6540=SURFACE_STYLE_USAGE(.BOTH.,#6558);
#6541=SURFACE_STYLE_USAGE(.BOTH.,#6559);
#6542=SURFACE_STYLE_USAGE(.BOTH.,#6560);
#6543=SURFACE_STYLE_USAGE(.BOTH.,#6561);
#6544=SURFACE_STYLE_USAGE(.BOTH.,#6562);
#6545=SURFACE_STYLE_RENDERING_WITH_PROPERTIES($,#6581,(#6551));
#6546=SURFACE_STYLE_RENDERING_WITH_PROPERTIES($,#6582,(#6552));
#6547=SURFACE_STYLE_RENDERING_WITH_PROPERTIES($,#6583,(#6553));
#6548=SURFACE_STYLE_RENDERING_WITH_PROPERTIES($,#6584,(#6554));
#6549=SURFACE_STYLE_RENDERING_WITH_PROPERTIES($,#6585,(#6555));
#6550=SURFACE_STYLE_RENDERING_WITH_PROPERTIES($,#6586,(#6556));
#6551=SURFACE_STYLE_TRANSPARENT(0.);
#6552=SURFACE_STYLE_TRANSPARENT(0.);
#6553=SURFACE_STYLE_TRANSPARENT(0.);
#6554=SURFACE_STYLE_TRANSPARENT(0.);
#6555=SURFACE_STYLE_TRANSPARENT(0.);
#6556=SURFACE_STYLE_TRANSPARENT(0.);
#6557=SURFACE_SIDE_STYLE('',(#6563,#6545));
#6558=SURFACE_SIDE_STYLE('',(#6564,#6546));
#6559=SURFACE_SIDE_STYLE('',(#6565,#6547));
#6560=SURFACE_SIDE_STYLE('',(#6566,#6548));
#6561=SURFACE_SIDE_STYLE('',(#6567,#6549));
#6562=SURFACE_SIDE_STYLE('',(#6568,#6550));
#6563=SURFACE_STYLE_FILL_AREA(#6569);
#6564=SURFACE_STYLE_FILL_AREA(#6570);
#6565=SURFACE_STYLE_FILL_AREA(#6571);
#6566=SURFACE_STYLE_FILL_AREA(#6572);
#6567=SURFACE_STYLE_FILL_AREA(#6573);
#6568=SURFACE_STYLE_FILL_AREA(#6574);
#6569=FILL_AREA_STYLE('',(#6575));
#6570=FILL_AREA_STYLE('',(#6576));
#6571=FILL_AREA_STYLE('',(#6577));
#6572=FILL_AREA_STYLE('',(#6578));
#6573=FILL_AREA_STYLE('',(#6579));
#6574=FILL_AREA_STYLE('',(#6580));
#6575=FILL_AREA_STYLE_COLOUR('',#6581);
#6576=FILL_AREA_STYLE_COLOUR('',#6582);
#6577=FILL_AREA_STYLE_COLOUR('',#6583);
#6578=FILL_AREA_STYLE_COLOUR('',#6584);
#6579=FILL_AREA_STYLE_COLOUR('',#6585);
#6580=FILL_AREA_STYLE_COLOUR('',#6586);
#6581=COLOUR_RGB('',0.749019607843137,0.749019607843137,0.749019607843137);
#6582=COLOUR_RGB('',0.286274509803922,0.286274509803922,0.286274509803922);
#6583=COLOUR_RGB('',0.862745098039216,0.627450980392157,0.0588235294117647);
#6584=COLOUR_RGB('',0.862745098039216,0.627450980392157,0.0588235294117647);
#6585=COLOUR_RGB('',0.286274509803922,0.286274509803922,0.286274509803922);
#6586=COLOUR_RGB('',0.996078431372549,0.996078431372549,1.);
#6587=DATE_TIME_ROLE('creation_date');
#6588=DATE_TIME_ROLE('creation_date');
#6589=DATE_TIME_ROLE('creation_date');
#6590=DATE_TIME_ROLE('creation_date');
#6591=DATE_TIME_ROLE('creation_date');
#6592=DATE_TIME_ROLE('creation_date');
#6593=APPLIED_DATE_AND_TIME_ASSIGNMENT(#6599,#6587,(#11303));
#6594=APPLIED_DATE_AND_TIME_ASSIGNMENT(#6600,#6588,(#11304));
#6595=APPLIED_DATE_AND_TIME_ASSIGNMENT(#6601,#6589,(#11305));
#6596=APPLIED_DATE_AND_TIME_ASSIGNMENT(#6602,#6590,(#11306));
#6597=APPLIED_DATE_AND_TIME_ASSIGNMENT(#6603,#6591,(#11307));
#6598=APPLIED_DATE_AND_TIME_ASSIGNMENT(#6604,#6592,(#11308));
#6599=DATE_AND_TIME(#6605,#6611);
#6600=DATE_AND_TIME(#6606,#6612);
#6601=DATE_AND_TIME(#6607,#6613);
#6602=DATE_AND_TIME(#6608,#6614);
#6603=DATE_AND_TIME(#6609,#6615);
#6604=DATE_AND_TIME(#6610,#6616);
#6605=CALENDAR_DATE(2021,11,8);
#6606=CALENDAR_DATE(2021,11,8);
#6607=CALENDAR_DATE(2021,11,8);
#6608=CALENDAR_DATE(2021,11,8);
#6609=CALENDAR_DATE(2021,11,8);
#6610=CALENDAR_DATE(2021,12,8);
#6611=LOCAL_TIME(23,9,46.,#6617);
#6612=LOCAL_TIME(23,13,44.,#6618);
#6613=LOCAL_TIME(23,41,47.,#6619);
#6614=LOCAL_TIME(23,45,4.,#6620);
#6615=LOCAL_TIME(23,46,13.,#6621);
#6616=LOCAL_TIME(0,39,8.,#6622);
#6617=COORDINATED_UNIVERSAL_TIME_OFFSET(0,0,.BEHIND.);
#6618=COORDINATED_UNIVERSAL_TIME_OFFSET(0,0,.BEHIND.);
#6619=COORDINATED_UNIVERSAL_TIME_OFFSET(0,0,.BEHIND.);
#6620=COORDINATED_UNIVERSAL_TIME_OFFSET(0,0,.BEHIND.);
#6621=COORDINATED_UNIVERSAL_TIME_OFFSET(0,0,.BEHIND.);
#6622=COORDINATED_UNIVERSAL_TIME_OFFSET(0,0,.BEHIND.);
#6623=AXIS2_PLACEMENT_3D('placement',#8738,#7115,#7116);
#6624=AXIS2_PLACEMENT_3D('placement',#8739,#7117,#7118);
#6625=AXIS2_PLACEMENT_3D('',#8740,#7119,#7120);
#6626=AXIS2_PLACEMENT_3D('',#8756,#7122,#7123);
#6627=AXIS2_PLACEMENT_3D('',#8759,#7125,#7126);
#6628=AXIS2_PLACEMENT_3D('',#8760,#7127,#7128);
#6629=AXIS2_PLACEMENT_3D('',#8774,#7129,#7130);
#6630=AXIS2_PLACEMENT_3D('',#8778,#7132,#7133);
#6631=AXIS2_PLACEMENT_3D('',#8780,#7135,#7136);
#6632=AXIS2_PLACEMENT_3D('',#8786,#7140,#7141);
#6633=AXIS2_PLACEMENT_3D('',#8792,#7145,#7146);
#6634=AXIS2_PLACEMENT_3D('',#8798,#7150,#7151);
#6635=AXIS2_PLACEMENT_3D('',#8801,#7154,#7155);
#6636=AXIS2_PLACEMENT_3D('',#8804,#7156,#7157);
#6637=AXIS2_PLACEMENT_3D('',#8806,#7158,#7159);
#6638=AXIS2_PLACEMENT_3D('',#8808,#7160,#7161);
#6639=AXIS2_PLACEMENT_3D('',#8811,#7164,#7165);
#6640=AXIS2_PLACEMENT_3D('',#8825,#7166,#7167);
#6641=AXIS2_PLACEMENT_3D('',#8829,#7169,#7170);
#6642=AXIS2_PLACEMENT_3D('',#8831,#7172,#7173);
#6643=AXIS2_PLACEMENT_3D('',#8837,#7177,#7178);
#6644=AXIS2_PLACEMENT_3D('',#8843,#7182,#7183);
#6645=AXIS2_PLACEMENT_3D('',#8849,#7187,#7188);
#6646=AXIS2_PLACEMENT_3D('',#8855,#7192,#7193);
#6647=AXIS2_PLACEMENT_3D('',#8870,#7195,#7196);
#6648=AXIS2_PLACEMENT_3D('',#8871,#7197,#7198);
#6649=AXIS2_PLACEMENT_3D('',#8872,#7199,#7200);
#6650=AXIS2_PLACEMENT_3D('',#8875,#7201,#7202);
#6651=AXIS2_PLACEMENT_3D('',#8877,#7203,#7204);
#6652=AXIS2_PLACEMENT_3D('',#8879,#7205,#7206);
#6653=AXIS2_PLACEMENT_3D('',#8882,#7209,#7210);
#6654=AXIS2_PLACEMENT_3D('',#8898,#7212,#7213);
#6655=AXIS2_PLACEMENT_3D('',#8901,#7215,#7216);
#6656=AXIS2_PLACEMENT_3D('',#8902,#7217,#7218);
#6657=AXIS2_PLACEMENT_3D('',#8916,#7219,#7220);
#6658=AXIS2_PLACEMENT_3D('',#8920,#7222,#7223);
#6659=AXIS2_PLACEMENT_3D('',#8922,#7225,#7226);
#6660=AXIS2_PLACEMENT_3D('',#8928,#7230,#7231);
#6661=AXIS2_PLACEMENT_3D('',#8934,#7235,#7236);
#6662=AXIS2_PLACEMENT_3D('',#8940,#7240,#7241);
#6663=AXIS2_PLACEMENT_3D('',#8946,#7245,#7246);
#6664=AXIS2_PLACEMENT_3D('',#8949,#7249,#7250);
#6665=AXIS2_PLACEMENT_3D('',#8952,#7251,#7252);
#6666=AXIS2_PLACEMENT_3D('',#8954,#7253,#7254);
#6667=AXIS2_PLACEMENT_3D('',#8956,#7255,#7256);
#6668=AXIS2_PLACEMENT_3D('',#8959,#7259,#7260);
#6669=AXIS2_PLACEMENT_3D('',#8973,#7261,#7262);
#6670=AXIS2_PLACEMENT_3D('',#8977,#7264,#7265);
#6671=AXIS2_PLACEMENT_3D('',#8979,#7267,#7268);
#6672=AXIS2_PLACEMENT_3D('',#8985,#7272,#7273);
#6673=AXIS2_PLACEMENT_3D('',#8991,#7277,#7278);
#6674=AXIS2_PLACEMENT_3D('',#8997,#7282,#7283);
#6675=AXIS2_PLACEMENT_3D('',#9003,#7287,#7288);
#6676=AXIS2_PLACEMENT_3D('',#9018,#7290,#7291);
#6677=AXIS2_PLACEMENT_3D('',#9019,#7292,#7293);
#6678=AXIS2_PLACEMENT_3D('',#9020,#7294,#7295);
#6679=AXIS2_PLACEMENT_3D('',#9023,#7296,#7297);
#6680=AXIS2_PLACEMENT_3D('',#9025,#7298,#7299);
#6681=AXIS2_PLACEMENT_3D('',#9027,#7300,#7301);
#6682=AXIS2_PLACEMENT_3D('',#9030,#7304,#7305);
#6683=AXIS2_PLACEMENT_3D('',#9034,#7307,#7308);
#6684=AXIS2_PLACEMENT_3D('',#9036,#7310,#7311);
#6685=AXIS2_PLACEMENT_3D('',#9039,#7314,#7315);
#6686=AXIS2_PLACEMENT_3D('',#9043,#7319,#7320);
#6687=AXIS2_PLACEMENT_3D('',#9045,#7322,#7323);
#6688=AXIS2_PLACEMENT_3D('',#9047,#7325,#7326);
#6689=AXIS2_PLACEMENT_3D('',#9051,#7329,#7330);
#6690=AXIS2_PLACEMENT_3D('',#9055,#7332,#7333);
#6691=AXIS2_PLACEMENT_3D('',#9057,#7335,#7336);
#6692=AXIS2_PLACEMENT_3D('',#9060,#7337,#7338);
#6693=AXIS2_PLACEMENT_3D('',#9061,#7339,#7340);
#6694=AXIS2_PLACEMENT_3D('',#9062,#7341,#7342);
#6695=AXIS2_PLACEMENT_3D('',#9063,#7343,#7344);
#6696=AXIS2_PLACEMENT_3D('',#9065,#7345,#7346);
#6697=AXIS2_PLACEMENT_3D('',#9066,#7347,#7348);
#6698=AXIS2_PLACEMENT_3D('',#9067,#7349,#7350);
#6699=AXIS2_PLACEMENT_3D('',#9069,#7351,#7352);
#6700=AXIS2_PLACEMENT_3D('',#9070,#7353,#7354);
#6701=AXIS2_PLACEMENT_3D('',#9071,#7355,#7356);
#6702=AXIS2_PLACEMENT_3D('',#9074,#7357,#7358);
#6703=AXIS2_PLACEMENT_3D('',#9076,#7359,#7360);
#6704=AXIS2_PLACEMENT_3D('',#9077,#7361,#7362);
#6705=AXIS2_PLACEMENT_3D('',#9078,#7363,#7364);
#6706=AXIS2_PLACEMENT_3D('',#9081,#7365,#7366);
#6707=AXIS2_PLACEMENT_3D('',#9083,#7367,#7368);
#6708=AXIS2_PLACEMENT_3D('',#9084,#7369,#7370);
#6709=AXIS2_PLACEMENT_3D('',#9085,#7371,#7372);
#6710=AXIS2_PLACEMENT_3D('',#9088,#7375,#7376);
#6711=AXIS2_PLACEMENT_3D('',#9091,#7377,#7378);
#6712=AXIS2_PLACEMENT_3D('',#9093,#7379,#7380);
#6713=AXIS2_PLACEMENT_3D('',#9094,#7381,#7382);
#6714=AXIS2_PLACEMENT_3D('',#9095,#7383,#7384);
#6715=AXIS2_PLACEMENT_3D('',#9098,#7385,#7386);
#6716=AXIS2_PLACEMENT_3D('',#9100,#7387,#7388);
#6717=AXIS2_PLACEMENT_3D('',#9101,#7389,#7390);
#6718=AXIS2_PLACEMENT_3D('',#9102,#7391,#7392);
#6719=AXIS2_PLACEMENT_3D('',#9104,#7394,#7395);
#6720=AXIS2_PLACEMENT_3D('',#9107,#7396,#7397);
#6721=AXIS2_PLACEMENT_3D('',#9109,#7398,#7399);
#6722=AXIS2_PLACEMENT_3D('',#9110,#7400,#7401);
#6723=AXIS2_PLACEMENT_3D('',#9111,#7402,#7403);
#6724=AXIS2_PLACEMENT_3D('',#9114,#7406,#7407);
#6725=AXIS2_PLACEMENT_3D('',#9117,#7410,#7411);
#6726=AXIS2_PLACEMENT_3D('',#9118,#7412,#7413);
#6727=AXIS2_PLACEMENT_3D('',#9119,#7414,#7415);
#6728=AXIS2_PLACEMENT_3D('',#9120,#7416,#7417);
#6729=AXIS2_PLACEMENT_3D('',#9123,#7420,#7421);
#6730=AXIS2_PLACEMENT_3D('',#9126,#7424,#7425);
#6731=AXIS2_PLACEMENT_3D('',#9129,#7428,#7429);
#6732=AXIS2_PLACEMENT_3D('',#9130,#7430,#7431);
#6733=AXIS2_PLACEMENT_3D('',#9131,#7432,#7433);
#6734=AXIS2_PLACEMENT_3D('',#9132,#7434,#7435);
#6735=AXIS2_PLACEMENT_3D('',#9135,#7438,#7439);
#6736=AXIS2_PLACEMENT_3D('',#9136,#7440,#7441);
#6737=AXIS2_PLACEMENT_3D('',#9137,#7442,#7443);
#6738=AXIS2_PLACEMENT_3D('',#9138,#7444,#7445);
#6739=AXIS2_PLACEMENT_3D('',#9141,#7448,#7449);
#6740=AXIS2_PLACEMENT_3D('',#9143,#7451,#7452);
#6741=AXIS2_PLACEMENT_3D('',#9144,#7453,#7454);
#6742=AXIS2_PLACEMENT_3D('',#9145,#7455,#7456);
#6743=AXIS2_PLACEMENT_3D('',#9146,#7457,#7458);
#6744=AXIS2_PLACEMENT_3D('',#9148,#7460,#7461);
#6745=AXIS2_PLACEMENT_3D('',#9149,#7462,#7463);
#6746=AXIS2_PLACEMENT_3D('',#9150,#7464,#7465);
#6747=AXIS2_PLACEMENT_3D('',#9151,#7466,#7467);
#6748=AXIS2_PLACEMENT_3D('',#9152,#7468,#7469);
#6749=AXIS2_PLACEMENT_3D('',#9153,#7470,#7471);
#6750=AXIS2_PLACEMENT_3D('',#9154,#7472,#7473);
#6751=AXIS2_PLACEMENT_3D('',#9155,#7474,#7475);
#6752=AXIS2_PLACEMENT_3D('placement',#9156,#7476,#7477);
#6753=AXIS2_PLACEMENT_3D('',#9157,#7478,#7479);
#6754=AXIS2_PLACEMENT_3D('',#9166,#7484,#7485);
#6755=AXIS2_PLACEMENT_3D('',#9168,#7486,#7487);
#6756=AXIS2_PLACEMENT_3D('',#9170,#7488,#7489);
#6757=AXIS2_PLACEMENT_3D('',#9172,#7491,#7492);
#6758=AXIS2_PLACEMENT_3D('',#9178,#7496,#7497);
#6759=AXIS2_PLACEMENT_3D('',#9180,#7498,#7499);
#6760=AXIS2_PLACEMENT_3D('',#9182,#7500,#7501);
#6761=AXIS2_PLACEMENT_3D('',#9184,#7503,#7504);
#6762=AXIS2_PLACEMENT_3D('',#9190,#7508,#7509);
#6763=AXIS2_PLACEMENT_3D('',#9192,#7510,#7511);
#6764=AXIS2_PLACEMENT_3D('',#9194,#7512,#7513);
#6765=AXIS2_PLACEMENT_3D('',#9196,#7515,#7516);
#6766=AXIS2_PLACEMENT_3D('',#9202,#7520,#7521);
#6767=AXIS2_PLACEMENT_3D('',#9208,#7525,#7526);
#6768=AXIS2_PLACEMENT_3D('',#9211,#7529,#7530);
#6769=AXIS2_PLACEMENT_3D('',#9212,#7531,#7532);
#6770=AXIS2_PLACEMENT_3D('',#9213,#7533,#7534);
#6771=AXIS2_PLACEMENT_3D('',#9222,#7539,#7540);
#6772=AXIS2_PLACEMENT_3D('',#9224,#7541,#7542);
#6773=AXIS2_PLACEMENT_3D('',#9226,#7543,#7544);
#6774=AXIS2_PLACEMENT_3D('',#9228,#7546,#7547);
#6775=AXIS2_PLACEMENT_3D('',#9234,#7551,#7552);
#6776=AXIS2_PLACEMENT_3D('',#9236,#7553,#7554);
#6777=AXIS2_PLACEMENT_3D('',#9238,#7555,#7556);
#6778=AXIS2_PLACEMENT_3D('',#9240,#7558,#7559);
#6779=AXIS2_PLACEMENT_3D('',#9246,#7563,#7564);
#6780=AXIS2_PLACEMENT_3D('',#9252,#7568,#7569);
#6781=AXIS2_PLACEMENT_3D('',#9258,#7573,#7574);
#6782=AXIS2_PLACEMENT_3D('',#9264,#7578,#7579);
#6783=AXIS2_PLACEMENT_3D('',#9265,#7580,#7581);
#6784=AXIS2_PLACEMENT_3D('',#9266,#7582,#7583);
#6785=AXIS2_PLACEMENT_3D('',#9267,#7584,#7585);
#6786=AXIS2_PLACEMENT_3D('',#9268,#7586,#7587);
#6787=AXIS2_PLACEMENT_3D('',#9269,#7588,#7589);
#6788=AXIS2_PLACEMENT_3D('',#9278,#7594,#7595);
#6789=AXIS2_PLACEMENT_3D('',#9284,#7599,#7600);
#6790=AXIS2_PLACEMENT_3D('',#9290,#7604,#7605);
#6791=AXIS2_PLACEMENT_3D('',#9292,#7606,#7607);
#6792=AXIS2_PLACEMENT_3D('',#9294,#7608,#7609);
#6793=AXIS2_PLACEMENT_3D('',#9296,#7611,#7612);
#6794=AXIS2_PLACEMENT_3D('',#9302,#7616,#7617);
#6795=AXIS2_PLACEMENT_3D('',#9304,#7618,#7619);
#6796=AXIS2_PLACEMENT_3D('',#9306,#7620,#7621);
#6797=AXIS2_PLACEMENT_3D('',#9308,#7623,#7624);
#6798=AXIS2_PLACEMENT_3D('',#9314,#7628,#7629);
#6799=AXIS2_PLACEMENT_3D('',#9316,#7630,#7631);
#6800=AXIS2_PLACEMENT_3D('',#9318,#7632,#7633);
#6801=AXIS2_PLACEMENT_3D('',#9320,#7635,#7636);
#6802=AXIS2_PLACEMENT_3D('',#9323,#7639,#7640);
#6803=AXIS2_PLACEMENT_3D('',#9324,#7641,#7642);
#6804=AXIS2_PLACEMENT_3D('',#9325,#7643,#7644);
#6805=AXIS2_PLACEMENT_3D('',#9334,#7649,#7650);
#6806=AXIS2_PLACEMENT_3D('',#9340,#7654,#7655);
#6807=AXIS2_PLACEMENT_3D('',#9346,#7659,#7660);
#6808=AXIS2_PLACEMENT_3D('',#9348,#7661,#7662);
#6809=AXIS2_PLACEMENT_3D('',#9350,#7663,#7664);
#6810=AXIS2_PLACEMENT_3D('',#9352,#7666,#7667);
#6811=AXIS2_PLACEMENT_3D('',#9358,#7671,#7672);
#6812=AXIS2_PLACEMENT_3D('',#9360,#7673,#7674);
#6813=AXIS2_PLACEMENT_3D('',#9362,#7675,#7676);
#6814=AXIS2_PLACEMENT_3D('',#9364,#7678,#7679);
#6815=AXIS2_PLACEMENT_3D('',#9370,#7683,#7684);
#6816=AXIS2_PLACEMENT_3D('',#9372,#7685,#7686);
#6817=AXIS2_PLACEMENT_3D('',#9374,#7687,#7688);
#6818=AXIS2_PLACEMENT_3D('',#9376,#7690,#7691);
#6819=AXIS2_PLACEMENT_3D('',#9382,#7695,#7696);
#6820=AXIS2_PLACEMENT_3D('',#9385,#7699,#7700);
#6821=AXIS2_PLACEMENT_3D('',#9386,#7701,#7702);
#6822=AXIS2_PLACEMENT_3D('placement',#9387,#7703,#7704);
#6823=AXIS2_PLACEMENT_3D('',#9388,#7705,#7706);
#6824=AXIS2_PLACEMENT_3D('',#9397,#7711,#7712);
#6825=AXIS2_PLACEMENT_3D('',#9399,#7713,#7714);
#6826=AXIS2_PLACEMENT_3D('',#9401,#7715,#7716);
#6827=AXIS2_PLACEMENT_3D('',#9403,#7718,#7719);
#6828=AXIS2_PLACEMENT_3D('',#9409,#7723,#7724);
#6829=AXIS2_PLACEMENT_3D('',#9411,#7725,#7726);
#6830=AXIS2_PLACEMENT_3D('',#9413,#7727,#7728);
#6831=AXIS2_PLACEMENT_3D('',#9415,#7730,#7731);
#6832=AXIS2_PLACEMENT_3D('',#9421,#7735,#7736);
#6833=AXIS2_PLACEMENT_3D('',#9423,#7737,#7738);
#6834=AXIS2_PLACEMENT_3D('',#9425,#7739,#7740);
#6835=AXIS2_PLACEMENT_3D('',#9427,#7742,#7743);
#6836=AXIS2_PLACEMENT_3D('',#9433,#7747,#7748);
#6837=AXIS2_PLACEMENT_3D('',#9434,#7749,#7750);
#6838=AXIS2_PLACEMENT_3D('',#9435,#7751,#7752);
#6839=AXIS2_PLACEMENT_3D('',#9436,#7753,#7754);
#6840=AXIS2_PLACEMENT_3D('',#9437,#7755,#7756);
#6841=AXIS2_PLACEMENT_3D('placement',#9438,#7757,#7758);
#6842=AXIS2_PLACEMENT_3D('',#9439,#7759,#7760);
#6843=AXIS2_PLACEMENT_3D('',#9458,#7763,#7764);
#6844=AXIS2_PLACEMENT_3D('',#9477,#7767,#7768);
#6845=AXIS2_PLACEMENT_3D('',#9496,#7771,#7772);
#6846=AXIS2_PLACEMENT_3D('',#9556,#7774,#7775);
#6847=AXIS2_PLACEMENT_3D('',#9557,#7776,#7777);
#6848=AXIS2_PLACEMENT_3D('',#9576,#7780,#7781);
#6849=AXIS2_PLACEMENT_3D('',#9629,#7784,#7785);
#6850=AXIS2_PLACEMENT_3D('',#9630,#7786,#7787);
#6851=AXIS2_PLACEMENT_3D('',#9656,#7789,#7790);
#6852=AXIS2_PLACEMENT_3D('',#9680,#7792,#7793);
#6853=AXIS2_PLACEMENT_3D('',#9682,#7795,#7796);
#6854=AXIS2_PLACEMENT_3D('',#9683,#7797,#7798);
#6855=AXIS2_PLACEMENT_3D('',#9702,#7801,#7802);
#6856=AXIS2_PLACEMENT_3D('',#9721,#7805,#7806);
#6857=AXIS2_PLACEMENT_3D('',#9739,#7807,#7808);
#6858=AXIS2_PLACEMENT_3D('',#9749,#7809,#7810);
#6859=AXIS2_PLACEMENT_3D('',#9758,#7815,#7816);
#6860=AXIS2_PLACEMENT_3D('',#9767,#7821,#7822);
#6861=AXIS2_PLACEMENT_3D('',#9770,#7825,#7826);
#6862=AXIS2_PLACEMENT_3D('',#9773,#7829,#7830);
#6863=AXIS2_PLACEMENT_3D('',#9774,#7831,#7832);
#6864=AXIS2_PLACEMENT_3D('',#9775,#7833,#7834);
#6865=AXIS2_PLACEMENT_3D('',#9794,#7837,#7838);
#6866=AXIS2_PLACEMENT_3D('',#9813,#7841,#7842);
#6867=AXIS2_PLACEMENT_3D('',#9833,#7843,#7844);
#6868=AXIS2_PLACEMENT_3D('',#9845,#7845,#7846);
#6869=AXIS2_PLACEMENT_3D('',#9854,#7851,#7852);
#6870=AXIS2_PLACEMENT_3D('',#9863,#7857,#7858);
#6871=AXIS2_PLACEMENT_3D('',#9866,#7861,#7862);
#6872=AXIS2_PLACEMENT_3D('',#9869,#7865,#7866);
#6873=AXIS2_PLACEMENT_3D('',#9870,#7867,#7868);
#6874=AXIS2_PLACEMENT_3D('',#9871,#7869,#7870);
#6875=AXIS2_PLACEMENT_3D('',#9890,#7873,#7874);
#6876=AXIS2_PLACEMENT_3D('',#9942,#7878,#7879);
#6877=AXIS2_PLACEMENT_3D('',#9957,#7880,#7881);
#6878=AXIS2_PLACEMENT_3D('',#9958,#7882,#7883);
#6879=AXIS2_PLACEMENT_3D('',#9967,#7888,#7889);
#6880=AXIS2_PLACEMENT_3D('',#9973,#7893,#7894);
#6881=AXIS2_PLACEMENT_3D('',#9979,#7898,#7899);
#6882=AXIS2_PLACEMENT_3D('',#9982,#7902,#7903);
#6883=AXIS2_PLACEMENT_3D('',#9983,#7904,#7905);
#6884=AXIS2_PLACEMENT_3D('',#9984,#7906,#7907);
#6885=AXIS2_PLACEMENT_3D('',#9993,#7912,#7913);
#6886=AXIS2_PLACEMENT_3D('',#10002,#7918,#7919);
#6887=AXIS2_PLACEMENT_3D('',#10005,#7922,#7923);
#6888=AXIS2_PLACEMENT_3D('',#10008,#7926,#7927);
#6889=AXIS2_PLACEMENT_3D('',#10009,#7928,#7929);
#6890=AXIS2_PLACEMENT_3D('',#10010,#7930,#7931);
#6891=AXIS2_PLACEMENT_3D('',#10019,#7936,#7937);
#6892=AXIS2_PLACEMENT_3D('',#10025,#7941,#7942);
#6893=AXIS2_PLACEMENT_3D('',#10029,#7945,#7946);
#6894=AXIS2_PLACEMENT_3D('',#10033,#7949,#7950);
#6895=AXIS2_PLACEMENT_3D('',#10035,#7952,#7953);
#6896=AXIS2_PLACEMENT_3D('',#10036,#7954,#7955);
#6897=AXIS2_PLACEMENT_3D('',#10055,#7958,#7959);
#6898=AXIS2_PLACEMENT_3D('',#10106,#7962,#7963);
#6899=AXIS2_PLACEMENT_3D('',#10107,#7964,#7965);
#6900=AXIS2_PLACEMENT_3D('',#10108,#7966,#7967);
#6901=AXIS2_PLACEMENT_3D('',#10117,#7972,#7973);
#6902=AXIS2_PLACEMENT_3D('',#10126,#7978,#7979);
#6903=AXIS2_PLACEMENT_3D('',#10129,#7982,#7983);
#6904=AXIS2_PLACEMENT_3D('',#10132,#7986,#7987);
#6905=AXIS2_PLACEMENT_3D('',#10133,#7988,#7989);
#6906=AXIS2_PLACEMENT_3D('',#10134,#7990,#7991);
#6907=AXIS2_PLACEMENT_3D('',#10143,#7996,#7997);
#6908=AXIS2_PLACEMENT_3D('',#10152,#8002,#8003);
#6909=AXIS2_PLACEMENT_3D('',#10155,#8006,#8007);
#6910=AXIS2_PLACEMENT_3D('',#10158,#8010,#8011);
#6911=AXIS2_PLACEMENT_3D('',#10159,#8012,#8013);
#6912=AXIS2_PLACEMENT_3D('',#10160,#8014,#8015);
#6913=AXIS2_PLACEMENT_3D('',#10169,#8020,#8021);
#6914=AXIS2_PLACEMENT_3D('',#10178,#8026,#8027);
#6915=AXIS2_PLACEMENT_3D('',#10181,#8030,#8031);
#6916=AXIS2_PLACEMENT_3D('',#10184,#8034,#8035);
#6917=AXIS2_PLACEMENT_3D('',#10185,#8036,#8037);
#6918=AXIS2_PLACEMENT_3D('',#10186,#8038,#8039);
#6919=AXIS2_PLACEMENT_3D('',#10195,#8044,#8045);
#6920=AXIS2_PLACEMENT_3D('',#10201,#8049,#8050);
#6921=AXIS2_PLACEMENT_3D('',#10207,#8054,#8055);
#6922=AXIS2_PLACEMENT_3D('',#10209,#8057,#8058);
#6923=AXIS2_PLACEMENT_3D('',#10211,#8060,#8061);
#6924=AXIS2_PLACEMENT_3D('',#10212,#8062,#8063);
#6925=AXIS2_PLACEMENT_3D('',#10221,#8068,#8069);
#6926=AXIS2_PLACEMENT_3D('',#10230,#8074,#8075);
#6927=AXIS2_PLACEMENT_3D('',#10233,#8078,#8079);
#6928=AXIS2_PLACEMENT_3D('',#10236,#8082,#8083);
#6929=AXIS2_PLACEMENT_3D('',#10237,#8084,#8085);
#6930=AXIS2_PLACEMENT_3D('',#10238,#8086,#8087);
#6931=AXIS2_PLACEMENT_3D('',#10292,#8091,#8092);
#6932=AXIS2_PLACEMENT_3D('',#10293,#8093,#8094);
#6933=AXIS2_PLACEMENT_3D('',#10294,#8095,#8096);
#6934=AXIS2_PLACEMENT_3D('',#10303,#8101,#8102);
#6935=AXIS2_PLACEMENT_3D('',#10312,#8107,#8108);
#6936=AXIS2_PLACEMENT_3D('',#10315,#8111,#8112);
#6937=AXIS2_PLACEMENT_3D('',#10318,#8115,#8116);
#6938=AXIS2_PLACEMENT_3D('',#10319,#8117,#8118);
#6939=AXIS2_PLACEMENT_3D('',#10320,#8119,#8120);
#6940=AXIS2_PLACEMENT_3D('',#10329,#8125,#8126);
#6941=AXIS2_PLACEMENT_3D('',#10338,#8131,#8132);
#6942=AXIS2_PLACEMENT_3D('',#10341,#8135,#8136);
#6943=AXIS2_PLACEMENT_3D('',#10344,#8139,#8140);
#6944=AXIS2_PLACEMENT_3D('',#10345,#8141,#8142);
#6945=AXIS2_PLACEMENT_3D('',#10346,#8143,#8144);
#6946=AXIS2_PLACEMENT_3D('',#10355,#8149,#8150);
#6947=AXIS2_PLACEMENT_3D('',#10364,#8155,#8156);
#6948=AXIS2_PLACEMENT_3D('',#10367,#8159,#8160);
#6949=AXIS2_PLACEMENT_3D('',#10370,#8163,#8164);
#6950=AXIS2_PLACEMENT_3D('',#10371,#8165,#8166);
#6951=AXIS2_PLACEMENT_3D('',#10372,#8167,#8168);
#6952=AXIS2_PLACEMENT_3D('',#10391,#8171,#8172);
#6953=AXIS2_PLACEMENT_3D('',#10442,#8175,#8176);
#6954=AXIS2_PLACEMENT_3D('',#10443,#8177,#8178);
#6955=AXIS2_PLACEMENT_3D('',#10444,#8179,#8180);
#6956=AXIS2_PLACEMENT_3D('',#10453,#8185,#8186);
#6957=AXIS2_PLACEMENT_3D('',#10462,#8191,#8192);
#6958=AXIS2_PLACEMENT_3D('',#10465,#8195,#8196);
#6959=AXIS2_PLACEMENT_3D('',#10468,#8199,#8200);
#6960=AXIS2_PLACEMENT_3D('',#10469,#8201,#8202);
#6961=AXIS2_PLACEMENT_3D('',#10470,#8203,#8204);
#6962=AXIS2_PLACEMENT_3D('',#10489,#8207,#8208);
#6963=AXIS2_PLACEMENT_3D('',#10540,#8211,#8212);
#6964=AXIS2_PLACEMENT_3D('',#10541,#8213,#8214);
#6965=AXIS2_PLACEMENT_3D('',#10542,#8215,#8216);
#6966=AXIS2_PLACEMENT_3D('',#10551,#8221,#8222);
#6967=AXIS2_PLACEMENT_3D('',#10560,#8227,#8228);
#6968=AXIS2_PLACEMENT_3D('',#10563,#8231,#8232);
#6969=AXIS2_PLACEMENT_3D('',#10566,#8235,#8236);
#6970=AXIS2_PLACEMENT_3D('',#10567,#8237,#8238);
#6971=AXIS2_PLACEMENT_3D('',#10568,#8239,#8240);
#6972=AXIS2_PLACEMENT_3D('',#10587,#8243,#8244);
#6973=AXIS2_PLACEMENT_3D('',#10606,#8247,#8248);
#6974=AXIS2_PLACEMENT_3D('',#10613,#8249,#8250);
#6975=AXIS2_PLACEMENT_3D('',#10638,#8251,#8252);
#6976=AXIS2_PLACEMENT_3D('',#10647,#8257,#8258);
#6977=AXIS2_PLACEMENT_3D('',#10653,#8262,#8263);
#6978=AXIS2_PLACEMENT_3D('',#10659,#8267,#8268);
#6979=AXIS2_PLACEMENT_3D('',#10662,#8271,#8272);
#6980=AXIS2_PLACEMENT_3D('',#10663,#8273,#8274);
#6981=AXIS2_PLACEMENT_3D('',#10664,#8275,#8276);
#6982=AXIS2_PLACEMENT_3D('',#10673,#8281,#8282);
#6983=AXIS2_PLACEMENT_3D('',#10682,#8287,#8288);
#6984=AXIS2_PLACEMENT_3D('',#10685,#8291,#8292);
#6985=AXIS2_PLACEMENT_3D('',#10688,#8295,#8296);
#6986=AXIS2_PLACEMENT_3D('',#10689,#8297,#8298);
#6987=AXIS2_PLACEMENT_3D('',#10690,#8299,#8300);
#6988=AXIS2_PLACEMENT_3D('',#10699,#8305,#8306);
#6989=AXIS2_PLACEMENT_3D('',#10705,#8310,#8311);
#6990=AXIS2_PLACEMENT_3D('',#10711,#8315,#8316);
#6991=AXIS2_PLACEMENT_3D('',#10714,#8319,#8320);
#6992=AXIS2_PLACEMENT_3D('',#10715,#8321,#8322);
#6993=AXIS2_PLACEMENT_3D('',#10716,#8323,#8324);
#6994=AXIS2_PLACEMENT_3D('',#10730,#8328,#8329);
#6995=AXIS2_PLACEMENT_3D('',#10744,#8333,#8334);
#6996=AXIS2_PLACEMENT_3D('',#10747,#8337,#8338);
#6997=AXIS2_PLACEMENT_3D('',#10751,#8339,#8340);
#6998=AXIS2_PLACEMENT_3D('',#10763,#8341,#8342);
#6999=AXIS2_PLACEMENT_3D('',#10772,#8347,#8348);
#7000=AXIS2_PLACEMENT_3D('',#10778,#8352,#8353);
#7001=AXIS2_PLACEMENT_3D('',#10784,#8357,#8358);
#7002=AXIS2_PLACEMENT_3D('',#10786,#8360,#8361);
#7003=AXIS2_PLACEMENT_3D('',#10788,#8363,#8364);
#7004=AXIS2_PLACEMENT_3D('',#10789,#8365,#8366);
#7005=AXIS2_PLACEMENT_3D('',#10798,#8371,#8372);
#7006=AXIS2_PLACEMENT_3D('',#10807,#8377,#8378);
#7007=AXIS2_PLACEMENT_3D('',#10816,#8383,#8384);
#7008=AXIS2_PLACEMENT_3D('',#10822,#8388,#8389);
#7009=AXIS2_PLACEMENT_3D('',#10825,#8392,#8393);
#7010=AXIS2_PLACEMENT_3D('',#10828,#8396,#8397);
#7011=AXIS2_PLACEMENT_3D('',#10830,#8399,#8400);
#7012=AXIS2_PLACEMENT_3D('',#10832,#8402,#8403);
#7013=AXIS2_PLACEMENT_3D('',#10833,#8404,#8405);
#7014=AXIS2_PLACEMENT_3D('',#10842,#8410,#8411);
#7015=AXIS2_PLACEMENT_3D('',#10848,#8415,#8416);
#7016=AXIS2_PLACEMENT_3D('',#10854,#8420,#8421);
#7017=AXIS2_PLACEMENT_3D('',#10856,#8423,#8424);
#7018=AXIS2_PLACEMENT_3D('',#10858,#8426,#8427);
#7019=AXIS2_PLACEMENT_3D('',#10859,#8428,#8429);
#7020=AXIS2_PLACEMENT_3D('',#10878,#8432,#8433);
#7021=AXIS2_PLACEMENT_3D('',#10924,#8437,#8438);
#7022=AXIS2_PLACEMENT_3D('',#10939,#8439,#8440);
#7023=AXIS2_PLACEMENT_3D('',#10940,#8441,#8442);
#7024=AXIS2_PLACEMENT_3D('',#10949,#8447,#8448);
#7025=AXIS2_PLACEMENT_3D('',#10958,#8453,#8454);
#7026=AXIS2_PLACEMENT_3D('',#10961,#8457,#8458);
#7027=AXIS2_PLACEMENT_3D('',#10964,#8461,#8462);
#7028=AXIS2_PLACEMENT_3D('',#10965,#8463,#8464);
#7029=AXIS2_PLACEMENT_3D('',#10966,#8465,#8466);
#7030=AXIS2_PLACEMENT_3D('',#10975,#8471,#8472);
#7031=AXIS2_PLACEMENT_3D('',#10984,#8477,#8478);
#7032=AXIS2_PLACEMENT_3D('',#10987,#8481,#8482);
#7033=AXIS2_PLACEMENT_3D('',#10989,#8484,#8485);
#7034=AXIS2_PLACEMENT_3D('',#10991,#8487,#8488);
#7035=AXIS2_PLACEMENT_3D('',#10992,#8489,#8490);
#7036=AXIS2_PLACEMENT_3D('',#11001,#8495,#8496);
#7037=AXIS2_PLACEMENT_3D('',#11007,#8500,#8501);
#7038=AXIS2_PLACEMENT_3D('',#11013,#8505,#8506);
#7039=AXIS2_PLACEMENT_3D('',#11015,#8508,#8509);
#7040=AXIS2_PLACEMENT_3D('',#11017,#8511,#8512);
#7041=AXIS2_PLACEMENT_3D('',#11018,#8513,#8514);
#7042=AXIS2_PLACEMENT_3D('',#11032,#8518,#8519);
#7043=AXIS2_PLACEMENT_3D('',#11046,#8523,#8524);
#7044=AXIS2_PLACEMENT_3D('',#11049,#8527,#8528);
#7045=AXIS2_PLACEMENT_3D('',#11053,#8529,#8530);
#7046=AXIS2_PLACEMENT_3D('',#11063,#8531,#8532);
#7047=AXIS2_PLACEMENT_3D('',#11072,#8537,#8538);
#7048=AXIS2_PLACEMENT_3D('',#11078,#8542,#8543);
#7049=AXIS2_PLACEMENT_3D('',#11084,#8547,#8548);
#7050=AXIS2_PLACEMENT_3D('',#11087,#8551,#8552);
#7051=AXIS2_PLACEMENT_3D('',#11088,#8553,#8554);
#7052=AXIS2_PLACEMENT_3D('',#11089,#8555,#8556);
#7053=AXIS2_PLACEMENT_3D('',#11098,#8561,#8562);
#7054=AXIS2_PLACEMENT_3D('',#11107,#8567,#8568);
#7055=AXIS2_PLACEMENT_3D('',#11110,#8571,#8572);
#7056=AXIS2_PLACEMENT_3D('',#11113,#8575,#8576);
#7057=AXIS2_PLACEMENT_3D('',#11114,#8577,#8578);
#7058=AXIS2_PLACEMENT_3D('',#11115,#8579,#8580);
#7059=AXIS2_PLACEMENT_3D('',#11124,#8585,#8586);
#7060=AXIS2_PLACEMENT_3D('',#11130,#8590,#8591);
#7061=AXIS2_PLACEMENT_3D('',#11134,#8594,#8595);
#7062=AXIS2_PLACEMENT_3D('',#11138,#8598,#8599);
#7063=AXIS2_PLACEMENT_3D('',#11140,#8601,#8602);
#7064=AXIS2_PLACEMENT_3D('',#11141,#8603,#8604);
#7065=AXIS2_PLACEMENT_3D('',#11150,#8609,#8610);
#7066=AXIS2_PLACEMENT_3D('',#11156,#8614,#8615);
#7067=AXIS2_PLACEMENT_3D('',#11160,#8618,#8619);
#7068=AXIS2_PLACEMENT_3D('',#11164,#8622,#8623);
#7069=AXIS2_PLACEMENT_3D('',#11166,#8625,#8626);
#7070=AXIS2_PLACEMENT_3D('',#11167,#8627,#8628);
#7071=AXIS2_PLACEMENT_3D('',#11176,#8633,#8634);
#7072=AXIS2_PLACEMENT_3D('',#11182,#8638,#8639);
#7073=AXIS2_PLACEMENT_3D('',#11188,#8643,#8644);
#7074=AXIS2_PLACEMENT_3D('',#11191,#8647,#8648);
#7075=AXIS2_PLACEMENT_3D('',#11192,#8649,#8650);
#7076=AXIS2_PLACEMENT_3D('',#11193,#8651,#8652);
#7077=AXIS2_PLACEMENT_3D('',#11196,#8653,#8654);
#7078=AXIS2_PLACEMENT_3D('',#11197,#8655,#8656);
#7079=AXIS2_PLACEMENT_3D('',#11201,#8658,#8659);
#7080=AXIS2_PLACEMENT_3D('',#11202,#8660,#8661);
#7081=AXIS2_PLACEMENT_3D('',#11203,#8662,#8663);
#7082=AXIS2_PLACEMENT_3D('',#11204,#8664,#8665);
#7083=AXIS2_PLACEMENT_3D('placement',#11205,#8666,#8667);
#7084=AXIS2_PLACEMENT_3D('',#11206,#8668,#8669);
#7085=AXIS2_PLACEMENT_3D('',#11209,#8670,#8671);
#7086=AXIS2_PLACEMENT_3D('',#11213,#8673,#8674);
#7087=AXIS2_PLACEMENT_3D('',#11215,#8676,#8677);
#7088=AXIS2_PLACEMENT_3D('',#11217,#8678,#8679);
#7089=AXIS2_PLACEMENT_3D('',#11219,#8680,#8681);
#7090=AXIS2_PLACEMENT_3D('',#11220,#8682,#8683);
#7091=AXIS2_PLACEMENT_3D('',#11221,#8684,#8685);
#7092=AXIS2_PLACEMENT_3D('',#11225,#8687,#8688);
#7093=AXIS2_PLACEMENT_3D('',#11227,#8690,#8691);
#7094=AXIS2_PLACEMENT_3D('',#11229,#8692,#8693);
#7095=AXIS2_PLACEMENT_3D('',#11231,#8694,#8695);
#7096=AXIS2_PLACEMENT_3D('',#11232,#8696,#8697);
#7097=AXIS2_PLACEMENT_3D('',#11233,#8698,#8699);
#7098=AXIS2_PLACEMENT_3D('',#11237,#8701,#8702);
#7099=AXIS2_PLACEMENT_3D('',#11239,#8704,#8705);
#7100=AXIS2_PLACEMENT_3D('',#11241,#8706,#8707);
#7101=AXIS2_PLACEMENT_3D('',#11243,#8708,#8709);
#7102=AXIS2_PLACEMENT_3D('',#11244,#8710,#8711);
#7103=AXIS2_PLACEMENT_3D('',#11245,#8712,#8713);
#7104=AXIS2_PLACEMENT_3D('',#11249,#8715,#8716);
#7105=AXIS2_PLACEMENT_3D('',#11251,#8718,#8719);
#7106=AXIS2_PLACEMENT_3D('',#11252,#8720,#8721);
#7107=AXIS2_PLACEMENT_3D('',#11253,#8722,#8723);
#7108=AXIS2_PLACEMENT_3D('',#11254,#8724,#8725);
#7109=AXIS2_PLACEMENT_3D('',#11255,#8726,#8727);
#7110=AXIS2_PLACEMENT_3D('',#11256,#8728,#8729);
#7111=AXIS2_PLACEMENT_3D('',#11257,#8730,#8731);
#7112=AXIS2_PLACEMENT_3D('',#11258,#8732,#8733);
#7113=AXIS2_PLACEMENT_3D('',#11259,#8734,#8735);
#7114=AXIS2_PLACEMENT_3D('',#11260,#8736,#8737);
#7115=DIRECTION('axis',(0.,0.,1.));
#7116=DIRECTION('refdir',(1.,0.,0.));
#7117=DIRECTION('axis',(0.,0.,1.));
#7118=DIRECTION('refdir',(1.,0.,0.));
#7119=DIRECTION('center_axis',(0.,0.,1.));
#7120=DIRECTION('ref_axis',(-0.358974359081832,0.933347421661295,0.));
#7121=DIRECTION('',(0.,0.,-1.));
#7122=DIRECTION('center_axis',(0.,0.,1.));
#7123=DIRECTION('ref_axis',(-0.358974359081832,0.933347421661295,0.));
#7124=DIRECTION('',(0.,0.,1.));
#7125=DIRECTION('center_axis',(0.,0.,1.));
#7126=DIRECTION('ref_axis',(-0.358974359081832,0.933347421661295,0.));
#7127=DIRECTION('center_axis',(0.,0.,1.));
#7128=DIRECTION('ref_axis',(-1.,0.,0.));
#7129=DIRECTION('center_axis',(0.,0.,1.));
#7130=DIRECTION('ref_axis',(-1.,0.,0.));
#7131=DIRECTION('',(0.,0.,1.));
#7132=DIRECTION('center_axis',(0.,0.,1.));
#7133=DIRECTION('ref_axis',(-1.,0.,0.));
#7134=DIRECTION('',(0.,0.,1.));
#7135=DIRECTION('center_axis',(1.69655677439017E-16,-1.,0.));
#7136=DIRECTION('ref_axis',(1.,1.69655677439017E-16,0.));
#7137=DIRECTION('',(1.,1.69655677439017E-16,0.));
#7138=DIRECTION('',(0.,0.,1.));
#7139=DIRECTION('',(1.,1.69655677439017E-16,0.));
#7140=DIRECTION('center_axis',(-1.,0.,0.));
#7141=DIRECTION('ref_axis',(0.,-1.,0.));
#7142=DIRECTION('',(0.,-1.,0.));
#7143=DIRECTION('',(0.,0.,1.));
#7144=DIRECTION('',(0.,-1.,0.));
#7145=DIRECTION('center_axis',(0.,1.,0.));
#7146=DIRECTION('ref_axis',(-1.,0.,0.));
#7147=DIRECTION('',(-1.,0.,0.));
#7148=DIRECTION('',(0.,0.,1.));
#7149=DIRECTION('',(-1.,0.,0.));
#7150=DIRECTION('center_axis',(1.,1.62969921144013E-11,0.));
#7151=DIRECTION('ref_axis',(-1.62969921144013E-11,1.,0.));
#7152=DIRECTION('',(-1.62969921144013E-11,1.,0.));
#7153=DIRECTION('',(-1.62969921144013E-11,1.,0.));
#7154=DIRECTION('center_axis',(0.,0.,-1.));
#7155=DIRECTION('ref_axis',(-1.,0.,0.));
#7156=DIRECTION('center_axis',(0.,0.,1.));
#7157=DIRECTION('ref_axis',(0.744023809142849,-0.668153104781056,0.));
#7158=DIRECTION('center_axis',(0.,0.,-1.));
#7159=DIRECTION('ref_axis',(-1.,0.,0.));
#7160=DIRECTION('center_axis',(0.,0.,1.));
#7161=DIRECTION('ref_axis',(0.668153104781069,-0.744023809142838,0.));
#7162=DIRECTION('',(1.,2.16840434497101E-16,0.));
#7163=DIRECTION('',(-3.33066907387547E-16,1.,0.));
#7164=DIRECTION('center_axis',(0.,0.,1.));
#7165=DIRECTION('ref_axis',(1.,0.,0.));
#7166=DIRECTION('center_axis',(0.,0.,1.));
#7167=DIRECTION('ref_axis',(1.,0.,0.));
#7168=DIRECTION('',(0.,0.,1.));
#7169=DIRECTION('center_axis',(0.,0.,1.));
#7170=DIRECTION('ref_axis',(1.,0.,0.));
#7171=DIRECTION('',(0.,0.,1.));
#7172=DIRECTION('center_axis',(-3.99254098872232E-11,1.,0.));
#7173=DIRECTION('ref_axis',(-1.,-3.99254098872232E-11,0.));
#7174=DIRECTION('',(-1.,-3.99254098872232E-11,0.));
#7175=DIRECTION('',(0.,0.,1.));
#7176=DIRECTION('',(-1.,-3.99254098872232E-11,0.));
#7177=DIRECTION('center_axis',(1.,0.,0.));
#7178=DIRECTION('ref_axis',(0.,1.,0.));
#7179=DIRECTION('',(0.,1.,0.));
#7180=DIRECTION('',(0.,0.,1.));
#7181=DIRECTION('',(0.,1.,0.));
#7182=DIRECTION('center_axis',(-7.46117624076046E-17,-1.,0.));
#7183=DIRECTION('ref_axis',(1.,-7.46117624076046E-17,0.));
#7184=DIRECTION('',(1.,-7.46117624076046E-17,0.));
#7185=DIRECTION('',(0.,0.,1.));
#7186=DIRECTION('',(1.,-7.46117624076046E-17,0.));
#7187=DIRECTION('center_axis',(-1.,2.91886945236402E-11,0.));
#7188=DIRECTION('ref_axis',(-2.91886945236402E-11,-1.,0.));
#7189=DIRECTION('',(-2.91886945236402E-11,-1.,0.));
#7190=DIRECTION('',(0.,0.,1.));
#7191=DIRECTION('',(-2.91886945236402E-11,-1.,0.));
#7192=DIRECTION('center_axis',(0.,0.,1.));
#7193=DIRECTION('ref_axis',(0.358974359081833,-0.933347421661295,0.));
#7194=DIRECTION('',(0.,0.,-1.));
#7195=DIRECTION('center_axis',(0.,0.,1.));
#7196=DIRECTION('ref_axis',(0.358974359081833,-0.933347421661295,0.));
#7197=DIRECTION('center_axis',(0.,0.,1.));
#7198=DIRECTION('ref_axis',(0.358974359081833,-0.933347421661295,0.));
#7199=DIRECTION('center_axis',(0.,0.,-1.));
#7200=DIRECTION('ref_axis',(-1.,0.,0.));
#7201=DIRECTION('center_axis',(0.,0.,1.));
#7202=DIRECTION('ref_axis',(-0.744023809142849,0.668153104781056,0.));
#7203=DIRECTION('center_axis',(0.,0.,-1.));
#7204=DIRECTION('ref_axis',(-1.,0.,0.));
#7205=DIRECTION('center_axis',(0.,0.,1.));
#7206=DIRECTION('ref_axis',(-0.668153104781055,0.74402380914285,0.));
#7207=DIRECTION('',(-1.,-1.73472347597681E-16,0.));
#7208=DIRECTION('',(1.11022302462516E-16,-1.,0.));
#7209=DIRECTION('center_axis',(0.,0.,1.));
#7210=DIRECTION('ref_axis',(0.933347421638216,0.35897435914184,0.));
#7211=DIRECTION('',(0.,0.,-1.));
#7212=DIRECTION('center_axis',(0.,0.,1.));
#7213=DIRECTION('ref_axis',(0.933347421638216,0.35897435914184,0.));
#7214=DIRECTION('',(0.,0.,1.));
#7215=DIRECTION('center_axis',(0.,0.,1.));
#7216=DIRECTION('ref_axis',(0.933347421638216,0.35897435914184,0.));
#7217=DIRECTION('center_axis',(0.,0.,1.));
#7218=DIRECTION('ref_axis',(0.,1.,0.));
#7219=DIRECTION('center_axis',(0.,0.,1.));
#7220=DIRECTION('ref_axis',(0.,1.,0.));
#7221=DIRECTION('',(0.,0.,1.));
#7222=DIRECTION('center_axis',(0.,0.,1.));
#7223=DIRECTION('ref_axis',(0.,1.,0.));
#7224=DIRECTION('',(0.,0.,1.));
#7225=DIRECTION('center_axis',(-1.,1.62977652531703E-11,0.));
#7226=DIRECTION('ref_axis',(-1.62977652531703E-11,-1.,0.));
#7227=DIRECTION('',(-1.62977652531703E-11,-1.,0.));
#7228=DIRECTION('',(0.,0.,1.));
#7229=DIRECTION('',(-1.62977652531703E-11,-1.,0.));
#7230=DIRECTION('center_axis',(-2.61845052977632E-16,1.,0.));
#7231=DIRECTION('ref_axis',(-1.,-2.61845052977632E-16,0.));
#7232=DIRECTION('',(-1.,-2.61845052977632E-16,0.));
#7233=DIRECTION('',(0.,0.,1.));
#7234=DIRECTION('',(-1.,-2.61845052977632E-16,0.));
#7235=DIRECTION('center_axis',(0.707106781186548,0.707106781186548,0.));
#7236=DIRECTION('ref_axis',(-0.707106781186548,0.707106781186548,0.));
#7237=DIRECTION('',(-0.707106781186548,0.707106781186548,0.));
#7238=DIRECTION('',(0.,0.,1.));
#7239=DIRECTION('',(-0.707106781186548,0.707106781186548,0.));
#7240=DIRECTION('center_axis',(1.,1.61369625672261E-16,0.));
#7241=DIRECTION('ref_axis',(-1.61369625672261E-16,1.,0.));
#7242=DIRECTION('',(-1.61369625672261E-16,1.,0.));
#7243=DIRECTION('',(0.,0.,1.));
#7244=DIRECTION('',(-1.61369625672261E-16,1.,0.));
#7245=DIRECTION('center_axis',(1.69655677439017E-16,-1.,0.));
#7246=DIRECTION('ref_axis',(1.,1.69655677439017E-16,0.));
#7247=DIRECTION('',(1.,1.69655677439017E-16,0.));
#7248=DIRECTION('',(1.,1.69655677439017E-16,0.));
#7249=DIRECTION('center_axis',(0.,0.,-1.));
#7250=DIRECTION('ref_axis',(-1.,0.,0.));
#7251=DIRECTION('center_axis',(0.,0.,1.));
#7252=DIRECTION('ref_axis',(-0.668153104781063,-0.744023809142843,0.));
#7253=DIRECTION('center_axis',(0.,0.,-1.));
#7254=DIRECTION('ref_axis',(-1.,0.,0.));
#7255=DIRECTION('center_axis',(0.,0.,1.));
#7256=DIRECTION('ref_axis',(-0.744023809142849,-0.668153104781056,0.));
#7257=DIRECTION('',(1.11022302462516E-16,-1.,0.));
#7258=DIRECTION('',(1.,2.16840434497101E-16,0.));
#7259=DIRECTION('center_axis',(0.,0.,1.));
#7260=DIRECTION('ref_axis',(0.,-1.,0.));
#7261=DIRECTION('center_axis',(0.,0.,1.));
#7262=DIRECTION('ref_axis',(0.,-1.,0.));
#7263=DIRECTION('',(0.,0.,1.));
#7264=DIRECTION('center_axis',(0.,0.,1.));
#7265=DIRECTION('ref_axis',(0.,-1.,0.));
#7266=DIRECTION('',(0.,0.,1.));
#7267=DIRECTION('center_axis',(1.,2.91890810930248E-11,0.));
#7268=DIRECTION('ref_axis',(-2.91890810930248E-11,1.,0.));
#7269=DIRECTION('',(-2.91890810930248E-11,1.,0.));
#7270=DIRECTION('',(0.,0.,1.));
#7271=DIRECTION('',(-2.91890810930248E-11,1.,0.));
#7272=DIRECTION('center_axis',(0.,-1.,0.));
#7273=DIRECTION('ref_axis',(1.,0.,0.));
#7274=DIRECTION('',(1.,0.,0.));
#7275=DIRECTION('',(0.,0.,1.));
#7276=DIRECTION('',(1.,0.,0.));
#7277=DIRECTION('center_axis',(-1.,0.,0.));
#7278=DIRECTION('ref_axis',(0.,-1.,0.));
#7279=DIRECTION('',(0.,-1.,0.));
#7280=DIRECTION('',(0.,0.,1.));
#7281=DIRECTION('',(0.,-1.,0.));
#7282=DIRECTION('center_axis',(-1.69655677439017E-16,1.,0.));
#7283=DIRECTION('ref_axis',(-1.,-1.69655677439017E-16,0.));
#7284=DIRECTION('',(-1.,-1.69655677439017E-16,0.));
#7285=DIRECTION('',(0.,0.,1.));
#7286=DIRECTION('',(-1.,-1.69655677439017E-16,0.));
#7287=DIRECTION('center_axis',(0.,0.,1.));
#7288=DIRECTION('ref_axis',(-0.933347421638216,-0.358974359141838,0.));
#7289=DIRECTION('',(0.,0.,-1.));
#7290=DIRECTION('center_axis',(0.,0.,1.));
#7291=DIRECTION('ref_axis',(-0.933347421638216,-0.358974359141838,0.));
#7292=DIRECTION('center_axis',(0.,0.,1.));
#7293=DIRECTION('ref_axis',(-0.933347421638216,-0.358974359141838,0.));
#7294=DIRECTION('center_axis',(0.,0.,-1.));
#7295=DIRECTION('ref_axis',(-1.,0.,0.));
#7296=DIRECTION('center_axis',(0.,0.,1.));
#7297=DIRECTION('ref_axis',(0.668153104781055,0.74402380914285,0.));
#7298=DIRECTION('center_axis',(0.,0.,-1.));
#7299=DIRECTION('ref_axis',(-1.,0.,0.));
#7300=DIRECTION('center_axis',(0.,0.,1.));
#7301=DIRECTION('ref_axis',(0.744023809142843,0.668153104781063,0.));
#7302=DIRECTION('',(-3.33066907387547E-16,1.,0.));
#7303=DIRECTION('',(-1.,-1.73472347597681E-16,0.));
#7304=DIRECTION('center_axis',(0.,0.,1.));
#7305=DIRECTION('ref_axis',(-0.668153104781055,0.74402380914285,0.));
#7306=DIRECTION('',(0.,0.,1.));
#7307=DIRECTION('center_axis',(0.,0.,1.));
#7308=DIRECTION('ref_axis',(-0.994243636219647,0.107142857142853,0.));
#7309=DIRECTION('',(0.,0.,-1.));
#7310=DIRECTION('center_axis',(1.,2.16840434497101E-16,0.));
#7311=DIRECTION('ref_axis',(0.,-0.707106781186541,-0.707106781186554));
#7312=DIRECTION('',(-1.,-2.16840434497101E-16,0.));
#7313=DIRECTION('',(1.,2.16840434497101E-16,0.));
#7314=DIRECTION('center_axis',(0.,0.,1.));
#7315=DIRECTION('ref_axis',(1.,0.,0.));
#7316=DIRECTION('',(1.11022302462516E-16,-1.,0.));
#7317=DIRECTION('',(-1.,-1.73472347597681E-16,0.));
#7318=DIRECTION('',(-3.33066907387547E-16,1.,0.));
#7319=DIRECTION('center_axis',(-1.,-1.73472347597681E-16,0.));
#7320=DIRECTION('ref_axis',(0.,0.707106781186548,-0.707106781186547));
#7321=DIRECTION('',(1.,1.73472347597681E-16,0.));
#7322=DIRECTION('center_axis',(-3.33066907387547E-16,1.,0.));
#7323=DIRECTION('ref_axis',(0.707106781186535,0.,-0.70710678118656));
#7324=DIRECTION('',(3.33066907387547E-16,-1.,0.));
#7325=DIRECTION('center_axis',(-1.73472347597681E-16,1.,0.));
#7326=DIRECTION('ref_axis',(-1.,-1.73472347597681E-16,0.));
#7327=DIRECTION('',(-1.,-1.73472347597681E-16,0.));
#7328=DIRECTION('',(0.,0.,1.));
#7329=DIRECTION('center_axis',(0.,0.,1.));
#7330=DIRECTION('ref_axis',(0.744023809142843,0.668153104781063,0.));
#7331=DIRECTION('',(0.,0.,1.));
#7332=DIRECTION('center_axis',(0.,0.,1.));
#7333=DIRECTION('ref_axis',(0.107142857142861,0.994243636219646,0.));
#7334=DIRECTION('',(0.,0.,-1.));
#7335=DIRECTION('center_axis',(-0.83214200558578,0.411542374524194,0.37171569311863));
#7336=DIRECTION('ref_axis',(0.554562604707242,0.617534781489436,0.557773351022719));
#7337=DIRECTION('center_axis',(-0.107142857142851,0.994243636219647,-7.2160603597488E-15));
#7338=DIRECTION('ref_axis',(0.994243636219648,0.107142857142851,0.));
#7339=DIRECTION('center_axis',(0.,0.,1.));
#7340=DIRECTION('ref_axis',(0.,1.,0.));
#7341=DIRECTION('center_axis',(1.,0.,0.));
#7342=DIRECTION('ref_axis',(0.,0.,1.));
#7343=DIRECTION('center_axis',(0.41499665326629,0.372677996249952,-0.829993306532588));
#7344=DIRECTION('ref_axis',(0.617534781489448,0.554562604707239,0.557773351022709));
#7345=DIRECTION('center_axis',(0.,1.,0.));
#7346=DIRECTION('ref_axis',(1.,0.,0.));
#7347=DIRECTION('center_axis',(0.994243636219646,-0.107142857142861,0.));
#7348=DIRECTION('ref_axis',(0.,0.,1.));
#7349=DIRECTION('center_axis',(-0.832142005585776,-0.411542374524199,-0.371715693118635));
#7350=DIRECTION('ref_axis',(-0.554562604707244,0.617534781489439,0.557773351022714));
#7351=DIRECTION('center_axis',(-1.,0.,0.));
#7352=DIRECTION('ref_axis',(0.,1.,0.));
#7353=DIRECTION('center_axis',(0.107142857142844,0.994243636219648,0.));
#7354=DIRECTION('ref_axis',(0.,0.,1.));
#7355=DIRECTION('center_axis',(0.414996653266291,-0.372677996249967,-0.829993306532581));
#7356=DIRECTION('ref_axis',(0.617534781489436,-0.554562604707242,0.557773351022719));
#7357=DIRECTION('center_axis',(0.994243636219646,0.107142857142862,0.));
#7358=DIRECTION('ref_axis',(0.107142857142862,-0.994243636219646,0.));
#7359=DIRECTION('center_axis',(0.,0.,1.));
#7360=DIRECTION('ref_axis',(1.,0.,0.));
#7361=DIRECTION('center_axis',(-9.25185853854313E-15,-1.,0.));
#7362=DIRECTION('ref_axis',(0.,0.,1.));
#7363=DIRECTION('center_axis',(-0.414996653266291,0.372677996249967,-0.829993306532581));
#7364=DIRECTION('ref_axis',(-0.617534781489436,0.554562604707242,0.557773351022719));
#7365=DIRECTION('center_axis',(-0.994243636219644,-0.10714285714288,0.));
#7366=DIRECTION('ref_axis',(-0.10714285714288,0.994243636219644,0.));
#7367=DIRECTION('center_axis',(0.,0.,1.));
#7368=DIRECTION('ref_axis',(-1.,0.,0.));
#7369=DIRECTION('center_axis',(9.25185853854296E-15,1.,0.));
#7370=DIRECTION('ref_axis',(0.,0.,1.));
#7371=DIRECTION('center_axis',(0.,0.,1.));
#7372=DIRECTION('ref_axis',(0.744023809142849,-0.668153104781056,0.));
#7373=DIRECTION('',(0.,0.,1.));
#7374=DIRECTION('',(0.,0.,-1.));
#7375=DIRECTION('center_axis',(-0.832142005585778,-0.4115423745242,0.371715693118628));
#7376=DIRECTION('ref_axis',(0.554562604707244,-0.617534781489439,0.557773351022714));
#7377=DIRECTION('center_axis',(1.,0.,0.));
#7378=DIRECTION('ref_axis',(0.,-1.,0.));
#7379=DIRECTION('center_axis',(0.,0.,1.));
#7380=DIRECTION('ref_axis',(0.994243636219647,-0.107142857142853,0.));
#7381=DIRECTION('center_axis',(-0.107142857142851,-0.994243636219647,0.));
#7382=DIRECTION('ref_axis',(0.,0.,1.));
#7383=DIRECTION('center_axis',(-0.414996653266293,-0.37267799624997,-0.829993306532579));
#7384=DIRECTION('ref_axis',(-0.617534781489436,-0.554562604707242,0.557773351022719));
#7385=DIRECTION('center_axis',(0.,-1.,0.));
#7386=DIRECTION('ref_axis',(-1.,0.,0.));
#7387=DIRECTION('center_axis',(0.,0.,1.));
#7388=DIRECTION('ref_axis',(-0.107142857142862,-0.994243636219646,0.));
#7389=DIRECTION('center_axis',(-0.994243636219648,0.107142857142843,0.));
#7390=DIRECTION('ref_axis',(0.,0.,1.));
#7391=DIRECTION('center_axis',(1.11022302462516E-16,-1.,0.));
#7392=DIRECTION('ref_axis',(-0.707106781186548,0.,-0.707106781186547));
#7393=DIRECTION('',(-1.11022302462516E-16,1.,0.));
#7394=DIRECTION('center_axis',(-0.832142005585782,0.411542374524195,-0.371715693118624));
#7395=DIRECTION('ref_axis',(-0.554562604707237,-0.617534781489446,0.557773351022714));
#7396=DIRECTION('center_axis',(0.107142857142853,-0.994243636219647,0.));
#7397=DIRECTION('ref_axis',(-0.994243636219647,-0.107142857142853,0.));
#7398=DIRECTION('center_axis',(0.,0.,1.));
#7399=DIRECTION('ref_axis',(0.,-1.,0.));
#7400=DIRECTION('center_axis',(-1.,0.,0.));
#7401=DIRECTION('ref_axis',(0.,0.,1.));
#7402=DIRECTION('center_axis',(0.,0.,1.));
#7403=DIRECTION('ref_axis',(-0.668153104781063,-0.744023809142843,0.));
#7404=DIRECTION('',(0.,0.,1.));
#7405=DIRECTION('',(0.,0.,-1.));
#7406=DIRECTION('center_axis',(1.,2.16840434497101E-16,0.));
#7407=DIRECTION('ref_axis',(0.,-0.707106781186541,0.707106781186554));
#7408=DIRECTION('',(-1.,-2.16840434497101E-16,0.));
#7409=DIRECTION('',(1.,2.16840434497101E-16,0.));
#7410=DIRECTION('center_axis',(0.,0.,-1.));
#7411=DIRECTION('ref_axis',(-1.,0.,0.));
#7412=DIRECTION('center_axis',(0.,0.,1.));
#7413=DIRECTION('ref_axis',(0.707106781186548,0.707106781186547,0.));
#7414=DIRECTION('center_axis',(0.,0.,-1.));
#7415=DIRECTION('ref_axis',(0.707106781186548,0.707106781186547,0.));
#7416=DIRECTION('center_axis',(0.,0.,1.));
#7417=DIRECTION('ref_axis',(-0.744023809142849,-0.668153104781056,0.));
#7418=DIRECTION('',(0.,0.,1.));
#7419=DIRECTION('',(0.,0.,-1.));
#7420=DIRECTION('center_axis',(0.,0.,1.));
#7421=DIRECTION('ref_axis',(0.668153104781069,-0.744023809142838,0.));
#7422=DIRECTION('',(0.,0.,1.));
#7423=DIRECTION('',(0.,0.,-1.));
#7424=DIRECTION('center_axis',(1.11022302462516E-16,-1.,0.));
#7425=DIRECTION('ref_axis',(-0.707106781186548,0.,0.707106781186548));
#7426=DIRECTION('',(-1.11022302462516E-16,1.,0.));
#7427=DIRECTION('',(1.11022302462516E-16,-1.,0.));
#7428=DIRECTION('center_axis',(0.,0.,-1.));
#7429=DIRECTION('ref_axis',(-1.,0.,0.));
#7430=DIRECTION('center_axis',(0.,0.,1.));
#7431=DIRECTION('ref_axis',(-0.707106781186548,0.707106781186547,0.));
#7432=DIRECTION('center_axis',(0.,0.,-1.));
#7433=DIRECTION('ref_axis',(-0.707106781186548,0.707106781186547,0.));
#7434=DIRECTION('center_axis',(0.,0.,1.));
#7435=DIRECTION('ref_axis',(-0.744023809142849,0.668153104781056,0.));
#7436=DIRECTION('',(0.,0.,1.));
#7437=DIRECTION('',(0.,0.,-1.));
#7438=DIRECTION('center_axis',(0.,0.,-1.));
#7439=DIRECTION('ref_axis',(-1.,0.,0.));
#7440=DIRECTION('center_axis',(0.,0.,1.));
#7441=DIRECTION('ref_axis',(0.707106781186548,-0.707106781186547,0.));
#7442=DIRECTION('center_axis',(0.,0.,-1.));
#7443=DIRECTION('ref_axis',(0.707106781186548,-0.707106781186547,0.));
#7444=DIRECTION('center_axis',(-3.33066907387547E-16,1.,0.));
#7445=DIRECTION('ref_axis',(0.707106781186534,0.,0.707106781186561));
#7446=DIRECTION('',(3.33066907387547E-16,-1.,0.));
#7447=DIRECTION('',(-3.33066907387547E-16,1.,0.));
#7448=DIRECTION('center_axis',(-1.,-1.73472347597681E-16,0.));
#7449=DIRECTION('ref_axis',(0.,0.707106781186548,0.707106781186548));
#7450=DIRECTION('',(1.,1.73472347597681E-16,0.));
#7451=DIRECTION('center_axis',(0.,0.,-1.));
#7452=DIRECTION('ref_axis',(-1.,0.,0.));
#7453=DIRECTION('center_axis',(0.,0.,1.));
#7454=DIRECTION('ref_axis',(-0.707106781186548,-0.707106781186547,0.));
#7455=DIRECTION('center_axis',(0.,0.,-1.));
#7456=DIRECTION('ref_axis',(-0.707106781186548,-0.707106781186547,0.));
#7457=DIRECTION('center_axis',(0.,0.,1.));
#7458=DIRECTION('ref_axis',(0.668153104781055,0.74402380914285,0.));
#7459=DIRECTION('',(0.,0.,-1.));
#7460=DIRECTION('center_axis',(1.,3.33066907387547E-16,0.));
#7461=DIRECTION('ref_axis',(-3.33066907387547E-16,1.,0.));
#7462=DIRECTION('center_axis',(0.,0.,1.));
#7463=DIRECTION('ref_axis',(-1.,0.,0.));
#7464=DIRECTION('center_axis',(0.,0.,1.));
#7465=DIRECTION('ref_axis',(-1.,0.,0.));
#7466=DIRECTION('center_axis',(-1.,-1.11022302462516E-16,0.));
#7467=DIRECTION('ref_axis',(1.11022302462516E-16,-1.,0.));
#7468=DIRECTION('center_axis',(0.,0.,1.));
#7469=DIRECTION('ref_axis',(-1.,0.,0.));
#7470=DIRECTION('center_axis',(2.16840434497101E-16,-1.,0.));
#7471=DIRECTION('ref_axis',(1.,2.16840434497101E-16,0.));
#7472=DIRECTION('center_axis',(0.,0.,1.));
#7473=DIRECTION('ref_axis',(1.,0.,0.));
#7474=DIRECTION('center_axis',(0.,0.,1.));
#7475=DIRECTION('ref_axis',(-1.,0.,0.));
#7476=DIRECTION('axis',(0.,0.,1.));
#7477=DIRECTION('refdir',(1.,0.,0.));
#7478=DIRECTION('center_axis',(-1.95737865919987E-16,1.,0.));
#7479=DIRECTION('ref_axis',(-1.,-1.95737865919987E-16,0.));
#7480=DIRECTION('',(-1.,-1.95737865919987E-16,0.));
#7481=DIRECTION('',(0.,0.,1.));
#7482=DIRECTION('',(-1.,-1.95737865919987E-16,0.));
#7483=DIRECTION('',(0.,0.,1.));
#7484=DIRECTION('center_axis',(0.,0.,1.));
#7485=DIRECTION('ref_axis',(1.,0.,0.));
#7486=DIRECTION('center_axis',(0.,0.,1.));
#7487=DIRECTION('ref_axis',(1.,0.,0.));
#7488=DIRECTION('center_axis',(0.,0.,1.));
#7489=DIRECTION('ref_axis',(1.,0.,0.));
#7490=DIRECTION('',(0.,0.,1.));
#7491=DIRECTION('center_axis',(-1.88173394004264E-16,1.,0.));
#7492=DIRECTION('ref_axis',(-1.,-1.88173394004264E-16,0.));
#7493=DIRECTION('',(-1.,-1.88173394004264E-16,0.));
#7494=DIRECTION('',(-1.,-1.88173394004264E-16,0.));
#7495=DIRECTION('',(0.,0.,1.));
#7496=DIRECTION('center_axis',(0.,0.,1.));
#7497=DIRECTION('ref_axis',(1.,0.,0.));
#7498=DIRECTION('center_axis',(0.,0.,-1.));
#7499=DIRECTION('ref_axis',(1.,0.,0.));
#7500=DIRECTION('center_axis',(0.,0.,-1.));
#7501=DIRECTION('ref_axis',(1.,0.,0.));
#7502=DIRECTION('',(0.,0.,1.));
#7503=DIRECTION('center_axis',(1.,3.70074341541719E-16,0.));
#7504=DIRECTION('ref_axis',(-3.70074341541719E-16,1.,0.));
#7505=DIRECTION('',(-3.70074341541719E-16,1.,0.));
#7506=DIRECTION('',(-3.70074341541719E-16,1.,0.));
#7507=DIRECTION('',(0.,0.,1.));
#7508=DIRECTION('center_axis',(0.,0.,1.));
#7509=DIRECTION('ref_axis',(1.,0.,0.));
#7510=DIRECTION('center_axis',(0.,0.,1.));
#7511=DIRECTION('ref_axis',(1.,0.,0.));
#7512=DIRECTION('center_axis',(0.,0.,1.));
#7513=DIRECTION('ref_axis',(1.,0.,0.));
#7514=DIRECTION('',(0.,0.,1.));
#7515=DIRECTION('center_axis',(1.,3.89826502953088E-16,0.));
#7516=DIRECTION('ref_axis',(-3.89826502953088E-16,1.,0.));
#7517=DIRECTION('',(-3.89826502953088E-16,1.,0.));
#7518=DIRECTION('',(-3.89826502953088E-16,1.,0.));
#7519=DIRECTION('',(0.,0.,1.));
#7520=DIRECTION('center_axis',(0.,-1.,0.));
#7521=DIRECTION('ref_axis',(1.,0.,0.));
#7522=DIRECTION('',(1.,0.,0.));
#7523=DIRECTION('',(1.,0.,0.));
#7524=DIRECTION('',(0.,0.,1.));
#7525=DIRECTION('center_axis',(-1.,0.,0.));
#7526=DIRECTION('ref_axis',(0.,-1.,0.));
#7527=DIRECTION('',(0.,-1.,0.));
#7528=DIRECTION('',(0.,-1.,0.));
#7529=DIRECTION('center_axis',(0.,0.,1.));
#7530=DIRECTION('ref_axis',(1.,0.,0.));
#7531=DIRECTION('center_axis',(0.,0.,1.));
#7532=DIRECTION('ref_axis',(1.,0.,0.));
#7533=DIRECTION('center_axis',(-1.,-1.2335811384724E-16,0.));
#7534=DIRECTION('ref_axis',(1.2335811384724E-16,-1.,0.));
#7535=DIRECTION('',(1.2335811384724E-16,-1.,0.));
#7536=DIRECTION('',(0.,0.,1.));
#7537=DIRECTION('',(1.2335811384724E-16,-1.,0.));
#7538=DIRECTION('',(0.,0.,1.));
#7539=DIRECTION('center_axis',(0.,0.,1.));
#7540=DIRECTION('ref_axis',(0.,1.,0.));
#7541=DIRECTION('center_axis',(0.,0.,-1.));
#7542=DIRECTION('ref_axis',(0.,1.,0.));
#7543=DIRECTION('center_axis',(0.,0.,-1.));
#7544=DIRECTION('ref_axis',(0.,1.,0.));
#7545=DIRECTION('',(0.,0.,1.));
#7546=DIRECTION('center_axis',(-1.88173394004264E-16,1.,0.));
#7547=DIRECTION('ref_axis',(-1.,-1.88173394004264E-16,0.));
#7548=DIRECTION('',(-1.,-1.88173394004264E-16,0.));
#7549=DIRECTION('',(-1.,-1.88173394004264E-16,0.));
#7550=DIRECTION('',(0.,0.,1.));
#7551=DIRECTION('center_axis',(0.,0.,1.));
#7552=DIRECTION('ref_axis',(1.,0.,0.));
#7553=DIRECTION('center_axis',(0.,0.,1.));
#7554=DIRECTION('ref_axis',(1.,0.,0.));
#7555=DIRECTION('center_axis',(0.,0.,1.));
#7556=DIRECTION('ref_axis',(1.,0.,0.));
#7557=DIRECTION('',(0.,0.,1.));
#7558=DIRECTION('center_axis',(-1.95737865919987E-16,1.,0.));
#7559=DIRECTION('ref_axis',(-1.,-1.95737865919987E-16,0.));
#7560=DIRECTION('',(-1.,-1.95737865919987E-16,0.));
#7561=DIRECTION('',(-1.,-1.95737865919987E-16,0.));
#7562=DIRECTION('',(0.,0.,1.));
#7563=DIRECTION('center_axis',(1.,0.,0.));
#7564=DIRECTION('ref_axis',(0.,1.,0.));
#7565=DIRECTION('',(0.,1.,0.));
#7566=DIRECTION('',(0.,1.,0.));
#7567=DIRECTION('',(0.,0.,1.));
#7568=DIRECTION('center_axis',(0.,-1.,0.));
#7569=DIRECTION('ref_axis',(1.,0.,0.));
#7570=DIRECTION('',(1.,0.,0.));
#7571=DIRECTION('',(1.,0.,0.));
#7572=DIRECTION('',(0.,0.,1.));
#7573=DIRECTION('center_axis',(-1.,-1.29942167651029E-16,0.));
#7574=DIRECTION('ref_axis',(1.29942167651029E-16,-1.,0.));
#7575=DIRECTION('',(1.29942167651029E-16,-1.,0.));
#7576=DIRECTION('',(1.29942167651029E-16,-1.,0.));
#7577=DIRECTION('',(0.,0.,1.));
#7578=DIRECTION('center_axis',(0.,0.,1.));
#7579=DIRECTION('ref_axis',(1.,0.,0.));
#7580=DIRECTION('center_axis',(0.,0.,1.));
#7581=DIRECTION('ref_axis',(1.,0.,0.));
#7582=DIRECTION('center_axis',(0.,0.,1.));
#7583=DIRECTION('ref_axis',(1.,0.,0.));
#7584=DIRECTION('center_axis',(0.,0.,1.));
#7585=DIRECTION('ref_axis',(1.,0.,0.));
#7586=DIRECTION('center_axis',(0.,0.,1.));
#7587=DIRECTION('ref_axis',(1.,0.,0.));
#7588=DIRECTION('center_axis',(-1.,0.,0.));
#7589=DIRECTION('ref_axis',(0.,-1.,0.));
#7590=DIRECTION('',(0.,-1.,0.));
#7591=DIRECTION('',(0.,0.,1.));
#7592=DIRECTION('',(0.,-1.,0.));
#7593=DIRECTION('',(0.,0.,1.));
#7594=DIRECTION('center_axis',(0.,1.,0.));
#7595=DIRECTION('ref_axis',(-1.,0.,0.));
#7596=DIRECTION('',(-1.,0.,0.));
#7597=DIRECTION('',(-1.,0.,0.));
#7598=DIRECTION('',(0.,0.,1.));
#7599=DIRECTION('center_axis',(1.,3.89826502953088E-16,0.));
#7600=DIRECTION('ref_axis',(-3.89826502953088E-16,1.,0.));
#7601=DIRECTION('',(-3.89826502953088E-16,1.,0.));
#7602=DIRECTION('',(-3.89826502953088E-16,1.,0.));
#7603=DIRECTION('',(0.,0.,1.));
#7604=DIRECTION('center_axis',(0.,0.,1.));
#7605=DIRECTION('ref_axis',(1.,0.,0.));
#7606=DIRECTION('center_axis',(0.,0.,1.));
#7607=DIRECTION('ref_axis',(1.,0.,0.));
#7608=DIRECTION('center_axis',(0.,0.,1.));
#7609=DIRECTION('ref_axis',(1.,0.,0.));
#7610=DIRECTION('',(0.,0.,1.));
#7611=DIRECTION('center_axis',(1.,3.70074341541719E-16,0.));
#7612=DIRECTION('ref_axis',(-3.70074341541719E-16,1.,0.));
#7613=DIRECTION('',(-3.70074341541719E-16,1.,0.));
#7614=DIRECTION('',(-3.70074341541719E-16,1.,0.));
#7615=DIRECTION('',(0.,0.,1.));
#7616=DIRECTION('center_axis',(0.,0.,1.));
#7617=DIRECTION('ref_axis',(0.,-1.,0.));
#7618=DIRECTION('center_axis',(0.,0.,-1.));
#7619=DIRECTION('ref_axis',(0.,-1.,0.));
#7620=DIRECTION('center_axis',(0.,0.,-1.));
#7621=DIRECTION('ref_axis',(0.,-1.,0.));
#7622=DIRECTION('',(0.,0.,1.));
#7623=DIRECTION('center_axis',(2.3521674250533E-16,-1.,0.));
#7624=DIRECTION('ref_axis',(1.,2.3521674250533E-16,0.));
#7625=DIRECTION('',(1.,2.3521674250533E-16,0.));
#7626=DIRECTION('',(1.,2.3521674250533E-16,0.));
#7627=DIRECTION('',(0.,0.,1.));
#7628=DIRECTION('center_axis',(0.,0.,1.));
#7629=DIRECTION('ref_axis',(1.,0.,0.));
#7630=DIRECTION('center_axis',(0.,0.,1.));
#7631=DIRECTION('ref_axis',(1.,0.,0.));
#7632=DIRECTION('center_axis',(0.,0.,1.));
#7633=DIRECTION('ref_axis',(1.,0.,0.));
#7634=DIRECTION('',(0.,0.,1.));
#7635=DIRECTION('center_axis',(2.44672332399983E-16,-1.,0.));
#7636=DIRECTION('ref_axis',(1.,2.44672332399983E-16,0.));
#7637=DIRECTION('',(1.,2.44672332399983E-16,0.));
#7638=DIRECTION('',(1.,2.44672332399983E-16,0.));
#7639=DIRECTION('center_axis',(0.,0.,1.));
#7640=DIRECTION('ref_axis',(1.,0.,0.));
#7641=DIRECTION('center_axis',(0.,0.,1.));
#7642=DIRECTION('ref_axis',(1.,0.,0.));
#7643=DIRECTION('center_axis',(0.707106781186548,0.707106781186548,0.));
#7644=DIRECTION('ref_axis',(-0.707106781186548,0.707106781186548,0.));
#7645=DIRECTION('',(-0.707106781186548,0.707106781186548,0.));
#7646=DIRECTION('',(0.,0.,1.));
#7647=DIRECTION('',(-0.707106781186548,0.707106781186548,0.));
#7648=DIRECTION('',(0.,0.,1.));
#7649=DIRECTION('center_axis',(1.,1.21300984651059E-16,0.));
#7650=DIRECTION('ref_axis',(-1.21300984651059E-16,1.,0.));
#7651=DIRECTION('',(-1.21300984651059E-16,1.,0.));
#7652=DIRECTION('',(-1.21300984651059E-16,1.,0.));
#7653=DIRECTION('',(0.,0.,1.));
#7654=DIRECTION('center_axis',(2.44672332399983E-16,-1.,0.));
#7655=DIRECTION('ref_axis',(1.,2.44672332399983E-16,0.));
#7656=DIRECTION('',(1.,2.44672332399983E-16,0.));
#7657=DIRECTION('',(1.,2.44672332399983E-16,0.));
#7658=DIRECTION('',(0.,0.,1.));
#7659=DIRECTION('center_axis',(0.,0.,1.));
#7660=DIRECTION('ref_axis',(1.,0.,0.));
#7661=DIRECTION('center_axis',(0.,0.,1.));
#7662=DIRECTION('ref_axis',(1.,0.,0.));
#7663=DIRECTION('center_axis',(0.,0.,1.));
#7664=DIRECTION('ref_axis',(1.,0.,0.));
#7665=DIRECTION('',(0.,0.,1.));
#7666=DIRECTION('center_axis',(2.3521674250533E-16,-1.,0.));
#7667=DIRECTION('ref_axis',(1.,2.3521674250533E-16,0.));
#7668=DIRECTION('',(1.,2.3521674250533E-16,0.));
#7669=DIRECTION('',(1.,2.3521674250533E-16,0.));
#7670=DIRECTION('',(0.,0.,1.));
#7671=DIRECTION('center_axis',(0.,0.,1.));
#7672=DIRECTION('ref_axis',(-1.,0.,0.));
#7673=DIRECTION('center_axis',(0.,0.,-1.));
#7674=DIRECTION('ref_axis',(-1.,0.,0.));
#7675=DIRECTION('center_axis',(0.,0.,-1.));
#7676=DIRECTION('ref_axis',(-1.,0.,0.));
#7677=DIRECTION('',(0.,0.,1.));
#7678=DIRECTION('center_axis',(-1.,-1.2335811384724E-16,0.));
#7679=DIRECTION('ref_axis',(1.2335811384724E-16,-1.,0.));
#7680=DIRECTION('',(1.2335811384724E-16,-1.,0.));
#7681=DIRECTION('',(1.2335811384724E-16,-1.,0.));
#7682=DIRECTION('',(0.,0.,1.));
#7683=DIRECTION('center_axis',(0.,0.,1.));
#7684=DIRECTION('ref_axis',(1.,0.,0.));
#7685=DIRECTION('center_axis',(0.,0.,1.));
#7686=DIRECTION('ref_axis',(1.,0.,0.));
#7687=DIRECTION('center_axis',(0.,0.,1.));
#7688=DIRECTION('ref_axis',(1.,0.,0.));
#7689=DIRECTION('',(0.,0.,1.));
#7690=DIRECTION('center_axis',(-1.,-1.29942167651029E-16,0.));
#7691=DIRECTION('ref_axis',(1.29942167651029E-16,-1.,0.));
#7692=DIRECTION('',(1.29942167651029E-16,-1.,0.));
#7693=DIRECTION('',(1.29942167651029E-16,-1.,0.));
#7694=DIRECTION('',(0.,0.,1.));
#7695=DIRECTION('center_axis',(-2.32991930422058E-16,1.,0.));
#7696=DIRECTION('ref_axis',(-1.,-2.32991930422058E-16,0.));
#7697=DIRECTION('',(-1.,-2.32991930422058E-16,0.));
#7698=DIRECTION('',(-1.,-2.32991930422058E-16,0.));
#7699=DIRECTION('center_axis',(0.,0.,1.));
#7700=DIRECTION('ref_axis',(1.,0.,0.));
#7701=DIRECTION('center_axis',(0.,0.,1.));
#7702=DIRECTION('ref_axis',(1.,0.,0.));
#7703=DIRECTION('axis',(0.,0.,1.));
#7704=DIRECTION('refdir',(1.,0.,0.));
#7705=DIRECTION('center_axis',(0.,1.,0.));
#7706=DIRECTION('ref_axis',(-1.,0.,0.));
#7707=DIRECTION('',(-1.,0.,0.));
#7708=DIRECTION('',(0.,0.,1.));
#7709=DIRECTION('',(-1.,0.,0.));
#7710=DIRECTION('',(0.,0.,1.));
#7711=DIRECTION('center_axis',(0.,0.,1.));
#7712=DIRECTION('ref_axis',(1.,0.,0.));
#7713=DIRECTION('center_axis',(0.,0.,1.));
#7714=DIRECTION('ref_axis',(1.,0.,0.));
#7715=DIRECTION('center_axis',(0.,0.,1.));
#7716=DIRECTION('ref_axis',(1.,0.,0.));
#7717=DIRECTION('',(0.,0.,1.));
#7718=DIRECTION('center_axis',(1.,0.,0.));
#7719=DIRECTION('ref_axis',(0.,1.,0.));
#7720=DIRECTION('',(0.,1.,0.));
#7721=DIRECTION('',(0.,1.,0.));
#7722=DIRECTION('',(0.,0.,1.));
#7723=DIRECTION('center_axis',(0.,0.,1.));
#7724=DIRECTION('ref_axis',(1.,0.,0.));
#7725=DIRECTION('center_axis',(0.,0.,1.));
#7726=DIRECTION('ref_axis',(1.,0.,0.));
#7727=DIRECTION('center_axis',(0.,0.,1.));
#7728=DIRECTION('ref_axis',(1.,0.,0.));
#7729=DIRECTION('',(0.,0.,1.));
#7730=DIRECTION('center_axis',(0.,-1.,0.));
#7731=DIRECTION('ref_axis',(1.,0.,0.));
#7732=DIRECTION('',(1.,0.,0.));
#7733=DIRECTION('',(1.,0.,0.));
#7734=DIRECTION('',(0.,0.,1.));
#7735=DIRECTION('center_axis',(0.,0.,1.));
#7736=DIRECTION('ref_axis',(1.,0.,0.));
#7737=DIRECTION('center_axis',(0.,0.,1.));
#7738=DIRECTION('ref_axis',(1.,0.,0.));
#7739=DIRECTION('center_axis',(0.,0.,1.));
#7740=DIRECTION('ref_axis',(1.,0.,0.));
#7741=DIRECTION('',(0.,0.,1.));
#7742=DIRECTION('center_axis',(-1.,0.,0.));
#7743=DIRECTION('ref_axis',(0.,-1.,0.));
#7744=DIRECTION('',(0.,-1.,0.));
#7745=DIRECTION('',(0.,-1.,0.));
#7746=DIRECTION('',(0.,0.,1.));
#7747=DIRECTION('center_axis',(0.,0.,1.));
#7748=DIRECTION('ref_axis',(1.,0.,0.));
#7749=DIRECTION('center_axis',(0.,0.,1.));
#7750=DIRECTION('ref_axis',(1.,0.,0.));
#7751=DIRECTION('center_axis',(0.,0.,1.));
#7752=DIRECTION('ref_axis',(1.,0.,0.));
#7753=DIRECTION('center_axis',(0.,0.,1.));
#7754=DIRECTION('ref_axis',(1.,0.,0.));
#7755=DIRECTION('center_axis',(0.,0.,1.));
#7756=DIRECTION('ref_axis',(1.,0.,0.));
#7757=DIRECTION('axis',(0.,0.,1.));
#7758=DIRECTION('refdir',(1.,0.,0.));
#7759=DIRECTION('center_axis',(0.,1.,0.));
#7760=DIRECTION('ref_axis',(1.,0.,0.));
#7761=DIRECTION('',(-1.,0.,0.));
#7762=DIRECTION('',(1.,0.,0.));
#7763=DIRECTION('center_axis',(0.,1.,0.));
#7764=DIRECTION('ref_axis',(1.,0.,0.));
#7765=DIRECTION('',(1.,0.,0.));
#7766=DIRECTION('',(-1.,0.,0.));
#7767=DIRECTION('center_axis',(0.,-1.,0.));
#7768=DIRECTION('ref_axis',(-1.,0.,0.));
#7769=DIRECTION('',(-1.,0.,0.));
#7770=DIRECTION('',(1.,0.,0.));
#7771=DIRECTION('center_axis',(0.,0.,1.));
#7772=DIRECTION('ref_axis',(1.,0.,0.));
#7773=DIRECTION('',(0.,0.,1.));
#7774=DIRECTION('center_axis',(0.,0.,1.));
#7775=DIRECTION('ref_axis',(1.,0.,0.));
#7776=DIRECTION('center_axis',(0.,-1.,0.));
#7777=DIRECTION('ref_axis',(-1.,0.,0.));
#7778=DIRECTION('',(-1.,0.,0.));
#7779=DIRECTION('',(1.,0.,0.));
#7780=DIRECTION('center_axis',(0.,1.,0.));
#7781=DIRECTION('ref_axis',(1.,0.,0.));
#7782=DIRECTION('',(1.,0.,0.));
#7783=DIRECTION('',(-1.,0.,0.));
#7784=DIRECTION('center_axis',(0.,0.,1.));
#7785=DIRECTION('ref_axis',(1.,0.,0.));
#7786=DIRECTION('center_axis',(0.,0.,1.));
#7787=DIRECTION('ref_axis',(1.,0.,0.));
#7788=DIRECTION('',(0.,0.,1.));
#7789=DIRECTION('center_axis',(0.,0.,1.));
#7790=DIRECTION('ref_axis',(1.,0.,0.));
#7791=DIRECTION('',(1.,0.,0.));
#7792=DIRECTION('center_axis',(0.,0.,1.));
#7793=DIRECTION('ref_axis',(1.,0.,0.));
#7794=DIRECTION('',(-1.,0.,0.));
#7795=DIRECTION('center_axis',(0.,1.,0.));
#7796=DIRECTION('ref_axis',(1.,0.,0.));
#7797=DIRECTION('center_axis',(0.,-1.,0.));
#7798=DIRECTION('ref_axis',(-1.,0.,0.));
#7799=DIRECTION('',(-1.,0.,0.));
#7800=DIRECTION('',(1.,0.,0.));
#7801=DIRECTION('center_axis',(0.,1.,0.));
#7802=DIRECTION('ref_axis',(1.,0.,0.));
#7803=DIRECTION('',(-1.,0.,0.));
#7804=DIRECTION('',(1.,0.,0.));
#7805=DIRECTION('center_axis',(0.,0.,1.));
#7806=DIRECTION('ref_axis',(1.,0.,0.));
#7807=DIRECTION('center_axis',(0.,0.,1.));
#7808=DIRECTION('ref_axis',(1.,0.,0.));
#7809=DIRECTION('center_axis',(0.,0.,1.));
#7810=DIRECTION('ref_axis',(1.,0.,0.));
#7811=DIRECTION('',(1.,0.,0.));
#7812=DIRECTION('',(0.,-1.,0.));
#7813=DIRECTION('',(-1.,0.,0.));
#7814=DIRECTION('',(0.,1.,0.));
#7815=DIRECTION('center_axis',(0.,0.,1.));
#7816=DIRECTION('ref_axis',(1.,0.,0.));
#7817=DIRECTION('',(-1.,0.,0.));
#7818=DIRECTION('',(0.,-1.,0.));
#7819=DIRECTION('',(1.,0.,0.));
#7820=DIRECTION('',(0.,1.,0.));
#7821=DIRECTION('center_axis',(-1.,0.,0.));
#7822=DIRECTION('ref_axis',(0.,-1.,0.));
#7823=DIRECTION('',(0.,0.,-1.));
#7824=DIRECTION('',(0.,0.,1.));
#7825=DIRECTION('center_axis',(1.,0.,0.));
#7826=DIRECTION('ref_axis',(0.,1.,0.));
#7827=DIRECTION('',(0.,0.,1.));
#7828=DIRECTION('',(0.,0.,-1.));
#7829=DIRECTION('center_axis',(0.,1.,0.));
#7830=DIRECTION('ref_axis',(1.,0.,0.));
#7831=DIRECTION('center_axis',(0.,-1.,0.));
#7832=DIRECTION('ref_axis',(-1.,0.,0.));
#7833=DIRECTION('center_axis',(0.,1.,0.));
#7834=DIRECTION('ref_axis',(1.,0.,0.));
#7835=DIRECTION('',(-1.,0.,0.));
#7836=DIRECTION('',(1.,0.,0.));
#7837=DIRECTION('center_axis',(0.,-1.,0.));
#7838=DIRECTION('ref_axis',(-1.,0.,0.));
#7839=DIRECTION('',(-1.,0.,0.));
#7840=DIRECTION('',(1.,0.,0.));
#7841=DIRECTION('center_axis',(0.,0.,1.));
#7842=DIRECTION('ref_axis',(1.,0.,0.));
#7843=DIRECTION('center_axis',(0.,0.,1.));
#7844=DIRECTION('ref_axis',(1.,0.,0.));
#7845=DIRECTION('center_axis',(0.,0.,1.));
#7846=DIRECTION('ref_axis',(1.,0.,0.));
#7847=DIRECTION('',(1.,0.,0.));
#7848=DIRECTION('',(0.,-1.,0.));
#7849=DIRECTION('',(-1.,0.,0.));
#7850=DIRECTION('',(0.,1.,0.));
#7851=DIRECTION('center_axis',(0.,0.,1.));
#7852=DIRECTION('ref_axis',(1.,0.,0.));
#7853=DIRECTION('',(-1.,0.,0.));
#7854=DIRECTION('',(0.,-1.,0.));
#7855=DIRECTION('',(1.,0.,0.));
#7856=DIRECTION('',(0.,1.,0.));
#7857=DIRECTION('center_axis',(-1.,0.,0.));
#7858=DIRECTION('ref_axis',(0.,-1.,0.));
#7859=DIRECTION('',(0.,0.,-1.));
#7860=DIRECTION('',(0.,0.,1.));
#7861=DIRECTION('center_axis',(1.,0.,0.));
#7862=DIRECTION('ref_axis',(0.,1.,0.));
#7863=DIRECTION('',(0.,0.,1.));
#7864=DIRECTION('',(0.,0.,-1.));
#7865=DIRECTION('center_axis',(0.,1.,0.));
#7866=DIRECTION('ref_axis',(1.,0.,0.));
#7867=DIRECTION('center_axis',(0.,-1.,0.));
#7868=DIRECTION('ref_axis',(-1.,0.,0.));
#7869=DIRECTION('center_axis',(0.,1.,0.));
#7870=DIRECTION('ref_axis',(1.,0.,0.));
#7871=DIRECTION('',(-1.,0.,0.));
#7872=DIRECTION('',(1.,0.,0.));
#7873=DIRECTION('center_axis',(0.,-1.,0.));
#7874=DIRECTION('ref_axis',(-1.,0.,0.));
#7875=DIRECTION('',(-1.,0.,0.));
#7876=DIRECTION('',(1.,0.,0.));
#7877=DIRECTION('',(0.,0.,1.));
#7878=DIRECTION('center_axis',(0.,0.,1.));
#7879=DIRECTION('ref_axis',(1.,0.,0.));
#7880=DIRECTION('center_axis',(0.,0.,1.));
#7881=DIRECTION('ref_axis',(1.,0.,0.));
#7882=DIRECTION('center_axis',(-1.,0.,0.));
#7883=DIRECTION('ref_axis',(0.,-1.,0.));
#7884=DIRECTION('',(0.,0.,1.));
#7885=DIRECTION('',(0.,-1.,0.));
#7886=DIRECTION('',(0.,0.,-1.));
#7887=DIRECTION('',(0.,1.,0.));
#7888=DIRECTION('center_axis',(0.,0.,1.));
#7889=DIRECTION('ref_axis',(1.,0.,0.));
#7890=DIRECTION('',(-1.,0.,0.));
#7891=DIRECTION('',(1.,0.,0.));
#7892=DIRECTION('',(0.,-1.,0.));
#7893=DIRECTION('center_axis',(1.,0.,0.));
#7894=DIRECTION('ref_axis',(0.,1.,0.));
#7895=DIRECTION('',(0.,0.,-1.));
#7896=DIRECTION('',(0.,0.,1.));
#7897=DIRECTION('',(0.,1.,0.));
#7898=DIRECTION('center_axis',(0.,0.,1.));
#7899=DIRECTION('ref_axis',(1.,0.,0.));
#7900=DIRECTION('',(1.,0.,0.));
#7901=DIRECTION('',(-1.,0.,0.));
#7902=DIRECTION('center_axis',(0.,-1.,0.));
#7903=DIRECTION('ref_axis',(-1.,0.,0.));
#7904=DIRECTION('center_axis',(0.,1.,0.));
#7905=DIRECTION('ref_axis',(1.,0.,0.));
#7906=DIRECTION('center_axis',(0.,1.,0.));
#7907=DIRECTION('ref_axis',(1.,0.,0.));
#7908=DIRECTION('',(0.,0.,-1.));
#7909=DIRECTION('',(1.,0.,0.));
#7910=DIRECTION('',(0.,0.,1.));
#7911=DIRECTION('',(-1.,0.,0.));
#7912=DIRECTION('center_axis',(0.,-1.,0.));
#7913=DIRECTION('ref_axis',(-1.,0.,0.));
#7914=DIRECTION('',(0.,0.,1.));
#7915=DIRECTION('',(1.,0.,0.));
#7916=DIRECTION('',(0.,0.,-1.));
#7917=DIRECTION('',(-1.,0.,0.));
#7918=DIRECTION('center_axis',(1.,0.,0.));
#7919=DIRECTION('ref_axis',(0.,1.,0.));
#7920=DIRECTION('',(0.,-1.,0.));
#7921=DIRECTION('',(0.,1.,0.));
#7922=DIRECTION('center_axis',(-1.,0.,0.));
#7923=DIRECTION('ref_axis',(0.,-1.,0.));
#7924=DIRECTION('',(0.,-1.,0.));
#7925=DIRECTION('',(0.,1.,0.));
#7926=DIRECTION('center_axis',(0.,0.,1.));
#7927=DIRECTION('ref_axis',(1.,0.,0.));
#7928=DIRECTION('center_axis',(0.,0.,1.));
#7929=DIRECTION('ref_axis',(1.,0.,0.));
#7930=DIRECTION('center_axis',(0.,1.,0.));
#7931=DIRECTION('ref_axis',(-1.,0.,0.));
#7932=DIRECTION('',(1.,0.,0.));
#7933=DIRECTION('',(0.,0.,1.));
#7934=DIRECTION('',(-1.,0.,0.));
#7935=DIRECTION('',(0.,0.,1.));
#7936=DIRECTION('center_axis',(-1.,0.,0.));
#7937=DIRECTION('ref_axis',(0.,-1.,0.));
#7938=DIRECTION('',(0.,0.,1.));
#7939=DIRECTION('',(0.,-1.,0.));
#7940=DIRECTION('',(0.,1.,0.));
#7941=DIRECTION('center_axis',(0.,0.,1.));
#7942=DIRECTION('ref_axis',(1.,0.,0.));
#7943=DIRECTION('',(-1.,0.,0.));
#7944=DIRECTION('',(0.,-1.,0.));
#7945=DIRECTION('center_axis',(1.,0.,0.));
#7946=DIRECTION('ref_axis',(0.,1.,0.));
#7947=DIRECTION('',(0.,0.,-1.));
#7948=DIRECTION('',(0.,1.,0.));
#7949=DIRECTION('center_axis',(0.,0.,1.));
#7950=DIRECTION('ref_axis',(1.,0.,0.));
#7951=DIRECTION('',(1.,0.,0.));
#7952=DIRECTION('center_axis',(0.,1.,0.));
#7953=DIRECTION('ref_axis',(1.,0.,0.));
#7954=DIRECTION('center_axis',(0.,1.,0.));
#7955=DIRECTION('ref_axis',(1.,0.,0.));
#7956=DIRECTION('',(1.,0.,0.));
#7957=DIRECTION('',(-1.,0.,0.));
#7958=DIRECTION('center_axis',(0.,-1.,0.));
#7959=DIRECTION('ref_axis',(-1.,0.,0.));
#7960=DIRECTION('',(1.,0.,0.));
#7961=DIRECTION('',(-1.,0.,0.));
#7962=DIRECTION('center_axis',(0.,0.,1.));
#7963=DIRECTION('ref_axis',(1.,0.,0.));
#7964=DIRECTION('center_axis',(0.,0.,1.));
#7965=DIRECTION('ref_axis',(1.,0.,0.));
#7966=DIRECTION('center_axis',(0.,0.,1.));
#7967=DIRECTION('ref_axis',(1.,0.,0.));
#7968=DIRECTION('',(-1.,0.,0.));
#7969=DIRECTION('',(0.589679672776732,0.80763722271446,0.));
#7970=DIRECTION('',(1.,0.,0.));
#7971=DIRECTION('',(-0.560409434100213,-0.828215712342792,0.));
#7972=DIRECTION('center_axis',(0.,0.,1.));
#7973=DIRECTION('ref_axis',(1.,0.,0.));
#7974=DIRECTION('',(1.,0.,0.));
#7975=DIRECTION('',(0.560409434100213,0.828215712342792,0.));
#7976=DIRECTION('',(-1.,0.,0.));
#7977=DIRECTION('',(-0.589679672776732,-0.80763722271446,0.));
#7978=DIRECTION('center_axis',(-0.80763722271446,0.589679672776732,0.));
#7979=DIRECTION('ref_axis',(-0.589679672776732,-0.80763722271446,0.));
#7980=DIRECTION('',(0.,0.,1.));
#7981=DIRECTION('',(0.,0.,-1.));
#7982=DIRECTION('center_axis',(0.828215712342792,-0.560409434100213,0.));
#7983=DIRECTION('ref_axis',(0.560409434100213,0.828215712342792,0.));
#7984=DIRECTION('',(0.,0.,-1.));
#7985=DIRECTION('',(0.,0.,1.));
#7986=DIRECTION('center_axis',(0.,-1.,0.));
#7987=DIRECTION('ref_axis',(-1.,0.,0.));
#7988=DIRECTION('center_axis',(0.,1.,0.));
#7989=DIRECTION('ref_axis',(1.,0.,0.));
#7990=DIRECTION('center_axis',(0.,1.,0.));
#7991=DIRECTION('ref_axis',(1.,0.,0.));
#7992=DIRECTION('',(0.,0.,-1.));
#7993=DIRECTION('',(1.,0.,0.));
#7994=DIRECTION('',(0.,0.,1.));
#7995=DIRECTION('',(-1.,0.,0.));
#7996=DIRECTION('center_axis',(0.,-1.,0.));
#7997=DIRECTION('ref_axis',(-1.,0.,0.));
#7998=DIRECTION('',(0.,0.,1.));
#7999=DIRECTION('',(1.,0.,0.));
#8000=DIRECTION('',(0.,0.,-1.));
#8001=DIRECTION('',(-1.,0.,0.));
#8002=DIRECTION('center_axis',(1.,0.,0.));
#8003=DIRECTION('ref_axis',(0.,1.,0.));
#8004=DIRECTION('',(0.,-1.,0.));
#8005=DIRECTION('',(0.,1.,0.));
#8006=DIRECTION('center_axis',(-1.,0.,0.));
#8007=DIRECTION('ref_axis',(0.,-1.,0.));
#8008=DIRECTION('',(0.,-1.,0.));
#8009=DIRECTION('',(0.,1.,0.));
#8010=DIRECTION('center_axis',(0.,0.,1.));
#8011=DIRECTION('ref_axis',(1.,0.,0.));
#8012=DIRECTION('center_axis',(0.,0.,1.));
#8013=DIRECTION('ref_axis',(1.,0.,0.));
#8014=DIRECTION('center_axis',(0.,0.,1.));
#8015=DIRECTION('ref_axis',(1.,0.,0.));
#8016=DIRECTION('',(-1.,0.,0.));
#8017=DIRECTION('',(-0.55870496546132,0.829366482062583,0.));
#8018=DIRECTION('',(1.,0.,0.));
#8019=DIRECTION('',(0.587363386668614,-0.809323329702768,0.));
#8020=DIRECTION('center_axis',(0.,0.,1.));
#8021=DIRECTION('ref_axis',(1.,0.,0.));
#8022=DIRECTION('',(1.,0.,0.));
#8023=DIRECTION('',(-0.587363386668614,0.809323329702768,0.));
#8024=DIRECTION('',(-1.,0.,0.));
#8025=DIRECTION('',(0.55870496546132,-0.829366482062583,0.));
#8026=DIRECTION('center_axis',(0.809323329702768,0.587363386668614,0.));
#8027=DIRECTION('ref_axis',(-0.587363386668614,0.809323329702768,0.));
#8028=DIRECTION('',(0.,0.,-1.));
#8029=DIRECTION('',(0.,0.,1.));
#8030=DIRECTION('center_axis',(-0.829366482062583,-0.55870496546132,0.));
#8031=DIRECTION('ref_axis',(0.55870496546132,-0.829366482062583,0.));
#8032=DIRECTION('',(0.,0.,1.));
#8033=DIRECTION('',(0.,0.,-1.));
#8034=DIRECTION('center_axis',(0.,-1.,0.));
#8035=DIRECTION('ref_axis',(-1.,0.,0.));
#8036=DIRECTION('center_axis',(0.,1.,0.));
#8037=DIRECTION('ref_axis',(1.,0.,0.));
#8038=DIRECTION('center_axis',(0.,-1.,0.));
#8039=DIRECTION('ref_axis',(-1.,0.,0.));
#8040=DIRECTION('',(0.,0.,1.));
#8041=DIRECTION('',(1.,0.,0.));
#8042=DIRECTION('',(0.,0.,-1.));
#8043=DIRECTION('',(-1.,0.,0.));
#8044=DIRECTION('center_axis',(1.,0.,0.));
#8045=DIRECTION('ref_axis',(0.,1.,0.));
#8046=DIRECTION('',(0.,1.,0.));
#8047=DIRECTION('',(0.,0.,1.));
#8048=DIRECTION('',(0.,-1.,0.));
#8049=DIRECTION('center_axis',(-1.,0.,0.));
#8050=DIRECTION('ref_axis',(0.,-1.,0.));
#8051=DIRECTION('',(0.,1.,0.));
#8052=DIRECTION('',(0.,0.,1.));
#8053=DIRECTION('',(0.,-1.,0.));
#8054=DIRECTION('center_axis',(0.,0.,1.));
#8055=DIRECTION('ref_axis',(1.,0.,0.));
#8056=DIRECTION('',(1.,0.,0.));
#8057=DIRECTION('center_axis',(0.,0.,1.));
#8058=DIRECTION('ref_axis',(1.,0.,0.));
#8059=DIRECTION('',(-1.,0.,0.));
#8060=DIRECTION('center_axis',(0.,-1.,0.));
#8061=DIRECTION('ref_axis',(1.,0.,0.));
#8062=DIRECTION('center_axis',(0.,0.,1.));
#8063=DIRECTION('ref_axis',(1.,0.,0.));
#8064=DIRECTION('',(1.,0.,0.));
#8065=DIRECTION('',(-0.560409434100213,-0.828215712342792,0.));
#8066=DIRECTION('',(-1.,0.,0.));
#8067=DIRECTION('',(0.589679672776732,0.80763722271446,0.));
#8068=DIRECTION('center_axis',(0.,0.,1.));
#8069=DIRECTION('ref_axis',(1.,0.,0.));
#8070=DIRECTION('',(-1.,0.,0.));
#8071=DIRECTION('',(-0.589679672776732,-0.80763722271446,0.));
#8072=DIRECTION('',(1.,0.,0.));
#8073=DIRECTION('',(0.560409434100213,0.828215712342792,0.));
#8074=DIRECTION('center_axis',(-0.80763722271446,0.589679672776732,0.));
#8075=DIRECTION('ref_axis',(-0.589679672776732,-0.80763722271446,0.));
#8076=DIRECTION('',(0.,0.,-1.));
#8077=DIRECTION('',(0.,0.,1.));
#8078=DIRECTION('center_axis',(0.828215712342792,-0.560409434100213,0.));
#8079=DIRECTION('ref_axis',(0.560409434100213,0.828215712342792,0.));
#8080=DIRECTION('',(0.,0.,1.));
#8081=DIRECTION('',(0.,0.,-1.));
#8082=DIRECTION('center_axis',(0.,1.,0.));
#8083=DIRECTION('ref_axis',(1.,0.,0.));
#8084=DIRECTION('center_axis',(0.,-1.,0.));
#8085=DIRECTION('ref_axis',(-1.,0.,0.));
#8086=DIRECTION('center_axis',(0.,-1.,0.));
#8087=DIRECTION('ref_axis',(-1.,0.,0.));
#8088=DIRECTION('',(1.,0.,0.));
#8089=DIRECTION('',(-1.,0.,0.));
#8090=DIRECTION('',(0.,0.,1.));
#8091=DIRECTION('center_axis',(0.,0.,1.));
#8092=DIRECTION('ref_axis',(1.,0.,0.));
#8093=DIRECTION('center_axis',(0.,0.,1.));
#8094=DIRECTION('ref_axis',(1.,0.,0.));
#8095=DIRECTION('center_axis',(0.,0.,1.));
#8096=DIRECTION('ref_axis',(1.,0.,0.));
#8097=DIRECTION('',(1.,0.,0.));
#8098=DIRECTION('',(0.587363386668614,-0.809323329702768,0.));
#8099=DIRECTION('',(-1.,0.,0.));
#8100=DIRECTION('',(-0.55870496546132,0.829366482062583,0.));
#8101=DIRECTION('center_axis',(0.,0.,1.));
#8102=DIRECTION('ref_axis',(1.,0.,0.));
#8103=DIRECTION('',(-1.,0.,0.));
#8104=DIRECTION('',(0.55870496546132,-0.829366482062583,0.));
#8105=DIRECTION('',(1.,0.,0.));
#8106=DIRECTION('',(-0.587363386668614,0.809323329702768,0.));
#8107=DIRECTION('center_axis',(0.809323329702768,0.587363386668614,0.));
#8108=DIRECTION('ref_axis',(-0.587363386668614,0.809323329702768,0.));
#8109=DIRECTION('',(0.,0.,1.));
#8110=DIRECTION('',(0.,0.,-1.));
#8111=DIRECTION('center_axis',(-0.829366482062583,-0.55870496546132,0.));
#8112=DIRECTION('ref_axis',(0.55870496546132,-0.829366482062583,0.));
#8113=DIRECTION('',(0.,0.,-1.));
#8114=DIRECTION('',(0.,0.,1.));
#8115=DIRECTION('center_axis',(0.,1.,0.));
#8116=DIRECTION('ref_axis',(1.,0.,0.));
#8117=DIRECTION('center_axis',(0.,-1.,0.));
#8118=DIRECTION('ref_axis',(-1.,0.,0.));
#8119=DIRECTION('center_axis',(0.,-1.,0.));
#8120=DIRECTION('ref_axis',(-1.,0.,0.));
#8121=DIRECTION('',(0.,0.,1.));
#8122=DIRECTION('',(1.,0.,0.));
#8123=DIRECTION('',(0.,0.,-1.));
#8124=DIRECTION('',(-1.,0.,0.));
#8125=DIRECTION('center_axis',(0.,1.,0.));
#8126=DIRECTION('ref_axis',(1.,0.,0.));
#8127=DIRECTION('',(0.,0.,-1.));
#8128=DIRECTION('',(1.,0.,0.));
#8129=DIRECTION('',(0.,0.,1.));
#8130=DIRECTION('',(-1.,0.,0.));
#8131=DIRECTION('center_axis',(1.,0.,0.));
#8132=DIRECTION('ref_axis',(0.,1.,0.));
#8133=DIRECTION('',(0.,1.,0.));
#8134=DIRECTION('',(0.,-1.,0.));
#8135=DIRECTION('center_axis',(-1.,0.,0.));
#8136=DIRECTION('ref_axis',(0.,-1.,0.));
#8137=DIRECTION('',(0.,1.,0.));
#8138=DIRECTION('',(0.,-1.,0.));
#8139=DIRECTION('center_axis',(0.,0.,1.));
#8140=DIRECTION('ref_axis',(1.,0.,0.));
#8141=DIRECTION('center_axis',(0.,0.,1.));
#8142=DIRECTION('ref_axis',(1.,0.,0.));
#8143=DIRECTION('center_axis',(0.,0.,1.));
#8144=DIRECTION('ref_axis',(1.,0.,0.));
#8145=DIRECTION('',(-1.,0.,0.));
#8146=DIRECTION('',(0.522312079091615,0.85275441484345,0.));
#8147=DIRECTION('',(1.,0.,0.));
#8148=DIRECTION('',(-0.576619425030696,-0.817012875466029,0.));
#8149=DIRECTION('center_axis',(0.,0.,1.));
#8150=DIRECTION('ref_axis',(1.,0.,0.));
#8151=DIRECTION('',(1.,0.,0.));
#8152=DIRECTION('',(0.576619425030696,0.817012875466029,0.));
#8153=DIRECTION('',(-1.,0.,0.));
#8154=DIRECTION('',(-0.522312079091615,-0.85275441484345,0.));
#8155=DIRECTION('center_axis',(0.817012875466029,-0.576619425030697,0.));
#8156=DIRECTION('ref_axis',(0.576619425030697,0.817012875466029,0.));
#8157=DIRECTION('',(0.,0.,-1.));
#8158=DIRECTION('',(0.,0.,1.));
#8159=DIRECTION('center_axis',(-0.85275441484345,0.522312079091615,0.));
#8160=DIRECTION('ref_axis',(-0.522312079091615,-0.85275441484345,0.));
#8161=DIRECTION('',(0.,0.,1.));
#8162=DIRECTION('',(0.,0.,-1.));
#8163=DIRECTION('center_axis',(0.,-1.,0.));
#8164=DIRECTION('ref_axis',(-1.,0.,0.));
#8165=DIRECTION('center_axis',(0.,1.,0.));
#8166=DIRECTION('ref_axis',(1.,0.,0.));
#8167=DIRECTION('center_axis',(0.,-1.,0.));
#8168=DIRECTION('ref_axis',(-1.,0.,0.));
#8169=DIRECTION('',(-1.,0.,0.));
#8170=DIRECTION('',(1.,0.,0.));
#8171=DIRECTION('center_axis',(0.,1.,0.));
#8172=DIRECTION('ref_axis',(1.,0.,0.));
#8173=DIRECTION('',(-1.,0.,0.));
#8174=DIRECTION('',(1.,0.,0.));
#8175=DIRECTION('center_axis',(0.,0.,1.));
#8176=DIRECTION('ref_axis',(1.,0.,0.));
#8177=DIRECTION('center_axis',(0.,0.,1.));
#8178=DIRECTION('ref_axis',(1.,0.,0.));
#8179=DIRECTION('center_axis',(0.,0.,1.));
#8180=DIRECTION('ref_axis',(1.,0.,0.));
#8181=DIRECTION('',(-1.,0.,0.));
#8182=DIRECTION('',(0.589679672776732,0.80763722271446,0.));
#8183=DIRECTION('',(1.,0.,0.));
#8184=DIRECTION('',(0.587363386668614,-0.809323329702768,0.));
#8185=DIRECTION('center_axis',(0.,0.,1.));
#8186=DIRECTION('ref_axis',(1.,0.,0.));
#8187=DIRECTION('',(1.,0.,0.));
#8188=DIRECTION('',(-0.587363386668614,0.809323329702768,0.));
#8189=DIRECTION('',(-1.,0.,0.));
#8190=DIRECTION('',(-0.589679672776732,-0.80763722271446,0.));
#8191=DIRECTION('center_axis',(-0.80763722271446,0.589679672776732,0.));
#8192=DIRECTION('ref_axis',(-0.589679672776732,-0.80763722271446,0.));
#8193=DIRECTION('',(0.,0.,1.));
#8194=DIRECTION('',(0.,0.,-1.));
#8195=DIRECTION('center_axis',(0.809323329702768,0.587363386668614,0.));
#8196=DIRECTION('ref_axis',(-0.587363386668614,0.809323329702768,0.));
#8197=DIRECTION('',(0.,0.,-1.));
#8198=DIRECTION('',(0.,0.,1.));
#8199=DIRECTION('center_axis',(0.,-1.,0.));
#8200=DIRECTION('ref_axis',(-1.,0.,0.));
#8201=DIRECTION('center_axis',(0.,1.,0.));
#8202=DIRECTION('ref_axis',(1.,0.,0.));
#8203=DIRECTION('center_axis',(0.,-1.,0.));
#8204=DIRECTION('ref_axis',(-1.,0.,0.));
#8205=DIRECTION('',(1.,0.,0.));
#8206=DIRECTION('',(-1.,0.,0.));
#8207=DIRECTION('center_axis',(0.,1.,0.));
#8208=DIRECTION('ref_axis',(1.,0.,0.));
#8209=DIRECTION('',(1.,0.,0.));
#8210=DIRECTION('',(-1.,0.,0.));
#8211=DIRECTION('center_axis',(0.,0.,1.));
#8212=DIRECTION('ref_axis',(1.,0.,0.));
#8213=DIRECTION('center_axis',(0.,0.,1.));
#8214=DIRECTION('ref_axis',(1.,0.,0.));
#8215=DIRECTION('center_axis',(0.,0.,1.));
#8216=DIRECTION('ref_axis',(1.,0.,0.));
#8217=DIRECTION('',(1.,0.,0.));
#8218=DIRECTION('',(-0.560409434100213,-0.828215712342792,0.));
#8219=DIRECTION('',(-1.,0.,0.));
#8220=DIRECTION('',(0.589679672776732,0.80763722271446,0.));
#8221=DIRECTION('center_axis',(0.,0.,1.));
#8222=DIRECTION('ref_axis',(1.,0.,0.));
#8223=DIRECTION('',(-1.,0.,0.));
#8224=DIRECTION('',(-0.589679672776732,-0.80763722271446,0.));
#8225=DIRECTION('',(1.,0.,0.));
#8226=DIRECTION('',(0.560409434100213,0.828215712342792,0.));
#8227=DIRECTION('center_axis',(-0.80763722271446,0.589679672776732,0.));
#8228=DIRECTION('ref_axis',(-0.589679672776732,-0.80763722271446,0.));
#8229=DIRECTION('',(0.,0.,-1.));
#8230=DIRECTION('',(0.,0.,1.));
#8231=DIRECTION('center_axis',(0.828215712342792,-0.560409434100213,0.));
#8232=DIRECTION('ref_axis',(0.560409434100213,0.828215712342792,0.));
#8233=DIRECTION('',(0.,0.,1.));
#8234=DIRECTION('',(0.,0.,-1.));
#8235=DIRECTION('center_axis',(0.,1.,0.));
#8236=DIRECTION('ref_axis',(1.,0.,0.));
#8237=DIRECTION('center_axis',(0.,-1.,0.));
#8238=DIRECTION('ref_axis',(-1.,0.,0.));
#8239=DIRECTION('center_axis',(0.,1.,0.));
#8240=DIRECTION('ref_axis',(1.,0.,0.));
#8241=DIRECTION('',(-1.,0.,0.));
#8242=DIRECTION('',(1.,0.,0.));
#8243=DIRECTION('center_axis',(0.,-1.,0.));
#8244=DIRECTION('ref_axis',(-1.,0.,0.));
#8245=DIRECTION('',(-1.,0.,0.));
#8246=DIRECTION('',(1.,0.,0.));
#8247=DIRECTION('center_axis',(0.,0.,1.));
#8248=DIRECTION('ref_axis',(1.,0.,0.));
#8249=DIRECTION('center_axis',(0.,0.,1.));
#8250=DIRECTION('ref_axis',(1.,0.,0.));
#8251=DIRECTION('center_axis',(-0.81119434848318,-0.584776648806148,0.));
#8252=DIRECTION('ref_axis',(0.584776648806148,-0.81119434848318,0.));
#8253=DIRECTION('',(0.,0.,-1.));
#8254=DIRECTION('',(-0.584776648806148,0.81119434848318,0.));
#8255=DIRECTION('',(0.,0.,1.));
#8256=DIRECTION('',(0.584776648806148,-0.81119434848318,0.));
#8257=DIRECTION('center_axis',(0.,0.,1.));
#8258=DIRECTION('ref_axis',(1.,0.,0.));
#8259=DIRECTION('',(1.,0.,0.));
#8260=DIRECTION('',(-0.576619425030696,-0.817012875466029,0.));
#8261=DIRECTION('',(-1.,0.,0.));
#8262=DIRECTION('center_axis',(0.,0.,1.));
#8263=DIRECTION('ref_axis',(1.,0.,0.));
#8264=DIRECTION('',(-1.,0.,0.));
#8265=DIRECTION('',(1.,0.,0.));
#8266=DIRECTION('',(0.576619425030696,0.817012875466029,0.));
#8267=DIRECTION('center_axis',(0.817012875466029,-0.576619425030697,0.));
#8268=DIRECTION('ref_axis',(0.576619425030697,0.817012875466029,0.));
#8269=DIRECTION('',(0.,0.,1.));
#8270=DIRECTION('',(0.,0.,-1.));
#8271=DIRECTION('center_axis',(0.,1.,0.));
#8272=DIRECTION('ref_axis',(1.,0.,0.));
#8273=DIRECTION('center_axis',(0.,-1.,0.));
#8274=DIRECTION('ref_axis',(-1.,0.,0.));
#8275=DIRECTION('center_axis',(0.,1.,0.));
#8276=DIRECTION('ref_axis',(1.,0.,0.));
#8277=DIRECTION('',(0.,0.,-1.));
#8278=DIRECTION('',(1.,0.,0.));
#8279=DIRECTION('',(0.,0.,1.));
#8280=DIRECTION('',(-1.,0.,0.));
#8281=DIRECTION('center_axis',(0.,-1.,0.));
#8282=DIRECTION('ref_axis',(-1.,0.,0.));
#8283=DIRECTION('',(0.,0.,1.));
#8284=DIRECTION('',(1.,0.,0.));
#8285=DIRECTION('',(0.,0.,-1.));
#8286=DIRECTION('',(-1.,0.,0.));
#8287=DIRECTION('center_axis',(1.,0.,0.));
#8288=DIRECTION('ref_axis',(0.,1.,0.));
#8289=DIRECTION('',(0.,-1.,0.));
#8290=DIRECTION('',(0.,1.,0.));
#8291=DIRECTION('center_axis',(-1.,0.,0.));
#8292=DIRECTION('ref_axis',(0.,-1.,0.));
#8293=DIRECTION('',(0.,-1.,0.));
#8294=DIRECTION('',(0.,1.,0.));
#8295=DIRECTION('center_axis',(0.,0.,1.));
#8296=DIRECTION('ref_axis',(1.,0.,0.));
#8297=DIRECTION('center_axis',(0.,0.,1.));
#8298=DIRECTION('ref_axis',(1.,0.,0.));
#8299=DIRECTION('center_axis',(-0.81119434848318,-0.584776648806148,0.));
#8300=DIRECTION('ref_axis',(0.584776648806148,-0.81119434848318,0.));
#8301=DIRECTION('',(0.,0.,1.));
#8302=DIRECTION('',(0.584776648806148,-0.81119434848318,0.));
#8303=DIRECTION('',(0.,0.,-1.));
#8304=DIRECTION('',(-0.584776648806148,0.81119434848318,0.));
#8305=DIRECTION('center_axis',(0.,0.,1.));
#8306=DIRECTION('ref_axis',(1.,0.,0.));
#8307=DIRECTION('',(-1.,0.,0.));
#8308=DIRECTION('',(1.,0.,0.));
#8309=DIRECTION('',(0.535679724820908,-0.844421241096999,0.));
#8310=DIRECTION('center_axis',(0.844421241096999,0.535679724820908,0.));
#8311=DIRECTION('ref_axis',(-0.535679724820908,0.844421241096999,0.));
#8312=DIRECTION('',(0.,0.,-1.));
#8313=DIRECTION('',(0.,0.,1.));
#8314=DIRECTION('',(-0.535679724820908,0.844421241096999,0.));
#8315=DIRECTION('center_axis',(0.,0.,1.));
#8316=DIRECTION('ref_axis',(1.,0.,0.));
#8317=DIRECTION('',(1.,0.,0.));
#8318=DIRECTION('',(-1.,0.,0.));
#8319=DIRECTION('center_axis',(0.,-1.,0.));
#8320=DIRECTION('ref_axis',(-1.,0.,0.));
#8321=DIRECTION('center_axis',(0.,1.,0.));
#8322=DIRECTION('ref_axis',(1.,0.,0.));
#8323=DIRECTION('center_axis',(0.,1.,0.));
#8324=DIRECTION('ref_axis',(1.,0.,0.));
#8325=DIRECTION('',(0.,0.,-1.));
#8326=DIRECTION('',(1.,0.,0.));
#8327=DIRECTION('',(-1.,0.,0.));
#8328=DIRECTION('center_axis',(0.,-1.,0.));
#8329=DIRECTION('ref_axis',(-1.,0.,0.));
#8330=DIRECTION('',(-1.,0.,0.));
#8331=DIRECTION('',(0.,0.,1.));
#8332=DIRECTION('',(1.,0.,0.));
#8333=DIRECTION('center_axis',(0.264433345006117,0.964403964139964,0.));
#8334=DIRECTION('ref_axis',(-0.964403964139963,0.264433345006117,0.));
#8335=DIRECTION('',(0.964403964139963,-0.264433345006117,0.));
#8336=DIRECTION('',(-0.964403964139963,0.264433345006117,0.));
#8337=DIRECTION('center_axis',(0.,0.,1.));
#8338=DIRECTION('ref_axis',(1.,0.,0.));
#8339=DIRECTION('center_axis',(0.,0.,1.));
#8340=DIRECTION('ref_axis',(1.,0.,0.));
#8341=DIRECTION('center_axis',(0.,1.,0.));
#8342=DIRECTION('ref_axis',(-1.,0.,0.));
#8343=DIRECTION('',(1.,0.,0.));
#8344=DIRECTION('',(0.,0.,1.));
#8345=DIRECTION('',(-1.,0.,0.));
#8346=DIRECTION('',(0.,0.,1.));
#8347=DIRECTION('center_axis',(0.,0.,1.));
#8348=DIRECTION('ref_axis',(1.,0.,0.));
#8349=DIRECTION('',(-1.,0.,0.));
#8350=DIRECTION('',(0.522312079091615,0.85275441484345,0.));
#8351=DIRECTION('',(-0.576619425030696,-0.817012875466029,0.));
#8352=DIRECTION('center_axis',(0.,0.,1.));
#8353=DIRECTION('ref_axis',(1.,0.,0.));
#8354=DIRECTION('',(1.,0.,0.));
#8355=DIRECTION('',(0.576619425030697,0.817012875466029,0.));
#8356=DIRECTION('',(-0.522312079091615,-0.85275441484345,0.));
#8357=DIRECTION('center_axis',(0.817012875466029,-0.576619425030697,0.));
#8358=DIRECTION('ref_axis',(0.576619425030697,0.817012875466029,0.));
#8359=DIRECTION('',(0.,0.,-1.));
#8360=DIRECTION('center_axis',(-0.85275441484345,0.522312079091615,0.));
#8361=DIRECTION('ref_axis',(-0.522312079091615,-0.85275441484345,0.));
#8362=DIRECTION('',(0.,0.,1.));
#8363=DIRECTION('center_axis',(0.,1.,0.));
#8364=DIRECTION('ref_axis',(1.,0.,0.));
#8365=DIRECTION('center_axis',(0.,-1.,0.));
#8366=DIRECTION('ref_axis',(-1.,0.,0.));
#8367=DIRECTION('',(0.,0.,1.));
#8368=DIRECTION('',(1.,0.,0.));
#8369=DIRECTION('',(0.,0.,-1.));
#8370=DIRECTION('',(-1.,0.,0.));
#8371=DIRECTION('center_axis',(0.,-1.,0.));
#8372=DIRECTION('ref_axis',(-1.,0.,0.));
#8373=DIRECTION('',(0.,0.,-1.));
#8374=DIRECTION('',(-1.,0.,0.));
#8375=DIRECTION('',(0.,0.,1.));
#8376=DIRECTION('',(1.,0.,0.));
#8377=DIRECTION('center_axis',(0.,1.,0.));
#8378=DIRECTION('ref_axis',(1.,0.,0.));
#8379=DIRECTION('',(0.,0.,-1.));
#8380=DIRECTION('',(1.,0.,0.));
#8381=DIRECTION('',(0.,0.,1.));
#8382=DIRECTION('',(-1.,0.,0.));
#8383=DIRECTION('center_axis',(-0.85275441484345,0.522312079091615,0.));
#8384=DIRECTION('ref_axis',(-0.522312079091615,-0.85275441484345,0.));
#8385=DIRECTION('',(0.522312079091615,0.85275441484345,0.));
#8386=DIRECTION('',(0.,0.,1.));
#8387=DIRECTION('',(-0.522312079091615,-0.85275441484345,0.));
#8388=DIRECTION('center_axis',(0.817012875466029,-0.576619425030697,0.));
#8389=DIRECTION('ref_axis',(0.576619425030697,0.817012875466029,0.));
#8390=DIRECTION('',(0.576619425030696,0.817012875466029,0.));
#8391=DIRECTION('',(-0.576619425030696,-0.817012875466029,0.));
#8392=DIRECTION('center_axis',(0.,0.,1.));
#8393=DIRECTION('ref_axis',(1.,0.,0.));
#8394=DIRECTION('',(-0.535679724820908,0.844421241096999,0.));
#8395=DIRECTION('',(0.584776648806148,-0.81119434848318,0.));
#8396=DIRECTION('center_axis',(0.844421241096999,0.535679724820908,0.));
#8397=DIRECTION('ref_axis',(-0.535679724820908,0.844421241096999,0.));
#8398=DIRECTION('',(0.535679724820908,-0.844421241096999,0.));
#8399=DIRECTION('center_axis',(0.,0.,1.));
#8400=DIRECTION('ref_axis',(1.,0.,0.));
#8401=DIRECTION('',(-0.584776648806148,0.81119434848318,0.));
#8402=DIRECTION('center_axis',(-0.81119434848318,-0.584776648806148,0.));
#8403=DIRECTION('ref_axis',(0.584776648806148,-0.81119434848318,0.));
#8404=DIRECTION('center_axis',(0.,-1.,0.));
#8405=DIRECTION('ref_axis',(1.,0.,0.));
#8406=DIRECTION('',(-1.,0.,0.));
#8407=DIRECTION('',(0.,0.,1.));
#8408=DIRECTION('',(1.,0.,0.));
#8409=DIRECTION('',(0.,0.,1.));
#8410=DIRECTION('center_axis',(0.,0.,1.));
#8411=DIRECTION('ref_axis',(1.,0.,0.));
#8412=DIRECTION('',(1.,0.,0.));
#8413=DIRECTION('',(0.587363386668614,-0.809323329702768,0.));
#8414=DIRECTION('',(-0.55870496546132,0.829366482062583,0.));
#8415=DIRECTION('center_axis',(0.,0.,1.));
#8416=DIRECTION('ref_axis',(1.,0.,0.));
#8417=DIRECTION('',(-1.,0.,0.));
#8418=DIRECTION('',(0.55870496546132,-0.829366482062583,0.));
#8419=DIRECTION('',(-0.587363386668614,0.809323329702768,0.));
#8420=DIRECTION('center_axis',(0.809323329702768,0.587363386668614,0.));
#8421=DIRECTION('ref_axis',(-0.587363386668614,0.809323329702768,0.));
#8422=DIRECTION('',(0.,0.,1.));
#8423=DIRECTION('center_axis',(-0.829366482062583,-0.55870496546132,0.));
#8424=DIRECTION('ref_axis',(0.55870496546132,-0.829366482062583,0.));
#8425=DIRECTION('',(0.,0.,-1.));
#8426=DIRECTION('center_axis',(0.,-1.,0.));
#8427=DIRECTION('ref_axis',(-1.,0.,0.));
#8428=DIRECTION('center_axis',(0.,-1.,0.));
#8429=DIRECTION('ref_axis',(-1.,0.,0.));
#8430=DIRECTION('',(-1.,0.,0.));
#8431=DIRECTION('',(1.,0.,0.));
#8432=DIRECTION('center_axis',(0.,1.,0.));
#8433=DIRECTION('ref_axis',(1.,0.,0.));
#8434=DIRECTION('',(-1.,0.,0.));
#8435=DIRECTION('',(1.,0.,0.));
#8436=DIRECTION('',(0.,0.,1.));
#8437=DIRECTION('center_axis',(0.,0.,1.));
#8438=DIRECTION('ref_axis',(1.,0.,0.));
#8439=DIRECTION('center_axis',(0.,0.,1.));
#8440=DIRECTION('ref_axis',(1.,0.,0.));
#8441=DIRECTION('center_axis',(-0.829366482062583,-0.55870496546132,0.));
#8442=DIRECTION('ref_axis',(0.55870496546132,-0.829366482062583,0.));
#8443=DIRECTION('',(0.,0.,-1.));
#8444=DIRECTION('',(-0.55870496546132,0.829366482062583,0.));
#8445=DIRECTION('',(0.,0.,1.));
#8446=DIRECTION('',(0.55870496546132,-0.829366482062583,0.));
#8447=DIRECTION('center_axis',(0.809323329702768,0.587363386668614,0.));
#8448=DIRECTION('ref_axis',(-0.587363386668614,0.809323329702768,0.));
#8449=DIRECTION('',(0.,0.,1.));
#8450=DIRECTION('',(-0.587363386668614,0.809323329702768,0.));
#8451=DIRECTION('',(0.,0.,-1.));
#8452=DIRECTION('',(0.587363386668614,-0.809323329702768,0.));
#8453=DIRECTION('center_axis',(0.,0.,1.));
#8454=DIRECTION('ref_axis',(1.,0.,0.));
#8455=DIRECTION('',(1.,0.,0.));
#8456=DIRECTION('',(-1.,0.,0.));
#8457=DIRECTION('center_axis',(0.,0.,1.));
#8458=DIRECTION('ref_axis',(1.,0.,0.));
#8459=DIRECTION('',(-1.,0.,0.));
#8460=DIRECTION('',(1.,0.,0.));
#8461=DIRECTION('center_axis',(0.,1.,0.));
#8462=DIRECTION('ref_axis',(1.,0.,0.));
#8463=DIRECTION('center_axis',(0.,-1.,0.));
#8464=DIRECTION('ref_axis',(-1.,0.,0.));
#8465=DIRECTION('center_axis',(0.,-1.,0.));
#8466=DIRECTION('ref_axis',(-1.,0.,0.));
#8467=DIRECTION('',(0.,0.,1.));
#8468=DIRECTION('',(1.,0.,0.));
#8469=DIRECTION('',(0.,0.,-1.));
#8470=DIRECTION('',(-1.,0.,0.));
#8471=DIRECTION('center_axis',(0.,1.,0.));
#8472=DIRECTION('ref_axis',(1.,0.,0.));
#8473=DIRECTION('',(0.,0.,-1.));
#8474=DIRECTION('',(1.,0.,0.));
#8475=DIRECTION('',(0.,0.,1.));
#8476=DIRECTION('',(-1.,0.,0.));
#8477=DIRECTION('center_axis',(1.,0.,0.));
#8478=DIRECTION('ref_axis',(0.,1.,0.));
#8479=DIRECTION('',(0.,1.,0.));
#8480=DIRECTION('',(0.,-1.,0.));
#8481=DIRECTION('center_axis',(0.,0.,1.));
#8482=DIRECTION('ref_axis',(1.,0.,0.));
#8483=DIRECTION('',(0.,-1.,0.));
#8484=DIRECTION('center_axis',(0.,0.,1.));
#8485=DIRECTION('ref_axis',(1.,0.,0.));
#8486=DIRECTION('',(0.,1.,0.));
#8487=DIRECTION('center_axis',(-1.,0.,0.));
#8488=DIRECTION('ref_axis',(0.,-1.,0.));
#8489=DIRECTION('center_axis',(0.,-1.,0.));
#8490=DIRECTION('ref_axis',(1.,0.,0.));
#8491=DIRECTION('',(-1.,0.,0.));
#8492=DIRECTION('',(0.,0.,1.));
#8493=DIRECTION('',(1.,0.,0.));
#8494=DIRECTION('',(0.,0.,1.));
#8495=DIRECTION('center_axis',(0.,0.,1.));
#8496=DIRECTION('ref_axis',(1.,0.,0.));
#8497=DIRECTION('',(1.,0.,0.));
#8498=DIRECTION('',(-0.560409434100213,-0.828215712342792,0.));
#8499=DIRECTION('',(0.589679672776732,0.80763722271446,0.));
#8500=DIRECTION('center_axis',(0.,0.,1.));
#8501=DIRECTION('ref_axis',(1.,0.,0.));
#8502=DIRECTION('',(-1.,0.,0.));
#8503=DIRECTION('',(-0.589679672776732,-0.80763722271446,0.));
#8504=DIRECTION('',(0.560409434100213,0.828215712342792,0.));
#8505=DIRECTION('center_axis',(-0.80763722271446,0.589679672776732,0.));
#8506=DIRECTION('ref_axis',(-0.589679672776732,-0.80763722271446,0.));
#8507=DIRECTION('',(0.,0.,-1.));
#8508=DIRECTION('center_axis',(0.828215712342792,-0.560409434100213,0.));
#8509=DIRECTION('ref_axis',(0.560409434100213,0.828215712342792,0.));
#8510=DIRECTION('',(0.,0.,1.));
#8511=DIRECTION('center_axis',(0.,-1.,0.));
#8512=DIRECTION('ref_axis',(-1.,0.,0.));
#8513=DIRECTION('center_axis',(0.,-1.,0.));
#8514=DIRECTION('ref_axis',(-1.,0.,0.));
#8515=DIRECTION('',(0.,0.,1.));
#8516=DIRECTION('',(1.,0.,0.));
#8517=DIRECTION('',(-1.,0.,0.));
#8518=DIRECTION('center_axis',(0.,1.,0.));
#8519=DIRECTION('ref_axis',(1.,0.,0.));
#8520=DIRECTION('',(0.,0.,-1.));
#8521=DIRECTION('',(1.,0.,0.));
#8522=DIRECTION('',(-1.,0.,0.));
#8523=DIRECTION('center_axis',(0.197928330605155,-0.980216494425521,0.));
#8524=DIRECTION('ref_axis',(0.980216494425521,0.197928330605155,0.));
#8525=DIRECTION('',(0.980216494425521,0.197928330605155,0.));
#8526=DIRECTION('',(-0.980216494425521,-0.197928330605155,0.));
#8527=DIRECTION('center_axis',(0.,0.,1.));
#8528=DIRECTION('ref_axis',(1.,0.,0.));
#8529=DIRECTION('center_axis',(0.,0.,1.));
#8530=DIRECTION('ref_axis',(1.,0.,0.));
#8531=DIRECTION('center_axis',(-0.80763722271446,0.589679672776732,0.));
#8532=DIRECTION('ref_axis',(-0.589679672776732,-0.80763722271446,0.));
#8533=DIRECTION('',(0.,0.,1.));
#8534=DIRECTION('',(-0.589679672776732,-0.80763722271446,0.));
#8535=DIRECTION('',(0.,0.,-1.));
#8536=DIRECTION('',(0.589679672776732,0.80763722271446,0.));
#8537=DIRECTION('center_axis',(0.,0.,1.));
#8538=DIRECTION('ref_axis',(1.,0.,0.));
#8539=DIRECTION('',(-1.,0.,0.));
#8540=DIRECTION('',(1.,0.,0.));
#8541=DIRECTION('',(0.587363386668614,-0.809323329702768,0.));
#8542=DIRECTION('center_axis',(0.,0.,1.));
#8543=DIRECTION('ref_axis',(1.,0.,0.));
#8544=DIRECTION('',(1.,0.,0.));
#8545=DIRECTION('',(-0.587363386668614,0.809323329702768,0.));
#8546=DIRECTION('',(-1.,0.,0.));
#8547=DIRECTION('center_axis',(0.809323329702768,0.587363386668614,0.));
#8548=DIRECTION('ref_axis',(-0.587363386668614,0.809323329702768,0.));
#8549=DIRECTION('',(0.,0.,-1.));
#8550=DIRECTION('',(0.,0.,1.));
#8551=DIRECTION('center_axis',(0.,-1.,0.));
#8552=DIRECTION('ref_axis',(-1.,0.,0.));
#8553=DIRECTION('center_axis',(0.,1.,0.));
#8554=DIRECTION('ref_axis',(1.,0.,0.));
#8555=DIRECTION('center_axis',(0.,1.,0.));
#8556=DIRECTION('ref_axis',(1.,0.,0.));
#8557=DIRECTION('',(0.,0.,-1.));
#8558=DIRECTION('',(1.,0.,0.));
#8559=DIRECTION('',(0.,0.,1.));
#8560=DIRECTION('',(-1.,0.,0.));
#8561=DIRECTION('center_axis',(0.,-1.,0.));
#8562=DIRECTION('ref_axis',(-1.,0.,0.));
#8563=DIRECTION('',(0.,0.,1.));
#8564=DIRECTION('',(1.,0.,0.));
#8565=DIRECTION('',(0.,0.,-1.));
#8566=DIRECTION('',(-1.,0.,0.));
#8567=DIRECTION('center_axis',(0.,0.,1.));
#8568=DIRECTION('ref_axis',(1.,0.,0.));
#8569=DIRECTION('',(-0.535679724820908,0.844421241096999,0.));
#8570=DIRECTION('',(0.584776648806148,-0.81119434848318,0.));
#8571=DIRECTION('center_axis',(0.,0.,1.));
#8572=DIRECTION('ref_axis',(1.,0.,0.));
#8573=DIRECTION('',(-0.584776648806148,0.81119434848318,0.));
#8574=DIRECTION('',(0.535679724820908,-0.844421241096999,0.));
#8575=DIRECTION('center_axis',(0.844421241096999,0.535679724820908,0.));
#8576=DIRECTION('ref_axis',(-0.535679724820908,0.844421241096999,0.));
#8577=DIRECTION('center_axis',(-0.81119434848318,-0.584776648806148,0.));
#8578=DIRECTION('ref_axis',(0.584776648806148,-0.81119434848318,0.));
#8579=DIRECTION('center_axis',(0.,1.,0.));
#8580=DIRECTION('ref_axis',(-1.,0.,0.));
#8581=DIRECTION('',(1.,0.,0.));
#8582=DIRECTION('',(0.,0.,1.));
#8583=DIRECTION('',(-1.,0.,0.));
#8584=DIRECTION('',(0.,0.,1.));
#8585=DIRECTION('center_axis',(-0.81119434848318,-0.584776648806148,0.));
#8586=DIRECTION('ref_axis',(0.584776648806148,-0.81119434848318,0.));
#8587=DIRECTION('',(0.,0.,1.));
#8588=DIRECTION('',(0.584776648806148,-0.81119434848318,0.));
#8589=DIRECTION('',(-0.584776648806148,0.81119434848318,0.));
#8590=DIRECTION('center_axis',(0.,0.,1.));
#8591=DIRECTION('ref_axis',(1.,0.,0.));
#8592=DIRECTION('',(-1.,0.,0.));
#8593=DIRECTION('',(0.535679724820908,-0.844421241096999,0.));
#8594=DIRECTION('center_axis',(0.844421241096999,0.535679724820908,0.));
#8595=DIRECTION('ref_axis',(-0.535679724820908,0.844421241096999,0.));
#8596=DIRECTION('',(0.,0.,-1.));
#8597=DIRECTION('',(-0.535679724820908,0.844421241096999,0.));
#8598=DIRECTION('center_axis',(0.,0.,1.));
#8599=DIRECTION('ref_axis',(1.,0.,0.));
#8600=DIRECTION('',(1.,0.,0.));
#8601=DIRECTION('center_axis',(0.,1.,0.));
#8602=DIRECTION('ref_axis',(1.,0.,0.));
#8603=DIRECTION('center_axis',(0.,-1.,0.));
#8604=DIRECTION('ref_axis',(-1.,0.,0.));
#8605=DIRECTION('',(0.,0.,1.));
#8606=DIRECTION('',(1.,0.,0.));
#8607=DIRECTION('',(0.,0.,-1.));
#8608=DIRECTION('',(-1.,0.,0.));
#8609=DIRECTION('center_axis',(0.,0.,1.));
#8610=DIRECTION('ref_axis',(1.,0.,0.));
#8611=DIRECTION('',(-1.,0.,0.));
#8612=DIRECTION('',(0.,1.,0.));
#8613=DIRECTION('',(0.,-1.,0.));
#8614=DIRECTION('center_axis',(1.,0.,0.));
#8615=DIRECTION('ref_axis',(0.,1.,0.));
#8616=DIRECTION('',(0.,1.,0.));
#8617=DIRECTION('',(0.,0.,1.));
#8618=DIRECTION('center_axis',(0.,-1.,0.));
#8619=DIRECTION('ref_axis',(1.,0.,0.));
#8620=DIRECTION('',(1.,0.,0.));
#8621=DIRECTION('',(0.,0.,1.));
#8622=DIRECTION('center_axis',(-1.,0.,0.));
#8623=DIRECTION('ref_axis',(0.,-1.,0.));
#8624=DIRECTION('',(0.,-1.,0.));
#8625=DIRECTION('center_axis',(0.,0.,1.));
#8626=DIRECTION('ref_axis',(1.,0.,0.));
#8627=DIRECTION('center_axis',(0.,0.,1.));
#8628=DIRECTION('ref_axis',(1.,0.,0.));
#8629=DIRECTION('',(-1.,0.,0.));
#8630=DIRECTION('',(0.522312079091615,0.85275441484345,0.));
#8631=DIRECTION('',(1.,0.,0.));
#8632=DIRECTION('',(-0.576619425030696,-0.817012875466029,0.));
#8633=DIRECTION('center_axis',(0.817012875466029,-0.576619425030697,0.));
#8634=DIRECTION('ref_axis',(0.576619425030697,0.817012875466029,0.));
#8635=DIRECTION('',(0.,0.,-1.));
#8636=DIRECTION('',(0.,0.,1.));
#8637=DIRECTION('',(0.576619425030696,0.817012875466029,0.));
#8638=DIRECTION('center_axis',(-0.85275441484345,0.522312079091615,0.));
#8639=DIRECTION('ref_axis',(-0.522312079091615,-0.85275441484345,0.));
#8640=DIRECTION('',(0.,0.,1.));
#8641=DIRECTION('',(-0.522312079091615,-0.85275441484345,0.));
#8642=DIRECTION('',(0.,0.,-1.));
#8643=DIRECTION('center_axis',(0.,0.,1.));
#8644=DIRECTION('ref_axis',(1.,0.,0.));
#8645=DIRECTION('',(1.,0.,0.));
#8646=DIRECTION('',(-1.,0.,0.));
#8647=DIRECTION('center_axis',(0.,-1.,0.));
#8648=DIRECTION('ref_axis',(-1.,0.,0.));
#8649=DIRECTION('center_axis',(0.,1.,0.));
#8650=DIRECTION('ref_axis',(1.,0.,0.));
#8651=DIRECTION('center_axis',(0.,0.,1.));
#8652=DIRECTION('ref_axis',(1.,0.,0.));
#8653=DIRECTION('center_axis',(0.,0.,1.));
#8654=DIRECTION('ref_axis',(1.,0.,0.));
#8655=DIRECTION('center_axis',(0.,0.,1.));
#8656=DIRECTION('ref_axis',(1.,0.,0.));
#8657=DIRECTION('',(0.,0.,-1.));
#8658=DIRECTION('center_axis',(0.,0.,1.));
#8659=DIRECTION('ref_axis',(1.,0.,0.));
#8660=DIRECTION('center_axis',(0.,0.,1.));
#8661=DIRECTION('ref_axis',(1.,0.,0.));
#8662=DIRECTION('center_axis',(0.,0.,1.));
#8663=DIRECTION('ref_axis',(1.,0.,0.));
#8664=DIRECTION('center_axis',(0.,0.,1.));
#8665=DIRECTION('ref_axis',(1.,0.,0.));
#8666=DIRECTION('axis',(0.,0.,1.));
#8667=DIRECTION('refdir',(1.,0.,0.));
#8668=DIRECTION('center_axis',(-1.,-5.30218737664086E-17,0.));
#8669=DIRECTION('ref_axis',(0.,0.707106781186548,0.707106781186547));
#8670=DIRECTION('center_axis',(-1.,0.,0.));
#8671=DIRECTION('ref_axis',(0.,0.,1.));
#8672=DIRECTION('',(-1.,-5.30218737664086E-17,0.));
#8673=DIRECTION('center_axis',(1.,-5.55111512312578E-15,0.));
#8674=DIRECTION('ref_axis',(5.55111512312578E-15,1.,0.));
#8675=DIRECTION('',(1.,5.30218737664086E-17,0.));
#8676=DIRECTION('center_axis',(0.,0.,1.));
#8677=DIRECTION('ref_axis',(1.,0.,0.));
#8678=DIRECTION('center_axis',(0.,0.,1.));
#8679=DIRECTION('ref_axis',(0.,1.,0.));
#8680=DIRECTION('center_axis',(0.,1.,0.));
#8681=DIRECTION('ref_axis',(-1.,0.,0.));
#8682=DIRECTION('center_axis',(0.,0.,-1.));
#8683=DIRECTION('ref_axis',(-0.707106781186548,0.707106781186548,0.));
#8684=DIRECTION('center_axis',(2.88719824468026E-16,-1.,0.));
#8685=DIRECTION('ref_axis',(-0.707106781186548,0.,0.707106781186547));
#8686=DIRECTION('',(2.88719824468026E-16,-1.,0.));
#8687=DIRECTION('center_axis',(0.,1.,0.));
#8688=DIRECTION('ref_axis',(-1.,0.,0.));
#8689=DIRECTION('',(-2.88719824468026E-16,1.,0.));
#8690=DIRECTION('center_axis',(0.,0.,1.));
#8691=DIRECTION('ref_axis',(1.,0.,0.));
#8692=DIRECTION('center_axis',(0.,0.,1.));
#8693=DIRECTION('ref_axis',(-1.,0.,0.));
#8694=DIRECTION('center_axis',(-1.,0.,0.));
#8695=DIRECTION('ref_axis',(0.,-1.,0.));
#8696=DIRECTION('center_axis',(0.,0.,-1.));
#8697=DIRECTION('ref_axis',(-0.707106781186548,-0.707106781186548,0.));
#8698=DIRECTION('center_axis',(1.,1.06043747532817E-16,0.));
#8699=DIRECTION('ref_axis',(0.,-0.707106781186548,0.707106781186547));
#8700=DIRECTION('',(1.,1.06043747532817E-16,0.));
#8701=DIRECTION('center_axis',(-1.,5.55111512312576E-15,0.));
#8702=DIRECTION('ref_axis',(-5.55111512312576E-15,-1.,0.));
#8703=DIRECTION('',(-1.,-1.06043747532817E-16,0.));
#8704=DIRECTION('center_axis',(0.,0.,1.));
#8705=DIRECTION('ref_axis',(1.,0.,0.));
#8706=DIRECTION('center_axis',(0.,0.,1.));
#8707=DIRECTION('ref_axis',(0.,-1.,0.));
#8708=DIRECTION('center_axis',(0.,-1.,0.));
#8709=DIRECTION('ref_axis',(1.,0.,0.));
#8710=DIRECTION('center_axis',(0.,0.,-1.));
#8711=DIRECTION('ref_axis',(0.707106781186548,-0.707106781186548,0.));
#8712=DIRECTION('center_axis',(-2.88719824468026E-16,1.,0.));
#8713=DIRECTION('ref_axis',(0.707106781186548,0.,0.707106781186547));
#8714=DIRECTION('',(-2.88719824468026E-16,1.,0.));
#8715=DIRECTION('center_axis',(0.,-1.,0.));
#8716=DIRECTION('ref_axis',(1.,0.,0.));
#8717=DIRECTION('',(2.88719824468026E-16,-1.,0.));
#8718=DIRECTION('center_axis',(0.,0.,1.));
#8719=DIRECTION('ref_axis',(1.,0.,0.));
#8720=DIRECTION('center_axis',(0.,0.,1.));
#8721=DIRECTION('ref_axis',(1.,0.,0.));
#8722=DIRECTION('center_axis',(0.,0.,-1.));
#8723=DIRECTION('ref_axis',(0.707106781186548,0.707106781186548,0.));
#8724=DIRECTION('center_axis',(0.,0.,1.));
#8725=DIRECTION('ref_axis',(1.,0.,0.));
#8726=DIRECTION('center_axis',(0.,0.,1.));
#8727=DIRECTION('ref_axis',(1.,0.,0.));
#8728=DIRECTION('',(0.,0.,1.));
#8729=DIRECTION('',(1.,0.,0.));
#8730=DIRECTION('',(0.,0.,1.));
#8731=DIRECTION('',(1.,0.,0.));
#8732=DIRECTION('',(0.,0.,1.));
#8733=DIRECTION('',(1.,0.,0.));
#8734=DIRECTION('',(0.,0.,1.));
#8735=DIRECTION('',(1.,-5.55111512312578E-17,0.));
#8736=DIRECTION('',(0.,0.,1.));
#8737=DIRECTION('',(1.,-1.18329135783152E-30,0.));
#8738=CARTESIAN_POINT('',(0.,0.,0.));
#8739=CARTESIAN_POINT('',(0.,0.,0.));
#8740=CARTESIAN_POINT('Origin',(1.6,-1.25,0.));
#8741=CARTESIAN_POINT('',(1.6,-1.055,0.015));
#8742=CARTESIAN_POINT('',(1.585,-1.05557777904776,0.));
#8743=CARTESIAN_POINT('Ctrl Pts',(1.6,-1.055,0.015));
#8744=CARTESIAN_POINT('Ctrl Pts',(1.6,-1.055,0.0131164920235325));
#8745=CARTESIAN_POINT('Ctrl Pts',(1.59962356134908,-1.05499863288282,0.0111074532338319));
#8746=CARTESIAN_POINT('Ctrl Pts',(1.59809269927654,-1.05500803754763,0.00741174117889332));
#8747=CARTESIAN_POINT('Ctrl Pts',(1.59693827391207,-1.05501948793578,0.00572507047647131));
#8748=CARTESIAN_POINT('Ctrl Pts',(1.5942733266812,-1.05507954510154,0.00306012324560498));
#8749=CARTESIAN_POINT('Ctrl Pts',(1.59258480534828,-1.05513202987339,0.00190530973151598));
#8750=CARTESIAN_POINT('Ctrl Pts',(1.58888823376954,-1.05530827777923,0.000375213833917844));
#8751=CARTESIAN_POINT('Ctrl Pts',(1.58688018753177,-1.05543271943041,-1.04643174873585E-17));
#8752=CARTESIAN_POINT('Ctrl Pts',(1.585,-1.05557777904776,-1.16531633873127E-31));
#8753=CARTESIAN_POINT('',(1.6,-1.055,0.5));
#8754=CARTESIAN_POINT('',(1.6,-1.055,0.));
#8755=CARTESIAN_POINT('',(1.5300000000117,-1.06799725286096,0.5));
#8756=CARTESIAN_POINT('Origin',(1.6,-1.25,0.5));
#8757=CARTESIAN_POINT('',(1.5300000000117,-1.06799725286096,0.));
#8758=CARTESIAN_POINT('',(1.5300000000117,-1.06799725286096,0.));
#8759=CARTESIAN_POINT('Origin',(1.6,-1.25,0.));
#8760=CARTESIAN_POINT('Origin',(1.6,-1.25,0.));
#8761=CARTESIAN_POINT('',(1.40557777904777,-1.235,0.));
#8762=CARTESIAN_POINT('',(1.405,-1.25,0.015));
#8763=CARTESIAN_POINT('Ctrl Pts',(1.40557777904777,-1.235,2.16840434497101E-18));
#8764=CARTESIAN_POINT('Ctrl Pts',(1.40543271943041,-1.23688018753177,-2.07987340363708E-17));
#8765=CARTESIAN_POINT('Ctrl Pts',(1.40530827777923,-1.23888823376953,0.000375213833917761));
#8766=CARTESIAN_POINT('Ctrl Pts',(1.40513202987339,-1.24258480534828,0.00190530973151584));
#8767=CARTESIAN_POINT('Ctrl Pts',(1.40507954510154,-1.2442733266812,0.003060123245605));
#8768=CARTESIAN_POINT('Ctrl Pts',(1.40501948793578,-1.24693827391207,0.0057250704764713));
#8769=CARTESIAN_POINT('Ctrl Pts',(1.40500803754763,-1.24809269927654,0.00741174117889331));
#8770=CARTESIAN_POINT('Ctrl Pts',(1.40499863288282,-1.24962356134908,0.0111074532338319));
#8771=CARTESIAN_POINT('Ctrl Pts',(1.405,-1.25,0.0131164920235325));
#8772=CARTESIAN_POINT('Ctrl Pts',(1.405,-1.25,0.015));
#8773=CARTESIAN_POINT('',(1.41799725286546,-1.18,0.));
#8774=CARTESIAN_POINT('Origin',(1.6,-1.25,0.));
#8775=CARTESIAN_POINT('',(1.41799725286546,-1.18,0.5));
#8776=CARTESIAN_POINT('',(1.41799725286546,-1.18,0.));
#8777=CARTESIAN_POINT('',(1.405,-1.25,0.5));
#8778=CARTESIAN_POINT('Origin',(1.6,-1.25,0.5));
#8779=CARTESIAN_POINT('',(1.405,-1.25,0.));
#8780=CARTESIAN_POINT('Origin',(0.6,-1.18,0.));
#8781=CARTESIAN_POINT('',(0.6,-1.18,0.));
#8782=CARTESIAN_POINT('',(0.3,-1.18,0.));
#8783=CARTESIAN_POINT('',(0.6,-1.18,0.5));
#8784=CARTESIAN_POINT('',(0.6,-1.18,0.));
#8785=CARTESIAN_POINT('',(1.41799725286546,-1.18,0.5));
#8786=CARTESIAN_POINT('Origin',(0.6,-0.35,0.));
#8787=CARTESIAN_POINT('',(0.6,-0.35,0.));
#8788=CARTESIAN_POINT('',(0.6,-0.175,0.));
#8789=CARTESIAN_POINT('',(0.6,-0.35,0.5));
#8790=CARTESIAN_POINT('',(0.6,-0.35,0.));
#8791=CARTESIAN_POINT('',(0.6,-1.18,0.5));
#8792=CARTESIAN_POINT('Origin',(1.53,-0.35,0.));
#8793=CARTESIAN_POINT('',(1.53,-0.35,0.));
#8794=CARTESIAN_POINT('',(0.765000000000001,-0.35,0.));
#8795=CARTESIAN_POINT('',(1.53,-0.35,0.5));
#8796=CARTESIAN_POINT('',(1.53,-0.35,0.));
#8797=CARTESIAN_POINT('',(0.6,-0.35,0.5));
#8798=CARTESIAN_POINT('Origin',(1.5300000000117,-1.06799725286096,0.));
#8799=CARTESIAN_POINT('',(1.530000000003,-0.533998626418013,0.));
#8800=CARTESIAN_POINT('',(1.53,-0.35,0.5));
#8801=CARTESIAN_POINT('Origin',(1.1,-0.8,0.5));
#8802=CARTESIAN_POINT('',(1.58660714285714,-1.12571954547254,0.5));
#8803=CARTESIAN_POINT('',(1.6,-1.11080589092925,0.5));
#8804=CARTESIAN_POINT('Origin',(1.585,-1.11080589092925,0.5));
#8805=CARTESIAN_POINT('',(1.47571954547255,-1.23660714285714,0.5));
#8806=CARTESIAN_POINT('Origin',(1.6,-1.25,0.5));
#8807=CARTESIAN_POINT('',(1.46080589092925,-1.25,0.5));
#8808=CARTESIAN_POINT('Origin',(1.46080589092925,-1.235,0.5));
#8809=CARTESIAN_POINT('',(-0.187499999999999,-1.25,0.5));
#8810=CARTESIAN_POINT('',(1.6,-0.9625,0.5));
#8811=CARTESIAN_POINT('Origin',(-1.6,1.25,0.));
#8812=CARTESIAN_POINT('',(-1.40557777904776,1.235,0.));
#8813=CARTESIAN_POINT('',(-1.405,1.25,0.015));
#8814=CARTESIAN_POINT('Ctrl Pts',(-1.40557777904776,1.235,2.16840434497101E-18));
#8815=CARTESIAN_POINT('Ctrl Pts',(-1.40543271943041,1.23688018753177,-9.38311495925574E-18));
#8816=CARTESIAN_POINT('Ctrl Pts',(-1.40530827777923,1.23888823376953,0.000375213833917855));
#8817=CARTESIAN_POINT('Ctrl Pts',(-1.40513202987339,1.24258480534827,0.00190530973151603));
#8818=CARTESIAN_POINT('Ctrl Pts',(-1.40507954510154,1.2442733266812,0.00306012324560503));
#8819=CARTESIAN_POINT('Ctrl Pts',(-1.40501948793578,1.24693827391207,0.00572507047647136));
#8820=CARTESIAN_POINT('Ctrl Pts',(-1.40500803754763,1.24809269927654,0.00741174117889351));
#8821=CARTESIAN_POINT('Ctrl Pts',(-1.40499863288282,1.24962356134908,0.0111074532338321));
#8822=CARTESIAN_POINT('Ctrl Pts',(-1.405,1.25,0.0131164920235325));
#8823=CARTESIAN_POINT('Ctrl Pts',(-1.405,1.25,0.015));
#8824=CARTESIAN_POINT('',(-1.41799725278055,1.17999999996734,0.));
#8825=CARTESIAN_POINT('Origin',(-1.6,1.25,0.));
#8826=CARTESIAN_POINT('',(-1.41799725278055,1.17999999996734,0.5));
#8827=CARTESIAN_POINT('',(-1.41799725278055,1.17999999996734,0.));
#8828=CARTESIAN_POINT('',(-1.405,1.25,0.5));
#8829=CARTESIAN_POINT('Origin',(-1.6,1.25,0.5));
#8830=CARTESIAN_POINT('',(-1.405,1.25,0.));
#8831=CARTESIAN_POINT('Origin',(-0.6,1.18,0.));
#8832=CARTESIAN_POINT('',(-0.6,1.18,0.));
#8833=CARTESIAN_POINT('',(-0.300000000023556,1.18000000001198,0.));
#8834=CARTESIAN_POINT('',(-0.6,1.18,0.5));
#8835=CARTESIAN_POINT('',(-0.6,1.18,0.));
#8836=CARTESIAN_POINT('',(-1.41799725278055,1.17999999996734,0.5));
#8837=CARTESIAN_POINT('Origin',(-0.6,0.35,0.));
#8838=CARTESIAN_POINT('',(-0.6,0.35,0.));
#8839=CARTESIAN_POINT('',(-0.6,0.175,0.));
#8840=CARTESIAN_POINT('',(-0.6,0.35,0.5));
#8841=CARTESIAN_POINT('',(-0.6,0.35,0.));
#8842=CARTESIAN_POINT('',(-0.6,1.18,0.5));
#8843=CARTESIAN_POINT('Origin',(-1.53,0.35,0.));
#8844=CARTESIAN_POINT('',(-1.53,0.35,0.));
#8845=CARTESIAN_POINT('',(-0.765,0.35,0.));
#8846=CARTESIAN_POINT('',(-1.53,0.35,0.5));
#8847=CARTESIAN_POINT('',(-1.53,0.35,0.));
#8848=CARTESIAN_POINT('',(-0.6,0.35,0.5));
#8849=CARTESIAN_POINT('Origin',(-1.52999999997904,1.06799725277605,0.));
#8850=CARTESIAN_POINT('',(-1.52999999997904,1.06799725277605,0.));
#8851=CARTESIAN_POINT('',(-1.52999999999463,0.533998626410353,0.));
#8852=CARTESIAN_POINT('',(-1.52999999997904,1.06799725277605,0.5));
#8853=CARTESIAN_POINT('',(-1.52999999997904,1.06799725277605,0.));
#8854=CARTESIAN_POINT('',(-1.53,0.35,0.5));
#8855=CARTESIAN_POINT('Origin',(-1.6,1.25,0.));
#8856=CARTESIAN_POINT('',(-1.6,1.055,0.015));
#8857=CARTESIAN_POINT('',(-1.585,1.05557777904776,0.));
#8858=CARTESIAN_POINT('Ctrl Pts',(-1.6,1.055,0.015));
#8859=CARTESIAN_POINT('Ctrl Pts',(-1.6,1.055,0.0131164920235325));
#8860=CARTESIAN_POINT('Ctrl Pts',(-1.59962356134908,1.05499863288282,0.0111074532338322));
#8861=CARTESIAN_POINT('Ctrl Pts',(-1.59809269927654,1.05500803754763,0.00741174117889357));
#8862=CARTESIAN_POINT('Ctrl Pts',(-1.59693827391207,1.05501948793578,0.00572507047647131));
#8863=CARTESIAN_POINT('Ctrl Pts',(-1.5942733266812,1.05507954510154,0.00306012324560497));
#8864=CARTESIAN_POINT('Ctrl Pts',(-1.59258480534828,1.05513202987339,0.00190530973151596));
#8865=CARTESIAN_POINT('Ctrl Pts',(-1.58888823376953,1.05530827777923,0.000375213833917861));
#8866=CARTESIAN_POINT('Ctrl Pts',(-1.58688018753177,1.05543271943041,3.38331572612587E-17));
#8867=CARTESIAN_POINT('Ctrl Pts',(-1.585,1.05557777904776,2.16840434497101E-18));
#8868=CARTESIAN_POINT('',(-1.6,1.055,0.5));
#8869=CARTESIAN_POINT('',(-1.6,1.055,0.));
#8870=CARTESIAN_POINT('Origin',(-1.6,1.25,0.5));
#8871=CARTESIAN_POINT('Origin',(-1.6,1.25,0.));
#8872=CARTESIAN_POINT('Origin',(-1.1,0.8,0.5));
#8873=CARTESIAN_POINT('',(-1.58660714285714,1.12571954547254,0.5));
#8874=CARTESIAN_POINT('',(-1.6,1.11080589092925,0.5));
#8875=CARTESIAN_POINT('Origin',(-1.585,1.11080589092925,0.5));
#8876=CARTESIAN_POINT('',(-1.47571954547254,1.23660714285714,0.5));
#8877=CARTESIAN_POINT('Origin',(-1.6,1.25,0.5));
#8878=CARTESIAN_POINT('',(-1.46080589092925,1.25,0.5));
#8879=CARTESIAN_POINT('Origin',(-1.46080589092925,1.235,0.5));
#8880=CARTESIAN_POINT('',(0.1875,1.25,0.5));
#8881=CARTESIAN_POINT('',(-1.6,0.962499999999999,0.5));
#8882=CARTESIAN_POINT('Origin',(-1.6,-1.25,0.));
#8883=CARTESIAN_POINT('',(-1.40500000009098,-1.25,0.015));
#8884=CARTESIAN_POINT('',(-1.40557777913901,-1.235,0.));
#8885=CARTESIAN_POINT('Ctrl Pts',(-1.40500000009098,-1.25,0.015));
#8886=CARTESIAN_POINT('Ctrl Pts',(-1.40500000009098,-1.25,0.0131164920235324));
#8887=CARTESIAN_POINT('Ctrl Pts',(-1.4049986329738,-1.24962356134908,0.0111074532338318));
#8888=CARTESIAN_POINT('Ctrl Pts',(-1.40500803763861,-1.24809269927654,0.00741174117889327));
#8889=CARTESIAN_POINT('Ctrl Pts',(-1.40501948802676,-1.24693827391207,0.00572507047647119));
#8890=CARTESIAN_POINT('Ctrl Pts',(-1.40507954519255,-1.2442733266812,0.00306012324560358));
#8891=CARTESIAN_POINT('Ctrl Pts',(-1.40513202996443,-1.24258480534827,0.00190530973151432));
#8892=CARTESIAN_POINT('Ctrl Pts',(-1.40530827787035,-1.23888823376953,0.00037521383391679));
#8893=CARTESIAN_POINT('Ctrl Pts',(-1.40543271952159,-1.23688018753177,2.78535472684432E-17));
#8894=CARTESIAN_POINT('Ctrl Pts',(-1.40557777913901,-1.235,2.16840434497101E-18));
#8895=CARTESIAN_POINT('',(-1.40500000009098,-1.25,0.5));
#8896=CARTESIAN_POINT('',(-1.40500000009098,-1.25,0.));
#8897=CARTESIAN_POINT('',(-1.41799725286546,-1.18,0.5));
#8898=CARTESIAN_POINT('Origin',(-1.6,-1.25,0.5));
#8899=CARTESIAN_POINT('',(-1.41799725286546,-1.18,0.));
#8900=CARTESIAN_POINT('',(-1.41799725286546,-1.18,0.));
#8901=CARTESIAN_POINT('Origin',(-1.6,-1.25,0.));
#8902=CARTESIAN_POINT('Origin',(-1.6,-1.25,0.));
#8903=CARTESIAN_POINT('',(-1.585,-1.05557777913901,0.));
#8904=CARTESIAN_POINT('',(-1.6,-1.05500000009098,0.015));
#8905=CARTESIAN_POINT('Ctrl Pts',(-1.585,-1.05557777913901,2.16840434497101E-18));
#8906=CARTESIAN_POINT('Ctrl Pts',(-1.58688018753177,-1.05543271952159,1.34481231949624E-17));
#8907=CARTESIAN_POINT('Ctrl Pts',(-1.58888823376953,-1.05530827787035,0.000375213833916811));
#8908=CARTESIAN_POINT('Ctrl Pts',(-1.59258480534827,-1.05513202996443,0.00190530973151435));
#8909=CARTESIAN_POINT('Ctrl Pts',(-1.5942733266812,-1.05507954519255,0.00306012324560362));
#8910=CARTESIAN_POINT('Ctrl Pts',(-1.59693827391207,-1.05501948802676,0.00572507047647128));
#8911=CARTESIAN_POINT('Ctrl Pts',(-1.59809269927654,-1.05500803763861,0.00741174117889361));
#8912=CARTESIAN_POINT('Ctrl Pts',(-1.59962356134908,-1.0549986329738,0.0111074532338321));
#8913=CARTESIAN_POINT('Ctrl Pts',(-1.6,-1.05500000009098,0.0131164920235324));
#8914=CARTESIAN_POINT('Ctrl Pts',(-1.6,-1.05500000009098,0.015));
#8915=CARTESIAN_POINT('',(-1.5300000000117,-1.06799725286096,0.));
#8916=CARTESIAN_POINT('Origin',(-1.6,-1.25,0.));
#8917=CARTESIAN_POINT('',(-1.5300000000117,-1.06799725286096,0.5));
#8918=CARTESIAN_POINT('',(-1.5300000000117,-1.06799725286096,0.));
#8919=CARTESIAN_POINT('',(-1.6,-1.05500000009098,0.5));
#8920=CARTESIAN_POINT('Origin',(-1.6,-1.25,0.5));
#8921=CARTESIAN_POINT('',(-1.6,-1.05500000009098,0.));
#8922=CARTESIAN_POINT('Origin',(-1.53,-0.35,0.));
#8923=CARTESIAN_POINT('',(-1.53,-0.35,0.));
#8924=CARTESIAN_POINT('',(-1.52999999999715,-0.174999999987532,0.));
#8925=CARTESIAN_POINT('',(-1.53,-0.35,0.5));
#8926=CARTESIAN_POINT('',(-1.53,-0.35,0.));
#8927=CARTESIAN_POINT('',(-1.5300000000117,-1.06799725286096,0.5));
#8928=CARTESIAN_POINT('Origin',(-1.,-0.349999999999999,0.));
#8929=CARTESIAN_POINT('',(-1.,-0.349999999999999,0.));
#8930=CARTESIAN_POINT('',(-0.5,-0.349999999999999,0.));
#8931=CARTESIAN_POINT('',(-1.,-0.349999999999999,0.5));
#8932=CARTESIAN_POINT('',(-1.,-0.349999999999999,0.));
#8933=CARTESIAN_POINT('',(-1.53,-0.35,0.5));
#8934=CARTESIAN_POINT('Origin',(-0.6,-0.75,0.));
#8935=CARTESIAN_POINT('',(-0.6,-0.75,0.));
#8936=CARTESIAN_POINT('',(-0.6375,-0.7125,0.));
#8937=CARTESIAN_POINT('',(-0.6,-0.75,0.5));
#8938=CARTESIAN_POINT('',(-0.6,-0.75,0.));
#8939=CARTESIAN_POINT('',(-1.,-0.349999999999999,0.5));
#8940=CARTESIAN_POINT('Origin',(-0.6,-1.18,0.));
#8941=CARTESIAN_POINT('',(-0.6,-1.18,0.));
#8942=CARTESIAN_POINT('',(-0.6,-0.59,0.));
#8943=CARTESIAN_POINT('',(-0.6,-1.18,0.5));
#8944=CARTESIAN_POINT('',(-0.6,-1.18,0.));
#8945=CARTESIAN_POINT('',(-0.6,-0.75,0.5));
#8946=CARTESIAN_POINT('Origin',(-1.41799725286546,-1.18,0.));
#8947=CARTESIAN_POINT('',(-0.70899862643273,-1.18,0.));
#8948=CARTESIAN_POINT('',(-0.6,-1.18,0.5));
#8949=CARTESIAN_POINT('Origin',(-1.1,-0.8,0.5));
#8950=CARTESIAN_POINT('',(-1.47571954547254,-1.23660714285714,0.5));
#8951=CARTESIAN_POINT('',(-1.46080589092925,-1.25,0.5));
#8952=CARTESIAN_POINT('Origin',(-1.46080589092925,-1.235,0.5));
#8953=CARTESIAN_POINT('',(-1.58660714285714,-1.12571954547254,0.5));
#8954=CARTESIAN_POINT('Origin',(-1.6,-1.25,0.5));
#8955=CARTESIAN_POINT('',(-1.6,-1.11080589092925,0.5));
#8956=CARTESIAN_POINT('Origin',(-1.585,-1.11080589092925,0.5));
#8957=CARTESIAN_POINT('',(-1.6,0.1625,0.5));
#8958=CARTESIAN_POINT('',(-1.2875,-1.25,0.5));
#8959=CARTESIAN_POINT('Origin',(1.6,1.25,0.));
#8960=CARTESIAN_POINT('',(1.585,1.05557777904776,0.));
#8961=CARTESIAN_POINT('',(1.6,1.055,0.015));
#8962=CARTESIAN_POINT('Ctrl Pts',(1.585,1.05557777904776,0.));
#8963=CARTESIAN_POINT('Ctrl Pts',(1.58688018753177,1.05543271943041,-3.58776599566572E-17));
#8964=CARTESIAN_POINT('Ctrl Pts',(1.58888823376953,1.05530827777923,0.000375213833917859));
#8965=CARTESIAN_POINT('Ctrl Pts',(1.59258480534828,1.05513202987339,0.00190530973151597));
#8966=CARTESIAN_POINT('Ctrl Pts',(1.5942733266812,1.05507954510154,0.00306012324560501));
#8967=CARTESIAN_POINT('Ctrl Pts',(1.59693827391207,1.05501948793578,0.00572507047647136));
#8968=CARTESIAN_POINT('Ctrl Pts',(1.59809269927654,1.05500803754763,0.00741174117889356));
#8969=CARTESIAN_POINT('Ctrl Pts',(1.59962356134908,1.05499863288282,0.011107453233832));
#8970=CARTESIAN_POINT('Ctrl Pts',(1.6,1.055,0.0131164920235325));
#8971=CARTESIAN_POINT('Ctrl Pts',(1.6,1.055,0.015));
#8972=CARTESIAN_POINT('',(1.52999999997904,1.06799725277605,0.));
#8973=CARTESIAN_POINT('Origin',(1.6,1.25,0.));
#8974=CARTESIAN_POINT('',(1.52999999997904,1.06799725277605,0.5));
#8975=CARTESIAN_POINT('',(1.52999999997904,1.06799725277605,0.));
#8976=CARTESIAN_POINT('',(1.6,1.055,0.5));
#8977=CARTESIAN_POINT('Origin',(1.6,1.25,0.5));
#8978=CARTESIAN_POINT('',(1.6,1.055,0.));
#8979=CARTESIAN_POINT('Origin',(1.53,0.35,0.));
#8980=CARTESIAN_POINT('',(1.53,0.35,0.));
#8981=CARTESIAN_POINT('',(1.53000000000511,0.175000000022329,0.));
#8982=CARTESIAN_POINT('',(1.53,0.35,0.5));
#8983=CARTESIAN_POINT('',(1.53,0.35,0.));
#8984=CARTESIAN_POINT('',(1.52999999997904,1.06799725277605,0.5));
#8985=CARTESIAN_POINT('Origin',(0.6,0.35,0.));
#8986=CARTESIAN_POINT('',(0.6,0.35,0.));
#8987=CARTESIAN_POINT('',(0.3,0.35,0.));
#8988=CARTESIAN_POINT('',(0.6,0.35,0.5));
#8989=CARTESIAN_POINT('',(0.6,0.35,0.));
#8990=CARTESIAN_POINT('',(1.53,0.35,0.5));
#8991=CARTESIAN_POINT('Origin',(0.6,1.18,0.));
#8992=CARTESIAN_POINT('',(0.6,1.18,0.));
#8993=CARTESIAN_POINT('',(0.6,0.59,0.));
#8994=CARTESIAN_POINT('',(0.6,1.18,0.5));
#8995=CARTESIAN_POINT('',(0.6,1.18,0.));
#8996=CARTESIAN_POINT('',(0.6,0.35,0.5));
#8997=CARTESIAN_POINT('Origin',(1.41799725286546,1.18,0.));
#8998=CARTESIAN_POINT('',(1.41799725286546,1.18,0.));
#8999=CARTESIAN_POINT('',(0.708998626432731,1.18,0.));
#9000=CARTESIAN_POINT('',(1.41799725286546,1.18,0.5));
#9001=CARTESIAN_POINT('',(1.41799725286546,1.18,0.));
#9002=CARTESIAN_POINT('',(0.6,1.18,0.5));
#9003=CARTESIAN_POINT('Origin',(1.6,1.25,0.));
#9004=CARTESIAN_POINT('',(1.405,1.25,0.015));
#9005=CARTESIAN_POINT('',(1.40557777904777,1.235,0.));
#9006=CARTESIAN_POINT('Ctrl Pts',(1.405,1.25,0.015));
#9007=CARTESIAN_POINT('Ctrl Pts',(1.405,1.25,0.0131164920235325));
#9008=CARTESIAN_POINT('Ctrl Pts',(1.40499863288282,1.24962356134908,0.0111074532338321));
#9009=CARTESIAN_POINT('Ctrl Pts',(1.40500803754763,1.24809269927654,0.0074117411788935));
#9010=CARTESIAN_POINT('Ctrl Pts',(1.40501948793578,1.24693827391207,0.00572507047647136));
#9011=CARTESIAN_POINT('Ctrl Pts',(1.40507954510154,1.2442733266812,0.00306012324560502));
#9012=CARTESIAN_POINT('Ctrl Pts',(1.40513202987339,1.24258480534828,0.00190530973151604));
#9013=CARTESIAN_POINT('Ctrl Pts',(1.40530827777923,1.23888823376953,0.00037521383391785));
#9014=CARTESIAN_POINT('Ctrl Pts',(1.40543271943041,1.23688018753177,3.00279509022238E-17));
#9015=CARTESIAN_POINT('Ctrl Pts',(1.40557777904776,1.235,2.16840434497101E-18));
#9016=CARTESIAN_POINT('',(1.405,1.25,0.5));
#9017=CARTESIAN_POINT('',(1.405,1.25,0.));
#9018=CARTESIAN_POINT('Origin',(1.6,1.25,0.5));
#9019=CARTESIAN_POINT('Origin',(1.6,1.25,0.));
#9020=CARTESIAN_POINT('Origin',(1.1,0.8,0.5));
#9021=CARTESIAN_POINT('',(1.47571954546218,1.23660714285603,0.5));
#9022=CARTESIAN_POINT('',(1.46080589092925,1.25,0.5));
#9023=CARTESIAN_POINT('Origin',(1.46080589092925,1.235,0.5));
#9024=CARTESIAN_POINT('',(1.58660714285603,1.12571954546218,0.5));
#9025=CARTESIAN_POINT('Origin',(1.6,1.25,0.5));
#9026=CARTESIAN_POINT('',(1.6,1.11080589092925,0.5));
#9027=CARTESIAN_POINT('Origin',(1.585,1.11080589092925,0.5));
#9028=CARTESIAN_POINT('',(1.6,-0.1625,0.5));
#9029=CARTESIAN_POINT('',(1.2875,1.25,0.5));
#9030=CARTESIAN_POINT('Origin',(-1.46080589092925,1.235,0.));
#9031=CARTESIAN_POINT('',(-1.47571954547254,1.23660714285714,0.685));
#9032=CARTESIAN_POINT('',(-1.47571954547254,1.23660714285714,0.));
#9033=CARTESIAN_POINT('',(-1.46080589092925,1.25,0.685));
#9034=CARTESIAN_POINT('Origin',(-1.46080589092925,1.235,0.685));
#9035=CARTESIAN_POINT('',(-1.46080589092925,1.25,0.));
#9036=CARTESIAN_POINT('Origin',(-0.737499999999999,-1.235,0.015));
#9037=CARTESIAN_POINT('',(-0.737499999999999,-1.25,0.015));
#9038=CARTESIAN_POINT('',(-0.737499999999999,-1.235,0.));
#9039=CARTESIAN_POINT('Origin',(6.93889390390723E-16,-3.46944695195361E-16,
0.));
#9040=CARTESIAN_POINT('',(-1.585,0.562499999999999,0.));
#9041=CARTESIAN_POINT('',(0.7375,1.235,0.));
#9042=CARTESIAN_POINT('',(1.585,-0.5625,0.));
#9043=CARTESIAN_POINT('Origin',(0.7375,1.235,0.015));
#9044=CARTESIAN_POINT('',(0.7375,1.25,0.015));
#9045=CARTESIAN_POINT('Origin',(1.585,-0.5625,0.015));
#9046=CARTESIAN_POINT('',(1.6,-0.5625,0.015));
#9047=CARTESIAN_POINT('Origin',(1.475,1.25,0.));
#9048=CARTESIAN_POINT('',(1.46080589092925,1.25,0.685));
#9049=CARTESIAN_POINT('',(0.7375,1.25,0.685));
#9050=CARTESIAN_POINT('',(1.46080589092925,1.25,0.));
#9051=CARTESIAN_POINT('Origin',(1.585,1.11080589092925,0.));
#9052=CARTESIAN_POINT('',(1.58660714285714,1.12571954547254,0.685));
#9053=CARTESIAN_POINT('',(1.58660714285714,1.12571954547254,0.));
#9054=CARTESIAN_POINT('',(1.6,1.11080589092925,0.685));
#9055=CARTESIAN_POINT('Origin',(1.585,1.11080589092925,0.685));
#9056=CARTESIAN_POINT('',(1.6,1.11080589092925,0.));
#9057=CARTESIAN_POINT('Origin',(1.46080589092925,1.235,0.685));
#9058=CARTESIAN_POINT('',(1.47571954547254,1.23660714285714,0.685));
#9059=CARTESIAN_POINT('',(1.46080589092925,1.235,0.7));
#9060=CARTESIAN_POINT('Origin',(1.46080589092925,1.235,0.685));
#9061=CARTESIAN_POINT('Origin',(1.46080589092925,1.235,0.685));
#9062=CARTESIAN_POINT('Origin',(1.46080589092925,1.235,0.685));
#9063=CARTESIAN_POINT('Origin',(1.585,1.11080589092925,0.685));
#9064=CARTESIAN_POINT('',(1.585,1.11080589092925,0.7));
#9065=CARTESIAN_POINT('Origin',(1.585,1.11080589092925,0.685));
#9066=CARTESIAN_POINT('Origin',(1.585,1.11080589092925,0.685));
#9067=CARTESIAN_POINT('Origin',(-1.46080589092925,1.235,0.685));
#9068=CARTESIAN_POINT('',(-1.46080589092925,1.235,0.7));
#9069=CARTESIAN_POINT('Origin',(-1.46080589092925,1.235,0.685));
#9070=CARTESIAN_POINT('Origin',(-1.46080589092925,1.235,0.685));
#9071=CARTESIAN_POINT('Origin',(1.585,-1.11080589092925,0.685));
#9072=CARTESIAN_POINT('',(1.58660714285714,-1.12571954547254,0.685));
#9073=CARTESIAN_POINT('',(1.585,-1.11080589092925,0.7));
#9074=CARTESIAN_POINT('Origin',(1.585,-1.11080589092925,0.685));
#9075=CARTESIAN_POINT('',(1.6,-1.11080589092925,0.685));
#9076=CARTESIAN_POINT('Origin',(1.585,-1.11080589092925,0.685));
#9077=CARTESIAN_POINT('Origin',(1.585,-1.11080589092925,0.685));
#9078=CARTESIAN_POINT('Origin',(-1.585,1.11080589092925,0.685));
#9079=CARTESIAN_POINT('',(-1.58660714285714,1.12571954547254,0.685));
#9080=CARTESIAN_POINT('',(-1.585,1.11080589092925,0.7));
#9081=CARTESIAN_POINT('Origin',(-1.585,1.11080589092925,0.685));
#9082=CARTESIAN_POINT('',(-1.6,1.11080589092925,0.685));
#9083=CARTESIAN_POINT('Origin',(-1.585,1.11080589092925,0.685));
#9084=CARTESIAN_POINT('Origin',(-1.585,1.11080589092925,0.685));
#9085=CARTESIAN_POINT('Origin',(1.585,-1.11080589092925,0.));
#9086=CARTESIAN_POINT('',(1.6,-1.11080589092925,0.));
#9087=CARTESIAN_POINT('',(1.58660714285714,-1.12571954547254,0.));
#9088=CARTESIAN_POINT('Origin',(1.46080589092925,-1.235,0.685));
#9089=CARTESIAN_POINT('',(1.46080589092925,-1.25,0.685));
#9090=CARTESIAN_POINT('',(1.46080589092925,-1.235,0.7));
#9091=CARTESIAN_POINT('Origin',(1.46080589092925,-1.235,0.685));
#9092=CARTESIAN_POINT('',(1.47571954547255,-1.23660714285714,0.685));
#9093=CARTESIAN_POINT('Origin',(1.46080589092925,-1.235,0.685));
#9094=CARTESIAN_POINT('Origin',(1.46080589092925,-1.235,0.685));
#9095=CARTESIAN_POINT('Origin',(-1.585,-1.11080589092925,0.685));
#9096=CARTESIAN_POINT('',(-1.6,-1.11080589092925,0.685));
#9097=CARTESIAN_POINT('',(-1.585,-1.11080589092925,0.7));
#9098=CARTESIAN_POINT('Origin',(-1.585,-1.11080589092925,0.685));
#9099=CARTESIAN_POINT('',(-1.58660714285714,-1.12571954547254,0.685));
#9100=CARTESIAN_POINT('Origin',(-1.585,-1.11080589092925,0.685));
#9101=CARTESIAN_POINT('Origin',(-1.585,-1.11080589092925,0.685));
#9102=CARTESIAN_POINT('Origin',(-1.585,0.562499999999999,0.015));
#9103=CARTESIAN_POINT('',(-1.6,0.562499999999999,0.015));
#9104=CARTESIAN_POINT('Origin',(-1.46080589092925,-1.235,0.685));
#9105=CARTESIAN_POINT('',(-1.47571954547254,-1.23660714285714,0.685));
#9106=CARTESIAN_POINT('',(-1.46080589092925,-1.235,0.7));
#9107=CARTESIAN_POINT('Origin',(-1.46080589092925,-1.235,0.685));
#9108=CARTESIAN_POINT('',(-1.46080589092925,-1.25,0.685));
#9109=CARTESIAN_POINT('Origin',(-1.46080589092925,-1.235,0.685));
#9110=CARTESIAN_POINT('Origin',(-1.46080589092925,-1.235,0.685));
#9111=CARTESIAN_POINT('Origin',(-1.46080589092925,-1.235,0.));
#9112=CARTESIAN_POINT('',(-1.46080589092925,-1.25,0.));
#9113=CARTESIAN_POINT('',(-1.47571954547254,-1.23660714285714,0.));
#9114=CARTESIAN_POINT('Origin',(-0.737499999999999,-1.235,0.685));
#9115=CARTESIAN_POINT('',(-0.737499999999999,-1.235,0.7));
#9116=CARTESIAN_POINT('',(-0.737499999999999,-1.25,0.685));
#9117=CARTESIAN_POINT('Origin',(-1.6,-1.25,0.685));
#9118=CARTESIAN_POINT('Origin',(-1.6,-1.25,0.7));
#9119=CARTESIAN_POINT('Origin',(-1.6,-1.25,0.685));
#9120=CARTESIAN_POINT('Origin',(-1.585,-1.11080589092925,0.));
#9121=CARTESIAN_POINT('',(-1.58660714285714,-1.12571954547254,0.));
#9122=CARTESIAN_POINT('',(-1.6,-1.11080589092925,0.));
#9123=CARTESIAN_POINT('Origin',(1.46080589092925,-1.235,0.));
#9124=CARTESIAN_POINT('',(1.47571954547255,-1.23660714285714,0.));
#9125=CARTESIAN_POINT('',(1.46080589092925,-1.25,0.));
#9126=CARTESIAN_POINT('Origin',(-1.585,0.562499999999999,0.685));
#9127=CARTESIAN_POINT('',(-1.585,0.562499999999999,0.7));
#9128=CARTESIAN_POINT('',(-1.6,0.562499999999999,0.685));
#9129=CARTESIAN_POINT('Origin',(1.6,-1.25,0.685));
#9130=CARTESIAN_POINT('Origin',(1.6,-1.25,0.7));
#9131=CARTESIAN_POINT('Origin',(1.6,-1.25,0.685));
#9132=CARTESIAN_POINT('Origin',(-1.585,1.11080589092925,0.));
#9133=CARTESIAN_POINT('',(-1.6,1.11080589092925,0.));
#9134=CARTESIAN_POINT('',(-1.58660714285714,1.12571954547254,0.));
#9135=CARTESIAN_POINT('Origin',(-1.6,1.25,0.685));
#9136=CARTESIAN_POINT('Origin',(-1.6,1.25,0.7));
#9137=CARTESIAN_POINT('Origin',(-1.6,1.25,0.685));
#9138=CARTESIAN_POINT('Origin',(1.585,-0.5625,0.685));
#9139=CARTESIAN_POINT('',(1.585,-0.5625,0.7));
#9140=CARTESIAN_POINT('',(1.6,-0.5625,0.685));
#9141=CARTESIAN_POINT('Origin',(0.7375,1.235,0.685));
#9142=CARTESIAN_POINT('',(0.7375,1.235,0.7));
#9143=CARTESIAN_POINT('Origin',(1.6,1.25,0.685));
#9144=CARTESIAN_POINT('Origin',(1.6,1.25,0.7));
#9145=CARTESIAN_POINT('Origin',(1.6,1.25,0.685));
#9146=CARTESIAN_POINT('Origin',(1.46080589092925,1.235,0.));
#9147=CARTESIAN_POINT('',(1.47571954547254,1.23660714285714,0.));
#9148=CARTESIAN_POINT('Origin',(1.6,-1.125,0.));
#9149=CARTESIAN_POINT('Origin',(1.6,-1.25,0.));
#9150=CARTESIAN_POINT('Origin',(-1.6,1.25,0.));
#9151=CARTESIAN_POINT('Origin',(-1.6,1.125,0.));
#9152=CARTESIAN_POINT('Origin',(-1.6,-1.25,0.));
#9153=CARTESIAN_POINT('Origin',(-1.475,-1.25,0.));
#9154=CARTESIAN_POINT('Origin',(6.93889390390723E-16,-3.46944695195361E-16,
0.7));
#9155=CARTESIAN_POINT('Origin',(1.6,1.25,0.));
#9156=CARTESIAN_POINT('',(0.,0.,0.));
#9157=CARTESIAN_POINT('Origin',(1.41799725286546,1.18,0.));
#9158=CARTESIAN_POINT('',(1.41799725286546,1.18,0.));
#9159=CARTESIAN_POINT('',(0.6,1.18,0.));
#9160=CARTESIAN_POINT('',(1.41799725286546,1.18,0.));
#9161=CARTESIAN_POINT('',(0.6,1.18,0.5));
#9162=CARTESIAN_POINT('',(0.6,1.18,0.));
#9163=CARTESIAN_POINT('',(1.41799725286546,1.18,0.5));
#9164=CARTESIAN_POINT('',(1.41799725286546,1.18,0.5));
#9165=CARTESIAN_POINT('',(1.41799725286546,1.18,0.));
#9166=CARTESIAN_POINT('Origin',(1.6,1.25,0.));
#9167=CARTESIAN_POINT('',(1.405,1.25,0.));
#9168=CARTESIAN_POINT('Origin',(1.6,1.25,0.));
#9169=CARTESIAN_POINT('',(1.405,1.25,0.5));
#9170=CARTESIAN_POINT('Origin',(1.6,1.25,0.5));
#9171=CARTESIAN_POINT('',(1.405,1.25,0.));
#9172=CARTESIAN_POINT('Origin',(1.475,1.25,0.));
#9173=CARTESIAN_POINT('',(1.475,1.25,0.));
#9174=CARTESIAN_POINT('',(1.475,1.25,0.));
#9175=CARTESIAN_POINT('',(1.475,1.25,0.5));
#9176=CARTESIAN_POINT('',(1.475,1.25,0.5));
#9177=CARTESIAN_POINT('',(1.475,1.25,0.));
#9178=CARTESIAN_POINT('Origin',(1.6,1.25,0.));
#9179=CARTESIAN_POINT('',(1.6,1.125,0.));
#9180=CARTESIAN_POINT('Origin',(1.6,1.25,0.));
#9181=CARTESIAN_POINT('',(1.6,1.125,0.5));
#9182=CARTESIAN_POINT('Origin',(1.6,1.25,0.5));
#9183=CARTESIAN_POINT('',(1.6,1.125,0.));
#9184=CARTESIAN_POINT('Origin',(1.6,1.055,0.));
#9185=CARTESIAN_POINT('',(1.6,1.055,0.));
#9186=CARTESIAN_POINT('',(1.6,-1.125,0.));
#9187=CARTESIAN_POINT('',(1.6,1.055,0.5));
#9188=CARTESIAN_POINT('',(1.6,-1.125,0.5));
#9189=CARTESIAN_POINT('',(1.6,1.055,0.));
#9190=CARTESIAN_POINT('Origin',(1.6,1.25,0.));
#9191=CARTESIAN_POINT('',(1.53,1.06799725283054,0.));
#9192=CARTESIAN_POINT('Origin',(1.6,1.25,0.));
#9193=CARTESIAN_POINT('',(1.53,1.06799725283054,0.5));
#9194=CARTESIAN_POINT('Origin',(1.6,1.25,0.5));
#9195=CARTESIAN_POINT('',(1.53,1.06799725283054,0.));
#9196=CARTESIAN_POINT('Origin',(1.53,0.35,0.));
#9197=CARTESIAN_POINT('',(1.53,0.35,0.));
#9198=CARTESIAN_POINT('',(1.53,-1.06799725283054,0.));
#9199=CARTESIAN_POINT('',(1.53,0.35,0.5));
#9200=CARTESIAN_POINT('',(1.53,-1.06799725283054,0.5));
#9201=CARTESIAN_POINT('',(1.53,0.35,0.));
#9202=CARTESIAN_POINT('Origin',(0.6,0.35,0.));
#9203=CARTESIAN_POINT('',(0.6,0.35,0.));
#9204=CARTESIAN_POINT('',(-3.08471843807481,0.35,0.));
#9205=CARTESIAN_POINT('',(0.6,0.35,0.5));
#9206=CARTESIAN_POINT('',(-3.08471843807481,0.35,0.5));
#9207=CARTESIAN_POINT('',(0.6,0.35,0.));
#9208=CARTESIAN_POINT('Origin',(0.6,1.18,0.));
#9209=CARTESIAN_POINT('',(0.6,1.89407874327946,0.));
#9210=CARTESIAN_POINT('',(0.6,1.89407874327946,0.5));
#9211=CARTESIAN_POINT('Origin',(1.1,0.8,0.5));
#9212=CARTESIAN_POINT('Origin',(1.1,0.8,0.));
#9213=CARTESIAN_POINT('Origin',(-1.6,1.125,0.));
#9214=CARTESIAN_POINT('',(-1.6,1.125,0.));
#9215=CARTESIAN_POINT('',(-1.6,1.055,0.));
#9216=CARTESIAN_POINT('',(-1.6,1.125,0.));
#9217=CARTESIAN_POINT('',(-1.6,1.055,0.5));
#9218=CARTESIAN_POINT('',(-1.6,1.055,0.));
#9219=CARTESIAN_POINT('',(-1.6,1.125,0.5));
#9220=CARTESIAN_POINT('',(-1.6,1.125,0.5));
#9221=CARTESIAN_POINT('',(-1.6,1.125,0.));
#9222=CARTESIAN_POINT('Origin',(-1.6,1.25,0.));
#9223=CARTESIAN_POINT('',(-1.475,1.25,0.));
#9224=CARTESIAN_POINT('Origin',(-1.6,1.25,0.));
#9225=CARTESIAN_POINT('',(-1.475,1.25,0.5));
#9226=CARTESIAN_POINT('Origin',(-1.6,1.25,0.5));
#9227=CARTESIAN_POINT('',(-1.475,1.25,0.));
#9228=CARTESIAN_POINT('Origin',(-1.405,1.25,0.));
#9229=CARTESIAN_POINT('',(-1.405,1.25,0.));
#9230=CARTESIAN_POINT('',(1.475,1.25,0.));
#9231=CARTESIAN_POINT('',(-1.405,1.25,0.5));
#9232=CARTESIAN_POINT('',(1.475,1.25,0.5));
#9233=CARTESIAN_POINT('',(-1.405,1.25,0.));
#9234=CARTESIAN_POINT('Origin',(-1.6,1.25,0.));
#9235=CARTESIAN_POINT('',(-1.41799725286546,1.18,0.));
#9236=CARTESIAN_POINT('Origin',(-1.6,1.25,0.));
#9237=CARTESIAN_POINT('',(-1.41799725286546,1.18,0.5));
#9238=CARTESIAN_POINT('Origin',(-1.6,1.25,0.5));
#9239=CARTESIAN_POINT('',(-1.41799725286546,1.18,0.));
#9240=CARTESIAN_POINT('Origin',(-0.6,1.18,0.));
#9241=CARTESIAN_POINT('',(-0.6,1.18,0.));
#9242=CARTESIAN_POINT('',(1.41799725286546,1.18,0.));
#9243=CARTESIAN_POINT('',(-0.6,1.18,0.5));
#9244=CARTESIAN_POINT('',(1.41799725286546,1.18,0.5));
#9245=CARTESIAN_POINT('',(-0.6,1.18,0.));
#9246=CARTESIAN_POINT('Origin',(-0.6,0.35,0.));
#9247=CARTESIAN_POINT('',(-0.6,0.35,0.));
#9248=CARTESIAN_POINT('',(-0.6,-0.0680775261067466,0.));
#9249=CARTESIAN_POINT('',(-0.6,0.35,0.5));
#9250=CARTESIAN_POINT('',(-0.6,-0.0680775261067466,0.5));
#9251=CARTESIAN_POINT('',(-0.6,0.35,0.));
#9252=CARTESIAN_POINT('Origin',(-1.53,0.35,0.));
#9253=CARTESIAN_POINT('',(-1.53,0.35,0.));
#9254=CARTESIAN_POINT('',(-3.08471843807481,0.35,0.));
#9255=CARTESIAN_POINT('',(-1.53,0.35,0.5));
#9256=CARTESIAN_POINT('',(-3.08471843807481,0.35,0.5));
#9257=CARTESIAN_POINT('',(-1.53,0.35,0.));
#9258=CARTESIAN_POINT('Origin',(-1.53,1.06799725281498,0.));
#9259=CARTESIAN_POINT('',(-1.52999999999401,1.06799725281498,0.));
#9260=CARTESIAN_POINT('',(-1.53,1.06799725283054,0.));
#9261=CARTESIAN_POINT('',(-1.52999999999401,1.06799725281498,0.5));
#9262=CARTESIAN_POINT('',(-1.53,1.06799725283054,0.5));
#9263=CARTESIAN_POINT('',(-1.52999999999401,1.06799725281498,0.));
#9264=CARTESIAN_POINT('Origin',(-1.6,1.25,0.));
#9265=CARTESIAN_POINT('Origin',(-1.6,1.25,0.));
#9266=CARTESIAN_POINT('Origin',(-1.6,1.25,0.5));
#9267=CARTESIAN_POINT('Origin',(-1.1,0.8,0.5));
#9268=CARTESIAN_POINT('Origin',(-1.1,0.8,0.));
#9269=CARTESIAN_POINT('Origin',(0.6,-0.35,0.));
#9270=CARTESIAN_POINT('',(0.6,-0.35,0.));
#9271=CARTESIAN_POINT('',(0.6,-1.18,0.));
#9272=CARTESIAN_POINT('',(0.6,1.89407874327946,0.));
#9273=CARTESIAN_POINT('',(0.6,-1.18,0.5));
#9274=CARTESIAN_POINT('',(0.6,-1.18,0.));
#9275=CARTESIAN_POINT('',(0.6,-0.35,0.5));
#9276=CARTESIAN_POINT('',(0.6,1.89407874327946,0.5));
#9277=CARTESIAN_POINT('',(0.6,-0.35,0.));
#9278=CARTESIAN_POINT('Origin',(1.53,-0.35,0.));
#9279=CARTESIAN_POINT('',(1.53,-0.35,0.));
#9280=CARTESIAN_POINT('',(3.08471843807481,-0.35,0.));
#9281=CARTESIAN_POINT('',(1.53,-0.35,0.5));
#9282=CARTESIAN_POINT('',(3.08471843807481,-0.35,0.5));
#9283=CARTESIAN_POINT('',(1.53,-0.35,0.));
#9284=CARTESIAN_POINT('Origin',(1.53,-1.06799725286096,0.));
#9285=CARTESIAN_POINT('',(1.5300000000117,-1.06799725286096,0.));
#9286=CARTESIAN_POINT('',(1.53,-1.06799725283054,0.));
#9287=CARTESIAN_POINT('',(1.5300000000117,-1.06799725286096,0.5));
#9288=CARTESIAN_POINT('',(1.53,-1.06799725283054,0.5));
#9289=CARTESIAN_POINT('',(1.5300000000117,-1.06799725286096,0.));
#9290=CARTESIAN_POINT('Origin',(1.6,-1.25,0.));
#9291=CARTESIAN_POINT('',(1.6,-1.055,0.));
#9292=CARTESIAN_POINT('Origin',(1.6,-1.25,0.));
#9293=CARTESIAN_POINT('',(1.6,-1.055,0.5));
#9294=CARTESIAN_POINT('Origin',(1.6,-1.25,0.5));
#9295=CARTESIAN_POINT('',(1.6,-1.055,0.));
#9296=CARTESIAN_POINT('Origin',(1.6,-1.125,0.));
#9297=CARTESIAN_POINT('',(1.6,-1.125,0.));
#9298=CARTESIAN_POINT('',(1.6,-1.125,0.));
#9299=CARTESIAN_POINT('',(1.6,-1.125,0.5));
#9300=CARTESIAN_POINT('',(1.6,-1.125,0.5));
#9301=CARTESIAN_POINT('',(1.6,-1.125,0.));
#9302=CARTESIAN_POINT('Origin',(1.6,-1.25,0.));
#9303=CARTESIAN_POINT('',(1.475,-1.25,0.));
#9304=CARTESIAN_POINT('Origin',(1.6,-1.25,0.));
#9305=CARTESIAN_POINT('',(1.475,-1.25,0.5));
#9306=CARTESIAN_POINT('Origin',(1.6,-1.25,0.5));
#9307=CARTESIAN_POINT('',(1.475,-1.25,0.));
#9308=CARTESIAN_POINT('Origin',(1.405,-1.25,0.));
#9309=CARTESIAN_POINT('',(1.405,-1.25,0.));
#9310=CARTESIAN_POINT('',(-1.475,-1.25,0.));
#9311=CARTESIAN_POINT('',(1.405,-1.25,0.5));
#9312=CARTESIAN_POINT('',(-1.475,-1.25,0.5));
#9313=CARTESIAN_POINT('',(1.405,-1.25,0.));
#9314=CARTESIAN_POINT('Origin',(1.6,-1.25,0.));
#9315=CARTESIAN_POINT('',(1.41799725286546,-1.18,0.));
#9316=CARTESIAN_POINT('Origin',(1.6,-1.25,0.));
#9317=CARTESIAN_POINT('',(1.41799725286546,-1.18,0.5));
#9318=CARTESIAN_POINT('Origin',(1.6,-1.25,0.5));
#9319=CARTESIAN_POINT('',(1.41799725286546,-1.18,0.));
#9320=CARTESIAN_POINT('Origin',(0.6,-1.18,0.));
#9321=CARTESIAN_POINT('',(-1.41799725286546,-1.18,0.));
#9322=CARTESIAN_POINT('',(-1.41799725286546,-1.18,0.5));
#9323=CARTESIAN_POINT('Origin',(1.1,-0.8,0.5));
#9324=CARTESIAN_POINT('Origin',(1.1,-0.8,0.));
#9325=CARTESIAN_POINT('Origin',(-0.6,-0.75,0.));
#9326=CARTESIAN_POINT('',(-0.6,-0.75,0.));
#9327=CARTESIAN_POINT('',(-1.,-0.349999999999999,0.));
#9328=CARTESIAN_POINT('',(-0.6,-0.75,0.));
#9329=CARTESIAN_POINT('',(-1.,-0.349999999999999,0.5));
#9330=CARTESIAN_POINT('',(-1.,-0.349999999999999,0.));
#9331=CARTESIAN_POINT('',(-0.6,-0.75,0.5));
#9332=CARTESIAN_POINT('',(-0.6,-0.75,0.5));
#9333=CARTESIAN_POINT('',(-0.6,-0.75,0.));
#9334=CARTESIAN_POINT('Origin',(-0.6,-1.18,0.));
#9335=CARTESIAN_POINT('',(-0.6,-1.18,0.));
#9336=CARTESIAN_POINT('',(-0.6,-1.89407874327946,0.));
#9337=CARTESIAN_POINT('',(-0.6,-1.18,0.5));
#9338=CARTESIAN_POINT('',(-0.6,-1.89407874327946,0.5));
#9339=CARTESIAN_POINT('',(-0.6,-1.18,0.));
#9340=CARTESIAN_POINT('Origin',(-1.41799725286546,-1.18,0.));
#9341=CARTESIAN_POINT('',(-1.41799725286546,-1.18,0.));
#9342=CARTESIAN_POINT('',(-1.41799725286546,-1.18,0.));
#9343=CARTESIAN_POINT('',(-1.41799725286546,-1.18,0.5));
#9344=CARTESIAN_POINT('',(-1.41799725286546,-1.18,0.5));
#9345=CARTESIAN_POINT('',(-1.41799725286546,-1.18,0.));
#9346=CARTESIAN_POINT('Origin',(-1.6,-1.25,0.));
#9347=CARTESIAN_POINT('',(-1.40500000009098,-1.25,0.));
#9348=CARTESIAN_POINT('Origin',(-1.6,-1.25,0.));
#9349=CARTESIAN_POINT('',(-1.40500000009098,-1.25,0.5));
#9350=CARTESIAN_POINT('Origin',(-1.6,-1.25,0.5));
#9351=CARTESIAN_POINT('',(-1.40500000009098,-1.25,0.));
#9352=CARTESIAN_POINT('Origin',(-1.475,-1.25,0.));
#9353=CARTESIAN_POINT('',(-1.475,-1.25,0.));
#9354=CARTESIAN_POINT('',(-1.475,-1.25,0.));
#9355=CARTESIAN_POINT('',(-1.475,-1.25,0.5));
#9356=CARTESIAN_POINT('',(-1.475,-1.25,0.5));
#9357=CARTESIAN_POINT('',(-1.475,-1.25,0.));
#9358=CARTESIAN_POINT('Origin',(-1.6,-1.25,0.));
#9359=CARTESIAN_POINT('',(-1.6,-1.125,0.));
#9360=CARTESIAN_POINT('Origin',(-1.6,-1.25,0.));
#9361=CARTESIAN_POINT('',(-1.6,-1.125,0.5));
#9362=CARTESIAN_POINT('Origin',(-1.6,-1.25,0.5));
#9363=CARTESIAN_POINT('',(-1.6,-1.125,0.));
#9364=CARTESIAN_POINT('Origin',(-1.6,-1.05500000009098,0.));
#9365=CARTESIAN_POINT('',(-1.6,-1.05500000009098,0.));
#9366=CARTESIAN_POINT('',(-1.6,1.125,0.));
#9367=CARTESIAN_POINT('',(-1.6,-1.05500000009098,0.5));
#9368=CARTESIAN_POINT('',(-1.6,1.125,0.5));
#9369=CARTESIAN_POINT('',(-1.6,-1.05500000009098,0.));
#9370=CARTESIAN_POINT('Origin',(-1.6,-1.25,0.));
#9371=CARTESIAN_POINT('',(-1.53,-1.06799725283054,0.));
#9372=CARTESIAN_POINT('Origin',(-1.6,-1.25,0.));
#9373=CARTESIAN_POINT('',(-1.53,-1.06799725283054,0.5));
#9374=CARTESIAN_POINT('Origin',(-1.6,-1.25,0.5));
#9375=CARTESIAN_POINT('',(-1.53,-1.06799725283054,0.));
#9376=CARTESIAN_POINT('Origin',(-1.53,-0.35,0.));
#9377=CARTESIAN_POINT('',(-1.53,-0.35,0.));
#9378=CARTESIAN_POINT('',(-1.53,1.06799725283054,0.));
#9379=CARTESIAN_POINT('',(-1.53,-0.35,0.5));
#9380=CARTESIAN_POINT('',(-1.53,1.06799725283054,0.5));
#9381=CARTESIAN_POINT('',(-1.53,-0.35,0.));
#9382=CARTESIAN_POINT('Origin',(-1.,-0.349999999999999,0.));
#9383=CARTESIAN_POINT('',(-1.,-0.349999999999999,0.));
#9384=CARTESIAN_POINT('',(-1.,-0.349999999999999,0.5));
#9385=CARTESIAN_POINT('Origin',(-1.1,-0.8,0.5));
#9386=CARTESIAN_POINT('Origin',(-1.1,-0.8,0.));
#9387=CARTESIAN_POINT('',(0.,0.,0.));
#9388=CARTESIAN_POINT('Origin',(1.30868515406999,1.19740899715668,0.));
#9389=CARTESIAN_POINT('',(1.30868515406999,1.19740899715668,0.));
#9390=CARTESIAN_POINT('',(-1.30868515406999,1.19740899715668,0.));
#9391=CARTESIAN_POINT('',(1.30868515406999,1.19740899715668,0.));
#9392=CARTESIAN_POINT('',(-1.30868515406999,1.19740899715668,0.05));
#9393=CARTESIAN_POINT('',(-1.30868515406999,1.19740899715668,0.));
#9394=CARTESIAN_POINT('',(1.30868515406999,1.19740899715668,0.05));
#9395=CARTESIAN_POINT('',(1.30868515406999,1.19740899715668,0.05));
#9396=CARTESIAN_POINT('',(1.30868515406999,1.19740899715668,0.));
#9397=CARTESIAN_POINT('Origin',(1.30868515406999,0.961332519052659,0.));
#9398=CARTESIAN_POINT('',(1.544761632174,0.961332519052659,0.));
#9399=CARTESIAN_POINT('Origin',(1.30868515406999,0.961332519052659,0.));
#9400=CARTESIAN_POINT('',(1.544761632174,0.961332519052659,0.05));
#9401=CARTESIAN_POINT('Origin',(1.30868515406999,0.961332519052659,0.05));
#9402=CARTESIAN_POINT('',(1.544761632174,0.961332519052659,0.));
#9403=CARTESIAN_POINT('Origin',(1.544761632174,-0.961332519052659,0.));
#9404=CARTESIAN_POINT('',(1.544761632174,-0.961332519052659,0.));
#9405=CARTESIAN_POINT('',(1.544761632174,-0.961332519052659,0.));
#9406=CARTESIAN_POINT('',(1.544761632174,-0.961332519052659,0.05));
#9407=CARTESIAN_POINT('',(1.544761632174,-0.961332519052659,0.05));
#9408=CARTESIAN_POINT('',(1.544761632174,-0.961332519052659,0.));
#9409=CARTESIAN_POINT('Origin',(1.30868515406999,-0.961332519052659,0.));
#9410=CARTESIAN_POINT('',(1.30868515406999,-1.19740899715668,0.));
#9411=CARTESIAN_POINT('Origin',(1.30868515406999,-0.961332519052659,0.));
#9412=CARTESIAN_POINT('',(1.30868515406999,-1.19740899715668,0.05));
#9413=CARTESIAN_POINT('Origin',(1.30868515406999,-0.961332519052659,0.05));
#9414=CARTESIAN_POINT('',(1.30868515406999,-1.19740899715668,0.));
#9415=CARTESIAN_POINT('Origin',(-1.30868515406999,-1.19740899715668,0.));
#9416=CARTESIAN_POINT('',(-1.30868515406999,-1.19740899715668,0.));
#9417=CARTESIAN_POINT('',(-1.30868515406999,-1.19740899715668,0.));
#9418=CARTESIAN_POINT('',(-1.30868515406999,-1.19740899715668,0.05));
#9419=CARTESIAN_POINT('',(-1.30868515406999,-1.19740899715668,0.05));
#9420=CARTESIAN_POINT('',(-1.30868515406999,-1.19740899715668,0.));
#9421=CARTESIAN_POINT('Origin',(-1.30868515406999,-0.961332519052659,0.));
#9422=CARTESIAN_POINT('',(-1.544761632174,-0.961332519052659,0.));
#9423=CARTESIAN_POINT('Origin',(-1.30868515406999,-0.961332519052659,0.));
#9424=CARTESIAN_POINT('',(-1.544761632174,-0.961332519052659,0.05));
#9425=CARTESIAN_POINT('Origin',(-1.30868515406999,-0.961332519052659,0.05));
#9426=CARTESIAN_POINT('',(-1.544761632174,-0.961332519052659,0.));
#9427=CARTESIAN_POINT('Origin',(-1.544761632174,0.961332519052659,0.));
#9428=CARTESIAN_POINT('',(-1.544761632174,0.961332519052659,0.));
#9429=CARTESIAN_POINT('',(-1.544761632174,0.961332519052659,0.));
#9430=CARTESIAN_POINT('',(-1.544761632174,0.961332519052659,0.05));
#9431=CARTESIAN_POINT('',(-1.544761632174,0.961332519052659,0.05));
#9432=CARTESIAN_POINT('',(-1.544761632174,0.961332519052659,0.));
#9433=CARTESIAN_POINT('Origin',(-1.30868515406999,0.961332519052659,0.));
#9434=CARTESIAN_POINT('Origin',(-1.30868515406999,0.961332519052659,0.));
#9435=CARTESIAN_POINT('Origin',(-1.30868515406999,0.961332519052659,0.05));
#9436=CARTESIAN_POINT('Origin',(0.,0.,0.05));
#9437=CARTESIAN_POINT('Origin',(0.,0.,0.));
#9438=CARTESIAN_POINT('',(0.,0.,0.));
#9439=CARTESIAN_POINT('Origin',(0.915048914247815,-0.89603976077166,0.003));
#9440=CARTESIAN_POINT('',(1.63258160281434,-0.89603976077166,0.));
#9441=CARTESIAN_POINT('',(1.63258160281434,-0.89603976077166,0.003));
#9442=CARTESIAN_POINT('Ctrl Pts',(1.63258160281434,-0.89603976077166,0.));
#9443=CARTESIAN_POINT('Ctrl Pts',(1.63258160281434,-0.89603976077166,0.0005));
#9444=CARTESIAN_POINT('Ctrl Pts',(1.63258160281434,-0.89603976077166,0.001));
#9445=CARTESIAN_POINT('Ctrl Pts',(1.63258160281434,-0.89603976077166,0.002));
#9446=CARTESIAN_POINT('Ctrl Pts',(1.63258160281434,-0.89603976077166,0.0025));
#9447=CARTESIAN_POINT('Ctrl Pts',(1.63258160281434,-0.89603976077166,0.003));
#9448=CARTESIAN_POINT('',(1.74976936725731,-0.89603976077166,0.));
#9449=CARTESIAN_POINT('',(1.35023996822354,-0.89603976077166,0.));
#9450=CARTESIAN_POINT('',(1.74976936725731,-0.89603976077166,0.003));
#9451=CARTESIAN_POINT('Ctrl Pts',(1.74976936725731,-0.89603976077166,0.003));
#9452=CARTESIAN_POINT('Ctrl Pts',(1.74976936725731,-0.89603976077166,0.0025));
#9453=CARTESIAN_POINT('Ctrl Pts',(1.74976936725731,-0.89603976077166,0.002));
#9454=CARTESIAN_POINT('Ctrl Pts',(1.74976936725731,-0.89603976077166,0.001));
#9455=CARTESIAN_POINT('Ctrl Pts',(1.74976936725731,-0.89603976077166,0.0005));
#9456=CARTESIAN_POINT('Ctrl Pts',(1.74976936725731,-0.89603976077166,0.));
#9457=CARTESIAN_POINT('',(1.35023996822354,-0.89603976077166,0.003));
#9458=CARTESIAN_POINT('Origin',(0.915048914247815,-0.89603976077166,0.003));
#9459=CARTESIAN_POINT('',(1.92975009942084,-0.89603976077166,0.003));
#9460=CARTESIAN_POINT('',(1.92975009942084,-0.89603976077166,0.));
#9461=CARTESIAN_POINT('Ctrl Pts',(1.92975009942084,-0.89603976077166,0.003));
#9462=CARTESIAN_POINT('Ctrl Pts',(1.92975009942084,-0.89603976077166,0.0025));
#9463=CARTESIAN_POINT('Ctrl Pts',(1.92975009942084,-0.89603976077166,0.002));
#9464=CARTESIAN_POINT('Ctrl Pts',(1.92975009942084,-0.89603976077166,0.001));
#9465=CARTESIAN_POINT('Ctrl Pts',(1.92975009942084,-0.89603976077166,0.0005));
#9466=CARTESIAN_POINT('Ctrl Pts',(1.92975009942084,-0.89603976077166,0.));
#9467=CARTESIAN_POINT('',(1.82229966644486,-0.89603976077166,0.003));
#9468=CARTESIAN_POINT('',(1.35023996822354,-0.89603976077166,0.003));
#9469=CARTESIAN_POINT('',(1.82229966644486,-0.89603976077166,0.));
#9470=CARTESIAN_POINT('Ctrl Pts',(1.82229966644486,-0.89603976077166,0.));
#9471=CARTESIAN_POINT('Ctrl Pts',(1.82229966644486,-0.89603976077166,0.0005));
#9472=CARTESIAN_POINT('Ctrl Pts',(1.82229966644486,-0.89603976077166,0.001));
#9473=CARTESIAN_POINT('Ctrl Pts',(1.82229966644486,-0.89603976077166,0.002));
#9474=CARTESIAN_POINT('Ctrl Pts',(1.82229966644486,-0.89603976077166,0.0025));
#9475=CARTESIAN_POINT('Ctrl Pts',(1.82229966644486,-0.89603976077166,0.003));
#9476=CARTESIAN_POINT('',(1.35023996822354,-0.89603976077166,0.));
#9477=CARTESIAN_POINT('Origin',(2.08121117678243,-0.88123976077166,0.003));
#9478=CARTESIAN_POINT('',(1.64067560386211,-0.88123976077166,0.003));
#9479=CARTESIAN_POINT('',(1.64067560386211,-0.88123976077166,0.));
#9480=CARTESIAN_POINT('Ctrl Pts',(1.64067560386211,-0.88123976077166,0.003));
#9481=CARTESIAN_POINT('Ctrl Pts',(1.64067560386211,-0.88123976077166,0.0025));
#9482=CARTESIAN_POINT('Ctrl Pts',(1.64067560386211,-0.88123976077166,0.002));
#9483=CARTESIAN_POINT('Ctrl Pts',(1.64067560386211,-0.88123976077166,0.001));
#9484=CARTESIAN_POINT('Ctrl Pts',(1.64067560386211,-0.88123976077166,0.0005));
#9485=CARTESIAN_POINT('Ctrl Pts',(1.64067560386211,-0.88123976077166,0.));
#9486=CARTESIAN_POINT('',(1.92198468467445,-0.88123976077166,0.003));
#9487=CARTESIAN_POINT('',(1.93332109949084,-0.88123976077166,0.003));
#9488=CARTESIAN_POINT('',(1.92198468467445,-0.88123976077166,0.));
#9489=CARTESIAN_POINT('Ctrl Pts',(1.92198468467445,-0.88123976077166,0.));
#9490=CARTESIAN_POINT('Ctrl Pts',(1.92198468467445,-0.88123976077166,0.0005));
#9491=CARTESIAN_POINT('Ctrl Pts',(1.92198468467445,-0.88123976077166,0.001));
#9492=CARTESIAN_POINT('Ctrl Pts',(1.92198468467445,-0.88123976077166,0.002));
#9493=CARTESIAN_POINT('Ctrl Pts',(1.92198468467445,-0.88123976077166,0.0025));
#9494=CARTESIAN_POINT('Ctrl Pts',(1.92198468467445,-0.88123976077166,0.003));
#9495=CARTESIAN_POINT('',(1.93332109949084,-0.88123976077166,0.));
#9496=CARTESIAN_POINT('Origin',(1.78543102219926,-0.971687097523264,0.));
#9497=CARTESIAN_POINT('',(1.78704119504601,-0.885933889967708,0.));
#9498=CARTESIAN_POINT('Ctrl Pts',(1.82229966644486,-0.89603976077166,0.));
#9499=CARTESIAN_POINT('Ctrl Pts',(1.81865305751373,-0.893608566051888,0.));
#9500=CARTESIAN_POINT('Ctrl Pts',(1.80234437083485,-0.885933889967708,0.));
#9501=CARTESIAN_POINT('Ctrl Pts',(1.78704119504601,-0.885933889967708,0.));
#9502=CARTESIAN_POINT('Ctrl Pts',(1.78704119504601,-0.885933889967708,0.));
#9503=CARTESIAN_POINT('Ctrl Pts',(1.76518977680495,-0.885933889967708,0.));
#9504=CARTESIAN_POINT('Ctrl Pts',(1.74976936725731,-0.89603976077166,0.));
#9505=CARTESIAN_POINT('Ctrl Pts',(1.63258160281434,-0.89603976077166,0.));
#9506=CARTESIAN_POINT('Ctrl Pts',(1.63618757105078,-0.88828957234409,0.));
#9507=CARTESIAN_POINT('Ctrl Pts',(1.64067560386211,-0.88123976077166,0.));
#9508=CARTESIAN_POINT('Ctrl Pts',(1.92198468467445,-0.88123976077166,0.));
#9509=CARTESIAN_POINT('Ctrl Pts',(1.92615944746703,-0.888251120095474,0.));
#9510=CARTESIAN_POINT('Ctrl Pts',(1.92975009942084,-0.89603976077166,0.));
#9511=CARTESIAN_POINT('Ctrl Pts',(1.78444254255356,-0.816636490169176,0.));
#9512=CARTESIAN_POINT('Ctrl Pts',(1.78444254255356,-0.816636490169176,0.003));
#9513=CARTESIAN_POINT('Ctrl Pts',(1.70475053278525,-0.816636490169176,0.));
#9514=CARTESIAN_POINT('Ctrl Pts',(1.70475053278525,-0.816636490169176,0.003));
#9515=CARTESIAN_POINT('Ctrl Pts',(1.61784004387126,-0.896617239103315,0.));
#9516=CARTESIAN_POINT('Ctrl Pts',(1.61784004387126,-0.896617239103315,0.003));
#9517=CARTESIAN_POINT('Ctrl Pts',(1.61784004387126,-0.971111943886736,0.));
#9518=CARTESIAN_POINT('Ctrl Pts',(1.61784004387126,-0.971111943886736,0.003));
#9519=CARTESIAN_POINT('Ctrl Pts',(1.64067560386211,-0.88123976077166,0.003));
#9520=CARTESIAN_POINT('Ctrl Pts',(1.63618757105078,-0.88828957234409,0.003));
#9521=CARTESIAN_POINT('Ctrl Pts',(1.63258160281434,-0.89603976077166,0.003));
#9522=CARTESIAN_POINT('Ctrl Pts',(1.9354531262812,-0.909899240731367,0.));
#9523=CARTESIAN_POINT('Ctrl Pts',(1.9354531262812,-0.909899240731367,0.003));
#9524=CARTESIAN_POINT('Ctrl Pts',(1.91812877633156,-0.862546017535703,0.));
#9525=CARTESIAN_POINT('Ctrl Pts',(1.91812877633156,-0.862546017535703,0.003));
#9526=CARTESIAN_POINT('Ctrl Pts',(1.84681020237224,-0.816636490169176,0.));
#9527=CARTESIAN_POINT('Ctrl Pts',(1.84681020237224,-0.816636490169176,0.003));
#9528=CARTESIAN_POINT('Ctrl Pts',(1.78444254255356,-0.816636490169176,0.));
#9529=CARTESIAN_POINT('Ctrl Pts',(1.78444254255356,-0.816636490169176,0.003));
#9530=CARTESIAN_POINT('Ctrl Pts',(1.92975009942084,-0.89603976077166,0.003));
#9531=CARTESIAN_POINT('Ctrl Pts',(1.92615944746703,-0.888251120095474,0.003));
#9532=CARTESIAN_POINT('Ctrl Pts',(1.92198468467445,-0.88123976077166,0.003));
#9533=CARTESIAN_POINT('Ctrl Pts',(1.78704119504601,-0.885933889967708,0.));
#9534=CARTESIAN_POINT('Ctrl Pts',(1.78704119504601,-0.885933889967708,0.003));
#9535=CARTESIAN_POINT('Ctrl Pts',(1.80234437083485,-0.885933889967708,0.));
#9536=CARTESIAN_POINT('Ctrl Pts',(1.80234437083485,-0.885933889967708,0.003));
#9537=CARTESIAN_POINT('Ctrl Pts',(1.82688719993016,-0.897483456600796,0.));
#9538=CARTESIAN_POINT('Ctrl Pts',(1.82688719993016,-0.897483456600796,0.003));
#9539=CARTESIAN_POINT('Ctrl Pts',(1.83554937490498,-0.908166805736403,0.));
#9540=CARTESIAN_POINT('Ctrl Pts',(1.83554937490498,-0.908166805736403,0.003));
#9541=CARTESIAN_POINT('',(1.78704119504601,-0.885933889967708,0.003));
#9542=CARTESIAN_POINT('Ctrl Pts',(1.78704119504601,-0.885933889967708,0.003));
#9543=CARTESIAN_POINT('Ctrl Pts',(1.80234437083485,-0.885933889967708,0.003));
#9544=CARTESIAN_POINT('Ctrl Pts',(1.81865305751373,-0.893608566051888,0.003));
#9545=CARTESIAN_POINT('Ctrl Pts',(1.82229966644486,-0.89603976077166,0.003));
#9546=CARTESIAN_POINT('',(1.78704119504601,-0.885933889967708,0.));
#9547=CARTESIAN_POINT('Ctrl Pts',(1.7339131885338,-0.911342936560503,0.));
#9548=CARTESIAN_POINT('Ctrl Pts',(1.7339131885338,-0.911342936560503,0.003));
#9549=CARTESIAN_POINT('Ctrl Pts',(1.75239249514674,-0.885933889967708,0.));
#9550=CARTESIAN_POINT('Ctrl Pts',(1.75239249514674,-0.885933889967708,0.003));
#9551=CARTESIAN_POINT('Ctrl Pts',(1.78704119504601,-0.885933889967708,0.));
#9552=CARTESIAN_POINT('Ctrl Pts',(1.78704119504601,-0.885933889967708,0.003));
#9553=CARTESIAN_POINT('Ctrl Pts',(1.74976936725731,-0.89603976077166,0.003));
#9554=CARTESIAN_POINT('Ctrl Pts',(1.76518977680495,-0.885933889967708,0.003));
#9555=CARTESIAN_POINT('Ctrl Pts',(1.78704119504601,-0.885933889967708,0.003));
#9556=CARTESIAN_POINT('Origin',(1.78543102219926,-0.971687097523264,0.003));
#9557=CARTESIAN_POINT('Origin',(2.08121117678243,-1.05883976077166,0.003));
#9558=CARTESIAN_POINT('',(1.64001062080257,-1.05883976077166,0.003));
#9559=CARTESIAN_POINT('',(1.64001062080257,-1.05883976077166,0.));
#9560=CARTESIAN_POINT('Ctrl Pts',(1.64001062080257,-1.05883976077166,0.003));
#9561=CARTESIAN_POINT('Ctrl Pts',(1.64001062080257,-1.05883976077166,0.0025));
#9562=CARTESIAN_POINT('Ctrl Pts',(1.64001062080257,-1.05883976077166,0.002));
#9563=CARTESIAN_POINT('Ctrl Pts',(1.64001062080257,-1.05883976077166,0.001));
#9564=CARTESIAN_POINT('Ctrl Pts',(1.64001062080257,-1.05883976077166,0.0005));
#9565=CARTESIAN_POINT('Ctrl Pts',(1.64001062080257,-1.05883976077166,0.));
#9566=CARTESIAN_POINT('',(1.92507597185154,-1.05883976077166,0.003));
#9567=CARTESIAN_POINT('',(1.93332109949084,-1.05883976077166,0.003));
#9568=CARTESIAN_POINT('',(1.92507597185154,-1.05883976077166,0.));
#9569=CARTESIAN_POINT('Ctrl Pts',(1.92507597185154,-1.05883976077166,0.));
#9570=CARTESIAN_POINT('Ctrl Pts',(1.92507597185154,-1.05883976077166,0.0005));
#9571=CARTESIAN_POINT('Ctrl Pts',(1.92507597185154,-1.05883976077166,0.001));
#9572=CARTESIAN_POINT('Ctrl Pts',(1.92507597185154,-1.05883976077166,0.002));
#9573=CARTESIAN_POINT('Ctrl Pts',(1.92507597185154,-1.05883976077166,0.0025));
#9574=CARTESIAN_POINT('Ctrl Pts',(1.92507597185154,-1.05883976077166,0.003));
#9575=CARTESIAN_POINT('',(1.93332109949084,-1.05883976077166,0.));
#9576=CARTESIAN_POINT('Origin',(0.915048914247815,-1.07363976077166,0.003));
#9577=CARTESIAN_POINT('',(1.91583907650872,-1.07363976077166,0.003));
#9578=CARTESIAN_POINT('',(1.91583907650872,-1.07363976077166,0.));
#9579=CARTESIAN_POINT('Ctrl Pts',(1.91583907650872,-1.07363976077166,0.003));
#9580=CARTESIAN_POINT('Ctrl Pts',(1.91583907650872,-1.07363976077166,0.0025));
#9581=CARTESIAN_POINT('Ctrl Pts',(1.91583907650872,-1.07363976077166,0.002));
#9582=CARTESIAN_POINT('Ctrl Pts',(1.91583907650872,-1.07363976077166,0.001));
#9583=CARTESIAN_POINT('Ctrl Pts',(1.91583907650872,-1.07363976077166,0.0005));
#9584=CARTESIAN_POINT('Ctrl Pts',(1.91583907650872,-1.07363976077166,0.));
#9585=CARTESIAN_POINT('',(1.65074108306744,-1.07363976077166,0.003));
#9586=CARTESIAN_POINT('',(1.35023996822354,-1.07363976077166,0.003));
#9587=CARTESIAN_POINT('',(1.65074108306744,-1.07363976077166,0.));
#9588=CARTESIAN_POINT('Ctrl Pts',(1.65074108306744,-1.07363976077166,0.));
#9589=CARTESIAN_POINT('Ctrl Pts',(1.65074108306744,-1.07363976077166,0.0005));
#9590=CARTESIAN_POINT('Ctrl Pts',(1.65074108306744,-1.07363976077166,0.001));
#9591=CARTESIAN_POINT('Ctrl Pts',(1.65074108306744,-1.07363976077166,0.002));
#9592=CARTESIAN_POINT('Ctrl Pts',(1.65074108306744,-1.07363976077166,0.0025));
#9593=CARTESIAN_POINT('Ctrl Pts',(1.65074108306744,-1.07363976077166,0.003));
#9594=CARTESIAN_POINT('',(1.35023996822354,-1.07363976077166,0.));
#9595=CARTESIAN_POINT('Ctrl Pts',(1.78935110837263,-1.12703109343343,0.));
#9596=CARTESIAN_POINT('Ctrl Pts',(1.78935110837263,-1.12703109343343,0.003));
#9597=CARTESIAN_POINT('Ctrl Pts',(1.83352820074419,-1.12703109343343,0.));
#9598=CARTESIAN_POINT('Ctrl Pts',(1.83352820074419,-1.12703109343343,0.003));
#9599=CARTESIAN_POINT('Ctrl Pts',(1.89098729474381,-1.10364322100143,0.));
#9600=CARTESIAN_POINT('Ctrl Pts',(1.89098729474381,-1.10364322100143,0.003));
#9601=CARTESIAN_POINT('Ctrl Pts',(1.92967834296465,-1.0577336936349,0.));
#9602=CARTESIAN_POINT('Ctrl Pts',(1.92967834296465,-1.0577336936349,0.003));
#9603=CARTESIAN_POINT('Ctrl Pts',(1.9386292571053,-1.02366247206729,0.));
#9604=CARTESIAN_POINT('Ctrl Pts',(1.9386292571053,-1.02366247206729,0.003));
#9605=CARTESIAN_POINT('Ctrl Pts',(1.91583907650872,-1.07363976077166,0.003));
#9606=CARTESIAN_POINT('Ctrl Pts',(1.92087296260506,-1.06668404908722,0.003));
#9607=CARTESIAN_POINT('Ctrl Pts',(1.92507597185154,-1.05883976077166,0.003));
#9608=CARTESIAN_POINT('Ctrl Pts',(1.92507597185154,-1.05883976077166,0.));
#9609=CARTESIAN_POINT('Ctrl Pts',(1.92087296260506,-1.06668404908722,0.));
#9610=CARTESIAN_POINT('Ctrl Pts',(1.91583907650872,-1.07363976077166,0.));
#9611=CARTESIAN_POINT('Ctrl Pts',(1.61784004387126,-0.971111943886736,0.));
#9612=CARTESIAN_POINT('Ctrl Pts',(1.61784004387126,-0.971111943886736,0.003));
#9613=CARTESIAN_POINT('Ctrl Pts',(1.61784004387126,-1.02683860289139,0.));
#9614=CARTESIAN_POINT('Ctrl Pts',(1.61784004387126,-1.02683860289139,0.003));
#9615=CARTESIAN_POINT('Ctrl Pts',(1.66721444122771,-1.09844591601654,0.));
#9616=CARTESIAN_POINT('Ctrl Pts',(1.66721444122771,-1.09844591601654,0.003));
#9617=CARTESIAN_POINT('Ctrl Pts',(1.73535688436294,-1.12703109343343,0.));
#9618=CARTESIAN_POINT('Ctrl Pts',(1.73535688436294,-1.12703109343343,0.003));
#9619=CARTESIAN_POINT('Ctrl Pts',(1.78935110837263,-1.12703109343343,0.));
#9620=CARTESIAN_POINT('Ctrl Pts',(1.78935110837263,-1.12703109343343,0.003));
#9621=CARTESIAN_POINT('Ctrl Pts',(1.65074108306744,-1.07363976077166,0.));
#9622=CARTESIAN_POINT('Ctrl Pts',(1.64651192571138,-1.06842121515075,0.));
#9623=CARTESIAN_POINT('Ctrl Pts',(1.6412351168037,-1.06076829930802,0.));
#9624=CARTESIAN_POINT('Ctrl Pts',(1.64001062080257,-1.05883976077166,0.));
#9625=CARTESIAN_POINT('Ctrl Pts',(1.64001062080257,-1.05883976077166,0.003));
#9626=CARTESIAN_POINT('Ctrl Pts',(1.6412351168037,-1.06076829930802,0.003));
#9627=CARTESIAN_POINT('Ctrl Pts',(1.64651192571138,-1.06842121515075,0.003));
#9628=CARTESIAN_POINT('Ctrl Pts',(1.65074108306744,-1.07363976077166,0.003));
#9629=CARTESIAN_POINT('Origin',(1.78543102219926,-0.971687097523264,0.));
#9630=CARTESIAN_POINT('Origin',(1.78543102219926,-0.971687097523264,0.003));
#9631=CARTESIAN_POINT('Ctrl Pts',(1.9354531262812,-0.909899240731367,0.));
#9632=CARTESIAN_POINT('Ctrl Pts',(1.9354531262812,-0.909899240731367,0.003));
#9633=CARTESIAN_POINT('Ctrl Pts',(1.91812877633156,-0.862546017535703,0.));
#9634=CARTESIAN_POINT('Ctrl Pts',(1.91812877633156,-0.862546017535703,0.003));
#9635=CARTESIAN_POINT('Ctrl Pts',(1.84681020237224,-0.816636490169176,0.));
#9636=CARTESIAN_POINT('Ctrl Pts',(1.84681020237224,-0.816636490169176,0.003));
#9637=CARTESIAN_POINT('Ctrl Pts',(1.78444254255356,-0.816636490169176,0.));
#9638=CARTESIAN_POINT('Ctrl Pts',(1.78444254255356,-0.816636490169176,0.003));
#9639=CARTESIAN_POINT('',(1.87795661042113,-0.83683976077166,0.003));
#9640=CARTESIAN_POINT('',(1.87795661042113,-0.83683976077166,0.));
#9641=CARTESIAN_POINT('Ctrl Pts',(1.87795661042113,-0.83683976077166,0.003));
#9642=CARTESIAN_POINT('Ctrl Pts',(1.87795661042113,-0.83683976077166,0.0025));
#9643=CARTESIAN_POINT('Ctrl Pts',(1.87795661042113,-0.83683976077166,0.002));
#9644=CARTESIAN_POINT('Ctrl Pts',(1.87795661042113,-0.83683976077166,0.001));
#9645=CARTESIAN_POINT('Ctrl Pts',(1.87795661042113,-0.83683976077166,0.0005));
#9646=CARTESIAN_POINT('Ctrl Pts',(1.87795661042113,-0.83683976077166,0.));
#9647=CARTESIAN_POINT('',(1.78444254255356,-0.816636490169176,0.));
#9648=CARTESIAN_POINT('Ctrl Pts',(1.78444254255356,-0.816636490169176,0.));
#9649=CARTESIAN_POINT('Ctrl Pts',(1.84295305152338,-0.816636490169176,0.));
#9650=CARTESIAN_POINT('Ctrl Pts',(1.87795661042113,-0.83683976077166,0.));
#9651=CARTESIAN_POINT('',(1.78444254255356,-0.816636490169176,0.003));
#9652=CARTESIAN_POINT('',(1.78444254255356,-0.816636490169176,0.));
#9653=CARTESIAN_POINT('Ctrl Pts',(1.87795661042113,-0.83683976077166,0.003));
#9654=CARTESIAN_POINT('Ctrl Pts',(1.84295305152338,-0.816636490169176,0.003));
#9655=CARTESIAN_POINT('Ctrl Pts',(1.78444254255356,-0.816636490169176,0.003));
#9656=CARTESIAN_POINT('Origin',(1.78543102219926,-0.971687097523264,0.003));
#9657=CARTESIAN_POINT('',(1.68946305013259,-0.83683976077166,0.003));
#9658=CARTESIAN_POINT('',(1.35023996822354,-0.83683976077166,0.003));
#9659=CARTESIAN_POINT('Ctrl Pts',(1.78444254255356,-0.816636490169176,0.003));
#9660=CARTESIAN_POINT('Ctrl Pts',(1.72779932897625,-0.816636490169176,0.003));
#9661=CARTESIAN_POINT('Ctrl Pts',(1.68946305013259,-0.83683976077166,0.003));
#9662=CARTESIAN_POINT('Ctrl Pts',(1.78444254255356,-0.816636490169176,0.));
#9663=CARTESIAN_POINT('Ctrl Pts',(1.78444254255356,-0.816636490169176,0.003));
#9664=CARTESIAN_POINT('Ctrl Pts',(1.70475053278525,-0.816636490169176,0.));
#9665=CARTESIAN_POINT('Ctrl Pts',(1.70475053278525,-0.816636490169176,0.003));
#9666=CARTESIAN_POINT('Ctrl Pts',(1.61784004387126,-0.896617239103315,0.));
#9667=CARTESIAN_POINT('Ctrl Pts',(1.61784004387126,-0.896617239103315,0.003));
#9668=CARTESIAN_POINT('Ctrl Pts',(1.61784004387126,-0.971111943886736,0.));
#9669=CARTESIAN_POINT('Ctrl Pts',(1.61784004387126,-0.971111943886736,0.003));
#9670=CARTESIAN_POINT('',(1.68946305013259,-0.83683976077166,0.));
#9671=CARTESIAN_POINT('Ctrl Pts',(1.68946305013259,-0.83683976077166,0.));
#9672=CARTESIAN_POINT('Ctrl Pts',(1.68946305013259,-0.83683976077166,0.0005));
#9673=CARTESIAN_POINT('Ctrl Pts',(1.68946305013259,-0.83683976077166,0.001));
#9674=CARTESIAN_POINT('Ctrl Pts',(1.68946305013259,-0.83683976077166,0.002));
#9675=CARTESIAN_POINT('Ctrl Pts',(1.68946305013259,-0.83683976077166,0.0025));
#9676=CARTESIAN_POINT('Ctrl Pts',(1.68946305013259,-0.83683976077166,0.003));
#9677=CARTESIAN_POINT('Ctrl Pts',(1.68946305013259,-0.83683976077166,0.));
#9678=CARTESIAN_POINT('Ctrl Pts',(1.72779932897625,-0.816636490169176,0.));
#9679=CARTESIAN_POINT('Ctrl Pts',(1.78444254255356,-0.816636490169176,0.));
#9680=CARTESIAN_POINT('Origin',(1.78543102219926,-0.971687097523264,0.));
#9681=CARTESIAN_POINT('',(1.35023996822354,-0.83683976077166,0.));
#9682=CARTESIAN_POINT('Origin',(0.915048914247815,-0.83683976077166,0.003));
#9683=CARTESIAN_POINT('Origin',(2.08121117678243,-0.94043976077166,0.003));
#9684=CARTESIAN_POINT('',(1.61988156217031,-0.94043976077166,0.003));
#9685=CARTESIAN_POINT('',(1.61988156217031,-0.94043976077166,0.));
#9686=CARTESIAN_POINT('Ctrl Pts',(1.61988156217031,-0.94043976077166,0.003));
#9687=CARTESIAN_POINT('Ctrl Pts',(1.61988156217031,-0.94043976077166,0.0025));
#9688=CARTESIAN_POINT('Ctrl Pts',(1.61988156217031,-0.94043976077166,0.002));
#9689=CARTESIAN_POINT('Ctrl Pts',(1.61988156217031,-0.94043976077166,0.001));
#9690=CARTESIAN_POINT('Ctrl Pts',(1.61988156217031,-0.94043976077166,0.0005));
#9691=CARTESIAN_POINT('Ctrl Pts',(1.61988156217031,-0.94043976077166,0.));
#9692=CARTESIAN_POINT('',(1.72249091006609,-0.94043976077166,0.003));
#9693=CARTESIAN_POINT('',(1.93332109949084,-0.94043976077166,0.003));
#9694=CARTESIAN_POINT('',(1.72249091006609,-0.94043976077166,0.));
#9695=CARTESIAN_POINT('Ctrl Pts',(1.72249091006609,-0.94043976077166,0.));
#9696=CARTESIAN_POINT('Ctrl Pts',(1.72249091006609,-0.94043976077166,0.0005));
#9697=CARTESIAN_POINT('Ctrl Pts',(1.72249091006609,-0.94043976077166,0.001));
#9698=CARTESIAN_POINT('Ctrl Pts',(1.72249091006609,-0.94043976077166,0.002));
#9699=CARTESIAN_POINT('Ctrl Pts',(1.72249091006609,-0.94043976077166,0.0025));
#9700=CARTESIAN_POINT('Ctrl Pts',(1.72249091006609,-0.94043976077166,0.003));
#9701=CARTESIAN_POINT('',(1.93332109949084,-0.94043976077166,0.));
#9702=CARTESIAN_POINT('Origin',(0.915048914247815,-0.95523976077166,0.003));
#9703=CARTESIAN_POINT('',(1.61835917119154,-0.95523976077166,0.));
#9704=CARTESIAN_POINT('',(1.61835917119154,-0.95523976077166,0.003));
#9705=CARTESIAN_POINT('Ctrl Pts',(1.61835917119154,-0.95523976077166,0.));
#9706=CARTESIAN_POINT('Ctrl Pts',(1.61835917119154,-0.95523976077166,0.0005));
#9707=CARTESIAN_POINT('Ctrl Pts',(1.61835917119154,-0.95523976077166,0.001));
#9708=CARTESIAN_POINT('Ctrl Pts',(1.61835917119154,-0.95523976077166,0.002));
#9709=CARTESIAN_POINT('Ctrl Pts',(1.61835917119154,-0.95523976077166,0.0025));
#9710=CARTESIAN_POINT('Ctrl Pts',(1.61835917119154,-0.95523976077166,0.003));
#9711=CARTESIAN_POINT('',(1.72060743741302,-0.95523976077166,0.));
#9712=CARTESIAN_POINT('',(1.35023996822354,-0.95523976077166,0.));
#9713=CARTESIAN_POINT('',(1.72060743741302,-0.95523976077166,0.003));
#9714=CARTESIAN_POINT('Ctrl Pts',(1.72060743741302,-0.95523976077166,0.003));
#9715=CARTESIAN_POINT('Ctrl Pts',(1.72060743741302,-0.95523976077166,0.0025));
#9716=CARTESIAN_POINT('Ctrl Pts',(1.72060743741302,-0.95523976077166,0.002));
#9717=CARTESIAN_POINT('Ctrl Pts',(1.72060743741302,-0.95523976077166,0.001));
#9718=CARTESIAN_POINT('Ctrl Pts',(1.72060743741302,-0.95523976077166,0.0005));
#9719=CARTESIAN_POINT('Ctrl Pts',(1.72060743741302,-0.95523976077166,0.));
#9720=CARTESIAN_POINT('',(1.35023996822354,-0.95523976077166,0.003));
#9721=CARTESIAN_POINT('Origin',(1.78543102219926,-0.971687097523264,0.));
#9722=CARTESIAN_POINT('Ctrl Pts',(1.72249091006609,-0.94043976077166,0.));
#9723=CARTESIAN_POINT('Ctrl Pts',(1.72121540937567,-0.947318253953095,0.));
#9724=CARTESIAN_POINT('Ctrl Pts',(1.72060743741302,-0.95523976077166,0.));
#9725=CARTESIAN_POINT('Ctrl Pts',(1.61835917119154,-0.95523976077166,0.));
#9726=CARTESIAN_POINT('Ctrl Pts',(1.61886951360073,-0.947640578425588,0.));
#9727=CARTESIAN_POINT('Ctrl Pts',(1.61988156217031,-0.94043976077166,0.));
#9728=CARTESIAN_POINT('Ctrl Pts',(1.78444254255356,-0.816636490169176,0.));
#9729=CARTESIAN_POINT('Ctrl Pts',(1.78444254255356,-0.816636490169176,0.003));
#9730=CARTESIAN_POINT('Ctrl Pts',(1.70475053278525,-0.816636490169176,0.));
#9731=CARTESIAN_POINT('Ctrl Pts',(1.70475053278525,-0.816636490169176,0.003));
#9732=CARTESIAN_POINT('Ctrl Pts',(1.61784004387126,-0.896617239103315,0.));
#9733=CARTESIAN_POINT('Ctrl Pts',(1.61784004387126,-0.896617239103315,0.003));
#9734=CARTESIAN_POINT('Ctrl Pts',(1.61784004387126,-0.971111943886736,0.));
#9735=CARTESIAN_POINT('Ctrl Pts',(1.61784004387126,-0.971111943886736,0.003));
#9736=CARTESIAN_POINT('Ctrl Pts',(1.61988156217031,-0.94043976077166,0.003));
#9737=CARTESIAN_POINT('Ctrl Pts',(1.61886951360073,-0.947640578425588,0.003));
#9738=CARTESIAN_POINT('Ctrl Pts',(1.61835917119154,-0.95523976077166,0.003));
#9739=CARTESIAN_POINT('Origin',(1.78543102219926,-0.971687097523264,0.003));
#9740=CARTESIAN_POINT('Ctrl Pts',(1.72060743741302,-0.95523976077166,0.003));
#9741=CARTESIAN_POINT('Ctrl Pts',(1.72121540937567,-0.947318253953095,0.003));
#9742=CARTESIAN_POINT('Ctrl Pts',(1.72249091006609,-0.94043976077166,0.003));
#9743=CARTESIAN_POINT('Ctrl Pts',(1.72005370857409,-0.970534465555082,0.));
#9744=CARTESIAN_POINT('Ctrl Pts',(1.72005370857409,-0.970534465555082,0.003));
#9745=CARTESIAN_POINT('Ctrl Pts',(1.72005370857409,-0.930110982339272,0.));
#9746=CARTESIAN_POINT('Ctrl Pts',(1.72005370857409,-0.930110982339272,0.003));
#9747=CARTESIAN_POINT('Ctrl Pts',(1.7339131885338,-0.911342936560503,0.));
#9748=CARTESIAN_POINT('Ctrl Pts',(1.7339131885338,-0.911342936560503,0.003));
#9749=CARTESIAN_POINT('Origin',(1.06995747671412,-0.93334617344729,0.));
#9750=CARTESIAN_POINT('',(1.01899501394561,-1.05883976077166,0.));
#9751=CARTESIAN_POINT('',(1.12091993948262,-1.05883976077166,0.));
#9752=CARTESIAN_POINT('',(1.57558432674827,-1.05883976077166,0.));
#9753=CARTESIAN_POINT('',(1.12091993948262,-1.07363976077166,0.));
#9754=CARTESIAN_POINT('',(1.12091993948262,-0.89603976077166,0.));
#9755=CARTESIAN_POINT('',(1.01899501394561,-1.07363976077166,0.));
#9756=CARTESIAN_POINT('',(0.992503195480966,-1.07363976077166,0.));
#9757=CARTESIAN_POINT('',(1.01899501394561,-1.12183378844854,0.));
#9758=CARTESIAN_POINT('Origin',(1.06995747671412,-0.93334617344729,0.003));
#9759=CARTESIAN_POINT('',(1.12091993948262,-1.05883976077166,0.003));
#9760=CARTESIAN_POINT('',(1.01899501394561,-1.05883976077166,0.003));
#9761=CARTESIAN_POINT('',(1.57558432674827,-1.05883976077166,0.003));
#9762=CARTESIAN_POINT('',(1.01899501394561,-1.07363976077166,0.003));
#9763=CARTESIAN_POINT('',(1.01899501394561,-1.12183378844854,0.003));
#9764=CARTESIAN_POINT('',(1.12091993948262,-1.07363976077166,0.003));
#9765=CARTESIAN_POINT('',(0.992503195480966,-1.07363976077166,0.003));
#9766=CARTESIAN_POINT('',(1.12091993948262,-0.89603976077166,0.003));
#9767=CARTESIAN_POINT('Origin',(1.01899501394561,-0.89603976077166,0.));
#9768=CARTESIAN_POINT('',(1.01899501394561,-1.05883976077166,0.0015));
#9769=CARTESIAN_POINT('',(1.01899501394561,-1.07363976077166,0.0015));
#9770=CARTESIAN_POINT('Origin',(1.12091993948262,-1.12183378844854,0.));
#9771=CARTESIAN_POINT('',(1.12091993948262,-1.05883976077166,0.0015));
#9772=CARTESIAN_POINT('',(1.12091993948262,-1.07363976077166,0.0015));
#9773=CARTESIAN_POINT('Origin',(0.915048914247815,-1.07363976077166,0.003));
#9774=CARTESIAN_POINT('Origin',(2.08121117678243,-1.05883976077166,0.003));
#9775=CARTESIAN_POINT('Origin',(0.915048914247815,-0.86643976077166,0.003));
#9776=CARTESIAN_POINT('',(1.65173659667749,-0.86643976077166,0.));
#9777=CARTESIAN_POINT('',(1.65173659667749,-0.86643976077166,0.003));
#9778=CARTESIAN_POINT('Ctrl Pts',(1.65173659667749,-0.86643976077166,0.));
#9779=CARTESIAN_POINT('Ctrl Pts',(1.65173659667749,-0.86643976077166,0.0005));
#9780=CARTESIAN_POINT('Ctrl Pts',(1.65173659667749,-0.86643976077166,0.001));
#9781=CARTESIAN_POINT('Ctrl Pts',(1.65173659667749,-0.86643976077166,0.002));
#9782=CARTESIAN_POINT('Ctrl Pts',(1.65173659667749,-0.86643976077166,0.0025));
#9783=CARTESIAN_POINT('Ctrl Pts',(1.65173659667749,-0.86643976077166,0.003));
#9784=CARTESIAN_POINT('',(1.91184575559287,-0.86643976077166,0.));
#9785=CARTESIAN_POINT('',(1.35023996822354,-0.86643976077166,0.));
#9786=CARTESIAN_POINT('',(1.91184575559287,-0.86643976077166,0.003));
#9787=CARTESIAN_POINT('Ctrl Pts',(1.91184575559287,-0.86643976077166,0.003));
#9788=CARTESIAN_POINT('Ctrl Pts',(1.91184575559287,-0.86643976077166,0.0025));
#9789=CARTESIAN_POINT('Ctrl Pts',(1.91184575559287,-0.86643976077166,0.002));
#9790=CARTESIAN_POINT('Ctrl Pts',(1.91184575559287,-0.86643976077166,0.001));
#9791=CARTESIAN_POINT('Ctrl Pts',(1.91184575559287,-0.86643976077166,0.0005));
#9792=CARTESIAN_POINT('Ctrl Pts',(1.91184575559287,-0.86643976077166,0.));
#9793=CARTESIAN_POINT('',(1.35023996822354,-0.86643976077166,0.003));
#9794=CARTESIAN_POINT('Origin',(2.08121117678243,-0.85163976077166,0.003));
#9795=CARTESIAN_POINT('',(1.66704530087389,-0.85163976077166,0.003));
#9796=CARTESIAN_POINT('',(1.66704530087389,-0.85163976077166,0.));
#9797=CARTESIAN_POINT('Ctrl Pts',(1.66704530087389,-0.85163976077166,0.003));
#9798=CARTESIAN_POINT('Ctrl Pts',(1.66704530087389,-0.85163976077166,0.0025));
#9799=CARTESIAN_POINT('Ctrl Pts',(1.66704530087389,-0.85163976077166,0.002));
#9800=CARTESIAN_POINT('Ctrl Pts',(1.66704530087389,-0.85163976077166,0.001));
#9801=CARTESIAN_POINT('Ctrl Pts',(1.66704530087389,-0.85163976077166,0.0005));
#9802=CARTESIAN_POINT('Ctrl Pts',(1.66704530087389,-0.85163976077166,0.));
#9803=CARTESIAN_POINT('',(1.89812093290757,-0.85163976077166,0.003));
#9804=CARTESIAN_POINT('',(1.93332109949084,-0.85163976077166,0.003));
#9805=CARTESIAN_POINT('',(1.89812093290757,-0.85163976077166,0.));
#9806=CARTESIAN_POINT('Ctrl Pts',(1.89812093290757,-0.85163976077166,0.));
#9807=CARTESIAN_POINT('Ctrl Pts',(1.89812093290757,-0.85163976077166,0.0005));
#9808=CARTESIAN_POINT('Ctrl Pts',(1.89812093290757,-0.85163976077166,0.001));
#9809=CARTESIAN_POINT('Ctrl Pts',(1.89812093290757,-0.85163976077166,0.002));
#9810=CARTESIAN_POINT('Ctrl Pts',(1.89812093290757,-0.85163976077166,0.0025));
#9811=CARTESIAN_POINT('Ctrl Pts',(1.89812093290757,-0.85163976077166,0.003));
#9812=CARTESIAN_POINT('',(1.93332109949084,-0.85163976077166,0.));
#9813=CARTESIAN_POINT('Origin',(1.78543102219926,-0.971687097523264,0.));
#9814=CARTESIAN_POINT('Ctrl Pts',(1.65173659667749,-0.86643976077166,0.));
#9815=CARTESIAN_POINT('Ctrl Pts',(1.65621950437351,-0.861297934920177,0.));
#9816=CARTESIAN_POINT('Ctrl Pts',(1.66409508257854,-0.854050309794623,0.));
#9817=CARTESIAN_POINT('Ctrl Pts',(1.66704530087389,-0.85163976077166,0.));
#9818=CARTESIAN_POINT('Ctrl Pts',(1.89812093290757,-0.85163976077166,0.));
#9819=CARTESIAN_POINT('Ctrl Pts',(1.90548877671228,-0.858367177416643,0.));
#9820=CARTESIAN_POINT('Ctrl Pts',(1.91184575559287,-0.86643976077166,0.));
#9821=CARTESIAN_POINT('Ctrl Pts',(1.78444254255356,-0.816636490169176,0.));
#9822=CARTESIAN_POINT('Ctrl Pts',(1.78444254255356,-0.816636490169176,0.003));
#9823=CARTESIAN_POINT('Ctrl Pts',(1.70475053278525,-0.816636490169176,0.));
#9824=CARTESIAN_POINT('Ctrl Pts',(1.70475053278525,-0.816636490169176,0.003));
#9825=CARTESIAN_POINT('Ctrl Pts',(1.61784004387126,-0.896617239103315,0.));
#9826=CARTESIAN_POINT('Ctrl Pts',(1.61784004387126,-0.896617239103315,0.003));
#9827=CARTESIAN_POINT('Ctrl Pts',(1.61784004387126,-0.971111943886736,0.));
#9828=CARTESIAN_POINT('Ctrl Pts',(1.61784004387126,-0.971111943886736,0.003));
#9829=CARTESIAN_POINT('Ctrl Pts',(1.66704530087389,-0.85163976077166,0.003));
#9830=CARTESIAN_POINT('Ctrl Pts',(1.66409508257854,-0.854050309794623,0.003));
#9831=CARTESIAN_POINT('Ctrl Pts',(1.65621950437351,-0.861297934920177,0.003));
#9832=CARTESIAN_POINT('Ctrl Pts',(1.65173659667749,-0.86643976077166,0.003));
#9833=CARTESIAN_POINT('Origin',(1.78543102219926,-0.971687097523264,0.003));
#9834=CARTESIAN_POINT('Ctrl Pts',(1.91184575559287,-0.86643976077166,0.003));
#9835=CARTESIAN_POINT('Ctrl Pts',(1.90548877671228,-0.858367177416643,0.003));
#9836=CARTESIAN_POINT('Ctrl Pts',(1.89812093290757,-0.85163976077166,0.003));
#9837=CARTESIAN_POINT('Ctrl Pts',(1.9354531262812,-0.909899240731367,0.));
#9838=CARTESIAN_POINT('Ctrl Pts',(1.9354531262812,-0.909899240731367,0.003));
#9839=CARTESIAN_POINT('Ctrl Pts',(1.91812877633156,-0.862546017535703,0.));
#9840=CARTESIAN_POINT('Ctrl Pts',(1.91812877633156,-0.862546017535703,0.003));
#9841=CARTESIAN_POINT('Ctrl Pts',(1.84681020237224,-0.816636490169176,0.));
#9842=CARTESIAN_POINT('Ctrl Pts',(1.84681020237224,-0.816636490169176,0.003));
#9843=CARTESIAN_POINT('Ctrl Pts',(1.78444254255356,-0.816636490169176,0.));
#9844=CARTESIAN_POINT('Ctrl Pts',(1.78444254255356,-0.816636490169176,0.003));
#9845=CARTESIAN_POINT('Origin',(1.06995747671412,-0.93334617344729,0.));
#9846=CARTESIAN_POINT('',(1.01899501394561,-0.94043976077166,0.));
#9847=CARTESIAN_POINT('',(1.12091993948262,-0.94043976077166,0.));
#9848=CARTESIAN_POINT('',(1.57558432674827,-0.94043976077166,0.));
#9849=CARTESIAN_POINT('',(1.12091993948262,-0.95523976077166,0.));
#9850=CARTESIAN_POINT('',(1.12091993948262,-0.89603976077166,0.));
#9851=CARTESIAN_POINT('',(1.01899501394561,-0.95523976077166,0.));
#9852=CARTESIAN_POINT('',(0.992503195480966,-0.95523976077166,0.));
#9853=CARTESIAN_POINT('',(1.01899501394561,-1.12183378844854,0.));
#9854=CARTESIAN_POINT('Origin',(1.06995747671412,-0.93334617344729,0.003));
#9855=CARTESIAN_POINT('',(1.12091993948262,-0.94043976077166,0.003));
#9856=CARTESIAN_POINT('',(1.01899501394561,-0.94043976077166,0.003));
#9857=CARTESIAN_POINT('',(1.57558432674827,-0.94043976077166,0.003));
#9858=CARTESIAN_POINT('',(1.01899501394561,-0.95523976077166,0.003));
#9859=CARTESIAN_POINT('',(1.01899501394561,-1.12183378844854,0.003));
#9860=CARTESIAN_POINT('',(1.12091993948262,-0.95523976077166,0.003));
#9861=CARTESIAN_POINT('',(0.992503195480966,-0.95523976077166,0.003));
#9862=CARTESIAN_POINT('',(1.12091993948262,-0.89603976077166,0.003));
#9863=CARTESIAN_POINT('Origin',(1.01899501394561,-0.89603976077166,0.));
#9864=CARTESIAN_POINT('',(1.01899501394561,-0.94043976077166,0.0015));
#9865=CARTESIAN_POINT('',(1.01899501394561,-0.95523976077166,0.0015));
#9866=CARTESIAN_POINT('Origin',(1.12091993948262,-1.12183378844854,0.));
#9867=CARTESIAN_POINT('',(1.12091993948262,-0.94043976077166,0.0015));
#9868=CARTESIAN_POINT('',(1.12091993948262,-0.95523976077166,0.0015));
#9869=CARTESIAN_POINT('Origin',(0.915048914247815,-0.95523976077166,0.003));
#9870=CARTESIAN_POINT('Origin',(2.08121117678243,-0.94043976077166,0.003));
#9871=CARTESIAN_POINT('Origin',(0.915048914247815,-0.98483976077166,0.003));
#9872=CARTESIAN_POINT('',(1.61823203608117,-0.98483976077166,0.));
#9873=CARTESIAN_POINT('',(1.61823203608117,-0.98483976077166,0.003));
#9874=CARTESIAN_POINT('Ctrl Pts',(1.61823203608117,-0.98483976077166,0.));
#9875=CARTESIAN_POINT('Ctrl Pts',(1.61823203608117,-0.98483976077166,0.0005));
#9876=CARTESIAN_POINT('Ctrl Pts',(1.61823203608117,-0.98483976077166,0.001));
#9877=CARTESIAN_POINT('Ctrl Pts',(1.61823203608117,-0.98483976077166,0.002));
#9878=CARTESIAN_POINT('Ctrl Pts',(1.61823203608117,-0.98483976077166,0.0025));
#9879=CARTESIAN_POINT('Ctrl Pts',(1.61823203608117,-0.98483976077166,0.003));
#9880=CARTESIAN_POINT('',(1.7204288008477,-0.98483976077166,0.));
#9881=CARTESIAN_POINT('',(1.35023996822354,-0.98483976077166,0.));
#9882=CARTESIAN_POINT('',(1.7204288008477,-0.98483976077166,0.003));
#9883=CARTESIAN_POINT('Ctrl Pts',(1.7204288008477,-0.98483976077166,0.003));
#9884=CARTESIAN_POINT('Ctrl Pts',(1.7204288008477,-0.98483976077166,0.0025));
#9885=CARTESIAN_POINT('Ctrl Pts',(1.7204288008477,-0.98483976077166,0.002));
#9886=CARTESIAN_POINT('Ctrl Pts',(1.7204288008477,-0.98483976077166,0.001));
#9887=CARTESIAN_POINT('Ctrl Pts',(1.7204288008477,-0.98483976077166,0.0005));
#9888=CARTESIAN_POINT('Ctrl Pts',(1.7204288008477,-0.98483976077166,0.));
#9889=CARTESIAN_POINT('',(1.35023996822354,-0.98483976077166,0.003));
#9890=CARTESIAN_POINT('Origin',(2.08121117678243,-0.97003976077166,0.003));
#9891=CARTESIAN_POINT('',(1.61784230185365,-0.97003976077166,0.003));
#9892=CARTESIAN_POINT('',(1.61784230185365,-0.97003976077166,0.));
#9893=CARTESIAN_POINT('Ctrl Pts',(1.61784230185365,-0.97003976077166,0.003));
#9894=CARTESIAN_POINT('Ctrl Pts',(1.61784230185365,-0.97003976077166,0.0025));
#9895=CARTESIAN_POINT('Ctrl Pts',(1.61784230185365,-0.97003976077166,0.002));
#9896=CARTESIAN_POINT('Ctrl Pts',(1.61784230185365,-0.97003976077166,0.001));
#9897=CARTESIAN_POINT('Ctrl Pts',(1.61784230185365,-0.97003976077166,0.0005));
#9898=CARTESIAN_POINT('Ctrl Pts',(1.61784230185365,-0.97003976077166,0.));
#9899=CARTESIAN_POINT('',(1.72005422921567,-0.97003976077166,0.003));
#9900=CARTESIAN_POINT('',(1.93332109949084,-0.97003976077166,0.003));
#9901=CARTESIAN_POINT('',(1.72005422921567,-0.97003976077166,0.));
#9902=CARTESIAN_POINT('Ctrl Pts',(1.72005422921567,-0.97003976077166,0.));
#9903=CARTESIAN_POINT('Ctrl Pts',(1.72005422921567,-0.97003976077166,0.0005));
#9904=CARTESIAN_POINT('Ctrl Pts',(1.72005422921567,-0.97003976077166,0.001));
#9905=CARTESIAN_POINT('Ctrl Pts',(1.72005422921567,-0.97003976077166,0.002));
#9906=CARTESIAN_POINT('Ctrl Pts',(1.72005422921567,-0.97003976077166,0.0025));
#9907=CARTESIAN_POINT('Ctrl Pts',(1.72005422921567,-0.97003976077166,0.003));
#9908=CARTESIAN_POINT('',(1.93332109949084,-0.97003976077166,0.));
#9909=CARTESIAN_POINT('Ctrl Pts',(1.78328758589025,-1.05744495446907,0.));
#9910=CARTESIAN_POINT('Ctrl Pts',(1.78328758589025,-1.05744495446907,0.003));
#9911=CARTESIAN_POINT('Ctrl Pts',(1.75325871264422,-1.05744495446907,0.));
#9912=CARTESIAN_POINT('Ctrl Pts',(1.75325871264422,-1.05744495446907,0.003));
#9913=CARTESIAN_POINT('Ctrl Pts',(1.72005370857409,-1.02048634124319,0.));
#9914=CARTESIAN_POINT('Ctrl Pts',(1.72005370857409,-1.02048634124319,0.003));
#9915=CARTESIAN_POINT('Ctrl Pts',(1.72005370857409,-0.970534465555082,0.));
#9916=CARTESIAN_POINT('Ctrl Pts',(1.72005370857409,-0.970534465555082,0.003));
#9917=CARTESIAN_POINT('Ctrl Pts',(1.72005370857409,-0.970534465555082,0.));
#9918=CARTESIAN_POINT('Ctrl Pts',(1.72005370857409,-0.978042635405312,0.));
#9919=CARTESIAN_POINT('Ctrl Pts',(1.7204288008477,-0.98483976077166,0.));
#9920=CARTESIAN_POINT('Ctrl Pts',(1.7204288008477,-0.98483976077166,0.003));
#9921=CARTESIAN_POINT('Ctrl Pts',(1.72005370857409,-0.978042635405312,0.003));
#9922=CARTESIAN_POINT('Ctrl Pts',(1.72005370857409,-0.970534465555082,0.003));
#9923=CARTESIAN_POINT('Ctrl Pts',(1.61784004387126,-0.971111943886736,0.));
#9924=CARTESIAN_POINT('Ctrl Pts',(1.61784004387126,-0.971111943886736,0.003));
#9925=CARTESIAN_POINT('Ctrl Pts',(1.61784004387126,-1.02683860289139,0.));
#9926=CARTESIAN_POINT('Ctrl Pts',(1.61784004387126,-1.02683860289139,0.003));
#9927=CARTESIAN_POINT('Ctrl Pts',(1.66721444122771,-1.09844591601654,0.));
#9928=CARTESIAN_POINT('Ctrl Pts',(1.66721444122771,-1.09844591601654,0.003));
#9929=CARTESIAN_POINT('Ctrl Pts',(1.73535688436294,-1.12703109343343,0.));
#9930=CARTESIAN_POINT('Ctrl Pts',(1.73535688436294,-1.12703109343343,0.003));
#9931=CARTESIAN_POINT('Ctrl Pts',(1.78935110837263,-1.12703109343343,0.));
#9932=CARTESIAN_POINT('Ctrl Pts',(1.78935110837263,-1.12703109343343,0.003));
#9933=CARTESIAN_POINT('',(1.61784004387126,-0.971111943886736,0.003));
#9934=CARTESIAN_POINT('Ctrl Pts',(1.61784004387126,-0.971111943886736,0.003));
#9935=CARTESIAN_POINT('Ctrl Pts',(1.61784004387126,-0.978134024624424,0.003));
#9936=CARTESIAN_POINT('Ctrl Pts',(1.61823203608117,-0.98483976077166,0.003));
#9937=CARTESIAN_POINT('',(1.61784004387126,-0.971111943886736,0.));
#9938=CARTESIAN_POINT('',(1.61784004387126,-0.971111943886736,0.));
#9939=CARTESIAN_POINT('Ctrl Pts',(1.61823203608117,-0.98483976077166,0.));
#9940=CARTESIAN_POINT('Ctrl Pts',(1.61784004387126,-0.978134024624424,0.));
#9941=CARTESIAN_POINT('Ctrl Pts',(1.61784004387126,-0.971111943886736,0.));
#9942=CARTESIAN_POINT('Origin',(1.78543102219926,-0.971687097523264,0.));
#9943=CARTESIAN_POINT('Ctrl Pts',(1.61784004387126,-0.971111943886736,0.));
#9944=CARTESIAN_POINT('Ctrl Pts',(1.61784004387126,-0.970574955887685,0.));
#9945=CARTESIAN_POINT('Ctrl Pts',(1.61784230185365,-0.97003976077166,0.));
#9946=CARTESIAN_POINT('Ctrl Pts',(1.78444254255356,-0.816636490169176,0.));
#9947=CARTESIAN_POINT('Ctrl Pts',(1.78444254255356,-0.816636490169176,0.003));
#9948=CARTESIAN_POINT('Ctrl Pts',(1.70475053278525,-0.816636490169176,0.));
#9949=CARTESIAN_POINT('Ctrl Pts',(1.70475053278525,-0.816636490169176,0.003));
#9950=CARTESIAN_POINT('Ctrl Pts',(1.61784004387126,-0.896617239103315,0.));
#9951=CARTESIAN_POINT('Ctrl Pts',(1.61784004387126,-0.896617239103315,0.003));
#9952=CARTESIAN_POINT('Ctrl Pts',(1.61784004387126,-0.971111943886736,0.));
#9953=CARTESIAN_POINT('Ctrl Pts',(1.61784004387126,-0.971111943886736,0.003));
#9954=CARTESIAN_POINT('Ctrl Pts',(1.61784230185365,-0.97003976077166,0.003));
#9955=CARTESIAN_POINT('Ctrl Pts',(1.61784004387126,-0.970574955887685,0.003));
#9956=CARTESIAN_POINT('Ctrl Pts',(1.61784004387126,-0.971111943886736,0.003));
#9957=CARTESIAN_POINT('Origin',(1.78543102219926,-0.971687097523264,0.003));
#9958=CARTESIAN_POINT('Origin',(0.915048914247815,-0.821833795154066,0.));
#9959=CARTESIAN_POINT('',(0.915048914247815,-0.86643976077166,0.));
#9960=CARTESIAN_POINT('',(0.915048914247815,-0.86643976077166,0.003));
#9961=CARTESIAN_POINT('',(0.915048914247815,-0.86643976077166,0.0015));
#9962=CARTESIAN_POINT('',(0.915048914247815,-0.85163976077166,0.003));
#9963=CARTESIAN_POINT('',(0.915048914247815,-0.89603976077166,0.003));
#9964=CARTESIAN_POINT('',(0.915048914247815,-0.85163976077166,0.));
#9965=CARTESIAN_POINT('',(0.915048914247815,-0.85163976077166,0.0015));
#9966=CARTESIAN_POINT('',(0.915048914247815,-0.89603976077166,0.));
#9967=CARTESIAN_POINT('Origin',(1.06995747671412,-0.93334617344729,0.));
#9968=CARTESIAN_POINT('',(1.22486603918042,-0.86643976077166,0.));
#9969=CARTESIAN_POINT('',(0.992503195480966,-0.86643976077166,0.));
#9970=CARTESIAN_POINT('',(1.22486603918042,-0.85163976077166,0.));
#9971=CARTESIAN_POINT('',(1.57558432674827,-0.85163976077166,0.));
#9972=CARTESIAN_POINT('',(1.22486603918042,-0.821833795154066,0.));
#9973=CARTESIAN_POINT('Origin',(1.22486603918042,-0.89603976077166,0.));
#9974=CARTESIAN_POINT('',(1.22486603918042,-0.86643976077166,0.003));
#9975=CARTESIAN_POINT('',(1.22486603918042,-0.86643976077166,0.0015));
#9976=CARTESIAN_POINT('',(1.22486603918042,-0.85163976077166,0.003));
#9977=CARTESIAN_POINT('',(1.22486603918042,-0.85163976077166,0.0015));
#9978=CARTESIAN_POINT('',(1.22486603918042,-0.821833795154066,0.003));
#9979=CARTESIAN_POINT('Origin',(1.06995747671412,-0.93334617344729,0.003));
#9980=CARTESIAN_POINT('',(0.992503195480966,-0.86643976077166,0.003));
#9981=CARTESIAN_POINT('',(1.57558432674827,-0.85163976077166,0.003));
#9982=CARTESIAN_POINT('Origin',(2.08121117678243,-0.85163976077166,0.003));
#9983=CARTESIAN_POINT('Origin',(0.915048914247815,-0.86643976077166,0.003));
#9984=CARTESIAN_POINT('Origin',(0.915048914247815,-0.98483976077166,0.003));
#9985=CARTESIAN_POINT('',(1.12091993948262,-0.98483976077166,0.003));
#9986=CARTESIAN_POINT('',(1.12091993948262,-0.98483976077166,0.));
#9987=CARTESIAN_POINT('',(1.12091993948262,-0.98483976077166,0.0015));
#9988=CARTESIAN_POINT('',(1.01899501394561,-0.98483976077166,0.003));
#9989=CARTESIAN_POINT('',(0.992503195480966,-0.98483976077166,0.003));
#9990=CARTESIAN_POINT('',(1.01899501394561,-0.98483976077166,0.));
#9991=CARTESIAN_POINT('',(1.01899501394561,-0.98483976077166,0.0015));
#9992=CARTESIAN_POINT('',(0.992503195480966,-0.98483976077166,0.));
#9993=CARTESIAN_POINT('Origin',(2.08121117678243,-0.97003976077166,0.003));
#9994=CARTESIAN_POINT('',(1.12091993948262,-0.97003976077166,0.));
#9995=CARTESIAN_POINT('',(1.12091993948262,-0.97003976077166,0.003));
#9996=CARTESIAN_POINT('',(1.12091993948262,-0.97003976077166,0.0015));
#9997=CARTESIAN_POINT('',(1.01899501394561,-0.97003976077166,0.));
#9998=CARTESIAN_POINT('',(1.57558432674827,-0.97003976077166,0.));
#9999=CARTESIAN_POINT('',(1.01899501394561,-0.97003976077166,0.003));
#10000=CARTESIAN_POINT('',(1.01899501394561,-0.97003976077166,0.0015));
#10001=CARTESIAN_POINT('',(1.57558432674827,-0.97003976077166,0.003));
#10002=CARTESIAN_POINT('Origin',(1.12091993948262,-1.12183378844854,0.));
#10003=CARTESIAN_POINT('',(1.12091993948262,-0.89603976077166,0.));
#10004=CARTESIAN_POINT('',(1.12091993948262,-0.89603976077166,0.003));
#10005=CARTESIAN_POINT('Origin',(1.01899501394561,-0.89603976077166,0.));
#10006=CARTESIAN_POINT('',(1.01899501394561,-1.12183378844854,0.003));
#10007=CARTESIAN_POINT('',(1.01899501394561,-1.12183378844854,0.));
#10008=CARTESIAN_POINT('Origin',(1.06995747671412,-0.93334617344729,0.003));
#10009=CARTESIAN_POINT('Origin',(1.06995747671412,-0.93334617344729,0.));
#10010=CARTESIAN_POINT('Origin',(1.22486603918042,-0.821833795154066,0.));
#10011=CARTESIAN_POINT('',(0.915048914247815,-0.821833795154066,0.));
#10012=CARTESIAN_POINT('',(1.22486603918042,-0.821833795154066,0.));
#10013=CARTESIAN_POINT('',(0.915048914247815,-0.821833795154066,0.));
#10014=CARTESIAN_POINT('',(0.915048914247815,-0.821833795154066,0.003));
#10015=CARTESIAN_POINT('',(0.915048914247815,-0.821833795154066,0.));
#10016=CARTESIAN_POINT('',(1.22486603918042,-0.821833795154066,0.003));
#10017=CARTESIAN_POINT('',(0.915048914247815,-0.821833795154066,0.003));
#10018=CARTESIAN_POINT('',(1.22486603918042,-0.821833795154066,0.));
#10019=CARTESIAN_POINT('Origin',(0.915048914247815,-0.821833795154066,0.));
#10020=CARTESIAN_POINT('',(0.915048914247815,-0.83683976077166,0.));
#10021=CARTESIAN_POINT('',(0.915048914247815,-0.83683976077166,0.003));
#10022=CARTESIAN_POINT('',(0.915048914247815,-0.83683976077166,0.0015));
#10023=CARTESIAN_POINT('',(0.915048914247815,-0.89603976077166,0.003));
#10024=CARTESIAN_POINT('',(0.915048914247815,-0.89603976077166,0.));
#10025=CARTESIAN_POINT('Origin',(1.06995747671412,-0.93334617344729,0.));
#10026=CARTESIAN_POINT('',(1.22486603918042,-0.83683976077166,0.));
#10027=CARTESIAN_POINT('',(0.992503195480966,-0.83683976077166,0.));
#10028=CARTESIAN_POINT('',(1.22486603918042,-0.821833795154066,0.));
#10029=CARTESIAN_POINT('Origin',(1.22486603918042,-0.89603976077166,0.));
#10030=CARTESIAN_POINT('',(1.22486603918042,-0.83683976077166,0.003));
#10031=CARTESIAN_POINT('',(1.22486603918042,-0.83683976077166,0.0015));
#10032=CARTESIAN_POINT('',(1.22486603918042,-0.821833795154066,0.003));
#10033=CARTESIAN_POINT('Origin',(1.06995747671412,-0.93334617344729,0.003));
#10034=CARTESIAN_POINT('',(0.992503195480966,-0.83683976077166,0.003));
#10035=CARTESIAN_POINT('Origin',(0.915048914247815,-0.83683976077166,0.003));
#10036=CARTESIAN_POINT('Origin',(0.915048914247815,-1.10323976077166,0.003));
#10037=CARTESIAN_POINT('',(1.88516801292809,-1.10323976077166,0.003));
#10038=CARTESIAN_POINT('',(1.88516801292809,-1.10323976077166,0.));
#10039=CARTESIAN_POINT('Ctrl Pts',(1.88516801292809,-1.10323976077166,0.003));
#10040=CARTESIAN_POINT('Ctrl Pts',(1.88516801292809,-1.10323976077166,0.0025));
#10041=CARTESIAN_POINT('Ctrl Pts',(1.88516801292809,-1.10323976077166,0.002));
#10042=CARTESIAN_POINT('Ctrl Pts',(1.88516801292809,-1.10323976077166,0.001));
#10043=CARTESIAN_POINT('Ctrl Pts',(1.88516801292809,-1.10323976077166,0.0005));
#10044=CARTESIAN_POINT('Ctrl Pts',(1.88516801292809,-1.10323976077166,0.));
#10045=CARTESIAN_POINT('',(1.68323894826575,-1.10323976077166,0.003));
#10046=CARTESIAN_POINT('',(1.35023996822354,-1.10323976077166,0.003));
#10047=CARTESIAN_POINT('',(1.68323894826575,-1.10323976077166,0.));
#10048=CARTESIAN_POINT('Ctrl Pts',(1.68323894826575,-1.10323976077166,0.));
#10049=CARTESIAN_POINT('Ctrl Pts',(1.68323894826575,-1.10323976077166,0.0005));
#10050=CARTESIAN_POINT('Ctrl Pts',(1.68323894826575,-1.10323976077166,0.001));
#10051=CARTESIAN_POINT('Ctrl Pts',(1.68323894826575,-1.10323976077166,0.002));
#10052=CARTESIAN_POINT('Ctrl Pts',(1.68323894826575,-1.10323976077166,0.0025));
#10053=CARTESIAN_POINT('Ctrl Pts',(1.68323894826575,-1.10323976077166,0.003));
#10054=CARTESIAN_POINT('',(1.35023996822354,-1.10323976077166,0.));
#10055=CARTESIAN_POINT('Origin',(2.08121117678243,-1.08843976077166,0.003));
#10056=CARTESIAN_POINT('',(1.90321244495067,-1.08843976077166,0.));
#10057=CARTESIAN_POINT('',(1.90321244495067,-1.08843976077166,0.003));
#10058=CARTESIAN_POINT('Ctrl Pts',(1.90321244495067,-1.08843976077166,0.));
#10059=CARTESIAN_POINT('Ctrl Pts',(1.90321244495067,-1.08843976077166,0.0005));
#10060=CARTESIAN_POINT('Ctrl Pts',(1.90321244495067,-1.08843976077166,0.001));
#10061=CARTESIAN_POINT('Ctrl Pts',(1.90321244495067,-1.08843976077166,0.002));
#10062=CARTESIAN_POINT('Ctrl Pts',(1.90321244495067,-1.08843976077166,0.0025));
#10063=CARTESIAN_POINT('Ctrl Pts',(1.90321244495067,-1.08843976077166,0.003));
#10064=CARTESIAN_POINT('',(1.66440587835261,-1.08843976077166,0.));
#10065=CARTESIAN_POINT('',(1.93332109949084,-1.08843976077166,0.));
#10066=CARTESIAN_POINT('',(1.66440587835261,-1.08843976077166,0.003));
#10067=CARTESIAN_POINT('Ctrl Pts',(1.66440587835261,-1.08843976077166,0.003));
#10068=CARTESIAN_POINT('Ctrl Pts',(1.66440587835261,-1.08843976077166,0.0025));
#10069=CARTESIAN_POINT('Ctrl Pts',(1.66440587835261,-1.08843976077166,0.002));
#10070=CARTESIAN_POINT('Ctrl Pts',(1.66440587835261,-1.08843976077166,0.001));
#10071=CARTESIAN_POINT('Ctrl Pts',(1.66440587835261,-1.08843976077166,0.0005));
#10072=CARTESIAN_POINT('Ctrl Pts',(1.66440587835261,-1.08843976077166,0.));
#10073=CARTESIAN_POINT('',(1.93332109949084,-1.08843976077166,0.003));
#10074=CARTESIAN_POINT('Ctrl Pts',(1.78935110837263,-1.12703109343343,0.));
#10075=CARTESIAN_POINT('Ctrl Pts',(1.78935110837263,-1.12703109343343,0.003));
#10076=CARTESIAN_POINT('Ctrl Pts',(1.83352820074419,-1.12703109343343,0.));
#10077=CARTESIAN_POINT('Ctrl Pts',(1.83352820074419,-1.12703109343343,0.003));
#10078=CARTESIAN_POINT('Ctrl Pts',(1.89098729474381,-1.10364322100143,0.));
#10079=CARTESIAN_POINT('Ctrl Pts',(1.89098729474381,-1.10364322100143,0.003));
#10080=CARTESIAN_POINT('Ctrl Pts',(1.92967834296465,-1.0577336936349,0.));
#10081=CARTESIAN_POINT('Ctrl Pts',(1.92967834296465,-1.0577336936349,0.003));
#10082=CARTESIAN_POINT('Ctrl Pts',(1.9386292571053,-1.02366247206729,0.));
#10083=CARTESIAN_POINT('Ctrl Pts',(1.9386292571053,-1.02366247206729,0.003));
#10084=CARTESIAN_POINT('Ctrl Pts',(1.90321244495067,-1.08843976077166,0.));
#10085=CARTESIAN_POINT('Ctrl Pts',(1.89492147726985,-1.09671725876822,0.));
#10086=CARTESIAN_POINT('Ctrl Pts',(1.88516801292809,-1.10323976077166,0.));
#10087=CARTESIAN_POINT('Ctrl Pts',(1.88516801292809,-1.10323976077166,0.003));
#10088=CARTESIAN_POINT('Ctrl Pts',(1.89492147726985,-1.09671725876822,0.003));
#10089=CARTESIAN_POINT('Ctrl Pts',(1.90321244495067,-1.08843976077166,0.003));
#10090=CARTESIAN_POINT('Ctrl Pts',(1.61784004387126,-0.971111943886736,
0.));
#10091=CARTESIAN_POINT('Ctrl Pts',(1.61784004387126,-0.971111943886736,
0.003));
#10092=CARTESIAN_POINT('Ctrl Pts',(1.61784004387126,-1.02683860289139,0.));
#10093=CARTESIAN_POINT('Ctrl Pts',(1.61784004387126,-1.02683860289139,0.003));
#10094=CARTESIAN_POINT('Ctrl Pts',(1.66721444122771,-1.09844591601654,0.));
#10095=CARTESIAN_POINT('Ctrl Pts',(1.66721444122771,-1.09844591601654,0.003));
#10096=CARTESIAN_POINT('Ctrl Pts',(1.73535688436294,-1.12703109343343,0.));
#10097=CARTESIAN_POINT('Ctrl Pts',(1.73535688436294,-1.12703109343343,0.003));
#10098=CARTESIAN_POINT('Ctrl Pts',(1.78935110837263,-1.12703109343343,0.));
#10099=CARTESIAN_POINT('Ctrl Pts',(1.78935110837263,-1.12703109343343,0.003));
#10100=CARTESIAN_POINT('Ctrl Pts',(1.66440587835261,-1.08843976077166,0.003));
#10101=CARTESIAN_POINT('Ctrl Pts',(1.67336063551383,-1.09689829756408,0.003));
#10102=CARTESIAN_POINT('Ctrl Pts',(1.68323894826575,-1.10323976077166,0.003));
#10103=CARTESIAN_POINT('Ctrl Pts',(1.68323894826575,-1.10323976077166,0.));
#10104=CARTESIAN_POINT('Ctrl Pts',(1.67336063551383,-1.09689829756408,0.));
#10105=CARTESIAN_POINT('Ctrl Pts',(1.66440587835261,-1.08843976077166,0.));
#10106=CARTESIAN_POINT('Origin',(1.78543102219926,-0.971687097523264,0.));
#10107=CARTESIAN_POINT('Origin',(1.78543102219926,-0.971687097523264,0.003));
#10108=CARTESIAN_POINT('Origin',(1.4178492106603,-0.973083769078244,0.));
#10109=CARTESIAN_POINT('',(1.36478159889997,-1.10323976077166,0.));
#10110=CARTESIAN_POINT('',(1.25172408689418,-1.10323976077166,0.));
#10111=CARTESIAN_POINT('',(1.16644906245406,-1.10323976077166,0.));
#10112=CARTESIAN_POINT('',(1.26253000186645,-1.08843976077166,0.));
#10113=CARTESIAN_POINT('',(1.23814804080847,-1.12183378844854,0.));
#10114=CARTESIAN_POINT('',(1.37479597015745,-1.08843976077166,0.));
#10115=CARTESIAN_POINT('',(1.74953019372137,-1.08843976077166,0.));
#10116=CARTESIAN_POINT('',(1.41745506278717,-1.02539490706225,0.));
#10117=CARTESIAN_POINT('Origin',(1.4178492106603,-0.973083769078244,0.003));
#10118=CARTESIAN_POINT('',(1.25172408689418,-1.10323976077166,0.003));
#10119=CARTESIAN_POINT('',(1.36478159889997,-1.10323976077166,0.003));
#10120=CARTESIAN_POINT('',(1.16644906245406,-1.10323976077166,0.003));
#10121=CARTESIAN_POINT('',(1.37479597015745,-1.08843976077166,0.003));
#10122=CARTESIAN_POINT('',(1.41745506278717,-1.02539490706225,0.003));
#10123=CARTESIAN_POINT('',(1.26253000186645,-1.08843976077166,0.003));
#10124=CARTESIAN_POINT('',(1.74953019372137,-1.08843976077166,0.003));
#10125=CARTESIAN_POINT('',(1.23814804080847,-1.12183378844854,0.003));
#10126=CARTESIAN_POINT('Origin',(1.35220001131022,-0.965625899736019,0.));
#10127=CARTESIAN_POINT('',(1.25172408689418,-1.10323976077166,0.0015));
#10128=CARTESIAN_POINT('',(1.26253000186645,-1.08843976077166,0.0015));
#10129=CARTESIAN_POINT('Origin',(1.35220001131022,-1.12183378844854,0.));
#10130=CARTESIAN_POINT('',(1.36478159889997,-1.10323976077166,0.0015));
#10131=CARTESIAN_POINT('',(1.37479597015745,-1.08843976077166,0.0015));
#10132=CARTESIAN_POINT('Origin',(2.08121117678243,-1.08843976077166,0.003));
#10133=CARTESIAN_POINT('Origin',(0.915048914247815,-1.10323976077166,0.003));
#10134=CARTESIAN_POINT('Origin',(0.915048914247815,-1.10323976077166,0.003));
#10135=CARTESIAN_POINT('',(1.12091993948262,-1.10323976077166,0.003));
#10136=CARTESIAN_POINT('',(1.12091993948262,-1.10323976077166,0.));
#10137=CARTESIAN_POINT('',(1.12091993948262,-1.10323976077166,0.0015));
#10138=CARTESIAN_POINT('',(1.01899501394561,-1.10323976077166,0.003));
#10139=CARTESIAN_POINT('',(0.992503195480966,-1.10323976077166,0.003));
#10140=CARTESIAN_POINT('',(1.01899501394561,-1.10323976077166,0.));
#10141=CARTESIAN_POINT('',(1.01899501394561,-1.10323976077166,0.0015));
#10142=CARTESIAN_POINT('',(0.992503195480966,-1.10323976077166,0.));
#10143=CARTESIAN_POINT('Origin',(2.08121117678243,-1.08843976077166,0.003));
#10144=CARTESIAN_POINT('',(1.12091993948262,-1.08843976077166,0.));
#10145=CARTESIAN_POINT('',(1.12091993948262,-1.08843976077166,0.003));
#10146=CARTESIAN_POINT('',(1.12091993948262,-1.08843976077166,0.0015));
#10147=CARTESIAN_POINT('',(1.01899501394561,-1.08843976077166,0.));
#10148=CARTESIAN_POINT('',(1.57558432674827,-1.08843976077166,0.));
#10149=CARTESIAN_POINT('',(1.01899501394561,-1.08843976077166,0.003));
#10150=CARTESIAN_POINT('',(1.01899501394561,-1.08843976077166,0.0015));
#10151=CARTESIAN_POINT('',(1.57558432674827,-1.08843976077166,0.003));
#10152=CARTESIAN_POINT('Origin',(1.12091993948262,-1.12183378844854,0.));
#10153=CARTESIAN_POINT('',(1.12091993948262,-0.89603976077166,0.));
#10154=CARTESIAN_POINT('',(1.12091993948262,-0.89603976077166,0.003));
#10155=CARTESIAN_POINT('Origin',(1.01899501394561,-0.89603976077166,0.));
#10156=CARTESIAN_POINT('',(1.01899501394561,-1.12183378844854,0.003));
#10157=CARTESIAN_POINT('',(1.01899501394561,-1.12183378844854,0.));
#10158=CARTESIAN_POINT('Origin',(1.06995747671412,-0.93334617344729,0.003));
#10159=CARTESIAN_POINT('Origin',(1.06995747671412,-0.93334617344729,0.));
#10160=CARTESIAN_POINT('Origin',(1.4178492106603,-0.973083769078244,0.));
#10161=CARTESIAN_POINT('',(1.5835562777259,-1.10323976077166,0.));
#10162=CARTESIAN_POINT('',(1.46989545825009,-1.10323976077166,0.));
#10163=CARTESIAN_POINT('',(1.16644906245406,-1.10323976077166,0.));
#10164=CARTESIAN_POINT('',(1.45992539836986,-1.08843976077166,0.));
#10165=CARTESIAN_POINT('',(1.48242137509829,-1.12183378844854,0.));
#10166=CARTESIAN_POINT('',(1.57281523294978,-1.08843976077166,0.));
#10167=CARTESIAN_POINT('',(1.74953019372137,-1.08843976077166,0.));
#10168=CARTESIAN_POINT('',(1.48473128842491,-0.967069595565155,0.));
#10169=CARTESIAN_POINT('Origin',(1.4178492106603,-0.973083769078244,0.003));
#10170=CARTESIAN_POINT('',(1.46989545825009,-1.10323976077166,0.003));
#10171=CARTESIAN_POINT('',(1.5835562777259,-1.10323976077166,0.003));
#10172=CARTESIAN_POINT('',(1.16644906245406,-1.10323976077166,0.003));
#10173=CARTESIAN_POINT('',(1.57281523294978,-1.08843976077166,0.003));
#10174=CARTESIAN_POINT('',(1.48473128842491,-0.967069595565155,0.003));
#10175=CARTESIAN_POINT('',(1.45992539836986,-1.08843976077166,0.003));
#10176=CARTESIAN_POINT('',(1.74953019372137,-1.08843976077166,0.003));
#10177=CARTESIAN_POINT('',(1.48242137509829,-1.12183378844854,0.003));
#10178=CARTESIAN_POINT('Origin',(1.5970508239317,-1.12183378844854,0.));
#10179=CARTESIAN_POINT('',(1.5835562777259,-1.10323976077166,0.0015));
#10180=CARTESIAN_POINT('',(1.57281523294978,-1.08843976077166,0.0015));
#10181=CARTESIAN_POINT('Origin',(1.41745506278717,-1.02539490706225,0.));
#10182=CARTESIAN_POINT('',(1.46989545825009,-1.10323976077166,0.0015));
#10183=CARTESIAN_POINT('',(1.45992539836986,-1.08843976077166,0.0015));
#10184=CARTESIAN_POINT('Origin',(2.08121117678243,-1.08843976077166,0.003));
#10185=CARTESIAN_POINT('Origin',(0.915048914247815,-1.10323976077166,0.003));
#10186=CARTESIAN_POINT('Origin',(2.08121117678243,-1.11803976077166,0.003));
#10187=CARTESIAN_POINT('',(1.12091993948262,-1.11803976077166,0.));
#10188=CARTESIAN_POINT('',(1.12091993948262,-1.11803976077166,0.003));
#10189=CARTESIAN_POINT('',(1.12091993948262,-1.11803976077166,0.0015));
#10190=CARTESIAN_POINT('',(1.01899501394561,-1.11803976077166,0.));
#10191=CARTESIAN_POINT('',(1.57558432674827,-1.11803976077166,0.));
#10192=CARTESIAN_POINT('',(1.01899501394561,-1.11803976077166,0.003));
#10193=CARTESIAN_POINT('',(1.01899501394561,-1.11803976077166,0.0015));
#10194=CARTESIAN_POINT('',(1.57558432674827,-1.11803976077166,0.003));
#10195=CARTESIAN_POINT('Origin',(1.12091993948262,-1.12183378844854,0.));
#10196=CARTESIAN_POINT('',(1.12091993948262,-1.12183378844854,0.003));
#10197=CARTESIAN_POINT('',(1.12091993948262,-0.89603976077166,0.003));
#10198=CARTESIAN_POINT('',(1.12091993948262,-1.12183378844854,0.));
#10199=CARTESIAN_POINT('',(1.12091993948262,-1.12183378844854,0.));
#10200=CARTESIAN_POINT('',(1.12091993948262,-0.89603976077166,0.));
#10201=CARTESIAN_POINT('Origin',(1.01899501394561,-0.89603976077166,0.));
#10202=CARTESIAN_POINT('',(1.01899501394561,-1.12183378844854,0.));
#10203=CARTESIAN_POINT('',(1.01899501394561,-1.12183378844854,0.));
#10204=CARTESIAN_POINT('',(1.01899501394561,-1.12183378844854,0.003));
#10205=CARTESIAN_POINT('',(1.01899501394561,-1.12183378844854,0.));
#10206=CARTESIAN_POINT('',(1.01899501394561,-1.12183378844854,0.003));
#10207=CARTESIAN_POINT('Origin',(1.06995747671412,-0.93334617344729,0.003));
#10208=CARTESIAN_POINT('',(1.12091993948262,-1.12183378844854,0.003));
#10209=CARTESIAN_POINT('Origin',(1.06995747671412,-0.93334617344729,0.));
#10210=CARTESIAN_POINT('',(1.12091993948262,-1.12183378844854,0.));
#10211=CARTESIAN_POINT('Origin',(1.01899501394561,-1.12183378844854,0.));
#10212=CARTESIAN_POINT('Origin',(1.4178492106603,-0.973083769078244,0.));
#10213=CARTESIAN_POINT('',(1.284141831811,-1.05883976077166,0.));
#10214=CARTESIAN_POINT('',(1.39482471267242,-1.05883976077166,0.));
#10215=CARTESIAN_POINT('',(1.74953019372137,-1.05883976077166,0.));
#10216=CARTESIAN_POINT('',(1.38481034141494,-1.07363976077166,0.));
#10217=CARTESIAN_POINT('',(1.41745506278717,-1.02539490706225,0.));
#10218=CARTESIAN_POINT('',(1.27333591683873,-1.07363976077166,0.));
#10219=CARTESIAN_POINT('',(1.16644906245406,-1.07363976077166,0.));
#10220=CARTESIAN_POINT('',(1.23814804080847,-1.12183378844854,0.));
#10221=CARTESIAN_POINT('Origin',(1.4178492106603,-0.973083769078244,0.003));
#10222=CARTESIAN_POINT('',(1.39482471267242,-1.05883976077166,0.003));
#10223=CARTESIAN_POINT('',(1.284141831811,-1.05883976077166,0.003));
#10224=CARTESIAN_POINT('',(1.74953019372137,-1.05883976077166,0.003));
#10225=CARTESIAN_POINT('',(1.27333591683873,-1.07363976077166,0.003));
#10226=CARTESIAN_POINT('',(1.23814804080847,-1.12183378844854,0.003));
#10227=CARTESIAN_POINT('',(1.38481034141494,-1.07363976077166,0.003));
#10228=CARTESIAN_POINT('',(1.16644906245406,-1.07363976077166,0.003));
#10229=CARTESIAN_POINT('',(1.41745506278717,-1.02539490706225,0.003));
#10230=CARTESIAN_POINT('Origin',(1.35220001131022,-0.965625899736019,0.));
#10231=CARTESIAN_POINT('',(1.284141831811,-1.05883976077166,0.0015));
#10232=CARTESIAN_POINT('',(1.27333591683873,-1.07363976077166,0.0015));
#10233=CARTESIAN_POINT('Origin',(1.35220001131022,-1.12183378844854,0.));
#10234=CARTESIAN_POINT('',(1.39482471267242,-1.05883976077166,0.0015));
#10235=CARTESIAN_POINT('',(1.38481034141494,-1.07363976077166,0.0015));
#10236=CARTESIAN_POINT('Origin',(0.915048914247815,-1.07363976077166,0.003));
#10237=CARTESIAN_POINT('Origin',(2.08121117678243,-1.05883976077166,0.003));
#10238=CARTESIAN_POINT('Origin',(2.08121117678243,-1.11803976077166,0.003));
#10239=CARTESIAN_POINT('',(1.85494817151887,-1.11803976077166,0.));
#10240=CARTESIAN_POINT('',(1.85494817151887,-1.11803976077166,0.003));
#10241=CARTESIAN_POINT('Ctrl Pts',(1.85494817151887,-1.11803976077166,0.));
#10242=CARTESIAN_POINT('Ctrl Pts',(1.85494817151887,-1.11803976077166,0.0005));
#10243=CARTESIAN_POINT('Ctrl Pts',(1.85494817151887,-1.11803976077166,0.001));
#10244=CARTESIAN_POINT('Ctrl Pts',(1.85494817151887,-1.11803976077166,0.002));
#10245=CARTESIAN_POINT('Ctrl Pts',(1.85494817151887,-1.11803976077166,0.0025));
#10246=CARTESIAN_POINT('Ctrl Pts',(1.85494817151887,-1.11803976077166,0.003));
#10247=CARTESIAN_POINT('',(1.71623319587224,-1.11803976077166,0.));
#10248=CARTESIAN_POINT('',(1.93332109949084,-1.11803976077166,0.));
#10249=CARTESIAN_POINT('',(1.71623319587224,-1.11803976077166,0.003));
#10250=CARTESIAN_POINT('Ctrl Pts',(1.71623319587224,-1.11803976077166,0.003));
#10251=CARTESIAN_POINT('Ctrl Pts',(1.71623319587224,-1.11803976077166,0.0025));
#10252=CARTESIAN_POINT('Ctrl Pts',(1.71623319587224,-1.11803976077166,0.002));
#10253=CARTESIAN_POINT('Ctrl Pts',(1.71623319587224,-1.11803976077166,0.001));
#10254=CARTESIAN_POINT('Ctrl Pts',(1.71623319587224,-1.11803976077166,0.0005));
#10255=CARTESIAN_POINT('Ctrl Pts',(1.71623319587224,-1.11803976077166,0.));
#10256=CARTESIAN_POINT('',(1.93332109949084,-1.11803976077166,0.003));
#10257=CARTESIAN_POINT('Ctrl Pts',(1.78935110837263,-1.12703109343343,0.));
#10258=CARTESIAN_POINT('Ctrl Pts',(1.78935110837263,-1.12703109343343,0.003));
#10259=CARTESIAN_POINT('Ctrl Pts',(1.83352820074419,-1.12703109343343,0.));
#10260=CARTESIAN_POINT('Ctrl Pts',(1.83352820074419,-1.12703109343343,0.003));
#10261=CARTESIAN_POINT('Ctrl Pts',(1.89098729474381,-1.10364322100143,0.));
#10262=CARTESIAN_POINT('Ctrl Pts',(1.89098729474381,-1.10364322100143,0.003));
#10263=CARTESIAN_POINT('Ctrl Pts',(1.92967834296465,-1.0577336936349,0.));
#10264=CARTESIAN_POINT('Ctrl Pts',(1.92967834296465,-1.0577336936349,0.003));
#10265=CARTESIAN_POINT('Ctrl Pts',(1.9386292571053,-1.02366247206729,0.));
#10266=CARTESIAN_POINT('Ctrl Pts',(1.9386292571053,-1.02366247206729,0.003));
#10267=CARTESIAN_POINT('',(1.78935110837263,-1.12703109343343,0.003));
#10268=CARTESIAN_POINT('Ctrl Pts',(1.78935110837263,-1.12703109343343,0.003));
#10269=CARTESIAN_POINT('Ctrl Pts',(1.82808835966679,-1.12703109343343,0.003));
#10270=CARTESIAN_POINT('Ctrl Pts',(1.85494817151887,-1.11803976077166,0.003));
#10271=CARTESIAN_POINT('',(1.78935110837263,-1.12703109343343,0.));
#10272=CARTESIAN_POINT('',(1.78935110837263,-1.12703109343343,0.));
#10273=CARTESIAN_POINT('Ctrl Pts',(1.85494817151887,-1.11803976077166,0.));
#10274=CARTESIAN_POINT('Ctrl Pts',(1.82808835966679,-1.12703109343343,0.));
#10275=CARTESIAN_POINT('Ctrl Pts',(1.78935110837263,-1.12703109343343,0.));
#10276=CARTESIAN_POINT('Ctrl Pts',(1.61784004387126,-0.971111943886736,
0.));
#10277=CARTESIAN_POINT('Ctrl Pts',(1.61784004387126,-0.971111943886736,
0.003));
#10278=CARTESIAN_POINT('Ctrl Pts',(1.61784004387126,-1.02683860289139,0.));
#10279=CARTESIAN_POINT('Ctrl Pts',(1.61784004387126,-1.02683860289139,0.003));
#10280=CARTESIAN_POINT('Ctrl Pts',(1.66721444122771,-1.09844591601654,0.));
#10281=CARTESIAN_POINT('Ctrl Pts',(1.66721444122771,-1.09844591601654,0.003));
#10282=CARTESIAN_POINT('Ctrl Pts',(1.73535688436294,-1.12703109343343,0.));
#10283=CARTESIAN_POINT('Ctrl Pts',(1.73535688436294,-1.12703109343343,0.003));
#10284=CARTESIAN_POINT('Ctrl Pts',(1.78935110837263,-1.12703109343343,0.));
#10285=CARTESIAN_POINT('Ctrl Pts',(1.78935110837263,-1.12703109343343,0.003));
#10286=CARTESIAN_POINT('Ctrl Pts',(1.78935110837263,-1.12703109343343,0.));
#10287=CARTESIAN_POINT('Ctrl Pts',(1.7465254657218,-1.12703109343343,0.));
#10288=CARTESIAN_POINT('Ctrl Pts',(1.71623319587224,-1.11803976077166,0.));
#10289=CARTESIAN_POINT('Ctrl Pts',(1.71623319587224,-1.11803976077166,0.003));
#10290=CARTESIAN_POINT('Ctrl Pts',(1.7465254657218,-1.12703109343343,0.003));
#10291=CARTESIAN_POINT('Ctrl Pts',(1.78935110837263,-1.12703109343343,0.003));
#10292=CARTESIAN_POINT('Origin',(1.78543102219926,-0.971687097523264,0.));
#10293=CARTESIAN_POINT('Origin',(1.78543102219926,-0.971687097523264,0.003));
#10294=CARTESIAN_POINT('Origin',(1.4178492106603,-0.973083769078244,0.));
#10295=CARTESIAN_POINT('',(1.43998527860938,-1.05883976077166,0.));
#10296=CARTESIAN_POINT('',(1.55133314339754,-1.05883976077166,0.));
#10297=CARTESIAN_POINT('',(1.74953019372137,-1.05883976077166,0.));
#10298=CARTESIAN_POINT('',(1.56207418817366,-1.07363976077166,0.));
#10299=CARTESIAN_POINT('',(1.48473128842491,-0.967069595565155,0.));
#10300=CARTESIAN_POINT('',(1.44995533848962,-1.07363976077166,0.));
#10301=CARTESIAN_POINT('',(1.16644906245406,-1.07363976077166,0.));
#10302=CARTESIAN_POINT('',(1.48242137509829,-1.12183378844854,0.));
#10303=CARTESIAN_POINT('Origin',(1.4178492106603,-0.973083769078244,0.003));
#10304=CARTESIAN_POINT('',(1.55133314339754,-1.05883976077166,0.003));
#10305=CARTESIAN_POINT('',(1.43998527860938,-1.05883976077166,0.003));
#10306=CARTESIAN_POINT('',(1.74953019372137,-1.05883976077166,0.003));
#10307=CARTESIAN_POINT('',(1.44995533848962,-1.07363976077166,0.003));
#10308=CARTESIAN_POINT('',(1.48242137509829,-1.12183378844854,0.003));
#10309=CARTESIAN_POINT('',(1.56207418817366,-1.07363976077166,0.003));
#10310=CARTESIAN_POINT('',(1.16644906245406,-1.07363976077166,0.003));
#10311=CARTESIAN_POINT('',(1.48473128842491,-0.967069595565155,0.003));
#10312=CARTESIAN_POINT('Origin',(1.5970508239317,-1.12183378844854,0.));
#10313=CARTESIAN_POINT('',(1.55133314339754,-1.05883976077166,0.0015));
#10314=CARTESIAN_POINT('',(1.56207418817366,-1.07363976077166,0.0015));
#10315=CARTESIAN_POINT('Origin',(1.41745506278717,-1.02539490706225,0.));
#10316=CARTESIAN_POINT('',(1.43998527860938,-1.05883976077166,0.0015));
#10317=CARTESIAN_POINT('',(1.44995533848962,-1.07363976077166,0.0015));
#10318=CARTESIAN_POINT('Origin',(0.915048914247815,-1.07363976077166,0.003));
#10319=CARTESIAN_POINT('Origin',(2.08121117678243,-1.05883976077166,0.003));
#10320=CARTESIAN_POINT('Origin',(2.08121117678243,-1.02923976077166,0.003));
#10321=CARTESIAN_POINT('',(1.12091993948262,-1.02923976077166,0.));
#10322=CARTESIAN_POINT('',(1.12091993948262,-1.02923976077166,0.003));
#10323=CARTESIAN_POINT('',(1.12091993948262,-1.02923976077166,0.0015));
#10324=CARTESIAN_POINT('',(1.01899501394561,-1.02923976077166,0.));
#10325=CARTESIAN_POINT('',(1.57558432674827,-1.02923976077166,0.));
#10326=CARTESIAN_POINT('',(1.01899501394561,-1.02923976077166,0.003));
#10327=CARTESIAN_POINT('',(1.01899501394561,-1.02923976077166,0.0015));
#10328=CARTESIAN_POINT('',(1.57558432674827,-1.02923976077166,0.003));
#10329=CARTESIAN_POINT('Origin',(0.915048914247815,-1.04403976077166,0.003));
#10330=CARTESIAN_POINT('',(1.12091993948262,-1.04403976077166,0.003));
#10331=CARTESIAN_POINT('',(1.12091993948262,-1.04403976077166,0.));
#10332=CARTESIAN_POINT('',(1.12091993948262,-1.04403976077166,0.0015));
#10333=CARTESIAN_POINT('',(1.01899501394561,-1.04403976077166,0.003));
#10334=CARTESIAN_POINT('',(0.992503195480966,-1.04403976077166,0.003));
#10335=CARTESIAN_POINT('',(1.01899501394561,-1.04403976077166,0.));
#10336=CARTESIAN_POINT('',(1.01899501394561,-1.04403976077166,0.0015));
#10337=CARTESIAN_POINT('',(0.992503195480966,-1.04403976077166,0.));
#10338=CARTESIAN_POINT('Origin',(1.12091993948262,-1.12183378844854,0.));
#10339=CARTESIAN_POINT('',(1.12091993948262,-0.89603976077166,0.003));
#10340=CARTESIAN_POINT('',(1.12091993948262,-0.89603976077166,0.));
#10341=CARTESIAN_POINT('Origin',(1.01899501394561,-0.89603976077166,0.));
#10342=CARTESIAN_POINT('',(1.01899501394561,-1.12183378844854,0.));
#10343=CARTESIAN_POINT('',(1.01899501394561,-1.12183378844854,0.003));
#10344=CARTESIAN_POINT('Origin',(1.06995747671412,-0.93334617344729,0.003));
#10345=CARTESIAN_POINT('Origin',(1.06995747671412,-0.93334617344729,0.));
#10346=CARTESIAN_POINT('Origin',(1.4178492106603,-0.973083769078244,0.));
#10347=CARTESIAN_POINT('',(1.5557523447901,-0.86643976077166,0.));
#10348=CARTESIAN_POINT('',(1.44874795950932,-0.86643976077166,0.));
#10349=CARTESIAN_POINT('',(1.16644906245406,-0.86643976077166,0.));
#10350=CARTESIAN_POINT('',(1.45781295950932,-0.85163976077166,0.));
#10351=CARTESIAN_POINT('',(1.41947623694796,-0.914230328218775,0.));
#10352=CARTESIAN_POINT('',(1.56619767282191,-0.85163976077166,0.));
#10353=CARTESIAN_POINT('',(1.74953019372137,-0.85163976077166,0.));
#10354=CARTESIAN_POINT('',(1.58723369229357,-0.821833795154066,0.));
#10355=CARTESIAN_POINT('Origin',(1.4178492106603,-0.973083769078244,0.003));
#10356=CARTESIAN_POINT('',(1.44874795950932,-0.86643976077166,0.003));
#10357=CARTESIAN_POINT('',(1.5557523447901,-0.86643976077166,0.003));
#10358=CARTESIAN_POINT('',(1.16644906245406,-0.86643976077166,0.003));
#10359=CARTESIAN_POINT('',(1.56619767282191,-0.85163976077166,0.003));
#10360=CARTESIAN_POINT('',(1.58723369229357,-0.821833795154066,0.003));
#10361=CARTESIAN_POINT('',(1.45781295950932,-0.85163976077166,0.003));
#10362=CARTESIAN_POINT('',(1.74953019372137,-0.85163976077166,0.003));
#10363=CARTESIAN_POINT('',(1.41947623694796,-0.914230328218775,0.003));
#10364=CARTESIAN_POINT('Origin',(1.48473128842491,-0.967069595565155,0.));
#10365=CARTESIAN_POINT('',(1.5557523447901,-0.86643976077166,0.0015));
#10366=CARTESIAN_POINT('',(1.56619767282191,-0.85163976077166,0.0015));
#10367=CARTESIAN_POINT('Origin',(1.4760691134501,-0.821833795154066,0.));
#10368=CARTESIAN_POINT('',(1.44874795950932,-0.86643976077166,0.0015));
#10369=CARTESIAN_POINT('',(1.45781295950932,-0.85163976077166,0.0015));
#10370=CARTESIAN_POINT('Origin',(2.08121117678243,-0.85163976077166,0.003));
#10371=CARTESIAN_POINT('Origin',(0.915048914247815,-0.86643976077166,0.003));
#10372=CARTESIAN_POINT('Origin',(2.08121117678243,-1.02923976077166,0.003));
#10373=CARTESIAN_POINT('',(1.62620557200981,-1.02923976077166,0.003));
#10374=CARTESIAN_POINT('',(1.62620557200981,-1.02923976077166,0.));
#10375=CARTESIAN_POINT('Ctrl Pts',(1.62620557200981,-1.02923976077166,0.003));
#10376=CARTESIAN_POINT('Ctrl Pts',(1.62620557200981,-1.02923976077166,0.0025));
#10377=CARTESIAN_POINT('Ctrl Pts',(1.62620557200981,-1.02923976077166,0.002));
#10378=CARTESIAN_POINT('Ctrl Pts',(1.62620557200981,-1.02923976077166,0.001));
#10379=CARTESIAN_POINT('Ctrl Pts',(1.62620557200981,-1.02923976077166,0.0005));
#10380=CARTESIAN_POINT('Ctrl Pts',(1.62620557200981,-1.02923976077166,0.));
#10381=CARTESIAN_POINT('',(1.73011817477938,-1.02923976077166,0.003));
#10382=CARTESIAN_POINT('',(1.93332109949084,-1.02923976077166,0.003));
#10383=CARTESIAN_POINT('',(1.73011817477938,-1.02923976077166,0.));
#10384=CARTESIAN_POINT('Ctrl Pts',(1.73011817477938,-1.02923976077166,0.));
#10385=CARTESIAN_POINT('Ctrl Pts',(1.73011817477938,-1.02923976077166,0.0005));
#10386=CARTESIAN_POINT('Ctrl Pts',(1.73011817477938,-1.02923976077166,0.001));
#10387=CARTESIAN_POINT('Ctrl Pts',(1.73011817477938,-1.02923976077166,0.002));
#10388=CARTESIAN_POINT('Ctrl Pts',(1.73011817477938,-1.02923976077166,0.0025));
#10389=CARTESIAN_POINT('Ctrl Pts',(1.73011817477938,-1.02923976077166,0.003));
#10390=CARTESIAN_POINT('',(1.93332109949084,-1.02923976077166,0.));
#10391=CARTESIAN_POINT('Origin',(0.915048914247815,-1.04403976077166,0.003));
#10392=CARTESIAN_POINT('',(1.63197530244063,-1.04403976077166,0.));
#10393=CARTESIAN_POINT('',(1.63197530244063,-1.04403976077166,0.003));
#10394=CARTESIAN_POINT('Ctrl Pts',(1.63197530244063,-1.04403976077166,0.));
#10395=CARTESIAN_POINT('Ctrl Pts',(1.63197530244063,-1.04403976077166,0.0005));
#10396=CARTESIAN_POINT('Ctrl Pts',(1.63197530244063,-1.04403976077166,0.001));
#10397=CARTESIAN_POINT('Ctrl Pts',(1.63197530244063,-1.04403976077166,0.002));
#10398=CARTESIAN_POINT('Ctrl Pts',(1.63197530244063,-1.04403976077166,0.0025));
#10399=CARTESIAN_POINT('Ctrl Pts',(1.63197530244063,-1.04403976077166,0.003));
#10400=CARTESIAN_POINT('',(1.7418752822596,-1.04403976077166,0.));
#10401=CARTESIAN_POINT('',(1.35023996822354,-1.04403976077166,0.));
#10402=CARTESIAN_POINT('',(1.7418752822596,-1.04403976077166,0.003));
#10403=CARTESIAN_POINT('Ctrl Pts',(1.7418752822596,-1.04403976077166,0.003));
#10404=CARTESIAN_POINT('Ctrl Pts',(1.7418752822596,-1.04403976077166,0.0025));
#10405=CARTESIAN_POINT('Ctrl Pts',(1.7418752822596,-1.04403976077166,0.002));
#10406=CARTESIAN_POINT('Ctrl Pts',(1.7418752822596,-1.04403976077166,0.001));
#10407=CARTESIAN_POINT('Ctrl Pts',(1.7418752822596,-1.04403976077166,0.0005));
#10408=CARTESIAN_POINT('Ctrl Pts',(1.7418752822596,-1.04403976077166,0.));
#10409=CARTESIAN_POINT('',(1.35023996822354,-1.04403976077166,0.003));
#10410=CARTESIAN_POINT('Ctrl Pts',(1.78328758589025,-1.05744495446907,0.));
#10411=CARTESIAN_POINT('Ctrl Pts',(1.78328758589025,-1.05744495446907,0.003));
#10412=CARTESIAN_POINT('Ctrl Pts',(1.75325871264422,-1.05744495446907,0.));
#10413=CARTESIAN_POINT('Ctrl Pts',(1.75325871264422,-1.05744495446907,0.003));
#10414=CARTESIAN_POINT('Ctrl Pts',(1.72005370857409,-1.02048634124319,0.));
#10415=CARTESIAN_POINT('Ctrl Pts',(1.72005370857409,-1.02048634124319,0.003));
#10416=CARTESIAN_POINT('Ctrl Pts',(1.72005370857409,-0.970534465555082,
0.));
#10417=CARTESIAN_POINT('Ctrl Pts',(1.72005370857409,-0.970534465555082,
0.003));
#10418=CARTESIAN_POINT('Ctrl Pts',(1.7418752822596,-1.04403976077166,0.003));
#10419=CARTESIAN_POINT('Ctrl Pts',(1.73911813166396,-1.04170587303017,0.003));
#10420=CARTESIAN_POINT('Ctrl Pts',(1.73298024409817,-1.03487413730477,0.003));
#10421=CARTESIAN_POINT('Ctrl Pts',(1.73011817477938,-1.02923976077166,0.003));
#10422=CARTESIAN_POINT('Ctrl Pts',(1.73011817477938,-1.02923976077166,0.));
#10423=CARTESIAN_POINT('Ctrl Pts',(1.73298024409817,-1.03487413730477,0.));
#10424=CARTESIAN_POINT('Ctrl Pts',(1.73911813166396,-1.04170587303017,0.));
#10425=CARTESIAN_POINT('Ctrl Pts',(1.7418752822596,-1.04403976077166,0.));
#10426=CARTESIAN_POINT('Ctrl Pts',(1.61784004387126,-0.971111943886736,
0.));
#10427=CARTESIAN_POINT('Ctrl Pts',(1.61784004387126,-0.971111943886736,
0.003));
#10428=CARTESIAN_POINT('Ctrl Pts',(1.61784004387126,-1.02683860289139,0.));
#10429=CARTESIAN_POINT('Ctrl Pts',(1.61784004387126,-1.02683860289139,0.003));
#10430=CARTESIAN_POINT('Ctrl Pts',(1.66721444122771,-1.09844591601654,0.));
#10431=CARTESIAN_POINT('Ctrl Pts',(1.66721444122771,-1.09844591601654,0.003));
#10432=CARTESIAN_POINT('Ctrl Pts',(1.73535688436294,-1.12703109343343,0.));
#10433=CARTESIAN_POINT('Ctrl Pts',(1.73535688436294,-1.12703109343343,0.003));
#10434=CARTESIAN_POINT('Ctrl Pts',(1.78935110837263,-1.12703109343343,0.));
#10435=CARTESIAN_POINT('Ctrl Pts',(1.78935110837263,-1.12703109343343,0.003));
#10436=CARTESIAN_POINT('Ctrl Pts',(1.63197530244063,-1.04403976077166,0.));
#10437=CARTESIAN_POINT('Ctrl Pts',(1.62871427503064,-1.03694333026202,0.));
#10438=CARTESIAN_POINT('Ctrl Pts',(1.62620557200981,-1.02923976077166,0.));
#10439=CARTESIAN_POINT('Ctrl Pts',(1.62620557200981,-1.02923976077166,0.003));
#10440=CARTESIAN_POINT('Ctrl Pts',(1.62871427503064,-1.03694333026202,0.003));
#10441=CARTESIAN_POINT('Ctrl Pts',(1.63197530244063,-1.04403976077166,0.003));
#10442=CARTESIAN_POINT('Origin',(1.78543102219926,-0.971687097523264,0.));
#10443=CARTESIAN_POINT('Origin',(1.78543102219926,-0.971687097523264,0.003));
#10444=CARTESIAN_POINT('Origin',(1.4178492106603,-0.973083769078244,0.));
#10445=CARTESIAN_POINT('',(1.49762791951695,-0.98483976077166,0.));
#10446=CARTESIAN_POINT('',(1.33817140667237,-0.98483976077166,0.));
#10447=CARTESIAN_POINT('',(1.16644906245406,-0.98483976077166,0.));
#10448=CARTESIAN_POINT('',(1.34897732164464,-0.97003976077166,0.));
#10449=CARTESIAN_POINT('',(1.23814804080847,-1.12183378844854,0.));
#10450=CARTESIAN_POINT('',(1.48688687474083,-0.97003976077166,0.));
#10451=CARTESIAN_POINT('',(1.74953019372137,-0.97003976077166,0.));
#10452=CARTESIAN_POINT('',(1.48473128842491,-0.967069595565155,0.));
#10453=CARTESIAN_POINT('Origin',(1.4178492106603,-0.973083769078244,0.003));
#10454=CARTESIAN_POINT('',(1.33817140667237,-0.98483976077166,0.003));
#10455=CARTESIAN_POINT('',(1.49762791951695,-0.98483976077166,0.003));
#10456=CARTESIAN_POINT('',(1.16644906245406,-0.98483976077166,0.003));
#10457=CARTESIAN_POINT('',(1.48688687474083,-0.97003976077166,0.003));
#10458=CARTESIAN_POINT('',(1.48473128842491,-0.967069595565155,0.003));
#10459=CARTESIAN_POINT('',(1.34897732164464,-0.97003976077166,0.003));
#10460=CARTESIAN_POINT('',(1.74953019372137,-0.97003976077166,0.003));
#10461=CARTESIAN_POINT('',(1.23814804080847,-1.12183378844854,0.003));
#10462=CARTESIAN_POINT('Origin',(1.35220001131022,-0.965625899736019,0.));
#10463=CARTESIAN_POINT('',(1.33817140667237,-0.98483976077166,0.0015));
#10464=CARTESIAN_POINT('',(1.34897732164464,-0.97003976077166,0.0015));
#10465=CARTESIAN_POINT('Origin',(1.5970508239317,-1.12183378844854,0.));
#10466=CARTESIAN_POINT('',(1.49762791951695,-0.98483976077166,0.0015));
#10467=CARTESIAN_POINT('',(1.48688687474083,-0.97003976077166,0.0015));
#10468=CARTESIAN_POINT('Origin',(2.08121117678243,-0.97003976077166,0.003));
#10469=CARTESIAN_POINT('Origin',(0.915048914247815,-0.98483976077166,0.003));
#10470=CARTESIAN_POINT('Origin',(2.08121117678243,-1.02923976077166,0.003));
#10471=CARTESIAN_POINT('',(1.93707237500586,-1.02923976077166,0.));
#10472=CARTESIAN_POINT('',(1.93707237500586,-1.02923976077166,0.003));
#10473=CARTESIAN_POINT('Ctrl Pts',(1.93707237500586,-1.02923976077166,0.));
#10474=CARTESIAN_POINT('Ctrl Pts',(1.93707237500586,-1.02923976077166,0.0005));
#10475=CARTESIAN_POINT('Ctrl Pts',(1.93707237500586,-1.02923976077166,0.001));
#10476=CARTESIAN_POINT('Ctrl Pts',(1.93707237500586,-1.02923976077166,0.002));
#10477=CARTESIAN_POINT('Ctrl Pts',(1.93707237500586,-1.02923976077166,0.0025));
#10478=CARTESIAN_POINT('Ctrl Pts',(1.93707237500586,-1.02923976077166,0.003));
#10479=CARTESIAN_POINT('',(1.8376979691564,-1.02923976077166,0.));
#10480=CARTESIAN_POINT('',(1.93332109949084,-1.02923976077166,0.));
#10481=CARTESIAN_POINT('',(1.8376979691564,-1.02923976077166,0.003));
#10482=CARTESIAN_POINT('Ctrl Pts',(1.8376979691564,-1.02923976077166,0.003));
#10483=CARTESIAN_POINT('Ctrl Pts',(1.8376979691564,-1.02923976077166,0.0025));
#10484=CARTESIAN_POINT('Ctrl Pts',(1.8376979691564,-1.02923976077166,0.002));
#10485=CARTESIAN_POINT('Ctrl Pts',(1.8376979691564,-1.02923976077166,0.001));
#10486=CARTESIAN_POINT('Ctrl Pts',(1.8376979691564,-1.02923976077166,0.0005));
#10487=CARTESIAN_POINT('Ctrl Pts',(1.8376979691564,-1.02923976077166,0.));
#10488=CARTESIAN_POINT('',(1.93332109949084,-1.02923976077166,0.003));
#10489=CARTESIAN_POINT('Origin',(0.915048914247815,-1.04403976077166,0.003));
#10490=CARTESIAN_POINT('',(1.93195259652792,-1.04403976077166,0.003));
#10491=CARTESIAN_POINT('',(1.93195259652792,-1.04403976077166,0.));
#10492=CARTESIAN_POINT('Ctrl Pts',(1.93195259652792,-1.04403976077166,0.003));
#10493=CARTESIAN_POINT('Ctrl Pts',(1.93195259652792,-1.04403976077166,0.0025));
#10494=CARTESIAN_POINT('Ctrl Pts',(1.93195259652792,-1.04403976077166,0.002));
#10495=CARTESIAN_POINT('Ctrl Pts',(1.93195259652792,-1.04403976077166,0.001));
#10496=CARTESIAN_POINT('Ctrl Pts',(1.93195259652792,-1.04403976077166,0.0005));
#10497=CARTESIAN_POINT('Ctrl Pts',(1.93195259652792,-1.04403976077166,0.));
#10498=CARTESIAN_POINT('',(1.82591111489916,-1.04403976077166,0.003));
#10499=CARTESIAN_POINT('',(1.35023996822354,-1.04403976077166,0.003));
#10500=CARTESIAN_POINT('',(1.82591111489916,-1.04403976077166,0.));
#10501=CARTESIAN_POINT('Ctrl Pts',(1.82591111489916,-1.04403976077166,0.));
#10502=CARTESIAN_POINT('Ctrl Pts',(1.82591111489916,-1.04403976077166,0.0005));
#10503=CARTESIAN_POINT('Ctrl Pts',(1.82591111489916,-1.04403976077166,0.001));
#10504=CARTESIAN_POINT('Ctrl Pts',(1.82591111489916,-1.04403976077166,0.002));
#10505=CARTESIAN_POINT('Ctrl Pts',(1.82591111489916,-1.04403976077166,0.0025));
#10506=CARTESIAN_POINT('Ctrl Pts',(1.82591111489916,-1.04403976077166,0.003));
#10507=CARTESIAN_POINT('',(1.35023996822354,-1.04403976077166,0.));
#10508=CARTESIAN_POINT('Ctrl Pts',(1.84912011569886,-0.999119642971976,
0.));
#10509=CARTESIAN_POINT('Ctrl Pts',(1.84912011569886,-0.999119642971976,
0.003));
#10510=CARTESIAN_POINT('Ctrl Pts',(1.84247911488483,-1.02770482038887,0.));
#10511=CARTESIAN_POINT('Ctrl Pts',(1.84247911488483,-1.02770482038887,0.003));
#10512=CARTESIAN_POINT('Ctrl Pts',(1.8124502416388,-1.05744495446907,0.));
#10513=CARTESIAN_POINT('Ctrl Pts',(1.8124502416388,-1.05744495446907,0.003));
#10514=CARTESIAN_POINT('Ctrl Pts',(1.78328758589025,-1.05744495446907,0.));
#10515=CARTESIAN_POINT('Ctrl Pts',(1.78328758589025,-1.05744495446907,0.003));
#10516=CARTESIAN_POINT('Ctrl Pts',(1.82591111489916,-1.04403976077166,0.));
#10517=CARTESIAN_POINT('Ctrl Pts',(1.82670596058784,-1.0433263097407,0.));
#10518=CARTESIAN_POINT('Ctrl Pts',(1.83319012288259,-1.03690449516033,0.));
#10519=CARTESIAN_POINT('Ctrl Pts',(1.8376979691564,-1.02923976077166,0.));
#10520=CARTESIAN_POINT('Ctrl Pts',(1.8376979691564,-1.02923976077166,0.003));
#10521=CARTESIAN_POINT('Ctrl Pts',(1.83319012288259,-1.03690449516033,0.003));
#10522=CARTESIAN_POINT('Ctrl Pts',(1.82670596058784,-1.0433263097407,0.003));
#10523=CARTESIAN_POINT('Ctrl Pts',(1.82591111489916,-1.04403976077166,0.003));
#10524=CARTESIAN_POINT('Ctrl Pts',(1.78935110837263,-1.12703109343343,0.));
#10525=CARTESIAN_POINT('Ctrl Pts',(1.78935110837263,-1.12703109343343,0.003));
#10526=CARTESIAN_POINT('Ctrl Pts',(1.83352820074419,-1.12703109343343,0.));
#10527=CARTESIAN_POINT('Ctrl Pts',(1.83352820074419,-1.12703109343343,0.003));
#10528=CARTESIAN_POINT('Ctrl Pts',(1.89098729474381,-1.10364322100143,0.));
#10529=CARTESIAN_POINT('Ctrl Pts',(1.89098729474381,-1.10364322100143,0.003));
#10530=CARTESIAN_POINT('Ctrl Pts',(1.92967834296465,-1.0577336936349,0.));
#10531=CARTESIAN_POINT('Ctrl Pts',(1.92967834296465,-1.0577336936349,0.003));
#10532=CARTESIAN_POINT('Ctrl Pts',(1.9386292571053,-1.02366247206729,0.));
#10533=CARTESIAN_POINT('Ctrl Pts',(1.9386292571053,-1.02366247206729,0.003));
#10534=CARTESIAN_POINT('Ctrl Pts',(1.93195259652792,-1.04403976077166,0.003));
#10535=CARTESIAN_POINT('Ctrl Pts',(1.93479290637553,-1.03693965503368,0.003));
#10536=CARTESIAN_POINT('Ctrl Pts',(1.93707237500586,-1.02923976077166,0.003));
#10537=CARTESIAN_POINT('Ctrl Pts',(1.93707237500586,-1.02923976077166,0.));
#10538=CARTESIAN_POINT('Ctrl Pts',(1.93479290637553,-1.03693965503368,0.));
#10539=CARTESIAN_POINT('Ctrl Pts',(1.93195259652792,-1.04403976077166,0.));
#10540=CARTESIAN_POINT('Origin',(1.78543102219926,-0.971687097523264,0.));
#10541=CARTESIAN_POINT('Origin',(1.78543102219926,-0.971687097523264,0.003));
#10542=CARTESIAN_POINT('Origin',(1.4178492106603,-0.973083769078244,0.));
#10543=CARTESIAN_POINT('',(1.30575366175555,-1.02923976077166,0.));
#10544=CARTESIAN_POINT('',(1.41485345518739,-1.02923976077166,0.));
#10545=CARTESIAN_POINT('',(1.74953019372137,-1.02923976077166,0.));
#10546=CARTESIAN_POINT('',(1.40483908392991,-1.04403976077166,0.));
#10547=CARTESIAN_POINT('',(1.41745506278717,-1.02539490706225,0.));
#10548=CARTESIAN_POINT('',(1.29494774678327,-1.04403976077166,0.));
#10549=CARTESIAN_POINT('',(1.16644906245406,-1.04403976077166,0.));
#10550=CARTESIAN_POINT('',(1.23814804080847,-1.12183378844854,0.));
#10551=CARTESIAN_POINT('Origin',(1.4178492106603,-0.973083769078244,0.003));
#10552=CARTESIAN_POINT('',(1.41485345518739,-1.02923976077166,0.003));
#10553=CARTESIAN_POINT('',(1.30575366175555,-1.02923976077166,0.003));
#10554=CARTESIAN_POINT('',(1.74953019372137,-1.02923976077166,0.003));
#10555=CARTESIAN_POINT('',(1.29494774678327,-1.04403976077166,0.003));
#10556=CARTESIAN_POINT('',(1.23814804080847,-1.12183378844854,0.003));
#10557=CARTESIAN_POINT('',(1.40483908392991,-1.04403976077166,0.003));
#10558=CARTESIAN_POINT('',(1.16644906245406,-1.04403976077166,0.003));
#10559=CARTESIAN_POINT('',(1.41745506278717,-1.02539490706225,0.003));
#10560=CARTESIAN_POINT('Origin',(1.35220001131022,-0.965625899736019,0.));
#10561=CARTESIAN_POINT('',(1.30575366175555,-1.02923976077166,0.0015));
#10562=CARTESIAN_POINT('',(1.29494774678327,-1.04403976077166,0.0015));
#10563=CARTESIAN_POINT('Origin',(1.35220001131022,-1.12183378844854,0.));
#10564=CARTESIAN_POINT('',(1.41485345518739,-1.02923976077166,0.0015));
#10565=CARTESIAN_POINT('',(1.40483908392991,-1.04403976077166,0.0015));
#10566=CARTESIAN_POINT('Origin',(0.915048914247815,-1.04403976077166,0.003));
#10567=CARTESIAN_POINT('Origin',(2.08121117678243,-1.02923976077166,0.003));
#10568=CARTESIAN_POINT('Origin',(0.915048914247815,-1.01443976077166,0.003));
#10569=CARTESIAN_POINT('',(1.62220184015471,-1.01443976077166,0.));
#10570=CARTESIAN_POINT('',(1.62220184015471,-1.01443976077166,0.003));
#10571=CARTESIAN_POINT('Ctrl Pts',(1.62220184015471,-1.01443976077166,0.));
#10572=CARTESIAN_POINT('Ctrl Pts',(1.62220184015471,-1.01443976077166,0.0005));
#10573=CARTESIAN_POINT('Ctrl Pts',(1.62220184015471,-1.01443976077166,0.001));
#10574=CARTESIAN_POINT('Ctrl Pts',(1.62220184015471,-1.01443976077166,0.002));
#10575=CARTESIAN_POINT('Ctrl Pts',(1.62220184015471,-1.01443976077166,0.0025));
#10576=CARTESIAN_POINT('Ctrl Pts',(1.62220184015471,-1.01443976077166,0.003));
#10577=CARTESIAN_POINT('',(1.72466388240064,-1.01443976077166,0.));
#10578=CARTESIAN_POINT('',(1.35023996822354,-1.01443976077166,0.));
#10579=CARTESIAN_POINT('',(1.72466388240064,-1.01443976077166,0.003));
#10580=CARTESIAN_POINT('Ctrl Pts',(1.72466388240064,-1.01443976077166,0.003));
#10581=CARTESIAN_POINT('Ctrl Pts',(1.72466388240064,-1.01443976077166,0.0025));
#10582=CARTESIAN_POINT('Ctrl Pts',(1.72466388240064,-1.01443976077166,0.002));
#10583=CARTESIAN_POINT('Ctrl Pts',(1.72466388240064,-1.01443976077166,0.001));
#10584=CARTESIAN_POINT('Ctrl Pts',(1.72466388240064,-1.01443976077166,0.0005));
#10585=CARTESIAN_POINT('Ctrl Pts',(1.72466388240064,-1.01443976077166,0.));
#10586=CARTESIAN_POINT('',(1.35023996822354,-1.01443976077166,0.003));
#10587=CARTESIAN_POINT('Origin',(2.08121117678243,-0.99963976077166,0.003));
#10588=CARTESIAN_POINT('',(1.61962492134858,-0.99963976077166,0.003));
#10589=CARTESIAN_POINT('',(1.61962492134858,-0.99963976077166,0.));
#10590=CARTESIAN_POINT('Ctrl Pts',(1.61962492134858,-0.99963976077166,0.003));
#10591=CARTESIAN_POINT('Ctrl Pts',(1.61962492134858,-0.99963976077166,0.0025));
#10592=CARTESIAN_POINT('Ctrl Pts',(1.61962492134858,-0.99963976077166,0.002));
#10593=CARTESIAN_POINT('Ctrl Pts',(1.61962492134858,-0.99963976077166,0.001));
#10594=CARTESIAN_POINT('Ctrl Pts',(1.61962492134858,-0.99963976077166,0.0005));
#10595=CARTESIAN_POINT('Ctrl Pts',(1.61962492134858,-0.99963976077166,0.));
#10596=CARTESIAN_POINT('',(1.72180203716574,-0.99963976077166,0.003));
#10597=CARTESIAN_POINT('',(1.93332109949084,-0.99963976077166,0.003));
#10598=CARTESIAN_POINT('',(1.72180203716574,-0.99963976077166,0.));
#10599=CARTESIAN_POINT('Ctrl Pts',(1.72180203716574,-0.99963976077166,0.));
#10600=CARTESIAN_POINT('Ctrl Pts',(1.72180203716574,-0.99963976077166,0.0005));
#10601=CARTESIAN_POINT('Ctrl Pts',(1.72180203716574,-0.99963976077166,0.001));
#10602=CARTESIAN_POINT('Ctrl Pts',(1.72180203716574,-0.99963976077166,0.002));
#10603=CARTESIAN_POINT('Ctrl Pts',(1.72180203716574,-0.99963976077166,0.0025));
#10604=CARTESIAN_POINT('Ctrl Pts',(1.72180203716574,-0.99963976077166,0.003));
#10605=CARTESIAN_POINT('',(1.93332109949084,-0.99963976077166,0.));
#10606=CARTESIAN_POINT('Origin',(1.78543102219926,-0.971687097523264,0.));
#10607=CARTESIAN_POINT('Ctrl Pts',(1.62220184015471,-1.01443976077166,0.));
#10608=CARTESIAN_POINT('Ctrl Pts',(1.6206302538897,-1.00726824911639,0.));
#10609=CARTESIAN_POINT('Ctrl Pts',(1.61962492134858,-0.99963976077166,0.));
#10610=CARTESIAN_POINT('Ctrl Pts',(1.72180203716574,-0.99963976077166,0.));
#10611=CARTESIAN_POINT('Ctrl Pts',(1.72289273987251,-1.00768469938494,0.));
#10612=CARTESIAN_POINT('Ctrl Pts',(1.72466388240064,-1.01443976077166,0.));
#10613=CARTESIAN_POINT('Origin',(1.78543102219926,-0.971687097523264,0.003));
#10614=CARTESIAN_POINT('Ctrl Pts',(1.72466388240064,-1.01443976077166,0.003));
#10615=CARTESIAN_POINT('Ctrl Pts',(1.72289273987251,-1.00768469938494,0.003));
#10616=CARTESIAN_POINT('Ctrl Pts',(1.72180203716574,-0.99963976077166,0.003));
#10617=CARTESIAN_POINT('Ctrl Pts',(1.61962492134858,-0.99963976077166,0.003));
#10618=CARTESIAN_POINT('Ctrl Pts',(1.6206302538897,-1.00726824911639,0.003));
#10619=CARTESIAN_POINT('Ctrl Pts',(1.62220184015471,-1.01443976077166,0.003));
#10620=CARTESIAN_POINT('Ctrl Pts',(1.61784004387126,-0.971111943886736,
0.));
#10621=CARTESIAN_POINT('Ctrl Pts',(1.61784004387126,-0.971111943886736,
0.003));
#10622=CARTESIAN_POINT('Ctrl Pts',(1.61784004387126,-1.02683860289139,0.));
#10623=CARTESIAN_POINT('Ctrl Pts',(1.61784004387126,-1.02683860289139,0.003));
#10624=CARTESIAN_POINT('Ctrl Pts',(1.66721444122771,-1.09844591601654,0.));
#10625=CARTESIAN_POINT('Ctrl Pts',(1.66721444122771,-1.09844591601654,0.003));
#10626=CARTESIAN_POINT('Ctrl Pts',(1.73535688436294,-1.12703109343343,0.));
#10627=CARTESIAN_POINT('Ctrl Pts',(1.73535688436294,-1.12703109343343,0.003));
#10628=CARTESIAN_POINT('Ctrl Pts',(1.78935110837263,-1.12703109343343,0.));
#10629=CARTESIAN_POINT('Ctrl Pts',(1.78935110837263,-1.12703109343343,0.003));
#10630=CARTESIAN_POINT('Ctrl Pts',(1.78328758589025,-1.05744495446907,0.));
#10631=CARTESIAN_POINT('Ctrl Pts',(1.78328758589025,-1.05744495446907,0.003));
#10632=CARTESIAN_POINT('Ctrl Pts',(1.75325871264422,-1.05744495446907,0.));
#10633=CARTESIAN_POINT('Ctrl Pts',(1.75325871264422,-1.05744495446907,0.003));
#10634=CARTESIAN_POINT('Ctrl Pts',(1.72005370857409,-1.02048634124319,0.));
#10635=CARTESIAN_POINT('Ctrl Pts',(1.72005370857409,-1.02048634124319,0.003));
#10636=CARTESIAN_POINT('Ctrl Pts',(1.72005370857409,-0.970534465555082,
0.));
#10637=CARTESIAN_POINT('Ctrl Pts',(1.72005370857409,-0.970534465555082,
0.003));
#10638=CARTESIAN_POINT('Origin',(1.24854265077825,-0.821833795154066,0.));
#10639=CARTESIAN_POINT('',(1.33404373844234,-0.94043976077166,0.003));
#10640=CARTESIAN_POINT('',(1.33404373844234,-0.94043976077166,0.));
#10641=CARTESIAN_POINT('',(1.33404373844234,-0.94043976077166,0.0015));
#10642=CARTESIAN_POINT('',(1.34471281474756,-0.95523976077166,0.));
#10643=CARTESIAN_POINT('',(1.35220001131022,-0.965625899736019,0.));
#10644=CARTESIAN_POINT('',(1.34471281474756,-0.95523976077166,0.003));
#10645=CARTESIAN_POINT('',(1.34471281474756,-0.95523976077166,0.0015));
#10646=CARTESIAN_POINT('',(1.35220001131022,-0.965625899736019,0.003));
#10647=CARTESIAN_POINT('Origin',(1.4178492106603,-0.973083769078244,0.));
#10648=CARTESIAN_POINT('',(1.50352570463106,-0.94043976077166,0.));
#10649=CARTESIAN_POINT('',(1.74953019372137,-0.94043976077166,0.));
#10650=CARTESIAN_POINT('',(1.49308037659925,-0.95523976077166,0.));
#10651=CARTESIAN_POINT('',(1.58723369229357,-0.821833795154066,0.));
#10652=CARTESIAN_POINT('',(1.16644906245406,-0.95523976077166,0.));
#10653=CARTESIAN_POINT('Origin',(1.4178492106603,-0.973083769078244,0.003));
#10654=CARTESIAN_POINT('',(1.50352570463106,-0.94043976077166,0.003));
#10655=CARTESIAN_POINT('',(1.74953019372137,-0.94043976077166,0.003));
#10656=CARTESIAN_POINT('',(1.49308037659925,-0.95523976077166,0.003));
#10657=CARTESIAN_POINT('',(1.16644906245406,-0.95523976077166,0.003));
#10658=CARTESIAN_POINT('',(1.58723369229357,-0.821833795154066,0.003));
#10659=CARTESIAN_POINT('Origin',(1.48473128842491,-0.967069595565155,0.));
#10660=CARTESIAN_POINT('',(1.50352570463106,-0.94043976077166,0.0015));
#10661=CARTESIAN_POINT('',(1.49308037659925,-0.95523976077166,0.0015));
#10662=CARTESIAN_POINT('Origin',(0.915048914247815,-0.95523976077166,0.003));
#10663=CARTESIAN_POINT('Origin',(2.08121117678243,-0.94043976077166,0.003));
#10664=CARTESIAN_POINT('Origin',(0.915048914247815,-1.01443976077166,0.003));
#10665=CARTESIAN_POINT('',(1.12091993948262,-1.01443976077166,0.003));
#10666=CARTESIAN_POINT('',(1.12091993948262,-1.01443976077166,0.));
#10667=CARTESIAN_POINT('',(1.12091993948262,-1.01443976077166,0.0015));
#10668=CARTESIAN_POINT('',(1.01899501394561,-1.01443976077166,0.003));
#10669=CARTESIAN_POINT('',(0.992503195480966,-1.01443976077166,0.003));
#10670=CARTESIAN_POINT('',(1.01899501394561,-1.01443976077166,0.));
#10671=CARTESIAN_POINT('',(1.01899501394561,-1.01443976077166,0.0015));
#10672=CARTESIAN_POINT('',(0.992503195480966,-1.01443976077166,0.));
#10673=CARTESIAN_POINT('Origin',(2.08121117678243,-0.99963976077166,0.003));
#10674=CARTESIAN_POINT('',(1.12091993948262,-0.99963976077166,0.));
#10675=CARTESIAN_POINT('',(1.12091993948262,-0.99963976077166,0.003));
#10676=CARTESIAN_POINT('',(1.12091993948262,-0.99963976077166,0.0015));
#10677=CARTESIAN_POINT('',(1.01899501394561,-0.99963976077166,0.));
#10678=CARTESIAN_POINT('',(1.57558432674827,-0.99963976077166,0.));
#10679=CARTESIAN_POINT('',(1.01899501394561,-0.99963976077166,0.003));
#10680=CARTESIAN_POINT('',(1.01899501394561,-0.99963976077166,0.0015));
#10681=CARTESIAN_POINT('',(1.57558432674827,-0.99963976077166,0.003));
#10682=CARTESIAN_POINT('Origin',(1.12091993948262,-1.12183378844854,0.));
#10683=CARTESIAN_POINT('',(1.12091993948262,-0.89603976077166,0.));
#10684=CARTESIAN_POINT('',(1.12091993948262,-0.89603976077166,0.003));
#10685=CARTESIAN_POINT('Origin',(1.01899501394561,-0.89603976077166,0.));
#10686=CARTESIAN_POINT('',(1.01899501394561,-1.12183378844854,0.003));
#10687=CARTESIAN_POINT('',(1.01899501394561,-1.12183378844854,0.));
#10688=CARTESIAN_POINT('Origin',(1.06995747671412,-0.93334617344729,0.003));
#10689=CARTESIAN_POINT('Origin',(1.06995747671412,-0.93334617344729,0.));
#10690=CARTESIAN_POINT('Origin',(1.24854265077825,-0.821833795154066,0.));
#10691=CARTESIAN_POINT('',(1.28069835691623,-0.86643976077166,0.));
#10692=CARTESIAN_POINT('',(1.28069835691623,-0.86643976077166,0.003));
#10693=CARTESIAN_POINT('',(1.28069835691623,-0.86643976077166,0.0015));
#10694=CARTESIAN_POINT('',(1.27002928061101,-0.85163976077166,0.003));
#10695=CARTESIAN_POINT('',(1.35220001131022,-0.965625899736019,0.003));
#10696=CARTESIAN_POINT('',(1.27002928061101,-0.85163976077166,0.));
#10697=CARTESIAN_POINT('',(1.27002928061101,-0.85163976077166,0.0015));
#10698=CARTESIAN_POINT('',(1.35220001131022,-0.965625899736019,0.));
#10699=CARTESIAN_POINT('Origin',(1.4178492106603,-0.973083769078244,0.));
#10700=CARTESIAN_POINT('',(1.3891590957237,-0.86643976077166,0.));
#10701=CARTESIAN_POINT('',(1.16644906245406,-0.86643976077166,0.));
#10702=CARTESIAN_POINT('',(1.3797703457237,-0.85163976077166,0.));
#10703=CARTESIAN_POINT('',(1.74953019372137,-0.85163976077166,0.));
#10704=CARTESIAN_POINT('',(1.36086218628504,-0.821833795154066,0.));
#10705=CARTESIAN_POINT('Origin',(1.41947623694796,-0.914230328218775,0.));
#10706=CARTESIAN_POINT('',(1.3891590957237,-0.86643976077166,0.003));
#10707=CARTESIAN_POINT('',(1.3891590957237,-0.86643976077166,0.0015));
#10708=CARTESIAN_POINT('',(1.3797703457237,-0.85163976077166,0.003));
#10709=CARTESIAN_POINT('',(1.3797703457237,-0.85163976077166,0.0015));
#10710=CARTESIAN_POINT('',(1.36086218628504,-0.821833795154066,0.003));
#10711=CARTESIAN_POINT('Origin',(1.4178492106603,-0.973083769078244,0.003));
#10712=CARTESIAN_POINT('',(1.16644906245406,-0.86643976077166,0.003));
#10713=CARTESIAN_POINT('',(1.74953019372137,-0.85163976077166,0.003));
#10714=CARTESIAN_POINT('Origin',(2.08121117678243,-0.85163976077166,0.003));
#10715=CARTESIAN_POINT('Origin',(0.915048914247815,-0.86643976077166,0.003));
#10716=CARTESIAN_POINT('Origin',(0.915048914247815,-1.01443976077166,0.003));
#10717=CARTESIAN_POINT('',(1.90499348649771,-1.01443976077166,0.003));
#10718=CARTESIAN_POINT('',(1.90499348649771,-1.01443976077166,0.));
#10719=CARTESIAN_POINT('',(1.90499348649771,-1.01443976077166,0.0015));
#10720=CARTESIAN_POINT('',(1.84460307657067,-1.01443976077166,0.003));
#10721=CARTESIAN_POINT('',(1.35023996822354,-1.01443976077166,0.003));
#10722=CARTESIAN_POINT('',(1.84460307657067,-1.01443976077166,0.));
#10723=CARTESIAN_POINT('Ctrl Pts',(1.84460307657067,-1.01443976077166,0.));
#10724=CARTESIAN_POINT('Ctrl Pts',(1.84460307657067,-1.01443976077166,0.0005));
#10725=CARTESIAN_POINT('Ctrl Pts',(1.84460307657067,-1.01443976077166,0.001));
#10726=CARTESIAN_POINT('Ctrl Pts',(1.84460307657067,-1.01443976077166,0.002));
#10727=CARTESIAN_POINT('Ctrl Pts',(1.84460307657067,-1.01443976077166,0.0025));
#10728=CARTESIAN_POINT('Ctrl Pts',(1.84460307657067,-1.01443976077166,0.003));
#10729=CARTESIAN_POINT('',(1.35023996822354,-1.01443976077166,0.));
#10730=CARTESIAN_POINT('Origin',(2.08121117678243,-0.99963976077166,0.003));
#10731=CARTESIAN_POINT('',(1.84899831927348,-0.99963976077166,0.003));
#10732=CARTESIAN_POINT('',(1.84899831927348,-0.99963976077166,0.));
#10733=CARTESIAN_POINT('Ctrl Pts',(1.84899831927348,-0.99963976077166,0.003));
#10734=CARTESIAN_POINT('Ctrl Pts',(1.84899831927348,-0.99963976077166,0.0025));
#10735=CARTESIAN_POINT('Ctrl Pts',(1.84899831927348,-0.99963976077166,0.002));
#10736=CARTESIAN_POINT('Ctrl Pts',(1.84899831927348,-0.99963976077166,0.001));
#10737=CARTESIAN_POINT('Ctrl Pts',(1.84899831927348,-0.99963976077166,0.0005));
#10738=CARTESIAN_POINT('Ctrl Pts',(1.84899831927348,-0.99963976077166,0.));
#10739=CARTESIAN_POINT('',(1.85101701590947,-0.99963976077166,0.003));
#10740=CARTESIAN_POINT('',(1.93332109949084,-0.99963976077166,0.003));
#10741=CARTESIAN_POINT('',(1.85101701590947,-0.99963976077166,0.));
#10742=CARTESIAN_POINT('',(1.85101701590947,-0.99963976077166,0.0015));
#10743=CARTESIAN_POINT('',(1.93332109949084,-0.99963976077166,0.));
#10744=CARTESIAN_POINT('Origin',(1.9386292571053,-1.02366247206729,0.));
#10745=CARTESIAN_POINT('',(1.84912011569886,-0.999119642971976,0.));
#10746=CARTESIAN_POINT('',(1.84912011569886,-0.999119642971976,0.003));
#10747=CARTESIAN_POINT('Origin',(1.78543102219926,-0.971687097523264,0.));
#10748=CARTESIAN_POINT('Ctrl Pts',(1.84460307657067,-1.01443976077166,0.));
#10749=CARTESIAN_POINT('Ctrl Pts',(1.84712597284806,-1.00757253866767,0.));
#10750=CARTESIAN_POINT('Ctrl Pts',(1.84899831927348,-0.99963976077166,0.));
#10751=CARTESIAN_POINT('Origin',(1.78543102219926,-0.971687097523264,0.003));
#10752=CARTESIAN_POINT('Ctrl Pts',(1.84899831927348,-0.99963976077166,0.003));
#10753=CARTESIAN_POINT('Ctrl Pts',(1.84712597284806,-1.00757253866767,0.003));
#10754=CARTESIAN_POINT('Ctrl Pts',(1.84460307657067,-1.01443976077166,0.003));
#10755=CARTESIAN_POINT('Ctrl Pts',(1.84912011569886,-0.999119642971976,
0.));
#10756=CARTESIAN_POINT('Ctrl Pts',(1.84912011569886,-0.999119642971976,
0.003));
#10757=CARTESIAN_POINT('Ctrl Pts',(1.84247911488483,-1.02770482038887,0.));
#10758=CARTESIAN_POINT('Ctrl Pts',(1.84247911488483,-1.02770482038887,0.003));
#10759=CARTESIAN_POINT('Ctrl Pts',(1.8124502416388,-1.05744495446907,0.));
#10760=CARTESIAN_POINT('Ctrl Pts',(1.8124502416388,-1.05744495446907,0.003));
#10761=CARTESIAN_POINT('Ctrl Pts',(1.78328758589025,-1.05744495446907,0.));
#10762=CARTESIAN_POINT('Ctrl Pts',(1.78328758589025,-1.05744495446907,0.003));
#10763=CARTESIAN_POINT('Origin',(1.58723369229357,-0.821833795154066,0.));
#10764=CARTESIAN_POINT('',(1.4760691134501,-0.821833795154066,0.));
#10765=CARTESIAN_POINT('',(1.58723369229357,-0.821833795154066,0.));
#10766=CARTESIAN_POINT('',(1.4760691134501,-0.821833795154066,0.));
#10767=CARTESIAN_POINT('',(1.4760691134501,-0.821833795154066,0.003));
#10768=CARTESIAN_POINT('',(1.4760691134501,-0.821833795154066,0.));
#10769=CARTESIAN_POINT('',(1.58723369229357,-0.821833795154066,0.003));
#10770=CARTESIAN_POINT('',(1.4760691134501,-0.821833795154066,0.003));
#10771=CARTESIAN_POINT('',(1.58723369229357,-0.821833795154066,0.));
#10772=CARTESIAN_POINT('Origin',(1.4178492106603,-0.973083769078244,0.));
#10773=CARTESIAN_POINT('',(1.57664300085372,-0.83683976077166,0.));
#10774=CARTESIAN_POINT('',(1.46687795950932,-0.83683976077166,0.));
#10775=CARTESIAN_POINT('',(1.16644906245406,-0.83683976077166,0.));
#10776=CARTESIAN_POINT('',(1.41947623694796,-0.914230328218775,0.));
#10777=CARTESIAN_POINT('',(1.58723369229357,-0.821833795154066,0.));
#10778=CARTESIAN_POINT('Origin',(1.4178492106603,-0.973083769078244,0.003));
#10779=CARTESIAN_POINT('',(1.46687795950932,-0.83683976077166,0.003));
#10780=CARTESIAN_POINT('',(1.57664300085372,-0.83683976077166,0.003));
#10781=CARTESIAN_POINT('',(1.16644906245406,-0.83683976077166,0.003));
#10782=CARTESIAN_POINT('',(1.58723369229357,-0.821833795154066,0.003));
#10783=CARTESIAN_POINT('',(1.41947623694796,-0.914230328218775,0.003));
#10784=CARTESIAN_POINT('Origin',(1.48473128842491,-0.967069595565155,0.));
#10785=CARTESIAN_POINT('',(1.57664300085372,-0.83683976077166,0.0015));
#10786=CARTESIAN_POINT('Origin',(1.4760691134501,-0.821833795154066,0.));
#10787=CARTESIAN_POINT('',(1.46687795950932,-0.83683976077166,0.0015));
#10788=CARTESIAN_POINT('Origin',(0.915048914247815,-0.83683976077166,0.003));
#10789=CARTESIAN_POINT('Origin',(2.08121117678243,-0.91083976077166,0.003));
#10790=CARTESIAN_POINT('',(1.4173253457237,-0.91083976077166,0.));
#10791=CARTESIAN_POINT('',(1.4173253457237,-0.91083976077166,0.003));
#10792=CARTESIAN_POINT('',(1.4173253457237,-0.91083976077166,0.0015));
#10793=CARTESIAN_POINT('',(1.3127055858319,-0.91083976077166,0.));
#10794=CARTESIAN_POINT('',(1.74953019372137,-0.91083976077166,0.));
#10795=CARTESIAN_POINT('',(1.3127055858319,-0.91083976077166,0.003));
#10796=CARTESIAN_POINT('',(1.3127055858319,-0.91083976077166,0.0015));
#10797=CARTESIAN_POINT('',(1.74953019372137,-0.91083976077166,0.003));
#10798=CARTESIAN_POINT('Origin',(2.08121117678243,-0.91083976077166,0.003));
#10799=CARTESIAN_POINT('',(1.42155295950932,-0.91083976077166,0.003));
#10800=CARTESIAN_POINT('',(1.42155295950932,-0.91083976077166,0.));
#10801=CARTESIAN_POINT('',(1.42155295950932,-0.91083976077166,0.0015));
#10802=CARTESIAN_POINT('',(1.52441636069468,-0.91083976077166,0.003));
#10803=CARTESIAN_POINT('',(1.74953019372137,-0.91083976077166,0.003));
#10804=CARTESIAN_POINT('',(1.52441636069468,-0.91083976077166,0.));
#10805=CARTESIAN_POINT('',(1.52441636069468,-0.91083976077166,0.0015));
#10806=CARTESIAN_POINT('',(1.74953019372137,-0.91083976077166,0.));
#10807=CARTESIAN_POINT('Origin',(0.915048914247815,-0.92563976077166,0.003));
#10808=CARTESIAN_POINT('',(1.51397103266287,-0.92563976077166,0.003));
#10809=CARTESIAN_POINT('',(1.51397103266287,-0.92563976077166,0.));
#10810=CARTESIAN_POINT('',(1.51397103266287,-0.92563976077166,0.0015));
#10811=CARTESIAN_POINT('',(1.32337466213712,-0.92563976077166,0.003));
#10812=CARTESIAN_POINT('',(1.16644906245406,-0.92563976077166,0.003));
#10813=CARTESIAN_POINT('',(1.32337466213712,-0.92563976077166,0.));
#10814=CARTESIAN_POINT('',(1.32337466213712,-0.92563976077166,0.0015));
#10815=CARTESIAN_POINT('',(1.16644906245406,-0.92563976077166,0.));
#10816=CARTESIAN_POINT('Origin',(1.4760691134501,-0.821833795154066,0.));
#10817=CARTESIAN_POINT('',(1.41947623694796,-0.914230328218775,0.));
#10818=CARTESIAN_POINT('',(1.41947623694796,-0.914230328218775,0.));
#10819=CARTESIAN_POINT('',(1.41947623694796,-0.914230328218775,0.003));
#10820=CARTESIAN_POINT('',(1.41947623694796,-0.914230328218775,0.));
#10821=CARTESIAN_POINT('',(1.41947623694796,-0.914230328218775,0.003));
#10822=CARTESIAN_POINT('Origin',(1.48473128842491,-0.967069595565155,0.));
#10823=CARTESIAN_POINT('',(1.58723369229357,-0.821833795154066,0.003));
#10824=CARTESIAN_POINT('',(1.58723369229357,-0.821833795154066,0.));
#10825=CARTESIAN_POINT('Origin',(1.4178492106603,-0.973083769078244,0.003));
#10826=CARTESIAN_POINT('',(1.36086218628504,-0.821833795154066,0.003));
#10827=CARTESIAN_POINT('',(1.35220001131022,-0.965625899736019,0.003));
#10828=CARTESIAN_POINT('Origin',(1.41947623694796,-0.914230328218775,0.));
#10829=CARTESIAN_POINT('',(1.36086218628504,-0.821833795154066,0.));
#10830=CARTESIAN_POINT('Origin',(1.4178492106603,-0.973083769078244,0.));
#10831=CARTESIAN_POINT('',(1.35220001131022,-0.965625899736019,0.));
#10832=CARTESIAN_POINT('Origin',(1.24854265077825,-0.821833795154066,0.));
#10833=CARTESIAN_POINT('Origin',(1.48242137509829,-1.12183378844854,0.));
#10834=CARTESIAN_POINT('',(1.5970508239317,-1.12183378844854,0.));
#10835=CARTESIAN_POINT('',(1.48242137509829,-1.12183378844854,0.));
#10836=CARTESIAN_POINT('',(1.5970508239317,-1.12183378844854,0.));
#10837=CARTESIAN_POINT('',(1.5970508239317,-1.12183378844854,0.003));
#10838=CARTESIAN_POINT('',(1.5970508239317,-1.12183378844854,0.));
#10839=CARTESIAN_POINT('',(1.48242137509829,-1.12183378844854,0.003));
#10840=CARTESIAN_POINT('',(1.5970508239317,-1.12183378844854,0.003));
#10841=CARTESIAN_POINT('',(1.48242137509829,-1.12183378844854,0.));
#10842=CARTESIAN_POINT('Origin',(1.4178492106603,-0.973083769078244,0.));
#10843=CARTESIAN_POINT('',(1.47986551813033,-1.11803976077166,0.));
#10844=CARTESIAN_POINT('',(1.59429732250202,-1.11803976077166,0.));
#10845=CARTESIAN_POINT('',(1.74953019372137,-1.11803976077166,0.));
#10846=CARTESIAN_POINT('',(1.48473128842491,-0.967069595565155,0.));
#10847=CARTESIAN_POINT('',(1.48242137509829,-1.12183378844854,0.));
#10848=CARTESIAN_POINT('Origin',(1.4178492106603,-0.973083769078244,0.003));
#10849=CARTESIAN_POINT('',(1.59429732250202,-1.11803976077166,0.003));
#10850=CARTESIAN_POINT('',(1.47986551813033,-1.11803976077166,0.003));
#10851=CARTESIAN_POINT('',(1.74953019372137,-1.11803976077166,0.003));
#10852=CARTESIAN_POINT('',(1.48242137509829,-1.12183378844854,0.003));
#10853=CARTESIAN_POINT('',(1.48473128842491,-0.967069595565155,0.003));
#10854=CARTESIAN_POINT('Origin',(1.5970508239317,-1.12183378844854,0.));
#10855=CARTESIAN_POINT('',(1.59429732250202,-1.11803976077166,0.0015));
#10856=CARTESIAN_POINT('Origin',(1.41745506278717,-1.02539490706225,0.));
#10857=CARTESIAN_POINT('',(1.47986551813033,-1.11803976077166,0.0015));
#10858=CARTESIAN_POINT('Origin',(2.08121117678243,-1.11803976077166,0.003));
#10859=CARTESIAN_POINT('Origin',(2.08121117678243,-0.91083976077166,0.003));
#10860=CARTESIAN_POINT('',(1.62671090363377,-0.91083976077166,0.003));
#10861=CARTESIAN_POINT('',(1.62671090363377,-0.91083976077166,0.));
#10862=CARTESIAN_POINT('Ctrl Pts',(1.62671090363377,-0.91083976077166,0.003));
#10863=CARTESIAN_POINT('Ctrl Pts',(1.62671090363377,-0.91083976077166,0.0025));
#10864=CARTESIAN_POINT('Ctrl Pts',(1.62671090363377,-0.91083976077166,0.002));
#10865=CARTESIAN_POINT('Ctrl Pts',(1.62671090363377,-0.91083976077166,0.001));
#10866=CARTESIAN_POINT('Ctrl Pts',(1.62671090363377,-0.91083976077166,0.0005));
#10867=CARTESIAN_POINT('Ctrl Pts',(1.62671090363377,-0.91083976077166,0.));
#10868=CARTESIAN_POINT('',(1.73428256557332,-0.91083976077166,0.003));
#10869=CARTESIAN_POINT('',(1.93332109949084,-0.91083976077166,0.003));
#10870=CARTESIAN_POINT('',(1.73428256557332,-0.91083976077166,0.));
#10871=CARTESIAN_POINT('Ctrl Pts',(1.73428256557333,-0.91083976077166,0.));
#10872=CARTESIAN_POINT('Ctrl Pts',(1.73428256557333,-0.91083976077166,0.0005));
#10873=CARTESIAN_POINT('Ctrl Pts',(1.73428256557333,-0.91083976077166,0.001));
#10874=CARTESIAN_POINT('Ctrl Pts',(1.73428256557333,-0.91083976077166,0.002));
#10875=CARTESIAN_POINT('Ctrl Pts',(1.73428256557333,-0.91083976077166,0.0025));
#10876=CARTESIAN_POINT('Ctrl Pts',(1.73428256557333,-0.91083976077166,0.003));
#10877=CARTESIAN_POINT('',(1.93332109949084,-0.91083976077166,0.));
#10878=CARTESIAN_POINT('Origin',(0.915048914247815,-0.92563976077166,0.003));
#10879=CARTESIAN_POINT('',(1.62258669382364,-0.92563976077166,0.));
#10880=CARTESIAN_POINT('',(1.62258669382364,-0.92563976077166,0.003));
#10881=CARTESIAN_POINT('Ctrl Pts',(1.62258669382364,-0.92563976077166,0.));
#10882=CARTESIAN_POINT('Ctrl Pts',(1.62258669382364,-0.92563976077166,0.0005));
#10883=CARTESIAN_POINT('Ctrl Pts',(1.62258669382364,-0.92563976077166,0.001));
#10884=CARTESIAN_POINT('Ctrl Pts',(1.62258669382364,-0.92563976077166,0.002));
#10885=CARTESIAN_POINT('Ctrl Pts',(1.62258669382364,-0.92563976077166,0.0025));
#10886=CARTESIAN_POINT('Ctrl Pts',(1.62258669382364,-0.92563976077166,0.003));
#10887=CARTESIAN_POINT('',(1.72643752023896,-0.92563976077166,0.));
#10888=CARTESIAN_POINT('',(1.35023996822354,-0.92563976077166,0.));
#10889=CARTESIAN_POINT('',(1.72643752023896,-0.92563976077166,0.003));
#10890=CARTESIAN_POINT('Ctrl Pts',(1.72643752023896,-0.92563976077166,0.003));
#10891=CARTESIAN_POINT('Ctrl Pts',(1.72643752023896,-0.92563976077166,0.0025));
#10892=CARTESIAN_POINT('Ctrl Pts',(1.72643752023896,-0.92563976077166,0.002));
#10893=CARTESIAN_POINT('Ctrl Pts',(1.72643752023896,-0.92563976077166,0.001));
#10894=CARTESIAN_POINT('Ctrl Pts',(1.72643752023896,-0.92563976077166,0.0005));
#10895=CARTESIAN_POINT('Ctrl Pts',(1.72643752023896,-0.92563976077166,0.));
#10896=CARTESIAN_POINT('',(1.35023996822354,-0.92563976077166,0.003));
#10897=CARTESIAN_POINT('Ctrl Pts',(1.7339131885338,-0.911342936560503,0.));
#10898=CARTESIAN_POINT('Ctrl Pts',(1.7339131885338,-0.911342936560503,0.003));
#10899=CARTESIAN_POINT('Ctrl Pts',(1.75239249514674,-0.885933889967708,
0.));
#10900=CARTESIAN_POINT('Ctrl Pts',(1.75239249514674,-0.885933889967708,
0.003));
#10901=CARTESIAN_POINT('Ctrl Pts',(1.78704119504601,-0.885933889967708,
0.));
#10902=CARTESIAN_POINT('Ctrl Pts',(1.78704119504601,-0.885933889967708,
0.003));
#10903=CARTESIAN_POINT('',(1.7339131885338,-0.911342936560503,0.003));
#10904=CARTESIAN_POINT('Ctrl Pts',(1.7339131885338,-0.911342936560503,0.003));
#10905=CARTESIAN_POINT('Ctrl Pts',(1.73409707648426,-0.911090090628614,
0.003));
#10906=CARTESIAN_POINT('Ctrl Pts',(1.73428256557332,-0.91083976077166,0.003));
#10907=CARTESIAN_POINT('',(1.7339131885338,-0.911342936560503,0.));
#10908=CARTESIAN_POINT('',(1.7339131885338,-0.911342936560503,0.));
#10909=CARTESIAN_POINT('Ctrl Pts',(1.73428256557332,-0.91083976077166,0.));
#10910=CARTESIAN_POINT('Ctrl Pts',(1.73409707648426,-0.911090090628614,
0.));
#10911=CARTESIAN_POINT('Ctrl Pts',(1.7339131885338,-0.911342936560503,0.));
#10912=CARTESIAN_POINT('Ctrl Pts',(1.72005370857409,-0.970534465555082,
0.));
#10913=CARTESIAN_POINT('Ctrl Pts',(1.72005370857409,-0.970534465555082,
0.003));
#10914=CARTESIAN_POINT('Ctrl Pts',(1.72005370857409,-0.930110982339272,
0.));
#10915=CARTESIAN_POINT('Ctrl Pts',(1.72005370857409,-0.930110982339272,
0.003));
#10916=CARTESIAN_POINT('Ctrl Pts',(1.7339131885338,-0.911342936560503,0.));
#10917=CARTESIAN_POINT('Ctrl Pts',(1.7339131885338,-0.911342936560503,0.003));
#10918=CARTESIAN_POINT('Ctrl Pts',(1.7339131885338,-0.911342936560503,0.));
#10919=CARTESIAN_POINT('Ctrl Pts',(1.72945989323291,-0.917373440613787,
0.));
#10920=CARTESIAN_POINT('Ctrl Pts',(1.72643752023896,-0.92563976077166,0.));
#10921=CARTESIAN_POINT('Ctrl Pts',(1.72643752023896,-0.92563976077166,0.003));
#10922=CARTESIAN_POINT('Ctrl Pts',(1.72945989323291,-0.917373440613787,
0.003));
#10923=CARTESIAN_POINT('Ctrl Pts',(1.7339131885338,-0.911342936560503,0.003));
#10924=CARTESIAN_POINT('Origin',(1.78543102219926,-0.971687097523264,0.));
#10925=CARTESIAN_POINT('Ctrl Pts',(1.62258669382364,-0.92563976077166,0.));
#10926=CARTESIAN_POINT('Ctrl Pts',(1.62432902422794,-0.917985853443805,
0.));
#10927=CARTESIAN_POINT('Ctrl Pts',(1.62671090363377,-0.91083976077166,0.));
#10928=CARTESIAN_POINT('Ctrl Pts',(1.78444254255356,-0.816636490169176,
0.));
#10929=CARTESIAN_POINT('Ctrl Pts',(1.78444254255356,-0.816636490169176,
0.003));
#10930=CARTESIAN_POINT('Ctrl Pts',(1.70475053278525,-0.816636490169176,
0.));
#10931=CARTESIAN_POINT('Ctrl Pts',(1.70475053278525,-0.816636490169176,
0.003));
#10932=CARTESIAN_POINT('Ctrl Pts',(1.61784004387126,-0.896617239103315,
0.));
#10933=CARTESIAN_POINT('Ctrl Pts',(1.61784004387126,-0.896617239103315,
0.003));
#10934=CARTESIAN_POINT('Ctrl Pts',(1.61784004387126,-0.971111943886736,
0.));
#10935=CARTESIAN_POINT('Ctrl Pts',(1.61784004387126,-0.971111943886736,
0.003));
#10936=CARTESIAN_POINT('Ctrl Pts',(1.62671090363377,-0.91083976077166,0.003));
#10937=CARTESIAN_POINT('Ctrl Pts',(1.62432902422794,-0.917985853443805,
0.003));
#10938=CARTESIAN_POINT('Ctrl Pts',(1.62258669382364,-0.92563976077166,0.003));
#10939=CARTESIAN_POINT('Origin',(1.78543102219926,-0.971687097523264,0.003));
#10940=CARTESIAN_POINT('Origin',(1.41745506278717,-1.02539490706225,0.));
#10941=CARTESIAN_POINT('',(1.4200451588489,-1.02923976077166,0.003));
#10942=CARTESIAN_POINT('',(1.4200451588489,-1.02923976077166,0.));
#10943=CARTESIAN_POINT('',(1.4200451588489,-1.02923976077166,0.0015));
#10944=CARTESIAN_POINT('',(1.43001521872914,-1.04403976077166,0.));
#10945=CARTESIAN_POINT('',(1.48242137509829,-1.12183378844854,0.));
#10946=CARTESIAN_POINT('',(1.43001521872914,-1.04403976077166,0.003));
#10947=CARTESIAN_POINT('',(1.43001521872914,-1.04403976077166,0.0015));
#10948=CARTESIAN_POINT('',(1.48242137509829,-1.12183378844854,0.003));
#10949=CARTESIAN_POINT('Origin',(1.5970508239317,-1.12183378844854,0.));
#10950=CARTESIAN_POINT('',(1.5298510538453,-1.02923976077166,0.));
#10951=CARTESIAN_POINT('',(1.5298510538453,-1.02923976077166,0.003));
#10952=CARTESIAN_POINT('',(1.5298510538453,-1.02923976077166,0.0015));
#10953=CARTESIAN_POINT('',(1.54059209862142,-1.04403976077166,0.003));
#10954=CARTESIAN_POINT('',(1.48473128842491,-0.967069595565155,0.003));
#10955=CARTESIAN_POINT('',(1.54059209862142,-1.04403976077166,0.));
#10956=CARTESIAN_POINT('',(1.54059209862142,-1.04403976077166,0.0015));
#10957=CARTESIAN_POINT('',(1.48473128842491,-0.967069595565155,0.));
#10958=CARTESIAN_POINT('Origin',(1.4178492106603,-0.973083769078244,0.));
#10959=CARTESIAN_POINT('',(1.74953019372137,-1.02923976077166,0.));
#10960=CARTESIAN_POINT('',(1.16644906245406,-1.04403976077166,0.));
#10961=CARTESIAN_POINT('Origin',(1.4178492106603,-0.973083769078244,0.003));
#10962=CARTESIAN_POINT('',(1.74953019372137,-1.02923976077166,0.003));
#10963=CARTESIAN_POINT('',(1.16644906245406,-1.04403976077166,0.003));
#10964=CARTESIAN_POINT('Origin',(0.915048914247815,-1.04403976077166,0.003));
#10965=CARTESIAN_POINT('Origin',(2.08121117678243,-1.02923976077166,0.003));
#10966=CARTESIAN_POINT('Origin',(2.08121117678243,-0.91083976077166,0.003));
#10967=CARTESIAN_POINT('',(1.12091993948262,-0.91083976077166,0.));
#10968=CARTESIAN_POINT('',(1.12091993948262,-0.91083976077166,0.003));
#10969=CARTESIAN_POINT('',(1.12091993948262,-0.91083976077166,0.0015));
#10970=CARTESIAN_POINT('',(1.01899501394561,-0.91083976077166,0.));
#10971=CARTESIAN_POINT('',(1.57558432674827,-0.91083976077166,0.));
#10972=CARTESIAN_POINT('',(1.01899501394561,-0.91083976077166,0.003));
#10973=CARTESIAN_POINT('',(1.01899501394561,-0.91083976077166,0.0015));
#10974=CARTESIAN_POINT('',(1.57558432674827,-0.91083976077166,0.003));
#10975=CARTESIAN_POINT('Origin',(0.915048914247815,-0.92563976077166,0.003));
#10976=CARTESIAN_POINT('',(1.12091993948262,-0.92563976077166,0.003));
#10977=CARTESIAN_POINT('',(1.12091993948262,-0.92563976077166,0.));
#10978=CARTESIAN_POINT('',(1.12091993948262,-0.92563976077166,0.0015));
#10979=CARTESIAN_POINT('',(1.01899501394561,-0.92563976077166,0.003));
#10980=CARTESIAN_POINT('',(0.992503195480966,-0.92563976077166,0.003));
#10981=CARTESIAN_POINT('',(1.01899501394561,-0.92563976077166,0.));
#10982=CARTESIAN_POINT('',(1.01899501394561,-0.92563976077166,0.0015));
#10983=CARTESIAN_POINT('',(0.992503195480966,-0.92563976077166,0.));
#10984=CARTESIAN_POINT('Origin',(1.12091993948262,-1.12183378844854,0.));
#10985=CARTESIAN_POINT('',(1.12091993948262,-0.89603976077166,0.003));
#10986=CARTESIAN_POINT('',(1.12091993948262,-0.89603976077166,0.));
#10987=CARTESIAN_POINT('Origin',(1.06995747671412,-0.93334617344729,0.003));
#10988=CARTESIAN_POINT('',(1.01899501394561,-1.12183378844854,0.003));
#10989=CARTESIAN_POINT('Origin',(1.06995747671412,-0.93334617344729,0.));
#10990=CARTESIAN_POINT('',(1.01899501394561,-1.12183378844854,0.));
#10991=CARTESIAN_POINT('Origin',(1.01899501394561,-0.89603976077166,0.));
#10992=CARTESIAN_POINT('Origin',(1.23814804080847,-1.12183378844854,0.));
#10993=CARTESIAN_POINT('',(1.35220001131022,-1.12183378844854,0.));
#10994=CARTESIAN_POINT('',(1.23814804080847,-1.12183378844854,0.));
#10995=CARTESIAN_POINT('',(1.35220001131022,-1.12183378844854,0.));
#10996=CARTESIAN_POINT('',(1.35220001131022,-1.12183378844854,0.003));
#10997=CARTESIAN_POINT('',(1.35220001131022,-1.12183378844854,0.));
#10998=CARTESIAN_POINT('',(1.23814804080847,-1.12183378844854,0.003));
#10999=CARTESIAN_POINT('',(1.35220001131022,-1.12183378844854,0.003));
#11000=CARTESIAN_POINT('',(1.23814804080847,-1.12183378844854,0.));
#11001=CARTESIAN_POINT('Origin',(1.4178492106603,-0.973083769078244,0.));
#11002=CARTESIAN_POINT('',(1.24091817192191,-1.11803976077166,0.));
#11003=CARTESIAN_POINT('',(1.35476722764248,-1.11803976077166,0.));
#11004=CARTESIAN_POINT('',(1.74953019372137,-1.11803976077166,0.));
#11005=CARTESIAN_POINT('',(1.41745506278717,-1.02539490706225,0.));
#11006=CARTESIAN_POINT('',(1.23814804080847,-1.12183378844854,0.));
#11007=CARTESIAN_POINT('Origin',(1.4178492106603,-0.973083769078244,0.003));
#11008=CARTESIAN_POINT('',(1.35476722764248,-1.11803976077166,0.003));
#11009=CARTESIAN_POINT('',(1.24091817192191,-1.11803976077166,0.003));
#11010=CARTESIAN_POINT('',(1.74953019372137,-1.11803976077166,0.003));
#11011=CARTESIAN_POINT('',(1.23814804080847,-1.12183378844854,0.003));
#11012=CARTESIAN_POINT('',(1.41745506278717,-1.02539490706225,0.003));
#11013=CARTESIAN_POINT('Origin',(1.35220001131022,-0.965625899736019,0.));
#11014=CARTESIAN_POINT('',(1.24091817192191,-1.11803976077166,0.0015));
#11015=CARTESIAN_POINT('Origin',(1.35220001131022,-1.12183378844854,0.));
#11016=CARTESIAN_POINT('',(1.35476722764248,-1.11803976077166,0.0015));
#11017=CARTESIAN_POINT('Origin',(2.08121117678243,-1.11803976077166,0.003));
#11018=CARTESIAN_POINT('Origin',(2.08121117678243,-0.91083976077166,0.003));
#11019=CARTESIAN_POINT('',(1.93079531274831,-0.91083976077166,0.));
#11020=CARTESIAN_POINT('',(1.93079531274831,-0.91083976077166,0.003));
#11021=CARTESIAN_POINT('',(1.93079531274831,-0.91083976077166,0.0015));
#11022=CARTESIAN_POINT('',(1.83750252135101,-0.91083976077166,0.));
#11023=CARTESIAN_POINT('',(1.93332109949084,-0.91083976077166,0.));
#11024=CARTESIAN_POINT('',(1.83750252135101,-0.91083976077166,0.003));
#11025=CARTESIAN_POINT('Ctrl Pts',(1.83750252135101,-0.91083976077166,0.003));
#11026=CARTESIAN_POINT('Ctrl Pts',(1.83750252135101,-0.91083976077166,0.0025));
#11027=CARTESIAN_POINT('Ctrl Pts',(1.83750252135101,-0.91083976077166,0.002));
#11028=CARTESIAN_POINT('Ctrl Pts',(1.83750252135101,-0.91083976077166,0.001));
#11029=CARTESIAN_POINT('Ctrl Pts',(1.83750252135101,-0.91083976077166,0.0005));
#11030=CARTESIAN_POINT('Ctrl Pts',(1.83750252135101,-0.91083976077166,0.));
#11031=CARTESIAN_POINT('',(1.93332109949084,-0.91083976077166,0.003));
#11032=CARTESIAN_POINT('Origin',(0.915048914247815,-0.92563976077166,0.003));
#11033=CARTESIAN_POINT('',(1.85750007465308,-0.92563976077166,0.003));
#11034=CARTESIAN_POINT('',(1.85750007465308,-0.92563976077166,0.));
#11035=CARTESIAN_POINT('',(1.85750007465308,-0.92563976077166,0.0015));
#11036=CARTESIAN_POINT('',(1.84450645443674,-0.92563976077166,0.003));
#11037=CARTESIAN_POINT('',(1.35023996822354,-0.92563976077166,0.003));
#11038=CARTESIAN_POINT('',(1.84450645443674,-0.92563976077166,0.));
#11039=CARTESIAN_POINT('Ctrl Pts',(1.84450645443674,-0.92563976077166,0.));
#11040=CARTESIAN_POINT('Ctrl Pts',(1.84450645443674,-0.92563976077166,0.0005));
#11041=CARTESIAN_POINT('Ctrl Pts',(1.84450645443674,-0.92563976077166,0.001));
#11042=CARTESIAN_POINT('Ctrl Pts',(1.84450645443674,-0.92563976077166,0.002));
#11043=CARTESIAN_POINT('Ctrl Pts',(1.84450645443674,-0.92563976077166,0.0025));
#11044=CARTESIAN_POINT('Ctrl Pts',(1.84450645443674,-0.92563976077166,0.003));
#11045=CARTESIAN_POINT('',(1.35023996822354,-0.92563976077166,0.));
#11046=CARTESIAN_POINT('Origin',(1.84536650654311,-0.928089808178481,0.));
#11047=CARTESIAN_POINT('',(1.9354531262812,-0.909899240731367,0.003));
#11048=CARTESIAN_POINT('',(1.9354531262812,-0.909899240731367,0.));
#11049=CARTESIAN_POINT('Origin',(1.78543102219926,-0.971687097523264,0.));
#11050=CARTESIAN_POINT('Ctrl Pts',(1.84450645443674,-0.92563976077166,0.));
#11051=CARTESIAN_POINT('Ctrl Pts',(1.84115315298464,-0.916381447137067,
0.));
#11052=CARTESIAN_POINT('Ctrl Pts',(1.83750252135101,-0.91083976077166,0.));
#11053=CARTESIAN_POINT('Origin',(1.78543102219926,-0.971687097523264,0.003));
#11054=CARTESIAN_POINT('Ctrl Pts',(1.83750252135101,-0.91083976077166,0.003));
#11055=CARTESIAN_POINT('Ctrl Pts',(1.84115315298464,-0.916381447137067,
0.003));
#11056=CARTESIAN_POINT('Ctrl Pts',(1.84450645443674,-0.92563976077166,0.003));
#11057=CARTESIAN_POINT('Ctrl Pts',(1.83554937490498,-0.908166805736403,
0.));
#11058=CARTESIAN_POINT('Ctrl Pts',(1.83554937490498,-0.908166805736403,
0.003));
#11059=CARTESIAN_POINT('Ctrl Pts',(1.84074667988987,-0.914519067384602,
0.));
#11060=CARTESIAN_POINT('Ctrl Pts',(1.84074667988987,-0.914519067384602,
0.003));
#11061=CARTESIAN_POINT('Ctrl Pts',(1.84536650654311,-0.928089808178481,
0.));
#11062=CARTESIAN_POINT('Ctrl Pts',(1.84536650654311,-0.928089808178481,
0.003));
#11063=CARTESIAN_POINT('Origin',(1.35220001131022,-0.965625899736019,0.));
#11064=CARTESIAN_POINT('',(1.31655957672782,-1.01443976077166,0.));
#11065=CARTESIAN_POINT('',(1.31655957672782,-1.01443976077166,0.003));
#11066=CARTESIAN_POINT('',(1.31655957672782,-1.01443976077166,0.0015));
#11067=CARTESIAN_POINT('',(1.32736549170009,-0.99963976077166,0.003));
#11068=CARTESIAN_POINT('',(1.23814804080847,-1.12183378844854,0.003));
#11069=CARTESIAN_POINT('',(1.32736549170009,-0.99963976077166,0.));
#11070=CARTESIAN_POINT('',(1.32736549170009,-0.99963976077166,0.0015));
#11071=CARTESIAN_POINT('',(1.23814804080847,-1.12183378844854,0.));
#11072=CARTESIAN_POINT('Origin',(1.4178492106603,-0.973083769078244,0.));
#11073=CARTESIAN_POINT('',(1.51911000906919,-1.01443976077166,0.));
#11074=CARTESIAN_POINT('',(1.16644906245406,-1.01443976077166,0.));
#11075=CARTESIAN_POINT('',(1.50836896429307,-0.99963976077166,0.));
#11076=CARTESIAN_POINT('',(1.74953019372137,-0.99963976077166,0.));
#11077=CARTESIAN_POINT('',(1.48473128842491,-0.967069595565155,0.));
#11078=CARTESIAN_POINT('Origin',(1.4178492106603,-0.973083769078244,0.003));
#11079=CARTESIAN_POINT('',(1.51911000906919,-1.01443976077166,0.003));
#11080=CARTESIAN_POINT('',(1.16644906245406,-1.01443976077166,0.003));
#11081=CARTESIAN_POINT('',(1.50836896429307,-0.99963976077166,0.003));
#11082=CARTESIAN_POINT('',(1.48473128842491,-0.967069595565155,0.003));
#11083=CARTESIAN_POINT('',(1.74953019372137,-0.99963976077166,0.003));
#11084=CARTESIAN_POINT('Origin',(1.5970508239317,-1.12183378844854,0.));
#11085=CARTESIAN_POINT('',(1.51911000906919,-1.01443976077166,0.0015));
#11086=CARTESIAN_POINT('',(1.50836896429307,-0.99963976077166,0.0015));
#11087=CARTESIAN_POINT('Origin',(2.08121117678243,-0.99963976077166,0.003));
#11088=CARTESIAN_POINT('Origin',(0.915048914247815,-1.01443976077166,0.003));
#11089=CARTESIAN_POINT('Origin',(0.915048914247815,-0.89603976077166,0.003));
#11090=CARTESIAN_POINT('',(1.4079365957237,-0.89603976077166,0.003));
#11091=CARTESIAN_POINT('',(1.4079365957237,-0.89603976077166,0.));
#11092=CARTESIAN_POINT('',(1.4079365957237,-0.89603976077166,0.0015));
#11093=CARTESIAN_POINT('',(1.30203650952668,-0.89603976077166,0.003));
#11094=CARTESIAN_POINT('',(1.16644906245406,-0.89603976077166,0.003));
#11095=CARTESIAN_POINT('',(1.30203650952668,-0.89603976077166,0.));
#11096=CARTESIAN_POINT('',(1.30203650952668,-0.89603976077166,0.0015));
#11097=CARTESIAN_POINT('',(1.16644906245406,-0.89603976077166,0.));
#11098=CARTESIAN_POINT('Origin',(2.08121117678243,-0.88123976077166,0.003));
#11099=CARTESIAN_POINT('',(1.3985478457237,-0.88123976077166,0.));
#11100=CARTESIAN_POINT('',(1.3985478457237,-0.88123976077166,0.003));
#11101=CARTESIAN_POINT('',(1.3985478457237,-0.88123976077166,0.0015));
#11102=CARTESIAN_POINT('',(1.29136743322146,-0.88123976077166,0.));
#11103=CARTESIAN_POINT('',(1.74953019372137,-0.88123976077166,0.));
#11104=CARTESIAN_POINT('',(1.29136743322146,-0.88123976077166,0.003));
#11105=CARTESIAN_POINT('',(1.29136743322146,-0.88123976077166,0.0015));
#11106=CARTESIAN_POINT('',(1.74953019372137,-0.88123976077166,0.003));
#11107=CARTESIAN_POINT('Origin',(1.4178492106603,-0.973083769078244,0.003));
#11108=CARTESIAN_POINT('',(1.36086218628504,-0.821833795154066,0.003));
#11109=CARTESIAN_POINT('',(1.35220001131022,-0.965625899736019,0.003));
#11110=CARTESIAN_POINT('Origin',(1.4178492106603,-0.973083769078244,0.));
#11111=CARTESIAN_POINT('',(1.35220001131022,-0.965625899736019,0.));
#11112=CARTESIAN_POINT('',(1.36086218628504,-0.821833795154066,0.));
#11113=CARTESIAN_POINT('Origin',(1.41947623694796,-0.914230328218775,0.));
#11114=CARTESIAN_POINT('Origin',(1.24854265077825,-0.821833795154066,0.));
#11115=CARTESIAN_POINT('Origin',(1.36086218628504,-0.821833795154066,0.));
#11116=CARTESIAN_POINT('',(1.24854265077825,-0.821833795154066,0.));
#11117=CARTESIAN_POINT('',(1.36086218628504,-0.821833795154066,0.));
#11118=CARTESIAN_POINT('',(1.24854265077825,-0.821833795154066,0.));
#11119=CARTESIAN_POINT('',(1.24854265077825,-0.821833795154066,0.003));
#11120=CARTESIAN_POINT('',(1.24854265077825,-0.821833795154066,0.));
#11121=CARTESIAN_POINT('',(1.36086218628504,-0.821833795154066,0.003));
#11122=CARTESIAN_POINT('',(1.24854265077825,-0.821833795154066,0.003));
#11123=CARTESIAN_POINT('',(1.36086218628504,-0.821833795154066,0.));
#11124=CARTESIAN_POINT('Origin',(1.24854265077825,-0.821833795154066,0.));
#11125=CARTESIAN_POINT('',(1.25936020430579,-0.83683976077166,0.));
#11126=CARTESIAN_POINT('',(1.25936020430579,-0.83683976077166,0.003));
#11127=CARTESIAN_POINT('',(1.25936020430579,-0.83683976077166,0.0015));
#11128=CARTESIAN_POINT('',(1.35220001131022,-0.965625899736019,0.003));
#11129=CARTESIAN_POINT('',(1.35220001131022,-0.965625899736019,0.));
#11130=CARTESIAN_POINT('Origin',(1.4178492106603,-0.973083769078244,0.));
#11131=CARTESIAN_POINT('',(1.3703815957237,-0.83683976077166,0.));
#11132=CARTESIAN_POINT('',(1.16644906245406,-0.83683976077166,0.));
#11133=CARTESIAN_POINT('',(1.36086218628504,-0.821833795154066,0.));
#11134=CARTESIAN_POINT('Origin',(1.41947623694796,-0.914230328218775,0.));
#11135=CARTESIAN_POINT('',(1.3703815957237,-0.83683976077166,0.003));
#11136=CARTESIAN_POINT('',(1.3703815957237,-0.83683976077166,0.0015));
#11137=CARTESIAN_POINT('',(1.36086218628504,-0.821833795154066,0.003));
#11138=CARTESIAN_POINT('Origin',(1.4178492106603,-0.973083769078244,0.003));
#11139=CARTESIAN_POINT('',(1.16644906245406,-0.83683976077166,0.003));
#11140=CARTESIAN_POINT('Origin',(0.915048914247815,-0.83683976077166,0.003));
#11141=CARTESIAN_POINT('Origin',(2.08121117678243,-0.88123976077166,0.003));
#11142=CARTESIAN_POINT('',(1.22486603918042,-0.88123976077166,0.));
#11143=CARTESIAN_POINT('',(1.22486603918042,-0.88123976077166,0.003));
#11144=CARTESIAN_POINT('',(1.22486603918042,-0.88123976077166,0.0015));
#11145=CARTESIAN_POINT('',(0.915048914247815,-0.88123976077166,0.));
#11146=CARTESIAN_POINT('',(1.57558432674827,-0.88123976077166,0.));
#11147=CARTESIAN_POINT('',(0.915048914247815,-0.88123976077166,0.003));
#11148=CARTESIAN_POINT('',(0.915048914247815,-0.88123976077166,0.0015));
#11149=CARTESIAN_POINT('',(1.57558432674827,-0.88123976077166,0.003));
#11150=CARTESIAN_POINT('Origin',(1.06995747671412,-0.93334617344729,0.));
#11151=CARTESIAN_POINT('',(1.22486603918042,-0.89603976077166,0.));
#11152=CARTESIAN_POINT('',(0.915048914247815,-0.89603976077166,0.));
#11153=CARTESIAN_POINT('',(1.22486603918042,-0.89603976077166,0.));
#11154=CARTESIAN_POINT('',(0.915048914247815,-0.89603976077166,0.));
#11155=CARTESIAN_POINT('',(1.22486603918042,-0.821833795154066,0.));
#11156=CARTESIAN_POINT('Origin',(1.22486603918042,-0.89603976077166,0.));
#11157=CARTESIAN_POINT('',(1.22486603918042,-0.89603976077166,0.003));
#11158=CARTESIAN_POINT('',(1.22486603918042,-0.821833795154066,0.003));
#11159=CARTESIAN_POINT('',(1.22486603918042,-0.89603976077166,0.));
#11160=CARTESIAN_POINT('Origin',(1.12091993948262,-0.89603976077166,0.));
#11161=CARTESIAN_POINT('',(0.915048914247815,-0.89603976077166,0.003));
#11162=CARTESIAN_POINT('',(1.01899501394561,-0.89603976077166,0.003));
#11163=CARTESIAN_POINT('',(0.915048914247815,-0.89603976077166,0.));
#11164=CARTESIAN_POINT('Origin',(0.915048914247815,-0.821833795154066,0.));
#11165=CARTESIAN_POINT('',(0.915048914247815,-0.89603976077166,0.003));
#11166=CARTESIAN_POINT('Origin',(1.06995747671412,-0.93334617344729,0.003));
#11167=CARTESIAN_POINT('Origin',(1.4178492106603,-0.973083769078244,0.));
#11168=CARTESIAN_POINT('',(1.53486168872648,-0.89603976077166,0.));
#11169=CARTESIAN_POINT('',(1.43061795950932,-0.89603976077166,0.));
#11170=CARTESIAN_POINT('',(1.16644906245406,-0.89603976077166,0.));
#11171=CARTESIAN_POINT('',(1.43968295950932,-0.88123976077166,0.));
#11172=CARTESIAN_POINT('',(1.41947623694796,-0.914230328218775,0.));
#11173=CARTESIAN_POINT('',(1.54530701675829,-0.88123976077166,0.));
#11174=CARTESIAN_POINT('',(1.74953019372137,-0.88123976077166,0.));
#11175=CARTESIAN_POINT('',(1.58723369229357,-0.821833795154066,0.));
#11176=CARTESIAN_POINT('Origin',(1.48473128842491,-0.967069595565155,0.));
#11177=CARTESIAN_POINT('',(1.53486168872648,-0.89603976077166,0.003));
#11178=CARTESIAN_POINT('',(1.53486168872648,-0.89603976077166,0.0015));
#11179=CARTESIAN_POINT('',(1.54530701675829,-0.88123976077166,0.003));
#11180=CARTESIAN_POINT('',(1.54530701675829,-0.88123976077166,0.0015));
#11181=CARTESIAN_POINT('',(1.58723369229357,-0.821833795154066,0.003));
#11182=CARTESIAN_POINT('Origin',(1.4760691134501,-0.821833795154066,0.));
#11183=CARTESIAN_POINT('',(1.43061795950932,-0.89603976077166,0.003));
#11184=CARTESIAN_POINT('',(1.43061795950932,-0.89603976077166,0.0015));
#11185=CARTESIAN_POINT('',(1.43968295950932,-0.88123976077166,0.003));
#11186=CARTESIAN_POINT('',(1.41947623694796,-0.914230328218775,0.003));
#11187=CARTESIAN_POINT('',(1.43968295950932,-0.88123976077166,0.0015));
#11188=CARTESIAN_POINT('Origin',(1.4178492106603,-0.973083769078244,0.003));
#11189=CARTESIAN_POINT('',(1.16644906245406,-0.89603976077166,0.003));
#11190=CARTESIAN_POINT('',(1.74953019372137,-0.88123976077166,0.003));
#11191=CARTESIAN_POINT('Origin',(2.08121117678243,-0.88123976077166,0.003));
#11192=CARTESIAN_POINT('Origin',(0.915048914247815,-0.89603976077166,0.003));
#11193=CARTESIAN_POINT('Origin',(-0.719623014540702,-1.10599586343009,0.));
#11194=CARTESIAN_POINT('',(-0.657742136741485,-1.10599586343009,0.003));
#11195=CARTESIAN_POINT('',(-0.78150389233992,-1.10599586343009,0.003));
#11196=CARTESIAN_POINT('Origin',(-0.719623014540702,-1.10599586343009,0.003));
#11197=CARTESIAN_POINT('Origin',(-0.719623014540702,-1.10599586343009,0.003));
#11198=CARTESIAN_POINT('',(-0.78150389233992,-1.10599586343009,0.));
#11199=CARTESIAN_POINT('',(-0.78150389233992,-1.10599586343009,0.));
#11200=CARTESIAN_POINT('',(-0.657742136741485,-1.10599586343009,0.));
#11201=CARTESIAN_POINT('Origin',(-0.719623014540702,-1.10599586343009,0.));
#11202=CARTESIAN_POINT('Origin',(-0.719623014540702,-1.10599586343009,0.));
#11203=CARTESIAN_POINT('Origin',(-0.719623014540702,-1.10599586343009,0.003));
#11204=CARTESIAN_POINT('Origin',(-0.719623014540702,-1.10599586343009,0.));
#11205=CARTESIAN_POINT('',(0.,0.,0.));
#11206=CARTESIAN_POINT('Origin',(0.654342577034997,1.09740899715668,0.));
#11207=CARTESIAN_POINT('',(1.30868515406999,1.09740899715668,0.05));
#11208=CARTESIAN_POINT('',(1.30868515406999,1.14740899715668,0.));
#11209=CARTESIAN_POINT('Origin',(1.30868515406999,1.09740899715668,0.));
#11210=CARTESIAN_POINT('',(-1.30868515406999,1.14740899715668,0.));
#11211=CARTESIAN_POINT('',(1.30868515406999,1.14740899715668,0.));
#11212=CARTESIAN_POINT('',(-1.30868515406999,1.09740899715668,0.05));
#11213=CARTESIAN_POINT('Origin',(-1.30868515406999,1.09740899715668,0.));
#11214=CARTESIAN_POINT('',(0.654342577034997,1.09740899715668,0.05));
#11215=CARTESIAN_POINT('Origin',(-1.30868515406999,0.961332519052659,0.));
#11216=CARTESIAN_POINT('',(-1.494761632174,0.961332519052659,0.));
#11217=CARTESIAN_POINT('Origin',(-1.30868515406999,0.961332519052659,0.));
#11218=CARTESIAN_POINT('',(-1.44476163217403,0.961332519052659,0.05));
#11219=CARTESIAN_POINT('Origin',(-1.44476163217403,0.961332519052659,0.));
#11220=CARTESIAN_POINT('Origin',(-1.30868515406999,0.961332519052659,0.05));
#11221=CARTESIAN_POINT('Origin',(-1.444761632174,0.48066625952633,0.));
#11222=CARTESIAN_POINT('',(-1.494761632174,-0.961332519052659,0.));
#11223=CARTESIAN_POINT('',(-1.494761632174,0.961332519052659,0.));
#11224=CARTESIAN_POINT('',(-1.444761632174,-0.961332519052659,0.05));
#11225=CARTESIAN_POINT('Origin',(-1.444761632174,-0.961332519052659,0.));
#11226=CARTESIAN_POINT('',(-1.444761632174,0.48066625952633,0.05));
#11227=CARTESIAN_POINT('Origin',(-1.30868515406999,-0.961332519052659,0.));
#11228=CARTESIAN_POINT('',(-1.30868515406999,-1.14740899715668,0.));
#11229=CARTESIAN_POINT('Origin',(-1.30868515406999,-0.961332519052659,0.));
#11230=CARTESIAN_POINT('',(-1.30868515406999,-1.09740899715669,0.05));
#11231=CARTESIAN_POINT('Origin',(-1.30868515406999,-1.09740899715669,0.));
#11232=CARTESIAN_POINT('Origin',(-1.30868515406999,-0.961332519052659,0.05));
#11233=CARTESIAN_POINT('Origin',(-0.654342577034997,-1.09740899715668,0.));
#11234=CARTESIAN_POINT('',(1.30868515406999,-1.14740899715668,0.));
#11235=CARTESIAN_POINT('',(-1.30868515406999,-1.14740899715668,0.));
#11236=CARTESIAN_POINT('',(1.30868515406999,-1.09740899715668,0.05));
#11237=CARTESIAN_POINT('Origin',(1.30868515406999,-1.09740899715668,0.));
#11238=CARTESIAN_POINT('',(-0.654342577034997,-1.09740899715668,0.05));
#11239=CARTESIAN_POINT('Origin',(1.30868515406999,-0.961332519052659,0.));
#11240=CARTESIAN_POINT('',(1.494761632174,-0.961332519052659,0.));
#11241=CARTESIAN_POINT('Origin',(1.30868515406999,-0.961332519052659,0.));
#11242=CARTESIAN_POINT('',(1.44476163217403,-0.961332519052659,0.05));
#11243=CARTESIAN_POINT('Origin',(1.44476163217403,-0.961332519052659,0.));
#11244=CARTESIAN_POINT('Origin',(1.30868515406999,-0.961332519052659,0.05));
#11245=CARTESIAN_POINT('Origin',(1.444761632174,-0.480666259526329,0.));
#11246=CARTESIAN_POINT('',(1.494761632174,0.961332519052659,0.));
#11247=CARTESIAN_POINT('',(1.494761632174,-0.961332519052659,0.));
#11248=CARTESIAN_POINT('',(1.444761632174,0.961332519052659,0.05));
#11249=CARTESIAN_POINT('Origin',(1.444761632174,0.961332519052659,0.));
#11250=CARTESIAN_POINT('',(1.444761632174,-0.480666259526329,0.05));
#11251=CARTESIAN_POINT('Origin',(1.30868515406999,0.961332519052659,0.));
#11252=CARTESIAN_POINT('Origin',(1.30868515406999,0.961332519052659,0.));
#11253=CARTESIAN_POINT('Origin',(1.30868515406999,0.961332519052659,0.05));
#11254=CARTESIAN_POINT('Origin',(0.,4.16333634234434E-16,0.05));
#11255=CARTESIAN_POINT('Origin',(0.,4.16333634234434E-16,0.));
#11256=CARTESIAN_POINT('',(0.,0.,0.));
#11257=CARTESIAN_POINT('',(0.,0.,0.));
#11258=CARTESIAN_POINT('',(0.,0.,0.7));
#11259=CARTESIAN_POINT('',(-0.589062139529293,0.144663344377427,0.8));
#11260=CARTESIAN_POINT('',(-6.93889390390723E-17,-4.33680868994202E-16,
0.75));
#11261=UNCERTAINTY_MEASURE_WITH_UNIT(LENGTH_MEASURE(0.01),#11275,
'DISTANCE_ACCURACY_VALUE',
'Maximum model space distance between geometric entities at asserted c
onnectivities');
#11262=UNCERTAINTY_MEASURE_WITH_UNIT(LENGTH_MEASURE(0.01),#11275,
'DISTANCE_ACCURACY_VALUE',
'Maximum model space distance between geometric entities at asserted c
onnectivities');
#11263=UNCERTAINTY_MEASURE_WITH_UNIT(LENGTH_MEASURE(0.01),#11275,
'DISTANCE_ACCURACY_VALUE',
'Maximum model space distance between geometric entities at asserted c
onnectivities');
#11264=UNCERTAINTY_MEASURE_WITH_UNIT(LENGTH_MEASURE(0.01),#11275,
'DISTANCE_ACCURACY_VALUE',
'Maximum model space distance between geometric entities at asserted c
onnectivities');
#11265=UNCERTAINTY_MEASURE_WITH_UNIT(LENGTH_MEASURE(0.01),#11275,
'DISTANCE_ACCURACY_VALUE',
'Maximum model space distance between geometric entities at asserted c
onnectivities');
#11266=UNCERTAINTY_MEASURE_WITH_UNIT(LENGTH_MEASURE(0.01),#11275,
'DISTANCE_ACCURACY_VALUE',
'Maximum model space distance between geometric entities at asserted c
onnectivities');
#11267=UNCERTAINTY_MEASURE_WITH_UNIT(LENGTH_MEASURE(0.01),#11275,
'DISTANCE_ACCURACY_VALUE',
'Maximum model space distance between geometric entities at asserted c
onnectivities');
#11268=(
GEOMETRIC_REPRESENTATION_CONTEXT(3)
GLOBAL_UNCERTAINTY_ASSIGNED_CONTEXT((#11261))
GLOBAL_UNIT_ASSIGNED_CONTEXT((#11275,#11277,#11278))
REPRESENTATION_CONTEXT('','3D')
);
#11269=(
GEOMETRIC_REPRESENTATION_CONTEXT(3)
GLOBAL_UNCERTAINTY_ASSIGNED_CONTEXT((#11262))
GLOBAL_UNIT_ASSIGNED_CONTEXT((#11275,#11277,#11278))
REPRESENTATION_CONTEXT('','3D')
);
#11270=(
GEOMETRIC_REPRESENTATION_CONTEXT(3)
GLOBAL_UNCERTAINTY_ASSIGNED_CONTEXT((#11263))
GLOBAL_UNIT_ASSIGNED_CONTEXT((#11275,#11277,#11278))
REPRESENTATION_CONTEXT('','3D')
);
#11271=(
GEOMETRIC_REPRESENTATION_CONTEXT(3)
GLOBAL_UNCERTAINTY_ASSIGNED_CONTEXT((#11264))
GLOBAL_UNIT_ASSIGNED_CONTEXT((#11275,#11277,#11278))
REPRESENTATION_CONTEXT('','3D')
);
#11272=(
GEOMETRIC_REPRESENTATION_CONTEXT(3)
GLOBAL_UNCERTAINTY_ASSIGNED_CONTEXT((#11265))
GLOBAL_UNIT_ASSIGNED_CONTEXT((#11275,#11277,#11278))
REPRESENTATION_CONTEXT('','3D')
);
#11273=(
GEOMETRIC_REPRESENTATION_CONTEXT(3)
GLOBAL_UNCERTAINTY_ASSIGNED_CONTEXT((#11266))
GLOBAL_UNIT_ASSIGNED_CONTEXT((#11275,#11277,#11278))
REPRESENTATION_CONTEXT('','3D')
);
#11274=(
GEOMETRIC_REPRESENTATION_CONTEXT(3)
GLOBAL_UNCERTAINTY_ASSIGNED_CONTEXT((#11267))
GLOBAL_UNIT_ASSIGNED_CONTEXT((#11275,#11277,#11278))
REPRESENTATION_CONTEXT('','3D')
);
#11275=(
LENGTH_UNIT()
NAMED_UNIT(*)
SI_UNIT(.MILLI.,.METRE.)
);
#11276=(
LENGTH_UNIT()
NAMED_UNIT(*)
SI_UNIT(.CENTI.,.METRE.)
);
#11277=(
NAMED_UNIT(*)
PLANE_ANGLE_UNIT()
SI_UNIT($,.RADIAN.)
);
#11278=(
NAMED_UNIT(*)
SI_UNIT($,.STERADIAN.)
SOLID_ANGLE_UNIT()
);
#11279=SHAPE_DEFINITION_REPRESENTATION(#11285,#11296);
#11280=SHAPE_DEFINITION_REPRESENTATION(#11286,#11297);
#11281=SHAPE_DEFINITION_REPRESENTATION(#11287,#11298);
#11282=SHAPE_DEFINITION_REPRESENTATION(#11288,#11299);
#11283=SHAPE_DEFINITION_REPRESENTATION(#11289,#11300);
#11284=SHAPE_DEFINITION_REPRESENTATION(#11290,#11301);
#11285=PRODUCT_DEFINITION_SHAPE('',$,#11303);
#11286=PRODUCT_DEFINITION_SHAPE('',$,#11304);
#11287=PRODUCT_DEFINITION_SHAPE('',$,#11305);
#11288=PRODUCT_DEFINITION_SHAPE('',$,#11306);
#11289=PRODUCT_DEFINITION_SHAPE('',$,#11307);
#11290=PRODUCT_DEFINITION_SHAPE('',$,#11308);
#11291=PRODUCT_DEFINITION_SHAPE($,$,#26);
#11292=PRODUCT_DEFINITION_SHAPE($,$,#27);
#11293=PRODUCT_DEFINITION_SHAPE($,$,#28);
#11294=PRODUCT_DEFINITION_SHAPE($,$,#29);
#11295=PRODUCT_DEFINITION_SHAPE($,$,#30);
#11296=SHAPE_REPRESENTATION('',(#6623,#7110,#7111,#7112,#7113,#7114),#11268);
#11297=SHAPE_REPRESENTATION('',(#6624),#11269);
#11298=SHAPE_REPRESENTATION('',(#6752),#11270);
#11299=SHAPE_REPRESENTATION('',(#6822),#11271);
#11300=SHAPE_REPRESENTATION('',(#6841),#11272);
#11301=SHAPE_REPRESENTATION('',(#7083),#11273);
#11302=PRODUCT_DEFINITION_CONTEXT('part definition',#11322,'design');
#11303=PRODUCT_DEFINITION('TXC 7A-10.000MAAE-T','TXC 7M-12.000MAAE-T',#11309,
#11302);
#11304=PRODUCT_DEFINITION('body','body',#11310,#11302);
#11305=PRODUCT_DEFINITION('terminal','terminal',#11311,#11302);
#11306=PRODUCT_DEFINITION('top','top',#11312,#11302);
#11307=PRODUCT_DEFINITION('logo','logo',#11313,#11302);
#11308=PRODUCT_DEFINITION('top al','top al',#11314,#11302);
#11309=PRODUCT_DEFINITION_FORMATION('',$,#11324);
#11310=PRODUCT_DEFINITION_FORMATION('',$,#11325);
#11311=PRODUCT_DEFINITION_FORMATION('',$,#11326);
#11312=PRODUCT_DEFINITION_FORMATION('',$,#11327);
#11313=PRODUCT_DEFINITION_FORMATION('',$,#11328);
#11314=PRODUCT_DEFINITION_FORMATION('',$,#11329);
#11315=PRODUCT_RELATED_PRODUCT_CATEGORY('TXC 7M-12.000MAAE-T',
'TXC 7M-12.000MAAE-T',(#11324));
#11316=PRODUCT_RELATED_PRODUCT_CATEGORY('body','body',(#11325));
#11317=PRODUCT_RELATED_PRODUCT_CATEGORY('terminal','terminal',(#11326));
#11318=PRODUCT_RELATED_PRODUCT_CATEGORY('top','top',(#11327));
#11319=PRODUCT_RELATED_PRODUCT_CATEGORY('logo','logo',(#11328));
#11320=PRODUCT_RELATED_PRODUCT_CATEGORY('top al','top al',(#11329));
#11321=APPLICATION_PROTOCOL_DEFINITION('international standard',
'automotive_design',2009,#11322);
#11322=APPLICATION_CONTEXT(
'Core Data for Automotive Mechanical Design Process');
#11323=PRODUCT_CONTEXT('part definition',#11322,'mechanical');
#11324=PRODUCT('TXC 7A-10.000MAAE-T','TXC 7M-12.000MAAE-T',$,(#11323));
#11325=PRODUCT('body','body',$,(#11323));
#11326=PRODUCT('terminal','terminal',$,(#11323));
#11327=PRODUCT('top','top',$,(#11323));
#11328=PRODUCT('logo','logo',$,(#11323));
#11329=PRODUCT('top al','top al',$,(#11323));
ENDSEC;
END-ISO-10303-21;
