ISO-10303-21;
HEADER;
/* Generated by software containing ST-Developer
 * from STEP Tools, Inc. (www.steptools.com) 
 */

FILE_DESCRIPTION(
/* description */ (''),
/* implementation_level */ '2;1');

FILE_NAME(
/* name */ 'I:\\KH_3D_lib\\FTDI\\QFN 64 9x9 x 0.9\\1.stp',
/* time_stamp */ '2020-04-18T12:09:29+02:00',
/* author */ ('Khaled'),
/* organization */ (''),
/* preprocessor_version */ 'ST-DEVELOPER v17.2',
/* originating_system */ 'Autodesk Inventor 2019',
/* authorisation */ '');

FILE_SCHEMA (('AUTOMOTIVE_DESIGN { 1 0 10303 214 3 1 1 }'));
ENDSEC;

DATA;
#10=MECHANICAL_DESIGN_GEOMETRIC_PRESENTATION_REPRESENTATION('',(#74,#75,
#76,#77,#78,#79,#80,#81,#82,#83,#84,#85,#86,#87,#88,#89,#90,#91,#92,#93,
#94,#95,#96,#97,#98,#99,#100,#101,#102,#103,#104,#105,#106,#107,#108,#109,
#110,#111,#112,#113,#114,#115,#116,#117,#118,#119,#120,#121,#122,#123,#124,
#125,#126,#127,#128,#129,#130,#131,#132,#133,#134,#135,#136,#137,#138,#139,
#140,#141,#142,#143),#12464);
#11=ITEM_DEFINED_TRANSFORMATION($,$,#7566,#8172);
#12=ITEM_DEFINED_TRANSFORMATION($,$,#7601,#8173);
#13=ITEM_DEFINED_TRANSFORMATION($,$,#8121,#8174);
#14=ITEM_DEFINED_TRANSFORMATION($,$,#8127,#8175);
#15=(
REPRESENTATION_RELATIONSHIP($,$,#12484,#12483)
REPRESENTATION_RELATIONSHIP_WITH_TRANSFORMATION(#11)
SHAPE_REPRESENTATION_RELATIONSHIP()
);
#16=(
REPRESENTATION_RELATIONSHIP($,$,#12485,#12483)
REPRESENTATION_RELATIONSHIP_WITH_TRANSFORMATION(#12)
SHAPE_REPRESENTATION_RELATIONSHIP()
);
#17=(
REPRESENTATION_RELATIONSHIP($,$,#12486,#12483)
REPRESENTATION_RELATIONSHIP_WITH_TRANSFORMATION(#13)
SHAPE_REPRESENTATION_RELATIONSHIP()
);
#18=(
REPRESENTATION_RELATIONSHIP($,$,#12487,#12483)
REPRESENTATION_RELATIONSHIP_WITH_TRANSFORMATION(#14)
SHAPE_REPRESENTATION_RELATIONSHIP()
);
#19=CONTEXT_DEPENDENT_SHAPE_REPRESENTATION(#15,#12479);
#20=CONTEXT_DEPENDENT_SHAPE_REPRESENTATION(#16,#12480);
#21=CONTEXT_DEPENDENT_SHAPE_REPRESENTATION(#17,#12481);
#22=CONTEXT_DEPENDENT_SHAPE_REPRESENTATION(#18,#12482);
#23=NEXT_ASSEMBLY_USAGE_OCCURRENCE('1:1','1:1','1:1',#12489,#12490,
'1:1');
#24=NEXT_ASSEMBLY_USAGE_OCCURRENCE('2:1','2:1','2:1',#12489,#12491,
'2:1');
#25=NEXT_ASSEMBLY_USAGE_OCCURRENCE('circle:1','circle:1','circle:1',#12489,
#12492,'circle:1');
#26=NEXT_ASSEMBLY_USAGE_OCCURRENCE('FTDI:1','FTDI:1','FTDI:1',#12489,#12493,
'FTDI:1');
#27=FACE_BOUND('',#3189,.T.);
#28=FACE_BOUND('',#3191,.T.);
#29=B_SPLINE_SURFACE_WITH_KNOTS('',2,1,((#12038,#12039),(#12040,#12041),
(#12042,#12043),(#12044,#12045)),.UNSPECIFIED.,.F.,.F.,.F.,(3,1,3),(2,2),
(-2.,-1.,0.),(0.,0.0003),.UNSPECIFIED.);
#30=B_SPLINE_SURFACE_WITH_KNOTS('',2,1,((#12096,#12097),(#12098,#12099),
(#12100,#12101),(#12102,#12103)),.UNSPECIFIED.,.F.,.F.,.F.,(3,1,3),(2,2),
(-2.,-1.,0.),(0.,0.0003),.UNSPECIFIED.);
#31=B_SPLINE_SURFACE_WITH_KNOTS('',2,1,((#12154,#12155),(#12156,#12157),
(#12158,#12159),(#12160,#12161)),.UNSPECIFIED.,.F.,.F.,.F.,(3,1,3),(2,2),
(-2.,-1.,0.),(0.,0.0003),.UNSPECIFIED.);
#32=B_SPLINE_SURFACE_WITH_KNOTS('',2,1,((#12168,#12169),(#12170,#12171),
(#12172,#12173),(#12174,#12175)),.UNSPECIFIED.,.F.,.F.,.F.,(3,1,3),(2,2),
(-2.,-1.,0.),(0.,0.0003),.UNSPECIFIED.);
#33=B_SPLINE_SURFACE_WITH_KNOTS('',2,1,((#12185,#12186),(#12187,#12188),
(#12189,#12190),(#12191,#12192)),.UNSPECIFIED.,.F.,.F.,.F.,(3,1,3),(2,2),
(0.,1.,2.),(0.,0.0003),.UNSPECIFIED.);
#34=B_SPLINE_SURFACE_WITH_KNOTS('',2,1,((#12207,#12208),(#12209,#12210),
(#12211,#12212),(#12213,#12214)),.UNSPECIFIED.,.F.,.F.,.F.,(3,1,3),(2,2),
(0.,1.,2.),(0.,0.0003),.UNSPECIFIED.);
#35=B_SPLINE_SURFACE_WITH_KNOTS('',2,1,((#12244,#12245),(#12246,#12247),
(#12248,#12249),(#12250,#12251)),.UNSPECIFIED.,.F.,.F.,.F.,(3,1,3),(2,2),
(0.,1.,2.),(0.,0.0003),.UNSPECIFIED.);
#36=B_SPLINE_SURFACE_WITH_KNOTS('',2,1,((#12263,#12264),(#12265,#12266),
(#12267,#12268),(#12269,#12270)),.UNSPECIFIED.,.F.,.F.,.F.,(3,1,3),(2,2),
(0.,1.,2.),(0.,0.0003),.UNSPECIFIED.);
#37=B_SPLINE_SURFACE_WITH_KNOTS('',2,1,((#12279,#12280),(#12281,#12282),
(#12283,#12284),(#12285,#12286)),.UNSPECIFIED.,.F.,.F.,.F.,(3,1,3),(2,2),
(-2.,-1.,0.),(0.,0.0003),.UNSPECIFIED.);
#38=B_SPLINE_SURFACE_WITH_KNOTS('',2,1,((#12319,#12320),(#12321,#12322),
(#12323,#12324),(#12325,#12326)),.UNSPECIFIED.,.F.,.F.,.F.,(3,1,3),(2,2),
(-2.,-1.,0.),(0.,0.0003),.UNSPECIFIED.);
#39=B_SPLINE_SURFACE_WITH_KNOTS('',2,1,((#12338,#12339),(#12340,#12341),
(#12342,#12343),(#12344,#12345)),.UNSPECIFIED.,.F.,.F.,.F.,(3,1,3),(2,2),
(-2.,-1.,0.),(0.,0.0003),.UNSPECIFIED.);
#40=B_SPLINE_SURFACE_WITH_KNOTS('',2,1,((#12357,#12358),(#12359,#12360),
(#12361,#12362),(#12363,#12364)),.UNSPECIFIED.,.F.,.F.,.F.,(3,1,3),(2,2),
(-2.,-1.,0.),(0.,0.0003),.UNSPECIFIED.);
#41=B_SPLINE_CURVE_WITH_KNOTS('',3,(#12003,#12004,#12005,#12006,#12007,
#12008),.UNSPECIFIED.,.F.,.F.,(4,2,4),(-0.0003,-0.00015,0.),
 .UNSPECIFIED.);
#42=B_SPLINE_CURVE_WITH_KNOTS('',2,(#12047,#12048,#12049,#12050),
 .UNSPECIFIED.,.F.,.F.,(3,1,3),(-2.,-1.,-0.735258783578308),
 .UNSPECIFIED.);
#43=B_SPLINE_CURVE_WITH_KNOTS('',2,(#12053,#12054,#12055,#12056),
 .UNSPECIFIED.,.F.,.F.,(3,1,3),(0.735258783578308,1.,2.),.UNSPECIFIED.);
#44=B_SPLINE_CURVE_WITH_KNOTS('',2,(#12061,#12062,#12063,#12064),
 .UNSPECIFIED.,.F.,.F.,(3,1,3),(-2.,-1.,0.),.UNSPECIFIED.);
#45=B_SPLINE_CURVE_WITH_KNOTS('',2,(#12066,#12067,#12068,#12069),
 .UNSPECIFIED.,.F.,.F.,(3,1,3),(-2.,-1.,0.),.UNSPECIFIED.);
#46=B_SPLINE_CURVE_WITH_KNOTS('',2,(#12092,#12093,#12094,#12095),
 .UNSPECIFIED.,.F.,.F.,(3,1,3),(-2.,-1.,0.),.UNSPECIFIED.);
#47=B_SPLINE_CURVE_WITH_KNOTS('',2,(#12105,#12106,#12107,#12108),
 .UNSPECIFIED.,.F.,.F.,(3,1,3),(0.,1.,2.),.UNSPECIFIED.);
#48=B_SPLINE_CURVE_WITH_KNOTS('',2,(#12163,#12164,#12165,#12166),
 .UNSPECIFIED.,.F.,.F.,(3,1,3),(0.,1.,2.),.UNSPECIFIED.);
#49=B_SPLINE_CURVE_WITH_KNOTS('',2,(#12177,#12178,#12179,#12180),
 .UNSPECIFIED.,.F.,.F.,(3,1,3),(0.,1.,2.),.UNSPECIFIED.);
#50=B_SPLINE_CURVE_WITH_KNOTS('',2,(#12195,#12196,#12197,#12198),
 .UNSPECIFIED.,.F.,.F.,(3,1,3),(0.,1.,2.),.UNSPECIFIED.);
#51=B_SPLINE_CURVE_WITH_KNOTS('',2,(#12202,#12203,#12204,#12205),
 .UNSPECIFIED.,.F.,.F.,(3,1,3),(-2.,-1.,0.),.UNSPECIFIED.);
#52=B_SPLINE_CURVE_WITH_KNOTS('',2,(#12216,#12217,#12218,#12219),
 .UNSPECIFIED.,.F.,.F.,(3,1,3),(0.,1.,2.),.UNSPECIFIED.);
#53=B_SPLINE_CURVE_WITH_KNOTS('',2,(#12222,#12223,#12224,#12225),
 .UNSPECIFIED.,.F.,.F.,(3,1,3),(-2.,-1.,0.),.UNSPECIFIED.);
#54=B_SPLINE_CURVE_WITH_KNOTS('',2,(#12253,#12254,#12255,#12256),
 .UNSPECIFIED.,.F.,.F.,(3,1,3),(0.,1.,2.),.UNSPECIFIED.);
#55=B_SPLINE_CURVE_WITH_KNOTS('',2,(#12259,#12260,#12261,#12262),
 .UNSPECIFIED.,.F.,.F.,(3,1,3),(-2.,-1.,0.),.UNSPECIFIED.);
#56=B_SPLINE_CURVE_WITH_KNOTS('',2,(#12271,#12272,#12273,#12274),
 .UNSPECIFIED.,.F.,.F.,(3,1,3),(0.,1.,2.),.UNSPECIFIED.);
#57=B_SPLINE_CURVE_WITH_KNOTS('',2,(#12275,#12276,#12277,#12278),
 .UNSPECIFIED.,.F.,.F.,(3,1,3),(-2.,-1.,0.),.UNSPECIFIED.);
#58=B_SPLINE_CURVE_WITH_KNOTS('',2,(#12289,#12290,#12291,#12292),
 .UNSPECIFIED.,.F.,.F.,(3,1,3),(0.,1.,2.),.UNSPECIFIED.);
#59=B_SPLINE_CURVE_WITH_KNOTS('',2,(#12296,#12297,#12298,#12299),
 .UNSPECIFIED.,.F.,.F.,(3,1,3),(-2.,-1.,0.),.UNSPECIFIED.);
#60=B_SPLINE_CURVE_WITH_KNOTS('',2,(#12328,#12329,#12330,#12331),
 .UNSPECIFIED.,.F.,.F.,(3,1,3),(0.,1.,2.),.UNSPECIFIED.);
#61=B_SPLINE_CURVE_WITH_KNOTS('',2,(#12333,#12334,#12335,#12336),
 .UNSPECIFIED.,.F.,.F.,(3,1,3),(-2.,-1.,0.),.UNSPECIFIED.);
#62=B_SPLINE_CURVE_WITH_KNOTS('',2,(#12347,#12348,#12349,#12350),
 .UNSPECIFIED.,.F.,.F.,(3,1,3),(0.,1.,2.),.UNSPECIFIED.);
#63=B_SPLINE_CURVE_WITH_KNOTS('',2,(#12352,#12353,#12354,#12355),
 .UNSPECIFIED.,.F.,.F.,(3,1,3),(-2.,-1.,0.),.UNSPECIFIED.);
#64=B_SPLINE_CURVE_WITH_KNOTS('',2,(#12365,#12366,#12367,#12368),
 .UNSPECIFIED.,.F.,.F.,(3,1,3),(0.,1.,2.),.UNSPECIFIED.);
#65=B_SPLINE_CURVE_WITH_KNOTS('',2,(#12369,#12370,#12371,#12372),
 .UNSPECIFIED.,.F.,.F.,(3,1,3),(-2.,-1.,0.),.UNSPECIFIED.);
#66=SHAPE_REPRESENTATION_RELATIONSHIP('SRR','None',#12484,#70);
#67=SHAPE_REPRESENTATION_RELATIONSHIP('SRR','None',#12485,#71);
#68=SHAPE_REPRESENTATION_RELATIONSHIP('SRR','None',#12486,#72);
#69=SHAPE_REPRESENTATION_RELATIONSHIP('SRR','None',#12487,#73);
#70=ADVANCED_BREP_SHAPE_REPRESENTATION('',(#144),#12460);
#71=ADVANCED_BREP_SHAPE_REPRESENTATION('',(#145,#146,#147,#148,#149,#150,
#151,#152,#153,#154,#155,#156,#157,#158,#159,#160,#161,#162,#163,#164,#165,
#166,#167,#168,#169,#170,#171,#172,#173,#174,#175,#176,#177,#178,#179,#180,
#181,#182,#183,#184,#185,#186,#187,#188,#189,#190,#191,#192,#193,#194,#195,
#196,#197,#198,#199,#200,#201,#202,#203,#204,#205,#206,#207,#208,#209),
#12461);
#72=ADVANCED_BREP_SHAPE_REPRESENTATION('',(#210),#12462);
#73=ADVANCED_BREP_SHAPE_REPRESENTATION('',(#211,#212,#213),#12463);
#74=STYLED_ITEM('',(#7499),#144);
#75=STYLED_ITEM('',(#7500),#145);
#76=STYLED_ITEM('',(#7500),#146);
#77=STYLED_ITEM('',(#7500),#147);
#78=STYLED_ITEM('',(#7500),#148);
#79=STYLED_ITEM('',(#7500),#149);
#80=STYLED_ITEM('',(#7500),#150);
#81=STYLED_ITEM('',(#7500),#151);
#82=STYLED_ITEM('',(#7500),#152);
#83=STYLED_ITEM('',(#7500),#153);
#84=STYLED_ITEM('',(#7500),#154);
#85=STYLED_ITEM('',(#7500),#155);
#86=STYLED_ITEM('',(#7500),#156);
#87=STYLED_ITEM('',(#7500),#157);
#88=STYLED_ITEM('',(#7500),#158);
#89=STYLED_ITEM('',(#7500),#159);
#90=STYLED_ITEM('',(#7500),#160);
#91=STYLED_ITEM('',(#7500),#161);
#92=STYLED_ITEM('',(#7500),#162);
#93=STYLED_ITEM('',(#7500),#163);
#94=STYLED_ITEM('',(#7500),#164);
#95=STYLED_ITEM('',(#7500),#165);
#96=STYLED_ITEM('',(#7500),#166);
#97=STYLED_ITEM('',(#7500),#167);
#98=STYLED_ITEM('',(#7500),#168);
#99=STYLED_ITEM('',(#7500),#169);
#100=STYLED_ITEM('',(#7500),#170);
#101=STYLED_ITEM('',(#7500),#171);
#102=STYLED_ITEM('',(#7500),#172);
#103=STYLED_ITEM('',(#7500),#173);
#104=STYLED_ITEM('',(#7500),#174);
#105=STYLED_ITEM('',(#7500),#175);
#106=STYLED_ITEM('',(#7500),#176);
#107=STYLED_ITEM('',(#7500),#177);
#108=STYLED_ITEM('',(#7500),#178);
#109=STYLED_ITEM('',(#7500),#179);
#110=STYLED_ITEM('',(#7500),#180);
#111=STYLED_ITEM('',(#7500),#181);
#112=STYLED_ITEM('',(#7500),#182);
#113=STYLED_ITEM('',(#7500),#183);
#114=STYLED_ITEM('',(#7500),#184);
#115=STYLED_ITEM('',(#7500),#185);
#116=STYLED_ITEM('',(#7500),#186);
#117=STYLED_ITEM('',(#7500),#187);
#118=STYLED_ITEM('',(#7500),#188);
#119=STYLED_ITEM('',(#7500),#189);
#120=STYLED_ITEM('',(#7500),#190);
#121=STYLED_ITEM('',(#7500),#191);
#122=STYLED_ITEM('',(#7500),#192);
#123=STYLED_ITEM('',(#7500),#193);
#124=STYLED_ITEM('',(#7500),#194);
#125=STYLED_ITEM('',(#7500),#195);
#126=STYLED_ITEM('',(#7500),#196);
#127=STYLED_ITEM('',(#7500),#197);
#128=STYLED_ITEM('',(#7500),#198);
#129=STYLED_ITEM('',(#7500),#199);
#130=STYLED_ITEM('',(#7500),#200);
#131=STYLED_ITEM('',(#7500),#201);
#132=STYLED_ITEM('',(#7500),#202);
#133=STYLED_ITEM('',(#7500),#203);
#134=STYLED_ITEM('',(#7500),#204);
#135=STYLED_ITEM('',(#7500),#205);
#136=STYLED_ITEM('',(#7500),#206);
#137=STYLED_ITEM('',(#7500),#207);
#138=STYLED_ITEM('',(#7500),#208);
#139=STYLED_ITEM('',(#7500),#209);
#140=STYLED_ITEM('',(#7501),#210);
#141=STYLED_ITEM('',(#7502),#211);
#142=STYLED_ITEM('',(#7502),#212);
#143=STYLED_ITEM('',(#7502),#213);
#144=MANIFOLD_SOLID_BREP('Solid1',#7384);
#145=MANIFOLD_SOLID_BREP('Solid1',#7385);
#146=MANIFOLD_SOLID_BREP('Solid1',#7386);
#147=MANIFOLD_SOLID_BREP('Solid1',#7387);
#148=MANIFOLD_SOLID_BREP('Solid1',#7388);
#149=MANIFOLD_SOLID_BREP('Solid1',#7389);
#150=MANIFOLD_SOLID_BREP('Solid1',#7390);
#151=MANIFOLD_SOLID_BREP('Solid1',#7391);
#152=MANIFOLD_SOLID_BREP('Solid1',#7392);
#153=MANIFOLD_SOLID_BREP('Solid1',#7393);
#154=MANIFOLD_SOLID_BREP('Solid1',#7394);
#155=MANIFOLD_SOLID_BREP('Solid1',#7395);
#156=MANIFOLD_SOLID_BREP('Solid1',#7396);
#157=MANIFOLD_SOLID_BREP('Solid1',#7397);
#158=MANIFOLD_SOLID_BREP('Solid1',#7398);
#159=MANIFOLD_SOLID_BREP('Solid1',#7399);
#160=MANIFOLD_SOLID_BREP('Solid1',#7400);
#161=MANIFOLD_SOLID_BREP('Solid1',#7401);
#162=MANIFOLD_SOLID_BREP('Solid1',#7402);
#163=MANIFOLD_SOLID_BREP('Solid1',#7403);
#164=MANIFOLD_SOLID_BREP('Solid1',#7404);
#165=MANIFOLD_SOLID_BREP('Solid1',#7405);
#166=MANIFOLD_SOLID_BREP('Solid1',#7406);
#167=MANIFOLD_SOLID_BREP('Solid1',#7407);
#168=MANIFOLD_SOLID_BREP('Solid1',#7408);
#169=MANIFOLD_SOLID_BREP('Solid1',#7409);
#170=MANIFOLD_SOLID_BREP('Solid1',#7410);
#171=MANIFOLD_SOLID_BREP('Solid1',#7411);
#172=MANIFOLD_SOLID_BREP('Solid1',#7412);
#173=MANIFOLD_SOLID_BREP('Solid1',#7413);
#174=MANIFOLD_SOLID_BREP('Solid1',#7414);
#175=MANIFOLD_SOLID_BREP('Solid1',#7415);
#176=MANIFOLD_SOLID_BREP('Solid1',#7416);
#177=MANIFOLD_SOLID_BREP('Solid1',#7417);
#178=MANIFOLD_SOLID_BREP('Solid1',#7418);
#179=MANIFOLD_SOLID_BREP('Solid1',#7419);
#180=MANIFOLD_SOLID_BREP('Solid1',#7420);
#181=MANIFOLD_SOLID_BREP('Solid1',#7421);
#182=MANIFOLD_SOLID_BREP('Solid1',#7422);
#183=MANIFOLD_SOLID_BREP('Solid1',#7423);
#184=MANIFOLD_SOLID_BREP('Solid1',#7424);
#185=MANIFOLD_SOLID_BREP('Solid1',#7425);
#186=MANIFOLD_SOLID_BREP('Solid1',#7426);
#187=MANIFOLD_SOLID_BREP('Solid1',#7427);
#188=MANIFOLD_SOLID_BREP('Solid1',#7428);
#189=MANIFOLD_SOLID_BREP('Solid1',#7429);
#190=MANIFOLD_SOLID_BREP('Solid1',#7430);
#191=MANIFOLD_SOLID_BREP('Solid1',#7431);
#192=MANIFOLD_SOLID_BREP('Solid1',#7432);
#193=MANIFOLD_SOLID_BREP('Solid1',#7433);
#194=MANIFOLD_SOLID_BREP('Solid1',#7434);
#195=MANIFOLD_SOLID_BREP('Solid1',#7435);
#196=MANIFOLD_SOLID_BREP('Solid1',#7436);
#197=MANIFOLD_SOLID_BREP('Solid1',#7437);
#198=MANIFOLD_SOLID_BREP('Solid1',#7438);
#199=MANIFOLD_SOLID_BREP('Solid1',#7439);
#200=MANIFOLD_SOLID_BREP('Solid1',#7440);
#201=MANIFOLD_SOLID_BREP('Solid1',#7441);
#202=MANIFOLD_SOLID_BREP('Solid1',#7442);
#203=MANIFOLD_SOLID_BREP('Solid1',#7443);
#204=MANIFOLD_SOLID_BREP('Solid1',#7444);
#205=MANIFOLD_SOLID_BREP('Solid1',#7445);
#206=MANIFOLD_SOLID_BREP('Solid1',#7446);
#207=MANIFOLD_SOLID_BREP('Solid1',#7447);
#208=MANIFOLD_SOLID_BREP('Solid1',#7448);
#209=MANIFOLD_SOLID_BREP('Solid1',#7449);
#210=MANIFOLD_SOLID_BREP('Solid1',#7450);
#211=MANIFOLD_SOLID_BREP('Solid1',#7451);
#212=MANIFOLD_SOLID_BREP('Solid1',#7452);
#213=MANIFOLD_SOLID_BREP('Solid1',#7453);
#214=PLANE('',#7595);
#215=PLANE('',#7596);
#216=PLANE('',#7597);
#217=PLANE('',#7598);
#218=PLANE('',#7599);
#219=PLANE('',#7600);
#220=PLANE('',#7602);
#221=PLANE('',#7603);
#222=PLANE('',#7604);
#223=PLANE('',#7605);
#224=PLANE('',#7606);
#225=PLANE('',#7607);
#226=PLANE('',#7608);
#227=PLANE('',#7609);
#228=PLANE('',#7610);
#229=PLANE('',#7611);
#230=PLANE('',#7612);
#231=PLANE('',#7614);
#232=PLANE('',#7617);
#233=PLANE('',#7618);
#234=PLANE('',#7619);
#235=PLANE('',#7620);
#236=PLANE('',#7622);
#237=PLANE('',#7625);
#238=PLANE('',#7626);
#239=PLANE('',#7627);
#240=PLANE('',#7628);
#241=PLANE('',#7630);
#242=PLANE('',#7633);
#243=PLANE('',#7634);
#244=PLANE('',#7635);
#245=PLANE('',#7636);
#246=PLANE('',#7638);
#247=PLANE('',#7641);
#248=PLANE('',#7642);
#249=PLANE('',#7643);
#250=PLANE('',#7644);
#251=PLANE('',#7646);
#252=PLANE('',#7649);
#253=PLANE('',#7650);
#254=PLANE('',#7651);
#255=PLANE('',#7652);
#256=PLANE('',#7654);
#257=PLANE('',#7657);
#258=PLANE('',#7658);
#259=PLANE('',#7659);
#260=PLANE('',#7660);
#261=PLANE('',#7662);
#262=PLANE('',#7665);
#263=PLANE('',#7666);
#264=PLANE('',#7667);
#265=PLANE('',#7668);
#266=PLANE('',#7670);
#267=PLANE('',#7673);
#268=PLANE('',#7674);
#269=PLANE('',#7675);
#270=PLANE('',#7676);
#271=PLANE('',#7678);
#272=PLANE('',#7681);
#273=PLANE('',#7682);
#274=PLANE('',#7683);
#275=PLANE('',#7684);
#276=PLANE('',#7686);
#277=PLANE('',#7689);
#278=PLANE('',#7690);
#279=PLANE('',#7691);
#280=PLANE('',#7692);
#281=PLANE('',#7694);
#282=PLANE('',#7697);
#283=PLANE('',#7698);
#284=PLANE('',#7699);
#285=PLANE('',#7700);
#286=PLANE('',#7702);
#287=PLANE('',#7705);
#288=PLANE('',#7706);
#289=PLANE('',#7707);
#290=PLANE('',#7708);
#291=PLANE('',#7710);
#292=PLANE('',#7713);
#293=PLANE('',#7714);
#294=PLANE('',#7715);
#295=PLANE('',#7716);
#296=PLANE('',#7718);
#297=PLANE('',#7721);
#298=PLANE('',#7722);
#299=PLANE('',#7723);
#300=PLANE('',#7724);
#301=PLANE('',#7726);
#302=PLANE('',#7729);
#303=PLANE('',#7730);
#304=PLANE('',#7731);
#305=PLANE('',#7732);
#306=PLANE('',#7734);
#307=PLANE('',#7737);
#308=PLANE('',#7738);
#309=PLANE('',#7739);
#310=PLANE('',#7740);
#311=PLANE('',#7742);
#312=PLANE('',#7745);
#313=PLANE('',#7746);
#314=PLANE('',#7747);
#315=PLANE('',#7748);
#316=PLANE('',#7750);
#317=PLANE('',#7753);
#318=PLANE('',#7754);
#319=PLANE('',#7755);
#320=PLANE('',#7756);
#321=PLANE('',#7758);
#322=PLANE('',#7761);
#323=PLANE('',#7762);
#324=PLANE('',#7763);
#325=PLANE('',#7764);
#326=PLANE('',#7766);
#327=PLANE('',#7769);
#328=PLANE('',#7770);
#329=PLANE('',#7771);
#330=PLANE('',#7772);
#331=PLANE('',#7774);
#332=PLANE('',#7777);
#333=PLANE('',#7778);
#334=PLANE('',#7779);
#335=PLANE('',#7780);
#336=PLANE('',#7782);
#337=PLANE('',#7785);
#338=PLANE('',#7786);
#339=PLANE('',#7787);
#340=PLANE('',#7788);
#341=PLANE('',#7790);
#342=PLANE('',#7793);
#343=PLANE('',#7794);
#344=PLANE('',#7795);
#345=PLANE('',#7796);
#346=PLANE('',#7798);
#347=PLANE('',#7801);
#348=PLANE('',#7802);
#349=PLANE('',#7803);
#350=PLANE('',#7804);
#351=PLANE('',#7806);
#352=PLANE('',#7809);
#353=PLANE('',#7810);
#354=PLANE('',#7811);
#355=PLANE('',#7812);
#356=PLANE('',#7814);
#357=PLANE('',#7817);
#358=PLANE('',#7818);
#359=PLANE('',#7819);
#360=PLANE('',#7820);
#361=PLANE('',#7822);
#362=PLANE('',#7825);
#363=PLANE('',#7826);
#364=PLANE('',#7827);
#365=PLANE('',#7828);
#366=PLANE('',#7830);
#367=PLANE('',#7833);
#368=PLANE('',#7834);
#369=PLANE('',#7835);
#370=PLANE('',#7836);
#371=PLANE('',#7838);
#372=PLANE('',#7841);
#373=PLANE('',#7842);
#374=PLANE('',#7843);
#375=PLANE('',#7844);
#376=PLANE('',#7846);
#377=PLANE('',#7849);
#378=PLANE('',#7850);
#379=PLANE('',#7851);
#380=PLANE('',#7852);
#381=PLANE('',#7854);
#382=PLANE('',#7857);
#383=PLANE('',#7858);
#384=PLANE('',#7859);
#385=PLANE('',#7860);
#386=PLANE('',#7862);
#387=PLANE('',#7865);
#388=PLANE('',#7866);
#389=PLANE('',#7867);
#390=PLANE('',#7868);
#391=PLANE('',#7870);
#392=PLANE('',#7873);
#393=PLANE('',#7874);
#394=PLANE('',#7875);
#395=PLANE('',#7876);
#396=PLANE('',#7878);
#397=PLANE('',#7881);
#398=PLANE('',#7882);
#399=PLANE('',#7883);
#400=PLANE('',#7884);
#401=PLANE('',#7886);
#402=PLANE('',#7889);
#403=PLANE('',#7890);
#404=PLANE('',#7891);
#405=PLANE('',#7892);
#406=PLANE('',#7894);
#407=PLANE('',#7897);
#408=PLANE('',#7898);
#409=PLANE('',#7899);
#410=PLANE('',#7900);
#411=PLANE('',#7902);
#412=PLANE('',#7905);
#413=PLANE('',#7906);
#414=PLANE('',#7907);
#415=PLANE('',#7908);
#416=PLANE('',#7910);
#417=PLANE('',#7913);
#418=PLANE('',#7914);
#419=PLANE('',#7915);
#420=PLANE('',#7916);
#421=PLANE('',#7918);
#422=PLANE('',#7921);
#423=PLANE('',#7922);
#424=PLANE('',#7923);
#425=PLANE('',#7924);
#426=PLANE('',#7926);
#427=PLANE('',#7929);
#428=PLANE('',#7930);
#429=PLANE('',#7931);
#430=PLANE('',#7932);
#431=PLANE('',#7934);
#432=PLANE('',#7937);
#433=PLANE('',#7938);
#434=PLANE('',#7939);
#435=PLANE('',#7940);
#436=PLANE('',#7942);
#437=PLANE('',#7945);
#438=PLANE('',#7946);
#439=PLANE('',#7947);
#440=PLANE('',#7948);
#441=PLANE('',#7950);
#442=PLANE('',#7953);
#443=PLANE('',#7954);
#444=PLANE('',#7955);
#445=PLANE('',#7956);
#446=PLANE('',#7958);
#447=PLANE('',#7961);
#448=PLANE('',#7962);
#449=PLANE('',#7963);
#450=PLANE('',#7964);
#451=PLANE('',#7966);
#452=PLANE('',#7969);
#453=PLANE('',#7970);
#454=PLANE('',#7971);
#455=PLANE('',#7972);
#456=PLANE('',#7974);
#457=PLANE('',#7977);
#458=PLANE('',#7978);
#459=PLANE('',#7979);
#460=PLANE('',#7980);
#461=PLANE('',#7982);
#462=PLANE('',#7985);
#463=PLANE('',#7986);
#464=PLANE('',#7987);
#465=PLANE('',#7988);
#466=PLANE('',#7990);
#467=PLANE('',#7993);
#468=PLANE('',#7994);
#469=PLANE('',#7995);
#470=PLANE('',#7996);
#471=PLANE('',#7998);
#472=PLANE('',#8001);
#473=PLANE('',#8002);
#474=PLANE('',#8003);
#475=PLANE('',#8004);
#476=PLANE('',#8006);
#477=PLANE('',#8009);
#478=PLANE('',#8010);
#479=PLANE('',#8011);
#480=PLANE('',#8012);
#481=PLANE('',#8014);
#482=PLANE('',#8017);
#483=PLANE('',#8018);
#484=PLANE('',#8019);
#485=PLANE('',#8020);
#486=PLANE('',#8022);
#487=PLANE('',#8025);
#488=PLANE('',#8026);
#489=PLANE('',#8027);
#490=PLANE('',#8028);
#491=PLANE('',#8030);
#492=PLANE('',#8033);
#493=PLANE('',#8034);
#494=PLANE('',#8035);
#495=PLANE('',#8036);
#496=PLANE('',#8038);
#497=PLANE('',#8041);
#498=PLANE('',#8042);
#499=PLANE('',#8043);
#500=PLANE('',#8044);
#501=PLANE('',#8046);
#502=PLANE('',#8049);
#503=PLANE('',#8050);
#504=PLANE('',#8051);
#505=PLANE('',#8052);
#506=PLANE('',#8054);
#507=PLANE('',#8057);
#508=PLANE('',#8058);
#509=PLANE('',#8059);
#510=PLANE('',#8060);
#511=PLANE('',#8062);
#512=PLANE('',#8065);
#513=PLANE('',#8066);
#514=PLANE('',#8067);
#515=PLANE('',#8068);
#516=PLANE('',#8070);
#517=PLANE('',#8073);
#518=PLANE('',#8074);
#519=PLANE('',#8075);
#520=PLANE('',#8076);
#521=PLANE('',#8078);
#522=PLANE('',#8081);
#523=PLANE('',#8082);
#524=PLANE('',#8083);
#525=PLANE('',#8084);
#526=PLANE('',#8086);
#527=PLANE('',#8089);
#528=PLANE('',#8090);
#529=PLANE('',#8091);
#530=PLANE('',#8092);
#531=PLANE('',#8094);
#532=PLANE('',#8097);
#533=PLANE('',#8098);
#534=PLANE('',#8099);
#535=PLANE('',#8100);
#536=PLANE('',#8102);
#537=PLANE('',#8105);
#538=PLANE('',#8106);
#539=PLANE('',#8107);
#540=PLANE('',#8108);
#541=PLANE('',#8110);
#542=PLANE('',#8113);
#543=PLANE('',#8114);
#544=PLANE('',#8115);
#545=PLANE('',#8116);
#546=PLANE('',#8118);
#547=PLANE('',#8125);
#548=PLANE('',#8126);
#549=PLANE('',#8128);
#550=PLANE('',#8129);
#551=PLANE('',#8130);
#552=PLANE('',#8131);
#553=PLANE('',#8132);
#554=PLANE('',#8133);
#555=PLANE('',#8134);
#556=PLANE('',#8135);
#557=PLANE('',#8136);
#558=PLANE('',#8137);
#559=PLANE('',#8138);
#560=PLANE('',#8139);
#561=PLANE('',#8140);
#562=PLANE('',#8141);
#563=PLANE('',#8142);
#564=PLANE('',#8143);
#565=PLANE('',#8144);
#566=PLANE('',#8145);
#567=PLANE('',#8146);
#568=PLANE('',#8147);
#569=PLANE('',#8148);
#570=PLANE('',#8149);
#571=PLANE('',#8150);
#572=PLANE('',#8151);
#573=PLANE('',#8152);
#574=PLANE('',#8153);
#575=PLANE('',#8154);
#576=PLANE('',#8155);
#577=PLANE('',#8156);
#578=PLANE('',#8157);
#579=PLANE('',#8158);
#580=PLANE('',#8159);
#581=PLANE('',#8160);
#582=PLANE('',#8161);
#583=PLANE('',#8162);
#584=PLANE('',#8163);
#585=PLANE('',#8164);
#586=PLANE('',#8165);
#587=PLANE('',#8166);
#588=PLANE('',#8167);
#589=PLANE('',#8168);
#590=PLANE('',#8169);
#591=PLANE('',#8170);
#592=PLANE('',#8171);
#593=LINE('',#10212,#1394);
#594=LINE('',#10213,#1395);
#595=LINE('',#10225,#1396);
#596=LINE('',#10226,#1397);
#597=LINE('',#10238,#1398);
#598=LINE('',#10239,#1399);
#599=LINE('',#10241,#1400);
#600=LINE('',#10242,#1401);
#601=LINE('',#10254,#1402);
#602=LINE('',#10255,#1403);
#603=LINE('',#10257,#1404);
#604=LINE('',#10258,#1405);
#605=LINE('',#10260,#1406);
#606=LINE('',#10261,#1407);
#607=LINE('',#10263,#1408);
#608=LINE('',#10264,#1409);
#609=LINE('',#10266,#1410);
#610=LINE('',#10268,#1411);
#611=LINE('',#10271,#1412);
#612=LINE('',#10273,#1413);
#613=LINE('',#10279,#1414);
#614=LINE('',#10281,#1415);
#615=LINE('',#10283,#1416);
#616=LINE('',#10284,#1417);
#617=LINE('',#10287,#1418);
#618=LINE('',#10289,#1419);
#619=LINE('',#10291,#1420);
#620=LINE('',#10292,#1421);
#621=LINE('',#10295,#1422);
#622=LINE('',#10296,#1423);
#623=LINE('',#10299,#1424);
#624=LINE('',#10300,#1425);
#625=LINE('',#10303,#1426);
#626=LINE('',#10304,#1427);
#627=LINE('',#10306,#1428);
#628=LINE('',#10311,#1429);
#629=LINE('',#10313,#1430);
#630=LINE('',#10315,#1431);
#631=LINE('',#10316,#1432);
#632=LINE('',#10319,#1433);
#633=LINE('',#10321,#1434);
#634=LINE('',#10322,#1435);
#635=LINE('',#10325,#1436);
#636=LINE('',#10327,#1437);
#637=LINE('',#10328,#1438);
#638=LINE('',#10337,#1439);
#639=LINE('',#10339,#1440);
#640=LINE('',#10341,#1441);
#641=LINE('',#10342,#1442);
#642=LINE('',#10345,#1443);
#643=LINE('',#10347,#1444);
#644=LINE('',#10348,#1445);
#645=LINE('',#10351,#1446);
#646=LINE('',#10353,#1447);
#647=LINE('',#10354,#1448);
#648=LINE('',#10363,#1449);
#649=LINE('',#10365,#1450);
#650=LINE('',#10367,#1451);
#651=LINE('',#10368,#1452);
#652=LINE('',#10371,#1453);
#653=LINE('',#10373,#1454);
#654=LINE('',#10374,#1455);
#655=LINE('',#10377,#1456);
#656=LINE('',#10379,#1457);
#657=LINE('',#10380,#1458);
#658=LINE('',#10389,#1459);
#659=LINE('',#10391,#1460);
#660=LINE('',#10393,#1461);
#661=LINE('',#10394,#1462);
#662=LINE('',#10397,#1463);
#663=LINE('',#10399,#1464);
#664=LINE('',#10400,#1465);
#665=LINE('',#10403,#1466);
#666=LINE('',#10405,#1467);
#667=LINE('',#10406,#1468);
#668=LINE('',#10415,#1469);
#669=LINE('',#10417,#1470);
#670=LINE('',#10419,#1471);
#671=LINE('',#10420,#1472);
#672=LINE('',#10423,#1473);
#673=LINE('',#10425,#1474);
#674=LINE('',#10426,#1475);
#675=LINE('',#10429,#1476);
#676=LINE('',#10431,#1477);
#677=LINE('',#10432,#1478);
#678=LINE('',#10441,#1479);
#679=LINE('',#10443,#1480);
#680=LINE('',#10445,#1481);
#681=LINE('',#10446,#1482);
#682=LINE('',#10449,#1483);
#683=LINE('',#10451,#1484);
#684=LINE('',#10452,#1485);
#685=LINE('',#10455,#1486);
#686=LINE('',#10457,#1487);
#687=LINE('',#10458,#1488);
#688=LINE('',#10467,#1489);
#689=LINE('',#10469,#1490);
#690=LINE('',#10471,#1491);
#691=LINE('',#10472,#1492);
#692=LINE('',#10475,#1493);
#693=LINE('',#10477,#1494);
#694=LINE('',#10478,#1495);
#695=LINE('',#10481,#1496);
#696=LINE('',#10483,#1497);
#697=LINE('',#10484,#1498);
#698=LINE('',#10493,#1499);
#699=LINE('',#10495,#1500);
#700=LINE('',#10497,#1501);
#701=LINE('',#10498,#1502);
#702=LINE('',#10501,#1503);
#703=LINE('',#10503,#1504);
#704=LINE('',#10504,#1505);
#705=LINE('',#10507,#1506);
#706=LINE('',#10509,#1507);
#707=LINE('',#10510,#1508);
#708=LINE('',#10519,#1509);
#709=LINE('',#10521,#1510);
#710=LINE('',#10523,#1511);
#711=LINE('',#10524,#1512);
#712=LINE('',#10527,#1513);
#713=LINE('',#10529,#1514);
#714=LINE('',#10530,#1515);
#715=LINE('',#10533,#1516);
#716=LINE('',#10535,#1517);
#717=LINE('',#10536,#1518);
#718=LINE('',#10545,#1519);
#719=LINE('',#10547,#1520);
#720=LINE('',#10549,#1521);
#721=LINE('',#10550,#1522);
#722=LINE('',#10553,#1523);
#723=LINE('',#10555,#1524);
#724=LINE('',#10556,#1525);
#725=LINE('',#10559,#1526);
#726=LINE('',#10561,#1527);
#727=LINE('',#10562,#1528);
#728=LINE('',#10571,#1529);
#729=LINE('',#10573,#1530);
#730=LINE('',#10575,#1531);
#731=LINE('',#10576,#1532);
#732=LINE('',#10579,#1533);
#733=LINE('',#10581,#1534);
#734=LINE('',#10582,#1535);
#735=LINE('',#10585,#1536);
#736=LINE('',#10587,#1537);
#737=LINE('',#10588,#1538);
#738=LINE('',#10597,#1539);
#739=LINE('',#10599,#1540);
#740=LINE('',#10601,#1541);
#741=LINE('',#10602,#1542);
#742=LINE('',#10605,#1543);
#743=LINE('',#10607,#1544);
#744=LINE('',#10608,#1545);
#745=LINE('',#10611,#1546);
#746=LINE('',#10613,#1547);
#747=LINE('',#10614,#1548);
#748=LINE('',#10623,#1549);
#749=LINE('',#10625,#1550);
#750=LINE('',#10627,#1551);
#751=LINE('',#10628,#1552);
#752=LINE('',#10631,#1553);
#753=LINE('',#10633,#1554);
#754=LINE('',#10634,#1555);
#755=LINE('',#10637,#1556);
#756=LINE('',#10639,#1557);
#757=LINE('',#10640,#1558);
#758=LINE('',#10649,#1559);
#759=LINE('',#10651,#1560);
#760=LINE('',#10653,#1561);
#761=LINE('',#10654,#1562);
#762=LINE('',#10657,#1563);
#763=LINE('',#10659,#1564);
#764=LINE('',#10660,#1565);
#765=LINE('',#10663,#1566);
#766=LINE('',#10665,#1567);
#767=LINE('',#10666,#1568);
#768=LINE('',#10675,#1569);
#769=LINE('',#10677,#1570);
#770=LINE('',#10679,#1571);
#771=LINE('',#10680,#1572);
#772=LINE('',#10683,#1573);
#773=LINE('',#10685,#1574);
#774=LINE('',#10686,#1575);
#775=LINE('',#10689,#1576);
#776=LINE('',#10691,#1577);
#777=LINE('',#10692,#1578);
#778=LINE('',#10701,#1579);
#779=LINE('',#10703,#1580);
#780=LINE('',#10705,#1581);
#781=LINE('',#10706,#1582);
#782=LINE('',#10709,#1583);
#783=LINE('',#10711,#1584);
#784=LINE('',#10712,#1585);
#785=LINE('',#10715,#1586);
#786=LINE('',#10717,#1587);
#787=LINE('',#10718,#1588);
#788=LINE('',#10727,#1589);
#789=LINE('',#10729,#1590);
#790=LINE('',#10731,#1591);
#791=LINE('',#10732,#1592);
#792=LINE('',#10735,#1593);
#793=LINE('',#10737,#1594);
#794=LINE('',#10738,#1595);
#795=LINE('',#10741,#1596);
#796=LINE('',#10743,#1597);
#797=LINE('',#10744,#1598);
#798=LINE('',#10753,#1599);
#799=LINE('',#10755,#1600);
#800=LINE('',#10757,#1601);
#801=LINE('',#10758,#1602);
#802=LINE('',#10761,#1603);
#803=LINE('',#10763,#1604);
#804=LINE('',#10764,#1605);
#805=LINE('',#10767,#1606);
#806=LINE('',#10769,#1607);
#807=LINE('',#10770,#1608);
#808=LINE('',#10779,#1609);
#809=LINE('',#10781,#1610);
#810=LINE('',#10783,#1611);
#811=LINE('',#10784,#1612);
#812=LINE('',#10787,#1613);
#813=LINE('',#10789,#1614);
#814=LINE('',#10790,#1615);
#815=LINE('',#10793,#1616);
#816=LINE('',#10795,#1617);
#817=LINE('',#10796,#1618);
#818=LINE('',#10805,#1619);
#819=LINE('',#10807,#1620);
#820=LINE('',#10809,#1621);
#821=LINE('',#10810,#1622);
#822=LINE('',#10813,#1623);
#823=LINE('',#10815,#1624);
#824=LINE('',#10816,#1625);
#825=LINE('',#10819,#1626);
#826=LINE('',#10821,#1627);
#827=LINE('',#10822,#1628);
#828=LINE('',#10831,#1629);
#829=LINE('',#10833,#1630);
#830=LINE('',#10835,#1631);
#831=LINE('',#10836,#1632);
#832=LINE('',#10839,#1633);
#833=LINE('',#10841,#1634);
#834=LINE('',#10842,#1635);
#835=LINE('',#10845,#1636);
#836=LINE('',#10847,#1637);
#837=LINE('',#10848,#1638);
#838=LINE('',#10857,#1639);
#839=LINE('',#10859,#1640);
#840=LINE('',#10861,#1641);
#841=LINE('',#10862,#1642);
#842=LINE('',#10865,#1643);
#843=LINE('',#10867,#1644);
#844=LINE('',#10868,#1645);
#845=LINE('',#10871,#1646);
#846=LINE('',#10873,#1647);
#847=LINE('',#10874,#1648);
#848=LINE('',#10883,#1649);
#849=LINE('',#10885,#1650);
#850=LINE('',#10887,#1651);
#851=LINE('',#10888,#1652);
#852=LINE('',#10891,#1653);
#853=LINE('',#10893,#1654);
#854=LINE('',#10894,#1655);
#855=LINE('',#10897,#1656);
#856=LINE('',#10899,#1657);
#857=LINE('',#10900,#1658);
#858=LINE('',#10909,#1659);
#859=LINE('',#10911,#1660);
#860=LINE('',#10913,#1661);
#861=LINE('',#10914,#1662);
#862=LINE('',#10917,#1663);
#863=LINE('',#10919,#1664);
#864=LINE('',#10920,#1665);
#865=LINE('',#10923,#1666);
#866=LINE('',#10925,#1667);
#867=LINE('',#10926,#1668);
#868=LINE('',#10935,#1669);
#869=LINE('',#10937,#1670);
#870=LINE('',#10939,#1671);
#871=LINE('',#10940,#1672);
#872=LINE('',#10943,#1673);
#873=LINE('',#10945,#1674);
#874=LINE('',#10946,#1675);
#875=LINE('',#10949,#1676);
#876=LINE('',#10951,#1677);
#877=LINE('',#10952,#1678);
#878=LINE('',#10961,#1679);
#879=LINE('',#10963,#1680);
#880=LINE('',#10965,#1681);
#881=LINE('',#10966,#1682);
#882=LINE('',#10969,#1683);
#883=LINE('',#10971,#1684);
#884=LINE('',#10972,#1685);
#885=LINE('',#10975,#1686);
#886=LINE('',#10977,#1687);
#887=LINE('',#10978,#1688);
#888=LINE('',#10987,#1689);
#889=LINE('',#10989,#1690);
#890=LINE('',#10991,#1691);
#891=LINE('',#10992,#1692);
#892=LINE('',#10995,#1693);
#893=LINE('',#10997,#1694);
#894=LINE('',#10998,#1695);
#895=LINE('',#11001,#1696);
#896=LINE('',#11003,#1697);
#897=LINE('',#11004,#1698);
#898=LINE('',#11013,#1699);
#899=LINE('',#11015,#1700);
#900=LINE('',#11017,#1701);
#901=LINE('',#11018,#1702);
#902=LINE('',#11021,#1703);
#903=LINE('',#11023,#1704);
#904=LINE('',#11024,#1705);
#905=LINE('',#11027,#1706);
#906=LINE('',#11029,#1707);
#907=LINE('',#11030,#1708);
#908=LINE('',#11039,#1709);
#909=LINE('',#11041,#1710);
#910=LINE('',#11043,#1711);
#911=LINE('',#11044,#1712);
#912=LINE('',#11047,#1713);
#913=LINE('',#11049,#1714);
#914=LINE('',#11050,#1715);
#915=LINE('',#11053,#1716);
#916=LINE('',#11055,#1717);
#917=LINE('',#11056,#1718);
#918=LINE('',#11065,#1719);
#919=LINE('',#11067,#1720);
#920=LINE('',#11069,#1721);
#921=LINE('',#11070,#1722);
#922=LINE('',#11073,#1723);
#923=LINE('',#11075,#1724);
#924=LINE('',#11076,#1725);
#925=LINE('',#11079,#1726);
#926=LINE('',#11081,#1727);
#927=LINE('',#11082,#1728);
#928=LINE('',#11091,#1729);
#929=LINE('',#11093,#1730);
#930=LINE('',#11095,#1731);
#931=LINE('',#11096,#1732);
#932=LINE('',#11099,#1733);
#933=LINE('',#11101,#1734);
#934=LINE('',#11102,#1735);
#935=LINE('',#11105,#1736);
#936=LINE('',#11107,#1737);
#937=LINE('',#11108,#1738);
#938=LINE('',#11117,#1739);
#939=LINE('',#11119,#1740);
#940=LINE('',#11121,#1741);
#941=LINE('',#11122,#1742);
#942=LINE('',#11125,#1743);
#943=LINE('',#11127,#1744);
#944=LINE('',#11128,#1745);
#945=LINE('',#11131,#1746);
#946=LINE('',#11133,#1747);
#947=LINE('',#11134,#1748);
#948=LINE('',#11143,#1749);
#949=LINE('',#11145,#1750);
#950=LINE('',#11147,#1751);
#951=LINE('',#11148,#1752);
#952=LINE('',#11151,#1753);
#953=LINE('',#11153,#1754);
#954=LINE('',#11154,#1755);
#955=LINE('',#11157,#1756);
#956=LINE('',#11159,#1757);
#957=LINE('',#11160,#1758);
#958=LINE('',#11169,#1759);
#959=LINE('',#11171,#1760);
#960=LINE('',#11173,#1761);
#961=LINE('',#11174,#1762);
#962=LINE('',#11177,#1763);
#963=LINE('',#11179,#1764);
#964=LINE('',#11180,#1765);
#965=LINE('',#11183,#1766);
#966=LINE('',#11185,#1767);
#967=LINE('',#11186,#1768);
#968=LINE('',#11195,#1769);
#969=LINE('',#11197,#1770);
#970=LINE('',#11199,#1771);
#971=LINE('',#11200,#1772);
#972=LINE('',#11203,#1773);
#973=LINE('',#11205,#1774);
#974=LINE('',#11206,#1775);
#975=LINE('',#11209,#1776);
#976=LINE('',#11211,#1777);
#977=LINE('',#11212,#1778);
#978=LINE('',#11221,#1779);
#979=LINE('',#11223,#1780);
#980=LINE('',#11225,#1781);
#981=LINE('',#11226,#1782);
#982=LINE('',#11229,#1783);
#983=LINE('',#11231,#1784);
#984=LINE('',#11232,#1785);
#985=LINE('',#11235,#1786);
#986=LINE('',#11237,#1787);
#987=LINE('',#11238,#1788);
#988=LINE('',#11247,#1789);
#989=LINE('',#11249,#1790);
#990=LINE('',#11251,#1791);
#991=LINE('',#11252,#1792);
#992=LINE('',#11255,#1793);
#993=LINE('',#11257,#1794);
#994=LINE('',#11258,#1795);
#995=LINE('',#11261,#1796);
#996=LINE('',#11263,#1797);
#997=LINE('',#11264,#1798);
#998=LINE('',#11273,#1799);
#999=LINE('',#11275,#1800);
#1000=LINE('',#11277,#1801);
#1001=LINE('',#11278,#1802);
#1002=LINE('',#11281,#1803);
#1003=LINE('',#11283,#1804);
#1004=LINE('',#11284,#1805);
#1005=LINE('',#11287,#1806);
#1006=LINE('',#11289,#1807);
#1007=LINE('',#11290,#1808);
#1008=LINE('',#11299,#1809);
#1009=LINE('',#11301,#1810);
#1010=LINE('',#11303,#1811);
#1011=LINE('',#11304,#1812);
#1012=LINE('',#11307,#1813);
#1013=LINE('',#11309,#1814);
#1014=LINE('',#11310,#1815);
#1015=LINE('',#11313,#1816);
#1016=LINE('',#11315,#1817);
#1017=LINE('',#11316,#1818);
#1018=LINE('',#11325,#1819);
#1019=LINE('',#11327,#1820);
#1020=LINE('',#11329,#1821);
#1021=LINE('',#11330,#1822);
#1022=LINE('',#11333,#1823);
#1023=LINE('',#11335,#1824);
#1024=LINE('',#11336,#1825);
#1025=LINE('',#11339,#1826);
#1026=LINE('',#11341,#1827);
#1027=LINE('',#11342,#1828);
#1028=LINE('',#11351,#1829);
#1029=LINE('',#11353,#1830);
#1030=LINE('',#11355,#1831);
#1031=LINE('',#11356,#1832);
#1032=LINE('',#11359,#1833);
#1033=LINE('',#11361,#1834);
#1034=LINE('',#11362,#1835);
#1035=LINE('',#11365,#1836);
#1036=LINE('',#11367,#1837);
#1037=LINE('',#11368,#1838);
#1038=LINE('',#11377,#1839);
#1039=LINE('',#11379,#1840);
#1040=LINE('',#11381,#1841);
#1041=LINE('',#11382,#1842);
#1042=LINE('',#11385,#1843);
#1043=LINE('',#11387,#1844);
#1044=LINE('',#11388,#1845);
#1045=LINE('',#11391,#1846);
#1046=LINE('',#11393,#1847);
#1047=LINE('',#11394,#1848);
#1048=LINE('',#11403,#1849);
#1049=LINE('',#11405,#1850);
#1050=LINE('',#11407,#1851);
#1051=LINE('',#11408,#1852);
#1052=LINE('',#11411,#1853);
#1053=LINE('',#11413,#1854);
#1054=LINE('',#11414,#1855);
#1055=LINE('',#11417,#1856);
#1056=LINE('',#11419,#1857);
#1057=LINE('',#11420,#1858);
#1058=LINE('',#11429,#1859);
#1059=LINE('',#11431,#1860);
#1060=LINE('',#11433,#1861);
#1061=LINE('',#11434,#1862);
#1062=LINE('',#11437,#1863);
#1063=LINE('',#11439,#1864);
#1064=LINE('',#11440,#1865);
#1065=LINE('',#11443,#1866);
#1066=LINE('',#11445,#1867);
#1067=LINE('',#11446,#1868);
#1068=LINE('',#11455,#1869);
#1069=LINE('',#11457,#1870);
#1070=LINE('',#11459,#1871);
#1071=LINE('',#11460,#1872);
#1072=LINE('',#11463,#1873);
#1073=LINE('',#11465,#1874);
#1074=LINE('',#11466,#1875);
#1075=LINE('',#11469,#1876);
#1076=LINE('',#11471,#1877);
#1077=LINE('',#11472,#1878);
#1078=LINE('',#11481,#1879);
#1079=LINE('',#11483,#1880);
#1080=LINE('',#11485,#1881);
#1081=LINE('',#11486,#1882);
#1082=LINE('',#11489,#1883);
#1083=LINE('',#11491,#1884);
#1084=LINE('',#11492,#1885);
#1085=LINE('',#11495,#1886);
#1086=LINE('',#11497,#1887);
#1087=LINE('',#11498,#1888);
#1088=LINE('',#11507,#1889);
#1089=LINE('',#11509,#1890);
#1090=LINE('',#11511,#1891);
#1091=LINE('',#11512,#1892);
#1092=LINE('',#11515,#1893);
#1093=LINE('',#11517,#1894);
#1094=LINE('',#11518,#1895);
#1095=LINE('',#11521,#1896);
#1096=LINE('',#11523,#1897);
#1097=LINE('',#11524,#1898);
#1098=LINE('',#11533,#1899);
#1099=LINE('',#11535,#1900);
#1100=LINE('',#11537,#1901);
#1101=LINE('',#11538,#1902);
#1102=LINE('',#11541,#1903);
#1103=LINE('',#11543,#1904);
#1104=LINE('',#11544,#1905);
#1105=LINE('',#11547,#1906);
#1106=LINE('',#11549,#1907);
#1107=LINE('',#11550,#1908);
#1108=LINE('',#11559,#1909);
#1109=LINE('',#11561,#1910);
#1110=LINE('',#11563,#1911);
#1111=LINE('',#11564,#1912);
#1112=LINE('',#11567,#1913);
#1113=LINE('',#11569,#1914);
#1114=LINE('',#11570,#1915);
#1115=LINE('',#11573,#1916);
#1116=LINE('',#11575,#1917);
#1117=LINE('',#11576,#1918);
#1118=LINE('',#11585,#1919);
#1119=LINE('',#11587,#1920);
#1120=LINE('',#11589,#1921);
#1121=LINE('',#11590,#1922);
#1122=LINE('',#11593,#1923);
#1123=LINE('',#11595,#1924);
#1124=LINE('',#11596,#1925);
#1125=LINE('',#11599,#1926);
#1126=LINE('',#11601,#1927);
#1127=LINE('',#11602,#1928);
#1128=LINE('',#11611,#1929);
#1129=LINE('',#11613,#1930);
#1130=LINE('',#11615,#1931);
#1131=LINE('',#11616,#1932);
#1132=LINE('',#11619,#1933);
#1133=LINE('',#11621,#1934);
#1134=LINE('',#11622,#1935);
#1135=LINE('',#11625,#1936);
#1136=LINE('',#11627,#1937);
#1137=LINE('',#11628,#1938);
#1138=LINE('',#11637,#1939);
#1139=LINE('',#11639,#1940);
#1140=LINE('',#11641,#1941);
#1141=LINE('',#11642,#1942);
#1142=LINE('',#11645,#1943);
#1143=LINE('',#11647,#1944);
#1144=LINE('',#11648,#1945);
#1145=LINE('',#11651,#1946);
#1146=LINE('',#11653,#1947);
#1147=LINE('',#11654,#1948);
#1148=LINE('',#11663,#1949);
#1149=LINE('',#11665,#1950);
#1150=LINE('',#11667,#1951);
#1151=LINE('',#11668,#1952);
#1152=LINE('',#11671,#1953);
#1153=LINE('',#11673,#1954);
#1154=LINE('',#11674,#1955);
#1155=LINE('',#11677,#1956);
#1156=LINE('',#11679,#1957);
#1157=LINE('',#11680,#1958);
#1158=LINE('',#11689,#1959);
#1159=LINE('',#11691,#1960);
#1160=LINE('',#11693,#1961);
#1161=LINE('',#11694,#1962);
#1162=LINE('',#11697,#1963);
#1163=LINE('',#11699,#1964);
#1164=LINE('',#11700,#1965);
#1165=LINE('',#11703,#1966);
#1166=LINE('',#11705,#1967);
#1167=LINE('',#11706,#1968);
#1168=LINE('',#11715,#1969);
#1169=LINE('',#11717,#1970);
#1170=LINE('',#11719,#1971);
#1171=LINE('',#11720,#1972);
#1172=LINE('',#11723,#1973);
#1173=LINE('',#11725,#1974);
#1174=LINE('',#11726,#1975);
#1175=LINE('',#11729,#1976);
#1176=LINE('',#11731,#1977);
#1177=LINE('',#11732,#1978);
#1178=LINE('',#11741,#1979);
#1179=LINE('',#11743,#1980);
#1180=LINE('',#11745,#1981);
#1181=LINE('',#11746,#1982);
#1182=LINE('',#11749,#1983);
#1183=LINE('',#11751,#1984);
#1184=LINE('',#11752,#1985);
#1185=LINE('',#11755,#1986);
#1186=LINE('',#11757,#1987);
#1187=LINE('',#11758,#1988);
#1188=LINE('',#11767,#1989);
#1189=LINE('',#11769,#1990);
#1190=LINE('',#11771,#1991);
#1191=LINE('',#11772,#1992);
#1192=LINE('',#11775,#1993);
#1193=LINE('',#11777,#1994);
#1194=LINE('',#11778,#1995);
#1195=LINE('',#11781,#1996);
#1196=LINE('',#11783,#1997);
#1197=LINE('',#11784,#1998);
#1198=LINE('',#11793,#1999);
#1199=LINE('',#11795,#2000);
#1200=LINE('',#11797,#2001);
#1201=LINE('',#11798,#2002);
#1202=LINE('',#11801,#2003);
#1203=LINE('',#11803,#2004);
#1204=LINE('',#11804,#2005);
#1205=LINE('',#11807,#2006);
#1206=LINE('',#11809,#2007);
#1207=LINE('',#11810,#2008);
#1208=LINE('',#11819,#2009);
#1209=LINE('',#11821,#2010);
#1210=LINE('',#11823,#2011);
#1211=LINE('',#11824,#2012);
#1212=LINE('',#11827,#2013);
#1213=LINE('',#11829,#2014);
#1214=LINE('',#11830,#2015);
#1215=LINE('',#11833,#2016);
#1216=LINE('',#11835,#2017);
#1217=LINE('',#11836,#2018);
#1218=LINE('',#11845,#2019);
#1219=LINE('',#11847,#2020);
#1220=LINE('',#11849,#2021);
#1221=LINE('',#11850,#2022);
#1222=LINE('',#11853,#2023);
#1223=LINE('',#11855,#2024);
#1224=LINE('',#11856,#2025);
#1225=LINE('',#11859,#2026);
#1226=LINE('',#11861,#2027);
#1227=LINE('',#11862,#2028);
#1228=LINE('',#11871,#2029);
#1229=LINE('',#11873,#2030);
#1230=LINE('',#11875,#2031);
#1231=LINE('',#11876,#2032);
#1232=LINE('',#11879,#2033);
#1233=LINE('',#11881,#2034);
#1234=LINE('',#11882,#2035);
#1235=LINE('',#11885,#2036);
#1236=LINE('',#11887,#2037);
#1237=LINE('',#11888,#2038);
#1238=LINE('',#11897,#2039);
#1239=LINE('',#11899,#2040);
#1240=LINE('',#11901,#2041);
#1241=LINE('',#11902,#2042);
#1242=LINE('',#11905,#2043);
#1243=LINE('',#11907,#2044);
#1244=LINE('',#11908,#2045);
#1245=LINE('',#11911,#2046);
#1246=LINE('',#11913,#2047);
#1247=LINE('',#11914,#2048);
#1248=LINE('',#11923,#2049);
#1249=LINE('',#11925,#2050);
#1250=LINE('',#11927,#2051);
#1251=LINE('',#11928,#2052);
#1252=LINE('',#11931,#2053);
#1253=LINE('',#11933,#2054);
#1254=LINE('',#11934,#2055);
#1255=LINE('',#11937,#2056);
#1256=LINE('',#11939,#2057);
#1257=LINE('',#11940,#2058);
#1258=LINE('',#11949,#2059);
#1259=LINE('',#11951,#2060);
#1260=LINE('',#11953,#2061);
#1261=LINE('',#11954,#2062);
#1262=LINE('',#11957,#2063);
#1263=LINE('',#11959,#2064);
#1264=LINE('',#11960,#2065);
#1265=LINE('',#11963,#2066);
#1266=LINE('',#11965,#2067);
#1267=LINE('',#11966,#2068);
#1268=LINE('',#11977,#2069);
#1269=LINE('',#11985,#2070);
#1270=LINE('',#11987,#2071);
#1271=LINE('',#11989,#2072);
#1272=LINE('',#11990,#2073);
#1273=LINE('',#11994,#2074);
#1274=LINE('',#11996,#2075);
#1275=LINE('',#11998,#2076);
#1276=LINE('',#11999,#2077);
#1277=LINE('',#12009,#2078);
#1278=LINE('',#12010,#2079);
#1279=LINE('',#12013,#2080);
#1280=LINE('',#12015,#2081);
#1281=LINE('',#12016,#2082);
#1282=LINE('',#12019,#2083);
#1283=LINE('',#12021,#2084);
#1284=LINE('',#12022,#2085);
#1285=LINE('',#12025,#2086);
#1286=LINE('',#12027,#2087);
#1287=LINE('',#12028,#2088);
#1288=LINE('',#12031,#2089);
#1289=LINE('',#12033,#2090);
#1290=LINE('',#12034,#2091);
#1291=LINE('',#12036,#2092);
#1292=LINE('',#12037,#2093);
#1293=LINE('',#12052,#2094);
#1294=LINE('',#12059,#2095);
#1295=LINE('',#12071,#2096);
#1296=LINE('',#12073,#2097);
#1297=LINE('',#12075,#2098);
#1298=LINE('',#12077,#2099);
#1299=LINE('',#12079,#2100);
#1300=LINE('',#12081,#2101);
#1301=LINE('',#12083,#2102);
#1302=LINE('',#12085,#2103);
#1303=LINE('',#12087,#2104);
#1304=LINE('',#12089,#2105);
#1305=LINE('',#12091,#2106);
#1306=LINE('',#12109,#2107);
#1307=LINE('',#12112,#2108);
#1308=LINE('',#12113,#2109);
#1309=LINE('',#12116,#2110);
#1310=LINE('',#12117,#2111);
#1311=LINE('',#12120,#2112);
#1312=LINE('',#12121,#2113);
#1313=LINE('',#12124,#2114);
#1314=LINE('',#12125,#2115);
#1315=LINE('',#12128,#2116);
#1316=LINE('',#12129,#2117);
#1317=LINE('',#12132,#2118);
#1318=LINE('',#12133,#2119);
#1319=LINE('',#12136,#2120);
#1320=LINE('',#12137,#2121);
#1321=LINE('',#12140,#2122);
#1322=LINE('',#12141,#2123);
#1323=LINE('',#12144,#2124);
#1324=LINE('',#12145,#2125);
#1325=LINE('',#12148,#2126);
#1326=LINE('',#12149,#2127);
#1327=LINE('',#12152,#2128);
#1328=LINE('',#12153,#2129);
#1329=LINE('',#12167,#2130);
#1330=LINE('',#12181,#2131);
#1331=LINE('',#12183,#2132);
#1332=LINE('',#12200,#2133);
#1333=LINE('',#12206,#2134);
#1334=LINE('',#12221,#2135);
#1335=LINE('',#12228,#2136);
#1336=LINE('',#12230,#2137);
#1337=LINE('',#12231,#2138);
#1338=LINE('',#12234,#2139);
#1339=LINE('',#12236,#2140);
#1340=LINE('',#12237,#2141);
#1341=LINE('',#12240,#2142);
#1342=LINE('',#12242,#2143);
#1343=LINE('',#12243,#2144);
#1344=LINE('',#12258,#2145);
#1345=LINE('',#12294,#2146);
#1346=LINE('',#12300,#2147);
#1347=LINE('',#12303,#2148);
#1348=LINE('',#12305,#2149);
#1349=LINE('',#12306,#2150);
#1350=LINE('',#12309,#2151);
#1351=LINE('',#12311,#2152);
#1352=LINE('',#12312,#2153);
#1353=LINE('',#12315,#2154);
#1354=LINE('',#12317,#2155);
#1355=LINE('',#12318,#2156);
#1356=LINE('',#12337,#2157);
#1357=LINE('',#12356,#2158);
#1358=LINE('',#12378,#2159);
#1359=LINE('',#12380,#2160);
#1360=LINE('',#12382,#2161);
#1361=LINE('',#12383,#2162);
#1362=LINE('',#12386,#2163);
#1363=LINE('',#12388,#2164);
#1364=LINE('',#12389,#2165);
#1365=LINE('',#12392,#2166);
#1366=LINE('',#12394,#2167);
#1367=LINE('',#12395,#2168);
#1368=LINE('',#12398,#2169);
#1369=LINE('',#12400,#2170);
#1370=LINE('',#12401,#2171);
#1371=LINE('',#12404,#2172);
#1372=LINE('',#12406,#2173);
#1373=LINE('',#12407,#2174);
#1374=LINE('',#12410,#2175);
#1375=LINE('',#12412,#2176);
#1376=LINE('',#12413,#2177);
#1377=LINE('',#12416,#2178);
#1378=LINE('',#12418,#2179);
#1379=LINE('',#12419,#2180);
#1380=LINE('',#12422,#2181);
#1381=LINE('',#12424,#2182);
#1382=LINE('',#12425,#2183);
#1383=LINE('',#12428,#2184);
#1384=LINE('',#12430,#2185);
#1385=LINE('',#12431,#2186);
#1386=LINE('',#12434,#2187);
#1387=LINE('',#12436,#2188);
#1388=LINE('',#12437,#2189);
#1389=LINE('',#12440,#2190);
#1390=LINE('',#12442,#2191);
#1391=LINE('',#12443,#2192);
#1392=LINE('',#12445,#2193);
#1393=LINE('',#12446,#2194);
#1394=VECTOR('',#8192,10.);
#1395=VECTOR('',#8193,10.);
#1396=VECTOR('',#8206,10.);
#1397=VECTOR('',#8207,10.);
#1398=VECTOR('',#8220,10.);
#1399=VECTOR('',#8221,10.);
#1400=VECTOR('',#8224,10.);
#1401=VECTOR('',#8225,10.);
#1402=VECTOR('',#8238,10.);
#1403=VECTOR('',#8239,10.);
#1404=VECTOR('',#8242,10.);
#1405=VECTOR('',#8243,10.);
#1406=VECTOR('',#8246,10.);
#1407=VECTOR('',#8247,10.);
#1408=VECTOR('',#8250,10.);
#1409=VECTOR('',#8251,10.);
#1410=VECTOR('',#8254,10.);
#1411=VECTOR('',#8257,10.);
#1412=VECTOR('',#8262,10.);
#1413=VECTOR('',#8265,10.);
#1414=VECTOR('',#8272,10.);
#1415=VECTOR('',#8273,10.);
#1416=VECTOR('',#8274,10.);
#1417=VECTOR('',#8275,10.);
#1418=VECTOR('',#8278,10.);
#1419=VECTOR('',#8279,10.);
#1420=VECTOR('',#8280,10.);
#1421=VECTOR('',#8281,10.);
#1422=VECTOR('',#8284,10.);
#1423=VECTOR('',#8285,10.);
#1424=VECTOR('',#8288,10.);
#1425=VECTOR('',#8289,10.);
#1426=VECTOR('',#8292,10.);
#1427=VECTOR('',#8293,10.);
#1428=VECTOR('',#8296,10.);
#1429=VECTOR('',#8301,10.);
#1430=VECTOR('',#8302,10.);
#1431=VECTOR('',#8303,10.);
#1432=VECTOR('',#8304,10.);
#1433=VECTOR('',#8307,10.);
#1434=VECTOR('',#8308,10.);
#1435=VECTOR('',#8309,10.);
#1436=VECTOR('',#8312,10.);
#1437=VECTOR('',#8313,10.);
#1438=VECTOR('',#8314,10.);
#1439=VECTOR('',#8327,10.);
#1440=VECTOR('',#8328,10.);
#1441=VECTOR('',#8329,10.);
#1442=VECTOR('',#8330,10.);
#1443=VECTOR('',#8333,10.);
#1444=VECTOR('',#8334,10.);
#1445=VECTOR('',#8335,10.);
#1446=VECTOR('',#8338,10.);
#1447=VECTOR('',#8339,10.);
#1448=VECTOR('',#8340,10.);
#1449=VECTOR('',#8353,10.);
#1450=VECTOR('',#8354,10.);
#1451=VECTOR('',#8355,10.);
#1452=VECTOR('',#8356,10.);
#1453=VECTOR('',#8359,10.);
#1454=VECTOR('',#8360,10.);
#1455=VECTOR('',#8361,10.);
#1456=VECTOR('',#8364,10.);
#1457=VECTOR('',#8365,10.);
#1458=VECTOR('',#8366,10.);
#1459=VECTOR('',#8379,10.);
#1460=VECTOR('',#8380,10.);
#1461=VECTOR('',#8381,10.);
#1462=VECTOR('',#8382,10.);
#1463=VECTOR('',#8385,10.);
#1464=VECTOR('',#8386,10.);
#1465=VECTOR('',#8387,10.);
#1466=VECTOR('',#8390,10.);
#1467=VECTOR('',#8391,10.);
#1468=VECTOR('',#8392,10.);
#1469=VECTOR('',#8405,10.);
#1470=VECTOR('',#8406,10.);
#1471=VECTOR('',#8407,10.);
#1472=VECTOR('',#8408,10.);
#1473=VECTOR('',#8411,10.);
#1474=VECTOR('',#8412,10.);
#1475=VECTOR('',#8413,10.);
#1476=VECTOR('',#8416,10.);
#1477=VECTOR('',#8417,10.);
#1478=VECTOR('',#8418,10.);
#1479=VECTOR('',#8431,10.);
#1480=VECTOR('',#8432,10.);
#1481=VECTOR('',#8433,10.);
#1482=VECTOR('',#8434,10.);
#1483=VECTOR('',#8437,10.);
#1484=VECTOR('',#8438,10.);
#1485=VECTOR('',#8439,10.);
#1486=VECTOR('',#8442,10.);
#1487=VECTOR('',#8443,10.);
#1488=VECTOR('',#8444,10.);
#1489=VECTOR('',#8457,10.);
#1490=VECTOR('',#8458,10.);
#1491=VECTOR('',#8459,10.);
#1492=VECTOR('',#8460,10.);
#1493=VECTOR('',#8463,10.);
#1494=VECTOR('',#8464,10.);
#1495=VECTOR('',#8465,10.);
#1496=VECTOR('',#8468,10.);
#1497=VECTOR('',#8469,10.);
#1498=VECTOR('',#8470,10.);
#1499=VECTOR('',#8483,10.);
#1500=VECTOR('',#8484,10.);
#1501=VECTOR('',#8485,10.);
#1502=VECTOR('',#8486,10.);
#1503=VECTOR('',#8489,10.);
#1504=VECTOR('',#8490,10.);
#1505=VECTOR('',#8491,10.);
#1506=VECTOR('',#8494,10.);
#1507=VECTOR('',#8495,10.);
#1508=VECTOR('',#8496,10.);
#1509=VECTOR('',#8509,10.);
#1510=VECTOR('',#8510,10.);
#1511=VECTOR('',#8511,10.);
#1512=VECTOR('',#8512,10.);
#1513=VECTOR('',#8515,10.);
#1514=VECTOR('',#8516,10.);
#1515=VECTOR('',#8517,10.);
#1516=VECTOR('',#8520,10.);
#1517=VECTOR('',#8521,10.);
#1518=VECTOR('',#8522,10.);
#1519=VECTOR('',#8535,10.);
#1520=VECTOR('',#8536,10.);
#1521=VECTOR('',#8537,10.);
#1522=VECTOR('',#8538,10.);
#1523=VECTOR('',#8541,10.);
#1524=VECTOR('',#8542,10.);
#1525=VECTOR('',#8543,10.);
#1526=VECTOR('',#8546,10.);
#1527=VECTOR('',#8547,10.);
#1528=VECTOR('',#8548,10.);
#1529=VECTOR('',#8561,10.);
#1530=VECTOR('',#8562,10.);
#1531=VECTOR('',#8563,10.);
#1532=VECTOR('',#8564,10.);
#1533=VECTOR('',#8567,10.);
#1534=VECTOR('',#8568,10.);
#1535=VECTOR('',#8569,10.);
#1536=VECTOR('',#8572,10.);
#1537=VECTOR('',#8573,10.);
#1538=VECTOR('',#8574,10.);
#1539=VECTOR('',#8587,10.);
#1540=VECTOR('',#8588,10.);
#1541=VECTOR('',#8589,10.);
#1542=VECTOR('',#8590,10.);
#1543=VECTOR('',#8593,10.);
#1544=VECTOR('',#8594,10.);
#1545=VECTOR('',#8595,10.);
#1546=VECTOR('',#8598,10.);
#1547=VECTOR('',#8599,10.);
#1548=VECTOR('',#8600,10.);
#1549=VECTOR('',#8613,10.);
#1550=VECTOR('',#8614,10.);
#1551=VECTOR('',#8615,10.);
#1552=VECTOR('',#8616,10.);
#1553=VECTOR('',#8619,10.);
#1554=VECTOR('',#8620,10.);
#1555=VECTOR('',#8621,10.);
#1556=VECTOR('',#8624,10.);
#1557=VECTOR('',#8625,10.);
#1558=VECTOR('',#8626,10.);
#1559=VECTOR('',#8639,10.);
#1560=VECTOR('',#8640,10.);
#1561=VECTOR('',#8641,10.);
#1562=VECTOR('',#8642,10.);
#1563=VECTOR('',#8645,10.);
#1564=VECTOR('',#8646,10.);
#1565=VECTOR('',#8647,10.);
#1566=VECTOR('',#8650,10.);
#1567=VECTOR('',#8651,10.);
#1568=VECTOR('',#8652,10.);
#1569=VECTOR('',#8665,10.);
#1570=VECTOR('',#8666,10.);
#1571=VECTOR('',#8667,10.);
#1572=VECTOR('',#8668,10.);
#1573=VECTOR('',#8671,10.);
#1574=VECTOR('',#8672,10.);
#1575=VECTOR('',#8673,10.);
#1576=VECTOR('',#8676,10.);
#1577=VECTOR('',#8677,10.);
#1578=VECTOR('',#8678,10.);
#1579=VECTOR('',#8691,10.);
#1580=VECTOR('',#8692,10.);
#1581=VECTOR('',#8693,10.);
#1582=VECTOR('',#8694,10.);
#1583=VECTOR('',#8697,10.);
#1584=VECTOR('',#8698,10.);
#1585=VECTOR('',#8699,10.);
#1586=VECTOR('',#8702,10.);
#1587=VECTOR('',#8703,10.);
#1588=VECTOR('',#8704,10.);
#1589=VECTOR('',#8717,10.);
#1590=VECTOR('',#8718,10.);
#1591=VECTOR('',#8719,10.);
#1592=VECTOR('',#8720,10.);
#1593=VECTOR('',#8723,10.);
#1594=VECTOR('',#8724,10.);
#1595=VECTOR('',#8725,10.);
#1596=VECTOR('',#8728,10.);
#1597=VECTOR('',#8729,10.);
#1598=VECTOR('',#8730,10.);
#1599=VECTOR('',#8743,10.);
#1600=VECTOR('',#8744,10.);
#1601=VECTOR('',#8745,10.);
#1602=VECTOR('',#8746,10.);
#1603=VECTOR('',#8749,10.);
#1604=VECTOR('',#8750,10.);
#1605=VECTOR('',#8751,10.);
#1606=VECTOR('',#8754,10.);
#1607=VECTOR('',#8755,10.);
#1608=VECTOR('',#8756,10.);
#1609=VECTOR('',#8769,10.);
#1610=VECTOR('',#8770,10.);
#1611=VECTOR('',#8771,10.);
#1612=VECTOR('',#8772,10.);
#1613=VECTOR('',#8775,10.);
#1614=VECTOR('',#8776,10.);
#1615=VECTOR('',#8777,10.);
#1616=VECTOR('',#8780,10.);
#1617=VECTOR('',#8781,10.);
#1618=VECTOR('',#8782,10.);
#1619=VECTOR('',#8795,10.);
#1620=VECTOR('',#8796,10.);
#1621=VECTOR('',#8797,10.);
#1622=VECTOR('',#8798,10.);
#1623=VECTOR('',#8801,10.);
#1624=VECTOR('',#8802,10.);
#1625=VECTOR('',#8803,10.);
#1626=VECTOR('',#8806,10.);
#1627=VECTOR('',#8807,10.);
#1628=VECTOR('',#8808,10.);
#1629=VECTOR('',#8821,10.);
#1630=VECTOR('',#8822,10.);
#1631=VECTOR('',#8823,10.);
#1632=VECTOR('',#8824,10.);
#1633=VECTOR('',#8827,10.);
#1634=VECTOR('',#8828,10.);
#1635=VECTOR('',#8829,10.);
#1636=VECTOR('',#8832,10.);
#1637=VECTOR('',#8833,10.);
#1638=VECTOR('',#8834,10.);
#1639=VECTOR('',#8847,10.);
#1640=VECTOR('',#8848,10.);
#1641=VECTOR('',#8849,10.);
#1642=VECTOR('',#8850,10.);
#1643=VECTOR('',#8853,10.);
#1644=VECTOR('',#8854,10.);
#1645=VECTOR('',#8855,10.);
#1646=VECTOR('',#8858,10.);
#1647=VECTOR('',#8859,10.);
#1648=VECTOR('',#8860,10.);
#1649=VECTOR('',#8873,10.);
#1650=VECTOR('',#8874,10.);
#1651=VECTOR('',#8875,10.);
#1652=VECTOR('',#8876,10.);
#1653=VECTOR('',#8879,10.);
#1654=VECTOR('',#8880,10.);
#1655=VECTOR('',#8881,10.);
#1656=VECTOR('',#8884,10.);
#1657=VECTOR('',#8885,10.);
#1658=VECTOR('',#8886,10.);
#1659=VECTOR('',#8899,10.);
#1660=VECTOR('',#8900,10.);
#1661=VECTOR('',#8901,10.);
#1662=VECTOR('',#8902,10.);
#1663=VECTOR('',#8905,10.);
#1664=VECTOR('',#8906,10.);
#1665=VECTOR('',#8907,10.);
#1666=VECTOR('',#8910,10.);
#1667=VECTOR('',#8911,10.);
#1668=VECTOR('',#8912,10.);
#1669=VECTOR('',#8925,10.);
#1670=VECTOR('',#8926,10.);
#1671=VECTOR('',#8927,10.);
#1672=VECTOR('',#8928,10.);
#1673=VECTOR('',#8931,10.);
#1674=VECTOR('',#8932,10.);
#1675=VECTOR('',#8933,10.);
#1676=VECTOR('',#8936,10.);
#1677=VECTOR('',#8937,10.);
#1678=VECTOR('',#8938,10.);
#1679=VECTOR('',#8951,10.);
#1680=VECTOR('',#8952,10.);
#1681=VECTOR('',#8953,10.);
#1682=VECTOR('',#8954,10.);
#1683=VECTOR('',#8957,10.);
#1684=VECTOR('',#8958,10.);
#1685=VECTOR('',#8959,10.);
#1686=VECTOR('',#8962,10.);
#1687=VECTOR('',#8963,10.);
#1688=VECTOR('',#8964,10.);
#1689=VECTOR('',#8977,10.);
#1690=VECTOR('',#8978,10.);
#1691=VECTOR('',#8979,10.);
#1692=VECTOR('',#8980,10.);
#1693=VECTOR('',#8983,10.);
#1694=VECTOR('',#8984,10.);
#1695=VECTOR('',#8985,10.);
#1696=VECTOR('',#8988,10.);
#1697=VECTOR('',#8989,10.);
#1698=VECTOR('',#8990,10.);
#1699=VECTOR('',#9003,10.);
#1700=VECTOR('',#9004,10.);
#1701=VECTOR('',#9005,10.);
#1702=VECTOR('',#9006,10.);
#1703=VECTOR('',#9009,10.);
#1704=VECTOR('',#9010,10.);
#1705=VECTOR('',#9011,10.);
#1706=VECTOR('',#9014,10.);
#1707=VECTOR('',#9015,10.);
#1708=VECTOR('',#9016,10.);
#1709=VECTOR('',#9029,10.);
#1710=VECTOR('',#9030,10.);
#1711=VECTOR('',#9031,10.);
#1712=VECTOR('',#9032,10.);
#1713=VECTOR('',#9035,10.);
#1714=VECTOR('',#9036,10.);
#1715=VECTOR('',#9037,10.);
#1716=VECTOR('',#9040,10.);
#1717=VECTOR('',#9041,10.);
#1718=VECTOR('',#9042,10.);
#1719=VECTOR('',#9055,10.);
#1720=VECTOR('',#9056,10.);
#1721=VECTOR('',#9057,10.);
#1722=VECTOR('',#9058,10.);
#1723=VECTOR('',#9061,10.);
#1724=VECTOR('',#9062,10.);
#1725=VECTOR('',#9063,10.);
#1726=VECTOR('',#9066,10.);
#1727=VECTOR('',#9067,10.);
#1728=VECTOR('',#9068,10.);
#1729=VECTOR('',#9081,10.);
#1730=VECTOR('',#9082,10.);
#1731=VECTOR('',#9083,10.);
#1732=VECTOR('',#9084,10.);
#1733=VECTOR('',#9087,10.);
#1734=VECTOR('',#9088,10.);
#1735=VECTOR('',#9089,10.);
#1736=VECTOR('',#9092,10.);
#1737=VECTOR('',#9093,10.);
#1738=VECTOR('',#9094,10.);
#1739=VECTOR('',#9107,10.);
#1740=VECTOR('',#9108,10.);
#1741=VECTOR('',#9109,10.);
#1742=VECTOR('',#9110,10.);
#1743=VECTOR('',#9113,10.);
#1744=VECTOR('',#9114,10.);
#1745=VECTOR('',#9115,10.);
#1746=VECTOR('',#9118,10.);
#1747=VECTOR('',#9119,10.);
#1748=VECTOR('',#9120,10.);
#1749=VECTOR('',#9133,10.);
#1750=VECTOR('',#9134,10.);
#1751=VECTOR('',#9135,10.);
#1752=VECTOR('',#9136,10.);
#1753=VECTOR('',#9139,10.);
#1754=VECTOR('',#9140,10.);
#1755=VECTOR('',#9141,10.);
#1756=VECTOR('',#9144,10.);
#1757=VECTOR('',#9145,10.);
#1758=VECTOR('',#9146,10.);
#1759=VECTOR('',#9159,10.);
#1760=VECTOR('',#9160,10.);
#1761=VECTOR('',#9161,10.);
#1762=VECTOR('',#9162,10.);
#1763=VECTOR('',#9165,10.);
#1764=VECTOR('',#9166,10.);
#1765=VECTOR('',#9167,10.);
#1766=VECTOR('',#9170,10.);
#1767=VECTOR('',#9171,10.);
#1768=VECTOR('',#9172,10.);
#1769=VECTOR('',#9185,10.);
#1770=VECTOR('',#9186,10.);
#1771=VECTOR('',#9187,10.);
#1772=VECTOR('',#9188,10.);
#1773=VECTOR('',#9191,10.);
#1774=VECTOR('',#9192,10.);
#1775=VECTOR('',#9193,10.);
#1776=VECTOR('',#9196,10.);
#1777=VECTOR('',#9197,10.);
#1778=VECTOR('',#9198,10.);
#1779=VECTOR('',#9211,10.);
#1780=VECTOR('',#9212,10.);
#1781=VECTOR('',#9213,10.);
#1782=VECTOR('',#9214,10.);
#1783=VECTOR('',#9217,10.);
#1784=VECTOR('',#9218,10.);
#1785=VECTOR('',#9219,10.);
#1786=VECTOR('',#9222,10.);
#1787=VECTOR('',#9223,10.);
#1788=VECTOR('',#9224,10.);
#1789=VECTOR('',#9237,10.);
#1790=VECTOR('',#9238,10.);
#1791=VECTOR('',#9239,10.);
#1792=VECTOR('',#9240,10.);
#1793=VECTOR('',#9243,10.);
#1794=VECTOR('',#9244,10.);
#1795=VECTOR('',#9245,10.);
#1796=VECTOR('',#9248,10.);
#1797=VECTOR('',#9249,10.);
#1798=VECTOR('',#9250,10.);
#1799=VECTOR('',#9263,10.);
#1800=VECTOR('',#9264,10.);
#1801=VECTOR('',#9265,10.);
#1802=VECTOR('',#9266,10.);
#1803=VECTOR('',#9269,10.);
#1804=VECTOR('',#9270,10.);
#1805=VECTOR('',#9271,10.);
#1806=VECTOR('',#9274,10.);
#1807=VECTOR('',#9275,10.);
#1808=VECTOR('',#9276,10.);
#1809=VECTOR('',#9289,10.);
#1810=VECTOR('',#9290,10.);
#1811=VECTOR('',#9291,10.);
#1812=VECTOR('',#9292,10.);
#1813=VECTOR('',#9295,10.);
#1814=VECTOR('',#9296,10.);
#1815=VECTOR('',#9297,10.);
#1816=VECTOR('',#9300,10.);
#1817=VECTOR('',#9301,10.);
#1818=VECTOR('',#9302,10.);
#1819=VECTOR('',#9315,10.);
#1820=VECTOR('',#9316,10.);
#1821=VECTOR('',#9317,10.);
#1822=VECTOR('',#9318,10.);
#1823=VECTOR('',#9321,10.);
#1824=VECTOR('',#9322,10.);
#1825=VECTOR('',#9323,10.);
#1826=VECTOR('',#9326,10.);
#1827=VECTOR('',#9327,10.);
#1828=VECTOR('',#9328,10.);
#1829=VECTOR('',#9341,10.);
#1830=VECTOR('',#9342,10.);
#1831=VECTOR('',#9343,10.);
#1832=VECTOR('',#9344,10.);
#1833=VECTOR('',#9347,10.);
#1834=VECTOR('',#9348,10.);
#1835=VECTOR('',#9349,10.);
#1836=VECTOR('',#9352,10.);
#1837=VECTOR('',#9353,10.);
#1838=VECTOR('',#9354,10.);
#1839=VECTOR('',#9367,10.);
#1840=VECTOR('',#9368,10.);
#1841=VECTOR('',#9369,10.);
#1842=VECTOR('',#9370,10.);
#1843=VECTOR('',#9373,10.);
#1844=VECTOR('',#9374,10.);
#1845=VECTOR('',#9375,10.);
#1846=VECTOR('',#9378,10.);
#1847=VECTOR('',#9379,10.);
#1848=VECTOR('',#9380,10.);
#1849=VECTOR('',#9393,10.);
#1850=VECTOR('',#9394,10.);
#1851=VECTOR('',#9395,10.);
#1852=VECTOR('',#9396,10.);
#1853=VECTOR('',#9399,10.);
#1854=VECTOR('',#9400,10.);
#1855=VECTOR('',#9401,10.);
#1856=VECTOR('',#9404,10.);
#1857=VECTOR('',#9405,10.);
#1858=VECTOR('',#9406,10.);
#1859=VECTOR('',#9419,10.);
#1860=VECTOR('',#9420,10.);
#1861=VECTOR('',#9421,10.);
#1862=VECTOR('',#9422,10.);
#1863=VECTOR('',#9425,10.);
#1864=VECTOR('',#9426,10.);
#1865=VECTOR('',#9427,10.);
#1866=VECTOR('',#9430,10.);
#1867=VECTOR('',#9431,10.);
#1868=VECTOR('',#9432,10.);
#1869=VECTOR('',#9445,10.);
#1870=VECTOR('',#9446,10.);
#1871=VECTOR('',#9447,10.);
#1872=VECTOR('',#9448,10.);
#1873=VECTOR('',#9451,10.);
#1874=VECTOR('',#9452,10.);
#1875=VECTOR('',#9453,10.);
#1876=VECTOR('',#9456,10.);
#1877=VECTOR('',#9457,10.);
#1878=VECTOR('',#9458,10.);
#1879=VECTOR('',#9471,10.);
#1880=VECTOR('',#9472,10.);
#1881=VECTOR('',#9473,10.);
#1882=VECTOR('',#9474,10.);
#1883=VECTOR('',#9477,10.);
#1884=VECTOR('',#9478,10.);
#1885=VECTOR('',#9479,10.);
#1886=VECTOR('',#9482,10.);
#1887=VECTOR('',#9483,10.);
#1888=VECTOR('',#9484,10.);
#1889=VECTOR('',#9497,10.);
#1890=VECTOR('',#9498,10.);
#1891=VECTOR('',#9499,10.);
#1892=VECTOR('',#9500,10.);
#1893=VECTOR('',#9503,10.);
#1894=VECTOR('',#9504,10.);
#1895=VECTOR('',#9505,10.);
#1896=VECTOR('',#9508,10.);
#1897=VECTOR('',#9509,10.);
#1898=VECTOR('',#9510,10.);
#1899=VECTOR('',#9523,10.);
#1900=VECTOR('',#9524,10.);
#1901=VECTOR('',#9525,10.);
#1902=VECTOR('',#9526,10.);
#1903=VECTOR('',#9529,10.);
#1904=VECTOR('',#9530,10.);
#1905=VECTOR('',#9531,10.);
#1906=VECTOR('',#9534,10.);
#1907=VECTOR('',#9535,10.);
#1908=VECTOR('',#9536,10.);
#1909=VECTOR('',#9549,10.);
#1910=VECTOR('',#9550,10.);
#1911=VECTOR('',#9551,10.);
#1912=VECTOR('',#9552,10.);
#1913=VECTOR('',#9555,10.);
#1914=VECTOR('',#9556,10.);
#1915=VECTOR('',#9557,10.);
#1916=VECTOR('',#9560,10.);
#1917=VECTOR('',#9561,10.);
#1918=VECTOR('',#9562,10.);
#1919=VECTOR('',#9575,10.);
#1920=VECTOR('',#9576,10.);
#1921=VECTOR('',#9577,10.);
#1922=VECTOR('',#9578,10.);
#1923=VECTOR('',#9581,10.);
#1924=VECTOR('',#9582,10.);
#1925=VECTOR('',#9583,10.);
#1926=VECTOR('',#9586,10.);
#1927=VECTOR('',#9587,10.);
#1928=VECTOR('',#9588,10.);
#1929=VECTOR('',#9601,10.);
#1930=VECTOR('',#9602,10.);
#1931=VECTOR('',#9603,10.);
#1932=VECTOR('',#9604,10.);
#1933=VECTOR('',#9607,10.);
#1934=VECTOR('',#9608,10.);
#1935=VECTOR('',#9609,10.);
#1936=VECTOR('',#9612,10.);
#1937=VECTOR('',#9613,10.);
#1938=VECTOR('',#9614,10.);
#1939=VECTOR('',#9627,10.);
#1940=VECTOR('',#9628,10.);
#1941=VECTOR('',#9629,10.);
#1942=VECTOR('',#9630,10.);
#1943=VECTOR('',#9633,10.);
#1944=VECTOR('',#9634,10.);
#1945=VECTOR('',#9635,10.);
#1946=VECTOR('',#9638,10.);
#1947=VECTOR('',#9639,10.);
#1948=VECTOR('',#9640,10.);
#1949=VECTOR('',#9653,10.);
#1950=VECTOR('',#9654,10.);
#1951=VECTOR('',#9655,10.);
#1952=VECTOR('',#9656,10.);
#1953=VECTOR('',#9659,10.);
#1954=VECTOR('',#9660,10.);
#1955=VECTOR('',#9661,10.);
#1956=VECTOR('',#9664,10.);
#1957=VECTOR('',#9665,10.);
#1958=VECTOR('',#9666,10.);
#1959=VECTOR('',#9679,10.);
#1960=VECTOR('',#9680,10.);
#1961=VECTOR('',#9681,10.);
#1962=VECTOR('',#9682,10.);
#1963=VECTOR('',#9685,10.);
#1964=VECTOR('',#9686,10.);
#1965=VECTOR('',#9687,10.);
#1966=VECTOR('',#9690,10.);
#1967=VECTOR('',#9691,10.);
#1968=VECTOR('',#9692,10.);
#1969=VECTOR('',#9705,10.);
#1970=VECTOR('',#9706,10.);
#1971=VECTOR('',#9707,10.);
#1972=VECTOR('',#9708,10.);
#1973=VECTOR('',#9711,10.);
#1974=VECTOR('',#9712,10.);
#1975=VECTOR('',#9713,10.);
#1976=VECTOR('',#9716,10.);
#1977=VECTOR('',#9717,10.);
#1978=VECTOR('',#9718,10.);
#1979=VECTOR('',#9731,10.);
#1980=VECTOR('',#9732,10.);
#1981=VECTOR('',#9733,10.);
#1982=VECTOR('',#9734,10.);
#1983=VECTOR('',#9737,10.);
#1984=VECTOR('',#9738,10.);
#1985=VECTOR('',#9739,10.);
#1986=VECTOR('',#9742,10.);
#1987=VECTOR('',#9743,10.);
#1988=VECTOR('',#9744,10.);
#1989=VECTOR('',#9757,10.);
#1990=VECTOR('',#9758,10.);
#1991=VECTOR('',#9759,10.);
#1992=VECTOR('',#9760,10.);
#1993=VECTOR('',#9763,10.);
#1994=VECTOR('',#9764,10.);
#1995=VECTOR('',#9765,10.);
#1996=VECTOR('',#9768,10.);
#1997=VECTOR('',#9769,10.);
#1998=VECTOR('',#9770,10.);
#1999=VECTOR('',#9783,10.);
#2000=VECTOR('',#9784,10.);
#2001=VECTOR('',#9785,10.);
#2002=VECTOR('',#9786,10.);
#2003=VECTOR('',#9789,10.);
#2004=VECTOR('',#9790,10.);
#2005=VECTOR('',#9791,10.);
#2006=VECTOR('',#9794,10.);
#2007=VECTOR('',#9795,10.);
#2008=VECTOR('',#9796,10.);
#2009=VECTOR('',#9809,10.);
#2010=VECTOR('',#9810,10.);
#2011=VECTOR('',#9811,10.);
#2012=VECTOR('',#9812,10.);
#2013=VECTOR('',#9815,10.);
#2014=VECTOR('',#9816,10.);
#2015=VECTOR('',#9817,10.);
#2016=VECTOR('',#9820,10.);
#2017=VECTOR('',#9821,10.);
#2018=VECTOR('',#9822,10.);
#2019=VECTOR('',#9835,10.);
#2020=VECTOR('',#9836,10.);
#2021=VECTOR('',#9837,10.);
#2022=VECTOR('',#9838,10.);
#2023=VECTOR('',#9841,10.);
#2024=VECTOR('',#9842,10.);
#2025=VECTOR('',#9843,10.);
#2026=VECTOR('',#9846,10.);
#2027=VECTOR('',#9847,10.);
#2028=VECTOR('',#9848,10.);
#2029=VECTOR('',#9861,10.);
#2030=VECTOR('',#9862,10.);
#2031=VECTOR('',#9863,10.);
#2032=VECTOR('',#9864,10.);
#2033=VECTOR('',#9867,10.);
#2034=VECTOR('',#9868,10.);
#2035=VECTOR('',#9869,10.);
#2036=VECTOR('',#9872,10.);
#2037=VECTOR('',#9873,10.);
#2038=VECTOR('',#9874,10.);
#2039=VECTOR('',#9887,10.);
#2040=VECTOR('',#9888,10.);
#2041=VECTOR('',#9889,10.);
#2042=VECTOR('',#9890,10.);
#2043=VECTOR('',#9893,10.);
#2044=VECTOR('',#9894,10.);
#2045=VECTOR('',#9895,10.);
#2046=VECTOR('',#9898,10.);
#2047=VECTOR('',#9899,10.);
#2048=VECTOR('',#9900,10.);
#2049=VECTOR('',#9913,10.);
#2050=VECTOR('',#9914,10.);
#2051=VECTOR('',#9915,10.);
#2052=VECTOR('',#9916,10.);
#2053=VECTOR('',#9919,10.);
#2054=VECTOR('',#9920,10.);
#2055=VECTOR('',#9921,10.);
#2056=VECTOR('',#9924,10.);
#2057=VECTOR('',#9925,10.);
#2058=VECTOR('',#9926,10.);
#2059=VECTOR('',#9939,10.);
#2060=VECTOR('',#9940,10.);
#2061=VECTOR('',#9941,10.);
#2062=VECTOR('',#9942,10.);
#2063=VECTOR('',#9945,10.);
#2064=VECTOR('',#9946,10.);
#2065=VECTOR('',#9947,10.);
#2066=VECTOR('',#9950,10.);
#2067=VECTOR('',#9951,10.);
#2068=VECTOR('',#9952,10.);
#2069=VECTOR('',#9969,0.5);
#2070=VECTOR('',#9980,10.);
#2071=VECTOR('',#9981,10.);
#2072=VECTOR('',#9982,10.);
#2073=VECTOR('',#9983,10.);
#2074=VECTOR('',#9986,10.);
#2075=VECTOR('',#9987,10.);
#2076=VECTOR('',#9988,10.);
#2077=VECTOR('',#9989,10.);
#2078=VECTOR('',#9992,10.);
#2079=VECTOR('',#9993,10.);
#2080=VECTOR('',#9996,10.);
#2081=VECTOR('',#9997,10.);
#2082=VECTOR('',#9998,10.);
#2083=VECTOR('',#10001,10.);
#2084=VECTOR('',#10002,10.);
#2085=VECTOR('',#10003,10.);
#2086=VECTOR('',#10006,10.);
#2087=VECTOR('',#10007,10.);
#2088=VECTOR('',#10008,10.);
#2089=VECTOR('',#10011,10.);
#2090=VECTOR('',#10012,10.);
#2091=VECTOR('',#10013,10.);
#2092=VECTOR('',#10016,10.);
#2093=VECTOR('',#10017,10.);
#2094=VECTOR('',#10018,10.);
#2095=VECTOR('',#10021,10.);
#2096=VECTOR('',#10022,10.);
#2097=VECTOR('',#10023,10.);
#2098=VECTOR('',#10024,10.);
#2099=VECTOR('',#10025,10.);
#2100=VECTOR('',#10026,10.);
#2101=VECTOR('',#10027,10.);
#2102=VECTOR('',#10028,10.);
#2103=VECTOR('',#10029,10.);
#2104=VECTOR('',#10030,10.);
#2105=VECTOR('',#10031,10.);
#2106=VECTOR('',#10032,10.);
#2107=VECTOR('',#10033,10.);
#2108=VECTOR('',#10036,10.);
#2109=VECTOR('',#10037,10.);
#2110=VECTOR('',#10040,10.);
#2111=VECTOR('',#10041,10.);
#2112=VECTOR('',#10044,10.);
#2113=VECTOR('',#10045,10.);
#2114=VECTOR('',#10048,10.);
#2115=VECTOR('',#10049,10.);
#2116=VECTOR('',#10052,10.);
#2117=VECTOR('',#10053,10.);
#2118=VECTOR('',#10056,10.);
#2119=VECTOR('',#10057,10.);
#2120=VECTOR('',#10060,10.);
#2121=VECTOR('',#10061,10.);
#2122=VECTOR('',#10064,10.);
#2123=VECTOR('',#10065,10.);
#2124=VECTOR('',#10068,10.);
#2125=VECTOR('',#10069,10.);
#2126=VECTOR('',#10072,10.);
#2127=VECTOR('',#10073,10.);
#2128=VECTOR('',#10076,10.);
#2129=VECTOR('',#10077,10.);
#2130=VECTOR('',#10078,10.);
#2131=VECTOR('',#10079,10.);
#2132=VECTOR('',#10082,10.);
#2133=VECTOR('',#10085,10.);
#2134=VECTOR('',#10086,10.);
#2135=VECTOR('',#10087,10.);
#2136=VECTOR('',#10090,10.);
#2137=VECTOR('',#10091,10.);
#2138=VECTOR('',#10092,10.);
#2139=VECTOR('',#10095,10.);
#2140=VECTOR('',#10096,10.);
#2141=VECTOR('',#10097,10.);
#2142=VECTOR('',#10100,10.);
#2143=VECTOR('',#10101,10.);
#2144=VECTOR('',#10102,10.);
#2145=VECTOR('',#10103,10.);
#2146=VECTOR('',#10104,10.);
#2147=VECTOR('',#10105,10.);
#2148=VECTOR('',#10108,10.);
#2149=VECTOR('',#10109,10.);
#2150=VECTOR('',#10110,10.);
#2151=VECTOR('',#10113,10.);
#2152=VECTOR('',#10114,10.);
#2153=VECTOR('',#10115,10.);
#2154=VECTOR('',#10118,10.);
#2155=VECTOR('',#10119,10.);
#2156=VECTOR('',#10120,10.);
#2157=VECTOR('',#10121,10.);
#2158=VECTOR('',#10122,10.);
#2159=VECTOR('',#10129,10.);
#2160=VECTOR('',#10130,10.);
#2161=VECTOR('',#10131,10.);
#2162=VECTOR('',#10132,10.);
#2163=VECTOR('',#10135,10.);
#2164=VECTOR('',#10136,10.);
#2165=VECTOR('',#10137,10.);
#2166=VECTOR('',#10140,10.);
#2167=VECTOR('',#10141,10.);
#2168=VECTOR('',#10142,10.);
#2169=VECTOR('',#10145,10.);
#2170=VECTOR('',#10146,10.);
#2171=VECTOR('',#10147,10.);
#2172=VECTOR('',#10150,10.);
#2173=VECTOR('',#10151,10.);
#2174=VECTOR('',#10152,10.);
#2175=VECTOR('',#10155,10.);
#2176=VECTOR('',#10156,10.);
#2177=VECTOR('',#10157,10.);
#2178=VECTOR('',#10160,10.);
#2179=VECTOR('',#10161,10.);
#2180=VECTOR('',#10162,10.);
#2181=VECTOR('',#10165,10.);
#2182=VECTOR('',#10166,10.);
#2183=VECTOR('',#10167,10.);
#2184=VECTOR('',#10170,10.);
#2185=VECTOR('',#10171,10.);
#2186=VECTOR('',#10172,10.);
#2187=VECTOR('',#10175,10.);
#2188=VECTOR('',#10176,10.);
#2189=VECTOR('',#10177,10.);
#2190=VECTOR('',#10180,10.);
#2191=VECTOR('',#10181,10.);
#2192=VECTOR('',#10182,10.);
#2193=VECTOR('',#10185,10.);
#2194=VECTOR('',#10186,10.);
#2195=CYLINDRICAL_SURFACE('',#7571,0.15);
#2196=CYLINDRICAL_SURFACE('',#7577,0.15);
#2197=CYLINDRICAL_SURFACE('',#7583,0.15);
#2198=CYLINDRICAL_SURFACE('',#7585,0.15);
#2199=CYLINDRICAL_SURFACE('',#7590,0.15);
#2200=CYLINDRICAL_SURFACE('',#7592,0.15);
#2201=CYLINDRICAL_SURFACE('',#7593,0.15);
#2202=CYLINDRICAL_SURFACE('',#7594,0.15);
#2203=CYLINDRICAL_SURFACE('',#7616,0.125);
#2204=CYLINDRICAL_SURFACE('',#7624,0.125);
#2205=CYLINDRICAL_SURFACE('',#7632,0.125);
#2206=CYLINDRICAL_SURFACE('',#7640,0.125);
#2207=CYLINDRICAL_SURFACE('',#7648,0.125);
#2208=CYLINDRICAL_SURFACE('',#7656,0.125);
#2209=CYLINDRICAL_SURFACE('',#7664,0.125);
#2210=CYLINDRICAL_SURFACE('',#7672,0.125);
#2211=CYLINDRICAL_SURFACE('',#7680,0.125);
#2212=CYLINDRICAL_SURFACE('',#7688,0.125);
#2213=CYLINDRICAL_SURFACE('',#7696,0.125);
#2214=CYLINDRICAL_SURFACE('',#7704,0.125);
#2215=CYLINDRICAL_SURFACE('',#7712,0.125);
#2216=CYLINDRICAL_SURFACE('',#7720,0.125);
#2217=CYLINDRICAL_SURFACE('',#7728,0.125);
#2218=CYLINDRICAL_SURFACE('',#7736,0.125);
#2219=CYLINDRICAL_SURFACE('',#7744,0.125);
#2220=CYLINDRICAL_SURFACE('',#7752,0.125);
#2221=CYLINDRICAL_SURFACE('',#7760,0.125);
#2222=CYLINDRICAL_SURFACE('',#7768,0.125);
#2223=CYLINDRICAL_SURFACE('',#7776,0.125);
#2224=CYLINDRICAL_SURFACE('',#7784,0.125);
#2225=CYLINDRICAL_SURFACE('',#7792,0.125);
#2226=CYLINDRICAL_SURFACE('',#7800,0.125);
#2227=CYLINDRICAL_SURFACE('',#7808,0.125);
#2228=CYLINDRICAL_SURFACE('',#7816,0.125);
#2229=CYLINDRICAL_SURFACE('',#7824,0.125);
#2230=CYLINDRICAL_SURFACE('',#7832,0.125);
#2231=CYLINDRICAL_SURFACE('',#7840,0.125);
#2232=CYLINDRICAL_SURFACE('',#7848,0.125);
#2233=CYLINDRICAL_SURFACE('',#7856,0.125);
#2234=CYLINDRICAL_SURFACE('',#7864,0.125);
#2235=CYLINDRICAL_SURFACE('',#7872,0.125);
#2236=CYLINDRICAL_SURFACE('',#7880,0.125);
#2237=CYLINDRICAL_SURFACE('',#7888,0.125);
#2238=CYLINDRICAL_SURFACE('',#7896,0.125);
#2239=CYLINDRICAL_SURFACE('',#7904,0.125);
#2240=CYLINDRICAL_SURFACE('',#7912,0.125);
#2241=CYLINDRICAL_SURFACE('',#7920,0.125);
#2242=CYLINDRICAL_SURFACE('',#7928,0.125);
#2243=CYLINDRICAL_SURFACE('',#7936,0.125);
#2244=CYLINDRICAL_SURFACE('',#7944,0.125);
#2245=CYLINDRICAL_SURFACE('',#7952,0.125);
#2246=CYLINDRICAL_SURFACE('',#7960,0.125);
#2247=CYLINDRICAL_SURFACE('',#7968,0.125);
#2248=CYLINDRICAL_SURFACE('',#7976,0.125);
#2249=CYLINDRICAL_SURFACE('',#7984,0.125);
#2250=CYLINDRICAL_SURFACE('',#7992,0.125);
#2251=CYLINDRICAL_SURFACE('',#8000,0.125);
#2252=CYLINDRICAL_SURFACE('',#8008,0.125);
#2253=CYLINDRICAL_SURFACE('',#8016,0.125);
#2254=CYLINDRICAL_SURFACE('',#8024,0.125);
#2255=CYLINDRICAL_SURFACE('',#8032,0.125);
#2256=CYLINDRICAL_SURFACE('',#8040,0.125);
#2257=CYLINDRICAL_SURFACE('',#8048,0.125);
#2258=CYLINDRICAL_SURFACE('',#8056,0.125);
#2259=CYLINDRICAL_SURFACE('',#8064,0.125);
#2260=CYLINDRICAL_SURFACE('',#8072,0.125);
#2261=CYLINDRICAL_SURFACE('',#8080,0.125);
#2262=CYLINDRICAL_SURFACE('',#8088,0.125);
#2263=CYLINDRICAL_SURFACE('',#8096,0.125);
#2264=CYLINDRICAL_SURFACE('',#8104,0.125);
#2265=CYLINDRICAL_SURFACE('',#8112,0.125);
#2266=CYLINDRICAL_SURFACE('',#8120,0.125);
#2267=CYLINDRICAL_SURFACE('',#8122,0.5);
#2268=FACE_OUTER_BOUND('',#2736,.T.);
#2269=FACE_OUTER_BOUND('',#2737,.T.);
#2270=FACE_OUTER_BOUND('',#2738,.T.);
#2271=FACE_OUTER_BOUND('',#2739,.T.);
#2272=FACE_OUTER_BOUND('',#2740,.T.);
#2273=FACE_OUTER_BOUND('',#2741,.T.);
#2274=FACE_OUTER_BOUND('',#2742,.T.);
#2275=FACE_OUTER_BOUND('',#2743,.T.);
#2276=FACE_OUTER_BOUND('',#2744,.T.);
#2277=FACE_OUTER_BOUND('',#2745,.T.);
#2278=FACE_OUTER_BOUND('',#2746,.T.);
#2279=FACE_OUTER_BOUND('',#2747,.T.);
#2280=FACE_OUTER_BOUND('',#2748,.T.);
#2281=FACE_OUTER_BOUND('',#2749,.T.);
#2282=FACE_OUTER_BOUND('',#2750,.T.);
#2283=FACE_OUTER_BOUND('',#2751,.T.);
#2284=FACE_OUTER_BOUND('',#2752,.T.);
#2285=FACE_OUTER_BOUND('',#2753,.T.);
#2286=FACE_OUTER_BOUND('',#2754,.T.);
#2287=FACE_OUTER_BOUND('',#2755,.T.);
#2288=FACE_OUTER_BOUND('',#2756,.T.);
#2289=FACE_OUTER_BOUND('',#2757,.T.);
#2290=FACE_OUTER_BOUND('',#2758,.T.);
#2291=FACE_OUTER_BOUND('',#2759,.T.);
#2292=FACE_OUTER_BOUND('',#2760,.T.);
#2293=FACE_OUTER_BOUND('',#2761,.T.);
#2294=FACE_OUTER_BOUND('',#2762,.T.);
#2295=FACE_OUTER_BOUND('',#2763,.T.);
#2296=FACE_OUTER_BOUND('',#2764,.T.);
#2297=FACE_OUTER_BOUND('',#2765,.T.);
#2298=FACE_OUTER_BOUND('',#2766,.T.);
#2299=FACE_OUTER_BOUND('',#2767,.T.);
#2300=FACE_OUTER_BOUND('',#2768,.T.);
#2301=FACE_OUTER_BOUND('',#2769,.T.);
#2302=FACE_OUTER_BOUND('',#2770,.T.);
#2303=FACE_OUTER_BOUND('',#2771,.T.);
#2304=FACE_OUTER_BOUND('',#2772,.T.);
#2305=FACE_OUTER_BOUND('',#2773,.T.);
#2306=FACE_OUTER_BOUND('',#2774,.T.);
#2307=FACE_OUTER_BOUND('',#2775,.T.);
#2308=FACE_OUTER_BOUND('',#2776,.T.);
#2309=FACE_OUTER_BOUND('',#2777,.T.);
#2310=FACE_OUTER_BOUND('',#2778,.T.);
#2311=FACE_OUTER_BOUND('',#2779,.T.);
#2312=FACE_OUTER_BOUND('',#2780,.T.);
#2313=FACE_OUTER_BOUND('',#2781,.T.);
#2314=FACE_OUTER_BOUND('',#2782,.T.);
#2315=FACE_OUTER_BOUND('',#2783,.T.);
#2316=FACE_OUTER_BOUND('',#2784,.T.);
#2317=FACE_OUTER_BOUND('',#2785,.T.);
#2318=FACE_OUTER_BOUND('',#2786,.T.);
#2319=FACE_OUTER_BOUND('',#2787,.T.);
#2320=FACE_OUTER_BOUND('',#2788,.T.);
#2321=FACE_OUTER_BOUND('',#2789,.T.);
#2322=FACE_OUTER_BOUND('',#2790,.T.);
#2323=FACE_OUTER_BOUND('',#2791,.T.);
#2324=FACE_OUTER_BOUND('',#2792,.T.);
#2325=FACE_OUTER_BOUND('',#2793,.T.);
#2326=FACE_OUTER_BOUND('',#2794,.T.);
#2327=FACE_OUTER_BOUND('',#2795,.T.);
#2328=FACE_OUTER_BOUND('',#2796,.T.);
#2329=FACE_OUTER_BOUND('',#2797,.T.);
#2330=FACE_OUTER_BOUND('',#2798,.T.);
#2331=FACE_OUTER_BOUND('',#2799,.T.);
#2332=FACE_OUTER_BOUND('',#2800,.T.);
#2333=FACE_OUTER_BOUND('',#2801,.T.);
#2334=FACE_OUTER_BOUND('',#2802,.T.);
#2335=FACE_OUTER_BOUND('',#2803,.T.);
#2336=FACE_OUTER_BOUND('',#2804,.T.);
#2337=FACE_OUTER_BOUND('',#2805,.T.);
#2338=FACE_OUTER_BOUND('',#2806,.T.);
#2339=FACE_OUTER_BOUND('',#2807,.T.);
#2340=FACE_OUTER_BOUND('',#2808,.T.);
#2341=FACE_OUTER_BOUND('',#2809,.T.);
#2342=FACE_OUTER_BOUND('',#2810,.T.);
#2343=FACE_OUTER_BOUND('',#2811,.T.);
#2344=FACE_OUTER_BOUND('',#2812,.T.);
#2345=FACE_OUTER_BOUND('',#2813,.T.);
#2346=FACE_OUTER_BOUND('',#2814,.T.);
#2347=FACE_OUTER_BOUND('',#2815,.T.);
#2348=FACE_OUTER_BOUND('',#2816,.T.);
#2349=FACE_OUTER_BOUND('',#2817,.T.);
#2350=FACE_OUTER_BOUND('',#2818,.T.);
#2351=FACE_OUTER_BOUND('',#2819,.T.);
#2352=FACE_OUTER_BOUND('',#2820,.T.);
#2353=FACE_OUTER_BOUND('',#2821,.T.);
#2354=FACE_OUTER_BOUND('',#2822,.T.);
#2355=FACE_OUTER_BOUND('',#2823,.T.);
#2356=FACE_OUTER_BOUND('',#2824,.T.);
#2357=FACE_OUTER_BOUND('',#2825,.T.);
#2358=FACE_OUTER_BOUND('',#2826,.T.);
#2359=FACE_OUTER_BOUND('',#2827,.T.);
#2360=FACE_OUTER_BOUND('',#2828,.T.);
#2361=FACE_OUTER_BOUND('',#2829,.T.);
#2362=FACE_OUTER_BOUND('',#2830,.T.);
#2363=FACE_OUTER_BOUND('',#2831,.T.);
#2364=FACE_OUTER_BOUND('',#2832,.T.);
#2365=FACE_OUTER_BOUND('',#2833,.T.);
#2366=FACE_OUTER_BOUND('',#2834,.T.);
#2367=FACE_OUTER_BOUND('',#2835,.T.);
#2368=FACE_OUTER_BOUND('',#2836,.T.);
#2369=FACE_OUTER_BOUND('',#2837,.T.);
#2370=FACE_OUTER_BOUND('',#2838,.T.);
#2371=FACE_OUTER_BOUND('',#2839,.T.);
#2372=FACE_OUTER_BOUND('',#2840,.T.);
#2373=FACE_OUTER_BOUND('',#2841,.T.);
#2374=FACE_OUTER_BOUND('',#2842,.T.);
#2375=FACE_OUTER_BOUND('',#2843,.T.);
#2376=FACE_OUTER_BOUND('',#2844,.T.);
#2377=FACE_OUTER_BOUND('',#2845,.T.);
#2378=FACE_OUTER_BOUND('',#2846,.T.);
#2379=FACE_OUTER_BOUND('',#2847,.T.);
#2380=FACE_OUTER_BOUND('',#2848,.T.);
#2381=FACE_OUTER_BOUND('',#2849,.T.);
#2382=FACE_OUTER_BOUND('',#2850,.T.);
#2383=FACE_OUTER_BOUND('',#2851,.T.);
#2384=FACE_OUTER_BOUND('',#2852,.T.);
#2385=FACE_OUTER_BOUND('',#2853,.T.);
#2386=FACE_OUTER_BOUND('',#2854,.T.);
#2387=FACE_OUTER_BOUND('',#2855,.T.);
#2388=FACE_OUTER_BOUND('',#2856,.T.);
#2389=FACE_OUTER_BOUND('',#2857,.T.);
#2390=FACE_OUTER_BOUND('',#2858,.T.);
#2391=FACE_OUTER_BOUND('',#2859,.T.);
#2392=FACE_OUTER_BOUND('',#2860,.T.);
#2393=FACE_OUTER_BOUND('',#2861,.T.);
#2394=FACE_OUTER_BOUND('',#2862,.T.);
#2395=FACE_OUTER_BOUND('',#2863,.T.);
#2396=FACE_OUTER_BOUND('',#2864,.T.);
#2397=FACE_OUTER_BOUND('',#2865,.T.);
#2398=FACE_OUTER_BOUND('',#2866,.T.);
#2399=FACE_OUTER_BOUND('',#2867,.T.);
#2400=FACE_OUTER_BOUND('',#2868,.T.);
#2401=FACE_OUTER_BOUND('',#2869,.T.);
#2402=FACE_OUTER_BOUND('',#2870,.T.);
#2403=FACE_OUTER_BOUND('',#2871,.T.);
#2404=FACE_OUTER_BOUND('',#2872,.T.);
#2405=FACE_OUTER_BOUND('',#2873,.T.);
#2406=FACE_OUTER_BOUND('',#2874,.T.);
#2407=FACE_OUTER_BOUND('',#2875,.T.);
#2408=FACE_OUTER_BOUND('',#2876,.T.);
#2409=FACE_OUTER_BOUND('',#2877,.T.);
#2410=FACE_OUTER_BOUND('',#2878,.T.);
#2411=FACE_OUTER_BOUND('',#2879,.T.);
#2412=FACE_OUTER_BOUND('',#2880,.T.);
#2413=FACE_OUTER_BOUND('',#2881,.T.);
#2414=FACE_OUTER_BOUND('',#2882,.T.);
#2415=FACE_OUTER_BOUND('',#2883,.T.);
#2416=FACE_OUTER_BOUND('',#2884,.T.);
#2417=FACE_OUTER_BOUND('',#2885,.T.);
#2418=FACE_OUTER_BOUND('',#2886,.T.);
#2419=FACE_OUTER_BOUND('',#2887,.T.);
#2420=FACE_OUTER_BOUND('',#2888,.T.);
#2421=FACE_OUTER_BOUND('',#2889,.T.);
#2422=FACE_OUTER_BOUND('',#2890,.T.);
#2423=FACE_OUTER_BOUND('',#2891,.T.);
#2424=FACE_OUTER_BOUND('',#2892,.T.);
#2425=FACE_OUTER_BOUND('',#2893,.T.);
#2426=FACE_OUTER_BOUND('',#2894,.T.);
#2427=FACE_OUTER_BOUND('',#2895,.T.);
#2428=FACE_OUTER_BOUND('',#2896,.T.);
#2429=FACE_OUTER_BOUND('',#2897,.T.);
#2430=FACE_OUTER_BOUND('',#2898,.T.);
#2431=FACE_OUTER_BOUND('',#2899,.T.);
#2432=FACE_OUTER_BOUND('',#2900,.T.);
#2433=FACE_OUTER_BOUND('',#2901,.T.);
#2434=FACE_OUTER_BOUND('',#2902,.T.);
#2435=FACE_OUTER_BOUND('',#2903,.T.);
#2436=FACE_OUTER_BOUND('',#2904,.T.);
#2437=FACE_OUTER_BOUND('',#2905,.T.);
#2438=FACE_OUTER_BOUND('',#2906,.T.);
#2439=FACE_OUTER_BOUND('',#2907,.T.);
#2440=FACE_OUTER_BOUND('',#2908,.T.);
#2441=FACE_OUTER_BOUND('',#2909,.T.);
#2442=FACE_OUTER_BOUND('',#2910,.T.);
#2443=FACE_OUTER_BOUND('',#2911,.T.);
#2444=FACE_OUTER_BOUND('',#2912,.T.);
#2445=FACE_OUTER_BOUND('',#2913,.T.);
#2446=FACE_OUTER_BOUND('',#2914,.T.);
#2447=FACE_OUTER_BOUND('',#2915,.T.);
#2448=FACE_OUTER_BOUND('',#2916,.T.);
#2449=FACE_OUTER_BOUND('',#2917,.T.);
#2450=FACE_OUTER_BOUND('',#2918,.T.);
#2451=FACE_OUTER_BOUND('',#2919,.T.);
#2452=FACE_OUTER_BOUND('',#2920,.T.);
#2453=FACE_OUTER_BOUND('',#2921,.T.);
#2454=FACE_OUTER_BOUND('',#2922,.T.);
#2455=FACE_OUTER_BOUND('',#2923,.T.);
#2456=FACE_OUTER_BOUND('',#2924,.T.);
#2457=FACE_OUTER_BOUND('',#2925,.T.);
#2458=FACE_OUTER_BOUND('',#2926,.T.);
#2459=FACE_OUTER_BOUND('',#2927,.T.);
#2460=FACE_OUTER_BOUND('',#2928,.T.);
#2461=FACE_OUTER_BOUND('',#2929,.T.);
#2462=FACE_OUTER_BOUND('',#2930,.T.);
#2463=FACE_OUTER_BOUND('',#2931,.T.);
#2464=FACE_OUTER_BOUND('',#2932,.T.);
#2465=FACE_OUTER_BOUND('',#2933,.T.);
#2466=FACE_OUTER_BOUND('',#2934,.T.);
#2467=FACE_OUTER_BOUND('',#2935,.T.);
#2468=FACE_OUTER_BOUND('',#2936,.T.);
#2469=FACE_OUTER_BOUND('',#2937,.T.);
#2470=FACE_OUTER_BOUND('',#2938,.T.);
#2471=FACE_OUTER_BOUND('',#2939,.T.);
#2472=FACE_OUTER_BOUND('',#2940,.T.);
#2473=FACE_OUTER_BOUND('',#2941,.T.);
#2474=FACE_OUTER_BOUND('',#2942,.T.);
#2475=FACE_OUTER_BOUND('',#2943,.T.);
#2476=FACE_OUTER_BOUND('',#2944,.T.);
#2477=FACE_OUTER_BOUND('',#2945,.T.);
#2478=FACE_OUTER_BOUND('',#2946,.T.);
#2479=FACE_OUTER_BOUND('',#2947,.T.);
#2480=FACE_OUTER_BOUND('',#2948,.T.);
#2481=FACE_OUTER_BOUND('',#2949,.T.);
#2482=FACE_OUTER_BOUND('',#2950,.T.);
#2483=FACE_OUTER_BOUND('',#2951,.T.);
#2484=FACE_OUTER_BOUND('',#2952,.T.);
#2485=FACE_OUTER_BOUND('',#2953,.T.);
#2486=FACE_OUTER_BOUND('',#2954,.T.);
#2487=FACE_OUTER_BOUND('',#2955,.T.);
#2488=FACE_OUTER_BOUND('',#2956,.T.);
#2489=FACE_OUTER_BOUND('',#2957,.T.);
#2490=FACE_OUTER_BOUND('',#2958,.T.);
#2491=FACE_OUTER_BOUND('',#2959,.T.);
#2492=FACE_OUTER_BOUND('',#2960,.T.);
#2493=FACE_OUTER_BOUND('',#2961,.T.);
#2494=FACE_OUTER_BOUND('',#2962,.T.);
#2495=FACE_OUTER_BOUND('',#2963,.T.);
#2496=FACE_OUTER_BOUND('',#2964,.T.);
#2497=FACE_OUTER_BOUND('',#2965,.T.);
#2498=FACE_OUTER_BOUND('',#2966,.T.);
#2499=FACE_OUTER_BOUND('',#2967,.T.);
#2500=FACE_OUTER_BOUND('',#2968,.T.);
#2501=FACE_OUTER_BOUND('',#2969,.T.);
#2502=FACE_OUTER_BOUND('',#2970,.T.);
#2503=FACE_OUTER_BOUND('',#2971,.T.);
#2504=FACE_OUTER_BOUND('',#2972,.T.);
#2505=FACE_OUTER_BOUND('',#2973,.T.);
#2506=FACE_OUTER_BOUND('',#2974,.T.);
#2507=FACE_OUTER_BOUND('',#2975,.T.);
#2508=FACE_OUTER_BOUND('',#2976,.T.);
#2509=FACE_OUTER_BOUND('',#2977,.T.);
#2510=FACE_OUTER_BOUND('',#2978,.T.);
#2511=FACE_OUTER_BOUND('',#2979,.T.);
#2512=FACE_OUTER_BOUND('',#2980,.T.);
#2513=FACE_OUTER_BOUND('',#2981,.T.);
#2514=FACE_OUTER_BOUND('',#2982,.T.);
#2515=FACE_OUTER_BOUND('',#2983,.T.);
#2516=FACE_OUTER_BOUND('',#2984,.T.);
#2517=FACE_OUTER_BOUND('',#2985,.T.);
#2518=FACE_OUTER_BOUND('',#2986,.T.);
#2519=FACE_OUTER_BOUND('',#2987,.T.);
#2520=FACE_OUTER_BOUND('',#2988,.T.);
#2521=FACE_OUTER_BOUND('',#2989,.T.);
#2522=FACE_OUTER_BOUND('',#2990,.T.);
#2523=FACE_OUTER_BOUND('',#2991,.T.);
#2524=FACE_OUTER_BOUND('',#2992,.T.);
#2525=FACE_OUTER_BOUND('',#2993,.T.);
#2526=FACE_OUTER_BOUND('',#2994,.T.);
#2527=FACE_OUTER_BOUND('',#2995,.T.);
#2528=FACE_OUTER_BOUND('',#2996,.T.);
#2529=FACE_OUTER_BOUND('',#2997,.T.);
#2530=FACE_OUTER_BOUND('',#2998,.T.);
#2531=FACE_OUTER_BOUND('',#2999,.T.);
#2532=FACE_OUTER_BOUND('',#3000,.T.);
#2533=FACE_OUTER_BOUND('',#3001,.T.);
#2534=FACE_OUTER_BOUND('',#3002,.T.);
#2535=FACE_OUTER_BOUND('',#3003,.T.);
#2536=FACE_OUTER_BOUND('',#3004,.T.);
#2537=FACE_OUTER_BOUND('',#3005,.T.);
#2538=FACE_OUTER_BOUND('',#3006,.T.);
#2539=FACE_OUTER_BOUND('',#3007,.T.);
#2540=FACE_OUTER_BOUND('',#3008,.T.);
#2541=FACE_OUTER_BOUND('',#3009,.T.);
#2542=FACE_OUTER_BOUND('',#3010,.T.);
#2543=FACE_OUTER_BOUND('',#3011,.T.);
#2544=FACE_OUTER_BOUND('',#3012,.T.);
#2545=FACE_OUTER_BOUND('',#3013,.T.);
#2546=FACE_OUTER_BOUND('',#3014,.T.);
#2547=FACE_OUTER_BOUND('',#3015,.T.);
#2548=FACE_OUTER_BOUND('',#3016,.T.);
#2549=FACE_OUTER_BOUND('',#3017,.T.);
#2550=FACE_OUTER_BOUND('',#3018,.T.);
#2551=FACE_OUTER_BOUND('',#3019,.T.);
#2552=FACE_OUTER_BOUND('',#3020,.T.);
#2553=FACE_OUTER_BOUND('',#3021,.T.);
#2554=FACE_OUTER_BOUND('',#3022,.T.);
#2555=FACE_OUTER_BOUND('',#3023,.T.);
#2556=FACE_OUTER_BOUND('',#3024,.T.);
#2557=FACE_OUTER_BOUND('',#3025,.T.);
#2558=FACE_OUTER_BOUND('',#3026,.T.);
#2559=FACE_OUTER_BOUND('',#3027,.T.);
#2560=FACE_OUTER_BOUND('',#3028,.T.);
#2561=FACE_OUTER_BOUND('',#3029,.T.);
#2562=FACE_OUTER_BOUND('',#3030,.T.);
#2563=FACE_OUTER_BOUND('',#3031,.T.);
#2564=FACE_OUTER_BOUND('',#3032,.T.);
#2565=FACE_OUTER_BOUND('',#3033,.T.);
#2566=FACE_OUTER_BOUND('',#3034,.T.);
#2567=FACE_OUTER_BOUND('',#3035,.T.);
#2568=FACE_OUTER_BOUND('',#3036,.T.);
#2569=FACE_OUTER_BOUND('',#3037,.T.);
#2570=FACE_OUTER_BOUND('',#3038,.T.);
#2571=FACE_OUTER_BOUND('',#3039,.T.);
#2572=FACE_OUTER_BOUND('',#3040,.T.);
#2573=FACE_OUTER_BOUND('',#3041,.T.);
#2574=FACE_OUTER_BOUND('',#3042,.T.);
#2575=FACE_OUTER_BOUND('',#3043,.T.);
#2576=FACE_OUTER_BOUND('',#3044,.T.);
#2577=FACE_OUTER_BOUND('',#3045,.T.);
#2578=FACE_OUTER_BOUND('',#3046,.T.);
#2579=FACE_OUTER_BOUND('',#3047,.T.);
#2580=FACE_OUTER_BOUND('',#3048,.T.);
#2581=FACE_OUTER_BOUND('',#3049,.T.);
#2582=FACE_OUTER_BOUND('',#3050,.T.);
#2583=FACE_OUTER_BOUND('',#3051,.T.);
#2584=FACE_OUTER_BOUND('',#3052,.T.);
#2585=FACE_OUTER_BOUND('',#3053,.T.);
#2586=FACE_OUTER_BOUND('',#3054,.T.);
#2587=FACE_OUTER_BOUND('',#3055,.T.);
#2588=FACE_OUTER_BOUND('',#3056,.T.);
#2589=FACE_OUTER_BOUND('',#3057,.T.);
#2590=FACE_OUTER_BOUND('',#3058,.T.);
#2591=FACE_OUTER_BOUND('',#3059,.T.);
#2592=FACE_OUTER_BOUND('',#3060,.T.);
#2593=FACE_OUTER_BOUND('',#3061,.T.);
#2594=FACE_OUTER_BOUND('',#3062,.T.);
#2595=FACE_OUTER_BOUND('',#3063,.T.);
#2596=FACE_OUTER_BOUND('',#3064,.T.);
#2597=FACE_OUTER_BOUND('',#3065,.T.);
#2598=FACE_OUTER_BOUND('',#3066,.T.);
#2599=FACE_OUTER_BOUND('',#3067,.T.);
#2600=FACE_OUTER_BOUND('',#3068,.T.);
#2601=FACE_OUTER_BOUND('',#3069,.T.);
#2602=FACE_OUTER_BOUND('',#3070,.T.);
#2603=FACE_OUTER_BOUND('',#3071,.T.);
#2604=FACE_OUTER_BOUND('',#3072,.T.);
#2605=FACE_OUTER_BOUND('',#3073,.T.);
#2606=FACE_OUTER_BOUND('',#3074,.T.);
#2607=FACE_OUTER_BOUND('',#3075,.T.);
#2608=FACE_OUTER_BOUND('',#3076,.T.);
#2609=FACE_OUTER_BOUND('',#3077,.T.);
#2610=FACE_OUTER_BOUND('',#3078,.T.);
#2611=FACE_OUTER_BOUND('',#3079,.T.);
#2612=FACE_OUTER_BOUND('',#3080,.T.);
#2613=FACE_OUTER_BOUND('',#3081,.T.);
#2614=FACE_OUTER_BOUND('',#3082,.T.);
#2615=FACE_OUTER_BOUND('',#3083,.T.);
#2616=FACE_OUTER_BOUND('',#3084,.T.);
#2617=FACE_OUTER_BOUND('',#3085,.T.);
#2618=FACE_OUTER_BOUND('',#3086,.T.);
#2619=FACE_OUTER_BOUND('',#3087,.T.);
#2620=FACE_OUTER_BOUND('',#3088,.T.);
#2621=FACE_OUTER_BOUND('',#3089,.T.);
#2622=FACE_OUTER_BOUND('',#3090,.T.);
#2623=FACE_OUTER_BOUND('',#3091,.T.);
#2624=FACE_OUTER_BOUND('',#3092,.T.);
#2625=FACE_OUTER_BOUND('',#3093,.T.);
#2626=FACE_OUTER_BOUND('',#3094,.T.);
#2627=FACE_OUTER_BOUND('',#3095,.T.);
#2628=FACE_OUTER_BOUND('',#3096,.T.);
#2629=FACE_OUTER_BOUND('',#3097,.T.);
#2630=FACE_OUTER_BOUND('',#3098,.T.);
#2631=FACE_OUTER_BOUND('',#3099,.T.);
#2632=FACE_OUTER_BOUND('',#3100,.T.);
#2633=FACE_OUTER_BOUND('',#3101,.T.);
#2634=FACE_OUTER_BOUND('',#3102,.T.);
#2635=FACE_OUTER_BOUND('',#3103,.T.);
#2636=FACE_OUTER_BOUND('',#3104,.T.);
#2637=FACE_OUTER_BOUND('',#3105,.T.);
#2638=FACE_OUTER_BOUND('',#3106,.T.);
#2639=FACE_OUTER_BOUND('',#3107,.T.);
#2640=FACE_OUTER_BOUND('',#3108,.T.);
#2641=FACE_OUTER_BOUND('',#3109,.T.);
#2642=FACE_OUTER_BOUND('',#3110,.T.);
#2643=FACE_OUTER_BOUND('',#3111,.T.);
#2644=FACE_OUTER_BOUND('',#3112,.T.);
#2645=FACE_OUTER_BOUND('',#3113,.T.);
#2646=FACE_OUTER_BOUND('',#3114,.T.);
#2647=FACE_OUTER_BOUND('',#3115,.T.);
#2648=FACE_OUTER_BOUND('',#3116,.T.);
#2649=FACE_OUTER_BOUND('',#3117,.T.);
#2650=FACE_OUTER_BOUND('',#3118,.T.);
#2651=FACE_OUTER_BOUND('',#3119,.T.);
#2652=FACE_OUTER_BOUND('',#3120,.T.);
#2653=FACE_OUTER_BOUND('',#3121,.T.);
#2654=FACE_OUTER_BOUND('',#3122,.T.);
#2655=FACE_OUTER_BOUND('',#3123,.T.);
#2656=FACE_OUTER_BOUND('',#3124,.T.);
#2657=FACE_OUTER_BOUND('',#3125,.T.);
#2658=FACE_OUTER_BOUND('',#3126,.T.);
#2659=FACE_OUTER_BOUND('',#3127,.T.);
#2660=FACE_OUTER_BOUND('',#3128,.T.);
#2661=FACE_OUTER_BOUND('',#3129,.T.);
#2662=FACE_OUTER_BOUND('',#3130,.T.);
#2663=FACE_OUTER_BOUND('',#3131,.T.);
#2664=FACE_OUTER_BOUND('',#3132,.T.);
#2665=FACE_OUTER_BOUND('',#3133,.T.);
#2666=FACE_OUTER_BOUND('',#3134,.T.);
#2667=FACE_OUTER_BOUND('',#3135,.T.);
#2668=FACE_OUTER_BOUND('',#3136,.T.);
#2669=FACE_OUTER_BOUND('',#3137,.T.);
#2670=FACE_OUTER_BOUND('',#3138,.T.);
#2671=FACE_OUTER_BOUND('',#3139,.T.);
#2672=FACE_OUTER_BOUND('',#3140,.T.);
#2673=FACE_OUTER_BOUND('',#3141,.T.);
#2674=FACE_OUTER_BOUND('',#3142,.T.);
#2675=FACE_OUTER_BOUND('',#3143,.T.);
#2676=FACE_OUTER_BOUND('',#3144,.T.);
#2677=FACE_OUTER_BOUND('',#3145,.T.);
#2678=FACE_OUTER_BOUND('',#3146,.T.);
#2679=FACE_OUTER_BOUND('',#3147,.T.);
#2680=FACE_OUTER_BOUND('',#3148,.T.);
#2681=FACE_OUTER_BOUND('',#3149,.T.);
#2682=FACE_OUTER_BOUND('',#3150,.T.);
#2683=FACE_OUTER_BOUND('',#3151,.T.);
#2684=FACE_OUTER_BOUND('',#3152,.T.);
#2685=FACE_OUTER_BOUND('',#3153,.T.);
#2686=FACE_OUTER_BOUND('',#3154,.T.);
#2687=FACE_OUTER_BOUND('',#3155,.T.);
#2688=FACE_OUTER_BOUND('',#3156,.T.);
#2689=FACE_OUTER_BOUND('',#3157,.T.);
#2690=FACE_OUTER_BOUND('',#3158,.T.);
#2691=FACE_OUTER_BOUND('',#3159,.T.);
#2692=FACE_OUTER_BOUND('',#3160,.T.);
#2693=FACE_OUTER_BOUND('',#3161,.T.);
#2694=FACE_OUTER_BOUND('',#3162,.T.);
#2695=FACE_OUTER_BOUND('',#3163,.T.);
#2696=FACE_OUTER_BOUND('',#3164,.T.);
#2697=FACE_OUTER_BOUND('',#3165,.T.);
#2698=FACE_OUTER_BOUND('',#3166,.T.);
#2699=FACE_OUTER_BOUND('',#3167,.T.);
#2700=FACE_OUTER_BOUND('',#3168,.T.);
#2701=FACE_OUTER_BOUND('',#3169,.T.);
#2702=FACE_OUTER_BOUND('',#3170,.T.);
#2703=FACE_OUTER_BOUND('',#3171,.T.);
#2704=FACE_OUTER_BOUND('',#3172,.T.);
#2705=FACE_OUTER_BOUND('',#3173,.T.);
#2706=FACE_OUTER_BOUND('',#3174,.T.);
#2707=FACE_OUTER_BOUND('',#3175,.T.);
#2708=FACE_OUTER_BOUND('',#3176,.T.);
#2709=FACE_OUTER_BOUND('',#3177,.T.);
#2710=FACE_OUTER_BOUND('',#3178,.T.);
#2711=FACE_OUTER_BOUND('',#3179,.T.);
#2712=FACE_OUTER_BOUND('',#3180,.T.);
#2713=FACE_OUTER_BOUND('',#3181,.T.);
#2714=FACE_OUTER_BOUND('',#3182,.T.);
#2715=FACE_OUTER_BOUND('',#3183,.T.);
#2716=FACE_OUTER_BOUND('',#3184,.T.);
#2717=FACE_OUTER_BOUND('',#3185,.T.);
#2718=FACE_OUTER_BOUND('',#3186,.T.);
#2719=FACE_OUTER_BOUND('',#3187,.T.);
#2720=FACE_OUTER_BOUND('',#3188,.T.);
#2721=FACE_OUTER_BOUND('',#3190,.T.);
#2722=FACE_OUTER_BOUND('',#3192,.T.);
#2723=FACE_OUTER_BOUND('',#3193,.T.);
#2724=FACE_OUTER_BOUND('',#3194,.T.);
#2725=FACE_OUTER_BOUND('',#3195,.T.);
#2726=FACE_OUTER_BOUND('',#3196,.T.);
#2727=FACE_OUTER_BOUND('',#3197,.T.);
#2728=FACE_OUTER_BOUND('',#3198,.T.);
#2729=FACE_OUTER_BOUND('',#3199,.T.);
#2730=FACE_OUTER_BOUND('',#3200,.T.);
#2731=FACE_OUTER_BOUND('',#3201,.T.);
#2732=FACE_OUTER_BOUND('',#3202,.T.);
#2733=FACE_OUTER_BOUND('',#3203,.T.);
#2734=FACE_OUTER_BOUND('',#3204,.T.);
#2735=FACE_OUTER_BOUND('',#3205,.T.);
#2736=EDGE_LOOP('',(#4968,#4969,#4970));
#2737=EDGE_LOOP('',(#4971,#4972,#4973,#4974));
#2738=EDGE_LOOP('',(#4975,#4976,#4977));
#2739=EDGE_LOOP('',(#4978,#4979,#4980,#4981));
#2740=EDGE_LOOP('',(#4982,#4983,#4984));
#2741=EDGE_LOOP('',(#4985,#4986,#4987,#4988));
#2742=EDGE_LOOP('',(#4989,#4990,#4991,#4992));
#2743=EDGE_LOOP('',(#4993,#4994,#4995));
#2744=EDGE_LOOP('',(#4996,#4997,#4998,#4999));
#2745=EDGE_LOOP('',(#5000,#5001,#5002,#5003));
#2746=EDGE_LOOP('',(#5004,#5005,#5006,#5007));
#2747=EDGE_LOOP('',(#5008,#5009,#5010,#5011));
#2748=EDGE_LOOP('',(#5012,#5013,#5014,#5015));
#2749=EDGE_LOOP('',(#5016,#5017,#5018,#5019));
#2750=EDGE_LOOP('',(#5020,#5021,#5022,#5023));
#2751=EDGE_LOOP('',(#5024,#5025,#5026,#5027));
#2752=EDGE_LOOP('',(#5028,#5029,#5030,#5031));
#2753=EDGE_LOOP('',(#5032,#5033,#5034,#5035,#5036,#5037,#5038,#5039));
#2754=EDGE_LOOP('',(#5040,#5041,#5042,#5043));
#2755=EDGE_LOOP('',(#5044,#5045,#5046,#5047,#5048));
#2756=EDGE_LOOP('',(#5049,#5050,#5051,#5052));
#2757=EDGE_LOOP('',(#5053,#5054,#5055,#5056));
#2758=EDGE_LOOP('',(#5057,#5058,#5059,#5060));
#2759=EDGE_LOOP('',(#5061,#5062,#5063,#5064));
#2760=EDGE_LOOP('',(#5065,#5066,#5067,#5068,#5069));
#2761=EDGE_LOOP('',(#5070,#5071,#5072,#5073));
#2762=EDGE_LOOP('',(#5074,#5075,#5076,#5077));
#2763=EDGE_LOOP('',(#5078,#5079,#5080,#5081));
#2764=EDGE_LOOP('',(#5082,#5083,#5084,#5085));
#2765=EDGE_LOOP('',(#5086,#5087,#5088,#5089));
#2766=EDGE_LOOP('',(#5090,#5091,#5092,#5093));
#2767=EDGE_LOOP('',(#5094,#5095,#5096,#5097));
#2768=EDGE_LOOP('',(#5098,#5099,#5100,#5101));
#2769=EDGE_LOOP('',(#5102,#5103,#5104,#5105));
#2770=EDGE_LOOP('',(#5106,#5107,#5108,#5109));
#2771=EDGE_LOOP('',(#5110,#5111,#5112,#5113));
#2772=EDGE_LOOP('',(#5114,#5115,#5116,#5117));
#2773=EDGE_LOOP('',(#5118,#5119,#5120,#5121));
#2774=EDGE_LOOP('',(#5122,#5123,#5124,#5125));
#2775=EDGE_LOOP('',(#5126,#5127,#5128,#5129));
#2776=EDGE_LOOP('',(#5130,#5131,#5132,#5133));
#2777=EDGE_LOOP('',(#5134,#5135,#5136,#5137));
#2778=EDGE_LOOP('',(#5138,#5139,#5140,#5141));
#2779=EDGE_LOOP('',(#5142,#5143,#5144,#5145));
#2780=EDGE_LOOP('',(#5146,#5147,#5148,#5149));
#2781=EDGE_LOOP('',(#5150,#5151,#5152,#5153));
#2782=EDGE_LOOP('',(#5154,#5155,#5156,#5157));
#2783=EDGE_LOOP('',(#5158,#5159,#5160,#5161));
#2784=EDGE_LOOP('',(#5162,#5163,#5164,#5165));
#2785=EDGE_LOOP('',(#5166,#5167,#5168,#5169));
#2786=EDGE_LOOP('',(#5170,#5171,#5172,#5173));
#2787=EDGE_LOOP('',(#5174,#5175,#5176,#5177));
#2788=EDGE_LOOP('',(#5178,#5179,#5180,#5181));
#2789=EDGE_LOOP('',(#5182,#5183,#5184,#5185));
#2790=EDGE_LOOP('',(#5186,#5187,#5188,#5189));
#2791=EDGE_LOOP('',(#5190,#5191,#5192,#5193));
#2792=EDGE_LOOP('',(#5194,#5195,#5196,#5197));
#2793=EDGE_LOOP('',(#5198,#5199,#5200,#5201));
#2794=EDGE_LOOP('',(#5202,#5203,#5204,#5205));
#2795=EDGE_LOOP('',(#5206,#5207,#5208,#5209));
#2796=EDGE_LOOP('',(#5210,#5211,#5212,#5213));
#2797=EDGE_LOOP('',(#5214,#5215,#5216,#5217));
#2798=EDGE_LOOP('',(#5218,#5219,#5220,#5221));
#2799=EDGE_LOOP('',(#5222,#5223,#5224,#5225));
#2800=EDGE_LOOP('',(#5226,#5227,#5228,#5229));
#2801=EDGE_LOOP('',(#5230,#5231,#5232,#5233));
#2802=EDGE_LOOP('',(#5234,#5235,#5236,#5237));
#2803=EDGE_LOOP('',(#5238,#5239,#5240,#5241));
#2804=EDGE_LOOP('',(#5242,#5243,#5244,#5245));
#2805=EDGE_LOOP('',(#5246,#5247,#5248,#5249));
#2806=EDGE_LOOP('',(#5250,#5251,#5252,#5253));
#2807=EDGE_LOOP('',(#5254,#5255,#5256,#5257));
#2808=EDGE_LOOP('',(#5258,#5259,#5260,#5261));
#2809=EDGE_LOOP('',(#5262,#5263,#5264,#5265));
#2810=EDGE_LOOP('',(#5266,#5267,#5268,#5269));
#2811=EDGE_LOOP('',(#5270,#5271,#5272,#5273));
#2812=EDGE_LOOP('',(#5274,#5275,#5276,#5277));
#2813=EDGE_LOOP('',(#5278,#5279,#5280,#5281));
#2814=EDGE_LOOP('',(#5282,#5283,#5284,#5285));
#2815=EDGE_LOOP('',(#5286,#5287,#5288,#5289));
#2816=EDGE_LOOP('',(#5290,#5291,#5292,#5293));
#2817=EDGE_LOOP('',(#5294,#5295,#5296,#5297));
#2818=EDGE_LOOP('',(#5298,#5299,#5300,#5301));
#2819=EDGE_LOOP('',(#5302,#5303,#5304,#5305));
#2820=EDGE_LOOP('',(#5306,#5307,#5308,#5309));
#2821=EDGE_LOOP('',(#5310,#5311,#5312,#5313));
#2822=EDGE_LOOP('',(#5314,#5315,#5316,#5317));
#2823=EDGE_LOOP('',(#5318,#5319,#5320,#5321));
#2824=EDGE_LOOP('',(#5322,#5323,#5324,#5325));
#2825=EDGE_LOOP('',(#5326,#5327,#5328,#5329));
#2826=EDGE_LOOP('',(#5330,#5331,#5332,#5333));
#2827=EDGE_LOOP('',(#5334,#5335,#5336,#5337));
#2828=EDGE_LOOP('',(#5338,#5339,#5340,#5341));
#2829=EDGE_LOOP('',(#5342,#5343,#5344,#5345));
#2830=EDGE_LOOP('',(#5346,#5347,#5348,#5349));
#2831=EDGE_LOOP('',(#5350,#5351,#5352,#5353));
#2832=EDGE_LOOP('',(#5354,#5355,#5356,#5357));
#2833=EDGE_LOOP('',(#5358,#5359,#5360,#5361));
#2834=EDGE_LOOP('',(#5362,#5363,#5364,#5365));
#2835=EDGE_LOOP('',(#5366,#5367,#5368,#5369));
#2836=EDGE_LOOP('',(#5370,#5371,#5372,#5373));
#2837=EDGE_LOOP('',(#5374,#5375,#5376,#5377));
#2838=EDGE_LOOP('',(#5378,#5379,#5380,#5381));
#2839=EDGE_LOOP('',(#5382,#5383,#5384,#5385));
#2840=EDGE_LOOP('',(#5386,#5387,#5388,#5389));
#2841=EDGE_LOOP('',(#5390,#5391,#5392,#5393));
#2842=EDGE_LOOP('',(#5394,#5395,#5396,#5397));
#2843=EDGE_LOOP('',(#5398,#5399,#5400,#5401));
#2844=EDGE_LOOP('',(#5402,#5403,#5404,#5405));
#2845=EDGE_LOOP('',(#5406,#5407,#5408,#5409));
#2846=EDGE_LOOP('',(#5410,#5411,#5412,#5413));
#2847=EDGE_LOOP('',(#5414,#5415,#5416,#5417));
#2848=EDGE_LOOP('',(#5418,#5419,#5420,#5421));
#2849=EDGE_LOOP('',(#5422,#5423,#5424,#5425));
#2850=EDGE_LOOP('',(#5426,#5427,#5428,#5429));
#2851=EDGE_LOOP('',(#5430,#5431,#5432,#5433));
#2852=EDGE_LOOP('',(#5434,#5435,#5436,#5437));
#2853=EDGE_LOOP('',(#5438,#5439,#5440,#5441));
#2854=EDGE_LOOP('',(#5442,#5443,#5444,#5445));
#2855=EDGE_LOOP('',(#5446,#5447,#5448,#5449));
#2856=EDGE_LOOP('',(#5450,#5451,#5452,#5453));
#2857=EDGE_LOOP('',(#5454,#5455,#5456,#5457));
#2858=EDGE_LOOP('',(#5458,#5459,#5460,#5461));
#2859=EDGE_LOOP('',(#5462,#5463,#5464,#5465));
#2860=EDGE_LOOP('',(#5466,#5467,#5468,#5469));
#2861=EDGE_LOOP('',(#5470,#5471,#5472,#5473));
#2862=EDGE_LOOP('',(#5474,#5475,#5476,#5477));
#2863=EDGE_LOOP('',(#5478,#5479,#5480,#5481));
#2864=EDGE_LOOP('',(#5482,#5483,#5484,#5485));
#2865=EDGE_LOOP('',(#5486,#5487,#5488,#5489));
#2866=EDGE_LOOP('',(#5490,#5491,#5492,#5493));
#2867=EDGE_LOOP('',(#5494,#5495,#5496,#5497));
#2868=EDGE_LOOP('',(#5498,#5499,#5500,#5501));
#2869=EDGE_LOOP('',(#5502,#5503,#5504,#5505));
#2870=EDGE_LOOP('',(#5506,#5507,#5508,#5509));
#2871=EDGE_LOOP('',(#5510,#5511,#5512,#5513));
#2872=EDGE_LOOP('',(#5514,#5515,#5516,#5517));
#2873=EDGE_LOOP('',(#5518,#5519,#5520,#5521));
#2874=EDGE_LOOP('',(#5522,#5523,#5524,#5525));
#2875=EDGE_LOOP('',(#5526,#5527,#5528,#5529));
#2876=EDGE_LOOP('',(#5530,#5531,#5532,#5533));
#2877=EDGE_LOOP('',(#5534,#5535,#5536,#5537));
#2878=EDGE_LOOP('',(#5538,#5539,#5540,#5541));
#2879=EDGE_LOOP('',(#5542,#5543,#5544,#5545));
#2880=EDGE_LOOP('',(#5546,#5547,#5548,#5549));
#2881=EDGE_LOOP('',(#5550,#5551,#5552,#5553));
#2882=EDGE_LOOP('',(#5554,#5555,#5556,#5557));
#2883=EDGE_LOOP('',(#5558,#5559,#5560,#5561));
#2884=EDGE_LOOP('',(#5562,#5563,#5564,#5565));
#2885=EDGE_LOOP('',(#5566,#5567,#5568,#5569));
#2886=EDGE_LOOP('',(#5570,#5571,#5572,#5573));
#2887=EDGE_LOOP('',(#5574,#5575,#5576,#5577));
#2888=EDGE_LOOP('',(#5578,#5579,#5580,#5581));
#2889=EDGE_LOOP('',(#5582,#5583,#5584,#5585));
#2890=EDGE_LOOP('',(#5586,#5587,#5588,#5589));
#2891=EDGE_LOOP('',(#5590,#5591,#5592,#5593));
#2892=EDGE_LOOP('',(#5594,#5595,#5596,#5597));
#2893=EDGE_LOOP('',(#5598,#5599,#5600,#5601));
#2894=EDGE_LOOP('',(#5602,#5603,#5604,#5605));
#2895=EDGE_LOOP('',(#5606,#5607,#5608,#5609));
#2896=EDGE_LOOP('',(#5610,#5611,#5612,#5613));
#2897=EDGE_LOOP('',(#5614,#5615,#5616,#5617));
#2898=EDGE_LOOP('',(#5618,#5619,#5620,#5621));
#2899=EDGE_LOOP('',(#5622,#5623,#5624,#5625));
#2900=EDGE_LOOP('',(#5626,#5627,#5628,#5629));
#2901=EDGE_LOOP('',(#5630,#5631,#5632,#5633));
#2902=EDGE_LOOP('',(#5634,#5635,#5636,#5637));
#2903=EDGE_LOOP('',(#5638,#5639,#5640,#5641));
#2904=EDGE_LOOP('',(#5642,#5643,#5644,#5645));
#2905=EDGE_LOOP('',(#5646,#5647,#5648,#5649));
#2906=EDGE_LOOP('',(#5650,#5651,#5652,#5653));
#2907=EDGE_LOOP('',(#5654,#5655,#5656,#5657));
#2908=EDGE_LOOP('',(#5658,#5659,#5660,#5661));
#2909=EDGE_LOOP('',(#5662,#5663,#5664,#5665));
#2910=EDGE_LOOP('',(#5666,#5667,#5668,#5669));
#2911=EDGE_LOOP('',(#5670,#5671,#5672,#5673));
#2912=EDGE_LOOP('',(#5674,#5675,#5676,#5677));
#2913=EDGE_LOOP('',(#5678,#5679,#5680,#5681));
#2914=EDGE_LOOP('',(#5682,#5683,#5684,#5685));
#2915=EDGE_LOOP('',(#5686,#5687,#5688,#5689));
#2916=EDGE_LOOP('',(#5690,#5691,#5692,#5693));
#2917=EDGE_LOOP('',(#5694,#5695,#5696,#5697));
#2918=EDGE_LOOP('',(#5698,#5699,#5700,#5701));
#2919=EDGE_LOOP('',(#5702,#5703,#5704,#5705));
#2920=EDGE_LOOP('',(#5706,#5707,#5708,#5709));
#2921=EDGE_LOOP('',(#5710,#5711,#5712,#5713));
#2922=EDGE_LOOP('',(#5714,#5715,#5716,#5717));
#2923=EDGE_LOOP('',(#5718,#5719,#5720,#5721));
#2924=EDGE_LOOP('',(#5722,#5723,#5724,#5725));
#2925=EDGE_LOOP('',(#5726,#5727,#5728,#5729));
#2926=EDGE_LOOP('',(#5730,#5731,#5732,#5733));
#2927=EDGE_LOOP('',(#5734,#5735,#5736,#5737));
#2928=EDGE_LOOP('',(#5738,#5739,#5740,#5741));
#2929=EDGE_LOOP('',(#5742,#5743,#5744,#5745));
#2930=EDGE_LOOP('',(#5746,#5747,#5748,#5749));
#2931=EDGE_LOOP('',(#5750,#5751,#5752,#5753));
#2932=EDGE_LOOP('',(#5754,#5755,#5756,#5757));
#2933=EDGE_LOOP('',(#5758,#5759,#5760,#5761));
#2934=EDGE_LOOP('',(#5762,#5763,#5764,#5765));
#2935=EDGE_LOOP('',(#5766,#5767,#5768,#5769));
#2936=EDGE_LOOP('',(#5770,#5771,#5772,#5773));
#2937=EDGE_LOOP('',(#5774,#5775,#5776,#5777));
#2938=EDGE_LOOP('',(#5778,#5779,#5780,#5781));
#2939=EDGE_LOOP('',(#5782,#5783,#5784,#5785));
#2940=EDGE_LOOP('',(#5786,#5787,#5788,#5789));
#2941=EDGE_LOOP('',(#5790,#5791,#5792,#5793));
#2942=EDGE_LOOP('',(#5794,#5795,#5796,#5797));
#2943=EDGE_LOOP('',(#5798,#5799,#5800,#5801));
#2944=EDGE_LOOP('',(#5802,#5803,#5804,#5805));
#2945=EDGE_LOOP('',(#5806,#5807,#5808,#5809));
#2946=EDGE_LOOP('',(#5810,#5811,#5812,#5813));
#2947=EDGE_LOOP('',(#5814,#5815,#5816,#5817));
#2948=EDGE_LOOP('',(#5818,#5819,#5820,#5821));
#2949=EDGE_LOOP('',(#5822,#5823,#5824,#5825));
#2950=EDGE_LOOP('',(#5826,#5827,#5828,#5829));
#2951=EDGE_LOOP('',(#5830,#5831,#5832,#5833));
#2952=EDGE_LOOP('',(#5834,#5835,#5836,#5837));
#2953=EDGE_LOOP('',(#5838,#5839,#5840,#5841));
#2954=EDGE_LOOP('',(#5842,#5843,#5844,#5845));
#2955=EDGE_LOOP('',(#5846,#5847,#5848,#5849));
#2956=EDGE_LOOP('',(#5850,#5851,#5852,#5853));
#2957=EDGE_LOOP('',(#5854,#5855,#5856,#5857));
#2958=EDGE_LOOP('',(#5858,#5859,#5860,#5861));
#2959=EDGE_LOOP('',(#5862,#5863,#5864,#5865));
#2960=EDGE_LOOP('',(#5866,#5867,#5868,#5869));
#2961=EDGE_LOOP('',(#5870,#5871,#5872,#5873));
#2962=EDGE_LOOP('',(#5874,#5875,#5876,#5877));
#2963=EDGE_LOOP('',(#5878,#5879,#5880,#5881));
#2964=EDGE_LOOP('',(#5882,#5883,#5884,#5885));
#2965=EDGE_LOOP('',(#5886,#5887,#5888,#5889));
#2966=EDGE_LOOP('',(#5890,#5891,#5892,#5893));
#2967=EDGE_LOOP('',(#5894,#5895,#5896,#5897));
#2968=EDGE_LOOP('',(#5898,#5899,#5900,#5901));
#2969=EDGE_LOOP('',(#5902,#5903,#5904,#5905));
#2970=EDGE_LOOP('',(#5906,#5907,#5908,#5909));
#2971=EDGE_LOOP('',(#5910,#5911,#5912,#5913));
#2972=EDGE_LOOP('',(#5914,#5915,#5916,#5917));
#2973=EDGE_LOOP('',(#5918,#5919,#5920,#5921));
#2974=EDGE_LOOP('',(#5922,#5923,#5924,#5925));
#2975=EDGE_LOOP('',(#5926,#5927,#5928,#5929));
#2976=EDGE_LOOP('',(#5930,#5931,#5932,#5933));
#2977=EDGE_LOOP('',(#5934,#5935,#5936,#5937));
#2978=EDGE_LOOP('',(#5938,#5939,#5940,#5941));
#2979=EDGE_LOOP('',(#5942,#5943,#5944,#5945));
#2980=EDGE_LOOP('',(#5946,#5947,#5948,#5949));
#2981=EDGE_LOOP('',(#5950,#5951,#5952,#5953));
#2982=EDGE_LOOP('',(#5954,#5955,#5956,#5957));
#2983=EDGE_LOOP('',(#5958,#5959,#5960,#5961));
#2984=EDGE_LOOP('',(#5962,#5963,#5964,#5965));
#2985=EDGE_LOOP('',(#5966,#5967,#5968,#5969));
#2986=EDGE_LOOP('',(#5970,#5971,#5972,#5973));
#2987=EDGE_LOOP('',(#5974,#5975,#5976,#5977));
#2988=EDGE_LOOP('',(#5978,#5979,#5980,#5981));
#2989=EDGE_LOOP('',(#5982,#5983,#5984,#5985));
#2990=EDGE_LOOP('',(#5986,#5987,#5988,#5989));
#2991=EDGE_LOOP('',(#5990,#5991,#5992,#5993));
#2992=EDGE_LOOP('',(#5994,#5995,#5996,#5997));
#2993=EDGE_LOOP('',(#5998,#5999,#6000,#6001));
#2994=EDGE_LOOP('',(#6002,#6003,#6004,#6005));
#2995=EDGE_LOOP('',(#6006,#6007,#6008,#6009));
#2996=EDGE_LOOP('',(#6010,#6011,#6012,#6013));
#2997=EDGE_LOOP('',(#6014,#6015,#6016,#6017));
#2998=EDGE_LOOP('',(#6018,#6019,#6020,#6021));
#2999=EDGE_LOOP('',(#6022,#6023,#6024,#6025));
#3000=EDGE_LOOP('',(#6026,#6027,#6028,#6029));
#3001=EDGE_LOOP('',(#6030,#6031,#6032,#6033));
#3002=EDGE_LOOP('',(#6034,#6035,#6036,#6037));
#3003=EDGE_LOOP('',(#6038,#6039,#6040,#6041));
#3004=EDGE_LOOP('',(#6042,#6043,#6044,#6045));
#3005=EDGE_LOOP('',(#6046,#6047,#6048,#6049));
#3006=EDGE_LOOP('',(#6050,#6051,#6052,#6053));
#3007=EDGE_LOOP('',(#6054,#6055,#6056,#6057));
#3008=EDGE_LOOP('',(#6058,#6059,#6060,#6061));
#3009=EDGE_LOOP('',(#6062,#6063,#6064,#6065));
#3010=EDGE_LOOP('',(#6066,#6067,#6068,#6069));
#3011=EDGE_LOOP('',(#6070,#6071,#6072,#6073));
#3012=EDGE_LOOP('',(#6074,#6075,#6076,#6077));
#3013=EDGE_LOOP('',(#6078,#6079,#6080,#6081));
#3014=EDGE_LOOP('',(#6082,#6083,#6084,#6085));
#3015=EDGE_LOOP('',(#6086,#6087,#6088,#6089));
#3016=EDGE_LOOP('',(#6090,#6091,#6092,#6093));
#3017=EDGE_LOOP('',(#6094,#6095,#6096,#6097));
#3018=EDGE_LOOP('',(#6098,#6099,#6100,#6101));
#3019=EDGE_LOOP('',(#6102,#6103,#6104,#6105));
#3020=EDGE_LOOP('',(#6106,#6107,#6108,#6109));
#3021=EDGE_LOOP('',(#6110,#6111,#6112,#6113));
#3022=EDGE_LOOP('',(#6114,#6115,#6116,#6117));
#3023=EDGE_LOOP('',(#6118,#6119,#6120,#6121));
#3024=EDGE_LOOP('',(#6122,#6123,#6124,#6125));
#3025=EDGE_LOOP('',(#6126,#6127,#6128,#6129));
#3026=EDGE_LOOP('',(#6130,#6131,#6132,#6133));
#3027=EDGE_LOOP('',(#6134,#6135,#6136,#6137));
#3028=EDGE_LOOP('',(#6138,#6139,#6140,#6141));
#3029=EDGE_LOOP('',(#6142,#6143,#6144,#6145));
#3030=EDGE_LOOP('',(#6146,#6147,#6148,#6149));
#3031=EDGE_LOOP('',(#6150,#6151,#6152,#6153));
#3032=EDGE_LOOP('',(#6154,#6155,#6156,#6157));
#3033=EDGE_LOOP('',(#6158,#6159,#6160,#6161));
#3034=EDGE_LOOP('',(#6162,#6163,#6164,#6165));
#3035=EDGE_LOOP('',(#6166,#6167,#6168,#6169));
#3036=EDGE_LOOP('',(#6170,#6171,#6172,#6173));
#3037=EDGE_LOOP('',(#6174,#6175,#6176,#6177));
#3038=EDGE_LOOP('',(#6178,#6179,#6180,#6181));
#3039=EDGE_LOOP('',(#6182,#6183,#6184,#6185));
#3040=EDGE_LOOP('',(#6186,#6187,#6188,#6189));
#3041=EDGE_LOOP('',(#6190,#6191,#6192,#6193));
#3042=EDGE_LOOP('',(#6194,#6195,#6196,#6197));
#3043=EDGE_LOOP('',(#6198,#6199,#6200,#6201));
#3044=EDGE_LOOP('',(#6202,#6203,#6204,#6205));
#3045=EDGE_LOOP('',(#6206,#6207,#6208,#6209));
#3046=EDGE_LOOP('',(#6210,#6211,#6212,#6213));
#3047=EDGE_LOOP('',(#6214,#6215,#6216,#6217));
#3048=EDGE_LOOP('',(#6218,#6219,#6220,#6221));
#3049=EDGE_LOOP('',(#6222,#6223,#6224,#6225));
#3050=EDGE_LOOP('',(#6226,#6227,#6228,#6229));
#3051=EDGE_LOOP('',(#6230,#6231,#6232,#6233));
#3052=EDGE_LOOP('',(#6234,#6235,#6236,#6237));
#3053=EDGE_LOOP('',(#6238,#6239,#6240,#6241));
#3054=EDGE_LOOP('',(#6242,#6243,#6244,#6245));
#3055=EDGE_LOOP('',(#6246,#6247,#6248,#6249));
#3056=EDGE_LOOP('',(#6250,#6251,#6252,#6253));
#3057=EDGE_LOOP('',(#6254,#6255,#6256,#6257));
#3058=EDGE_LOOP('',(#6258,#6259,#6260,#6261));
#3059=EDGE_LOOP('',(#6262,#6263,#6264,#6265));
#3060=EDGE_LOOP('',(#6266,#6267,#6268,#6269));
#3061=EDGE_LOOP('',(#6270,#6271,#6272,#6273));
#3062=EDGE_LOOP('',(#6274,#6275,#6276,#6277));
#3063=EDGE_LOOP('',(#6278,#6279,#6280,#6281));
#3064=EDGE_LOOP('',(#6282,#6283,#6284,#6285));
#3065=EDGE_LOOP('',(#6286,#6287,#6288,#6289));
#3066=EDGE_LOOP('',(#6290,#6291,#6292,#6293));
#3067=EDGE_LOOP('',(#6294,#6295,#6296,#6297));
#3068=EDGE_LOOP('',(#6298,#6299,#6300,#6301));
#3069=EDGE_LOOP('',(#6302,#6303,#6304,#6305));
#3070=EDGE_LOOP('',(#6306,#6307,#6308,#6309));
#3071=EDGE_LOOP('',(#6310,#6311,#6312,#6313));
#3072=EDGE_LOOP('',(#6314,#6315,#6316,#6317));
#3073=EDGE_LOOP('',(#6318,#6319,#6320,#6321));
#3074=EDGE_LOOP('',(#6322,#6323,#6324,#6325));
#3075=EDGE_LOOP('',(#6326,#6327,#6328,#6329));
#3076=EDGE_LOOP('',(#6330,#6331,#6332,#6333));
#3077=EDGE_LOOP('',(#6334,#6335,#6336,#6337));
#3078=EDGE_LOOP('',(#6338,#6339,#6340,#6341));
#3079=EDGE_LOOP('',(#6342,#6343,#6344,#6345));
#3080=EDGE_LOOP('',(#6346,#6347,#6348,#6349));
#3081=EDGE_LOOP('',(#6350,#6351,#6352,#6353));
#3082=EDGE_LOOP('',(#6354,#6355,#6356,#6357));
#3083=EDGE_LOOP('',(#6358,#6359,#6360,#6361));
#3084=EDGE_LOOP('',(#6362,#6363,#6364,#6365));
#3085=EDGE_LOOP('',(#6366,#6367,#6368,#6369));
#3086=EDGE_LOOP('',(#6370,#6371,#6372,#6373));
#3087=EDGE_LOOP('',(#6374,#6375,#6376,#6377));
#3088=EDGE_LOOP('',(#6378,#6379,#6380,#6381));
#3089=EDGE_LOOP('',(#6382,#6383,#6384,#6385));
#3090=EDGE_LOOP('',(#6386,#6387,#6388,#6389));
#3091=EDGE_LOOP('',(#6390,#6391,#6392,#6393));
#3092=EDGE_LOOP('',(#6394,#6395,#6396,#6397));
#3093=EDGE_LOOP('',(#6398,#6399,#6400,#6401));
#3094=EDGE_LOOP('',(#6402,#6403,#6404,#6405));
#3095=EDGE_LOOP('',(#6406,#6407,#6408,#6409));
#3096=EDGE_LOOP('',(#6410,#6411,#6412,#6413));
#3097=EDGE_LOOP('',(#6414,#6415,#6416,#6417));
#3098=EDGE_LOOP('',(#6418,#6419,#6420,#6421));
#3099=EDGE_LOOP('',(#6422,#6423,#6424,#6425));
#3100=EDGE_LOOP('',(#6426,#6427,#6428,#6429));
#3101=EDGE_LOOP('',(#6430,#6431,#6432,#6433));
#3102=EDGE_LOOP('',(#6434,#6435,#6436,#6437));
#3103=EDGE_LOOP('',(#6438,#6439,#6440,#6441));
#3104=EDGE_LOOP('',(#6442,#6443,#6444,#6445));
#3105=EDGE_LOOP('',(#6446,#6447,#6448,#6449));
#3106=EDGE_LOOP('',(#6450,#6451,#6452,#6453));
#3107=EDGE_LOOP('',(#6454,#6455,#6456,#6457));
#3108=EDGE_LOOP('',(#6458,#6459,#6460,#6461));
#3109=EDGE_LOOP('',(#6462,#6463,#6464,#6465));
#3110=EDGE_LOOP('',(#6466,#6467,#6468,#6469));
#3111=EDGE_LOOP('',(#6470,#6471,#6472,#6473));
#3112=EDGE_LOOP('',(#6474,#6475,#6476,#6477));
#3113=EDGE_LOOP('',(#6478,#6479,#6480,#6481));
#3114=EDGE_LOOP('',(#6482,#6483,#6484,#6485));
#3115=EDGE_LOOP('',(#6486,#6487,#6488,#6489));
#3116=EDGE_LOOP('',(#6490,#6491,#6492,#6493));
#3117=EDGE_LOOP('',(#6494,#6495,#6496,#6497));
#3118=EDGE_LOOP('',(#6498,#6499,#6500,#6501));
#3119=EDGE_LOOP('',(#6502,#6503,#6504,#6505));
#3120=EDGE_LOOP('',(#6506,#6507,#6508,#6509));
#3121=EDGE_LOOP('',(#6510,#6511,#6512,#6513));
#3122=EDGE_LOOP('',(#6514,#6515,#6516,#6517));
#3123=EDGE_LOOP('',(#6518,#6519,#6520,#6521));
#3124=EDGE_LOOP('',(#6522,#6523,#6524,#6525));
#3125=EDGE_LOOP('',(#6526,#6527,#6528,#6529));
#3126=EDGE_LOOP('',(#6530,#6531,#6532,#6533));
#3127=EDGE_LOOP('',(#6534,#6535,#6536,#6537));
#3128=EDGE_LOOP('',(#6538,#6539,#6540,#6541));
#3129=EDGE_LOOP('',(#6542,#6543,#6544,#6545));
#3130=EDGE_LOOP('',(#6546,#6547,#6548,#6549));
#3131=EDGE_LOOP('',(#6550,#6551,#6552,#6553));
#3132=EDGE_LOOP('',(#6554,#6555,#6556,#6557));
#3133=EDGE_LOOP('',(#6558,#6559,#6560,#6561));
#3134=EDGE_LOOP('',(#6562,#6563,#6564,#6565));
#3135=EDGE_LOOP('',(#6566,#6567,#6568,#6569));
#3136=EDGE_LOOP('',(#6570,#6571,#6572,#6573));
#3137=EDGE_LOOP('',(#6574,#6575,#6576,#6577));
#3138=EDGE_LOOP('',(#6578,#6579,#6580,#6581));
#3139=EDGE_LOOP('',(#6582,#6583,#6584,#6585));
#3140=EDGE_LOOP('',(#6586,#6587,#6588,#6589));
#3141=EDGE_LOOP('',(#6590,#6591,#6592,#6593));
#3142=EDGE_LOOP('',(#6594,#6595,#6596,#6597));
#3143=EDGE_LOOP('',(#6598,#6599,#6600,#6601));
#3144=EDGE_LOOP('',(#6602,#6603,#6604,#6605));
#3145=EDGE_LOOP('',(#6606,#6607,#6608,#6609));
#3146=EDGE_LOOP('',(#6610));
#3147=EDGE_LOOP('',(#6611));
#3148=EDGE_LOOP('',(#6612,#6613,#6614,#6615));
#3149=EDGE_LOOP('',(#6616,#6617,#6618,#6619));
#3150=EDGE_LOOP('',(#6620,#6621,#6622,#6623));
#3151=EDGE_LOOP('',(#6624,#6625,#6626,#6627));
#3152=EDGE_LOOP('',(#6628,#6629,#6630,#6631));
#3153=EDGE_LOOP('',(#6632,#6633,#6634,#6635));
#3154=EDGE_LOOP('',(#6636,#6637,#6638,#6639));
#3155=EDGE_LOOP('',(#6640,#6641,#6642,#6643));
#3156=EDGE_LOOP('',(#6644,#6645,#6646,#6647));
#3157=EDGE_LOOP('',(#6648,#6649,#6650,#6651,#6652,#6653,#6654,#6655,#6656,
#6657,#6658,#6659,#6660,#6661,#6662,#6663,#6664,#6665,#6666,#6667,#6668,
#6669,#6670,#6671));
#3158=EDGE_LOOP('',(#6672,#6673,#6674,#6675));
#3159=EDGE_LOOP('',(#6676,#6677,#6678,#6679));
#3160=EDGE_LOOP('',(#6680,#6681,#6682,#6683));
#3161=EDGE_LOOP('',(#6684,#6685,#6686,#6687));
#3162=EDGE_LOOP('',(#6688,#6689,#6690,#6691));
#3163=EDGE_LOOP('',(#6692,#6693,#6694,#6695));
#3164=EDGE_LOOP('',(#6696,#6697,#6698,#6699));
#3165=EDGE_LOOP('',(#6700,#6701,#6702,#6703));
#3166=EDGE_LOOP('',(#6704,#6705,#6706,#6707));
#3167=EDGE_LOOP('',(#6708,#6709,#6710,#6711));
#3168=EDGE_LOOP('',(#6712,#6713,#6714,#6715));
#3169=EDGE_LOOP('',(#6716,#6717,#6718,#6719));
#3170=EDGE_LOOP('',(#6720,#6721,#6722,#6723));
#3171=EDGE_LOOP('',(#6724,#6725,#6726,#6727));
#3172=EDGE_LOOP('',(#6728,#6729,#6730,#6731));
#3173=EDGE_LOOP('',(#6732,#6733,#6734,#6735,#6736,#6737,#6738,#6739,#6740,
#6741,#6742,#6743,#6744,#6745,#6746,#6747,#6748,#6749,#6750,#6751,#6752,
#6753,#6754,#6755));
#3174=EDGE_LOOP('',(#6756,#6757,#6758,#6759));
#3175=EDGE_LOOP('',(#6760,#6761,#6762,#6763));
#3176=EDGE_LOOP('',(#6764,#6765,#6766,#6767));
#3177=EDGE_LOOP('',(#6768,#6769,#6770,#6771));
#3178=EDGE_LOOP('',(#6772,#6773,#6774,#6775));
#3179=EDGE_LOOP('',(#6776,#6777,#6778,#6779));
#3180=EDGE_LOOP('',(#6780,#6781,#6782,#6783));
#3181=EDGE_LOOP('',(#6784,#6785,#6786,#6787));
#3182=EDGE_LOOP('',(#6788,#6789,#6790,#6791));
#3183=EDGE_LOOP('',(#6792,#6793,#6794,#6795));
#3184=EDGE_LOOP('',(#6796,#6797,#6798,#6799));
#3185=EDGE_LOOP('',(#6800,#6801,#6802,#6803));
#3186=EDGE_LOOP('',(#6804,#6805,#6806,#6807));
#3187=EDGE_LOOP('',(#6808,#6809,#6810,#6811));
#3188=EDGE_LOOP('',(#6812,#6813,#6814,#6815,#6816,#6817,#6818));
#3189=EDGE_LOOP('',(#6819,#6820,#6821,#6822,#6823,#6824,#6825));
#3190=EDGE_LOOP('',(#6826,#6827,#6828,#6829,#6830,#6831,#6832));
#3191=EDGE_LOOP('',(#6833,#6834,#6835,#6836,#6837,#6838,#6839));
#3192=EDGE_LOOP('',(#6840,#6841,#6842,#6843));
#3193=EDGE_LOOP('',(#6844,#6845,#6846,#6847));
#3194=EDGE_LOOP('',(#6848,#6849,#6850,#6851));
#3195=EDGE_LOOP('',(#6852,#6853,#6854,#6855));
#3196=EDGE_LOOP('',(#6856,#6857,#6858,#6859));
#3197=EDGE_LOOP('',(#6860,#6861,#6862,#6863));
#3198=EDGE_LOOP('',(#6864,#6865,#6866,#6867));
#3199=EDGE_LOOP('',(#6868,#6869,#6870,#6871));
#3200=EDGE_LOOP('',(#6872,#6873,#6874,#6875));
#3201=EDGE_LOOP('',(#6876,#6877,#6878,#6879));
#3202=EDGE_LOOP('',(#6880,#6881,#6882,#6883));
#3203=EDGE_LOOP('',(#6884,#6885,#6886,#6887));
#3204=EDGE_LOOP('',(#6888,#6889,#6890,#6891,#6892,#6893,#6894,#6895,#6896,
#6897,#6898,#6899));
#3205=EDGE_LOOP('',(#6900,#6901,#6902,#6903,#6904,#6905,#6906,#6907,#6908,
#6909,#6910,#6911));
#3206=CIRCLE('',#7568,0.15);
#3207=CIRCLE('',#7569,0.15);
#3208=CIRCLE('',#7570,0.15);
#3209=CIRCLE('',#7572,0.15);
#3210=CIRCLE('',#7574,0.15);
#3211=CIRCLE('',#7575,0.15);
#3212=CIRCLE('',#7576,0.15);
#3213=CIRCLE('',#7578,0.15);
#3214=CIRCLE('',#7580,0.15);
#3215=CIRCLE('',#7581,0.15);
#3216=CIRCLE('',#7582,0.15);
#3217=CIRCLE('',#7584,0.15);
#3218=CIRCLE('',#7587,0.15);
#3219=CIRCLE('',#7588,0.15);
#3220=CIRCLE('',#7589,0.15);
#3221=CIRCLE('',#7591,0.15);
#3222=CIRCLE('',#7613,0.125);
#3223=CIRCLE('',#7615,0.125);
#3224=CIRCLE('',#7621,0.125);
#3225=CIRCLE('',#7623,0.125);
#3226=CIRCLE('',#7629,0.125);
#3227=CIRCLE('',#7631,0.125);
#3228=CIRCLE('',#7637,0.125);
#3229=CIRCLE('',#7639,0.125);
#3230=CIRCLE('',#7645,0.125);
#3231=CIRCLE('',#7647,0.125);
#3232=CIRCLE('',#7653,0.125);
#3233=CIRCLE('',#7655,0.125);
#3234=CIRCLE('',#7661,0.125);
#3235=CIRCLE('',#7663,0.125);
#3236=CIRCLE('',#7669,0.125);
#3237=CIRCLE('',#7671,0.125);
#3238=CIRCLE('',#7677,0.125);
#3239=CIRCLE('',#7679,0.125);
#3240=CIRCLE('',#7685,0.125);
#3241=CIRCLE('',#7687,0.125);
#3242=CIRCLE('',#7693,0.125);
#3243=CIRCLE('',#7695,0.125);
#3244=CIRCLE('',#7701,0.125);
#3245=CIRCLE('',#7703,0.125);
#3246=CIRCLE('',#7709,0.125);
#3247=CIRCLE('',#7711,0.125);
#3248=CIRCLE('',#7717,0.125);
#3249=CIRCLE('',#7719,0.125);
#3250=CIRCLE('',#7725,0.125);
#3251=CIRCLE('',#7727,0.125);
#3252=CIRCLE('',#7733,0.125);
#3253=CIRCLE('',#7735,0.125);
#3254=CIRCLE('',#7741,0.125);
#3255=CIRCLE('',#7743,0.125);
#3256=CIRCLE('',#7749,0.125);
#3257=CIRCLE('',#7751,0.125);
#3258=CIRCLE('',#7757,0.125);
#3259=CIRCLE('',#7759,0.125);
#3260=CIRCLE('',#7765,0.125);
#3261=CIRCLE('',#7767,0.125);
#3262=CIRCLE('',#7773,0.125);
#3263=CIRCLE('',#7775,0.125);
#3264=CIRCLE('',#7781,0.125);
#3265=CIRCLE('',#7783,0.125);
#3266=CIRCLE('',#7789,0.125);
#3267=CIRCLE('',#7791,0.125);
#3268=CIRCLE('',#7797,0.125);
#3269=CIRCLE('',#7799,0.125);
#3270=CIRCLE('',#7805,0.125);
#3271=CIRCLE('',#7807,0.125);
#3272=CIRCLE('',#7813,0.125);
#3273=CIRCLE('',#7815,0.125);
#3274=CIRCLE('',#7821,0.125);
#3275=CIRCLE('',#7823,0.125);
#3276=CIRCLE('',#7829,0.125);
#3277=CIRCLE('',#7831,0.125);
#3278=CIRCLE('',#7837,0.125);
#3279=CIRCLE('',#7839,0.125);
#3280=CIRCLE('',#7845,0.125);
#3281=CIRCLE('',#7847,0.125);
#3282=CIRCLE('',#7853,0.125);
#3283=CIRCLE('',#7855,0.125);
#3284=CIRCLE('',#7861,0.125);
#3285=CIRCLE('',#7863,0.125);
#3286=CIRCLE('',#7869,0.125);
#3287=CIRCLE('',#7871,0.125);
#3288=CIRCLE('',#7877,0.125);
#3289=CIRCLE('',#7879,0.125);
#3290=CIRCLE('',#7885,0.125);
#3291=CIRCLE('',#7887,0.125);
#3292=CIRCLE('',#7893,0.125);
#3293=CIRCLE('',#7895,0.125);
#3294=CIRCLE('',#7901,0.125);
#3295=CIRCLE('',#7903,0.125);
#3296=CIRCLE('',#7909,0.125);
#3297=CIRCLE('',#7911,0.125);
#3298=CIRCLE('',#7917,0.125);
#3299=CIRCLE('',#7919,0.125);
#3300=CIRCLE('',#7925,0.125);
#3301=CIRCLE('',#7927,0.125);
#3302=CIRCLE('',#7933,0.125);
#3303=CIRCLE('',#7935,0.125);
#3304=CIRCLE('',#7941,0.125);
#3305=CIRCLE('',#7943,0.125);
#3306=CIRCLE('',#7949,0.125);
#3307=CIRCLE('',#7951,0.125);
#3308=CIRCLE('',#7957,0.125);
#3309=CIRCLE('',#7959,0.125);
#3310=CIRCLE('',#7965,0.125);
#3311=CIRCLE('',#7967,0.125);
#3312=CIRCLE('',#7973,0.125);
#3313=CIRCLE('',#7975,0.125);
#3314=CIRCLE('',#7981,0.125);
#3315=CIRCLE('',#7983,0.125);
#3316=CIRCLE('',#7989,0.125);
#3317=CIRCLE('',#7991,0.125);
#3318=CIRCLE('',#7997,0.125);
#3319=CIRCLE('',#7999,0.125);
#3320=CIRCLE('',#8005,0.125);
#3321=CIRCLE('',#8007,0.125);
#3322=CIRCLE('',#8013,0.125);
#3323=CIRCLE('',#8015,0.125);
#3324=CIRCLE('',#8021,0.125);
#3325=CIRCLE('',#8023,0.125);
#3326=CIRCLE('',#8029,0.125);
#3327=CIRCLE('',#8031,0.125);
#3328=CIRCLE('',#8037,0.125);
#3329=CIRCLE('',#8039,0.125);
#3330=CIRCLE('',#8045,0.125);
#3331=CIRCLE('',#8047,0.125);
#3332=CIRCLE('',#8053,0.125);
#3333=CIRCLE('',#8055,0.125);
#3334=CIRCLE('',#8061,0.125);
#3335=CIRCLE('',#8063,0.125);
#3336=CIRCLE('',#8069,0.125);
#3337=CIRCLE('',#8071,0.125);
#3338=CIRCLE('',#8077,0.125);
#3339=CIRCLE('',#8079,0.125);
#3340=CIRCLE('',#8085,0.125);
#3341=CIRCLE('',#8087,0.125);
#3342=CIRCLE('',#8093,0.125);
#3343=CIRCLE('',#8095,0.125);
#3344=CIRCLE('',#8101,0.125);
#3345=CIRCLE('',#8103,0.125);
#3346=CIRCLE('',#8109,0.125);
#3347=CIRCLE('',#8111,0.125);
#3348=CIRCLE('',#8117,0.125);
#3349=CIRCLE('',#8119,0.125);
#3350=CIRCLE('',#8123,0.5);
#3351=CIRCLE('',#8124,0.5);
#3352=VERTEX_POINT('',#10202);
#3353=VERTEX_POINT('',#10203);
#3354=VERTEX_POINT('',#10205);
#3355=VERTEX_POINT('',#10209);
#3356=VERTEX_POINT('',#10210);
#3357=VERTEX_POINT('',#10215);
#3358=VERTEX_POINT('',#10216);
#3359=VERTEX_POINT('',#10218);
#3360=VERTEX_POINT('',#10222);
#3361=VERTEX_POINT('',#10223);
#3362=VERTEX_POINT('',#10228);
#3363=VERTEX_POINT('',#10229);
#3364=VERTEX_POINT('',#10231);
#3365=VERTEX_POINT('',#10235);
#3366=VERTEX_POINT('',#10236);
#3367=VERTEX_POINT('',#10244);
#3368=VERTEX_POINT('',#10245);
#3369=VERTEX_POINT('',#10247);
#3370=VERTEX_POINT('',#10251);
#3371=VERTEX_POINT('',#10252);
#3372=VERTEX_POINT('',#10277);
#3373=VERTEX_POINT('',#10278);
#3374=VERTEX_POINT('',#10280);
#3375=VERTEX_POINT('',#10282);
#3376=VERTEX_POINT('',#10286);
#3377=VERTEX_POINT('',#10288);
#3378=VERTEX_POINT('',#10290);
#3379=VERTEX_POINT('',#10294);
#3380=VERTEX_POINT('',#10298);
#3381=VERTEX_POINT('',#10302);
#3382=VERTEX_POINT('',#10309);
#3383=VERTEX_POINT('',#10310);
#3384=VERTEX_POINT('',#10312);
#3385=VERTEX_POINT('',#10314);
#3386=VERTEX_POINT('',#10318);
#3387=VERTEX_POINT('',#10320);
#3388=VERTEX_POINT('',#10324);
#3389=VERTEX_POINT('',#10326);
#3390=VERTEX_POINT('',#10335);
#3391=VERTEX_POINT('',#10336);
#3392=VERTEX_POINT('',#10338);
#3393=VERTEX_POINT('',#10340);
#3394=VERTEX_POINT('',#10344);
#3395=VERTEX_POINT('',#10346);
#3396=VERTEX_POINT('',#10350);
#3397=VERTEX_POINT('',#10352);
#3398=VERTEX_POINT('',#10361);
#3399=VERTEX_POINT('',#10362);
#3400=VERTEX_POINT('',#10364);
#3401=VERTEX_POINT('',#10366);
#3402=VERTEX_POINT('',#10370);
#3403=VERTEX_POINT('',#10372);
#3404=VERTEX_POINT('',#10376);
#3405=VERTEX_POINT('',#10378);
#3406=VERTEX_POINT('',#10387);
#3407=VERTEX_POINT('',#10388);
#3408=VERTEX_POINT('',#10390);
#3409=VERTEX_POINT('',#10392);
#3410=VERTEX_POINT('',#10396);
#3411=VERTEX_POINT('',#10398);
#3412=VERTEX_POINT('',#10402);
#3413=VERTEX_POINT('',#10404);
#3414=VERTEX_POINT('',#10413);
#3415=VERTEX_POINT('',#10414);
#3416=VERTEX_POINT('',#10416);
#3417=VERTEX_POINT('',#10418);
#3418=VERTEX_POINT('',#10422);
#3419=VERTEX_POINT('',#10424);
#3420=VERTEX_POINT('',#10428);
#3421=VERTEX_POINT('',#10430);
#3422=VERTEX_POINT('',#10439);
#3423=VERTEX_POINT('',#10440);
#3424=VERTEX_POINT('',#10442);
#3425=VERTEX_POINT('',#10444);
#3426=VERTEX_POINT('',#10448);
#3427=VERTEX_POINT('',#10450);
#3428=VERTEX_POINT('',#10454);
#3429=VERTEX_POINT('',#10456);
#3430=VERTEX_POINT('',#10465);
#3431=VERTEX_POINT('',#10466);
#3432=VERTEX_POINT('',#10468);
#3433=VERTEX_POINT('',#10470);
#3434=VERTEX_POINT('',#10474);
#3435=VERTEX_POINT('',#10476);
#3436=VERTEX_POINT('',#10480);
#3437=VERTEX_POINT('',#10482);
#3438=VERTEX_POINT('',#10491);
#3439=VERTEX_POINT('',#10492);
#3440=VERTEX_POINT('',#10494);
#3441=VERTEX_POINT('',#10496);
#3442=VERTEX_POINT('',#10500);
#3443=VERTEX_POINT('',#10502);
#3444=VERTEX_POINT('',#10506);
#3445=VERTEX_POINT('',#10508);
#3446=VERTEX_POINT('',#10517);
#3447=VERTEX_POINT('',#10518);
#3448=VERTEX_POINT('',#10520);
#3449=VERTEX_POINT('',#10522);
#3450=VERTEX_POINT('',#10526);
#3451=VERTEX_POINT('',#10528);
#3452=VERTEX_POINT('',#10532);
#3453=VERTEX_POINT('',#10534);
#3454=VERTEX_POINT('',#10543);
#3455=VERTEX_POINT('',#10544);
#3456=VERTEX_POINT('',#10546);
#3457=VERTEX_POINT('',#10548);
#3458=VERTEX_POINT('',#10552);
#3459=VERTEX_POINT('',#10554);
#3460=VERTEX_POINT('',#10558);
#3461=VERTEX_POINT('',#10560);
#3462=VERTEX_POINT('',#10569);
#3463=VERTEX_POINT('',#10570);
#3464=VERTEX_POINT('',#10572);
#3465=VERTEX_POINT('',#10574);
#3466=VERTEX_POINT('',#10578);
#3467=VERTEX_POINT('',#10580);
#3468=VERTEX_POINT('',#10584);
#3469=VERTEX_POINT('',#10586);
#3470=VERTEX_POINT('',#10595);
#3471=VERTEX_POINT('',#10596);
#3472=VERTEX_POINT('',#10598);
#3473=VERTEX_POINT('',#10600);
#3474=VERTEX_POINT('',#10604);
#3475=VERTEX_POINT('',#10606);
#3476=VERTEX_POINT('',#10610);
#3477=VERTEX_POINT('',#10612);
#3478=VERTEX_POINT('',#10621);
#3479=VERTEX_POINT('',#10622);
#3480=VERTEX_POINT('',#10624);
#3481=VERTEX_POINT('',#10626);
#3482=VERTEX_POINT('',#10630);
#3483=VERTEX_POINT('',#10632);
#3484=VERTEX_POINT('',#10636);
#3485=VERTEX_POINT('',#10638);
#3486=VERTEX_POINT('',#10647);
#3487=VERTEX_POINT('',#10648);
#3488=VERTEX_POINT('',#10650);
#3489=VERTEX_POINT('',#10652);
#3490=VERTEX_POINT('',#10656);
#3491=VERTEX_POINT('',#10658);
#3492=VERTEX_POINT('',#10662);
#3493=VERTEX_POINT('',#10664);
#3494=VERTEX_POINT('',#10673);
#3495=VERTEX_POINT('',#10674);
#3496=VERTEX_POINT('',#10676);
#3497=VERTEX_POINT('',#10678);
#3498=VERTEX_POINT('',#10682);
#3499=VERTEX_POINT('',#10684);
#3500=VERTEX_POINT('',#10688);
#3501=VERTEX_POINT('',#10690);
#3502=VERTEX_POINT('',#10699);
#3503=VERTEX_POINT('',#10700);
#3504=VERTEX_POINT('',#10702);
#3505=VERTEX_POINT('',#10704);
#3506=VERTEX_POINT('',#10708);
#3507=VERTEX_POINT('',#10710);
#3508=VERTEX_POINT('',#10714);
#3509=VERTEX_POINT('',#10716);
#3510=VERTEX_POINT('',#10725);
#3511=VERTEX_POINT('',#10726);
#3512=VERTEX_POINT('',#10728);
#3513=VERTEX_POINT('',#10730);
#3514=VERTEX_POINT('',#10734);
#3515=VERTEX_POINT('',#10736);
#3516=VERTEX_POINT('',#10740);
#3517=VERTEX_POINT('',#10742);
#3518=VERTEX_POINT('',#10751);
#3519=VERTEX_POINT('',#10752);
#3520=VERTEX_POINT('',#10754);
#3521=VERTEX_POINT('',#10756);
#3522=VERTEX_POINT('',#10760);
#3523=VERTEX_POINT('',#10762);
#3524=VERTEX_POINT('',#10766);
#3525=VERTEX_POINT('',#10768);
#3526=VERTEX_POINT('',#10777);
#3527=VERTEX_POINT('',#10778);
#3528=VERTEX_POINT('',#10780);
#3529=VERTEX_POINT('',#10782);
#3530=VERTEX_POINT('',#10786);
#3531=VERTEX_POINT('',#10788);
#3532=VERTEX_POINT('',#10792);
#3533=VERTEX_POINT('',#10794);
#3534=VERTEX_POINT('',#10803);
#3535=VERTEX_POINT('',#10804);
#3536=VERTEX_POINT('',#10806);
#3537=VERTEX_POINT('',#10808);
#3538=VERTEX_POINT('',#10812);
#3539=VERTEX_POINT('',#10814);
#3540=VERTEX_POINT('',#10818);
#3541=VERTEX_POINT('',#10820);
#3542=VERTEX_POINT('',#10829);
#3543=VERTEX_POINT('',#10830);
#3544=VERTEX_POINT('',#10832);
#3545=VERTEX_POINT('',#10834);
#3546=VERTEX_POINT('',#10838);
#3547=VERTEX_POINT('',#10840);
#3548=VERTEX_POINT('',#10844);
#3549=VERTEX_POINT('',#10846);
#3550=VERTEX_POINT('',#10855);
#3551=VERTEX_POINT('',#10856);
#3552=VERTEX_POINT('',#10858);
#3553=VERTEX_POINT('',#10860);
#3554=VERTEX_POINT('',#10864);
#3555=VERTEX_POINT('',#10866);
#3556=VERTEX_POINT('',#10870);
#3557=VERTEX_POINT('',#10872);
#3558=VERTEX_POINT('',#10881);
#3559=VERTEX_POINT('',#10882);
#3560=VERTEX_POINT('',#10884);
#3561=VERTEX_POINT('',#10886);
#3562=VERTEX_POINT('',#10890);
#3563=VERTEX_POINT('',#10892);
#3564=VERTEX_POINT('',#10896);
#3565=VERTEX_POINT('',#10898);
#3566=VERTEX_POINT('',#10907);
#3567=VERTEX_POINT('',#10908);
#3568=VERTEX_POINT('',#10910);
#3569=VERTEX_POINT('',#10912);
#3570=VERTEX_POINT('',#10916);
#3571=VERTEX_POINT('',#10918);
#3572=VERTEX_POINT('',#10922);
#3573=VERTEX_POINT('',#10924);
#3574=VERTEX_POINT('',#10933);
#3575=VERTEX_POINT('',#10934);
#3576=VERTEX_POINT('',#10936);
#3577=VERTEX_POINT('',#10938);
#3578=VERTEX_POINT('',#10942);
#3579=VERTEX_POINT('',#10944);
#3580=VERTEX_POINT('',#10948);
#3581=VERTEX_POINT('',#10950);
#3582=VERTEX_POINT('',#10959);
#3583=VERTEX_POINT('',#10960);
#3584=VERTEX_POINT('',#10962);
#3585=VERTEX_POINT('',#10964);
#3586=VERTEX_POINT('',#10968);
#3587=VERTEX_POINT('',#10970);
#3588=VERTEX_POINT('',#10974);
#3589=VERTEX_POINT('',#10976);
#3590=VERTEX_POINT('',#10985);
#3591=VERTEX_POINT('',#10986);
#3592=VERTEX_POINT('',#10988);
#3593=VERTEX_POINT('',#10990);
#3594=VERTEX_POINT('',#10994);
#3595=VERTEX_POINT('',#10996);
#3596=VERTEX_POINT('',#11000);
#3597=VERTEX_POINT('',#11002);
#3598=VERTEX_POINT('',#11011);
#3599=VERTEX_POINT('',#11012);
#3600=VERTEX_POINT('',#11014);
#3601=VERTEX_POINT('',#11016);
#3602=VERTEX_POINT('',#11020);
#3603=VERTEX_POINT('',#11022);
#3604=VERTEX_POINT('',#11026);
#3605=VERTEX_POINT('',#11028);
#3606=VERTEX_POINT('',#11037);
#3607=VERTEX_POINT('',#11038);
#3608=VERTEX_POINT('',#11040);
#3609=VERTEX_POINT('',#11042);
#3610=VERTEX_POINT('',#11046);
#3611=VERTEX_POINT('',#11048);
#3612=VERTEX_POINT('',#11052);
#3613=VERTEX_POINT('',#11054);
#3614=VERTEX_POINT('',#11063);
#3615=VERTEX_POINT('',#11064);
#3616=VERTEX_POINT('',#11066);
#3617=VERTEX_POINT('',#11068);
#3618=VERTEX_POINT('',#11072);
#3619=VERTEX_POINT('',#11074);
#3620=VERTEX_POINT('',#11078);
#3621=VERTEX_POINT('',#11080);
#3622=VERTEX_POINT('',#11089);
#3623=VERTEX_POINT('',#11090);
#3624=VERTEX_POINT('',#11092);
#3625=VERTEX_POINT('',#11094);
#3626=VERTEX_POINT('',#11098);
#3627=VERTEX_POINT('',#11100);
#3628=VERTEX_POINT('',#11104);
#3629=VERTEX_POINT('',#11106);
#3630=VERTEX_POINT('',#11115);
#3631=VERTEX_POINT('',#11116);
#3632=VERTEX_POINT('',#11118);
#3633=VERTEX_POINT('',#11120);
#3634=VERTEX_POINT('',#11124);
#3635=VERTEX_POINT('',#11126);
#3636=VERTEX_POINT('',#11130);
#3637=VERTEX_POINT('',#11132);
#3638=VERTEX_POINT('',#11141);
#3639=VERTEX_POINT('',#11142);
#3640=VERTEX_POINT('',#11144);
#3641=VERTEX_POINT('',#11146);
#3642=VERTEX_POINT('',#11150);
#3643=VERTEX_POINT('',#11152);
#3644=VERTEX_POINT('',#11156);
#3645=VERTEX_POINT('',#11158);
#3646=VERTEX_POINT('',#11167);
#3647=VERTEX_POINT('',#11168);
#3648=VERTEX_POINT('',#11170);
#3649=VERTEX_POINT('',#11172);
#3650=VERTEX_POINT('',#11176);
#3651=VERTEX_POINT('',#11178);
#3652=VERTEX_POINT('',#11182);
#3653=VERTEX_POINT('',#11184);
#3654=VERTEX_POINT('',#11193);
#3655=VERTEX_POINT('',#11194);
#3656=VERTEX_POINT('',#11196);
#3657=VERTEX_POINT('',#11198);
#3658=VERTEX_POINT('',#11202);
#3659=VERTEX_POINT('',#11204);
#3660=VERTEX_POINT('',#11208);
#3661=VERTEX_POINT('',#11210);
#3662=VERTEX_POINT('',#11219);
#3663=VERTEX_POINT('',#11220);
#3664=VERTEX_POINT('',#11222);
#3665=VERTEX_POINT('',#11224);
#3666=VERTEX_POINT('',#11228);
#3667=VERTEX_POINT('',#11230);
#3668=VERTEX_POINT('',#11234);
#3669=VERTEX_POINT('',#11236);
#3670=VERTEX_POINT('',#11245);
#3671=VERTEX_POINT('',#11246);
#3672=VERTEX_POINT('',#11248);
#3673=VERTEX_POINT('',#11250);
#3674=VERTEX_POINT('',#11254);
#3675=VERTEX_POINT('',#11256);
#3676=VERTEX_POINT('',#11260);
#3677=VERTEX_POINT('',#11262);
#3678=VERTEX_POINT('',#11271);
#3679=VERTEX_POINT('',#11272);
#3680=VERTEX_POINT('',#11274);
#3681=VERTEX_POINT('',#11276);
#3682=VERTEX_POINT('',#11280);
#3683=VERTEX_POINT('',#11282);
#3684=VERTEX_POINT('',#11286);
#3685=VERTEX_POINT('',#11288);
#3686=VERTEX_POINT('',#11297);
#3687=VERTEX_POINT('',#11298);
#3688=VERTEX_POINT('',#11300);
#3689=VERTEX_POINT('',#11302);
#3690=VERTEX_POINT('',#11306);
#3691=VERTEX_POINT('',#11308);
#3692=VERTEX_POINT('',#11312);
#3693=VERTEX_POINT('',#11314);
#3694=VERTEX_POINT('',#11323);
#3695=VERTEX_POINT('',#11324);
#3696=VERTEX_POINT('',#11326);
#3697=VERTEX_POINT('',#11328);
#3698=VERTEX_POINT('',#11332);
#3699=VERTEX_POINT('',#11334);
#3700=VERTEX_POINT('',#11338);
#3701=VERTEX_POINT('',#11340);
#3702=VERTEX_POINT('',#11349);
#3703=VERTEX_POINT('',#11350);
#3704=VERTEX_POINT('',#11352);
#3705=VERTEX_POINT('',#11354);
#3706=VERTEX_POINT('',#11358);
#3707=VERTEX_POINT('',#11360);
#3708=VERTEX_POINT('',#11364);
#3709=VERTEX_POINT('',#11366);
#3710=VERTEX_POINT('',#11375);
#3711=VERTEX_POINT('',#11376);
#3712=VERTEX_POINT('',#11378);
#3713=VERTEX_POINT('',#11380);
#3714=VERTEX_POINT('',#11384);
#3715=VERTEX_POINT('',#11386);
#3716=VERTEX_POINT('',#11390);
#3717=VERTEX_POINT('',#11392);
#3718=VERTEX_POINT('',#11401);
#3719=VERTEX_POINT('',#11402);
#3720=VERTEX_POINT('',#11404);
#3721=VERTEX_POINT('',#11406);
#3722=VERTEX_POINT('',#11410);
#3723=VERTEX_POINT('',#11412);
#3724=VERTEX_POINT('',#11416);
#3725=VERTEX_POINT('',#11418);
#3726=VERTEX_POINT('',#11427);
#3727=VERTEX_POINT('',#11428);
#3728=VERTEX_POINT('',#11430);
#3729=VERTEX_POINT('',#11432);
#3730=VERTEX_POINT('',#11436);
#3731=VERTEX_POINT('',#11438);
#3732=VERTEX_POINT('',#11442);
#3733=VERTEX_POINT('',#11444);
#3734=VERTEX_POINT('',#11453);
#3735=VERTEX_POINT('',#11454);
#3736=VERTEX_POINT('',#11456);
#3737=VERTEX_POINT('',#11458);
#3738=VERTEX_POINT('',#11462);
#3739=VERTEX_POINT('',#11464);
#3740=VERTEX_POINT('',#11468);
#3741=VERTEX_POINT('',#11470);
#3742=VERTEX_POINT('',#11479);
#3743=VERTEX_POINT('',#11480);
#3744=VERTEX_POINT('',#11482);
#3745=VERTEX_POINT('',#11484);
#3746=VERTEX_POINT('',#11488);
#3747=VERTEX_POINT('',#11490);
#3748=VERTEX_POINT('',#11494);
#3749=VERTEX_POINT('',#11496);
#3750=VERTEX_POINT('',#11505);
#3751=VERTEX_POINT('',#11506);
#3752=VERTEX_POINT('',#11508);
#3753=VERTEX_POINT('',#11510);
#3754=VERTEX_POINT('',#11514);
#3755=VERTEX_POINT('',#11516);
#3756=VERTEX_POINT('',#11520);
#3757=VERTEX_POINT('',#11522);
#3758=VERTEX_POINT('',#11531);
#3759=VERTEX_POINT('',#11532);
#3760=VERTEX_POINT('',#11534);
#3761=VERTEX_POINT('',#11536);
#3762=VERTEX_POINT('',#11540);
#3763=VERTEX_POINT('',#11542);
#3764=VERTEX_POINT('',#11546);
#3765=VERTEX_POINT('',#11548);
#3766=VERTEX_POINT('',#11557);
#3767=VERTEX_POINT('',#11558);
#3768=VERTEX_POINT('',#11560);
#3769=VERTEX_POINT('',#11562);
#3770=VERTEX_POINT('',#11566);
#3771=VERTEX_POINT('',#11568);
#3772=VERTEX_POINT('',#11572);
#3773=VERTEX_POINT('',#11574);
#3774=VERTEX_POINT('',#11583);
#3775=VERTEX_POINT('',#11584);
#3776=VERTEX_POINT('',#11586);
#3777=VERTEX_POINT('',#11588);
#3778=VERTEX_POINT('',#11592);
#3779=VERTEX_POINT('',#11594);
#3780=VERTEX_POINT('',#11598);
#3781=VERTEX_POINT('',#11600);
#3782=VERTEX_POINT('',#11609);
#3783=VERTEX_POINT('',#11610);
#3784=VERTEX_POINT('',#11612);
#3785=VERTEX_POINT('',#11614);
#3786=VERTEX_POINT('',#11618);
#3787=VERTEX_POINT('',#11620);
#3788=VERTEX_POINT('',#11624);
#3789=VERTEX_POINT('',#11626);
#3790=VERTEX_POINT('',#11635);
#3791=VERTEX_POINT('',#11636);
#3792=VERTEX_POINT('',#11638);
#3793=VERTEX_POINT('',#11640);
#3794=VERTEX_POINT('',#11644);
#3795=VERTEX_POINT('',#11646);
#3796=VERTEX_POINT('',#11650);
#3797=VERTEX_POINT('',#11652);
#3798=VERTEX_POINT('',#11661);
#3799=VERTEX_POINT('',#11662);
#3800=VERTEX_POINT('',#11664);
#3801=VERTEX_POINT('',#11666);
#3802=VERTEX_POINT('',#11670);
#3803=VERTEX_POINT('',#11672);
#3804=VERTEX_POINT('',#11676);
#3805=VERTEX_POINT('',#11678);
#3806=VERTEX_POINT('',#11687);
#3807=VERTEX_POINT('',#11688);
#3808=VERTEX_POINT('',#11690);
#3809=VERTEX_POINT('',#11692);
#3810=VERTEX_POINT('',#11696);
#3811=VERTEX_POINT('',#11698);
#3812=VERTEX_POINT('',#11702);
#3813=VERTEX_POINT('',#11704);
#3814=VERTEX_POINT('',#11713);
#3815=VERTEX_POINT('',#11714);
#3816=VERTEX_POINT('',#11716);
#3817=VERTEX_POINT('',#11718);
#3818=VERTEX_POINT('',#11722);
#3819=VERTEX_POINT('',#11724);
#3820=VERTEX_POINT('',#11728);
#3821=VERTEX_POINT('',#11730);
#3822=VERTEX_POINT('',#11739);
#3823=VERTEX_POINT('',#11740);
#3824=VERTEX_POINT('',#11742);
#3825=VERTEX_POINT('',#11744);
#3826=VERTEX_POINT('',#11748);
#3827=VERTEX_POINT('',#11750);
#3828=VERTEX_POINT('',#11754);
#3829=VERTEX_POINT('',#11756);
#3830=VERTEX_POINT('',#11765);
#3831=VERTEX_POINT('',#11766);
#3832=VERTEX_POINT('',#11768);
#3833=VERTEX_POINT('',#11770);
#3834=VERTEX_POINT('',#11774);
#3835=VERTEX_POINT('',#11776);
#3836=VERTEX_POINT('',#11780);
#3837=VERTEX_POINT('',#11782);
#3838=VERTEX_POINT('',#11791);
#3839=VERTEX_POINT('',#11792);
#3840=VERTEX_POINT('',#11794);
#3841=VERTEX_POINT('',#11796);
#3842=VERTEX_POINT('',#11800);
#3843=VERTEX_POINT('',#11802);
#3844=VERTEX_POINT('',#11806);
#3845=VERTEX_POINT('',#11808);
#3846=VERTEX_POINT('',#11817);
#3847=VERTEX_POINT('',#11818);
#3848=VERTEX_POINT('',#11820);
#3849=VERTEX_POINT('',#11822);
#3850=VERTEX_POINT('',#11826);
#3851=VERTEX_POINT('',#11828);
#3852=VERTEX_POINT('',#11832);
#3853=VERTEX_POINT('',#11834);
#3854=VERTEX_POINT('',#11843);
#3855=VERTEX_POINT('',#11844);
#3856=VERTEX_POINT('',#11846);
#3857=VERTEX_POINT('',#11848);
#3858=VERTEX_POINT('',#11852);
#3859=VERTEX_POINT('',#11854);
#3860=VERTEX_POINT('',#11858);
#3861=VERTEX_POINT('',#11860);
#3862=VERTEX_POINT('',#11869);
#3863=VERTEX_POINT('',#11870);
#3864=VERTEX_POINT('',#11872);
#3865=VERTEX_POINT('',#11874);
#3866=VERTEX_POINT('',#11878);
#3867=VERTEX_POINT('',#11880);
#3868=VERTEX_POINT('',#11884);
#3869=VERTEX_POINT('',#11886);
#3870=VERTEX_POINT('',#11895);
#3871=VERTEX_POINT('',#11896);
#3872=VERTEX_POINT('',#11898);
#3873=VERTEX_POINT('',#11900);
#3874=VERTEX_POINT('',#11904);
#3875=VERTEX_POINT('',#11906);
#3876=VERTEX_POINT('',#11910);
#3877=VERTEX_POINT('',#11912);
#3878=VERTEX_POINT('',#11921);
#3879=VERTEX_POINT('',#11922);
#3880=VERTEX_POINT('',#11924);
#3881=VERTEX_POINT('',#11926);
#3882=VERTEX_POINT('',#11930);
#3883=VERTEX_POINT('',#11932);
#3884=VERTEX_POINT('',#11936);
#3885=VERTEX_POINT('',#11938);
#3886=VERTEX_POINT('',#11947);
#3887=VERTEX_POINT('',#11948);
#3888=VERTEX_POINT('',#11950);
#3889=VERTEX_POINT('',#11952);
#3890=VERTEX_POINT('',#11956);
#3891=VERTEX_POINT('',#11958);
#3892=VERTEX_POINT('',#11962);
#3893=VERTEX_POINT('',#11964);
#3894=VERTEX_POINT('',#11974);
#3895=VERTEX_POINT('',#11976);
#3896=VERTEX_POINT('',#11983);
#3897=VERTEX_POINT('',#11984);
#3898=VERTEX_POINT('',#11986);
#3899=VERTEX_POINT('',#11988);
#3900=VERTEX_POINT('',#11992);
#3901=VERTEX_POINT('',#11993);
#3902=VERTEX_POINT('',#11995);
#3903=VERTEX_POINT('',#11997);
#3904=VERTEX_POINT('',#12001);
#3905=VERTEX_POINT('',#12002);
#3906=VERTEX_POINT('',#12012);
#3907=VERTEX_POINT('',#12014);
#3908=VERTEX_POINT('',#12018);
#3909=VERTEX_POINT('',#12020);
#3910=VERTEX_POINT('',#12024);
#3911=VERTEX_POINT('',#12026);
#3912=VERTEX_POINT('',#12030);
#3913=VERTEX_POINT('',#12032);
#3914=VERTEX_POINT('',#12046);
#3915=VERTEX_POINT('',#12051);
#3916=VERTEX_POINT('',#12058);
#3917=VERTEX_POINT('',#12060);
#3918=VERTEX_POINT('',#12065);
#3919=VERTEX_POINT('',#12070);
#3920=VERTEX_POINT('',#12072);
#3921=VERTEX_POINT('',#12074);
#3922=VERTEX_POINT('',#12076);
#3923=VERTEX_POINT('',#12078);
#3924=VERTEX_POINT('',#12080);
#3925=VERTEX_POINT('',#12082);
#3926=VERTEX_POINT('',#12084);
#3927=VERTEX_POINT('',#12086);
#3928=VERTEX_POINT('',#12088);
#3929=VERTEX_POINT('',#12090);
#3930=VERTEX_POINT('',#12104);
#3931=VERTEX_POINT('',#12111);
#3932=VERTEX_POINT('',#12115);
#3933=VERTEX_POINT('',#12119);
#3934=VERTEX_POINT('',#12123);
#3935=VERTEX_POINT('',#12127);
#3936=VERTEX_POINT('',#12131);
#3937=VERTEX_POINT('',#12135);
#3938=VERTEX_POINT('',#12139);
#3939=VERTEX_POINT('',#12143);
#3940=VERTEX_POINT('',#12147);
#3941=VERTEX_POINT('',#12151);
#3942=VERTEX_POINT('',#12162);
#3943=VERTEX_POINT('',#12176);
#3944=VERTEX_POINT('',#12193);
#3945=VERTEX_POINT('',#12194);
#3946=VERTEX_POINT('',#12199);
#3947=VERTEX_POINT('',#12201);
#3948=VERTEX_POINT('',#12215);
#3949=VERTEX_POINT('',#12220);
#3950=VERTEX_POINT('',#12227);
#3951=VERTEX_POINT('',#12229);
#3952=VERTEX_POINT('',#12233);
#3953=VERTEX_POINT('',#12235);
#3954=VERTEX_POINT('',#12239);
#3955=VERTEX_POINT('',#12241);
#3956=VERTEX_POINT('',#12252);
#3957=VERTEX_POINT('',#12257);
#3958=VERTEX_POINT('',#12287);
#3959=VERTEX_POINT('',#12288);
#3960=VERTEX_POINT('',#12293);
#3961=VERTEX_POINT('',#12295);
#3962=VERTEX_POINT('',#12302);
#3963=VERTEX_POINT('',#12304);
#3964=VERTEX_POINT('',#12308);
#3965=VERTEX_POINT('',#12310);
#3966=VERTEX_POINT('',#12314);
#3967=VERTEX_POINT('',#12316);
#3968=VERTEX_POINT('',#12327);
#3969=VERTEX_POINT('',#12332);
#3970=VERTEX_POINT('',#12346);
#3971=VERTEX_POINT('',#12351);
#3972=VERTEX_POINT('',#12376);
#3973=VERTEX_POINT('',#12377);
#3974=VERTEX_POINT('',#12379);
#3975=VERTEX_POINT('',#12381);
#3976=VERTEX_POINT('',#12385);
#3977=VERTEX_POINT('',#12387);
#3978=VERTEX_POINT('',#12391);
#3979=VERTEX_POINT('',#12393);
#3980=VERTEX_POINT('',#12397);
#3981=VERTEX_POINT('',#12399);
#3982=VERTEX_POINT('',#12403);
#3983=VERTEX_POINT('',#12405);
#3984=VERTEX_POINT('',#12409);
#3985=VERTEX_POINT('',#12411);
#3986=VERTEX_POINT('',#12415);
#3987=VERTEX_POINT('',#12417);
#3988=VERTEX_POINT('',#12421);
#3989=VERTEX_POINT('',#12423);
#3990=VERTEX_POINT('',#12427);
#3991=VERTEX_POINT('',#12429);
#3992=VERTEX_POINT('',#12433);
#3993=VERTEX_POINT('',#12435);
#3994=VERTEX_POINT('',#12439);
#3995=VERTEX_POINT('',#12441);
#3996=EDGE_CURVE('',#3352,#3353,#3206,.F.);
#3997=EDGE_CURVE('',#3354,#3352,#3207,.F.);
#3998=EDGE_CURVE('',#3353,#3354,#3208,.F.);
#3999=EDGE_CURVE('',#3355,#3356,#3209,.T.);
#4000=EDGE_CURVE('',#3356,#3354,#593,.T.);
#4001=EDGE_CURVE('',#3352,#3355,#594,.T.);
#4002=EDGE_CURVE('',#3357,#3358,#3210,.F.);
#4003=EDGE_CURVE('',#3359,#3357,#3211,.F.);
#4004=EDGE_CURVE('',#3358,#3359,#3212,.F.);
#4005=EDGE_CURVE('',#3360,#3361,#3213,.T.);
#4006=EDGE_CURVE('',#3361,#3359,#595,.T.);
#4007=EDGE_CURVE('',#3357,#3360,#596,.T.);
#4008=EDGE_CURVE('',#3362,#3363,#3214,.F.);
#4009=EDGE_CURVE('',#3364,#3362,#3215,.F.);
#4010=EDGE_CURVE('',#3363,#3364,#3216,.F.);
#4011=EDGE_CURVE('',#3365,#3366,#3217,.T.);
#4012=EDGE_CURVE('',#3366,#3364,#597,.T.);
#4013=EDGE_CURVE('',#3362,#3365,#598,.T.);
#4014=EDGE_CURVE('',#3353,#3363,#599,.T.);
#4015=EDGE_CURVE('',#3364,#3352,#600,.T.);
#4016=EDGE_CURVE('',#3367,#3368,#3218,.F.);
#4017=EDGE_CURVE('',#3369,#3367,#3219,.F.);
#4018=EDGE_CURVE('',#3368,#3369,#3220,.F.);
#4019=EDGE_CURVE('',#3370,#3371,#3221,.T.);
#4020=EDGE_CURVE('',#3371,#3369,#601,.T.);
#4021=EDGE_CURVE('',#3367,#3370,#602,.T.);
#4022=EDGE_CURVE('',#3363,#3368,#603,.T.);
#4023=EDGE_CURVE('',#3369,#3362,#604,.T.);
#4024=EDGE_CURVE('',#3368,#3358,#605,.T.);
#4025=EDGE_CURVE('',#3359,#3367,#606,.T.);
#4026=EDGE_CURVE('',#3358,#3353,#607,.T.);
#4027=EDGE_CURVE('',#3354,#3357,#608,.T.);
#4028=EDGE_CURVE('',#3366,#3355,#609,.T.);
#4029=EDGE_CURVE('',#3371,#3365,#610,.T.);
#4030=EDGE_CURVE('',#3361,#3370,#611,.T.);
#4031=EDGE_CURVE('',#3356,#3360,#612,.T.);
#4032=EDGE_CURVE('',#3372,#3373,#613,.T.);
#4033=EDGE_CURVE('',#3373,#3374,#614,.T.);
#4034=EDGE_CURVE('',#3374,#3375,#615,.T.);
#4035=EDGE_CURVE('',#3375,#3372,#616,.T.);
#4036=EDGE_CURVE('',#3376,#3374,#617,.T.);
#4037=EDGE_CURVE('',#3377,#3376,#618,.T.);
#4038=EDGE_CURVE('',#3378,#3377,#619,.T.);
#4039=EDGE_CURVE('',#3375,#3378,#620,.T.);
#4040=EDGE_CURVE('',#3379,#3373,#621,.T.);
#4041=EDGE_CURVE('',#3376,#3379,#622,.T.);
#4042=EDGE_CURVE('',#3380,#3379,#623,.T.);
#4043=EDGE_CURVE('',#3377,#3380,#624,.T.);
#4044=EDGE_CURVE('',#3381,#3380,#625,.T.);
#4045=EDGE_CURVE('',#3378,#3381,#626,.T.);
#4046=EDGE_CURVE('',#3372,#3381,#627,.T.);
#4047=EDGE_CURVE('',#3382,#3383,#628,.T.);
#4048=EDGE_CURVE('',#3383,#3384,#629,.T.);
#4049=EDGE_CURVE('',#3385,#3384,#630,.T.);
#4050=EDGE_CURVE('',#3382,#3385,#631,.T.);
#4051=EDGE_CURVE('',#3386,#3382,#632,.T.);
#4052=EDGE_CURVE('',#3387,#3385,#633,.T.);
#4053=EDGE_CURVE('',#3386,#3387,#634,.T.);
#4054=EDGE_CURVE('',#3383,#3388,#635,.T.);
#4055=EDGE_CURVE('',#3389,#3388,#636,.T.);
#4056=EDGE_CURVE('',#3384,#3389,#637,.T.);
#4057=EDGE_CURVE('',#3389,#3387,#3222,.T.);
#4058=EDGE_CURVE('',#3388,#3386,#3223,.T.);
#4059=EDGE_CURVE('',#3390,#3391,#638,.T.);
#4060=EDGE_CURVE('',#3391,#3392,#639,.T.);
#4061=EDGE_CURVE('',#3393,#3392,#640,.T.);
#4062=EDGE_CURVE('',#3390,#3393,#641,.T.);
#4063=EDGE_CURVE('',#3394,#3390,#642,.T.);
#4064=EDGE_CURVE('',#3395,#3393,#643,.T.);
#4065=EDGE_CURVE('',#3394,#3395,#644,.T.);
#4066=EDGE_CURVE('',#3391,#3396,#645,.T.);
#4067=EDGE_CURVE('',#3397,#3396,#646,.T.);
#4068=EDGE_CURVE('',#3392,#3397,#647,.T.);
#4069=EDGE_CURVE('',#3397,#3395,#3224,.T.);
#4070=EDGE_CURVE('',#3396,#3394,#3225,.T.);
#4071=EDGE_CURVE('',#3398,#3399,#648,.T.);
#4072=EDGE_CURVE('',#3399,#3400,#649,.T.);
#4073=EDGE_CURVE('',#3401,#3400,#650,.T.);
#4074=EDGE_CURVE('',#3398,#3401,#651,.T.);
#4075=EDGE_CURVE('',#3402,#3398,#652,.T.);
#4076=EDGE_CURVE('',#3403,#3401,#653,.T.);
#4077=EDGE_CURVE('',#3402,#3403,#654,.T.);
#4078=EDGE_CURVE('',#3399,#3404,#655,.T.);
#4079=EDGE_CURVE('',#3405,#3404,#656,.T.);
#4080=EDGE_CURVE('',#3400,#3405,#657,.T.);
#4081=EDGE_CURVE('',#3405,#3403,#3226,.T.);
#4082=EDGE_CURVE('',#3404,#3402,#3227,.T.);
#4083=EDGE_CURVE('',#3406,#3407,#658,.T.);
#4084=EDGE_CURVE('',#3407,#3408,#659,.T.);
#4085=EDGE_CURVE('',#3409,#3408,#660,.T.);
#4086=EDGE_CURVE('',#3406,#3409,#661,.T.);
#4087=EDGE_CURVE('',#3410,#3406,#662,.T.);
#4088=EDGE_CURVE('',#3411,#3409,#663,.T.);
#4089=EDGE_CURVE('',#3410,#3411,#664,.T.);
#4090=EDGE_CURVE('',#3407,#3412,#665,.T.);
#4091=EDGE_CURVE('',#3413,#3412,#666,.T.);
#4092=EDGE_CURVE('',#3408,#3413,#667,.T.);
#4093=EDGE_CURVE('',#3413,#3411,#3228,.T.);
#4094=EDGE_CURVE('',#3412,#3410,#3229,.T.);
#4095=EDGE_CURVE('',#3414,#3415,#668,.T.);
#4096=EDGE_CURVE('',#3415,#3416,#669,.T.);
#4097=EDGE_CURVE('',#3417,#3416,#670,.T.);
#4098=EDGE_CURVE('',#3414,#3417,#671,.T.);
#4099=EDGE_CURVE('',#3418,#3414,#672,.T.);
#4100=EDGE_CURVE('',#3419,#3417,#673,.T.);
#4101=EDGE_CURVE('',#3418,#3419,#674,.T.);
#4102=EDGE_CURVE('',#3415,#3420,#675,.T.);
#4103=EDGE_CURVE('',#3421,#3420,#676,.T.);
#4104=EDGE_CURVE('',#3416,#3421,#677,.T.);
#4105=EDGE_CURVE('',#3421,#3419,#3230,.T.);
#4106=EDGE_CURVE('',#3420,#3418,#3231,.T.);
#4107=EDGE_CURVE('',#3422,#3423,#678,.T.);
#4108=EDGE_CURVE('',#3423,#3424,#679,.T.);
#4109=EDGE_CURVE('',#3425,#3424,#680,.T.);
#4110=EDGE_CURVE('',#3422,#3425,#681,.T.);
#4111=EDGE_CURVE('',#3426,#3422,#682,.T.);
#4112=EDGE_CURVE('',#3427,#3425,#683,.T.);
#4113=EDGE_CURVE('',#3426,#3427,#684,.T.);
#4114=EDGE_CURVE('',#3423,#3428,#685,.T.);
#4115=EDGE_CURVE('',#3429,#3428,#686,.T.);
#4116=EDGE_CURVE('',#3424,#3429,#687,.T.);
#4117=EDGE_CURVE('',#3429,#3427,#3232,.T.);
#4118=EDGE_CURVE('',#3428,#3426,#3233,.T.);
#4119=EDGE_CURVE('',#3430,#3431,#688,.T.);
#4120=EDGE_CURVE('',#3431,#3432,#689,.T.);
#4121=EDGE_CURVE('',#3433,#3432,#690,.T.);
#4122=EDGE_CURVE('',#3430,#3433,#691,.T.);
#4123=EDGE_CURVE('',#3434,#3430,#692,.T.);
#4124=EDGE_CURVE('',#3435,#3433,#693,.T.);
#4125=EDGE_CURVE('',#3434,#3435,#694,.T.);
#4126=EDGE_CURVE('',#3431,#3436,#695,.T.);
#4127=EDGE_CURVE('',#3437,#3436,#696,.T.);
#4128=EDGE_CURVE('',#3432,#3437,#697,.T.);
#4129=EDGE_CURVE('',#3437,#3435,#3234,.T.);
#4130=EDGE_CURVE('',#3436,#3434,#3235,.T.);
#4131=EDGE_CURVE('',#3438,#3439,#698,.T.);
#4132=EDGE_CURVE('',#3439,#3440,#699,.T.);
#4133=EDGE_CURVE('',#3441,#3440,#700,.T.);
#4134=EDGE_CURVE('',#3438,#3441,#701,.T.);
#4135=EDGE_CURVE('',#3442,#3438,#702,.T.);
#4136=EDGE_CURVE('',#3443,#3441,#703,.T.);
#4137=EDGE_CURVE('',#3442,#3443,#704,.T.);
#4138=EDGE_CURVE('',#3439,#3444,#705,.T.);
#4139=EDGE_CURVE('',#3445,#3444,#706,.T.);
#4140=EDGE_CURVE('',#3440,#3445,#707,.T.);
#4141=EDGE_CURVE('',#3445,#3443,#3236,.T.);
#4142=EDGE_CURVE('',#3444,#3442,#3237,.T.);
#4143=EDGE_CURVE('',#3446,#3447,#708,.T.);
#4144=EDGE_CURVE('',#3447,#3448,#709,.T.);
#4145=EDGE_CURVE('',#3449,#3448,#710,.T.);
#4146=EDGE_CURVE('',#3446,#3449,#711,.T.);
#4147=EDGE_CURVE('',#3450,#3446,#712,.T.);
#4148=EDGE_CURVE('',#3451,#3449,#713,.T.);
#4149=EDGE_CURVE('',#3450,#3451,#714,.T.);
#4150=EDGE_CURVE('',#3447,#3452,#715,.T.);
#4151=EDGE_CURVE('',#3453,#3452,#716,.T.);
#4152=EDGE_CURVE('',#3448,#3453,#717,.T.);
#4153=EDGE_CURVE('',#3453,#3451,#3238,.T.);
#4154=EDGE_CURVE('',#3452,#3450,#3239,.T.);
#4155=EDGE_CURVE('',#3454,#3455,#718,.T.);
#4156=EDGE_CURVE('',#3455,#3456,#719,.T.);
#4157=EDGE_CURVE('',#3457,#3456,#720,.T.);
#4158=EDGE_CURVE('',#3454,#3457,#721,.T.);
#4159=EDGE_CURVE('',#3458,#3454,#722,.T.);
#4160=EDGE_CURVE('',#3459,#3457,#723,.T.);
#4161=EDGE_CURVE('',#3458,#3459,#724,.T.);
#4162=EDGE_CURVE('',#3455,#3460,#725,.T.);
#4163=EDGE_CURVE('',#3461,#3460,#726,.T.);
#4164=EDGE_CURVE('',#3456,#3461,#727,.T.);
#4165=EDGE_CURVE('',#3461,#3459,#3240,.T.);
#4166=EDGE_CURVE('',#3460,#3458,#3241,.T.);
#4167=EDGE_CURVE('',#3462,#3463,#728,.T.);
#4168=EDGE_CURVE('',#3463,#3464,#729,.T.);
#4169=EDGE_CURVE('',#3465,#3464,#730,.T.);
#4170=EDGE_CURVE('',#3462,#3465,#731,.T.);
#4171=EDGE_CURVE('',#3466,#3462,#732,.T.);
#4172=EDGE_CURVE('',#3467,#3465,#733,.T.);
#4173=EDGE_CURVE('',#3466,#3467,#734,.T.);
#4174=EDGE_CURVE('',#3463,#3468,#735,.T.);
#4175=EDGE_CURVE('',#3469,#3468,#736,.T.);
#4176=EDGE_CURVE('',#3464,#3469,#737,.T.);
#4177=EDGE_CURVE('',#3469,#3467,#3242,.T.);
#4178=EDGE_CURVE('',#3468,#3466,#3243,.T.);
#4179=EDGE_CURVE('',#3470,#3471,#738,.T.);
#4180=EDGE_CURVE('',#3471,#3472,#739,.T.);
#4181=EDGE_CURVE('',#3473,#3472,#740,.T.);
#4182=EDGE_CURVE('',#3470,#3473,#741,.T.);
#4183=EDGE_CURVE('',#3474,#3470,#742,.T.);
#4184=EDGE_CURVE('',#3475,#3473,#743,.T.);
#4185=EDGE_CURVE('',#3474,#3475,#744,.T.);
#4186=EDGE_CURVE('',#3471,#3476,#745,.T.);
#4187=EDGE_CURVE('',#3477,#3476,#746,.T.);
#4188=EDGE_CURVE('',#3472,#3477,#747,.T.);
#4189=EDGE_CURVE('',#3477,#3475,#3244,.T.);
#4190=EDGE_CURVE('',#3476,#3474,#3245,.T.);
#4191=EDGE_CURVE('',#3478,#3479,#748,.T.);
#4192=EDGE_CURVE('',#3479,#3480,#749,.T.);
#4193=EDGE_CURVE('',#3481,#3480,#750,.T.);
#4194=EDGE_CURVE('',#3478,#3481,#751,.T.);
#4195=EDGE_CURVE('',#3482,#3478,#752,.T.);
#4196=EDGE_CURVE('',#3483,#3481,#753,.T.);
#4197=EDGE_CURVE('',#3482,#3483,#754,.T.);
#4198=EDGE_CURVE('',#3479,#3484,#755,.T.);
#4199=EDGE_CURVE('',#3485,#3484,#756,.T.);
#4200=EDGE_CURVE('',#3480,#3485,#757,.T.);
#4201=EDGE_CURVE('',#3485,#3483,#3246,.T.);
#4202=EDGE_CURVE('',#3484,#3482,#3247,.T.);
#4203=EDGE_CURVE('',#3486,#3487,#758,.T.);
#4204=EDGE_CURVE('',#3487,#3488,#759,.T.);
#4205=EDGE_CURVE('',#3489,#3488,#760,.T.);
#4206=EDGE_CURVE('',#3486,#3489,#761,.T.);
#4207=EDGE_CURVE('',#3490,#3486,#762,.T.);
#4208=EDGE_CURVE('',#3491,#3489,#763,.T.);
#4209=EDGE_CURVE('',#3490,#3491,#764,.T.);
#4210=EDGE_CURVE('',#3487,#3492,#765,.T.);
#4211=EDGE_CURVE('',#3493,#3492,#766,.T.);
#4212=EDGE_CURVE('',#3488,#3493,#767,.T.);
#4213=EDGE_CURVE('',#3493,#3491,#3248,.T.);
#4214=EDGE_CURVE('',#3492,#3490,#3249,.T.);
#4215=EDGE_CURVE('',#3494,#3495,#768,.T.);
#4216=EDGE_CURVE('',#3495,#3496,#769,.T.);
#4217=EDGE_CURVE('',#3497,#3496,#770,.T.);
#4218=EDGE_CURVE('',#3494,#3497,#771,.T.);
#4219=EDGE_CURVE('',#3498,#3494,#772,.T.);
#4220=EDGE_CURVE('',#3499,#3497,#773,.T.);
#4221=EDGE_CURVE('',#3498,#3499,#774,.T.);
#4222=EDGE_CURVE('',#3495,#3500,#775,.T.);
#4223=EDGE_CURVE('',#3501,#3500,#776,.T.);
#4224=EDGE_CURVE('',#3496,#3501,#777,.T.);
#4225=EDGE_CURVE('',#3501,#3499,#3250,.T.);
#4226=EDGE_CURVE('',#3500,#3498,#3251,.T.);
#4227=EDGE_CURVE('',#3502,#3503,#778,.T.);
#4228=EDGE_CURVE('',#3503,#3504,#779,.T.);
#4229=EDGE_CURVE('',#3505,#3504,#780,.T.);
#4230=EDGE_CURVE('',#3502,#3505,#781,.T.);
#4231=EDGE_CURVE('',#3506,#3502,#782,.T.);
#4232=EDGE_CURVE('',#3507,#3505,#783,.T.);
#4233=EDGE_CURVE('',#3506,#3507,#784,.T.);
#4234=EDGE_CURVE('',#3503,#3508,#785,.T.);
#4235=EDGE_CURVE('',#3509,#3508,#786,.T.);
#4236=EDGE_CURVE('',#3504,#3509,#787,.T.);
#4237=EDGE_CURVE('',#3509,#3507,#3252,.T.);
#4238=EDGE_CURVE('',#3508,#3506,#3253,.T.);
#4239=EDGE_CURVE('',#3510,#3511,#788,.T.);
#4240=EDGE_CURVE('',#3511,#3512,#789,.T.);
#4241=EDGE_CURVE('',#3513,#3512,#790,.T.);
#4242=EDGE_CURVE('',#3510,#3513,#791,.T.);
#4243=EDGE_CURVE('',#3514,#3510,#792,.T.);
#4244=EDGE_CURVE('',#3515,#3513,#793,.T.);
#4245=EDGE_CURVE('',#3514,#3515,#794,.T.);
#4246=EDGE_CURVE('',#3511,#3516,#795,.T.);
#4247=EDGE_CURVE('',#3517,#3516,#796,.T.);
#4248=EDGE_CURVE('',#3512,#3517,#797,.T.);
#4249=EDGE_CURVE('',#3517,#3515,#3254,.T.);
#4250=EDGE_CURVE('',#3516,#3514,#3255,.T.);
#4251=EDGE_CURVE('',#3518,#3519,#798,.T.);
#4252=EDGE_CURVE('',#3519,#3520,#799,.T.);
#4253=EDGE_CURVE('',#3521,#3520,#800,.T.);
#4254=EDGE_CURVE('',#3518,#3521,#801,.T.);
#4255=EDGE_CURVE('',#3522,#3518,#802,.T.);
#4256=EDGE_CURVE('',#3523,#3521,#803,.T.);
#4257=EDGE_CURVE('',#3522,#3523,#804,.T.);
#4258=EDGE_CURVE('',#3519,#3524,#805,.T.);
#4259=EDGE_CURVE('',#3525,#3524,#806,.T.);
#4260=EDGE_CURVE('',#3520,#3525,#807,.T.);
#4261=EDGE_CURVE('',#3525,#3523,#3256,.T.);
#4262=EDGE_CURVE('',#3524,#3522,#3257,.T.);
#4263=EDGE_CURVE('',#3526,#3527,#808,.T.);
#4264=EDGE_CURVE('',#3527,#3528,#809,.T.);
#4265=EDGE_CURVE('',#3529,#3528,#810,.T.);
#4266=EDGE_CURVE('',#3526,#3529,#811,.T.);
#4267=EDGE_CURVE('',#3530,#3526,#812,.T.);
#4268=EDGE_CURVE('',#3531,#3529,#813,.T.);
#4269=EDGE_CURVE('',#3530,#3531,#814,.T.);
#4270=EDGE_CURVE('',#3527,#3532,#815,.T.);
#4271=EDGE_CURVE('',#3533,#3532,#816,.T.);
#4272=EDGE_CURVE('',#3528,#3533,#817,.T.);
#4273=EDGE_CURVE('',#3533,#3531,#3258,.T.);
#4274=EDGE_CURVE('',#3532,#3530,#3259,.T.);
#4275=EDGE_CURVE('',#3534,#3535,#818,.T.);
#4276=EDGE_CURVE('',#3535,#3536,#819,.T.);
#4277=EDGE_CURVE('',#3537,#3536,#820,.T.);
#4278=EDGE_CURVE('',#3534,#3537,#821,.T.);
#4279=EDGE_CURVE('',#3538,#3534,#822,.T.);
#4280=EDGE_CURVE('',#3539,#3537,#823,.T.);
#4281=EDGE_CURVE('',#3538,#3539,#824,.T.);
#4282=EDGE_CURVE('',#3535,#3540,#825,.T.);
#4283=EDGE_CURVE('',#3541,#3540,#826,.T.);
#4284=EDGE_CURVE('',#3536,#3541,#827,.T.);
#4285=EDGE_CURVE('',#3541,#3539,#3260,.T.);
#4286=EDGE_CURVE('',#3540,#3538,#3261,.T.);
#4287=EDGE_CURVE('',#3542,#3543,#828,.T.);
#4288=EDGE_CURVE('',#3543,#3544,#829,.T.);
#4289=EDGE_CURVE('',#3545,#3544,#830,.T.);
#4290=EDGE_CURVE('',#3542,#3545,#831,.T.);
#4291=EDGE_CURVE('',#3546,#3542,#832,.T.);
#4292=EDGE_CURVE('',#3547,#3545,#833,.T.);
#4293=EDGE_CURVE('',#3546,#3547,#834,.T.);
#4294=EDGE_CURVE('',#3543,#3548,#835,.T.);
#4295=EDGE_CURVE('',#3549,#3548,#836,.T.);
#4296=EDGE_CURVE('',#3544,#3549,#837,.T.);
#4297=EDGE_CURVE('',#3549,#3547,#3262,.T.);
#4298=EDGE_CURVE('',#3548,#3546,#3263,.T.);
#4299=EDGE_CURVE('',#3550,#3551,#838,.T.);
#4300=EDGE_CURVE('',#3551,#3552,#839,.T.);
#4301=EDGE_CURVE('',#3553,#3552,#840,.T.);
#4302=EDGE_CURVE('',#3550,#3553,#841,.T.);
#4303=EDGE_CURVE('',#3554,#3550,#842,.T.);
#4304=EDGE_CURVE('',#3555,#3553,#843,.T.);
#4305=EDGE_CURVE('',#3554,#3555,#844,.T.);
#4306=EDGE_CURVE('',#3551,#3556,#845,.T.);
#4307=EDGE_CURVE('',#3557,#3556,#846,.T.);
#4308=EDGE_CURVE('',#3552,#3557,#847,.T.);
#4309=EDGE_CURVE('',#3557,#3555,#3264,.T.);
#4310=EDGE_CURVE('',#3556,#3554,#3265,.T.);
#4311=EDGE_CURVE('',#3558,#3559,#848,.T.);
#4312=EDGE_CURVE('',#3559,#3560,#849,.T.);
#4313=EDGE_CURVE('',#3561,#3560,#850,.T.);
#4314=EDGE_CURVE('',#3558,#3561,#851,.T.);
#4315=EDGE_CURVE('',#3562,#3558,#852,.T.);
#4316=EDGE_CURVE('',#3563,#3561,#853,.T.);
#4317=EDGE_CURVE('',#3562,#3563,#854,.T.);
#4318=EDGE_CURVE('',#3559,#3564,#855,.T.);
#4319=EDGE_CURVE('',#3565,#3564,#856,.T.);
#4320=EDGE_CURVE('',#3560,#3565,#857,.T.);
#4321=EDGE_CURVE('',#3565,#3563,#3266,.T.);
#4322=EDGE_CURVE('',#3564,#3562,#3267,.T.);
#4323=EDGE_CURVE('',#3566,#3567,#858,.T.);
#4324=EDGE_CURVE('',#3567,#3568,#859,.T.);
#4325=EDGE_CURVE('',#3569,#3568,#860,.T.);
#4326=EDGE_CURVE('',#3566,#3569,#861,.T.);
#4327=EDGE_CURVE('',#3570,#3566,#862,.T.);
#4328=EDGE_CURVE('',#3571,#3569,#863,.T.);
#4329=EDGE_CURVE('',#3570,#3571,#864,.T.);
#4330=EDGE_CURVE('',#3567,#3572,#865,.T.);
#4331=EDGE_CURVE('',#3573,#3572,#866,.T.);
#4332=EDGE_CURVE('',#3568,#3573,#867,.T.);
#4333=EDGE_CURVE('',#3573,#3571,#3268,.T.);
#4334=EDGE_CURVE('',#3572,#3570,#3269,.T.);
#4335=EDGE_CURVE('',#3574,#3575,#868,.T.);
#4336=EDGE_CURVE('',#3575,#3576,#869,.T.);
#4337=EDGE_CURVE('',#3577,#3576,#870,.T.);
#4338=EDGE_CURVE('',#3574,#3577,#871,.T.);
#4339=EDGE_CURVE('',#3578,#3574,#872,.T.);
#4340=EDGE_CURVE('',#3579,#3577,#873,.T.);
#4341=EDGE_CURVE('',#3578,#3579,#874,.T.);
#4342=EDGE_CURVE('',#3575,#3580,#875,.T.);
#4343=EDGE_CURVE('',#3581,#3580,#876,.T.);
#4344=EDGE_CURVE('',#3576,#3581,#877,.T.);
#4345=EDGE_CURVE('',#3581,#3579,#3270,.T.);
#4346=EDGE_CURVE('',#3580,#3578,#3271,.T.);
#4347=EDGE_CURVE('',#3582,#3583,#878,.T.);
#4348=EDGE_CURVE('',#3583,#3584,#879,.T.);
#4349=EDGE_CURVE('',#3585,#3584,#880,.T.);
#4350=EDGE_CURVE('',#3582,#3585,#881,.T.);
#4351=EDGE_CURVE('',#3586,#3582,#882,.T.);
#4352=EDGE_CURVE('',#3587,#3585,#883,.T.);
#4353=EDGE_CURVE('',#3586,#3587,#884,.T.);
#4354=EDGE_CURVE('',#3583,#3588,#885,.T.);
#4355=EDGE_CURVE('',#3589,#3588,#886,.T.);
#4356=EDGE_CURVE('',#3584,#3589,#887,.T.);
#4357=EDGE_CURVE('',#3589,#3587,#3272,.T.);
#4358=EDGE_CURVE('',#3588,#3586,#3273,.T.);
#4359=EDGE_CURVE('',#3590,#3591,#888,.T.);
#4360=EDGE_CURVE('',#3591,#3592,#889,.T.);
#4361=EDGE_CURVE('',#3593,#3592,#890,.T.);
#4362=EDGE_CURVE('',#3590,#3593,#891,.T.);
#4363=EDGE_CURVE('',#3594,#3590,#892,.T.);
#4364=EDGE_CURVE('',#3595,#3593,#893,.T.);
#4365=EDGE_CURVE('',#3594,#3595,#894,.T.);
#4366=EDGE_CURVE('',#3591,#3596,#895,.T.);
#4367=EDGE_CURVE('',#3597,#3596,#896,.T.);
#4368=EDGE_CURVE('',#3592,#3597,#897,.T.);
#4369=EDGE_CURVE('',#3597,#3595,#3274,.T.);
#4370=EDGE_CURVE('',#3596,#3594,#3275,.T.);
#4371=EDGE_CURVE('',#3598,#3599,#898,.T.);
#4372=EDGE_CURVE('',#3599,#3600,#899,.T.);
#4373=EDGE_CURVE('',#3601,#3600,#900,.T.);
#4374=EDGE_CURVE('',#3598,#3601,#901,.T.);
#4375=EDGE_CURVE('',#3602,#3598,#902,.T.);
#4376=EDGE_CURVE('',#3603,#3601,#903,.T.);
#4377=EDGE_CURVE('',#3602,#3603,#904,.T.);
#4378=EDGE_CURVE('',#3599,#3604,#905,.T.);
#4379=EDGE_CURVE('',#3605,#3604,#906,.T.);
#4380=EDGE_CURVE('',#3600,#3605,#907,.T.);
#4381=EDGE_CURVE('',#3605,#3603,#3276,.T.);
#4382=EDGE_CURVE('',#3604,#3602,#3277,.T.);
#4383=EDGE_CURVE('',#3606,#3607,#908,.T.);
#4384=EDGE_CURVE('',#3607,#3608,#909,.T.);
#4385=EDGE_CURVE('',#3609,#3608,#910,.T.);
#4386=EDGE_CURVE('',#3606,#3609,#911,.T.);
#4387=EDGE_CURVE('',#3610,#3606,#912,.T.);
#4388=EDGE_CURVE('',#3611,#3609,#913,.T.);
#4389=EDGE_CURVE('',#3610,#3611,#914,.T.);
#4390=EDGE_CURVE('',#3607,#3612,#915,.T.);
#4391=EDGE_CURVE('',#3613,#3612,#916,.T.);
#4392=EDGE_CURVE('',#3608,#3613,#917,.T.);
#4393=EDGE_CURVE('',#3613,#3611,#3278,.T.);
#4394=EDGE_CURVE('',#3612,#3610,#3279,.T.);
#4395=EDGE_CURVE('',#3614,#3615,#918,.T.);
#4396=EDGE_CURVE('',#3615,#3616,#919,.T.);
#4397=EDGE_CURVE('',#3617,#3616,#920,.T.);
#4398=EDGE_CURVE('',#3614,#3617,#921,.T.);
#4399=EDGE_CURVE('',#3618,#3614,#922,.T.);
#4400=EDGE_CURVE('',#3619,#3617,#923,.T.);
#4401=EDGE_CURVE('',#3618,#3619,#924,.T.);
#4402=EDGE_CURVE('',#3615,#3620,#925,.T.);
#4403=EDGE_CURVE('',#3621,#3620,#926,.T.);
#4404=EDGE_CURVE('',#3616,#3621,#927,.T.);
#4405=EDGE_CURVE('',#3621,#3619,#3280,.T.);
#4406=EDGE_CURVE('',#3620,#3618,#3281,.T.);
#4407=EDGE_CURVE('',#3622,#3623,#928,.T.);
#4408=EDGE_CURVE('',#3623,#3624,#929,.T.);
#4409=EDGE_CURVE('',#3625,#3624,#930,.T.);
#4410=EDGE_CURVE('',#3622,#3625,#931,.T.);
#4411=EDGE_CURVE('',#3626,#3622,#932,.T.);
#4412=EDGE_CURVE('',#3627,#3625,#933,.T.);
#4413=EDGE_CURVE('',#3626,#3627,#934,.T.);
#4414=EDGE_CURVE('',#3623,#3628,#935,.T.);
#4415=EDGE_CURVE('',#3629,#3628,#936,.T.);
#4416=EDGE_CURVE('',#3624,#3629,#937,.T.);
#4417=EDGE_CURVE('',#3629,#3627,#3282,.T.);
#4418=EDGE_CURVE('',#3628,#3626,#3283,.T.);
#4419=EDGE_CURVE('',#3630,#3631,#938,.T.);
#4420=EDGE_CURVE('',#3631,#3632,#939,.T.);
#4421=EDGE_CURVE('',#3633,#3632,#940,.T.);
#4422=EDGE_CURVE('',#3630,#3633,#941,.T.);
#4423=EDGE_CURVE('',#3634,#3630,#942,.T.);
#4424=EDGE_CURVE('',#3635,#3633,#943,.T.);
#4425=EDGE_CURVE('',#3634,#3635,#944,.T.);
#4426=EDGE_CURVE('',#3631,#3636,#945,.T.);
#4427=EDGE_CURVE('',#3637,#3636,#946,.T.);
#4428=EDGE_CURVE('',#3632,#3637,#947,.T.);
#4429=EDGE_CURVE('',#3637,#3635,#3284,.T.);
#4430=EDGE_CURVE('',#3636,#3634,#3285,.T.);
#4431=EDGE_CURVE('',#3638,#3639,#948,.T.);
#4432=EDGE_CURVE('',#3639,#3640,#949,.T.);
#4433=EDGE_CURVE('',#3641,#3640,#950,.T.);
#4434=EDGE_CURVE('',#3638,#3641,#951,.T.);
#4435=EDGE_CURVE('',#3642,#3638,#952,.T.);
#4436=EDGE_CURVE('',#3643,#3641,#953,.T.);
#4437=EDGE_CURVE('',#3642,#3643,#954,.T.);
#4438=EDGE_CURVE('',#3639,#3644,#955,.T.);
#4439=EDGE_CURVE('',#3645,#3644,#956,.T.);
#4440=EDGE_CURVE('',#3640,#3645,#957,.T.);
#4441=EDGE_CURVE('',#3645,#3643,#3286,.T.);
#4442=EDGE_CURVE('',#3644,#3642,#3287,.T.);
#4443=EDGE_CURVE('',#3646,#3647,#958,.T.);
#4444=EDGE_CURVE('',#3647,#3648,#959,.T.);
#4445=EDGE_CURVE('',#3649,#3648,#960,.T.);
#4446=EDGE_CURVE('',#3646,#3649,#961,.T.);
#4447=EDGE_CURVE('',#3650,#3646,#962,.T.);
#4448=EDGE_CURVE('',#3651,#3649,#963,.T.);
#4449=EDGE_CURVE('',#3650,#3651,#964,.T.);
#4450=EDGE_CURVE('',#3647,#3652,#965,.T.);
#4451=EDGE_CURVE('',#3653,#3652,#966,.T.);
#4452=EDGE_CURVE('',#3648,#3653,#967,.T.);
#4453=EDGE_CURVE('',#3653,#3651,#3288,.T.);
#4454=EDGE_CURVE('',#3652,#3650,#3289,.T.);
#4455=EDGE_CURVE('',#3654,#3655,#968,.T.);
#4456=EDGE_CURVE('',#3655,#3656,#969,.T.);
#4457=EDGE_CURVE('',#3657,#3656,#970,.T.);
#4458=EDGE_CURVE('',#3654,#3657,#971,.T.);
#4459=EDGE_CURVE('',#3658,#3654,#972,.T.);
#4460=EDGE_CURVE('',#3659,#3657,#973,.T.);
#4461=EDGE_CURVE('',#3658,#3659,#974,.T.);
#4462=EDGE_CURVE('',#3655,#3660,#975,.T.);
#4463=EDGE_CURVE('',#3661,#3660,#976,.T.);
#4464=EDGE_CURVE('',#3656,#3661,#977,.T.);
#4465=EDGE_CURVE('',#3661,#3659,#3290,.T.);
#4466=EDGE_CURVE('',#3660,#3658,#3291,.T.);
#4467=EDGE_CURVE('',#3662,#3663,#978,.T.);
#4468=EDGE_CURVE('',#3663,#3664,#979,.T.);
#4469=EDGE_CURVE('',#3665,#3664,#980,.T.);
#4470=EDGE_CURVE('',#3662,#3665,#981,.T.);
#4471=EDGE_CURVE('',#3666,#3662,#982,.T.);
#4472=EDGE_CURVE('',#3667,#3665,#983,.T.);
#4473=EDGE_CURVE('',#3666,#3667,#984,.T.);
#4474=EDGE_CURVE('',#3663,#3668,#985,.T.);
#4475=EDGE_CURVE('',#3669,#3668,#986,.T.);
#4476=EDGE_CURVE('',#3664,#3669,#987,.T.);
#4477=EDGE_CURVE('',#3669,#3667,#3292,.T.);
#4478=EDGE_CURVE('',#3668,#3666,#3293,.T.);
#4479=EDGE_CURVE('',#3670,#3671,#988,.T.);
#4480=EDGE_CURVE('',#3671,#3672,#989,.T.);
#4481=EDGE_CURVE('',#3673,#3672,#990,.T.);
#4482=EDGE_CURVE('',#3670,#3673,#991,.T.);
#4483=EDGE_CURVE('',#3674,#3670,#992,.T.);
#4484=EDGE_CURVE('',#3675,#3673,#993,.T.);
#4485=EDGE_CURVE('',#3674,#3675,#994,.T.);
#4486=EDGE_CURVE('',#3671,#3676,#995,.T.);
#4487=EDGE_CURVE('',#3677,#3676,#996,.T.);
#4488=EDGE_CURVE('',#3672,#3677,#997,.T.);
#4489=EDGE_CURVE('',#3677,#3675,#3294,.T.);
#4490=EDGE_CURVE('',#3676,#3674,#3295,.T.);
#4491=EDGE_CURVE('',#3678,#3679,#998,.T.);
#4492=EDGE_CURVE('',#3679,#3680,#999,.T.);
#4493=EDGE_CURVE('',#3681,#3680,#1000,.T.);
#4494=EDGE_CURVE('',#3678,#3681,#1001,.T.);
#4495=EDGE_CURVE('',#3682,#3678,#1002,.T.);
#4496=EDGE_CURVE('',#3683,#3681,#1003,.T.);
#4497=EDGE_CURVE('',#3682,#3683,#1004,.T.);
#4498=EDGE_CURVE('',#3679,#3684,#1005,.T.);
#4499=EDGE_CURVE('',#3685,#3684,#1006,.T.);
#4500=EDGE_CURVE('',#3680,#3685,#1007,.T.);
#4501=EDGE_CURVE('',#3685,#3683,#3296,.T.);
#4502=EDGE_CURVE('',#3684,#3682,#3297,.T.);
#4503=EDGE_CURVE('',#3686,#3687,#1008,.T.);
#4504=EDGE_CURVE('',#3687,#3688,#1009,.T.);
#4505=EDGE_CURVE('',#3689,#3688,#1010,.T.);
#4506=EDGE_CURVE('',#3686,#3689,#1011,.T.);
#4507=EDGE_CURVE('',#3690,#3686,#1012,.T.);
#4508=EDGE_CURVE('',#3691,#3689,#1013,.T.);
#4509=EDGE_CURVE('',#3690,#3691,#1014,.T.);
#4510=EDGE_CURVE('',#3687,#3692,#1015,.T.);
#4511=EDGE_CURVE('',#3693,#3692,#1016,.T.);
#4512=EDGE_CURVE('',#3688,#3693,#1017,.T.);
#4513=EDGE_CURVE('',#3693,#3691,#3298,.T.);
#4514=EDGE_CURVE('',#3692,#3690,#3299,.T.);
#4515=EDGE_CURVE('',#3694,#3695,#1018,.T.);
#4516=EDGE_CURVE('',#3695,#3696,#1019,.T.);
#4517=EDGE_CURVE('',#3697,#3696,#1020,.T.);
#4518=EDGE_CURVE('',#3694,#3697,#1021,.T.);
#4519=EDGE_CURVE('',#3698,#3694,#1022,.T.);
#4520=EDGE_CURVE('',#3699,#3697,#1023,.T.);
#4521=EDGE_CURVE('',#3698,#3699,#1024,.T.);
#4522=EDGE_CURVE('',#3695,#3700,#1025,.T.);
#4523=EDGE_CURVE('',#3701,#3700,#1026,.T.);
#4524=EDGE_CURVE('',#3696,#3701,#1027,.T.);
#4525=EDGE_CURVE('',#3701,#3699,#3300,.T.);
#4526=EDGE_CURVE('',#3700,#3698,#3301,.T.);
#4527=EDGE_CURVE('',#3702,#3703,#1028,.T.);
#4528=EDGE_CURVE('',#3703,#3704,#1029,.T.);
#4529=EDGE_CURVE('',#3705,#3704,#1030,.T.);
#4530=EDGE_CURVE('',#3702,#3705,#1031,.T.);
#4531=EDGE_CURVE('',#3706,#3702,#1032,.T.);
#4532=EDGE_CURVE('',#3707,#3705,#1033,.T.);
#4533=EDGE_CURVE('',#3706,#3707,#1034,.T.);
#4534=EDGE_CURVE('',#3703,#3708,#1035,.T.);
#4535=EDGE_CURVE('',#3709,#3708,#1036,.T.);
#4536=EDGE_CURVE('',#3704,#3709,#1037,.T.);
#4537=EDGE_CURVE('',#3709,#3707,#3302,.T.);
#4538=EDGE_CURVE('',#3708,#3706,#3303,.T.);
#4539=EDGE_CURVE('',#3710,#3711,#1038,.T.);
#4540=EDGE_CURVE('',#3711,#3712,#1039,.T.);
#4541=EDGE_CURVE('',#3713,#3712,#1040,.T.);
#4542=EDGE_CURVE('',#3710,#3713,#1041,.T.);
#4543=EDGE_CURVE('',#3714,#3710,#1042,.T.);
#4544=EDGE_CURVE('',#3715,#3713,#1043,.T.);
#4545=EDGE_CURVE('',#3714,#3715,#1044,.T.);
#4546=EDGE_CURVE('',#3711,#3716,#1045,.T.);
#4547=EDGE_CURVE('',#3717,#3716,#1046,.T.);
#4548=EDGE_CURVE('',#3712,#3717,#1047,.T.);
#4549=EDGE_CURVE('',#3717,#3715,#3304,.T.);
#4550=EDGE_CURVE('',#3716,#3714,#3305,.T.);
#4551=EDGE_CURVE('',#3718,#3719,#1048,.T.);
#4552=EDGE_CURVE('',#3719,#3720,#1049,.T.);
#4553=EDGE_CURVE('',#3721,#3720,#1050,.T.);
#4554=EDGE_CURVE('',#3718,#3721,#1051,.T.);
#4555=EDGE_CURVE('',#3722,#3718,#1052,.T.);
#4556=EDGE_CURVE('',#3723,#3721,#1053,.T.);
#4557=EDGE_CURVE('',#3722,#3723,#1054,.T.);
#4558=EDGE_CURVE('',#3719,#3724,#1055,.T.);
#4559=EDGE_CURVE('',#3725,#3724,#1056,.T.);
#4560=EDGE_CURVE('',#3720,#3725,#1057,.T.);
#4561=EDGE_CURVE('',#3725,#3723,#3306,.T.);
#4562=EDGE_CURVE('',#3724,#3722,#3307,.T.);
#4563=EDGE_CURVE('',#3726,#3727,#1058,.T.);
#4564=EDGE_CURVE('',#3727,#3728,#1059,.T.);
#4565=EDGE_CURVE('',#3729,#3728,#1060,.T.);
#4566=EDGE_CURVE('',#3726,#3729,#1061,.T.);
#4567=EDGE_CURVE('',#3730,#3726,#1062,.T.);
#4568=EDGE_CURVE('',#3731,#3729,#1063,.T.);
#4569=EDGE_CURVE('',#3730,#3731,#1064,.T.);
#4570=EDGE_CURVE('',#3727,#3732,#1065,.T.);
#4571=EDGE_CURVE('',#3733,#3732,#1066,.T.);
#4572=EDGE_CURVE('',#3728,#3733,#1067,.T.);
#4573=EDGE_CURVE('',#3733,#3731,#3308,.T.);
#4574=EDGE_CURVE('',#3732,#3730,#3309,.T.);
#4575=EDGE_CURVE('',#3734,#3735,#1068,.T.);
#4576=EDGE_CURVE('',#3735,#3736,#1069,.T.);
#4577=EDGE_CURVE('',#3737,#3736,#1070,.T.);
#4578=EDGE_CURVE('',#3734,#3737,#1071,.T.);
#4579=EDGE_CURVE('',#3738,#3734,#1072,.T.);
#4580=EDGE_CURVE('',#3739,#3737,#1073,.T.);
#4581=EDGE_CURVE('',#3738,#3739,#1074,.T.);
#4582=EDGE_CURVE('',#3735,#3740,#1075,.T.);
#4583=EDGE_CURVE('',#3741,#3740,#1076,.T.);
#4584=EDGE_CURVE('',#3736,#3741,#1077,.T.);
#4585=EDGE_CURVE('',#3741,#3739,#3310,.T.);
#4586=EDGE_CURVE('',#3740,#3738,#3311,.T.);
#4587=EDGE_CURVE('',#3742,#3743,#1078,.T.);
#4588=EDGE_CURVE('',#3743,#3744,#1079,.T.);
#4589=EDGE_CURVE('',#3745,#3744,#1080,.T.);
#4590=EDGE_CURVE('',#3742,#3745,#1081,.T.);
#4591=EDGE_CURVE('',#3746,#3742,#1082,.T.);
#4592=EDGE_CURVE('',#3747,#3745,#1083,.T.);
#4593=EDGE_CURVE('',#3746,#3747,#1084,.T.);
#4594=EDGE_CURVE('',#3743,#3748,#1085,.T.);
#4595=EDGE_CURVE('',#3749,#3748,#1086,.T.);
#4596=EDGE_CURVE('',#3744,#3749,#1087,.T.);
#4597=EDGE_CURVE('',#3749,#3747,#3312,.T.);
#4598=EDGE_CURVE('',#3748,#3746,#3313,.T.);
#4599=EDGE_CURVE('',#3750,#3751,#1088,.T.);
#4600=EDGE_CURVE('',#3751,#3752,#1089,.T.);
#4601=EDGE_CURVE('',#3753,#3752,#1090,.T.);
#4602=EDGE_CURVE('',#3750,#3753,#1091,.T.);
#4603=EDGE_CURVE('',#3754,#3750,#1092,.T.);
#4604=EDGE_CURVE('',#3755,#3753,#1093,.T.);
#4605=EDGE_CURVE('',#3754,#3755,#1094,.T.);
#4606=EDGE_CURVE('',#3751,#3756,#1095,.T.);
#4607=EDGE_CURVE('',#3757,#3756,#1096,.T.);
#4608=EDGE_CURVE('',#3752,#3757,#1097,.T.);
#4609=EDGE_CURVE('',#3757,#3755,#3314,.T.);
#4610=EDGE_CURVE('',#3756,#3754,#3315,.T.);
#4611=EDGE_CURVE('',#3758,#3759,#1098,.T.);
#4612=EDGE_CURVE('',#3759,#3760,#1099,.T.);
#4613=EDGE_CURVE('',#3761,#3760,#1100,.T.);
#4614=EDGE_CURVE('',#3758,#3761,#1101,.T.);
#4615=EDGE_CURVE('',#3762,#3758,#1102,.T.);
#4616=EDGE_CURVE('',#3763,#3761,#1103,.T.);
#4617=EDGE_CURVE('',#3762,#3763,#1104,.T.);
#4618=EDGE_CURVE('',#3759,#3764,#1105,.T.);
#4619=EDGE_CURVE('',#3765,#3764,#1106,.T.);
#4620=EDGE_CURVE('',#3760,#3765,#1107,.T.);
#4621=EDGE_CURVE('',#3765,#3763,#3316,.T.);
#4622=EDGE_CURVE('',#3764,#3762,#3317,.T.);
#4623=EDGE_CURVE('',#3766,#3767,#1108,.T.);
#4624=EDGE_CURVE('',#3767,#3768,#1109,.T.);
#4625=EDGE_CURVE('',#3769,#3768,#1110,.T.);
#4626=EDGE_CURVE('',#3766,#3769,#1111,.T.);
#4627=EDGE_CURVE('',#3770,#3766,#1112,.T.);
#4628=EDGE_CURVE('',#3771,#3769,#1113,.T.);
#4629=EDGE_CURVE('',#3770,#3771,#1114,.T.);
#4630=EDGE_CURVE('',#3767,#3772,#1115,.T.);
#4631=EDGE_CURVE('',#3773,#3772,#1116,.T.);
#4632=EDGE_CURVE('',#3768,#3773,#1117,.T.);
#4633=EDGE_CURVE('',#3773,#3771,#3318,.T.);
#4634=EDGE_CURVE('',#3772,#3770,#3319,.T.);
#4635=EDGE_CURVE('',#3774,#3775,#1118,.T.);
#4636=EDGE_CURVE('',#3775,#3776,#1119,.T.);
#4637=EDGE_CURVE('',#3777,#3776,#1120,.T.);
#4638=EDGE_CURVE('',#3774,#3777,#1121,.T.);
#4639=EDGE_CURVE('',#3778,#3774,#1122,.T.);
#4640=EDGE_CURVE('',#3779,#3777,#1123,.T.);
#4641=EDGE_CURVE('',#3778,#3779,#1124,.T.);
#4642=EDGE_CURVE('',#3775,#3780,#1125,.T.);
#4643=EDGE_CURVE('',#3781,#3780,#1126,.T.);
#4644=EDGE_CURVE('',#3776,#3781,#1127,.T.);
#4645=EDGE_CURVE('',#3781,#3779,#3320,.T.);
#4646=EDGE_CURVE('',#3780,#3778,#3321,.T.);
#4647=EDGE_CURVE('',#3782,#3783,#1128,.T.);
#4648=EDGE_CURVE('',#3783,#3784,#1129,.T.);
#4649=EDGE_CURVE('',#3785,#3784,#1130,.T.);
#4650=EDGE_CURVE('',#3782,#3785,#1131,.T.);
#4651=EDGE_CURVE('',#3786,#3782,#1132,.T.);
#4652=EDGE_CURVE('',#3787,#3785,#1133,.T.);
#4653=EDGE_CURVE('',#3786,#3787,#1134,.T.);
#4654=EDGE_CURVE('',#3783,#3788,#1135,.T.);
#4655=EDGE_CURVE('',#3789,#3788,#1136,.T.);
#4656=EDGE_CURVE('',#3784,#3789,#1137,.T.);
#4657=EDGE_CURVE('',#3789,#3787,#3322,.T.);
#4658=EDGE_CURVE('',#3788,#3786,#3323,.T.);
#4659=EDGE_CURVE('',#3790,#3791,#1138,.T.);
#4660=EDGE_CURVE('',#3791,#3792,#1139,.T.);
#4661=EDGE_CURVE('',#3793,#3792,#1140,.T.);
#4662=EDGE_CURVE('',#3790,#3793,#1141,.T.);
#4663=EDGE_CURVE('',#3794,#3790,#1142,.T.);
#4664=EDGE_CURVE('',#3795,#3793,#1143,.T.);
#4665=EDGE_CURVE('',#3794,#3795,#1144,.T.);
#4666=EDGE_CURVE('',#3791,#3796,#1145,.T.);
#4667=EDGE_CURVE('',#3797,#3796,#1146,.T.);
#4668=EDGE_CURVE('',#3792,#3797,#1147,.T.);
#4669=EDGE_CURVE('',#3797,#3795,#3324,.T.);
#4670=EDGE_CURVE('',#3796,#3794,#3325,.T.);
#4671=EDGE_CURVE('',#3798,#3799,#1148,.T.);
#4672=EDGE_CURVE('',#3799,#3800,#1149,.T.);
#4673=EDGE_CURVE('',#3801,#3800,#1150,.T.);
#4674=EDGE_CURVE('',#3798,#3801,#1151,.T.);
#4675=EDGE_CURVE('',#3802,#3798,#1152,.T.);
#4676=EDGE_CURVE('',#3803,#3801,#1153,.T.);
#4677=EDGE_CURVE('',#3802,#3803,#1154,.T.);
#4678=EDGE_CURVE('',#3799,#3804,#1155,.T.);
#4679=EDGE_CURVE('',#3805,#3804,#1156,.T.);
#4680=EDGE_CURVE('',#3800,#3805,#1157,.T.);
#4681=EDGE_CURVE('',#3805,#3803,#3326,.T.);
#4682=EDGE_CURVE('',#3804,#3802,#3327,.T.);
#4683=EDGE_CURVE('',#3806,#3807,#1158,.T.);
#4684=EDGE_CURVE('',#3807,#3808,#1159,.T.);
#4685=EDGE_CURVE('',#3809,#3808,#1160,.T.);
#4686=EDGE_CURVE('',#3806,#3809,#1161,.T.);
#4687=EDGE_CURVE('',#3810,#3806,#1162,.T.);
#4688=EDGE_CURVE('',#3811,#3809,#1163,.T.);
#4689=EDGE_CURVE('',#3810,#3811,#1164,.T.);
#4690=EDGE_CURVE('',#3807,#3812,#1165,.T.);
#4691=EDGE_CURVE('',#3813,#3812,#1166,.T.);
#4692=EDGE_CURVE('',#3808,#3813,#1167,.T.);
#4693=EDGE_CURVE('',#3813,#3811,#3328,.T.);
#4694=EDGE_CURVE('',#3812,#3810,#3329,.T.);
#4695=EDGE_CURVE('',#3814,#3815,#1168,.T.);
#4696=EDGE_CURVE('',#3815,#3816,#1169,.T.);
#4697=EDGE_CURVE('',#3817,#3816,#1170,.T.);
#4698=EDGE_CURVE('',#3814,#3817,#1171,.T.);
#4699=EDGE_CURVE('',#3818,#3814,#1172,.T.);
#4700=EDGE_CURVE('',#3819,#3817,#1173,.T.);
#4701=EDGE_CURVE('',#3818,#3819,#1174,.T.);
#4702=EDGE_CURVE('',#3815,#3820,#1175,.T.);
#4703=EDGE_CURVE('',#3821,#3820,#1176,.T.);
#4704=EDGE_CURVE('',#3816,#3821,#1177,.T.);
#4705=EDGE_CURVE('',#3821,#3819,#3330,.T.);
#4706=EDGE_CURVE('',#3820,#3818,#3331,.T.);
#4707=EDGE_CURVE('',#3822,#3823,#1178,.T.);
#4708=EDGE_CURVE('',#3823,#3824,#1179,.T.);
#4709=EDGE_CURVE('',#3825,#3824,#1180,.T.);
#4710=EDGE_CURVE('',#3822,#3825,#1181,.T.);
#4711=EDGE_CURVE('',#3826,#3822,#1182,.T.);
#4712=EDGE_CURVE('',#3827,#3825,#1183,.T.);
#4713=EDGE_CURVE('',#3826,#3827,#1184,.T.);
#4714=EDGE_CURVE('',#3823,#3828,#1185,.T.);
#4715=EDGE_CURVE('',#3829,#3828,#1186,.T.);
#4716=EDGE_CURVE('',#3824,#3829,#1187,.T.);
#4717=EDGE_CURVE('',#3829,#3827,#3332,.T.);
#4718=EDGE_CURVE('',#3828,#3826,#3333,.T.);
#4719=EDGE_CURVE('',#3830,#3831,#1188,.T.);
#4720=EDGE_CURVE('',#3831,#3832,#1189,.T.);
#4721=EDGE_CURVE('',#3833,#3832,#1190,.T.);
#4722=EDGE_CURVE('',#3830,#3833,#1191,.T.);
#4723=EDGE_CURVE('',#3834,#3830,#1192,.T.);
#4724=EDGE_CURVE('',#3835,#3833,#1193,.T.);
#4725=EDGE_CURVE('',#3834,#3835,#1194,.T.);
#4726=EDGE_CURVE('',#3831,#3836,#1195,.T.);
#4727=EDGE_CURVE('',#3837,#3836,#1196,.T.);
#4728=EDGE_CURVE('',#3832,#3837,#1197,.T.);
#4729=EDGE_CURVE('',#3837,#3835,#3334,.T.);
#4730=EDGE_CURVE('',#3836,#3834,#3335,.T.);
#4731=EDGE_CURVE('',#3838,#3839,#1198,.T.);
#4732=EDGE_CURVE('',#3839,#3840,#1199,.T.);
#4733=EDGE_CURVE('',#3841,#3840,#1200,.T.);
#4734=EDGE_CURVE('',#3838,#3841,#1201,.T.);
#4735=EDGE_CURVE('',#3842,#3838,#1202,.T.);
#4736=EDGE_CURVE('',#3843,#3841,#1203,.T.);
#4737=EDGE_CURVE('',#3842,#3843,#1204,.T.);
#4738=EDGE_CURVE('',#3839,#3844,#1205,.T.);
#4739=EDGE_CURVE('',#3845,#3844,#1206,.T.);
#4740=EDGE_CURVE('',#3840,#3845,#1207,.T.);
#4741=EDGE_CURVE('',#3845,#3843,#3336,.T.);
#4742=EDGE_CURVE('',#3844,#3842,#3337,.T.);
#4743=EDGE_CURVE('',#3846,#3847,#1208,.T.);
#4744=EDGE_CURVE('',#3847,#3848,#1209,.T.);
#4745=EDGE_CURVE('',#3849,#3848,#1210,.T.);
#4746=EDGE_CURVE('',#3846,#3849,#1211,.T.);
#4747=EDGE_CURVE('',#3850,#3846,#1212,.T.);
#4748=EDGE_CURVE('',#3851,#3849,#1213,.T.);
#4749=EDGE_CURVE('',#3850,#3851,#1214,.T.);
#4750=EDGE_CURVE('',#3847,#3852,#1215,.T.);
#4751=EDGE_CURVE('',#3853,#3852,#1216,.T.);
#4752=EDGE_CURVE('',#3848,#3853,#1217,.T.);
#4753=EDGE_CURVE('',#3853,#3851,#3338,.T.);
#4754=EDGE_CURVE('',#3852,#3850,#3339,.T.);
#4755=EDGE_CURVE('',#3854,#3855,#1218,.T.);
#4756=EDGE_CURVE('',#3855,#3856,#1219,.T.);
#4757=EDGE_CURVE('',#3857,#3856,#1220,.T.);
#4758=EDGE_CURVE('',#3854,#3857,#1221,.T.);
#4759=EDGE_CURVE('',#3858,#3854,#1222,.T.);
#4760=EDGE_CURVE('',#3859,#3857,#1223,.T.);
#4761=EDGE_CURVE('',#3858,#3859,#1224,.T.);
#4762=EDGE_CURVE('',#3855,#3860,#1225,.T.);
#4763=EDGE_CURVE('',#3861,#3860,#1226,.T.);
#4764=EDGE_CURVE('',#3856,#3861,#1227,.T.);
#4765=EDGE_CURVE('',#3861,#3859,#3340,.T.);
#4766=EDGE_CURVE('',#3860,#3858,#3341,.T.);
#4767=EDGE_CURVE('',#3862,#3863,#1228,.T.);
#4768=EDGE_CURVE('',#3863,#3864,#1229,.T.);
#4769=EDGE_CURVE('',#3865,#3864,#1230,.T.);
#4770=EDGE_CURVE('',#3862,#3865,#1231,.T.);
#4771=EDGE_CURVE('',#3866,#3862,#1232,.T.);
#4772=EDGE_CURVE('',#3867,#3865,#1233,.T.);
#4773=EDGE_CURVE('',#3866,#3867,#1234,.T.);
#4774=EDGE_CURVE('',#3863,#3868,#1235,.T.);
#4775=EDGE_CURVE('',#3869,#3868,#1236,.T.);
#4776=EDGE_CURVE('',#3864,#3869,#1237,.T.);
#4777=EDGE_CURVE('',#3869,#3867,#3342,.T.);
#4778=EDGE_CURVE('',#3868,#3866,#3343,.T.);
#4779=EDGE_CURVE('',#3870,#3871,#1238,.T.);
#4780=EDGE_CURVE('',#3871,#3872,#1239,.T.);
#4781=EDGE_CURVE('',#3873,#3872,#1240,.T.);
#4782=EDGE_CURVE('',#3870,#3873,#1241,.T.);
#4783=EDGE_CURVE('',#3874,#3870,#1242,.T.);
#4784=EDGE_CURVE('',#3875,#3873,#1243,.T.);
#4785=EDGE_CURVE('',#3874,#3875,#1244,.T.);
#4786=EDGE_CURVE('',#3871,#3876,#1245,.T.);
#4787=EDGE_CURVE('',#3877,#3876,#1246,.T.);
#4788=EDGE_CURVE('',#3872,#3877,#1247,.T.);
#4789=EDGE_CURVE('',#3877,#3875,#3344,.T.);
#4790=EDGE_CURVE('',#3876,#3874,#3345,.T.);
#4791=EDGE_CURVE('',#3878,#3879,#1248,.T.);
#4792=EDGE_CURVE('',#3879,#3880,#1249,.T.);
#4793=EDGE_CURVE('',#3881,#3880,#1250,.T.);
#4794=EDGE_CURVE('',#3878,#3881,#1251,.T.);
#4795=EDGE_CURVE('',#3882,#3878,#1252,.T.);
#4796=EDGE_CURVE('',#3883,#3881,#1253,.T.);
#4797=EDGE_CURVE('',#3882,#3883,#1254,.T.);
#4798=EDGE_CURVE('',#3879,#3884,#1255,.T.);
#4799=EDGE_CURVE('',#3885,#3884,#1256,.T.);
#4800=EDGE_CURVE('',#3880,#3885,#1257,.T.);
#4801=EDGE_CURVE('',#3885,#3883,#3346,.T.);
#4802=EDGE_CURVE('',#3884,#3882,#3347,.T.);
#4803=EDGE_CURVE('',#3886,#3887,#1258,.T.);
#4804=EDGE_CURVE('',#3887,#3888,#1259,.T.);
#4805=EDGE_CURVE('',#3889,#3888,#1260,.T.);
#4806=EDGE_CURVE('',#3886,#3889,#1261,.T.);
#4807=EDGE_CURVE('',#3890,#3886,#1262,.T.);
#4808=EDGE_CURVE('',#3891,#3889,#1263,.T.);
#4809=EDGE_CURVE('',#3890,#3891,#1264,.T.);
#4810=EDGE_CURVE('',#3887,#3892,#1265,.T.);
#4811=EDGE_CURVE('',#3893,#3892,#1266,.T.);
#4812=EDGE_CURVE('',#3888,#3893,#1267,.T.);
#4813=EDGE_CURVE('',#3893,#3891,#3348,.T.);
#4814=EDGE_CURVE('',#3892,#3890,#3349,.T.);
#4815=EDGE_CURVE('',#3894,#3894,#3350,.T.);
#4816=EDGE_CURVE('',#3894,#3895,#1268,.T.);
#4817=EDGE_CURVE('',#3895,#3895,#3351,.T.);
#4818=EDGE_CURVE('',#3896,#3897,#1269,.T.);
#4819=EDGE_CURVE('',#3898,#3896,#1270,.T.);
#4820=EDGE_CURVE('',#3899,#3898,#1271,.T.);
#4821=EDGE_CURVE('',#3897,#3899,#1272,.T.);
#4822=EDGE_CURVE('',#3900,#3901,#1273,.T.);
#4823=EDGE_CURVE('',#3900,#3902,#1274,.T.);
#4824=EDGE_CURVE('',#3903,#3902,#1275,.T.);
#4825=EDGE_CURVE('',#3901,#3903,#1276,.T.);
#4826=EDGE_CURVE('',#3904,#3905,#41,.T.);
#4827=EDGE_CURVE('',#3901,#3904,#1277,.T.);
#4828=EDGE_CURVE('',#3905,#3903,#1278,.T.);
#4829=EDGE_CURVE('',#3899,#3906,#1279,.T.);
#4830=EDGE_CURVE('',#3907,#3898,#1280,.T.);
#4831=EDGE_CURVE('',#3906,#3907,#1281,.T.);
#4832=EDGE_CURVE('',#3906,#3908,#1282,.T.);
#4833=EDGE_CURVE('',#3909,#3907,#1283,.T.);
#4834=EDGE_CURVE('',#3908,#3909,#1284,.T.);
#4835=EDGE_CURVE('',#3908,#3910,#1285,.T.);
#4836=EDGE_CURVE('',#3911,#3909,#1286,.T.);
#4837=EDGE_CURVE('',#3910,#3911,#1287,.T.);
#4838=EDGE_CURVE('',#3910,#3912,#1288,.T.);
#4839=EDGE_CURVE('',#3913,#3911,#1289,.T.);
#4840=EDGE_CURVE('',#3912,#3913,#1290,.T.);
#4841=EDGE_CURVE('',#3912,#3900,#1291,.T.);
#4842=EDGE_CURVE('',#3902,#3913,#1292,.T.);
#4843=EDGE_CURVE('',#3914,#3905,#42,.T.);
#4844=EDGE_CURVE('',#3915,#3914,#1293,.T.);
#4845=EDGE_CURVE('',#3904,#3915,#43,.T.);
#4846=EDGE_CURVE('',#3896,#3916,#1294,.T.);
#4847=EDGE_CURVE('',#3916,#3917,#44,.T.);
#4848=EDGE_CURVE('',#3917,#3918,#45,.T.);
#4849=EDGE_CURVE('',#3918,#3919,#1295,.T.);
#4850=EDGE_CURVE('',#3919,#3920,#1296,.T.);
#4851=EDGE_CURVE('',#3920,#3921,#1297,.T.);
#4852=EDGE_CURVE('',#3921,#3922,#1298,.T.);
#4853=EDGE_CURVE('',#3922,#3923,#1299,.T.);
#4854=EDGE_CURVE('',#3923,#3924,#1300,.T.);
#4855=EDGE_CURVE('',#3924,#3925,#1301,.T.);
#4856=EDGE_CURVE('',#3925,#3926,#1302,.T.);
#4857=EDGE_CURVE('',#3926,#3927,#1303,.T.);
#4858=EDGE_CURVE('',#3927,#3928,#1304,.T.);
#4859=EDGE_CURVE('',#3928,#3929,#1305,.T.);
#4860=EDGE_CURVE('',#3929,#3914,#46,.T.);
#4861=EDGE_CURVE('',#3915,#3930,#47,.T.);
#4862=EDGE_CURVE('',#3930,#3929,#1306,.T.);
#4863=EDGE_CURVE('',#3930,#3931,#1307,.T.);
#4864=EDGE_CURVE('',#3931,#3928,#1308,.T.);
#4865=EDGE_CURVE('',#3931,#3932,#1309,.T.);
#4866=EDGE_CURVE('',#3932,#3927,#1310,.T.);
#4867=EDGE_CURVE('',#3932,#3933,#1311,.T.);
#4868=EDGE_CURVE('',#3933,#3926,#1312,.T.);
#4869=EDGE_CURVE('',#3933,#3934,#1313,.T.);
#4870=EDGE_CURVE('',#3934,#3925,#1314,.T.);
#4871=EDGE_CURVE('',#3934,#3935,#1315,.T.);
#4872=EDGE_CURVE('',#3935,#3924,#1316,.T.);
#4873=EDGE_CURVE('',#3935,#3936,#1317,.T.);
#4874=EDGE_CURVE('',#3936,#3923,#1318,.T.);
#4875=EDGE_CURVE('',#3936,#3937,#1319,.T.);
#4876=EDGE_CURVE('',#3937,#3922,#1320,.T.);
#4877=EDGE_CURVE('',#3937,#3938,#1321,.T.);
#4878=EDGE_CURVE('',#3938,#3921,#1322,.T.);
#4879=EDGE_CURVE('',#3938,#3939,#1323,.T.);
#4880=EDGE_CURVE('',#3939,#3920,#1324,.T.);
#4881=EDGE_CURVE('',#3939,#3940,#1325,.T.);
#4882=EDGE_CURVE('',#3940,#3919,#1326,.T.);
#4883=EDGE_CURVE('',#3940,#3941,#1327,.T.);
#4884=EDGE_CURVE('',#3941,#3918,#1328,.T.);
#4885=EDGE_CURVE('',#3941,#3942,#48,.T.);
#4886=EDGE_CURVE('',#3942,#3917,#1329,.T.);
#4887=EDGE_CURVE('',#3942,#3943,#49,.T.);
#4888=EDGE_CURVE('',#3943,#3916,#1330,.T.);
#4889=EDGE_CURVE('',#3943,#3897,#1331,.T.);
#4890=EDGE_CURVE('',#3944,#3945,#50,.T.);
#4891=EDGE_CURVE('',#3944,#3946,#1332,.T.);
#4892=EDGE_CURVE('',#3947,#3946,#51,.T.);
#4893=EDGE_CURVE('',#3945,#3947,#1333,.T.);
#4894=EDGE_CURVE('',#3948,#3944,#52,.T.);
#4895=EDGE_CURVE('',#3948,#3949,#1334,.T.);
#4896=EDGE_CURVE('',#3946,#3949,#53,.T.);
#4897=EDGE_CURVE('',#3950,#3948,#1335,.T.);
#4898=EDGE_CURVE('',#3950,#3951,#1336,.T.);
#4899=EDGE_CURVE('',#3949,#3951,#1337,.T.);
#4900=EDGE_CURVE('',#3952,#3950,#1338,.T.);
#4901=EDGE_CURVE('',#3952,#3953,#1339,.T.);
#4902=EDGE_CURVE('',#3951,#3953,#1340,.T.);
#4903=EDGE_CURVE('',#3954,#3952,#1341,.T.);
#4904=EDGE_CURVE('',#3954,#3955,#1342,.T.);
#4905=EDGE_CURVE('',#3953,#3955,#1343,.T.);
#4906=EDGE_CURVE('',#3956,#3954,#54,.T.);
#4907=EDGE_CURVE('',#3956,#3957,#1344,.T.);
#4908=EDGE_CURVE('',#3955,#3957,#55,.T.);
#4909=EDGE_CURVE('',#3945,#3956,#56,.T.);
#4910=EDGE_CURVE('',#3957,#3947,#57,.T.);
#4911=EDGE_CURVE('',#3958,#3959,#58,.T.);
#4912=EDGE_CURVE('',#3958,#3960,#1345,.T.);
#4913=EDGE_CURVE('',#3961,#3960,#59,.T.);
#4914=EDGE_CURVE('',#3959,#3961,#1346,.T.);
#4915=EDGE_CURVE('',#3959,#3962,#1347,.T.);
#4916=EDGE_CURVE('',#3963,#3961,#1348,.T.);
#4917=EDGE_CURVE('',#3962,#3963,#1349,.T.);
#4918=EDGE_CURVE('',#3962,#3964,#1350,.T.);
#4919=EDGE_CURVE('',#3965,#3963,#1351,.T.);
#4920=EDGE_CURVE('',#3964,#3965,#1352,.T.);
#4921=EDGE_CURVE('',#3964,#3966,#1353,.T.);
#4922=EDGE_CURVE('',#3967,#3965,#1354,.T.);
#4923=EDGE_CURVE('',#3966,#3967,#1355,.T.);
#4924=EDGE_CURVE('',#3966,#3968,#60,.T.);
#4925=EDGE_CURVE('',#3969,#3967,#61,.T.);
#4926=EDGE_CURVE('',#3968,#3969,#1356,.T.);
#4927=EDGE_CURVE('',#3968,#3970,#62,.T.);
#4928=EDGE_CURVE('',#3971,#3969,#63,.T.);
#4929=EDGE_CURVE('',#3970,#3971,#1357,.T.);
#4930=EDGE_CURVE('',#3970,#3958,#64,.T.);
#4931=EDGE_CURVE('',#3960,#3971,#65,.T.);
#4932=EDGE_CURVE('',#3972,#3973,#1358,.T.);
#4933=EDGE_CURVE('',#3972,#3974,#1359,.T.);
#4934=EDGE_CURVE('',#3975,#3974,#1360,.T.);
#4935=EDGE_CURVE('',#3973,#3975,#1361,.T.);
#4936=EDGE_CURVE('',#3973,#3976,#1362,.T.);
#4937=EDGE_CURVE('',#3977,#3975,#1363,.T.);
#4938=EDGE_CURVE('',#3976,#3977,#1364,.T.);
#4939=EDGE_CURVE('',#3976,#3978,#1365,.T.);
#4940=EDGE_CURVE('',#3979,#3977,#1366,.T.);
#4941=EDGE_CURVE('',#3978,#3979,#1367,.T.);
#4942=EDGE_CURVE('',#3978,#3980,#1368,.T.);
#4943=EDGE_CURVE('',#3981,#3979,#1369,.T.);
#4944=EDGE_CURVE('',#3980,#3981,#1370,.T.);
#4945=EDGE_CURVE('',#3980,#3982,#1371,.T.);
#4946=EDGE_CURVE('',#3983,#3981,#1372,.T.);
#4947=EDGE_CURVE('',#3982,#3983,#1373,.T.);
#4948=EDGE_CURVE('',#3982,#3984,#1374,.T.);
#4949=EDGE_CURVE('',#3985,#3983,#1375,.T.);
#4950=EDGE_CURVE('',#3984,#3985,#1376,.T.);
#4951=EDGE_CURVE('',#3984,#3986,#1377,.T.);
#4952=EDGE_CURVE('',#3987,#3985,#1378,.T.);
#4953=EDGE_CURVE('',#3986,#3987,#1379,.T.);
#4954=EDGE_CURVE('',#3986,#3988,#1380,.T.);
#4955=EDGE_CURVE('',#3989,#3987,#1381,.T.);
#4956=EDGE_CURVE('',#3988,#3989,#1382,.T.);
#4957=EDGE_CURVE('',#3988,#3990,#1383,.T.);
#4958=EDGE_CURVE('',#3991,#3989,#1384,.T.);
#4959=EDGE_CURVE('',#3990,#3991,#1385,.T.);
#4960=EDGE_CURVE('',#3990,#3992,#1386,.T.);
#4961=EDGE_CURVE('',#3993,#3991,#1387,.T.);
#4962=EDGE_CURVE('',#3992,#3993,#1388,.T.);
#4963=EDGE_CURVE('',#3992,#3994,#1389,.T.);
#4964=EDGE_CURVE('',#3995,#3993,#1390,.T.);
#4965=EDGE_CURVE('',#3994,#3995,#1391,.T.);
#4966=EDGE_CURVE('',#3994,#3972,#1392,.T.);
#4967=EDGE_CURVE('',#3974,#3995,#1393,.T.);
#4968=ORIENTED_EDGE('',*,*,#3996,.F.);
#4969=ORIENTED_EDGE('',*,*,#3997,.F.);
#4970=ORIENTED_EDGE('',*,*,#3998,.F.);
#4971=ORIENTED_EDGE('',*,*,#3999,.T.);
#4972=ORIENTED_EDGE('',*,*,#4000,.T.);
#4973=ORIENTED_EDGE('',*,*,#3997,.T.);
#4974=ORIENTED_EDGE('',*,*,#4001,.T.);
#4975=ORIENTED_EDGE('',*,*,#4002,.F.);
#4976=ORIENTED_EDGE('',*,*,#4003,.F.);
#4977=ORIENTED_EDGE('',*,*,#4004,.F.);
#4978=ORIENTED_EDGE('',*,*,#4005,.T.);
#4979=ORIENTED_EDGE('',*,*,#4006,.T.);
#4980=ORIENTED_EDGE('',*,*,#4003,.T.);
#4981=ORIENTED_EDGE('',*,*,#4007,.T.);
#4982=ORIENTED_EDGE('',*,*,#4008,.F.);
#4983=ORIENTED_EDGE('',*,*,#4009,.F.);
#4984=ORIENTED_EDGE('',*,*,#4010,.F.);
#4985=ORIENTED_EDGE('',*,*,#4011,.T.);
#4986=ORIENTED_EDGE('',*,*,#4012,.T.);
#4987=ORIENTED_EDGE('',*,*,#4009,.T.);
#4988=ORIENTED_EDGE('',*,*,#4013,.T.);
#4989=ORIENTED_EDGE('',*,*,#3996,.T.);
#4990=ORIENTED_EDGE('',*,*,#4014,.T.);
#4991=ORIENTED_EDGE('',*,*,#4010,.T.);
#4992=ORIENTED_EDGE('',*,*,#4015,.T.);
#4993=ORIENTED_EDGE('',*,*,#4016,.F.);
#4994=ORIENTED_EDGE('',*,*,#4017,.F.);
#4995=ORIENTED_EDGE('',*,*,#4018,.F.);
#4996=ORIENTED_EDGE('',*,*,#4019,.T.);
#4997=ORIENTED_EDGE('',*,*,#4020,.T.);
#4998=ORIENTED_EDGE('',*,*,#4017,.T.);
#4999=ORIENTED_EDGE('',*,*,#4021,.T.);
#5000=ORIENTED_EDGE('',*,*,#4008,.T.);
#5001=ORIENTED_EDGE('',*,*,#4022,.T.);
#5002=ORIENTED_EDGE('',*,*,#4018,.T.);
#5003=ORIENTED_EDGE('',*,*,#4023,.T.);
#5004=ORIENTED_EDGE('',*,*,#4016,.T.);
#5005=ORIENTED_EDGE('',*,*,#4024,.T.);
#5006=ORIENTED_EDGE('',*,*,#4004,.T.);
#5007=ORIENTED_EDGE('',*,*,#4025,.T.);
#5008=ORIENTED_EDGE('',*,*,#4002,.T.);
#5009=ORIENTED_EDGE('',*,*,#4026,.T.);
#5010=ORIENTED_EDGE('',*,*,#3998,.T.);
#5011=ORIENTED_EDGE('',*,*,#4027,.T.);
#5012=ORIENTED_EDGE('',*,*,#4001,.F.);
#5013=ORIENTED_EDGE('',*,*,#4015,.F.);
#5014=ORIENTED_EDGE('',*,*,#4012,.F.);
#5015=ORIENTED_EDGE('',*,*,#4028,.T.);
#5016=ORIENTED_EDGE('',*,*,#4013,.F.);
#5017=ORIENTED_EDGE('',*,*,#4023,.F.);
#5018=ORIENTED_EDGE('',*,*,#4020,.F.);
#5019=ORIENTED_EDGE('',*,*,#4029,.T.);
#5020=ORIENTED_EDGE('',*,*,#4014,.F.);
#5021=ORIENTED_EDGE('',*,*,#4026,.F.);
#5022=ORIENTED_EDGE('',*,*,#4024,.F.);
#5023=ORIENTED_EDGE('',*,*,#4022,.F.);
#5024=ORIENTED_EDGE('',*,*,#4006,.F.);
#5025=ORIENTED_EDGE('',*,*,#4030,.T.);
#5026=ORIENTED_EDGE('',*,*,#4021,.F.);
#5027=ORIENTED_EDGE('',*,*,#4025,.F.);
#5028=ORIENTED_EDGE('',*,*,#4000,.F.);
#5029=ORIENTED_EDGE('',*,*,#4031,.T.);
#5030=ORIENTED_EDGE('',*,*,#4007,.F.);
#5031=ORIENTED_EDGE('',*,*,#4027,.F.);
#5032=ORIENTED_EDGE('',*,*,#3999,.F.);
#5033=ORIENTED_EDGE('',*,*,#4028,.F.);
#5034=ORIENTED_EDGE('',*,*,#4011,.F.);
#5035=ORIENTED_EDGE('',*,*,#4029,.F.);
#5036=ORIENTED_EDGE('',*,*,#4019,.F.);
#5037=ORIENTED_EDGE('',*,*,#4030,.F.);
#5038=ORIENTED_EDGE('',*,*,#4005,.F.);
#5039=ORIENTED_EDGE('',*,*,#4031,.F.);
#5040=ORIENTED_EDGE('',*,*,#4032,.T.);
#5041=ORIENTED_EDGE('',*,*,#4033,.T.);
#5042=ORIENTED_EDGE('',*,*,#4034,.T.);
#5043=ORIENTED_EDGE('',*,*,#4035,.T.);
#5044=ORIENTED_EDGE('',*,*,#4034,.F.);
#5045=ORIENTED_EDGE('',*,*,#4036,.F.);
#5046=ORIENTED_EDGE('',*,*,#4037,.F.);
#5047=ORIENTED_EDGE('',*,*,#4038,.F.);
#5048=ORIENTED_EDGE('',*,*,#4039,.F.);
#5049=ORIENTED_EDGE('',*,*,#4033,.F.);
#5050=ORIENTED_EDGE('',*,*,#4040,.F.);
#5051=ORIENTED_EDGE('',*,*,#4041,.F.);
#5052=ORIENTED_EDGE('',*,*,#4036,.T.);
#5053=ORIENTED_EDGE('',*,*,#4037,.T.);
#5054=ORIENTED_EDGE('',*,*,#4041,.T.);
#5055=ORIENTED_EDGE('',*,*,#4042,.F.);
#5056=ORIENTED_EDGE('',*,*,#4043,.F.);
#5057=ORIENTED_EDGE('',*,*,#4038,.T.);
#5058=ORIENTED_EDGE('',*,*,#4043,.T.);
#5059=ORIENTED_EDGE('',*,*,#4044,.F.);
#5060=ORIENTED_EDGE('',*,*,#4045,.F.);
#5061=ORIENTED_EDGE('',*,*,#4035,.F.);
#5062=ORIENTED_EDGE('',*,*,#4039,.T.);
#5063=ORIENTED_EDGE('',*,*,#4045,.T.);
#5064=ORIENTED_EDGE('',*,*,#4046,.F.);
#5065=ORIENTED_EDGE('',*,*,#4032,.F.);
#5066=ORIENTED_EDGE('',*,*,#4046,.T.);
#5067=ORIENTED_EDGE('',*,*,#4044,.T.);
#5068=ORIENTED_EDGE('',*,*,#4042,.T.);
#5069=ORIENTED_EDGE('',*,*,#4040,.T.);
#5070=ORIENTED_EDGE('',*,*,#4047,.T.);
#5071=ORIENTED_EDGE('',*,*,#4048,.T.);
#5072=ORIENTED_EDGE('',*,*,#4049,.F.);
#5073=ORIENTED_EDGE('',*,*,#4050,.F.);
#5074=ORIENTED_EDGE('',*,*,#4051,.T.);
#5075=ORIENTED_EDGE('',*,*,#4050,.T.);
#5076=ORIENTED_EDGE('',*,*,#4052,.F.);
#5077=ORIENTED_EDGE('',*,*,#4053,.F.);
#5078=ORIENTED_EDGE('',*,*,#4054,.T.);
#5079=ORIENTED_EDGE('',*,*,#4055,.F.);
#5080=ORIENTED_EDGE('',*,*,#4056,.F.);
#5081=ORIENTED_EDGE('',*,*,#4048,.F.);
#5082=ORIENTED_EDGE('',*,*,#4052,.T.);
#5083=ORIENTED_EDGE('',*,*,#4049,.T.);
#5084=ORIENTED_EDGE('',*,*,#4056,.T.);
#5085=ORIENTED_EDGE('',*,*,#4057,.T.);
#5086=ORIENTED_EDGE('',*,*,#4058,.F.);
#5087=ORIENTED_EDGE('',*,*,#4054,.F.);
#5088=ORIENTED_EDGE('',*,*,#4047,.F.);
#5089=ORIENTED_EDGE('',*,*,#4051,.F.);
#5090=ORIENTED_EDGE('',*,*,#4053,.T.);
#5091=ORIENTED_EDGE('',*,*,#4057,.F.);
#5092=ORIENTED_EDGE('',*,*,#4055,.T.);
#5093=ORIENTED_EDGE('',*,*,#4058,.T.);
#5094=ORIENTED_EDGE('',*,*,#4059,.T.);
#5095=ORIENTED_EDGE('',*,*,#4060,.T.);
#5096=ORIENTED_EDGE('',*,*,#4061,.F.);
#5097=ORIENTED_EDGE('',*,*,#4062,.F.);
#5098=ORIENTED_EDGE('',*,*,#4063,.T.);
#5099=ORIENTED_EDGE('',*,*,#4062,.T.);
#5100=ORIENTED_EDGE('',*,*,#4064,.F.);
#5101=ORIENTED_EDGE('',*,*,#4065,.F.);
#5102=ORIENTED_EDGE('',*,*,#4066,.T.);
#5103=ORIENTED_EDGE('',*,*,#4067,.F.);
#5104=ORIENTED_EDGE('',*,*,#4068,.F.);
#5105=ORIENTED_EDGE('',*,*,#4060,.F.);
#5106=ORIENTED_EDGE('',*,*,#4064,.T.);
#5107=ORIENTED_EDGE('',*,*,#4061,.T.);
#5108=ORIENTED_EDGE('',*,*,#4068,.T.);
#5109=ORIENTED_EDGE('',*,*,#4069,.T.);
#5110=ORIENTED_EDGE('',*,*,#4070,.F.);
#5111=ORIENTED_EDGE('',*,*,#4066,.F.);
#5112=ORIENTED_EDGE('',*,*,#4059,.F.);
#5113=ORIENTED_EDGE('',*,*,#4063,.F.);
#5114=ORIENTED_EDGE('',*,*,#4065,.T.);
#5115=ORIENTED_EDGE('',*,*,#4069,.F.);
#5116=ORIENTED_EDGE('',*,*,#4067,.T.);
#5117=ORIENTED_EDGE('',*,*,#4070,.T.);
#5118=ORIENTED_EDGE('',*,*,#4071,.T.);
#5119=ORIENTED_EDGE('',*,*,#4072,.T.);
#5120=ORIENTED_EDGE('',*,*,#4073,.F.);
#5121=ORIENTED_EDGE('',*,*,#4074,.F.);
#5122=ORIENTED_EDGE('',*,*,#4075,.T.);
#5123=ORIENTED_EDGE('',*,*,#4074,.T.);
#5124=ORIENTED_EDGE('',*,*,#4076,.F.);
#5125=ORIENTED_EDGE('',*,*,#4077,.F.);
#5126=ORIENTED_EDGE('',*,*,#4078,.T.);
#5127=ORIENTED_EDGE('',*,*,#4079,.F.);
#5128=ORIENTED_EDGE('',*,*,#4080,.F.);
#5129=ORIENTED_EDGE('',*,*,#4072,.F.);
#5130=ORIENTED_EDGE('',*,*,#4076,.T.);
#5131=ORIENTED_EDGE('',*,*,#4073,.T.);
#5132=ORIENTED_EDGE('',*,*,#4080,.T.);
#5133=ORIENTED_EDGE('',*,*,#4081,.T.);
#5134=ORIENTED_EDGE('',*,*,#4082,.F.);
#5135=ORIENTED_EDGE('',*,*,#4078,.F.);
#5136=ORIENTED_EDGE('',*,*,#4071,.F.);
#5137=ORIENTED_EDGE('',*,*,#4075,.F.);
#5138=ORIENTED_EDGE('',*,*,#4077,.T.);
#5139=ORIENTED_EDGE('',*,*,#4081,.F.);
#5140=ORIENTED_EDGE('',*,*,#4079,.T.);
#5141=ORIENTED_EDGE('',*,*,#4082,.T.);
#5142=ORIENTED_EDGE('',*,*,#4083,.T.);
#5143=ORIENTED_EDGE('',*,*,#4084,.T.);
#5144=ORIENTED_EDGE('',*,*,#4085,.F.);
#5145=ORIENTED_EDGE('',*,*,#4086,.F.);
#5146=ORIENTED_EDGE('',*,*,#4087,.T.);
#5147=ORIENTED_EDGE('',*,*,#4086,.T.);
#5148=ORIENTED_EDGE('',*,*,#4088,.F.);
#5149=ORIENTED_EDGE('',*,*,#4089,.F.);
#5150=ORIENTED_EDGE('',*,*,#4090,.T.);
#5151=ORIENTED_EDGE('',*,*,#4091,.F.);
#5152=ORIENTED_EDGE('',*,*,#4092,.F.);
#5153=ORIENTED_EDGE('',*,*,#4084,.F.);
#5154=ORIENTED_EDGE('',*,*,#4088,.T.);
#5155=ORIENTED_EDGE('',*,*,#4085,.T.);
#5156=ORIENTED_EDGE('',*,*,#4092,.T.);
#5157=ORIENTED_EDGE('',*,*,#4093,.T.);
#5158=ORIENTED_EDGE('',*,*,#4094,.F.);
#5159=ORIENTED_EDGE('',*,*,#4090,.F.);
#5160=ORIENTED_EDGE('',*,*,#4083,.F.);
#5161=ORIENTED_EDGE('',*,*,#4087,.F.);
#5162=ORIENTED_EDGE('',*,*,#4089,.T.);
#5163=ORIENTED_EDGE('',*,*,#4093,.F.);
#5164=ORIENTED_EDGE('',*,*,#4091,.T.);
#5165=ORIENTED_EDGE('',*,*,#4094,.T.);
#5166=ORIENTED_EDGE('',*,*,#4095,.T.);
#5167=ORIENTED_EDGE('',*,*,#4096,.T.);
#5168=ORIENTED_EDGE('',*,*,#4097,.F.);
#5169=ORIENTED_EDGE('',*,*,#4098,.F.);
#5170=ORIENTED_EDGE('',*,*,#4099,.T.);
#5171=ORIENTED_EDGE('',*,*,#4098,.T.);
#5172=ORIENTED_EDGE('',*,*,#4100,.F.);
#5173=ORIENTED_EDGE('',*,*,#4101,.F.);
#5174=ORIENTED_EDGE('',*,*,#4102,.T.);
#5175=ORIENTED_EDGE('',*,*,#4103,.F.);
#5176=ORIENTED_EDGE('',*,*,#4104,.F.);
#5177=ORIENTED_EDGE('',*,*,#4096,.F.);
#5178=ORIENTED_EDGE('',*,*,#4100,.T.);
#5179=ORIENTED_EDGE('',*,*,#4097,.T.);
#5180=ORIENTED_EDGE('',*,*,#4104,.T.);
#5181=ORIENTED_EDGE('',*,*,#4105,.T.);
#5182=ORIENTED_EDGE('',*,*,#4106,.F.);
#5183=ORIENTED_EDGE('',*,*,#4102,.F.);
#5184=ORIENTED_EDGE('',*,*,#4095,.F.);
#5185=ORIENTED_EDGE('',*,*,#4099,.F.);
#5186=ORIENTED_EDGE('',*,*,#4101,.T.);
#5187=ORIENTED_EDGE('',*,*,#4105,.F.);
#5188=ORIENTED_EDGE('',*,*,#4103,.T.);
#5189=ORIENTED_EDGE('',*,*,#4106,.T.);
#5190=ORIENTED_EDGE('',*,*,#4107,.T.);
#5191=ORIENTED_EDGE('',*,*,#4108,.T.);
#5192=ORIENTED_EDGE('',*,*,#4109,.F.);
#5193=ORIENTED_EDGE('',*,*,#4110,.F.);
#5194=ORIENTED_EDGE('',*,*,#4111,.T.);
#5195=ORIENTED_EDGE('',*,*,#4110,.T.);
#5196=ORIENTED_EDGE('',*,*,#4112,.F.);
#5197=ORIENTED_EDGE('',*,*,#4113,.F.);
#5198=ORIENTED_EDGE('',*,*,#4114,.T.);
#5199=ORIENTED_EDGE('',*,*,#4115,.F.);
#5200=ORIENTED_EDGE('',*,*,#4116,.F.);
#5201=ORIENTED_EDGE('',*,*,#4108,.F.);
#5202=ORIENTED_EDGE('',*,*,#4112,.T.);
#5203=ORIENTED_EDGE('',*,*,#4109,.T.);
#5204=ORIENTED_EDGE('',*,*,#4116,.T.);
#5205=ORIENTED_EDGE('',*,*,#4117,.T.);
#5206=ORIENTED_EDGE('',*,*,#4118,.F.);
#5207=ORIENTED_EDGE('',*,*,#4114,.F.);
#5208=ORIENTED_EDGE('',*,*,#4107,.F.);
#5209=ORIENTED_EDGE('',*,*,#4111,.F.);
#5210=ORIENTED_EDGE('',*,*,#4113,.T.);
#5211=ORIENTED_EDGE('',*,*,#4117,.F.);
#5212=ORIENTED_EDGE('',*,*,#4115,.T.);
#5213=ORIENTED_EDGE('',*,*,#4118,.T.);
#5214=ORIENTED_EDGE('',*,*,#4119,.T.);
#5215=ORIENTED_EDGE('',*,*,#4120,.T.);
#5216=ORIENTED_EDGE('',*,*,#4121,.F.);
#5217=ORIENTED_EDGE('',*,*,#4122,.F.);
#5218=ORIENTED_EDGE('',*,*,#4123,.T.);
#5219=ORIENTED_EDGE('',*,*,#4122,.T.);
#5220=ORIENTED_EDGE('',*,*,#4124,.F.);
#5221=ORIENTED_EDGE('',*,*,#4125,.F.);
#5222=ORIENTED_EDGE('',*,*,#4126,.T.);
#5223=ORIENTED_EDGE('',*,*,#4127,.F.);
#5224=ORIENTED_EDGE('',*,*,#4128,.F.);
#5225=ORIENTED_EDGE('',*,*,#4120,.F.);
#5226=ORIENTED_EDGE('',*,*,#4124,.T.);
#5227=ORIENTED_EDGE('',*,*,#4121,.T.);
#5228=ORIENTED_EDGE('',*,*,#4128,.T.);
#5229=ORIENTED_EDGE('',*,*,#4129,.T.);
#5230=ORIENTED_EDGE('',*,*,#4130,.F.);
#5231=ORIENTED_EDGE('',*,*,#4126,.F.);
#5232=ORIENTED_EDGE('',*,*,#4119,.F.);
#5233=ORIENTED_EDGE('',*,*,#4123,.F.);
#5234=ORIENTED_EDGE('',*,*,#4125,.T.);
#5235=ORIENTED_EDGE('',*,*,#4129,.F.);
#5236=ORIENTED_EDGE('',*,*,#4127,.T.);
#5237=ORIENTED_EDGE('',*,*,#4130,.T.);
#5238=ORIENTED_EDGE('',*,*,#4131,.T.);
#5239=ORIENTED_EDGE('',*,*,#4132,.T.);
#5240=ORIENTED_EDGE('',*,*,#4133,.F.);
#5241=ORIENTED_EDGE('',*,*,#4134,.F.);
#5242=ORIENTED_EDGE('',*,*,#4135,.T.);
#5243=ORIENTED_EDGE('',*,*,#4134,.T.);
#5244=ORIENTED_EDGE('',*,*,#4136,.F.);
#5245=ORIENTED_EDGE('',*,*,#4137,.F.);
#5246=ORIENTED_EDGE('',*,*,#4138,.T.);
#5247=ORIENTED_EDGE('',*,*,#4139,.F.);
#5248=ORIENTED_EDGE('',*,*,#4140,.F.);
#5249=ORIENTED_EDGE('',*,*,#4132,.F.);
#5250=ORIENTED_EDGE('',*,*,#4136,.T.);
#5251=ORIENTED_EDGE('',*,*,#4133,.T.);
#5252=ORIENTED_EDGE('',*,*,#4140,.T.);
#5253=ORIENTED_EDGE('',*,*,#4141,.T.);
#5254=ORIENTED_EDGE('',*,*,#4142,.F.);
#5255=ORIENTED_EDGE('',*,*,#4138,.F.);
#5256=ORIENTED_EDGE('',*,*,#4131,.F.);
#5257=ORIENTED_EDGE('',*,*,#4135,.F.);
#5258=ORIENTED_EDGE('',*,*,#4137,.T.);
#5259=ORIENTED_EDGE('',*,*,#4141,.F.);
#5260=ORIENTED_EDGE('',*,*,#4139,.T.);
#5261=ORIENTED_EDGE('',*,*,#4142,.T.);
#5262=ORIENTED_EDGE('',*,*,#4143,.T.);
#5263=ORIENTED_EDGE('',*,*,#4144,.T.);
#5264=ORIENTED_EDGE('',*,*,#4145,.F.);
#5265=ORIENTED_EDGE('',*,*,#4146,.F.);
#5266=ORIENTED_EDGE('',*,*,#4147,.T.);
#5267=ORIENTED_EDGE('',*,*,#4146,.T.);
#5268=ORIENTED_EDGE('',*,*,#4148,.F.);
#5269=ORIENTED_EDGE('',*,*,#4149,.F.);
#5270=ORIENTED_EDGE('',*,*,#4150,.T.);
#5271=ORIENTED_EDGE('',*,*,#4151,.F.);
#5272=ORIENTED_EDGE('',*,*,#4152,.F.);
#5273=ORIENTED_EDGE('',*,*,#4144,.F.);
#5274=ORIENTED_EDGE('',*,*,#4148,.T.);
#5275=ORIENTED_EDGE('',*,*,#4145,.T.);
#5276=ORIENTED_EDGE('',*,*,#4152,.T.);
#5277=ORIENTED_EDGE('',*,*,#4153,.T.);
#5278=ORIENTED_EDGE('',*,*,#4154,.F.);
#5279=ORIENTED_EDGE('',*,*,#4150,.F.);
#5280=ORIENTED_EDGE('',*,*,#4143,.F.);
#5281=ORIENTED_EDGE('',*,*,#4147,.F.);
#5282=ORIENTED_EDGE('',*,*,#4149,.T.);
#5283=ORIENTED_EDGE('',*,*,#4153,.F.);
#5284=ORIENTED_EDGE('',*,*,#4151,.T.);
#5285=ORIENTED_EDGE('',*,*,#4154,.T.);
#5286=ORIENTED_EDGE('',*,*,#4155,.T.);
#5287=ORIENTED_EDGE('',*,*,#4156,.T.);
#5288=ORIENTED_EDGE('',*,*,#4157,.F.);
#5289=ORIENTED_EDGE('',*,*,#4158,.F.);
#5290=ORIENTED_EDGE('',*,*,#4159,.T.);
#5291=ORIENTED_EDGE('',*,*,#4158,.T.);
#5292=ORIENTED_EDGE('',*,*,#4160,.F.);
#5293=ORIENTED_EDGE('',*,*,#4161,.F.);
#5294=ORIENTED_EDGE('',*,*,#4162,.T.);
#5295=ORIENTED_EDGE('',*,*,#4163,.F.);
#5296=ORIENTED_EDGE('',*,*,#4164,.F.);
#5297=ORIENTED_EDGE('',*,*,#4156,.F.);
#5298=ORIENTED_EDGE('',*,*,#4160,.T.);
#5299=ORIENTED_EDGE('',*,*,#4157,.T.);
#5300=ORIENTED_EDGE('',*,*,#4164,.T.);
#5301=ORIENTED_EDGE('',*,*,#4165,.T.);
#5302=ORIENTED_EDGE('',*,*,#4166,.F.);
#5303=ORIENTED_EDGE('',*,*,#4162,.F.);
#5304=ORIENTED_EDGE('',*,*,#4155,.F.);
#5305=ORIENTED_EDGE('',*,*,#4159,.F.);
#5306=ORIENTED_EDGE('',*,*,#4161,.T.);
#5307=ORIENTED_EDGE('',*,*,#4165,.F.);
#5308=ORIENTED_EDGE('',*,*,#4163,.T.);
#5309=ORIENTED_EDGE('',*,*,#4166,.T.);
#5310=ORIENTED_EDGE('',*,*,#4167,.T.);
#5311=ORIENTED_EDGE('',*,*,#4168,.T.);
#5312=ORIENTED_EDGE('',*,*,#4169,.F.);
#5313=ORIENTED_EDGE('',*,*,#4170,.F.);
#5314=ORIENTED_EDGE('',*,*,#4171,.T.);
#5315=ORIENTED_EDGE('',*,*,#4170,.T.);
#5316=ORIENTED_EDGE('',*,*,#4172,.F.);
#5317=ORIENTED_EDGE('',*,*,#4173,.F.);
#5318=ORIENTED_EDGE('',*,*,#4174,.T.);
#5319=ORIENTED_EDGE('',*,*,#4175,.F.);
#5320=ORIENTED_EDGE('',*,*,#4176,.F.);
#5321=ORIENTED_EDGE('',*,*,#4168,.F.);
#5322=ORIENTED_EDGE('',*,*,#4172,.T.);
#5323=ORIENTED_EDGE('',*,*,#4169,.T.);
#5324=ORIENTED_EDGE('',*,*,#4176,.T.);
#5325=ORIENTED_EDGE('',*,*,#4177,.T.);
#5326=ORIENTED_EDGE('',*,*,#4178,.F.);
#5327=ORIENTED_EDGE('',*,*,#4174,.F.);
#5328=ORIENTED_EDGE('',*,*,#4167,.F.);
#5329=ORIENTED_EDGE('',*,*,#4171,.F.);
#5330=ORIENTED_EDGE('',*,*,#4173,.T.);
#5331=ORIENTED_EDGE('',*,*,#4177,.F.);
#5332=ORIENTED_EDGE('',*,*,#4175,.T.);
#5333=ORIENTED_EDGE('',*,*,#4178,.T.);
#5334=ORIENTED_EDGE('',*,*,#4179,.T.);
#5335=ORIENTED_EDGE('',*,*,#4180,.T.);
#5336=ORIENTED_EDGE('',*,*,#4181,.F.);
#5337=ORIENTED_EDGE('',*,*,#4182,.F.);
#5338=ORIENTED_EDGE('',*,*,#4183,.T.);
#5339=ORIENTED_EDGE('',*,*,#4182,.T.);
#5340=ORIENTED_EDGE('',*,*,#4184,.F.);
#5341=ORIENTED_EDGE('',*,*,#4185,.F.);
#5342=ORIENTED_EDGE('',*,*,#4186,.T.);
#5343=ORIENTED_EDGE('',*,*,#4187,.F.);
#5344=ORIENTED_EDGE('',*,*,#4188,.F.);
#5345=ORIENTED_EDGE('',*,*,#4180,.F.);
#5346=ORIENTED_EDGE('',*,*,#4184,.T.);
#5347=ORIENTED_EDGE('',*,*,#4181,.T.);
#5348=ORIENTED_EDGE('',*,*,#4188,.T.);
#5349=ORIENTED_EDGE('',*,*,#4189,.T.);
#5350=ORIENTED_EDGE('',*,*,#4190,.F.);
#5351=ORIENTED_EDGE('',*,*,#4186,.F.);
#5352=ORIENTED_EDGE('',*,*,#4179,.F.);
#5353=ORIENTED_EDGE('',*,*,#4183,.F.);
#5354=ORIENTED_EDGE('',*,*,#4185,.T.);
#5355=ORIENTED_EDGE('',*,*,#4189,.F.);
#5356=ORIENTED_EDGE('',*,*,#4187,.T.);
#5357=ORIENTED_EDGE('',*,*,#4190,.T.);
#5358=ORIENTED_EDGE('',*,*,#4191,.T.);
#5359=ORIENTED_EDGE('',*,*,#4192,.T.);
#5360=ORIENTED_EDGE('',*,*,#4193,.F.);
#5361=ORIENTED_EDGE('',*,*,#4194,.F.);
#5362=ORIENTED_EDGE('',*,*,#4195,.T.);
#5363=ORIENTED_EDGE('',*,*,#4194,.T.);
#5364=ORIENTED_EDGE('',*,*,#4196,.F.);
#5365=ORIENTED_EDGE('',*,*,#4197,.F.);
#5366=ORIENTED_EDGE('',*,*,#4198,.T.);
#5367=ORIENTED_EDGE('',*,*,#4199,.F.);
#5368=ORIENTED_EDGE('',*,*,#4200,.F.);
#5369=ORIENTED_EDGE('',*,*,#4192,.F.);
#5370=ORIENTED_EDGE('',*,*,#4196,.T.);
#5371=ORIENTED_EDGE('',*,*,#4193,.T.);
#5372=ORIENTED_EDGE('',*,*,#4200,.T.);
#5373=ORIENTED_EDGE('',*,*,#4201,.T.);
#5374=ORIENTED_EDGE('',*,*,#4202,.F.);
#5375=ORIENTED_EDGE('',*,*,#4198,.F.);
#5376=ORIENTED_EDGE('',*,*,#4191,.F.);
#5377=ORIENTED_EDGE('',*,*,#4195,.F.);
#5378=ORIENTED_EDGE('',*,*,#4197,.T.);
#5379=ORIENTED_EDGE('',*,*,#4201,.F.);
#5380=ORIENTED_EDGE('',*,*,#4199,.T.);
#5381=ORIENTED_EDGE('',*,*,#4202,.T.);
#5382=ORIENTED_EDGE('',*,*,#4203,.T.);
#5383=ORIENTED_EDGE('',*,*,#4204,.T.);
#5384=ORIENTED_EDGE('',*,*,#4205,.F.);
#5385=ORIENTED_EDGE('',*,*,#4206,.F.);
#5386=ORIENTED_EDGE('',*,*,#4207,.T.);
#5387=ORIENTED_EDGE('',*,*,#4206,.T.);
#5388=ORIENTED_EDGE('',*,*,#4208,.F.);
#5389=ORIENTED_EDGE('',*,*,#4209,.F.);
#5390=ORIENTED_EDGE('',*,*,#4210,.T.);
#5391=ORIENTED_EDGE('',*,*,#4211,.F.);
#5392=ORIENTED_EDGE('',*,*,#4212,.F.);
#5393=ORIENTED_EDGE('',*,*,#4204,.F.);
#5394=ORIENTED_EDGE('',*,*,#4208,.T.);
#5395=ORIENTED_EDGE('',*,*,#4205,.T.);
#5396=ORIENTED_EDGE('',*,*,#4212,.T.);
#5397=ORIENTED_EDGE('',*,*,#4213,.T.);
#5398=ORIENTED_EDGE('',*,*,#4214,.F.);
#5399=ORIENTED_EDGE('',*,*,#4210,.F.);
#5400=ORIENTED_EDGE('',*,*,#4203,.F.);
#5401=ORIENTED_EDGE('',*,*,#4207,.F.);
#5402=ORIENTED_EDGE('',*,*,#4209,.T.);
#5403=ORIENTED_EDGE('',*,*,#4213,.F.);
#5404=ORIENTED_EDGE('',*,*,#4211,.T.);
#5405=ORIENTED_EDGE('',*,*,#4214,.T.);
#5406=ORIENTED_EDGE('',*,*,#4215,.T.);
#5407=ORIENTED_EDGE('',*,*,#4216,.T.);
#5408=ORIENTED_EDGE('',*,*,#4217,.F.);
#5409=ORIENTED_EDGE('',*,*,#4218,.F.);
#5410=ORIENTED_EDGE('',*,*,#4219,.T.);
#5411=ORIENTED_EDGE('',*,*,#4218,.T.);
#5412=ORIENTED_EDGE('',*,*,#4220,.F.);
#5413=ORIENTED_EDGE('',*,*,#4221,.F.);
#5414=ORIENTED_EDGE('',*,*,#4222,.T.);
#5415=ORIENTED_EDGE('',*,*,#4223,.F.);
#5416=ORIENTED_EDGE('',*,*,#4224,.F.);
#5417=ORIENTED_EDGE('',*,*,#4216,.F.);
#5418=ORIENTED_EDGE('',*,*,#4220,.T.);
#5419=ORIENTED_EDGE('',*,*,#4217,.T.);
#5420=ORIENTED_EDGE('',*,*,#4224,.T.);
#5421=ORIENTED_EDGE('',*,*,#4225,.T.);
#5422=ORIENTED_EDGE('',*,*,#4226,.F.);
#5423=ORIENTED_EDGE('',*,*,#4222,.F.);
#5424=ORIENTED_EDGE('',*,*,#4215,.F.);
#5425=ORIENTED_EDGE('',*,*,#4219,.F.);
#5426=ORIENTED_EDGE('',*,*,#4221,.T.);
#5427=ORIENTED_EDGE('',*,*,#4225,.F.);
#5428=ORIENTED_EDGE('',*,*,#4223,.T.);
#5429=ORIENTED_EDGE('',*,*,#4226,.T.);
#5430=ORIENTED_EDGE('',*,*,#4227,.T.);
#5431=ORIENTED_EDGE('',*,*,#4228,.T.);
#5432=ORIENTED_EDGE('',*,*,#4229,.F.);
#5433=ORIENTED_EDGE('',*,*,#4230,.F.);
#5434=ORIENTED_EDGE('',*,*,#4231,.T.);
#5435=ORIENTED_EDGE('',*,*,#4230,.T.);
#5436=ORIENTED_EDGE('',*,*,#4232,.F.);
#5437=ORIENTED_EDGE('',*,*,#4233,.F.);
#5438=ORIENTED_EDGE('',*,*,#4234,.T.);
#5439=ORIENTED_EDGE('',*,*,#4235,.F.);
#5440=ORIENTED_EDGE('',*,*,#4236,.F.);
#5441=ORIENTED_EDGE('',*,*,#4228,.F.);
#5442=ORIENTED_EDGE('',*,*,#4232,.T.);
#5443=ORIENTED_EDGE('',*,*,#4229,.T.);
#5444=ORIENTED_EDGE('',*,*,#4236,.T.);
#5445=ORIENTED_EDGE('',*,*,#4237,.T.);
#5446=ORIENTED_EDGE('',*,*,#4238,.F.);
#5447=ORIENTED_EDGE('',*,*,#4234,.F.);
#5448=ORIENTED_EDGE('',*,*,#4227,.F.);
#5449=ORIENTED_EDGE('',*,*,#4231,.F.);
#5450=ORIENTED_EDGE('',*,*,#4233,.T.);
#5451=ORIENTED_EDGE('',*,*,#4237,.F.);
#5452=ORIENTED_EDGE('',*,*,#4235,.T.);
#5453=ORIENTED_EDGE('',*,*,#4238,.T.);
#5454=ORIENTED_EDGE('',*,*,#4239,.T.);
#5455=ORIENTED_EDGE('',*,*,#4240,.T.);
#5456=ORIENTED_EDGE('',*,*,#4241,.F.);
#5457=ORIENTED_EDGE('',*,*,#4242,.F.);
#5458=ORIENTED_EDGE('',*,*,#4243,.T.);
#5459=ORIENTED_EDGE('',*,*,#4242,.T.);
#5460=ORIENTED_EDGE('',*,*,#4244,.F.);
#5461=ORIENTED_EDGE('',*,*,#4245,.F.);
#5462=ORIENTED_EDGE('',*,*,#4246,.T.);
#5463=ORIENTED_EDGE('',*,*,#4247,.F.);
#5464=ORIENTED_EDGE('',*,*,#4248,.F.);
#5465=ORIENTED_EDGE('',*,*,#4240,.F.);
#5466=ORIENTED_EDGE('',*,*,#4244,.T.);
#5467=ORIENTED_EDGE('',*,*,#4241,.T.);
#5468=ORIENTED_EDGE('',*,*,#4248,.T.);
#5469=ORIENTED_EDGE('',*,*,#4249,.T.);
#5470=ORIENTED_EDGE('',*,*,#4250,.F.);
#5471=ORIENTED_EDGE('',*,*,#4246,.F.);
#5472=ORIENTED_EDGE('',*,*,#4239,.F.);
#5473=ORIENTED_EDGE('',*,*,#4243,.F.);
#5474=ORIENTED_EDGE('',*,*,#4245,.T.);
#5475=ORIENTED_EDGE('',*,*,#4249,.F.);
#5476=ORIENTED_EDGE('',*,*,#4247,.T.);
#5477=ORIENTED_EDGE('',*,*,#4250,.T.);
#5478=ORIENTED_EDGE('',*,*,#4251,.T.);
#5479=ORIENTED_EDGE('',*,*,#4252,.T.);
#5480=ORIENTED_EDGE('',*,*,#4253,.F.);
#5481=ORIENTED_EDGE('',*,*,#4254,.F.);
#5482=ORIENTED_EDGE('',*,*,#4255,.T.);
#5483=ORIENTED_EDGE('',*,*,#4254,.T.);
#5484=ORIENTED_EDGE('',*,*,#4256,.F.);
#5485=ORIENTED_EDGE('',*,*,#4257,.F.);
#5486=ORIENTED_EDGE('',*,*,#4258,.T.);
#5487=ORIENTED_EDGE('',*,*,#4259,.F.);
#5488=ORIENTED_EDGE('',*,*,#4260,.F.);
#5489=ORIENTED_EDGE('',*,*,#4252,.F.);
#5490=ORIENTED_EDGE('',*,*,#4256,.T.);
#5491=ORIENTED_EDGE('',*,*,#4253,.T.);
#5492=ORIENTED_EDGE('',*,*,#4260,.T.);
#5493=ORIENTED_EDGE('',*,*,#4261,.T.);
#5494=ORIENTED_EDGE('',*,*,#4262,.F.);
#5495=ORIENTED_EDGE('',*,*,#4258,.F.);
#5496=ORIENTED_EDGE('',*,*,#4251,.F.);
#5497=ORIENTED_EDGE('',*,*,#4255,.F.);
#5498=ORIENTED_EDGE('',*,*,#4257,.T.);
#5499=ORIENTED_EDGE('',*,*,#4261,.F.);
#5500=ORIENTED_EDGE('',*,*,#4259,.T.);
#5501=ORIENTED_EDGE('',*,*,#4262,.T.);
#5502=ORIENTED_EDGE('',*,*,#4263,.T.);
#5503=ORIENTED_EDGE('',*,*,#4264,.T.);
#5504=ORIENTED_EDGE('',*,*,#4265,.F.);
#5505=ORIENTED_EDGE('',*,*,#4266,.F.);
#5506=ORIENTED_EDGE('',*,*,#4267,.T.);
#5507=ORIENTED_EDGE('',*,*,#4266,.T.);
#5508=ORIENTED_EDGE('',*,*,#4268,.F.);
#5509=ORIENTED_EDGE('',*,*,#4269,.F.);
#5510=ORIENTED_EDGE('',*,*,#4270,.T.);
#5511=ORIENTED_EDGE('',*,*,#4271,.F.);
#5512=ORIENTED_EDGE('',*,*,#4272,.F.);
#5513=ORIENTED_EDGE('',*,*,#4264,.F.);
#5514=ORIENTED_EDGE('',*,*,#4268,.T.);
#5515=ORIENTED_EDGE('',*,*,#4265,.T.);
#5516=ORIENTED_EDGE('',*,*,#4272,.T.);
#5517=ORIENTED_EDGE('',*,*,#4273,.T.);
#5518=ORIENTED_EDGE('',*,*,#4274,.F.);
#5519=ORIENTED_EDGE('',*,*,#4270,.F.);
#5520=ORIENTED_EDGE('',*,*,#4263,.F.);
#5521=ORIENTED_EDGE('',*,*,#4267,.F.);
#5522=ORIENTED_EDGE('',*,*,#4269,.T.);
#5523=ORIENTED_EDGE('',*,*,#4273,.F.);
#5524=ORIENTED_EDGE('',*,*,#4271,.T.);
#5525=ORIENTED_EDGE('',*,*,#4274,.T.);
#5526=ORIENTED_EDGE('',*,*,#4275,.T.);
#5527=ORIENTED_EDGE('',*,*,#4276,.T.);
#5528=ORIENTED_EDGE('',*,*,#4277,.F.);
#5529=ORIENTED_EDGE('',*,*,#4278,.F.);
#5530=ORIENTED_EDGE('',*,*,#4279,.T.);
#5531=ORIENTED_EDGE('',*,*,#4278,.T.);
#5532=ORIENTED_EDGE('',*,*,#4280,.F.);
#5533=ORIENTED_EDGE('',*,*,#4281,.F.);
#5534=ORIENTED_EDGE('',*,*,#4282,.T.);
#5535=ORIENTED_EDGE('',*,*,#4283,.F.);
#5536=ORIENTED_EDGE('',*,*,#4284,.F.);
#5537=ORIENTED_EDGE('',*,*,#4276,.F.);
#5538=ORIENTED_EDGE('',*,*,#4280,.T.);
#5539=ORIENTED_EDGE('',*,*,#4277,.T.);
#5540=ORIENTED_EDGE('',*,*,#4284,.T.);
#5541=ORIENTED_EDGE('',*,*,#4285,.T.);
#5542=ORIENTED_EDGE('',*,*,#4286,.F.);
#5543=ORIENTED_EDGE('',*,*,#4282,.F.);
#5544=ORIENTED_EDGE('',*,*,#4275,.F.);
#5545=ORIENTED_EDGE('',*,*,#4279,.F.);
#5546=ORIENTED_EDGE('',*,*,#4281,.T.);
#5547=ORIENTED_EDGE('',*,*,#4285,.F.);
#5548=ORIENTED_EDGE('',*,*,#4283,.T.);
#5549=ORIENTED_EDGE('',*,*,#4286,.T.);
#5550=ORIENTED_EDGE('',*,*,#4287,.T.);
#5551=ORIENTED_EDGE('',*,*,#4288,.T.);
#5552=ORIENTED_EDGE('',*,*,#4289,.F.);
#5553=ORIENTED_EDGE('',*,*,#4290,.F.);
#5554=ORIENTED_EDGE('',*,*,#4291,.T.);
#5555=ORIENTED_EDGE('',*,*,#4290,.T.);
#5556=ORIENTED_EDGE('',*,*,#4292,.F.);
#5557=ORIENTED_EDGE('',*,*,#4293,.F.);
#5558=ORIENTED_EDGE('',*,*,#4294,.T.);
#5559=ORIENTED_EDGE('',*,*,#4295,.F.);
#5560=ORIENTED_EDGE('',*,*,#4296,.F.);
#5561=ORIENTED_EDGE('',*,*,#4288,.F.);
#5562=ORIENTED_EDGE('',*,*,#4292,.T.);
#5563=ORIENTED_EDGE('',*,*,#4289,.T.);
#5564=ORIENTED_EDGE('',*,*,#4296,.T.);
#5565=ORIENTED_EDGE('',*,*,#4297,.T.);
#5566=ORIENTED_EDGE('',*,*,#4298,.F.);
#5567=ORIENTED_EDGE('',*,*,#4294,.F.);
#5568=ORIENTED_EDGE('',*,*,#4287,.F.);
#5569=ORIENTED_EDGE('',*,*,#4291,.F.);
#5570=ORIENTED_EDGE('',*,*,#4293,.T.);
#5571=ORIENTED_EDGE('',*,*,#4297,.F.);
#5572=ORIENTED_EDGE('',*,*,#4295,.T.);
#5573=ORIENTED_EDGE('',*,*,#4298,.T.);
#5574=ORIENTED_EDGE('',*,*,#4299,.T.);
#5575=ORIENTED_EDGE('',*,*,#4300,.T.);
#5576=ORIENTED_EDGE('',*,*,#4301,.F.);
#5577=ORIENTED_EDGE('',*,*,#4302,.F.);
#5578=ORIENTED_EDGE('',*,*,#4303,.T.);
#5579=ORIENTED_EDGE('',*,*,#4302,.T.);
#5580=ORIENTED_EDGE('',*,*,#4304,.F.);
#5581=ORIENTED_EDGE('',*,*,#4305,.F.);
#5582=ORIENTED_EDGE('',*,*,#4306,.T.);
#5583=ORIENTED_EDGE('',*,*,#4307,.F.);
#5584=ORIENTED_EDGE('',*,*,#4308,.F.);
#5585=ORIENTED_EDGE('',*,*,#4300,.F.);
#5586=ORIENTED_EDGE('',*,*,#4304,.T.);
#5587=ORIENTED_EDGE('',*,*,#4301,.T.);
#5588=ORIENTED_EDGE('',*,*,#4308,.T.);
#5589=ORIENTED_EDGE('',*,*,#4309,.T.);
#5590=ORIENTED_EDGE('',*,*,#4310,.F.);
#5591=ORIENTED_EDGE('',*,*,#4306,.F.);
#5592=ORIENTED_EDGE('',*,*,#4299,.F.);
#5593=ORIENTED_EDGE('',*,*,#4303,.F.);
#5594=ORIENTED_EDGE('',*,*,#4305,.T.);
#5595=ORIENTED_EDGE('',*,*,#4309,.F.);
#5596=ORIENTED_EDGE('',*,*,#4307,.T.);
#5597=ORIENTED_EDGE('',*,*,#4310,.T.);
#5598=ORIENTED_EDGE('',*,*,#4311,.T.);
#5599=ORIENTED_EDGE('',*,*,#4312,.T.);
#5600=ORIENTED_EDGE('',*,*,#4313,.F.);
#5601=ORIENTED_EDGE('',*,*,#4314,.F.);
#5602=ORIENTED_EDGE('',*,*,#4315,.T.);
#5603=ORIENTED_EDGE('',*,*,#4314,.T.);
#5604=ORIENTED_EDGE('',*,*,#4316,.F.);
#5605=ORIENTED_EDGE('',*,*,#4317,.F.);
#5606=ORIENTED_EDGE('',*,*,#4318,.T.);
#5607=ORIENTED_EDGE('',*,*,#4319,.F.);
#5608=ORIENTED_EDGE('',*,*,#4320,.F.);
#5609=ORIENTED_EDGE('',*,*,#4312,.F.);
#5610=ORIENTED_EDGE('',*,*,#4316,.T.);
#5611=ORIENTED_EDGE('',*,*,#4313,.T.);
#5612=ORIENTED_EDGE('',*,*,#4320,.T.);
#5613=ORIENTED_EDGE('',*,*,#4321,.T.);
#5614=ORIENTED_EDGE('',*,*,#4322,.F.);
#5615=ORIENTED_EDGE('',*,*,#4318,.F.);
#5616=ORIENTED_EDGE('',*,*,#4311,.F.);
#5617=ORIENTED_EDGE('',*,*,#4315,.F.);
#5618=ORIENTED_EDGE('',*,*,#4317,.T.);
#5619=ORIENTED_EDGE('',*,*,#4321,.F.);
#5620=ORIENTED_EDGE('',*,*,#4319,.T.);
#5621=ORIENTED_EDGE('',*,*,#4322,.T.);
#5622=ORIENTED_EDGE('',*,*,#4323,.T.);
#5623=ORIENTED_EDGE('',*,*,#4324,.T.);
#5624=ORIENTED_EDGE('',*,*,#4325,.F.);
#5625=ORIENTED_EDGE('',*,*,#4326,.F.);
#5626=ORIENTED_EDGE('',*,*,#4327,.T.);
#5627=ORIENTED_EDGE('',*,*,#4326,.T.);
#5628=ORIENTED_EDGE('',*,*,#4328,.F.);
#5629=ORIENTED_EDGE('',*,*,#4329,.F.);
#5630=ORIENTED_EDGE('',*,*,#4330,.T.);
#5631=ORIENTED_EDGE('',*,*,#4331,.F.);
#5632=ORIENTED_EDGE('',*,*,#4332,.F.);
#5633=ORIENTED_EDGE('',*,*,#4324,.F.);
#5634=ORIENTED_EDGE('',*,*,#4328,.T.);
#5635=ORIENTED_EDGE('',*,*,#4325,.T.);
#5636=ORIENTED_EDGE('',*,*,#4332,.T.);
#5637=ORIENTED_EDGE('',*,*,#4333,.T.);
#5638=ORIENTED_EDGE('',*,*,#4334,.F.);
#5639=ORIENTED_EDGE('',*,*,#4330,.F.);
#5640=ORIENTED_EDGE('',*,*,#4323,.F.);
#5641=ORIENTED_EDGE('',*,*,#4327,.F.);
#5642=ORIENTED_EDGE('',*,*,#4329,.T.);
#5643=ORIENTED_EDGE('',*,*,#4333,.F.);
#5644=ORIENTED_EDGE('',*,*,#4331,.T.);
#5645=ORIENTED_EDGE('',*,*,#4334,.T.);
#5646=ORIENTED_EDGE('',*,*,#4335,.T.);
#5647=ORIENTED_EDGE('',*,*,#4336,.T.);
#5648=ORIENTED_EDGE('',*,*,#4337,.F.);
#5649=ORIENTED_EDGE('',*,*,#4338,.F.);
#5650=ORIENTED_EDGE('',*,*,#4339,.T.);
#5651=ORIENTED_EDGE('',*,*,#4338,.T.);
#5652=ORIENTED_EDGE('',*,*,#4340,.F.);
#5653=ORIENTED_EDGE('',*,*,#4341,.F.);
#5654=ORIENTED_EDGE('',*,*,#4342,.T.);
#5655=ORIENTED_EDGE('',*,*,#4343,.F.);
#5656=ORIENTED_EDGE('',*,*,#4344,.F.);
#5657=ORIENTED_EDGE('',*,*,#4336,.F.);
#5658=ORIENTED_EDGE('',*,*,#4340,.T.);
#5659=ORIENTED_EDGE('',*,*,#4337,.T.);
#5660=ORIENTED_EDGE('',*,*,#4344,.T.);
#5661=ORIENTED_EDGE('',*,*,#4345,.T.);
#5662=ORIENTED_EDGE('',*,*,#4346,.F.);
#5663=ORIENTED_EDGE('',*,*,#4342,.F.);
#5664=ORIENTED_EDGE('',*,*,#4335,.F.);
#5665=ORIENTED_EDGE('',*,*,#4339,.F.);
#5666=ORIENTED_EDGE('',*,*,#4341,.T.);
#5667=ORIENTED_EDGE('',*,*,#4345,.F.);
#5668=ORIENTED_EDGE('',*,*,#4343,.T.);
#5669=ORIENTED_EDGE('',*,*,#4346,.T.);
#5670=ORIENTED_EDGE('',*,*,#4347,.T.);
#5671=ORIENTED_EDGE('',*,*,#4348,.T.);
#5672=ORIENTED_EDGE('',*,*,#4349,.F.);
#5673=ORIENTED_EDGE('',*,*,#4350,.F.);
#5674=ORIENTED_EDGE('',*,*,#4351,.T.);
#5675=ORIENTED_EDGE('',*,*,#4350,.T.);
#5676=ORIENTED_EDGE('',*,*,#4352,.F.);
#5677=ORIENTED_EDGE('',*,*,#4353,.F.);
#5678=ORIENTED_EDGE('',*,*,#4354,.T.);
#5679=ORIENTED_EDGE('',*,*,#4355,.F.);
#5680=ORIENTED_EDGE('',*,*,#4356,.F.);
#5681=ORIENTED_EDGE('',*,*,#4348,.F.);
#5682=ORIENTED_EDGE('',*,*,#4352,.T.);
#5683=ORIENTED_EDGE('',*,*,#4349,.T.);
#5684=ORIENTED_EDGE('',*,*,#4356,.T.);
#5685=ORIENTED_EDGE('',*,*,#4357,.T.);
#5686=ORIENTED_EDGE('',*,*,#4358,.F.);
#5687=ORIENTED_EDGE('',*,*,#4354,.F.);
#5688=ORIENTED_EDGE('',*,*,#4347,.F.);
#5689=ORIENTED_EDGE('',*,*,#4351,.F.);
#5690=ORIENTED_EDGE('',*,*,#4353,.T.);
#5691=ORIENTED_EDGE('',*,*,#4357,.F.);
#5692=ORIENTED_EDGE('',*,*,#4355,.T.);
#5693=ORIENTED_EDGE('',*,*,#4358,.T.);
#5694=ORIENTED_EDGE('',*,*,#4359,.T.);
#5695=ORIENTED_EDGE('',*,*,#4360,.T.);
#5696=ORIENTED_EDGE('',*,*,#4361,.F.);
#5697=ORIENTED_EDGE('',*,*,#4362,.F.);
#5698=ORIENTED_EDGE('',*,*,#4363,.T.);
#5699=ORIENTED_EDGE('',*,*,#4362,.T.);
#5700=ORIENTED_EDGE('',*,*,#4364,.F.);
#5701=ORIENTED_EDGE('',*,*,#4365,.F.);
#5702=ORIENTED_EDGE('',*,*,#4366,.T.);
#5703=ORIENTED_EDGE('',*,*,#4367,.F.);
#5704=ORIENTED_EDGE('',*,*,#4368,.F.);
#5705=ORIENTED_EDGE('',*,*,#4360,.F.);
#5706=ORIENTED_EDGE('',*,*,#4364,.T.);
#5707=ORIENTED_EDGE('',*,*,#4361,.T.);
#5708=ORIENTED_EDGE('',*,*,#4368,.T.);
#5709=ORIENTED_EDGE('',*,*,#4369,.T.);
#5710=ORIENTED_EDGE('',*,*,#4370,.F.);
#5711=ORIENTED_EDGE('',*,*,#4366,.F.);
#5712=ORIENTED_EDGE('',*,*,#4359,.F.);
#5713=ORIENTED_EDGE('',*,*,#4363,.F.);
#5714=ORIENTED_EDGE('',*,*,#4365,.T.);
#5715=ORIENTED_EDGE('',*,*,#4369,.F.);
#5716=ORIENTED_EDGE('',*,*,#4367,.T.);
#5717=ORIENTED_EDGE('',*,*,#4370,.T.);
#5718=ORIENTED_EDGE('',*,*,#4371,.T.);
#5719=ORIENTED_EDGE('',*,*,#4372,.T.);
#5720=ORIENTED_EDGE('',*,*,#4373,.F.);
#5721=ORIENTED_EDGE('',*,*,#4374,.F.);
#5722=ORIENTED_EDGE('',*,*,#4375,.T.);
#5723=ORIENTED_EDGE('',*,*,#4374,.T.);
#5724=ORIENTED_EDGE('',*,*,#4376,.F.);
#5725=ORIENTED_EDGE('',*,*,#4377,.F.);
#5726=ORIENTED_EDGE('',*,*,#4378,.T.);
#5727=ORIENTED_EDGE('',*,*,#4379,.F.);
#5728=ORIENTED_EDGE('',*,*,#4380,.F.);
#5729=ORIENTED_EDGE('',*,*,#4372,.F.);
#5730=ORIENTED_EDGE('',*,*,#4376,.T.);
#5731=ORIENTED_EDGE('',*,*,#4373,.T.);
#5732=ORIENTED_EDGE('',*,*,#4380,.T.);
#5733=ORIENTED_EDGE('',*,*,#4381,.T.);
#5734=ORIENTED_EDGE('',*,*,#4382,.F.);
#5735=ORIENTED_EDGE('',*,*,#4378,.F.);
#5736=ORIENTED_EDGE('',*,*,#4371,.F.);
#5737=ORIENTED_EDGE('',*,*,#4375,.F.);
#5738=ORIENTED_EDGE('',*,*,#4377,.T.);
#5739=ORIENTED_EDGE('',*,*,#4381,.F.);
#5740=ORIENTED_EDGE('',*,*,#4379,.T.);
#5741=ORIENTED_EDGE('',*,*,#4382,.T.);
#5742=ORIENTED_EDGE('',*,*,#4383,.T.);
#5743=ORIENTED_EDGE('',*,*,#4384,.T.);
#5744=ORIENTED_EDGE('',*,*,#4385,.F.);
#5745=ORIENTED_EDGE('',*,*,#4386,.F.);
#5746=ORIENTED_EDGE('',*,*,#4387,.T.);
#5747=ORIENTED_EDGE('',*,*,#4386,.T.);
#5748=ORIENTED_EDGE('',*,*,#4388,.F.);
#5749=ORIENTED_EDGE('',*,*,#4389,.F.);
#5750=ORIENTED_EDGE('',*,*,#4390,.T.);
#5751=ORIENTED_EDGE('',*,*,#4391,.F.);
#5752=ORIENTED_EDGE('',*,*,#4392,.F.);
#5753=ORIENTED_EDGE('',*,*,#4384,.F.);
#5754=ORIENTED_EDGE('',*,*,#4388,.T.);
#5755=ORIENTED_EDGE('',*,*,#4385,.T.);
#5756=ORIENTED_EDGE('',*,*,#4392,.T.);
#5757=ORIENTED_EDGE('',*,*,#4393,.T.);
#5758=ORIENTED_EDGE('',*,*,#4394,.F.);
#5759=ORIENTED_EDGE('',*,*,#4390,.F.);
#5760=ORIENTED_EDGE('',*,*,#4383,.F.);
#5761=ORIENTED_EDGE('',*,*,#4387,.F.);
#5762=ORIENTED_EDGE('',*,*,#4389,.T.);
#5763=ORIENTED_EDGE('',*,*,#4393,.F.);
#5764=ORIENTED_EDGE('',*,*,#4391,.T.);
#5765=ORIENTED_EDGE('',*,*,#4394,.T.);
#5766=ORIENTED_EDGE('',*,*,#4395,.T.);
#5767=ORIENTED_EDGE('',*,*,#4396,.T.);
#5768=ORIENTED_EDGE('',*,*,#4397,.F.);
#5769=ORIENTED_EDGE('',*,*,#4398,.F.);
#5770=ORIENTED_EDGE('',*,*,#4399,.T.);
#5771=ORIENTED_EDGE('',*,*,#4398,.T.);
#5772=ORIENTED_EDGE('',*,*,#4400,.F.);
#5773=ORIENTED_EDGE('',*,*,#4401,.F.);
#5774=ORIENTED_EDGE('',*,*,#4402,.T.);
#5775=ORIENTED_EDGE('',*,*,#4403,.F.);
#5776=ORIENTED_EDGE('',*,*,#4404,.F.);
#5777=ORIENTED_EDGE('',*,*,#4396,.F.);
#5778=ORIENTED_EDGE('',*,*,#4400,.T.);
#5779=ORIENTED_EDGE('',*,*,#4397,.T.);
#5780=ORIENTED_EDGE('',*,*,#4404,.T.);
#5781=ORIENTED_EDGE('',*,*,#4405,.T.);
#5782=ORIENTED_EDGE('',*,*,#4406,.F.);
#5783=ORIENTED_EDGE('',*,*,#4402,.F.);
#5784=ORIENTED_EDGE('',*,*,#4395,.F.);
#5785=ORIENTED_EDGE('',*,*,#4399,.F.);
#5786=ORIENTED_EDGE('',*,*,#4401,.T.);
#5787=ORIENTED_EDGE('',*,*,#4405,.F.);
#5788=ORIENTED_EDGE('',*,*,#4403,.T.);
#5789=ORIENTED_EDGE('',*,*,#4406,.T.);
#5790=ORIENTED_EDGE('',*,*,#4407,.T.);
#5791=ORIENTED_EDGE('',*,*,#4408,.T.);
#5792=ORIENTED_EDGE('',*,*,#4409,.F.);
#5793=ORIENTED_EDGE('',*,*,#4410,.F.);
#5794=ORIENTED_EDGE('',*,*,#4411,.T.);
#5795=ORIENTED_EDGE('',*,*,#4410,.T.);
#5796=ORIENTED_EDGE('',*,*,#4412,.F.);
#5797=ORIENTED_EDGE('',*,*,#4413,.F.);
#5798=ORIENTED_EDGE('',*,*,#4414,.T.);
#5799=ORIENTED_EDGE('',*,*,#4415,.F.);
#5800=ORIENTED_EDGE('',*,*,#4416,.F.);
#5801=ORIENTED_EDGE('',*,*,#4408,.F.);
#5802=ORIENTED_EDGE('',*,*,#4412,.T.);
#5803=ORIENTED_EDGE('',*,*,#4409,.T.);
#5804=ORIENTED_EDGE('',*,*,#4416,.T.);
#5805=ORIENTED_EDGE('',*,*,#4417,.T.);
#5806=ORIENTED_EDGE('',*,*,#4418,.F.);
#5807=ORIENTED_EDGE('',*,*,#4414,.F.);
#5808=ORIENTED_EDGE('',*,*,#4407,.F.);
#5809=ORIENTED_EDGE('',*,*,#4411,.F.);
#5810=ORIENTED_EDGE('',*,*,#4413,.T.);
#5811=ORIENTED_EDGE('',*,*,#4417,.F.);
#5812=ORIENTED_EDGE('',*,*,#4415,.T.);
#5813=ORIENTED_EDGE('',*,*,#4418,.T.);
#5814=ORIENTED_EDGE('',*,*,#4419,.T.);
#5815=ORIENTED_EDGE('',*,*,#4420,.T.);
#5816=ORIENTED_EDGE('',*,*,#4421,.F.);
#5817=ORIENTED_EDGE('',*,*,#4422,.F.);
#5818=ORIENTED_EDGE('',*,*,#4423,.T.);
#5819=ORIENTED_EDGE('',*,*,#4422,.T.);
#5820=ORIENTED_EDGE('',*,*,#4424,.F.);
#5821=ORIENTED_EDGE('',*,*,#4425,.F.);
#5822=ORIENTED_EDGE('',*,*,#4426,.T.);
#5823=ORIENTED_EDGE('',*,*,#4427,.F.);
#5824=ORIENTED_EDGE('',*,*,#4428,.F.);
#5825=ORIENTED_EDGE('',*,*,#4420,.F.);
#5826=ORIENTED_EDGE('',*,*,#4424,.T.);
#5827=ORIENTED_EDGE('',*,*,#4421,.T.);
#5828=ORIENTED_EDGE('',*,*,#4428,.T.);
#5829=ORIENTED_EDGE('',*,*,#4429,.T.);
#5830=ORIENTED_EDGE('',*,*,#4430,.F.);
#5831=ORIENTED_EDGE('',*,*,#4426,.F.);
#5832=ORIENTED_EDGE('',*,*,#4419,.F.);
#5833=ORIENTED_EDGE('',*,*,#4423,.F.);
#5834=ORIENTED_EDGE('',*,*,#4425,.T.);
#5835=ORIENTED_EDGE('',*,*,#4429,.F.);
#5836=ORIENTED_EDGE('',*,*,#4427,.T.);
#5837=ORIENTED_EDGE('',*,*,#4430,.T.);
#5838=ORIENTED_EDGE('',*,*,#4431,.T.);
#5839=ORIENTED_EDGE('',*,*,#4432,.T.);
#5840=ORIENTED_EDGE('',*,*,#4433,.F.);
#5841=ORIENTED_EDGE('',*,*,#4434,.F.);
#5842=ORIENTED_EDGE('',*,*,#4435,.T.);
#5843=ORIENTED_EDGE('',*,*,#4434,.T.);
#5844=ORIENTED_EDGE('',*,*,#4436,.F.);
#5845=ORIENTED_EDGE('',*,*,#4437,.F.);
#5846=ORIENTED_EDGE('',*,*,#4438,.T.);
#5847=ORIENTED_EDGE('',*,*,#4439,.F.);
#5848=ORIENTED_EDGE('',*,*,#4440,.F.);
#5849=ORIENTED_EDGE('',*,*,#4432,.F.);
#5850=ORIENTED_EDGE('',*,*,#4436,.T.);
#5851=ORIENTED_EDGE('',*,*,#4433,.T.);
#5852=ORIENTED_EDGE('',*,*,#4440,.T.);
#5853=ORIENTED_EDGE('',*,*,#4441,.T.);
#5854=ORIENTED_EDGE('',*,*,#4442,.F.);
#5855=ORIENTED_EDGE('',*,*,#4438,.F.);
#5856=ORIENTED_EDGE('',*,*,#4431,.F.);
#5857=ORIENTED_EDGE('',*,*,#4435,.F.);
#5858=ORIENTED_EDGE('',*,*,#4437,.T.);
#5859=ORIENTED_EDGE('',*,*,#4441,.F.);
#5860=ORIENTED_EDGE('',*,*,#4439,.T.);
#5861=ORIENTED_EDGE('',*,*,#4442,.T.);
#5862=ORIENTED_EDGE('',*,*,#4443,.T.);
#5863=ORIENTED_EDGE('',*,*,#4444,.T.);
#5864=ORIENTED_EDGE('',*,*,#4445,.F.);
#5865=ORIENTED_EDGE('',*,*,#4446,.F.);
#5866=ORIENTED_EDGE('',*,*,#4447,.T.);
#5867=ORIENTED_EDGE('',*,*,#4446,.T.);
#5868=ORIENTED_EDGE('',*,*,#4448,.F.);
#5869=ORIENTED_EDGE('',*,*,#4449,.F.);
#5870=ORIENTED_EDGE('',*,*,#4450,.T.);
#5871=ORIENTED_EDGE('',*,*,#4451,.F.);
#5872=ORIENTED_EDGE('',*,*,#4452,.F.);
#5873=ORIENTED_EDGE('',*,*,#4444,.F.);
#5874=ORIENTED_EDGE('',*,*,#4448,.T.);
#5875=ORIENTED_EDGE('',*,*,#4445,.T.);
#5876=ORIENTED_EDGE('',*,*,#4452,.T.);
#5877=ORIENTED_EDGE('',*,*,#4453,.T.);
#5878=ORIENTED_EDGE('',*,*,#4454,.F.);
#5879=ORIENTED_EDGE('',*,*,#4450,.F.);
#5880=ORIENTED_EDGE('',*,*,#4443,.F.);
#5881=ORIENTED_EDGE('',*,*,#4447,.F.);
#5882=ORIENTED_EDGE('',*,*,#4449,.T.);
#5883=ORIENTED_EDGE('',*,*,#4453,.F.);
#5884=ORIENTED_EDGE('',*,*,#4451,.T.);
#5885=ORIENTED_EDGE('',*,*,#4454,.T.);
#5886=ORIENTED_EDGE('',*,*,#4455,.T.);
#5887=ORIENTED_EDGE('',*,*,#4456,.T.);
#5888=ORIENTED_EDGE('',*,*,#4457,.F.);
#5889=ORIENTED_EDGE('',*,*,#4458,.F.);
#5890=ORIENTED_EDGE('',*,*,#4459,.T.);
#5891=ORIENTED_EDGE('',*,*,#4458,.T.);
#5892=ORIENTED_EDGE('',*,*,#4460,.F.);
#5893=ORIENTED_EDGE('',*,*,#4461,.F.);
#5894=ORIENTED_EDGE('',*,*,#4462,.T.);
#5895=ORIENTED_EDGE('',*,*,#4463,.F.);
#5896=ORIENTED_EDGE('',*,*,#4464,.F.);
#5897=ORIENTED_EDGE('',*,*,#4456,.F.);
#5898=ORIENTED_EDGE('',*,*,#4460,.T.);
#5899=ORIENTED_EDGE('',*,*,#4457,.T.);
#5900=ORIENTED_EDGE('',*,*,#4464,.T.);
#5901=ORIENTED_EDGE('',*,*,#4465,.T.);
#5902=ORIENTED_EDGE('',*,*,#4466,.F.);
#5903=ORIENTED_EDGE('',*,*,#4462,.F.);
#5904=ORIENTED_EDGE('',*,*,#4455,.F.);
#5905=ORIENTED_EDGE('',*,*,#4459,.F.);
#5906=ORIENTED_EDGE('',*,*,#4461,.T.);
#5907=ORIENTED_EDGE('',*,*,#4465,.F.);
#5908=ORIENTED_EDGE('',*,*,#4463,.T.);
#5909=ORIENTED_EDGE('',*,*,#4466,.T.);
#5910=ORIENTED_EDGE('',*,*,#4467,.T.);
#5911=ORIENTED_EDGE('',*,*,#4468,.T.);
#5912=ORIENTED_EDGE('',*,*,#4469,.F.);
#5913=ORIENTED_EDGE('',*,*,#4470,.F.);
#5914=ORIENTED_EDGE('',*,*,#4471,.T.);
#5915=ORIENTED_EDGE('',*,*,#4470,.T.);
#5916=ORIENTED_EDGE('',*,*,#4472,.F.);
#5917=ORIENTED_EDGE('',*,*,#4473,.F.);
#5918=ORIENTED_EDGE('',*,*,#4474,.T.);
#5919=ORIENTED_EDGE('',*,*,#4475,.F.);
#5920=ORIENTED_EDGE('',*,*,#4476,.F.);
#5921=ORIENTED_EDGE('',*,*,#4468,.F.);
#5922=ORIENTED_EDGE('',*,*,#4472,.T.);
#5923=ORIENTED_EDGE('',*,*,#4469,.T.);
#5924=ORIENTED_EDGE('',*,*,#4476,.T.);
#5925=ORIENTED_EDGE('',*,*,#4477,.T.);
#5926=ORIENTED_EDGE('',*,*,#4478,.F.);
#5927=ORIENTED_EDGE('',*,*,#4474,.F.);
#5928=ORIENTED_EDGE('',*,*,#4467,.F.);
#5929=ORIENTED_EDGE('',*,*,#4471,.F.);
#5930=ORIENTED_EDGE('',*,*,#4473,.T.);
#5931=ORIENTED_EDGE('',*,*,#4477,.F.);
#5932=ORIENTED_EDGE('',*,*,#4475,.T.);
#5933=ORIENTED_EDGE('',*,*,#4478,.T.);
#5934=ORIENTED_EDGE('',*,*,#4479,.T.);
#5935=ORIENTED_EDGE('',*,*,#4480,.T.);
#5936=ORIENTED_EDGE('',*,*,#4481,.F.);
#5937=ORIENTED_EDGE('',*,*,#4482,.F.);
#5938=ORIENTED_EDGE('',*,*,#4483,.T.);
#5939=ORIENTED_EDGE('',*,*,#4482,.T.);
#5940=ORIENTED_EDGE('',*,*,#4484,.F.);
#5941=ORIENTED_EDGE('',*,*,#4485,.F.);
#5942=ORIENTED_EDGE('',*,*,#4486,.T.);
#5943=ORIENTED_EDGE('',*,*,#4487,.F.);
#5944=ORIENTED_EDGE('',*,*,#4488,.F.);
#5945=ORIENTED_EDGE('',*,*,#4480,.F.);
#5946=ORIENTED_EDGE('',*,*,#4484,.T.);
#5947=ORIENTED_EDGE('',*,*,#4481,.T.);
#5948=ORIENTED_EDGE('',*,*,#4488,.T.);
#5949=ORIENTED_EDGE('',*,*,#4489,.T.);
#5950=ORIENTED_EDGE('',*,*,#4490,.F.);
#5951=ORIENTED_EDGE('',*,*,#4486,.F.);
#5952=ORIENTED_EDGE('',*,*,#4479,.F.);
#5953=ORIENTED_EDGE('',*,*,#4483,.F.);
#5954=ORIENTED_EDGE('',*,*,#4485,.T.);
#5955=ORIENTED_EDGE('',*,*,#4489,.F.);
#5956=ORIENTED_EDGE('',*,*,#4487,.T.);
#5957=ORIENTED_EDGE('',*,*,#4490,.T.);
#5958=ORIENTED_EDGE('',*,*,#4491,.T.);
#5959=ORIENTED_EDGE('',*,*,#4492,.T.);
#5960=ORIENTED_EDGE('',*,*,#4493,.F.);
#5961=ORIENTED_EDGE('',*,*,#4494,.F.);
#5962=ORIENTED_EDGE('',*,*,#4495,.T.);
#5963=ORIENTED_EDGE('',*,*,#4494,.T.);
#5964=ORIENTED_EDGE('',*,*,#4496,.F.);
#5965=ORIENTED_EDGE('',*,*,#4497,.F.);
#5966=ORIENTED_EDGE('',*,*,#4498,.T.);
#5967=ORIENTED_EDGE('',*,*,#4499,.F.);
#5968=ORIENTED_EDGE('',*,*,#4500,.F.);
#5969=ORIENTED_EDGE('',*,*,#4492,.F.);
#5970=ORIENTED_EDGE('',*,*,#4496,.T.);
#5971=ORIENTED_EDGE('',*,*,#4493,.T.);
#5972=ORIENTED_EDGE('',*,*,#4500,.T.);
#5973=ORIENTED_EDGE('',*,*,#4501,.T.);
#5974=ORIENTED_EDGE('',*,*,#4502,.F.);
#5975=ORIENTED_EDGE('',*,*,#4498,.F.);
#5976=ORIENTED_EDGE('',*,*,#4491,.F.);
#5977=ORIENTED_EDGE('',*,*,#4495,.F.);
#5978=ORIENTED_EDGE('',*,*,#4497,.T.);
#5979=ORIENTED_EDGE('',*,*,#4501,.F.);
#5980=ORIENTED_EDGE('',*,*,#4499,.T.);
#5981=ORIENTED_EDGE('',*,*,#4502,.T.);
#5982=ORIENTED_EDGE('',*,*,#4503,.T.);
#5983=ORIENTED_EDGE('',*,*,#4504,.T.);
#5984=ORIENTED_EDGE('',*,*,#4505,.F.);
#5985=ORIENTED_EDGE('',*,*,#4506,.F.);
#5986=ORIENTED_EDGE('',*,*,#4507,.T.);
#5987=ORIENTED_EDGE('',*,*,#4506,.T.);
#5988=ORIENTED_EDGE('',*,*,#4508,.F.);
#5989=ORIENTED_EDGE('',*,*,#4509,.F.);
#5990=ORIENTED_EDGE('',*,*,#4510,.T.);
#5991=ORIENTED_EDGE('',*,*,#4511,.F.);
#5992=ORIENTED_EDGE('',*,*,#4512,.F.);
#5993=ORIENTED_EDGE('',*,*,#4504,.F.);
#5994=ORIENTED_EDGE('',*,*,#4508,.T.);
#5995=ORIENTED_EDGE('',*,*,#4505,.T.);
#5996=ORIENTED_EDGE('',*,*,#4512,.T.);
#5997=ORIENTED_EDGE('',*,*,#4513,.T.);
#5998=ORIENTED_EDGE('',*,*,#4514,.F.);
#5999=ORIENTED_EDGE('',*,*,#4510,.F.);
#6000=ORIENTED_EDGE('',*,*,#4503,.F.);
#6001=ORIENTED_EDGE('',*,*,#4507,.F.);
#6002=ORIENTED_EDGE('',*,*,#4509,.T.);
#6003=ORIENTED_EDGE('',*,*,#4513,.F.);
#6004=ORIENTED_EDGE('',*,*,#4511,.T.);
#6005=ORIENTED_EDGE('',*,*,#4514,.T.);
#6006=ORIENTED_EDGE('',*,*,#4515,.T.);
#6007=ORIENTED_EDGE('',*,*,#4516,.T.);
#6008=ORIENTED_EDGE('',*,*,#4517,.F.);
#6009=ORIENTED_EDGE('',*,*,#4518,.F.);
#6010=ORIENTED_EDGE('',*,*,#4519,.T.);
#6011=ORIENTED_EDGE('',*,*,#4518,.T.);
#6012=ORIENTED_EDGE('',*,*,#4520,.F.);
#6013=ORIENTED_EDGE('',*,*,#4521,.F.);
#6014=ORIENTED_EDGE('',*,*,#4522,.T.);
#6015=ORIENTED_EDGE('',*,*,#4523,.F.);
#6016=ORIENTED_EDGE('',*,*,#4524,.F.);
#6017=ORIENTED_EDGE('',*,*,#4516,.F.);
#6018=ORIENTED_EDGE('',*,*,#4520,.T.);
#6019=ORIENTED_EDGE('',*,*,#4517,.T.);
#6020=ORIENTED_EDGE('',*,*,#4524,.T.);
#6021=ORIENTED_EDGE('',*,*,#4525,.T.);
#6022=ORIENTED_EDGE('',*,*,#4526,.F.);
#6023=ORIENTED_EDGE('',*,*,#4522,.F.);
#6024=ORIENTED_EDGE('',*,*,#4515,.F.);
#6025=ORIENTED_EDGE('',*,*,#4519,.F.);
#6026=ORIENTED_EDGE('',*,*,#4521,.T.);
#6027=ORIENTED_EDGE('',*,*,#4525,.F.);
#6028=ORIENTED_EDGE('',*,*,#4523,.T.);
#6029=ORIENTED_EDGE('',*,*,#4526,.T.);
#6030=ORIENTED_EDGE('',*,*,#4527,.T.);
#6031=ORIENTED_EDGE('',*,*,#4528,.T.);
#6032=ORIENTED_EDGE('',*,*,#4529,.F.);
#6033=ORIENTED_EDGE('',*,*,#4530,.F.);
#6034=ORIENTED_EDGE('',*,*,#4531,.T.);
#6035=ORIENTED_EDGE('',*,*,#4530,.T.);
#6036=ORIENTED_EDGE('',*,*,#4532,.F.);
#6037=ORIENTED_EDGE('',*,*,#4533,.F.);
#6038=ORIENTED_EDGE('',*,*,#4534,.T.);
#6039=ORIENTED_EDGE('',*,*,#4535,.F.);
#6040=ORIENTED_EDGE('',*,*,#4536,.F.);
#6041=ORIENTED_EDGE('',*,*,#4528,.F.);
#6042=ORIENTED_EDGE('',*,*,#4532,.T.);
#6043=ORIENTED_EDGE('',*,*,#4529,.T.);
#6044=ORIENTED_EDGE('',*,*,#4536,.T.);
#6045=ORIENTED_EDGE('',*,*,#4537,.T.);
#6046=ORIENTED_EDGE('',*,*,#4538,.F.);
#6047=ORIENTED_EDGE('',*,*,#4534,.F.);
#6048=ORIENTED_EDGE('',*,*,#4527,.F.);
#6049=ORIENTED_EDGE('',*,*,#4531,.F.);
#6050=ORIENTED_EDGE('',*,*,#4533,.T.);
#6051=ORIENTED_EDGE('',*,*,#4537,.F.);
#6052=ORIENTED_EDGE('',*,*,#4535,.T.);
#6053=ORIENTED_EDGE('',*,*,#4538,.T.);
#6054=ORIENTED_EDGE('',*,*,#4539,.T.);
#6055=ORIENTED_EDGE('',*,*,#4540,.T.);
#6056=ORIENTED_EDGE('',*,*,#4541,.F.);
#6057=ORIENTED_EDGE('',*,*,#4542,.F.);
#6058=ORIENTED_EDGE('',*,*,#4543,.T.);
#6059=ORIENTED_EDGE('',*,*,#4542,.T.);
#6060=ORIENTED_EDGE('',*,*,#4544,.F.);
#6061=ORIENTED_EDGE('',*,*,#4545,.F.);
#6062=ORIENTED_EDGE('',*,*,#4546,.T.);
#6063=ORIENTED_EDGE('',*,*,#4547,.F.);
#6064=ORIENTED_EDGE('',*,*,#4548,.F.);
#6065=ORIENTED_EDGE('',*,*,#4540,.F.);
#6066=ORIENTED_EDGE('',*,*,#4544,.T.);
#6067=ORIENTED_EDGE('',*,*,#4541,.T.);
#6068=ORIENTED_EDGE('',*,*,#4548,.T.);
#6069=ORIENTED_EDGE('',*,*,#4549,.T.);
#6070=ORIENTED_EDGE('',*,*,#4550,.F.);
#6071=ORIENTED_EDGE('',*,*,#4546,.F.);
#6072=ORIENTED_EDGE('',*,*,#4539,.F.);
#6073=ORIENTED_EDGE('',*,*,#4543,.F.);
#6074=ORIENTED_EDGE('',*,*,#4545,.T.);
#6075=ORIENTED_EDGE('',*,*,#4549,.F.);
#6076=ORIENTED_EDGE('',*,*,#4547,.T.);
#6077=ORIENTED_EDGE('',*,*,#4550,.T.);
#6078=ORIENTED_EDGE('',*,*,#4551,.T.);
#6079=ORIENTED_EDGE('',*,*,#4552,.T.);
#6080=ORIENTED_EDGE('',*,*,#4553,.F.);
#6081=ORIENTED_EDGE('',*,*,#4554,.F.);
#6082=ORIENTED_EDGE('',*,*,#4555,.T.);
#6083=ORIENTED_EDGE('',*,*,#4554,.T.);
#6084=ORIENTED_EDGE('',*,*,#4556,.F.);
#6085=ORIENTED_EDGE('',*,*,#4557,.F.);
#6086=ORIENTED_EDGE('',*,*,#4558,.T.);
#6087=ORIENTED_EDGE('',*,*,#4559,.F.);
#6088=ORIENTED_EDGE('',*,*,#4560,.F.);
#6089=ORIENTED_EDGE('',*,*,#4552,.F.);
#6090=ORIENTED_EDGE('',*,*,#4556,.T.);
#6091=ORIENTED_EDGE('',*,*,#4553,.T.);
#6092=ORIENTED_EDGE('',*,*,#4560,.T.);
#6093=ORIENTED_EDGE('',*,*,#4561,.T.);
#6094=ORIENTED_EDGE('',*,*,#4562,.F.);
#6095=ORIENTED_EDGE('',*,*,#4558,.F.);
#6096=ORIENTED_EDGE('',*,*,#4551,.F.);
#6097=ORIENTED_EDGE('',*,*,#4555,.F.);
#6098=ORIENTED_EDGE('',*,*,#4557,.T.);
#6099=ORIENTED_EDGE('',*,*,#4561,.F.);
#6100=ORIENTED_EDGE('',*,*,#4559,.T.);
#6101=ORIENTED_EDGE('',*,*,#4562,.T.);
#6102=ORIENTED_EDGE('',*,*,#4563,.T.);
#6103=ORIENTED_EDGE('',*,*,#4564,.T.);
#6104=ORIENTED_EDGE('',*,*,#4565,.F.);
#6105=ORIENTED_EDGE('',*,*,#4566,.F.);
#6106=ORIENTED_EDGE('',*,*,#4567,.T.);
#6107=ORIENTED_EDGE('',*,*,#4566,.T.);
#6108=ORIENTED_EDGE('',*,*,#4568,.F.);
#6109=ORIENTED_EDGE('',*,*,#4569,.F.);
#6110=ORIENTED_EDGE('',*,*,#4570,.T.);
#6111=ORIENTED_EDGE('',*,*,#4571,.F.);
#6112=ORIENTED_EDGE('',*,*,#4572,.F.);
#6113=ORIENTED_EDGE('',*,*,#4564,.F.);
#6114=ORIENTED_EDGE('',*,*,#4568,.T.);
#6115=ORIENTED_EDGE('',*,*,#4565,.T.);
#6116=ORIENTED_EDGE('',*,*,#4572,.T.);
#6117=ORIENTED_EDGE('',*,*,#4573,.T.);
#6118=ORIENTED_EDGE('',*,*,#4574,.F.);
#6119=ORIENTED_EDGE('',*,*,#4570,.F.);
#6120=ORIENTED_EDGE('',*,*,#4563,.F.);
#6121=ORIENTED_EDGE('',*,*,#4567,.F.);
#6122=ORIENTED_EDGE('',*,*,#4569,.T.);
#6123=ORIENTED_EDGE('',*,*,#4573,.F.);
#6124=ORIENTED_EDGE('',*,*,#4571,.T.);
#6125=ORIENTED_EDGE('',*,*,#4574,.T.);
#6126=ORIENTED_EDGE('',*,*,#4575,.T.);
#6127=ORIENTED_EDGE('',*,*,#4576,.T.);
#6128=ORIENTED_EDGE('',*,*,#4577,.F.);
#6129=ORIENTED_EDGE('',*,*,#4578,.F.);
#6130=ORIENTED_EDGE('',*,*,#4579,.T.);
#6131=ORIENTED_EDGE('',*,*,#4578,.T.);
#6132=ORIENTED_EDGE('',*,*,#4580,.F.);
#6133=ORIENTED_EDGE('',*,*,#4581,.F.);
#6134=ORIENTED_EDGE('',*,*,#4582,.T.);
#6135=ORIENTED_EDGE('',*,*,#4583,.F.);
#6136=ORIENTED_EDGE('',*,*,#4584,.F.);
#6137=ORIENTED_EDGE('',*,*,#4576,.F.);
#6138=ORIENTED_EDGE('',*,*,#4580,.T.);
#6139=ORIENTED_EDGE('',*,*,#4577,.T.);
#6140=ORIENTED_EDGE('',*,*,#4584,.T.);
#6141=ORIENTED_EDGE('',*,*,#4585,.T.);
#6142=ORIENTED_EDGE('',*,*,#4586,.F.);
#6143=ORIENTED_EDGE('',*,*,#4582,.F.);
#6144=ORIENTED_EDGE('',*,*,#4575,.F.);
#6145=ORIENTED_EDGE('',*,*,#4579,.F.);
#6146=ORIENTED_EDGE('',*,*,#4581,.T.);
#6147=ORIENTED_EDGE('',*,*,#4585,.F.);
#6148=ORIENTED_EDGE('',*,*,#4583,.T.);
#6149=ORIENTED_EDGE('',*,*,#4586,.T.);
#6150=ORIENTED_EDGE('',*,*,#4587,.T.);
#6151=ORIENTED_EDGE('',*,*,#4588,.T.);
#6152=ORIENTED_EDGE('',*,*,#4589,.F.);
#6153=ORIENTED_EDGE('',*,*,#4590,.F.);
#6154=ORIENTED_EDGE('',*,*,#4591,.T.);
#6155=ORIENTED_EDGE('',*,*,#4590,.T.);
#6156=ORIENTED_EDGE('',*,*,#4592,.F.);
#6157=ORIENTED_EDGE('',*,*,#4593,.F.);
#6158=ORIENTED_EDGE('',*,*,#4594,.T.);
#6159=ORIENTED_EDGE('',*,*,#4595,.F.);
#6160=ORIENTED_EDGE('',*,*,#4596,.F.);
#6161=ORIENTED_EDGE('',*,*,#4588,.F.);
#6162=ORIENTED_EDGE('',*,*,#4592,.T.);
#6163=ORIENTED_EDGE('',*,*,#4589,.T.);
#6164=ORIENTED_EDGE('',*,*,#4596,.T.);
#6165=ORIENTED_EDGE('',*,*,#4597,.T.);
#6166=ORIENTED_EDGE('',*,*,#4598,.F.);
#6167=ORIENTED_EDGE('',*,*,#4594,.F.);
#6168=ORIENTED_EDGE('',*,*,#4587,.F.);
#6169=ORIENTED_EDGE('',*,*,#4591,.F.);
#6170=ORIENTED_EDGE('',*,*,#4593,.T.);
#6171=ORIENTED_EDGE('',*,*,#4597,.F.);
#6172=ORIENTED_EDGE('',*,*,#4595,.T.);
#6173=ORIENTED_EDGE('',*,*,#4598,.T.);
#6174=ORIENTED_EDGE('',*,*,#4599,.T.);
#6175=ORIENTED_EDGE('',*,*,#4600,.T.);
#6176=ORIENTED_EDGE('',*,*,#4601,.F.);
#6177=ORIENTED_EDGE('',*,*,#4602,.F.);
#6178=ORIENTED_EDGE('',*,*,#4603,.T.);
#6179=ORIENTED_EDGE('',*,*,#4602,.T.);
#6180=ORIENTED_EDGE('',*,*,#4604,.F.);
#6181=ORIENTED_EDGE('',*,*,#4605,.F.);
#6182=ORIENTED_EDGE('',*,*,#4606,.T.);
#6183=ORIENTED_EDGE('',*,*,#4607,.F.);
#6184=ORIENTED_EDGE('',*,*,#4608,.F.);
#6185=ORIENTED_EDGE('',*,*,#4600,.F.);
#6186=ORIENTED_EDGE('',*,*,#4604,.T.);
#6187=ORIENTED_EDGE('',*,*,#4601,.T.);
#6188=ORIENTED_EDGE('',*,*,#4608,.T.);
#6189=ORIENTED_EDGE('',*,*,#4609,.T.);
#6190=ORIENTED_EDGE('',*,*,#4610,.F.);
#6191=ORIENTED_EDGE('',*,*,#4606,.F.);
#6192=ORIENTED_EDGE('',*,*,#4599,.F.);
#6193=ORIENTED_EDGE('',*,*,#4603,.F.);
#6194=ORIENTED_EDGE('',*,*,#4605,.T.);
#6195=ORIENTED_EDGE('',*,*,#4609,.F.);
#6196=ORIENTED_EDGE('',*,*,#4607,.T.);
#6197=ORIENTED_EDGE('',*,*,#4610,.T.);
#6198=ORIENTED_EDGE('',*,*,#4611,.T.);
#6199=ORIENTED_EDGE('',*,*,#4612,.T.);
#6200=ORIENTED_EDGE('',*,*,#4613,.F.);
#6201=ORIENTED_EDGE('',*,*,#4614,.F.);
#6202=ORIENTED_EDGE('',*,*,#4615,.T.);
#6203=ORIENTED_EDGE('',*,*,#4614,.T.);
#6204=ORIENTED_EDGE('',*,*,#4616,.F.);
#6205=ORIENTED_EDGE('',*,*,#4617,.F.);
#6206=ORIENTED_EDGE('',*,*,#4618,.T.);
#6207=ORIENTED_EDGE('',*,*,#4619,.F.);
#6208=ORIENTED_EDGE('',*,*,#4620,.F.);
#6209=ORIENTED_EDGE('',*,*,#4612,.F.);
#6210=ORIENTED_EDGE('',*,*,#4616,.T.);
#6211=ORIENTED_EDGE('',*,*,#4613,.T.);
#6212=ORIENTED_EDGE('',*,*,#4620,.T.);
#6213=ORIENTED_EDGE('',*,*,#4621,.T.);
#6214=ORIENTED_EDGE('',*,*,#4622,.F.);
#6215=ORIENTED_EDGE('',*,*,#4618,.F.);
#6216=ORIENTED_EDGE('',*,*,#4611,.F.);
#6217=ORIENTED_EDGE('',*,*,#4615,.F.);
#6218=ORIENTED_EDGE('',*,*,#4617,.T.);
#6219=ORIENTED_EDGE('',*,*,#4621,.F.);
#6220=ORIENTED_EDGE('',*,*,#4619,.T.);
#6221=ORIENTED_EDGE('',*,*,#4622,.T.);
#6222=ORIENTED_EDGE('',*,*,#4623,.T.);
#6223=ORIENTED_EDGE('',*,*,#4624,.T.);
#6224=ORIENTED_EDGE('',*,*,#4625,.F.);
#6225=ORIENTED_EDGE('',*,*,#4626,.F.);
#6226=ORIENTED_EDGE('',*,*,#4627,.T.);
#6227=ORIENTED_EDGE('',*,*,#4626,.T.);
#6228=ORIENTED_EDGE('',*,*,#4628,.F.);
#6229=ORIENTED_EDGE('',*,*,#4629,.F.);
#6230=ORIENTED_EDGE('',*,*,#4630,.T.);
#6231=ORIENTED_EDGE('',*,*,#4631,.F.);
#6232=ORIENTED_EDGE('',*,*,#4632,.F.);
#6233=ORIENTED_EDGE('',*,*,#4624,.F.);
#6234=ORIENTED_EDGE('',*,*,#4628,.T.);
#6235=ORIENTED_EDGE('',*,*,#4625,.T.);
#6236=ORIENTED_EDGE('',*,*,#4632,.T.);
#6237=ORIENTED_EDGE('',*,*,#4633,.T.);
#6238=ORIENTED_EDGE('',*,*,#4634,.F.);
#6239=ORIENTED_EDGE('',*,*,#4630,.F.);
#6240=ORIENTED_EDGE('',*,*,#4623,.F.);
#6241=ORIENTED_EDGE('',*,*,#4627,.F.);
#6242=ORIENTED_EDGE('',*,*,#4629,.T.);
#6243=ORIENTED_EDGE('',*,*,#4633,.F.);
#6244=ORIENTED_EDGE('',*,*,#4631,.T.);
#6245=ORIENTED_EDGE('',*,*,#4634,.T.);
#6246=ORIENTED_EDGE('',*,*,#4635,.T.);
#6247=ORIENTED_EDGE('',*,*,#4636,.T.);
#6248=ORIENTED_EDGE('',*,*,#4637,.F.);
#6249=ORIENTED_EDGE('',*,*,#4638,.F.);
#6250=ORIENTED_EDGE('',*,*,#4639,.T.);
#6251=ORIENTED_EDGE('',*,*,#4638,.T.);
#6252=ORIENTED_EDGE('',*,*,#4640,.F.);
#6253=ORIENTED_EDGE('',*,*,#4641,.F.);
#6254=ORIENTED_EDGE('',*,*,#4642,.T.);
#6255=ORIENTED_EDGE('',*,*,#4643,.F.);
#6256=ORIENTED_EDGE('',*,*,#4644,.F.);
#6257=ORIENTED_EDGE('',*,*,#4636,.F.);
#6258=ORIENTED_EDGE('',*,*,#4640,.T.);
#6259=ORIENTED_EDGE('',*,*,#4637,.T.);
#6260=ORIENTED_EDGE('',*,*,#4644,.T.);
#6261=ORIENTED_EDGE('',*,*,#4645,.T.);
#6262=ORIENTED_EDGE('',*,*,#4646,.F.);
#6263=ORIENTED_EDGE('',*,*,#4642,.F.);
#6264=ORIENTED_EDGE('',*,*,#4635,.F.);
#6265=ORIENTED_EDGE('',*,*,#4639,.F.);
#6266=ORIENTED_EDGE('',*,*,#4641,.T.);
#6267=ORIENTED_EDGE('',*,*,#4645,.F.);
#6268=ORIENTED_EDGE('',*,*,#4643,.T.);
#6269=ORIENTED_EDGE('',*,*,#4646,.T.);
#6270=ORIENTED_EDGE('',*,*,#4647,.T.);
#6271=ORIENTED_EDGE('',*,*,#4648,.T.);
#6272=ORIENTED_EDGE('',*,*,#4649,.F.);
#6273=ORIENTED_EDGE('',*,*,#4650,.F.);
#6274=ORIENTED_EDGE('',*,*,#4651,.T.);
#6275=ORIENTED_EDGE('',*,*,#4650,.T.);
#6276=ORIENTED_EDGE('',*,*,#4652,.F.);
#6277=ORIENTED_EDGE('',*,*,#4653,.F.);
#6278=ORIENTED_EDGE('',*,*,#4654,.T.);
#6279=ORIENTED_EDGE('',*,*,#4655,.F.);
#6280=ORIENTED_EDGE('',*,*,#4656,.F.);
#6281=ORIENTED_EDGE('',*,*,#4648,.F.);
#6282=ORIENTED_EDGE('',*,*,#4652,.T.);
#6283=ORIENTED_EDGE('',*,*,#4649,.T.);
#6284=ORIENTED_EDGE('',*,*,#4656,.T.);
#6285=ORIENTED_EDGE('',*,*,#4657,.T.);
#6286=ORIENTED_EDGE('',*,*,#4658,.F.);
#6287=ORIENTED_EDGE('',*,*,#4654,.F.);
#6288=ORIENTED_EDGE('',*,*,#4647,.F.);
#6289=ORIENTED_EDGE('',*,*,#4651,.F.);
#6290=ORIENTED_EDGE('',*,*,#4653,.T.);
#6291=ORIENTED_EDGE('',*,*,#4657,.F.);
#6292=ORIENTED_EDGE('',*,*,#4655,.T.);
#6293=ORIENTED_EDGE('',*,*,#4658,.T.);
#6294=ORIENTED_EDGE('',*,*,#4659,.T.);
#6295=ORIENTED_EDGE('',*,*,#4660,.T.);
#6296=ORIENTED_EDGE('',*,*,#4661,.F.);
#6297=ORIENTED_EDGE('',*,*,#4662,.F.);
#6298=ORIENTED_EDGE('',*,*,#4663,.T.);
#6299=ORIENTED_EDGE('',*,*,#4662,.T.);
#6300=ORIENTED_EDGE('',*,*,#4664,.F.);
#6301=ORIENTED_EDGE('',*,*,#4665,.F.);
#6302=ORIENTED_EDGE('',*,*,#4666,.T.);
#6303=ORIENTED_EDGE('',*,*,#4667,.F.);
#6304=ORIENTED_EDGE('',*,*,#4668,.F.);
#6305=ORIENTED_EDGE('',*,*,#4660,.F.);
#6306=ORIENTED_EDGE('',*,*,#4664,.T.);
#6307=ORIENTED_EDGE('',*,*,#4661,.T.);
#6308=ORIENTED_EDGE('',*,*,#4668,.T.);
#6309=ORIENTED_EDGE('',*,*,#4669,.T.);
#6310=ORIENTED_EDGE('',*,*,#4670,.F.);
#6311=ORIENTED_EDGE('',*,*,#4666,.F.);
#6312=ORIENTED_EDGE('',*,*,#4659,.F.);
#6313=ORIENTED_EDGE('',*,*,#4663,.F.);
#6314=ORIENTED_EDGE('',*,*,#4665,.T.);
#6315=ORIENTED_EDGE('',*,*,#4669,.F.);
#6316=ORIENTED_EDGE('',*,*,#4667,.T.);
#6317=ORIENTED_EDGE('',*,*,#4670,.T.);
#6318=ORIENTED_EDGE('',*,*,#4671,.T.);
#6319=ORIENTED_EDGE('',*,*,#4672,.T.);
#6320=ORIENTED_EDGE('',*,*,#4673,.F.);
#6321=ORIENTED_EDGE('',*,*,#4674,.F.);
#6322=ORIENTED_EDGE('',*,*,#4675,.T.);
#6323=ORIENTED_EDGE('',*,*,#4674,.T.);
#6324=ORIENTED_EDGE('',*,*,#4676,.F.);
#6325=ORIENTED_EDGE('',*,*,#4677,.F.);
#6326=ORIENTED_EDGE('',*,*,#4678,.T.);
#6327=ORIENTED_EDGE('',*,*,#4679,.F.);
#6328=ORIENTED_EDGE('',*,*,#4680,.F.);
#6329=ORIENTED_EDGE('',*,*,#4672,.F.);
#6330=ORIENTED_EDGE('',*,*,#4676,.T.);
#6331=ORIENTED_EDGE('',*,*,#4673,.T.);
#6332=ORIENTED_EDGE('',*,*,#4680,.T.);
#6333=ORIENTED_EDGE('',*,*,#4681,.T.);
#6334=ORIENTED_EDGE('',*,*,#4682,.F.);
#6335=ORIENTED_EDGE('',*,*,#4678,.F.);
#6336=ORIENTED_EDGE('',*,*,#4671,.F.);
#6337=ORIENTED_EDGE('',*,*,#4675,.F.);
#6338=ORIENTED_EDGE('',*,*,#4677,.T.);
#6339=ORIENTED_EDGE('',*,*,#4681,.F.);
#6340=ORIENTED_EDGE('',*,*,#4679,.T.);
#6341=ORIENTED_EDGE('',*,*,#4682,.T.);
#6342=ORIENTED_EDGE('',*,*,#4683,.T.);
#6343=ORIENTED_EDGE('',*,*,#4684,.T.);
#6344=ORIENTED_EDGE('',*,*,#4685,.F.);
#6345=ORIENTED_EDGE('',*,*,#4686,.F.);
#6346=ORIENTED_EDGE('',*,*,#4687,.T.);
#6347=ORIENTED_EDGE('',*,*,#4686,.T.);
#6348=ORIENTED_EDGE('',*,*,#4688,.F.);
#6349=ORIENTED_EDGE('',*,*,#4689,.F.);
#6350=ORIENTED_EDGE('',*,*,#4690,.T.);
#6351=ORIENTED_EDGE('',*,*,#4691,.F.);
#6352=ORIENTED_EDGE('',*,*,#4692,.F.);
#6353=ORIENTED_EDGE('',*,*,#4684,.F.);
#6354=ORIENTED_EDGE('',*,*,#4688,.T.);
#6355=ORIENTED_EDGE('',*,*,#4685,.T.);
#6356=ORIENTED_EDGE('',*,*,#4692,.T.);
#6357=ORIENTED_EDGE('',*,*,#4693,.T.);
#6358=ORIENTED_EDGE('',*,*,#4694,.F.);
#6359=ORIENTED_EDGE('',*,*,#4690,.F.);
#6360=ORIENTED_EDGE('',*,*,#4683,.F.);
#6361=ORIENTED_EDGE('',*,*,#4687,.F.);
#6362=ORIENTED_EDGE('',*,*,#4689,.T.);
#6363=ORIENTED_EDGE('',*,*,#4693,.F.);
#6364=ORIENTED_EDGE('',*,*,#4691,.T.);
#6365=ORIENTED_EDGE('',*,*,#4694,.T.);
#6366=ORIENTED_EDGE('',*,*,#4695,.T.);
#6367=ORIENTED_EDGE('',*,*,#4696,.T.);
#6368=ORIENTED_EDGE('',*,*,#4697,.F.);
#6369=ORIENTED_EDGE('',*,*,#4698,.F.);
#6370=ORIENTED_EDGE('',*,*,#4699,.T.);
#6371=ORIENTED_EDGE('',*,*,#4698,.T.);
#6372=ORIENTED_EDGE('',*,*,#4700,.F.);
#6373=ORIENTED_EDGE('',*,*,#4701,.F.);
#6374=ORIENTED_EDGE('',*,*,#4702,.T.);
#6375=ORIENTED_EDGE('',*,*,#4703,.F.);
#6376=ORIENTED_EDGE('',*,*,#4704,.F.);
#6377=ORIENTED_EDGE('',*,*,#4696,.F.);
#6378=ORIENTED_EDGE('',*,*,#4700,.T.);
#6379=ORIENTED_EDGE('',*,*,#4697,.T.);
#6380=ORIENTED_EDGE('',*,*,#4704,.T.);
#6381=ORIENTED_EDGE('',*,*,#4705,.T.);
#6382=ORIENTED_EDGE('',*,*,#4706,.F.);
#6383=ORIENTED_EDGE('',*,*,#4702,.F.);
#6384=ORIENTED_EDGE('',*,*,#4695,.F.);
#6385=ORIENTED_EDGE('',*,*,#4699,.F.);
#6386=ORIENTED_EDGE('',*,*,#4701,.T.);
#6387=ORIENTED_EDGE('',*,*,#4705,.F.);
#6388=ORIENTED_EDGE('',*,*,#4703,.T.);
#6389=ORIENTED_EDGE('',*,*,#4706,.T.);
#6390=ORIENTED_EDGE('',*,*,#4707,.T.);
#6391=ORIENTED_EDGE('',*,*,#4708,.T.);
#6392=ORIENTED_EDGE('',*,*,#4709,.F.);
#6393=ORIENTED_EDGE('',*,*,#4710,.F.);
#6394=ORIENTED_EDGE('',*,*,#4711,.T.);
#6395=ORIENTED_EDGE('',*,*,#4710,.T.);
#6396=ORIENTED_EDGE('',*,*,#4712,.F.);
#6397=ORIENTED_EDGE('',*,*,#4713,.F.);
#6398=ORIENTED_EDGE('',*,*,#4714,.T.);
#6399=ORIENTED_EDGE('',*,*,#4715,.F.);
#6400=ORIENTED_EDGE('',*,*,#4716,.F.);
#6401=ORIENTED_EDGE('',*,*,#4708,.F.);
#6402=ORIENTED_EDGE('',*,*,#4712,.T.);
#6403=ORIENTED_EDGE('',*,*,#4709,.T.);
#6404=ORIENTED_EDGE('',*,*,#4716,.T.);
#6405=ORIENTED_EDGE('',*,*,#4717,.T.);
#6406=ORIENTED_EDGE('',*,*,#4718,.F.);
#6407=ORIENTED_EDGE('',*,*,#4714,.F.);
#6408=ORIENTED_EDGE('',*,*,#4707,.F.);
#6409=ORIENTED_EDGE('',*,*,#4711,.F.);
#6410=ORIENTED_EDGE('',*,*,#4713,.T.);
#6411=ORIENTED_EDGE('',*,*,#4717,.F.);
#6412=ORIENTED_EDGE('',*,*,#4715,.T.);
#6413=ORIENTED_EDGE('',*,*,#4718,.T.);
#6414=ORIENTED_EDGE('',*,*,#4719,.T.);
#6415=ORIENTED_EDGE('',*,*,#4720,.T.);
#6416=ORIENTED_EDGE('',*,*,#4721,.F.);
#6417=ORIENTED_EDGE('',*,*,#4722,.F.);
#6418=ORIENTED_EDGE('',*,*,#4723,.T.);
#6419=ORIENTED_EDGE('',*,*,#4722,.T.);
#6420=ORIENTED_EDGE('',*,*,#4724,.F.);
#6421=ORIENTED_EDGE('',*,*,#4725,.F.);
#6422=ORIENTED_EDGE('',*,*,#4726,.T.);
#6423=ORIENTED_EDGE('',*,*,#4727,.F.);
#6424=ORIENTED_EDGE('',*,*,#4728,.F.);
#6425=ORIENTED_EDGE('',*,*,#4720,.F.);
#6426=ORIENTED_EDGE('',*,*,#4724,.T.);
#6427=ORIENTED_EDGE('',*,*,#4721,.T.);
#6428=ORIENTED_EDGE('',*,*,#4728,.T.);
#6429=ORIENTED_EDGE('',*,*,#4729,.T.);
#6430=ORIENTED_EDGE('',*,*,#4730,.F.);
#6431=ORIENTED_EDGE('',*,*,#4726,.F.);
#6432=ORIENTED_EDGE('',*,*,#4719,.F.);
#6433=ORIENTED_EDGE('',*,*,#4723,.F.);
#6434=ORIENTED_EDGE('',*,*,#4725,.T.);
#6435=ORIENTED_EDGE('',*,*,#4729,.F.);
#6436=ORIENTED_EDGE('',*,*,#4727,.T.);
#6437=ORIENTED_EDGE('',*,*,#4730,.T.);
#6438=ORIENTED_EDGE('',*,*,#4731,.T.);
#6439=ORIENTED_EDGE('',*,*,#4732,.T.);
#6440=ORIENTED_EDGE('',*,*,#4733,.F.);
#6441=ORIENTED_EDGE('',*,*,#4734,.F.);
#6442=ORIENTED_EDGE('',*,*,#4735,.T.);
#6443=ORIENTED_EDGE('',*,*,#4734,.T.);
#6444=ORIENTED_EDGE('',*,*,#4736,.F.);
#6445=ORIENTED_EDGE('',*,*,#4737,.F.);
#6446=ORIENTED_EDGE('',*,*,#4738,.T.);
#6447=ORIENTED_EDGE('',*,*,#4739,.F.);
#6448=ORIENTED_EDGE('',*,*,#4740,.F.);
#6449=ORIENTED_EDGE('',*,*,#4732,.F.);
#6450=ORIENTED_EDGE('',*,*,#4736,.T.);
#6451=ORIENTED_EDGE('',*,*,#4733,.T.);
#6452=ORIENTED_EDGE('',*,*,#4740,.T.);
#6453=ORIENTED_EDGE('',*,*,#4741,.T.);
#6454=ORIENTED_EDGE('',*,*,#4742,.F.);
#6455=ORIENTED_EDGE('',*,*,#4738,.F.);
#6456=ORIENTED_EDGE('',*,*,#4731,.F.);
#6457=ORIENTED_EDGE('',*,*,#4735,.F.);
#6458=ORIENTED_EDGE('',*,*,#4737,.T.);
#6459=ORIENTED_EDGE('',*,*,#4741,.F.);
#6460=ORIENTED_EDGE('',*,*,#4739,.T.);
#6461=ORIENTED_EDGE('',*,*,#4742,.T.);
#6462=ORIENTED_EDGE('',*,*,#4743,.T.);
#6463=ORIENTED_EDGE('',*,*,#4744,.T.);
#6464=ORIENTED_EDGE('',*,*,#4745,.F.);
#6465=ORIENTED_EDGE('',*,*,#4746,.F.);
#6466=ORIENTED_EDGE('',*,*,#4747,.T.);
#6467=ORIENTED_EDGE('',*,*,#4746,.T.);
#6468=ORIENTED_EDGE('',*,*,#4748,.F.);
#6469=ORIENTED_EDGE('',*,*,#4749,.F.);
#6470=ORIENTED_EDGE('',*,*,#4750,.T.);
#6471=ORIENTED_EDGE('',*,*,#4751,.F.);
#6472=ORIENTED_EDGE('',*,*,#4752,.F.);
#6473=ORIENTED_EDGE('',*,*,#4744,.F.);
#6474=ORIENTED_EDGE('',*,*,#4748,.T.);
#6475=ORIENTED_EDGE('',*,*,#4745,.T.);
#6476=ORIENTED_EDGE('',*,*,#4752,.T.);
#6477=ORIENTED_EDGE('',*,*,#4753,.T.);
#6478=ORIENTED_EDGE('',*,*,#4754,.F.);
#6479=ORIENTED_EDGE('',*,*,#4750,.F.);
#6480=ORIENTED_EDGE('',*,*,#4743,.F.);
#6481=ORIENTED_EDGE('',*,*,#4747,.F.);
#6482=ORIENTED_EDGE('',*,*,#4749,.T.);
#6483=ORIENTED_EDGE('',*,*,#4753,.F.);
#6484=ORIENTED_EDGE('',*,*,#4751,.T.);
#6485=ORIENTED_EDGE('',*,*,#4754,.T.);
#6486=ORIENTED_EDGE('',*,*,#4755,.T.);
#6487=ORIENTED_EDGE('',*,*,#4756,.T.);
#6488=ORIENTED_EDGE('',*,*,#4757,.F.);
#6489=ORIENTED_EDGE('',*,*,#4758,.F.);
#6490=ORIENTED_EDGE('',*,*,#4759,.T.);
#6491=ORIENTED_EDGE('',*,*,#4758,.T.);
#6492=ORIENTED_EDGE('',*,*,#4760,.F.);
#6493=ORIENTED_EDGE('',*,*,#4761,.F.);
#6494=ORIENTED_EDGE('',*,*,#4762,.T.);
#6495=ORIENTED_EDGE('',*,*,#4763,.F.);
#6496=ORIENTED_EDGE('',*,*,#4764,.F.);
#6497=ORIENTED_EDGE('',*,*,#4756,.F.);
#6498=ORIENTED_EDGE('',*,*,#4760,.T.);
#6499=ORIENTED_EDGE('',*,*,#4757,.T.);
#6500=ORIENTED_EDGE('',*,*,#4764,.T.);
#6501=ORIENTED_EDGE('',*,*,#4765,.T.);
#6502=ORIENTED_EDGE('',*,*,#4766,.F.);
#6503=ORIENTED_EDGE('',*,*,#4762,.F.);
#6504=ORIENTED_EDGE('',*,*,#4755,.F.);
#6505=ORIENTED_EDGE('',*,*,#4759,.F.);
#6506=ORIENTED_EDGE('',*,*,#4761,.T.);
#6507=ORIENTED_EDGE('',*,*,#4765,.F.);
#6508=ORIENTED_EDGE('',*,*,#4763,.T.);
#6509=ORIENTED_EDGE('',*,*,#4766,.T.);
#6510=ORIENTED_EDGE('',*,*,#4767,.T.);
#6511=ORIENTED_EDGE('',*,*,#4768,.T.);
#6512=ORIENTED_EDGE('',*,*,#4769,.F.);
#6513=ORIENTED_EDGE('',*,*,#4770,.F.);
#6514=ORIENTED_EDGE('',*,*,#4771,.T.);
#6515=ORIENTED_EDGE('',*,*,#4770,.T.);
#6516=ORIENTED_EDGE('',*,*,#4772,.F.);
#6517=ORIENTED_EDGE('',*,*,#4773,.F.);
#6518=ORIENTED_EDGE('',*,*,#4774,.T.);
#6519=ORIENTED_EDGE('',*,*,#4775,.F.);
#6520=ORIENTED_EDGE('',*,*,#4776,.F.);
#6521=ORIENTED_EDGE('',*,*,#4768,.F.);
#6522=ORIENTED_EDGE('',*,*,#4772,.T.);
#6523=ORIENTED_EDGE('',*,*,#4769,.T.);
#6524=ORIENTED_EDGE('',*,*,#4776,.T.);
#6525=ORIENTED_EDGE('',*,*,#4777,.T.);
#6526=ORIENTED_EDGE('',*,*,#4778,.F.);
#6527=ORIENTED_EDGE('',*,*,#4774,.F.);
#6528=ORIENTED_EDGE('',*,*,#4767,.F.);
#6529=ORIENTED_EDGE('',*,*,#4771,.F.);
#6530=ORIENTED_EDGE('',*,*,#4773,.T.);
#6531=ORIENTED_EDGE('',*,*,#4777,.F.);
#6532=ORIENTED_EDGE('',*,*,#4775,.T.);
#6533=ORIENTED_EDGE('',*,*,#4778,.T.);
#6534=ORIENTED_EDGE('',*,*,#4779,.T.);
#6535=ORIENTED_EDGE('',*,*,#4780,.T.);
#6536=ORIENTED_EDGE('',*,*,#4781,.F.);
#6537=ORIENTED_EDGE('',*,*,#4782,.F.);
#6538=ORIENTED_EDGE('',*,*,#4783,.T.);
#6539=ORIENTED_EDGE('',*,*,#4782,.T.);
#6540=ORIENTED_EDGE('',*,*,#4784,.F.);
#6541=ORIENTED_EDGE('',*,*,#4785,.F.);
#6542=ORIENTED_EDGE('',*,*,#4786,.T.);
#6543=ORIENTED_EDGE('',*,*,#4787,.F.);
#6544=ORIENTED_EDGE('',*,*,#4788,.F.);
#6545=ORIENTED_EDGE('',*,*,#4780,.F.);
#6546=ORIENTED_EDGE('',*,*,#4784,.T.);
#6547=ORIENTED_EDGE('',*,*,#4781,.T.);
#6548=ORIENTED_EDGE('',*,*,#4788,.T.);
#6549=ORIENTED_EDGE('',*,*,#4789,.T.);
#6550=ORIENTED_EDGE('',*,*,#4790,.F.);
#6551=ORIENTED_EDGE('',*,*,#4786,.F.);
#6552=ORIENTED_EDGE('',*,*,#4779,.F.);
#6553=ORIENTED_EDGE('',*,*,#4783,.F.);
#6554=ORIENTED_EDGE('',*,*,#4785,.T.);
#6555=ORIENTED_EDGE('',*,*,#4789,.F.);
#6556=ORIENTED_EDGE('',*,*,#4787,.T.);
#6557=ORIENTED_EDGE('',*,*,#4790,.T.);
#6558=ORIENTED_EDGE('',*,*,#4791,.T.);
#6559=ORIENTED_EDGE('',*,*,#4792,.T.);
#6560=ORIENTED_EDGE('',*,*,#4793,.F.);
#6561=ORIENTED_EDGE('',*,*,#4794,.F.);
#6562=ORIENTED_EDGE('',*,*,#4795,.T.);
#6563=ORIENTED_EDGE('',*,*,#4794,.T.);
#6564=ORIENTED_EDGE('',*,*,#4796,.F.);
#6565=ORIENTED_EDGE('',*,*,#4797,.F.);
#6566=ORIENTED_EDGE('',*,*,#4798,.T.);
#6567=ORIENTED_EDGE('',*,*,#4799,.F.);
#6568=ORIENTED_EDGE('',*,*,#4800,.F.);
#6569=ORIENTED_EDGE('',*,*,#4792,.F.);
#6570=ORIENTED_EDGE('',*,*,#4796,.T.);
#6571=ORIENTED_EDGE('',*,*,#4793,.T.);
#6572=ORIENTED_EDGE('',*,*,#4800,.T.);
#6573=ORIENTED_EDGE('',*,*,#4801,.T.);
#6574=ORIENTED_EDGE('',*,*,#4802,.F.);
#6575=ORIENTED_EDGE('',*,*,#4798,.F.);
#6576=ORIENTED_EDGE('',*,*,#4791,.F.);
#6577=ORIENTED_EDGE('',*,*,#4795,.F.);
#6578=ORIENTED_EDGE('',*,*,#4797,.T.);
#6579=ORIENTED_EDGE('',*,*,#4801,.F.);
#6580=ORIENTED_EDGE('',*,*,#4799,.T.);
#6581=ORIENTED_EDGE('',*,*,#4802,.T.);
#6582=ORIENTED_EDGE('',*,*,#4803,.T.);
#6583=ORIENTED_EDGE('',*,*,#4804,.T.);
#6584=ORIENTED_EDGE('',*,*,#4805,.F.);
#6585=ORIENTED_EDGE('',*,*,#4806,.F.);
#6586=ORIENTED_EDGE('',*,*,#4807,.T.);
#6587=ORIENTED_EDGE('',*,*,#4806,.T.);
#6588=ORIENTED_EDGE('',*,*,#4808,.F.);
#6589=ORIENTED_EDGE('',*,*,#4809,.F.);
#6590=ORIENTED_EDGE('',*,*,#4810,.T.);
#6591=ORIENTED_EDGE('',*,*,#4811,.F.);
#6592=ORIENTED_EDGE('',*,*,#4812,.F.);
#6593=ORIENTED_EDGE('',*,*,#4804,.F.);
#6594=ORIENTED_EDGE('',*,*,#4808,.T.);
#6595=ORIENTED_EDGE('',*,*,#4805,.T.);
#6596=ORIENTED_EDGE('',*,*,#4812,.T.);
#6597=ORIENTED_EDGE('',*,*,#4813,.T.);
#6598=ORIENTED_EDGE('',*,*,#4814,.F.);
#6599=ORIENTED_EDGE('',*,*,#4810,.F.);
#6600=ORIENTED_EDGE('',*,*,#4803,.F.);
#6601=ORIENTED_EDGE('',*,*,#4807,.F.);
#6602=ORIENTED_EDGE('',*,*,#4809,.T.);
#6603=ORIENTED_EDGE('',*,*,#4813,.F.);
#6604=ORIENTED_EDGE('',*,*,#4811,.T.);
#6605=ORIENTED_EDGE('',*,*,#4814,.T.);
#6606=ORIENTED_EDGE('',*,*,#4815,.F.);
#6607=ORIENTED_EDGE('',*,*,#4816,.T.);
#6608=ORIENTED_EDGE('',*,*,#4817,.F.);
#6609=ORIENTED_EDGE('',*,*,#4816,.F.);
#6610=ORIENTED_EDGE('',*,*,#4817,.T.);
#6611=ORIENTED_EDGE('',*,*,#4815,.T.);
#6612=ORIENTED_EDGE('',*,*,#4818,.F.);
#6613=ORIENTED_EDGE('',*,*,#4819,.F.);
#6614=ORIENTED_EDGE('',*,*,#4820,.F.);
#6615=ORIENTED_EDGE('',*,*,#4821,.F.);
#6616=ORIENTED_EDGE('',*,*,#4822,.F.);
#6617=ORIENTED_EDGE('',*,*,#4823,.T.);
#6618=ORIENTED_EDGE('',*,*,#4824,.F.);
#6619=ORIENTED_EDGE('',*,*,#4825,.F.);
#6620=ORIENTED_EDGE('',*,*,#4826,.F.);
#6621=ORIENTED_EDGE('',*,*,#4827,.F.);
#6622=ORIENTED_EDGE('',*,*,#4825,.T.);
#6623=ORIENTED_EDGE('',*,*,#4828,.F.);
#6624=ORIENTED_EDGE('',*,*,#4829,.F.);
#6625=ORIENTED_EDGE('',*,*,#4820,.T.);
#6626=ORIENTED_EDGE('',*,*,#4830,.F.);
#6627=ORIENTED_EDGE('',*,*,#4831,.F.);
#6628=ORIENTED_EDGE('',*,*,#4832,.F.);
#6629=ORIENTED_EDGE('',*,*,#4831,.T.);
#6630=ORIENTED_EDGE('',*,*,#4833,.F.);
#6631=ORIENTED_EDGE('',*,*,#4834,.F.);
#6632=ORIENTED_EDGE('',*,*,#4835,.F.);
#6633=ORIENTED_EDGE('',*,*,#4834,.T.);
#6634=ORIENTED_EDGE('',*,*,#4836,.F.);
#6635=ORIENTED_EDGE('',*,*,#4837,.F.);
#6636=ORIENTED_EDGE('',*,*,#4838,.F.);
#6637=ORIENTED_EDGE('',*,*,#4837,.T.);
#6638=ORIENTED_EDGE('',*,*,#4839,.F.);
#6639=ORIENTED_EDGE('',*,*,#4840,.F.);
#6640=ORIENTED_EDGE('',*,*,#4841,.F.);
#6641=ORIENTED_EDGE('',*,*,#4840,.T.);
#6642=ORIENTED_EDGE('',*,*,#4842,.F.);
#6643=ORIENTED_EDGE('',*,*,#4823,.F.);
#6644=ORIENTED_EDGE('',*,*,#4826,.T.);
#6645=ORIENTED_EDGE('',*,*,#4843,.F.);
#6646=ORIENTED_EDGE('',*,*,#4844,.F.);
#6647=ORIENTED_EDGE('',*,*,#4845,.F.);
#6648=ORIENTED_EDGE('',*,*,#4828,.T.);
#6649=ORIENTED_EDGE('',*,*,#4824,.T.);
#6650=ORIENTED_EDGE('',*,*,#4842,.T.);
#6651=ORIENTED_EDGE('',*,*,#4839,.T.);
#6652=ORIENTED_EDGE('',*,*,#4836,.T.);
#6653=ORIENTED_EDGE('',*,*,#4833,.T.);
#6654=ORIENTED_EDGE('',*,*,#4830,.T.);
#6655=ORIENTED_EDGE('',*,*,#4819,.T.);
#6656=ORIENTED_EDGE('',*,*,#4846,.T.);
#6657=ORIENTED_EDGE('',*,*,#4847,.T.);
#6658=ORIENTED_EDGE('',*,*,#4848,.T.);
#6659=ORIENTED_EDGE('',*,*,#4849,.T.);
#6660=ORIENTED_EDGE('',*,*,#4850,.T.);
#6661=ORIENTED_EDGE('',*,*,#4851,.T.);
#6662=ORIENTED_EDGE('',*,*,#4852,.T.);
#6663=ORIENTED_EDGE('',*,*,#4853,.T.);
#6664=ORIENTED_EDGE('',*,*,#4854,.T.);
#6665=ORIENTED_EDGE('',*,*,#4855,.T.);
#6666=ORIENTED_EDGE('',*,*,#4856,.T.);
#6667=ORIENTED_EDGE('',*,*,#4857,.T.);
#6668=ORIENTED_EDGE('',*,*,#4858,.T.);
#6669=ORIENTED_EDGE('',*,*,#4859,.T.);
#6670=ORIENTED_EDGE('',*,*,#4860,.T.);
#6671=ORIENTED_EDGE('',*,*,#4843,.T.);
#6672=ORIENTED_EDGE('',*,*,#4861,.F.);
#6673=ORIENTED_EDGE('',*,*,#4844,.T.);
#6674=ORIENTED_EDGE('',*,*,#4860,.F.);
#6675=ORIENTED_EDGE('',*,*,#4862,.F.);
#6676=ORIENTED_EDGE('',*,*,#4863,.F.);
#6677=ORIENTED_EDGE('',*,*,#4862,.T.);
#6678=ORIENTED_EDGE('',*,*,#4859,.F.);
#6679=ORIENTED_EDGE('',*,*,#4864,.F.);
#6680=ORIENTED_EDGE('',*,*,#4865,.F.);
#6681=ORIENTED_EDGE('',*,*,#4864,.T.);
#6682=ORIENTED_EDGE('',*,*,#4858,.F.);
#6683=ORIENTED_EDGE('',*,*,#4866,.F.);
#6684=ORIENTED_EDGE('',*,*,#4867,.F.);
#6685=ORIENTED_EDGE('',*,*,#4866,.T.);
#6686=ORIENTED_EDGE('',*,*,#4857,.F.);
#6687=ORIENTED_EDGE('',*,*,#4868,.F.);
#6688=ORIENTED_EDGE('',*,*,#4869,.F.);
#6689=ORIENTED_EDGE('',*,*,#4868,.T.);
#6690=ORIENTED_EDGE('',*,*,#4856,.F.);
#6691=ORIENTED_EDGE('',*,*,#4870,.F.);
#6692=ORIENTED_EDGE('',*,*,#4871,.F.);
#6693=ORIENTED_EDGE('',*,*,#4870,.T.);
#6694=ORIENTED_EDGE('',*,*,#4855,.F.);
#6695=ORIENTED_EDGE('',*,*,#4872,.F.);
#6696=ORIENTED_EDGE('',*,*,#4873,.F.);
#6697=ORIENTED_EDGE('',*,*,#4872,.T.);
#6698=ORIENTED_EDGE('',*,*,#4854,.F.);
#6699=ORIENTED_EDGE('',*,*,#4874,.F.);
#6700=ORIENTED_EDGE('',*,*,#4875,.F.);
#6701=ORIENTED_EDGE('',*,*,#4874,.T.);
#6702=ORIENTED_EDGE('',*,*,#4853,.F.);
#6703=ORIENTED_EDGE('',*,*,#4876,.F.);
#6704=ORIENTED_EDGE('',*,*,#4877,.F.);
#6705=ORIENTED_EDGE('',*,*,#4876,.T.);
#6706=ORIENTED_EDGE('',*,*,#4852,.F.);
#6707=ORIENTED_EDGE('',*,*,#4878,.F.);
#6708=ORIENTED_EDGE('',*,*,#4879,.F.);
#6709=ORIENTED_EDGE('',*,*,#4878,.T.);
#6710=ORIENTED_EDGE('',*,*,#4851,.F.);
#6711=ORIENTED_EDGE('',*,*,#4880,.F.);
#6712=ORIENTED_EDGE('',*,*,#4881,.F.);
#6713=ORIENTED_EDGE('',*,*,#4880,.T.);
#6714=ORIENTED_EDGE('',*,*,#4850,.F.);
#6715=ORIENTED_EDGE('',*,*,#4882,.F.);
#6716=ORIENTED_EDGE('',*,*,#4883,.F.);
#6717=ORIENTED_EDGE('',*,*,#4882,.T.);
#6718=ORIENTED_EDGE('',*,*,#4849,.F.);
#6719=ORIENTED_EDGE('',*,*,#4884,.F.);
#6720=ORIENTED_EDGE('',*,*,#4885,.F.);
#6721=ORIENTED_EDGE('',*,*,#4884,.T.);
#6722=ORIENTED_EDGE('',*,*,#4848,.F.);
#6723=ORIENTED_EDGE('',*,*,#4886,.F.);
#6724=ORIENTED_EDGE('',*,*,#4887,.F.);
#6725=ORIENTED_EDGE('',*,*,#4886,.T.);
#6726=ORIENTED_EDGE('',*,*,#4847,.F.);
#6727=ORIENTED_EDGE('',*,*,#4888,.F.);
#6728=ORIENTED_EDGE('',*,*,#4818,.T.);
#6729=ORIENTED_EDGE('',*,*,#4889,.F.);
#6730=ORIENTED_EDGE('',*,*,#4888,.T.);
#6731=ORIENTED_EDGE('',*,*,#4846,.F.);
#6732=ORIENTED_EDGE('',*,*,#4845,.T.);
#6733=ORIENTED_EDGE('',*,*,#4861,.T.);
#6734=ORIENTED_EDGE('',*,*,#4863,.T.);
#6735=ORIENTED_EDGE('',*,*,#4865,.T.);
#6736=ORIENTED_EDGE('',*,*,#4867,.T.);
#6737=ORIENTED_EDGE('',*,*,#4869,.T.);
#6738=ORIENTED_EDGE('',*,*,#4871,.T.);
#6739=ORIENTED_EDGE('',*,*,#4873,.T.);
#6740=ORIENTED_EDGE('',*,*,#4875,.T.);
#6741=ORIENTED_EDGE('',*,*,#4877,.T.);
#6742=ORIENTED_EDGE('',*,*,#4879,.T.);
#6743=ORIENTED_EDGE('',*,*,#4881,.T.);
#6744=ORIENTED_EDGE('',*,*,#4883,.T.);
#6745=ORIENTED_EDGE('',*,*,#4885,.T.);
#6746=ORIENTED_EDGE('',*,*,#4887,.T.);
#6747=ORIENTED_EDGE('',*,*,#4889,.T.);
#6748=ORIENTED_EDGE('',*,*,#4821,.T.);
#6749=ORIENTED_EDGE('',*,*,#4829,.T.);
#6750=ORIENTED_EDGE('',*,*,#4832,.T.);
#6751=ORIENTED_EDGE('',*,*,#4835,.T.);
#6752=ORIENTED_EDGE('',*,*,#4838,.T.);
#6753=ORIENTED_EDGE('',*,*,#4841,.T.);
#6754=ORIENTED_EDGE('',*,*,#4822,.T.);
#6755=ORIENTED_EDGE('',*,*,#4827,.T.);
#6756=ORIENTED_EDGE('',*,*,#4890,.F.);
#6757=ORIENTED_EDGE('',*,*,#4891,.T.);
#6758=ORIENTED_EDGE('',*,*,#4892,.F.);
#6759=ORIENTED_EDGE('',*,*,#4893,.F.);
#6760=ORIENTED_EDGE('',*,*,#4894,.F.);
#6761=ORIENTED_EDGE('',*,*,#4895,.T.);
#6762=ORIENTED_EDGE('',*,*,#4896,.F.);
#6763=ORIENTED_EDGE('',*,*,#4891,.F.);
#6764=ORIENTED_EDGE('',*,*,#4897,.F.);
#6765=ORIENTED_EDGE('',*,*,#4898,.T.);
#6766=ORIENTED_EDGE('',*,*,#4899,.F.);
#6767=ORIENTED_EDGE('',*,*,#4895,.F.);
#6768=ORIENTED_EDGE('',*,*,#4900,.F.);
#6769=ORIENTED_EDGE('',*,*,#4901,.T.);
#6770=ORIENTED_EDGE('',*,*,#4902,.F.);
#6771=ORIENTED_EDGE('',*,*,#4898,.F.);
#6772=ORIENTED_EDGE('',*,*,#4903,.F.);
#6773=ORIENTED_EDGE('',*,*,#4904,.T.);
#6774=ORIENTED_EDGE('',*,*,#4905,.F.);
#6775=ORIENTED_EDGE('',*,*,#4901,.F.);
#6776=ORIENTED_EDGE('',*,*,#4906,.F.);
#6777=ORIENTED_EDGE('',*,*,#4907,.T.);
#6778=ORIENTED_EDGE('',*,*,#4908,.F.);
#6779=ORIENTED_EDGE('',*,*,#4904,.F.);
#6780=ORIENTED_EDGE('',*,*,#4909,.F.);
#6781=ORIENTED_EDGE('',*,*,#4893,.T.);
#6782=ORIENTED_EDGE('',*,*,#4910,.F.);
#6783=ORIENTED_EDGE('',*,*,#4907,.F.);
#6784=ORIENTED_EDGE('',*,*,#4911,.F.);
#6785=ORIENTED_EDGE('',*,*,#4912,.T.);
#6786=ORIENTED_EDGE('',*,*,#4913,.F.);
#6787=ORIENTED_EDGE('',*,*,#4914,.F.);
#6788=ORIENTED_EDGE('',*,*,#4915,.F.);
#6789=ORIENTED_EDGE('',*,*,#4914,.T.);
#6790=ORIENTED_EDGE('',*,*,#4916,.F.);
#6791=ORIENTED_EDGE('',*,*,#4917,.F.);
#6792=ORIENTED_EDGE('',*,*,#4918,.F.);
#6793=ORIENTED_EDGE('',*,*,#4917,.T.);
#6794=ORIENTED_EDGE('',*,*,#4919,.F.);
#6795=ORIENTED_EDGE('',*,*,#4920,.F.);
#6796=ORIENTED_EDGE('',*,*,#4921,.F.);
#6797=ORIENTED_EDGE('',*,*,#4920,.T.);
#6798=ORIENTED_EDGE('',*,*,#4922,.F.);
#6799=ORIENTED_EDGE('',*,*,#4923,.F.);
#6800=ORIENTED_EDGE('',*,*,#4924,.F.);
#6801=ORIENTED_EDGE('',*,*,#4923,.T.);
#6802=ORIENTED_EDGE('',*,*,#4925,.F.);
#6803=ORIENTED_EDGE('',*,*,#4926,.F.);
#6804=ORIENTED_EDGE('',*,*,#4927,.F.);
#6805=ORIENTED_EDGE('',*,*,#4926,.T.);
#6806=ORIENTED_EDGE('',*,*,#4928,.F.);
#6807=ORIENTED_EDGE('',*,*,#4929,.F.);
#6808=ORIENTED_EDGE('',*,*,#4930,.F.);
#6809=ORIENTED_EDGE('',*,*,#4929,.T.);
#6810=ORIENTED_EDGE('',*,*,#4931,.F.);
#6811=ORIENTED_EDGE('',*,*,#4912,.F.);
#6812=ORIENTED_EDGE('',*,*,#4930,.T.);
#6813=ORIENTED_EDGE('',*,*,#4911,.T.);
#6814=ORIENTED_EDGE('',*,*,#4915,.T.);
#6815=ORIENTED_EDGE('',*,*,#4918,.T.);
#6816=ORIENTED_EDGE('',*,*,#4921,.T.);
#6817=ORIENTED_EDGE('',*,*,#4924,.T.);
#6818=ORIENTED_EDGE('',*,*,#4927,.T.);
#6819=ORIENTED_EDGE('',*,*,#4890,.T.);
#6820=ORIENTED_EDGE('',*,*,#4909,.T.);
#6821=ORIENTED_EDGE('',*,*,#4906,.T.);
#6822=ORIENTED_EDGE('',*,*,#4903,.T.);
#6823=ORIENTED_EDGE('',*,*,#4900,.T.);
#6824=ORIENTED_EDGE('',*,*,#4897,.T.);
#6825=ORIENTED_EDGE('',*,*,#4894,.T.);
#6826=ORIENTED_EDGE('',*,*,#4931,.T.);
#6827=ORIENTED_EDGE('',*,*,#4928,.T.);
#6828=ORIENTED_EDGE('',*,*,#4925,.T.);
#6829=ORIENTED_EDGE('',*,*,#4922,.T.);
#6830=ORIENTED_EDGE('',*,*,#4919,.T.);
#6831=ORIENTED_EDGE('',*,*,#4916,.T.);
#6832=ORIENTED_EDGE('',*,*,#4913,.T.);
#6833=ORIENTED_EDGE('',*,*,#4892,.T.);
#6834=ORIENTED_EDGE('',*,*,#4896,.T.);
#6835=ORIENTED_EDGE('',*,*,#4899,.T.);
#6836=ORIENTED_EDGE('',*,*,#4902,.T.);
#6837=ORIENTED_EDGE('',*,*,#4905,.T.);
#6838=ORIENTED_EDGE('',*,*,#4908,.T.);
#6839=ORIENTED_EDGE('',*,*,#4910,.T.);
#6840=ORIENTED_EDGE('',*,*,#4932,.F.);
#6841=ORIENTED_EDGE('',*,*,#4933,.T.);
#6842=ORIENTED_EDGE('',*,*,#4934,.F.);
#6843=ORIENTED_EDGE('',*,*,#4935,.F.);
#6844=ORIENTED_EDGE('',*,*,#4936,.F.);
#6845=ORIENTED_EDGE('',*,*,#4935,.T.);
#6846=ORIENTED_EDGE('',*,*,#4937,.F.);
#6847=ORIENTED_EDGE('',*,*,#4938,.F.);
#6848=ORIENTED_EDGE('',*,*,#4939,.F.);
#6849=ORIENTED_EDGE('',*,*,#4938,.T.);
#6850=ORIENTED_EDGE('',*,*,#4940,.F.);
#6851=ORIENTED_EDGE('',*,*,#4941,.F.);
#6852=ORIENTED_EDGE('',*,*,#4942,.F.);
#6853=ORIENTED_EDGE('',*,*,#4941,.T.);
#6854=ORIENTED_EDGE('',*,*,#4943,.F.);
#6855=ORIENTED_EDGE('',*,*,#4944,.F.);
#6856=ORIENTED_EDGE('',*,*,#4945,.F.);
#6857=ORIENTED_EDGE('',*,*,#4944,.T.);
#6858=ORIENTED_EDGE('',*,*,#4946,.F.);
#6859=ORIENTED_EDGE('',*,*,#4947,.F.);
#6860=ORIENTED_EDGE('',*,*,#4948,.F.);
#6861=ORIENTED_EDGE('',*,*,#4947,.T.);
#6862=ORIENTED_EDGE('',*,*,#4949,.F.);
#6863=ORIENTED_EDGE('',*,*,#4950,.F.);
#6864=ORIENTED_EDGE('',*,*,#4951,.F.);
#6865=ORIENTED_EDGE('',*,*,#4950,.T.);
#6866=ORIENTED_EDGE('',*,*,#4952,.F.);
#6867=ORIENTED_EDGE('',*,*,#4953,.F.);
#6868=ORIENTED_EDGE('',*,*,#4954,.F.);
#6869=ORIENTED_EDGE('',*,*,#4953,.T.);
#6870=ORIENTED_EDGE('',*,*,#4955,.F.);
#6871=ORIENTED_EDGE('',*,*,#4956,.F.);
#6872=ORIENTED_EDGE('',*,*,#4957,.F.);
#6873=ORIENTED_EDGE('',*,*,#4956,.T.);
#6874=ORIENTED_EDGE('',*,*,#4958,.F.);
#6875=ORIENTED_EDGE('',*,*,#4959,.F.);
#6876=ORIENTED_EDGE('',*,*,#4960,.F.);
#6877=ORIENTED_EDGE('',*,*,#4959,.T.);
#6878=ORIENTED_EDGE('',*,*,#4961,.F.);
#6879=ORIENTED_EDGE('',*,*,#4962,.F.);
#6880=ORIENTED_EDGE('',*,*,#4963,.F.);
#6881=ORIENTED_EDGE('',*,*,#4962,.T.);
#6882=ORIENTED_EDGE('',*,*,#4964,.F.);
#6883=ORIENTED_EDGE('',*,*,#4965,.F.);
#6884=ORIENTED_EDGE('',*,*,#4966,.F.);
#6885=ORIENTED_EDGE('',*,*,#4965,.T.);
#6886=ORIENTED_EDGE('',*,*,#4967,.F.);
#6887=ORIENTED_EDGE('',*,*,#4933,.F.);
#6888=ORIENTED_EDGE('',*,*,#4966,.T.);
#6889=ORIENTED_EDGE('',*,*,#4932,.T.);
#6890=ORIENTED_EDGE('',*,*,#4936,.T.);
#6891=ORIENTED_EDGE('',*,*,#4939,.T.);
#6892=ORIENTED_EDGE('',*,*,#4942,.T.);
#6893=ORIENTED_EDGE('',*,*,#4945,.T.);
#6894=ORIENTED_EDGE('',*,*,#4948,.T.);
#6895=ORIENTED_EDGE('',*,*,#4951,.T.);
#6896=ORIENTED_EDGE('',*,*,#4954,.T.);
#6897=ORIENTED_EDGE('',*,*,#4957,.T.);
#6898=ORIENTED_EDGE('',*,*,#4960,.T.);
#6899=ORIENTED_EDGE('',*,*,#4963,.T.);
#6900=ORIENTED_EDGE('',*,*,#4967,.T.);
#6901=ORIENTED_EDGE('',*,*,#4964,.T.);
#6902=ORIENTED_EDGE('',*,*,#4961,.T.);
#6903=ORIENTED_EDGE('',*,*,#4958,.T.);
#6904=ORIENTED_EDGE('',*,*,#4955,.T.);
#6905=ORIENTED_EDGE('',*,*,#4952,.T.);
#6906=ORIENTED_EDGE('',*,*,#4949,.T.);
#6907=ORIENTED_EDGE('',*,*,#4946,.T.);
#6908=ORIENTED_EDGE('',*,*,#4943,.T.);
#6909=ORIENTED_EDGE('',*,*,#4940,.T.);
#6910=ORIENTED_EDGE('',*,*,#4937,.T.);
#6911=ORIENTED_EDGE('',*,*,#4934,.T.);
#6912=SPHERICAL_SURFACE('',#7567,0.15);
#6913=SPHERICAL_SURFACE('',#7573,0.15);
#6914=SPHERICAL_SURFACE('',#7579,0.15);
#6915=SPHERICAL_SURFACE('',#7586,0.15);
#6916=ADVANCED_FACE('',(#2268),#6912,.T.);
#6917=ADVANCED_FACE('',(#2269),#2195,.T.);
#6918=ADVANCED_FACE('',(#2270),#6913,.T.);
#6919=ADVANCED_FACE('',(#2271),#2196,.T.);
#6920=ADVANCED_FACE('',(#2272),#6914,.T.);
#6921=ADVANCED_FACE('',(#2273),#2197,.T.);
#6922=ADVANCED_FACE('',(#2274),#2198,.T.);
#6923=ADVANCED_FACE('',(#2275),#6915,.T.);
#6924=ADVANCED_FACE('',(#2276),#2199,.T.);
#6925=ADVANCED_FACE('',(#2277),#2200,.T.);
#6926=ADVANCED_FACE('',(#2278),#2201,.T.);
#6927=ADVANCED_FACE('',(#2279),#2202,.T.);
#6928=ADVANCED_FACE('',(#2280),#214,.T.);
#6929=ADVANCED_FACE('',(#2281),#215,.T.);
#6930=ADVANCED_FACE('',(#2282),#216,.T.);
#6931=ADVANCED_FACE('',(#2283),#217,.T.);
#6932=ADVANCED_FACE('',(#2284),#218,.T.);
#6933=ADVANCED_FACE('',(#2285),#219,.F.);
#6934=ADVANCED_FACE('',(#2286),#220,.T.);
#6935=ADVANCED_FACE('',(#2287),#221,.F.);
#6936=ADVANCED_FACE('',(#2288),#222,.T.);
#6937=ADVANCED_FACE('',(#2289),#223,.T.);
#6938=ADVANCED_FACE('',(#2290),#224,.T.);
#6939=ADVANCED_FACE('',(#2291),#225,.T.);
#6940=ADVANCED_FACE('',(#2292),#226,.T.);
#6941=ADVANCED_FACE('',(#2293),#227,.T.);
#6942=ADVANCED_FACE('',(#2294),#228,.T.);
#6943=ADVANCED_FACE('',(#2295),#229,.T.);
#6944=ADVANCED_FACE('',(#2296),#230,.T.);
#6945=ADVANCED_FACE('',(#2297),#231,.F.);
#6946=ADVANCED_FACE('',(#2298),#2203,.T.);
#6947=ADVANCED_FACE('',(#2299),#232,.T.);
#6948=ADVANCED_FACE('',(#2300),#233,.T.);
#6949=ADVANCED_FACE('',(#2301),#234,.T.);
#6950=ADVANCED_FACE('',(#2302),#235,.T.);
#6951=ADVANCED_FACE('',(#2303),#236,.F.);
#6952=ADVANCED_FACE('',(#2304),#2204,.T.);
#6953=ADVANCED_FACE('',(#2305),#237,.T.);
#6954=ADVANCED_FACE('',(#2306),#238,.T.);
#6955=ADVANCED_FACE('',(#2307),#239,.T.);
#6956=ADVANCED_FACE('',(#2308),#240,.T.);
#6957=ADVANCED_FACE('',(#2309),#241,.F.);
#6958=ADVANCED_FACE('',(#2310),#2205,.T.);
#6959=ADVANCED_FACE('',(#2311),#242,.T.);
#6960=ADVANCED_FACE('',(#2312),#243,.T.);
#6961=ADVANCED_FACE('',(#2313),#244,.T.);
#6962=ADVANCED_FACE('',(#2314),#245,.T.);
#6963=ADVANCED_FACE('',(#2315),#246,.F.);
#6964=ADVANCED_FACE('',(#2316),#2206,.T.);
#6965=ADVANCED_FACE('',(#2317),#247,.T.);
#6966=ADVANCED_FACE('',(#2318),#248,.T.);
#6967=ADVANCED_FACE('',(#2319),#249,.T.);
#6968=ADVANCED_FACE('',(#2320),#250,.T.);
#6969=ADVANCED_FACE('',(#2321),#251,.F.);
#6970=ADVANCED_FACE('',(#2322),#2207,.T.);
#6971=ADVANCED_FACE('',(#2323),#252,.T.);
#6972=ADVANCED_FACE('',(#2324),#253,.T.);
#6973=ADVANCED_FACE('',(#2325),#254,.T.);
#6974=ADVANCED_FACE('',(#2326),#255,.T.);
#6975=ADVANCED_FACE('',(#2327),#256,.F.);
#6976=ADVANCED_FACE('',(#2328),#2208,.T.);
#6977=ADVANCED_FACE('',(#2329),#257,.T.);
#6978=ADVANCED_FACE('',(#2330),#258,.T.);
#6979=ADVANCED_FACE('',(#2331),#259,.T.);
#6980=ADVANCED_FACE('',(#2332),#260,.T.);
#6981=ADVANCED_FACE('',(#2333),#261,.F.);
#6982=ADVANCED_FACE('',(#2334),#2209,.T.);
#6983=ADVANCED_FACE('',(#2335),#262,.T.);
#6984=ADVANCED_FACE('',(#2336),#263,.T.);
#6985=ADVANCED_FACE('',(#2337),#264,.T.);
#6986=ADVANCED_FACE('',(#2338),#265,.T.);
#6987=ADVANCED_FACE('',(#2339),#266,.F.);
#6988=ADVANCED_FACE('',(#2340),#2210,.T.);
#6989=ADVANCED_FACE('',(#2341),#267,.T.);
#6990=ADVANCED_FACE('',(#2342),#268,.T.);
#6991=ADVANCED_FACE('',(#2343),#269,.T.);
#6992=ADVANCED_FACE('',(#2344),#270,.T.);
#6993=ADVANCED_FACE('',(#2345),#271,.F.);
#6994=ADVANCED_FACE('',(#2346),#2211,.T.);
#6995=ADVANCED_FACE('',(#2347),#272,.T.);
#6996=ADVANCED_FACE('',(#2348),#273,.T.);
#6997=ADVANCED_FACE('',(#2349),#274,.T.);
#6998=ADVANCED_FACE('',(#2350),#275,.T.);
#6999=ADVANCED_FACE('',(#2351),#276,.F.);
#7000=ADVANCED_FACE('',(#2352),#2212,.T.);
#7001=ADVANCED_FACE('',(#2353),#277,.T.);
#7002=ADVANCED_FACE('',(#2354),#278,.T.);
#7003=ADVANCED_FACE('',(#2355),#279,.T.);
#7004=ADVANCED_FACE('',(#2356),#280,.T.);
#7005=ADVANCED_FACE('',(#2357),#281,.F.);
#7006=ADVANCED_FACE('',(#2358),#2213,.T.);
#7007=ADVANCED_FACE('',(#2359),#282,.T.);
#7008=ADVANCED_FACE('',(#2360),#283,.T.);
#7009=ADVANCED_FACE('',(#2361),#284,.T.);
#7010=ADVANCED_FACE('',(#2362),#285,.T.);
#7011=ADVANCED_FACE('',(#2363),#286,.F.);
#7012=ADVANCED_FACE('',(#2364),#2214,.T.);
#7013=ADVANCED_FACE('',(#2365),#287,.T.);
#7014=ADVANCED_FACE('',(#2366),#288,.T.);
#7015=ADVANCED_FACE('',(#2367),#289,.T.);
#7016=ADVANCED_FACE('',(#2368),#290,.T.);
#7017=ADVANCED_FACE('',(#2369),#291,.F.);
#7018=ADVANCED_FACE('',(#2370),#2215,.T.);
#7019=ADVANCED_FACE('',(#2371),#292,.T.);
#7020=ADVANCED_FACE('',(#2372),#293,.T.);
#7021=ADVANCED_FACE('',(#2373),#294,.T.);
#7022=ADVANCED_FACE('',(#2374),#295,.T.);
#7023=ADVANCED_FACE('',(#2375),#296,.F.);
#7024=ADVANCED_FACE('',(#2376),#2216,.T.);
#7025=ADVANCED_FACE('',(#2377),#297,.T.);
#7026=ADVANCED_FACE('',(#2378),#298,.T.);
#7027=ADVANCED_FACE('',(#2379),#299,.T.);
#7028=ADVANCED_FACE('',(#2380),#300,.T.);
#7029=ADVANCED_FACE('',(#2381),#301,.F.);
#7030=ADVANCED_FACE('',(#2382),#2217,.T.);
#7031=ADVANCED_FACE('',(#2383),#302,.T.);
#7032=ADVANCED_FACE('',(#2384),#303,.T.);
#7033=ADVANCED_FACE('',(#2385),#304,.T.);
#7034=ADVANCED_FACE('',(#2386),#305,.T.);
#7035=ADVANCED_FACE('',(#2387),#306,.F.);
#7036=ADVANCED_FACE('',(#2388),#2218,.T.);
#7037=ADVANCED_FACE('',(#2389),#307,.T.);
#7038=ADVANCED_FACE('',(#2390),#308,.T.);
#7039=ADVANCED_FACE('',(#2391),#309,.T.);
#7040=ADVANCED_FACE('',(#2392),#310,.T.);
#7041=ADVANCED_FACE('',(#2393),#311,.F.);
#7042=ADVANCED_FACE('',(#2394),#2219,.T.);
#7043=ADVANCED_FACE('',(#2395),#312,.T.);
#7044=ADVANCED_FACE('',(#2396),#313,.T.);
#7045=ADVANCED_FACE('',(#2397),#314,.T.);
#7046=ADVANCED_FACE('',(#2398),#315,.T.);
#7047=ADVANCED_FACE('',(#2399),#316,.F.);
#7048=ADVANCED_FACE('',(#2400),#2220,.T.);
#7049=ADVANCED_FACE('',(#2401),#317,.T.);
#7050=ADVANCED_FACE('',(#2402),#318,.T.);
#7051=ADVANCED_FACE('',(#2403),#319,.T.);
#7052=ADVANCED_FACE('',(#2404),#320,.T.);
#7053=ADVANCED_FACE('',(#2405),#321,.F.);
#7054=ADVANCED_FACE('',(#2406),#2221,.T.);
#7055=ADVANCED_FACE('',(#2407),#322,.T.);
#7056=ADVANCED_FACE('',(#2408),#323,.T.);
#7057=ADVANCED_FACE('',(#2409),#324,.T.);
#7058=ADVANCED_FACE('',(#2410),#325,.T.);
#7059=ADVANCED_FACE('',(#2411),#326,.F.);
#7060=ADVANCED_FACE('',(#2412),#2222,.T.);
#7061=ADVANCED_FACE('',(#2413),#327,.T.);
#7062=ADVANCED_FACE('',(#2414),#328,.T.);
#7063=ADVANCED_FACE('',(#2415),#329,.T.);
#7064=ADVANCED_FACE('',(#2416),#330,.T.);
#7065=ADVANCED_FACE('',(#2417),#331,.F.);
#7066=ADVANCED_FACE('',(#2418),#2223,.T.);
#7067=ADVANCED_FACE('',(#2419),#332,.T.);
#7068=ADVANCED_FACE('',(#2420),#333,.T.);
#7069=ADVANCED_FACE('',(#2421),#334,.T.);
#7070=ADVANCED_FACE('',(#2422),#335,.T.);
#7071=ADVANCED_FACE('',(#2423),#336,.F.);
#7072=ADVANCED_FACE('',(#2424),#2224,.T.);
#7073=ADVANCED_FACE('',(#2425),#337,.T.);
#7074=ADVANCED_FACE('',(#2426),#338,.T.);
#7075=ADVANCED_FACE('',(#2427),#339,.T.);
#7076=ADVANCED_FACE('',(#2428),#340,.T.);
#7077=ADVANCED_FACE('',(#2429),#341,.F.);
#7078=ADVANCED_FACE('',(#2430),#2225,.T.);
#7079=ADVANCED_FACE('',(#2431),#342,.T.);
#7080=ADVANCED_FACE('',(#2432),#343,.T.);
#7081=ADVANCED_FACE('',(#2433),#344,.T.);
#7082=ADVANCED_FACE('',(#2434),#345,.T.);
#7083=ADVANCED_FACE('',(#2435),#346,.F.);
#7084=ADVANCED_FACE('',(#2436),#2226,.T.);
#7085=ADVANCED_FACE('',(#2437),#347,.T.);
#7086=ADVANCED_FACE('',(#2438),#348,.T.);
#7087=ADVANCED_FACE('',(#2439),#349,.T.);
#7088=ADVANCED_FACE('',(#2440),#350,.T.);
#7089=ADVANCED_FACE('',(#2441),#351,.F.);
#7090=ADVANCED_FACE('',(#2442),#2227,.T.);
#7091=ADVANCED_FACE('',(#2443),#352,.T.);
#7092=ADVANCED_FACE('',(#2444),#353,.T.);
#7093=ADVANCED_FACE('',(#2445),#354,.T.);
#7094=ADVANCED_FACE('',(#2446),#355,.T.);
#7095=ADVANCED_FACE('',(#2447),#356,.F.);
#7096=ADVANCED_FACE('',(#2448),#2228,.T.);
#7097=ADVANCED_FACE('',(#2449),#357,.T.);
#7098=ADVANCED_FACE('',(#2450),#358,.T.);
#7099=ADVANCED_FACE('',(#2451),#359,.T.);
#7100=ADVANCED_FACE('',(#2452),#360,.T.);
#7101=ADVANCED_FACE('',(#2453),#361,.F.);
#7102=ADVANCED_FACE('',(#2454),#2229,.T.);
#7103=ADVANCED_FACE('',(#2455),#362,.T.);
#7104=ADVANCED_FACE('',(#2456),#363,.T.);
#7105=ADVANCED_FACE('',(#2457),#364,.T.);
#7106=ADVANCED_FACE('',(#2458),#365,.T.);
#7107=ADVANCED_FACE('',(#2459),#366,.F.);
#7108=ADVANCED_FACE('',(#2460),#2230,.T.);
#7109=ADVANCED_FACE('',(#2461),#367,.T.);
#7110=ADVANCED_FACE('',(#2462),#368,.T.);
#7111=ADVANCED_FACE('',(#2463),#369,.T.);
#7112=ADVANCED_FACE('',(#2464),#370,.T.);
#7113=ADVANCED_FACE('',(#2465),#371,.F.);
#7114=ADVANCED_FACE('',(#2466),#2231,.T.);
#7115=ADVANCED_FACE('',(#2467),#372,.T.);
#7116=ADVANCED_FACE('',(#2468),#373,.T.);
#7117=ADVANCED_FACE('',(#2469),#374,.T.);
#7118=ADVANCED_FACE('',(#2470),#375,.T.);
#7119=ADVANCED_FACE('',(#2471),#376,.F.);
#7120=ADVANCED_FACE('',(#2472),#2232,.T.);
#7121=ADVANCED_FACE('',(#2473),#377,.T.);
#7122=ADVANCED_FACE('',(#2474),#378,.T.);
#7123=ADVANCED_FACE('',(#2475),#379,.T.);
#7124=ADVANCED_FACE('',(#2476),#380,.T.);
#7125=ADVANCED_FACE('',(#2477),#381,.F.);
#7126=ADVANCED_FACE('',(#2478),#2233,.T.);
#7127=ADVANCED_FACE('',(#2479),#382,.T.);
#7128=ADVANCED_FACE('',(#2480),#383,.T.);
#7129=ADVANCED_FACE('',(#2481),#384,.T.);
#7130=ADVANCED_FACE('',(#2482),#385,.T.);
#7131=ADVANCED_FACE('',(#2483),#386,.F.);
#7132=ADVANCED_FACE('',(#2484),#2234,.T.);
#7133=ADVANCED_FACE('',(#2485),#387,.T.);
#7134=ADVANCED_FACE('',(#2486),#388,.T.);
#7135=ADVANCED_FACE('',(#2487),#389,.T.);
#7136=ADVANCED_FACE('',(#2488),#390,.T.);
#7137=ADVANCED_FACE('',(#2489),#391,.F.);
#7138=ADVANCED_FACE('',(#2490),#2235,.T.);
#7139=ADVANCED_FACE('',(#2491),#392,.T.);
#7140=ADVANCED_FACE('',(#2492),#393,.T.);
#7141=ADVANCED_FACE('',(#2493),#394,.T.);
#7142=ADVANCED_FACE('',(#2494),#395,.T.);
#7143=ADVANCED_FACE('',(#2495),#396,.F.);
#7144=ADVANCED_FACE('',(#2496),#2236,.T.);
#7145=ADVANCED_FACE('',(#2497),#397,.T.);
#7146=ADVANCED_FACE('',(#2498),#398,.T.);
#7147=ADVANCED_FACE('',(#2499),#399,.T.);
#7148=ADVANCED_FACE('',(#2500),#400,.T.);
#7149=ADVANCED_FACE('',(#2501),#401,.F.);
#7150=ADVANCED_FACE('',(#2502),#2237,.T.);
#7151=ADVANCED_FACE('',(#2503),#402,.T.);
#7152=ADVANCED_FACE('',(#2504),#403,.T.);
#7153=ADVANCED_FACE('',(#2505),#404,.T.);
#7154=ADVANCED_FACE('',(#2506),#405,.T.);
#7155=ADVANCED_FACE('',(#2507),#406,.F.);
#7156=ADVANCED_FACE('',(#2508),#2238,.T.);
#7157=ADVANCED_FACE('',(#2509),#407,.T.);
#7158=ADVANCED_FACE('',(#2510),#408,.T.);
#7159=ADVANCED_FACE('',(#2511),#409,.T.);
#7160=ADVANCED_FACE('',(#2512),#410,.T.);
#7161=ADVANCED_FACE('',(#2513),#411,.F.);
#7162=ADVANCED_FACE('',(#2514),#2239,.T.);
#7163=ADVANCED_FACE('',(#2515),#412,.T.);
#7164=ADVANCED_FACE('',(#2516),#413,.T.);
#7165=ADVANCED_FACE('',(#2517),#414,.T.);
#7166=ADVANCED_FACE('',(#2518),#415,.T.);
#7167=ADVANCED_FACE('',(#2519),#416,.F.);
#7168=ADVANCED_FACE('',(#2520),#2240,.T.);
#7169=ADVANCED_FACE('',(#2521),#417,.T.);
#7170=ADVANCED_FACE('',(#2522),#418,.T.);
#7171=ADVANCED_FACE('',(#2523),#419,.T.);
#7172=ADVANCED_FACE('',(#2524),#420,.T.);
#7173=ADVANCED_FACE('',(#2525),#421,.F.);
#7174=ADVANCED_FACE('',(#2526),#2241,.T.);
#7175=ADVANCED_FACE('',(#2527),#422,.T.);
#7176=ADVANCED_FACE('',(#2528),#423,.T.);
#7177=ADVANCED_FACE('',(#2529),#424,.T.);
#7178=ADVANCED_FACE('',(#2530),#425,.T.);
#7179=ADVANCED_FACE('',(#2531),#426,.F.);
#7180=ADVANCED_FACE('',(#2532),#2242,.T.);
#7181=ADVANCED_FACE('',(#2533),#427,.T.);
#7182=ADVANCED_FACE('',(#2534),#428,.T.);
#7183=ADVANCED_FACE('',(#2535),#429,.T.);
#7184=ADVANCED_FACE('',(#2536),#430,.T.);
#7185=ADVANCED_FACE('',(#2537),#431,.F.);
#7186=ADVANCED_FACE('',(#2538),#2243,.T.);
#7187=ADVANCED_FACE('',(#2539),#432,.T.);
#7188=ADVANCED_FACE('',(#2540),#433,.T.);
#7189=ADVANCED_FACE('',(#2541),#434,.T.);
#7190=ADVANCED_FACE('',(#2542),#435,.T.);
#7191=ADVANCED_FACE('',(#2543),#436,.F.);
#7192=ADVANCED_FACE('',(#2544),#2244,.T.);
#7193=ADVANCED_FACE('',(#2545),#437,.T.);
#7194=ADVANCED_FACE('',(#2546),#438,.T.);
#7195=ADVANCED_FACE('',(#2547),#439,.T.);
#7196=ADVANCED_FACE('',(#2548),#440,.T.);
#7197=ADVANCED_FACE('',(#2549),#441,.F.);
#7198=ADVANCED_FACE('',(#2550),#2245,.T.);
#7199=ADVANCED_FACE('',(#2551),#442,.T.);
#7200=ADVANCED_FACE('',(#2552),#443,.T.);
#7201=ADVANCED_FACE('',(#2553),#444,.T.);
#7202=ADVANCED_FACE('',(#2554),#445,.T.);
#7203=ADVANCED_FACE('',(#2555),#446,.F.);
#7204=ADVANCED_FACE('',(#2556),#2246,.T.);
#7205=ADVANCED_FACE('',(#2557),#447,.T.);
#7206=ADVANCED_FACE('',(#2558),#448,.T.);
#7207=ADVANCED_FACE('',(#2559),#449,.T.);
#7208=ADVANCED_FACE('',(#2560),#450,.T.);
#7209=ADVANCED_FACE('',(#2561),#451,.F.);
#7210=ADVANCED_FACE('',(#2562),#2247,.T.);
#7211=ADVANCED_FACE('',(#2563),#452,.T.);
#7212=ADVANCED_FACE('',(#2564),#453,.T.);
#7213=ADVANCED_FACE('',(#2565),#454,.T.);
#7214=ADVANCED_FACE('',(#2566),#455,.T.);
#7215=ADVANCED_FACE('',(#2567),#456,.F.);
#7216=ADVANCED_FACE('',(#2568),#2248,.T.);
#7217=ADVANCED_FACE('',(#2569),#457,.T.);
#7218=ADVANCED_FACE('',(#2570),#458,.T.);
#7219=ADVANCED_FACE('',(#2571),#459,.T.);
#7220=ADVANCED_FACE('',(#2572),#460,.T.);
#7221=ADVANCED_FACE('',(#2573),#461,.F.);
#7222=ADVANCED_FACE('',(#2574),#2249,.T.);
#7223=ADVANCED_FACE('',(#2575),#462,.T.);
#7224=ADVANCED_FACE('',(#2576),#463,.T.);
#7225=ADVANCED_FACE('',(#2577),#464,.T.);
#7226=ADVANCED_FACE('',(#2578),#465,.T.);
#7227=ADVANCED_FACE('',(#2579),#466,.F.);
#7228=ADVANCED_FACE('',(#2580),#2250,.T.);
#7229=ADVANCED_FACE('',(#2581),#467,.T.);
#7230=ADVANCED_FACE('',(#2582),#468,.T.);
#7231=ADVANCED_FACE('',(#2583),#469,.T.);
#7232=ADVANCED_FACE('',(#2584),#470,.T.);
#7233=ADVANCED_FACE('',(#2585),#471,.F.);
#7234=ADVANCED_FACE('',(#2586),#2251,.T.);
#7235=ADVANCED_FACE('',(#2587),#472,.T.);
#7236=ADVANCED_FACE('',(#2588),#473,.T.);
#7237=ADVANCED_FACE('',(#2589),#474,.T.);
#7238=ADVANCED_FACE('',(#2590),#475,.T.);
#7239=ADVANCED_FACE('',(#2591),#476,.F.);
#7240=ADVANCED_FACE('',(#2592),#2252,.T.);
#7241=ADVANCED_FACE('',(#2593),#477,.T.);
#7242=ADVANCED_FACE('',(#2594),#478,.T.);
#7243=ADVANCED_FACE('',(#2595),#479,.T.);
#7244=ADVANCED_FACE('',(#2596),#480,.T.);
#7245=ADVANCED_FACE('',(#2597),#481,.F.);
#7246=ADVANCED_FACE('',(#2598),#2253,.T.);
#7247=ADVANCED_FACE('',(#2599),#482,.T.);
#7248=ADVANCED_FACE('',(#2600),#483,.T.);
#7249=ADVANCED_FACE('',(#2601),#484,.T.);
#7250=ADVANCED_FACE('',(#2602),#485,.T.);
#7251=ADVANCED_FACE('',(#2603),#486,.F.);
#7252=ADVANCED_FACE('',(#2604),#2254,.T.);
#7253=ADVANCED_FACE('',(#2605),#487,.T.);
#7254=ADVANCED_FACE('',(#2606),#488,.T.);
#7255=ADVANCED_FACE('',(#2607),#489,.T.);
#7256=ADVANCED_FACE('',(#2608),#490,.T.);
#7257=ADVANCED_FACE('',(#2609),#491,.F.);
#7258=ADVANCED_FACE('',(#2610),#2255,.T.);
#7259=ADVANCED_FACE('',(#2611),#492,.T.);
#7260=ADVANCED_FACE('',(#2612),#493,.T.);
#7261=ADVANCED_FACE('',(#2613),#494,.T.);
#7262=ADVANCED_FACE('',(#2614),#495,.T.);
#7263=ADVANCED_FACE('',(#2615),#496,.F.);
#7264=ADVANCED_FACE('',(#2616),#2256,.T.);
#7265=ADVANCED_FACE('',(#2617),#497,.T.);
#7266=ADVANCED_FACE('',(#2618),#498,.T.);
#7267=ADVANCED_FACE('',(#2619),#499,.T.);
#7268=ADVANCED_FACE('',(#2620),#500,.T.);
#7269=ADVANCED_FACE('',(#2621),#501,.F.);
#7270=ADVANCED_FACE('',(#2622),#2257,.T.);
#7271=ADVANCED_FACE('',(#2623),#502,.T.);
#7272=ADVANCED_FACE('',(#2624),#503,.T.);
#7273=ADVANCED_FACE('',(#2625),#504,.T.);
#7274=ADVANCED_FACE('',(#2626),#505,.T.);
#7275=ADVANCED_FACE('',(#2627),#506,.F.);
#7276=ADVANCED_FACE('',(#2628),#2258,.T.);
#7277=ADVANCED_FACE('',(#2629),#507,.T.);
#7278=ADVANCED_FACE('',(#2630),#508,.T.);
#7279=ADVANCED_FACE('',(#2631),#509,.T.);
#7280=ADVANCED_FACE('',(#2632),#510,.T.);
#7281=ADVANCED_FACE('',(#2633),#511,.F.);
#7282=ADVANCED_FACE('',(#2634),#2259,.T.);
#7283=ADVANCED_FACE('',(#2635),#512,.T.);
#7284=ADVANCED_FACE('',(#2636),#513,.T.);
#7285=ADVANCED_FACE('',(#2637),#514,.T.);
#7286=ADVANCED_FACE('',(#2638),#515,.T.);
#7287=ADVANCED_FACE('',(#2639),#516,.F.);
#7288=ADVANCED_FACE('',(#2640),#2260,.T.);
#7289=ADVANCED_FACE('',(#2641),#517,.T.);
#7290=ADVANCED_FACE('',(#2642),#518,.T.);
#7291=ADVANCED_FACE('',(#2643),#519,.T.);
#7292=ADVANCED_FACE('',(#2644),#520,.T.);
#7293=ADVANCED_FACE('',(#2645),#521,.F.);
#7294=ADVANCED_FACE('',(#2646),#2261,.T.);
#7295=ADVANCED_FACE('',(#2647),#522,.T.);
#7296=ADVANCED_FACE('',(#2648),#523,.T.);
#7297=ADVANCED_FACE('',(#2649),#524,.T.);
#7298=ADVANCED_FACE('',(#2650),#525,.T.);
#7299=ADVANCED_FACE('',(#2651),#526,.F.);
#7300=ADVANCED_FACE('',(#2652),#2262,.T.);
#7301=ADVANCED_FACE('',(#2653),#527,.T.);
#7302=ADVANCED_FACE('',(#2654),#528,.T.);
#7303=ADVANCED_FACE('',(#2655),#529,.T.);
#7304=ADVANCED_FACE('',(#2656),#530,.T.);
#7305=ADVANCED_FACE('',(#2657),#531,.F.);
#7306=ADVANCED_FACE('',(#2658),#2263,.T.);
#7307=ADVANCED_FACE('',(#2659),#532,.T.);
#7308=ADVANCED_FACE('',(#2660),#533,.T.);
#7309=ADVANCED_FACE('',(#2661),#534,.T.);
#7310=ADVANCED_FACE('',(#2662),#535,.T.);
#7311=ADVANCED_FACE('',(#2663),#536,.F.);
#7312=ADVANCED_FACE('',(#2664),#2264,.T.);
#7313=ADVANCED_FACE('',(#2665),#537,.T.);
#7314=ADVANCED_FACE('',(#2666),#538,.T.);
#7315=ADVANCED_FACE('',(#2667),#539,.T.);
#7316=ADVANCED_FACE('',(#2668),#540,.T.);
#7317=ADVANCED_FACE('',(#2669),#541,.F.);
#7318=ADVANCED_FACE('',(#2670),#2265,.T.);
#7319=ADVANCED_FACE('',(#2671),#542,.T.);
#7320=ADVANCED_FACE('',(#2672),#543,.T.);
#7321=ADVANCED_FACE('',(#2673),#544,.T.);
#7322=ADVANCED_FACE('',(#2674),#545,.T.);
#7323=ADVANCED_FACE('',(#2675),#546,.F.);
#7324=ADVANCED_FACE('',(#2676),#2266,.T.);
#7325=ADVANCED_FACE('',(#2677),#2267,.T.);
#7326=ADVANCED_FACE('',(#2678),#547,.F.);
#7327=ADVANCED_FACE('',(#2679),#548,.T.);
#7328=ADVANCED_FACE('',(#2680),#549,.T.);
#7329=ADVANCED_FACE('',(#2681),#550,.T.);
#7330=ADVANCED_FACE('',(#2682),#551,.T.);
#7331=ADVANCED_FACE('',(#2683),#552,.T.);
#7332=ADVANCED_FACE('',(#2684),#553,.T.);
#7333=ADVANCED_FACE('',(#2685),#554,.T.);
#7334=ADVANCED_FACE('',(#2686),#555,.T.);
#7335=ADVANCED_FACE('',(#2687),#556,.T.);
#7336=ADVANCED_FACE('',(#2688),#29,.T.);
#7337=ADVANCED_FACE('',(#2689),#557,.T.);
#7338=ADVANCED_FACE('',(#2690),#30,.T.);
#7339=ADVANCED_FACE('',(#2691),#558,.T.);
#7340=ADVANCED_FACE('',(#2692),#559,.T.);
#7341=ADVANCED_FACE('',(#2693),#560,.T.);
#7342=ADVANCED_FACE('',(#2694),#561,.T.);
#7343=ADVANCED_FACE('',(#2695),#562,.T.);
#7344=ADVANCED_FACE('',(#2696),#563,.T.);
#7345=ADVANCED_FACE('',(#2697),#564,.T.);
#7346=ADVANCED_FACE('',(#2698),#565,.T.);
#7347=ADVANCED_FACE('',(#2699),#566,.T.);
#7348=ADVANCED_FACE('',(#2700),#567,.T.);
#7349=ADVANCED_FACE('',(#2701),#568,.T.);
#7350=ADVANCED_FACE('',(#2702),#31,.T.);
#7351=ADVANCED_FACE('',(#2703),#32,.T.);
#7352=ADVANCED_FACE('',(#2704),#569,.T.);
#7353=ADVANCED_FACE('',(#2705),#570,.F.);
#7354=ADVANCED_FACE('',(#2706),#33,.F.);
#7355=ADVANCED_FACE('',(#2707),#34,.F.);
#7356=ADVANCED_FACE('',(#2708),#571,.F.);
#7357=ADVANCED_FACE('',(#2709),#572,.F.);
#7358=ADVANCED_FACE('',(#2710),#573,.F.);
#7359=ADVANCED_FACE('',(#2711),#35,.F.);
#7360=ADVANCED_FACE('',(#2712),#36,.F.);
#7361=ADVANCED_FACE('',(#2713),#37,.T.);
#7362=ADVANCED_FACE('',(#2714),#574,.T.);
#7363=ADVANCED_FACE('',(#2715),#575,.T.);
#7364=ADVANCED_FACE('',(#2716),#576,.T.);
#7365=ADVANCED_FACE('',(#2717),#38,.T.);
#7366=ADVANCED_FACE('',(#2718),#39,.T.);
#7367=ADVANCED_FACE('',(#2719),#40,.T.);
#7368=ADVANCED_FACE('',(#2720,#27),#577,.F.);
#7369=ADVANCED_FACE('',(#2721,#28),#578,.T.);
#7370=ADVANCED_FACE('',(#2722),#579,.T.);
#7371=ADVANCED_FACE('',(#2723),#580,.T.);
#7372=ADVANCED_FACE('',(#2724),#581,.T.);
#7373=ADVANCED_FACE('',(#2725),#582,.T.);
#7374=ADVANCED_FACE('',(#2726),#583,.T.);
#7375=ADVANCED_FACE('',(#2727),#584,.T.);
#7376=ADVANCED_FACE('',(#2728),#585,.T.);
#7377=ADVANCED_FACE('',(#2729),#586,.T.);
#7378=ADVANCED_FACE('',(#2730),#587,.T.);
#7379=ADVANCED_FACE('',(#2731),#588,.T.);
#7380=ADVANCED_FACE('',(#2732),#589,.T.);
#7381=ADVANCED_FACE('',(#2733),#590,.T.);
#7382=ADVANCED_FACE('',(#2734),#591,.F.);
#7383=ADVANCED_FACE('',(#2735),#592,.T.);
#7384=CLOSED_SHELL('',(#6916,#6917,#6918,#6919,#6920,#6921,#6922,#6923,
#6924,#6925,#6926,#6927,#6928,#6929,#6930,#6931,#6932,#6933));
#7385=CLOSED_SHELL('',(#6934,#6935,#6936,#6937,#6938,#6939,#6940));
#7386=CLOSED_SHELL('',(#6941,#6942,#6943,#6944,#6945,#6946));
#7387=CLOSED_SHELL('',(#6947,#6948,#6949,#6950,#6951,#6952));
#7388=CLOSED_SHELL('',(#6953,#6954,#6955,#6956,#6957,#6958));
#7389=CLOSED_SHELL('',(#6959,#6960,#6961,#6962,#6963,#6964));
#7390=CLOSED_SHELL('',(#6965,#6966,#6967,#6968,#6969,#6970));
#7391=CLOSED_SHELL('',(#6971,#6972,#6973,#6974,#6975,#6976));
#7392=CLOSED_SHELL('',(#6977,#6978,#6979,#6980,#6981,#6982));
#7393=CLOSED_SHELL('',(#6983,#6984,#6985,#6986,#6987,#6988));
#7394=CLOSED_SHELL('',(#6989,#6990,#6991,#6992,#6993,#6994));
#7395=CLOSED_SHELL('',(#6995,#6996,#6997,#6998,#6999,#7000));
#7396=CLOSED_SHELL('',(#7001,#7002,#7003,#7004,#7005,#7006));
#7397=CLOSED_SHELL('',(#7007,#7008,#7009,#7010,#7011,#7012));
#7398=CLOSED_SHELL('',(#7013,#7014,#7015,#7016,#7017,#7018));
#7399=CLOSED_SHELL('',(#7019,#7020,#7021,#7022,#7023,#7024));
#7400=CLOSED_SHELL('',(#7025,#7026,#7027,#7028,#7029,#7030));
#7401=CLOSED_SHELL('',(#7031,#7032,#7033,#7034,#7035,#7036));
#7402=CLOSED_SHELL('',(#7037,#7038,#7039,#7040,#7041,#7042));
#7403=CLOSED_SHELL('',(#7043,#7044,#7045,#7046,#7047,#7048));
#7404=CLOSED_SHELL('',(#7049,#7050,#7051,#7052,#7053,#7054));
#7405=CLOSED_SHELL('',(#7055,#7056,#7057,#7058,#7059,#7060));
#7406=CLOSED_SHELL('',(#7061,#7062,#7063,#7064,#7065,#7066));
#7407=CLOSED_SHELL('',(#7067,#7068,#7069,#7070,#7071,#7072));
#7408=CLOSED_SHELL('',(#7073,#7074,#7075,#7076,#7077,#7078));
#7409=CLOSED_SHELL('',(#7079,#7080,#7081,#7082,#7083,#7084));
#7410=CLOSED_SHELL('',(#7085,#7086,#7087,#7088,#7089,#7090));
#7411=CLOSED_SHELL('',(#7091,#7092,#7093,#7094,#7095,#7096));
#7412=CLOSED_SHELL('',(#7097,#7098,#7099,#7100,#7101,#7102));
#7413=CLOSED_SHELL('',(#7103,#7104,#7105,#7106,#7107,#7108));
#7414=CLOSED_SHELL('',(#7109,#7110,#7111,#7112,#7113,#7114));
#7415=CLOSED_SHELL('',(#7115,#7116,#7117,#7118,#7119,#7120));
#7416=CLOSED_SHELL('',(#7121,#7122,#7123,#7124,#7125,#7126));
#7417=CLOSED_SHELL('',(#7127,#7128,#7129,#7130,#7131,#7132));
#7418=CLOSED_SHELL('',(#7133,#7134,#7135,#7136,#7137,#7138));
#7419=CLOSED_SHELL('',(#7139,#7140,#7141,#7142,#7143,#7144));
#7420=CLOSED_SHELL('',(#7145,#7146,#7147,#7148,#7149,#7150));
#7421=CLOSED_SHELL('',(#7151,#7152,#7153,#7154,#7155,#7156));
#7422=CLOSED_SHELL('',(#7157,#7158,#7159,#7160,#7161,#7162));
#7423=CLOSED_SHELL('',(#7163,#7164,#7165,#7166,#7167,#7168));
#7424=CLOSED_SHELL('',(#7169,#7170,#7171,#7172,#7173,#7174));
#7425=CLOSED_SHELL('',(#7175,#7176,#7177,#7178,#7179,#7180));
#7426=CLOSED_SHELL('',(#7181,#7182,#7183,#7184,#7185,#7186));
#7427=CLOSED_SHELL('',(#7187,#7188,#7189,#7190,#7191,#7192));
#7428=CLOSED_SHELL('',(#7193,#7194,#7195,#7196,#7197,#7198));
#7429=CLOSED_SHELL('',(#7199,#7200,#7201,#7202,#7203,#7204));
#7430=CLOSED_SHELL('',(#7205,#7206,#7207,#7208,#7209,#7210));
#7431=CLOSED_SHELL('',(#7211,#7212,#7213,#7214,#7215,#7216));
#7432=CLOSED_SHELL('',(#7217,#7218,#7219,#7220,#7221,#7222));
#7433=CLOSED_SHELL('',(#7223,#7224,#7225,#7226,#7227,#7228));
#7434=CLOSED_SHELL('',(#7229,#7230,#7231,#7232,#7233,#7234));
#7435=CLOSED_SHELL('',(#7235,#7236,#7237,#7238,#7239,#7240));
#7436=CLOSED_SHELL('',(#7241,#7242,#7243,#7244,#7245,#7246));
#7437=CLOSED_SHELL('',(#7247,#7248,#7249,#7250,#7251,#7252));
#7438=CLOSED_SHELL('',(#7253,#7254,#7255,#7256,#7257,#7258));
#7439=CLOSED_SHELL('',(#7259,#7260,#7261,#7262,#7263,#7264));
#7440=CLOSED_SHELL('',(#7265,#7266,#7267,#7268,#7269,#7270));
#7441=CLOSED_SHELL('',(#7271,#7272,#7273,#7274,#7275,#7276));
#7442=CLOSED_SHELL('',(#7277,#7278,#7279,#7280,#7281,#7282));
#7443=CLOSED_SHELL('',(#7283,#7284,#7285,#7286,#7287,#7288));
#7444=CLOSED_SHELL('',(#7289,#7290,#7291,#7292,#7293,#7294));
#7445=CLOSED_SHELL('',(#7295,#7296,#7297,#7298,#7299,#7300));
#7446=CLOSED_SHELL('',(#7301,#7302,#7303,#7304,#7305,#7306));
#7447=CLOSED_SHELL('',(#7307,#7308,#7309,#7310,#7311,#7312));
#7448=CLOSED_SHELL('',(#7313,#7314,#7315,#7316,#7317,#7318));
#7449=CLOSED_SHELL('',(#7319,#7320,#7321,#7322,#7323,#7324));
#7450=CLOSED_SHELL('',(#7325,#7326,#7327));
#7451=CLOSED_SHELL('',(#7328,#7329,#7330,#7331,#7332,#7333,#7334,#7335,
#7336,#7337,#7338,#7339,#7340,#7341,#7342,#7343,#7344,#7345,#7346,#7347,
#7348,#7349,#7350,#7351,#7352,#7353));
#7452=CLOSED_SHELL('',(#7354,#7355,#7356,#7357,#7358,#7359,#7360,#7361,
#7362,#7363,#7364,#7365,#7366,#7367,#7368,#7369));
#7453=CLOSED_SHELL('',(#7370,#7371,#7372,#7373,#7374,#7375,#7376,#7377,
#7378,#7379,#7380,#7381,#7382,#7383));
#7454=DERIVED_UNIT_ELEMENT(#7462,1.);
#7455=DERIVED_UNIT_ELEMENT(#12466,3.);
#7456=DERIVED_UNIT_ELEMENT(#7462,1.);
#7457=DERIVED_UNIT_ELEMENT(#12466,3.);
#7458=DERIVED_UNIT_ELEMENT(#7462,1.);
#7459=DERIVED_UNIT_ELEMENT(#12466,3.);
#7460=DERIVED_UNIT_ELEMENT(#7462,1.);
#7461=DERIVED_UNIT_ELEMENT(#12466,3.);
#7462=(
MASS_UNIT()
NAMED_UNIT(*)
SI_UNIT($,.GRAM.)
);
#7463=DERIVED_UNIT((#7454,#7455));
#7464=DERIVED_UNIT((#7456,#7457));
#7465=DERIVED_UNIT((#7458,#7459));
#7466=DERIVED_UNIT((#7460,#7461));
#7467=MEASURE_REPRESENTATION_ITEM('density measure',
POSITIVE_RATIO_MEASURE(1.),#7463);
#7468=MEASURE_REPRESENTATION_ITEM('density measure',
POSITIVE_RATIO_MEASURE(1.),#7464);
#7469=MEASURE_REPRESENTATION_ITEM('density measure',
POSITIVE_RATIO_MEASURE(1.),#7465);
#7470=MEASURE_REPRESENTATION_ITEM('density measure',
POSITIVE_RATIO_MEASURE(1.),#7466);
#7471=PROPERTY_DEFINITION_REPRESENTATION(#7491,#7479);
#7472=PROPERTY_DEFINITION_REPRESENTATION(#7492,#7480);
#7473=PROPERTY_DEFINITION_REPRESENTATION(#7493,#7481);
#7474=PROPERTY_DEFINITION_REPRESENTATION(#7494,#7482);
#7475=PROPERTY_DEFINITION_REPRESENTATION(#7495,#7483);
#7476=PROPERTY_DEFINITION_REPRESENTATION(#7496,#7484);
#7477=PROPERTY_DEFINITION_REPRESENTATION(#7497,#7485);
#7478=PROPERTY_DEFINITION_REPRESENTATION(#7498,#7486);
#7479=REPRESENTATION('material name',(#7487),#12460);
#7480=REPRESENTATION('density',(#7467),#12460);
#7481=REPRESENTATION('material name',(#7488),#12461);
#7482=REPRESENTATION('density',(#7468),#12461);
#7483=REPRESENTATION('material name',(#7489),#12462);
#7484=REPRESENTATION('density',(#7469),#12462);
#7485=REPRESENTATION('material name',(#7490),#12463);
#7486=REPRESENTATION('density',(#7470),#12463);
#7487=DESCRIPTIVE_REPRESENTATION_ITEM('Generic','Generic');
#7488=DESCRIPTIVE_REPRESENTATION_ITEM('Generic','Generic');
#7489=DESCRIPTIVE_REPRESENTATION_ITEM('Generic','Generic');
#7490=DESCRIPTIVE_REPRESENTATION_ITEM('Generic','Generic');
#7491=PROPERTY_DEFINITION('material property','material name',#12490);
#7492=PROPERTY_DEFINITION('material property','density of part',#12490);
#7493=PROPERTY_DEFINITION('material property','material name',#12491);
#7494=PROPERTY_DEFINITION('material property','density of part',#12491);
#7495=PROPERTY_DEFINITION('material property','material name',#12492);
#7496=PROPERTY_DEFINITION('material property','density of part',#12492);
#7497=PROPERTY_DEFINITION('material property','material name',#12493);
#7498=PROPERTY_DEFINITION('material property','density of part',#12493);
#7499=PRESENTATION_STYLE_ASSIGNMENT((#7503));
#7500=PRESENTATION_STYLE_ASSIGNMENT((#7504));
#7501=PRESENTATION_STYLE_ASSIGNMENT((#7505));
#7502=PRESENTATION_STYLE_ASSIGNMENT((#7506));
#7503=SURFACE_STYLE_USAGE(.BOTH.,#7515);
#7504=SURFACE_STYLE_USAGE(.BOTH.,#7516);
#7505=SURFACE_STYLE_USAGE(.BOTH.,#7517);
#7506=SURFACE_STYLE_USAGE(.BOTH.,#7518);
#7507=SURFACE_STYLE_RENDERING_WITH_PROPERTIES($,#7531,(#7511));
#7508=SURFACE_STYLE_RENDERING_WITH_PROPERTIES($,#7532,(#7512));
#7509=SURFACE_STYLE_RENDERING_WITH_PROPERTIES($,#7533,(#7513));
#7510=SURFACE_STYLE_RENDERING_WITH_PROPERTIES($,#7534,(#7514));
#7511=SURFACE_STYLE_TRANSPARENT(1.);
#7512=SURFACE_STYLE_TRANSPARENT(1.);
#7513=SURFACE_STYLE_TRANSPARENT(1.);
#7514=SURFACE_STYLE_TRANSPARENT(1.);
#7515=SURFACE_SIDE_STYLE('',(#7519,#7507));
#7516=SURFACE_SIDE_STYLE('',(#7520,#7508));
#7517=SURFACE_SIDE_STYLE('',(#7521,#7509));
#7518=SURFACE_SIDE_STYLE('',(#7522,#7510));
#7519=SURFACE_STYLE_FILL_AREA(#7523);
#7520=SURFACE_STYLE_FILL_AREA(#7524);
#7521=SURFACE_STYLE_FILL_AREA(#7525);
#7522=SURFACE_STYLE_FILL_AREA(#7526);
#7523=FILL_AREA_STYLE('',(#7527));
#7524=FILL_AREA_STYLE('',(#7528));
#7525=FILL_AREA_STYLE('',(#7529));
#7526=FILL_AREA_STYLE('',(#7530));
#7527=FILL_AREA_STYLE_COLOUR('',#7531);
#7528=FILL_AREA_STYLE_COLOUR('',#7532);
#7529=FILL_AREA_STYLE_COLOUR('',#7533);
#7530=FILL_AREA_STYLE_COLOUR('',#7534);
#7531=COLOUR_RGB('',0.356862745098039,0.356862745098039,0.356862745098039);
#7532=COLOUR_RGB('',1.,1.,1.);
#7533=COLOUR_RGB('',0.96078431372549,0.96078431372549,0.96078431372549);
#7534=COLOUR_RGB('',0.96078431372549,0.96078431372549,0.96078431372549);
#7535=DATE_TIME_ROLE('creation_date');
#7536=DATE_TIME_ROLE('creation_date');
#7537=DATE_TIME_ROLE('creation_date');
#7538=DATE_TIME_ROLE('creation_date');
#7539=DATE_TIME_ROLE('creation_date');
#7540=APPLIED_DATE_AND_TIME_ASSIGNMENT(#7545,#7535,(#12489));
#7541=APPLIED_DATE_AND_TIME_ASSIGNMENT(#7546,#7536,(#12490));
#7542=APPLIED_DATE_AND_TIME_ASSIGNMENT(#7547,#7537,(#12491));
#7543=APPLIED_DATE_AND_TIME_ASSIGNMENT(#7548,#7538,(#12492));
#7544=APPLIED_DATE_AND_TIME_ASSIGNMENT(#7549,#7539,(#12493));
#7545=DATE_AND_TIME(#7550,#7555);
#7546=DATE_AND_TIME(#7551,#7556);
#7547=DATE_AND_TIME(#7552,#7557);
#7548=DATE_AND_TIME(#7553,#7558);
#7549=DATE_AND_TIME(#7554,#7559);
#7550=CALENDAR_DATE(2018,31,10);
#7551=CALENDAR_DATE(2018,31,10);
#7552=CALENDAR_DATE(2018,31,10);
#7553=CALENDAR_DATE(2019,6,7);
#7554=CALENDAR_DATE(2020,18,4);
#7555=LOCAL_TIME(12,52,38.,#7560);
#7556=LOCAL_TIME(12,41,33.,#7561);
#7557=LOCAL_TIME(12,46,4.,#7562);
#7558=LOCAL_TIME(12,51,10.,#7563);
#7559=LOCAL_TIME(11,58,4.,#7564);
#7560=COORDINATED_UNIVERSAL_TIME_OFFSET(0,0,.BEHIND.);
#7561=COORDINATED_UNIVERSAL_TIME_OFFSET(0,0,.BEHIND.);
#7562=COORDINATED_UNIVERSAL_TIME_OFFSET(0,0,.BEHIND.);
#7563=COORDINATED_UNIVERSAL_TIME_OFFSET(0,0,.BEHIND.);
#7564=COORDINATED_UNIVERSAL_TIME_OFFSET(0,0,.BEHIND.);
#7565=AXIS2_PLACEMENT_3D('placement',#10199,#8176,#8177);
#7566=AXIS2_PLACEMENT_3D('placement',#10200,#8178,#8179);
#7567=AXIS2_PLACEMENT_3D('',#10201,#8180,#8181);
#7568=AXIS2_PLACEMENT_3D('',#10204,#8182,#8183);
#7569=AXIS2_PLACEMENT_3D('',#10206,#8184,#8185);
#7570=AXIS2_PLACEMENT_3D('',#10207,#8186,#8187);
#7571=AXIS2_PLACEMENT_3D('',#10208,#8188,#8189);
#7572=AXIS2_PLACEMENT_3D('',#10211,#8190,#8191);
#7573=AXIS2_PLACEMENT_3D('',#10214,#8194,#8195);
#7574=AXIS2_PLACEMENT_3D('',#10217,#8196,#8197);
#7575=AXIS2_PLACEMENT_3D('',#10219,#8198,#8199);
#7576=AXIS2_PLACEMENT_3D('',#10220,#8200,#8201);
#7577=AXIS2_PLACEMENT_3D('',#10221,#8202,#8203);
#7578=AXIS2_PLACEMENT_3D('',#10224,#8204,#8205);
#7579=AXIS2_PLACEMENT_3D('',#10227,#8208,#8209);
#7580=AXIS2_PLACEMENT_3D('',#10230,#8210,#8211);
#7581=AXIS2_PLACEMENT_3D('',#10232,#8212,#8213);
#7582=AXIS2_PLACEMENT_3D('',#10233,#8214,#8215);
#7583=AXIS2_PLACEMENT_3D('',#10234,#8216,#8217);
#7584=AXIS2_PLACEMENT_3D('',#10237,#8218,#8219);
#7585=AXIS2_PLACEMENT_3D('',#10240,#8222,#8223);
#7586=AXIS2_PLACEMENT_3D('',#10243,#8226,#8227);
#7587=AXIS2_PLACEMENT_3D('',#10246,#8228,#8229);
#7588=AXIS2_PLACEMENT_3D('',#10248,#8230,#8231);
#7589=AXIS2_PLACEMENT_3D('',#10249,#8232,#8233);
#7590=AXIS2_PLACEMENT_3D('',#10250,#8234,#8235);
#7591=AXIS2_PLACEMENT_3D('',#10253,#8236,#8237);
#7592=AXIS2_PLACEMENT_3D('',#10256,#8240,#8241);
#7593=AXIS2_PLACEMENT_3D('',#10259,#8244,#8245);
#7594=AXIS2_PLACEMENT_3D('',#10262,#8248,#8249);
#7595=AXIS2_PLACEMENT_3D('',#10265,#8252,#8253);
#7596=AXIS2_PLACEMENT_3D('',#10267,#8255,#8256);
#7597=AXIS2_PLACEMENT_3D('',#10269,#8258,#8259);
#7598=AXIS2_PLACEMENT_3D('',#10270,#8260,#8261);
#7599=AXIS2_PLACEMENT_3D('',#10272,#8263,#8264);
#7600=AXIS2_PLACEMENT_3D('',#10274,#8266,#8267);
#7601=AXIS2_PLACEMENT_3D('placement',#10275,#8268,#8269);
#7602=AXIS2_PLACEMENT_3D('',#10276,#8270,#8271);
#7603=AXIS2_PLACEMENT_3D('',#10285,#8276,#8277);
#7604=AXIS2_PLACEMENT_3D('',#10293,#8282,#8283);
#7605=AXIS2_PLACEMENT_3D('',#10297,#8286,#8287);
#7606=AXIS2_PLACEMENT_3D('',#10301,#8290,#8291);
#7607=AXIS2_PLACEMENT_3D('',#10305,#8294,#8295);
#7608=AXIS2_PLACEMENT_3D('',#10307,#8297,#8298);
#7609=AXIS2_PLACEMENT_3D('',#10308,#8299,#8300);
#7610=AXIS2_PLACEMENT_3D('',#10317,#8305,#8306);
#7611=AXIS2_PLACEMENT_3D('',#10323,#8310,#8311);
#7612=AXIS2_PLACEMENT_3D('',#10329,#8315,#8316);
#7613=AXIS2_PLACEMENT_3D('',#10330,#8317,#8318);
#7614=AXIS2_PLACEMENT_3D('',#10331,#8319,#8320);
#7615=AXIS2_PLACEMENT_3D('',#10332,#8321,#8322);
#7616=AXIS2_PLACEMENT_3D('',#10333,#8323,#8324);
#7617=AXIS2_PLACEMENT_3D('',#10334,#8325,#8326);
#7618=AXIS2_PLACEMENT_3D('',#10343,#8331,#8332);
#7619=AXIS2_PLACEMENT_3D('',#10349,#8336,#8337);
#7620=AXIS2_PLACEMENT_3D('',#10355,#8341,#8342);
#7621=AXIS2_PLACEMENT_3D('',#10356,#8343,#8344);
#7622=AXIS2_PLACEMENT_3D('',#10357,#8345,#8346);
#7623=AXIS2_PLACEMENT_3D('',#10358,#8347,#8348);
#7624=AXIS2_PLACEMENT_3D('',#10359,#8349,#8350);
#7625=AXIS2_PLACEMENT_3D('',#10360,#8351,#8352);
#7626=AXIS2_PLACEMENT_3D('',#10369,#8357,#8358);
#7627=AXIS2_PLACEMENT_3D('',#10375,#8362,#8363);
#7628=AXIS2_PLACEMENT_3D('',#10381,#8367,#8368);
#7629=AXIS2_PLACEMENT_3D('',#10382,#8369,#8370);
#7630=AXIS2_PLACEMENT_3D('',#10383,#8371,#8372);
#7631=AXIS2_PLACEMENT_3D('',#10384,#8373,#8374);
#7632=AXIS2_PLACEMENT_3D('',#10385,#8375,#8376);
#7633=AXIS2_PLACEMENT_3D('',#10386,#8377,#8378);
#7634=AXIS2_PLACEMENT_3D('',#10395,#8383,#8384);
#7635=AXIS2_PLACEMENT_3D('',#10401,#8388,#8389);
#7636=AXIS2_PLACEMENT_3D('',#10407,#8393,#8394);
#7637=AXIS2_PLACEMENT_3D('',#10408,#8395,#8396);
#7638=AXIS2_PLACEMENT_3D('',#10409,#8397,#8398);
#7639=AXIS2_PLACEMENT_3D('',#10410,#8399,#8400);
#7640=AXIS2_PLACEMENT_3D('',#10411,#8401,#8402);
#7641=AXIS2_PLACEMENT_3D('',#10412,#8403,#8404);
#7642=AXIS2_PLACEMENT_3D('',#10421,#8409,#8410);
#7643=AXIS2_PLACEMENT_3D('',#10427,#8414,#8415);
#7644=AXIS2_PLACEMENT_3D('',#10433,#8419,#8420);
#7645=AXIS2_PLACEMENT_3D('',#10434,#8421,#8422);
#7646=AXIS2_PLACEMENT_3D('',#10435,#8423,#8424);
#7647=AXIS2_PLACEMENT_3D('',#10436,#8425,#8426);
#7648=AXIS2_PLACEMENT_3D('',#10437,#8427,#8428);
#7649=AXIS2_PLACEMENT_3D('',#10438,#8429,#8430);
#7650=AXIS2_PLACEMENT_3D('',#10447,#8435,#8436);
#7651=AXIS2_PLACEMENT_3D('',#10453,#8440,#8441);
#7652=AXIS2_PLACEMENT_3D('',#10459,#8445,#8446);
#7653=AXIS2_PLACEMENT_3D('',#10460,#8447,#8448);
#7654=AXIS2_PLACEMENT_3D('',#10461,#8449,#8450);
#7655=AXIS2_PLACEMENT_3D('',#10462,#8451,#8452);
#7656=AXIS2_PLACEMENT_3D('',#10463,#8453,#8454);
#7657=AXIS2_PLACEMENT_3D('',#10464,#8455,#8456);
#7658=AXIS2_PLACEMENT_3D('',#10473,#8461,#8462);
#7659=AXIS2_PLACEMENT_3D('',#10479,#8466,#8467);
#7660=AXIS2_PLACEMENT_3D('',#10485,#8471,#8472);
#7661=AXIS2_PLACEMENT_3D('',#10486,#8473,#8474);
#7662=AXIS2_PLACEMENT_3D('',#10487,#8475,#8476);
#7663=AXIS2_PLACEMENT_3D('',#10488,#8477,#8478);
#7664=AXIS2_PLACEMENT_3D('',#10489,#8479,#8480);
#7665=AXIS2_PLACEMENT_3D('',#10490,#8481,#8482);
#7666=AXIS2_PLACEMENT_3D('',#10499,#8487,#8488);
#7667=AXIS2_PLACEMENT_3D('',#10505,#8492,#8493);
#7668=AXIS2_PLACEMENT_3D('',#10511,#8497,#8498);
#7669=AXIS2_PLACEMENT_3D('',#10512,#8499,#8500);
#7670=AXIS2_PLACEMENT_3D('',#10513,#8501,#8502);
#7671=AXIS2_PLACEMENT_3D('',#10514,#8503,#8504);
#7672=AXIS2_PLACEMENT_3D('',#10515,#8505,#8506);
#7673=AXIS2_PLACEMENT_3D('',#10516,#8507,#8508);
#7674=AXIS2_PLACEMENT_3D('',#10525,#8513,#8514);
#7675=AXIS2_PLACEMENT_3D('',#10531,#8518,#8519);
#7676=AXIS2_PLACEMENT_3D('',#10537,#8523,#8524);
#7677=AXIS2_PLACEMENT_3D('',#10538,#8525,#8526);
#7678=AXIS2_PLACEMENT_3D('',#10539,#8527,#8528);
#7679=AXIS2_PLACEMENT_3D('',#10540,#8529,#8530);
#7680=AXIS2_PLACEMENT_3D('',#10541,#8531,#8532);
#7681=AXIS2_PLACEMENT_3D('',#10542,#8533,#8534);
#7682=AXIS2_PLACEMENT_3D('',#10551,#8539,#8540);
#7683=AXIS2_PLACEMENT_3D('',#10557,#8544,#8545);
#7684=AXIS2_PLACEMENT_3D('',#10563,#8549,#8550);
#7685=AXIS2_PLACEMENT_3D('',#10564,#8551,#8552);
#7686=AXIS2_PLACEMENT_3D('',#10565,#8553,#8554);
#7687=AXIS2_PLACEMENT_3D('',#10566,#8555,#8556);
#7688=AXIS2_PLACEMENT_3D('',#10567,#8557,#8558);
#7689=AXIS2_PLACEMENT_3D('',#10568,#8559,#8560);
#7690=AXIS2_PLACEMENT_3D('',#10577,#8565,#8566);
#7691=AXIS2_PLACEMENT_3D('',#10583,#8570,#8571);
#7692=AXIS2_PLACEMENT_3D('',#10589,#8575,#8576);
#7693=AXIS2_PLACEMENT_3D('',#10590,#8577,#8578);
#7694=AXIS2_PLACEMENT_3D('',#10591,#8579,#8580);
#7695=AXIS2_PLACEMENT_3D('',#10592,#8581,#8582);
#7696=AXIS2_PLACEMENT_3D('',#10593,#8583,#8584);
#7697=AXIS2_PLACEMENT_3D('',#10594,#8585,#8586);
#7698=AXIS2_PLACEMENT_3D('',#10603,#8591,#8592);
#7699=AXIS2_PLACEMENT_3D('',#10609,#8596,#8597);
#7700=AXIS2_PLACEMENT_3D('',#10615,#8601,#8602);
#7701=AXIS2_PLACEMENT_3D('',#10616,#8603,#8604);
#7702=AXIS2_PLACEMENT_3D('',#10617,#8605,#8606);
#7703=AXIS2_PLACEMENT_3D('',#10618,#8607,#8608);
#7704=AXIS2_PLACEMENT_3D('',#10619,#8609,#8610);
#7705=AXIS2_PLACEMENT_3D('',#10620,#8611,#8612);
#7706=AXIS2_PLACEMENT_3D('',#10629,#8617,#8618);
#7707=AXIS2_PLACEMENT_3D('',#10635,#8622,#8623);
#7708=AXIS2_PLACEMENT_3D('',#10641,#8627,#8628);
#7709=AXIS2_PLACEMENT_3D('',#10642,#8629,#8630);
#7710=AXIS2_PLACEMENT_3D('',#10643,#8631,#8632);
#7711=AXIS2_PLACEMENT_3D('',#10644,#8633,#8634);
#7712=AXIS2_PLACEMENT_3D('',#10645,#8635,#8636);
#7713=AXIS2_PLACEMENT_3D('',#10646,#8637,#8638);
#7714=AXIS2_PLACEMENT_3D('',#10655,#8643,#8644);
#7715=AXIS2_PLACEMENT_3D('',#10661,#8648,#8649);
#7716=AXIS2_PLACEMENT_3D('',#10667,#8653,#8654);
#7717=AXIS2_PLACEMENT_3D('',#10668,#8655,#8656);
#7718=AXIS2_PLACEMENT_3D('',#10669,#8657,#8658);
#7719=AXIS2_PLACEMENT_3D('',#10670,#8659,#8660);
#7720=AXIS2_PLACEMENT_3D('',#10671,#8661,#8662);
#7721=AXIS2_PLACEMENT_3D('',#10672,#8663,#8664);
#7722=AXIS2_PLACEMENT_3D('',#10681,#8669,#8670);
#7723=AXIS2_PLACEMENT_3D('',#10687,#8674,#8675);
#7724=AXIS2_PLACEMENT_3D('',#10693,#8679,#8680);
#7725=AXIS2_PLACEMENT_3D('',#10694,#8681,#8682);
#7726=AXIS2_PLACEMENT_3D('',#10695,#8683,#8684);
#7727=AXIS2_PLACEMENT_3D('',#10696,#8685,#8686);
#7728=AXIS2_PLACEMENT_3D('',#10697,#8687,#8688);
#7729=AXIS2_PLACEMENT_3D('',#10698,#8689,#8690);
#7730=AXIS2_PLACEMENT_3D('',#10707,#8695,#8696);
#7731=AXIS2_PLACEMENT_3D('',#10713,#8700,#8701);
#7732=AXIS2_PLACEMENT_3D('',#10719,#8705,#8706);
#7733=AXIS2_PLACEMENT_3D('',#10720,#8707,#8708);
#7734=AXIS2_PLACEMENT_3D('',#10721,#8709,#8710);
#7735=AXIS2_PLACEMENT_3D('',#10722,#8711,#8712);
#7736=AXIS2_PLACEMENT_3D('',#10723,#8713,#8714);
#7737=AXIS2_PLACEMENT_3D('',#10724,#8715,#8716);
#7738=AXIS2_PLACEMENT_3D('',#10733,#8721,#8722);
#7739=AXIS2_PLACEMENT_3D('',#10739,#8726,#8727);
#7740=AXIS2_PLACEMENT_3D('',#10745,#8731,#8732);
#7741=AXIS2_PLACEMENT_3D('',#10746,#8733,#8734);
#7742=AXIS2_PLACEMENT_3D('',#10747,#8735,#8736);
#7743=AXIS2_PLACEMENT_3D('',#10748,#8737,#8738);
#7744=AXIS2_PLACEMENT_3D('',#10749,#8739,#8740);
#7745=AXIS2_PLACEMENT_3D('',#10750,#8741,#8742);
#7746=AXIS2_PLACEMENT_3D('',#10759,#8747,#8748);
#7747=AXIS2_PLACEMENT_3D('',#10765,#8752,#8753);
#7748=AXIS2_PLACEMENT_3D('',#10771,#8757,#8758);
#7749=AXIS2_PLACEMENT_3D('',#10772,#8759,#8760);
#7750=AXIS2_PLACEMENT_3D('',#10773,#8761,#8762);
#7751=AXIS2_PLACEMENT_3D('',#10774,#8763,#8764);
#7752=AXIS2_PLACEMENT_3D('',#10775,#8765,#8766);
#7753=AXIS2_PLACEMENT_3D('',#10776,#8767,#8768);
#7754=AXIS2_PLACEMENT_3D('',#10785,#8773,#8774);
#7755=AXIS2_PLACEMENT_3D('',#10791,#8778,#8779);
#7756=AXIS2_PLACEMENT_3D('',#10797,#8783,#8784);
#7757=AXIS2_PLACEMENT_3D('',#10798,#8785,#8786);
#7758=AXIS2_PLACEMENT_3D('',#10799,#8787,#8788);
#7759=AXIS2_PLACEMENT_3D('',#10800,#8789,#8790);
#7760=AXIS2_PLACEMENT_3D('',#10801,#8791,#8792);
#7761=AXIS2_PLACEMENT_3D('',#10802,#8793,#8794);
#7762=AXIS2_PLACEMENT_3D('',#10811,#8799,#8800);
#7763=AXIS2_PLACEMENT_3D('',#10817,#8804,#8805);
#7764=AXIS2_PLACEMENT_3D('',#10823,#8809,#8810);
#7765=AXIS2_PLACEMENT_3D('',#10824,#8811,#8812);
#7766=AXIS2_PLACEMENT_3D('',#10825,#8813,#8814);
#7767=AXIS2_PLACEMENT_3D('',#10826,#8815,#8816);
#7768=AXIS2_PLACEMENT_3D('',#10827,#8817,#8818);
#7769=AXIS2_PLACEMENT_3D('',#10828,#8819,#8820);
#7770=AXIS2_PLACEMENT_3D('',#10837,#8825,#8826);
#7771=AXIS2_PLACEMENT_3D('',#10843,#8830,#8831);
#7772=AXIS2_PLACEMENT_3D('',#10849,#8835,#8836);
#7773=AXIS2_PLACEMENT_3D('',#10850,#8837,#8838);
#7774=AXIS2_PLACEMENT_3D('',#10851,#8839,#8840);
#7775=AXIS2_PLACEMENT_3D('',#10852,#8841,#8842);
#7776=AXIS2_PLACEMENT_3D('',#10853,#8843,#8844);
#7777=AXIS2_PLACEMENT_3D('',#10854,#8845,#8846);
#7778=AXIS2_PLACEMENT_3D('',#10863,#8851,#8852);
#7779=AXIS2_PLACEMENT_3D('',#10869,#8856,#8857);
#7780=AXIS2_PLACEMENT_3D('',#10875,#8861,#8862);
#7781=AXIS2_PLACEMENT_3D('',#10876,#8863,#8864);
#7782=AXIS2_PLACEMENT_3D('',#10877,#8865,#8866);
#7783=AXIS2_PLACEMENT_3D('',#10878,#8867,#8868);
#7784=AXIS2_PLACEMENT_3D('',#10879,#8869,#8870);
#7785=AXIS2_PLACEMENT_3D('',#10880,#8871,#8872);
#7786=AXIS2_PLACEMENT_3D('',#10889,#8877,#8878);
#7787=AXIS2_PLACEMENT_3D('',#10895,#8882,#8883);
#7788=AXIS2_PLACEMENT_3D('',#10901,#8887,#8888);
#7789=AXIS2_PLACEMENT_3D('',#10902,#8889,#8890);
#7790=AXIS2_PLACEMENT_3D('',#10903,#8891,#8892);
#7791=AXIS2_PLACEMENT_3D('',#10904,#8893,#8894);
#7792=AXIS2_PLACEMENT_3D('',#10905,#8895,#8896);
#7793=AXIS2_PLACEMENT_3D('',#10906,#8897,#8898);
#7794=AXIS2_PLACEMENT_3D('',#10915,#8903,#8904);
#7795=AXIS2_PLACEMENT_3D('',#10921,#8908,#8909);
#7796=AXIS2_PLACEMENT_3D('',#10927,#8913,#8914);
#7797=AXIS2_PLACEMENT_3D('',#10928,#8915,#8916);
#7798=AXIS2_PLACEMENT_3D('',#10929,#8917,#8918);
#7799=AXIS2_PLACEMENT_3D('',#10930,#8919,#8920);
#7800=AXIS2_PLACEMENT_3D('',#10931,#8921,#8922);
#7801=AXIS2_PLACEMENT_3D('',#10932,#8923,#8924);
#7802=AXIS2_PLACEMENT_3D('',#10941,#8929,#8930);
#7803=AXIS2_PLACEMENT_3D('',#10947,#8934,#8935);
#7804=AXIS2_PLACEMENT_3D('',#10953,#8939,#8940);
#7805=AXIS2_PLACEMENT_3D('',#10954,#8941,#8942);
#7806=AXIS2_PLACEMENT_3D('',#10955,#8943,#8944);
#7807=AXIS2_PLACEMENT_3D('',#10956,#8945,#8946);
#7808=AXIS2_PLACEMENT_3D('',#10957,#8947,#8948);
#7809=AXIS2_PLACEMENT_3D('',#10958,#8949,#8950);
#7810=AXIS2_PLACEMENT_3D('',#10967,#8955,#8956);
#7811=AXIS2_PLACEMENT_3D('',#10973,#8960,#8961);
#7812=AXIS2_PLACEMENT_3D('',#10979,#8965,#8966);
#7813=AXIS2_PLACEMENT_3D('',#10980,#8967,#8968);
#7814=AXIS2_PLACEMENT_3D('',#10981,#8969,#8970);
#7815=AXIS2_PLACEMENT_3D('',#10982,#8971,#8972);
#7816=AXIS2_PLACEMENT_3D('',#10983,#8973,#8974);
#7817=AXIS2_PLACEMENT_3D('',#10984,#8975,#8976);
#7818=AXIS2_PLACEMENT_3D('',#10993,#8981,#8982);
#7819=AXIS2_PLACEMENT_3D('',#10999,#8986,#8987);
#7820=AXIS2_PLACEMENT_3D('',#11005,#8991,#8992);
#7821=AXIS2_PLACEMENT_3D('',#11006,#8993,#8994);
#7822=AXIS2_PLACEMENT_3D('',#11007,#8995,#8996);
#7823=AXIS2_PLACEMENT_3D('',#11008,#8997,#8998);
#7824=AXIS2_PLACEMENT_3D('',#11009,#8999,#9000);
#7825=AXIS2_PLACEMENT_3D('',#11010,#9001,#9002);
#7826=AXIS2_PLACEMENT_3D('',#11019,#9007,#9008);
#7827=AXIS2_PLACEMENT_3D('',#11025,#9012,#9013);
#7828=AXIS2_PLACEMENT_3D('',#11031,#9017,#9018);
#7829=AXIS2_PLACEMENT_3D('',#11032,#9019,#9020);
#7830=AXIS2_PLACEMENT_3D('',#11033,#9021,#9022);
#7831=AXIS2_PLACEMENT_3D('',#11034,#9023,#9024);
#7832=AXIS2_PLACEMENT_3D('',#11035,#9025,#9026);
#7833=AXIS2_PLACEMENT_3D('',#11036,#9027,#9028);
#7834=AXIS2_PLACEMENT_3D('',#11045,#9033,#9034);
#7835=AXIS2_PLACEMENT_3D('',#11051,#9038,#9039);
#7836=AXIS2_PLACEMENT_3D('',#11057,#9043,#9044);
#7837=AXIS2_PLACEMENT_3D('',#11058,#9045,#9046);
#7838=AXIS2_PLACEMENT_3D('',#11059,#9047,#9048);
#7839=AXIS2_PLACEMENT_3D('',#11060,#9049,#9050);
#7840=AXIS2_PLACEMENT_3D('',#11061,#9051,#9052);
#7841=AXIS2_PLACEMENT_3D('',#11062,#9053,#9054);
#7842=AXIS2_PLACEMENT_3D('',#11071,#9059,#9060);
#7843=AXIS2_PLACEMENT_3D('',#11077,#9064,#9065);
#7844=AXIS2_PLACEMENT_3D('',#11083,#9069,#9070);
#7845=AXIS2_PLACEMENT_3D('',#11084,#9071,#9072);
#7846=AXIS2_PLACEMENT_3D('',#11085,#9073,#9074);
#7847=AXIS2_PLACEMENT_3D('',#11086,#9075,#9076);
#7848=AXIS2_PLACEMENT_3D('',#11087,#9077,#9078);
#7849=AXIS2_PLACEMENT_3D('',#11088,#9079,#9080);
#7850=AXIS2_PLACEMENT_3D('',#11097,#9085,#9086);
#7851=AXIS2_PLACEMENT_3D('',#11103,#9090,#9091);
#7852=AXIS2_PLACEMENT_3D('',#11109,#9095,#9096);
#7853=AXIS2_PLACEMENT_3D('',#11110,#9097,#9098);
#7854=AXIS2_PLACEMENT_3D('',#11111,#9099,#9100);
#7855=AXIS2_PLACEMENT_3D('',#11112,#9101,#9102);
#7856=AXIS2_PLACEMENT_3D('',#11113,#9103,#9104);
#7857=AXIS2_PLACEMENT_3D('',#11114,#9105,#9106);
#7858=AXIS2_PLACEMENT_3D('',#11123,#9111,#9112);
#7859=AXIS2_PLACEMENT_3D('',#11129,#9116,#9117);
#7860=AXIS2_PLACEMENT_3D('',#11135,#9121,#9122);
#7861=AXIS2_PLACEMENT_3D('',#11136,#9123,#9124);
#7862=AXIS2_PLACEMENT_3D('',#11137,#9125,#9126);
#7863=AXIS2_PLACEMENT_3D('',#11138,#9127,#9128);
#7864=AXIS2_PLACEMENT_3D('',#11139,#9129,#9130);
#7865=AXIS2_PLACEMENT_3D('',#11140,#9131,#9132);
#7866=AXIS2_PLACEMENT_3D('',#11149,#9137,#9138);
#7867=AXIS2_PLACEMENT_3D('',#11155,#9142,#9143);
#7868=AXIS2_PLACEMENT_3D('',#11161,#9147,#9148);
#7869=AXIS2_PLACEMENT_3D('',#11162,#9149,#9150);
#7870=AXIS2_PLACEMENT_3D('',#11163,#9151,#9152);
#7871=AXIS2_PLACEMENT_3D('',#11164,#9153,#9154);
#7872=AXIS2_PLACEMENT_3D('',#11165,#9155,#9156);
#7873=AXIS2_PLACEMENT_3D('',#11166,#9157,#9158);
#7874=AXIS2_PLACEMENT_3D('',#11175,#9163,#9164);
#7875=AXIS2_PLACEMENT_3D('',#11181,#9168,#9169);
#7876=AXIS2_PLACEMENT_3D('',#11187,#9173,#9174);
#7877=AXIS2_PLACEMENT_3D('',#11188,#9175,#9176);
#7878=AXIS2_PLACEMENT_3D('',#11189,#9177,#9178);
#7879=AXIS2_PLACEMENT_3D('',#11190,#9179,#9180);
#7880=AXIS2_PLACEMENT_3D('',#11191,#9181,#9182);
#7881=AXIS2_PLACEMENT_3D('',#11192,#9183,#9184);
#7882=AXIS2_PLACEMENT_3D('',#11201,#9189,#9190);
#7883=AXIS2_PLACEMENT_3D('',#11207,#9194,#9195);
#7884=AXIS2_PLACEMENT_3D('',#11213,#9199,#9200);
#7885=AXIS2_PLACEMENT_3D('',#11214,#9201,#9202);
#7886=AXIS2_PLACEMENT_3D('',#11215,#9203,#9204);
#7887=AXIS2_PLACEMENT_3D('',#11216,#9205,#9206);
#7888=AXIS2_PLACEMENT_3D('',#11217,#9207,#9208);
#7889=AXIS2_PLACEMENT_3D('',#11218,#9209,#9210);
#7890=AXIS2_PLACEMENT_3D('',#11227,#9215,#9216);
#7891=AXIS2_PLACEMENT_3D('',#11233,#9220,#9221);
#7892=AXIS2_PLACEMENT_3D('',#11239,#9225,#9226);
#7893=AXIS2_PLACEMENT_3D('',#11240,#9227,#9228);
#7894=AXIS2_PLACEMENT_3D('',#11241,#9229,#9230);
#7895=AXIS2_PLACEMENT_3D('',#11242,#9231,#9232);
#7896=AXIS2_PLACEMENT_3D('',#11243,#9233,#9234);
#7897=AXIS2_PLACEMENT_3D('',#11244,#9235,#9236);
#7898=AXIS2_PLACEMENT_3D('',#11253,#9241,#9242);
#7899=AXIS2_PLACEMENT_3D('',#11259,#9246,#9247);
#7900=AXIS2_PLACEMENT_3D('',#11265,#9251,#9252);
#7901=AXIS2_PLACEMENT_3D('',#11266,#9253,#9254);
#7902=AXIS2_PLACEMENT_3D('',#11267,#9255,#9256);
#7903=AXIS2_PLACEMENT_3D('',#11268,#9257,#9258);
#7904=AXIS2_PLACEMENT_3D('',#11269,#9259,#9260);
#7905=AXIS2_PLACEMENT_3D('',#11270,#9261,#9262);
#7906=AXIS2_PLACEMENT_3D('',#11279,#9267,#9268);
#7907=AXIS2_PLACEMENT_3D('',#11285,#9272,#9273);
#7908=AXIS2_PLACEMENT_3D('',#11291,#9277,#9278);
#7909=AXIS2_PLACEMENT_3D('',#11292,#9279,#9280);
#7910=AXIS2_PLACEMENT_3D('',#11293,#9281,#9282);
#7911=AXIS2_PLACEMENT_3D('',#11294,#9283,#9284);
#7912=AXIS2_PLACEMENT_3D('',#11295,#9285,#9286);
#7913=AXIS2_PLACEMENT_3D('',#11296,#9287,#9288);
#7914=AXIS2_PLACEMENT_3D('',#11305,#9293,#9294);
#7915=AXIS2_PLACEMENT_3D('',#11311,#9298,#9299);
#7916=AXIS2_PLACEMENT_3D('',#11317,#9303,#9304);
#7917=AXIS2_PLACEMENT_3D('',#11318,#9305,#9306);
#7918=AXIS2_PLACEMENT_3D('',#11319,#9307,#9308);
#7919=AXIS2_PLACEMENT_3D('',#11320,#9309,#9310);
#7920=AXIS2_PLACEMENT_3D('',#11321,#9311,#9312);
#7921=AXIS2_PLACEMENT_3D('',#11322,#9313,#9314);
#7922=AXIS2_PLACEMENT_3D('',#11331,#9319,#9320);
#7923=AXIS2_PLACEMENT_3D('',#11337,#9324,#9325);
#7924=AXIS2_PLACEMENT_3D('',#11343,#9329,#9330);
#7925=AXIS2_PLACEMENT_3D('',#11344,#9331,#9332);
#7926=AXIS2_PLACEMENT_3D('',#11345,#9333,#9334);
#7927=AXIS2_PLACEMENT_3D('',#11346,#9335,#9336);
#7928=AXIS2_PLACEMENT_3D('',#11347,#9337,#9338);
#7929=AXIS2_PLACEMENT_3D('',#11348,#9339,#9340);
#7930=AXIS2_PLACEMENT_3D('',#11357,#9345,#9346);
#7931=AXIS2_PLACEMENT_3D('',#11363,#9350,#9351);
#7932=AXIS2_PLACEMENT_3D('',#11369,#9355,#9356);
#7933=AXIS2_PLACEMENT_3D('',#11370,#9357,#9358);
#7934=AXIS2_PLACEMENT_3D('',#11371,#9359,#9360);
#7935=AXIS2_PLACEMENT_3D('',#11372,#9361,#9362);
#7936=AXIS2_PLACEMENT_3D('',#11373,#9363,#9364);
#7937=AXIS2_PLACEMENT_3D('',#11374,#9365,#9366);
#7938=AXIS2_PLACEMENT_3D('',#11383,#9371,#9372);
#7939=AXIS2_PLACEMENT_3D('',#11389,#9376,#9377);
#7940=AXIS2_PLACEMENT_3D('',#11395,#9381,#9382);
#7941=AXIS2_PLACEMENT_3D('',#11396,#9383,#9384);
#7942=AXIS2_PLACEMENT_3D('',#11397,#9385,#9386);
#7943=AXIS2_PLACEMENT_3D('',#11398,#9387,#9388);
#7944=AXIS2_PLACEMENT_3D('',#11399,#9389,#9390);
#7945=AXIS2_PLACEMENT_3D('',#11400,#9391,#9392);
#7946=AXIS2_PLACEMENT_3D('',#11409,#9397,#9398);
#7947=AXIS2_PLACEMENT_3D('',#11415,#9402,#9403);
#7948=AXIS2_PLACEMENT_3D('',#11421,#9407,#9408);
#7949=AXIS2_PLACEMENT_3D('',#11422,#9409,#9410);
#7950=AXIS2_PLACEMENT_3D('',#11423,#9411,#9412);
#7951=AXIS2_PLACEMENT_3D('',#11424,#9413,#9414);
#7952=AXIS2_PLACEMENT_3D('',#11425,#9415,#9416);
#7953=AXIS2_PLACEMENT_3D('',#11426,#9417,#9418);
#7954=AXIS2_PLACEMENT_3D('',#11435,#9423,#9424);
#7955=AXIS2_PLACEMENT_3D('',#11441,#9428,#9429);
#7956=AXIS2_PLACEMENT_3D('',#11447,#9433,#9434);
#7957=AXIS2_PLACEMENT_3D('',#11448,#9435,#9436);
#7958=AXIS2_PLACEMENT_3D('',#11449,#9437,#9438);
#7959=AXIS2_PLACEMENT_3D('',#11450,#9439,#9440);
#7960=AXIS2_PLACEMENT_3D('',#11451,#9441,#9442);
#7961=AXIS2_PLACEMENT_3D('',#11452,#9443,#9444);
#7962=AXIS2_PLACEMENT_3D('',#11461,#9449,#9450);
#7963=AXIS2_PLACEMENT_3D('',#11467,#9454,#9455);
#7964=AXIS2_PLACEMENT_3D('',#11473,#9459,#9460);
#7965=AXIS2_PLACEMENT_3D('',#11474,#9461,#9462);
#7966=AXIS2_PLACEMENT_3D('',#11475,#9463,#9464);
#7967=AXIS2_PLACEMENT_3D('',#11476,#9465,#9466);
#7968=AXIS2_PLACEMENT_3D('',#11477,#9467,#9468);
#7969=AXIS2_PLACEMENT_3D('',#11478,#9469,#9470);
#7970=AXIS2_PLACEMENT_3D('',#11487,#9475,#9476);
#7971=AXIS2_PLACEMENT_3D('',#11493,#9480,#9481);
#7972=AXIS2_PLACEMENT_3D('',#11499,#9485,#9486);
#7973=AXIS2_PLACEMENT_3D('',#11500,#9487,#9488);
#7974=AXIS2_PLACEMENT_3D('',#11501,#9489,#9490);
#7975=AXIS2_PLACEMENT_3D('',#11502,#9491,#9492);
#7976=AXIS2_PLACEMENT_3D('',#11503,#9493,#9494);
#7977=AXIS2_PLACEMENT_3D('',#11504,#9495,#9496);
#7978=AXIS2_PLACEMENT_3D('',#11513,#9501,#9502);
#7979=AXIS2_PLACEMENT_3D('',#11519,#9506,#9507);
#7980=AXIS2_PLACEMENT_3D('',#11525,#9511,#9512);
#7981=AXIS2_PLACEMENT_3D('',#11526,#9513,#9514);
#7982=AXIS2_PLACEMENT_3D('',#11527,#9515,#9516);
#7983=AXIS2_PLACEMENT_3D('',#11528,#9517,#9518);
#7984=AXIS2_PLACEMENT_3D('',#11529,#9519,#9520);
#7985=AXIS2_PLACEMENT_3D('',#11530,#9521,#9522);
#7986=AXIS2_PLACEMENT_3D('',#11539,#9527,#9528);
#7987=AXIS2_PLACEMENT_3D('',#11545,#9532,#9533);
#7988=AXIS2_PLACEMENT_3D('',#11551,#9537,#9538);
#7989=AXIS2_PLACEMENT_3D('',#11552,#9539,#9540);
#7990=AXIS2_PLACEMENT_3D('',#11553,#9541,#9542);
#7991=AXIS2_PLACEMENT_3D('',#11554,#9543,#9544);
#7992=AXIS2_PLACEMENT_3D('',#11555,#9545,#9546);
#7993=AXIS2_PLACEMENT_3D('',#11556,#9547,#9548);
#7994=AXIS2_PLACEMENT_3D('',#11565,#9553,#9554);
#7995=AXIS2_PLACEMENT_3D('',#11571,#9558,#9559);
#7996=AXIS2_PLACEMENT_3D('',#11577,#9563,#9564);
#7997=AXIS2_PLACEMENT_3D('',#11578,#9565,#9566);
#7998=AXIS2_PLACEMENT_3D('',#11579,#9567,#9568);
#7999=AXIS2_PLACEMENT_3D('',#11580,#9569,#9570);
#8000=AXIS2_PLACEMENT_3D('',#11581,#9571,#9572);
#8001=AXIS2_PLACEMENT_3D('',#11582,#9573,#9574);
#8002=AXIS2_PLACEMENT_3D('',#11591,#9579,#9580);
#8003=AXIS2_PLACEMENT_3D('',#11597,#9584,#9585);
#8004=AXIS2_PLACEMENT_3D('',#11603,#9589,#9590);
#8005=AXIS2_PLACEMENT_3D('',#11604,#9591,#9592);
#8006=AXIS2_PLACEMENT_3D('',#11605,#9593,#9594);
#8007=AXIS2_PLACEMENT_3D('',#11606,#9595,#9596);
#8008=AXIS2_PLACEMENT_3D('',#11607,#9597,#9598);
#8009=AXIS2_PLACEMENT_3D('',#11608,#9599,#9600);
#8010=AXIS2_PLACEMENT_3D('',#11617,#9605,#9606);
#8011=AXIS2_PLACEMENT_3D('',#11623,#9610,#9611);
#8012=AXIS2_PLACEMENT_3D('',#11629,#9615,#9616);
#8013=AXIS2_PLACEMENT_3D('',#11630,#9617,#9618);
#8014=AXIS2_PLACEMENT_3D('',#11631,#9619,#9620);
#8015=AXIS2_PLACEMENT_3D('',#11632,#9621,#9622);
#8016=AXIS2_PLACEMENT_3D('',#11633,#9623,#9624);
#8017=AXIS2_PLACEMENT_3D('',#11634,#9625,#9626);
#8018=AXIS2_PLACEMENT_3D('',#11643,#9631,#9632);
#8019=AXIS2_PLACEMENT_3D('',#11649,#9636,#9637);
#8020=AXIS2_PLACEMENT_3D('',#11655,#9641,#9642);
#8021=AXIS2_PLACEMENT_3D('',#11656,#9643,#9644);
#8022=AXIS2_PLACEMENT_3D('',#11657,#9645,#9646);
#8023=AXIS2_PLACEMENT_3D('',#11658,#9647,#9648);
#8024=AXIS2_PLACEMENT_3D('',#11659,#9649,#9650);
#8025=AXIS2_PLACEMENT_3D('',#11660,#9651,#9652);
#8026=AXIS2_PLACEMENT_3D('',#11669,#9657,#9658);
#8027=AXIS2_PLACEMENT_3D('',#11675,#9662,#9663);
#8028=AXIS2_PLACEMENT_3D('',#11681,#9667,#9668);
#8029=AXIS2_PLACEMENT_3D('',#11682,#9669,#9670);
#8030=AXIS2_PLACEMENT_3D('',#11683,#9671,#9672);
#8031=AXIS2_PLACEMENT_3D('',#11684,#9673,#9674);
#8032=AXIS2_PLACEMENT_3D('',#11685,#9675,#9676);
#8033=AXIS2_PLACEMENT_3D('',#11686,#9677,#9678);
#8034=AXIS2_PLACEMENT_3D('',#11695,#9683,#9684);
#8035=AXIS2_PLACEMENT_3D('',#11701,#9688,#9689);
#8036=AXIS2_PLACEMENT_3D('',#11707,#9693,#9694);
#8037=AXIS2_PLACEMENT_3D('',#11708,#9695,#9696);
#8038=AXIS2_PLACEMENT_3D('',#11709,#9697,#9698);
#8039=AXIS2_PLACEMENT_3D('',#11710,#9699,#9700);
#8040=AXIS2_PLACEMENT_3D('',#11711,#9701,#9702);
#8041=AXIS2_PLACEMENT_3D('',#11712,#9703,#9704);
#8042=AXIS2_PLACEMENT_3D('',#11721,#9709,#9710);
#8043=AXIS2_PLACEMENT_3D('',#11727,#9714,#9715);
#8044=AXIS2_PLACEMENT_3D('',#11733,#9719,#9720);
#8045=AXIS2_PLACEMENT_3D('',#11734,#9721,#9722);
#8046=AXIS2_PLACEMENT_3D('',#11735,#9723,#9724);
#8047=AXIS2_PLACEMENT_3D('',#11736,#9725,#9726);
#8048=AXIS2_PLACEMENT_3D('',#11737,#9727,#9728);
#8049=AXIS2_PLACEMENT_3D('',#11738,#9729,#9730);
#8050=AXIS2_PLACEMENT_3D('',#11747,#9735,#9736);
#8051=AXIS2_PLACEMENT_3D('',#11753,#9740,#9741);
#8052=AXIS2_PLACEMENT_3D('',#11759,#9745,#9746);
#8053=AXIS2_PLACEMENT_3D('',#11760,#9747,#9748);
#8054=AXIS2_PLACEMENT_3D('',#11761,#9749,#9750);
#8055=AXIS2_PLACEMENT_3D('',#11762,#9751,#9752);
#8056=AXIS2_PLACEMENT_3D('',#11763,#9753,#9754);
#8057=AXIS2_PLACEMENT_3D('',#11764,#9755,#9756);
#8058=AXIS2_PLACEMENT_3D('',#11773,#9761,#9762);
#8059=AXIS2_PLACEMENT_3D('',#11779,#9766,#9767);
#8060=AXIS2_PLACEMENT_3D('',#11785,#9771,#9772);
#8061=AXIS2_PLACEMENT_3D('',#11786,#9773,#9774);
#8062=AXIS2_PLACEMENT_3D('',#11787,#9775,#9776);
#8063=AXIS2_PLACEMENT_3D('',#11788,#9777,#9778);
#8064=AXIS2_PLACEMENT_3D('',#11789,#9779,#9780);
#8065=AXIS2_PLACEMENT_3D('',#11790,#9781,#9782);
#8066=AXIS2_PLACEMENT_3D('',#11799,#9787,#9788);
#8067=AXIS2_PLACEMENT_3D('',#11805,#9792,#9793);
#8068=AXIS2_PLACEMENT_3D('',#11811,#9797,#9798);
#8069=AXIS2_PLACEMENT_3D('',#11812,#9799,#9800);
#8070=AXIS2_PLACEMENT_3D('',#11813,#9801,#9802);
#8071=AXIS2_PLACEMENT_3D('',#11814,#9803,#9804);
#8072=AXIS2_PLACEMENT_3D('',#11815,#9805,#9806);
#8073=AXIS2_PLACEMENT_3D('',#11816,#9807,#9808);
#8074=AXIS2_PLACEMENT_3D('',#11825,#9813,#9814);
#8075=AXIS2_PLACEMENT_3D('',#11831,#9818,#9819);
#8076=AXIS2_PLACEMENT_3D('',#11837,#9823,#9824);
#8077=AXIS2_PLACEMENT_3D('',#11838,#9825,#9826);
#8078=AXIS2_PLACEMENT_3D('',#11839,#9827,#9828);
#8079=AXIS2_PLACEMENT_3D('',#11840,#9829,#9830);
#8080=AXIS2_PLACEMENT_3D('',#11841,#9831,#9832);
#8081=AXIS2_PLACEMENT_3D('',#11842,#9833,#9834);
#8082=AXIS2_PLACEMENT_3D('',#11851,#9839,#9840);
#8083=AXIS2_PLACEMENT_3D('',#11857,#9844,#9845);
#8084=AXIS2_PLACEMENT_3D('',#11863,#9849,#9850);
#8085=AXIS2_PLACEMENT_3D('',#11864,#9851,#9852);
#8086=AXIS2_PLACEMENT_3D('',#11865,#9853,#9854);
#8087=AXIS2_PLACEMENT_3D('',#11866,#9855,#9856);
#8088=AXIS2_PLACEMENT_3D('',#11867,#9857,#9858);
#8089=AXIS2_PLACEMENT_3D('',#11868,#9859,#9860);
#8090=AXIS2_PLACEMENT_3D('',#11877,#9865,#9866);
#8091=AXIS2_PLACEMENT_3D('',#11883,#9870,#9871);
#8092=AXIS2_PLACEMENT_3D('',#11889,#9875,#9876);
#8093=AXIS2_PLACEMENT_3D('',#11890,#9877,#9878);
#8094=AXIS2_PLACEMENT_3D('',#11891,#9879,#9880);
#8095=AXIS2_PLACEMENT_3D('',#11892,#9881,#9882);
#8096=AXIS2_PLACEMENT_3D('',#11893,#9883,#9884);
#8097=AXIS2_PLACEMENT_3D('',#11894,#9885,#9886);
#8098=AXIS2_PLACEMENT_3D('',#11903,#9891,#9892);
#8099=AXIS2_PLACEMENT_3D('',#11909,#9896,#9897);
#8100=AXIS2_PLACEMENT_3D('',#11915,#9901,#9902);
#8101=AXIS2_PLACEMENT_3D('',#11916,#9903,#9904);
#8102=AXIS2_PLACEMENT_3D('',#11917,#9905,#9906);
#8103=AXIS2_PLACEMENT_3D('',#11918,#9907,#9908);
#8104=AXIS2_PLACEMENT_3D('',#11919,#9909,#9910);
#8105=AXIS2_PLACEMENT_3D('',#11920,#9911,#9912);
#8106=AXIS2_PLACEMENT_3D('',#11929,#9917,#9918);
#8107=AXIS2_PLACEMENT_3D('',#11935,#9922,#9923);
#8108=AXIS2_PLACEMENT_3D('',#11941,#9927,#9928);
#8109=AXIS2_PLACEMENT_3D('',#11942,#9929,#9930);
#8110=AXIS2_PLACEMENT_3D('',#11943,#9931,#9932);
#8111=AXIS2_PLACEMENT_3D('',#11944,#9933,#9934);
#8112=AXIS2_PLACEMENT_3D('',#11945,#9935,#9936);
#8113=AXIS2_PLACEMENT_3D('',#11946,#9937,#9938);
#8114=AXIS2_PLACEMENT_3D('',#11955,#9943,#9944);
#8115=AXIS2_PLACEMENT_3D('',#11961,#9948,#9949);
#8116=AXIS2_PLACEMENT_3D('',#11967,#9953,#9954);
#8117=AXIS2_PLACEMENT_3D('',#11968,#9955,#9956);
#8118=AXIS2_PLACEMENT_3D('',#11969,#9957,#9958);
#8119=AXIS2_PLACEMENT_3D('',#11970,#9959,#9960);
#8120=AXIS2_PLACEMENT_3D('',#11971,#9961,#9962);
#8121=AXIS2_PLACEMENT_3D('placement',#11972,#9963,#9964);
#8122=AXIS2_PLACEMENT_3D('',#11973,#9965,#9966);
#8123=AXIS2_PLACEMENT_3D('',#11975,#9967,#9968);
#8124=AXIS2_PLACEMENT_3D('',#11978,#9970,#9971);
#8125=AXIS2_PLACEMENT_3D('',#11979,#9972,#9973);
#8126=AXIS2_PLACEMENT_3D('',#11980,#9974,#9975);
#8127=AXIS2_PLACEMENT_3D('placement',#11981,#9976,#9977);
#8128=AXIS2_PLACEMENT_3D('',#11982,#9978,#9979);
#8129=AXIS2_PLACEMENT_3D('',#11991,#9984,#9985);
#8130=AXIS2_PLACEMENT_3D('',#12000,#9990,#9991);
#8131=AXIS2_PLACEMENT_3D('',#12011,#9994,#9995);
#8132=AXIS2_PLACEMENT_3D('',#12017,#9999,#10000);
#8133=AXIS2_PLACEMENT_3D('',#12023,#10004,#10005);
#8134=AXIS2_PLACEMENT_3D('',#12029,#10009,#10010);
#8135=AXIS2_PLACEMENT_3D('',#12035,#10014,#10015);
#8136=AXIS2_PLACEMENT_3D('',#12057,#10019,#10020);
#8137=AXIS2_PLACEMENT_3D('',#12110,#10034,#10035);
#8138=AXIS2_PLACEMENT_3D('',#12114,#10038,#10039);
#8139=AXIS2_PLACEMENT_3D('',#12118,#10042,#10043);
#8140=AXIS2_PLACEMENT_3D('',#12122,#10046,#10047);
#8141=AXIS2_PLACEMENT_3D('',#12126,#10050,#10051);
#8142=AXIS2_PLACEMENT_3D('',#12130,#10054,#10055);
#8143=AXIS2_PLACEMENT_3D('',#12134,#10058,#10059);
#8144=AXIS2_PLACEMENT_3D('',#12138,#10062,#10063);
#8145=AXIS2_PLACEMENT_3D('',#12142,#10066,#10067);
#8146=AXIS2_PLACEMENT_3D('',#12146,#10070,#10071);
#8147=AXIS2_PLACEMENT_3D('',#12150,#10074,#10075);
#8148=AXIS2_PLACEMENT_3D('',#12182,#10080,#10081);
#8149=AXIS2_PLACEMENT_3D('',#12184,#10083,#10084);
#8150=AXIS2_PLACEMENT_3D('',#12226,#10088,#10089);
#8151=AXIS2_PLACEMENT_3D('',#12232,#10093,#10094);
#8152=AXIS2_PLACEMENT_3D('',#12238,#10098,#10099);
#8153=AXIS2_PLACEMENT_3D('',#12301,#10106,#10107);
#8154=AXIS2_PLACEMENT_3D('',#12307,#10111,#10112);
#8155=AXIS2_PLACEMENT_3D('',#12313,#10116,#10117);
#8156=AXIS2_PLACEMENT_3D('',#12373,#10123,#10124);
#8157=AXIS2_PLACEMENT_3D('',#12374,#10125,#10126);
#8158=AXIS2_PLACEMENT_3D('',#12375,#10127,#10128);
#8159=AXIS2_PLACEMENT_3D('',#12384,#10133,#10134);
#8160=AXIS2_PLACEMENT_3D('',#12390,#10138,#10139);
#8161=AXIS2_PLACEMENT_3D('',#12396,#10143,#10144);
#8162=AXIS2_PLACEMENT_3D('',#12402,#10148,#10149);
#8163=AXIS2_PLACEMENT_3D('',#12408,#10153,#10154);
#8164=AXIS2_PLACEMENT_3D('',#12414,#10158,#10159);
#8165=AXIS2_PLACEMENT_3D('',#12420,#10163,#10164);
#8166=AXIS2_PLACEMENT_3D('',#12426,#10168,#10169);
#8167=AXIS2_PLACEMENT_3D('',#12432,#10173,#10174);
#8168=AXIS2_PLACEMENT_3D('',#12438,#10178,#10179);
#8169=AXIS2_PLACEMENT_3D('',#12444,#10183,#10184);
#8170=AXIS2_PLACEMENT_3D('',#12447,#10187,#10188);
#8171=AXIS2_PLACEMENT_3D('',#12448,#10189,#10190);
#8172=AXIS2_PLACEMENT_3D('',#12449,#10191,#10192);
#8173=AXIS2_PLACEMENT_3D('',#12450,#10193,#10194);
#8174=AXIS2_PLACEMENT_3D('',#12451,#10195,#10196);
#8175=AXIS2_PLACEMENT_3D('',#12452,#10197,#10198);
#8176=DIRECTION('axis',(0.,0.,1.));
#8177=DIRECTION('refdir',(1.,0.,0.));
#8178=DIRECTION('axis',(0.,0.,1.));
#8179=DIRECTION('refdir',(1.,0.,0.));
#8180=DIRECTION('center_axis',(-0.816496580927725,0.408248290463866,0.408248290463862));
#8181=DIRECTION('ref_axis',(0.577350269189627,0.577350269189627,0.577350269189623));
#8182=DIRECTION('center_axis',(0.,1.,0.));
#8183=DIRECTION('ref_axis',(1.,0.,0.));
#8184=DIRECTION('center_axis',(0.,0.,1.));
#8185=DIRECTION('ref_axis',(0.,1.,0.));
#8186=DIRECTION('center_axis',(1.,0.,0.));
#8187=DIRECTION('ref_axis',(0.,0.,1.));
#8188=DIRECTION('center_axis',(0.,0.,1.));
#8189=DIRECTION('ref_axis',(0.707106781186547,0.707106781186547,0.));
#8190=DIRECTION('center_axis',(0.,0.,1.));
#8191=DIRECTION('ref_axis',(0.707106781186547,0.707106781186547,0.));
#8192=DIRECTION('',(0.,0.,1.));
#8193=DIRECTION('',(0.,0.,-1.));
#8194=DIRECTION('center_axis',(-0.408248290463865,0.408248290463859,-0.816496580927727));
#8195=DIRECTION('ref_axis',(-0.577350269189627,0.577350269189627,0.577350269189623));
#8196=DIRECTION('center_axis',(-1.,0.,0.));
#8197=DIRECTION('ref_axis',(0.,1.,0.));
#8198=DIRECTION('center_axis',(0.,0.,1.));
#8199=DIRECTION('ref_axis',(-1.,0.,0.));
#8200=DIRECTION('center_axis',(0.,1.,0.));
#8201=DIRECTION('ref_axis',(0.,0.,1.));
#8202=DIRECTION('center_axis',(0.,0.,1.));
#8203=DIRECTION('ref_axis',(-0.707106781186547,0.707106781186547,0.));
#8204=DIRECTION('center_axis',(0.,0.,1.));
#8205=DIRECTION('ref_axis',(-0.707106781186547,0.707106781186547,0.));
#8206=DIRECTION('',(0.,0.,1.));
#8207=DIRECTION('',(0.,0.,-1.));
#8208=DIRECTION('center_axis',(0.408248290463865,-0.408248290463859,-0.816496580927727));
#8209=DIRECTION('ref_axis',(0.577350269189627,-0.577350269189627,0.577350269189623));
#8210=DIRECTION('center_axis',(1.,0.,0.));
#8211=DIRECTION('ref_axis',(0.,-1.,0.));
#8212=DIRECTION('center_axis',(0.,0.,1.));
#8213=DIRECTION('ref_axis',(1.,0.,0.));
#8214=DIRECTION('center_axis',(0.,-1.,0.));
#8215=DIRECTION('ref_axis',(0.,0.,1.));
#8216=DIRECTION('center_axis',(0.,0.,1.));
#8217=DIRECTION('ref_axis',(0.707106781186547,-0.707106781186547,0.));
#8218=DIRECTION('center_axis',(0.,0.,1.));
#8219=DIRECTION('ref_axis',(0.707106781186547,-0.707106781186547,0.));
#8220=DIRECTION('',(0.,0.,1.));
#8221=DIRECTION('',(0.,0.,-1.));
#8222=DIRECTION('center_axis',(0.,1.,0.));
#8223=DIRECTION('ref_axis',(0.707106781186547,0.,0.707106781186547));
#8224=DIRECTION('',(0.,-1.,0.));
#8225=DIRECTION('',(0.,1.,0.));
#8226=DIRECTION('center_axis',(-0.816496580927725,0.408248290463866,-0.408248290463862));
#8227=DIRECTION('ref_axis',(-0.577350269189627,-0.577350269189627,0.577350269189623));
#8228=DIRECTION('center_axis',(0.,-1.,0.));
#8229=DIRECTION('ref_axis',(-1.,0.,0.));
#8230=DIRECTION('center_axis',(0.,0.,1.));
#8231=DIRECTION('ref_axis',(0.,-1.,0.));
#8232=DIRECTION('center_axis',(-1.,0.,0.));
#8233=DIRECTION('ref_axis',(0.,0.,1.));
#8234=DIRECTION('center_axis',(0.,0.,1.));
#8235=DIRECTION('ref_axis',(-0.707106781186547,-0.707106781186547,0.));
#8236=DIRECTION('center_axis',(0.,0.,1.));
#8237=DIRECTION('ref_axis',(-0.707106781186547,-0.707106781186547,0.));
#8238=DIRECTION('',(0.,0.,1.));
#8239=DIRECTION('',(0.,0.,-1.));
#8240=DIRECTION('center_axis',(1.,0.,0.));
#8241=DIRECTION('ref_axis',(0.,-0.707106781186547,0.707106781186547));
#8242=DIRECTION('',(-1.,0.,0.));
#8243=DIRECTION('',(1.,0.,0.));
#8244=DIRECTION('center_axis',(0.,-1.,0.));
#8245=DIRECTION('ref_axis',(-0.707106781186547,0.,0.707106781186547));
#8246=DIRECTION('',(0.,1.,0.));
#8247=DIRECTION('',(0.,-1.,0.));
#8248=DIRECTION('center_axis',(-1.,0.,0.));
#8249=DIRECTION('ref_axis',(0.,0.707106781186547,0.707106781186547));
#8250=DIRECTION('',(1.,0.,0.));
#8251=DIRECTION('',(-1.,0.,0.));
#8252=DIRECTION('center_axis',(1.,0.,0.));
#8253=DIRECTION('ref_axis',(0.,1.,0.));
#8254=DIRECTION('',(0.,1.,0.));
#8255=DIRECTION('center_axis',(0.,-1.,0.));
#8256=DIRECTION('ref_axis',(1.,0.,0.));
#8257=DIRECTION('',(1.,0.,0.));
#8258=DIRECTION('center_axis',(0.,0.,1.));
#8259=DIRECTION('ref_axis',(1.,0.,0.));
#8260=DIRECTION('center_axis',(-1.,0.,0.));
#8261=DIRECTION('ref_axis',(0.,-1.,0.));
#8262=DIRECTION('',(0.,-1.,0.));
#8263=DIRECTION('center_axis',(0.,1.,0.));
#8264=DIRECTION('ref_axis',(-1.,0.,0.));
#8265=DIRECTION('',(-1.,0.,0.));
#8266=DIRECTION('center_axis',(0.,0.,1.));
#8267=DIRECTION('ref_axis',(1.,0.,0.));
#8268=DIRECTION('axis',(0.,0.,1.));
#8269=DIRECTION('refdir',(1.,0.,0.));
#8270=DIRECTION('center_axis',(-0.707106781186547,0.707106781186548,0.));
#8271=DIRECTION('ref_axis',(0.,0.,1.));
#8272=DIRECTION('',(0.707106781186548,0.707106781186547,0.));
#8273=DIRECTION('',(0.,0.,-1.));
#8274=DIRECTION('',(-0.707106781186548,-0.707106781186547,0.));
#8275=DIRECTION('',(0.,0.,1.));
#8276=DIRECTION('center_axis',(0.,0.,1.));
#8277=DIRECTION('ref_axis',(1.,0.,0.));
#8278=DIRECTION('',(-1.,-1.27611841910938E-16,0.));
#8279=DIRECTION('',(-1.91417762866406E-16,1.,0.));
#8280=DIRECTION('',(1.,2.55223683821875E-16,0.));
#8281=DIRECTION('',(1.27611841910938E-16,-1.,0.));
#8282=DIRECTION('center_axis',(-1.27611841910938E-16,1.,0.));
#8283=DIRECTION('ref_axis',(-1.,-1.27611841910938E-16,0.));
#8284=DIRECTION('',(-1.,-1.27611841910938E-16,0.));
#8285=DIRECTION('',(0.,0.,1.));
#8286=DIRECTION('center_axis',(1.,1.91417762866406E-16,0.));
#8287=DIRECTION('ref_axis',(-1.91417762866406E-16,1.,0.));
#8288=DIRECTION('',(-1.91417762866406E-16,1.,0.));
#8289=DIRECTION('',(0.,0.,1.));
#8290=DIRECTION('center_axis',(2.55223683821875E-16,-1.,0.));
#8291=DIRECTION('ref_axis',(1.,2.55223683821875E-16,0.));
#8292=DIRECTION('',(1.,2.55223683821875E-16,0.));
#8293=DIRECTION('',(0.,0.,1.));
#8294=DIRECTION('center_axis',(-1.,-1.27611841910938E-16,0.));
#8295=DIRECTION('ref_axis',(1.27611841910938E-16,-1.,0.));
#8296=DIRECTION('',(1.27611841910938E-16,-1.,0.));
#8297=DIRECTION('center_axis',(0.,0.,1.));
#8298=DIRECTION('ref_axis',(1.,0.,0.));
#8299=DIRECTION('center_axis',(-1.22464679914735E-16,-1.,0.));
#8300=DIRECTION('ref_axis',(1.,-1.22464679914735E-16,0.));
#8301=DIRECTION('',(1.,-1.22464679914735E-16,0.));
#8302=DIRECTION('',(0.,0.,1.));
#8303=DIRECTION('',(1.,-1.22464679914735E-16,0.));
#8304=DIRECTION('',(0.,0.,1.));
#8305=DIRECTION('center_axis',(-1.,-6.97586417819753E-16,0.));
#8306=DIRECTION('ref_axis',(6.97586417819753E-16,-1.,0.));
#8307=DIRECTION('',(6.97586417819753E-16,-1.,0.));
#8308=DIRECTION('',(6.97586417819753E-16,-1.,0.));
#8309=DIRECTION('',(0.,0.,1.));
#8310=DIRECTION('center_axis',(1.,2.4467256367824E-16,0.));
#8311=DIRECTION('ref_axis',(-2.4467256367824E-16,1.,0.));
#8312=DIRECTION('',(-2.4467256367824E-16,1.,0.));
#8313=DIRECTION('',(0.,0.,-1.));
#8314=DIRECTION('',(-2.4467256367824E-16,1.,0.));
#8315=DIRECTION('center_axis',(0.,0.,1.));
#8316=DIRECTION('ref_axis',(-1.,1.22464679914735E-16,0.));
#8317=DIRECTION('center_axis',(0.,0.,1.));
#8318=DIRECTION('ref_axis',(-1.,1.22464679914735E-16,0.));
#8319=DIRECTION('center_axis',(0.,0.,1.));
#8320=DIRECTION('ref_axis',(-1.,1.22464679914735E-16,0.));
#8321=DIRECTION('center_axis',(0.,0.,1.));
#8322=DIRECTION('ref_axis',(-1.,1.22464679914735E-16,0.));
#8323=DIRECTION('center_axis',(0.,0.,1.));
#8324=DIRECTION('ref_axis',(-1.,1.22464679914735E-16,0.));
#8325=DIRECTION('center_axis',(-1.22464679914735E-16,-1.,0.));
#8326=DIRECTION('ref_axis',(1.,-1.22464679914735E-16,0.));
#8327=DIRECTION('',(1.,-1.22464679914735E-16,0.));
#8328=DIRECTION('',(0.,0.,1.));
#8329=DIRECTION('',(1.,-1.22464679914735E-16,0.));
#8330=DIRECTION('',(0.,0.,1.));
#8331=DIRECTION('center_axis',(-1.,-6.97586417819753E-16,0.));
#8332=DIRECTION('ref_axis',(6.97586417819753E-16,-1.,0.));
#8333=DIRECTION('',(6.97586417819753E-16,-1.,0.));
#8334=DIRECTION('',(6.97586417819753E-16,-1.,0.));
#8335=DIRECTION('',(0.,0.,1.));
#8336=DIRECTION('center_axis',(1.,2.4467256367824E-16,0.));
#8337=DIRECTION('ref_axis',(-2.4467256367824E-16,1.,0.));
#8338=DIRECTION('',(-2.4467256367824E-16,1.,0.));
#8339=DIRECTION('',(0.,0.,-1.));
#8340=DIRECTION('',(-2.4467256367824E-16,1.,0.));
#8341=DIRECTION('center_axis',(0.,0.,1.));
#8342=DIRECTION('ref_axis',(-1.,1.22464679914735E-16,0.));
#8343=DIRECTION('center_axis',(0.,0.,1.));
#8344=DIRECTION('ref_axis',(-1.,1.22464679914735E-16,0.));
#8345=DIRECTION('center_axis',(0.,0.,1.));
#8346=DIRECTION('ref_axis',(-1.,1.22464679914735E-16,0.));
#8347=DIRECTION('center_axis',(0.,0.,1.));
#8348=DIRECTION('ref_axis',(-1.,1.22464679914735E-16,0.));
#8349=DIRECTION('center_axis',(0.,0.,1.));
#8350=DIRECTION('ref_axis',(-1.,1.22464679914735E-16,0.));
#8351=DIRECTION('center_axis',(-1.22464679914735E-16,-1.,0.));
#8352=DIRECTION('ref_axis',(1.,-1.22464679914735E-16,0.));
#8353=DIRECTION('',(1.,-1.22464679914735E-16,0.));
#8354=DIRECTION('',(0.,0.,1.));
#8355=DIRECTION('',(1.,-1.22464679914735E-16,0.));
#8356=DIRECTION('',(0.,0.,1.));
#8357=DIRECTION('center_axis',(-1.,-6.97586417819753E-16,0.));
#8358=DIRECTION('ref_axis',(6.97586417819753E-16,-1.,0.));
#8359=DIRECTION('',(6.97586417819753E-16,-1.,0.));
#8360=DIRECTION('',(6.97586417819753E-16,-1.,0.));
#8361=DIRECTION('',(0.,0.,1.));
#8362=DIRECTION('center_axis',(1.,2.4467256367824E-16,0.));
#8363=DIRECTION('ref_axis',(-2.4467256367824E-16,1.,0.));
#8364=DIRECTION('',(-2.4467256367824E-16,1.,0.));
#8365=DIRECTION('',(0.,0.,-1.));
#8366=DIRECTION('',(-2.4467256367824E-16,1.,0.));
#8367=DIRECTION('center_axis',(0.,0.,1.));
#8368=DIRECTION('ref_axis',(-1.,1.22464679914735E-16,0.));
#8369=DIRECTION('center_axis',(0.,0.,1.));
#8370=DIRECTION('ref_axis',(-1.,1.22464679914735E-16,0.));
#8371=DIRECTION('center_axis',(0.,0.,1.));
#8372=DIRECTION('ref_axis',(-1.,1.22464679914735E-16,0.));
#8373=DIRECTION('center_axis',(0.,0.,1.));
#8374=DIRECTION('ref_axis',(-1.,1.22464679914735E-16,0.));
#8375=DIRECTION('center_axis',(0.,0.,1.));
#8376=DIRECTION('ref_axis',(-1.,1.22464679914735E-16,0.));
#8377=DIRECTION('center_axis',(-1.22464679914735E-16,-1.,0.));
#8378=DIRECTION('ref_axis',(1.,-1.22464679914735E-16,0.));
#8379=DIRECTION('',(1.,-1.22464679914735E-16,0.));
#8380=DIRECTION('',(0.,0.,1.));
#8381=DIRECTION('',(1.,-1.22464679914735E-16,0.));
#8382=DIRECTION('',(0.,0.,1.));
#8383=DIRECTION('center_axis',(-1.,-6.97586417819753E-16,0.));
#8384=DIRECTION('ref_axis',(6.97586417819753E-16,-1.,0.));
#8385=DIRECTION('',(6.97586417819753E-16,-1.,0.));
#8386=DIRECTION('',(6.97586417819753E-16,-1.,0.));
#8387=DIRECTION('',(0.,0.,1.));
#8388=DIRECTION('center_axis',(1.,2.4467256367824E-16,0.));
#8389=DIRECTION('ref_axis',(-2.4467256367824E-16,1.,0.));
#8390=DIRECTION('',(-2.4467256367824E-16,1.,0.));
#8391=DIRECTION('',(0.,0.,-1.));
#8392=DIRECTION('',(-2.4467256367824E-16,1.,0.));
#8393=DIRECTION('center_axis',(0.,0.,1.));
#8394=DIRECTION('ref_axis',(-1.,1.22464679914735E-16,0.));
#8395=DIRECTION('center_axis',(0.,0.,1.));
#8396=DIRECTION('ref_axis',(-1.,1.22464679914735E-16,0.));
#8397=DIRECTION('center_axis',(0.,0.,1.));
#8398=DIRECTION('ref_axis',(-1.,1.22464679914735E-16,0.));
#8399=DIRECTION('center_axis',(0.,0.,1.));
#8400=DIRECTION('ref_axis',(-1.,1.22464679914735E-16,0.));
#8401=DIRECTION('center_axis',(0.,0.,1.));
#8402=DIRECTION('ref_axis',(-1.,1.22464679914735E-16,0.));
#8403=DIRECTION('center_axis',(-1.22464679914735E-16,-1.,0.));
#8404=DIRECTION('ref_axis',(1.,-1.22464679914735E-16,0.));
#8405=DIRECTION('',(1.,-1.22464679914735E-16,0.));
#8406=DIRECTION('',(0.,0.,1.));
#8407=DIRECTION('',(1.,-1.22464679914735E-16,0.));
#8408=DIRECTION('',(0.,0.,1.));
#8409=DIRECTION('center_axis',(-1.,-6.97586417819753E-16,0.));
#8410=DIRECTION('ref_axis',(6.97586417819753E-16,-1.,0.));
#8411=DIRECTION('',(6.97586417819753E-16,-1.,0.));
#8412=DIRECTION('',(6.97586417819753E-16,-1.,0.));
#8413=DIRECTION('',(0.,0.,1.));
#8414=DIRECTION('center_axis',(1.,2.4467256367824E-16,0.));
#8415=DIRECTION('ref_axis',(-2.4467256367824E-16,1.,0.));
#8416=DIRECTION('',(-2.4467256367824E-16,1.,0.));
#8417=DIRECTION('',(0.,0.,-1.));
#8418=DIRECTION('',(-2.4467256367824E-16,1.,0.));
#8419=DIRECTION('center_axis',(0.,0.,1.));
#8420=DIRECTION('ref_axis',(-1.,1.22464679914735E-16,0.));
#8421=DIRECTION('center_axis',(0.,0.,1.));
#8422=DIRECTION('ref_axis',(-1.,1.22464679914735E-16,0.));
#8423=DIRECTION('center_axis',(0.,0.,1.));
#8424=DIRECTION('ref_axis',(-1.,1.22464679914735E-16,0.));
#8425=DIRECTION('center_axis',(0.,0.,1.));
#8426=DIRECTION('ref_axis',(-1.,1.22464679914735E-16,0.));
#8427=DIRECTION('center_axis',(0.,0.,1.));
#8428=DIRECTION('ref_axis',(-1.,1.22464679914735E-16,0.));
#8429=DIRECTION('center_axis',(-1.22464679914735E-16,-1.,0.));
#8430=DIRECTION('ref_axis',(1.,-1.22464679914735E-16,0.));
#8431=DIRECTION('',(1.,-1.22464679914735E-16,0.));
#8432=DIRECTION('',(0.,0.,1.));
#8433=DIRECTION('',(1.,-1.22464679914735E-16,0.));
#8434=DIRECTION('',(0.,0.,1.));
#8435=DIRECTION('center_axis',(-1.,-6.97586417819753E-16,0.));
#8436=DIRECTION('ref_axis',(6.97586417819753E-16,-1.,0.));
#8437=DIRECTION('',(6.97586417819753E-16,-1.,0.));
#8438=DIRECTION('',(6.97586417819753E-16,-1.,0.));
#8439=DIRECTION('',(0.,0.,1.));
#8440=DIRECTION('center_axis',(1.,2.4467256367824E-16,0.));
#8441=DIRECTION('ref_axis',(-2.4467256367824E-16,1.,0.));
#8442=DIRECTION('',(-2.4467256367824E-16,1.,0.));
#8443=DIRECTION('',(0.,0.,-1.));
#8444=DIRECTION('',(-2.4467256367824E-16,1.,0.));
#8445=DIRECTION('center_axis',(0.,0.,1.));
#8446=DIRECTION('ref_axis',(-1.,1.22464679914735E-16,0.));
#8447=DIRECTION('center_axis',(0.,0.,1.));
#8448=DIRECTION('ref_axis',(-1.,1.22464679914735E-16,0.));
#8449=DIRECTION('center_axis',(0.,0.,1.));
#8450=DIRECTION('ref_axis',(-1.,1.22464679914735E-16,0.));
#8451=DIRECTION('center_axis',(0.,0.,1.));
#8452=DIRECTION('ref_axis',(-1.,1.22464679914735E-16,0.));
#8453=DIRECTION('center_axis',(0.,0.,1.));
#8454=DIRECTION('ref_axis',(-1.,1.22464679914735E-16,0.));
#8455=DIRECTION('center_axis',(-1.22464679914735E-16,-1.,0.));
#8456=DIRECTION('ref_axis',(1.,-1.22464679914735E-16,0.));
#8457=DIRECTION('',(1.,-1.22464679914735E-16,0.));
#8458=DIRECTION('',(0.,0.,1.));
#8459=DIRECTION('',(1.,-1.22464679914735E-16,0.));
#8460=DIRECTION('',(0.,0.,1.));
#8461=DIRECTION('center_axis',(-1.,-6.97586417819753E-16,0.));
#8462=DIRECTION('ref_axis',(6.97586417819753E-16,-1.,0.));
#8463=DIRECTION('',(6.97586417819753E-16,-1.,0.));
#8464=DIRECTION('',(6.97586417819753E-16,-1.,0.));
#8465=DIRECTION('',(0.,0.,1.));
#8466=DIRECTION('center_axis',(1.,2.4467256367824E-16,0.));
#8467=DIRECTION('ref_axis',(-2.4467256367824E-16,1.,0.));
#8468=DIRECTION('',(-2.4467256367824E-16,1.,0.));
#8469=DIRECTION('',(0.,0.,-1.));
#8470=DIRECTION('',(-2.4467256367824E-16,1.,0.));
#8471=DIRECTION('center_axis',(0.,0.,1.));
#8472=DIRECTION('ref_axis',(-1.,1.22464679914735E-16,0.));
#8473=DIRECTION('center_axis',(0.,0.,1.));
#8474=DIRECTION('ref_axis',(-1.,1.22464679914735E-16,0.));
#8475=DIRECTION('center_axis',(0.,0.,1.));
#8476=DIRECTION('ref_axis',(-1.,1.22464679914735E-16,0.));
#8477=DIRECTION('center_axis',(0.,0.,1.));
#8478=DIRECTION('ref_axis',(-1.,1.22464679914735E-16,0.));
#8479=DIRECTION('center_axis',(0.,0.,1.));
#8480=DIRECTION('ref_axis',(-1.,1.22464679914735E-16,0.));
#8481=DIRECTION('center_axis',(-1.22464679914735E-16,-1.,0.));
#8482=DIRECTION('ref_axis',(1.,-1.22464679914735E-16,0.));
#8483=DIRECTION('',(1.,-1.22464679914735E-16,0.));
#8484=DIRECTION('',(0.,0.,1.));
#8485=DIRECTION('',(1.,-1.22464679914735E-16,0.));
#8486=DIRECTION('',(0.,0.,1.));
#8487=DIRECTION('center_axis',(-1.,-6.97586417819753E-16,0.));
#8488=DIRECTION('ref_axis',(6.97586417819753E-16,-1.,0.));
#8489=DIRECTION('',(6.97586417819753E-16,-1.,0.));
#8490=DIRECTION('',(6.97586417819753E-16,-1.,0.));
#8491=DIRECTION('',(0.,0.,1.));
#8492=DIRECTION('center_axis',(1.,2.4467256367824E-16,0.));
#8493=DIRECTION('ref_axis',(-2.4467256367824E-16,1.,0.));
#8494=DIRECTION('',(-2.4467256367824E-16,1.,0.));
#8495=DIRECTION('',(0.,0.,-1.));
#8496=DIRECTION('',(-2.4467256367824E-16,1.,0.));
#8497=DIRECTION('center_axis',(0.,0.,1.));
#8498=DIRECTION('ref_axis',(-1.,1.22464679914735E-16,0.));
#8499=DIRECTION('center_axis',(0.,0.,1.));
#8500=DIRECTION('ref_axis',(-1.,1.22464679914735E-16,0.));
#8501=DIRECTION('center_axis',(0.,0.,1.));
#8502=DIRECTION('ref_axis',(-1.,1.22464679914735E-16,0.));
#8503=DIRECTION('center_axis',(0.,0.,1.));
#8504=DIRECTION('ref_axis',(-1.,1.22464679914735E-16,0.));
#8505=DIRECTION('center_axis',(0.,0.,1.));
#8506=DIRECTION('ref_axis',(-1.,1.22464679914735E-16,0.));
#8507=DIRECTION('center_axis',(-1.22464679914735E-16,-1.,0.));
#8508=DIRECTION('ref_axis',(1.,-1.22464679914735E-16,0.));
#8509=DIRECTION('',(1.,-1.22464679914735E-16,0.));
#8510=DIRECTION('',(0.,0.,1.));
#8511=DIRECTION('',(1.,-1.22464679914735E-16,0.));
#8512=DIRECTION('',(0.,0.,1.));
#8513=DIRECTION('center_axis',(-1.,-6.97586417819753E-16,0.));
#8514=DIRECTION('ref_axis',(6.97586417819753E-16,-1.,0.));
#8515=DIRECTION('',(6.97586417819753E-16,-1.,0.));
#8516=DIRECTION('',(6.97586417819753E-16,-1.,0.));
#8517=DIRECTION('',(0.,0.,1.));
#8518=DIRECTION('center_axis',(1.,2.4467256367824E-16,0.));
#8519=DIRECTION('ref_axis',(-2.4467256367824E-16,1.,0.));
#8520=DIRECTION('',(-2.4467256367824E-16,1.,0.));
#8521=DIRECTION('',(0.,0.,-1.));
#8522=DIRECTION('',(-2.4467256367824E-16,1.,0.));
#8523=DIRECTION('center_axis',(0.,0.,1.));
#8524=DIRECTION('ref_axis',(-1.,1.22464679914735E-16,0.));
#8525=DIRECTION('center_axis',(0.,0.,1.));
#8526=DIRECTION('ref_axis',(-1.,1.22464679914735E-16,0.));
#8527=DIRECTION('center_axis',(0.,0.,1.));
#8528=DIRECTION('ref_axis',(-1.,1.22464679914735E-16,0.));
#8529=DIRECTION('center_axis',(0.,0.,1.));
#8530=DIRECTION('ref_axis',(-1.,1.22464679914735E-16,0.));
#8531=DIRECTION('center_axis',(0.,0.,1.));
#8532=DIRECTION('ref_axis',(-1.,1.22464679914735E-16,0.));
#8533=DIRECTION('center_axis',(-1.22464679914735E-16,-1.,0.));
#8534=DIRECTION('ref_axis',(1.,-1.22464679914735E-16,0.));
#8535=DIRECTION('',(1.,-1.22464679914735E-16,0.));
#8536=DIRECTION('',(0.,0.,1.));
#8537=DIRECTION('',(1.,-1.22464679914735E-16,0.));
#8538=DIRECTION('',(0.,0.,1.));
#8539=DIRECTION('center_axis',(-1.,-6.97586417819753E-16,0.));
#8540=DIRECTION('ref_axis',(6.97586417819753E-16,-1.,0.));
#8541=DIRECTION('',(6.97586417819753E-16,-1.,0.));
#8542=DIRECTION('',(6.97586417819753E-16,-1.,0.));
#8543=DIRECTION('',(0.,0.,1.));
#8544=DIRECTION('center_axis',(1.,2.4467256367824E-16,0.));
#8545=DIRECTION('ref_axis',(-2.4467256367824E-16,1.,0.));
#8546=DIRECTION('',(-2.4467256367824E-16,1.,0.));
#8547=DIRECTION('',(0.,0.,-1.));
#8548=DIRECTION('',(-2.4467256367824E-16,1.,0.));
#8549=DIRECTION('center_axis',(0.,0.,1.));
#8550=DIRECTION('ref_axis',(-1.,1.22464679914735E-16,0.));
#8551=DIRECTION('center_axis',(0.,0.,1.));
#8552=DIRECTION('ref_axis',(-1.,1.22464679914735E-16,0.));
#8553=DIRECTION('center_axis',(0.,0.,1.));
#8554=DIRECTION('ref_axis',(-1.,1.22464679914735E-16,0.));
#8555=DIRECTION('center_axis',(0.,0.,1.));
#8556=DIRECTION('ref_axis',(-1.,1.22464679914735E-16,0.));
#8557=DIRECTION('center_axis',(0.,0.,1.));
#8558=DIRECTION('ref_axis',(-1.,1.22464679914735E-16,0.));
#8559=DIRECTION('center_axis',(-1.22464679914735E-16,-1.,0.));
#8560=DIRECTION('ref_axis',(1.,-1.22464679914735E-16,0.));
#8561=DIRECTION('',(1.,-1.22464679914735E-16,0.));
#8562=DIRECTION('',(0.,0.,1.));
#8563=DIRECTION('',(1.,-1.22464679914735E-16,0.));
#8564=DIRECTION('',(0.,0.,1.));
#8565=DIRECTION('center_axis',(-1.,-6.97586417819753E-16,0.));
#8566=DIRECTION('ref_axis',(6.97586417819753E-16,-1.,0.));
#8567=DIRECTION('',(6.97586417819753E-16,-1.,0.));
#8568=DIRECTION('',(6.97586417819753E-16,-1.,0.));
#8569=DIRECTION('',(0.,0.,1.));
#8570=DIRECTION('center_axis',(1.,2.4467256367824E-16,0.));
#8571=DIRECTION('ref_axis',(-2.4467256367824E-16,1.,0.));
#8572=DIRECTION('',(-2.4467256367824E-16,1.,0.));
#8573=DIRECTION('',(0.,0.,-1.));
#8574=DIRECTION('',(-2.4467256367824E-16,1.,0.));
#8575=DIRECTION('center_axis',(0.,0.,1.));
#8576=DIRECTION('ref_axis',(-1.,1.22464679914735E-16,0.));
#8577=DIRECTION('center_axis',(0.,0.,1.));
#8578=DIRECTION('ref_axis',(-1.,1.22464679914735E-16,0.));
#8579=DIRECTION('center_axis',(0.,0.,1.));
#8580=DIRECTION('ref_axis',(-1.,1.22464679914735E-16,0.));
#8581=DIRECTION('center_axis',(0.,0.,1.));
#8582=DIRECTION('ref_axis',(-1.,1.22464679914735E-16,0.));
#8583=DIRECTION('center_axis',(0.,0.,1.));
#8584=DIRECTION('ref_axis',(-1.,1.22464679914735E-16,0.));
#8585=DIRECTION('center_axis',(-1.22464679914735E-16,-1.,0.));
#8586=DIRECTION('ref_axis',(1.,-1.22464679914735E-16,0.));
#8587=DIRECTION('',(1.,-1.22464679914735E-16,0.));
#8588=DIRECTION('',(0.,0.,1.));
#8589=DIRECTION('',(1.,-1.22464679914735E-16,0.));
#8590=DIRECTION('',(0.,0.,1.));
#8591=DIRECTION('center_axis',(-1.,-6.97586417819753E-16,0.));
#8592=DIRECTION('ref_axis',(6.97586417819753E-16,-1.,0.));
#8593=DIRECTION('',(6.97586417819753E-16,-1.,0.));
#8594=DIRECTION('',(6.97586417819753E-16,-1.,0.));
#8595=DIRECTION('',(0.,0.,1.));
#8596=DIRECTION('center_axis',(1.,2.4467256367824E-16,0.));
#8597=DIRECTION('ref_axis',(-2.4467256367824E-16,1.,0.));
#8598=DIRECTION('',(-2.4467256367824E-16,1.,0.));
#8599=DIRECTION('',(0.,0.,-1.));
#8600=DIRECTION('',(-2.4467256367824E-16,1.,0.));
#8601=DIRECTION('center_axis',(0.,0.,1.));
#8602=DIRECTION('ref_axis',(-1.,1.22464679914735E-16,0.));
#8603=DIRECTION('center_axis',(0.,0.,1.));
#8604=DIRECTION('ref_axis',(-1.,1.22464679914735E-16,0.));
#8605=DIRECTION('center_axis',(0.,0.,1.));
#8606=DIRECTION('ref_axis',(-1.,1.22464679914735E-16,0.));
#8607=DIRECTION('center_axis',(0.,0.,1.));
#8608=DIRECTION('ref_axis',(-1.,1.22464679914735E-16,0.));
#8609=DIRECTION('center_axis',(0.,0.,1.));
#8610=DIRECTION('ref_axis',(-1.,1.22464679914735E-16,0.));
#8611=DIRECTION('center_axis',(-1.22464679914735E-16,-1.,0.));
#8612=DIRECTION('ref_axis',(1.,-1.22464679914735E-16,0.));
#8613=DIRECTION('',(1.,-1.22464679914735E-16,0.));
#8614=DIRECTION('',(0.,0.,1.));
#8615=DIRECTION('',(1.,-1.22464679914735E-16,0.));
#8616=DIRECTION('',(0.,0.,1.));
#8617=DIRECTION('center_axis',(-1.,-6.97586417819753E-16,0.));
#8618=DIRECTION('ref_axis',(6.97586417819753E-16,-1.,0.));
#8619=DIRECTION('',(6.97586417819753E-16,-1.,0.));
#8620=DIRECTION('',(6.97586417819753E-16,-1.,0.));
#8621=DIRECTION('',(0.,0.,1.));
#8622=DIRECTION('center_axis',(1.,2.4467256367824E-16,0.));
#8623=DIRECTION('ref_axis',(-2.4467256367824E-16,1.,0.));
#8624=DIRECTION('',(-2.4467256367824E-16,1.,0.));
#8625=DIRECTION('',(0.,0.,-1.));
#8626=DIRECTION('',(-2.4467256367824E-16,1.,0.));
#8627=DIRECTION('center_axis',(0.,0.,1.));
#8628=DIRECTION('ref_axis',(-1.,1.22464679914735E-16,0.));
#8629=DIRECTION('center_axis',(0.,0.,1.));
#8630=DIRECTION('ref_axis',(-1.,1.22464679914735E-16,0.));
#8631=DIRECTION('center_axis',(0.,0.,1.));
#8632=DIRECTION('ref_axis',(-1.,1.22464679914735E-16,0.));
#8633=DIRECTION('center_axis',(0.,0.,1.));
#8634=DIRECTION('ref_axis',(-1.,1.22464679914735E-16,0.));
#8635=DIRECTION('center_axis',(0.,0.,1.));
#8636=DIRECTION('ref_axis',(-1.,1.22464679914735E-16,0.));
#8637=DIRECTION('center_axis',(-1.22464679914735E-16,-1.,0.));
#8638=DIRECTION('ref_axis',(1.,-1.22464679914735E-16,0.));
#8639=DIRECTION('',(1.,-1.22464679914735E-16,0.));
#8640=DIRECTION('',(0.,0.,1.));
#8641=DIRECTION('',(1.,-1.22464679914735E-16,0.));
#8642=DIRECTION('',(0.,0.,1.));
#8643=DIRECTION('center_axis',(-1.,-6.97586417819753E-16,0.));
#8644=DIRECTION('ref_axis',(6.97586417819753E-16,-1.,0.));
#8645=DIRECTION('',(6.97586417819753E-16,-1.,0.));
#8646=DIRECTION('',(6.97586417819753E-16,-1.,0.));
#8647=DIRECTION('',(0.,0.,1.));
#8648=DIRECTION('center_axis',(1.,2.4467256367824E-16,0.));
#8649=DIRECTION('ref_axis',(-2.4467256367824E-16,1.,0.));
#8650=DIRECTION('',(-2.4467256367824E-16,1.,0.));
#8651=DIRECTION('',(0.,0.,-1.));
#8652=DIRECTION('',(-2.4467256367824E-16,1.,0.));
#8653=DIRECTION('center_axis',(0.,0.,1.));
#8654=DIRECTION('ref_axis',(-1.,1.22464679914735E-16,0.));
#8655=DIRECTION('center_axis',(0.,0.,1.));
#8656=DIRECTION('ref_axis',(-1.,1.22464679914735E-16,0.));
#8657=DIRECTION('center_axis',(0.,0.,1.));
#8658=DIRECTION('ref_axis',(-1.,1.22464679914735E-16,0.));
#8659=DIRECTION('center_axis',(0.,0.,1.));
#8660=DIRECTION('ref_axis',(-1.,1.22464679914735E-16,0.));
#8661=DIRECTION('center_axis',(0.,0.,1.));
#8662=DIRECTION('ref_axis',(-1.,1.22464679914735E-16,0.));
#8663=DIRECTION('center_axis',(-1.22464679914735E-16,-1.,0.));
#8664=DIRECTION('ref_axis',(1.,-1.22464679914735E-16,0.));
#8665=DIRECTION('',(1.,-1.22464679914735E-16,0.));
#8666=DIRECTION('',(0.,0.,1.));
#8667=DIRECTION('',(1.,-1.22464679914735E-16,0.));
#8668=DIRECTION('',(0.,0.,1.));
#8669=DIRECTION('center_axis',(-1.,-6.97586417819753E-16,0.));
#8670=DIRECTION('ref_axis',(6.97586417819753E-16,-1.,0.));
#8671=DIRECTION('',(6.97586417819753E-16,-1.,0.));
#8672=DIRECTION('',(6.97586417819753E-16,-1.,0.));
#8673=DIRECTION('',(0.,0.,1.));
#8674=DIRECTION('center_axis',(1.,2.4467256367824E-16,0.));
#8675=DIRECTION('ref_axis',(-2.4467256367824E-16,1.,0.));
#8676=DIRECTION('',(-2.4467256367824E-16,1.,0.));
#8677=DIRECTION('',(0.,0.,-1.));
#8678=DIRECTION('',(-2.4467256367824E-16,1.,0.));
#8679=DIRECTION('center_axis',(0.,0.,1.));
#8680=DIRECTION('ref_axis',(-1.,1.22464679914735E-16,0.));
#8681=DIRECTION('center_axis',(0.,0.,1.));
#8682=DIRECTION('ref_axis',(-1.,1.22464679914735E-16,0.));
#8683=DIRECTION('center_axis',(0.,0.,1.));
#8684=DIRECTION('ref_axis',(-1.,1.22464679914735E-16,0.));
#8685=DIRECTION('center_axis',(0.,0.,1.));
#8686=DIRECTION('ref_axis',(-1.,1.22464679914735E-16,0.));
#8687=DIRECTION('center_axis',(0.,0.,1.));
#8688=DIRECTION('ref_axis',(-1.,1.22464679914735E-16,0.));
#8689=DIRECTION('center_axis',(1.,-1.83697019872103E-16,0.));
#8690=DIRECTION('ref_axis',(1.83697019872103E-16,1.,0.));
#8691=DIRECTION('',(1.83697019872103E-16,1.,0.));
#8692=DIRECTION('',(0.,0.,1.));
#8693=DIRECTION('',(1.83697019872103E-16,1.,0.));
#8694=DIRECTION('',(0.,0.,1.));
#8695=DIRECTION('center_axis',(6.36354077862385E-16,-1.,0.));
#8696=DIRECTION('ref_axis',(1.,6.36354077862385E-16,0.));
#8697=DIRECTION('',(1.,6.36354077862385E-16,0.));
#8698=DIRECTION('',(1.,6.36354077862385E-16,0.));
#8699=DIRECTION('',(0.,0.,1.));
#8700=DIRECTION('center_axis',(-1.83440223720872E-16,1.,0.));
#8701=DIRECTION('ref_axis',(-1.,-1.83440223720872E-16,0.));
#8702=DIRECTION('',(-1.,-1.83440223720872E-16,0.));
#8703=DIRECTION('',(0.,0.,-1.));
#8704=DIRECTION('',(-1.,-1.83440223720872E-16,0.));
#8705=DIRECTION('center_axis',(0.,0.,1.));
#8706=DIRECTION('ref_axis',(-1.83697019872103E-16,-1.,0.));
#8707=DIRECTION('center_axis',(0.,0.,1.));
#8708=DIRECTION('ref_axis',(-1.83697019872103E-16,-1.,0.));
#8709=DIRECTION('center_axis',(0.,0.,1.));
#8710=DIRECTION('ref_axis',(-1.83697019872103E-16,-1.,0.));
#8711=DIRECTION('center_axis',(0.,0.,1.));
#8712=DIRECTION('ref_axis',(-1.83697019872103E-16,-1.,0.));
#8713=DIRECTION('center_axis',(0.,0.,1.));
#8714=DIRECTION('ref_axis',(-1.83697019872103E-16,-1.,0.));
#8715=DIRECTION('center_axis',(-1.22464679914735E-16,-1.,0.));
#8716=DIRECTION('ref_axis',(1.,-1.22464679914735E-16,0.));
#8717=DIRECTION('',(1.,-1.22464679914735E-16,0.));
#8718=DIRECTION('',(0.,0.,1.));
#8719=DIRECTION('',(1.,-1.22464679914735E-16,0.));
#8720=DIRECTION('',(0.,0.,1.));
#8721=DIRECTION('center_axis',(-1.,-6.97586417819753E-16,0.));
#8722=DIRECTION('ref_axis',(6.97586417819753E-16,-1.,0.));
#8723=DIRECTION('',(6.97586417819753E-16,-1.,0.));
#8724=DIRECTION('',(6.97586417819753E-16,-1.,0.));
#8725=DIRECTION('',(0.,0.,1.));
#8726=DIRECTION('center_axis',(1.,2.4467256367824E-16,0.));
#8727=DIRECTION('ref_axis',(-2.4467256367824E-16,1.,0.));
#8728=DIRECTION('',(-2.4467256367824E-16,1.,0.));
#8729=DIRECTION('',(0.,0.,-1.));
#8730=DIRECTION('',(-2.4467256367824E-16,1.,0.));
#8731=DIRECTION('center_axis',(0.,0.,1.));
#8732=DIRECTION('ref_axis',(-1.,1.22464679914735E-16,0.));
#8733=DIRECTION('center_axis',(0.,0.,1.));
#8734=DIRECTION('ref_axis',(-1.,1.22464679914735E-16,0.));
#8735=DIRECTION('center_axis',(0.,0.,1.));
#8736=DIRECTION('ref_axis',(-1.,1.22464679914735E-16,0.));
#8737=DIRECTION('center_axis',(0.,0.,1.));
#8738=DIRECTION('ref_axis',(-1.,1.22464679914735E-16,0.));
#8739=DIRECTION('center_axis',(0.,0.,1.));
#8740=DIRECTION('ref_axis',(-1.,1.22464679914735E-16,0.));
#8741=DIRECTION('center_axis',(-1.,6.12323399573677E-17,0.));
#8742=DIRECTION('ref_axis',(-6.12323399573677E-17,-1.,0.));
#8743=DIRECTION('',(-6.12323399573677E-17,-1.,0.));
#8744=DIRECTION('',(0.,0.,1.));
#8745=DIRECTION('',(-6.12323399573677E-17,-1.,0.));
#8746=DIRECTION('',(0.,0.,1.));
#8747=DIRECTION('center_axis',(-7.58818757777121E-16,1.,0.));
#8748=DIRECTION('ref_axis',(-1.,-7.58818757777121E-16,0.));
#8749=DIRECTION('',(-1.,-7.58818757777121E-16,0.));
#8750=DIRECTION('',(-1.,-7.58818757777121E-16,0.));
#8751=DIRECTION('',(0.,0.,1.));
#8752=DIRECTION('center_axis',(3.05904903635607E-16,-1.,0.));
#8753=DIRECTION('ref_axis',(1.,3.05904903635607E-16,0.));
#8754=DIRECTION('',(1.,3.05904903635607E-16,0.));
#8755=DIRECTION('',(0.,0.,-1.));
#8756=DIRECTION('',(1.,3.05904903635607E-16,0.));
#8757=DIRECTION('center_axis',(0.,0.,1.));
#8758=DIRECTION('ref_axis',(6.12323399573677E-17,1.,0.));
#8759=DIRECTION('center_axis',(0.,0.,1.));
#8760=DIRECTION('ref_axis',(6.12323399573677E-17,1.,0.));
#8761=DIRECTION('center_axis',(0.,0.,1.));
#8762=DIRECTION('ref_axis',(6.12323399573677E-17,1.,0.));
#8763=DIRECTION('center_axis',(0.,0.,1.));
#8764=DIRECTION('ref_axis',(6.12323399573677E-17,1.,0.));
#8765=DIRECTION('center_axis',(0.,0.,1.));
#8766=DIRECTION('ref_axis',(6.12323399573677E-17,1.,0.));
#8767=DIRECTION('center_axis',(0.,1.,0.));
#8768=DIRECTION('ref_axis',(-1.,0.,0.));
#8769=DIRECTION('',(-1.,0.,0.));
#8770=DIRECTION('',(0.,0.,1.));
#8771=DIRECTION('',(-1.,0.,0.));
#8772=DIRECTION('',(0.,0.,1.));
#8773=DIRECTION('center_axis',(1.,8.20051097734488E-16,0.));
#8774=DIRECTION('ref_axis',(-8.20051097734488E-16,1.,0.));
#8775=DIRECTION('',(-8.20051097734488E-16,1.,0.));
#8776=DIRECTION('',(-8.20051097734488E-16,1.,0.));
#8777=DIRECTION('',(0.,0.,1.));
#8778=DIRECTION('center_axis',(-1.,-3.67137243592975E-16,0.));
#8779=DIRECTION('ref_axis',(3.67137243592975E-16,-1.,0.));
#8780=DIRECTION('',(3.67137243592975E-16,-1.,0.));
#8781=DIRECTION('',(0.,0.,-1.));
#8782=DIRECTION('',(3.67137243592975E-16,-1.,0.));
#8783=DIRECTION('center_axis',(0.,0.,1.));
#8784=DIRECTION('ref_axis',(1.,0.,0.));
#8785=DIRECTION('center_axis',(0.,0.,1.));
#8786=DIRECTION('ref_axis',(1.,0.,0.));
#8787=DIRECTION('center_axis',(0.,0.,1.));
#8788=DIRECTION('ref_axis',(1.,0.,0.));
#8789=DIRECTION('center_axis',(0.,0.,1.));
#8790=DIRECTION('ref_axis',(1.,0.,0.));
#8791=DIRECTION('center_axis',(0.,0.,1.));
#8792=DIRECTION('ref_axis',(1.,0.,0.));
#8793=DIRECTION('center_axis',(0.,1.,0.));
#8794=DIRECTION('ref_axis',(-1.,0.,0.));
#8795=DIRECTION('',(-1.,0.,0.));
#8796=DIRECTION('',(0.,0.,1.));
#8797=DIRECTION('',(-1.,0.,0.));
#8798=DIRECTION('',(0.,0.,1.));
#8799=DIRECTION('center_axis',(1.,8.20051097734488E-16,0.));
#8800=DIRECTION('ref_axis',(-8.20051097734488E-16,1.,0.));
#8801=DIRECTION('',(-8.20051097734488E-16,1.,0.));
#8802=DIRECTION('',(-8.20051097734488E-16,1.,0.));
#8803=DIRECTION('',(0.,0.,1.));
#8804=DIRECTION('center_axis',(-1.,-3.67137243592975E-16,0.));
#8805=DIRECTION('ref_axis',(3.67137243592975E-16,-1.,0.));
#8806=DIRECTION('',(3.67137243592975E-16,-1.,0.));
#8807=DIRECTION('',(0.,0.,-1.));
#8808=DIRECTION('',(3.67137243592975E-16,-1.,0.));
#8809=DIRECTION('center_axis',(0.,0.,1.));
#8810=DIRECTION('ref_axis',(1.,0.,0.));
#8811=DIRECTION('center_axis',(0.,0.,1.));
#8812=DIRECTION('ref_axis',(1.,0.,0.));
#8813=DIRECTION('center_axis',(0.,0.,1.));
#8814=DIRECTION('ref_axis',(1.,0.,0.));
#8815=DIRECTION('center_axis',(0.,0.,1.));
#8816=DIRECTION('ref_axis',(1.,0.,0.));
#8817=DIRECTION('center_axis',(0.,0.,1.));
#8818=DIRECTION('ref_axis',(1.,0.,0.));
#8819=DIRECTION('center_axis',(0.,1.,0.));
#8820=DIRECTION('ref_axis',(-1.,0.,0.));
#8821=DIRECTION('',(-1.,0.,0.));
#8822=DIRECTION('',(0.,0.,1.));
#8823=DIRECTION('',(-1.,0.,0.));
#8824=DIRECTION('',(0.,0.,1.));
#8825=DIRECTION('center_axis',(1.,8.20051097734488E-16,0.));
#8826=DIRECTION('ref_axis',(-8.20051097734488E-16,1.,0.));
#8827=DIRECTION('',(-8.20051097734488E-16,1.,0.));
#8828=DIRECTION('',(-8.20051097734488E-16,1.,0.));
#8829=DIRECTION('',(0.,0.,1.));
#8830=DIRECTION('center_axis',(-1.,-3.67137243592975E-16,0.));
#8831=DIRECTION('ref_axis',(3.67137243592975E-16,-1.,0.));
#8832=DIRECTION('',(3.67137243592975E-16,-1.,0.));
#8833=DIRECTION('',(0.,0.,-1.));
#8834=DIRECTION('',(3.67137243592975E-16,-1.,0.));
#8835=DIRECTION('center_axis',(0.,0.,1.));
#8836=DIRECTION('ref_axis',(1.,0.,0.));
#8837=DIRECTION('center_axis',(0.,0.,1.));
#8838=DIRECTION('ref_axis',(1.,0.,0.));
#8839=DIRECTION('center_axis',(0.,0.,1.));
#8840=DIRECTION('ref_axis',(1.,0.,0.));
#8841=DIRECTION('center_axis',(0.,0.,1.));
#8842=DIRECTION('ref_axis',(1.,0.,0.));
#8843=DIRECTION('center_axis',(0.,0.,1.));
#8844=DIRECTION('ref_axis',(1.,0.,0.));
#8845=DIRECTION('center_axis',(0.,1.,0.));
#8846=DIRECTION('ref_axis',(-1.,0.,0.));
#8847=DIRECTION('',(-1.,0.,0.));
#8848=DIRECTION('',(0.,0.,1.));
#8849=DIRECTION('',(-1.,0.,0.));
#8850=DIRECTION('',(0.,0.,1.));
#8851=DIRECTION('center_axis',(1.,8.20051097734488E-16,0.));
#8852=DIRECTION('ref_axis',(-8.20051097734488E-16,1.,0.));
#8853=DIRECTION('',(-8.20051097734488E-16,1.,0.));
#8854=DIRECTION('',(-8.20051097734488E-16,1.,0.));
#8855=DIRECTION('',(0.,0.,1.));
#8856=DIRECTION('center_axis',(-1.,-3.67137243592975E-16,0.));
#8857=DIRECTION('ref_axis',(3.67137243592975E-16,-1.,0.));
#8858=DIRECTION('',(3.67137243592975E-16,-1.,0.));
#8859=DIRECTION('',(0.,0.,-1.));
#8860=DIRECTION('',(3.67137243592975E-16,-1.,0.));
#8861=DIRECTION('center_axis',(0.,0.,1.));
#8862=DIRECTION('ref_axis',(1.,0.,0.));
#8863=DIRECTION('center_axis',(0.,0.,1.));
#8864=DIRECTION('ref_axis',(1.,0.,0.));
#8865=DIRECTION('center_axis',(0.,0.,1.));
#8866=DIRECTION('ref_axis',(1.,0.,0.));
#8867=DIRECTION('center_axis',(0.,0.,1.));
#8868=DIRECTION('ref_axis',(1.,0.,0.));
#8869=DIRECTION('center_axis',(0.,0.,1.));
#8870=DIRECTION('ref_axis',(1.,0.,0.));
#8871=DIRECTION('center_axis',(0.,1.,0.));
#8872=DIRECTION('ref_axis',(-1.,0.,0.));
#8873=DIRECTION('',(-1.,0.,0.));
#8874=DIRECTION('',(0.,0.,1.));
#8875=DIRECTION('',(-1.,0.,0.));
#8876=DIRECTION('',(0.,0.,1.));
#8877=DIRECTION('center_axis',(1.,8.20051097734488E-16,0.));
#8878=DIRECTION('ref_axis',(-8.20051097734488E-16,1.,0.));
#8879=DIRECTION('',(-8.20051097734488E-16,1.,0.));
#8880=DIRECTION('',(-8.20051097734488E-16,1.,0.));
#8881=DIRECTION('',(0.,0.,1.));
#8882=DIRECTION('center_axis',(-1.,-3.67137243592975E-16,0.));
#8883=DIRECTION('ref_axis',(3.67137243592975E-16,-1.,0.));
#8884=DIRECTION('',(3.67137243592975E-16,-1.,0.));
#8885=DIRECTION('',(0.,0.,-1.));
#8886=DIRECTION('',(3.67137243592975E-16,-1.,0.));
#8887=DIRECTION('center_axis',(0.,0.,1.));
#8888=DIRECTION('ref_axis',(1.,0.,0.));
#8889=DIRECTION('center_axis',(0.,0.,1.));
#8890=DIRECTION('ref_axis',(1.,0.,0.));
#8891=DIRECTION('center_axis',(0.,0.,1.));
#8892=DIRECTION('ref_axis',(1.,0.,0.));
#8893=DIRECTION('center_axis',(0.,0.,1.));
#8894=DIRECTION('ref_axis',(1.,0.,0.));
#8895=DIRECTION('center_axis',(0.,0.,1.));
#8896=DIRECTION('ref_axis',(1.,0.,0.));
#8897=DIRECTION('center_axis',(0.,1.,0.));
#8898=DIRECTION('ref_axis',(-1.,0.,0.));
#8899=DIRECTION('',(-1.,0.,0.));
#8900=DIRECTION('',(0.,0.,1.));
#8901=DIRECTION('',(-1.,0.,0.));
#8902=DIRECTION('',(0.,0.,1.));
#8903=DIRECTION('center_axis',(1.,8.20051097734488E-16,0.));
#8904=DIRECTION('ref_axis',(-8.20051097734488E-16,1.,0.));
#8905=DIRECTION('',(-8.20051097734488E-16,1.,0.));
#8906=DIRECTION('',(-8.20051097734488E-16,1.,0.));
#8907=DIRECTION('',(0.,0.,1.));
#8908=DIRECTION('center_axis',(-1.,-3.67137243592975E-16,0.));
#8909=DIRECTION('ref_axis',(3.67137243592975E-16,-1.,0.));
#8910=DIRECTION('',(3.67137243592975E-16,-1.,0.));
#8911=DIRECTION('',(0.,0.,-1.));
#8912=DIRECTION('',(3.67137243592975E-16,-1.,0.));
#8913=DIRECTION('center_axis',(0.,0.,1.));
#8914=DIRECTION('ref_axis',(1.,0.,0.));
#8915=DIRECTION('center_axis',(0.,0.,1.));
#8916=DIRECTION('ref_axis',(1.,0.,0.));
#8917=DIRECTION('center_axis',(0.,0.,1.));
#8918=DIRECTION('ref_axis',(1.,0.,0.));
#8919=DIRECTION('center_axis',(0.,0.,1.));
#8920=DIRECTION('ref_axis',(1.,0.,0.));
#8921=DIRECTION('center_axis',(0.,0.,1.));
#8922=DIRECTION('ref_axis',(1.,0.,0.));
#8923=DIRECTION('center_axis',(0.,1.,0.));
#8924=DIRECTION('ref_axis',(-1.,0.,0.));
#8925=DIRECTION('',(-1.,0.,0.));
#8926=DIRECTION('',(0.,0.,1.));
#8927=DIRECTION('',(-1.,0.,0.));
#8928=DIRECTION('',(0.,0.,1.));
#8929=DIRECTION('center_axis',(1.,8.20051097734488E-16,0.));
#8930=DIRECTION('ref_axis',(-8.20051097734488E-16,1.,0.));
#8931=DIRECTION('',(-8.20051097734488E-16,1.,0.));
#8932=DIRECTION('',(-8.20051097734488E-16,1.,0.));
#8933=DIRECTION('',(0.,0.,1.));
#8934=DIRECTION('center_axis',(-1.,-3.67137243592975E-16,0.));
#8935=DIRECTION('ref_axis',(3.67137243592975E-16,-1.,0.));
#8936=DIRECTION('',(3.67137243592975E-16,-1.,0.));
#8937=DIRECTION('',(0.,0.,-1.));
#8938=DIRECTION('',(3.67137243592975E-16,-1.,0.));
#8939=DIRECTION('center_axis',(0.,0.,1.));
#8940=DIRECTION('ref_axis',(1.,0.,0.));
#8941=DIRECTION('center_axis',(0.,0.,1.));
#8942=DIRECTION('ref_axis',(1.,0.,0.));
#8943=DIRECTION('center_axis',(0.,0.,1.));
#8944=DIRECTION('ref_axis',(1.,0.,0.));
#8945=DIRECTION('center_axis',(0.,0.,1.));
#8946=DIRECTION('ref_axis',(1.,0.,0.));
#8947=DIRECTION('center_axis',(0.,0.,1.));
#8948=DIRECTION('ref_axis',(1.,0.,0.));
#8949=DIRECTION('center_axis',(0.,1.,0.));
#8950=DIRECTION('ref_axis',(-1.,0.,0.));
#8951=DIRECTION('',(-1.,0.,0.));
#8952=DIRECTION('',(0.,0.,1.));
#8953=DIRECTION('',(-1.,0.,0.));
#8954=DIRECTION('',(0.,0.,1.));
#8955=DIRECTION('center_axis',(1.,8.20051097734488E-16,0.));
#8956=DIRECTION('ref_axis',(-8.20051097734488E-16,1.,0.));
#8957=DIRECTION('',(-8.20051097734488E-16,1.,0.));
#8958=DIRECTION('',(-8.20051097734488E-16,1.,0.));
#8959=DIRECTION('',(0.,0.,1.));
#8960=DIRECTION('center_axis',(-1.,-3.67137243592975E-16,0.));
#8961=DIRECTION('ref_axis',(3.67137243592975E-16,-1.,0.));
#8962=DIRECTION('',(3.67137243592975E-16,-1.,0.));
#8963=DIRECTION('',(0.,0.,-1.));
#8964=DIRECTION('',(3.67137243592975E-16,-1.,0.));
#8965=DIRECTION('center_axis',(0.,0.,1.));
#8966=DIRECTION('ref_axis',(1.,0.,0.));
#8967=DIRECTION('center_axis',(0.,0.,1.));
#8968=DIRECTION('ref_axis',(1.,0.,0.));
#8969=DIRECTION('center_axis',(0.,0.,1.));
#8970=DIRECTION('ref_axis',(1.,0.,0.));
#8971=DIRECTION('center_axis',(0.,0.,1.));
#8972=DIRECTION('ref_axis',(1.,0.,0.));
#8973=DIRECTION('center_axis',(0.,0.,1.));
#8974=DIRECTION('ref_axis',(1.,0.,0.));
#8975=DIRECTION('center_axis',(0.,1.,0.));
#8976=DIRECTION('ref_axis',(-1.,0.,0.));
#8977=DIRECTION('',(-1.,0.,0.));
#8978=DIRECTION('',(0.,0.,1.));
#8979=DIRECTION('',(-1.,0.,0.));
#8980=DIRECTION('',(0.,0.,1.));
#8981=DIRECTION('center_axis',(1.,8.20051097734488E-16,0.));
#8982=DIRECTION('ref_axis',(-8.20051097734488E-16,1.,0.));
#8983=DIRECTION('',(-8.20051097734488E-16,1.,0.));
#8984=DIRECTION('',(-8.20051097734488E-16,1.,0.));
#8985=DIRECTION('',(0.,0.,1.));
#8986=DIRECTION('center_axis',(-1.,-3.67137243592975E-16,0.));
#8987=DIRECTION('ref_axis',(3.67137243592975E-16,-1.,0.));
#8988=DIRECTION('',(3.67137243592975E-16,-1.,0.));
#8989=DIRECTION('',(0.,0.,-1.));
#8990=DIRECTION('',(3.67137243592975E-16,-1.,0.));
#8991=DIRECTION('center_axis',(0.,0.,1.));
#8992=DIRECTION('ref_axis',(1.,0.,0.));
#8993=DIRECTION('center_axis',(0.,0.,1.));
#8994=DIRECTION('ref_axis',(1.,0.,0.));
#8995=DIRECTION('center_axis',(0.,0.,1.));
#8996=DIRECTION('ref_axis',(1.,0.,0.));
#8997=DIRECTION('center_axis',(0.,0.,1.));
#8998=DIRECTION('ref_axis',(1.,0.,0.));
#8999=DIRECTION('center_axis',(0.,0.,1.));
#9000=DIRECTION('ref_axis',(1.,0.,0.));
#9001=DIRECTION('center_axis',(0.,1.,0.));
#9002=DIRECTION('ref_axis',(-1.,0.,0.));
#9003=DIRECTION('',(-1.,0.,0.));
#9004=DIRECTION('',(0.,0.,1.));
#9005=DIRECTION('',(-1.,0.,0.));
#9006=DIRECTION('',(0.,0.,1.));
#9007=DIRECTION('center_axis',(1.,8.20051097734488E-16,0.));
#9008=DIRECTION('ref_axis',(-8.20051097734488E-16,1.,0.));
#9009=DIRECTION('',(-8.20051097734488E-16,1.,0.));
#9010=DIRECTION('',(-8.20051097734488E-16,1.,0.));
#9011=DIRECTION('',(0.,0.,1.));
#9012=DIRECTION('center_axis',(-1.,-3.67137243592975E-16,0.));
#9013=DIRECTION('ref_axis',(3.67137243592975E-16,-1.,0.));
#9014=DIRECTION('',(3.67137243592975E-16,-1.,0.));
#9015=DIRECTION('',(0.,0.,-1.));
#9016=DIRECTION('',(3.67137243592975E-16,-1.,0.));
#9017=DIRECTION('center_axis',(0.,0.,1.));
#9018=DIRECTION('ref_axis',(1.,0.,0.));
#9019=DIRECTION('center_axis',(0.,0.,1.));
#9020=DIRECTION('ref_axis',(1.,0.,0.));
#9021=DIRECTION('center_axis',(0.,0.,1.));
#9022=DIRECTION('ref_axis',(1.,0.,0.));
#9023=DIRECTION('center_axis',(0.,0.,1.));
#9024=DIRECTION('ref_axis',(1.,0.,0.));
#9025=DIRECTION('center_axis',(0.,0.,1.));
#9026=DIRECTION('ref_axis',(1.,0.,0.));
#9027=DIRECTION('center_axis',(0.,1.,0.));
#9028=DIRECTION('ref_axis',(-1.,0.,0.));
#9029=DIRECTION('',(-1.,0.,0.));
#9030=DIRECTION('',(0.,0.,1.));
#9031=DIRECTION('',(-1.,0.,0.));
#9032=DIRECTION('',(0.,0.,1.));
#9033=DIRECTION('center_axis',(1.,8.20051097734488E-16,0.));
#9034=DIRECTION('ref_axis',(-8.20051097734488E-16,1.,0.));
#9035=DIRECTION('',(-8.20051097734488E-16,1.,0.));
#9036=DIRECTION('',(-8.20051097734488E-16,1.,0.));
#9037=DIRECTION('',(0.,0.,1.));
#9038=DIRECTION('center_axis',(-1.,-3.67137243592975E-16,0.));
#9039=DIRECTION('ref_axis',(3.67137243592975E-16,-1.,0.));
#9040=DIRECTION('',(3.67137243592975E-16,-1.,0.));
#9041=DIRECTION('',(0.,0.,-1.));
#9042=DIRECTION('',(3.67137243592975E-16,-1.,0.));
#9043=DIRECTION('center_axis',(0.,0.,1.));
#9044=DIRECTION('ref_axis',(1.,0.,0.));
#9045=DIRECTION('center_axis',(0.,0.,1.));
#9046=DIRECTION('ref_axis',(1.,0.,0.));
#9047=DIRECTION('center_axis',(0.,0.,1.));
#9048=DIRECTION('ref_axis',(1.,0.,0.));
#9049=DIRECTION('center_axis',(0.,0.,1.));
#9050=DIRECTION('ref_axis',(1.,0.,0.));
#9051=DIRECTION('center_axis',(0.,0.,1.));
#9052=DIRECTION('ref_axis',(1.,0.,0.));
#9053=DIRECTION('center_axis',(0.,1.,0.));
#9054=DIRECTION('ref_axis',(-1.,0.,0.));
#9055=DIRECTION('',(-1.,0.,0.));
#9056=DIRECTION('',(0.,0.,1.));
#9057=DIRECTION('',(-1.,0.,0.));
#9058=DIRECTION('',(0.,0.,1.));
#9059=DIRECTION('center_axis',(1.,8.20051097734488E-16,0.));
#9060=DIRECTION('ref_axis',(-8.20051097734488E-16,1.,0.));
#9061=DIRECTION('',(-8.20051097734488E-16,1.,0.));
#9062=DIRECTION('',(-8.20051097734488E-16,1.,0.));
#9063=DIRECTION('',(0.,0.,1.));
#9064=DIRECTION('center_axis',(-1.,-3.67137243592975E-16,0.));
#9065=DIRECTION('ref_axis',(3.67137243592975E-16,-1.,0.));
#9066=DIRECTION('',(3.67137243592975E-16,-1.,0.));
#9067=DIRECTION('',(0.,0.,-1.));
#9068=DIRECTION('',(3.67137243592975E-16,-1.,0.));
#9069=DIRECTION('center_axis',(0.,0.,1.));
#9070=DIRECTION('ref_axis',(1.,0.,0.));
#9071=DIRECTION('center_axis',(0.,0.,1.));
#9072=DIRECTION('ref_axis',(1.,0.,0.));
#9073=DIRECTION('center_axis',(0.,0.,1.));
#9074=DIRECTION('ref_axis',(1.,0.,0.));
#9075=DIRECTION('center_axis',(0.,0.,1.));
#9076=DIRECTION('ref_axis',(1.,0.,0.));
#9077=DIRECTION('center_axis',(0.,0.,1.));
#9078=DIRECTION('ref_axis',(1.,0.,0.));
#9079=DIRECTION('center_axis',(0.,1.,0.));
#9080=DIRECTION('ref_axis',(-1.,0.,0.));
#9081=DIRECTION('',(-1.,0.,0.));
#9082=DIRECTION('',(0.,0.,1.));
#9083=DIRECTION('',(-1.,0.,0.));
#9084=DIRECTION('',(0.,0.,1.));
#9085=DIRECTION('center_axis',(1.,8.20051097734488E-16,0.));
#9086=DIRECTION('ref_axis',(-8.20051097734488E-16,1.,0.));
#9087=DIRECTION('',(-8.20051097734488E-16,1.,0.));
#9088=DIRECTION('',(-8.20051097734488E-16,1.,0.));
#9089=DIRECTION('',(0.,0.,1.));
#9090=DIRECTION('center_axis',(-1.,-3.67137243592975E-16,0.));
#9091=DIRECTION('ref_axis',(3.67137243592975E-16,-1.,0.));
#9092=DIRECTION('',(3.67137243592975E-16,-1.,0.));
#9093=DIRECTION('',(0.,0.,-1.));
#9094=DIRECTION('',(3.67137243592975E-16,-1.,0.));
#9095=DIRECTION('center_axis',(0.,0.,1.));
#9096=DIRECTION('ref_axis',(1.,0.,0.));
#9097=DIRECTION('center_axis',(0.,0.,1.));
#9098=DIRECTION('ref_axis',(1.,0.,0.));
#9099=DIRECTION('center_axis',(0.,0.,1.));
#9100=DIRECTION('ref_axis',(1.,0.,0.));
#9101=DIRECTION('center_axis',(0.,0.,1.));
#9102=DIRECTION('ref_axis',(1.,0.,0.));
#9103=DIRECTION('center_axis',(0.,0.,1.));
#9104=DIRECTION('ref_axis',(1.,0.,0.));
#9105=DIRECTION('center_axis',(0.,1.,0.));
#9106=DIRECTION('ref_axis',(-1.,0.,0.));
#9107=DIRECTION('',(-1.,0.,0.));
#9108=DIRECTION('',(0.,0.,1.));
#9109=DIRECTION('',(-1.,0.,0.));
#9110=DIRECTION('',(0.,0.,1.));
#9111=DIRECTION('center_axis',(1.,8.20051097734488E-16,0.));
#9112=DIRECTION('ref_axis',(-8.20051097734488E-16,1.,0.));
#9113=DIRECTION('',(-8.20051097734488E-16,1.,0.));
#9114=DIRECTION('',(-8.20051097734488E-16,1.,0.));
#9115=DIRECTION('',(0.,0.,1.));
#9116=DIRECTION('center_axis',(-1.,-3.67137243592975E-16,0.));
#9117=DIRECTION('ref_axis',(3.67137243592975E-16,-1.,0.));
#9118=DIRECTION('',(3.67137243592975E-16,-1.,0.));
#9119=DIRECTION('',(0.,0.,-1.));
#9120=DIRECTION('',(3.67137243592975E-16,-1.,0.));
#9121=DIRECTION('center_axis',(0.,0.,1.));
#9122=DIRECTION('ref_axis',(1.,0.,0.));
#9123=DIRECTION('center_axis',(0.,0.,1.));
#9124=DIRECTION('ref_axis',(1.,0.,0.));
#9125=DIRECTION('center_axis',(0.,0.,1.));
#9126=DIRECTION('ref_axis',(1.,0.,0.));
#9127=DIRECTION('center_axis',(0.,0.,1.));
#9128=DIRECTION('ref_axis',(1.,0.,0.));
#9129=DIRECTION('center_axis',(0.,0.,1.));
#9130=DIRECTION('ref_axis',(1.,0.,0.));
#9131=DIRECTION('center_axis',(0.,1.,0.));
#9132=DIRECTION('ref_axis',(-1.,0.,0.));
#9133=DIRECTION('',(-1.,0.,0.));
#9134=DIRECTION('',(0.,0.,1.));
#9135=DIRECTION('',(-1.,0.,0.));
#9136=DIRECTION('',(0.,0.,1.));
#9137=DIRECTION('center_axis',(1.,8.20051097734488E-16,0.));
#9138=DIRECTION('ref_axis',(-8.20051097734488E-16,1.,0.));
#9139=DIRECTION('',(-8.20051097734488E-16,1.,0.));
#9140=DIRECTION('',(-8.20051097734488E-16,1.,0.));
#9141=DIRECTION('',(0.,0.,1.));
#9142=DIRECTION('center_axis',(-1.,-3.67137243592975E-16,0.));
#9143=DIRECTION('ref_axis',(3.67137243592975E-16,-1.,0.));
#9144=DIRECTION('',(3.67137243592975E-16,-1.,0.));
#9145=DIRECTION('',(0.,0.,-1.));
#9146=DIRECTION('',(3.67137243592975E-16,-1.,0.));
#9147=DIRECTION('center_axis',(0.,0.,1.));
#9148=DIRECTION('ref_axis',(1.,0.,0.));
#9149=DIRECTION('center_axis',(0.,0.,1.));
#9150=DIRECTION('ref_axis',(1.,0.,0.));
#9151=DIRECTION('center_axis',(0.,0.,1.));
#9152=DIRECTION('ref_axis',(1.,0.,0.));
#9153=DIRECTION('center_axis',(0.,0.,1.));
#9154=DIRECTION('ref_axis',(1.,0.,0.));
#9155=DIRECTION('center_axis',(0.,0.,1.));
#9156=DIRECTION('ref_axis',(1.,0.,0.));
#9157=DIRECTION('center_axis',(0.,1.,0.));
#9158=DIRECTION('ref_axis',(-1.,0.,0.));
#9159=DIRECTION('',(-1.,0.,0.));
#9160=DIRECTION('',(0.,0.,1.));
#9161=DIRECTION('',(-1.,0.,0.));
#9162=DIRECTION('',(0.,0.,1.));
#9163=DIRECTION('center_axis',(1.,8.20051097734488E-16,0.));
#9164=DIRECTION('ref_axis',(-8.20051097734488E-16,1.,0.));
#9165=DIRECTION('',(-8.20051097734488E-16,1.,0.));
#9166=DIRECTION('',(-8.20051097734488E-16,1.,0.));
#9167=DIRECTION('',(0.,0.,1.));
#9168=DIRECTION('center_axis',(-1.,-3.67137243592975E-16,0.));
#9169=DIRECTION('ref_axis',(3.67137243592975E-16,-1.,0.));
#9170=DIRECTION('',(3.67137243592975E-16,-1.,0.));
#9171=DIRECTION('',(0.,0.,-1.));
#9172=DIRECTION('',(3.67137243592975E-16,-1.,0.));
#9173=DIRECTION('center_axis',(0.,0.,1.));
#9174=DIRECTION('ref_axis',(1.,0.,0.));
#9175=DIRECTION('center_axis',(0.,0.,1.));
#9176=DIRECTION('ref_axis',(1.,0.,0.));
#9177=DIRECTION('center_axis',(0.,0.,1.));
#9178=DIRECTION('ref_axis',(1.,0.,0.));
#9179=DIRECTION('center_axis',(0.,0.,1.));
#9180=DIRECTION('ref_axis',(1.,0.,0.));
#9181=DIRECTION('center_axis',(0.,0.,1.));
#9182=DIRECTION('ref_axis',(1.,0.,0.));
#9183=DIRECTION('center_axis',(-1.,-2.22044604925031E-16,0.));
#9184=DIRECTION('ref_axis',(2.22044604925031E-16,-1.,0.));
#9185=DIRECTION('',(2.22044604925031E-16,-1.,0.));
#9186=DIRECTION('',(0.,0.,1.));
#9187=DIRECTION('',(2.22044604925031E-16,-1.,0.));
#9188=DIRECTION('',(0.,0.,1.));
#9189=DIRECTION('center_axis',(-1.04209570265952E-15,1.,0.));
#9190=DIRECTION('ref_axis',(-1.,-1.04209570265952E-15,0.));
#9191=DIRECTION('',(-1.,-1.04209570265952E-15,0.));
#9192=DIRECTION('',(-1.,-1.04209570265952E-15,0.));
#9193=DIRECTION('',(0.,0.,1.));
#9194=DIRECTION('center_axis',(5.89181848518006E-16,-1.,0.));
#9195=DIRECTION('ref_axis',(1.,5.89181848518006E-16,0.));
#9196=DIRECTION('',(1.,5.89181848518006E-16,0.));
#9197=DIRECTION('',(0.,0.,-1.));
#9198=DIRECTION('',(1.,5.89181848518006E-16,0.));
#9199=DIRECTION('center_axis',(0.,0.,1.));
#9200=DIRECTION('ref_axis',(-2.22044604925031E-16,1.,0.));
#9201=DIRECTION('center_axis',(0.,0.,1.));
#9202=DIRECTION('ref_axis',(-2.22044604925031E-16,1.,0.));
#9203=DIRECTION('center_axis',(0.,0.,1.));
#9204=DIRECTION('ref_axis',(-2.22044604925031E-16,1.,0.));
#9205=DIRECTION('center_axis',(0.,0.,1.));
#9206=DIRECTION('ref_axis',(-2.22044604925031E-16,1.,0.));
#9207=DIRECTION('center_axis',(0.,0.,1.));
#9208=DIRECTION('ref_axis',(-2.22044604925031E-16,1.,0.));
#9209=DIRECTION('center_axis',(-1.,-2.22044604925031E-16,0.));
#9210=DIRECTION('ref_axis',(2.22044604925031E-16,-1.,0.));
#9211=DIRECTION('',(2.22044604925031E-16,-1.,0.));
#9212=DIRECTION('',(0.,0.,1.));
#9213=DIRECTION('',(2.22044604925031E-16,-1.,0.));
#9214=DIRECTION('',(0.,0.,1.));
#9215=DIRECTION('center_axis',(-1.04209570265952E-15,1.,0.));
#9216=DIRECTION('ref_axis',(-1.,-1.04209570265952E-15,0.));
#9217=DIRECTION('',(-1.,-1.04209570265952E-15,0.));
#9218=DIRECTION('',(-1.,-1.04209570265952E-15,0.));
#9219=DIRECTION('',(0.,0.,1.));
#9220=DIRECTION('center_axis',(5.89181848518006E-16,-1.,0.));
#9221=DIRECTION('ref_axis',(1.,5.89181848518006E-16,0.));
#9222=DIRECTION('',(1.,5.89181848518006E-16,0.));
#9223=DIRECTION('',(0.,0.,-1.));
#9224=DIRECTION('',(1.,5.89181848518006E-16,0.));
#9225=DIRECTION('center_axis',(0.,0.,1.));
#9226=DIRECTION('ref_axis',(-2.22044604925031E-16,1.,0.));
#9227=DIRECTION('center_axis',(0.,0.,1.));
#9228=DIRECTION('ref_axis',(-2.22044604925031E-16,1.,0.));
#9229=DIRECTION('center_axis',(0.,0.,1.));
#9230=DIRECTION('ref_axis',(-2.22044604925031E-16,1.,0.));
#9231=DIRECTION('center_axis',(0.,0.,1.));
#9232=DIRECTION('ref_axis',(-2.22044604925031E-16,1.,0.));
#9233=DIRECTION('center_axis',(0.,0.,1.));
#9234=DIRECTION('ref_axis',(-2.22044604925031E-16,1.,0.));
#9235=DIRECTION('center_axis',(-1.,-2.22044604925031E-16,0.));
#9236=DIRECTION('ref_axis',(2.22044604925031E-16,-1.,0.));
#9237=DIRECTION('',(2.22044604925031E-16,-1.,0.));
#9238=DIRECTION('',(0.,0.,1.));
#9239=DIRECTION('',(2.22044604925031E-16,-1.,0.));
#9240=DIRECTION('',(0.,0.,1.));
#9241=DIRECTION('center_axis',(-1.04209570265952E-15,1.,0.));
#9242=DIRECTION('ref_axis',(-1.,-1.04209570265952E-15,0.));
#9243=DIRECTION('',(-1.,-1.04209570265952E-15,0.));
#9244=DIRECTION('',(-1.,-1.04209570265952E-15,0.));
#9245=DIRECTION('',(0.,0.,1.));
#9246=DIRECTION('center_axis',(5.89181848518006E-16,-1.,0.));
#9247=DIRECTION('ref_axis',(1.,5.89181848518006E-16,0.));
#9248=DIRECTION('',(1.,5.89181848518006E-16,0.));
#9249=DIRECTION('',(0.,0.,-1.));
#9250=DIRECTION('',(1.,5.89181848518006E-16,0.));
#9251=DIRECTION('center_axis',(0.,0.,1.));
#9252=DIRECTION('ref_axis',(-2.22044604925031E-16,1.,0.));
#9253=DIRECTION('center_axis',(0.,0.,1.));
#9254=DIRECTION('ref_axis',(-2.22044604925031E-16,1.,0.));
#9255=DIRECTION('center_axis',(0.,0.,1.));
#9256=DIRECTION('ref_axis',(-2.22044604925031E-16,1.,0.));
#9257=DIRECTION('center_axis',(0.,0.,1.));
#9258=DIRECTION('ref_axis',(-2.22044604925031E-16,1.,0.));
#9259=DIRECTION('center_axis',(0.,0.,1.));
#9260=DIRECTION('ref_axis',(-2.22044604925031E-16,1.,0.));
#9261=DIRECTION('center_axis',(-1.,-2.22044604925031E-16,0.));
#9262=DIRECTION('ref_axis',(2.22044604925031E-16,-1.,0.));
#9263=DIRECTION('',(2.22044604925031E-16,-1.,0.));
#9264=DIRECTION('',(0.,0.,1.));
#9265=DIRECTION('',(2.22044604925031E-16,-1.,0.));
#9266=DIRECTION('',(0.,0.,1.));
#9267=DIRECTION('center_axis',(-1.04209570265952E-15,1.,0.));
#9268=DIRECTION('ref_axis',(-1.,-1.04209570265952E-15,0.));
#9269=DIRECTION('',(-1.,-1.04209570265952E-15,0.));
#9270=DIRECTION('',(-1.,-1.04209570265952E-15,0.));
#9271=DIRECTION('',(0.,0.,1.));
#9272=DIRECTION('center_axis',(5.89181848518006E-16,-1.,0.));
#9273=DIRECTION('ref_axis',(1.,5.89181848518006E-16,0.));
#9274=DIRECTION('',(1.,5.89181848518006E-16,0.));
#9275=DIRECTION('',(0.,0.,-1.));
#9276=DIRECTION('',(1.,5.89181848518006E-16,0.));
#9277=DIRECTION('center_axis',(0.,0.,1.));
#9278=DIRECTION('ref_axis',(-2.22044604925031E-16,1.,0.));
#9279=DIRECTION('center_axis',(0.,0.,1.));
#9280=DIRECTION('ref_axis',(-2.22044604925031E-16,1.,0.));
#9281=DIRECTION('center_axis',(0.,0.,1.));
#9282=DIRECTION('ref_axis',(-2.22044604925031E-16,1.,0.));
#9283=DIRECTION('center_axis',(0.,0.,1.));
#9284=DIRECTION('ref_axis',(-2.22044604925031E-16,1.,0.));
#9285=DIRECTION('center_axis',(0.,0.,1.));
#9286=DIRECTION('ref_axis',(-2.22044604925031E-16,1.,0.));
#9287=DIRECTION('center_axis',(-1.,-2.22044604925031E-16,0.));
#9288=DIRECTION('ref_axis',(2.22044604925031E-16,-1.,0.));
#9289=DIRECTION('',(2.22044604925031E-16,-1.,0.));
#9290=DIRECTION('',(0.,0.,1.));
#9291=DIRECTION('',(2.22044604925031E-16,-1.,0.));
#9292=DIRECTION('',(0.,0.,1.));
#9293=DIRECTION('center_axis',(-1.04209570265952E-15,1.,0.));
#9294=DIRECTION('ref_axis',(-1.,-1.04209570265952E-15,0.));
#9295=DIRECTION('',(-1.,-1.04209570265952E-15,0.));
#9296=DIRECTION('',(-1.,-1.04209570265952E-15,0.));
#9297=DIRECTION('',(0.,0.,1.));
#9298=DIRECTION('center_axis',(5.89181848518006E-16,-1.,0.));
#9299=DIRECTION('ref_axis',(1.,5.89181848518006E-16,0.));
#9300=DIRECTION('',(1.,5.89181848518006E-16,0.));
#9301=DIRECTION('',(0.,0.,-1.));
#9302=DIRECTION('',(1.,5.89181848518006E-16,0.));
#9303=DIRECTION('center_axis',(0.,0.,1.));
#9304=DIRECTION('ref_axis',(-2.22044604925031E-16,1.,0.));
#9305=DIRECTION('center_axis',(0.,0.,1.));
#9306=DIRECTION('ref_axis',(-2.22044604925031E-16,1.,0.));
#9307=DIRECTION('center_axis',(0.,0.,1.));
#9308=DIRECTION('ref_axis',(-2.22044604925031E-16,1.,0.));
#9309=DIRECTION('center_axis',(0.,0.,1.));
#9310=DIRECTION('ref_axis',(-2.22044604925031E-16,1.,0.));
#9311=DIRECTION('center_axis',(0.,0.,1.));
#9312=DIRECTION('ref_axis',(-2.22044604925031E-16,1.,0.));
#9313=DIRECTION('center_axis',(-1.,-2.22044604925031E-16,0.));
#9314=DIRECTION('ref_axis',(2.22044604925031E-16,-1.,0.));
#9315=DIRECTION('',(2.22044604925031E-16,-1.,0.));
#9316=DIRECTION('',(0.,0.,1.));
#9317=DIRECTION('',(2.22044604925031E-16,-1.,0.));
#9318=DIRECTION('',(0.,0.,1.));
#9319=DIRECTION('center_axis',(-1.04209570265952E-15,1.,0.));
#9320=DIRECTION('ref_axis',(-1.,-1.04209570265952E-15,0.));
#9321=DIRECTION('',(-1.,-1.04209570265952E-15,0.));
#9322=DIRECTION('',(-1.,-1.04209570265952E-15,0.));
#9323=DIRECTION('',(0.,0.,1.));
#9324=DIRECTION('center_axis',(5.89181848518006E-16,-1.,0.));
#9325=DIRECTION('ref_axis',(1.,5.89181848518006E-16,0.));
#9326=DIRECTION('',(1.,5.89181848518006E-16,0.));
#9327=DIRECTION('',(0.,0.,-1.));
#9328=DIRECTION('',(1.,5.89181848518006E-16,0.));
#9329=DIRECTION('center_axis',(0.,0.,1.));
#9330=DIRECTION('ref_axis',(-2.22044604925031E-16,1.,0.));
#9331=DIRECTION('center_axis',(0.,0.,1.));
#9332=DIRECTION('ref_axis',(-2.22044604925031E-16,1.,0.));
#9333=DIRECTION('center_axis',(0.,0.,1.));
#9334=DIRECTION('ref_axis',(-2.22044604925031E-16,1.,0.));
#9335=DIRECTION('center_axis',(0.,0.,1.));
#9336=DIRECTION('ref_axis',(-2.22044604925031E-16,1.,0.));
#9337=DIRECTION('center_axis',(0.,0.,1.));
#9338=DIRECTION('ref_axis',(-2.22044604925031E-16,1.,0.));
#9339=DIRECTION('center_axis',(-1.,-2.22044604925031E-16,0.));
#9340=DIRECTION('ref_axis',(2.22044604925031E-16,-1.,0.));
#9341=DIRECTION('',(2.22044604925031E-16,-1.,0.));
#9342=DIRECTION('',(0.,0.,1.));
#9343=DIRECTION('',(2.22044604925031E-16,-1.,0.));
#9344=DIRECTION('',(0.,0.,1.));
#9345=DIRECTION('center_axis',(-1.04209570265952E-15,1.,0.));
#9346=DIRECTION('ref_axis',(-1.,-1.04209570265952E-15,0.));
#9347=DIRECTION('',(-1.,-1.04209570265952E-15,0.));
#9348=DIRECTION('',(-1.,-1.04209570265952E-15,0.));
#9349=DIRECTION('',(0.,0.,1.));
#9350=DIRECTION('center_axis',(5.89181848518006E-16,-1.,0.));
#9351=DIRECTION('ref_axis',(1.,5.89181848518006E-16,0.));
#9352=DIRECTION('',(1.,5.89181848518006E-16,0.));
#9353=DIRECTION('',(0.,0.,-1.));
#9354=DIRECTION('',(1.,5.89181848518006E-16,0.));
#9355=DIRECTION('center_axis',(0.,0.,1.));
#9356=DIRECTION('ref_axis',(-2.22044604925031E-16,1.,0.));
#9357=DIRECTION('center_axis',(0.,0.,1.));
#9358=DIRECTION('ref_axis',(-2.22044604925031E-16,1.,0.));
#9359=DIRECTION('center_axis',(0.,0.,1.));
#9360=DIRECTION('ref_axis',(-2.22044604925031E-16,1.,0.));
#9361=DIRECTION('center_axis',(0.,0.,1.));
#9362=DIRECTION('ref_axis',(-2.22044604925031E-16,1.,0.));
#9363=DIRECTION('center_axis',(0.,0.,1.));
#9364=DIRECTION('ref_axis',(-2.22044604925031E-16,1.,0.));
#9365=DIRECTION('center_axis',(-1.,-2.22044604925031E-16,0.));
#9366=DIRECTION('ref_axis',(2.22044604925031E-16,-1.,0.));
#9367=DIRECTION('',(2.22044604925031E-16,-1.,0.));
#9368=DIRECTION('',(0.,0.,1.));
#9369=DIRECTION('',(2.22044604925031E-16,-1.,0.));
#9370=DIRECTION('',(0.,0.,1.));
#9371=DIRECTION('center_axis',(-1.04209570265952E-15,1.,0.));
#9372=DIRECTION('ref_axis',(-1.,-1.04209570265952E-15,0.));
#9373=DIRECTION('',(-1.,-1.04209570265952E-15,0.));
#9374=DIRECTION('',(-1.,-1.04209570265952E-15,0.));
#9375=DIRECTION('',(0.,0.,1.));
#9376=DIRECTION('center_axis',(5.89181848518006E-16,-1.,0.));
#9377=DIRECTION('ref_axis',(1.,5.89181848518006E-16,0.));
#9378=DIRECTION('',(1.,5.89181848518006E-16,0.));
#9379=DIRECTION('',(0.,0.,-1.));
#9380=DIRECTION('',(1.,5.89181848518006E-16,0.));
#9381=DIRECTION('center_axis',(0.,0.,1.));
#9382=DIRECTION('ref_axis',(-2.22044604925031E-16,1.,0.));
#9383=DIRECTION('center_axis',(0.,0.,1.));
#9384=DIRECTION('ref_axis',(-2.22044604925031E-16,1.,0.));
#9385=DIRECTION('center_axis',(0.,0.,1.));
#9386=DIRECTION('ref_axis',(-2.22044604925031E-16,1.,0.));
#9387=DIRECTION('center_axis',(0.,0.,1.));
#9388=DIRECTION('ref_axis',(-2.22044604925031E-16,1.,0.));
#9389=DIRECTION('center_axis',(0.,0.,1.));
#9390=DIRECTION('ref_axis',(-2.22044604925031E-16,1.,0.));
#9391=DIRECTION('center_axis',(-1.,-2.22044604925031E-16,0.));
#9392=DIRECTION('ref_axis',(2.22044604925031E-16,-1.,0.));
#9393=DIRECTION('',(2.22044604925031E-16,-1.,0.));
#9394=DIRECTION('',(0.,0.,1.));
#9395=DIRECTION('',(2.22044604925031E-16,-1.,0.));
#9396=DIRECTION('',(0.,0.,1.));
#9397=DIRECTION('center_axis',(-1.04209570265952E-15,1.,0.));
#9398=DIRECTION('ref_axis',(-1.,-1.04209570265952E-15,0.));
#9399=DIRECTION('',(-1.,-1.04209570265952E-15,0.));
#9400=DIRECTION('',(-1.,-1.04209570265952E-15,0.));
#9401=DIRECTION('',(0.,0.,1.));
#9402=DIRECTION('center_axis',(5.89181848518006E-16,-1.,0.));
#9403=DIRECTION('ref_axis',(1.,5.89181848518006E-16,0.));
#9404=DIRECTION('',(1.,5.89181848518006E-16,0.));
#9405=DIRECTION('',(0.,0.,-1.));
#9406=DIRECTION('',(1.,5.89181848518006E-16,0.));
#9407=DIRECTION('center_axis',(0.,0.,1.));
#9408=DIRECTION('ref_axis',(-2.22044604925031E-16,1.,0.));
#9409=DIRECTION('center_axis',(0.,0.,1.));
#9410=DIRECTION('ref_axis',(-2.22044604925031E-16,1.,0.));
#9411=DIRECTION('center_axis',(0.,0.,1.));
#9412=DIRECTION('ref_axis',(-2.22044604925031E-16,1.,0.));
#9413=DIRECTION('center_axis',(0.,0.,1.));
#9414=DIRECTION('ref_axis',(-2.22044604925031E-16,1.,0.));
#9415=DIRECTION('center_axis',(0.,0.,1.));
#9416=DIRECTION('ref_axis',(-2.22044604925031E-16,1.,0.));
#9417=DIRECTION('center_axis',(-1.,-2.22044604925031E-16,0.));
#9418=DIRECTION('ref_axis',(2.22044604925031E-16,-1.,0.));
#9419=DIRECTION('',(2.22044604925031E-16,-1.,0.));
#9420=DIRECTION('',(0.,0.,1.));
#9421=DIRECTION('',(2.22044604925031E-16,-1.,0.));
#9422=DIRECTION('',(0.,0.,1.));
#9423=DIRECTION('center_axis',(-1.04209570265952E-15,1.,0.));
#9424=DIRECTION('ref_axis',(-1.,-1.04209570265952E-15,0.));
#9425=DIRECTION('',(-1.,-1.04209570265952E-15,0.));
#9426=DIRECTION('',(-1.,-1.04209570265952E-15,0.));
#9427=DIRECTION('',(0.,0.,1.));
#9428=DIRECTION('center_axis',(5.89181848518006E-16,-1.,0.));
#9429=DIRECTION('ref_axis',(1.,5.89181848518006E-16,0.));
#9430=DIRECTION('',(1.,5.89181848518006E-16,0.));
#9431=DIRECTION('',(0.,0.,-1.));
#9432=DIRECTION('',(1.,5.89181848518006E-16,0.));
#9433=DIRECTION('center_axis',(0.,0.,1.));
#9434=DIRECTION('ref_axis',(-2.22044604925031E-16,1.,0.));
#9435=DIRECTION('center_axis',(0.,0.,1.));
#9436=DIRECTION('ref_axis',(-2.22044604925031E-16,1.,0.));
#9437=DIRECTION('center_axis',(0.,0.,1.));
#9438=DIRECTION('ref_axis',(-2.22044604925031E-16,1.,0.));
#9439=DIRECTION('center_axis',(0.,0.,1.));
#9440=DIRECTION('ref_axis',(-2.22044604925031E-16,1.,0.));
#9441=DIRECTION('center_axis',(0.,0.,1.));
#9442=DIRECTION('ref_axis',(-2.22044604925031E-16,1.,0.));
#9443=DIRECTION('center_axis',(-1.,-2.22044604925031E-16,0.));
#9444=DIRECTION('ref_axis',(2.22044604925031E-16,-1.,0.));
#9445=DIRECTION('',(2.22044604925031E-16,-1.,0.));
#9446=DIRECTION('',(0.,0.,1.));
#9447=DIRECTION('',(2.22044604925031E-16,-1.,0.));
#9448=DIRECTION('',(0.,0.,1.));
#9449=DIRECTION('center_axis',(-1.04209570265952E-15,1.,0.));
#9450=DIRECTION('ref_axis',(-1.,-1.04209570265952E-15,0.));
#9451=DIRECTION('',(-1.,-1.04209570265952E-15,0.));
#9452=DIRECTION('',(-1.,-1.04209570265952E-15,0.));
#9453=DIRECTION('',(0.,0.,1.));
#9454=DIRECTION('center_axis',(5.89181848518006E-16,-1.,0.));
#9455=DIRECTION('ref_axis',(1.,5.89181848518006E-16,0.));
#9456=DIRECTION('',(1.,5.89181848518006E-16,0.));
#9457=DIRECTION('',(0.,0.,-1.));
#9458=DIRECTION('',(1.,5.89181848518006E-16,0.));
#9459=DIRECTION('center_axis',(0.,0.,1.));
#9460=DIRECTION('ref_axis',(-2.22044604925031E-16,1.,0.));
#9461=DIRECTION('center_axis',(0.,0.,1.));
#9462=DIRECTION('ref_axis',(-2.22044604925031E-16,1.,0.));
#9463=DIRECTION('center_axis',(0.,0.,1.));
#9464=DIRECTION('ref_axis',(-2.22044604925031E-16,1.,0.));
#9465=DIRECTION('center_axis',(0.,0.,1.));
#9466=DIRECTION('ref_axis',(-2.22044604925031E-16,1.,0.));
#9467=DIRECTION('center_axis',(0.,0.,1.));
#9468=DIRECTION('ref_axis',(-2.22044604925031E-16,1.,0.));
#9469=DIRECTION('center_axis',(-1.,-2.22044604925031E-16,0.));
#9470=DIRECTION('ref_axis',(2.22044604925031E-16,-1.,0.));
#9471=DIRECTION('',(2.22044604925031E-16,-1.,0.));
#9472=DIRECTION('',(0.,0.,1.));
#9473=DIRECTION('',(2.22044604925031E-16,-1.,0.));
#9474=DIRECTION('',(0.,0.,1.));
#9475=DIRECTION('center_axis',(-1.04209570265952E-15,1.,0.));
#9476=DIRECTION('ref_axis',(-1.,-1.04209570265952E-15,0.));
#9477=DIRECTION('',(-1.,-1.04209570265952E-15,0.));
#9478=DIRECTION('',(-1.,-1.04209570265952E-15,0.));
#9479=DIRECTION('',(0.,0.,1.));
#9480=DIRECTION('center_axis',(5.89181848518006E-16,-1.,0.));
#9481=DIRECTION('ref_axis',(1.,5.89181848518006E-16,0.));
#9482=DIRECTION('',(1.,5.89181848518006E-16,0.));
#9483=DIRECTION('',(0.,0.,-1.));
#9484=DIRECTION('',(1.,5.89181848518006E-16,0.));
#9485=DIRECTION('center_axis',(0.,0.,1.));
#9486=DIRECTION('ref_axis',(-2.22044604925031E-16,1.,0.));
#9487=DIRECTION('center_axis',(0.,0.,1.));
#9488=DIRECTION('ref_axis',(-2.22044604925031E-16,1.,0.));
#9489=DIRECTION('center_axis',(0.,0.,1.));
#9490=DIRECTION('ref_axis',(-2.22044604925031E-16,1.,0.));
#9491=DIRECTION('center_axis',(0.,0.,1.));
#9492=DIRECTION('ref_axis',(-2.22044604925031E-16,1.,0.));
#9493=DIRECTION('center_axis',(0.,0.,1.));
#9494=DIRECTION('ref_axis',(-2.22044604925031E-16,1.,0.));
#9495=DIRECTION('center_axis',(-1.,-2.22044604925031E-16,0.));
#9496=DIRECTION('ref_axis',(2.22044604925031E-16,-1.,0.));
#9497=DIRECTION('',(2.22044604925031E-16,-1.,0.));
#9498=DIRECTION('',(0.,0.,1.));
#9499=DIRECTION('',(2.22044604925031E-16,-1.,0.));
#9500=DIRECTION('',(0.,0.,1.));
#9501=DIRECTION('center_axis',(-1.04209570265952E-15,1.,0.));
#9502=DIRECTION('ref_axis',(-1.,-1.04209570265952E-15,0.));
#9503=DIRECTION('',(-1.,-1.04209570265952E-15,0.));
#9504=DIRECTION('',(-1.,-1.04209570265952E-15,0.));
#9505=DIRECTION('',(0.,0.,1.));
#9506=DIRECTION('center_axis',(5.89181848518006E-16,-1.,0.));
#9507=DIRECTION('ref_axis',(1.,5.89181848518006E-16,0.));
#9508=DIRECTION('',(1.,5.89181848518006E-16,0.));
#9509=DIRECTION('',(0.,0.,-1.));
#9510=DIRECTION('',(1.,5.89181848518006E-16,0.));
#9511=DIRECTION('center_axis',(0.,0.,1.));
#9512=DIRECTION('ref_axis',(-2.22044604925031E-16,1.,0.));
#9513=DIRECTION('center_axis',(0.,0.,1.));
#9514=DIRECTION('ref_axis',(-2.22044604925031E-16,1.,0.));
#9515=DIRECTION('center_axis',(0.,0.,1.));
#9516=DIRECTION('ref_axis',(-2.22044604925031E-16,1.,0.));
#9517=DIRECTION('center_axis',(0.,0.,1.));
#9518=DIRECTION('ref_axis',(-2.22044604925031E-16,1.,0.));
#9519=DIRECTION('center_axis',(0.,0.,1.));
#9520=DIRECTION('ref_axis',(-2.22044604925031E-16,1.,0.));
#9521=DIRECTION('center_axis',(-1.,-2.22044604925031E-16,0.));
#9522=DIRECTION('ref_axis',(2.22044604925031E-16,-1.,0.));
#9523=DIRECTION('',(2.22044604925031E-16,-1.,0.));
#9524=DIRECTION('',(0.,0.,1.));
#9525=DIRECTION('',(2.22044604925031E-16,-1.,0.));
#9526=DIRECTION('',(0.,0.,1.));
#9527=DIRECTION('center_axis',(-1.04209570265952E-15,1.,0.));
#9528=DIRECTION('ref_axis',(-1.,-1.04209570265952E-15,0.));
#9529=DIRECTION('',(-1.,-1.04209570265952E-15,0.));
#9530=DIRECTION('',(-1.,-1.04209570265952E-15,0.));
#9531=DIRECTION('',(0.,0.,1.));
#9532=DIRECTION('center_axis',(5.89181848518006E-16,-1.,0.));
#9533=DIRECTION('ref_axis',(1.,5.89181848518006E-16,0.));
#9534=DIRECTION('',(1.,5.89181848518006E-16,0.));
#9535=DIRECTION('',(0.,0.,-1.));
#9536=DIRECTION('',(1.,5.89181848518006E-16,0.));
#9537=DIRECTION('center_axis',(0.,0.,1.));
#9538=DIRECTION('ref_axis',(-2.22044604925031E-16,1.,0.));
#9539=DIRECTION('center_axis',(0.,0.,1.));
#9540=DIRECTION('ref_axis',(-2.22044604925031E-16,1.,0.));
#9541=DIRECTION('center_axis',(0.,0.,1.));
#9542=DIRECTION('ref_axis',(-2.22044604925031E-16,1.,0.));
#9543=DIRECTION('center_axis',(0.,0.,1.));
#9544=DIRECTION('ref_axis',(-2.22044604925031E-16,1.,0.));
#9545=DIRECTION('center_axis',(0.,0.,1.));
#9546=DIRECTION('ref_axis',(-2.22044604925031E-16,1.,0.));
#9547=DIRECTION('center_axis',(-1.,-2.22044604925031E-16,0.));
#9548=DIRECTION('ref_axis',(2.22044604925031E-16,-1.,0.));
#9549=DIRECTION('',(2.22044604925031E-16,-1.,0.));
#9550=DIRECTION('',(0.,0.,1.));
#9551=DIRECTION('',(2.22044604925031E-16,-1.,0.));
#9552=DIRECTION('',(0.,0.,1.));
#9553=DIRECTION('center_axis',(-1.04209570265952E-15,1.,0.));
#9554=DIRECTION('ref_axis',(-1.,-1.04209570265952E-15,0.));
#9555=DIRECTION('',(-1.,-1.04209570265952E-15,0.));
#9556=DIRECTION('',(-1.,-1.04209570265952E-15,0.));
#9557=DIRECTION('',(0.,0.,1.));
#9558=DIRECTION('center_axis',(5.89181848518006E-16,-1.,0.));
#9559=DIRECTION('ref_axis',(1.,5.89181848518006E-16,0.));
#9560=DIRECTION('',(1.,5.89181848518006E-16,0.));
#9561=DIRECTION('',(0.,0.,-1.));
#9562=DIRECTION('',(1.,5.89181848518006E-16,0.));
#9563=DIRECTION('center_axis',(0.,0.,1.));
#9564=DIRECTION('ref_axis',(-2.22044604925031E-16,1.,0.));
#9565=DIRECTION('center_axis',(0.,0.,1.));
#9566=DIRECTION('ref_axis',(-2.22044604925031E-16,1.,0.));
#9567=DIRECTION('center_axis',(0.,0.,1.));
#9568=DIRECTION('ref_axis',(-2.22044604925031E-16,1.,0.));
#9569=DIRECTION('center_axis',(0.,0.,1.));
#9570=DIRECTION('ref_axis',(-2.22044604925031E-16,1.,0.));
#9571=DIRECTION('center_axis',(0.,0.,1.));
#9572=DIRECTION('ref_axis',(-2.22044604925031E-16,1.,0.));
#9573=DIRECTION('center_axis',(1.,-2.22044604925031E-16,0.));
#9574=DIRECTION('ref_axis',(2.22044604925031E-16,1.,0.));
#9575=DIRECTION('',(2.22044604925031E-16,1.,0.));
#9576=DIRECTION('',(0.,0.,1.));
#9577=DIRECTION('',(2.22044604925031E-16,1.,0.));
#9578=DIRECTION('',(0.,0.,1.));
#9579=DIRECTION('center_axis',(5.98006492809457E-16,-1.,0.));
#9580=DIRECTION('ref_axis',(1.,5.98006492809457E-16,0.));
#9581=DIRECTION('',(1.,5.98006492809457E-16,0.));
#9582=DIRECTION('',(1.,5.98006492809457E-16,0.));
#9583=DIRECTION('',(0.,0.,1.));
#9584=DIRECTION('center_axis',(-1.45092638667944E-16,1.,0.));
#9585=DIRECTION('ref_axis',(-1.,-1.45092638667944E-16,0.));
#9586=DIRECTION('',(-1.,-1.45092638667944E-16,0.));
#9587=DIRECTION('',(0.,0.,-1.));
#9588=DIRECTION('',(-1.,-1.45092638667944E-16,0.));
#9589=DIRECTION('center_axis',(0.,0.,1.));
#9590=DIRECTION('ref_axis',(-2.22044604925031E-16,-1.,0.));
#9591=DIRECTION('center_axis',(0.,0.,1.));
#9592=DIRECTION('ref_axis',(-2.22044604925031E-16,-1.,0.));
#9593=DIRECTION('center_axis',(0.,0.,1.));
#9594=DIRECTION('ref_axis',(-2.22044604925031E-16,-1.,0.));
#9595=DIRECTION('center_axis',(0.,0.,1.));
#9596=DIRECTION('ref_axis',(-2.22044604925031E-16,-1.,0.));
#9597=DIRECTION('center_axis',(0.,0.,1.));
#9598=DIRECTION('ref_axis',(-2.22044604925031E-16,-1.,0.));
#9599=DIRECTION('center_axis',(1.,-2.22044604925031E-16,0.));
#9600=DIRECTION('ref_axis',(2.22044604925031E-16,1.,0.));
#9601=DIRECTION('',(2.22044604925031E-16,1.,0.));
#9602=DIRECTION('',(0.,0.,1.));
#9603=DIRECTION('',(2.22044604925031E-16,1.,0.));
#9604=DIRECTION('',(0.,0.,1.));
#9605=DIRECTION('center_axis',(5.98006492809457E-16,-1.,0.));
#9606=DIRECTION('ref_axis',(1.,5.98006492809457E-16,0.));
#9607=DIRECTION('',(1.,5.98006492809457E-16,0.));
#9608=DIRECTION('',(1.,5.98006492809457E-16,0.));
#9609=DIRECTION('',(0.,0.,1.));
#9610=DIRECTION('center_axis',(-1.45092638667944E-16,1.,0.));
#9611=DIRECTION('ref_axis',(-1.,-1.45092638667944E-16,0.));
#9612=DIRECTION('',(-1.,-1.45092638667944E-16,0.));
#9613=DIRECTION('',(0.,0.,-1.));
#9614=DIRECTION('',(-1.,-1.45092638667944E-16,0.));
#9615=DIRECTION('center_axis',(0.,0.,1.));
#9616=DIRECTION('ref_axis',(-2.22044604925031E-16,-1.,0.));
#9617=DIRECTION('center_axis',(0.,0.,1.));
#9618=DIRECTION('ref_axis',(-2.22044604925031E-16,-1.,0.));
#9619=DIRECTION('center_axis',(0.,0.,1.));
#9620=DIRECTION('ref_axis',(-2.22044604925031E-16,-1.,0.));
#9621=DIRECTION('center_axis',(0.,0.,1.));
#9622=DIRECTION('ref_axis',(-2.22044604925031E-16,-1.,0.));
#9623=DIRECTION('center_axis',(0.,0.,1.));
#9624=DIRECTION('ref_axis',(-2.22044604925031E-16,-1.,0.));
#9625=DIRECTION('center_axis',(1.,-2.22044604925031E-16,0.));
#9626=DIRECTION('ref_axis',(2.22044604925031E-16,1.,0.));
#9627=DIRECTION('',(2.22044604925031E-16,1.,0.));
#9628=DIRECTION('',(0.,0.,1.));
#9629=DIRECTION('',(2.22044604925031E-16,1.,0.));
#9630=DIRECTION('',(0.,0.,1.));
#9631=DIRECTION('center_axis',(5.98006492809457E-16,-1.,0.));
#9632=DIRECTION('ref_axis',(1.,5.98006492809457E-16,0.));
#9633=DIRECTION('',(1.,5.98006492809457E-16,0.));
#9634=DIRECTION('',(1.,5.98006492809457E-16,0.));
#9635=DIRECTION('',(0.,0.,1.));
#9636=DIRECTION('center_axis',(-1.45092638667944E-16,1.,0.));
#9637=DIRECTION('ref_axis',(-1.,-1.45092638667944E-16,0.));
#9638=DIRECTION('',(-1.,-1.45092638667944E-16,0.));
#9639=DIRECTION('',(0.,0.,-1.));
#9640=DIRECTION('',(-1.,-1.45092638667944E-16,0.));
#9641=DIRECTION('center_axis',(0.,0.,1.));
#9642=DIRECTION('ref_axis',(-2.22044604925031E-16,-1.,0.));
#9643=DIRECTION('center_axis',(0.,0.,1.));
#9644=DIRECTION('ref_axis',(-2.22044604925031E-16,-1.,0.));
#9645=DIRECTION('center_axis',(0.,0.,1.));
#9646=DIRECTION('ref_axis',(-2.22044604925031E-16,-1.,0.));
#9647=DIRECTION('center_axis',(0.,0.,1.));
#9648=DIRECTION('ref_axis',(-2.22044604925031E-16,-1.,0.));
#9649=DIRECTION('center_axis',(0.,0.,1.));
#9650=DIRECTION('ref_axis',(-2.22044604925031E-16,-1.,0.));
#9651=DIRECTION('center_axis',(1.,-2.22044604925031E-16,0.));
#9652=DIRECTION('ref_axis',(2.22044604925031E-16,1.,0.));
#9653=DIRECTION('',(2.22044604925031E-16,1.,0.));
#9654=DIRECTION('',(0.,0.,1.));
#9655=DIRECTION('',(2.22044604925031E-16,1.,0.));
#9656=DIRECTION('',(0.,0.,1.));
#9657=DIRECTION('center_axis',(5.98006492809457E-16,-1.,0.));
#9658=DIRECTION('ref_axis',(1.,5.98006492809457E-16,0.));
#9659=DIRECTION('',(1.,5.98006492809457E-16,0.));
#9660=DIRECTION('',(1.,5.98006492809457E-16,0.));
#9661=DIRECTION('',(0.,0.,1.));
#9662=DIRECTION('center_axis',(-1.45092638667944E-16,1.,0.));
#9663=DIRECTION('ref_axis',(-1.,-1.45092638667944E-16,0.));
#9664=DIRECTION('',(-1.,-1.45092638667944E-16,0.));
#9665=DIRECTION('',(0.,0.,-1.));
#9666=DIRECTION('',(-1.,-1.45092638667944E-16,0.));
#9667=DIRECTION('center_axis',(0.,0.,1.));
#9668=DIRECTION('ref_axis',(-2.22044604925031E-16,-1.,0.));
#9669=DIRECTION('center_axis',(0.,0.,1.));
#9670=DIRECTION('ref_axis',(-2.22044604925031E-16,-1.,0.));
#9671=DIRECTION('center_axis',(0.,0.,1.));
#9672=DIRECTION('ref_axis',(-2.22044604925031E-16,-1.,0.));
#9673=DIRECTION('center_axis',(0.,0.,1.));
#9674=DIRECTION('ref_axis',(-2.22044604925031E-16,-1.,0.));
#9675=DIRECTION('center_axis',(0.,0.,1.));
#9676=DIRECTION('ref_axis',(-2.22044604925031E-16,-1.,0.));
#9677=DIRECTION('center_axis',(1.,-2.22044604925031E-16,0.));
#9678=DIRECTION('ref_axis',(2.22044604925031E-16,1.,0.));
#9679=DIRECTION('',(2.22044604925031E-16,1.,0.));
#9680=DIRECTION('',(0.,0.,1.));
#9681=DIRECTION('',(2.22044604925031E-16,1.,0.));
#9682=DIRECTION('',(0.,0.,1.));
#9683=DIRECTION('center_axis',(5.98006492809457E-16,-1.,0.));
#9684=DIRECTION('ref_axis',(1.,5.98006492809457E-16,0.));
#9685=DIRECTION('',(1.,5.98006492809457E-16,0.));
#9686=DIRECTION('',(1.,5.98006492809457E-16,0.));
#9687=DIRECTION('',(0.,0.,1.));
#9688=DIRECTION('center_axis',(-1.45092638667944E-16,1.,0.));
#9689=DIRECTION('ref_axis',(-1.,-1.45092638667944E-16,0.));
#9690=DIRECTION('',(-1.,-1.45092638667944E-16,0.));
#9691=DIRECTION('',(0.,0.,-1.));
#9692=DIRECTION('',(-1.,-1.45092638667944E-16,0.));
#9693=DIRECTION('center_axis',(0.,0.,1.));
#9694=DIRECTION('ref_axis',(-2.22044604925031E-16,-1.,0.));
#9695=DIRECTION('center_axis',(0.,0.,1.));
#9696=DIRECTION('ref_axis',(-2.22044604925031E-16,-1.,0.));
#9697=DIRECTION('center_axis',(0.,0.,1.));
#9698=DIRECTION('ref_axis',(-2.22044604925031E-16,-1.,0.));
#9699=DIRECTION('center_axis',(0.,0.,1.));
#9700=DIRECTION('ref_axis',(-2.22044604925031E-16,-1.,0.));
#9701=DIRECTION('center_axis',(0.,0.,1.));
#9702=DIRECTION('ref_axis',(-2.22044604925031E-16,-1.,0.));
#9703=DIRECTION('center_axis',(1.,-2.22044604925031E-16,0.));
#9704=DIRECTION('ref_axis',(2.22044604925031E-16,1.,0.));
#9705=DIRECTION('',(2.22044604925031E-16,1.,0.));
#9706=DIRECTION('',(0.,0.,1.));
#9707=DIRECTION('',(2.22044604925031E-16,1.,0.));
#9708=DIRECTION('',(0.,0.,1.));
#9709=DIRECTION('center_axis',(5.98006492809457E-16,-1.,0.));
#9710=DIRECTION('ref_axis',(1.,5.98006492809457E-16,0.));
#9711=DIRECTION('',(1.,5.98006492809457E-16,0.));
#9712=DIRECTION('',(1.,5.98006492809457E-16,0.));
#9713=DIRECTION('',(0.,0.,1.));
#9714=DIRECTION('center_axis',(-1.45092638667944E-16,1.,0.));
#9715=DIRECTION('ref_axis',(-1.,-1.45092638667944E-16,0.));
#9716=DIRECTION('',(-1.,-1.45092638667944E-16,0.));
#9717=DIRECTION('',(0.,0.,-1.));
#9718=DIRECTION('',(-1.,-1.45092638667944E-16,0.));
#9719=DIRECTION('center_axis',(0.,0.,1.));
#9720=DIRECTION('ref_axis',(-2.22044604925031E-16,-1.,0.));
#9721=DIRECTION('center_axis',(0.,0.,1.));
#9722=DIRECTION('ref_axis',(-2.22044604925031E-16,-1.,0.));
#9723=DIRECTION('center_axis',(0.,0.,1.));
#9724=DIRECTION('ref_axis',(-2.22044604925031E-16,-1.,0.));
#9725=DIRECTION('center_axis',(0.,0.,1.));
#9726=DIRECTION('ref_axis',(-2.22044604925031E-16,-1.,0.));
#9727=DIRECTION('center_axis',(0.,0.,1.));
#9728=DIRECTION('ref_axis',(-2.22044604925031E-16,-1.,0.));
#9729=DIRECTION('center_axis',(1.,-2.22044604925031E-16,0.));
#9730=DIRECTION('ref_axis',(2.22044604925031E-16,1.,0.));
#9731=DIRECTION('',(2.22044604925031E-16,1.,0.));
#9732=DIRECTION('',(0.,0.,1.));
#9733=DIRECTION('',(2.22044604925031E-16,1.,0.));
#9734=DIRECTION('',(0.,0.,1.));
#9735=DIRECTION('center_axis',(5.98006492809457E-16,-1.,0.));
#9736=DIRECTION('ref_axis',(1.,5.98006492809457E-16,0.));
#9737=DIRECTION('',(1.,5.98006492809457E-16,0.));
#9738=DIRECTION('',(1.,5.98006492809457E-16,0.));
#9739=DIRECTION('',(0.,0.,1.));
#9740=DIRECTION('center_axis',(-1.45092638667944E-16,1.,0.));
#9741=DIRECTION('ref_axis',(-1.,-1.45092638667944E-16,0.));
#9742=DIRECTION('',(-1.,-1.45092638667944E-16,0.));
#9743=DIRECTION('',(0.,0.,-1.));
#9744=DIRECTION('',(-1.,-1.45092638667944E-16,0.));
#9745=DIRECTION('center_axis',(0.,0.,1.));
#9746=DIRECTION('ref_axis',(-2.22044604925031E-16,-1.,0.));
#9747=DIRECTION('center_axis',(0.,0.,1.));
#9748=DIRECTION('ref_axis',(-2.22044604925031E-16,-1.,0.));
#9749=DIRECTION('center_axis',(0.,0.,1.));
#9750=DIRECTION('ref_axis',(-2.22044604925031E-16,-1.,0.));
#9751=DIRECTION('center_axis',(0.,0.,1.));
#9752=DIRECTION('ref_axis',(-2.22044604925031E-16,-1.,0.));
#9753=DIRECTION('center_axis',(0.,0.,1.));
#9754=DIRECTION('ref_axis',(-2.22044604925031E-16,-1.,0.));
#9755=DIRECTION('center_axis',(1.,-2.22044604925031E-16,0.));
#9756=DIRECTION('ref_axis',(2.22044604925031E-16,1.,0.));
#9757=DIRECTION('',(2.22044604925031E-16,1.,0.));
#9758=DIRECTION('',(0.,0.,1.));
#9759=DIRECTION('',(2.22044604925031E-16,1.,0.));
#9760=DIRECTION('',(0.,0.,1.));
#9761=DIRECTION('center_axis',(5.98006492809457E-16,-1.,0.));
#9762=DIRECTION('ref_axis',(1.,5.98006492809457E-16,0.));
#9763=DIRECTION('',(1.,5.98006492809457E-16,0.));
#9764=DIRECTION('',(1.,5.98006492809457E-16,0.));
#9765=DIRECTION('',(0.,0.,1.));
#9766=DIRECTION('center_axis',(-1.45092638667944E-16,1.,0.));
#9767=DIRECTION('ref_axis',(-1.,-1.45092638667944E-16,0.));
#9768=DIRECTION('',(-1.,-1.45092638667944E-16,0.));
#9769=DIRECTION('',(0.,0.,-1.));
#9770=DIRECTION('',(-1.,-1.45092638667944E-16,0.));
#9771=DIRECTION('center_axis',(0.,0.,1.));
#9772=DIRECTION('ref_axis',(-2.22044604925031E-16,-1.,0.));
#9773=DIRECTION('center_axis',(0.,0.,1.));
#9774=DIRECTION('ref_axis',(-2.22044604925031E-16,-1.,0.));
#9775=DIRECTION('center_axis',(0.,0.,1.));
#9776=DIRECTION('ref_axis',(-2.22044604925031E-16,-1.,0.));
#9777=DIRECTION('center_axis',(0.,0.,1.));
#9778=DIRECTION('ref_axis',(-2.22044604925031E-16,-1.,0.));
#9779=DIRECTION('center_axis',(0.,0.,1.));
#9780=DIRECTION('ref_axis',(-2.22044604925031E-16,-1.,0.));
#9781=DIRECTION('center_axis',(1.,-2.22044604925031E-16,0.));
#9782=DIRECTION('ref_axis',(2.22044604925031E-16,1.,0.));
#9783=DIRECTION('',(2.22044604925031E-16,1.,0.));
#9784=DIRECTION('',(0.,0.,1.));
#9785=DIRECTION('',(2.22044604925031E-16,1.,0.));
#9786=DIRECTION('',(0.,0.,1.));
#9787=DIRECTION('center_axis',(5.98006492809457E-16,-1.,0.));
#9788=DIRECTION('ref_axis',(1.,5.98006492809457E-16,0.));
#9789=DIRECTION('',(1.,5.98006492809457E-16,0.));
#9790=DIRECTION('',(1.,5.98006492809457E-16,0.));
#9791=DIRECTION('',(0.,0.,1.));
#9792=DIRECTION('center_axis',(-1.45092638667944E-16,1.,0.));
#9793=DIRECTION('ref_axis',(-1.,-1.45092638667944E-16,0.));
#9794=DIRECTION('',(-1.,-1.45092638667944E-16,0.));
#9795=DIRECTION('',(0.,0.,-1.));
#9796=DIRECTION('',(-1.,-1.45092638667944E-16,0.));
#9797=DIRECTION('center_axis',(0.,0.,1.));
#9798=DIRECTION('ref_axis',(-2.22044604925031E-16,-1.,0.));
#9799=DIRECTION('center_axis',(0.,0.,1.));
#9800=DIRECTION('ref_axis',(-2.22044604925031E-16,-1.,0.));
#9801=DIRECTION('center_axis',(0.,0.,1.));
#9802=DIRECTION('ref_axis',(-2.22044604925031E-16,-1.,0.));
#9803=DIRECTION('center_axis',(0.,0.,1.));
#9804=DIRECTION('ref_axis',(-2.22044604925031E-16,-1.,0.));
#9805=DIRECTION('center_axis',(0.,0.,1.));
#9806=DIRECTION('ref_axis',(-2.22044604925031E-16,-1.,0.));
#9807=DIRECTION('center_axis',(1.,-2.22044604925031E-16,0.));
#9808=DIRECTION('ref_axis',(2.22044604925031E-16,1.,0.));
#9809=DIRECTION('',(2.22044604925031E-16,1.,0.));
#9810=DIRECTION('',(0.,0.,1.));
#9811=DIRECTION('',(2.22044604925031E-16,1.,0.));
#9812=DIRECTION('',(0.,0.,1.));
#9813=DIRECTION('center_axis',(5.98006492809457E-16,-1.,0.));
#9814=DIRECTION('ref_axis',(1.,5.98006492809457E-16,0.));
#9815=DIRECTION('',(1.,5.98006492809457E-16,0.));
#9816=DIRECTION('',(1.,5.98006492809457E-16,0.));
#9817=DIRECTION('',(0.,0.,1.));
#9818=DIRECTION('center_axis',(-1.45092638667944E-16,1.,0.));
#9819=DIRECTION('ref_axis',(-1.,-1.45092638667944E-16,0.));
#9820=DIRECTION('',(-1.,-1.45092638667944E-16,0.));
#9821=DIRECTION('',(0.,0.,-1.));
#9822=DIRECTION('',(-1.,-1.45092638667944E-16,0.));
#9823=DIRECTION('center_axis',(0.,0.,1.));
#9824=DIRECTION('ref_axis',(-2.22044604925031E-16,-1.,0.));
#9825=DIRECTION('center_axis',(0.,0.,1.));
#9826=DIRECTION('ref_axis',(-2.22044604925031E-16,-1.,0.));
#9827=DIRECTION('center_axis',(0.,0.,1.));
#9828=DIRECTION('ref_axis',(-2.22044604925031E-16,-1.,0.));
#9829=DIRECTION('center_axis',(0.,0.,1.));
#9830=DIRECTION('ref_axis',(-2.22044604925031E-16,-1.,0.));
#9831=DIRECTION('center_axis',(0.,0.,1.));
#9832=DIRECTION('ref_axis',(-2.22044604925031E-16,-1.,0.));
#9833=DIRECTION('center_axis',(1.,-2.22044604925031E-16,0.));
#9834=DIRECTION('ref_axis',(2.22044604925031E-16,1.,0.));
#9835=DIRECTION('',(2.22044604925031E-16,1.,0.));
#9836=DIRECTION('',(0.,0.,1.));
#9837=DIRECTION('',(2.22044604925031E-16,1.,0.));
#9838=DIRECTION('',(0.,0.,1.));
#9839=DIRECTION('center_axis',(5.98006492809457E-16,-1.,0.));
#9840=DIRECTION('ref_axis',(1.,5.98006492809457E-16,0.));
#9841=DIRECTION('',(1.,5.98006492809457E-16,0.));
#9842=DIRECTION('',(1.,5.98006492809457E-16,0.));
#9843=DIRECTION('',(0.,0.,1.));
#9844=DIRECTION('center_axis',(-1.45092638667944E-16,1.,0.));
#9845=DIRECTION('ref_axis',(-1.,-1.45092638667944E-16,0.));
#9846=DIRECTION('',(-1.,-1.45092638667944E-16,0.));
#9847=DIRECTION('',(0.,0.,-1.));
#9848=DIRECTION('',(-1.,-1.45092638667944E-16,0.));
#9849=DIRECTION('center_axis',(0.,0.,1.));
#9850=DIRECTION('ref_axis',(-2.22044604925031E-16,-1.,0.));
#9851=DIRECTION('center_axis',(0.,0.,1.));
#9852=DIRECTION('ref_axis',(-2.22044604925031E-16,-1.,0.));
#9853=DIRECTION('center_axis',(0.,0.,1.));
#9854=DIRECTION('ref_axis',(-2.22044604925031E-16,-1.,0.));
#9855=DIRECTION('center_axis',(0.,0.,1.));
#9856=DIRECTION('ref_axis',(-2.22044604925031E-16,-1.,0.));
#9857=DIRECTION('center_axis',(0.,0.,1.));
#9858=DIRECTION('ref_axis',(-2.22044604925031E-16,-1.,0.));
#9859=DIRECTION('center_axis',(1.,-2.22044604925031E-16,0.));
#9860=DIRECTION('ref_axis',(2.22044604925031E-16,1.,0.));
#9861=DIRECTION('',(2.22044604925031E-16,1.,0.));
#9862=DIRECTION('',(0.,0.,1.));
#9863=DIRECTION('',(2.22044604925031E-16,1.,0.));
#9864=DIRECTION('',(0.,0.,1.));
#9865=DIRECTION('center_axis',(5.98006492809457E-16,-1.,0.));
#9866=DIRECTION('ref_axis',(1.,5.98006492809457E-16,0.));
#9867=DIRECTION('',(1.,5.98006492809457E-16,0.));
#9868=DIRECTION('',(1.,5.98006492809457E-16,0.));
#9869=DIRECTION('',(0.,0.,1.));
#9870=DIRECTION('center_axis',(-1.45092638667944E-16,1.,0.));
#9871=DIRECTION('ref_axis',(-1.,-1.45092638667944E-16,0.));
#9872=DIRECTION('',(-1.,-1.45092638667944E-16,0.));
#9873=DIRECTION('',(0.,0.,-1.));
#9874=DIRECTION('',(-1.,-1.45092638667944E-16,0.));
#9875=DIRECTION('center_axis',(0.,0.,1.));
#9876=DIRECTION('ref_axis',(-2.22044604925031E-16,-1.,0.));
#9877=DIRECTION('center_axis',(0.,0.,1.));
#9878=DIRECTION('ref_axis',(-2.22044604925031E-16,-1.,0.));
#9879=DIRECTION('center_axis',(0.,0.,1.));
#9880=DIRECTION('ref_axis',(-2.22044604925031E-16,-1.,0.));
#9881=DIRECTION('center_axis',(0.,0.,1.));
#9882=DIRECTION('ref_axis',(-2.22044604925031E-16,-1.,0.));
#9883=DIRECTION('center_axis',(0.,0.,1.));
#9884=DIRECTION('ref_axis',(-2.22044604925031E-16,-1.,0.));
#9885=DIRECTION('center_axis',(1.,-2.22044604925031E-16,0.));
#9886=DIRECTION('ref_axis',(2.22044604925031E-16,1.,0.));
#9887=DIRECTION('',(2.22044604925031E-16,1.,0.));
#9888=DIRECTION('',(0.,0.,1.));
#9889=DIRECTION('',(2.22044604925031E-16,1.,0.));
#9890=DIRECTION('',(0.,0.,1.));
#9891=DIRECTION('center_axis',(5.98006492809457E-16,-1.,0.));
#9892=DIRECTION('ref_axis',(1.,5.98006492809457E-16,0.));
#9893=DIRECTION('',(1.,5.98006492809457E-16,0.));
#9894=DIRECTION('',(1.,5.98006492809457E-16,0.));
#9895=DIRECTION('',(0.,0.,1.));
#9896=DIRECTION('center_axis',(-1.45092638667944E-16,1.,0.));
#9897=DIRECTION('ref_axis',(-1.,-1.45092638667944E-16,0.));
#9898=DIRECTION('',(-1.,-1.45092638667944E-16,0.));
#9899=DIRECTION('',(0.,0.,-1.));
#9900=DIRECTION('',(-1.,-1.45092638667944E-16,0.));
#9901=DIRECTION('center_axis',(0.,0.,1.));
#9902=DIRECTION('ref_axis',(-2.22044604925031E-16,-1.,0.));
#9903=DIRECTION('center_axis',(0.,0.,1.));
#9904=DIRECTION('ref_axis',(-2.22044604925031E-16,-1.,0.));
#9905=DIRECTION('center_axis',(0.,0.,1.));
#9906=DIRECTION('ref_axis',(-2.22044604925031E-16,-1.,0.));
#9907=DIRECTION('center_axis',(0.,0.,1.));
#9908=DIRECTION('ref_axis',(-2.22044604925031E-16,-1.,0.));
#9909=DIRECTION('center_axis',(0.,0.,1.));
#9910=DIRECTION('ref_axis',(-2.22044604925031E-16,-1.,0.));
#9911=DIRECTION('center_axis',(1.,-2.22044604925031E-16,0.));
#9912=DIRECTION('ref_axis',(2.22044604925031E-16,1.,0.));
#9913=DIRECTION('',(2.22044604925031E-16,1.,0.));
#9914=DIRECTION('',(0.,0.,1.));
#9915=DIRECTION('',(2.22044604925031E-16,1.,0.));
#9916=DIRECTION('',(0.,0.,1.));
#9917=DIRECTION('center_axis',(5.98006492809457E-16,-1.,0.));
#9918=DIRECTION('ref_axis',(1.,5.98006492809457E-16,0.));
#9919=DIRECTION('',(1.,5.98006492809457E-16,0.));
#9920=DIRECTION('',(1.,5.98006492809457E-16,0.));
#9921=DIRECTION('',(0.,0.,1.));
#9922=DIRECTION('center_axis',(-1.45092638667944E-16,1.,0.));
#9923=DIRECTION('ref_axis',(-1.,-1.45092638667944E-16,0.));
#9924=DIRECTION('',(-1.,-1.45092638667944E-16,0.));
#9925=DIRECTION('',(0.,0.,-1.));
#9926=DIRECTION('',(-1.,-1.45092638667944E-16,0.));
#9927=DIRECTION('center_axis',(0.,0.,1.));
#9928=DIRECTION('ref_axis',(-2.22044604925031E-16,-1.,0.));
#9929=DIRECTION('center_axis',(0.,0.,1.));
#9930=DIRECTION('ref_axis',(-2.22044604925031E-16,-1.,0.));
#9931=DIRECTION('center_axis',(0.,0.,1.));
#9932=DIRECTION('ref_axis',(-2.22044604925031E-16,-1.,0.));
#9933=DIRECTION('center_axis',(0.,0.,1.));
#9934=DIRECTION('ref_axis',(-2.22044604925031E-16,-1.,0.));
#9935=DIRECTION('center_axis',(0.,0.,1.));
#9936=DIRECTION('ref_axis',(-2.22044604925031E-16,-1.,0.));
#9937=DIRECTION('center_axis',(1.,-2.22044604925031E-16,0.));
#9938=DIRECTION('ref_axis',(2.22044604925031E-16,1.,0.));
#9939=DIRECTION('',(2.22044604925031E-16,1.,0.));
#9940=DIRECTION('',(0.,0.,1.));
#9941=DIRECTION('',(2.22044604925031E-16,1.,0.));
#9942=DIRECTION('',(0.,0.,1.));
#9943=DIRECTION('center_axis',(5.98006492809457E-16,-1.,0.));
#9944=DIRECTION('ref_axis',(1.,5.98006492809457E-16,0.));
#9945=DIRECTION('',(1.,5.98006492809457E-16,0.));
#9946=DIRECTION('',(1.,5.98006492809457E-16,0.));
#9947=DIRECTION('',(0.,0.,1.));
#9948=DIRECTION('center_axis',(-1.45092638667944E-16,1.,0.));
#9949=DIRECTION('ref_axis',(-1.,-1.45092638667944E-16,0.));
#9950=DIRECTION('',(-1.,-1.45092638667944E-16,0.));
#9951=DIRECTION('',(0.,0.,-1.));
#9952=DIRECTION('',(-1.,-1.45092638667944E-16,0.));
#9953=DIRECTION('center_axis',(0.,0.,1.));
#9954=DIRECTION('ref_axis',(-2.22044604925031E-16,-1.,0.));
#9955=DIRECTION('center_axis',(0.,0.,1.));
#9956=DIRECTION('ref_axis',(-2.22044604925031E-16,-1.,0.));
#9957=DIRECTION('center_axis',(0.,0.,1.));
#9958=DIRECTION('ref_axis',(-2.22044604925031E-16,-1.,0.));
#9959=DIRECTION('center_axis',(0.,0.,1.));
#9960=DIRECTION('ref_axis',(-2.22044604925031E-16,-1.,0.));
#9961=DIRECTION('center_axis',(0.,0.,1.));
#9962=DIRECTION('ref_axis',(-2.22044604925031E-16,-1.,0.));
#9963=DIRECTION('axis',(0.,0.,1.));
#9964=DIRECTION('refdir',(1.,0.,0.));
#9965=DIRECTION('center_axis',(0.,0.,1.));
#9966=DIRECTION('ref_axis',(-1.,0.,0.));
#9967=DIRECTION('center_axis',(0.,0.,1.));
#9968=DIRECTION('ref_axis',(-1.,0.,0.));
#9969=DIRECTION('',(0.,0.,-1.));
#9970=DIRECTION('center_axis',(0.,0.,-1.));
#9971=DIRECTION('ref_axis',(-1.,0.,0.));
#9972=DIRECTION('center_axis',(0.,0.,1.));
#9973=DIRECTION('ref_axis',(1.,0.,0.));
#9974=DIRECTION('center_axis',(0.,0.,1.));
#9975=DIRECTION('ref_axis',(1.,0.,0.));
#9976=DIRECTION('axis',(0.,0.,1.));
#9977=DIRECTION('refdir',(1.,0.,0.));
#9978=DIRECTION('center_axis',(0.,1.,0.));
#9979=DIRECTION('ref_axis',(-1.,0.,0.));
#9980=DIRECTION('',(0.,0.,-1.));
#9981=DIRECTION('',(-1.,0.,0.));
#9982=DIRECTION('',(0.,0.,1.));
#9983=DIRECTION('',(1.,0.,0.));
#9984=DIRECTION('center_axis',(0.,-1.,0.));
#9985=DIRECTION('ref_axis',(1.,0.,0.));
#9986=DIRECTION('',(-1.,0.,0.));
#9987=DIRECTION('',(0.,0.,1.));
#9988=DIRECTION('',(1.,0.,0.));
#9989=DIRECTION('',(0.,0.,1.));
#9990=DIRECTION('center_axis',(-1.,0.,0.));
#9991=DIRECTION('ref_axis',(0.,-1.,0.));
#9992=DIRECTION('',(0.,1.,0.));
#9993=DIRECTION('',(0.,-1.,0.));
#9994=DIRECTION('center_axis',(1.,0.,0.));
#9995=DIRECTION('ref_axis',(0.,1.,0.));
#9996=DIRECTION('',(0.,-1.,0.));
#9997=DIRECTION('',(0.,1.,0.));
#9998=DIRECTION('',(0.,0.,1.));
#9999=DIRECTION('center_axis',(0.,-1.,0.));
#10000=DIRECTION('ref_axis',(1.,0.,0.));
#10001=DIRECTION('',(-1.,0.,0.));
#10002=DIRECTION('',(1.,0.,0.));
#10003=DIRECTION('',(0.,0.,1.));
#10004=DIRECTION('center_axis',(1.,0.,0.));
#10005=DIRECTION('ref_axis',(0.,1.,0.));
#10006=DIRECTION('',(0.,-1.,0.));
#10007=DIRECTION('',(0.,1.,0.));
#10008=DIRECTION('',(0.,0.,1.));
#10009=DIRECTION('center_axis',(0.,-1.,0.));
#10010=DIRECTION('ref_axis',(1.,0.,0.));
#10011=DIRECTION('',(-1.,0.,0.));
#10012=DIRECTION('',(1.,0.,0.));
#10013=DIRECTION('',(0.,0.,1.));
#10014=DIRECTION('center_axis',(-1.,0.,0.));
#10015=DIRECTION('ref_axis',(0.,-1.,0.));
#10016=DIRECTION('',(0.,1.,0.));
#10017=DIRECTION('',(0.,-1.,0.));
#10018=DIRECTION('',(0.,0.,1.));
#10019=DIRECTION('center_axis',(0.,0.,1.));
#10020=DIRECTION('ref_axis',(1.,0.,0.));
#10021=DIRECTION('',(0.,1.,0.));
#10022=DIRECTION('',(0.,-1.,0.));
#10023=DIRECTION('',(-1.,0.,0.));
#10024=DIRECTION('',(0.,-1.,0.));
#10025=DIRECTION('',(1.,0.,0.));
#10026=DIRECTION('',(0.,-1.,0.));
#10027=DIRECTION('',(1.,0.,0.));
#10028=DIRECTION('',(0.,1.,0.));
#10029=DIRECTION('',(1.,0.,0.));
#10030=DIRECTION('',(0.,1.,0.));
#10031=DIRECTION('',(-1.,0.,0.));
#10032=DIRECTION('',(0.,1.,0.));
#10033=DIRECTION('',(0.,0.,1.));
#10034=DIRECTION('center_axis',(1.,0.,0.));
#10035=DIRECTION('ref_axis',(0.,1.,0.));
#10036=DIRECTION('',(0.,-1.,0.));
#10037=DIRECTION('',(0.,0.,1.));
#10038=DIRECTION('center_axis',(0.,1.,0.));
#10039=DIRECTION('ref_axis',(-1.,0.,0.));
#10040=DIRECTION('',(1.,0.,0.));
#10041=DIRECTION('',(0.,0.,1.));
#10042=DIRECTION('center_axis',(1.,0.,0.));
#10043=DIRECTION('ref_axis',(0.,1.,0.));
#10044=DIRECTION('',(0.,-1.,0.));
#10045=DIRECTION('',(0.,0.,1.));
#10046=DIRECTION('center_axis',(0.,-1.,0.));
#10047=DIRECTION('ref_axis',(1.,0.,0.));
#10048=DIRECTION('',(-1.,0.,0.));
#10049=DIRECTION('',(0.,0.,1.));
#10050=DIRECTION('center_axis',(1.,0.,0.));
#10051=DIRECTION('ref_axis',(0.,1.,0.));
#10052=DIRECTION('',(0.,-1.,0.));
#10053=DIRECTION('',(0.,0.,1.));
#10054=DIRECTION('center_axis',(0.,-1.,0.));
#10055=DIRECTION('ref_axis',(1.,0.,0.));
#10056=DIRECTION('',(-1.,0.,0.));
#10057=DIRECTION('',(0.,0.,1.));
#10058=DIRECTION('center_axis',(-1.,0.,0.));
#10059=DIRECTION('ref_axis',(0.,-1.,0.));
#10060=DIRECTION('',(0.,1.,0.));
#10061=DIRECTION('',(0.,0.,1.));
#10062=DIRECTION('center_axis',(0.,-1.,0.));
#10063=DIRECTION('ref_axis',(1.,0.,0.));
#10064=DIRECTION('',(-1.,0.,0.));
#10065=DIRECTION('',(0.,0.,1.));
#10066=DIRECTION('center_axis',(-1.,0.,0.));
#10067=DIRECTION('ref_axis',(0.,-1.,0.));
#10068=DIRECTION('',(0.,1.,0.));
#10069=DIRECTION('',(0.,0.,1.));
#10070=DIRECTION('center_axis',(0.,1.,0.));
#10071=DIRECTION('ref_axis',(-1.,0.,0.));
#10072=DIRECTION('',(1.,0.,0.));
#10073=DIRECTION('',(0.,0.,1.));
#10074=DIRECTION('center_axis',(-1.,0.,0.));
#10075=DIRECTION('ref_axis',(0.,-1.,0.));
#10076=DIRECTION('',(0.,1.,0.));
#10077=DIRECTION('',(0.,0.,1.));
#10078=DIRECTION('',(0.,0.,1.));
#10079=DIRECTION('',(0.,0.,1.));
#10080=DIRECTION('center_axis',(1.,0.,0.));
#10081=DIRECTION('ref_axis',(0.,1.,0.));
#10082=DIRECTION('',(0.,-1.,0.));
#10083=DIRECTION('center_axis',(0.,0.,1.));
#10084=DIRECTION('ref_axis',(1.,0.,0.));
#10085=DIRECTION('',(0.,0.,1.));
#10086=DIRECTION('',(0.,0.,1.));
#10087=DIRECTION('',(0.,0.,1.));
#10088=DIRECTION('center_axis',(0.,-1.,0.));
#10089=DIRECTION('ref_axis',(1.,0.,0.));
#10090=DIRECTION('',(1.,0.,0.));
#10091=DIRECTION('',(0.,0.,1.));
#10092=DIRECTION('',(-1.,0.,0.));
#10093=DIRECTION('center_axis',(-1.,0.,0.));
#10094=DIRECTION('ref_axis',(0.,-1.,0.));
#10095=DIRECTION('',(0.,-1.,0.));
#10096=DIRECTION('',(0.,0.,1.));
#10097=DIRECTION('',(0.,1.,0.));
#10098=DIRECTION('center_axis',(0.,1.,0.));
#10099=DIRECTION('ref_axis',(-1.,0.,0.));
#10100=DIRECTION('',(-1.,0.,0.));
#10101=DIRECTION('',(0.,0.,1.));
#10102=DIRECTION('',(1.,0.,0.));
#10103=DIRECTION('',(0.,0.,1.));
#10104=DIRECTION('',(0.,0.,1.));
#10105=DIRECTION('',(0.,0.,1.));
#10106=DIRECTION('center_axis',(0.,-1.,0.));
#10107=DIRECTION('ref_axis',(1.,0.,0.));
#10108=DIRECTION('',(-1.,0.,0.));
#10109=DIRECTION('',(1.,0.,0.));
#10110=DIRECTION('',(0.,0.,1.));
#10111=DIRECTION('center_axis',(-1.,0.,0.));
#10112=DIRECTION('ref_axis',(0.,-1.,0.));
#10113=DIRECTION('',(0.,1.,0.));
#10114=DIRECTION('',(0.,-1.,0.));
#10115=DIRECTION('',(0.,0.,1.));
#10116=DIRECTION('center_axis',(0.,1.,0.));
#10117=DIRECTION('ref_axis',(-1.,0.,0.));
#10118=DIRECTION('',(1.,0.,0.));
#10119=DIRECTION('',(-1.,0.,0.));
#10120=DIRECTION('',(0.,0.,1.));
#10121=DIRECTION('',(0.,0.,1.));
#10122=DIRECTION('',(0.,0.,1.));
#10123=DIRECTION('center_axis',(0.,0.,1.));
#10124=DIRECTION('ref_axis',(1.,0.,0.));
#10125=DIRECTION('center_axis',(0.,0.,1.));
#10126=DIRECTION('ref_axis',(1.,0.,0.));
#10127=DIRECTION('center_axis',(-1.,0.,0.));
#10128=DIRECTION('ref_axis',(0.,-1.,0.));
#10129=DIRECTION('',(0.,1.,0.));
#10130=DIRECTION('',(0.,0.,1.));
#10131=DIRECTION('',(0.,-1.,0.));
#10132=DIRECTION('',(0.,0.,1.));
#10133=DIRECTION('center_axis',(0.,1.,0.));
#10134=DIRECTION('ref_axis',(-1.,0.,0.));
#10135=DIRECTION('',(1.,0.,0.));
#10136=DIRECTION('',(-1.,0.,0.));
#10137=DIRECTION('',(0.,0.,1.));
#10138=DIRECTION('center_axis',(-1.,0.,0.));
#10139=DIRECTION('ref_axis',(0.,-1.,0.));
#10140=DIRECTION('',(0.,1.,0.));
#10141=DIRECTION('',(0.,-1.,0.));
#10142=DIRECTION('',(0.,0.,1.));
#10143=DIRECTION('center_axis',(0.,-1.,0.));
#10144=DIRECTION('ref_axis',(1.,0.,0.));
#10145=DIRECTION('',(-1.,0.,0.));
#10146=DIRECTION('',(1.,0.,0.));
#10147=DIRECTION('',(0.,0.,1.));
#10148=DIRECTION('center_axis',(-1.,0.,0.));
#10149=DIRECTION('ref_axis',(0.,-1.,0.));
#10150=DIRECTION('',(0.,1.,0.));
#10151=DIRECTION('',(0.,-1.,0.));
#10152=DIRECTION('',(0.,0.,1.));
#10153=DIRECTION('center_axis',(0.,1.,0.));
#10154=DIRECTION('ref_axis',(-1.,0.,0.));
#10155=DIRECTION('',(1.,0.,0.));
#10156=DIRECTION('',(-1.,0.,0.));
#10157=DIRECTION('',(0.,0.,1.));
#10158=DIRECTION('center_axis',(1.,0.,0.));
#10159=DIRECTION('ref_axis',(0.,1.,0.));
#10160=DIRECTION('',(0.,-1.,0.));
#10161=DIRECTION('',(0.,1.,0.));
#10162=DIRECTION('',(0.,0.,1.));
#10163=DIRECTION('center_axis',(0.,-1.,0.));
#10164=DIRECTION('ref_axis',(1.,0.,0.));
#10165=DIRECTION('',(-1.,0.,0.));
#10166=DIRECTION('',(1.,0.,0.));
#10167=DIRECTION('',(0.,0.,1.));
#10168=DIRECTION('center_axis',(1.,0.,0.));
#10169=DIRECTION('ref_axis',(0.,1.,0.));
#10170=DIRECTION('',(0.,-1.,0.));
#10171=DIRECTION('',(0.,1.,0.));
#10172=DIRECTION('',(0.,0.,1.));
#10173=DIRECTION('center_axis',(0.,1.,0.));
#10174=DIRECTION('ref_axis',(-1.,0.,0.));
#10175=DIRECTION('',(1.,0.,0.));
#10176=DIRECTION('',(-1.,0.,0.));
#10177=DIRECTION('',(0.,0.,1.));
#10178=DIRECTION('center_axis',(1.,0.,0.));
#10179=DIRECTION('ref_axis',(0.,1.,0.));
#10180=DIRECTION('',(0.,-1.,0.));
#10181=DIRECTION('',(0.,1.,0.));
#10182=DIRECTION('',(0.,0.,1.));
#10183=DIRECTION('center_axis',(0.,-1.,0.));
#10184=DIRECTION('ref_axis',(1.,0.,0.));
#10185=DIRECTION('',(-1.,0.,0.));
#10186=DIRECTION('',(1.,0.,0.));
#10187=DIRECTION('center_axis',(0.,0.,1.));
#10188=DIRECTION('ref_axis',(1.,0.,0.));
#10189=DIRECTION('center_axis',(0.,0.,1.));
#10190=DIRECTION('ref_axis',(1.,0.,0.));
#10191=DIRECTION('',(0.,0.,1.));
#10192=DIRECTION('',(1.,0.,0.));
#10193=DIRECTION('',(0.,0.,1.));
#10194=DIRECTION('',(1.,0.,0.));
#10195=DIRECTION('',(0.,0.,-1.));
#10196=DIRECTION('',(1.,6.93889390390723E-17,0.));
#10197=DIRECTION('',(0.,0.,1.));
#10198=DIRECTION('',(1.,0.,0.));
#10199=CARTESIAN_POINT('',(0.,0.,0.));
#10200=CARTESIAN_POINT('',(0.,0.,0.));
#10201=CARTESIAN_POINT('Origin',(4.35,4.35,0.73));
#10202=CARTESIAN_POINT('',(4.5,4.35,0.73));
#10203=CARTESIAN_POINT('',(4.35,4.35,0.88));
#10204=CARTESIAN_POINT('Origin',(4.35,4.35,0.73));
#10205=CARTESIAN_POINT('',(4.35,4.5,0.73));
#10206=CARTESIAN_POINT('Origin',(4.35,4.35,0.73));
#10207=CARTESIAN_POINT('Origin',(4.35,4.35,0.73));
#10208=CARTESIAN_POINT('Origin',(4.35,4.35,0.));
#10209=CARTESIAN_POINT('',(4.5,4.35,0.));
#10210=CARTESIAN_POINT('',(4.35,4.5,0.));
#10211=CARTESIAN_POINT('Origin',(4.35,4.35,0.));
#10212=CARTESIAN_POINT('',(4.35,4.5,0.));
#10213=CARTESIAN_POINT('',(4.5,4.35,0.));
#10214=CARTESIAN_POINT('Origin',(-4.35,4.35,0.73));
#10215=CARTESIAN_POINT('',(-4.35,4.5,0.73));
#10216=CARTESIAN_POINT('',(-4.35,4.35,0.88));
#10217=CARTESIAN_POINT('Origin',(-4.35,4.35,0.73));
#10218=CARTESIAN_POINT('',(-4.5,4.35,0.73));
#10219=CARTESIAN_POINT('Origin',(-4.35,4.35,0.73));
#10220=CARTESIAN_POINT('Origin',(-4.35,4.35,0.73));
#10221=CARTESIAN_POINT('Origin',(-4.35,4.35,0.));
#10222=CARTESIAN_POINT('',(-4.35,4.5,0.));
#10223=CARTESIAN_POINT('',(-4.5,4.35,0.));
#10224=CARTESIAN_POINT('Origin',(-4.35,4.35,0.));
#10225=CARTESIAN_POINT('',(-4.5,4.35,0.));
#10226=CARTESIAN_POINT('',(-4.35,4.5,0.));
#10227=CARTESIAN_POINT('Origin',(4.35,-4.35,0.73));
#10228=CARTESIAN_POINT('',(4.35,-4.5,0.73));
#10229=CARTESIAN_POINT('',(4.35,-4.35,0.88));
#10230=CARTESIAN_POINT('Origin',(4.35,-4.35,0.73));
#10231=CARTESIAN_POINT('',(4.5,-4.35,0.73));
#10232=CARTESIAN_POINT('Origin',(4.35,-4.35,0.73));
#10233=CARTESIAN_POINT('Origin',(4.35,-4.35,0.73));
#10234=CARTESIAN_POINT('Origin',(4.35,-4.35,0.));
#10235=CARTESIAN_POINT('',(4.35,-4.5,0.));
#10236=CARTESIAN_POINT('',(4.5,-4.35,0.));
#10237=CARTESIAN_POINT('Origin',(4.35,-4.35,0.));
#10238=CARTESIAN_POINT('',(4.5,-4.35,0.));
#10239=CARTESIAN_POINT('',(4.35,-4.5,0.));
#10240=CARTESIAN_POINT('Origin',(4.35,-2.25,0.73));
#10241=CARTESIAN_POINT('',(4.35,-2.25,0.88));
#10242=CARTESIAN_POINT('',(4.5,-2.25,0.73));
#10243=CARTESIAN_POINT('Origin',(-4.35,-4.35,0.73));
#10244=CARTESIAN_POINT('',(-4.5,-4.35,0.73));
#10245=CARTESIAN_POINT('',(-4.35,-4.35,0.88));
#10246=CARTESIAN_POINT('Origin',(-4.35,-4.35,0.73));
#10247=CARTESIAN_POINT('',(-4.35,-4.5,0.73));
#10248=CARTESIAN_POINT('Origin',(-4.35,-4.35,0.73));
#10249=CARTESIAN_POINT('Origin',(-4.35,-4.35,0.73));
#10250=CARTESIAN_POINT('Origin',(-4.35,-4.35,0.));
#10251=CARTESIAN_POINT('',(-4.5,-4.35,0.));
#10252=CARTESIAN_POINT('',(-4.35,-4.5,0.));
#10253=CARTESIAN_POINT('Origin',(-4.35,-4.35,0.));
#10254=CARTESIAN_POINT('',(-4.35,-4.5,0.));
#10255=CARTESIAN_POINT('',(-4.5,-4.35,0.));
#10256=CARTESIAN_POINT('Origin',(-2.25,-4.35,0.73));
#10257=CARTESIAN_POINT('',(-2.25,-4.35,0.88));
#10258=CARTESIAN_POINT('',(-2.25,-4.5,0.73));
#10259=CARTESIAN_POINT('Origin',(-4.35,2.25,0.73));
#10260=CARTESIAN_POINT('',(-4.35,2.25,0.88));
#10261=CARTESIAN_POINT('',(-4.5,2.25,0.73));
#10262=CARTESIAN_POINT('Origin',(2.25,4.35,0.73));
#10263=CARTESIAN_POINT('',(2.25,4.35,0.88));
#10264=CARTESIAN_POINT('',(2.25,4.5,0.73));
#10265=CARTESIAN_POINT('Origin',(4.5,-4.5,0.));
#10266=CARTESIAN_POINT('',(4.5,-4.5,0.));
#10267=CARTESIAN_POINT('Origin',(-4.5,-4.5,0.));
#10268=CARTESIAN_POINT('',(-4.5,-4.5,0.));
#10269=CARTESIAN_POINT('Origin',(0.,0.,0.88));
#10270=CARTESIAN_POINT('Origin',(-4.5,4.5,0.));
#10271=CARTESIAN_POINT('',(-4.5,4.5,0.));
#10272=CARTESIAN_POINT('Origin',(4.5,4.5,0.));
#10273=CARTESIAN_POINT('',(4.5,4.5,0.));
#10274=CARTESIAN_POINT('Origin',(0.,0.,0.));
#10275=CARTESIAN_POINT('',(0.,0.,0.));
#10276=CARTESIAN_POINT('Origin',(-1.975,1.975,0.));
#10277=CARTESIAN_POINT('',(-2.175,1.775,0.21));
#10278=CARTESIAN_POINT('',(-1.775,2.175,0.21));
#10279=CARTESIAN_POINT('',(-1.975,1.975,0.21));
#10280=CARTESIAN_POINT('',(-1.775,2.175,0.));
#10281=CARTESIAN_POINT('',(-1.775,2.175,0.));
#10282=CARTESIAN_POINT('',(-2.175,1.775,0.));
#10283=CARTESIAN_POINT('',(-1.975,1.975,0.));
#10284=CARTESIAN_POINT('',(-2.175,1.775,0.));
#10285=CARTESIAN_POINT('Origin',(5.9818050895752E-16,-2.21087516110699E-15,
0.));
#10286=CARTESIAN_POINT('',(2.175,2.175,0.));
#10287=CARTESIAN_POINT('',(2.175,2.175,0.));
#10288=CARTESIAN_POINT('',(2.175,-2.175,0.));
#10289=CARTESIAN_POINT('',(2.175,-2.175,0.));
#10290=CARTESIAN_POINT('',(-2.175,-2.175,0.));
#10291=CARTESIAN_POINT('',(-2.175,-2.175,0.));
#10292=CARTESIAN_POINT('',(-2.175,2.175,0.));
#10293=CARTESIAN_POINT('Origin',(2.175,2.175,0.));
#10294=CARTESIAN_POINT('',(2.175,2.175,0.21));
#10295=CARTESIAN_POINT('',(2.175,2.175,0.21));
#10296=CARTESIAN_POINT('',(2.175,2.175,0.));
#10297=CARTESIAN_POINT('Origin',(2.175,-2.175,0.));
#10298=CARTESIAN_POINT('',(2.175,-2.175,0.21));
#10299=CARTESIAN_POINT('',(2.175,-2.175,0.21));
#10300=CARTESIAN_POINT('',(2.175,-2.175,0.));
#10301=CARTESIAN_POINT('Origin',(-2.175,-2.175,0.));
#10302=CARTESIAN_POINT('',(-2.175,-2.175,0.21));
#10303=CARTESIAN_POINT('',(-2.175,-2.175,0.21));
#10304=CARTESIAN_POINT('',(-2.175,-2.175,0.));
#10305=CARTESIAN_POINT('Origin',(-2.175,2.175,0.));
#10306=CARTESIAN_POINT('',(-2.175,2.175,0.21));
#10307=CARTESIAN_POINT('Origin',(5.55111512312578E-16,-2.22044604925031E-15,
0.21));
#10308=CARTESIAN_POINT('Origin',(-3.875,-4.503,0.));
#10309=CARTESIAN_POINT('',(-3.875,-4.503,0.));
#10310=CARTESIAN_POINT('',(-3.625,-4.503,0.));
#10311=CARTESIAN_POINT('',(-3.63,-4.503,0.));
#10312=CARTESIAN_POINT('',(-3.625,-4.503,0.21));
#10313=CARTESIAN_POINT('',(-3.625,-4.503,0.));
#10314=CARTESIAN_POINT('',(-3.875,-4.503,0.21));
#10315=CARTESIAN_POINT('',(-3.875,-4.503,0.21));
#10316=CARTESIAN_POINT('',(-3.875,-4.503,0.));
#10317=CARTESIAN_POINT('Origin',(-3.875,-4.225,0.));
#10318=CARTESIAN_POINT('',(-3.875,-4.225,0.));
#10319=CARTESIAN_POINT('',(-3.875,-4.225,0.));
#10320=CARTESIAN_POINT('',(-3.875,-4.225,0.21));
#10321=CARTESIAN_POINT('',(-3.875,-4.225,0.21));
#10322=CARTESIAN_POINT('',(-3.875,-4.225,0.));
#10323=CARTESIAN_POINT('Origin',(-3.625,-4.503,0.));
#10324=CARTESIAN_POINT('',(-3.625,-4.225,0.));
#10325=CARTESIAN_POINT('',(-3.625,-4.503,0.));
#10326=CARTESIAN_POINT('',(-3.625,-4.225,0.21));
#10327=CARTESIAN_POINT('',(-3.625,-4.225,0.));
#10328=CARTESIAN_POINT('',(-3.625,-4.503,0.21));
#10329=CARTESIAN_POINT('Origin',(-3.75,-4.364,0.21));
#10330=CARTESIAN_POINT('Origin',(-3.75,-4.225,0.21));
#10331=CARTESIAN_POINT('Origin',(-3.74999999297163,-4.22499999297163,0.));
#10332=CARTESIAN_POINT('Origin',(-3.75,-4.225,0.));
#10333=CARTESIAN_POINT('Origin',(-3.75,-4.225,0.));
#10334=CARTESIAN_POINT('Origin',(-3.375,-4.503,0.));
#10335=CARTESIAN_POINT('',(-3.375,-4.503,0.));
#10336=CARTESIAN_POINT('',(-3.125,-4.503,0.));
#10337=CARTESIAN_POINT('',(-3.13,-4.503,0.));
#10338=CARTESIAN_POINT('',(-3.125,-4.503,0.21));
#10339=CARTESIAN_POINT('',(-3.125,-4.503,0.));
#10340=CARTESIAN_POINT('',(-3.375,-4.503,0.21));
#10341=CARTESIAN_POINT('',(-3.375,-4.503,0.21));
#10342=CARTESIAN_POINT('',(-3.375,-4.503,0.));
#10343=CARTESIAN_POINT('Origin',(-3.375,-4.225,0.));
#10344=CARTESIAN_POINT('',(-3.375,-4.225,0.));
#10345=CARTESIAN_POINT('',(-3.375,-4.225,0.));
#10346=CARTESIAN_POINT('',(-3.375,-4.225,0.21));
#10347=CARTESIAN_POINT('',(-3.375,-4.225,0.21));
#10348=CARTESIAN_POINT('',(-3.375,-4.225,0.));
#10349=CARTESIAN_POINT('Origin',(-3.125,-4.503,0.));
#10350=CARTESIAN_POINT('',(-3.125,-4.225,0.));
#10351=CARTESIAN_POINT('',(-3.125,-4.503,0.));
#10352=CARTESIAN_POINT('',(-3.125,-4.225,0.21));
#10353=CARTESIAN_POINT('',(-3.125,-4.225,0.));
#10354=CARTESIAN_POINT('',(-3.125,-4.503,0.21));
#10355=CARTESIAN_POINT('Origin',(-3.25,-4.364,0.21));
#10356=CARTESIAN_POINT('Origin',(-3.25,-4.225,0.21));
#10357=CARTESIAN_POINT('Origin',(-3.24999999297163,-4.22499999297163,0.));
#10358=CARTESIAN_POINT('Origin',(-3.25,-4.225,0.));
#10359=CARTESIAN_POINT('Origin',(-3.25,-4.225,0.));
#10360=CARTESIAN_POINT('Origin',(-2.875,-4.503,0.));
#10361=CARTESIAN_POINT('',(-2.875,-4.503,0.));
#10362=CARTESIAN_POINT('',(-2.625,-4.503,0.));
#10363=CARTESIAN_POINT('',(-2.63,-4.503,0.));
#10364=CARTESIAN_POINT('',(-2.625,-4.503,0.21));
#10365=CARTESIAN_POINT('',(-2.625,-4.503,0.));
#10366=CARTESIAN_POINT('',(-2.875,-4.503,0.21));
#10367=CARTESIAN_POINT('',(-2.875,-4.503,0.21));
#10368=CARTESIAN_POINT('',(-2.875,-4.503,0.));
#10369=CARTESIAN_POINT('Origin',(-2.875,-4.225,0.));
#10370=CARTESIAN_POINT('',(-2.875,-4.225,0.));
#10371=CARTESIAN_POINT('',(-2.875,-4.225,0.));
#10372=CARTESIAN_POINT('',(-2.875,-4.225,0.21));
#10373=CARTESIAN_POINT('',(-2.875,-4.225,0.21));
#10374=CARTESIAN_POINT('',(-2.875,-4.225,0.));
#10375=CARTESIAN_POINT('Origin',(-2.625,-4.503,0.));
#10376=CARTESIAN_POINT('',(-2.625,-4.225,0.));
#10377=CARTESIAN_POINT('',(-2.625,-4.503,0.));
#10378=CARTESIAN_POINT('',(-2.625,-4.225,0.21));
#10379=CARTESIAN_POINT('',(-2.625,-4.225,0.));
#10380=CARTESIAN_POINT('',(-2.625,-4.503,0.21));
#10381=CARTESIAN_POINT('Origin',(-2.75,-4.364,0.21));
#10382=CARTESIAN_POINT('Origin',(-2.75,-4.225,0.21));
#10383=CARTESIAN_POINT('Origin',(-2.74999999297163,-4.22499999297163,0.));
#10384=CARTESIAN_POINT('Origin',(-2.75,-4.225,0.));
#10385=CARTESIAN_POINT('Origin',(-2.75,-4.225,0.));
#10386=CARTESIAN_POINT('Origin',(-2.375,-4.503,0.));
#10387=CARTESIAN_POINT('',(-2.375,-4.503,0.));
#10388=CARTESIAN_POINT('',(-2.125,-4.503,0.));
#10389=CARTESIAN_POINT('',(-2.13,-4.503,0.));
#10390=CARTESIAN_POINT('',(-2.125,-4.503,0.21));
#10391=CARTESIAN_POINT('',(-2.125,-4.503,0.));
#10392=CARTESIAN_POINT('',(-2.375,-4.503,0.21));
#10393=CARTESIAN_POINT('',(-2.375,-4.503,0.21));
#10394=CARTESIAN_POINT('',(-2.375,-4.503,0.));
#10395=CARTESIAN_POINT('Origin',(-2.375,-4.225,0.));
#10396=CARTESIAN_POINT('',(-2.375,-4.225,0.));
#10397=CARTESIAN_POINT('',(-2.375,-4.225,0.));
#10398=CARTESIAN_POINT('',(-2.375,-4.225,0.21));
#10399=CARTESIAN_POINT('',(-2.375,-4.225,0.21));
#10400=CARTESIAN_POINT('',(-2.375,-4.225,0.));
#10401=CARTESIAN_POINT('Origin',(-2.125,-4.503,0.));
#10402=CARTESIAN_POINT('',(-2.125,-4.225,0.));
#10403=CARTESIAN_POINT('',(-2.125,-4.503,0.));
#10404=CARTESIAN_POINT('',(-2.125,-4.225,0.21));
#10405=CARTESIAN_POINT('',(-2.125,-4.225,0.));
#10406=CARTESIAN_POINT('',(-2.125,-4.503,0.21));
#10407=CARTESIAN_POINT('Origin',(-2.25,-4.364,0.21));
#10408=CARTESIAN_POINT('Origin',(-2.25,-4.225,0.21));
#10409=CARTESIAN_POINT('Origin',(-2.24999999297163,-4.22499999297163,0.));
#10410=CARTESIAN_POINT('Origin',(-2.25,-4.225,0.));
#10411=CARTESIAN_POINT('Origin',(-2.25,-4.225,0.));
#10412=CARTESIAN_POINT('Origin',(-1.875,-4.503,0.));
#10413=CARTESIAN_POINT('',(-1.875,-4.503,0.));
#10414=CARTESIAN_POINT('',(-1.625,-4.503,0.));
#10415=CARTESIAN_POINT('',(-1.63,-4.503,0.));
#10416=CARTESIAN_POINT('',(-1.625,-4.503,0.21));
#10417=CARTESIAN_POINT('',(-1.625,-4.503,0.));
#10418=CARTESIAN_POINT('',(-1.875,-4.503,0.21));
#10419=CARTESIAN_POINT('',(-1.875,-4.503,0.21));
#10420=CARTESIAN_POINT('',(-1.875,-4.503,0.));
#10421=CARTESIAN_POINT('Origin',(-1.875,-4.225,0.));
#10422=CARTESIAN_POINT('',(-1.875,-4.225,0.));
#10423=CARTESIAN_POINT('',(-1.875,-4.225,0.));
#10424=CARTESIAN_POINT('',(-1.875,-4.225,0.21));
#10425=CARTESIAN_POINT('',(-1.875,-4.225,0.21));
#10426=CARTESIAN_POINT('',(-1.875,-4.225,0.));
#10427=CARTESIAN_POINT('Origin',(-1.625,-4.503,0.));
#10428=CARTESIAN_POINT('',(-1.625,-4.225,0.));
#10429=CARTESIAN_POINT('',(-1.625,-4.503,0.));
#10430=CARTESIAN_POINT('',(-1.625,-4.225,0.21));
#10431=CARTESIAN_POINT('',(-1.625,-4.225,0.));
#10432=CARTESIAN_POINT('',(-1.625,-4.503,0.21));
#10433=CARTESIAN_POINT('Origin',(-1.75,-4.364,0.21));
#10434=CARTESIAN_POINT('Origin',(-1.75,-4.225,0.21));
#10435=CARTESIAN_POINT('Origin',(-1.74999999297163,-4.22499999297163,0.));
#10436=CARTESIAN_POINT('Origin',(-1.75,-4.225,0.));
#10437=CARTESIAN_POINT('Origin',(-1.75,-4.225,0.));
#10438=CARTESIAN_POINT('Origin',(-1.375,-4.503,0.));
#10439=CARTESIAN_POINT('',(-1.375,-4.503,0.));
#10440=CARTESIAN_POINT('',(-1.125,-4.503,0.));
#10441=CARTESIAN_POINT('',(-1.13,-4.503,0.));
#10442=CARTESIAN_POINT('',(-1.125,-4.503,0.21));
#10443=CARTESIAN_POINT('',(-1.125,-4.503,0.));
#10444=CARTESIAN_POINT('',(-1.375,-4.503,0.21));
#10445=CARTESIAN_POINT('',(-1.375,-4.503,0.21));
#10446=CARTESIAN_POINT('',(-1.375,-4.503,0.));
#10447=CARTESIAN_POINT('Origin',(-1.375,-4.225,0.));
#10448=CARTESIAN_POINT('',(-1.375,-4.225,0.));
#10449=CARTESIAN_POINT('',(-1.375,-4.225,0.));
#10450=CARTESIAN_POINT('',(-1.375,-4.225,0.21));
#10451=CARTESIAN_POINT('',(-1.375,-4.225,0.21));
#10452=CARTESIAN_POINT('',(-1.375,-4.225,0.));
#10453=CARTESIAN_POINT('Origin',(-1.125,-4.503,0.));
#10454=CARTESIAN_POINT('',(-1.125,-4.225,0.));
#10455=CARTESIAN_POINT('',(-1.125,-4.503,0.));
#10456=CARTESIAN_POINT('',(-1.125,-4.225,0.21));
#10457=CARTESIAN_POINT('',(-1.125,-4.225,0.));
#10458=CARTESIAN_POINT('',(-1.125,-4.503,0.21));
#10459=CARTESIAN_POINT('Origin',(-1.25,-4.364,0.21));
#10460=CARTESIAN_POINT('Origin',(-1.25,-4.225,0.21));
#10461=CARTESIAN_POINT('Origin',(-1.24999999297163,-4.22499999297163,0.));
#10462=CARTESIAN_POINT('Origin',(-1.25,-4.225,0.));
#10463=CARTESIAN_POINT('Origin',(-1.25,-4.225,0.));
#10464=CARTESIAN_POINT('Origin',(-0.875000000000001,-4.503,0.));
#10465=CARTESIAN_POINT('',(-0.875000000000001,-4.503,0.));
#10466=CARTESIAN_POINT('',(-0.625000000000001,-4.503,0.));
#10467=CARTESIAN_POINT('',(-0.630000000000001,-4.503,0.));
#10468=CARTESIAN_POINT('',(-0.625000000000001,-4.503,0.21));
#10469=CARTESIAN_POINT('',(-0.625000000000001,-4.503,0.));
#10470=CARTESIAN_POINT('',(-0.875000000000001,-4.503,0.21));
#10471=CARTESIAN_POINT('',(-0.875000000000001,-4.503,0.21));
#10472=CARTESIAN_POINT('',(-0.875000000000001,-4.503,0.));
#10473=CARTESIAN_POINT('Origin',(-0.875000000000001,-4.225,0.));
#10474=CARTESIAN_POINT('',(-0.875000000000001,-4.225,0.));
#10475=CARTESIAN_POINT('',(-0.875000000000001,-4.225,0.));
#10476=CARTESIAN_POINT('',(-0.875000000000001,-4.225,0.21));
#10477=CARTESIAN_POINT('',(-0.875000000000001,-4.225,0.21));
#10478=CARTESIAN_POINT('',(-0.875000000000001,-4.225,0.));
#10479=CARTESIAN_POINT('Origin',(-0.625000000000001,-4.503,0.));
#10480=CARTESIAN_POINT('',(-0.625000000000001,-4.225,0.));
#10481=CARTESIAN_POINT('',(-0.625000000000001,-4.503,0.));
#10482=CARTESIAN_POINT('',(-0.625000000000001,-4.225,0.21));
#10483=CARTESIAN_POINT('',(-0.625000000000001,-4.225,0.));
#10484=CARTESIAN_POINT('',(-0.625000000000001,-4.503,0.21));
#10485=CARTESIAN_POINT('Origin',(-0.750000000000001,-4.364,0.21));
#10486=CARTESIAN_POINT('Origin',(-0.750000000000001,-4.225,0.21));
#10487=CARTESIAN_POINT('Origin',(-0.749999992971629,-4.22499999297163,0.));
#10488=CARTESIAN_POINT('Origin',(-0.750000000000001,-4.225,0.));
#10489=CARTESIAN_POINT('Origin',(-0.750000000000001,-4.225,0.));
#10490=CARTESIAN_POINT('Origin',(-0.375,-4.503,0.));
#10491=CARTESIAN_POINT('',(-0.375,-4.503,0.));
#10492=CARTESIAN_POINT('',(-0.125000000000001,-4.503,0.));
#10493=CARTESIAN_POINT('',(-0.130000000000001,-4.503,0.));
#10494=CARTESIAN_POINT('',(-0.125000000000001,-4.503,0.21));
#10495=CARTESIAN_POINT('',(-0.125000000000001,-4.503,0.));
#10496=CARTESIAN_POINT('',(-0.375,-4.503,0.21));
#10497=CARTESIAN_POINT('',(-0.375,-4.503,0.21));
#10498=CARTESIAN_POINT('',(-0.375,-4.503,0.));
#10499=CARTESIAN_POINT('Origin',(-0.375000000000001,-4.225,0.));
#10500=CARTESIAN_POINT('',(-0.375000000000001,-4.225,0.));
#10501=CARTESIAN_POINT('',(-0.375000000000001,-4.225,0.));
#10502=CARTESIAN_POINT('',(-0.375000000000001,-4.225,0.21));
#10503=CARTESIAN_POINT('',(-0.375000000000001,-4.225,0.21));
#10504=CARTESIAN_POINT('',(-0.375000000000001,-4.225,0.));
#10505=CARTESIAN_POINT('Origin',(-0.125000000000001,-4.503,0.));
#10506=CARTESIAN_POINT('',(-0.125000000000001,-4.225,0.));
#10507=CARTESIAN_POINT('',(-0.125000000000001,-4.503,0.));
#10508=CARTESIAN_POINT('',(-0.125000000000001,-4.225,0.21));
#10509=CARTESIAN_POINT('',(-0.125000000000001,-4.225,0.));
#10510=CARTESIAN_POINT('',(-0.125000000000001,-4.503,0.21));
#10511=CARTESIAN_POINT('Origin',(-0.250000000000001,-4.364,0.21));
#10512=CARTESIAN_POINT('Origin',(-0.250000000000001,-4.225,0.21));
#10513=CARTESIAN_POINT('Origin',(-0.249999992971628,-4.22499999297163,0.));
#10514=CARTESIAN_POINT('Origin',(-0.250000000000001,-4.225,0.));
#10515=CARTESIAN_POINT('Origin',(-0.250000000000001,-4.225,0.));
#10516=CARTESIAN_POINT('Origin',(0.624999999999999,-4.503,0.));
#10517=CARTESIAN_POINT('',(0.624999999999999,-4.503,0.));
#10518=CARTESIAN_POINT('',(0.874999999999999,-4.503,0.));
#10519=CARTESIAN_POINT('',(0.869999999999999,-4.503,0.));
#10520=CARTESIAN_POINT('',(0.874999999999999,-4.503,0.21));
#10521=CARTESIAN_POINT('',(0.874999999999999,-4.503,0.));
#10522=CARTESIAN_POINT('',(0.624999999999999,-4.503,0.21));
#10523=CARTESIAN_POINT('',(0.624999999999999,-4.503,0.21));
#10524=CARTESIAN_POINT('',(0.624999999999999,-4.503,0.));
#10525=CARTESIAN_POINT('Origin',(0.624999999999999,-4.225,0.));
#10526=CARTESIAN_POINT('',(0.624999999999999,-4.225,0.));
#10527=CARTESIAN_POINT('',(0.624999999999999,-4.225,0.));
#10528=CARTESIAN_POINT('',(0.624999999999999,-4.225,0.21));
#10529=CARTESIAN_POINT('',(0.624999999999999,-4.225,0.21));
#10530=CARTESIAN_POINT('',(0.624999999999999,-4.225,0.));
#10531=CARTESIAN_POINT('Origin',(0.874999999999999,-4.503,0.));
#10532=CARTESIAN_POINT('',(0.874999999999999,-4.225,0.));
#10533=CARTESIAN_POINT('',(0.874999999999999,-4.503,0.));
#10534=CARTESIAN_POINT('',(0.874999999999999,-4.225,0.21));
#10535=CARTESIAN_POINT('',(0.874999999999999,-4.225,0.));
#10536=CARTESIAN_POINT('',(0.874999999999999,-4.503,0.21));
#10537=CARTESIAN_POINT('Origin',(0.749999999999999,-4.364,0.21));
#10538=CARTESIAN_POINT('Origin',(0.749999999999999,-4.225,0.21));
#10539=CARTESIAN_POINT('Origin',(0.750000007028371,-4.22499999297163,0.));
#10540=CARTESIAN_POINT('Origin',(0.749999999999999,-4.225,0.));
#10541=CARTESIAN_POINT('Origin',(0.749999999999999,-4.225,0.));
#10542=CARTESIAN_POINT('Origin',(1.125,-4.503,0.));
#10543=CARTESIAN_POINT('',(1.125,-4.503,0.));
#10544=CARTESIAN_POINT('',(1.375,-4.503,0.));
#10545=CARTESIAN_POINT('',(1.37,-4.503,0.));
#10546=CARTESIAN_POINT('',(1.375,-4.503,0.21));
#10547=CARTESIAN_POINT('',(1.375,-4.503,0.));
#10548=CARTESIAN_POINT('',(1.125,-4.503,0.21));
#10549=CARTESIAN_POINT('',(1.125,-4.503,0.21));
#10550=CARTESIAN_POINT('',(1.125,-4.503,0.));
#10551=CARTESIAN_POINT('Origin',(1.125,-4.225,0.));
#10552=CARTESIAN_POINT('',(1.125,-4.225,0.));
#10553=CARTESIAN_POINT('',(1.125,-4.225,0.));
#10554=CARTESIAN_POINT('',(1.125,-4.225,0.21));
#10555=CARTESIAN_POINT('',(1.125,-4.225,0.21));
#10556=CARTESIAN_POINT('',(1.125,-4.225,0.));
#10557=CARTESIAN_POINT('Origin',(1.375,-4.503,0.));
#10558=CARTESIAN_POINT('',(1.375,-4.225,0.));
#10559=CARTESIAN_POINT('',(1.375,-4.503,0.));
#10560=CARTESIAN_POINT('',(1.375,-4.225,0.21));
#10561=CARTESIAN_POINT('',(1.375,-4.225,0.));
#10562=CARTESIAN_POINT('',(1.375,-4.503,0.21));
#10563=CARTESIAN_POINT('Origin',(1.25,-4.364,0.21));
#10564=CARTESIAN_POINT('Origin',(1.25,-4.225,0.21));
#10565=CARTESIAN_POINT('Origin',(1.25000000702837,-4.22499999297163,0.));
#10566=CARTESIAN_POINT('Origin',(1.25,-4.225,0.));
#10567=CARTESIAN_POINT('Origin',(1.25,-4.225,0.));
#10568=CARTESIAN_POINT('Origin',(1.625,-4.503,0.));
#10569=CARTESIAN_POINT('',(1.625,-4.503,0.));
#10570=CARTESIAN_POINT('',(1.875,-4.503,0.));
#10571=CARTESIAN_POINT('',(1.87,-4.503,0.));
#10572=CARTESIAN_POINT('',(1.875,-4.503,0.21));
#10573=CARTESIAN_POINT('',(1.875,-4.503,0.));
#10574=CARTESIAN_POINT('',(1.625,-4.503,0.21));
#10575=CARTESIAN_POINT('',(1.625,-4.503,0.21));
#10576=CARTESIAN_POINT('',(1.625,-4.503,0.));
#10577=CARTESIAN_POINT('Origin',(1.625,-4.225,0.));
#10578=CARTESIAN_POINT('',(1.625,-4.225,0.));
#10579=CARTESIAN_POINT('',(1.625,-4.225,0.));
#10580=CARTESIAN_POINT('',(1.625,-4.225,0.21));
#10581=CARTESIAN_POINT('',(1.625,-4.225,0.21));
#10582=CARTESIAN_POINT('',(1.625,-4.225,0.));
#10583=CARTESIAN_POINT('Origin',(1.875,-4.503,0.));
#10584=CARTESIAN_POINT('',(1.875,-4.225,0.));
#10585=CARTESIAN_POINT('',(1.875,-4.503,0.));
#10586=CARTESIAN_POINT('',(1.875,-4.225,0.21));
#10587=CARTESIAN_POINT('',(1.875,-4.225,0.));
#10588=CARTESIAN_POINT('',(1.875,-4.503,0.21));
#10589=CARTESIAN_POINT('Origin',(1.75,-4.364,0.21));
#10590=CARTESIAN_POINT('Origin',(1.75,-4.225,0.21));
#10591=CARTESIAN_POINT('Origin',(1.75000000702837,-4.22499999297163,0.));
#10592=CARTESIAN_POINT('Origin',(1.75,-4.225,0.));
#10593=CARTESIAN_POINT('Origin',(1.75,-4.225,0.));
#10594=CARTESIAN_POINT('Origin',(2.125,-4.503,0.));
#10595=CARTESIAN_POINT('',(2.125,-4.503,0.));
#10596=CARTESIAN_POINT('',(2.375,-4.503,0.));
#10597=CARTESIAN_POINT('',(2.37,-4.503,0.));
#10598=CARTESIAN_POINT('',(2.375,-4.503,0.21));
#10599=CARTESIAN_POINT('',(2.375,-4.503,0.));
#10600=CARTESIAN_POINT('',(2.125,-4.503,0.21));
#10601=CARTESIAN_POINT('',(2.125,-4.503,0.21));
#10602=CARTESIAN_POINT('',(2.125,-4.503,0.));
#10603=CARTESIAN_POINT('Origin',(2.125,-4.225,0.));
#10604=CARTESIAN_POINT('',(2.125,-4.225,0.));
#10605=CARTESIAN_POINT('',(2.125,-4.225,0.));
#10606=CARTESIAN_POINT('',(2.125,-4.225,0.21));
#10607=CARTESIAN_POINT('',(2.125,-4.225,0.21));
#10608=CARTESIAN_POINT('',(2.125,-4.225,0.));
#10609=CARTESIAN_POINT('Origin',(2.375,-4.503,0.));
#10610=CARTESIAN_POINT('',(2.375,-4.225,0.));
#10611=CARTESIAN_POINT('',(2.375,-4.503,0.));
#10612=CARTESIAN_POINT('',(2.375,-4.225,0.21));
#10613=CARTESIAN_POINT('',(2.375,-4.225,0.));
#10614=CARTESIAN_POINT('',(2.375,-4.503,0.21));
#10615=CARTESIAN_POINT('Origin',(2.25,-4.364,0.21));
#10616=CARTESIAN_POINT('Origin',(2.25,-4.225,0.21));
#10617=CARTESIAN_POINT('Origin',(2.25000000702837,-4.22499999297163,0.));
#10618=CARTESIAN_POINT('Origin',(2.25,-4.225,0.));
#10619=CARTESIAN_POINT('Origin',(2.25,-4.225,0.));
#10620=CARTESIAN_POINT('Origin',(2.625,-4.503,0.));
#10621=CARTESIAN_POINT('',(2.625,-4.503,0.));
#10622=CARTESIAN_POINT('',(2.875,-4.503,0.));
#10623=CARTESIAN_POINT('',(2.87,-4.503,0.));
#10624=CARTESIAN_POINT('',(2.875,-4.503,0.21));
#10625=CARTESIAN_POINT('',(2.875,-4.503,0.));
#10626=CARTESIAN_POINT('',(2.625,-4.503,0.21));
#10627=CARTESIAN_POINT('',(2.625,-4.503,0.21));
#10628=CARTESIAN_POINT('',(2.625,-4.503,0.));
#10629=CARTESIAN_POINT('Origin',(2.625,-4.225,0.));
#10630=CARTESIAN_POINT('',(2.625,-4.225,0.));
#10631=CARTESIAN_POINT('',(2.625,-4.225,0.));
#10632=CARTESIAN_POINT('',(2.625,-4.225,0.21));
#10633=CARTESIAN_POINT('',(2.625,-4.225,0.21));
#10634=CARTESIAN_POINT('',(2.625,-4.225,0.));
#10635=CARTESIAN_POINT('Origin',(2.875,-4.503,0.));
#10636=CARTESIAN_POINT('',(2.875,-4.225,0.));
#10637=CARTESIAN_POINT('',(2.875,-4.503,0.));
#10638=CARTESIAN_POINT('',(2.875,-4.225,0.21));
#10639=CARTESIAN_POINT('',(2.875,-4.225,0.));
#10640=CARTESIAN_POINT('',(2.875,-4.503,0.21));
#10641=CARTESIAN_POINT('Origin',(2.75,-4.364,0.21));
#10642=CARTESIAN_POINT('Origin',(2.75,-4.225,0.21));
#10643=CARTESIAN_POINT('Origin',(2.75000000702837,-4.22499999297163,0.));
#10644=CARTESIAN_POINT('Origin',(2.75,-4.225,0.));
#10645=CARTESIAN_POINT('Origin',(2.75,-4.225,0.));
#10646=CARTESIAN_POINT('Origin',(3.125,-4.503,0.));
#10647=CARTESIAN_POINT('',(3.125,-4.503,0.));
#10648=CARTESIAN_POINT('',(3.375,-4.503,0.));
#10649=CARTESIAN_POINT('',(3.37,-4.503,0.));
#10650=CARTESIAN_POINT('',(3.375,-4.503,0.21));
#10651=CARTESIAN_POINT('',(3.375,-4.503,0.));
#10652=CARTESIAN_POINT('',(3.125,-4.503,0.21));
#10653=CARTESIAN_POINT('',(3.125,-4.503,0.21));
#10654=CARTESIAN_POINT('',(3.125,-4.503,0.));
#10655=CARTESIAN_POINT('Origin',(3.125,-4.225,0.));
#10656=CARTESIAN_POINT('',(3.125,-4.225,0.));
#10657=CARTESIAN_POINT('',(3.125,-4.225,0.));
#10658=CARTESIAN_POINT('',(3.125,-4.225,0.21));
#10659=CARTESIAN_POINT('',(3.125,-4.225,0.21));
#10660=CARTESIAN_POINT('',(3.125,-4.225,0.));
#10661=CARTESIAN_POINT('Origin',(3.375,-4.503,0.));
#10662=CARTESIAN_POINT('',(3.375,-4.225,0.));
#10663=CARTESIAN_POINT('',(3.375,-4.503,0.));
#10664=CARTESIAN_POINT('',(3.375,-4.225,0.21));
#10665=CARTESIAN_POINT('',(3.375,-4.225,0.));
#10666=CARTESIAN_POINT('',(3.375,-4.503,0.21));
#10667=CARTESIAN_POINT('Origin',(3.25,-4.364,0.21));
#10668=CARTESIAN_POINT('Origin',(3.25,-4.225,0.21));
#10669=CARTESIAN_POINT('Origin',(3.25000000702837,-4.22499999297163,0.));
#10670=CARTESIAN_POINT('Origin',(3.25,-4.225,0.));
#10671=CARTESIAN_POINT('Origin',(3.25,-4.225,0.));
#10672=CARTESIAN_POINT('Origin',(3.625,-4.503,0.));
#10673=CARTESIAN_POINT('',(3.625,-4.503,0.));
#10674=CARTESIAN_POINT('',(3.875,-4.503,0.));
#10675=CARTESIAN_POINT('',(3.87,-4.503,0.));
#10676=CARTESIAN_POINT('',(3.875,-4.503,0.21));
#10677=CARTESIAN_POINT('',(3.875,-4.503,0.));
#10678=CARTESIAN_POINT('',(3.625,-4.503,0.21));
#10679=CARTESIAN_POINT('',(3.625,-4.503,0.21));
#10680=CARTESIAN_POINT('',(3.625,-4.503,0.));
#10681=CARTESIAN_POINT('Origin',(3.625,-4.225,0.));
#10682=CARTESIAN_POINT('',(3.625,-4.225,0.));
#10683=CARTESIAN_POINT('',(3.625,-4.225,0.));
#10684=CARTESIAN_POINT('',(3.625,-4.225,0.21));
#10685=CARTESIAN_POINT('',(3.625,-4.225,0.21));
#10686=CARTESIAN_POINT('',(3.625,-4.225,0.));
#10687=CARTESIAN_POINT('Origin',(3.875,-4.503,0.));
#10688=CARTESIAN_POINT('',(3.875,-4.225,0.));
#10689=CARTESIAN_POINT('',(3.875,-4.503,0.));
#10690=CARTESIAN_POINT('',(3.875,-4.225,0.21));
#10691=CARTESIAN_POINT('',(3.875,-4.225,0.));
#10692=CARTESIAN_POINT('',(3.875,-4.503,0.21));
#10693=CARTESIAN_POINT('Origin',(3.75,-4.364,0.21));
#10694=CARTESIAN_POINT('Origin',(3.75,-4.225,0.21));
#10695=CARTESIAN_POINT('Origin',(3.75000000702837,-4.22499999297163,0.));
#10696=CARTESIAN_POINT('Origin',(3.75,-4.225,0.));
#10697=CARTESIAN_POINT('Origin',(3.75,-4.225,0.));
#10698=CARTESIAN_POINT('Origin',(4.503,0.124999999999999,0.));
#10699=CARTESIAN_POINT('',(4.503,0.124999999999999,0.));
#10700=CARTESIAN_POINT('',(4.503,0.374999999999999,0.));
#10701=CARTESIAN_POINT('',(4.503,0.369999999999999,0.));
#10702=CARTESIAN_POINT('',(4.503,0.374999999999999,0.21));
#10703=CARTESIAN_POINT('',(4.503,0.374999999999999,0.));
#10704=CARTESIAN_POINT('',(4.503,0.124999999999999,0.21));
#10705=CARTESIAN_POINT('',(4.503,0.124999999999999,0.21));
#10706=CARTESIAN_POINT('',(4.503,0.124999999999999,0.));
#10707=CARTESIAN_POINT('Origin',(4.225,0.124999999999999,0.));
#10708=CARTESIAN_POINT('',(4.225,0.124999999999999,0.));
#10709=CARTESIAN_POINT('',(4.225,0.124999999999999,0.));
#10710=CARTESIAN_POINT('',(4.225,0.124999999999999,0.21));
#10711=CARTESIAN_POINT('',(4.225,0.124999999999999,0.21));
#10712=CARTESIAN_POINT('',(4.225,0.124999999999999,0.));
#10713=CARTESIAN_POINT('Origin',(4.503,0.374999999999999,0.));
#10714=CARTESIAN_POINT('',(4.225,0.374999999999999,0.));
#10715=CARTESIAN_POINT('',(4.503,0.374999999999999,0.));
#10716=CARTESIAN_POINT('',(4.225,0.374999999999999,0.21));
#10717=CARTESIAN_POINT('',(4.225,0.374999999999999,0.));
#10718=CARTESIAN_POINT('',(4.503,0.374999999999999,0.21));
#10719=CARTESIAN_POINT('Origin',(4.364,0.249999999999999,0.21));
#10720=CARTESIAN_POINT('Origin',(4.225,0.249999999999999,0.21));
#10721=CARTESIAN_POINT('Origin',(4.22499999297163,0.250000007028371,0.));
#10722=CARTESIAN_POINT('Origin',(4.225,0.249999999999999,0.));
#10723=CARTESIAN_POINT('Origin',(4.225,0.249999999999999,0.));
#10724=CARTESIAN_POINT('Origin',(0.124999999999999,-4.503,0.));
#10725=CARTESIAN_POINT('',(0.124999999999999,-4.503,0.));
#10726=CARTESIAN_POINT('',(0.374999999999999,-4.503,0.));
#10727=CARTESIAN_POINT('',(0.369999999999999,-4.503,0.));
#10728=CARTESIAN_POINT('',(0.374999999999999,-4.503,0.21));
#10729=CARTESIAN_POINT('',(0.374999999999999,-4.503,0.));
#10730=CARTESIAN_POINT('',(0.124999999999999,-4.503,0.21));
#10731=CARTESIAN_POINT('',(0.124999999999999,-4.503,0.21));
#10732=CARTESIAN_POINT('',(0.124999999999999,-4.503,0.));
#10733=CARTESIAN_POINT('Origin',(0.124999999999999,-4.225,0.));
#10734=CARTESIAN_POINT('',(0.124999999999999,-4.225,0.));
#10735=CARTESIAN_POINT('',(0.124999999999999,-4.225,0.));
#10736=CARTESIAN_POINT('',(0.124999999999999,-4.225,0.21));
#10737=CARTESIAN_POINT('',(0.124999999999999,-4.225,0.21));
#10738=CARTESIAN_POINT('',(0.124999999999999,-4.225,0.));
#10739=CARTESIAN_POINT('Origin',(0.374999999999999,-4.503,0.));
#10740=CARTESIAN_POINT('',(0.374999999999999,-4.225,0.));
#10741=CARTESIAN_POINT('',(0.374999999999999,-4.503,0.));
#10742=CARTESIAN_POINT('',(0.374999999999999,-4.225,0.21));
#10743=CARTESIAN_POINT('',(0.374999999999999,-4.225,0.));
#10744=CARTESIAN_POINT('',(0.374999999999999,-4.503,0.21));
#10745=CARTESIAN_POINT('Origin',(0.249999999999999,-4.364,0.21));
#10746=CARTESIAN_POINT('Origin',(0.249999999999999,-4.225,0.21));
#10747=CARTESIAN_POINT('Origin',(0.250000007028372,-4.22499999297163,0.));
#10748=CARTESIAN_POINT('Origin',(0.249999999999999,-4.225,0.));
#10749=CARTESIAN_POINT('Origin',(0.249999999999999,-4.225,0.));
#10750=CARTESIAN_POINT('Origin',(-4.503,-0.125,0.));
#10751=CARTESIAN_POINT('',(-4.503,-0.125,0.));
#10752=CARTESIAN_POINT('',(-4.503,-0.375,0.));
#10753=CARTESIAN_POINT('',(-4.503,-0.369999999999999,0.));
#10754=CARTESIAN_POINT('',(-4.503,-0.375,0.21));
#10755=CARTESIAN_POINT('',(-4.503,-0.375,0.));
#10756=CARTESIAN_POINT('',(-4.503,-0.125,0.21));
#10757=CARTESIAN_POINT('',(-4.503,-0.125,0.21));
#10758=CARTESIAN_POINT('',(-4.503,-0.125,0.));
#10759=CARTESIAN_POINT('Origin',(-4.225,-0.124999999999999,0.));
#10760=CARTESIAN_POINT('',(-4.225,-0.124999999999999,0.));
#10761=CARTESIAN_POINT('',(-4.225,-0.124999999999999,0.));
#10762=CARTESIAN_POINT('',(-4.225,-0.124999999999999,0.21));
#10763=CARTESIAN_POINT('',(-4.225,-0.124999999999999,0.21));
#10764=CARTESIAN_POINT('',(-4.225,-0.124999999999999,0.));
#10765=CARTESIAN_POINT('Origin',(-4.503,-0.375,0.));
#10766=CARTESIAN_POINT('',(-4.225,-0.375,0.));
#10767=CARTESIAN_POINT('',(-4.503,-0.375,0.));
#10768=CARTESIAN_POINT('',(-4.225,-0.375,0.21));
#10769=CARTESIAN_POINT('',(-4.225,-0.375,0.));
#10770=CARTESIAN_POINT('',(-4.503,-0.375,0.21));
#10771=CARTESIAN_POINT('Origin',(-4.364,-0.25,0.21));
#10772=CARTESIAN_POINT('Origin',(-4.225,-0.249999999999999,0.21));
#10773=CARTESIAN_POINT('Origin',(-4.22499999297163,-0.250000007028372,0.));
#10774=CARTESIAN_POINT('Origin',(-4.225,-0.249999999999999,0.));
#10775=CARTESIAN_POINT('Origin',(-4.225,-0.249999999999999,0.));
#10776=CARTESIAN_POINT('Origin',(-0.125,4.503,0.));
#10777=CARTESIAN_POINT('',(-0.125,4.503,0.));
#10778=CARTESIAN_POINT('',(-0.375,4.503,0.));
#10779=CARTESIAN_POINT('',(-0.37,4.503,0.));
#10780=CARTESIAN_POINT('',(-0.375,4.503,0.21));
#10781=CARTESIAN_POINT('',(-0.375,4.503,0.));
#10782=CARTESIAN_POINT('',(-0.125,4.503,0.21));
#10783=CARTESIAN_POINT('',(-0.125,4.503,0.21));
#10784=CARTESIAN_POINT('',(-0.125,4.503,0.));
#10785=CARTESIAN_POINT('Origin',(-0.125,4.225,0.));
#10786=CARTESIAN_POINT('',(-0.125,4.225,0.));
#10787=CARTESIAN_POINT('',(-0.125,4.225,0.));
#10788=CARTESIAN_POINT('',(-0.125,4.225,0.21));
#10789=CARTESIAN_POINT('',(-0.125,4.225,0.21));
#10790=CARTESIAN_POINT('',(-0.125,4.225,0.));
#10791=CARTESIAN_POINT('Origin',(-0.375,4.503,0.));
#10792=CARTESIAN_POINT('',(-0.375,4.225,0.));
#10793=CARTESIAN_POINT('',(-0.375,4.503,0.));
#10794=CARTESIAN_POINT('',(-0.375,4.225,0.21));
#10795=CARTESIAN_POINT('',(-0.375,4.225,0.));
#10796=CARTESIAN_POINT('',(-0.375,4.503,0.21));
#10797=CARTESIAN_POINT('Origin',(-0.25,4.364,0.21));
#10798=CARTESIAN_POINT('Origin',(-0.25,4.225,0.21));
#10799=CARTESIAN_POINT('Origin',(-0.250000007028372,4.22499999297163,0.));
#10800=CARTESIAN_POINT('Origin',(-0.25,4.225,0.));
#10801=CARTESIAN_POINT('Origin',(-0.25,4.225,0.));
#10802=CARTESIAN_POINT('Origin',(-3.625,4.503,0.));
#10803=CARTESIAN_POINT('',(-3.625,4.503,0.));
#10804=CARTESIAN_POINT('',(-3.875,4.503,0.));
#10805=CARTESIAN_POINT('',(-3.87,4.503,0.));
#10806=CARTESIAN_POINT('',(-3.875,4.503,0.21));
#10807=CARTESIAN_POINT('',(-3.875,4.503,0.));
#10808=CARTESIAN_POINT('',(-3.625,4.503,0.21));
#10809=CARTESIAN_POINT('',(-3.625,4.503,0.21));
#10810=CARTESIAN_POINT('',(-3.625,4.503,0.));
#10811=CARTESIAN_POINT('Origin',(-3.625,4.225,0.));
#10812=CARTESIAN_POINT('',(-3.625,4.225,0.));
#10813=CARTESIAN_POINT('',(-3.625,4.225,0.));
#10814=CARTESIAN_POINT('',(-3.625,4.225,0.21));
#10815=CARTESIAN_POINT('',(-3.625,4.225,0.21));
#10816=CARTESIAN_POINT('',(-3.625,4.225,0.));
#10817=CARTESIAN_POINT('Origin',(-3.875,4.503,0.));
#10818=CARTESIAN_POINT('',(-3.875,4.225,0.));
#10819=CARTESIAN_POINT('',(-3.875,4.503,0.));
#10820=CARTESIAN_POINT('',(-3.875,4.225,0.21));
#10821=CARTESIAN_POINT('',(-3.875,4.225,0.));
#10822=CARTESIAN_POINT('',(-3.875,4.503,0.21));
#10823=CARTESIAN_POINT('Origin',(-3.75,4.364,0.21));
#10824=CARTESIAN_POINT('Origin',(-3.75,4.225,0.21));
#10825=CARTESIAN_POINT('Origin',(-3.75000000702837,4.22499999297163,0.));
#10826=CARTESIAN_POINT('Origin',(-3.75,4.225,0.));
#10827=CARTESIAN_POINT('Origin',(-3.75,4.225,0.));
#10828=CARTESIAN_POINT('Origin',(-3.125,4.503,0.));
#10829=CARTESIAN_POINT('',(-3.125,4.503,0.));
#10830=CARTESIAN_POINT('',(-3.375,4.503,0.));
#10831=CARTESIAN_POINT('',(-3.37,4.503,0.));
#10832=CARTESIAN_POINT('',(-3.375,4.503,0.21));
#10833=CARTESIAN_POINT('',(-3.375,4.503,0.));
#10834=CARTESIAN_POINT('',(-3.125,4.503,0.21));
#10835=CARTESIAN_POINT('',(-3.125,4.503,0.21));
#10836=CARTESIAN_POINT('',(-3.125,4.503,0.));
#10837=CARTESIAN_POINT('Origin',(-3.125,4.225,0.));
#10838=CARTESIAN_POINT('',(-3.125,4.225,0.));
#10839=CARTESIAN_POINT('',(-3.125,4.225,0.));
#10840=CARTESIAN_POINT('',(-3.125,4.225,0.21));
#10841=CARTESIAN_POINT('',(-3.125,4.225,0.21));
#10842=CARTESIAN_POINT('',(-3.125,4.225,0.));
#10843=CARTESIAN_POINT('Origin',(-3.375,4.503,0.));
#10844=CARTESIAN_POINT('',(-3.375,4.225,0.));
#10845=CARTESIAN_POINT('',(-3.375,4.503,0.));
#10846=CARTESIAN_POINT('',(-3.375,4.225,0.21));
#10847=CARTESIAN_POINT('',(-3.375,4.225,0.));
#10848=CARTESIAN_POINT('',(-3.375,4.503,0.21));
#10849=CARTESIAN_POINT('Origin',(-3.25,4.364,0.21));
#10850=CARTESIAN_POINT('Origin',(-3.25,4.225,0.21));
#10851=CARTESIAN_POINT('Origin',(-3.25000000702837,4.22499999297163,0.));
#10852=CARTESIAN_POINT('Origin',(-3.25,4.225,0.));
#10853=CARTESIAN_POINT('Origin',(-3.25,4.225,0.));
#10854=CARTESIAN_POINT('Origin',(-2.625,4.503,0.));
#10855=CARTESIAN_POINT('',(-2.625,4.503,0.));
#10856=CARTESIAN_POINT('',(-2.875,4.503,0.));
#10857=CARTESIAN_POINT('',(-2.87,4.503,0.));
#10858=CARTESIAN_POINT('',(-2.875,4.503,0.21));
#10859=CARTESIAN_POINT('',(-2.875,4.503,0.));
#10860=CARTESIAN_POINT('',(-2.625,4.503,0.21));
#10861=CARTESIAN_POINT('',(-2.625,4.503,0.21));
#10862=CARTESIAN_POINT('',(-2.625,4.503,0.));
#10863=CARTESIAN_POINT('Origin',(-2.625,4.225,0.));
#10864=CARTESIAN_POINT('',(-2.625,4.225,0.));
#10865=CARTESIAN_POINT('',(-2.625,4.225,0.));
#10866=CARTESIAN_POINT('',(-2.625,4.225,0.21));
#10867=CARTESIAN_POINT('',(-2.625,4.225,0.21));
#10868=CARTESIAN_POINT('',(-2.625,4.225,0.));
#10869=CARTESIAN_POINT('Origin',(-2.875,4.503,0.));
#10870=CARTESIAN_POINT('',(-2.875,4.225,0.));
#10871=CARTESIAN_POINT('',(-2.875,4.503,0.));
#10872=CARTESIAN_POINT('',(-2.875,4.225,0.21));
#10873=CARTESIAN_POINT('',(-2.875,4.225,0.));
#10874=CARTESIAN_POINT('',(-2.875,4.503,0.21));
#10875=CARTESIAN_POINT('Origin',(-2.75,4.364,0.21));
#10876=CARTESIAN_POINT('Origin',(-2.75,4.225,0.21));
#10877=CARTESIAN_POINT('Origin',(-2.75000000702837,4.22499999297163,0.));
#10878=CARTESIAN_POINT('Origin',(-2.75,4.225,0.));
#10879=CARTESIAN_POINT('Origin',(-2.75,4.225,0.));
#10880=CARTESIAN_POINT('Origin',(-2.125,4.503,0.));
#10881=CARTESIAN_POINT('',(-2.125,4.503,0.));
#10882=CARTESIAN_POINT('',(-2.375,4.503,0.));
#10883=CARTESIAN_POINT('',(-2.37,4.503,0.));
#10884=CARTESIAN_POINT('',(-2.375,4.503,0.21));
#10885=CARTESIAN_POINT('',(-2.375,4.503,0.));
#10886=CARTESIAN_POINT('',(-2.125,4.503,0.21));
#10887=CARTESIAN_POINT('',(-2.125,4.503,0.21));
#10888=CARTESIAN_POINT('',(-2.125,4.503,0.));
#10889=CARTESIAN_POINT('Origin',(-2.125,4.225,0.));
#10890=CARTESIAN_POINT('',(-2.125,4.225,0.));
#10891=CARTESIAN_POINT('',(-2.125,4.225,0.));
#10892=CARTESIAN_POINT('',(-2.125,4.225,0.21));
#10893=CARTESIAN_POINT('',(-2.125,4.225,0.21));
#10894=CARTESIAN_POINT('',(-2.125,4.225,0.));
#10895=CARTESIAN_POINT('Origin',(-2.375,4.503,0.));
#10896=CARTESIAN_POINT('',(-2.375,4.225,0.));
#10897=CARTESIAN_POINT('',(-2.375,4.503,0.));
#10898=CARTESIAN_POINT('',(-2.375,4.225,0.21));
#10899=CARTESIAN_POINT('',(-2.375,4.225,0.));
#10900=CARTESIAN_POINT('',(-2.375,4.503,0.21));
#10901=CARTESIAN_POINT('Origin',(-2.25,4.364,0.21));
#10902=CARTESIAN_POINT('Origin',(-2.25,4.225,0.21));
#10903=CARTESIAN_POINT('Origin',(-2.25000000702837,4.22499999297163,0.));
#10904=CARTESIAN_POINT('Origin',(-2.25,4.225,0.));
#10905=CARTESIAN_POINT('Origin',(-2.25,4.225,0.));
#10906=CARTESIAN_POINT('Origin',(-1.625,4.503,0.));
#10907=CARTESIAN_POINT('',(-1.625,4.503,0.));
#10908=CARTESIAN_POINT('',(-1.875,4.503,0.));
#10909=CARTESIAN_POINT('',(-1.87,4.503,0.));
#10910=CARTESIAN_POINT('',(-1.875,4.503,0.21));
#10911=CARTESIAN_POINT('',(-1.875,4.503,0.));
#10912=CARTESIAN_POINT('',(-1.625,4.503,0.21));
#10913=CARTESIAN_POINT('',(-1.625,4.503,0.21));
#10914=CARTESIAN_POINT('',(-1.625,4.503,0.));
#10915=CARTESIAN_POINT('Origin',(-1.625,4.225,0.));
#10916=CARTESIAN_POINT('',(-1.625,4.225,0.));
#10917=CARTESIAN_POINT('',(-1.625,4.225,0.));
#10918=CARTESIAN_POINT('',(-1.625,4.225,0.21));
#10919=CARTESIAN_POINT('',(-1.625,4.225,0.21));
#10920=CARTESIAN_POINT('',(-1.625,4.225,0.));
#10921=CARTESIAN_POINT('Origin',(-1.875,4.503,0.));
#10922=CARTESIAN_POINT('',(-1.875,4.225,0.));
#10923=CARTESIAN_POINT('',(-1.875,4.503,0.));
#10924=CARTESIAN_POINT('',(-1.875,4.225,0.21));
#10925=CARTESIAN_POINT('',(-1.875,4.225,0.));
#10926=CARTESIAN_POINT('',(-1.875,4.503,0.21));
#10927=CARTESIAN_POINT('Origin',(-1.75,4.364,0.21));
#10928=CARTESIAN_POINT('Origin',(-1.75,4.225,0.21));
#10929=CARTESIAN_POINT('Origin',(-1.75000000702837,4.22499999297163,0.));
#10930=CARTESIAN_POINT('Origin',(-1.75,4.225,0.));
#10931=CARTESIAN_POINT('Origin',(-1.75,4.225,0.));
#10932=CARTESIAN_POINT('Origin',(-1.125,4.503,0.));
#10933=CARTESIAN_POINT('',(-1.125,4.503,0.));
#10934=CARTESIAN_POINT('',(-1.375,4.503,0.));
#10935=CARTESIAN_POINT('',(-1.37,4.503,0.));
#10936=CARTESIAN_POINT('',(-1.375,4.503,0.21));
#10937=CARTESIAN_POINT('',(-1.375,4.503,0.));
#10938=CARTESIAN_POINT('',(-1.125,4.503,0.21));
#10939=CARTESIAN_POINT('',(-1.125,4.503,0.21));
#10940=CARTESIAN_POINT('',(-1.125,4.503,0.));
#10941=CARTESIAN_POINT('Origin',(-1.125,4.225,0.));
#10942=CARTESIAN_POINT('',(-1.125,4.225,0.));
#10943=CARTESIAN_POINT('',(-1.125,4.225,0.));
#10944=CARTESIAN_POINT('',(-1.125,4.225,0.21));
#10945=CARTESIAN_POINT('',(-1.125,4.225,0.21));
#10946=CARTESIAN_POINT('',(-1.125,4.225,0.));
#10947=CARTESIAN_POINT('Origin',(-1.375,4.503,0.));
#10948=CARTESIAN_POINT('',(-1.375,4.225,0.));
#10949=CARTESIAN_POINT('',(-1.375,4.503,0.));
#10950=CARTESIAN_POINT('',(-1.375,4.225,0.21));
#10951=CARTESIAN_POINT('',(-1.375,4.225,0.));
#10952=CARTESIAN_POINT('',(-1.375,4.503,0.21));
#10953=CARTESIAN_POINT('Origin',(-1.25,4.364,0.21));
#10954=CARTESIAN_POINT('Origin',(-1.25,4.225,0.21));
#10955=CARTESIAN_POINT('Origin',(-1.25000000702837,4.22499999297163,0.));
#10956=CARTESIAN_POINT('Origin',(-1.25,4.225,0.));
#10957=CARTESIAN_POINT('Origin',(-1.25,4.225,0.));
#10958=CARTESIAN_POINT('Origin',(-0.625,4.503,0.));
#10959=CARTESIAN_POINT('',(-0.625,4.503,0.));
#10960=CARTESIAN_POINT('',(-0.875,4.503,0.));
#10961=CARTESIAN_POINT('',(-0.87,4.503,0.));
#10962=CARTESIAN_POINT('',(-0.875,4.503,0.21));
#10963=CARTESIAN_POINT('',(-0.875,4.503,0.));
#10964=CARTESIAN_POINT('',(-0.625,4.503,0.21));
#10965=CARTESIAN_POINT('',(-0.625,4.503,0.21));
#10966=CARTESIAN_POINT('',(-0.625,4.503,0.));
#10967=CARTESIAN_POINT('Origin',(-0.624999999999999,4.225,0.));
#10968=CARTESIAN_POINT('',(-0.624999999999999,4.225,0.));
#10969=CARTESIAN_POINT('',(-0.624999999999999,4.225,0.));
#10970=CARTESIAN_POINT('',(-0.624999999999999,4.225,0.21));
#10971=CARTESIAN_POINT('',(-0.624999999999999,4.225,0.21));
#10972=CARTESIAN_POINT('',(-0.624999999999999,4.225,0.));
#10973=CARTESIAN_POINT('Origin',(-0.875,4.503,0.));
#10974=CARTESIAN_POINT('',(-0.875,4.225,0.));
#10975=CARTESIAN_POINT('',(-0.875,4.503,0.));
#10976=CARTESIAN_POINT('',(-0.875,4.225,0.21));
#10977=CARTESIAN_POINT('',(-0.875,4.225,0.));
#10978=CARTESIAN_POINT('',(-0.875,4.503,0.21));
#10979=CARTESIAN_POINT('Origin',(-0.75,4.364,0.21));
#10980=CARTESIAN_POINT('Origin',(-0.75,4.225,0.21));
#10981=CARTESIAN_POINT('Origin',(-0.750000007028372,4.22499999297163,0.));
#10982=CARTESIAN_POINT('Origin',(-0.75,4.225,0.));
#10983=CARTESIAN_POINT('Origin',(-0.75,4.225,0.));
#10984=CARTESIAN_POINT('Origin',(0.375,4.503,0.));
#10985=CARTESIAN_POINT('',(0.375,4.503,0.));
#10986=CARTESIAN_POINT('',(0.125,4.503,0.));
#10987=CARTESIAN_POINT('',(0.13,4.503,0.));
#10988=CARTESIAN_POINT('',(0.125,4.503,0.21));
#10989=CARTESIAN_POINT('',(0.125,4.503,0.));
#10990=CARTESIAN_POINT('',(0.375,4.503,0.21));
#10991=CARTESIAN_POINT('',(0.375,4.503,0.21));
#10992=CARTESIAN_POINT('',(0.375,4.503,0.));
#10993=CARTESIAN_POINT('Origin',(0.375,4.225,0.));
#10994=CARTESIAN_POINT('',(0.375,4.225,0.));
#10995=CARTESIAN_POINT('',(0.375,4.225,0.));
#10996=CARTESIAN_POINT('',(0.375,4.225,0.21));
#10997=CARTESIAN_POINT('',(0.375,4.225,0.21));
#10998=CARTESIAN_POINT('',(0.375,4.225,0.));
#10999=CARTESIAN_POINT('Origin',(0.125,4.503,0.));
#11000=CARTESIAN_POINT('',(0.125,4.225,0.));
#11001=CARTESIAN_POINT('',(0.125,4.503,0.));
#11002=CARTESIAN_POINT('',(0.125,4.225,0.21));
#11003=CARTESIAN_POINT('',(0.125,4.225,0.));
#11004=CARTESIAN_POINT('',(0.125,4.503,0.21));
#11005=CARTESIAN_POINT('Origin',(0.25,4.364,0.21));
#11006=CARTESIAN_POINT('Origin',(0.25,4.225,0.21));
#11007=CARTESIAN_POINT('Origin',(0.249999992971628,4.22499999297163,0.));
#11008=CARTESIAN_POINT('Origin',(0.25,4.225,0.));
#11009=CARTESIAN_POINT('Origin',(0.25,4.225,0.));
#11010=CARTESIAN_POINT('Origin',(0.875,4.503,0.));
#11011=CARTESIAN_POINT('',(0.875,4.503,0.));
#11012=CARTESIAN_POINT('',(0.625000000000001,4.503,0.));
#11013=CARTESIAN_POINT('',(0.630000000000001,4.503,0.));
#11014=CARTESIAN_POINT('',(0.625000000000001,4.503,0.21));
#11015=CARTESIAN_POINT('',(0.625000000000001,4.503,0.));
#11016=CARTESIAN_POINT('',(0.875,4.503,0.21));
#11017=CARTESIAN_POINT('',(0.875,4.503,0.21));
#11018=CARTESIAN_POINT('',(0.875,4.503,0.));
#11019=CARTESIAN_POINT('Origin',(0.875000000000001,4.225,0.));
#11020=CARTESIAN_POINT('',(0.875000000000001,4.225,0.));
#11021=CARTESIAN_POINT('',(0.875000000000001,4.225,0.));
#11022=CARTESIAN_POINT('',(0.875000000000001,4.225,0.21));
#11023=CARTESIAN_POINT('',(0.875000000000001,4.225,0.21));
#11024=CARTESIAN_POINT('',(0.875000000000001,4.225,0.));
#11025=CARTESIAN_POINT('Origin',(0.625000000000001,4.503,0.));
#11026=CARTESIAN_POINT('',(0.625000000000001,4.225,0.));
#11027=CARTESIAN_POINT('',(0.625000000000001,4.503,0.));
#11028=CARTESIAN_POINT('',(0.625000000000001,4.225,0.21));
#11029=CARTESIAN_POINT('',(0.625000000000001,4.225,0.));
#11030=CARTESIAN_POINT('',(0.625000000000001,4.503,0.21));
#11031=CARTESIAN_POINT('Origin',(0.750000000000001,4.364,0.21));
#11032=CARTESIAN_POINT('Origin',(0.750000000000001,4.225,0.21));
#11033=CARTESIAN_POINT('Origin',(0.749999992971628,4.22499999297163,0.));
#11034=CARTESIAN_POINT('Origin',(0.750000000000001,4.225,0.));
#11035=CARTESIAN_POINT('Origin',(0.750000000000001,4.225,0.));
#11036=CARTESIAN_POINT('Origin',(1.375,4.503,0.));
#11037=CARTESIAN_POINT('',(1.375,4.503,0.));
#11038=CARTESIAN_POINT('',(1.125,4.503,0.));
#11039=CARTESIAN_POINT('',(1.13,4.503,0.));
#11040=CARTESIAN_POINT('',(1.125,4.503,0.21));
#11041=CARTESIAN_POINT('',(1.125,4.503,0.));
#11042=CARTESIAN_POINT('',(1.375,4.503,0.21));
#11043=CARTESIAN_POINT('',(1.375,4.503,0.21));
#11044=CARTESIAN_POINT('',(1.375,4.503,0.));
#11045=CARTESIAN_POINT('Origin',(1.375,4.225,0.));
#11046=CARTESIAN_POINT('',(1.375,4.225,0.));
#11047=CARTESIAN_POINT('',(1.375,4.225,0.));
#11048=CARTESIAN_POINT('',(1.375,4.225,0.21));
#11049=CARTESIAN_POINT('',(1.375,4.225,0.21));
#11050=CARTESIAN_POINT('',(1.375,4.225,0.));
#11051=CARTESIAN_POINT('Origin',(1.125,4.503,0.));
#11052=CARTESIAN_POINT('',(1.125,4.225,0.));
#11053=CARTESIAN_POINT('',(1.125,4.503,0.));
#11054=CARTESIAN_POINT('',(1.125,4.225,0.21));
#11055=CARTESIAN_POINT('',(1.125,4.225,0.));
#11056=CARTESIAN_POINT('',(1.125,4.503,0.21));
#11057=CARTESIAN_POINT('Origin',(1.25,4.364,0.21));
#11058=CARTESIAN_POINT('Origin',(1.25,4.225,0.21));
#11059=CARTESIAN_POINT('Origin',(1.24999999297163,4.22499999297163,0.));
#11060=CARTESIAN_POINT('Origin',(1.25,4.225,0.));
#11061=CARTESIAN_POINT('Origin',(1.25,4.225,0.));
#11062=CARTESIAN_POINT('Origin',(1.875,4.503,0.));
#11063=CARTESIAN_POINT('',(1.875,4.503,0.));
#11064=CARTESIAN_POINT('',(1.625,4.503,0.));
#11065=CARTESIAN_POINT('',(1.63,4.503,0.));
#11066=CARTESIAN_POINT('',(1.625,4.503,0.21));
#11067=CARTESIAN_POINT('',(1.625,4.503,0.));
#11068=CARTESIAN_POINT('',(1.875,4.503,0.21));
#11069=CARTESIAN_POINT('',(1.875,4.503,0.21));
#11070=CARTESIAN_POINT('',(1.875,4.503,0.));
#11071=CARTESIAN_POINT('Origin',(1.875,4.225,0.));
#11072=CARTESIAN_POINT('',(1.875,4.225,0.));
#11073=CARTESIAN_POINT('',(1.875,4.225,0.));
#11074=CARTESIAN_POINT('',(1.875,4.225,0.21));
#11075=CARTESIAN_POINT('',(1.875,4.225,0.21));
#11076=CARTESIAN_POINT('',(1.875,4.225,0.));
#11077=CARTESIAN_POINT('Origin',(1.625,4.503,0.));
#11078=CARTESIAN_POINT('',(1.625,4.225,0.));
#11079=CARTESIAN_POINT('',(1.625,4.503,0.));
#11080=CARTESIAN_POINT('',(1.625,4.225,0.21));
#11081=CARTESIAN_POINT('',(1.625,4.225,0.));
#11082=CARTESIAN_POINT('',(1.625,4.503,0.21));
#11083=CARTESIAN_POINT('Origin',(1.75,4.364,0.21));
#11084=CARTESIAN_POINT('Origin',(1.75,4.225,0.21));
#11085=CARTESIAN_POINT('Origin',(1.74999999297163,4.22499999297163,0.));
#11086=CARTESIAN_POINT('Origin',(1.75,4.225,0.));
#11087=CARTESIAN_POINT('Origin',(1.75,4.225,0.));
#11088=CARTESIAN_POINT('Origin',(2.375,4.503,0.));
#11089=CARTESIAN_POINT('',(2.375,4.503,0.));
#11090=CARTESIAN_POINT('',(2.125,4.503,0.));
#11091=CARTESIAN_POINT('',(2.13,4.503,0.));
#11092=CARTESIAN_POINT('',(2.125,4.503,0.21));
#11093=CARTESIAN_POINT('',(2.125,4.503,0.));
#11094=CARTESIAN_POINT('',(2.375,4.503,0.21));
#11095=CARTESIAN_POINT('',(2.375,4.503,0.21));
#11096=CARTESIAN_POINT('',(2.375,4.503,0.));
#11097=CARTESIAN_POINT('Origin',(2.375,4.225,0.));
#11098=CARTESIAN_POINT('',(2.375,4.225,0.));
#11099=CARTESIAN_POINT('',(2.375,4.225,0.));
#11100=CARTESIAN_POINT('',(2.375,4.225,0.21));
#11101=CARTESIAN_POINT('',(2.375,4.225,0.21));
#11102=CARTESIAN_POINT('',(2.375,4.225,0.));
#11103=CARTESIAN_POINT('Origin',(2.125,4.503,0.));
#11104=CARTESIAN_POINT('',(2.125,4.225,0.));
#11105=CARTESIAN_POINT('',(2.125,4.503,0.));
#11106=CARTESIAN_POINT('',(2.125,4.225,0.21));
#11107=CARTESIAN_POINT('',(2.125,4.225,0.));
#11108=CARTESIAN_POINT('',(2.125,4.503,0.21));
#11109=CARTESIAN_POINT('Origin',(2.25,4.364,0.21));
#11110=CARTESIAN_POINT('Origin',(2.25,4.225,0.21));
#11111=CARTESIAN_POINT('Origin',(2.24999999297163,4.22499999297163,0.));
#11112=CARTESIAN_POINT('Origin',(2.25,4.225,0.));
#11113=CARTESIAN_POINT('Origin',(2.25,4.225,0.));
#11114=CARTESIAN_POINT('Origin',(2.875,4.503,0.));
#11115=CARTESIAN_POINT('',(2.875,4.503,0.));
#11116=CARTESIAN_POINT('',(2.625,4.503,0.));
#11117=CARTESIAN_POINT('',(2.63,4.503,0.));
#11118=CARTESIAN_POINT('',(2.625,4.503,0.21));
#11119=CARTESIAN_POINT('',(2.625,4.503,0.));
#11120=CARTESIAN_POINT('',(2.875,4.503,0.21));
#11121=CARTESIAN_POINT('',(2.875,4.503,0.21));
#11122=CARTESIAN_POINT('',(2.875,4.503,0.));
#11123=CARTESIAN_POINT('Origin',(2.875,4.225,0.));
#11124=CARTESIAN_POINT('',(2.875,4.225,0.));
#11125=CARTESIAN_POINT('',(2.875,4.225,0.));
#11126=CARTESIAN_POINT('',(2.875,4.225,0.21));
#11127=CARTESIAN_POINT('',(2.875,4.225,0.21));
#11128=CARTESIAN_POINT('',(2.875,4.225,0.));
#11129=CARTESIAN_POINT('Origin',(2.625,4.503,0.));
#11130=CARTESIAN_POINT('',(2.625,4.225,0.));
#11131=CARTESIAN_POINT('',(2.625,4.503,0.));
#11132=CARTESIAN_POINT('',(2.625,4.225,0.21));
#11133=CARTESIAN_POINT('',(2.625,4.225,0.));
#11134=CARTESIAN_POINT('',(2.625,4.503,0.21));
#11135=CARTESIAN_POINT('Origin',(2.75,4.364,0.21));
#11136=CARTESIAN_POINT('Origin',(2.75,4.225,0.21));
#11137=CARTESIAN_POINT('Origin',(2.74999999297163,4.22499999297163,0.));
#11138=CARTESIAN_POINT('Origin',(2.75,4.225,0.));
#11139=CARTESIAN_POINT('Origin',(2.75,4.225,0.));
#11140=CARTESIAN_POINT('Origin',(3.375,4.503,0.));
#11141=CARTESIAN_POINT('',(3.375,4.503,0.));
#11142=CARTESIAN_POINT('',(3.125,4.503,0.));
#11143=CARTESIAN_POINT('',(3.13,4.503,0.));
#11144=CARTESIAN_POINT('',(3.125,4.503,0.21));
#11145=CARTESIAN_POINT('',(3.125,4.503,0.));
#11146=CARTESIAN_POINT('',(3.375,4.503,0.21));
#11147=CARTESIAN_POINT('',(3.375,4.503,0.21));
#11148=CARTESIAN_POINT('',(3.375,4.503,0.));
#11149=CARTESIAN_POINT('Origin',(3.375,4.225,0.));
#11150=CARTESIAN_POINT('',(3.375,4.225,0.));
#11151=CARTESIAN_POINT('',(3.375,4.225,0.));
#11152=CARTESIAN_POINT('',(3.375,4.225,0.21));
#11153=CARTESIAN_POINT('',(3.375,4.225,0.21));
#11154=CARTESIAN_POINT('',(3.375,4.225,0.));
#11155=CARTESIAN_POINT('Origin',(3.125,4.503,0.));
#11156=CARTESIAN_POINT('',(3.125,4.225,0.));
#11157=CARTESIAN_POINT('',(3.125,4.503,0.));
#11158=CARTESIAN_POINT('',(3.125,4.225,0.21));
#11159=CARTESIAN_POINT('',(3.125,4.225,0.));
#11160=CARTESIAN_POINT('',(3.125,4.503,0.21));
#11161=CARTESIAN_POINT('Origin',(3.25,4.364,0.21));
#11162=CARTESIAN_POINT('Origin',(3.25,4.225,0.21));
#11163=CARTESIAN_POINT('Origin',(3.24999999297163,4.22499999297163,0.));
#11164=CARTESIAN_POINT('Origin',(3.25,4.225,0.));
#11165=CARTESIAN_POINT('Origin',(3.25,4.225,0.));
#11166=CARTESIAN_POINT('Origin',(3.875,4.503,0.));
#11167=CARTESIAN_POINT('',(3.875,4.503,0.));
#11168=CARTESIAN_POINT('',(3.625,4.503,0.));
#11169=CARTESIAN_POINT('',(3.63,4.503,0.));
#11170=CARTESIAN_POINT('',(3.625,4.503,0.21));
#11171=CARTESIAN_POINT('',(3.625,4.503,0.));
#11172=CARTESIAN_POINT('',(3.875,4.503,0.21));
#11173=CARTESIAN_POINT('',(3.875,4.503,0.21));
#11174=CARTESIAN_POINT('',(3.875,4.503,0.));
#11175=CARTESIAN_POINT('Origin',(3.875,4.225,0.));
#11176=CARTESIAN_POINT('',(3.875,4.225,0.));
#11177=CARTESIAN_POINT('',(3.875,4.225,0.));
#11178=CARTESIAN_POINT('',(3.875,4.225,0.21));
#11179=CARTESIAN_POINT('',(3.875,4.225,0.21));
#11180=CARTESIAN_POINT('',(3.875,4.225,0.));
#11181=CARTESIAN_POINT('Origin',(3.625,4.503,0.));
#11182=CARTESIAN_POINT('',(3.625,4.225,0.));
#11183=CARTESIAN_POINT('',(3.625,4.503,0.));
#11184=CARTESIAN_POINT('',(3.625,4.225,0.21));
#11185=CARTESIAN_POINT('',(3.625,4.225,0.));
#11186=CARTESIAN_POINT('',(3.625,4.503,0.21));
#11187=CARTESIAN_POINT('Origin',(3.75,4.364,0.21));
#11188=CARTESIAN_POINT('Origin',(3.75,4.225,0.21));
#11189=CARTESIAN_POINT('Origin',(3.74999999297163,4.22499999297163,0.));
#11190=CARTESIAN_POINT('Origin',(3.75,4.225,0.));
#11191=CARTESIAN_POINT('Origin',(3.75,4.225,0.));
#11192=CARTESIAN_POINT('Origin',(-4.503,-3.625,0.));
#11193=CARTESIAN_POINT('',(-4.503,-3.625,0.));
#11194=CARTESIAN_POINT('',(-4.503,-3.875,0.));
#11195=CARTESIAN_POINT('',(-4.503,-3.87,0.));
#11196=CARTESIAN_POINT('',(-4.503,-3.875,0.21));
#11197=CARTESIAN_POINT('',(-4.503,-3.875,0.));
#11198=CARTESIAN_POINT('',(-4.503,-3.625,0.21));
#11199=CARTESIAN_POINT('',(-4.503,-3.625,0.21));
#11200=CARTESIAN_POINT('',(-4.503,-3.625,0.));
#11201=CARTESIAN_POINT('Origin',(-4.225,-3.625,0.));
#11202=CARTESIAN_POINT('',(-4.225,-3.625,0.));
#11203=CARTESIAN_POINT('',(-4.225,-3.625,0.));
#11204=CARTESIAN_POINT('',(-4.225,-3.625,0.21));
#11205=CARTESIAN_POINT('',(-4.225,-3.625,0.21));
#11206=CARTESIAN_POINT('',(-4.225,-3.625,0.));
#11207=CARTESIAN_POINT('Origin',(-4.503,-3.875,0.));
#11208=CARTESIAN_POINT('',(-4.225,-3.875,0.));
#11209=CARTESIAN_POINT('',(-4.503,-3.875,0.));
#11210=CARTESIAN_POINT('',(-4.225,-3.875,0.21));
#11211=CARTESIAN_POINT('',(-4.225,-3.875,0.));
#11212=CARTESIAN_POINT('',(-4.503,-3.875,0.21));
#11213=CARTESIAN_POINT('Origin',(-4.364,-3.75,0.21));
#11214=CARTESIAN_POINT('Origin',(-4.225,-3.75,0.21));
#11215=CARTESIAN_POINT('Origin',(-4.22499999297163,-3.75000000702837,0.));
#11216=CARTESIAN_POINT('Origin',(-4.225,-3.75,0.));
#11217=CARTESIAN_POINT('Origin',(-4.225,-3.75,0.));
#11218=CARTESIAN_POINT('Origin',(-4.503,-3.125,0.));
#11219=CARTESIAN_POINT('',(-4.503,-3.125,0.));
#11220=CARTESIAN_POINT('',(-4.503,-3.375,0.));
#11221=CARTESIAN_POINT('',(-4.503,-3.37,0.));
#11222=CARTESIAN_POINT('',(-4.503,-3.375,0.21));
#11223=CARTESIAN_POINT('',(-4.503,-3.375,0.));
#11224=CARTESIAN_POINT('',(-4.503,-3.125,0.21));
#11225=CARTESIAN_POINT('',(-4.503,-3.125,0.21));
#11226=CARTESIAN_POINT('',(-4.503,-3.125,0.));
#11227=CARTESIAN_POINT('Origin',(-4.225,-3.125,0.));
#11228=CARTESIAN_POINT('',(-4.225,-3.125,0.));
#11229=CARTESIAN_POINT('',(-4.225,-3.125,0.));
#11230=CARTESIAN_POINT('',(-4.225,-3.125,0.21));
#11231=CARTESIAN_POINT('',(-4.225,-3.125,0.21));
#11232=CARTESIAN_POINT('',(-4.225,-3.125,0.));
#11233=CARTESIAN_POINT('Origin',(-4.503,-3.375,0.));
#11234=CARTESIAN_POINT('',(-4.225,-3.375,0.));
#11235=CARTESIAN_POINT('',(-4.503,-3.375,0.));
#11236=CARTESIAN_POINT('',(-4.225,-3.375,0.21));
#11237=CARTESIAN_POINT('',(-4.225,-3.375,0.));
#11238=CARTESIAN_POINT('',(-4.503,-3.375,0.21));
#11239=CARTESIAN_POINT('Origin',(-4.364,-3.25,0.21));
#11240=CARTESIAN_POINT('Origin',(-4.225,-3.25,0.21));
#11241=CARTESIAN_POINT('Origin',(-4.22499999297163,-3.25000000702837,0.));
#11242=CARTESIAN_POINT('Origin',(-4.225,-3.25,0.));
#11243=CARTESIAN_POINT('Origin',(-4.225,-3.25,0.));
#11244=CARTESIAN_POINT('Origin',(-4.503,-2.625,0.));
#11245=CARTESIAN_POINT('',(-4.503,-2.625,0.));
#11246=CARTESIAN_POINT('',(-4.503,-2.875,0.));
#11247=CARTESIAN_POINT('',(-4.503,-2.87,0.));
#11248=CARTESIAN_POINT('',(-4.503,-2.875,0.21));
#11249=CARTESIAN_POINT('',(-4.503,-2.875,0.));
#11250=CARTESIAN_POINT('',(-4.503,-2.625,0.21));
#11251=CARTESIAN_POINT('',(-4.503,-2.625,0.21));
#11252=CARTESIAN_POINT('',(-4.503,-2.625,0.));
#11253=CARTESIAN_POINT('Origin',(-4.225,-2.625,0.));
#11254=CARTESIAN_POINT('',(-4.225,-2.625,0.));
#11255=CARTESIAN_POINT('',(-4.225,-2.625,0.));
#11256=CARTESIAN_POINT('',(-4.225,-2.625,0.21));
#11257=CARTESIAN_POINT('',(-4.225,-2.625,0.21));
#11258=CARTESIAN_POINT('',(-4.225,-2.625,0.));
#11259=CARTESIAN_POINT('Origin',(-4.503,-2.875,0.));
#11260=CARTESIAN_POINT('',(-4.225,-2.875,0.));
#11261=CARTESIAN_POINT('',(-4.503,-2.875,0.));
#11262=CARTESIAN_POINT('',(-4.225,-2.875,0.21));
#11263=CARTESIAN_POINT('',(-4.225,-2.875,0.));
#11264=CARTESIAN_POINT('',(-4.503,-2.875,0.21));
#11265=CARTESIAN_POINT('Origin',(-4.364,-2.75,0.21));
#11266=CARTESIAN_POINT('Origin',(-4.225,-2.75,0.21));
#11267=CARTESIAN_POINT('Origin',(-4.22499999297163,-2.75000000702837,0.));
#11268=CARTESIAN_POINT('Origin',(-4.225,-2.75,0.));
#11269=CARTESIAN_POINT('Origin',(-4.225,-2.75,0.));
#11270=CARTESIAN_POINT('Origin',(-4.503,-2.125,0.));
#11271=CARTESIAN_POINT('',(-4.503,-2.125,0.));
#11272=CARTESIAN_POINT('',(-4.503,-2.375,0.));
#11273=CARTESIAN_POINT('',(-4.503,-2.37,0.));
#11274=CARTESIAN_POINT('',(-4.503,-2.375,0.21));
#11275=CARTESIAN_POINT('',(-4.503,-2.375,0.));
#11276=CARTESIAN_POINT('',(-4.503,-2.125,0.21));
#11277=CARTESIAN_POINT('',(-4.503,-2.125,0.21));
#11278=CARTESIAN_POINT('',(-4.503,-2.125,0.));
#11279=CARTESIAN_POINT('Origin',(-4.225,-2.125,0.));
#11280=CARTESIAN_POINT('',(-4.225,-2.125,0.));
#11281=CARTESIAN_POINT('',(-4.225,-2.125,0.));
#11282=CARTESIAN_POINT('',(-4.225,-2.125,0.21));
#11283=CARTESIAN_POINT('',(-4.225,-2.125,0.21));
#11284=CARTESIAN_POINT('',(-4.225,-2.125,0.));
#11285=CARTESIAN_POINT('Origin',(-4.503,-2.375,0.));
#11286=CARTESIAN_POINT('',(-4.225,-2.375,0.));
#11287=CARTESIAN_POINT('',(-4.503,-2.375,0.));
#11288=CARTESIAN_POINT('',(-4.225,-2.375,0.21));
#11289=CARTESIAN_POINT('',(-4.225,-2.375,0.));
#11290=CARTESIAN_POINT('',(-4.503,-2.375,0.21));
#11291=CARTESIAN_POINT('Origin',(-4.364,-2.25,0.21));
#11292=CARTESIAN_POINT('Origin',(-4.225,-2.25,0.21));
#11293=CARTESIAN_POINT('Origin',(-4.22499999297163,-2.25000000702837,0.));
#11294=CARTESIAN_POINT('Origin',(-4.225,-2.25,0.));
#11295=CARTESIAN_POINT('Origin',(-4.225,-2.25,0.));
#11296=CARTESIAN_POINT('Origin',(-4.503,-1.625,0.));
#11297=CARTESIAN_POINT('',(-4.503,-1.625,0.));
#11298=CARTESIAN_POINT('',(-4.503,-1.875,0.));
#11299=CARTESIAN_POINT('',(-4.503,-1.87,0.));
#11300=CARTESIAN_POINT('',(-4.503,-1.875,0.21));
#11301=CARTESIAN_POINT('',(-4.503,-1.875,0.));
#11302=CARTESIAN_POINT('',(-4.503,-1.625,0.21));
#11303=CARTESIAN_POINT('',(-4.503,-1.625,0.21));
#11304=CARTESIAN_POINT('',(-4.503,-1.625,0.));
#11305=CARTESIAN_POINT('Origin',(-4.225,-1.625,0.));
#11306=CARTESIAN_POINT('',(-4.225,-1.625,0.));
#11307=CARTESIAN_POINT('',(-4.225,-1.625,0.));
#11308=CARTESIAN_POINT('',(-4.225,-1.625,0.21));
#11309=CARTESIAN_POINT('',(-4.225,-1.625,0.21));
#11310=CARTESIAN_POINT('',(-4.225,-1.625,0.));
#11311=CARTESIAN_POINT('Origin',(-4.503,-1.875,0.));
#11312=CARTESIAN_POINT('',(-4.225,-1.875,0.));
#11313=CARTESIAN_POINT('',(-4.503,-1.875,0.));
#11314=CARTESIAN_POINT('',(-4.225,-1.875,0.21));
#11315=CARTESIAN_POINT('',(-4.225,-1.875,0.));
#11316=CARTESIAN_POINT('',(-4.503,-1.875,0.21));
#11317=CARTESIAN_POINT('Origin',(-4.364,-1.75,0.21));
#11318=CARTESIAN_POINT('Origin',(-4.225,-1.75,0.21));
#11319=CARTESIAN_POINT('Origin',(-4.22499999297163,-1.75000000702837,0.));
#11320=CARTESIAN_POINT('Origin',(-4.225,-1.75,0.));
#11321=CARTESIAN_POINT('Origin',(-4.225,-1.75,0.));
#11322=CARTESIAN_POINT('Origin',(-4.503,-1.125,0.));
#11323=CARTESIAN_POINT('',(-4.503,-1.125,0.));
#11324=CARTESIAN_POINT('',(-4.503,-1.375,0.));
#11325=CARTESIAN_POINT('',(-4.503,-1.37,0.));
#11326=CARTESIAN_POINT('',(-4.503,-1.375,0.21));
#11327=CARTESIAN_POINT('',(-4.503,-1.375,0.));
#11328=CARTESIAN_POINT('',(-4.503,-1.125,0.21));
#11329=CARTESIAN_POINT('',(-4.503,-1.125,0.21));
#11330=CARTESIAN_POINT('',(-4.503,-1.125,0.));
#11331=CARTESIAN_POINT('Origin',(-4.225,-1.125,0.));
#11332=CARTESIAN_POINT('',(-4.225,-1.125,0.));
#11333=CARTESIAN_POINT('',(-4.225,-1.125,0.));
#11334=CARTESIAN_POINT('',(-4.225,-1.125,0.21));
#11335=CARTESIAN_POINT('',(-4.225,-1.125,0.21));
#11336=CARTESIAN_POINT('',(-4.225,-1.125,0.));
#11337=CARTESIAN_POINT('Origin',(-4.503,-1.375,0.));
#11338=CARTESIAN_POINT('',(-4.225,-1.375,0.));
#11339=CARTESIAN_POINT('',(-4.503,-1.375,0.));
#11340=CARTESIAN_POINT('',(-4.225,-1.375,0.21));
#11341=CARTESIAN_POINT('',(-4.225,-1.375,0.));
#11342=CARTESIAN_POINT('',(-4.503,-1.375,0.21));
#11343=CARTESIAN_POINT('Origin',(-4.364,-1.25,0.21));
#11344=CARTESIAN_POINT('Origin',(-4.225,-1.25,0.21));
#11345=CARTESIAN_POINT('Origin',(-4.22499999297163,-1.25000000702837,0.));
#11346=CARTESIAN_POINT('Origin',(-4.225,-1.25,0.));
#11347=CARTESIAN_POINT('Origin',(-4.225,-1.25,0.));
#11348=CARTESIAN_POINT('Origin',(-4.503,-0.625000000000001,0.));
#11349=CARTESIAN_POINT('',(-4.503,-0.625000000000001,0.));
#11350=CARTESIAN_POINT('',(-4.503,-0.875000000000001,0.));
#11351=CARTESIAN_POINT('',(-4.503,-0.870000000000001,0.));
#11352=CARTESIAN_POINT('',(-4.503,-0.875000000000001,0.21));
#11353=CARTESIAN_POINT('',(-4.503,-0.875000000000001,0.));
#11354=CARTESIAN_POINT('',(-4.503,-0.625000000000001,0.21));
#11355=CARTESIAN_POINT('',(-4.503,-0.625000000000001,0.21));
#11356=CARTESIAN_POINT('',(-4.503,-0.625000000000001,0.));
#11357=CARTESIAN_POINT('Origin',(-4.225,-0.625000000000001,0.));
#11358=CARTESIAN_POINT('',(-4.225,-0.625000000000001,0.));
#11359=CARTESIAN_POINT('',(-4.225,-0.625000000000001,0.));
#11360=CARTESIAN_POINT('',(-4.225,-0.625000000000001,0.21));
#11361=CARTESIAN_POINT('',(-4.225,-0.625000000000001,0.21));
#11362=CARTESIAN_POINT('',(-4.225,-0.625000000000001,0.));
#11363=CARTESIAN_POINT('Origin',(-4.503,-0.875000000000001,0.));
#11364=CARTESIAN_POINT('',(-4.225,-0.875000000000001,0.));
#11365=CARTESIAN_POINT('',(-4.503,-0.875000000000001,0.));
#11366=CARTESIAN_POINT('',(-4.225,-0.875000000000001,0.21));
#11367=CARTESIAN_POINT('',(-4.225,-0.875000000000001,0.));
#11368=CARTESIAN_POINT('',(-4.503,-0.875000000000001,0.21));
#11369=CARTESIAN_POINT('Origin',(-4.364,-0.750000000000001,0.21));
#11370=CARTESIAN_POINT('Origin',(-4.225,-0.750000000000001,0.21));
#11371=CARTESIAN_POINT('Origin',(-4.22499999297163,-0.750000007028373,0.));
#11372=CARTESIAN_POINT('Origin',(-4.225,-0.750000000000001,0.));
#11373=CARTESIAN_POINT('Origin',(-4.225,-0.750000000000001,0.));
#11374=CARTESIAN_POINT('Origin',(-4.503,0.374999999999999,0.));
#11375=CARTESIAN_POINT('',(-4.503,0.374999999999999,0.));
#11376=CARTESIAN_POINT('',(-4.503,0.124999999999999,0.));
#11377=CARTESIAN_POINT('',(-4.503,0.129999999999999,0.));
#11378=CARTESIAN_POINT('',(-4.503,0.124999999999999,0.21));
#11379=CARTESIAN_POINT('',(-4.503,0.124999999999999,0.));
#11380=CARTESIAN_POINT('',(-4.503,0.374999999999999,0.21));
#11381=CARTESIAN_POINT('',(-4.503,0.374999999999999,0.21));
#11382=CARTESIAN_POINT('',(-4.503,0.374999999999999,0.));
#11383=CARTESIAN_POINT('Origin',(-4.225,0.374999999999999,0.));
#11384=CARTESIAN_POINT('',(-4.225,0.374999999999999,0.));
#11385=CARTESIAN_POINT('',(-4.225,0.374999999999999,0.));
#11386=CARTESIAN_POINT('',(-4.225,0.374999999999999,0.21));
#11387=CARTESIAN_POINT('',(-4.225,0.374999999999999,0.21));
#11388=CARTESIAN_POINT('',(-4.225,0.374999999999999,0.));
#11389=CARTESIAN_POINT('Origin',(-4.503,0.124999999999999,0.));
#11390=CARTESIAN_POINT('',(-4.225,0.124999999999999,0.));
#11391=CARTESIAN_POINT('',(-4.503,0.124999999999999,0.));
#11392=CARTESIAN_POINT('',(-4.225,0.124999999999999,0.21));
#11393=CARTESIAN_POINT('',(-4.225,0.124999999999999,0.));
#11394=CARTESIAN_POINT('',(-4.503,0.124999999999999,0.21));
#11395=CARTESIAN_POINT('Origin',(-4.364,0.249999999999999,0.21));
#11396=CARTESIAN_POINT('Origin',(-4.225,0.249999999999999,0.21));
#11397=CARTESIAN_POINT('Origin',(-4.22499999297163,0.249999992971627,0.));
#11398=CARTESIAN_POINT('Origin',(-4.225,0.249999999999999,0.));
#11399=CARTESIAN_POINT('Origin',(-4.225,0.249999999999999,0.));
#11400=CARTESIAN_POINT('Origin',(-4.503,0.874999999999999,0.));
#11401=CARTESIAN_POINT('',(-4.503,0.874999999999999,0.));
#11402=CARTESIAN_POINT('',(-4.503,0.624999999999999,0.));
#11403=CARTESIAN_POINT('',(-4.503,0.629999999999999,0.));
#11404=CARTESIAN_POINT('',(-4.503,0.624999999999999,0.21));
#11405=CARTESIAN_POINT('',(-4.503,0.624999999999999,0.));
#11406=CARTESIAN_POINT('',(-4.503,0.874999999999999,0.21));
#11407=CARTESIAN_POINT('',(-4.503,0.874999999999999,0.21));
#11408=CARTESIAN_POINT('',(-4.503,0.874999999999999,0.));
#11409=CARTESIAN_POINT('Origin',(-4.225,0.875,0.));
#11410=CARTESIAN_POINT('',(-4.225,0.875,0.));
#11411=CARTESIAN_POINT('',(-4.225,0.875,0.));
#11412=CARTESIAN_POINT('',(-4.225,0.875,0.21));
#11413=CARTESIAN_POINT('',(-4.225,0.875,0.21));
#11414=CARTESIAN_POINT('',(-4.225,0.875,0.));
#11415=CARTESIAN_POINT('Origin',(-4.503,0.624999999999999,0.));
#11416=CARTESIAN_POINT('',(-4.225,0.624999999999999,0.));
#11417=CARTESIAN_POINT('',(-4.503,0.624999999999999,0.));
#11418=CARTESIAN_POINT('',(-4.225,0.624999999999999,0.21));
#11419=CARTESIAN_POINT('',(-4.225,0.624999999999999,0.));
#11420=CARTESIAN_POINT('',(-4.503,0.624999999999999,0.21));
#11421=CARTESIAN_POINT('Origin',(-4.364,0.75,0.21));
#11422=CARTESIAN_POINT('Origin',(-4.225,0.75,0.21));
#11423=CARTESIAN_POINT('Origin',(-4.22499999297163,0.749999992971627,0.));
#11424=CARTESIAN_POINT('Origin',(-4.225,0.75,0.));
#11425=CARTESIAN_POINT('Origin',(-4.225,0.75,0.));
#11426=CARTESIAN_POINT('Origin',(-4.503,1.375,0.));
#11427=CARTESIAN_POINT('',(-4.503,1.375,0.));
#11428=CARTESIAN_POINT('',(-4.503,1.125,0.));
#11429=CARTESIAN_POINT('',(-4.503,1.13,0.));
#11430=CARTESIAN_POINT('',(-4.503,1.125,0.21));
#11431=CARTESIAN_POINT('',(-4.503,1.125,0.));
#11432=CARTESIAN_POINT('',(-4.503,1.375,0.21));
#11433=CARTESIAN_POINT('',(-4.503,1.375,0.21));
#11434=CARTESIAN_POINT('',(-4.503,1.375,0.));
#11435=CARTESIAN_POINT('Origin',(-4.225,1.375,0.));
#11436=CARTESIAN_POINT('',(-4.225,1.375,0.));
#11437=CARTESIAN_POINT('',(-4.225,1.375,0.));
#11438=CARTESIAN_POINT('',(-4.225,1.375,0.21));
#11439=CARTESIAN_POINT('',(-4.225,1.375,0.21));
#11440=CARTESIAN_POINT('',(-4.225,1.375,0.));
#11441=CARTESIAN_POINT('Origin',(-4.503,1.125,0.));
#11442=CARTESIAN_POINT('',(-4.225,1.125,0.));
#11443=CARTESIAN_POINT('',(-4.503,1.125,0.));
#11444=CARTESIAN_POINT('',(-4.225,1.125,0.21));
#11445=CARTESIAN_POINT('',(-4.225,1.125,0.));
#11446=CARTESIAN_POINT('',(-4.503,1.125,0.21));
#11447=CARTESIAN_POINT('Origin',(-4.364,1.25,0.21));
#11448=CARTESIAN_POINT('Origin',(-4.225,1.25,0.21));
#11449=CARTESIAN_POINT('Origin',(-4.22499999297163,1.24999999297163,0.));
#11450=CARTESIAN_POINT('Origin',(-4.225,1.25,0.));
#11451=CARTESIAN_POINT('Origin',(-4.225,1.25,0.));
#11452=CARTESIAN_POINT('Origin',(-4.503,1.875,0.));
#11453=CARTESIAN_POINT('',(-4.503,1.875,0.));
#11454=CARTESIAN_POINT('',(-4.503,1.625,0.));
#11455=CARTESIAN_POINT('',(-4.503,1.63,0.));
#11456=CARTESIAN_POINT('',(-4.503,1.625,0.21));
#11457=CARTESIAN_POINT('',(-4.503,1.625,0.));
#11458=CARTESIAN_POINT('',(-4.503,1.875,0.21));
#11459=CARTESIAN_POINT('',(-4.503,1.875,0.21));
#11460=CARTESIAN_POINT('',(-4.503,1.875,0.));
#11461=CARTESIAN_POINT('Origin',(-4.225,1.875,0.));
#11462=CARTESIAN_POINT('',(-4.225,1.875,0.));
#11463=CARTESIAN_POINT('',(-4.225,1.875,0.));
#11464=CARTESIAN_POINT('',(-4.225,1.875,0.21));
#11465=CARTESIAN_POINT('',(-4.225,1.875,0.21));
#11466=CARTESIAN_POINT('',(-4.225,1.875,0.));
#11467=CARTESIAN_POINT('Origin',(-4.503,1.625,0.));
#11468=CARTESIAN_POINT('',(-4.225,1.625,0.));
#11469=CARTESIAN_POINT('',(-4.503,1.625,0.));
#11470=CARTESIAN_POINT('',(-4.225,1.625,0.21));
#11471=CARTESIAN_POINT('',(-4.225,1.625,0.));
#11472=CARTESIAN_POINT('',(-4.503,1.625,0.21));
#11473=CARTESIAN_POINT('Origin',(-4.364,1.75,0.21));
#11474=CARTESIAN_POINT('Origin',(-4.225,1.75,0.21));
#11475=CARTESIAN_POINT('Origin',(-4.22499999297163,1.74999999297163,0.));
#11476=CARTESIAN_POINT('Origin',(-4.225,1.75,0.));
#11477=CARTESIAN_POINT('Origin',(-4.225,1.75,0.));
#11478=CARTESIAN_POINT('Origin',(-4.503,2.375,0.));
#11479=CARTESIAN_POINT('',(-4.503,2.375,0.));
#11480=CARTESIAN_POINT('',(-4.503,2.125,0.));
#11481=CARTESIAN_POINT('',(-4.503,2.13,0.));
#11482=CARTESIAN_POINT('',(-4.503,2.125,0.21));
#11483=CARTESIAN_POINT('',(-4.503,2.125,0.));
#11484=CARTESIAN_POINT('',(-4.503,2.375,0.21));
#11485=CARTESIAN_POINT('',(-4.503,2.375,0.21));
#11486=CARTESIAN_POINT('',(-4.503,2.375,0.));
#11487=CARTESIAN_POINT('Origin',(-4.225,2.375,0.));
#11488=CARTESIAN_POINT('',(-4.225,2.375,0.));
#11489=CARTESIAN_POINT('',(-4.225,2.375,0.));
#11490=CARTESIAN_POINT('',(-4.225,2.375,0.21));
#11491=CARTESIAN_POINT('',(-4.225,2.375,0.21));
#11492=CARTESIAN_POINT('',(-4.225,2.375,0.));
#11493=CARTESIAN_POINT('Origin',(-4.503,2.125,0.));
#11494=CARTESIAN_POINT('',(-4.225,2.125,0.));
#11495=CARTESIAN_POINT('',(-4.503,2.125,0.));
#11496=CARTESIAN_POINT('',(-4.225,2.125,0.21));
#11497=CARTESIAN_POINT('',(-4.225,2.125,0.));
#11498=CARTESIAN_POINT('',(-4.503,2.125,0.21));
#11499=CARTESIAN_POINT('Origin',(-4.364,2.25,0.21));
#11500=CARTESIAN_POINT('Origin',(-4.225,2.25,0.21));
#11501=CARTESIAN_POINT('Origin',(-4.22499999297163,2.24999999297163,0.));
#11502=CARTESIAN_POINT('Origin',(-4.225,2.25,0.));
#11503=CARTESIAN_POINT('Origin',(-4.225,2.25,0.));
#11504=CARTESIAN_POINT('Origin',(-4.503,2.875,0.));
#11505=CARTESIAN_POINT('',(-4.503,2.875,0.));
#11506=CARTESIAN_POINT('',(-4.503,2.625,0.));
#11507=CARTESIAN_POINT('',(-4.503,2.63,0.));
#11508=CARTESIAN_POINT('',(-4.503,2.625,0.21));
#11509=CARTESIAN_POINT('',(-4.503,2.625,0.));
#11510=CARTESIAN_POINT('',(-4.503,2.875,0.21));
#11511=CARTESIAN_POINT('',(-4.503,2.875,0.21));
#11512=CARTESIAN_POINT('',(-4.503,2.875,0.));
#11513=CARTESIAN_POINT('Origin',(-4.225,2.875,0.));
#11514=CARTESIAN_POINT('',(-4.225,2.875,0.));
#11515=CARTESIAN_POINT('',(-4.225,2.875,0.));
#11516=CARTESIAN_POINT('',(-4.225,2.875,0.21));
#11517=CARTESIAN_POINT('',(-4.225,2.875,0.21));
#11518=CARTESIAN_POINT('',(-4.225,2.875,0.));
#11519=CARTESIAN_POINT('Origin',(-4.503,2.625,0.));
#11520=CARTESIAN_POINT('',(-4.225,2.625,0.));
#11521=CARTESIAN_POINT('',(-4.503,2.625,0.));
#11522=CARTESIAN_POINT('',(-4.225,2.625,0.21));
#11523=CARTESIAN_POINT('',(-4.225,2.625,0.));
#11524=CARTESIAN_POINT('',(-4.503,2.625,0.21));
#11525=CARTESIAN_POINT('Origin',(-4.364,2.75,0.21));
#11526=CARTESIAN_POINT('Origin',(-4.225,2.75,0.21));
#11527=CARTESIAN_POINT('Origin',(-4.22499999297163,2.74999999297163,0.));
#11528=CARTESIAN_POINT('Origin',(-4.225,2.75,0.));
#11529=CARTESIAN_POINT('Origin',(-4.225,2.75,0.));
#11530=CARTESIAN_POINT('Origin',(-4.503,3.375,0.));
#11531=CARTESIAN_POINT('',(-4.503,3.375,0.));
#11532=CARTESIAN_POINT('',(-4.503,3.125,0.));
#11533=CARTESIAN_POINT('',(-4.503,3.13,0.));
#11534=CARTESIAN_POINT('',(-4.503,3.125,0.21));
#11535=CARTESIAN_POINT('',(-4.503,3.125,0.));
#11536=CARTESIAN_POINT('',(-4.503,3.375,0.21));
#11537=CARTESIAN_POINT('',(-4.503,3.375,0.21));
#11538=CARTESIAN_POINT('',(-4.503,3.375,0.));
#11539=CARTESIAN_POINT('Origin',(-4.225,3.375,0.));
#11540=CARTESIAN_POINT('',(-4.225,3.375,0.));
#11541=CARTESIAN_POINT('',(-4.225,3.375,0.));
#11542=CARTESIAN_POINT('',(-4.225,3.375,0.21));
#11543=CARTESIAN_POINT('',(-4.225,3.375,0.21));
#11544=CARTESIAN_POINT('',(-4.225,3.375,0.));
#11545=CARTESIAN_POINT('Origin',(-4.503,3.125,0.));
#11546=CARTESIAN_POINT('',(-4.225,3.125,0.));
#11547=CARTESIAN_POINT('',(-4.503,3.125,0.));
#11548=CARTESIAN_POINT('',(-4.225,3.125,0.21));
#11549=CARTESIAN_POINT('',(-4.225,3.125,0.));
#11550=CARTESIAN_POINT('',(-4.503,3.125,0.21));
#11551=CARTESIAN_POINT('Origin',(-4.364,3.25,0.21));
#11552=CARTESIAN_POINT('Origin',(-4.225,3.25,0.21));
#11553=CARTESIAN_POINT('Origin',(-4.22499999297163,3.24999999297163,0.));
#11554=CARTESIAN_POINT('Origin',(-4.225,3.25,0.));
#11555=CARTESIAN_POINT('Origin',(-4.225,3.25,0.));
#11556=CARTESIAN_POINT('Origin',(-4.503,3.875,0.));
#11557=CARTESIAN_POINT('',(-4.503,3.875,0.));
#11558=CARTESIAN_POINT('',(-4.503,3.625,0.));
#11559=CARTESIAN_POINT('',(-4.503,3.63,0.));
#11560=CARTESIAN_POINT('',(-4.503,3.625,0.21));
#11561=CARTESIAN_POINT('',(-4.503,3.625,0.));
#11562=CARTESIAN_POINT('',(-4.503,3.875,0.21));
#11563=CARTESIAN_POINT('',(-4.503,3.875,0.21));
#11564=CARTESIAN_POINT('',(-4.503,3.875,0.));
#11565=CARTESIAN_POINT('Origin',(-4.225,3.875,0.));
#11566=CARTESIAN_POINT('',(-4.225,3.875,0.));
#11567=CARTESIAN_POINT('',(-4.225,3.875,0.));
#11568=CARTESIAN_POINT('',(-4.225,3.875,0.21));
#11569=CARTESIAN_POINT('',(-4.225,3.875,0.21));
#11570=CARTESIAN_POINT('',(-4.225,3.875,0.));
#11571=CARTESIAN_POINT('Origin',(-4.503,3.625,0.));
#11572=CARTESIAN_POINT('',(-4.225,3.625,0.));
#11573=CARTESIAN_POINT('',(-4.503,3.625,0.));
#11574=CARTESIAN_POINT('',(-4.225,3.625,0.21));
#11575=CARTESIAN_POINT('',(-4.225,3.625,0.));
#11576=CARTESIAN_POINT('',(-4.503,3.625,0.21));
#11577=CARTESIAN_POINT('Origin',(-4.364,3.75,0.21));
#11578=CARTESIAN_POINT('Origin',(-4.225,3.75,0.21));
#11579=CARTESIAN_POINT('Origin',(-4.22499999297163,3.74999999297163,0.));
#11580=CARTESIAN_POINT('Origin',(-4.225,3.75,0.));
#11581=CARTESIAN_POINT('Origin',(-4.225,3.75,0.));
#11582=CARTESIAN_POINT('Origin',(4.503,3.625,0.));
#11583=CARTESIAN_POINT('',(4.503,3.625,0.));
#11584=CARTESIAN_POINT('',(4.503,3.875,0.));
#11585=CARTESIAN_POINT('',(4.503,3.87,0.));
#11586=CARTESIAN_POINT('',(4.503,3.875,0.21));
#11587=CARTESIAN_POINT('',(4.503,3.875,0.));
#11588=CARTESIAN_POINT('',(4.503,3.625,0.21));
#11589=CARTESIAN_POINT('',(4.503,3.625,0.21));
#11590=CARTESIAN_POINT('',(4.503,3.625,0.));
#11591=CARTESIAN_POINT('Origin',(4.225,3.625,0.));
#11592=CARTESIAN_POINT('',(4.225,3.625,0.));
#11593=CARTESIAN_POINT('',(4.225,3.625,0.));
#11594=CARTESIAN_POINT('',(4.225,3.625,0.21));
#11595=CARTESIAN_POINT('',(4.225,3.625,0.21));
#11596=CARTESIAN_POINT('',(4.225,3.625,0.));
#11597=CARTESIAN_POINT('Origin',(4.503,3.875,0.));
#11598=CARTESIAN_POINT('',(4.225,3.875,0.));
#11599=CARTESIAN_POINT('',(4.503,3.875,0.));
#11600=CARTESIAN_POINT('',(4.225,3.875,0.21));
#11601=CARTESIAN_POINT('',(4.225,3.875,0.));
#11602=CARTESIAN_POINT('',(4.503,3.875,0.21));
#11603=CARTESIAN_POINT('Origin',(4.364,3.75,0.21));
#11604=CARTESIAN_POINT('Origin',(4.225,3.75,0.21));
#11605=CARTESIAN_POINT('Origin',(4.22499999297163,3.75000000702837,0.));
#11606=CARTESIAN_POINT('Origin',(4.225,3.75,0.));
#11607=CARTESIAN_POINT('Origin',(4.225,3.75,0.));
#11608=CARTESIAN_POINT('Origin',(4.503,3.125,0.));
#11609=CARTESIAN_POINT('',(4.503,3.125,0.));
#11610=CARTESIAN_POINT('',(4.503,3.375,0.));
#11611=CARTESIAN_POINT('',(4.503,3.37,0.));
#11612=CARTESIAN_POINT('',(4.503,3.375,0.21));
#11613=CARTESIAN_POINT('',(4.503,3.375,0.));
#11614=CARTESIAN_POINT('',(4.503,3.125,0.21));
#11615=CARTESIAN_POINT('',(4.503,3.125,0.21));
#11616=CARTESIAN_POINT('',(4.503,3.125,0.));
#11617=CARTESIAN_POINT('Origin',(4.225,3.125,0.));
#11618=CARTESIAN_POINT('',(4.225,3.125,0.));
#11619=CARTESIAN_POINT('',(4.225,3.125,0.));
#11620=CARTESIAN_POINT('',(4.225,3.125,0.21));
#11621=CARTESIAN_POINT('',(4.225,3.125,0.21));
#11622=CARTESIAN_POINT('',(4.225,3.125,0.));
#11623=CARTESIAN_POINT('Origin',(4.503,3.375,0.));
#11624=CARTESIAN_POINT('',(4.225,3.375,0.));
#11625=CARTESIAN_POINT('',(4.503,3.375,0.));
#11626=CARTESIAN_POINT('',(4.225,3.375,0.21));
#11627=CARTESIAN_POINT('',(4.225,3.375,0.));
#11628=CARTESIAN_POINT('',(4.503,3.375,0.21));
#11629=CARTESIAN_POINT('Origin',(4.364,3.25,0.21));
#11630=CARTESIAN_POINT('Origin',(4.225,3.25,0.21));
#11631=CARTESIAN_POINT('Origin',(4.22499999297163,3.25000000702837,0.));
#11632=CARTESIAN_POINT('Origin',(4.225,3.25,0.));
#11633=CARTESIAN_POINT('Origin',(4.225,3.25,0.));
#11634=CARTESIAN_POINT('Origin',(4.503,2.625,0.));
#11635=CARTESIAN_POINT('',(4.503,2.625,0.));
#11636=CARTESIAN_POINT('',(4.503,2.875,0.));
#11637=CARTESIAN_POINT('',(4.503,2.87,0.));
#11638=CARTESIAN_POINT('',(4.503,2.875,0.21));
#11639=CARTESIAN_POINT('',(4.503,2.875,0.));
#11640=CARTESIAN_POINT('',(4.503,2.625,0.21));
#11641=CARTESIAN_POINT('',(4.503,2.625,0.21));
#11642=CARTESIAN_POINT('',(4.503,2.625,0.));
#11643=CARTESIAN_POINT('Origin',(4.225,2.625,0.));
#11644=CARTESIAN_POINT('',(4.225,2.625,0.));
#11645=CARTESIAN_POINT('',(4.225,2.625,0.));
#11646=CARTESIAN_POINT('',(4.225,2.625,0.21));
#11647=CARTESIAN_POINT('',(4.225,2.625,0.21));
#11648=CARTESIAN_POINT('',(4.225,2.625,0.));
#11649=CARTESIAN_POINT('Origin',(4.503,2.875,0.));
#11650=CARTESIAN_POINT('',(4.225,2.875,0.));
#11651=CARTESIAN_POINT('',(4.503,2.875,0.));
#11652=CARTESIAN_POINT('',(4.225,2.875,0.21));
#11653=CARTESIAN_POINT('',(4.225,2.875,0.));
#11654=CARTESIAN_POINT('',(4.503,2.875,0.21));
#11655=CARTESIAN_POINT('Origin',(4.364,2.75,0.21));
#11656=CARTESIAN_POINT('Origin',(4.225,2.75,0.21));
#11657=CARTESIAN_POINT('Origin',(4.22499999297163,2.75000000702837,0.));
#11658=CARTESIAN_POINT('Origin',(4.225,2.75,0.));
#11659=CARTESIAN_POINT('Origin',(4.225,2.75,0.));
#11660=CARTESIAN_POINT('Origin',(4.503,2.125,0.));
#11661=CARTESIAN_POINT('',(4.503,2.125,0.));
#11662=CARTESIAN_POINT('',(4.503,2.375,0.));
#11663=CARTESIAN_POINT('',(4.503,2.37,0.));
#11664=CARTESIAN_POINT('',(4.503,2.375,0.21));
#11665=CARTESIAN_POINT('',(4.503,2.375,0.));
#11666=CARTESIAN_POINT('',(4.503,2.125,0.21));
#11667=CARTESIAN_POINT('',(4.503,2.125,0.21));
#11668=CARTESIAN_POINT('',(4.503,2.125,0.));
#11669=CARTESIAN_POINT('Origin',(4.225,2.125,0.));
#11670=CARTESIAN_POINT('',(4.225,2.125,0.));
#11671=CARTESIAN_POINT('',(4.225,2.125,0.));
#11672=CARTESIAN_POINT('',(4.225,2.125,0.21));
#11673=CARTESIAN_POINT('',(4.225,2.125,0.21));
#11674=CARTESIAN_POINT('',(4.225,2.125,0.));
#11675=CARTESIAN_POINT('Origin',(4.503,2.375,0.));
#11676=CARTESIAN_POINT('',(4.225,2.375,0.));
#11677=CARTESIAN_POINT('',(4.503,2.375,0.));
#11678=CARTESIAN_POINT('',(4.225,2.375,0.21));
#11679=CARTESIAN_POINT('',(4.225,2.375,0.));
#11680=CARTESIAN_POINT('',(4.503,2.375,0.21));
#11681=CARTESIAN_POINT('Origin',(4.364,2.25,0.21));
#11682=CARTESIAN_POINT('Origin',(4.225,2.25,0.21));
#11683=CARTESIAN_POINT('Origin',(4.22499999297163,2.25000000702837,0.));
#11684=CARTESIAN_POINT('Origin',(4.225,2.25,0.));
#11685=CARTESIAN_POINT('Origin',(4.225,2.25,0.));
#11686=CARTESIAN_POINT('Origin',(4.503,1.625,0.));
#11687=CARTESIAN_POINT('',(4.503,1.625,0.));
#11688=CARTESIAN_POINT('',(4.503,1.875,0.));
#11689=CARTESIAN_POINT('',(4.503,1.87,0.));
#11690=CARTESIAN_POINT('',(4.503,1.875,0.21));
#11691=CARTESIAN_POINT('',(4.503,1.875,0.));
#11692=CARTESIAN_POINT('',(4.503,1.625,0.21));
#11693=CARTESIAN_POINT('',(4.503,1.625,0.21));
#11694=CARTESIAN_POINT('',(4.503,1.625,0.));
#11695=CARTESIAN_POINT('Origin',(4.225,1.625,0.));
#11696=CARTESIAN_POINT('',(4.225,1.625,0.));
#11697=CARTESIAN_POINT('',(4.225,1.625,0.));
#11698=CARTESIAN_POINT('',(4.225,1.625,0.21));
#11699=CARTESIAN_POINT('',(4.225,1.625,0.21));
#11700=CARTESIAN_POINT('',(4.225,1.625,0.));
#11701=CARTESIAN_POINT('Origin',(4.503,1.875,0.));
#11702=CARTESIAN_POINT('',(4.225,1.875,0.));
#11703=CARTESIAN_POINT('',(4.503,1.875,0.));
#11704=CARTESIAN_POINT('',(4.225,1.875,0.21));
#11705=CARTESIAN_POINT('',(4.225,1.875,0.));
#11706=CARTESIAN_POINT('',(4.503,1.875,0.21));
#11707=CARTESIAN_POINT('Origin',(4.364,1.75,0.21));
#11708=CARTESIAN_POINT('Origin',(4.225,1.75,0.21));
#11709=CARTESIAN_POINT('Origin',(4.22499999297163,1.75000000702837,0.));
#11710=CARTESIAN_POINT('Origin',(4.225,1.75,0.));
#11711=CARTESIAN_POINT('Origin',(4.225,1.75,0.));
#11712=CARTESIAN_POINT('Origin',(4.503,1.125,0.));
#11713=CARTESIAN_POINT('',(4.503,1.125,0.));
#11714=CARTESIAN_POINT('',(4.503,1.375,0.));
#11715=CARTESIAN_POINT('',(4.503,1.37,0.));
#11716=CARTESIAN_POINT('',(4.503,1.375,0.21));
#11717=CARTESIAN_POINT('',(4.503,1.375,0.));
#11718=CARTESIAN_POINT('',(4.503,1.125,0.21));
#11719=CARTESIAN_POINT('',(4.503,1.125,0.21));
#11720=CARTESIAN_POINT('',(4.503,1.125,0.));
#11721=CARTESIAN_POINT('Origin',(4.225,1.125,0.));
#11722=CARTESIAN_POINT('',(4.225,1.125,0.));
#11723=CARTESIAN_POINT('',(4.225,1.125,0.));
#11724=CARTESIAN_POINT('',(4.225,1.125,0.21));
#11725=CARTESIAN_POINT('',(4.225,1.125,0.21));
#11726=CARTESIAN_POINT('',(4.225,1.125,0.));
#11727=CARTESIAN_POINT('Origin',(4.503,1.375,0.));
#11728=CARTESIAN_POINT('',(4.225,1.375,0.));
#11729=CARTESIAN_POINT('',(4.503,1.375,0.));
#11730=CARTESIAN_POINT('',(4.225,1.375,0.21));
#11731=CARTESIAN_POINT('',(4.225,1.375,0.));
#11732=CARTESIAN_POINT('',(4.503,1.375,0.21));
#11733=CARTESIAN_POINT('Origin',(4.364,1.25,0.21));
#11734=CARTESIAN_POINT('Origin',(4.225,1.25,0.21));
#11735=CARTESIAN_POINT('Origin',(4.22499999297163,1.25000000702837,0.));
#11736=CARTESIAN_POINT('Origin',(4.225,1.25,0.));
#11737=CARTESIAN_POINT('Origin',(4.225,1.25,0.));
#11738=CARTESIAN_POINT('Origin',(4.503,0.624999999999999,0.));
#11739=CARTESIAN_POINT('',(4.503,0.624999999999999,0.));
#11740=CARTESIAN_POINT('',(4.503,0.874999999999999,0.));
#11741=CARTESIAN_POINT('',(4.503,0.869999999999999,0.));
#11742=CARTESIAN_POINT('',(4.503,0.874999999999999,0.21));
#11743=CARTESIAN_POINT('',(4.503,0.874999999999999,0.));
#11744=CARTESIAN_POINT('',(4.503,0.624999999999999,0.21));
#11745=CARTESIAN_POINT('',(4.503,0.624999999999999,0.21));
#11746=CARTESIAN_POINT('',(4.503,0.624999999999999,0.));
#11747=CARTESIAN_POINT('Origin',(4.225,0.624999999999998,0.));
#11748=CARTESIAN_POINT('',(4.225,0.624999999999998,0.));
#11749=CARTESIAN_POINT('',(4.225,0.624999999999998,0.));
#11750=CARTESIAN_POINT('',(4.225,0.624999999999998,0.21));
#11751=CARTESIAN_POINT('',(4.225,0.624999999999998,0.21));
#11752=CARTESIAN_POINT('',(4.225,0.624999999999998,0.));
#11753=CARTESIAN_POINT('Origin',(4.503,0.874999999999999,0.));
#11754=CARTESIAN_POINT('',(4.225,0.874999999999999,0.));
#11755=CARTESIAN_POINT('',(4.503,0.874999999999999,0.));
#11756=CARTESIAN_POINT('',(4.225,0.874999999999999,0.21));
#11757=CARTESIAN_POINT('',(4.225,0.874999999999999,0.));
#11758=CARTESIAN_POINT('',(4.503,0.874999999999999,0.21));
#11759=CARTESIAN_POINT('Origin',(4.364,0.749999999999998,0.21));
#11760=CARTESIAN_POINT('Origin',(4.225,0.749999999999998,0.21));
#11761=CARTESIAN_POINT('Origin',(4.22499999297163,0.750000007028371,0.));
#11762=CARTESIAN_POINT('Origin',(4.225,0.749999999999998,0.));
#11763=CARTESIAN_POINT('Origin',(4.225,0.749999999999998,0.));
#11764=CARTESIAN_POINT('Origin',(4.503,-0.375000000000001,0.));
#11765=CARTESIAN_POINT('',(4.503,-0.375000000000001,0.));
#11766=CARTESIAN_POINT('',(4.503,-0.125000000000001,0.));
#11767=CARTESIAN_POINT('',(4.503,-0.130000000000001,0.));
#11768=CARTESIAN_POINT('',(4.503,-0.125000000000001,0.21));
#11769=CARTESIAN_POINT('',(4.503,-0.125000000000001,0.));
#11770=CARTESIAN_POINT('',(4.503,-0.375000000000001,0.21));
#11771=CARTESIAN_POINT('',(4.503,-0.375000000000001,0.21));
#11772=CARTESIAN_POINT('',(4.503,-0.375000000000001,0.));
#11773=CARTESIAN_POINT('Origin',(4.225,-0.375000000000001,0.));
#11774=CARTESIAN_POINT('',(4.225,-0.375000000000001,0.));
#11775=CARTESIAN_POINT('',(4.225,-0.375000000000001,0.));
#11776=CARTESIAN_POINT('',(4.225,-0.375000000000001,0.21));
#11777=CARTESIAN_POINT('',(4.225,-0.375000000000001,0.21));
#11778=CARTESIAN_POINT('',(4.225,-0.375000000000001,0.));
#11779=CARTESIAN_POINT('Origin',(4.503,-0.125000000000001,0.));
#11780=CARTESIAN_POINT('',(4.225,-0.125000000000001,0.));
#11781=CARTESIAN_POINT('',(4.503,-0.125000000000001,0.));
#11782=CARTESIAN_POINT('',(4.225,-0.125000000000001,0.21));
#11783=CARTESIAN_POINT('',(4.225,-0.125000000000001,0.));
#11784=CARTESIAN_POINT('',(4.503,-0.125000000000001,0.21));
#11785=CARTESIAN_POINT('Origin',(4.364,-0.250000000000001,0.21));
#11786=CARTESIAN_POINT('Origin',(4.225,-0.250000000000001,0.21));
#11787=CARTESIAN_POINT('Origin',(4.22499999297163,-0.249999992971629,0.));
#11788=CARTESIAN_POINT('Origin',(4.225,-0.250000000000001,0.));
#11789=CARTESIAN_POINT('Origin',(4.225,-0.250000000000001,0.));
#11790=CARTESIAN_POINT('Origin',(4.503,-0.875000000000001,0.));
#11791=CARTESIAN_POINT('',(4.503,-0.875000000000001,0.));
#11792=CARTESIAN_POINT('',(4.503,-0.625000000000002,0.));
#11793=CARTESIAN_POINT('',(4.503,-0.630000000000002,0.));
#11794=CARTESIAN_POINT('',(4.503,-0.625000000000002,0.21));
#11795=CARTESIAN_POINT('',(4.503,-0.625000000000002,0.));
#11796=CARTESIAN_POINT('',(4.503,-0.875000000000001,0.21));
#11797=CARTESIAN_POINT('',(4.503,-0.875000000000001,0.21));
#11798=CARTESIAN_POINT('',(4.503,-0.875000000000001,0.));
#11799=CARTESIAN_POINT('Origin',(4.225,-0.875000000000002,0.));
#11800=CARTESIAN_POINT('',(4.225,-0.875000000000002,0.));
#11801=CARTESIAN_POINT('',(4.225,-0.875000000000002,0.));
#11802=CARTESIAN_POINT('',(4.225,-0.875000000000002,0.21));
#11803=CARTESIAN_POINT('',(4.225,-0.875000000000002,0.21));
#11804=CARTESIAN_POINT('',(4.225,-0.875000000000002,0.));
#11805=CARTESIAN_POINT('Origin',(4.503,-0.625000000000002,0.));
#11806=CARTESIAN_POINT('',(4.225,-0.625000000000002,0.));
#11807=CARTESIAN_POINT('',(4.503,-0.625000000000002,0.));
#11808=CARTESIAN_POINT('',(4.225,-0.625000000000002,0.21));
#11809=CARTESIAN_POINT('',(4.225,-0.625000000000002,0.));
#11810=CARTESIAN_POINT('',(4.503,-0.625000000000002,0.21));
#11811=CARTESIAN_POINT('Origin',(4.364,-0.750000000000002,0.21));
#11812=CARTESIAN_POINT('Origin',(4.225,-0.750000000000002,0.21));
#11813=CARTESIAN_POINT('Origin',(4.22499999297163,-0.749999992971629,0.));
#11814=CARTESIAN_POINT('Origin',(4.225,-0.750000000000002,0.));
#11815=CARTESIAN_POINT('Origin',(4.225,-0.750000000000002,0.));
#11816=CARTESIAN_POINT('Origin',(4.503,-1.375,0.));
#11817=CARTESIAN_POINT('',(4.503,-1.375,0.));
#11818=CARTESIAN_POINT('',(4.503,-1.125,0.));
#11819=CARTESIAN_POINT('',(4.503,-1.13,0.));
#11820=CARTESIAN_POINT('',(4.503,-1.125,0.21));
#11821=CARTESIAN_POINT('',(4.503,-1.125,0.));
#11822=CARTESIAN_POINT('',(4.503,-1.375,0.21));
#11823=CARTESIAN_POINT('',(4.503,-1.375,0.21));
#11824=CARTESIAN_POINT('',(4.503,-1.375,0.));
#11825=CARTESIAN_POINT('Origin',(4.225,-1.375,0.));
#11826=CARTESIAN_POINT('',(4.225,-1.375,0.));
#11827=CARTESIAN_POINT('',(4.225,-1.375,0.));
#11828=CARTESIAN_POINT('',(4.225,-1.375,0.21));
#11829=CARTESIAN_POINT('',(4.225,-1.375,0.21));
#11830=CARTESIAN_POINT('',(4.225,-1.375,0.));
#11831=CARTESIAN_POINT('Origin',(4.503,-1.125,0.));
#11832=CARTESIAN_POINT('',(4.225,-1.125,0.));
#11833=CARTESIAN_POINT('',(4.503,-1.125,0.));
#11834=CARTESIAN_POINT('',(4.225,-1.125,0.21));
#11835=CARTESIAN_POINT('',(4.225,-1.125,0.));
#11836=CARTESIAN_POINT('',(4.503,-1.125,0.21));
#11837=CARTESIAN_POINT('Origin',(4.364,-1.25,0.21));
#11838=CARTESIAN_POINT('Origin',(4.225,-1.25,0.21));
#11839=CARTESIAN_POINT('Origin',(4.22499999297163,-1.24999999297163,0.));
#11840=CARTESIAN_POINT('Origin',(4.225,-1.25,0.));
#11841=CARTESIAN_POINT('Origin',(4.225,-1.25,0.));
#11842=CARTESIAN_POINT('Origin',(4.503,-1.875,0.));
#11843=CARTESIAN_POINT('',(4.503,-1.875,0.));
#11844=CARTESIAN_POINT('',(4.503,-1.625,0.));
#11845=CARTESIAN_POINT('',(4.503,-1.63,0.));
#11846=CARTESIAN_POINT('',(4.503,-1.625,0.21));
#11847=CARTESIAN_POINT('',(4.503,-1.625,0.));
#11848=CARTESIAN_POINT('',(4.503,-1.875,0.21));
#11849=CARTESIAN_POINT('',(4.503,-1.875,0.21));
#11850=CARTESIAN_POINT('',(4.503,-1.875,0.));
#11851=CARTESIAN_POINT('Origin',(4.225,-1.875,0.));
#11852=CARTESIAN_POINT('',(4.225,-1.875,0.));
#11853=CARTESIAN_POINT('',(4.225,-1.875,0.));
#11854=CARTESIAN_POINT('',(4.225,-1.875,0.21));
#11855=CARTESIAN_POINT('',(4.225,-1.875,0.21));
#11856=CARTESIAN_POINT('',(4.225,-1.875,0.));
#11857=CARTESIAN_POINT('Origin',(4.503,-1.625,0.));
#11858=CARTESIAN_POINT('',(4.225,-1.625,0.));
#11859=CARTESIAN_POINT('',(4.503,-1.625,0.));
#11860=CARTESIAN_POINT('',(4.225,-1.625,0.21));
#11861=CARTESIAN_POINT('',(4.225,-1.625,0.));
#11862=CARTESIAN_POINT('',(4.503,-1.625,0.21));
#11863=CARTESIAN_POINT('Origin',(4.364,-1.75,0.21));
#11864=CARTESIAN_POINT('Origin',(4.225,-1.75,0.21));
#11865=CARTESIAN_POINT('Origin',(4.22499999297163,-1.74999999297163,0.));
#11866=CARTESIAN_POINT('Origin',(4.225,-1.75,0.));
#11867=CARTESIAN_POINT('Origin',(4.225,-1.75,0.));
#11868=CARTESIAN_POINT('Origin',(4.503,-2.375,0.));
#11869=CARTESIAN_POINT('',(4.503,-2.375,0.));
#11870=CARTESIAN_POINT('',(4.503,-2.125,0.));
#11871=CARTESIAN_POINT('',(4.503,-2.13,0.));
#11872=CARTESIAN_POINT('',(4.503,-2.125,0.21));
#11873=CARTESIAN_POINT('',(4.503,-2.125,0.));
#11874=CARTESIAN_POINT('',(4.503,-2.375,0.21));
#11875=CARTESIAN_POINT('',(4.503,-2.375,0.21));
#11876=CARTESIAN_POINT('',(4.503,-2.375,0.));
#11877=CARTESIAN_POINT('Origin',(4.225,-2.375,0.));
#11878=CARTESIAN_POINT('',(4.225,-2.375,0.));
#11879=CARTESIAN_POINT('',(4.225,-2.375,0.));
#11880=CARTESIAN_POINT('',(4.225,-2.375,0.21));
#11881=CARTESIAN_POINT('',(4.225,-2.375,0.21));
#11882=CARTESIAN_POINT('',(4.225,-2.375,0.));
#11883=CARTESIAN_POINT('Origin',(4.503,-2.125,0.));
#11884=CARTESIAN_POINT('',(4.225,-2.125,0.));
#11885=CARTESIAN_POINT('',(4.503,-2.125,0.));
#11886=CARTESIAN_POINT('',(4.225,-2.125,0.21));
#11887=CARTESIAN_POINT('',(4.225,-2.125,0.));
#11888=CARTESIAN_POINT('',(4.503,-2.125,0.21));
#11889=CARTESIAN_POINT('Origin',(4.364,-2.25,0.21));
#11890=CARTESIAN_POINT('Origin',(4.225,-2.25,0.21));
#11891=CARTESIAN_POINT('Origin',(4.22499999297163,-2.24999999297163,0.));
#11892=CARTESIAN_POINT('Origin',(4.225,-2.25,0.));
#11893=CARTESIAN_POINT('Origin',(4.225,-2.25,0.));
#11894=CARTESIAN_POINT('Origin',(4.503,-2.875,0.));
#11895=CARTESIAN_POINT('',(4.503,-2.875,0.));
#11896=CARTESIAN_POINT('',(4.503,-2.625,0.));
#11897=CARTESIAN_POINT('',(4.503,-2.63,0.));
#11898=CARTESIAN_POINT('',(4.503,-2.625,0.21));
#11899=CARTESIAN_POINT('',(4.503,-2.625,0.));
#11900=CARTESIAN_POINT('',(4.503,-2.875,0.21));
#11901=CARTESIAN_POINT('',(4.503,-2.875,0.21));
#11902=CARTESIAN_POINT('',(4.503,-2.875,0.));
#11903=CARTESIAN_POINT('Origin',(4.225,-2.875,0.));
#11904=CARTESIAN_POINT('',(4.225,-2.875,0.));
#11905=CARTESIAN_POINT('',(4.225,-2.875,0.));
#11906=CARTESIAN_POINT('',(4.225,-2.875,0.21));
#11907=CARTESIAN_POINT('',(4.225,-2.875,0.21));
#11908=CARTESIAN_POINT('',(4.225,-2.875,0.));
#11909=CARTESIAN_POINT('Origin',(4.503,-2.625,0.));
#11910=CARTESIAN_POINT('',(4.225,-2.625,0.));
#11911=CARTESIAN_POINT('',(4.503,-2.625,0.));
#11912=CARTESIAN_POINT('',(4.225,-2.625,0.21));
#11913=CARTESIAN_POINT('',(4.225,-2.625,0.));
#11914=CARTESIAN_POINT('',(4.503,-2.625,0.21));
#11915=CARTESIAN_POINT('Origin',(4.364,-2.75,0.21));
#11916=CARTESIAN_POINT('Origin',(4.225,-2.75,0.21));
#11917=CARTESIAN_POINT('Origin',(4.22499999297163,-2.74999999297163,0.));
#11918=CARTESIAN_POINT('Origin',(4.225,-2.75,0.));
#11919=CARTESIAN_POINT('Origin',(4.225,-2.75,0.));
#11920=CARTESIAN_POINT('Origin',(4.503,-3.375,0.));
#11921=CARTESIAN_POINT('',(4.503,-3.375,0.));
#11922=CARTESIAN_POINT('',(4.503,-3.125,0.));
#11923=CARTESIAN_POINT('',(4.503,-3.13,0.));
#11924=CARTESIAN_POINT('',(4.503,-3.125,0.21));
#11925=CARTESIAN_POINT('',(4.503,-3.125,0.));
#11926=CARTESIAN_POINT('',(4.503,-3.375,0.21));
#11927=CARTESIAN_POINT('',(4.503,-3.375,0.21));
#11928=CARTESIAN_POINT('',(4.503,-3.375,0.));
#11929=CARTESIAN_POINT('Origin',(4.225,-3.375,0.));
#11930=CARTESIAN_POINT('',(4.225,-3.375,0.));
#11931=CARTESIAN_POINT('',(4.225,-3.375,0.));
#11932=CARTESIAN_POINT('',(4.225,-3.375,0.21));
#11933=CARTESIAN_POINT('',(4.225,-3.375,0.21));
#11934=CARTESIAN_POINT('',(4.225,-3.375,0.));
#11935=CARTESIAN_POINT('Origin',(4.503,-3.125,0.));
#11936=CARTESIAN_POINT('',(4.225,-3.125,0.));
#11937=CARTESIAN_POINT('',(4.503,-3.125,0.));
#11938=CARTESIAN_POINT('',(4.225,-3.125,0.21));
#11939=CARTESIAN_POINT('',(4.225,-3.125,0.));
#11940=CARTESIAN_POINT('',(4.503,-3.125,0.21));
#11941=CARTESIAN_POINT('Origin',(4.364,-3.25,0.21));
#11942=CARTESIAN_POINT('Origin',(4.225,-3.25,0.21));
#11943=CARTESIAN_POINT('Origin',(4.22499999297163,-3.24999999297163,0.));
#11944=CARTESIAN_POINT('Origin',(4.225,-3.25,0.));
#11945=CARTESIAN_POINT('Origin',(4.225,-3.25,0.));
#11946=CARTESIAN_POINT('Origin',(4.503,-3.875,0.));
#11947=CARTESIAN_POINT('',(4.503,-3.875,0.));
#11948=CARTESIAN_POINT('',(4.503,-3.625,0.));
#11949=CARTESIAN_POINT('',(4.503,-3.63,0.));
#11950=CARTESIAN_POINT('',(4.503,-3.625,0.21));
#11951=CARTESIAN_POINT('',(4.503,-3.625,0.));
#11952=CARTESIAN_POINT('',(4.503,-3.875,0.21));
#11953=CARTESIAN_POINT('',(4.503,-3.875,0.21));
#11954=CARTESIAN_POINT('',(4.503,-3.875,0.));
#11955=CARTESIAN_POINT('Origin',(4.225,-3.875,0.));
#11956=CARTESIAN_POINT('',(4.225,-3.875,0.));
#11957=CARTESIAN_POINT('',(4.225,-3.875,0.));
#11958=CARTESIAN_POINT('',(4.225,-3.875,0.21));
#11959=CARTESIAN_POINT('',(4.225,-3.875,0.21));
#11960=CARTESIAN_POINT('',(4.225,-3.875,0.));
#11961=CARTESIAN_POINT('Origin',(4.503,-3.625,0.));
#11962=CARTESIAN_POINT('',(4.225,-3.625,0.));
#11963=CARTESIAN_POINT('',(4.503,-3.625,0.));
#11964=CARTESIAN_POINT('',(4.225,-3.625,0.21));
#11965=CARTESIAN_POINT('',(4.225,-3.625,0.));
#11966=CARTESIAN_POINT('',(4.503,-3.625,0.21));
#11967=CARTESIAN_POINT('Origin',(4.364,-3.75,0.21));
#11968=CARTESIAN_POINT('Origin',(4.225,-3.75,0.21));
#11969=CARTESIAN_POINT('Origin',(4.22499999297163,-3.74999999297163,0.));
#11970=CARTESIAN_POINT('Origin',(4.225,-3.75,0.));
#11971=CARTESIAN_POINT('Origin',(4.225,-3.75,0.));
#11972=CARTESIAN_POINT('',(0.,0.,0.));
#11973=CARTESIAN_POINT('Origin',(0.,0.,0.));
#11974=CARTESIAN_POINT('',(0.5,6.12323399573677E-17,0.001));
#11975=CARTESIAN_POINT('Origin',(0.,0.,0.001));
#11976=CARTESIAN_POINT('',(0.5,6.12323399573677E-17,0.));
#11977=CARTESIAN_POINT('',(0.5,6.12323399573677E-17,0.));
#11978=CARTESIAN_POINT('Origin',(0.,0.,0.));
#11979=CARTESIAN_POINT('Origin',(-1.95587239629207E-17,0.,0.));
#11980=CARTESIAN_POINT('Origin',(-1.95587239629207E-17,0.,0.001));
#11981=CARTESIAN_POINT('',(0.,0.,0.));
#11982=CARTESIAN_POINT('Origin',(-0.0248522855229019,-0.93670515135309,
0.));
#11983=CARTESIAN_POINT('',(-0.662129418766492,-0.93670515135309,0.003));
#11984=CARTESIAN_POINT('',(-0.662129418766492,-0.93670515135309,0.));
#11985=CARTESIAN_POINT('',(-0.662129418766492,-0.93670515135309,0.));
#11986=CARTESIAN_POINT('',(-0.0248522855229019,-0.93670515135309,0.003));
#11987=CARTESIAN_POINT('',(-0.699082416319783,-0.93670515135309,0.003));
#11988=CARTESIAN_POINT('',(-0.0248522855229019,-0.93670515135309,0.));
#11989=CARTESIAN_POINT('',(-0.0248522855229019,-0.93670515135309,0.));
#11990=CARTESIAN_POINT('',(-0.699082416319783,-0.93670515135309,0.));
#11991=CARTESIAN_POINT('Origin',(-0.699082416319783,-1.08905522898508,0.));
#11992=CARTESIAN_POINT('',(-0.462453572338185,-1.08905522898508,0.));
#11993=CARTESIAN_POINT('',(-0.699082416319783,-1.08905522898508,0.));
#11994=CARTESIAN_POINT('',(-0.462453572338185,-1.08905522898508,0.));
#11995=CARTESIAN_POINT('',(-0.462453572338185,-1.08905522898508,0.003));
#11996=CARTESIAN_POINT('',(-0.462453572338185,-1.08905522898508,0.));
#11997=CARTESIAN_POINT('',(-0.699082416319783,-1.08905522898508,0.003));
#11998=CARTESIAN_POINT('',(-0.462453572338185,-1.08905522898508,0.003));
#11999=CARTESIAN_POINT('',(-0.699082416319783,-1.08905522898508,0.));
#12000=CARTESIAN_POINT('Origin',(-0.699082416319783,-0.93670515135309,0.));
#12001=CARTESIAN_POINT('',(-0.699082416319783,-1.03720796643422,0.));
#12002=CARTESIAN_POINT('',(-0.699082416319783,-1.03720796643422,0.003));
#12003=CARTESIAN_POINT('Ctrl Pts',(-0.699082416319783,-1.03720796643422,
0.));
#12004=CARTESIAN_POINT('Ctrl Pts',(-0.699082416319783,-1.03720796643422,
0.0005));
#12005=CARTESIAN_POINT('Ctrl Pts',(-0.699082416319783,-1.03720796643422,
0.001));
#12006=CARTESIAN_POINT('Ctrl Pts',(-0.699082416319783,-1.03720796643422,
0.002));
#12007=CARTESIAN_POINT('Ctrl Pts',(-0.699082416319783,-1.03720796643422,
0.0025));
#12008=CARTESIAN_POINT('Ctrl Pts',(-0.699082416319783,-1.03720796643422,
0.003));
#12009=CARTESIAN_POINT('',(-0.699082416319783,-1.08905522898508,0.));
#12010=CARTESIAN_POINT('',(-0.699082416319783,-1.08905522898508,0.003));
#12011=CARTESIAN_POINT('Origin',(-0.0248522855229019,-1.08905522898508,
0.));
#12012=CARTESIAN_POINT('',(-0.0248522855229019,-1.08905522898508,0.));
#12013=CARTESIAN_POINT('',(-0.0248522855229019,-0.93670515135309,0.));
#12014=CARTESIAN_POINT('',(-0.0248522855229019,-1.08905522898508,0.003));
#12015=CARTESIAN_POINT('',(-0.0248522855229019,-0.93670515135309,0.003));
#12016=CARTESIAN_POINT('',(-0.0248522855229019,-1.08905522898508,0.));
#12017=CARTESIAN_POINT('Origin',(-0.261481129504499,-1.08905522898508,0.));
#12018=CARTESIAN_POINT('',(-0.261481129504499,-1.08905522898508,0.));
#12019=CARTESIAN_POINT('',(-0.0248522855229019,-1.08905522898508,0.));
#12020=CARTESIAN_POINT('',(-0.261481129504499,-1.08905522898508,0.003));
#12021=CARTESIAN_POINT('',(-0.0248522855229019,-1.08905522898508,0.003));
#12022=CARTESIAN_POINT('',(-0.261481129504499,-1.08905522898508,0.));
#12023=CARTESIAN_POINT('Origin',(-0.261481129504499,-1.7367051334717,0.));
#12024=CARTESIAN_POINT('',(-0.261481129504499,-1.7367051334717,0.));
#12025=CARTESIAN_POINT('',(-0.261481129504499,-1.08905522898508,0.));
#12026=CARTESIAN_POINT('',(-0.261481129504499,-1.7367051334717,0.003));
#12027=CARTESIAN_POINT('',(-0.261481129504499,-1.08905522898508,0.003));
#12028=CARTESIAN_POINT('',(-0.261481129504499,-1.7367051334717,0.));
#12029=CARTESIAN_POINT('Origin',(-0.462453572338185,-1.7367051334717,0.));
#12030=CARTESIAN_POINT('',(-0.462453572338185,-1.7367051334717,0.));
#12031=CARTESIAN_POINT('',(-0.261481129504499,-1.7367051334717,0.));
#12032=CARTESIAN_POINT('',(-0.462453572338185,-1.7367051334717,0.003));
#12033=CARTESIAN_POINT('',(-0.261481129504499,-1.7367051334717,0.003));
#12034=CARTESIAN_POINT('',(-0.462453572338185,-1.7367051334717,0.));
#12035=CARTESIAN_POINT('Origin',(-0.462453572338185,-1.08905522898508,0.));
#12036=CARTESIAN_POINT('',(-0.462453572338185,-1.7367051334717,0.));
#12037=CARTESIAN_POINT('',(-0.462453572338185,-1.7367051334717,0.003));
#12038=CARTESIAN_POINT('Ctrl Pts',(-0.753539465345685,-1.02941179433766,
0.));
#12039=CARTESIAN_POINT('Ctrl Pts',(-0.753539465345685,-1.02941179433766,
0.003));
#12040=CARTESIAN_POINT('Ctrl Pts',(-0.733442221062316,-1.02941179433766,
0.));
#12041=CARTESIAN_POINT('Ctrl Pts',(-0.733442221062316,-1.02941179433766,
0.003));
#12042=CARTESIAN_POINT('Ctrl Pts',(-0.687413048671375,-1.03978456558069,
0.));
#12043=CARTESIAN_POINT('Ctrl Pts',(-0.687413048671375,-1.03978456558069,
0.003));
#12044=CARTESIAN_POINT('Ctrl Pts',(-0.676391979225657,-1.04302605659414,
0.));
#12045=CARTESIAN_POINT('Ctrl Pts',(-0.676391979225657,-1.04302605659414,
0.003));
#12046=CARTESIAN_POINT('',(-0.753539465345685,-1.02941179433766,0.003));
#12047=CARTESIAN_POINT('Ctrl Pts',(-0.753539465345685,-1.02941179433766,
0.003));
#12048=CARTESIAN_POINT('Ctrl Pts',(-0.733442221062316,-1.02941179433766,
0.003));
#12049=CARTESIAN_POINT('Ctrl Pts',(-0.704334725322015,-1.03597122999745,
0.003));
#12050=CARTESIAN_POINT('Ctrl Pts',(-0.699082416319783,-1.03720796643422,
0.003));
#12051=CARTESIAN_POINT('',(-0.753539465345685,-1.02941179433766,0.));
#12052=CARTESIAN_POINT('',(-0.753539465345685,-1.02941179433766,0.));
#12053=CARTESIAN_POINT('Ctrl Pts',(-0.699082416319783,-1.03720796643422,
0.));
#12054=CARTESIAN_POINT('Ctrl Pts',(-0.704334725322015,-1.03597122999745,
0.));
#12055=CARTESIAN_POINT('Ctrl Pts',(-0.733442221062316,-1.02941179433766,
0.));
#12056=CARTESIAN_POINT('Ctrl Pts',(-0.753539465345685,-1.02941179433766,
0.));
#12057=CARTESIAN_POINT('Origin',(-0.891484593192987,-1.28823017500294,0.003));
#12058=CARTESIAN_POINT('',(-0.662129418766492,-0.906883434029382,0.003));
#12059=CARTESIAN_POINT('',(-0.662129418766492,-0.906883434029382,0.003));
#12060=CARTESIAN_POINT('',(-0.799568637736625,-0.895862364583664,0.003));
#12061=CARTESIAN_POINT('Ctrl Pts',(-0.662129418766492,-0.906883434029382,
0.003));
#12062=CARTESIAN_POINT('Ctrl Pts',(-0.688061346874064,-0.901697048407867,
0.003));
#12063=CARTESIAN_POINT('Ctrl Pts',(-0.758725850967199,-0.895862364583664,
0.003));
#12064=CARTESIAN_POINT('Ctrl Pts',(-0.799568637736625,-0.895862364583664,
0.003));
#12065=CARTESIAN_POINT('',(-1.03360428890747,-1.11628375349803,0.003));
#12066=CARTESIAN_POINT('Ctrl Pts',(-0.799568637736625,-0.895862364583664,
0.003));
#12067=CARTESIAN_POINT('Ctrl Pts',(-0.91755891062608,-0.895862364583664,
0.003));
#12068=CARTESIAN_POINT('Ctrl Pts',(-1.03360428890747,-1.00607305904085,
0.003));
#12069=CARTESIAN_POINT('Ctrl Pts',(-1.03360428890747,-1.11628375349803,
0.003));
#12070=CARTESIAN_POINT('',(-1.03360428890747,-1.13313950676795,0.003));
#12071=CARTESIAN_POINT('',(-1.03360428890747,-1.13313950676795,0.003));
#12072=CARTESIAN_POINT('',(-1.10880688041943,-1.13313950676795,0.003));
#12073=CARTESIAN_POINT('',(-1.10880688041943,-1.13313950676795,0.003));
#12074=CARTESIAN_POINT('',(-1.10880688041943,-1.26409574371119,0.003));
#12075=CARTESIAN_POINT('',(-1.10880688041943,-1.26409574371119,0.003));
#12076=CARTESIAN_POINT('',(-1.03360428890747,-1.26409574371119,0.003));
#12077=CARTESIAN_POINT('',(-1.03360428890747,-1.26409574371119,0.003));
#12078=CARTESIAN_POINT('',(-1.03360428890747,-1.7367051334717,0.003));
#12079=CARTESIAN_POINT('',(-1.03360428890747,-1.7367051334717,0.003));
#12080=CARTESIAN_POINT('',(-0.845597810127566,-1.7367051334717,0.003));
#12081=CARTESIAN_POINT('',(-0.845597810127566,-1.7367051334717,0.003));
#12082=CARTESIAN_POINT('',(-0.845597810127566,-1.26409574371119,0.003));
#12083=CARTESIAN_POINT('',(-0.845597810127566,-1.26409574371119,0.003));
#12084=CARTESIAN_POINT('',(-0.702323907333229,-1.26409574371119,0.003));
#12085=CARTESIAN_POINT('',(-0.702323907333229,-1.26409574371119,0.003));
#12086=CARTESIAN_POINT('',(-0.702323907333229,-1.13313950676795,0.003));
#12087=CARTESIAN_POINT('',(-0.702323907333229,-1.13313950676795,0.003));
#12088=CARTESIAN_POINT('',(-0.852080792154459,-1.13313950676795,0.003));
#12089=CARTESIAN_POINT('',(-0.852080792154459,-1.13313950676795,0.003));
#12090=CARTESIAN_POINT('',(-0.852080792154459,-1.12860141934913,0.003));
#12091=CARTESIAN_POINT('',(-0.852080792154459,-1.12860141934913,0.003));
#12092=CARTESIAN_POINT('Ctrl Pts',(-0.852080792154459,-1.12860141934913,
0.003));
#12093=CARTESIAN_POINT('Ctrl Pts',(-0.852080792154459,-1.07090287930978,
0.003));
#12094=CARTESIAN_POINT('Ctrl Pts',(-0.810589707182344,-1.02941179433766,
0.003));
#12095=CARTESIAN_POINT('Ctrl Pts',(-0.753539465345685,-1.02941179433766,
0.003));
#12096=CARTESIAN_POINT('Ctrl Pts',(-0.852080792154459,-1.12860141934913,
0.));
#12097=CARTESIAN_POINT('Ctrl Pts',(-0.852080792154459,-1.12860141934913,
0.003));
#12098=CARTESIAN_POINT('Ctrl Pts',(-0.852080792154459,-1.07090287930978,
0.));
#12099=CARTESIAN_POINT('Ctrl Pts',(-0.852080792154459,-1.07090287930978,
0.003));
#12100=CARTESIAN_POINT('Ctrl Pts',(-0.810589707182344,-1.02941179433766,
0.));
#12101=CARTESIAN_POINT('Ctrl Pts',(-0.810589707182344,-1.02941179433766,
0.003));
#12102=CARTESIAN_POINT('Ctrl Pts',(-0.753539465345685,-1.02941179433766,
0.));
#12103=CARTESIAN_POINT('Ctrl Pts',(-0.753539465345685,-1.02941179433766,
0.003));
#12104=CARTESIAN_POINT('',(-0.852080792154459,-1.12860141934913,0.));
#12105=CARTESIAN_POINT('Ctrl Pts',(-0.753539465345685,-1.02941179433766,
0.));
#12106=CARTESIAN_POINT('Ctrl Pts',(-0.810589707182344,-1.02941179433766,
0.));
#12107=CARTESIAN_POINT('Ctrl Pts',(-0.852080792154459,-1.07090287930978,
0.));
#12108=CARTESIAN_POINT('Ctrl Pts',(-0.852080792154459,-1.12860141934913,
0.));
#12109=CARTESIAN_POINT('',(-0.852080792154459,-1.12860141934913,0.));
#12110=CARTESIAN_POINT('Origin',(-0.852080792154459,-1.13313950676795,0.));
#12111=CARTESIAN_POINT('',(-0.852080792154459,-1.13313950676795,0.));
#12112=CARTESIAN_POINT('',(-0.852080792154459,-1.12860141934913,0.));
#12113=CARTESIAN_POINT('',(-0.852080792154459,-1.13313950676795,0.));
#12114=CARTESIAN_POINT('Origin',(-0.702323907333229,-1.13313950676795,0.));
#12115=CARTESIAN_POINT('',(-0.702323907333229,-1.13313950676795,0.));
#12116=CARTESIAN_POINT('',(-0.852080792154459,-1.13313950676795,0.));
#12117=CARTESIAN_POINT('',(-0.702323907333229,-1.13313950676795,0.));
#12118=CARTESIAN_POINT('Origin',(-0.702323907333229,-1.26409574371119,0.));
#12119=CARTESIAN_POINT('',(-0.702323907333229,-1.26409574371119,0.));
#12120=CARTESIAN_POINT('',(-0.702323907333229,-1.13313950676795,0.));
#12121=CARTESIAN_POINT('',(-0.702323907333229,-1.26409574371119,0.));
#12122=CARTESIAN_POINT('Origin',(-0.845597810127566,-1.26409574371119,0.));
#12123=CARTESIAN_POINT('',(-0.845597810127566,-1.26409574371119,0.));
#12124=CARTESIAN_POINT('',(-0.702323907333229,-1.26409574371119,0.));
#12125=CARTESIAN_POINT('',(-0.845597810127566,-1.26409574371119,0.));
#12126=CARTESIAN_POINT('Origin',(-0.845597810127566,-1.7367051334717,0.));
#12127=CARTESIAN_POINT('',(-0.845597810127566,-1.7367051334717,0.));
#12128=CARTESIAN_POINT('',(-0.845597810127566,-1.26409574371119,0.));
#12129=CARTESIAN_POINT('',(-0.845597810127566,-1.7367051334717,0.));
#12130=CARTESIAN_POINT('Origin',(-1.03360428890747,-1.7367051334717,0.));
#12131=CARTESIAN_POINT('',(-1.03360428890747,-1.7367051334717,0.));
#12132=CARTESIAN_POINT('',(-0.845597810127566,-1.7367051334717,0.));
#12133=CARTESIAN_POINT('',(-1.03360428890747,-1.7367051334717,0.));
#12134=CARTESIAN_POINT('Origin',(-1.03360428890747,-1.26409574371119,0.));
#12135=CARTESIAN_POINT('',(-1.03360428890747,-1.26409574371119,0.));
#12136=CARTESIAN_POINT('',(-1.03360428890747,-1.7367051334717,0.));
#12137=CARTESIAN_POINT('',(-1.03360428890747,-1.26409574371119,0.));
#12138=CARTESIAN_POINT('Origin',(-1.10880688041943,-1.26409574371119,0.));
#12139=CARTESIAN_POINT('',(-1.10880688041943,-1.26409574371119,0.));
#12140=CARTESIAN_POINT('',(-1.03360428890747,-1.26409574371119,0.));
#12141=CARTESIAN_POINT('',(-1.10880688041943,-1.26409574371119,0.));
#12142=CARTESIAN_POINT('Origin',(-1.10880688041943,-1.13313950676795,0.));
#12143=CARTESIAN_POINT('',(-1.10880688041943,-1.13313950676795,0.));
#12144=CARTESIAN_POINT('',(-1.10880688041943,-1.26409574371119,0.));
#12145=CARTESIAN_POINT('',(-1.10880688041943,-1.13313950676795,0.));
#12146=CARTESIAN_POINT('Origin',(-1.03360428890747,-1.13313950676795,0.));
#12147=CARTESIAN_POINT('',(-1.03360428890747,-1.13313950676795,0.));
#12148=CARTESIAN_POINT('',(-1.10880688041943,-1.13313950676795,0.));
#12149=CARTESIAN_POINT('',(-1.03360428890747,-1.13313950676795,0.));
#12150=CARTESIAN_POINT('Origin',(-1.03360428890747,-1.11628375349803,0.));
#12151=CARTESIAN_POINT('',(-1.03360428890747,-1.11628375349803,0.));
#12152=CARTESIAN_POINT('',(-1.03360428890747,-1.13313950676795,0.));
#12153=CARTESIAN_POINT('',(-1.03360428890747,-1.11628375349803,0.));
#12154=CARTESIAN_POINT('Ctrl Pts',(-0.799568637736625,-0.895862364583664,
0.));
#12155=CARTESIAN_POINT('Ctrl Pts',(-0.799568637736625,-0.895862364583664,
0.003));
#12156=CARTESIAN_POINT('Ctrl Pts',(-0.91755891062608,-0.895862364583664,
0.));
#12157=CARTESIAN_POINT('Ctrl Pts',(-0.91755891062608,-0.895862364583664,
0.003));
#12158=CARTESIAN_POINT('Ctrl Pts',(-1.03360428890747,-1.00607305904085,
0.));
#12159=CARTESIAN_POINT('Ctrl Pts',(-1.03360428890747,-1.00607305904085,
0.003));
#12160=CARTESIAN_POINT('Ctrl Pts',(-1.03360428890747,-1.11628375349803,
0.));
#12161=CARTESIAN_POINT('Ctrl Pts',(-1.03360428890747,-1.11628375349803,
0.003));
#12162=CARTESIAN_POINT('',(-0.799568637736625,-0.895862364583664,0.));
#12163=CARTESIAN_POINT('Ctrl Pts',(-1.03360428890747,-1.11628375349803,
0.));
#12164=CARTESIAN_POINT('Ctrl Pts',(-1.03360428890747,-1.00607305904085,
0.));
#12165=CARTESIAN_POINT('Ctrl Pts',(-0.91755891062608,-0.895862364583664,
0.));
#12166=CARTESIAN_POINT('Ctrl Pts',(-0.799568637736625,-0.895862364583664,
0.));
#12167=CARTESIAN_POINT('',(-0.799568637736625,-0.895862364583664,0.));
#12168=CARTESIAN_POINT('Ctrl Pts',(-0.662129418766492,-0.906883434029382,
0.));
#12169=CARTESIAN_POINT('Ctrl Pts',(-0.662129418766492,-0.906883434029382,
0.003));
#12170=CARTESIAN_POINT('Ctrl Pts',(-0.688061346874064,-0.901697048407867,
0.));
#12171=CARTESIAN_POINT('Ctrl Pts',(-0.688061346874064,-0.901697048407867,
0.003));
#12172=CARTESIAN_POINT('Ctrl Pts',(-0.758725850967199,-0.895862364583664,
0.));
#12173=CARTESIAN_POINT('Ctrl Pts',(-0.758725850967199,-0.895862364583664,
0.003));
#12174=CARTESIAN_POINT('Ctrl Pts',(-0.799568637736625,-0.895862364583664,
0.));
#12175=CARTESIAN_POINT('Ctrl Pts',(-0.799568637736625,-0.895862364583664,
0.003));
#12176=CARTESIAN_POINT('',(-0.662129418766492,-0.906883434029382,0.));
#12177=CARTESIAN_POINT('Ctrl Pts',(-0.799568637736625,-0.895862364583664,
0.));
#12178=CARTESIAN_POINT('Ctrl Pts',(-0.758725850967199,-0.895862364583664,
0.));
#12179=CARTESIAN_POINT('Ctrl Pts',(-0.688061346874064,-0.901697048407867,
0.));
#12180=CARTESIAN_POINT('Ctrl Pts',(-0.662129418766492,-0.906883434029382,
0.));
#12181=CARTESIAN_POINT('',(-0.662129418766492,-0.906883434029382,0.));
#12182=CARTESIAN_POINT('Origin',(-0.662129418766492,-1.04302605659414,0.));
#12183=CARTESIAN_POINT('',(-0.662129418766492,-0.906883434029382,0.));
#12184=CARTESIAN_POINT('Origin',(-0.891484593192987,-1.28823017500294,0.));
#12185=CARTESIAN_POINT('Ctrl Pts',(0.464612857507526,-1.55582993492138,
0.));
#12186=CARTESIAN_POINT('Ctrl Pts',(0.464612857507526,-1.55582993492138,
0.003));
#12187=CARTESIAN_POINT('Ctrl Pts',(0.513883520911913,-1.52471162119229,
0.));
#12188=CARTESIAN_POINT('Ctrl Pts',(0.513883520911913,-1.52471162119229,
0.003));
#12189=CARTESIAN_POINT('Ctrl Pts',(0.565099078924369,-1.4151492249378,0.));
#12190=CARTESIAN_POINT('Ctrl Pts',(0.565099078924369,-1.4151492249378,0.003));
#12191=CARTESIAN_POINT('Ctrl Pts',(0.565099078924369,-1.3360568442097,0.));
#12192=CARTESIAN_POINT('Ctrl Pts',(0.565099078924369,-1.3360568442097,0.003));
#12193=CARTESIAN_POINT('',(0.464612857507526,-1.55582993492138,0.));
#12194=CARTESIAN_POINT('',(0.565099078924369,-1.3360568442097,0.));
#12195=CARTESIAN_POINT('Ctrl Pts',(0.464612857507526,-1.55582993492138,
0.));
#12196=CARTESIAN_POINT('Ctrl Pts',(0.513883520911913,-1.52471162119229,
0.));
#12197=CARTESIAN_POINT('Ctrl Pts',(0.565099078924369,-1.4151492249378,0.));
#12198=CARTESIAN_POINT('Ctrl Pts',(0.565099078924369,-1.3360568442097,0.));
#12199=CARTESIAN_POINT('',(0.464612857507526,-1.55582993492138,0.003));
#12200=CARTESIAN_POINT('',(0.464612857507526,-1.55582993492138,0.));
#12201=CARTESIAN_POINT('',(0.565099078924369,-1.3360568442097,0.003));
#12202=CARTESIAN_POINT('Ctrl Pts',(0.565099078924369,-1.3360568442097,0.003));
#12203=CARTESIAN_POINT('Ctrl Pts',(0.565099078924369,-1.4151492249378,0.003));
#12204=CARTESIAN_POINT('Ctrl Pts',(0.513883520911913,-1.52471162119229,
0.003));
#12205=CARTESIAN_POINT('Ctrl Pts',(0.464612857507526,-1.55582993492138,
0.003));
#12206=CARTESIAN_POINT('',(0.565099078924369,-1.3360568442097,0.));
#12207=CARTESIAN_POINT('Ctrl Pts',(0.262343818268462,-1.58694824865047,
0.));
#12208=CARTESIAN_POINT('Ctrl Pts',(0.262343818268462,-1.58694824865047,
0.003));
#12209=CARTESIAN_POINT('Ctrl Pts',(0.32976683134815,-1.58694824865047,0.));
#12210=CARTESIAN_POINT('Ctrl Pts',(0.32976683134815,-1.58694824865047,0.003));
#12211=CARTESIAN_POINT('Ctrl Pts',(0.422473474332721,-1.58241016123164,
0.));
#12212=CARTESIAN_POINT('Ctrl Pts',(0.422473474332721,-1.58241016123164,
0.003));
#12213=CARTESIAN_POINT('Ctrl Pts',(0.464612857507526,-1.55582993492138,
0.));
#12214=CARTESIAN_POINT('Ctrl Pts',(0.464612857507526,-1.55582993492138,
0.003));
#12215=CARTESIAN_POINT('',(0.262343818268462,-1.58694824865047,0.));
#12216=CARTESIAN_POINT('Ctrl Pts',(0.262343818268462,-1.58694824865047,
0.));
#12217=CARTESIAN_POINT('Ctrl Pts',(0.32976683134815,-1.58694824865047,0.));
#12218=CARTESIAN_POINT('Ctrl Pts',(0.422473474332721,-1.58241016123164,
0.));
#12219=CARTESIAN_POINT('Ctrl Pts',(0.464612857507526,-1.55582993492138,
0.));
#12220=CARTESIAN_POINT('',(0.262343818268462,-1.58694824865047,0.003));
#12221=CARTESIAN_POINT('',(0.262343818268462,-1.58694824865047,0.));
#12222=CARTESIAN_POINT('Ctrl Pts',(0.464612857507526,-1.55582993492138,
0.003));
#12223=CARTESIAN_POINT('Ctrl Pts',(0.422473474332721,-1.58241016123164,
0.003));
#12224=CARTESIAN_POINT('Ctrl Pts',(0.32976683134815,-1.58694824865047,0.003));
#12225=CARTESIAN_POINT('Ctrl Pts',(0.262343818268462,-1.58694824865047,
0.003));
#12226=CARTESIAN_POINT('Origin',(0.258454029052326,-1.58694824865047,0.));
#12227=CARTESIAN_POINT('',(0.258454029052326,-1.58694824865047,0.));
#12228=CARTESIAN_POINT('',(0.292899080803215,-1.58694824865047,0.));
#12229=CARTESIAN_POINT('',(0.258454029052326,-1.58694824865047,0.003));
#12230=CARTESIAN_POINT('',(0.258454029052326,-1.58694824865047,0.));
#12231=CARTESIAN_POINT('',(0.292899080803215,-1.58694824865047,0.003));
#12232=CARTESIAN_POINT('Origin',(0.258454029052326,-1.08581373797163,0.));
#12233=CARTESIAN_POINT('',(0.258454029052326,-1.08581373797163,0.));
#12234=CARTESIAN_POINT('',(0.258454029052326,-1.21110349013152,0.));
#12235=CARTESIAN_POINT('',(0.258454029052326,-1.08581373797163,0.003));
#12236=CARTESIAN_POINT('',(0.258454029052326,-1.08581373797163,0.));
#12237=CARTESIAN_POINT('',(0.258454029052326,-1.21110349013152,0.003));
#12238=CARTESIAN_POINT('Origin',(0.262343818268462,-1.08581373797163,0.));
#12239=CARTESIAN_POINT('',(0.262343818268462,-1.08581373797163,0.));
#12240=CARTESIAN_POINT('',(0.294843975411283,-1.08581373797163,0.));
#12241=CARTESIAN_POINT('',(0.262343818268462,-1.08581373797163,0.003));
#12242=CARTESIAN_POINT('',(0.262343818268462,-1.08581373797163,0.));
#12243=CARTESIAN_POINT('',(0.294843975411283,-1.08581373797163,0.003));
#12244=CARTESIAN_POINT('Ctrl Pts',(0.454888384467186,-1.11239396428189,
0.));
#12245=CARTESIAN_POINT('Ctrl Pts',(0.454888384467186,-1.11239396428189,
0.003));
#12246=CARTESIAN_POINT('Ctrl Pts',(0.41404559769776,-1.09035182539046,0.));
#12247=CARTESIAN_POINT('Ctrl Pts',(0.41404559769776,-1.09035182539046,0.003));
#12248=CARTESIAN_POINT('Ctrl Pts',(0.324580445726635,-1.08581373797163,
0.));
#12249=CARTESIAN_POINT('Ctrl Pts',(0.324580445726635,-1.08581373797163,
0.003));
#12250=CARTESIAN_POINT('Ctrl Pts',(0.262343818268462,-1.08581373797163,
0.));
#12251=CARTESIAN_POINT('Ctrl Pts',(0.262343818268462,-1.08581373797163,
0.003));
#12252=CARTESIAN_POINT('',(0.454888384467186,-1.11239396428189,0.));
#12253=CARTESIAN_POINT('Ctrl Pts',(0.454888384467186,-1.11239396428189,
0.));
#12254=CARTESIAN_POINT('Ctrl Pts',(0.41404559769776,-1.09035182539046,0.));
#12255=CARTESIAN_POINT('Ctrl Pts',(0.324580445726635,-1.08581373797163,
0.));
#12256=CARTESIAN_POINT('Ctrl Pts',(0.262343818268462,-1.08581373797163,
0.));
#12257=CARTESIAN_POINT('',(0.454888384467186,-1.11239396428189,0.003));
#12258=CARTESIAN_POINT('',(0.454888384467186,-1.11239396428189,0.));
#12259=CARTESIAN_POINT('Ctrl Pts',(0.262343818268462,-1.08581373797163,
0.003));
#12260=CARTESIAN_POINT('Ctrl Pts',(0.324580445726635,-1.08581373797163,
0.003));
#12261=CARTESIAN_POINT('Ctrl Pts',(0.41404559769776,-1.09035182539046,0.003));
#12262=CARTESIAN_POINT('Ctrl Pts',(0.454888384467186,-1.11239396428189,
0.003));
#12263=CARTESIAN_POINT('Ctrl Pts',(0.565099078924369,-1.3360568442097,0.));
#12264=CARTESIAN_POINT('Ctrl Pts',(0.565099078924369,-1.3360568442097,0.003));
#12265=CARTESIAN_POINT('Ctrl Pts',(0.565099078924369,-1.25696446348161,
0.));
#12266=CARTESIAN_POINT('Ctrl Pts',(0.565099078924369,-1.25696446348161,
0.003));
#12267=CARTESIAN_POINT('Ctrl Pts',(0.510642029898467,-1.14416057621367,
0.));
#12268=CARTESIAN_POINT('Ctrl Pts',(0.510642029898467,-1.14416057621367,
0.003));
#12269=CARTESIAN_POINT('Ctrl Pts',(0.454888384467186,-1.11239396428189,
0.));
#12270=CARTESIAN_POINT('Ctrl Pts',(0.454888384467186,-1.11239396428189,
0.003));
#12271=CARTESIAN_POINT('Ctrl Pts',(0.565099078924369,-1.3360568442097,0.));
#12272=CARTESIAN_POINT('Ctrl Pts',(0.565099078924369,-1.25696446348161,
0.));
#12273=CARTESIAN_POINT('Ctrl Pts',(0.510642029898467,-1.14416057621367,
0.));
#12274=CARTESIAN_POINT('Ctrl Pts',(0.454888384467186,-1.11239396428189,
0.));
#12275=CARTESIAN_POINT('Ctrl Pts',(0.454888384467186,-1.11239396428189,
0.003));
#12276=CARTESIAN_POINT('Ctrl Pts',(0.510642029898467,-1.14416057621367,
0.003));
#12277=CARTESIAN_POINT('Ctrl Pts',(0.565099078924369,-1.25696446348161,
0.003));
#12278=CARTESIAN_POINT('Ctrl Pts',(0.565099078924369,-1.3360568442097,0.003));
#12279=CARTESIAN_POINT('Ctrl Pts',(0.307724692456713,-1.7367051334717,0.));
#12280=CARTESIAN_POINT('Ctrl Pts',(0.307724692456713,-1.7367051334717,0.003));
#12281=CARTESIAN_POINT('Ctrl Pts',(0.390058564198255,-1.7367051334717,0.));
#12282=CARTESIAN_POINT('Ctrl Pts',(0.390058564198255,-1.7367051334717,0.003));
#12283=CARTESIAN_POINT('Ctrl Pts',(0.536573958006039,-1.71336639817488,
0.));
#12284=CARTESIAN_POINT('Ctrl Pts',(0.536573958006039,-1.71336639817488,
0.003));
#12285=CARTESIAN_POINT('Ctrl Pts',(0.598810585464213,-1.67317190960814,
0.));
#12286=CARTESIAN_POINT('Ctrl Pts',(0.598810585464213,-1.67317190960814,
0.003));
#12287=CARTESIAN_POINT('',(0.598810585464213,-1.67317190960814,0.));
#12288=CARTESIAN_POINT('',(0.307724692456713,-1.7367051334717,0.));
#12289=CARTESIAN_POINT('Ctrl Pts',(0.598810585464213,-1.67317190960814,
0.));
#12290=CARTESIAN_POINT('Ctrl Pts',(0.536573958006039,-1.71336639817488,
0.));
#12291=CARTESIAN_POINT('Ctrl Pts',(0.390058564198255,-1.7367051334717,0.));
#12292=CARTESIAN_POINT('Ctrl Pts',(0.307724692456713,-1.7367051334717,0.));
#12293=CARTESIAN_POINT('',(0.598810585464213,-1.67317190960814,0.003));
#12294=CARTESIAN_POINT('',(0.598810585464213,-1.67317190960814,0.));
#12295=CARTESIAN_POINT('',(0.307724692456713,-1.7367051334717,0.003));
#12296=CARTESIAN_POINT('Ctrl Pts',(0.307724692456713,-1.7367051334717,0.003));
#12297=CARTESIAN_POINT('Ctrl Pts',(0.390058564198255,-1.7367051334717,0.003));
#12298=CARTESIAN_POINT('Ctrl Pts',(0.536573958006039,-1.71336639817488,
0.003));
#12299=CARTESIAN_POINT('Ctrl Pts',(0.598810585464213,-1.67317190960814,
0.003));
#12300=CARTESIAN_POINT('',(0.307724692456713,-1.7367051334717,0.));
#12301=CARTESIAN_POINT('Origin',(0.0574815862186403,-1.7367051334717,0.));
#12302=CARTESIAN_POINT('',(0.0574815862186403,-1.7367051334717,0.));
#12303=CARTESIAN_POINT('',(0.307724692456713,-1.7367051334717,0.));
#12304=CARTESIAN_POINT('',(0.0574815862186402,-1.7367051334717,0.003));
#12305=CARTESIAN_POINT('',(0.307724692456713,-1.7367051334717,0.003));
#12306=CARTESIAN_POINT('',(0.0574815862186403,-1.7367051334717,0.));
#12307=CARTESIAN_POINT('Origin',(0.0574815862186403,-0.93670515135309,0.));
#12308=CARTESIAN_POINT('',(0.0574815862186403,-0.93670515135309,0.));
#12309=CARTESIAN_POINT('',(0.0574815862186403,-1.7367051334717,0.));
#12310=CARTESIAN_POINT('',(0.0574815862186404,-0.93670515135309,0.003));
#12311=CARTESIAN_POINT('',(0.0574815862186403,-1.7367051334717,0.003));
#12312=CARTESIAN_POINT('',(0.0574815862186403,-0.93670515135309,0.));
#12313=CARTESIAN_POINT('Origin',(0.305131499645956,-0.93670515135309,0.));
#12314=CARTESIAN_POINT('',(0.305131499645956,-0.93670515135309,0.));
#12315=CARTESIAN_POINT('',(0.0574815862186403,-0.93670515135309,0.));
#12316=CARTESIAN_POINT('',(0.305131499645956,-0.93670515135309,0.003));
#12317=CARTESIAN_POINT('',(0.0574815862186403,-0.93670515135309,0.003));
#12318=CARTESIAN_POINT('',(0.305131499645956,-0.93670515135309,0.));
#12319=CARTESIAN_POINT('Ctrl Pts',(0.60140377827497,-0.999590077013953,
0.));
#12320=CARTESIAN_POINT('Ctrl Pts',(0.60140377827497,-0.999590077013953,
0.003));
#12321=CARTESIAN_POINT('Ctrl Pts',(0.536573958006039,-0.958098992041837,
0.));
#12322=CARTESIAN_POINT('Ctrl Pts',(0.536573958006039,-0.958098992041837,
0.003));
#12323=CARTESIAN_POINT('Ctrl Pts',(0.389410265995566,-0.93670515135309,
0.));
#12324=CARTESIAN_POINT('Ctrl Pts',(0.389410265995566,-0.93670515135309,
0.003));
#12325=CARTESIAN_POINT('Ctrl Pts',(0.305131499645956,-0.93670515135309,
0.));
#12326=CARTESIAN_POINT('Ctrl Pts',(0.305131499645956,-0.93670515135309,
0.003));
#12327=CARTESIAN_POINT('',(0.60140377827497,-0.999590077013953,0.));
#12328=CARTESIAN_POINT('Ctrl Pts',(0.305131499645956,-0.93670515135309,
0.));
#12329=CARTESIAN_POINT('Ctrl Pts',(0.389410265995566,-0.93670515135309,
0.));
#12330=CARTESIAN_POINT('Ctrl Pts',(0.536573958006039,-0.958098992041837,
0.));
#12331=CARTESIAN_POINT('Ctrl Pts',(0.60140377827497,-0.999590077013953,
0.));
#12332=CARTESIAN_POINT('',(0.60140377827497,-0.999590077013953,0.003));
#12333=CARTESIAN_POINT('Ctrl Pts',(0.60140377827497,-0.999590077013953,
0.003));
#12334=CARTESIAN_POINT('Ctrl Pts',(0.536573958006039,-0.958098992041837,
0.003));
#12335=CARTESIAN_POINT('Ctrl Pts',(0.389410265995566,-0.93670515135309,
0.003));
#12336=CARTESIAN_POINT('Ctrl Pts',(0.305131499645956,-0.93670515135309,
0.003));
#12337=CARTESIAN_POINT('',(0.60140377827497,-0.999590077013953,0.));
#12338=CARTESIAN_POINT('Ctrl Pts',(0.771257907379569,-1.33735344061508,
0.));
#12339=CARTESIAN_POINT('Ctrl Pts',(0.771257907379569,-1.33735344061508,
0.003));
#12340=CARTESIAN_POINT('Ctrl Pts',(0.771257907379569,-1.2213080623337,0.));
#12341=CARTESIAN_POINT('Ctrl Pts',(0.771257907379569,-1.2213080623337,0.003));
#12342=CARTESIAN_POINT('Ctrl Pts',(0.679847860800376,-1.05015733682372,
0.));
#12343=CARTESIAN_POINT('Ctrl Pts',(0.679847860800376,-1.05015733682372,
0.003));
#12344=CARTESIAN_POINT('Ctrl Pts',(0.60140377827497,-0.999590077013953,
0.));
#12345=CARTESIAN_POINT('Ctrl Pts',(0.60140377827497,-0.999590077013953,
0.003));
#12346=CARTESIAN_POINT('',(0.771257907379569,-1.33735344061508,0.));
#12347=CARTESIAN_POINT('Ctrl Pts',(0.60140377827497,-0.999590077013953,
0.));
#12348=CARTESIAN_POINT('Ctrl Pts',(0.679847860800376,-1.05015733682372,
0.));
#12349=CARTESIAN_POINT('Ctrl Pts',(0.771257907379569,-1.2213080623337,0.));
#12350=CARTESIAN_POINT('Ctrl Pts',(0.771257907379569,-1.33735344061508,
0.));
#12351=CARTESIAN_POINT('',(0.771257907379569,-1.33735344061508,0.003));
#12352=CARTESIAN_POINT('Ctrl Pts',(0.771257907379569,-1.33735344061508,
0.003));
#12353=CARTESIAN_POINT('Ctrl Pts',(0.771257907379569,-1.2213080623337,0.003));
#12354=CARTESIAN_POINT('Ctrl Pts',(0.679847860800376,-1.05015733682372,
0.003));
#12355=CARTESIAN_POINT('Ctrl Pts',(0.60140377827497,-0.999590077013953,
0.003));
#12356=CARTESIAN_POINT('',(0.771257907379569,-1.33735344061508,0.));
#12357=CARTESIAN_POINT('Ctrl Pts',(0.598810585464213,-1.67317190960814,
0.));
#12358=CARTESIAN_POINT('Ctrl Pts',(0.598810585464213,-1.67317190960814,
0.003));
#12359=CARTESIAN_POINT('Ctrl Pts',(0.673364878773483,-1.62584614081182,
0.));
#12360=CARTESIAN_POINT('Ctrl Pts',(0.673364878773483,-1.62584614081182,
0.003));
#12361=CARTESIAN_POINT('Ctrl Pts',(0.771257907379569,-1.44950902968033,
0.));
#12362=CARTESIAN_POINT('Ctrl Pts',(0.771257907379569,-1.44950902968033,
0.003));
#12363=CARTESIAN_POINT('Ctrl Pts',(0.771257907379569,-1.33735344061508,
0.));
#12364=CARTESIAN_POINT('Ctrl Pts',(0.771257907379569,-1.33735344061508,
0.003));
#12365=CARTESIAN_POINT('Ctrl Pts',(0.771257907379569,-1.33735344061508,
0.));
#12366=CARTESIAN_POINT('Ctrl Pts',(0.771257907379569,-1.44950902968033,
0.));
#12367=CARTESIAN_POINT('Ctrl Pts',(0.673364878773483,-1.62584614081182,
0.));
#12368=CARTESIAN_POINT('Ctrl Pts',(0.598810585464213,-1.67317190960814,
0.));
#12369=CARTESIAN_POINT('Ctrl Pts',(0.598810585464213,-1.67317190960814,
0.003));
#12370=CARTESIAN_POINT('Ctrl Pts',(0.673364878773483,-1.62584614081182,
0.003));
#12371=CARTESIAN_POINT('Ctrl Pts',(0.771257907379569,-1.44950902968033,
0.003));
#12372=CARTESIAN_POINT('Ctrl Pts',(0.771257907379569,-1.33735344061508,
0.003));
#12373=CARTESIAN_POINT('Origin',(0.327344132554105,-1.3363932422914,0.));
#12374=CARTESIAN_POINT('Origin',(0.327344132554105,-1.3363932422914,0.003));
#12375=CARTESIAN_POINT('Origin',(0.858129866539936,-1.5973210198935,0.));
#12376=CARTESIAN_POINT('',(0.858129866539936,-1.7367051334717,0.));
#12377=CARTESIAN_POINT('',(0.858129866539936,-1.5973210198935,0.));
#12378=CARTESIAN_POINT('',(0.858129866539936,-1.7367051334717,0.));
#12379=CARTESIAN_POINT('',(0.858129866539936,-1.7367051334717,0.003));
#12380=CARTESIAN_POINT('',(0.858129866539936,-1.7367051334717,0.));
#12381=CARTESIAN_POINT('',(0.858129866539936,-1.5973210198935,0.003));
#12382=CARTESIAN_POINT('',(0.858129866539936,-1.7367051334717,0.003));
#12383=CARTESIAN_POINT('',(0.858129866539936,-1.5973210198935,0.));
#12384=CARTESIAN_POINT('Origin',(0.972878648415944,-1.5973210198935,0.));
#12385=CARTESIAN_POINT('',(0.972878648415944,-1.5973210198935,0.));
#12386=CARTESIAN_POINT('',(0.858129866539936,-1.5973210198935,0.));
#12387=CARTESIAN_POINT('',(0.972878648415944,-1.5973210198935,0.003));
#12388=CARTESIAN_POINT('',(0.858129866539936,-1.5973210198935,0.003));
#12389=CARTESIAN_POINT('',(0.972878648415944,-1.5973210198935,0.));
#12390=CARTESIAN_POINT('Origin',(0.972878648415944,-1.07608926493129,0.));
#12391=CARTESIAN_POINT('',(0.972878648415944,-1.07608926493129,0.));
#12392=CARTESIAN_POINT('',(0.972878648415944,-1.5973210198935,0.));
#12393=CARTESIAN_POINT('',(0.972878648415944,-1.07608926493129,0.003));
#12394=CARTESIAN_POINT('',(0.972878648415944,-1.5973210198935,0.003));
#12395=CARTESIAN_POINT('',(0.972878648415944,-1.07608926493129,0.));
#12396=CARTESIAN_POINT('Origin',(0.858129866539936,-1.07608926493129,0.));
#12397=CARTESIAN_POINT('',(0.858129866539936,-1.07608926493129,0.));
#12398=CARTESIAN_POINT('',(0.972878648415944,-1.07608926493129,0.));
#12399=CARTESIAN_POINT('',(0.858129866539936,-1.07608926493129,0.003));
#12400=CARTESIAN_POINT('',(0.972878648415944,-1.07608926493129,0.003));
#12401=CARTESIAN_POINT('',(0.858129866539936,-1.07608926493129,0.));
#12402=CARTESIAN_POINT('Origin',(0.858129866539936,-0.93670515135309,0.));
#12403=CARTESIAN_POINT('',(0.858129866539936,-0.93670515135309,0.));
#12404=CARTESIAN_POINT('',(0.858129866539936,-1.07608926493129,0.));
#12405=CARTESIAN_POINT('',(0.858129866539936,-0.93670515135309,0.003));
#12406=CARTESIAN_POINT('',(0.858129866539936,-1.07608926493129,0.003));
#12407=CARTESIAN_POINT('',(0.858129866539936,-0.93670515135309,0.));
#12408=CARTESIAN_POINT('Origin',(1.28859987312564,-0.93670515135309,0.));
#12409=CARTESIAN_POINT('',(1.28859987312564,-0.93670515135309,0.));
#12410=CARTESIAN_POINT('',(0.858129866539936,-0.93670515135309,0.));
#12411=CARTESIAN_POINT('',(1.28859987312564,-0.93670515135309,0.003));
#12412=CARTESIAN_POINT('',(0.858129866539936,-0.93670515135309,0.003));
#12413=CARTESIAN_POINT('',(1.28859987312564,-0.93670515135309,0.));
#12414=CARTESIAN_POINT('Origin',(1.28859987312564,-1.07608926493129,0.));
#12415=CARTESIAN_POINT('',(1.28859987312564,-1.07608926493129,0.));
#12416=CARTESIAN_POINT('',(1.28859987312564,-0.93670515135309,0.));
#12417=CARTESIAN_POINT('',(1.28859987312564,-1.07608926493129,0.003));
#12418=CARTESIAN_POINT('',(1.28859987312564,-0.93670515135309,0.003));
#12419=CARTESIAN_POINT('',(1.28859987312564,-1.07608926493129,0.));
#12420=CARTESIAN_POINT('Origin',(1.17385109124963,-1.07608926493129,0.));
#12421=CARTESIAN_POINT('',(1.17385109124963,-1.07608926493129,0.));
#12422=CARTESIAN_POINT('',(1.28859987312564,-1.07608926493129,0.));
#12423=CARTESIAN_POINT('',(1.17385109124963,-1.07608926493129,0.003));
#12424=CARTESIAN_POINT('',(1.28859987312564,-1.07608926493129,0.003));
#12425=CARTESIAN_POINT('',(1.17385109124963,-1.07608926493129,0.));
#12426=CARTESIAN_POINT('Origin',(1.17385109124963,-1.5973210198935,0.));
#12427=CARTESIAN_POINT('',(1.17385109124963,-1.5973210198935,0.));
#12428=CARTESIAN_POINT('',(1.17385109124963,-1.07608926493129,0.));
#12429=CARTESIAN_POINT('',(1.17385109124963,-1.5973210198935,0.003));
#12430=CARTESIAN_POINT('',(1.17385109124963,-1.07608926493129,0.003));
#12431=CARTESIAN_POINT('',(1.17385109124963,-1.5973210198935,0.));
#12432=CARTESIAN_POINT('Origin',(1.28859987312564,-1.5973210198935,0.));
#12433=CARTESIAN_POINT('',(1.28859987312564,-1.5973210198935,0.));
#12434=CARTESIAN_POINT('',(1.17385109124963,-1.5973210198935,0.));
#12435=CARTESIAN_POINT('',(1.28859987312564,-1.5973210198935,0.003));
#12436=CARTESIAN_POINT('',(1.17385109124963,-1.5973210198935,0.003));
#12437=CARTESIAN_POINT('',(1.28859987312564,-1.5973210198935,0.));
#12438=CARTESIAN_POINT('Origin',(1.28859987312564,-1.7367051334717,0.));
#12439=CARTESIAN_POINT('',(1.28859987312564,-1.7367051334717,0.));
#12440=CARTESIAN_POINT('',(1.28859987312564,-1.5973210198935,0.));
#12441=CARTESIAN_POINT('',(1.28859987312564,-1.7367051334717,0.003));
#12442=CARTESIAN_POINT('',(1.28859987312564,-1.5973210198935,0.003));
#12443=CARTESIAN_POINT('',(1.28859987312564,-1.7367051334717,0.));
#12444=CARTESIAN_POINT('Origin',(0.858129866539936,-1.7367051334717,0.));
#12445=CARTESIAN_POINT('',(1.28859987312564,-1.7367051334717,0.));
#12446=CARTESIAN_POINT('',(1.28859987312564,-1.7367051334717,0.003));
#12447=CARTESIAN_POINT('Origin',(1.07336486983279,-1.33670514241239,0.));
#12448=CARTESIAN_POINT('Origin',(1.07336486983279,-1.33670514241239,0.003));
#12449=CARTESIAN_POINT('',(0.,0.,0.02));
#12450=CARTESIAN_POINT('',(0.,0.,0.));
#12451=CARTESIAN_POINT('',(-3.54346900815209,3.51203597377808,0.901));
#12452=CARTESIAN_POINT('',(2.23837740225935,-1.75195099295173,0.9));
#12453=UNCERTAINTY_MEASURE_WITH_UNIT(LENGTH_MEASURE(0.01),#12465,
'DISTANCE_ACCURACY_VALUE',
'Maximum model space distance between geometric entities at asserted c
onnectivities');
#12454=UNCERTAINTY_MEASURE_WITH_UNIT(LENGTH_MEASURE(0.01),#12465,
'DISTANCE_ACCURACY_VALUE',
'Maximum model space distance between geometric entities at asserted c
onnectivities');
#12455=UNCERTAINTY_MEASURE_WITH_UNIT(LENGTH_MEASURE(0.01),#12465,
'DISTANCE_ACCURACY_VALUE',
'Maximum model space distance between geometric entities at asserted c
onnectivities');
#12456=UNCERTAINTY_MEASURE_WITH_UNIT(LENGTH_MEASURE(0.01),#12465,
'DISTANCE_ACCURACY_VALUE',
'Maximum model space distance between geometric entities at asserted c
onnectivities');
#12457=UNCERTAINTY_MEASURE_WITH_UNIT(LENGTH_MEASURE(0.01),#12465,
'DISTANCE_ACCURACY_VALUE',
'Maximum model space distance between geometric entities at asserted c
onnectivities');
#12458=UNCERTAINTY_MEASURE_WITH_UNIT(LENGTH_MEASURE(0.01),#12465,
'DISTANCE_ACCURACY_VALUE',
'Maximum model space distance between geometric entities at asserted c
onnectivities');
#12459=(
GEOMETRIC_REPRESENTATION_CONTEXT(3)
GLOBAL_UNCERTAINTY_ASSIGNED_CONTEXT((#12453))
GLOBAL_UNIT_ASSIGNED_CONTEXT((#12465,#12467,#12468))
REPRESENTATION_CONTEXT('','3D')
);
#12460=(
GEOMETRIC_REPRESENTATION_CONTEXT(3)
GLOBAL_UNCERTAINTY_ASSIGNED_CONTEXT((#12454))
GLOBAL_UNIT_ASSIGNED_CONTEXT((#12465,#12467,#12468))
REPRESENTATION_CONTEXT('','3D')
);
#12461=(
GEOMETRIC_REPRESENTATION_CONTEXT(3)
GLOBAL_UNCERTAINTY_ASSIGNED_CONTEXT((#12455))
GLOBAL_UNIT_ASSIGNED_CONTEXT((#12465,#12467,#12468))
REPRESENTATION_CONTEXT('','3D')
);
#12462=(
GEOMETRIC_REPRESENTATION_CONTEXT(3)
GLOBAL_UNCERTAINTY_ASSIGNED_CONTEXT((#12456))
GLOBAL_UNIT_ASSIGNED_CONTEXT((#12465,#12467,#12468))
REPRESENTATION_CONTEXT('','3D')
);
#12463=(
GEOMETRIC_REPRESENTATION_CONTEXT(3)
GLOBAL_UNCERTAINTY_ASSIGNED_CONTEXT((#12457))
GLOBAL_UNIT_ASSIGNED_CONTEXT((#12465,#12467,#12468))
REPRESENTATION_CONTEXT('','3D')
);
#12464=(
GEOMETRIC_REPRESENTATION_CONTEXT(3)
GLOBAL_UNCERTAINTY_ASSIGNED_CONTEXT((#12458))
GLOBAL_UNIT_ASSIGNED_CONTEXT((#12465,#12467,#12468))
REPRESENTATION_CONTEXT('','3D')
);
#12465=(
LENGTH_UNIT()
NAMED_UNIT(*)
SI_UNIT(.MILLI.,.METRE.)
);
#12466=(
LENGTH_UNIT()
NAMED_UNIT(*)
SI_UNIT(.CENTI.,.METRE.)
);
#12467=(
NAMED_UNIT(*)
PLANE_ANGLE_UNIT()
SI_UNIT($,.RADIAN.)
);
#12468=(
NAMED_UNIT(*)
SI_UNIT($,.STERADIAN.)
SOLID_ANGLE_UNIT()
);
#12469=SHAPE_DEFINITION_REPRESENTATION(#12474,#12483);
#12470=SHAPE_DEFINITION_REPRESENTATION(#12475,#12484);
#12471=SHAPE_DEFINITION_REPRESENTATION(#12476,#12485);
#12472=SHAPE_DEFINITION_REPRESENTATION(#12477,#12486);
#12473=SHAPE_DEFINITION_REPRESENTATION(#12478,#12487);
#12474=PRODUCT_DEFINITION_SHAPE('',$,#12489);
#12475=PRODUCT_DEFINITION_SHAPE('',$,#12490);
#12476=PRODUCT_DEFINITION_SHAPE('',$,#12491);
#12477=PRODUCT_DEFINITION_SHAPE('',$,#12492);
#12478=PRODUCT_DEFINITION_SHAPE('',$,#12493);
#12479=PRODUCT_DEFINITION_SHAPE($,$,#23);
#12480=PRODUCT_DEFINITION_SHAPE($,$,#24);
#12481=PRODUCT_DEFINITION_SHAPE($,$,#25);
#12482=PRODUCT_DEFINITION_SHAPE($,$,#26);
#12483=SHAPE_REPRESENTATION('',(#7565,#8172,#8173,#8174,#8175),#12459);
#12484=SHAPE_REPRESENTATION('',(#7566),#12460);
#12485=SHAPE_REPRESENTATION('',(#7601),#12461);
#12486=SHAPE_REPRESENTATION('',(#8121),#12462);
#12487=SHAPE_REPRESENTATION('',(#8127),#12463);
#12488=PRODUCT_DEFINITION_CONTEXT('part definition',#12505,'design');
#12489=PRODUCT_DEFINITION('1','1',#12494,#12488);
#12490=PRODUCT_DEFINITION('1_1','1',#12495,#12488);
#12491=PRODUCT_DEFINITION('2','2',#12496,#12488);
#12492=PRODUCT_DEFINITION('circle','circle',#12497,#12488);
#12493=PRODUCT_DEFINITION('FTDI','FTDI',#12498,#12488);
#12494=PRODUCT_DEFINITION_FORMATION('',$,#12507);
#12495=PRODUCT_DEFINITION_FORMATION('',$,#12508);
#12496=PRODUCT_DEFINITION_FORMATION('',$,#12509);
#12497=PRODUCT_DEFINITION_FORMATION('',$,#12510);
#12498=PRODUCT_DEFINITION_FORMATION('',$,#12511);
#12499=PRODUCT_RELATED_PRODUCT_CATEGORY('1','1',(#12507));
#12500=PRODUCT_RELATED_PRODUCT_CATEGORY('1','1',(#12508));
#12501=PRODUCT_RELATED_PRODUCT_CATEGORY('2','2',(#12509));
#12502=PRODUCT_RELATED_PRODUCT_CATEGORY('circle','circle',(#12510));
#12503=PRODUCT_RELATED_PRODUCT_CATEGORY('FTDI','FTDI',(#12511));
#12504=APPLICATION_PROTOCOL_DEFINITION('international standard',
'automotive_design',2009,#12505);
#12505=APPLICATION_CONTEXT(
'Core Data for Automotive Mechanical Design Process');
#12506=PRODUCT_CONTEXT('part definition',#12505,'mechanical');
#12507=PRODUCT('1','1',$,(#12506));
#12508=PRODUCT('1_1','1',$,(#12506));
#12509=PRODUCT('2','2',$,(#12506));
#12510=PRODUCT('circle','circle',$,(#12506));
#12511=PRODUCT('FTDI','FTDI',$,(#12506));
ENDSEC;
END-ISO-10303-21;
