ISO-10303-21;
HEADER;
/* Generated by software containing ST-Developer
 * from STEP Tools, Inc. (www.steptools.com) 
 */

FILE_DESCRIPTION(
/* description */ (''),
/* implementation_level */ '2;1');

FILE_NAME(
/* name */ 
'C:\\Users\\Julio Mora\\Desktop\\JulioM_Upverter parts\\Microchip ATA6
570-GCQW1\\14-VDFN (4.5x3).stp',
/* time_stamp */ '2021-02-16T19:34:10-04:00',
/* author */ ('Julio Mora'),
/* organization */ (''),
/* preprocessor_version */ 'ST-DEVELOPER v18.1',
/* originating_system */ 'Autodesk Inventor 2021',
/* authorisation */ '');

FILE_SCHEMA (('AUTOMOTIVE_DESIGN { 1 0 10303 214 3 1 1 }'));
ENDSEC;

DATA;
#10=MECHANICAL_DESIGN_GEOMETRIC_PRESENTATION_REPRESENTATION('',(#5472,#5473,
#5474,#5475,#5476,#5477,#5478,#5479,#5480,#5481,#5482,#5483,#5484,#5485,
#5486,#5487,#5488,#5489,#5490,#5491,#5492,#5493,#5494,#5495,#5496,#5497,
#5498,#5499,#5500,#5501,#5502,#5503,#5504,#5505,#5506,#5507,#5508,#5509,
#5510,#5511,#5512,#5513,#5514,#5515,#5516,#5517,#5518,#5519,#5520,#5521,
#5522,#5523,#5524,#5525,#5526,#5527,#5528,#5529,#5530,#5531,#5532,#5533,
#5534,#5535,#5536,#5537,#5538,#5539,#5540,#5541,#5542,#5543,#5544,#5545,
#5546,#5547,#5548,#5549,#5550,#5551,#5552,#5553,#5554,#5555,#5556,#5557,
#5558,#5559,#5560,#5561,#5562,#5563,#5564,#5565,#5566,#5567,#5568,#5569,
#5570,#5571,#5572,#5573,#5574,#5575,#5576,#5577,#5578,#5579,#5580,#5581,
#5582,#5583,#5584,#5585,#5586,#5587,#5588,#5589,#5590,#5591,#5592,#5593,
#5594,#5595,#5596,#5597,#5598,#5599,#5600,#5601,#5602,#5603,#5604,#5605,
#5606,#5607,#5608,#5609,#5610,#5611,#5612,#5613,#5614,#5615,#5616,#5617,
#5618,#5619,#5620,#5621,#5622,#5623,#5624,#5625,#5626,#5627,#5628,#5629,
#5630,#5631,#5632,#5633,#5634,#5635,#5636,#5637,#5638,#5639,#5640,#5641,
#5642,#5643,#5644,#5645,#5646,#5647,#5648,#5649,#5650,#5651,#5652,#5653,
#5654,#5655,#5656,#5657,#5658,#5659,#5660,#5661,#5662,#5663,#5664,#5665,
#5666,#5667,#5668,#5669,#5670,#5671,#5672,#5673,#5674,#5675,#5676,#5677,
#5678,#5679,#5680,#5681,#5682,#5683,#5684,#5685,#5686,#5687,#5688,#5689,
#5690,#5691,#5692,#5693),#10274);
#11=ITEM_DEFINED_TRANSFORMATION($,$,#6192,#6567);
#12=ITEM_DEFINED_TRANSFORMATION($,$,#6265,#6568);
#13=ITEM_DEFINED_TRANSFORMATION($,$,#6441,#6569);
#14=ITEM_DEFINED_TRANSFORMATION($,$,#6449,#6570);
#15=ITEM_DEFINED_TRANSFORMATION($,$,#6465,#6571);
#16=(
REPRESENTATION_RELATIONSHIP($,$,#10300,#10299)
REPRESENTATION_RELATIONSHIP_WITH_TRANSFORMATION(#11)
SHAPE_REPRESENTATION_RELATIONSHIP()
);
#17=(
REPRESENTATION_RELATIONSHIP($,$,#10301,#10299)
REPRESENTATION_RELATIONSHIP_WITH_TRANSFORMATION(#12)
SHAPE_REPRESENTATION_RELATIONSHIP()
);
#18=(
REPRESENTATION_RELATIONSHIP($,$,#10302,#10299)
REPRESENTATION_RELATIONSHIP_WITH_TRANSFORMATION(#13)
SHAPE_REPRESENTATION_RELATIONSHIP()
);
#19=(
REPRESENTATION_RELATIONSHIP($,$,#10303,#10299)
REPRESENTATION_RELATIONSHIP_WITH_TRANSFORMATION(#14)
SHAPE_REPRESENTATION_RELATIONSHIP()
);
#20=(
REPRESENTATION_RELATIONSHIP($,$,#10304,#10299)
REPRESENTATION_RELATIONSHIP_WITH_TRANSFORMATION(#15)
SHAPE_REPRESENTATION_RELATIONSHIP()
);
#21=CONTEXT_DEPENDENT_SHAPE_REPRESENTATION(#16,#10294);
#22=CONTEXT_DEPENDENT_SHAPE_REPRESENTATION(#17,#10295);
#23=CONTEXT_DEPENDENT_SHAPE_REPRESENTATION(#18,#10296);
#24=CONTEXT_DEPENDENT_SHAPE_REPRESENTATION(#19,#10297);
#25=CONTEXT_DEPENDENT_SHAPE_REPRESENTATION(#20,#10298);
#26=NEXT_ASSEMBLY_USAGE_OCCURRENCE('Body:1','Body:1','Body:1',#10306,#10307,
'Body:1');
#27=NEXT_ASSEMBLY_USAGE_OCCURRENCE('Pads:1','Pads:1','Pads:1',#10306,#10308,
'Pads:1');
#28=NEXT_ASSEMBLY_USAGE_OCCURRENCE('Pin 1:1','Pin 1:1','Pin 1:1',#10306,
#10309,'Pin 1:1');
#29=NEXT_ASSEMBLY_USAGE_OCCURRENCE('M logo:1','M logo:1','M logo:1',#10306,
#10310,'M logo:1');
#30=NEXT_ASSEMBLY_USAGE_OCCURRENCE('Microchip:1','Microchip:1',
'Microchip:1',#10306,#10311,'Microchip:1');
#31=(
BOUNDED_SURFACE()
B_SPLINE_SURFACE(1,2,((#8931,#8932,#8933),(#8934,#8935,#8936)),
 .UNSPECIFIED.,.F.,.F.,.F.)
B_SPLINE_SURFACE_WITH_KNOTS((2,2),(3,3),(-1.34065257293511E-14,0.00142230914764915),
(-0.497464629422855,0.193276269687309),.UNSPECIFIED.)
GEOMETRIC_REPRESENTATION_ITEM()
RATIONAL_B_SPLINE_SURFACE(((1.,0.940950103227519,1.),(1.,0.940950103227519,
1.)))
REPRESENTATION_ITEM('')
SURFACE()
);
#32=(
BOUNDED_SURFACE()
B_SPLINE_SURFACE(1,2,((#8942,#8943,#8944),(#8945,#8946,#8947)),
 .UNSPECIFIED.,.F.,.F.,.F.)
B_SPLINE_SURFACE_WITH_KNOTS((2,2),(3,3),(0.,0.00140775032215975),(-0.135227136042641,
0.573835848244383),.UNSPECIFIED.)
GEOMETRIC_REPRESENTATION_ITEM()
RATIONAL_B_SPLINE_SURFACE(((1.,0.937809234723826,1.),(1.,0.937809234723826,
1.)))
REPRESENTATION_ITEM('')
SURFACE()
);
#33=(
BOUNDED_SURFACE()
B_SPLINE_SURFACE(1,2,((#9338,#9339,#9340),(#9341,#9342,#9343)),
 .UNSPECIFIED.,.F.,.F.,.F.)
B_SPLINE_SURFACE_WITH_KNOTS((2,2),(3,3),(0.,0.0146710109898184),(1.5966937525949,
3.08676078836214),.UNSPECIFIED.)
GEOMETRIC_REPRESENTATION_ITEM()
RATIONAL_B_SPLINE_SURFACE(((1.,0.735065177788189,1.),(1.,0.735065177788189,
1.)))
REPRESENTATION_ITEM('')
SURFACE()
);
#34=(
BOUNDED_SURFACE()
B_SPLINE_SURFACE(1,2,((#9379,#9380,#9381),(#9382,#9383,#9384)),
 .UNSPECIFIED.,.F.,.F.,.F.)
B_SPLINE_SURFACE_WITH_KNOTS((2,2),(3,3),(0.,0.0102115038608535),(-0.21504746404007,
0.801024805001298),.UNSPECIFIED.)
GEOMETRIC_REPRESENTATION_ITEM()
RATIONAL_B_SPLINE_SURFACE(((1.,0.873701538486598,1.),(1.,0.873701538486598,
1.)))
REPRESENTATION_ITEM('')
SURFACE()
);
#35=(
BOUNDED_SURFACE()
B_SPLINE_SURFACE(1,2,((#9733,#9734,#9735),(#9736,#9737,#9738)),
 .UNSPECIFIED.,.F.,.F.,.F.)
B_SPLINE_SURFACE_WITH_KNOTS((2,2),(3,3),(0.,0.00572546322632447),(-3.32971955389774,
-2.57233572610604),.UNSPECIFIED.)
GEOMETRIC_REPRESENTATION_ITEM()
RATIONAL_B_SPLINE_SURFACE(((1.,0.929149036835999,1.),(1.,0.929149036835999,
1.)))
REPRESENTATION_ITEM('')
SURFACE()
);
#36=B_SPLINE_CURVE_WITH_KNOTS('',3,(#8812,#8813,#8814,#8815),
 .UNSPECIFIED.,.F.,.F.,(4,4),(0.,1.),.UNSPECIFIED.);
#37=B_SPLINE_CURVE_WITH_KNOTS('',3,(#8819,#8820,#8821,#8822),
 .UNSPECIFIED.,.F.,.F.,(4,4),(0.,1.),.UNSPECIFIED.);
#38=B_SPLINE_CURVE_WITH_KNOTS('',3,(#8833,#8834,#8835,#8836),
 .UNSPECIFIED.,.F.,.F.,(4,4),(0.,1.),.UNSPECIFIED.);
#39=B_SPLINE_CURVE_WITH_KNOTS('',3,(#8838,#8839,#8840,#8841),
 .UNSPECIFIED.,.F.,.F.,(4,4),(0.,1.),.UNSPECIFIED.);
#40=B_SPLINE_CURVE_WITH_KNOTS('',3,(#8852,#8853,#8854,#8855),
 .UNSPECIFIED.,.F.,.F.,(4,4),(0.,1.),.UNSPECIFIED.);
#41=B_SPLINE_CURVE_WITH_KNOTS('',3,(#8857,#8858,#8859,#8860),
 .UNSPECIFIED.,.F.,.F.,(4,4),(0.,1.),.UNSPECIFIED.);
#42=B_SPLINE_CURVE_WITH_KNOTS('',3,(#8877,#8878,#8879,#8880),
 .UNSPECIFIED.,.F.,.F.,(4,4),(0.,1.),.UNSPECIFIED.);
#43=B_SPLINE_CURVE_WITH_KNOTS('',3,(#8882,#8883,#8884,#8885),
 .UNSPECIFIED.,.F.,.F.,(4,4),(0.,1.),.UNSPECIFIED.);
#44=B_SPLINE_CURVE_WITH_KNOTS('',3,(#8895,#8896,#8897,#8898),
 .UNSPECIFIED.,.F.,.F.,(4,4),(0.,1.),.UNSPECIFIED.);
#45=B_SPLINE_CURVE_WITH_KNOTS('',3,(#8899,#8900,#8901,#8902),
 .UNSPECIFIED.,.F.,.F.,(4,4),(0.,1.),.UNSPECIFIED.);
#46=B_SPLINE_CURVE_WITH_KNOTS('',3,(#8913,#8914,#8915,#8916),
 .UNSPECIFIED.,.F.,.F.,(4,4),(0.,1.),.UNSPECIFIED.);
#47=B_SPLINE_CURVE_WITH_KNOTS('',3,(#8920,#8921,#8922,#8923),
 .UNSPECIFIED.,.F.,.F.,(4,4),(0.,1.),.UNSPECIFIED.);
#48=B_SPLINE_CURVE_WITH_KNOTS('',3,(#8962,#8963,#8964,#8965),
 .UNSPECIFIED.,.F.,.F.,(4,4),(0.,1.),.UNSPECIFIED.);
#49=B_SPLINE_CURVE_WITH_KNOTS('',3,(#8967,#8968,#8969,#8970),
 .UNSPECIFIED.,.F.,.F.,(4,4),(0.,1.),.UNSPECIFIED.);
#50=B_SPLINE_CURVE_WITH_KNOTS('',3,(#8981,#8982,#8983,#8984),
 .UNSPECIFIED.,.F.,.F.,(4,4),(0.,1.),.UNSPECIFIED.);
#51=B_SPLINE_CURVE_WITH_KNOTS('',3,(#8986,#8987,#8988,#8989),
 .UNSPECIFIED.,.F.,.F.,(4,4),(0.,1.),.UNSPECIFIED.);
#52=B_SPLINE_CURVE_WITH_KNOTS('',3,(#9018,#9019,#9020,#9021),
 .UNSPECIFIED.,.F.,.F.,(4,4),(0.,1.),.UNSPECIFIED.);
#53=B_SPLINE_CURVE_WITH_KNOTS('',3,(#9023,#9024,#9025,#9026),
 .UNSPECIFIED.,.F.,.F.,(4,4),(0.,1.),.UNSPECIFIED.);
#54=B_SPLINE_CURVE_WITH_KNOTS('',3,(#9037,#9038,#9039,#9040),
 .UNSPECIFIED.,.F.,.F.,(4,4),(0.,1.),.UNSPECIFIED.);
#55=B_SPLINE_CURVE_WITH_KNOTS('',3,(#9042,#9043,#9044,#9045),
 .UNSPECIFIED.,.F.,.F.,(4,4),(0.,1.),.UNSPECIFIED.);
#56=B_SPLINE_CURVE_WITH_KNOTS('',3,(#9062,#9063,#9064,#9065),
 .UNSPECIFIED.,.F.,.F.,(4,4),(0.,1.),.UNSPECIFIED.);
#57=B_SPLINE_CURVE_WITH_KNOTS('',3,(#9067,#9068,#9069,#9070),
 .UNSPECIFIED.,.F.,.F.,(4,4),(0.,1.),.UNSPECIFIED.);
#58=B_SPLINE_CURVE_WITH_KNOTS('',3,(#9087,#9088,#9089,#9090),
 .UNSPECIFIED.,.F.,.F.,(4,4),(0.,1.),.UNSPECIFIED.);
#59=B_SPLINE_CURVE_WITH_KNOTS('',3,(#9092,#9093,#9094,#9095),
 .UNSPECIFIED.,.F.,.F.,(4,4),(0.,1.),.UNSPECIFIED.);
#60=B_SPLINE_CURVE_WITH_KNOTS('',3,(#9105,#9106,#9107,#9108),
 .UNSPECIFIED.,.F.,.F.,(4,4),(0.,1.),.UNSPECIFIED.);
#61=B_SPLINE_CURVE_WITH_KNOTS('',3,(#9109,#9110,#9111,#9112),
 .UNSPECIFIED.,.F.,.F.,(4,4),(0.,1.),.UNSPECIFIED.);
#62=B_SPLINE_CURVE_WITH_KNOTS('',3,(#9272,#9273,#9274,#9275),
 .UNSPECIFIED.,.F.,.F.,(4,4),(0.,1.),.UNSPECIFIED.);
#63=B_SPLINE_CURVE_WITH_KNOTS('',3,(#9277,#9278,#9279,#9280),
 .UNSPECIFIED.,.F.,.F.,(4,4),(0.,1.),.UNSPECIFIED.);
#64=B_SPLINE_CURVE_WITH_KNOTS('',3,(#9291,#9292,#9293,#9294),
 .UNSPECIFIED.,.F.,.F.,(4,4),(0.,1.),.UNSPECIFIED.);
#65=B_SPLINE_CURVE_WITH_KNOTS('',3,(#9296,#9297,#9298,#9299),
 .UNSPECIFIED.,.F.,.F.,(4,4),(0.,1.),.UNSPECIFIED.);
#66=B_SPLINE_CURVE_WITH_KNOTS('',3,(#9328,#9329,#9330,#9331),
 .UNSPECIFIED.,.F.,.F.,(4,4),(0.,1.),.UNSPECIFIED.);
#67=B_SPLINE_CURVE_WITH_KNOTS('',3,(#9333,#9334,#9335,#9336),
 .UNSPECIFIED.,.F.,.F.,(4,4),(0.,1.),.UNSPECIFIED.);
#68=B_SPLINE_CURVE_WITH_KNOTS('',3,(#9399,#9400,#9401,#9402),
 .UNSPECIFIED.,.F.,.F.,(4,4),(0.,1.),.UNSPECIFIED.);
#69=B_SPLINE_CURVE_WITH_KNOTS('',3,(#9404,#9405,#9406,#9407),
 .UNSPECIFIED.,.F.,.F.,(4,4),(0.,1.),.UNSPECIFIED.);
#70=B_SPLINE_CURVE_WITH_KNOTS('',3,(#9438,#9439,#9440,#9441),
 .UNSPECIFIED.,.F.,.F.,(4,4),(0.,1.),.UNSPECIFIED.);
#71=B_SPLINE_CURVE_WITH_KNOTS('',3,(#9443,#9444,#9445,#9446),
 .UNSPECIFIED.,.F.,.F.,(4,4),(0.,1.),.UNSPECIFIED.);
#72=B_SPLINE_CURVE_WITH_KNOTS('',3,(#9463,#9464,#9465,#9466),
 .UNSPECIFIED.,.F.,.F.,(4,4),(0.,1.),.UNSPECIFIED.);
#73=B_SPLINE_CURVE_WITH_KNOTS('',3,(#9468,#9469,#9470,#9471),
 .UNSPECIFIED.,.F.,.F.,(4,4),(0.,1.),.UNSPECIFIED.);
#74=B_SPLINE_CURVE_WITH_KNOTS('',3,(#9488,#9489,#9490,#9491),
 .UNSPECIFIED.,.F.,.F.,(4,4),(0.,1.),.UNSPECIFIED.);
#75=B_SPLINE_CURVE_WITH_KNOTS('',3,(#9493,#9494,#9495,#9496),
 .UNSPECIFIED.,.F.,.F.,(4,4),(0.,1.),.UNSPECIFIED.);
#76=B_SPLINE_CURVE_WITH_KNOTS('',3,(#9513,#9514,#9515,#9516),
 .UNSPECIFIED.,.F.,.F.,(4,4),(0.,1.),.UNSPECIFIED.);
#77=B_SPLINE_CURVE_WITH_KNOTS('',3,(#9518,#9519,#9520,#9521),
 .UNSPECIFIED.,.F.,.F.,(4,4),(0.,1.),.UNSPECIFIED.);
#78=B_SPLINE_CURVE_WITH_KNOTS('',3,(#9538,#9539,#9540,#9541),
 .UNSPECIFIED.,.F.,.F.,(4,4),(0.,1.),.UNSPECIFIED.);
#79=B_SPLINE_CURVE_WITH_KNOTS('',3,(#9543,#9544,#9545,#9546),
 .UNSPECIFIED.,.F.,.F.,(4,4),(0.,1.),.UNSPECIFIED.);
#80=B_SPLINE_CURVE_WITH_KNOTS('',3,(#9562,#9563,#9564,#9565),
 .UNSPECIFIED.,.F.,.F.,(4,4),(0.,1.),.UNSPECIFIED.);
#81=B_SPLINE_CURVE_WITH_KNOTS('',3,(#9566,#9567,#9568,#9569),
 .UNSPECIFIED.,.F.,.F.,(4,4),(0.,1.),.UNSPECIFIED.);
#82=B_SPLINE_CURVE_WITH_KNOTS('',3,(#9590,#9591,#9592,#9593),
 .UNSPECIFIED.,.F.,.F.,(4,4),(0.,1.),.UNSPECIFIED.);
#83=B_SPLINE_CURVE_WITH_KNOTS('',3,(#9595,#9596,#9597,#9598),
 .UNSPECIFIED.,.F.,.F.,(4,4),(0.,1.),.UNSPECIFIED.);
#84=B_SPLINE_CURVE_WITH_KNOTS('',3,(#9615,#9616,#9617,#9618),
 .UNSPECIFIED.,.F.,.F.,(4,4),(0.,1.),.UNSPECIFIED.);
#85=B_SPLINE_CURVE_WITH_KNOTS('',3,(#9620,#9621,#9622,#9623),
 .UNSPECIFIED.,.F.,.F.,(4,4),(0.,1.),.UNSPECIFIED.);
#86=B_SPLINE_CURVE_WITH_KNOTS('',3,(#9640,#9641,#9642,#9643),
 .UNSPECIFIED.,.F.,.F.,(4,4),(0.,1.),.UNSPECIFIED.);
#87=B_SPLINE_CURVE_WITH_KNOTS('',3,(#9645,#9646,#9647,#9648),
 .UNSPECIFIED.,.F.,.F.,(4,4),(0.,1.),.UNSPECIFIED.);
#88=B_SPLINE_CURVE_WITH_KNOTS('',3,(#9665,#9666,#9667,#9668),
 .UNSPECIFIED.,.F.,.F.,(4,4),(0.,1.),.UNSPECIFIED.);
#89=B_SPLINE_CURVE_WITH_KNOTS('',3,(#9670,#9671,#9672,#9673),
 .UNSPECIFIED.,.F.,.F.,(4,4),(0.,1.),.UNSPECIFIED.);
#90=B_SPLINE_CURVE_WITH_KNOTS('',3,(#9690,#9691,#9692,#9693),
 .UNSPECIFIED.,.F.,.F.,(4,4),(0.,1.),.UNSPECIFIED.);
#91=B_SPLINE_CURVE_WITH_KNOTS('',3,(#9695,#9696,#9697,#9698),
 .UNSPECIFIED.,.F.,.F.,(4,4),(0.,1.),.UNSPECIFIED.);
#92=B_SPLINE_CURVE_WITH_KNOTS('',3,(#9714,#9715,#9716,#9717),
 .UNSPECIFIED.,.F.,.F.,(4,4),(0.,1.),.UNSPECIFIED.);
#93=B_SPLINE_CURVE_WITH_KNOTS('',3,(#9718,#9719,#9720,#9721),
 .UNSPECIFIED.,.F.,.F.,(4,4),(0.,1.),.UNSPECIFIED.);
#94=B_SPLINE_CURVE_WITH_KNOTS('',3,(#9759,#9760,#9761,#9762),
 .UNSPECIFIED.,.F.,.F.,(4,4),(0.,1.),.UNSPECIFIED.);
#95=B_SPLINE_CURVE_WITH_KNOTS('',3,(#9764,#9765,#9766,#9767),
 .UNSPECIFIED.,.F.,.F.,(4,4),(0.,1.),.UNSPECIFIED.);
#96=B_SPLINE_CURVE_WITH_KNOTS('',3,(#9796,#9797,#9798,#9799),
 .UNSPECIFIED.,.F.,.F.,(4,4),(0.,1.),.UNSPECIFIED.);
#97=B_SPLINE_CURVE_WITH_KNOTS('',3,(#9801,#9802,#9803,#9804),
 .UNSPECIFIED.,.F.,.F.,(4,4),(0.,1.),.UNSPECIFIED.);
#98=B_SPLINE_CURVE_WITH_KNOTS('',3,(#9821,#9822,#9823,#9824),
 .UNSPECIFIED.,.F.,.F.,(4,4),(0.,1.),.UNSPECIFIED.);
#99=B_SPLINE_CURVE_WITH_KNOTS('',3,(#9826,#9827,#9828,#9829),
 .UNSPECIFIED.,.F.,.F.,(4,4),(0.,1.),.UNSPECIFIED.);
#100=B_SPLINE_CURVE_WITH_KNOTS('',3,(#9872,#9873,#9874,#9875),
 .UNSPECIFIED.,.F.,.F.,(4,4),(0.,1.),.UNSPECIFIED.);
#101=B_SPLINE_CURVE_WITH_KNOTS('',3,(#9877,#9878,#9879,#9880),
 .UNSPECIFIED.,.F.,.F.,(4,4),(0.,1.),.UNSPECIFIED.);
#102=B_SPLINE_CURVE_WITH_KNOTS('',3,(#9897,#9898,#9899,#9900),
 .UNSPECIFIED.,.F.,.F.,(4,4),(0.,1.),.UNSPECIFIED.);
#103=B_SPLINE_CURVE_WITH_KNOTS('',3,(#9902,#9903,#9904,#9905),
 .UNSPECIFIED.,.F.,.F.,(4,4),(0.,1.),.UNSPECIFIED.);
#104=B_SPLINE_CURVE_WITH_KNOTS('',3,(#9922,#9923,#9924,#9925),
 .UNSPECIFIED.,.F.,.F.,(4,4),(0.,1.),.UNSPECIFIED.);
#105=B_SPLINE_CURVE_WITH_KNOTS('',3,(#9927,#9928,#9929,#9930),
 .UNSPECIFIED.,.F.,.F.,(4,4),(0.,1.),.UNSPECIFIED.);
#106=B_SPLINE_CURVE_WITH_KNOTS('',3,(#9946,#9947,#9948,#9949),
 .UNSPECIFIED.,.F.,.F.,(4,4),(0.,1.),.UNSPECIFIED.);
#107=B_SPLINE_CURVE_WITH_KNOTS('',3,(#9950,#9951,#9952,#9953),
 .UNSPECIFIED.,.F.,.F.,(4,4),(0.,1.),.UNSPECIFIED.);
#108=B_SPLINE_CURVE_WITH_KNOTS('',3,(#9964,#9965,#9966,#9967),
 .UNSPECIFIED.,.F.,.F.,(4,4),(0.,1.),.UNSPECIFIED.);
#109=B_SPLINE_CURVE_WITH_KNOTS('',3,(#9971,#9972,#9973,#9974),
 .UNSPECIFIED.,.F.,.F.,(4,4),(0.,1.),.UNSPECIFIED.);
#110=B_SPLINE_CURVE_WITH_KNOTS('',3,(#9991,#9992,#9993,#9994),
 .UNSPECIFIED.,.F.,.F.,(4,4),(0.,1.),.UNSPECIFIED.);
#111=B_SPLINE_CURVE_WITH_KNOTS('',3,(#9996,#9997,#9998,#9999),
 .UNSPECIFIED.,.F.,.F.,(4,4),(0.,1.),.UNSPECIFIED.);
#112=B_SPLINE_CURVE_WITH_KNOTS('',3,(#10016,#10017,#10018,#10019),
 .UNSPECIFIED.,.F.,.F.,(4,4),(0.,1.),.UNSPECIFIED.);
#113=B_SPLINE_CURVE_WITH_KNOTS('',3,(#10021,#10022,#10023,#10024),
 .UNSPECIFIED.,.F.,.F.,(4,4),(0.,1.),.UNSPECIFIED.);
#114=B_SPLINE_CURVE_WITH_KNOTS('',3,(#10041,#10042,#10043,#10044),
 .UNSPECIFIED.,.F.,.F.,(4,4),(0.,1.),.UNSPECIFIED.);
#115=B_SPLINE_CURVE_WITH_KNOTS('',3,(#10046,#10047,#10048,#10049),
 .UNSPECIFIED.,.F.,.F.,(4,4),(0.,1.),.UNSPECIFIED.);
#116=B_SPLINE_CURVE_WITH_KNOTS('',3,(#10074,#10075,#10076,#10077),
 .UNSPECIFIED.,.F.,.F.,(4,4),(0.,1.),.UNSPECIFIED.);
#117=B_SPLINE_CURVE_WITH_KNOTS('',3,(#10079,#10080,#10081,#10082),
 .UNSPECIFIED.,.F.,.F.,(4,4),(0.,1.),.UNSPECIFIED.);
#118=B_SPLINE_CURVE_WITH_KNOTS('',3,(#10099,#10100,#10101,#10102),
 .UNSPECIFIED.,.F.,.F.,(4,4),(0.,1.),.UNSPECIFIED.);
#119=B_SPLINE_CURVE_WITH_KNOTS('',3,(#10104,#10105,#10106,#10107),
 .UNSPECIFIED.,.F.,.F.,(4,4),(0.,1.),.UNSPECIFIED.);
#120=B_SPLINE_CURVE_WITH_KNOTS('',3,(#10160,#10161,#10162,#10163),
 .UNSPECIFIED.,.F.,.F.,(4,4),(0.,1.),.UNSPECIFIED.);
#121=B_SPLINE_CURVE_WITH_KNOTS('',3,(#10165,#10166,#10167,#10168),
 .UNSPECIFIED.,.F.,.F.,(4,4),(0.,1.),.UNSPECIFIED.);
#122=B_SPLINE_CURVE_WITH_KNOTS('',3,(#10185,#10186,#10187,#10188),
 .UNSPECIFIED.,.F.,.F.,(4,4),(0.,1.),.UNSPECIFIED.);
#123=B_SPLINE_CURVE_WITH_KNOTS('',3,(#10190,#10191,#10192,#10193),
 .UNSPECIFIED.,.F.,.F.,(4,4),(0.,1.),.UNSPECIFIED.);
#124=B_SPLINE_CURVE_WITH_KNOTS('',3,(#10210,#10211,#10212,#10213),
 .UNSPECIFIED.,.F.,.F.,(4,4),(0.,1.),.UNSPECIFIED.);
#125=B_SPLINE_CURVE_WITH_KNOTS('',3,(#10215,#10216,#10217,#10218),
 .UNSPECIFIED.,.F.,.F.,(4,4),(0.,1.),.UNSPECIFIED.);
#126=B_SPLINE_CURVE_WITH_KNOTS('',3,(#10246,#10247,#10248,#10249),
 .UNSPECIFIED.,.F.,.F.,(4,4),(0.,1.),.UNSPECIFIED.);
#127=B_SPLINE_CURVE_WITH_KNOTS('',3,(#10250,#10251,#10252,#10253),
 .UNSPECIFIED.,.F.,.F.,(4,4),(0.,1.),.UNSPECIFIED.);
#128=B_SPLINE_SURFACE_WITH_KNOTS('',3,1,((#8802,#8803),(#8804,#8805),(#8806,
#8807),(#8808,#8809)),.UNSPECIFIED.,.F.,.F.,.F.,(4,4),(2,2),(0.,1.),(0.,
4.99999999999945E-5),.UNSPECIFIED.);
#129=B_SPLINE_SURFACE_WITH_KNOTS('',3,1,((#8824,#8825),(#8826,#8827),(#8828,
#8829),(#8830,#8831)),.UNSPECIFIED.,.F.,.F.,.F.,(4,4),(2,2),(0.,1.),(0.,
4.99999999999945E-5),.UNSPECIFIED.);
#130=B_SPLINE_SURFACE_WITH_KNOTS('',3,1,((#8843,#8844),(#8845,#8846),(#8847,
#8848),(#8849,#8850)),.UNSPECIFIED.,.F.,.F.,.F.,(4,4),(2,2),(0.,1.),(0.,
4.99999999999945E-5),.UNSPECIFIED.);
#131=B_SPLINE_SURFACE_WITH_KNOTS('',3,1,((#8868,#8869),(#8870,#8871),(#8872,
#8873),(#8874,#8875)),.UNSPECIFIED.,.F.,.F.,.F.,(4,4),(2,2),(0.,1.),(0.,
4.99999999999945E-5),.UNSPECIFIED.);
#132=B_SPLINE_SURFACE_WITH_KNOTS('',3,1,((#8887,#8888),(#8889,#8890),(#8891,
#8892),(#8893,#8894)),.UNSPECIFIED.,.F.,.F.,.F.,(4,4),(2,2),(0.,1.),(0.,
4.99999999999945E-5),.UNSPECIFIED.);
#133=B_SPLINE_SURFACE_WITH_KNOTS('',3,1,((#8903,#8904),(#8905,#8906),(#8907,
#8908),(#8909,#8910)),.UNSPECIFIED.,.F.,.F.,.F.,(4,4),(2,2),(0.,1.),(0.,
4.99999999999945E-5),.UNSPECIFIED.);
#134=B_SPLINE_SURFACE_WITH_KNOTS('',3,1,((#8953,#8954),(#8955,#8956),(#8957,
#8958),(#8959,#8960)),.UNSPECIFIED.,.F.,.F.,.F.,(4,4),(2,2),(0.,1.),(0.,
4.99999999999945E-5),.UNSPECIFIED.);
#135=B_SPLINE_SURFACE_WITH_KNOTS('',3,1,((#8972,#8973),(#8974,#8975),(#8976,
#8977),(#8978,#8979)),.UNSPECIFIED.,.F.,.F.,.F.,(4,4),(2,2),(0.,1.),(0.,
4.99999999999945E-5),.UNSPECIFIED.);
#136=B_SPLINE_SURFACE_WITH_KNOTS('',3,1,((#9009,#9010),(#9011,#9012),(#9013,
#9014),(#9015,#9016)),.UNSPECIFIED.,.F.,.F.,.F.,(4,4),(2,2),(0.,1.),(0.,
4.99999999999945E-5),.UNSPECIFIED.);
#137=B_SPLINE_SURFACE_WITH_KNOTS('',3,1,((#9028,#9029),(#9030,#9031),(#9032,
#9033),(#9034,#9035)),.UNSPECIFIED.,.F.,.F.,.F.,(4,4),(2,2),(0.,1.),(0.,
4.99999999999945E-5),.UNSPECIFIED.);
#138=B_SPLINE_SURFACE_WITH_KNOTS('',3,1,((#9053,#9054),(#9055,#9056),(#9057,
#9058),(#9059,#9060)),.UNSPECIFIED.,.F.,.F.,.F.,(4,4),(2,2),(0.,1.),(0.,
4.99999999999945E-5),.UNSPECIFIED.);
#139=B_SPLINE_SURFACE_WITH_KNOTS('',3,1,((#9078,#9079),(#9080,#9081),(#9082,
#9083),(#9084,#9085)),.UNSPECIFIED.,.F.,.F.,.F.,(4,4),(2,2),(0.,1.),(0.,
4.99999999999945E-5),.UNSPECIFIED.);
#140=B_SPLINE_SURFACE_WITH_KNOTS('',3,1,((#9097,#9098),(#9099,#9100),(#9101,
#9102),(#9103,#9104)),.UNSPECIFIED.,.F.,.F.,.F.,(4,4),(2,2),(0.,1.),(0.,
4.99999999999945E-5),.UNSPECIFIED.);
#141=B_SPLINE_SURFACE_WITH_KNOTS('',3,1,((#9263,#9264),(#9265,#9266),(#9267,
#9268),(#9269,#9270)),.UNSPECIFIED.,.F.,.F.,.F.,(4,4),(2,2),(0.,1.),(0.,
4.99999999999945E-5),.UNSPECIFIED.);
#142=B_SPLINE_SURFACE_WITH_KNOTS('',3,1,((#9282,#9283),(#9284,#9285),(#9286,
#9287),(#9288,#9289)),.UNSPECIFIED.,.F.,.F.,.F.,(4,4),(2,2),(0.,1.),(0.,
4.99999999999945E-5),.UNSPECIFIED.);
#143=B_SPLINE_SURFACE_WITH_KNOTS('',3,1,((#9319,#9320),(#9321,#9322),(#9323,
#9324),(#9325,#9326)),.UNSPECIFIED.,.F.,.F.,.F.,(4,4),(2,2),(0.,1.),(0.,
4.99999999999945E-5),.UNSPECIFIED.);
#144=B_SPLINE_SURFACE_WITH_KNOTS('',3,1,((#9390,#9391),(#9392,#9393),(#9394,
#9395),(#9396,#9397)),.UNSPECIFIED.,.F.,.F.,.F.,(4,4),(2,2),(0.,1.),(0.,
4.99999999999945E-5),.UNSPECIFIED.);
#145=B_SPLINE_SURFACE_WITH_KNOTS('',3,1,((#9429,#9430),(#9431,#9432),(#9433,
#9434),(#9435,#9436)),.UNSPECIFIED.,.F.,.F.,.F.,(4,4),(2,2),(0.,1.),(0.,
4.99999999999945E-5),.UNSPECIFIED.);
#146=B_SPLINE_SURFACE_WITH_KNOTS('',3,1,((#9454,#9455),(#9456,#9457),(#9458,
#9459),(#9460,#9461)),.UNSPECIFIED.,.F.,.F.,.F.,(4,4),(2,2),(0.,1.),(0.,
4.99999999999945E-5),.UNSPECIFIED.);
#147=B_SPLINE_SURFACE_WITH_KNOTS('',3,1,((#9479,#9480),(#9481,#9482),(#9483,
#9484),(#9485,#9486)),.UNSPECIFIED.,.F.,.F.,.F.,(4,4),(2,2),(0.,1.),(0.,
4.99999999999945E-5),.UNSPECIFIED.);
#148=B_SPLINE_SURFACE_WITH_KNOTS('',3,1,((#9504,#9505),(#9506,#9507),(#9508,
#9509),(#9510,#9511)),.UNSPECIFIED.,.F.,.F.,.F.,(4,4),(2,2),(0.,1.),(0.,
4.99999999999945E-5),.UNSPECIFIED.);
#149=B_SPLINE_SURFACE_WITH_KNOTS('',3,1,((#9529,#9530),(#9531,#9532),(#9533,
#9534),(#9535,#9536)),.UNSPECIFIED.,.F.,.F.,.F.,(4,4),(2,2),(0.,1.),(0.,
4.99999999999945E-5),.UNSPECIFIED.);
#150=B_SPLINE_SURFACE_WITH_KNOTS('',3,1,((#9554,#9555),(#9556,#9557),(#9558,
#9559),(#9560,#9561)),.UNSPECIFIED.,.F.,.F.,.F.,(4,4),(2,2),(0.,1.),(0.,
4.99999999999945E-5),.UNSPECIFIED.);
#151=B_SPLINE_SURFACE_WITH_KNOTS('',3,1,((#9581,#9582),(#9583,#9584),(#9585,
#9586),(#9587,#9588)),.UNSPECIFIED.,.F.,.F.,.F.,(4,4),(2,2),(0.,1.),(0.,
4.99999999999945E-5),.UNSPECIFIED.);
#152=B_SPLINE_SURFACE_WITH_KNOTS('',3,1,((#9606,#9607),(#9608,#9609),(#9610,
#9611),(#9612,#9613)),.UNSPECIFIED.,.F.,.F.,.F.,(4,4),(2,2),(0.,1.),(0.,
4.99999999999945E-5),.UNSPECIFIED.);
#153=B_SPLINE_SURFACE_WITH_KNOTS('',3,1,((#9631,#9632),(#9633,#9634),(#9635,
#9636),(#9637,#9638)),.UNSPECIFIED.,.F.,.F.,.F.,(4,4),(2,2),(0.,1.),(0.,
4.99999999999945E-5),.UNSPECIFIED.);
#154=B_SPLINE_SURFACE_WITH_KNOTS('',3,1,((#9656,#9657),(#9658,#9659),(#9660,
#9661),(#9662,#9663)),.UNSPECIFIED.,.F.,.F.,.F.,(4,4),(2,2),(0.,1.),(0.,
4.99999999999945E-5),.UNSPECIFIED.);
#155=B_SPLINE_SURFACE_WITH_KNOTS('',3,1,((#9681,#9682),(#9683,#9684),(#9685,
#9686),(#9687,#9688)),.UNSPECIFIED.,.F.,.F.,.F.,(4,4),(2,2),(0.,1.),(0.,
4.99999999999945E-5),.UNSPECIFIED.);
#156=B_SPLINE_SURFACE_WITH_KNOTS('',3,1,((#9706,#9707),(#9708,#9709),(#9710,
#9711),(#9712,#9713)),.UNSPECIFIED.,.F.,.F.,.F.,(4,4),(2,2),(0.,1.),(0.,
4.99999999999945E-5),.UNSPECIFIED.);
#157=B_SPLINE_SURFACE_WITH_KNOTS('',3,1,((#9750,#9751),(#9752,#9753),(#9754,
#9755),(#9756,#9757)),.UNSPECIFIED.,.F.,.F.,.F.,(4,4),(2,2),(0.,1.),(0.,
4.99999999999945E-5),.UNSPECIFIED.);
#158=B_SPLINE_SURFACE_WITH_KNOTS('',3,1,((#9787,#9788),(#9789,#9790),(#9791,
#9792),(#9793,#9794)),.UNSPECIFIED.,.F.,.F.,.F.,(4,4),(2,2),(0.,1.),(0.,
4.99999999999945E-5),.UNSPECIFIED.);
#159=B_SPLINE_SURFACE_WITH_KNOTS('',3,1,((#9812,#9813),(#9814,#9815),(#9816,
#9817),(#9818,#9819)),.UNSPECIFIED.,.F.,.F.,.F.,(4,4),(2,2),(0.,1.),(0.,
4.99999999999945E-5),.UNSPECIFIED.);
#160=B_SPLINE_SURFACE_WITH_KNOTS('',3,1,((#9863,#9864),(#9865,#9866),(#9867,
#9868),(#9869,#9870)),.UNSPECIFIED.,.F.,.F.,.F.,(4,4),(2,2),(0.,1.),(0.,
4.99999999999945E-5),.UNSPECIFIED.);
#161=B_SPLINE_SURFACE_WITH_KNOTS('',3,1,((#9888,#9889),(#9890,#9891),(#9892,
#9893),(#9894,#9895)),.UNSPECIFIED.,.F.,.F.,.F.,(4,4),(2,2),(0.,1.),(0.,
4.99999999999945E-5),.UNSPECIFIED.);
#162=B_SPLINE_SURFACE_WITH_KNOTS('',3,1,((#9913,#9914),(#9915,#9916),(#9917,
#9918),(#9919,#9920)),.UNSPECIFIED.,.F.,.F.,.F.,(4,4),(2,2),(0.,1.),(0.,
4.99999999999945E-5),.UNSPECIFIED.);
#163=B_SPLINE_SURFACE_WITH_KNOTS('',3,1,((#9938,#9939),(#9940,#9941),(#9942,
#9943),(#9944,#9945)),.UNSPECIFIED.,.F.,.F.,.F.,(4,4),(2,2),(0.,1.),(0.,
4.99999999999945E-5),.UNSPECIFIED.);
#164=B_SPLINE_SURFACE_WITH_KNOTS('',3,1,((#9954,#9955),(#9956,#9957),(#9958,
#9959),(#9960,#9961)),.UNSPECIFIED.,.F.,.F.,.F.,(4,4),(2,2),(0.,1.),(0.,
4.99999999999945E-5),.UNSPECIFIED.);
#165=B_SPLINE_SURFACE_WITH_KNOTS('',3,1,((#9982,#9983),(#9984,#9985),(#9986,
#9987),(#9988,#9989)),.UNSPECIFIED.,.F.,.F.,.F.,(4,4),(2,2),(0.,1.),(0.,
4.99999999999945E-5),.UNSPECIFIED.);
#166=B_SPLINE_SURFACE_WITH_KNOTS('',3,1,((#10007,#10008),(#10009,#10010),
(#10011,#10012),(#10013,#10014)),.UNSPECIFIED.,.F.,.F.,.F.,(4,4),(2,2),
(0.,1.),(0.,4.99999999999945E-5),.UNSPECIFIED.);
#167=B_SPLINE_SURFACE_WITH_KNOTS('',3,1,((#10032,#10033),(#10034,#10035),
(#10036,#10037),(#10038,#10039)),.UNSPECIFIED.,.F.,.F.,.F.,(4,4),(2,2),
(0.,1.),(0.,4.99999999999945E-5),.UNSPECIFIED.);
#168=B_SPLINE_SURFACE_WITH_KNOTS('',3,1,((#10065,#10066),(#10067,#10068),
(#10069,#10070),(#10071,#10072)),.UNSPECIFIED.,.F.,.F.,.F.,(4,4),(2,2),
(0.,1.),(0.,4.99999999999945E-5),.UNSPECIFIED.);
#169=B_SPLINE_SURFACE_WITH_KNOTS('',3,1,((#10090,#10091),(#10092,#10093),
(#10094,#10095),(#10096,#10097)),.UNSPECIFIED.,.F.,.F.,.F.,(4,4),(2,2),
(0.,1.),(0.,4.99999999999945E-5),.UNSPECIFIED.);
#170=B_SPLINE_SURFACE_WITH_KNOTS('',3,1,((#10151,#10152),(#10153,#10154),
(#10155,#10156),(#10157,#10158)),.UNSPECIFIED.,.F.,.F.,.F.,(4,4),(2,2),
(0.,1.),(0.,4.99999999999945E-5),.UNSPECIFIED.);
#171=B_SPLINE_SURFACE_WITH_KNOTS('',3,1,((#10176,#10177),(#10178,#10179),
(#10180,#10181),(#10182,#10183)),.UNSPECIFIED.,.F.,.F.,.F.,(4,4),(2,2),
(0.,1.),(0.,4.99999999999945E-5),.UNSPECIFIED.);
#172=B_SPLINE_SURFACE_WITH_KNOTS('',3,1,((#10201,#10202),(#10203,#10204),
(#10205,#10206),(#10207,#10208)),.UNSPECIFIED.,.F.,.F.,.F.,(4,4),(2,2),
(0.,1.),(0.,4.99999999999945E-5),.UNSPECIFIED.);
#173=B_SPLINE_SURFACE_WITH_KNOTS('',3,1,((#10238,#10239),(#10240,#10241),
(#10242,#10243),(#10244,#10245)),.UNSPECIFIED.,.F.,.F.,.F.,(4,4),(2,2),
(0.,1.),(0.,4.99999999999945E-5),.UNSPECIFIED.);
#174=SHAPE_REPRESENTATION_RELATIONSHIP('SRR','None',#10300,#179);
#175=SHAPE_REPRESENTATION_RELATIONSHIP('SRR','None',#10301,#180);
#176=SHAPE_REPRESENTATION_RELATIONSHIP('SRR','None',#10302,#181);
#177=SHAPE_REPRESENTATION_RELATIONSHIP('SRR','None',#10303,#182);
#178=SHAPE_REPRESENTATION_RELATIONSHIP('SRR','None',#10304,#183);
#179=ADVANCED_BREP_SHAPE_REPRESENTATION('',(#184),#10269);
#180=ADVANCED_BREP_SHAPE_REPRESENTATION('',(#185,#186,#187,#188,#189,#190,
#191,#192,#193,#194,#195,#196,#197,#198,#199),#10270);
#181=ADVANCED_BREP_SHAPE_REPRESENTATION('',(#200),#10271);
#182=ADVANCED_BREP_SHAPE_REPRESENTATION('',(#201),#10272);
#183=ADVANCED_BREP_SHAPE_REPRESENTATION('',(#202,#203,#204,#205,#206,#207,
#208,#209,#210),#10273);
#184=MANIFOLD_SOLID_BREP('Solid1',#6036);
#185=MANIFOLD_SOLID_BREP('Solid1',#6037);
#186=MANIFOLD_SOLID_BREP('Solid1',#6038);
#187=MANIFOLD_SOLID_BREP('Solid1',#6039);
#188=MANIFOLD_SOLID_BREP('Solid1',#6040);
#189=MANIFOLD_SOLID_BREP('Solid1',#6041);
#190=MANIFOLD_SOLID_BREP('Solid1',#6042);
#191=MANIFOLD_SOLID_BREP('Solid1',#6043);
#192=MANIFOLD_SOLID_BREP('Solid1',#6044);
#193=MANIFOLD_SOLID_BREP('Solid1',#6045);
#194=MANIFOLD_SOLID_BREP('Solid1',#6046);
#195=MANIFOLD_SOLID_BREP('Solid1',#6047);
#196=MANIFOLD_SOLID_BREP('Solid1',#6048);
#197=MANIFOLD_SOLID_BREP('Solid1',#6049);
#198=MANIFOLD_SOLID_BREP('Solid1',#6050);
#199=MANIFOLD_SOLID_BREP('Solid1',#6051);
#200=MANIFOLD_SOLID_BREP('Solid1',#6052);
#201=MANIFOLD_SOLID_BREP('Solid1',#6053);
#202=MANIFOLD_SOLID_BREP('Solid1',#6054);
#203=MANIFOLD_SOLID_BREP('Solid1',#6055);
#204=MANIFOLD_SOLID_BREP('Solid1',#6056);
#205=MANIFOLD_SOLID_BREP('Solid1',#6057);
#206=MANIFOLD_SOLID_BREP('Solid1',#6058);
#207=MANIFOLD_SOLID_BREP('Solid1',#6059);
#208=MANIFOLD_SOLID_BREP('Solid1',#6060);
#209=MANIFOLD_SOLID_BREP('Solid1',#6061);
#210=MANIFOLD_SOLID_BREP('Solid1',#6062);
#211=TOROIDAL_SURFACE('',#6260,0.00831418660974405,0.000590551181102362);
#212=FACE_BOUND('',#2153,.T.);
#213=FACE_BOUND('',#2330,.T.);
#214=FACE_BOUND('',#2332,.T.);
#215=FACE_BOUND('',#2423,.T.);
#216=FACE_BOUND('',#2425,.T.);
#217=FACE_BOUND('',#2443,.T.);
#218=FACE_BOUND('',#2445,.T.);
#219=FACE_BOUND('',#2467,.T.);
#220=FACE_BOUND('',#2469,.T.);
#221=PLANE('',#6252);
#222=PLANE('',#6253);
#223=PLANE('',#6254);
#224=PLANE('',#6255);
#225=PLANE('',#6256);
#226=PLANE('',#6257);
#227=PLANE('',#6258);
#228=PLANE('',#6263);
#229=PLANE('',#6264);
#230=PLANE('',#6266);
#231=PLANE('',#6267);
#232=PLANE('',#6268);
#233=PLANE('',#6269);
#234=PLANE('',#6270);
#235=PLANE('',#6271);
#236=PLANE('',#6275);
#237=PLANE('',#6276);
#238=PLANE('',#6277);
#239=PLANE('',#6278);
#240=PLANE('',#6279);
#241=PLANE('',#6280);
#242=PLANE('',#6281);
#243=PLANE('',#6282);
#244=PLANE('',#6283);
#245=PLANE('',#6287);
#246=PLANE('',#6288);
#247=PLANE('',#6289);
#248=PLANE('',#6290);
#249=PLANE('',#6291);
#250=PLANE('',#6292);
#251=PLANE('',#6293);
#252=PLANE('',#6294);
#253=PLANE('',#6295);
#254=PLANE('',#6299);
#255=PLANE('',#6300);
#256=PLANE('',#6301);
#257=PLANE('',#6302);
#258=PLANE('',#6303);
#259=PLANE('',#6304);
#260=PLANE('',#6305);
#261=PLANE('',#6306);
#262=PLANE('',#6307);
#263=PLANE('',#6311);
#264=PLANE('',#6312);
#265=PLANE('',#6313);
#266=PLANE('',#6314);
#267=PLANE('',#6315);
#268=PLANE('',#6316);
#269=PLANE('',#6317);
#270=PLANE('',#6318);
#271=PLANE('',#6319);
#272=PLANE('',#6323);
#273=PLANE('',#6324);
#274=PLANE('',#6325);
#275=PLANE('',#6326);
#276=PLANE('',#6327);
#277=PLANE('',#6328);
#278=PLANE('',#6329);
#279=PLANE('',#6330);
#280=PLANE('',#6331);
#281=PLANE('',#6335);
#282=PLANE('',#6336);
#283=PLANE('',#6337);
#284=PLANE('',#6338);
#285=PLANE('',#6339);
#286=PLANE('',#6340);
#287=PLANE('',#6341);
#288=PLANE('',#6342);
#289=PLANE('',#6343);
#290=PLANE('',#6347);
#291=PLANE('',#6348);
#292=PLANE('',#6349);
#293=PLANE('',#6350);
#294=PLANE('',#6351);
#295=PLANE('',#6352);
#296=PLANE('',#6353);
#297=PLANE('',#6354);
#298=PLANE('',#6355);
#299=PLANE('',#6359);
#300=PLANE('',#6360);
#301=PLANE('',#6361);
#302=PLANE('',#6362);
#303=PLANE('',#6363);
#304=PLANE('',#6364);
#305=PLANE('',#6365);
#306=PLANE('',#6366);
#307=PLANE('',#6367);
#308=PLANE('',#6371);
#309=PLANE('',#6372);
#310=PLANE('',#6373);
#311=PLANE('',#6374);
#312=PLANE('',#6375);
#313=PLANE('',#6376);
#314=PLANE('',#6377);
#315=PLANE('',#6378);
#316=PLANE('',#6379);
#317=PLANE('',#6383);
#318=PLANE('',#6384);
#319=PLANE('',#6385);
#320=PLANE('',#6386);
#321=PLANE('',#6387);
#322=PLANE('',#6388);
#323=PLANE('',#6389);
#324=PLANE('',#6390);
#325=PLANE('',#6391);
#326=PLANE('',#6395);
#327=PLANE('',#6396);
#328=PLANE('',#6397);
#329=PLANE('',#6398);
#330=PLANE('',#6399);
#331=PLANE('',#6400);
#332=PLANE('',#6401);
#333=PLANE('',#6402);
#334=PLANE('',#6403);
#335=PLANE('',#6407);
#336=PLANE('',#6408);
#337=PLANE('',#6409);
#338=PLANE('',#6410);
#339=PLANE('',#6411);
#340=PLANE('',#6412);
#341=PLANE('',#6413);
#342=PLANE('',#6414);
#343=PLANE('',#6415);
#344=PLANE('',#6419);
#345=PLANE('',#6420);
#346=PLANE('',#6421);
#347=PLANE('',#6422);
#348=PLANE('',#6423);
#349=PLANE('',#6424);
#350=PLANE('',#6425);
#351=PLANE('',#6426);
#352=PLANE('',#6427);
#353=PLANE('',#6431);
#354=PLANE('',#6432);
#355=PLANE('',#6433);
#356=PLANE('',#6434);
#357=PLANE('',#6435);
#358=PLANE('',#6436);
#359=PLANE('',#6437);
#360=PLANE('',#6438);
#361=PLANE('',#6439);
#362=PLANE('',#6440);
#363=PLANE('',#6447);
#364=PLANE('',#6448);
#365=PLANE('',#6450);
#366=PLANE('',#6451);
#367=PLANE('',#6456);
#368=PLANE('',#6457);
#369=PLANE('',#6461);
#370=PLANE('',#6462);
#371=PLANE('',#6463);
#372=PLANE('',#6464);
#373=PLANE('',#6466);
#374=PLANE('',#6467);
#375=PLANE('',#6468);
#376=PLANE('',#6469);
#377=PLANE('',#6470);
#378=PLANE('',#6471);
#379=PLANE('',#6472);
#380=PLANE('',#6473);
#381=PLANE('',#6474);
#382=PLANE('',#6475);
#383=PLANE('',#6476);
#384=PLANE('',#6477);
#385=PLANE('',#6478);
#386=PLANE('',#6479);
#387=PLANE('',#6480);
#388=PLANE('',#6481);
#389=PLANE('',#6482);
#390=PLANE('',#6483);
#391=PLANE('',#6484);
#392=PLANE('',#6485);
#393=PLANE('',#6486);
#394=PLANE('',#6487);
#395=PLANE('',#6488);
#396=PLANE('',#6489);
#397=PLANE('',#6490);
#398=PLANE('',#6491);
#399=PLANE('',#6492);
#400=PLANE('',#6493);
#401=PLANE('',#6494);
#402=PLANE('',#6495);
#403=PLANE('',#6496);
#404=PLANE('',#6497);
#405=PLANE('',#6500);
#406=PLANE('',#6501);
#407=PLANE('',#6502);
#408=PLANE('',#6503);
#409=PLANE('',#6504);
#410=PLANE('',#6507);
#411=PLANE('',#6508);
#412=PLANE('',#6509);
#413=PLANE('',#6510);
#414=PLANE('',#6511);
#415=PLANE('',#6512);
#416=PLANE('',#6513);
#417=PLANE('',#6514);
#418=PLANE('',#6515);
#419=PLANE('',#6516);
#420=PLANE('',#6517);
#421=PLANE('',#6518);
#422=PLANE('',#6519);
#423=PLANE('',#6520);
#424=PLANE('',#6521);
#425=PLANE('',#6522);
#426=PLANE('',#6523);
#427=PLANE('',#6524);
#428=PLANE('',#6525);
#429=PLANE('',#6526);
#430=PLANE('',#6527);
#431=PLANE('',#6530);
#432=PLANE('',#6531);
#433=PLANE('',#6532);
#434=PLANE('',#6533);
#435=PLANE('',#6534);
#436=PLANE('',#6535);
#437=PLANE('',#6536);
#438=PLANE('',#6537);
#439=PLANE('',#6538);
#440=PLANE('',#6539);
#441=PLANE('',#6540);
#442=PLANE('',#6541);
#443=PLANE('',#6542);
#444=PLANE('',#6543);
#445=PLANE('',#6544);
#446=PLANE('',#6545);
#447=PLANE('',#6546);
#448=PLANE('',#6547);
#449=PLANE('',#6548);
#450=PLANE('',#6549);
#451=PLANE('',#6550);
#452=PLANE('',#6551);
#453=PLANE('',#6552);
#454=PLANE('',#6553);
#455=PLANE('',#6554);
#456=PLANE('',#6555);
#457=PLANE('',#6556);
#458=PLANE('',#6557);
#459=PLANE('',#6558);
#460=PLANE('',#6559);
#461=PLANE('',#6560);
#462=PLANE('',#6561);
#463=PLANE('',#6562);
#464=PLANE('',#6563);
#465=PLANE('',#6564);
#466=PLANE('',#6565);
#467=PLANE('',#6566);
#468=ELLIPSE('',#6220,0.00083516548959041,0.000590551181102362);
#469=ELLIPSE('',#6241,0.000835165489590411,0.000590551181102362);
#470=ELLIPSE('',#6452,0.0138401974018363,0.0122481291006258);
#471=ELLIPSE('',#6453,0.0138401974018363,0.0122481291006258);
#472=ELLIPSE('',#6454,0.0139833314617013,0.0122161908569067);
#473=ELLIPSE('',#6455,0.0139833314617013,0.0122161908569067);
#474=ELLIPSE('',#6498,0.00134176433946766,0.00100382015794821);
#475=ELLIPSE('',#6499,0.00134176433946766,0.00100382015794821);
#476=ELLIPSE('',#6505,0.00192773166796132,0.00148590870370494);
#477=ELLIPSE('',#6506,0.00192773166796132,0.00148590870370494);
#478=ELLIPSE('',#6528,0.00343815663326051,0.00119435314123784);
#479=ELLIPSE('',#6529,0.00343815663326051,0.00119435314123784);
#480=LINE('',#8004,#1112);
#481=LINE('',#8005,#1113);
#482=LINE('',#8014,#1114);
#483=LINE('',#8015,#1115);
#484=LINE('',#8018,#1116);
#485=LINE('',#8020,#1117);
#486=LINE('',#8037,#1118);
#487=LINE('',#8038,#1119);
#488=LINE('',#8047,#1120);
#489=LINE('',#8048,#1121);
#490=LINE('',#8057,#1122);
#491=LINE('',#8058,#1123);
#492=LINE('',#8061,#1124);
#493=LINE('',#8063,#1125);
#494=LINE('',#8066,#1126);
#495=LINE('',#8067,#1127);
#496=LINE('',#8069,#1128);
#497=LINE('',#8070,#1129);
#498=LINE('',#8072,#1130);
#499=LINE('',#8073,#1131);
#500=LINE('',#8075,#1132);
#501=LINE('',#8076,#1133);
#502=LINE('',#8078,#1134);
#503=LINE('',#8079,#1135);
#504=LINE('',#8081,#1136);
#505=LINE('',#8082,#1137);
#506=LINE('',#8084,#1138);
#507=LINE('',#8085,#1139);
#508=LINE('',#8087,#1140);
#509=LINE('',#8088,#1141);
#510=LINE('',#8090,#1142);
#511=LINE('',#8091,#1143);
#512=LINE('',#8093,#1144);
#513=LINE('',#8094,#1145);
#514=LINE('',#8096,#1146);
#515=LINE('',#8115,#1147);
#516=LINE('',#8117,#1148);
#517=LINE('',#8119,#1149);
#518=LINE('',#8120,#1150);
#519=LINE('',#8123,#1151);
#520=LINE('',#8125,#1152);
#521=LINE('',#8126,#1153);
#522=LINE('',#8129,#1154);
#523=LINE('',#8131,#1155);
#524=LINE('',#8132,#1156);
#525=LINE('',#8134,#1157);
#526=LINE('',#8137,#1158);
#527=LINE('',#8139,#1159);
#528=LINE('',#8140,#1160);
#529=LINE('',#8143,#1161);
#530=LINE('',#8145,#1162);
#531=LINE('',#8146,#1163);
#532=LINE('',#8151,#1164);
#533=LINE('',#8154,#1165);
#534=LINE('',#8155,#1166);
#535=LINE('',#8161,#1167);
#536=LINE('',#8163,#1168);
#537=LINE('',#8165,#1169);
#538=LINE('',#8166,#1170);
#539=LINE('',#8169,#1171);
#540=LINE('',#8171,#1172);
#541=LINE('',#8172,#1173);
#542=LINE('',#8175,#1174);
#543=LINE('',#8177,#1175);
#544=LINE('',#8178,#1176);
#545=LINE('',#8180,#1177);
#546=LINE('',#8183,#1178);
#547=LINE('',#8185,#1179);
#548=LINE('',#8186,#1180);
#549=LINE('',#8189,#1181);
#550=LINE('',#8191,#1182);
#551=LINE('',#8192,#1183);
#552=LINE('',#8197,#1184);
#553=LINE('',#8200,#1185);
#554=LINE('',#8201,#1186);
#555=LINE('',#8207,#1187);
#556=LINE('',#8209,#1188);
#557=LINE('',#8211,#1189);
#558=LINE('',#8212,#1190);
#559=LINE('',#8215,#1191);
#560=LINE('',#8217,#1192);
#561=LINE('',#8218,#1193);
#562=LINE('',#8221,#1194);
#563=LINE('',#8223,#1195);
#564=LINE('',#8224,#1196);
#565=LINE('',#8226,#1197);
#566=LINE('',#8229,#1198);
#567=LINE('',#8231,#1199);
#568=LINE('',#8232,#1200);
#569=LINE('',#8235,#1201);
#570=LINE('',#8237,#1202);
#571=LINE('',#8238,#1203);
#572=LINE('',#8243,#1204);
#573=LINE('',#8246,#1205);
#574=LINE('',#8247,#1206);
#575=LINE('',#8253,#1207);
#576=LINE('',#8255,#1208);
#577=LINE('',#8257,#1209);
#578=LINE('',#8258,#1210);
#579=LINE('',#8261,#1211);
#580=LINE('',#8263,#1212);
#581=LINE('',#8264,#1213);
#582=LINE('',#8267,#1214);
#583=LINE('',#8269,#1215);
#584=LINE('',#8270,#1216);
#585=LINE('',#8272,#1217);
#586=LINE('',#8275,#1218);
#587=LINE('',#8277,#1219);
#588=LINE('',#8278,#1220);
#589=LINE('',#8281,#1221);
#590=LINE('',#8283,#1222);
#591=LINE('',#8284,#1223);
#592=LINE('',#8289,#1224);
#593=LINE('',#8292,#1225);
#594=LINE('',#8293,#1226);
#595=LINE('',#8299,#1227);
#596=LINE('',#8301,#1228);
#597=LINE('',#8303,#1229);
#598=LINE('',#8304,#1230);
#599=LINE('',#8307,#1231);
#600=LINE('',#8309,#1232);
#601=LINE('',#8310,#1233);
#602=LINE('',#8313,#1234);
#603=LINE('',#8315,#1235);
#604=LINE('',#8316,#1236);
#605=LINE('',#8318,#1237);
#606=LINE('',#8321,#1238);
#607=LINE('',#8323,#1239);
#608=LINE('',#8324,#1240);
#609=LINE('',#8327,#1241);
#610=LINE('',#8329,#1242);
#611=LINE('',#8330,#1243);
#612=LINE('',#8335,#1244);
#613=LINE('',#8338,#1245);
#614=LINE('',#8339,#1246);
#615=LINE('',#8345,#1247);
#616=LINE('',#8347,#1248);
#617=LINE('',#8349,#1249);
#618=LINE('',#8350,#1250);
#619=LINE('',#8353,#1251);
#620=LINE('',#8355,#1252);
#621=LINE('',#8356,#1253);
#622=LINE('',#8359,#1254);
#623=LINE('',#8361,#1255);
#624=LINE('',#8362,#1256);
#625=LINE('',#8364,#1257);
#626=LINE('',#8367,#1258);
#627=LINE('',#8369,#1259);
#628=LINE('',#8370,#1260);
#629=LINE('',#8373,#1261);
#630=LINE('',#8375,#1262);
#631=LINE('',#8376,#1263);
#632=LINE('',#8381,#1264);
#633=LINE('',#8384,#1265);
#634=LINE('',#8385,#1266);
#635=LINE('',#8391,#1267);
#636=LINE('',#8393,#1268);
#637=LINE('',#8395,#1269);
#638=LINE('',#8396,#1270);
#639=LINE('',#8399,#1271);
#640=LINE('',#8401,#1272);
#641=LINE('',#8402,#1273);
#642=LINE('',#8405,#1274);
#643=LINE('',#8407,#1275);
#644=LINE('',#8408,#1276);
#645=LINE('',#8410,#1277);
#646=LINE('',#8413,#1278);
#647=LINE('',#8415,#1279);
#648=LINE('',#8416,#1280);
#649=LINE('',#8419,#1281);
#650=LINE('',#8421,#1282);
#651=LINE('',#8422,#1283);
#652=LINE('',#8428,#1284);
#653=LINE('',#8430,#1285);
#654=LINE('',#8431,#1286);
#655=LINE('',#8437,#1287);
#656=LINE('',#8439,#1288);
#657=LINE('',#8441,#1289);
#658=LINE('',#8442,#1290);
#659=LINE('',#8445,#1291);
#660=LINE('',#8447,#1292);
#661=LINE('',#8448,#1293);
#662=LINE('',#8451,#1294);
#663=LINE('',#8453,#1295);
#664=LINE('',#8454,#1296);
#665=LINE('',#8456,#1297);
#666=LINE('',#8459,#1298);
#667=LINE('',#8461,#1299);
#668=LINE('',#8462,#1300);
#669=LINE('',#8465,#1301);
#670=LINE('',#8467,#1302);
#671=LINE('',#8468,#1303);
#672=LINE('',#8474,#1304);
#673=LINE('',#8476,#1305);
#674=LINE('',#8477,#1306);
#675=LINE('',#8483,#1307);
#676=LINE('',#8485,#1308);
#677=LINE('',#8487,#1309);
#678=LINE('',#8488,#1310);
#679=LINE('',#8491,#1311);
#680=LINE('',#8493,#1312);
#681=LINE('',#8494,#1313);
#682=LINE('',#8497,#1314);
#683=LINE('',#8499,#1315);
#684=LINE('',#8500,#1316);
#685=LINE('',#8502,#1317);
#686=LINE('',#8505,#1318);
#687=LINE('',#8507,#1319);
#688=LINE('',#8508,#1320);
#689=LINE('',#8511,#1321);
#690=LINE('',#8513,#1322);
#691=LINE('',#8514,#1323);
#692=LINE('',#8520,#1324);
#693=LINE('',#8522,#1325);
#694=LINE('',#8523,#1326);
#695=LINE('',#8529,#1327);
#696=LINE('',#8531,#1328);
#697=LINE('',#8533,#1329);
#698=LINE('',#8534,#1330);
#699=LINE('',#8537,#1331);
#700=LINE('',#8539,#1332);
#701=LINE('',#8540,#1333);
#702=LINE('',#8543,#1334);
#703=LINE('',#8545,#1335);
#704=LINE('',#8546,#1336);
#705=LINE('',#8548,#1337);
#706=LINE('',#8551,#1338);
#707=LINE('',#8553,#1339);
#708=LINE('',#8554,#1340);
#709=LINE('',#8557,#1341);
#710=LINE('',#8559,#1342);
#711=LINE('',#8560,#1343);
#712=LINE('',#8566,#1344);
#713=LINE('',#8568,#1345);
#714=LINE('',#8569,#1346);
#715=LINE('',#8575,#1347);
#716=LINE('',#8577,#1348);
#717=LINE('',#8579,#1349);
#718=LINE('',#8580,#1350);
#719=LINE('',#8583,#1351);
#720=LINE('',#8585,#1352);
#721=LINE('',#8586,#1353);
#722=LINE('',#8589,#1354);
#723=LINE('',#8591,#1355);
#724=LINE('',#8592,#1356);
#725=LINE('',#8594,#1357);
#726=LINE('',#8597,#1358);
#727=LINE('',#8599,#1359);
#728=LINE('',#8600,#1360);
#729=LINE('',#8603,#1361);
#730=LINE('',#8605,#1362);
#731=LINE('',#8606,#1363);
#732=LINE('',#8612,#1364);
#733=LINE('',#8614,#1365);
#734=LINE('',#8615,#1366);
#735=LINE('',#8621,#1367);
#736=LINE('',#8623,#1368);
#737=LINE('',#8625,#1369);
#738=LINE('',#8626,#1370);
#739=LINE('',#8629,#1371);
#740=LINE('',#8631,#1372);
#741=LINE('',#8632,#1373);
#742=LINE('',#8635,#1374);
#743=LINE('',#8637,#1375);
#744=LINE('',#8638,#1376);
#745=LINE('',#8640,#1377);
#746=LINE('',#8643,#1378);
#747=LINE('',#8645,#1379);
#748=LINE('',#8646,#1380);
#749=LINE('',#8649,#1381);
#750=LINE('',#8651,#1382);
#751=LINE('',#8652,#1383);
#752=LINE('',#8658,#1384);
#753=LINE('',#8660,#1385);
#754=LINE('',#8661,#1386);
#755=LINE('',#8667,#1387);
#756=LINE('',#8669,#1388);
#757=LINE('',#8671,#1389);
#758=LINE('',#8672,#1390);
#759=LINE('',#8675,#1391);
#760=LINE('',#8677,#1392);
#761=LINE('',#8678,#1393);
#762=LINE('',#8681,#1394);
#763=LINE('',#8683,#1395);
#764=LINE('',#8684,#1396);
#765=LINE('',#8686,#1397);
#766=LINE('',#8689,#1398);
#767=LINE('',#8691,#1399);
#768=LINE('',#8692,#1400);
#769=LINE('',#8695,#1401);
#770=LINE('',#8697,#1402);
#771=LINE('',#8698,#1403);
#772=LINE('',#8704,#1404);
#773=LINE('',#8706,#1405);
#774=LINE('',#8707,#1406);
#775=LINE('',#8713,#1407);
#776=LINE('',#8715,#1408);
#777=LINE('',#8717,#1409);
#778=LINE('',#8718,#1410);
#779=LINE('',#8721,#1411);
#780=LINE('',#8723,#1412);
#781=LINE('',#8724,#1413);
#782=LINE('',#8727,#1414);
#783=LINE('',#8729,#1415);
#784=LINE('',#8730,#1416);
#785=LINE('',#8732,#1417);
#786=LINE('',#8735,#1418);
#787=LINE('',#8737,#1419);
#788=LINE('',#8738,#1420);
#789=LINE('',#8741,#1421);
#790=LINE('',#8743,#1422);
#791=LINE('',#8744,#1423);
#792=LINE('',#8749,#1424);
#793=LINE('',#8752,#1425);
#794=LINE('',#8753,#1426);
#795=LINE('',#8759,#1427);
#796=LINE('',#8761,#1428);
#797=LINE('',#8763,#1429);
#798=LINE('',#8764,#1430);
#799=LINE('',#8767,#1431);
#800=LINE('',#8769,#1432);
#801=LINE('',#8770,#1433);
#802=LINE('',#8773,#1434);
#803=LINE('',#8775,#1435);
#804=LINE('',#8776,#1436);
#805=LINE('',#8779,#1437);
#806=LINE('',#8781,#1438);
#807=LINE('',#8782,#1439);
#808=LINE('',#8784,#1440);
#809=LINE('',#8785,#1441);
#810=LINE('',#8795,#1442);
#811=LINE('',#8817,#1443);
#812=LINE('',#8823,#1444);
#813=LINE('',#8842,#1445);
#814=LINE('',#8861,#1446);
#815=LINE('',#8864,#1447);
#816=LINE('',#8866,#1448);
#817=LINE('',#8867,#1449);
#818=LINE('',#8886,#1450);
#819=LINE('',#8918,#1451);
#820=LINE('',#8924,#1452);
#821=LINE('',#8927,#1453);
#822=LINE('',#8929,#1454);
#823=LINE('',#8930,#1455);
#824=LINE('',#8941,#1456);
#825=LINE('',#8952,#1457);
#826=LINE('',#8971,#1458);
#827=LINE('',#8990,#1459);
#828=LINE('',#8993,#1460);
#829=LINE('',#8995,#1461);
#830=LINE('',#8996,#1462);
#831=LINE('',#8999,#1463);
#832=LINE('',#9001,#1464);
#833=LINE('',#9002,#1465);
#834=LINE('',#9008,#1466);
#835=LINE('',#9027,#1467);
#836=LINE('',#9046,#1468);
#837=LINE('',#9049,#1469);
#838=LINE('',#9051,#1470);
#839=LINE('',#9052,#1471);
#840=LINE('',#9071,#1472);
#841=LINE('',#9074,#1473);
#842=LINE('',#9076,#1474);
#843=LINE('',#9077,#1475);
#844=LINE('',#9096,#1476);
#845=LINE('',#9119,#1477);
#846=LINE('',#9121,#1478);
#847=LINE('',#9123,#1479);
#848=LINE('',#9124,#1480);
#849=LINE('',#9127,#1481);
#850=LINE('',#9129,#1482);
#851=LINE('',#9130,#1483);
#852=LINE('',#9133,#1484);
#853=LINE('',#9135,#1485);
#854=LINE('',#9136,#1486);
#855=LINE('',#9138,#1487);
#856=LINE('',#9139,#1488);
#857=LINE('',#9145,#1489);
#858=LINE('',#9147,#1490);
#859=LINE('',#9149,#1491);
#860=LINE('',#9150,#1492);
#861=LINE('',#9153,#1493);
#862=LINE('',#9155,#1494);
#863=LINE('',#9156,#1495);
#864=LINE('',#9159,#1496);
#865=LINE('',#9161,#1497);
#866=LINE('',#9162,#1498);
#867=LINE('',#9165,#1499);
#868=LINE('',#9167,#1500);
#869=LINE('',#9168,#1501);
#870=LINE('',#9171,#1502);
#871=LINE('',#9173,#1503);
#872=LINE('',#9174,#1504);
#873=LINE('',#9177,#1505);
#874=LINE('',#9179,#1506);
#875=LINE('',#9180,#1507);
#876=LINE('',#9183,#1508);
#877=LINE('',#9185,#1509);
#878=LINE('',#9186,#1510);
#879=LINE('',#9189,#1511);
#880=LINE('',#9191,#1512);
#881=LINE('',#9192,#1513);
#882=LINE('',#9195,#1514);
#883=LINE('',#9197,#1515);
#884=LINE('',#9198,#1516);
#885=LINE('',#9201,#1517);
#886=LINE('',#9203,#1518);
#887=LINE('',#9204,#1519);
#888=LINE('',#9207,#1520);
#889=LINE('',#9209,#1521);
#890=LINE('',#9210,#1522);
#891=LINE('',#9212,#1523);
#892=LINE('',#9213,#1524);
#893=LINE('',#9219,#1525);
#894=LINE('',#9221,#1526);
#895=LINE('',#9223,#1527);
#896=LINE('',#9224,#1528);
#897=LINE('',#9227,#1529);
#898=LINE('',#9229,#1530);
#899=LINE('',#9230,#1531);
#900=LINE('',#9233,#1532);
#901=LINE('',#9235,#1533);
#902=LINE('',#9236,#1534);
#903=LINE('',#9238,#1535);
#904=LINE('',#9239,#1536);
#905=LINE('',#9245,#1537);
#906=LINE('',#9247,#1538);
#907=LINE('',#9249,#1539);
#908=LINE('',#9250,#1540);
#909=LINE('',#9253,#1541);
#910=LINE('',#9255,#1542);
#911=LINE('',#9256,#1543);
#912=LINE('',#9259,#1544);
#913=LINE('',#9261,#1545);
#914=LINE('',#9262,#1546);
#915=LINE('',#9281,#1547);
#916=LINE('',#9300,#1548);
#917=LINE('',#9303,#1549);
#918=LINE('',#9305,#1550);
#919=LINE('',#9306,#1551);
#920=LINE('',#9309,#1552);
#921=LINE('',#9311,#1553);
#922=LINE('',#9312,#1554);
#923=LINE('',#9315,#1555);
#924=LINE('',#9317,#1556);
#925=LINE('',#9318,#1557);
#926=LINE('',#9337,#1558);
#927=LINE('',#9348,#1559);
#928=LINE('',#9351,#1560);
#929=LINE('',#9353,#1561);
#930=LINE('',#9354,#1562);
#931=LINE('',#9357,#1563);
#932=LINE('',#9359,#1564);
#933=LINE('',#9360,#1565);
#934=LINE('',#9363,#1566);
#935=LINE('',#9365,#1567);
#936=LINE('',#9366,#1568);
#937=LINE('',#9369,#1569);
#938=LINE('',#9371,#1570);
#939=LINE('',#9372,#1571);
#940=LINE('',#9375,#1572);
#941=LINE('',#9377,#1573);
#942=LINE('',#9378,#1574);
#943=LINE('',#9389,#1575);
#944=LINE('',#9408,#1576);
#945=LINE('',#9411,#1577);
#946=LINE('',#9413,#1578);
#947=LINE('',#9414,#1579);
#948=LINE('',#9416,#1580);
#949=LINE('',#9417,#1581);
#950=LINE('',#9423,#1582);
#951=LINE('',#9425,#1583);
#952=LINE('',#9427,#1584);
#953=LINE('',#9428,#1585);
#954=LINE('',#9447,#1586);
#955=LINE('',#9450,#1587);
#956=LINE('',#9452,#1588);
#957=LINE('',#9453,#1589);
#958=LINE('',#9472,#1590);
#959=LINE('',#9475,#1591);
#960=LINE('',#9477,#1592);
#961=LINE('',#9478,#1593);
#962=LINE('',#9497,#1594);
#963=LINE('',#9500,#1595);
#964=LINE('',#9502,#1596);
#965=LINE('',#9503,#1597);
#966=LINE('',#9522,#1598);
#967=LINE('',#9525,#1599);
#968=LINE('',#9527,#1600);
#969=LINE('',#9528,#1601);
#970=LINE('',#9547,#1602);
#971=LINE('',#9550,#1603);
#972=LINE('',#9552,#1604);
#973=LINE('',#9553,#1605);
#974=LINE('',#9575,#1606);
#975=LINE('',#9577,#1607);
#976=LINE('',#9579,#1608);
#977=LINE('',#9580,#1609);
#978=LINE('',#9599,#1610);
#979=LINE('',#9602,#1611);
#980=LINE('',#9604,#1612);
#981=LINE('',#9605,#1613);
#982=LINE('',#9624,#1614);
#983=LINE('',#9627,#1615);
#984=LINE('',#9629,#1616);
#985=LINE('',#9630,#1617);
#986=LINE('',#9649,#1618);
#987=LINE('',#9652,#1619);
#988=LINE('',#9654,#1620);
#989=LINE('',#9655,#1621);
#990=LINE('',#9674,#1622);
#991=LINE('',#9677,#1623);
#992=LINE('',#9679,#1624);
#993=LINE('',#9680,#1625);
#994=LINE('',#9699,#1626);
#995=LINE('',#9702,#1627);
#996=LINE('',#9704,#1628);
#997=LINE('',#9705,#1629);
#998=LINE('',#9727,#1630);
#999=LINE('',#9729,#1631);
#1000=LINE('',#9731,#1632);
#1001=LINE('',#9732,#1633);
#1002=LINE('',#9743,#1634);
#1003=LINE('',#9746,#1635);
#1004=LINE('',#9748,#1636);
#1005=LINE('',#9749,#1637);
#1006=LINE('',#9768,#1638);
#1007=LINE('',#9771,#1639);
#1008=LINE('',#9773,#1640);
#1009=LINE('',#9774,#1641);
#1010=LINE('',#9776,#1642);
#1011=LINE('',#9777,#1643);
#1012=LINE('',#9781,#1644);
#1013=LINE('',#9783,#1645);
#1014=LINE('',#9785,#1646);
#1015=LINE('',#9786,#1647);
#1016=LINE('',#9805,#1648);
#1017=LINE('',#9808,#1649);
#1018=LINE('',#9810,#1650);
#1019=LINE('',#9811,#1651);
#1020=LINE('',#9830,#1652);
#1021=LINE('',#9833,#1653);
#1022=LINE('',#9835,#1654);
#1023=LINE('',#9836,#1655);
#1024=LINE('',#9839,#1656);
#1025=LINE('',#9841,#1657);
#1026=LINE('',#9842,#1658);
#1027=LINE('',#9845,#1659);
#1028=LINE('',#9847,#1660);
#1029=LINE('',#9848,#1661);
#1030=LINE('',#9850,#1662);
#1031=LINE('',#9851,#1663);
#1032=LINE('',#9857,#1664);
#1033=LINE('',#9859,#1665);
#1034=LINE('',#9861,#1666);
#1035=LINE('',#9862,#1667);
#1036=LINE('',#9881,#1668);
#1037=LINE('',#9884,#1669);
#1038=LINE('',#9886,#1670);
#1039=LINE('',#9887,#1671);
#1040=LINE('',#9906,#1672);
#1041=LINE('',#9909,#1673);
#1042=LINE('',#9911,#1674);
#1043=LINE('',#9912,#1675);
#1044=LINE('',#9931,#1676);
#1045=LINE('',#9934,#1677);
#1046=LINE('',#9936,#1678);
#1047=LINE('',#9937,#1679);
#1048=LINE('',#9969,#1680);
#1049=LINE('',#9975,#1681);
#1050=LINE('',#9978,#1682);
#1051=LINE('',#9980,#1683);
#1052=LINE('',#9981,#1684);
#1053=LINE('',#10000,#1685);
#1054=LINE('',#10003,#1686);
#1055=LINE('',#10005,#1687);
#1056=LINE('',#10006,#1688);
#1057=LINE('',#10025,#1689);
#1058=LINE('',#10028,#1690);
#1059=LINE('',#10030,#1691);
#1060=LINE('',#10031,#1692);
#1061=LINE('',#10050,#1693);
#1062=LINE('',#10052,#1694);
#1063=LINE('',#10053,#1695);
#1064=LINE('',#10059,#1696);
#1065=LINE('',#10061,#1697);
#1066=LINE('',#10063,#1698);
#1067=LINE('',#10064,#1699);
#1068=LINE('',#10083,#1700);
#1069=LINE('',#10086,#1701);
#1070=LINE('',#10088,#1702);
#1071=LINE('',#10089,#1703);
#1072=LINE('',#10108,#1704);
#1073=LINE('',#10111,#1705);
#1074=LINE('',#10113,#1706);
#1075=LINE('',#10114,#1707);
#1076=LINE('',#10116,#1708);
#1077=LINE('',#10117,#1709);
#1078=LINE('',#10121,#1710);
#1079=LINE('',#10123,#1711);
#1080=LINE('',#10125,#1712);
#1081=LINE('',#10126,#1713);
#1082=LINE('',#10129,#1714);
#1083=LINE('',#10131,#1715);
#1084=LINE('',#10132,#1716);
#1085=LINE('',#10135,#1717);
#1086=LINE('',#10137,#1718);
#1087=LINE('',#10138,#1719);
#1088=LINE('',#10141,#1720);
#1089=LINE('',#10143,#1721);
#1090=LINE('',#10144,#1722);
#1091=LINE('',#10147,#1723);
#1092=LINE('',#10149,#1724);
#1093=LINE('',#10150,#1725);
#1094=LINE('',#10169,#1726);
#1095=LINE('',#10172,#1727);
#1096=LINE('',#10174,#1728);
#1097=LINE('',#10175,#1729);
#1098=LINE('',#10194,#1730);
#1099=LINE('',#10197,#1731);
#1100=LINE('',#10199,#1732);
#1101=LINE('',#10200,#1733);
#1102=LINE('',#10219,#1734);
#1103=LINE('',#10222,#1735);
#1104=LINE('',#10224,#1736);
#1105=LINE('',#10225,#1737);
#1106=LINE('',#10228,#1738);
#1107=LINE('',#10230,#1739);
#1108=LINE('',#10231,#1740);
#1109=LINE('',#10234,#1741);
#1110=LINE('',#10236,#1742);
#1111=LINE('',#10237,#1743);
#1112=VECTOR('',#6618,0.393700787401575);
#1113=VECTOR('',#6619,0.393700787401575);
#1114=VECTOR('',#6630,0.393700787401575);
#1115=VECTOR('',#6631,0.393700787401575);
#1116=VECTOR('',#6634,0.393700787401575);
#1117=VECTOR('',#6635,0.393700787401575);
#1118=VECTOR('',#6656,0.393700787401575);
#1119=VECTOR('',#6657,0.393700787401575);
#1120=VECTOR('',#6668,0.393700787401575);
#1121=VECTOR('',#6669,0.393700787401575);
#1122=VECTOR('',#6680,0.393700787401575);
#1123=VECTOR('',#6681,0.393700787401575);
#1124=VECTOR('',#6684,0.393700787401575);
#1125=VECTOR('',#6685,0.393700787401575);
#1126=VECTOR('',#6690,0.393700787401575);
#1127=VECTOR('',#6691,0.393700787401575);
#1128=VECTOR('',#6694,0.393700787401575);
#1129=VECTOR('',#6695,0.393700787401575);
#1130=VECTOR('',#6698,0.393700787401575);
#1131=VECTOR('',#6699,0.393700787401575);
#1132=VECTOR('',#6702,0.393700787401575);
#1133=VECTOR('',#6703,0.393700787401575);
#1134=VECTOR('',#6706,0.393700787401575);
#1135=VECTOR('',#6707,0.393700787401575);
#1136=VECTOR('',#6710,0.393700787401575);
#1137=VECTOR('',#6711,0.393700787401575);
#1138=VECTOR('',#6714,0.393700787401575);
#1139=VECTOR('',#6715,0.393700787401575);
#1140=VECTOR('',#6718,0.393700787401575);
#1141=VECTOR('',#6719,0.393700787401575);
#1142=VECTOR('',#6722,0.393700787401575);
#1143=VECTOR('',#6723,0.393700787401575);
#1144=VECTOR('',#6726,0.393700787401575);
#1145=VECTOR('',#6727,0.393700787401575);
#1146=VECTOR('',#6730,0.393700787401575);
#1147=VECTOR('',#6759,0.393700787401575);
#1148=VECTOR('',#6760,0.393700787401575);
#1149=VECTOR('',#6761,0.393700787401575);
#1150=VECTOR('',#6762,0.393700787401575);
#1151=VECTOR('',#6765,0.393700787401575);
#1152=VECTOR('',#6766,0.393700787401575);
#1153=VECTOR('',#6767,0.393700787401575);
#1154=VECTOR('',#6770,0.393700787401575);
#1155=VECTOR('',#6771,0.393700787401575);
#1156=VECTOR('',#6772,0.393700787401575);
#1157=VECTOR('',#6775,0.393700787401575);
#1158=VECTOR('',#6778,0.393700787401575);
#1159=VECTOR('',#6779,0.393700787401575);
#1160=VECTOR('',#6780,0.393700787401575);
#1161=VECTOR('',#6783,0.393700787401575);
#1162=VECTOR('',#6784,0.393700787401575);
#1163=VECTOR('',#6785,0.393700787401575);
#1164=VECTOR('',#6790,0.393700787401575);
#1165=VECTOR('',#6795,0.393700787401575);
#1166=VECTOR('',#6796,0.393700787401575);
#1167=VECTOR('',#6803,0.393700787401575);
#1168=VECTOR('',#6804,0.393700787401575);
#1169=VECTOR('',#6805,0.393700787401575);
#1170=VECTOR('',#6806,0.393700787401575);
#1171=VECTOR('',#6809,0.393700787401575);
#1172=VECTOR('',#6810,0.393700787401575);
#1173=VECTOR('',#6811,0.393700787401575);
#1174=VECTOR('',#6814,0.393700787401575);
#1175=VECTOR('',#6815,0.393700787401575);
#1176=VECTOR('',#6816,0.393700787401575);
#1177=VECTOR('',#6819,0.393700787401575);
#1178=VECTOR('',#6822,0.393700787401575);
#1179=VECTOR('',#6823,0.393700787401575);
#1180=VECTOR('',#6824,0.393700787401575);
#1181=VECTOR('',#6827,0.393700787401575);
#1182=VECTOR('',#6828,0.393700787401575);
#1183=VECTOR('',#6829,0.393700787401575);
#1184=VECTOR('',#6834,0.393700787401575);
#1185=VECTOR('',#6839,0.393700787401575);
#1186=VECTOR('',#6840,0.393700787401575);
#1187=VECTOR('',#6847,0.393700787401575);
#1188=VECTOR('',#6848,0.393700787401575);
#1189=VECTOR('',#6849,0.393700787401575);
#1190=VECTOR('',#6850,0.393700787401575);
#1191=VECTOR('',#6853,0.393700787401575);
#1192=VECTOR('',#6854,0.393700787401575);
#1193=VECTOR('',#6855,0.393700787401575);
#1194=VECTOR('',#6858,0.393700787401575);
#1195=VECTOR('',#6859,0.393700787401575);
#1196=VECTOR('',#6860,0.393700787401575);
#1197=VECTOR('',#6863,0.393700787401575);
#1198=VECTOR('',#6866,0.393700787401575);
#1199=VECTOR('',#6867,0.393700787401575);
#1200=VECTOR('',#6868,0.393700787401575);
#1201=VECTOR('',#6871,0.393700787401575);
#1202=VECTOR('',#6872,0.393700787401575);
#1203=VECTOR('',#6873,0.393700787401575);
#1204=VECTOR('',#6878,0.393700787401575);
#1205=VECTOR('',#6883,0.393700787401575);
#1206=VECTOR('',#6884,0.393700787401575);
#1207=VECTOR('',#6891,0.393700787401575);
#1208=VECTOR('',#6892,0.393700787401575);
#1209=VECTOR('',#6893,0.393700787401575);
#1210=VECTOR('',#6894,0.393700787401575);
#1211=VECTOR('',#6897,0.393700787401575);
#1212=VECTOR('',#6898,0.393700787401575);
#1213=VECTOR('',#6899,0.393700787401575);
#1214=VECTOR('',#6902,0.393700787401575);
#1215=VECTOR('',#6903,0.393700787401575);
#1216=VECTOR('',#6904,0.393700787401575);
#1217=VECTOR('',#6907,0.393700787401575);
#1218=VECTOR('',#6910,0.393700787401575);
#1219=VECTOR('',#6911,0.393700787401575);
#1220=VECTOR('',#6912,0.393700787401575);
#1221=VECTOR('',#6915,0.393700787401575);
#1222=VECTOR('',#6916,0.393700787401575);
#1223=VECTOR('',#6917,0.393700787401575);
#1224=VECTOR('',#6922,0.393700787401575);
#1225=VECTOR('',#6927,0.393700787401575);
#1226=VECTOR('',#6928,0.393700787401575);
#1227=VECTOR('',#6935,0.393700787401575);
#1228=VECTOR('',#6936,0.393700787401575);
#1229=VECTOR('',#6937,0.393700787401575);
#1230=VECTOR('',#6938,0.393700787401575);
#1231=VECTOR('',#6941,0.393700787401575);
#1232=VECTOR('',#6942,0.393700787401575);
#1233=VECTOR('',#6943,0.393700787401575);
#1234=VECTOR('',#6946,0.393700787401575);
#1235=VECTOR('',#6947,0.393700787401575);
#1236=VECTOR('',#6948,0.393700787401575);
#1237=VECTOR('',#6951,0.393700787401575);
#1238=VECTOR('',#6954,0.393700787401575);
#1239=VECTOR('',#6955,0.393700787401575);
#1240=VECTOR('',#6956,0.393700787401575);
#1241=VECTOR('',#6959,0.393700787401575);
#1242=VECTOR('',#6960,0.393700787401575);
#1243=VECTOR('',#6961,0.393700787401575);
#1244=VECTOR('',#6966,0.393700787401575);
#1245=VECTOR('',#6971,0.393700787401575);
#1246=VECTOR('',#6972,0.393700787401575);
#1247=VECTOR('',#6979,0.393700787401575);
#1248=VECTOR('',#6980,0.393700787401575);
#1249=VECTOR('',#6981,0.393700787401575);
#1250=VECTOR('',#6982,0.393700787401575);
#1251=VECTOR('',#6985,0.393700787401575);
#1252=VECTOR('',#6986,0.393700787401575);
#1253=VECTOR('',#6987,0.393700787401575);
#1254=VECTOR('',#6990,0.393700787401575);
#1255=VECTOR('',#6991,0.393700787401575);
#1256=VECTOR('',#6992,0.393700787401575);
#1257=VECTOR('',#6995,0.393700787401575);
#1258=VECTOR('',#6998,0.393700787401575);
#1259=VECTOR('',#6999,0.393700787401575);
#1260=VECTOR('',#7000,0.393700787401575);
#1261=VECTOR('',#7003,0.393700787401575);
#1262=VECTOR('',#7004,0.393700787401575);
#1263=VECTOR('',#7005,0.393700787401575);
#1264=VECTOR('',#7010,0.393700787401575);
#1265=VECTOR('',#7015,0.393700787401575);
#1266=VECTOR('',#7016,0.393700787401575);
#1267=VECTOR('',#7023,0.393700787401575);
#1268=VECTOR('',#7024,0.393700787401575);
#1269=VECTOR('',#7025,0.393700787401575);
#1270=VECTOR('',#7026,0.393700787401575);
#1271=VECTOR('',#7029,0.393700787401575);
#1272=VECTOR('',#7030,0.393700787401575);
#1273=VECTOR('',#7031,0.393700787401575);
#1274=VECTOR('',#7034,0.393700787401575);
#1275=VECTOR('',#7035,0.393700787401575);
#1276=VECTOR('',#7036,0.393700787401575);
#1277=VECTOR('',#7039,0.393700787401575);
#1278=VECTOR('',#7042,0.393700787401575);
#1279=VECTOR('',#7043,0.393700787401575);
#1280=VECTOR('',#7044,0.393700787401575);
#1281=VECTOR('',#7047,0.393700787401575);
#1282=VECTOR('',#7048,0.393700787401575);
#1283=VECTOR('',#7049,0.393700787401575);
#1284=VECTOR('',#7056,0.393700787401575);
#1285=VECTOR('',#7059,0.393700787401575);
#1286=VECTOR('',#7060,0.393700787401575);
#1287=VECTOR('',#7067,0.393700787401575);
#1288=VECTOR('',#7068,0.393700787401575);
#1289=VECTOR('',#7069,0.393700787401575);
#1290=VECTOR('',#7070,0.393700787401575);
#1291=VECTOR('',#7073,0.393700787401575);
#1292=VECTOR('',#7074,0.393700787401575);
#1293=VECTOR('',#7075,0.393700787401575);
#1294=VECTOR('',#7078,0.393700787401575);
#1295=VECTOR('',#7079,0.393700787401575);
#1296=VECTOR('',#7080,0.393700787401575);
#1297=VECTOR('',#7083,0.393700787401575);
#1298=VECTOR('',#7086,0.393700787401575);
#1299=VECTOR('',#7087,0.393700787401575);
#1300=VECTOR('',#7088,0.393700787401575);
#1301=VECTOR('',#7091,0.393700787401575);
#1302=VECTOR('',#7092,0.393700787401575);
#1303=VECTOR('',#7093,0.393700787401575);
#1304=VECTOR('',#7100,0.393700787401575);
#1305=VECTOR('',#7103,0.393700787401575);
#1306=VECTOR('',#7104,0.393700787401575);
#1307=VECTOR('',#7111,0.393700787401575);
#1308=VECTOR('',#7112,0.393700787401575);
#1309=VECTOR('',#7113,0.393700787401575);
#1310=VECTOR('',#7114,0.393700787401575);
#1311=VECTOR('',#7117,0.393700787401575);
#1312=VECTOR('',#7118,0.393700787401575);
#1313=VECTOR('',#7119,0.393700787401575);
#1314=VECTOR('',#7122,0.393700787401575);
#1315=VECTOR('',#7123,0.393700787401575);
#1316=VECTOR('',#7124,0.393700787401575);
#1317=VECTOR('',#7127,0.393700787401575);
#1318=VECTOR('',#7130,0.393700787401575);
#1319=VECTOR('',#7131,0.393700787401575);
#1320=VECTOR('',#7132,0.393700787401575);
#1321=VECTOR('',#7135,0.393700787401575);
#1322=VECTOR('',#7136,0.393700787401575);
#1323=VECTOR('',#7137,0.393700787401575);
#1324=VECTOR('',#7144,0.393700787401575);
#1325=VECTOR('',#7147,0.393700787401575);
#1326=VECTOR('',#7148,0.393700787401575);
#1327=VECTOR('',#7155,0.393700787401575);
#1328=VECTOR('',#7156,0.393700787401575);
#1329=VECTOR('',#7157,0.393700787401575);
#1330=VECTOR('',#7158,0.393700787401575);
#1331=VECTOR('',#7161,0.393700787401575);
#1332=VECTOR('',#7162,0.393700787401575);
#1333=VECTOR('',#7163,0.393700787401575);
#1334=VECTOR('',#7166,0.393700787401575);
#1335=VECTOR('',#7167,0.393700787401575);
#1336=VECTOR('',#7168,0.393700787401575);
#1337=VECTOR('',#7171,0.393700787401575);
#1338=VECTOR('',#7174,0.393700787401575);
#1339=VECTOR('',#7175,0.393700787401575);
#1340=VECTOR('',#7176,0.393700787401575);
#1341=VECTOR('',#7179,0.393700787401575);
#1342=VECTOR('',#7180,0.393700787401575);
#1343=VECTOR('',#7181,0.393700787401575);
#1344=VECTOR('',#7188,0.393700787401575);
#1345=VECTOR('',#7191,0.393700787401575);
#1346=VECTOR('',#7192,0.393700787401575);
#1347=VECTOR('',#7199,0.393700787401575);
#1348=VECTOR('',#7200,0.393700787401575);
#1349=VECTOR('',#7201,0.393700787401575);
#1350=VECTOR('',#7202,0.393700787401575);
#1351=VECTOR('',#7205,0.393700787401575);
#1352=VECTOR('',#7206,0.393700787401575);
#1353=VECTOR('',#7207,0.393700787401575);
#1354=VECTOR('',#7210,0.393700787401575);
#1355=VECTOR('',#7211,0.393700787401575);
#1356=VECTOR('',#7212,0.393700787401575);
#1357=VECTOR('',#7215,0.393700787401575);
#1358=VECTOR('',#7218,0.393700787401575);
#1359=VECTOR('',#7219,0.393700787401575);
#1360=VECTOR('',#7220,0.393700787401575);
#1361=VECTOR('',#7223,0.393700787401575);
#1362=VECTOR('',#7224,0.393700787401575);
#1363=VECTOR('',#7225,0.393700787401575);
#1364=VECTOR('',#7232,0.393700787401575);
#1365=VECTOR('',#7235,0.393700787401575);
#1366=VECTOR('',#7236,0.393700787401575);
#1367=VECTOR('',#7243,0.393700787401575);
#1368=VECTOR('',#7244,0.393700787401575);
#1369=VECTOR('',#7245,0.393700787401575);
#1370=VECTOR('',#7246,0.393700787401575);
#1371=VECTOR('',#7249,0.393700787401575);
#1372=VECTOR('',#7250,0.393700787401575);
#1373=VECTOR('',#7251,0.393700787401575);
#1374=VECTOR('',#7254,0.393700787401575);
#1375=VECTOR('',#7255,0.393700787401575);
#1376=VECTOR('',#7256,0.393700787401575);
#1377=VECTOR('',#7259,0.393700787401575);
#1378=VECTOR('',#7262,0.393700787401575);
#1379=VECTOR('',#7263,0.393700787401575);
#1380=VECTOR('',#7264,0.393700787401575);
#1381=VECTOR('',#7267,0.393700787401575);
#1382=VECTOR('',#7268,0.393700787401575);
#1383=VECTOR('',#7269,0.393700787401575);
#1384=VECTOR('',#7276,0.393700787401575);
#1385=VECTOR('',#7279,0.393700787401575);
#1386=VECTOR('',#7280,0.393700787401575);
#1387=VECTOR('',#7287,0.393700787401575);
#1388=VECTOR('',#7288,0.393700787401575);
#1389=VECTOR('',#7289,0.393700787401575);
#1390=VECTOR('',#7290,0.393700787401575);
#1391=VECTOR('',#7293,0.393700787401575);
#1392=VECTOR('',#7294,0.393700787401575);
#1393=VECTOR('',#7295,0.393700787401575);
#1394=VECTOR('',#7298,0.393700787401575);
#1395=VECTOR('',#7299,0.393700787401575);
#1396=VECTOR('',#7300,0.393700787401575);
#1397=VECTOR('',#7303,0.393700787401575);
#1398=VECTOR('',#7306,0.393700787401575);
#1399=VECTOR('',#7307,0.393700787401575);
#1400=VECTOR('',#7308,0.393700787401575);
#1401=VECTOR('',#7311,0.393700787401575);
#1402=VECTOR('',#7312,0.393700787401575);
#1403=VECTOR('',#7313,0.393700787401575);
#1404=VECTOR('',#7320,0.393700787401575);
#1405=VECTOR('',#7323,0.393700787401575);
#1406=VECTOR('',#7324,0.393700787401575);
#1407=VECTOR('',#7331,0.393700787401575);
#1408=VECTOR('',#7332,0.393700787401575);
#1409=VECTOR('',#7333,0.393700787401575);
#1410=VECTOR('',#7334,0.393700787401575);
#1411=VECTOR('',#7337,0.393700787401575);
#1412=VECTOR('',#7338,0.393700787401575);
#1413=VECTOR('',#7339,0.393700787401575);
#1414=VECTOR('',#7342,0.393700787401575);
#1415=VECTOR('',#7343,0.393700787401575);
#1416=VECTOR('',#7344,0.393700787401575);
#1417=VECTOR('',#7347,0.393700787401575);
#1418=VECTOR('',#7350,0.393700787401575);
#1419=VECTOR('',#7351,0.393700787401575);
#1420=VECTOR('',#7352,0.393700787401575);
#1421=VECTOR('',#7355,0.393700787401575);
#1422=VECTOR('',#7356,0.393700787401575);
#1423=VECTOR('',#7357,0.393700787401575);
#1424=VECTOR('',#7362,0.393700787401575);
#1425=VECTOR('',#7367,0.393700787401575);
#1426=VECTOR('',#7368,0.393700787401575);
#1427=VECTOR('',#7375,0.393700787401575);
#1428=VECTOR('',#7376,0.393700787401575);
#1429=VECTOR('',#7377,0.393700787401575);
#1430=VECTOR('',#7378,0.393700787401575);
#1431=VECTOR('',#7381,0.393700787401575);
#1432=VECTOR('',#7382,0.393700787401575);
#1433=VECTOR('',#7383,0.393700787401575);
#1434=VECTOR('',#7386,0.393700787401575);
#1435=VECTOR('',#7387,0.393700787401575);
#1436=VECTOR('',#7388,0.393700787401575);
#1437=VECTOR('',#7391,0.393700787401575);
#1438=VECTOR('',#7392,0.393700787401575);
#1439=VECTOR('',#7393,0.393700787401575);
#1440=VECTOR('',#7396,0.393700787401575);
#1441=VECTOR('',#7397,0.393700787401575);
#1442=VECTOR('',#7410,0.00787401574803149);
#1443=VECTOR('',#7421,0.393700787401575);
#1444=VECTOR('',#7422,0.393700787401575);
#1445=VECTOR('',#7423,0.393700787401575);
#1446=VECTOR('',#7424,0.393700787401575);
#1447=VECTOR('',#7427,0.393700787401575);
#1448=VECTOR('',#7428,0.393700787401575);
#1449=VECTOR('',#7429,0.393700787401575);
#1450=VECTOR('',#7430,0.393700787401575);
#1451=VECTOR('',#7431,0.393700787401575);
#1452=VECTOR('',#7432,0.393700787401575);
#1453=VECTOR('',#7435,0.393700787401575);
#1454=VECTOR('',#7436,0.393700787401575);
#1455=VECTOR('',#7437,0.393700787401575);
#1456=VECTOR('',#7442,0.393700787401575);
#1457=VECTOR('',#7447,0.393700787401575);
#1458=VECTOR('',#7448,0.393700787401575);
#1459=VECTOR('',#7449,0.393700787401575);
#1460=VECTOR('',#7452,0.393700787401575);
#1461=VECTOR('',#7453,0.393700787401575);
#1462=VECTOR('',#7454,0.393700787401575);
#1463=VECTOR('',#7457,0.393700787401575);
#1464=VECTOR('',#7458,0.393700787401575);
#1465=VECTOR('',#7459,0.393700787401575);
#1466=VECTOR('',#7466,0.393700787401575);
#1467=VECTOR('',#7467,0.393700787401575);
#1468=VECTOR('',#7468,0.393700787401575);
#1469=VECTOR('',#7471,0.393700787401575);
#1470=VECTOR('',#7472,0.393700787401575);
#1471=VECTOR('',#7473,0.393700787401575);
#1472=VECTOR('',#7474,0.393700787401575);
#1473=VECTOR('',#7477,0.393700787401575);
#1474=VECTOR('',#7478,0.393700787401575);
#1475=VECTOR('',#7479,0.393700787401575);
#1476=VECTOR('',#7480,0.393700787401575);
#1477=VECTOR('',#7489,0.393700787401575);
#1478=VECTOR('',#7490,0.393700787401575);
#1479=VECTOR('',#7491,0.393700787401575);
#1480=VECTOR('',#7492,0.393700787401575);
#1481=VECTOR('',#7495,0.393700787401575);
#1482=VECTOR('',#7496,0.393700787401575);
#1483=VECTOR('',#7497,0.393700787401575);
#1484=VECTOR('',#7500,0.393700787401575);
#1485=VECTOR('',#7501,0.393700787401575);
#1486=VECTOR('',#7502,0.393700787401575);
#1487=VECTOR('',#7505,0.393700787401575);
#1488=VECTOR('',#7506,0.393700787401575);
#1489=VECTOR('',#7513,0.393700787401575);
#1490=VECTOR('',#7514,0.393700787401575);
#1491=VECTOR('',#7515,0.393700787401575);
#1492=VECTOR('',#7516,0.393700787401575);
#1493=VECTOR('',#7519,0.393700787401575);
#1494=VECTOR('',#7520,0.393700787401575);
#1495=VECTOR('',#7521,0.393700787401575);
#1496=VECTOR('',#7524,0.393700787401575);
#1497=VECTOR('',#7525,0.393700787401575);
#1498=VECTOR('',#7526,0.393700787401575);
#1499=VECTOR('',#7529,0.393700787401575);
#1500=VECTOR('',#7530,0.393700787401575);
#1501=VECTOR('',#7531,0.393700787401575);
#1502=VECTOR('',#7534,0.393700787401575);
#1503=VECTOR('',#7535,0.393700787401575);
#1504=VECTOR('',#7536,0.393700787401575);
#1505=VECTOR('',#7539,0.393700787401575);
#1506=VECTOR('',#7540,0.393700787401575);
#1507=VECTOR('',#7541,0.393700787401575);
#1508=VECTOR('',#7544,0.393700787401575);
#1509=VECTOR('',#7545,0.393700787401575);
#1510=VECTOR('',#7546,0.393700787401575);
#1511=VECTOR('',#7549,0.393700787401575);
#1512=VECTOR('',#7550,0.393700787401575);
#1513=VECTOR('',#7551,0.393700787401575);
#1514=VECTOR('',#7554,0.393700787401575);
#1515=VECTOR('',#7555,0.393700787401575);
#1516=VECTOR('',#7556,0.393700787401575);
#1517=VECTOR('',#7559,0.393700787401575);
#1518=VECTOR('',#7560,0.393700787401575);
#1519=VECTOR('',#7561,0.393700787401575);
#1520=VECTOR('',#7564,0.393700787401575);
#1521=VECTOR('',#7565,0.393700787401575);
#1522=VECTOR('',#7566,0.393700787401575);
#1523=VECTOR('',#7569,0.393700787401575);
#1524=VECTOR('',#7570,0.393700787401575);
#1525=VECTOR('',#7577,0.393700787401575);
#1526=VECTOR('',#7578,0.393700787401575);
#1527=VECTOR('',#7579,0.393700787401575);
#1528=VECTOR('',#7580,0.393700787401575);
#1529=VECTOR('',#7583,0.393700787401575);
#1530=VECTOR('',#7584,0.393700787401575);
#1531=VECTOR('',#7585,0.393700787401575);
#1532=VECTOR('',#7588,0.393700787401575);
#1533=VECTOR('',#7589,0.393700787401575);
#1534=VECTOR('',#7590,0.393700787401575);
#1535=VECTOR('',#7593,0.393700787401575);
#1536=VECTOR('',#7594,0.393700787401575);
#1537=VECTOR('',#7601,0.393700787401575);
#1538=VECTOR('',#7602,0.393700787401575);
#1539=VECTOR('',#7603,0.393700787401575);
#1540=VECTOR('',#7604,0.393700787401575);
#1541=VECTOR('',#7607,0.393700787401575);
#1542=VECTOR('',#7608,0.393700787401575);
#1543=VECTOR('',#7609,0.393700787401575);
#1544=VECTOR('',#7612,0.393700787401575);
#1545=VECTOR('',#7613,0.393700787401575);
#1546=VECTOR('',#7614,0.393700787401575);
#1547=VECTOR('',#7615,0.393700787401575);
#1548=VECTOR('',#7616,0.393700787401575);
#1549=VECTOR('',#7619,0.393700787401575);
#1550=VECTOR('',#7620,0.393700787401575);
#1551=VECTOR('',#7621,0.393700787401575);
#1552=VECTOR('',#7624,0.393700787401575);
#1553=VECTOR('',#7625,0.393700787401575);
#1554=VECTOR('',#7626,0.393700787401575);
#1555=VECTOR('',#7629,0.393700787401575);
#1556=VECTOR('',#7630,0.393700787401575);
#1557=VECTOR('',#7631,0.393700787401575);
#1558=VECTOR('',#7632,0.393700787401575);
#1559=VECTOR('',#7637,0.393700787401575);
#1560=VECTOR('',#7640,0.393700787401575);
#1561=VECTOR('',#7641,0.393700787401575);
#1562=VECTOR('',#7642,0.393700787401575);
#1563=VECTOR('',#7645,0.393700787401575);
#1564=VECTOR('',#7646,0.393700787401575);
#1565=VECTOR('',#7647,0.393700787401575);
#1566=VECTOR('',#7650,0.393700787401575);
#1567=VECTOR('',#7651,0.393700787401575);
#1568=VECTOR('',#7652,0.393700787401575);
#1569=VECTOR('',#7655,0.393700787401575);
#1570=VECTOR('',#7656,0.393700787401575);
#1571=VECTOR('',#7657,0.393700787401575);
#1572=VECTOR('',#7660,0.393700787401575);
#1573=VECTOR('',#7661,0.393700787401575);
#1574=VECTOR('',#7662,0.393700787401575);
#1575=VECTOR('',#7667,0.393700787401575);
#1576=VECTOR('',#7668,0.393700787401575);
#1577=VECTOR('',#7671,0.393700787401575);
#1578=VECTOR('',#7672,0.393700787401575);
#1579=VECTOR('',#7673,0.393700787401575);
#1580=VECTOR('',#7676,0.393700787401575);
#1581=VECTOR('',#7677,0.393700787401575);
#1582=VECTOR('',#7684,0.393700787401575);
#1583=VECTOR('',#7685,0.393700787401575);
#1584=VECTOR('',#7686,0.393700787401575);
#1585=VECTOR('',#7687,0.393700787401575);
#1586=VECTOR('',#7688,0.393700787401575);
#1587=VECTOR('',#7691,0.393700787401575);
#1588=VECTOR('',#7692,0.393700787401575);
#1589=VECTOR('',#7693,0.393700787401575);
#1590=VECTOR('',#7694,0.393700787401575);
#1591=VECTOR('',#7697,0.393700787401575);
#1592=VECTOR('',#7698,0.393700787401575);
#1593=VECTOR('',#7699,0.393700787401575);
#1594=VECTOR('',#7700,0.393700787401575);
#1595=VECTOR('',#7703,0.393700787401575);
#1596=VECTOR('',#7704,0.393700787401575);
#1597=VECTOR('',#7705,0.393700787401575);
#1598=VECTOR('',#7706,0.393700787401575);
#1599=VECTOR('',#7709,0.393700787401575);
#1600=VECTOR('',#7710,0.393700787401575);
#1601=VECTOR('',#7711,0.393700787401575);
#1602=VECTOR('',#7712,0.393700787401575);
#1603=VECTOR('',#7715,0.393700787401575);
#1604=VECTOR('',#7716,0.393700787401575);
#1605=VECTOR('',#7717,0.393700787401575);
#1606=VECTOR('',#7724,0.393700787401575);
#1607=VECTOR('',#7725,0.393700787401575);
#1608=VECTOR('',#7726,0.393700787401575);
#1609=VECTOR('',#7727,0.393700787401575);
#1610=VECTOR('',#7728,0.393700787401575);
#1611=VECTOR('',#7731,0.393700787401575);
#1612=VECTOR('',#7732,0.393700787401575);
#1613=VECTOR('',#7733,0.393700787401575);
#1614=VECTOR('',#7734,0.393700787401575);
#1615=VECTOR('',#7737,0.393700787401575);
#1616=VECTOR('',#7738,0.393700787401575);
#1617=VECTOR('',#7739,0.393700787401575);
#1618=VECTOR('',#7740,0.393700787401575);
#1619=VECTOR('',#7743,0.393700787401575);
#1620=VECTOR('',#7744,0.393700787401575);
#1621=VECTOR('',#7745,0.393700787401575);
#1622=VECTOR('',#7746,0.393700787401575);
#1623=VECTOR('',#7749,0.393700787401575);
#1624=VECTOR('',#7750,0.393700787401575);
#1625=VECTOR('',#7751,0.393700787401575);
#1626=VECTOR('',#7752,0.393700787401575);
#1627=VECTOR('',#7755,0.393700787401575);
#1628=VECTOR('',#7756,0.393700787401575);
#1629=VECTOR('',#7757,0.393700787401575);
#1630=VECTOR('',#7764,0.393700787401575);
#1631=VECTOR('',#7765,0.393700787401575);
#1632=VECTOR('',#7766,0.393700787401575);
#1633=VECTOR('',#7767,0.393700787401575);
#1634=VECTOR('',#7772,0.393700787401575);
#1635=VECTOR('',#7775,0.393700787401575);
#1636=VECTOR('',#7776,0.393700787401575);
#1637=VECTOR('',#7777,0.393700787401575);
#1638=VECTOR('',#7778,0.393700787401575);
#1639=VECTOR('',#7781,0.393700787401575);
#1640=VECTOR('',#7782,0.393700787401575);
#1641=VECTOR('',#7783,0.393700787401575);
#1642=VECTOR('',#7786,0.393700787401575);
#1643=VECTOR('',#7787,0.393700787401575);
#1644=VECTOR('',#7790,0.393700787401575);
#1645=VECTOR('',#7791,0.393700787401575);
#1646=VECTOR('',#7792,0.393700787401575);
#1647=VECTOR('',#7793,0.393700787401575);
#1648=VECTOR('',#7794,0.393700787401575);
#1649=VECTOR('',#7797,0.393700787401575);
#1650=VECTOR('',#7798,0.393700787401575);
#1651=VECTOR('',#7799,0.393700787401575);
#1652=VECTOR('',#7800,0.393700787401575);
#1653=VECTOR('',#7803,0.393700787401575);
#1654=VECTOR('',#7804,0.393700787401575);
#1655=VECTOR('',#7805,0.393700787401575);
#1656=VECTOR('',#7808,0.393700787401575);
#1657=VECTOR('',#7809,0.393700787401575);
#1658=VECTOR('',#7810,0.393700787401575);
#1659=VECTOR('',#7813,0.393700787401575);
#1660=VECTOR('',#7814,0.393700787401575);
#1661=VECTOR('',#7815,0.393700787401575);
#1662=VECTOR('',#7818,0.393700787401575);
#1663=VECTOR('',#7819,0.393700787401575);
#1664=VECTOR('',#7826,0.393700787401575);
#1665=VECTOR('',#7827,0.393700787401575);
#1666=VECTOR('',#7828,0.393700787401575);
#1667=VECTOR('',#7829,0.393700787401575);
#1668=VECTOR('',#7830,0.393700787401575);
#1669=VECTOR('',#7833,0.393700787401575);
#1670=VECTOR('',#7834,0.393700787401575);
#1671=VECTOR('',#7835,0.393700787401575);
#1672=VECTOR('',#7836,0.393700787401575);
#1673=VECTOR('',#7839,0.393700787401575);
#1674=VECTOR('',#7840,0.393700787401575);
#1675=VECTOR('',#7841,0.393700787401575);
#1676=VECTOR('',#7842,0.393700787401575);
#1677=VECTOR('',#7845,0.393700787401575);
#1678=VECTOR('',#7846,0.393700787401575);
#1679=VECTOR('',#7847,0.393700787401575);
#1680=VECTOR('',#7848,0.393700787401575);
#1681=VECTOR('',#7849,0.393700787401575);
#1682=VECTOR('',#7852,0.393700787401575);
#1683=VECTOR('',#7853,0.393700787401575);
#1684=VECTOR('',#7854,0.393700787401575);
#1685=VECTOR('',#7855,0.393700787401575);
#1686=VECTOR('',#7858,0.393700787401575);
#1687=VECTOR('',#7859,0.393700787401575);
#1688=VECTOR('',#7860,0.393700787401575);
#1689=VECTOR('',#7861,0.393700787401575);
#1690=VECTOR('',#7864,0.393700787401575);
#1691=VECTOR('',#7865,0.393700787401575);
#1692=VECTOR('',#7866,0.393700787401575);
#1693=VECTOR('',#7867,0.393700787401575);
#1694=VECTOR('',#7870,0.393700787401575);
#1695=VECTOR('',#7871,0.393700787401575);
#1696=VECTOR('',#7878,0.393700787401575);
#1697=VECTOR('',#7879,0.393700787401575);
#1698=VECTOR('',#7880,0.393700787401575);
#1699=VECTOR('',#7881,0.393700787401575);
#1700=VECTOR('',#7882,0.393700787401575);
#1701=VECTOR('',#7885,0.393700787401575);
#1702=VECTOR('',#7886,0.393700787401575);
#1703=VECTOR('',#7887,0.393700787401575);
#1704=VECTOR('',#7888,0.393700787401575);
#1705=VECTOR('',#7891,0.393700787401575);
#1706=VECTOR('',#7892,0.393700787401575);
#1707=VECTOR('',#7893,0.393700787401575);
#1708=VECTOR('',#7896,0.393700787401575);
#1709=VECTOR('',#7897,0.393700787401575);
#1710=VECTOR('',#7900,0.393700787401575);
#1711=VECTOR('',#7901,0.393700787401575);
#1712=VECTOR('',#7902,0.393700787401575);
#1713=VECTOR('',#7903,0.393700787401575);
#1714=VECTOR('',#7906,0.393700787401575);
#1715=VECTOR('',#7907,0.393700787401575);
#1716=VECTOR('',#7908,0.393700787401575);
#1717=VECTOR('',#7911,0.393700787401575);
#1718=VECTOR('',#7912,0.393700787401575);
#1719=VECTOR('',#7913,0.393700787401575);
#1720=VECTOR('',#7916,0.393700787401575);
#1721=VECTOR('',#7917,0.393700787401575);
#1722=VECTOR('',#7918,0.393700787401575);
#1723=VECTOR('',#7921,0.393700787401575);
#1724=VECTOR('',#7922,0.393700787401575);
#1725=VECTOR('',#7923,0.393700787401575);
#1726=VECTOR('',#7924,0.393700787401575);
#1727=VECTOR('',#7927,0.393700787401575);
#1728=VECTOR('',#7928,0.393700787401575);
#1729=VECTOR('',#7929,0.393700787401575);
#1730=VECTOR('',#7930,0.393700787401575);
#1731=VECTOR('',#7933,0.393700787401575);
#1732=VECTOR('',#7934,0.393700787401575);
#1733=VECTOR('',#7935,0.393700787401575);
#1734=VECTOR('',#7936,0.393700787401575);
#1735=VECTOR('',#7939,0.393700787401575);
#1736=VECTOR('',#7940,0.393700787401575);
#1737=VECTOR('',#7941,0.393700787401575);
#1738=VECTOR('',#7944,0.393700787401575);
#1739=VECTOR('',#7945,0.393700787401575);
#1740=VECTOR('',#7946,0.393700787401575);
#1741=VECTOR('',#7949,0.393700787401575);
#1742=VECTOR('',#7950,0.393700787401575);
#1743=VECTOR('',#7951,0.393700787401575);
#1744=CYLINDRICAL_SURFACE('',#6213,0.000590551181102362);
#1745=CYLINDRICAL_SURFACE('',#6218,0.000590551181102362);
#1746=CYLINDRICAL_SURFACE('',#6219,0.000590551181102362);
#1747=CYLINDRICAL_SURFACE('',#6229,0.000590551181102362);
#1748=CYLINDRICAL_SURFACE('',#6234,0.000590551181102362);
#1749=CYLINDRICAL_SURFACE('',#6239,0.000590551181102362);
#1750=CYLINDRICAL_SURFACE('',#6240,0.000590551181102362);
#1751=CYLINDRICAL_SURFACE('',#6242,0.000590551181102362);
#1752=CYLINDRICAL_SURFACE('',#6243,0.000590551181102362);
#1753=CYLINDRICAL_SURFACE('',#6244,0.000590551181102362);
#1754=CYLINDRICAL_SURFACE('',#6245,0.000590551181102362);
#1755=CYLINDRICAL_SURFACE('',#6246,0.000590551181102362);
#1756=CYLINDRICAL_SURFACE('',#6247,0.000590551181102362);
#1757=CYLINDRICAL_SURFACE('',#6248,0.000590551181102362);
#1758=CYLINDRICAL_SURFACE('',#6249,0.000590551181102362);
#1759=CYLINDRICAL_SURFACE('',#6250,0.000590551181102362);
#1760=CYLINDRICAL_SURFACE('',#6251,0.000590551181102362);
#1761=CYLINDRICAL_SURFACE('',#6272,0.00629921259842519);
#1762=CYLINDRICAL_SURFACE('',#6284,0.00629921259842519);
#1763=CYLINDRICAL_SURFACE('',#6296,0.00629921259842519);
#1764=CYLINDRICAL_SURFACE('',#6308,0.00629921259842519);
#1765=CYLINDRICAL_SURFACE('',#6320,0.00629921259842519);
#1766=CYLINDRICAL_SURFACE('',#6332,0.00629921259842519);
#1767=CYLINDRICAL_SURFACE('',#6344,0.00629921259842519);
#1768=CYLINDRICAL_SURFACE('',#6356,0.00629921259842519);
#1769=CYLINDRICAL_SURFACE('',#6368,0.00629921259842519);
#1770=CYLINDRICAL_SURFACE('',#6380,0.00629921259842519);
#1771=CYLINDRICAL_SURFACE('',#6392,0.00629921259842519);
#1772=CYLINDRICAL_SURFACE('',#6404,0.00629921259842519);
#1773=CYLINDRICAL_SURFACE('',#6416,0.00629921259842519);
#1774=CYLINDRICAL_SURFACE('',#6428,0.00629921259842519);
#1775=CYLINDRICAL_SURFACE('',#6442,0.00787401574803149);
#1776=CYLINDRICAL_SURFACE('',#6458,0.00991151537658416);
#1777=FACE_OUTER_BOUND('',#2119,.T.);
#1778=FACE_OUTER_BOUND('',#2120,.T.);
#1779=FACE_OUTER_BOUND('',#2121,.T.);
#1780=FACE_OUTER_BOUND('',#2122,.T.);
#1781=FACE_OUTER_BOUND('',#2123,.T.);
#1782=FACE_OUTER_BOUND('',#2124,.T.);
#1783=FACE_OUTER_BOUND('',#2125,.T.);
#1784=FACE_OUTER_BOUND('',#2126,.T.);
#1785=FACE_OUTER_BOUND('',#2127,.T.);
#1786=FACE_OUTER_BOUND('',#2128,.T.);
#1787=FACE_OUTER_BOUND('',#2129,.T.);
#1788=FACE_OUTER_BOUND('',#2130,.T.);
#1789=FACE_OUTER_BOUND('',#2131,.T.);
#1790=FACE_OUTER_BOUND('',#2132,.T.);
#1791=FACE_OUTER_BOUND('',#2133,.T.);
#1792=FACE_OUTER_BOUND('',#2134,.T.);
#1793=FACE_OUTER_BOUND('',#2135,.T.);
#1794=FACE_OUTER_BOUND('',#2136,.T.);
#1795=FACE_OUTER_BOUND('',#2137,.T.);
#1796=FACE_OUTER_BOUND('',#2138,.T.);
#1797=FACE_OUTER_BOUND('',#2139,.T.);
#1798=FACE_OUTER_BOUND('',#2140,.T.);
#1799=FACE_OUTER_BOUND('',#2141,.T.);
#1800=FACE_OUTER_BOUND('',#2142,.T.);
#1801=FACE_OUTER_BOUND('',#2143,.T.);
#1802=FACE_OUTER_BOUND('',#2144,.T.);
#1803=FACE_OUTER_BOUND('',#2145,.T.);
#1804=FACE_OUTER_BOUND('',#2146,.T.);
#1805=FACE_OUTER_BOUND('',#2147,.T.);
#1806=FACE_OUTER_BOUND('',#2148,.T.);
#1807=FACE_OUTER_BOUND('',#2149,.T.);
#1808=FACE_OUTER_BOUND('',#2150,.T.);
#1809=FACE_OUTER_BOUND('',#2151,.T.);
#1810=FACE_OUTER_BOUND('',#2152,.T.);
#1811=FACE_OUTER_BOUND('',#2154,.T.);
#1812=FACE_OUTER_BOUND('',#2155,.T.);
#1813=FACE_OUTER_BOUND('',#2156,.T.);
#1814=FACE_OUTER_BOUND('',#2157,.T.);
#1815=FACE_OUTER_BOUND('',#2158,.T.);
#1816=FACE_OUTER_BOUND('',#2159,.T.);
#1817=FACE_OUTER_BOUND('',#2160,.T.);
#1818=FACE_OUTER_BOUND('',#2161,.T.);
#1819=FACE_OUTER_BOUND('',#2162,.T.);
#1820=FACE_OUTER_BOUND('',#2163,.T.);
#1821=FACE_OUTER_BOUND('',#2164,.T.);
#1822=FACE_OUTER_BOUND('',#2165,.T.);
#1823=FACE_OUTER_BOUND('',#2166,.T.);
#1824=FACE_OUTER_BOUND('',#2167,.T.);
#1825=FACE_OUTER_BOUND('',#2168,.T.);
#1826=FACE_OUTER_BOUND('',#2169,.T.);
#1827=FACE_OUTER_BOUND('',#2170,.T.);
#1828=FACE_OUTER_BOUND('',#2171,.T.);
#1829=FACE_OUTER_BOUND('',#2172,.T.);
#1830=FACE_OUTER_BOUND('',#2173,.T.);
#1831=FACE_OUTER_BOUND('',#2174,.T.);
#1832=FACE_OUTER_BOUND('',#2175,.T.);
#1833=FACE_OUTER_BOUND('',#2176,.T.);
#1834=FACE_OUTER_BOUND('',#2177,.T.);
#1835=FACE_OUTER_BOUND('',#2178,.T.);
#1836=FACE_OUTER_BOUND('',#2179,.T.);
#1837=FACE_OUTER_BOUND('',#2180,.T.);
#1838=FACE_OUTER_BOUND('',#2181,.T.);
#1839=FACE_OUTER_BOUND('',#2182,.T.);
#1840=FACE_OUTER_BOUND('',#2183,.T.);
#1841=FACE_OUTER_BOUND('',#2184,.T.);
#1842=FACE_OUTER_BOUND('',#2185,.T.);
#1843=FACE_OUTER_BOUND('',#2186,.T.);
#1844=FACE_OUTER_BOUND('',#2187,.T.);
#1845=FACE_OUTER_BOUND('',#2188,.T.);
#1846=FACE_OUTER_BOUND('',#2189,.T.);
#1847=FACE_OUTER_BOUND('',#2190,.T.);
#1848=FACE_OUTER_BOUND('',#2191,.T.);
#1849=FACE_OUTER_BOUND('',#2192,.T.);
#1850=FACE_OUTER_BOUND('',#2193,.T.);
#1851=FACE_OUTER_BOUND('',#2194,.T.);
#1852=FACE_OUTER_BOUND('',#2195,.T.);
#1853=FACE_OUTER_BOUND('',#2196,.T.);
#1854=FACE_OUTER_BOUND('',#2197,.T.);
#1855=FACE_OUTER_BOUND('',#2198,.T.);
#1856=FACE_OUTER_BOUND('',#2199,.T.);
#1857=FACE_OUTER_BOUND('',#2200,.T.);
#1858=FACE_OUTER_BOUND('',#2201,.T.);
#1859=FACE_OUTER_BOUND('',#2202,.T.);
#1860=FACE_OUTER_BOUND('',#2203,.T.);
#1861=FACE_OUTER_BOUND('',#2204,.T.);
#1862=FACE_OUTER_BOUND('',#2205,.T.);
#1863=FACE_OUTER_BOUND('',#2206,.T.);
#1864=FACE_OUTER_BOUND('',#2207,.T.);
#1865=FACE_OUTER_BOUND('',#2208,.T.);
#1866=FACE_OUTER_BOUND('',#2209,.T.);
#1867=FACE_OUTER_BOUND('',#2210,.T.);
#1868=FACE_OUTER_BOUND('',#2211,.T.);
#1869=FACE_OUTER_BOUND('',#2212,.T.);
#1870=FACE_OUTER_BOUND('',#2213,.T.);
#1871=FACE_OUTER_BOUND('',#2214,.T.);
#1872=FACE_OUTER_BOUND('',#2215,.T.);
#1873=FACE_OUTER_BOUND('',#2216,.T.);
#1874=FACE_OUTER_BOUND('',#2217,.T.);
#1875=FACE_OUTER_BOUND('',#2218,.T.);
#1876=FACE_OUTER_BOUND('',#2219,.T.);
#1877=FACE_OUTER_BOUND('',#2220,.T.);
#1878=FACE_OUTER_BOUND('',#2221,.T.);
#1879=FACE_OUTER_BOUND('',#2222,.T.);
#1880=FACE_OUTER_BOUND('',#2223,.T.);
#1881=FACE_OUTER_BOUND('',#2224,.T.);
#1882=FACE_OUTER_BOUND('',#2225,.T.);
#1883=FACE_OUTER_BOUND('',#2226,.T.);
#1884=FACE_OUTER_BOUND('',#2227,.T.);
#1885=FACE_OUTER_BOUND('',#2228,.T.);
#1886=FACE_OUTER_BOUND('',#2229,.T.);
#1887=FACE_OUTER_BOUND('',#2230,.T.);
#1888=FACE_OUTER_BOUND('',#2231,.T.);
#1889=FACE_OUTER_BOUND('',#2232,.T.);
#1890=FACE_OUTER_BOUND('',#2233,.T.);
#1891=FACE_OUTER_BOUND('',#2234,.T.);
#1892=FACE_OUTER_BOUND('',#2235,.T.);
#1893=FACE_OUTER_BOUND('',#2236,.T.);
#1894=FACE_OUTER_BOUND('',#2237,.T.);
#1895=FACE_OUTER_BOUND('',#2238,.T.);
#1896=FACE_OUTER_BOUND('',#2239,.T.);
#1897=FACE_OUTER_BOUND('',#2240,.T.);
#1898=FACE_OUTER_BOUND('',#2241,.T.);
#1899=FACE_OUTER_BOUND('',#2242,.T.);
#1900=FACE_OUTER_BOUND('',#2243,.T.);
#1901=FACE_OUTER_BOUND('',#2244,.T.);
#1902=FACE_OUTER_BOUND('',#2245,.T.);
#1903=FACE_OUTER_BOUND('',#2246,.T.);
#1904=FACE_OUTER_BOUND('',#2247,.T.);
#1905=FACE_OUTER_BOUND('',#2248,.T.);
#1906=FACE_OUTER_BOUND('',#2249,.T.);
#1907=FACE_OUTER_BOUND('',#2250,.T.);
#1908=FACE_OUTER_BOUND('',#2251,.T.);
#1909=FACE_OUTER_BOUND('',#2252,.T.);
#1910=FACE_OUTER_BOUND('',#2253,.T.);
#1911=FACE_OUTER_BOUND('',#2254,.T.);
#1912=FACE_OUTER_BOUND('',#2255,.T.);
#1913=FACE_OUTER_BOUND('',#2256,.T.);
#1914=FACE_OUTER_BOUND('',#2257,.T.);
#1915=FACE_OUTER_BOUND('',#2258,.T.);
#1916=FACE_OUTER_BOUND('',#2259,.T.);
#1917=FACE_OUTER_BOUND('',#2260,.T.);
#1918=FACE_OUTER_BOUND('',#2261,.T.);
#1919=FACE_OUTER_BOUND('',#2262,.T.);
#1920=FACE_OUTER_BOUND('',#2263,.T.);
#1921=FACE_OUTER_BOUND('',#2264,.T.);
#1922=FACE_OUTER_BOUND('',#2265,.T.);
#1923=FACE_OUTER_BOUND('',#2266,.T.);
#1924=FACE_OUTER_BOUND('',#2267,.T.);
#1925=FACE_OUTER_BOUND('',#2268,.T.);
#1926=FACE_OUTER_BOUND('',#2269,.T.);
#1927=FACE_OUTER_BOUND('',#2270,.T.);
#1928=FACE_OUTER_BOUND('',#2271,.T.);
#1929=FACE_OUTER_BOUND('',#2272,.T.);
#1930=FACE_OUTER_BOUND('',#2273,.T.);
#1931=FACE_OUTER_BOUND('',#2274,.T.);
#1932=FACE_OUTER_BOUND('',#2275,.T.);
#1933=FACE_OUTER_BOUND('',#2276,.T.);
#1934=FACE_OUTER_BOUND('',#2277,.T.);
#1935=FACE_OUTER_BOUND('',#2278,.T.);
#1936=FACE_OUTER_BOUND('',#2279,.T.);
#1937=FACE_OUTER_BOUND('',#2280,.T.);
#1938=FACE_OUTER_BOUND('',#2281,.T.);
#1939=FACE_OUTER_BOUND('',#2282,.T.);
#1940=FACE_OUTER_BOUND('',#2283,.T.);
#1941=FACE_OUTER_BOUND('',#2284,.T.);
#1942=FACE_OUTER_BOUND('',#2285,.T.);
#1943=FACE_OUTER_BOUND('',#2286,.T.);
#1944=FACE_OUTER_BOUND('',#2287,.T.);
#1945=FACE_OUTER_BOUND('',#2288,.T.);
#1946=FACE_OUTER_BOUND('',#2289,.T.);
#1947=FACE_OUTER_BOUND('',#2290,.T.);
#1948=FACE_OUTER_BOUND('',#2291,.T.);
#1949=FACE_OUTER_BOUND('',#2292,.T.);
#1950=FACE_OUTER_BOUND('',#2293,.T.);
#1951=FACE_OUTER_BOUND('',#2294,.T.);
#1952=FACE_OUTER_BOUND('',#2295,.T.);
#1953=FACE_OUTER_BOUND('',#2296,.T.);
#1954=FACE_OUTER_BOUND('',#2297,.T.);
#1955=FACE_OUTER_BOUND('',#2298,.T.);
#1956=FACE_OUTER_BOUND('',#2299,.T.);
#1957=FACE_OUTER_BOUND('',#2300,.T.);
#1958=FACE_OUTER_BOUND('',#2301,.T.);
#1959=FACE_OUTER_BOUND('',#2302,.T.);
#1960=FACE_OUTER_BOUND('',#2303,.T.);
#1961=FACE_OUTER_BOUND('',#2304,.T.);
#1962=FACE_OUTER_BOUND('',#2305,.T.);
#1963=FACE_OUTER_BOUND('',#2306,.T.);
#1964=FACE_OUTER_BOUND('',#2307,.T.);
#1965=FACE_OUTER_BOUND('',#2308,.T.);
#1966=FACE_OUTER_BOUND('',#2309,.T.);
#1967=FACE_OUTER_BOUND('',#2310,.T.);
#1968=FACE_OUTER_BOUND('',#2311,.T.);
#1969=FACE_OUTER_BOUND('',#2312,.T.);
#1970=FACE_OUTER_BOUND('',#2313,.T.);
#1971=FACE_OUTER_BOUND('',#2314,.T.);
#1972=FACE_OUTER_BOUND('',#2315,.T.);
#1973=FACE_OUTER_BOUND('',#2316,.T.);
#1974=FACE_OUTER_BOUND('',#2317,.T.);
#1975=FACE_OUTER_BOUND('',#2318,.T.);
#1976=FACE_OUTER_BOUND('',#2319,.T.);
#1977=FACE_OUTER_BOUND('',#2320,.T.);
#1978=FACE_OUTER_BOUND('',#2321,.T.);
#1979=FACE_OUTER_BOUND('',#2322,.T.);
#1980=FACE_OUTER_BOUND('',#2323,.T.);
#1981=FACE_OUTER_BOUND('',#2324,.T.);
#1982=FACE_OUTER_BOUND('',#2325,.T.);
#1983=FACE_OUTER_BOUND('',#2326,.T.);
#1984=FACE_OUTER_BOUND('',#2327,.T.);
#1985=FACE_OUTER_BOUND('',#2328,.T.);
#1986=FACE_OUTER_BOUND('',#2329,.T.);
#1987=FACE_OUTER_BOUND('',#2331,.T.);
#1988=FACE_OUTER_BOUND('',#2333,.T.);
#1989=FACE_OUTER_BOUND('',#2334,.T.);
#1990=FACE_OUTER_BOUND('',#2335,.T.);
#1991=FACE_OUTER_BOUND('',#2336,.T.);
#1992=FACE_OUTER_BOUND('',#2337,.T.);
#1993=FACE_OUTER_BOUND('',#2338,.T.);
#1994=FACE_OUTER_BOUND('',#2339,.T.);
#1995=FACE_OUTER_BOUND('',#2340,.T.);
#1996=FACE_OUTER_BOUND('',#2341,.T.);
#1997=FACE_OUTER_BOUND('',#2342,.T.);
#1998=FACE_OUTER_BOUND('',#2343,.T.);
#1999=FACE_OUTER_BOUND('',#2344,.T.);
#2000=FACE_OUTER_BOUND('',#2345,.T.);
#2001=FACE_OUTER_BOUND('',#2346,.T.);
#2002=FACE_OUTER_BOUND('',#2347,.T.);
#2003=FACE_OUTER_BOUND('',#2348,.T.);
#2004=FACE_OUTER_BOUND('',#2349,.T.);
#2005=FACE_OUTER_BOUND('',#2350,.T.);
#2006=FACE_OUTER_BOUND('',#2351,.T.);
#2007=FACE_OUTER_BOUND('',#2352,.T.);
#2008=FACE_OUTER_BOUND('',#2353,.T.);
#2009=FACE_OUTER_BOUND('',#2354,.T.);
#2010=FACE_OUTER_BOUND('',#2355,.T.);
#2011=FACE_OUTER_BOUND('',#2356,.T.);
#2012=FACE_OUTER_BOUND('',#2357,.T.);
#2013=FACE_OUTER_BOUND('',#2358,.T.);
#2014=FACE_OUTER_BOUND('',#2359,.T.);
#2015=FACE_OUTER_BOUND('',#2360,.T.);
#2016=FACE_OUTER_BOUND('',#2361,.T.);
#2017=FACE_OUTER_BOUND('',#2362,.T.);
#2018=FACE_OUTER_BOUND('',#2363,.T.);
#2019=FACE_OUTER_BOUND('',#2364,.T.);
#2020=FACE_OUTER_BOUND('',#2365,.T.);
#2021=FACE_OUTER_BOUND('',#2366,.T.);
#2022=FACE_OUTER_BOUND('',#2367,.T.);
#2023=FACE_OUTER_BOUND('',#2368,.T.);
#2024=FACE_OUTER_BOUND('',#2369,.T.);
#2025=FACE_OUTER_BOUND('',#2370,.T.);
#2026=FACE_OUTER_BOUND('',#2371,.T.);
#2027=FACE_OUTER_BOUND('',#2372,.T.);
#2028=FACE_OUTER_BOUND('',#2373,.T.);
#2029=FACE_OUTER_BOUND('',#2374,.T.);
#2030=FACE_OUTER_BOUND('',#2375,.T.);
#2031=FACE_OUTER_BOUND('',#2376,.T.);
#2032=FACE_OUTER_BOUND('',#2377,.T.);
#2033=FACE_OUTER_BOUND('',#2378,.T.);
#2034=FACE_OUTER_BOUND('',#2379,.T.);
#2035=FACE_OUTER_BOUND('',#2380,.T.);
#2036=FACE_OUTER_BOUND('',#2381,.T.);
#2037=FACE_OUTER_BOUND('',#2382,.T.);
#2038=FACE_OUTER_BOUND('',#2383,.T.);
#2039=FACE_OUTER_BOUND('',#2384,.T.);
#2040=FACE_OUTER_BOUND('',#2385,.T.);
#2041=FACE_OUTER_BOUND('',#2386,.T.);
#2042=FACE_OUTER_BOUND('',#2387,.T.);
#2043=FACE_OUTER_BOUND('',#2388,.T.);
#2044=FACE_OUTER_BOUND('',#2389,.T.);
#2045=FACE_OUTER_BOUND('',#2390,.T.);
#2046=FACE_OUTER_BOUND('',#2391,.T.);
#2047=FACE_OUTER_BOUND('',#2392,.T.);
#2048=FACE_OUTER_BOUND('',#2393,.T.);
#2049=FACE_OUTER_BOUND('',#2394,.T.);
#2050=FACE_OUTER_BOUND('',#2395,.T.);
#2051=FACE_OUTER_BOUND('',#2396,.T.);
#2052=FACE_OUTER_BOUND('',#2397,.T.);
#2053=FACE_OUTER_BOUND('',#2398,.T.);
#2054=FACE_OUTER_BOUND('',#2399,.T.);
#2055=FACE_OUTER_BOUND('',#2400,.T.);
#2056=FACE_OUTER_BOUND('',#2401,.T.);
#2057=FACE_OUTER_BOUND('',#2402,.T.);
#2058=FACE_OUTER_BOUND('',#2403,.T.);
#2059=FACE_OUTER_BOUND('',#2404,.T.);
#2060=FACE_OUTER_BOUND('',#2405,.T.);
#2061=FACE_OUTER_BOUND('',#2406,.T.);
#2062=FACE_OUTER_BOUND('',#2407,.T.);
#2063=FACE_OUTER_BOUND('',#2408,.T.);
#2064=FACE_OUTER_BOUND('',#2409,.T.);
#2065=FACE_OUTER_BOUND('',#2410,.T.);
#2066=FACE_OUTER_BOUND('',#2411,.T.);
#2067=FACE_OUTER_BOUND('',#2412,.T.);
#2068=FACE_OUTER_BOUND('',#2413,.T.);
#2069=FACE_OUTER_BOUND('',#2414,.T.);
#2070=FACE_OUTER_BOUND('',#2415,.T.);
#2071=FACE_OUTER_BOUND('',#2416,.T.);
#2072=FACE_OUTER_BOUND('',#2417,.T.);
#2073=FACE_OUTER_BOUND('',#2418,.T.);
#2074=FACE_OUTER_BOUND('',#2419,.T.);
#2075=FACE_OUTER_BOUND('',#2420,.T.);
#2076=FACE_OUTER_BOUND('',#2421,.T.);
#2077=FACE_OUTER_BOUND('',#2422,.T.);
#2078=FACE_OUTER_BOUND('',#2424,.T.);
#2079=FACE_OUTER_BOUND('',#2426,.T.);
#2080=FACE_OUTER_BOUND('',#2427,.T.);
#2081=FACE_OUTER_BOUND('',#2428,.T.);
#2082=FACE_OUTER_BOUND('',#2429,.T.);
#2083=FACE_OUTER_BOUND('',#2430,.T.);
#2084=FACE_OUTER_BOUND('',#2431,.T.);
#2085=FACE_OUTER_BOUND('',#2432,.T.);
#2086=FACE_OUTER_BOUND('',#2433,.T.);
#2087=FACE_OUTER_BOUND('',#2434,.T.);
#2088=FACE_OUTER_BOUND('',#2435,.T.);
#2089=FACE_OUTER_BOUND('',#2436,.T.);
#2090=FACE_OUTER_BOUND('',#2437,.T.);
#2091=FACE_OUTER_BOUND('',#2438,.T.);
#2092=FACE_OUTER_BOUND('',#2439,.T.);
#2093=FACE_OUTER_BOUND('',#2440,.T.);
#2094=FACE_OUTER_BOUND('',#2441,.T.);
#2095=FACE_OUTER_BOUND('',#2442,.T.);
#2096=FACE_OUTER_BOUND('',#2444,.T.);
#2097=FACE_OUTER_BOUND('',#2446,.T.);
#2098=FACE_OUTER_BOUND('',#2447,.T.);
#2099=FACE_OUTER_BOUND('',#2448,.T.);
#2100=FACE_OUTER_BOUND('',#2449,.T.);
#2101=FACE_OUTER_BOUND('',#2450,.T.);
#2102=FACE_OUTER_BOUND('',#2451,.T.);
#2103=FACE_OUTER_BOUND('',#2452,.T.);
#2104=FACE_OUTER_BOUND('',#2453,.T.);
#2105=FACE_OUTER_BOUND('',#2454,.T.);
#2106=FACE_OUTER_BOUND('',#2455,.T.);
#2107=FACE_OUTER_BOUND('',#2456,.T.);
#2108=FACE_OUTER_BOUND('',#2457,.T.);
#2109=FACE_OUTER_BOUND('',#2458,.T.);
#2110=FACE_OUTER_BOUND('',#2459,.T.);
#2111=FACE_OUTER_BOUND('',#2460,.T.);
#2112=FACE_OUTER_BOUND('',#2461,.T.);
#2113=FACE_OUTER_BOUND('',#2462,.T.);
#2114=FACE_OUTER_BOUND('',#2463,.T.);
#2115=FACE_OUTER_BOUND('',#2464,.T.);
#2116=FACE_OUTER_BOUND('',#2465,.T.);
#2117=FACE_OUTER_BOUND('',#2466,.T.);
#2118=FACE_OUTER_BOUND('',#2468,.T.);
#2119=EDGE_LOOP('',(#3856,#3857,#3858));
#2120=EDGE_LOOP('',(#3859,#3860,#3861));
#2121=EDGE_LOOP('',(#3862,#3863,#3864));
#2122=EDGE_LOOP('',(#3865,#3866,#3867));
#2123=EDGE_LOOP('',(#3868,#3869,#3870));
#2124=EDGE_LOOP('',(#3871,#3872,#3873,#3874));
#2125=EDGE_LOOP('',(#3875,#3876,#3877));
#2126=EDGE_LOOP('',(#3878,#3879,#3880,#3881));
#2127=EDGE_LOOP('',(#3882,#3883,#3884,#3885));
#2128=EDGE_LOOP('',(#3886,#3887,#3888));
#2129=EDGE_LOOP('',(#3889,#3890,#3891));
#2130=EDGE_LOOP('',(#3892,#3893,#3894,#3895));
#2131=EDGE_LOOP('',(#3896,#3897,#3898));
#2132=EDGE_LOOP('',(#3899,#3900,#3901,#3902));
#2133=EDGE_LOOP('',(#3903,#3904,#3905));
#2134=EDGE_LOOP('',(#3906,#3907,#3908,#3909));
#2135=EDGE_LOOP('',(#3910,#3911,#3912,#3913));
#2136=EDGE_LOOP('',(#3914,#3915,#3916,#3917));
#2137=EDGE_LOOP('',(#3918,#3919,#3920,#3921));
#2138=EDGE_LOOP('',(#3922,#3923,#3924,#3925));
#2139=EDGE_LOOP('',(#3926,#3927,#3928,#3929));
#2140=EDGE_LOOP('',(#3930,#3931,#3932,#3933));
#2141=EDGE_LOOP('',(#3934,#3935,#3936,#3937));
#2142=EDGE_LOOP('',(#3938,#3939,#3940,#3941));
#2143=EDGE_LOOP('',(#3942,#3943,#3944,#3945));
#2144=EDGE_LOOP('',(#3946,#3947,#3948,#3949));
#2145=EDGE_LOOP('',(#3950,#3951,#3952,#3953));
#2146=EDGE_LOOP('',(#3954,#3955,#3956,#3957));
#2147=EDGE_LOOP('',(#3958,#3959,#3960,#3961));
#2148=EDGE_LOOP('',(#3962,#3963,#3964,#3965));
#2149=EDGE_LOOP('',(#3966,#3967,#3968,#3969,#3970,#3971));
#2150=EDGE_LOOP('',(#3972,#3973,#3974,#3975));
#2151=EDGE_LOOP('',(#3976,#3977,#3978,#3979,#3980,#3981));
#2152=EDGE_LOOP('',(#3982,#3983,#3984,#3985));
#2153=EDGE_LOOP('',(#3986));
#2154=EDGE_LOOP('',(#3987,#3988,#3989,#3990));
#2155=EDGE_LOOP('',(#3991));
#2156=EDGE_LOOP('',(#3992,#3993,#3994,#3995));
#2157=EDGE_LOOP('',(#3996,#3997,#3998,#3999));
#2158=EDGE_LOOP('',(#4000,#4001,#4002,#4003));
#2159=EDGE_LOOP('',(#4004,#4005,#4006,#4007));
#2160=EDGE_LOOP('',(#4008,#4009,#4010,#4011));
#2161=EDGE_LOOP('',(#4012,#4013,#4014,#4015,#4016,#4017));
#2162=EDGE_LOOP('',(#4018,#4019,#4020,#4021,#4022));
#2163=EDGE_LOOP('',(#4023,#4024,#4025,#4026));
#2164=EDGE_LOOP('',(#4027,#4028,#4029,#4030,#4031));
#2165=EDGE_LOOP('',(#4032,#4033,#4034,#4035));
#2166=EDGE_LOOP('',(#4036,#4037,#4038,#4039));
#2167=EDGE_LOOP('',(#4040,#4041,#4042,#4043));
#2168=EDGE_LOOP('',(#4044,#4045,#4046,#4047));
#2169=EDGE_LOOP('',(#4048,#4049,#4050,#4051));
#2170=EDGE_LOOP('',(#4052,#4053,#4054,#4055));
#2171=EDGE_LOOP('',(#4056,#4057,#4058,#4059,#4060,#4061));
#2172=EDGE_LOOP('',(#4062,#4063,#4064,#4065,#4066));
#2173=EDGE_LOOP('',(#4067,#4068,#4069,#4070));
#2174=EDGE_LOOP('',(#4071,#4072,#4073,#4074,#4075));
#2175=EDGE_LOOP('',(#4076,#4077,#4078,#4079));
#2176=EDGE_LOOP('',(#4080,#4081,#4082,#4083));
#2177=EDGE_LOOP('',(#4084,#4085,#4086,#4087));
#2178=EDGE_LOOP('',(#4088,#4089,#4090,#4091));
#2179=EDGE_LOOP('',(#4092,#4093,#4094,#4095));
#2180=EDGE_LOOP('',(#4096,#4097,#4098,#4099));
#2181=EDGE_LOOP('',(#4100,#4101,#4102,#4103,#4104,#4105));
#2182=EDGE_LOOP('',(#4106,#4107,#4108,#4109,#4110));
#2183=EDGE_LOOP('',(#4111,#4112,#4113,#4114));
#2184=EDGE_LOOP('',(#4115,#4116,#4117,#4118,#4119));
#2185=EDGE_LOOP('',(#4120,#4121,#4122,#4123));
#2186=EDGE_LOOP('',(#4124,#4125,#4126,#4127));
#2187=EDGE_LOOP('',(#4128,#4129,#4130,#4131));
#2188=EDGE_LOOP('',(#4132,#4133,#4134,#4135));
#2189=EDGE_LOOP('',(#4136,#4137,#4138,#4139));
#2190=EDGE_LOOP('',(#4140,#4141,#4142,#4143));
#2191=EDGE_LOOP('',(#4144,#4145,#4146,#4147,#4148,#4149));
#2192=EDGE_LOOP('',(#4150,#4151,#4152,#4153,#4154));
#2193=EDGE_LOOP('',(#4155,#4156,#4157,#4158));
#2194=EDGE_LOOP('',(#4159,#4160,#4161,#4162,#4163));
#2195=EDGE_LOOP('',(#4164,#4165,#4166,#4167));
#2196=EDGE_LOOP('',(#4168,#4169,#4170,#4171));
#2197=EDGE_LOOP('',(#4172,#4173,#4174,#4175));
#2198=EDGE_LOOP('',(#4176,#4177,#4178,#4179));
#2199=EDGE_LOOP('',(#4180,#4181,#4182,#4183));
#2200=EDGE_LOOP('',(#4184,#4185,#4186,#4187));
#2201=EDGE_LOOP('',(#4188,#4189,#4190,#4191,#4192,#4193));
#2202=EDGE_LOOP('',(#4194,#4195,#4196,#4197,#4198));
#2203=EDGE_LOOP('',(#4199,#4200,#4201,#4202));
#2204=EDGE_LOOP('',(#4203,#4204,#4205,#4206,#4207));
#2205=EDGE_LOOP('',(#4208,#4209,#4210,#4211));
#2206=EDGE_LOOP('',(#4212,#4213,#4214,#4215));
#2207=EDGE_LOOP('',(#4216,#4217,#4218,#4219));
#2208=EDGE_LOOP('',(#4220,#4221,#4222,#4223));
#2209=EDGE_LOOP('',(#4224,#4225,#4226,#4227));
#2210=EDGE_LOOP('',(#4228,#4229,#4230,#4231));
#2211=EDGE_LOOP('',(#4232,#4233,#4234,#4235,#4236,#4237));
#2212=EDGE_LOOP('',(#4238,#4239,#4240,#4241,#4242));
#2213=EDGE_LOOP('',(#4243,#4244,#4245,#4246));
#2214=EDGE_LOOP('',(#4247,#4248,#4249,#4250,#4251));
#2215=EDGE_LOOP('',(#4252,#4253,#4254,#4255));
#2216=EDGE_LOOP('',(#4256,#4257,#4258,#4259));
#2217=EDGE_LOOP('',(#4260,#4261,#4262,#4263));
#2218=EDGE_LOOP('',(#4264,#4265,#4266,#4267));
#2219=EDGE_LOOP('',(#4268,#4269,#4270,#4271));
#2220=EDGE_LOOP('',(#4272,#4273,#4274,#4275));
#2221=EDGE_LOOP('',(#4276,#4277,#4278,#4279,#4280,#4281));
#2222=EDGE_LOOP('',(#4282,#4283,#4284,#4285,#4286));
#2223=EDGE_LOOP('',(#4287,#4288,#4289,#4290));
#2224=EDGE_LOOP('',(#4291,#4292,#4293,#4294,#4295));
#2225=EDGE_LOOP('',(#4296,#4297,#4298,#4299));
#2226=EDGE_LOOP('',(#4300,#4301,#4302,#4303));
#2227=EDGE_LOOP('',(#4304,#4305,#4306,#4307));
#2228=EDGE_LOOP('',(#4308,#4309,#4310,#4311));
#2229=EDGE_LOOP('',(#4312,#4313,#4314,#4315));
#2230=EDGE_LOOP('',(#4316,#4317,#4318,#4319));
#2231=EDGE_LOOP('',(#4320,#4321,#4322,#4323,#4324,#4325));
#2232=EDGE_LOOP('',(#4326,#4327,#4328,#4329,#4330));
#2233=EDGE_LOOP('',(#4331,#4332,#4333,#4334));
#2234=EDGE_LOOP('',(#4335,#4336,#4337,#4338,#4339));
#2235=EDGE_LOOP('',(#4340,#4341,#4342,#4343));
#2236=EDGE_LOOP('',(#4344,#4345,#4346,#4347));
#2237=EDGE_LOOP('',(#4348,#4349,#4350,#4351));
#2238=EDGE_LOOP('',(#4352,#4353,#4354,#4355));
#2239=EDGE_LOOP('',(#4356,#4357,#4358,#4359));
#2240=EDGE_LOOP('',(#4360,#4361,#4362,#4363));
#2241=EDGE_LOOP('',(#4364,#4365,#4366,#4367,#4368,#4369));
#2242=EDGE_LOOP('',(#4370,#4371,#4372,#4373,#4374));
#2243=EDGE_LOOP('',(#4375,#4376,#4377,#4378));
#2244=EDGE_LOOP('',(#4379,#4380,#4381,#4382,#4383));
#2245=EDGE_LOOP('',(#4384,#4385,#4386,#4387));
#2246=EDGE_LOOP('',(#4388,#4389,#4390,#4391));
#2247=EDGE_LOOP('',(#4392,#4393,#4394,#4395));
#2248=EDGE_LOOP('',(#4396,#4397,#4398,#4399));
#2249=EDGE_LOOP('',(#4400,#4401,#4402,#4403));
#2250=EDGE_LOOP('',(#4404,#4405,#4406,#4407));
#2251=EDGE_LOOP('',(#4408,#4409,#4410,#4411,#4412,#4413));
#2252=EDGE_LOOP('',(#4414,#4415,#4416,#4417,#4418));
#2253=EDGE_LOOP('',(#4419,#4420,#4421,#4422));
#2254=EDGE_LOOP('',(#4423,#4424,#4425,#4426,#4427));
#2255=EDGE_LOOP('',(#4428,#4429,#4430,#4431));
#2256=EDGE_LOOP('',(#4432,#4433,#4434,#4435));
#2257=EDGE_LOOP('',(#4436,#4437,#4438,#4439));
#2258=EDGE_LOOP('',(#4440,#4441,#4442,#4443));
#2259=EDGE_LOOP('',(#4444,#4445,#4446,#4447));
#2260=EDGE_LOOP('',(#4448,#4449,#4450,#4451));
#2261=EDGE_LOOP('',(#4452,#4453,#4454,#4455,#4456,#4457));
#2262=EDGE_LOOP('',(#4458,#4459,#4460,#4461,#4462));
#2263=EDGE_LOOP('',(#4463,#4464,#4465,#4466));
#2264=EDGE_LOOP('',(#4467,#4468,#4469,#4470,#4471));
#2265=EDGE_LOOP('',(#4472,#4473,#4474,#4475));
#2266=EDGE_LOOP('',(#4476,#4477,#4478,#4479));
#2267=EDGE_LOOP('',(#4480,#4481,#4482,#4483));
#2268=EDGE_LOOP('',(#4484,#4485,#4486,#4487));
#2269=EDGE_LOOP('',(#4488,#4489,#4490,#4491));
#2270=EDGE_LOOP('',(#4492,#4493,#4494,#4495));
#2271=EDGE_LOOP('',(#4496,#4497,#4498,#4499,#4500,#4501));
#2272=EDGE_LOOP('',(#4502,#4503,#4504,#4505,#4506));
#2273=EDGE_LOOP('',(#4507,#4508,#4509,#4510));
#2274=EDGE_LOOP('',(#4511,#4512,#4513,#4514,#4515));
#2275=EDGE_LOOP('',(#4516,#4517,#4518,#4519));
#2276=EDGE_LOOP('',(#4520,#4521,#4522,#4523));
#2277=EDGE_LOOP('',(#4524,#4525,#4526,#4527));
#2278=EDGE_LOOP('',(#4528,#4529,#4530,#4531));
#2279=EDGE_LOOP('',(#4532,#4533,#4534,#4535));
#2280=EDGE_LOOP('',(#4536,#4537,#4538,#4539));
#2281=EDGE_LOOP('',(#4540,#4541,#4542,#4543,#4544,#4545));
#2282=EDGE_LOOP('',(#4546,#4547,#4548,#4549,#4550));
#2283=EDGE_LOOP('',(#4551,#4552,#4553,#4554));
#2284=EDGE_LOOP('',(#4555,#4556,#4557,#4558,#4559));
#2285=EDGE_LOOP('',(#4560,#4561,#4562,#4563));
#2286=EDGE_LOOP('',(#4564,#4565,#4566,#4567));
#2287=EDGE_LOOP('',(#4568,#4569,#4570,#4571));
#2288=EDGE_LOOP('',(#4572,#4573,#4574,#4575));
#2289=EDGE_LOOP('',(#4576,#4577,#4578,#4579));
#2290=EDGE_LOOP('',(#4580,#4581,#4582,#4583));
#2291=EDGE_LOOP('',(#4584,#4585,#4586,#4587,#4588,#4589));
#2292=EDGE_LOOP('',(#4590,#4591,#4592,#4593,#4594));
#2293=EDGE_LOOP('',(#4595,#4596,#4597,#4598));
#2294=EDGE_LOOP('',(#4599,#4600,#4601,#4602,#4603));
#2295=EDGE_LOOP('',(#4604,#4605,#4606,#4607));
#2296=EDGE_LOOP('',(#4608,#4609,#4610,#4611));
#2297=EDGE_LOOP('',(#4612,#4613,#4614,#4615));
#2298=EDGE_LOOP('',(#4616,#4617,#4618,#4619));
#2299=EDGE_LOOP('',(#4620,#4621,#4622,#4623));
#2300=EDGE_LOOP('',(#4624,#4625,#4626,#4627));
#2301=EDGE_LOOP('',(#4628,#4629,#4630,#4631));
#2302=EDGE_LOOP('',(#4632,#4633,#4634,#4635,#4636));
#2303=EDGE_LOOP('',(#4637,#4638,#4639,#4640,#4641));
#2304=EDGE_LOOP('',(#4642,#4643,#4644,#4645,#4646,#4647));
#2305=EDGE_LOOP('',(#4648,#4649));
#2306=EDGE_LOOP('',(#4650,#4651));
#2307=EDGE_LOOP('',(#4652,#4653,#4654,#4655));
#2308=EDGE_LOOP('',(#4656,#4657,#4658,#4659));
#2309=EDGE_LOOP('',(#4660,#4661,#4662,#4663));
#2310=EDGE_LOOP('',(#4664,#4665,#4666,#4667));
#2311=EDGE_LOOP('',(#4668,#4669,#4670,#4671));
#2312=EDGE_LOOP('',(#4672,#4673,#4674,#4675));
#2313=EDGE_LOOP('',(#4676,#4677,#4678,#4679));
#2314=EDGE_LOOP('',(#4680,#4681,#4682,#4683));
#2315=EDGE_LOOP('',(#4684,#4685,#4686,#4687));
#2316=EDGE_LOOP('',(#4688,#4689,#4690,#4691));
#2317=EDGE_LOOP('',(#4692,#4693,#4694,#4695));
#2318=EDGE_LOOP('',(#4696,#4697,#4698,#4699));
#2319=EDGE_LOOP('',(#4700,#4701,#4702,#4703));
#2320=EDGE_LOOP('',(#4704,#4705,#4706,#4707));
#2321=EDGE_LOOP('',(#4708,#4709,#4710,#4711));
#2322=EDGE_LOOP('',(#4712,#4713,#4714,#4715));
#2323=EDGE_LOOP('',(#4716,#4717,#4718,#4719));
#2324=EDGE_LOOP('',(#4720,#4721,#4722,#4723));
#2325=EDGE_LOOP('',(#4724,#4725,#4726,#4727));
#2326=EDGE_LOOP('',(#4728,#4729,#4730,#4731));
#2327=EDGE_LOOP('',(#4732,#4733,#4734,#4735));
#2328=EDGE_LOOP('',(#4736,#4737,#4738,#4739));
#2329=EDGE_LOOP('',(#4740,#4741,#4742,#4743,#4744,#4745,#4746,#4747,#4748,
#4749,#4750,#4751,#4752,#4753,#4754,#4755));
#2330=EDGE_LOOP('',(#4756,#4757,#4758,#4759,#4760,#4761));
#2331=EDGE_LOOP('',(#4762,#4763,#4764,#4765,#4766,#4767,#4768,#4769,#4770,
#4771,#4772,#4773,#4774,#4775,#4776,#4777));
#2332=EDGE_LOOP('',(#4778,#4779,#4780,#4781,#4782,#4783));
#2333=EDGE_LOOP('',(#4784,#4785,#4786,#4787));
#2334=EDGE_LOOP('',(#4788,#4789,#4790,#4791));
#2335=EDGE_LOOP('',(#4792,#4793,#4794,#4795));
#2336=EDGE_LOOP('',(#4796,#4797,#4798,#4799));
#2337=EDGE_LOOP('',(#4800,#4801,#4802,#4803));
#2338=EDGE_LOOP('',(#4804,#4805,#4806,#4807));
#2339=EDGE_LOOP('',(#4808,#4809,#4810,#4811));
#2340=EDGE_LOOP('',(#4812,#4813,#4814,#4815));
#2341=EDGE_LOOP('',(#4816,#4817,#4818,#4819));
#2342=EDGE_LOOP('',(#4820,#4821,#4822,#4823));
#2343=EDGE_LOOP('',(#4824,#4825,#4826,#4827));
#2344=EDGE_LOOP('',(#4828,#4829,#4830,#4831));
#2345=EDGE_LOOP('',(#4832,#4833,#4834,#4835));
#2346=EDGE_LOOP('',(#4836,#4837,#4838,#4839));
#2347=EDGE_LOOP('',(#4840,#4841,#4842,#4843));
#2348=EDGE_LOOP('',(#4844,#4845,#4846,#4847));
#2349=EDGE_LOOP('',(#4848,#4849,#4850,#4851));
#2350=EDGE_LOOP('',(#4852,#4853,#4854,#4855));
#2351=EDGE_LOOP('',(#4856,#4857,#4858,#4859,#4860,#4861,#4862,#4863,#4864,
#4865,#4866,#4867));
#2352=EDGE_LOOP('',(#4868,#4869,#4870,#4871,#4872,#4873,#4874,#4875,#4876,
#4877,#4878,#4879));
#2353=EDGE_LOOP('',(#4880,#4881,#4882,#4883));
#2354=EDGE_LOOP('',(#4884,#4885,#4886,#4887));
#2355=EDGE_LOOP('',(#4888,#4889,#4890,#4891));
#2356=EDGE_LOOP('',(#4892,#4893,#4894,#4895));
#2357=EDGE_LOOP('',(#4896,#4897,#4898,#4899));
#2358=EDGE_LOOP('',(#4900,#4901,#4902,#4903));
#2359=EDGE_LOOP('',(#4904,#4905,#4906,#4907));
#2360=EDGE_LOOP('',(#4908,#4909,#4910,#4911));
#2361=EDGE_LOOP('',(#4912,#4913,#4914,#4915));
#2362=EDGE_LOOP('',(#4916,#4917,#4918,#4919));
#2363=EDGE_LOOP('',(#4920,#4921,#4922,#4923));
#2364=EDGE_LOOP('',(#4924,#4925,#4926,#4927));
#2365=EDGE_LOOP('',(#4928,#4929,#4930,#4931));
#2366=EDGE_LOOP('',(#4932,#4933,#4934,#4935));
#2367=EDGE_LOOP('',(#4936,#4937,#4938,#4939));
#2368=EDGE_LOOP('',(#4940,#4941,#4942,#4943));
#2369=EDGE_LOOP('',(#4944,#4945,#4946,#4947));
#2370=EDGE_LOOP('',(#4948,#4949,#4950,#4951));
#2371=EDGE_LOOP('',(#4952,#4953,#4954,#4955));
#2372=EDGE_LOOP('',(#4956,#4957,#4958,#4959));
#2373=EDGE_LOOP('',(#4960,#4961,#4962,#4963));
#2374=EDGE_LOOP('',(#4964,#4965,#4966,#4967));
#2375=EDGE_LOOP('',(#4968,#4969,#4970,#4971));
#2376=EDGE_LOOP('',(#4972,#4973,#4974,#4975));
#2377=EDGE_LOOP('',(#4976,#4977,#4978,#4979));
#2378=EDGE_LOOP('',(#4980,#4981,#4982,#4983,#4984,#4985,#4986,#4987,#4988,
#4989,#4990,#4991,#4992,#4993,#4994,#4995,#4996,#4997,#4998));
#2379=EDGE_LOOP('',(#4999,#5000,#5001,#5002,#5003,#5004,#5005,#5006,#5007,
#5008,#5009,#5010,#5011,#5012,#5013,#5014,#5015,#5016,#5017));
#2380=EDGE_LOOP('',(#5018,#5019,#5020,#5021));
#2381=EDGE_LOOP('',(#5022,#5023,#5024,#5025));
#2382=EDGE_LOOP('',(#5026,#5027,#5028,#5029));
#2383=EDGE_LOOP('',(#5030,#5031,#5032,#5033));
#2384=EDGE_LOOP('',(#5034,#5035,#5036,#5037));
#2385=EDGE_LOOP('',(#5038,#5039,#5040,#5041));
#2386=EDGE_LOOP('',(#5042,#5043,#5044,#5045));
#2387=EDGE_LOOP('',(#5046,#5047,#5048,#5049));
#2388=EDGE_LOOP('',(#5050,#5051,#5052,#5053));
#2389=EDGE_LOOP('',(#5054,#5055,#5056,#5057));
#2390=EDGE_LOOP('',(#5058,#5059,#5060,#5061));
#2391=EDGE_LOOP('',(#5062,#5063,#5064,#5065));
#2392=EDGE_LOOP('',(#5066,#5067,#5068,#5069,#5070,#5071,#5072,#5073,#5074,
#5075,#5076,#5077));
#2393=EDGE_LOOP('',(#5078,#5079,#5080,#5081,#5082,#5083,#5084,#5085,#5086,
#5087,#5088,#5089));
#2394=EDGE_LOOP('',(#5090,#5091,#5092,#5093));
#2395=EDGE_LOOP('',(#5094,#5095,#5096,#5097));
#2396=EDGE_LOOP('',(#5098,#5099,#5100,#5101));
#2397=EDGE_LOOP('',(#5102,#5103,#5104,#5105));
#2398=EDGE_LOOP('',(#5106,#5107,#5108,#5109));
#2399=EDGE_LOOP('',(#5110,#5111,#5112,#5113));
#2400=EDGE_LOOP('',(#5114,#5115,#5116,#5117));
#2401=EDGE_LOOP('',(#5118,#5119,#5120,#5121));
#2402=EDGE_LOOP('',(#5122,#5123,#5124,#5125));
#2403=EDGE_LOOP('',(#5126,#5127,#5128,#5129));
#2404=EDGE_LOOP('',(#5130,#5131,#5132,#5133));
#2405=EDGE_LOOP('',(#5134,#5135,#5136,#5137));
#2406=EDGE_LOOP('',(#5138,#5139,#5140,#5141,#5142,#5143,#5144,#5145,#5146,
#5147,#5148,#5149));
#2407=EDGE_LOOP('',(#5150,#5151,#5152,#5153,#5154,#5155,#5156,#5157,#5158,
#5159,#5160,#5161));
#2408=EDGE_LOOP('',(#5162,#5163,#5164,#5165));
#2409=EDGE_LOOP('',(#5166,#5167,#5168,#5169));
#2410=EDGE_LOOP('',(#5170,#5171,#5172,#5173));
#2411=EDGE_LOOP('',(#5174,#5175,#5176,#5177));
#2412=EDGE_LOOP('',(#5178,#5179,#5180,#5181));
#2413=EDGE_LOOP('',(#5182,#5183,#5184,#5185));
#2414=EDGE_LOOP('',(#5186,#5187,#5188,#5189));
#2415=EDGE_LOOP('',(#5190,#5191,#5192,#5193));
#2416=EDGE_LOOP('',(#5194,#5195,#5196,#5197));
#2417=EDGE_LOOP('',(#5198,#5199,#5200,#5201));
#2418=EDGE_LOOP('',(#5202,#5203,#5204,#5205));
#2419=EDGE_LOOP('',(#5206,#5207,#5208,#5209));
#2420=EDGE_LOOP('',(#5210,#5211,#5212,#5213));
#2421=EDGE_LOOP('',(#5214,#5215,#5216,#5217));
#2422=EDGE_LOOP('',(#5218,#5219,#5220,#5221,#5222,#5223,#5224,#5225));
#2423=EDGE_LOOP('',(#5226,#5227,#5228,#5229,#5230,#5231));
#2424=EDGE_LOOP('',(#5232,#5233,#5234,#5235,#5236,#5237,#5238,#5239));
#2425=EDGE_LOOP('',(#5240,#5241,#5242,#5243,#5244,#5245));
#2426=EDGE_LOOP('',(#5246,#5247,#5248,#5249));
#2427=EDGE_LOOP('',(#5250,#5251,#5252,#5253));
#2428=EDGE_LOOP('',(#5254,#5255,#5256,#5257));
#2429=EDGE_LOOP('',(#5258,#5259,#5260,#5261));
#2430=EDGE_LOOP('',(#5262,#5263,#5264,#5265));
#2431=EDGE_LOOP('',(#5266,#5267,#5268,#5269));
#2432=EDGE_LOOP('',(#5270,#5271,#5272,#5273));
#2433=EDGE_LOOP('',(#5274,#5275,#5276,#5277));
#2434=EDGE_LOOP('',(#5278,#5279,#5280,#5281));
#2435=EDGE_LOOP('',(#5282,#5283,#5284,#5285));
#2436=EDGE_LOOP('',(#5286,#5287,#5288,#5289));
#2437=EDGE_LOOP('',(#5290,#5291,#5292,#5293));
#2438=EDGE_LOOP('',(#5294,#5295,#5296,#5297));
#2439=EDGE_LOOP('',(#5298,#5299,#5300,#5301));
#2440=EDGE_LOOP('',(#5302,#5303,#5304,#5305));
#2441=EDGE_LOOP('',(#5306,#5307,#5308,#5309));
#2442=EDGE_LOOP('',(#5310,#5311,#5312,#5313,#5314,#5315,#5316,#5317));
#2443=EDGE_LOOP('',(#5318,#5319,#5320,#5321,#5322,#5323,#5324,#5325));
#2444=EDGE_LOOP('',(#5326,#5327,#5328,#5329,#5330,#5331,#5332,#5333));
#2445=EDGE_LOOP('',(#5334,#5335,#5336,#5337,#5338,#5339,#5340,#5341));
#2446=EDGE_LOOP('',(#5342,#5343,#5344,#5345));
#2447=EDGE_LOOP('',(#5346,#5347,#5348,#5349));
#2448=EDGE_LOOP('',(#5350,#5351,#5352,#5353));
#2449=EDGE_LOOP('',(#5354,#5355,#5356,#5357));
#2450=EDGE_LOOP('',(#5358,#5359,#5360,#5361));
#2451=EDGE_LOOP('',(#5362,#5363,#5364,#5365));
#2452=EDGE_LOOP('',(#5366,#5367,#5368,#5369));
#2453=EDGE_LOOP('',(#5370,#5371,#5372,#5373));
#2454=EDGE_LOOP('',(#5374,#5375,#5376,#5377));
#2455=EDGE_LOOP('',(#5378,#5379,#5380,#5381));
#2456=EDGE_LOOP('',(#5382,#5383,#5384,#5385));
#2457=EDGE_LOOP('',(#5386,#5387,#5388,#5389));
#2458=EDGE_LOOP('',(#5390,#5391,#5392,#5393));
#2459=EDGE_LOOP('',(#5394,#5395,#5396,#5397));
#2460=EDGE_LOOP('',(#5398,#5399,#5400,#5401));
#2461=EDGE_LOOP('',(#5402,#5403,#5404,#5405));
#2462=EDGE_LOOP('',(#5406,#5407,#5408,#5409));
#2463=EDGE_LOOP('',(#5410,#5411,#5412,#5413));
#2464=EDGE_LOOP('',(#5414,#5415,#5416,#5417));
#2465=EDGE_LOOP('',(#5418,#5419,#5420,#5421));
#2466=EDGE_LOOP('',(#5422,#5423,#5424,#5425,#5426,#5427,#5428,#5429,#5430,
#5431,#5432,#5433,#5434,#5435));
#2467=EDGE_LOOP('',(#5436,#5437,#5438,#5439,#5440,#5441));
#2468=EDGE_LOOP('',(#5442,#5443,#5444,#5445,#5446,#5447,#5448,#5449,#5450,
#5451,#5452,#5453,#5454,#5455));
#2469=EDGE_LOOP('',(#5456,#5457,#5458,#5459,#5460,#5461));
#2470=CIRCLE('',#6194,0.000590551181102363);
#2471=CIRCLE('',#6195,0.000590551181102363);
#2472=CIRCLE('',#6196,0.000590551181102363);
#2473=CIRCLE('',#6198,0.000590551181102363);
#2474=CIRCLE('',#6199,0.000590551181102362);
#2475=CIRCLE('',#6200,0.000590551181102363);
#2476=CIRCLE('',#6202,0.000590551181102363);
#2477=CIRCLE('',#6203,0.000590551181102363);
#2478=CIRCLE('',#6204,0.000590551181102363);
#2479=CIRCLE('',#6206,0.000590551181102363);
#2480=CIRCLE('',#6207,0.000590551181102363);
#2481=CIRCLE('',#6208,0.000590551181102363);
#2482=CIRCLE('',#6210,0.000590551181102363);
#2483=CIRCLE('',#6211,0.000590551181102362);
#2484=CIRCLE('',#6212,0.000590551181102363);
#2485=CIRCLE('',#6215,0.000590551181102362);
#2486=CIRCLE('',#6216,0.000590551181102363);
#2487=CIRCLE('',#6217,0.000590551181102363);
#2488=CIRCLE('',#6222,0.000590551181102363);
#2489=CIRCLE('',#6223,0.000590551181102363);
#2490=CIRCLE('',#6224,0.000590551181102363);
#2491=CIRCLE('',#6226,0.000590551181102363);
#2492=CIRCLE('',#6227,0.000590551181102363);
#2493=CIRCLE('',#6228,0.000590551181102363);
#2494=CIRCLE('',#6231,0.000590551181102362);
#2495=CIRCLE('',#6232,0.000590551181102363);
#2496=CIRCLE('',#6233,0.000590551181102363);
#2497=CIRCLE('',#6236,0.000590551181102363);
#2498=CIRCLE('',#6237,0.000590551181102363);
#2499=CIRCLE('',#6238,0.000590551181102363);
#2500=CIRCLE('',#6259,0.00831418660974405);
#2501=CIRCLE('',#6261,0.00787401574803149);
#2502=CIRCLE('',#6262,0.000590551181102362);
#2503=CIRCLE('',#6273,0.00629921259842519);
#2504=CIRCLE('',#6274,0.00629921259842519);
#2505=CIRCLE('',#6285,0.00629921259842519);
#2506=CIRCLE('',#6286,0.00629921259842519);
#2507=CIRCLE('',#6297,0.00629921259842519);
#2508=CIRCLE('',#6298,0.00629921259842519);
#2509=CIRCLE('',#6309,0.00629921259842519);
#2510=CIRCLE('',#6310,0.00629921259842519);
#2511=CIRCLE('',#6321,0.00629921259842519);
#2512=CIRCLE('',#6322,0.00629921259842519);
#2513=CIRCLE('',#6333,0.00629921259842519);
#2514=CIRCLE('',#6334,0.00629921259842519);
#2515=CIRCLE('',#6345,0.00629921259842519);
#2516=CIRCLE('',#6346,0.00629921259842519);
#2517=CIRCLE('',#6357,0.00629921259842519);
#2518=CIRCLE('',#6358,0.00629921259842519);
#2519=CIRCLE('',#6369,0.00629921259842519);
#2520=CIRCLE('',#6370,0.00629921259842519);
#2521=CIRCLE('',#6381,0.00629921259842519);
#2522=CIRCLE('',#6382,0.00629921259842519);
#2523=CIRCLE('',#6393,0.00629921259842519);
#2524=CIRCLE('',#6394,0.00629921259842519);
#2525=CIRCLE('',#6405,0.00629921259842519);
#2526=CIRCLE('',#6406,0.00629921259842519);
#2527=CIRCLE('',#6417,0.00629921259842519);
#2528=CIRCLE('',#6418,0.00629921259842519);
#2529=CIRCLE('',#6429,0.00629921259842519);
#2530=CIRCLE('',#6430,0.00629921259842519);
#2531=CIRCLE('',#6443,0.00787401574803149);
#2532=CIRCLE('',#6444,0.00787401574803149);
#2533=CIRCLE('',#6445,0.00787401574803149);
#2534=CIRCLE('',#6446,0.00787401574803149);
#2535=CIRCLE('',#6459,0.00991151537658416);
#2536=CIRCLE('',#6460,0.00991151537658416);
#2537=VERTEX_POINT('',#7969);
#2538=VERTEX_POINT('',#7970);
#2539=VERTEX_POINT('',#7972);
#2540=VERTEX_POINT('',#7976);
#2541=VERTEX_POINT('',#7977);
#2542=VERTEX_POINT('',#7979);
#2543=VERTEX_POINT('',#7983);
#2544=VERTEX_POINT('',#7984);
#2545=VERTEX_POINT('',#7986);
#2546=VERTEX_POINT('',#7990);
#2547=VERTEX_POINT('',#7991);
#2548=VERTEX_POINT('',#7993);
#2549=VERTEX_POINT('',#7997);
#2550=VERTEX_POINT('',#7998);
#2551=VERTEX_POINT('',#8000);
#2552=VERTEX_POINT('',#8007);
#2553=VERTEX_POINT('',#8008);
#2554=VERTEX_POINT('',#8010);
#2555=VERTEX_POINT('',#8017);
#2556=VERTEX_POINT('',#8019);
#2557=VERTEX_POINT('',#8023);
#2558=VERTEX_POINT('',#8024);
#2559=VERTEX_POINT('',#8026);
#2560=VERTEX_POINT('',#8030);
#2561=VERTEX_POINT('',#8031);
#2562=VERTEX_POINT('',#8033);
#2563=VERTEX_POINT('',#8040);
#2564=VERTEX_POINT('',#8041);
#2565=VERTEX_POINT('',#8043);
#2566=VERTEX_POINT('',#8050);
#2567=VERTEX_POINT('',#8051);
#2568=VERTEX_POINT('',#8053);
#2569=VERTEX_POINT('',#8060);
#2570=VERTEX_POINT('',#8062);
#2571=VERTEX_POINT('',#8103);
#2572=VERTEX_POINT('',#8106);
#2573=VERTEX_POINT('',#8113);
#2574=VERTEX_POINT('',#8114);
#2575=VERTEX_POINT('',#8116);
#2576=VERTEX_POINT('',#8118);
#2577=VERTEX_POINT('',#8122);
#2578=VERTEX_POINT('',#8124);
#2579=VERTEX_POINT('',#8128);
#2580=VERTEX_POINT('',#8130);
#2581=VERTEX_POINT('',#8136);
#2582=VERTEX_POINT('',#8138);
#2583=VERTEX_POINT('',#8142);
#2584=VERTEX_POINT('',#8144);
#2585=VERTEX_POINT('',#8148);
#2586=VERTEX_POINT('',#8150);
#2587=VERTEX_POINT('',#8159);
#2588=VERTEX_POINT('',#8160);
#2589=VERTEX_POINT('',#8162);
#2590=VERTEX_POINT('',#8164);
#2591=VERTEX_POINT('',#8168);
#2592=VERTEX_POINT('',#8170);
#2593=VERTEX_POINT('',#8174);
#2594=VERTEX_POINT('',#8176);
#2595=VERTEX_POINT('',#8182);
#2596=VERTEX_POINT('',#8184);
#2597=VERTEX_POINT('',#8188);
#2598=VERTEX_POINT('',#8190);
#2599=VERTEX_POINT('',#8194);
#2600=VERTEX_POINT('',#8196);
#2601=VERTEX_POINT('',#8205);
#2602=VERTEX_POINT('',#8206);
#2603=VERTEX_POINT('',#8208);
#2604=VERTEX_POINT('',#8210);
#2605=VERTEX_POINT('',#8214);
#2606=VERTEX_POINT('',#8216);
#2607=VERTEX_POINT('',#8220);
#2608=VERTEX_POINT('',#8222);
#2609=VERTEX_POINT('',#8228);
#2610=VERTEX_POINT('',#8230);
#2611=VERTEX_POINT('',#8234);
#2612=VERTEX_POINT('',#8236);
#2613=VERTEX_POINT('',#8240);
#2614=VERTEX_POINT('',#8242);
#2615=VERTEX_POINT('',#8251);
#2616=VERTEX_POINT('',#8252);
#2617=VERTEX_POINT('',#8254);
#2618=VERTEX_POINT('',#8256);
#2619=VERTEX_POINT('',#8260);
#2620=VERTEX_POINT('',#8262);
#2621=VERTEX_POINT('',#8266);
#2622=VERTEX_POINT('',#8268);
#2623=VERTEX_POINT('',#8274);
#2624=VERTEX_POINT('',#8276);
#2625=VERTEX_POINT('',#8280);
#2626=VERTEX_POINT('',#8282);
#2627=VERTEX_POINT('',#8286);
#2628=VERTEX_POINT('',#8288);
#2629=VERTEX_POINT('',#8297);
#2630=VERTEX_POINT('',#8298);
#2631=VERTEX_POINT('',#8300);
#2632=VERTEX_POINT('',#8302);
#2633=VERTEX_POINT('',#8306);
#2634=VERTEX_POINT('',#8308);
#2635=VERTEX_POINT('',#8312);
#2636=VERTEX_POINT('',#8314);
#2637=VERTEX_POINT('',#8320);
#2638=VERTEX_POINT('',#8322);
#2639=VERTEX_POINT('',#8326);
#2640=VERTEX_POINT('',#8328);
#2641=VERTEX_POINT('',#8332);
#2642=VERTEX_POINT('',#8334);
#2643=VERTEX_POINT('',#8343);
#2644=VERTEX_POINT('',#8344);
#2645=VERTEX_POINT('',#8346);
#2646=VERTEX_POINT('',#8348);
#2647=VERTEX_POINT('',#8352);
#2648=VERTEX_POINT('',#8354);
#2649=VERTEX_POINT('',#8358);
#2650=VERTEX_POINT('',#8360);
#2651=VERTEX_POINT('',#8366);
#2652=VERTEX_POINT('',#8368);
#2653=VERTEX_POINT('',#8372);
#2654=VERTEX_POINT('',#8374);
#2655=VERTEX_POINT('',#8378);
#2656=VERTEX_POINT('',#8380);
#2657=VERTEX_POINT('',#8389);
#2658=VERTEX_POINT('',#8390);
#2659=VERTEX_POINT('',#8392);
#2660=VERTEX_POINT('',#8394);
#2661=VERTEX_POINT('',#8398);
#2662=VERTEX_POINT('',#8400);
#2663=VERTEX_POINT('',#8404);
#2664=VERTEX_POINT('',#8406);
#2665=VERTEX_POINT('',#8412);
#2666=VERTEX_POINT('',#8414);
#2667=VERTEX_POINT('',#8418);
#2668=VERTEX_POINT('',#8420);
#2669=VERTEX_POINT('',#8424);
#2670=VERTEX_POINT('',#8426);
#2671=VERTEX_POINT('',#8435);
#2672=VERTEX_POINT('',#8436);
#2673=VERTEX_POINT('',#8438);
#2674=VERTEX_POINT('',#8440);
#2675=VERTEX_POINT('',#8444);
#2676=VERTEX_POINT('',#8446);
#2677=VERTEX_POINT('',#8450);
#2678=VERTEX_POINT('',#8452);
#2679=VERTEX_POINT('',#8458);
#2680=VERTEX_POINT('',#8460);
#2681=VERTEX_POINT('',#8464);
#2682=VERTEX_POINT('',#8466);
#2683=VERTEX_POINT('',#8470);
#2684=VERTEX_POINT('',#8472);
#2685=VERTEX_POINT('',#8481);
#2686=VERTEX_POINT('',#8482);
#2687=VERTEX_POINT('',#8484);
#2688=VERTEX_POINT('',#8486);
#2689=VERTEX_POINT('',#8490);
#2690=VERTEX_POINT('',#8492);
#2691=VERTEX_POINT('',#8496);
#2692=VERTEX_POINT('',#8498);
#2693=VERTEX_POINT('',#8504);
#2694=VERTEX_POINT('',#8506);
#2695=VERTEX_POINT('',#8510);
#2696=VERTEX_POINT('',#8512);
#2697=VERTEX_POINT('',#8516);
#2698=VERTEX_POINT('',#8518);
#2699=VERTEX_POINT('',#8527);
#2700=VERTEX_POINT('',#8528);
#2701=VERTEX_POINT('',#8530);
#2702=VERTEX_POINT('',#8532);
#2703=VERTEX_POINT('',#8536);
#2704=VERTEX_POINT('',#8538);
#2705=VERTEX_POINT('',#8542);
#2706=VERTEX_POINT('',#8544);
#2707=VERTEX_POINT('',#8550);
#2708=VERTEX_POINT('',#8552);
#2709=VERTEX_POINT('',#8556);
#2710=VERTEX_POINT('',#8558);
#2711=VERTEX_POINT('',#8562);
#2712=VERTEX_POINT('',#8564);
#2713=VERTEX_POINT('',#8573);
#2714=VERTEX_POINT('',#8574);
#2715=VERTEX_POINT('',#8576);
#2716=VERTEX_POINT('',#8578);
#2717=VERTEX_POINT('',#8582);
#2718=VERTEX_POINT('',#8584);
#2719=VERTEX_POINT('',#8588);
#2720=VERTEX_POINT('',#8590);
#2721=VERTEX_POINT('',#8596);
#2722=VERTEX_POINT('',#8598);
#2723=VERTEX_POINT('',#8602);
#2724=VERTEX_POINT('',#8604);
#2725=VERTEX_POINT('',#8608);
#2726=VERTEX_POINT('',#8610);
#2727=VERTEX_POINT('',#8619);
#2728=VERTEX_POINT('',#8620);
#2729=VERTEX_POINT('',#8622);
#2730=VERTEX_POINT('',#8624);
#2731=VERTEX_POINT('',#8628);
#2732=VERTEX_POINT('',#8630);
#2733=VERTEX_POINT('',#8634);
#2734=VERTEX_POINT('',#8636);
#2735=VERTEX_POINT('',#8642);
#2736=VERTEX_POINT('',#8644);
#2737=VERTEX_POINT('',#8648);
#2738=VERTEX_POINT('',#8650);
#2739=VERTEX_POINT('',#8654);
#2740=VERTEX_POINT('',#8656);
#2741=VERTEX_POINT('',#8665);
#2742=VERTEX_POINT('',#8666);
#2743=VERTEX_POINT('',#8668);
#2744=VERTEX_POINT('',#8670);
#2745=VERTEX_POINT('',#8674);
#2746=VERTEX_POINT('',#8676);
#2747=VERTEX_POINT('',#8680);
#2748=VERTEX_POINT('',#8682);
#2749=VERTEX_POINT('',#8688);
#2750=VERTEX_POINT('',#8690);
#2751=VERTEX_POINT('',#8694);
#2752=VERTEX_POINT('',#8696);
#2753=VERTEX_POINT('',#8700);
#2754=VERTEX_POINT('',#8702);
#2755=VERTEX_POINT('',#8711);
#2756=VERTEX_POINT('',#8712);
#2757=VERTEX_POINT('',#8714);
#2758=VERTEX_POINT('',#8716);
#2759=VERTEX_POINT('',#8720);
#2760=VERTEX_POINT('',#8722);
#2761=VERTEX_POINT('',#8726);
#2762=VERTEX_POINT('',#8728);
#2763=VERTEX_POINT('',#8734);
#2764=VERTEX_POINT('',#8736);
#2765=VERTEX_POINT('',#8740);
#2766=VERTEX_POINT('',#8742);
#2767=VERTEX_POINT('',#8746);
#2768=VERTEX_POINT('',#8748);
#2769=VERTEX_POINT('',#8757);
#2770=VERTEX_POINT('',#8758);
#2771=VERTEX_POINT('',#8760);
#2772=VERTEX_POINT('',#8762);
#2773=VERTEX_POINT('',#8766);
#2774=VERTEX_POINT('',#8768);
#2775=VERTEX_POINT('',#8772);
#2776=VERTEX_POINT('',#8774);
#2777=VERTEX_POINT('',#8778);
#2778=VERTEX_POINT('',#8780);
#2779=VERTEX_POINT('',#8790);
#2780=VERTEX_POINT('',#8791);
#2781=VERTEX_POINT('',#8794);
#2782=VERTEX_POINT('',#8796);
#2783=VERTEX_POINT('',#8810);
#2784=VERTEX_POINT('',#8811);
#2785=VERTEX_POINT('',#8816);
#2786=VERTEX_POINT('',#8818);
#2787=VERTEX_POINT('',#8832);
#2788=VERTEX_POINT('',#8837);
#2789=VERTEX_POINT('',#8851);
#2790=VERTEX_POINT('',#8856);
#2791=VERTEX_POINT('',#8863);
#2792=VERTEX_POINT('',#8865);
#2793=VERTEX_POINT('',#8876);
#2794=VERTEX_POINT('',#8881);
#2795=VERTEX_POINT('',#8911);
#2796=VERTEX_POINT('',#8912);
#2797=VERTEX_POINT('',#8917);
#2798=VERTEX_POINT('',#8919);
#2799=VERTEX_POINT('',#8926);
#2800=VERTEX_POINT('',#8928);
#2801=VERTEX_POINT('',#8937);
#2802=VERTEX_POINT('',#8939);
#2803=VERTEX_POINT('',#8948);
#2804=VERTEX_POINT('',#8950);
#2805=VERTEX_POINT('',#8961);
#2806=VERTEX_POINT('',#8966);
#2807=VERTEX_POINT('',#8980);
#2808=VERTEX_POINT('',#8985);
#2809=VERTEX_POINT('',#8992);
#2810=VERTEX_POINT('',#8994);
#2811=VERTEX_POINT('',#8998);
#2812=VERTEX_POINT('',#9000);
#2813=VERTEX_POINT('',#9004);
#2814=VERTEX_POINT('',#9006);
#2815=VERTEX_POINT('',#9017);
#2816=VERTEX_POINT('',#9022);
#2817=VERTEX_POINT('',#9036);
#2818=VERTEX_POINT('',#9041);
#2819=VERTEX_POINT('',#9048);
#2820=VERTEX_POINT('',#9050);
#2821=VERTEX_POINT('',#9061);
#2822=VERTEX_POINT('',#9066);
#2823=VERTEX_POINT('',#9073);
#2824=VERTEX_POINT('',#9075);
#2825=VERTEX_POINT('',#9086);
#2826=VERTEX_POINT('',#9091);
#2827=VERTEX_POINT('',#9117);
#2828=VERTEX_POINT('',#9118);
#2829=VERTEX_POINT('',#9120);
#2830=VERTEX_POINT('',#9122);
#2831=VERTEX_POINT('',#9126);
#2832=VERTEX_POINT('',#9128);
#2833=VERTEX_POINT('',#9132);
#2834=VERTEX_POINT('',#9134);
#2835=VERTEX_POINT('',#9143);
#2836=VERTEX_POINT('',#9144);
#2837=VERTEX_POINT('',#9146);
#2838=VERTEX_POINT('',#9148);
#2839=VERTEX_POINT('',#9152);
#2840=VERTEX_POINT('',#9154);
#2841=VERTEX_POINT('',#9158);
#2842=VERTEX_POINT('',#9160);
#2843=VERTEX_POINT('',#9164);
#2844=VERTEX_POINT('',#9166);
#2845=VERTEX_POINT('',#9170);
#2846=VERTEX_POINT('',#9172);
#2847=VERTEX_POINT('',#9176);
#2848=VERTEX_POINT('',#9178);
#2849=VERTEX_POINT('',#9182);
#2850=VERTEX_POINT('',#9184);
#2851=VERTEX_POINT('',#9188);
#2852=VERTEX_POINT('',#9190);
#2853=VERTEX_POINT('',#9194);
#2854=VERTEX_POINT('',#9196);
#2855=VERTEX_POINT('',#9200);
#2856=VERTEX_POINT('',#9202);
#2857=VERTEX_POINT('',#9206);
#2858=VERTEX_POINT('',#9208);
#2859=VERTEX_POINT('',#9217);
#2860=VERTEX_POINT('',#9218);
#2861=VERTEX_POINT('',#9220);
#2862=VERTEX_POINT('',#9222);
#2863=VERTEX_POINT('',#9226);
#2864=VERTEX_POINT('',#9228);
#2865=VERTEX_POINT('',#9232);
#2866=VERTEX_POINT('',#9234);
#2867=VERTEX_POINT('',#9243);
#2868=VERTEX_POINT('',#9244);
#2869=VERTEX_POINT('',#9246);
#2870=VERTEX_POINT('',#9248);
#2871=VERTEX_POINT('',#9252);
#2872=VERTEX_POINT('',#9254);
#2873=VERTEX_POINT('',#9258);
#2874=VERTEX_POINT('',#9260);
#2875=VERTEX_POINT('',#9271);
#2876=VERTEX_POINT('',#9276);
#2877=VERTEX_POINT('',#9290);
#2878=VERTEX_POINT('',#9295);
#2879=VERTEX_POINT('',#9302);
#2880=VERTEX_POINT('',#9304);
#2881=VERTEX_POINT('',#9308);
#2882=VERTEX_POINT('',#9310);
#2883=VERTEX_POINT('',#9314);
#2884=VERTEX_POINT('',#9316);
#2885=VERTEX_POINT('',#9327);
#2886=VERTEX_POINT('',#9332);
#2887=VERTEX_POINT('',#9344);
#2888=VERTEX_POINT('',#9346);
#2889=VERTEX_POINT('',#9350);
#2890=VERTEX_POINT('',#9352);
#2891=VERTEX_POINT('',#9356);
#2892=VERTEX_POINT('',#9358);
#2893=VERTEX_POINT('',#9362);
#2894=VERTEX_POINT('',#9364);
#2895=VERTEX_POINT('',#9368);
#2896=VERTEX_POINT('',#9370);
#2897=VERTEX_POINT('',#9374);
#2898=VERTEX_POINT('',#9376);
#2899=VERTEX_POINT('',#9385);
#2900=VERTEX_POINT('',#9387);
#2901=VERTEX_POINT('',#9398);
#2902=VERTEX_POINT('',#9403);
#2903=VERTEX_POINT('',#9410);
#2904=VERTEX_POINT('',#9412);
#2905=VERTEX_POINT('',#9421);
#2906=VERTEX_POINT('',#9422);
#2907=VERTEX_POINT('',#9424);
#2908=VERTEX_POINT('',#9426);
#2909=VERTEX_POINT('',#9437);
#2910=VERTEX_POINT('',#9442);
#2911=VERTEX_POINT('',#9449);
#2912=VERTEX_POINT('',#9451);
#2913=VERTEX_POINT('',#9462);
#2914=VERTEX_POINT('',#9467);
#2915=VERTEX_POINT('',#9474);
#2916=VERTEX_POINT('',#9476);
#2917=VERTEX_POINT('',#9487);
#2918=VERTEX_POINT('',#9492);
#2919=VERTEX_POINT('',#9499);
#2920=VERTEX_POINT('',#9501);
#2921=VERTEX_POINT('',#9512);
#2922=VERTEX_POINT('',#9517);
#2923=VERTEX_POINT('',#9524);
#2924=VERTEX_POINT('',#9526);
#2925=VERTEX_POINT('',#9537);
#2926=VERTEX_POINT('',#9542);
#2927=VERTEX_POINT('',#9549);
#2928=VERTEX_POINT('',#9551);
#2929=VERTEX_POINT('',#9573);
#2930=VERTEX_POINT('',#9574);
#2931=VERTEX_POINT('',#9576);
#2932=VERTEX_POINT('',#9578);
#2933=VERTEX_POINT('',#9589);
#2934=VERTEX_POINT('',#9594);
#2935=VERTEX_POINT('',#9601);
#2936=VERTEX_POINT('',#9603);
#2937=VERTEX_POINT('',#9614);
#2938=VERTEX_POINT('',#9619);
#2939=VERTEX_POINT('',#9626);
#2940=VERTEX_POINT('',#9628);
#2941=VERTEX_POINT('',#9639);
#2942=VERTEX_POINT('',#9644);
#2943=VERTEX_POINT('',#9651);
#2944=VERTEX_POINT('',#9653);
#2945=VERTEX_POINT('',#9664);
#2946=VERTEX_POINT('',#9669);
#2947=VERTEX_POINT('',#9676);
#2948=VERTEX_POINT('',#9678);
#2949=VERTEX_POINT('',#9689);
#2950=VERTEX_POINT('',#9694);
#2951=VERTEX_POINT('',#9701);
#2952=VERTEX_POINT('',#9703);
#2953=VERTEX_POINT('',#9725);
#2954=VERTEX_POINT('',#9726);
#2955=VERTEX_POINT('',#9728);
#2956=VERTEX_POINT('',#9730);
#2957=VERTEX_POINT('',#9739);
#2958=VERTEX_POINT('',#9741);
#2959=VERTEX_POINT('',#9745);
#2960=VERTEX_POINT('',#9747);
#2961=VERTEX_POINT('',#9758);
#2962=VERTEX_POINT('',#9763);
#2963=VERTEX_POINT('',#9770);
#2964=VERTEX_POINT('',#9772);
#2965=VERTEX_POINT('',#9779);
#2966=VERTEX_POINT('',#9780);
#2967=VERTEX_POINT('',#9782);
#2968=VERTEX_POINT('',#9784);
#2969=VERTEX_POINT('',#9795);
#2970=VERTEX_POINT('',#9800);
#2971=VERTEX_POINT('',#9807);
#2972=VERTEX_POINT('',#9809);
#2973=VERTEX_POINT('',#9820);
#2974=VERTEX_POINT('',#9825);
#2975=VERTEX_POINT('',#9832);
#2976=VERTEX_POINT('',#9834);
#2977=VERTEX_POINT('',#9838);
#2978=VERTEX_POINT('',#9840);
#2979=VERTEX_POINT('',#9844);
#2980=VERTEX_POINT('',#9846);
#2981=VERTEX_POINT('',#9855);
#2982=VERTEX_POINT('',#9856);
#2983=VERTEX_POINT('',#9858);
#2984=VERTEX_POINT('',#9860);
#2985=VERTEX_POINT('',#9871);
#2986=VERTEX_POINT('',#9876);
#2987=VERTEX_POINT('',#9883);
#2988=VERTEX_POINT('',#9885);
#2989=VERTEX_POINT('',#9896);
#2990=VERTEX_POINT('',#9901);
#2991=VERTEX_POINT('',#9908);
#2992=VERTEX_POINT('',#9910);
#2993=VERTEX_POINT('',#9921);
#2994=VERTEX_POINT('',#9926);
#2995=VERTEX_POINT('',#9933);
#2996=VERTEX_POINT('',#9935);
#2997=VERTEX_POINT('',#9962);
#2998=VERTEX_POINT('',#9963);
#2999=VERTEX_POINT('',#9968);
#3000=VERTEX_POINT('',#9970);
#3001=VERTEX_POINT('',#9977);
#3002=VERTEX_POINT('',#9979);
#3003=VERTEX_POINT('',#9990);
#3004=VERTEX_POINT('',#9995);
#3005=VERTEX_POINT('',#10002);
#3006=VERTEX_POINT('',#10004);
#3007=VERTEX_POINT('',#10015);
#3008=VERTEX_POINT('',#10020);
#3009=VERTEX_POINT('',#10027);
#3010=VERTEX_POINT('',#10029);
#3011=VERTEX_POINT('',#10040);
#3012=VERTEX_POINT('',#10045);
#3013=VERTEX_POINT('',#10057);
#3014=VERTEX_POINT('',#10058);
#3015=VERTEX_POINT('',#10060);
#3016=VERTEX_POINT('',#10062);
#3017=VERTEX_POINT('',#10073);
#3018=VERTEX_POINT('',#10078);
#3019=VERTEX_POINT('',#10085);
#3020=VERTEX_POINT('',#10087);
#3021=VERTEX_POINT('',#10098);
#3022=VERTEX_POINT('',#10103);
#3023=VERTEX_POINT('',#10110);
#3024=VERTEX_POINT('',#10112);
#3025=VERTEX_POINT('',#10119);
#3026=VERTEX_POINT('',#10120);
#3027=VERTEX_POINT('',#10122);
#3028=VERTEX_POINT('',#10124);
#3029=VERTEX_POINT('',#10128);
#3030=VERTEX_POINT('',#10130);
#3031=VERTEX_POINT('',#10134);
#3032=VERTEX_POINT('',#10136);
#3033=VERTEX_POINT('',#10140);
#3034=VERTEX_POINT('',#10142);
#3035=VERTEX_POINT('',#10146);
#3036=VERTEX_POINT('',#10148);
#3037=VERTEX_POINT('',#10159);
#3038=VERTEX_POINT('',#10164);
#3039=VERTEX_POINT('',#10171);
#3040=VERTEX_POINT('',#10173);
#3041=VERTEX_POINT('',#10184);
#3042=VERTEX_POINT('',#10189);
#3043=VERTEX_POINT('',#10196);
#3044=VERTEX_POINT('',#10198);
#3045=VERTEX_POINT('',#10209);
#3046=VERTEX_POINT('',#10214);
#3047=VERTEX_POINT('',#10221);
#3048=VERTEX_POINT('',#10223);
#3049=VERTEX_POINT('',#10227);
#3050=VERTEX_POINT('',#10229);
#3051=VERTEX_POINT('',#10233);
#3052=VERTEX_POINT('',#10235);
#3053=EDGE_CURVE('',#2537,#2538,#2470,.F.);
#3054=EDGE_CURVE('',#2539,#2537,#2471,.F.);
#3055=EDGE_CURVE('',#2538,#2539,#2472,.F.);
#3056=EDGE_CURVE('',#2540,#2541,#2473,.F.);
#3057=EDGE_CURVE('',#2542,#2540,#2474,.F.);
#3058=EDGE_CURVE('',#2541,#2542,#2475,.F.);
#3059=EDGE_CURVE('',#2543,#2544,#2476,.F.);
#3060=EDGE_CURVE('',#2545,#2543,#2477,.F.);
#3061=EDGE_CURVE('',#2544,#2545,#2478,.F.);
#3062=EDGE_CURVE('',#2546,#2547,#2479,.F.);
#3063=EDGE_CURVE('',#2548,#2546,#2480,.F.);
#3064=EDGE_CURVE('',#2547,#2548,#2481,.F.);
#3065=EDGE_CURVE('',#2549,#2550,#2482,.F.);
#3066=EDGE_CURVE('',#2551,#2549,#2483,.F.);
#3067=EDGE_CURVE('',#2550,#2551,#2484,.F.);
#3068=EDGE_CURVE('',#2549,#2541,#480,.T.);
#3069=EDGE_CURVE('',#2542,#2551,#481,.T.);
#3070=EDGE_CURVE('',#2552,#2553,#2485,.F.);
#3071=EDGE_CURVE('',#2554,#2552,#2486,.F.);
#3072=EDGE_CURVE('',#2553,#2554,#2487,.F.);
#3073=EDGE_CURVE('',#2540,#2554,#482,.T.);
#3074=EDGE_CURVE('',#2552,#2542,#483,.T.);
#3075=EDGE_CURVE('',#2555,#2553,#484,.T.);
#3076=EDGE_CURVE('',#2554,#2556,#485,.T.);
#3077=EDGE_CURVE('',#2556,#2555,#468,.T.);
#3078=EDGE_CURVE('',#2557,#2558,#2488,.F.);
#3079=EDGE_CURVE('',#2559,#2557,#2489,.F.);
#3080=EDGE_CURVE('',#2558,#2559,#2490,.F.);
#3081=EDGE_CURVE('',#2560,#2561,#2491,.F.);
#3082=EDGE_CURVE('',#2562,#2560,#2492,.F.);
#3083=EDGE_CURVE('',#2561,#2562,#2493,.F.);
#3084=EDGE_CURVE('',#2546,#2562,#486,.T.);
#3085=EDGE_CURVE('',#2560,#2548,#487,.T.);
#3086=EDGE_CURVE('',#2563,#2564,#2494,.F.);
#3087=EDGE_CURVE('',#2565,#2563,#2495,.F.);
#3088=EDGE_CURVE('',#2564,#2565,#2496,.F.);
#3089=EDGE_CURVE('',#2563,#2552,#488,.T.);
#3090=EDGE_CURVE('',#2553,#2565,#489,.T.);
#3091=EDGE_CURVE('',#2566,#2567,#2497,.F.);
#3092=EDGE_CURVE('',#2568,#2566,#2498,.F.);
#3093=EDGE_CURVE('',#2567,#2568,#2499,.F.);
#3094=EDGE_CURVE('',#2557,#2568,#490,.T.);
#3095=EDGE_CURVE('',#2566,#2559,#491,.T.);
#3096=EDGE_CURVE('',#2569,#2564,#492,.T.);
#3097=EDGE_CURVE('',#2565,#2570,#493,.T.);
#3098=EDGE_CURVE('',#2570,#2569,#469,.T.);
#3099=EDGE_CURVE('',#2570,#2567,#494,.T.);
#3100=EDGE_CURVE('',#2568,#2569,#495,.T.);
#3101=EDGE_CURVE('',#2562,#2566,#496,.T.);
#3102=EDGE_CURVE('',#2567,#2561,#497,.T.);
#3103=EDGE_CURVE('',#2564,#2550,#498,.T.);
#3104=EDGE_CURVE('',#2551,#2563,#499,.T.);
#3105=EDGE_CURVE('',#2556,#2560,#500,.T.);
#3106=EDGE_CURVE('',#2561,#2555,#501,.T.);
#3107=EDGE_CURVE('',#2547,#2558,#502,.T.);
#3108=EDGE_CURVE('',#2559,#2546,#503,.T.);
#3109=EDGE_CURVE('',#2558,#2544,#504,.T.);
#3110=EDGE_CURVE('',#2545,#2557,#505,.T.);
#3111=EDGE_CURVE('',#2543,#2549,#506,.T.);
#3112=EDGE_CURVE('',#2550,#2545,#507,.T.);
#3113=EDGE_CURVE('',#2538,#2547,#508,.T.);
#3114=EDGE_CURVE('',#2548,#2537,#509,.T.);
#3115=EDGE_CURVE('',#2544,#2538,#510,.T.);
#3116=EDGE_CURVE('',#2539,#2543,#511,.T.);
#3117=EDGE_CURVE('',#2537,#2540,#512,.T.);
#3118=EDGE_CURVE('',#2541,#2539,#513,.T.);
#3119=EDGE_CURVE('',#2555,#2570,#514,.T.);
#3120=EDGE_CURVE('',#2571,#2571,#2500,.T.);
#3121=EDGE_CURVE('',#2572,#2572,#2501,.T.);
#3122=EDGE_CURVE('',#2572,#2571,#2502,.T.);
#3123=EDGE_CURVE('',#2573,#2574,#515,.T.);
#3124=EDGE_CURVE('',#2575,#2573,#516,.T.);
#3125=EDGE_CURVE('',#2576,#2575,#517,.T.);
#3126=EDGE_CURVE('',#2574,#2576,#518,.T.);
#3127=EDGE_CURVE('',#2577,#2574,#519,.T.);
#3128=EDGE_CURVE('',#2576,#2578,#520,.T.);
#3129=EDGE_CURVE('',#2578,#2577,#521,.T.);
#3130=EDGE_CURVE('',#2579,#2575,#522,.T.);
#3131=EDGE_CURVE('',#2573,#2580,#523,.T.);
#3132=EDGE_CURVE('',#2580,#2579,#524,.T.);
#3133=EDGE_CURVE('',#2577,#2580,#525,.T.);
#3134=EDGE_CURVE('',#2578,#2581,#526,.T.);
#3135=EDGE_CURVE('',#2581,#2582,#527,.T.);
#3136=EDGE_CURVE('',#2579,#2582,#528,.T.);
#3137=EDGE_CURVE('',#2583,#2576,#529,.T.);
#3138=EDGE_CURVE('',#2583,#2584,#530,.T.);
#3139=EDGE_CURVE('',#2584,#2581,#531,.T.);
#3140=EDGE_CURVE('',#2585,#2583,#2503,.T.);
#3141=EDGE_CURVE('',#2585,#2586,#532,.T.);
#3142=EDGE_CURVE('',#2586,#2584,#2504,.T.);
#3143=EDGE_CURVE('',#2582,#2586,#533,.T.);
#3144=EDGE_CURVE('',#2575,#2585,#534,.T.);
#3145=EDGE_CURVE('',#2587,#2588,#535,.T.);
#3146=EDGE_CURVE('',#2589,#2587,#536,.T.);
#3147=EDGE_CURVE('',#2590,#2589,#537,.T.);
#3148=EDGE_CURVE('',#2588,#2590,#538,.T.);
#3149=EDGE_CURVE('',#2591,#2588,#539,.T.);
#3150=EDGE_CURVE('',#2590,#2592,#540,.T.);
#3151=EDGE_CURVE('',#2592,#2591,#541,.T.);
#3152=EDGE_CURVE('',#2593,#2589,#542,.T.);
#3153=EDGE_CURVE('',#2587,#2594,#543,.T.);
#3154=EDGE_CURVE('',#2594,#2593,#544,.T.);
#3155=EDGE_CURVE('',#2591,#2594,#545,.T.);
#3156=EDGE_CURVE('',#2592,#2595,#546,.T.);
#3157=EDGE_CURVE('',#2595,#2596,#547,.T.);
#3158=EDGE_CURVE('',#2593,#2596,#548,.T.);
#3159=EDGE_CURVE('',#2597,#2590,#549,.T.);
#3160=EDGE_CURVE('',#2597,#2598,#550,.T.);
#3161=EDGE_CURVE('',#2598,#2595,#551,.T.);
#3162=EDGE_CURVE('',#2599,#2597,#2505,.T.);
#3163=EDGE_CURVE('',#2599,#2600,#552,.T.);
#3164=EDGE_CURVE('',#2600,#2598,#2506,.T.);
#3165=EDGE_CURVE('',#2596,#2600,#553,.T.);
#3166=EDGE_CURVE('',#2589,#2599,#554,.T.);
#3167=EDGE_CURVE('',#2601,#2602,#555,.T.);
#3168=EDGE_CURVE('',#2603,#2601,#556,.T.);
#3169=EDGE_CURVE('',#2604,#2603,#557,.T.);
#3170=EDGE_CURVE('',#2602,#2604,#558,.T.);
#3171=EDGE_CURVE('',#2605,#2602,#559,.T.);
#3172=EDGE_CURVE('',#2604,#2606,#560,.T.);
#3173=EDGE_CURVE('',#2606,#2605,#561,.T.);
#3174=EDGE_CURVE('',#2607,#2603,#562,.T.);
#3175=EDGE_CURVE('',#2601,#2608,#563,.T.);
#3176=EDGE_CURVE('',#2608,#2607,#564,.T.);
#3177=EDGE_CURVE('',#2605,#2608,#565,.T.);
#3178=EDGE_CURVE('',#2606,#2609,#566,.T.);
#3179=EDGE_CURVE('',#2609,#2610,#567,.T.);
#3180=EDGE_CURVE('',#2607,#2610,#568,.T.);
#3181=EDGE_CURVE('',#2611,#2604,#569,.T.);
#3182=EDGE_CURVE('',#2611,#2612,#570,.T.);
#3183=EDGE_CURVE('',#2612,#2609,#571,.T.);
#3184=EDGE_CURVE('',#2613,#2611,#2507,.T.);
#3185=EDGE_CURVE('',#2613,#2614,#572,.T.);
#3186=EDGE_CURVE('',#2614,#2612,#2508,.T.);
#3187=EDGE_CURVE('',#2610,#2614,#573,.T.);
#3188=EDGE_CURVE('',#2603,#2613,#574,.T.);
#3189=EDGE_CURVE('',#2615,#2616,#575,.T.);
#3190=EDGE_CURVE('',#2617,#2615,#576,.T.);
#3191=EDGE_CURVE('',#2618,#2617,#577,.T.);
#3192=EDGE_CURVE('',#2616,#2618,#578,.T.);
#3193=EDGE_CURVE('',#2619,#2616,#579,.T.);
#3194=EDGE_CURVE('',#2618,#2620,#580,.T.);
#3195=EDGE_CURVE('',#2620,#2619,#581,.T.);
#3196=EDGE_CURVE('',#2621,#2617,#582,.T.);
#3197=EDGE_CURVE('',#2615,#2622,#583,.T.);
#3198=EDGE_CURVE('',#2622,#2621,#584,.T.);
#3199=EDGE_CURVE('',#2619,#2622,#585,.T.);
#3200=EDGE_CURVE('',#2620,#2623,#586,.T.);
#3201=EDGE_CURVE('',#2623,#2624,#587,.T.);
#3202=EDGE_CURVE('',#2621,#2624,#588,.T.);
#3203=EDGE_CURVE('',#2625,#2618,#589,.T.);
#3204=EDGE_CURVE('',#2625,#2626,#590,.T.);
#3205=EDGE_CURVE('',#2626,#2623,#591,.T.);
#3206=EDGE_CURVE('',#2627,#2625,#2509,.T.);
#3207=EDGE_CURVE('',#2627,#2628,#592,.T.);
#3208=EDGE_CURVE('',#2628,#2626,#2510,.T.);
#3209=EDGE_CURVE('',#2624,#2628,#593,.T.);
#3210=EDGE_CURVE('',#2617,#2627,#594,.T.);
#3211=EDGE_CURVE('',#2629,#2630,#595,.T.);
#3212=EDGE_CURVE('',#2631,#2629,#596,.T.);
#3213=EDGE_CURVE('',#2632,#2631,#597,.T.);
#3214=EDGE_CURVE('',#2630,#2632,#598,.T.);
#3215=EDGE_CURVE('',#2633,#2630,#599,.T.);
#3216=EDGE_CURVE('',#2632,#2634,#600,.T.);
#3217=EDGE_CURVE('',#2634,#2633,#601,.T.);
#3218=EDGE_CURVE('',#2635,#2631,#602,.T.);
#3219=EDGE_CURVE('',#2629,#2636,#603,.T.);
#3220=EDGE_CURVE('',#2636,#2635,#604,.T.);
#3221=EDGE_CURVE('',#2633,#2636,#605,.T.);
#3222=EDGE_CURVE('',#2634,#2637,#606,.T.);
#3223=EDGE_CURVE('',#2637,#2638,#607,.T.);
#3224=EDGE_CURVE('',#2635,#2638,#608,.T.);
#3225=EDGE_CURVE('',#2639,#2632,#609,.T.);
#3226=EDGE_CURVE('',#2639,#2640,#610,.T.);
#3227=EDGE_CURVE('',#2640,#2637,#611,.T.);
#3228=EDGE_CURVE('',#2641,#2639,#2511,.T.);
#3229=EDGE_CURVE('',#2641,#2642,#612,.T.);
#3230=EDGE_CURVE('',#2642,#2640,#2512,.T.);
#3231=EDGE_CURVE('',#2638,#2642,#613,.T.);
#3232=EDGE_CURVE('',#2631,#2641,#614,.T.);
#3233=EDGE_CURVE('',#2643,#2644,#615,.T.);
#3234=EDGE_CURVE('',#2645,#2643,#616,.T.);
#3235=EDGE_CURVE('',#2646,#2645,#617,.T.);
#3236=EDGE_CURVE('',#2644,#2646,#618,.T.);
#3237=EDGE_CURVE('',#2647,#2644,#619,.T.);
#3238=EDGE_CURVE('',#2646,#2648,#620,.T.);
#3239=EDGE_CURVE('',#2648,#2647,#621,.T.);
#3240=EDGE_CURVE('',#2649,#2645,#622,.T.);
#3241=EDGE_CURVE('',#2643,#2650,#623,.T.);
#3242=EDGE_CURVE('',#2650,#2649,#624,.T.);
#3243=EDGE_CURVE('',#2647,#2650,#625,.T.);
#3244=EDGE_CURVE('',#2648,#2651,#626,.T.);
#3245=EDGE_CURVE('',#2651,#2652,#627,.T.);
#3246=EDGE_CURVE('',#2649,#2652,#628,.T.);
#3247=EDGE_CURVE('',#2653,#2646,#629,.T.);
#3248=EDGE_CURVE('',#2653,#2654,#630,.T.);
#3249=EDGE_CURVE('',#2654,#2651,#631,.T.);
#3250=EDGE_CURVE('',#2655,#2653,#2513,.T.);
#3251=EDGE_CURVE('',#2655,#2656,#632,.T.);
#3252=EDGE_CURVE('',#2656,#2654,#2514,.T.);
#3253=EDGE_CURVE('',#2652,#2656,#633,.T.);
#3254=EDGE_CURVE('',#2645,#2655,#634,.T.);
#3255=EDGE_CURVE('',#2657,#2658,#635,.T.);
#3256=EDGE_CURVE('',#2658,#2659,#636,.T.);
#3257=EDGE_CURVE('',#2660,#2659,#637,.T.);
#3258=EDGE_CURVE('',#2660,#2657,#638,.T.);
#3259=EDGE_CURVE('',#2661,#2658,#639,.T.);
#3260=EDGE_CURVE('',#2662,#2661,#640,.T.);
#3261=EDGE_CURVE('',#2659,#2662,#641,.T.);
#3262=EDGE_CURVE('',#2663,#2660,#642,.T.);
#3263=EDGE_CURVE('',#2664,#2663,#643,.T.);
#3264=EDGE_CURVE('',#2657,#2664,#644,.T.);
#3265=EDGE_CURVE('',#2661,#2664,#645,.T.);
#3266=EDGE_CURVE('',#2663,#2665,#646,.T.);
#3267=EDGE_CURVE('',#2666,#2665,#647,.T.);
#3268=EDGE_CURVE('',#2662,#2666,#648,.T.);
#3269=EDGE_CURVE('',#2667,#2659,#649,.T.);
#3270=EDGE_CURVE('',#2668,#2666,#650,.T.);
#3271=EDGE_CURVE('',#2667,#2668,#651,.T.);
#3272=EDGE_CURVE('',#2669,#2667,#2515,.T.);
#3273=EDGE_CURVE('',#2670,#2668,#2516,.T.);
#3274=EDGE_CURVE('',#2669,#2670,#652,.T.);
#3275=EDGE_CURVE('',#2660,#2669,#653,.T.);
#3276=EDGE_CURVE('',#2665,#2670,#654,.T.);
#3277=EDGE_CURVE('',#2671,#2672,#655,.T.);
#3278=EDGE_CURVE('',#2672,#2673,#656,.T.);
#3279=EDGE_CURVE('',#2674,#2673,#657,.T.);
#3280=EDGE_CURVE('',#2674,#2671,#658,.T.);
#3281=EDGE_CURVE('',#2675,#2672,#659,.T.);
#3282=EDGE_CURVE('',#2676,#2675,#660,.T.);
#3283=EDGE_CURVE('',#2673,#2676,#661,.T.);
#3284=EDGE_CURVE('',#2677,#2674,#662,.T.);
#3285=EDGE_CURVE('',#2678,#2677,#663,.T.);
#3286=EDGE_CURVE('',#2671,#2678,#664,.T.);
#3287=EDGE_CURVE('',#2675,#2678,#665,.T.);
#3288=EDGE_CURVE('',#2677,#2679,#666,.T.);
#3289=EDGE_CURVE('',#2680,#2679,#667,.T.);
#3290=EDGE_CURVE('',#2676,#2680,#668,.T.);
#3291=EDGE_CURVE('',#2681,#2673,#669,.T.);
#3292=EDGE_CURVE('',#2682,#2680,#670,.T.);
#3293=EDGE_CURVE('',#2681,#2682,#671,.T.);
#3294=EDGE_CURVE('',#2683,#2681,#2517,.T.);
#3295=EDGE_CURVE('',#2684,#2682,#2518,.T.);
#3296=EDGE_CURVE('',#2683,#2684,#672,.T.);
#3297=EDGE_CURVE('',#2674,#2683,#673,.T.);
#3298=EDGE_CURVE('',#2679,#2684,#674,.T.);
#3299=EDGE_CURVE('',#2685,#2686,#675,.T.);
#3300=EDGE_CURVE('',#2686,#2687,#676,.T.);
#3301=EDGE_CURVE('',#2688,#2687,#677,.T.);
#3302=EDGE_CURVE('',#2688,#2685,#678,.T.);
#3303=EDGE_CURVE('',#2689,#2686,#679,.T.);
#3304=EDGE_CURVE('',#2690,#2689,#680,.T.);
#3305=EDGE_CURVE('',#2687,#2690,#681,.T.);
#3306=EDGE_CURVE('',#2691,#2688,#682,.T.);
#3307=EDGE_CURVE('',#2692,#2691,#683,.T.);
#3308=EDGE_CURVE('',#2685,#2692,#684,.T.);
#3309=EDGE_CURVE('',#2689,#2692,#685,.T.);
#3310=EDGE_CURVE('',#2691,#2693,#686,.T.);
#3311=EDGE_CURVE('',#2694,#2693,#687,.T.);
#3312=EDGE_CURVE('',#2690,#2694,#688,.T.);
#3313=EDGE_CURVE('',#2695,#2687,#689,.T.);
#3314=EDGE_CURVE('',#2696,#2694,#690,.T.);
#3315=EDGE_CURVE('',#2695,#2696,#691,.T.);
#3316=EDGE_CURVE('',#2697,#2695,#2519,.T.);
#3317=EDGE_CURVE('',#2698,#2696,#2520,.T.);
#3318=EDGE_CURVE('',#2697,#2698,#692,.T.);
#3319=EDGE_CURVE('',#2688,#2697,#693,.T.);
#3320=EDGE_CURVE('',#2693,#2698,#694,.T.);
#3321=EDGE_CURVE('',#2699,#2700,#695,.T.);
#3322=EDGE_CURVE('',#2700,#2701,#696,.T.);
#3323=EDGE_CURVE('',#2702,#2701,#697,.T.);
#3324=EDGE_CURVE('',#2702,#2699,#698,.T.);
#3325=EDGE_CURVE('',#2703,#2700,#699,.T.);
#3326=EDGE_CURVE('',#2704,#2703,#700,.T.);
#3327=EDGE_CURVE('',#2701,#2704,#701,.T.);
#3328=EDGE_CURVE('',#2705,#2702,#702,.T.);
#3329=EDGE_CURVE('',#2706,#2705,#703,.T.);
#3330=EDGE_CURVE('',#2699,#2706,#704,.T.);
#3331=EDGE_CURVE('',#2703,#2706,#705,.T.);
#3332=EDGE_CURVE('',#2705,#2707,#706,.T.);
#3333=EDGE_CURVE('',#2708,#2707,#707,.T.);
#3334=EDGE_CURVE('',#2704,#2708,#708,.T.);
#3335=EDGE_CURVE('',#2709,#2701,#709,.T.);
#3336=EDGE_CURVE('',#2710,#2708,#710,.T.);
#3337=EDGE_CURVE('',#2709,#2710,#711,.T.);
#3338=EDGE_CURVE('',#2711,#2709,#2521,.T.);
#3339=EDGE_CURVE('',#2712,#2710,#2522,.T.);
#3340=EDGE_CURVE('',#2711,#2712,#712,.T.);
#3341=EDGE_CURVE('',#2702,#2711,#713,.T.);
#3342=EDGE_CURVE('',#2707,#2712,#714,.T.);
#3343=EDGE_CURVE('',#2713,#2714,#715,.T.);
#3344=EDGE_CURVE('',#2714,#2715,#716,.T.);
#3345=EDGE_CURVE('',#2716,#2715,#717,.T.);
#3346=EDGE_CURVE('',#2716,#2713,#718,.T.);
#3347=EDGE_CURVE('',#2717,#2714,#719,.T.);
#3348=EDGE_CURVE('',#2718,#2717,#720,.T.);
#3349=EDGE_CURVE('',#2715,#2718,#721,.T.);
#3350=EDGE_CURVE('',#2719,#2716,#722,.T.);
#3351=EDGE_CURVE('',#2720,#2719,#723,.T.);
#3352=EDGE_CURVE('',#2713,#2720,#724,.T.);
#3353=EDGE_CURVE('',#2717,#2720,#725,.T.);
#3354=EDGE_CURVE('',#2719,#2721,#726,.T.);
#3355=EDGE_CURVE('',#2722,#2721,#727,.T.);
#3356=EDGE_CURVE('',#2718,#2722,#728,.T.);
#3357=EDGE_CURVE('',#2723,#2715,#729,.T.);
#3358=EDGE_CURVE('',#2724,#2722,#730,.T.);
#3359=EDGE_CURVE('',#2723,#2724,#731,.T.);
#3360=EDGE_CURVE('',#2725,#2723,#2523,.T.);
#3361=EDGE_CURVE('',#2726,#2724,#2524,.T.);
#3362=EDGE_CURVE('',#2725,#2726,#732,.T.);
#3363=EDGE_CURVE('',#2716,#2725,#733,.T.);
#3364=EDGE_CURVE('',#2721,#2726,#734,.T.);
#3365=EDGE_CURVE('',#2727,#2728,#735,.T.);
#3366=EDGE_CURVE('',#2728,#2729,#736,.T.);
#3367=EDGE_CURVE('',#2730,#2729,#737,.T.);
#3368=EDGE_CURVE('',#2730,#2727,#738,.T.);
#3369=EDGE_CURVE('',#2731,#2728,#739,.T.);
#3370=EDGE_CURVE('',#2732,#2731,#740,.T.);
#3371=EDGE_CURVE('',#2729,#2732,#741,.T.);
#3372=EDGE_CURVE('',#2733,#2730,#742,.T.);
#3373=EDGE_CURVE('',#2734,#2733,#743,.T.);
#3374=EDGE_CURVE('',#2727,#2734,#744,.T.);
#3375=EDGE_CURVE('',#2731,#2734,#745,.T.);
#3376=EDGE_CURVE('',#2733,#2735,#746,.T.);
#3377=EDGE_CURVE('',#2736,#2735,#747,.T.);
#3378=EDGE_CURVE('',#2732,#2736,#748,.T.);
#3379=EDGE_CURVE('',#2737,#2729,#749,.T.);
#3380=EDGE_CURVE('',#2738,#2736,#750,.T.);
#3381=EDGE_CURVE('',#2737,#2738,#751,.T.);
#3382=EDGE_CURVE('',#2739,#2737,#2525,.T.);
#3383=EDGE_CURVE('',#2740,#2738,#2526,.T.);
#3384=EDGE_CURVE('',#2739,#2740,#752,.T.);
#3385=EDGE_CURVE('',#2730,#2739,#753,.T.);
#3386=EDGE_CURVE('',#2735,#2740,#754,.T.);
#3387=EDGE_CURVE('',#2741,#2742,#755,.T.);
#3388=EDGE_CURVE('',#2742,#2743,#756,.T.);
#3389=EDGE_CURVE('',#2744,#2743,#757,.T.);
#3390=EDGE_CURVE('',#2744,#2741,#758,.T.);
#3391=EDGE_CURVE('',#2745,#2742,#759,.T.);
#3392=EDGE_CURVE('',#2746,#2745,#760,.T.);
#3393=EDGE_CURVE('',#2743,#2746,#761,.T.);
#3394=EDGE_CURVE('',#2747,#2744,#762,.T.);
#3395=EDGE_CURVE('',#2748,#2747,#763,.T.);
#3396=EDGE_CURVE('',#2741,#2748,#764,.T.);
#3397=EDGE_CURVE('',#2745,#2748,#765,.T.);
#3398=EDGE_CURVE('',#2747,#2749,#766,.T.);
#3399=EDGE_CURVE('',#2750,#2749,#767,.T.);
#3400=EDGE_CURVE('',#2746,#2750,#768,.T.);
#3401=EDGE_CURVE('',#2751,#2743,#769,.T.);
#3402=EDGE_CURVE('',#2752,#2750,#770,.T.);
#3403=EDGE_CURVE('',#2751,#2752,#771,.T.);
#3404=EDGE_CURVE('',#2753,#2751,#2527,.T.);
#3405=EDGE_CURVE('',#2754,#2752,#2528,.T.);
#3406=EDGE_CURVE('',#2753,#2754,#772,.T.);
#3407=EDGE_CURVE('',#2744,#2753,#773,.T.);
#3408=EDGE_CURVE('',#2749,#2754,#774,.T.);
#3409=EDGE_CURVE('',#2755,#2756,#775,.T.);
#3410=EDGE_CURVE('',#2757,#2755,#776,.T.);
#3411=EDGE_CURVE('',#2758,#2757,#777,.T.);
#3412=EDGE_CURVE('',#2756,#2758,#778,.T.);
#3413=EDGE_CURVE('',#2759,#2756,#779,.T.);
#3414=EDGE_CURVE('',#2758,#2760,#780,.T.);
#3415=EDGE_CURVE('',#2760,#2759,#781,.T.);
#3416=EDGE_CURVE('',#2761,#2757,#782,.T.);
#3417=EDGE_CURVE('',#2755,#2762,#783,.T.);
#3418=EDGE_CURVE('',#2762,#2761,#784,.T.);
#3419=EDGE_CURVE('',#2759,#2762,#785,.T.);
#3420=EDGE_CURVE('',#2760,#2763,#786,.T.);
#3421=EDGE_CURVE('',#2763,#2764,#787,.T.);
#3422=EDGE_CURVE('',#2761,#2764,#788,.T.);
#3423=EDGE_CURVE('',#2765,#2758,#789,.T.);
#3424=EDGE_CURVE('',#2765,#2766,#790,.T.);
#3425=EDGE_CURVE('',#2766,#2763,#791,.T.);
#3426=EDGE_CURVE('',#2767,#2765,#2529,.T.);
#3427=EDGE_CURVE('',#2767,#2768,#792,.T.);
#3428=EDGE_CURVE('',#2768,#2766,#2530,.T.);
#3429=EDGE_CURVE('',#2764,#2768,#793,.T.);
#3430=EDGE_CURVE('',#2757,#2767,#794,.T.);
#3431=EDGE_CURVE('',#2769,#2770,#795,.T.);
#3432=EDGE_CURVE('',#2770,#2771,#796,.T.);
#3433=EDGE_CURVE('',#2772,#2771,#797,.T.);
#3434=EDGE_CURVE('',#2769,#2772,#798,.T.);
#3435=EDGE_CURVE('',#2773,#2769,#799,.T.);
#3436=EDGE_CURVE('',#2774,#2772,#800,.T.);
#3437=EDGE_CURVE('',#2773,#2774,#801,.T.);
#3438=EDGE_CURVE('',#2775,#2773,#802,.T.);
#3439=EDGE_CURVE('',#2776,#2774,#803,.T.);
#3440=EDGE_CURVE('',#2775,#2776,#804,.T.);
#3441=EDGE_CURVE('',#2777,#2775,#805,.T.);
#3442=EDGE_CURVE('',#2778,#2776,#806,.T.);
#3443=EDGE_CURVE('',#2777,#2778,#807,.T.);
#3444=EDGE_CURVE('',#2770,#2777,#808,.T.);
#3445=EDGE_CURVE('',#2771,#2778,#809,.T.);
#3446=EDGE_CURVE('',#2779,#2780,#2531,.T.);
#3447=EDGE_CURVE('',#2780,#2779,#2532,.T.);
#3448=EDGE_CURVE('',#2780,#2781,#810,.T.);
#3449=EDGE_CURVE('',#2781,#2782,#2533,.T.);
#3450=EDGE_CURVE('',#2782,#2781,#2534,.T.);
#3451=EDGE_CURVE('',#2783,#2784,#36,.T.);
#3452=EDGE_CURVE('',#2784,#2785,#811,.T.);
#3453=EDGE_CURVE('',#2786,#2785,#37,.T.);
#3454=EDGE_CURVE('',#2783,#2786,#812,.T.);
#3455=EDGE_CURVE('',#2787,#2783,#38,.T.);
#3456=EDGE_CURVE('',#2788,#2786,#39,.T.);
#3457=EDGE_CURVE('',#2787,#2788,#813,.T.);
#3458=EDGE_CURVE('',#2789,#2787,#40,.T.);
#3459=EDGE_CURVE('',#2790,#2788,#41,.T.);
#3460=EDGE_CURVE('',#2789,#2790,#814,.T.);
#3461=EDGE_CURVE('',#2791,#2789,#815,.T.);
#3462=EDGE_CURVE('',#2792,#2790,#816,.T.);
#3463=EDGE_CURVE('',#2791,#2792,#817,.T.);
#3464=EDGE_CURVE('',#2793,#2791,#42,.T.);
#3465=EDGE_CURVE('',#2794,#2792,#43,.T.);
#3466=EDGE_CURVE('',#2793,#2794,#818,.T.);
#3467=EDGE_CURVE('',#2784,#2793,#44,.T.);
#3468=EDGE_CURVE('',#2785,#2794,#45,.T.);
#3469=EDGE_CURVE('',#2795,#2796,#46,.T.);
#3470=EDGE_CURVE('',#2796,#2797,#819,.T.);
#3471=EDGE_CURVE('',#2798,#2797,#47,.T.);
#3472=EDGE_CURVE('',#2795,#2798,#820,.T.);
#3473=EDGE_CURVE('',#2799,#2795,#821,.T.);
#3474=EDGE_CURVE('',#2800,#2798,#822,.T.);
#3475=EDGE_CURVE('',#2799,#2800,#823,.T.);
#3476=EDGE_CURVE('',#2801,#2799,#470,.T.);
#3477=EDGE_CURVE('',#2802,#2800,#471,.T.);
#3478=EDGE_CURVE('',#2801,#2802,#824,.T.);
#3479=EDGE_CURVE('',#2803,#2801,#472,.T.);
#3480=EDGE_CURVE('',#2804,#2802,#473,.T.);
#3481=EDGE_CURVE('',#2803,#2804,#825,.T.);
#3482=EDGE_CURVE('',#2805,#2803,#48,.T.);
#3483=EDGE_CURVE('',#2806,#2804,#49,.T.);
#3484=EDGE_CURVE('',#2805,#2806,#826,.T.);
#3485=EDGE_CURVE('',#2807,#2805,#50,.T.);
#3486=EDGE_CURVE('',#2808,#2806,#51,.T.);
#3487=EDGE_CURVE('',#2807,#2808,#827,.T.);
#3488=EDGE_CURVE('',#2809,#2807,#828,.T.);
#3489=EDGE_CURVE('',#2810,#2808,#829,.T.);
#3490=EDGE_CURVE('',#2809,#2810,#830,.T.);
#3491=EDGE_CURVE('',#2811,#2809,#831,.T.);
#3492=EDGE_CURVE('',#2812,#2810,#832,.T.);
#3493=EDGE_CURVE('',#2811,#2812,#833,.T.);
#3494=EDGE_CURVE('',#2813,#2811,#2535,.T.);
#3495=EDGE_CURVE('',#2814,#2812,#2536,.T.);
#3496=EDGE_CURVE('',#2813,#2814,#834,.T.);
#3497=EDGE_CURVE('',#2815,#2813,#52,.T.);
#3498=EDGE_CURVE('',#2816,#2814,#53,.T.);
#3499=EDGE_CURVE('',#2815,#2816,#835,.T.);
#3500=EDGE_CURVE('',#2817,#2815,#54,.T.);
#3501=EDGE_CURVE('',#2818,#2816,#55,.T.);
#3502=EDGE_CURVE('',#2817,#2818,#836,.T.);
#3503=EDGE_CURVE('',#2819,#2817,#837,.T.);
#3504=EDGE_CURVE('',#2820,#2818,#838,.T.);
#3505=EDGE_CURVE('',#2819,#2820,#839,.T.);
#3506=EDGE_CURVE('',#2821,#2819,#56,.T.);
#3507=EDGE_CURVE('',#2822,#2820,#57,.T.);
#3508=EDGE_CURVE('',#2821,#2822,#840,.T.);
#3509=EDGE_CURVE('',#2823,#2821,#841,.T.);
#3510=EDGE_CURVE('',#2824,#2822,#842,.T.);
#3511=EDGE_CURVE('',#2823,#2824,#843,.T.);
#3512=EDGE_CURVE('',#2825,#2823,#58,.T.);
#3513=EDGE_CURVE('',#2826,#2824,#59,.T.);
#3514=EDGE_CURVE('',#2825,#2826,#844,.T.);
#3515=EDGE_CURVE('',#2796,#2825,#60,.T.);
#3516=EDGE_CURVE('',#2797,#2826,#61,.T.);
#3517=EDGE_CURVE('',#2827,#2828,#845,.T.);
#3518=EDGE_CURVE('',#2828,#2829,#846,.T.);
#3519=EDGE_CURVE('',#2830,#2829,#847,.T.);
#3520=EDGE_CURVE('',#2827,#2830,#848,.T.);
#3521=EDGE_CURVE('',#2831,#2827,#849,.T.);
#3522=EDGE_CURVE('',#2832,#2830,#850,.T.);
#3523=EDGE_CURVE('',#2831,#2832,#851,.T.);
#3524=EDGE_CURVE('',#2833,#2831,#852,.T.);
#3525=EDGE_CURVE('',#2834,#2832,#853,.T.);
#3526=EDGE_CURVE('',#2833,#2834,#854,.T.);
#3527=EDGE_CURVE('',#2828,#2833,#855,.T.);
#3528=EDGE_CURVE('',#2829,#2834,#856,.T.);
#3529=EDGE_CURVE('',#2835,#2836,#857,.T.);
#3530=EDGE_CURVE('',#2836,#2837,#858,.T.);
#3531=EDGE_CURVE('',#2838,#2837,#859,.T.);
#3532=EDGE_CURVE('',#2835,#2838,#860,.T.);
#3533=EDGE_CURVE('',#2839,#2835,#861,.T.);
#3534=EDGE_CURVE('',#2840,#2838,#862,.T.);
#3535=EDGE_CURVE('',#2839,#2840,#863,.T.);
#3536=EDGE_CURVE('',#2841,#2839,#864,.T.);
#3537=EDGE_CURVE('',#2842,#2840,#865,.T.);
#3538=EDGE_CURVE('',#2841,#2842,#866,.T.);
#3539=EDGE_CURVE('',#2843,#2841,#867,.T.);
#3540=EDGE_CURVE('',#2844,#2842,#868,.T.);
#3541=EDGE_CURVE('',#2843,#2844,#869,.T.);
#3542=EDGE_CURVE('',#2845,#2843,#870,.T.);
#3543=EDGE_CURVE('',#2846,#2844,#871,.T.);
#3544=EDGE_CURVE('',#2845,#2846,#872,.T.);
#3545=EDGE_CURVE('',#2847,#2845,#873,.T.);
#3546=EDGE_CURVE('',#2848,#2846,#874,.T.);
#3547=EDGE_CURVE('',#2847,#2848,#875,.T.);
#3548=EDGE_CURVE('',#2849,#2847,#876,.T.);
#3549=EDGE_CURVE('',#2850,#2848,#877,.T.);
#3550=EDGE_CURVE('',#2849,#2850,#878,.T.);
#3551=EDGE_CURVE('',#2851,#2849,#879,.T.);
#3552=EDGE_CURVE('',#2852,#2850,#880,.T.);
#3553=EDGE_CURVE('',#2851,#2852,#881,.T.);
#3554=EDGE_CURVE('',#2853,#2851,#882,.T.);
#3555=EDGE_CURVE('',#2854,#2852,#883,.T.);
#3556=EDGE_CURVE('',#2853,#2854,#884,.T.);
#3557=EDGE_CURVE('',#2855,#2853,#885,.T.);
#3558=EDGE_CURVE('',#2856,#2854,#886,.T.);
#3559=EDGE_CURVE('',#2855,#2856,#887,.T.);
#3560=EDGE_CURVE('',#2857,#2855,#888,.T.);
#3561=EDGE_CURVE('',#2858,#2856,#889,.T.);
#3562=EDGE_CURVE('',#2857,#2858,#890,.T.);
#3563=EDGE_CURVE('',#2836,#2857,#891,.T.);
#3564=EDGE_CURVE('',#2837,#2858,#892,.T.);
#3565=EDGE_CURVE('',#2859,#2860,#893,.T.);
#3566=EDGE_CURVE('',#2860,#2861,#894,.T.);
#3567=EDGE_CURVE('',#2862,#2861,#895,.T.);
#3568=EDGE_CURVE('',#2859,#2862,#896,.T.);
#3569=EDGE_CURVE('',#2863,#2859,#897,.T.);
#3570=EDGE_CURVE('',#2864,#2862,#898,.T.);
#3571=EDGE_CURVE('',#2863,#2864,#899,.T.);
#3572=EDGE_CURVE('',#2865,#2863,#900,.T.);
#3573=EDGE_CURVE('',#2866,#2864,#901,.T.);
#3574=EDGE_CURVE('',#2865,#2866,#902,.T.);
#3575=EDGE_CURVE('',#2860,#2865,#903,.T.);
#3576=EDGE_CURVE('',#2861,#2866,#904,.T.);
#3577=EDGE_CURVE('',#2867,#2868,#905,.T.);
#3578=EDGE_CURVE('',#2868,#2869,#906,.T.);
#3579=EDGE_CURVE('',#2870,#2869,#907,.T.);
#3580=EDGE_CURVE('',#2867,#2870,#908,.T.);
#3581=EDGE_CURVE('',#2871,#2867,#909,.T.);
#3582=EDGE_CURVE('',#2872,#2870,#910,.T.);
#3583=EDGE_CURVE('',#2871,#2872,#911,.T.);
#3584=EDGE_CURVE('',#2873,#2871,#912,.T.);
#3585=EDGE_CURVE('',#2874,#2872,#913,.T.);
#3586=EDGE_CURVE('',#2873,#2874,#914,.T.);
#3587=EDGE_CURVE('',#2875,#2873,#62,.T.);
#3588=EDGE_CURVE('',#2876,#2874,#63,.T.);
#3589=EDGE_CURVE('',#2875,#2876,#915,.T.);
#3590=EDGE_CURVE('',#2877,#2875,#64,.T.);
#3591=EDGE_CURVE('',#2878,#2876,#65,.T.);
#3592=EDGE_CURVE('',#2877,#2878,#916,.T.);
#3593=EDGE_CURVE('',#2879,#2877,#917,.T.);
#3594=EDGE_CURVE('',#2880,#2878,#918,.T.);
#3595=EDGE_CURVE('',#2879,#2880,#919,.T.);
#3596=EDGE_CURVE('',#2881,#2879,#920,.T.);
#3597=EDGE_CURVE('',#2882,#2880,#921,.T.);
#3598=EDGE_CURVE('',#2881,#2882,#922,.T.);
#3599=EDGE_CURVE('',#2883,#2881,#923,.T.);
#3600=EDGE_CURVE('',#2884,#2882,#924,.T.);
#3601=EDGE_CURVE('',#2883,#2884,#925,.T.);
#3602=EDGE_CURVE('',#2885,#2883,#66,.T.);
#3603=EDGE_CURVE('',#2886,#2884,#67,.T.);
#3604=EDGE_CURVE('',#2885,#2886,#926,.T.);
#3605=EDGE_CURVE('',#2887,#2885,#474,.T.);
#3606=EDGE_CURVE('',#2888,#2886,#475,.T.);
#3607=EDGE_CURVE('',#2887,#2888,#927,.T.);
#3608=EDGE_CURVE('',#2889,#2887,#928,.T.);
#3609=EDGE_CURVE('',#2890,#2888,#929,.T.);
#3610=EDGE_CURVE('',#2889,#2890,#930,.T.);
#3611=EDGE_CURVE('',#2891,#2889,#931,.T.);
#3612=EDGE_CURVE('',#2892,#2890,#932,.T.);
#3613=EDGE_CURVE('',#2891,#2892,#933,.T.);
#3614=EDGE_CURVE('',#2893,#2891,#934,.T.);
#3615=EDGE_CURVE('',#2894,#2892,#935,.T.);
#3616=EDGE_CURVE('',#2893,#2894,#936,.T.);
#3617=EDGE_CURVE('',#2895,#2893,#937,.T.);
#3618=EDGE_CURVE('',#2896,#2894,#938,.T.);
#3619=EDGE_CURVE('',#2895,#2896,#939,.T.);
#3620=EDGE_CURVE('',#2897,#2895,#940,.T.);
#3621=EDGE_CURVE('',#2898,#2896,#941,.T.);
#3622=EDGE_CURVE('',#2897,#2898,#942,.T.);
#3623=EDGE_CURVE('',#2899,#2897,#476,.T.);
#3624=EDGE_CURVE('',#2900,#2898,#477,.T.);
#3625=EDGE_CURVE('',#2899,#2900,#943,.T.);
#3626=EDGE_CURVE('',#2901,#2899,#68,.T.);
#3627=EDGE_CURVE('',#2902,#2900,#69,.T.);
#3628=EDGE_CURVE('',#2901,#2902,#944,.T.);
#3629=EDGE_CURVE('',#2903,#2901,#945,.T.);
#3630=EDGE_CURVE('',#2904,#2902,#946,.T.);
#3631=EDGE_CURVE('',#2903,#2904,#947,.T.);
#3632=EDGE_CURVE('',#2868,#2903,#948,.T.);
#3633=EDGE_CURVE('',#2869,#2904,#949,.T.);
#3634=EDGE_CURVE('',#2905,#2906,#950,.T.);
#3635=EDGE_CURVE('',#2906,#2907,#951,.T.);
#3636=EDGE_CURVE('',#2908,#2907,#952,.T.);
#3637=EDGE_CURVE('',#2905,#2908,#953,.T.);
#3638=EDGE_CURVE('',#2909,#2905,#70,.T.);
#3639=EDGE_CURVE('',#2910,#2908,#71,.T.);
#3640=EDGE_CURVE('',#2909,#2910,#954,.T.);
#3641=EDGE_CURVE('',#2911,#2909,#955,.T.);
#3642=EDGE_CURVE('',#2912,#2910,#956,.T.);
#3643=EDGE_CURVE('',#2911,#2912,#957,.T.);
#3644=EDGE_CURVE('',#2913,#2911,#72,.T.);
#3645=EDGE_CURVE('',#2914,#2912,#73,.T.);
#3646=EDGE_CURVE('',#2913,#2914,#958,.T.);
#3647=EDGE_CURVE('',#2915,#2913,#959,.T.);
#3648=EDGE_CURVE('',#2916,#2914,#960,.T.);
#3649=EDGE_CURVE('',#2915,#2916,#961,.T.);
#3650=EDGE_CURVE('',#2917,#2915,#74,.T.);
#3651=EDGE_CURVE('',#2918,#2916,#75,.T.);
#3652=EDGE_CURVE('',#2917,#2918,#962,.T.);
#3653=EDGE_CURVE('',#2919,#2917,#963,.T.);
#3654=EDGE_CURVE('',#2920,#2918,#964,.T.);
#3655=EDGE_CURVE('',#2919,#2920,#965,.T.);
#3656=EDGE_CURVE('',#2921,#2919,#76,.T.);
#3657=EDGE_CURVE('',#2922,#2920,#77,.T.);
#3658=EDGE_CURVE('',#2921,#2922,#966,.T.);
#3659=EDGE_CURVE('',#2923,#2921,#967,.T.);
#3660=EDGE_CURVE('',#2924,#2922,#968,.T.);
#3661=EDGE_CURVE('',#2923,#2924,#969,.T.);
#3662=EDGE_CURVE('',#2925,#2923,#78,.T.);
#3663=EDGE_CURVE('',#2926,#2924,#79,.T.);
#3664=EDGE_CURVE('',#2925,#2926,#970,.T.);
#3665=EDGE_CURVE('',#2927,#2925,#971,.T.);
#3666=EDGE_CURVE('',#2928,#2926,#972,.T.);
#3667=EDGE_CURVE('',#2927,#2928,#973,.T.);
#3668=EDGE_CURVE('',#2906,#2927,#80,.T.);
#3669=EDGE_CURVE('',#2907,#2928,#81,.T.);
#3670=EDGE_CURVE('',#2929,#2930,#974,.T.);
#3671=EDGE_CURVE('',#2930,#2931,#975,.T.);
#3672=EDGE_CURVE('',#2932,#2931,#976,.T.);
#3673=EDGE_CURVE('',#2929,#2932,#977,.T.);
#3674=EDGE_CURVE('',#2933,#2929,#82,.T.);
#3675=EDGE_CURVE('',#2934,#2932,#83,.T.);
#3676=EDGE_CURVE('',#2933,#2934,#978,.T.);
#3677=EDGE_CURVE('',#2935,#2933,#979,.T.);
#3678=EDGE_CURVE('',#2936,#2934,#980,.T.);
#3679=EDGE_CURVE('',#2935,#2936,#981,.T.);
#3680=EDGE_CURVE('',#2937,#2935,#84,.T.);
#3681=EDGE_CURVE('',#2938,#2936,#85,.T.);
#3682=EDGE_CURVE('',#2937,#2938,#982,.T.);
#3683=EDGE_CURVE('',#2939,#2937,#983,.T.);
#3684=EDGE_CURVE('',#2940,#2938,#984,.T.);
#3685=EDGE_CURVE('',#2939,#2940,#985,.T.);
#3686=EDGE_CURVE('',#2941,#2939,#86,.T.);
#3687=EDGE_CURVE('',#2942,#2940,#87,.T.);
#3688=EDGE_CURVE('',#2941,#2942,#986,.T.);
#3689=EDGE_CURVE('',#2943,#2941,#987,.T.);
#3690=EDGE_CURVE('',#2944,#2942,#988,.T.);
#3691=EDGE_CURVE('',#2943,#2944,#989,.T.);
#3692=EDGE_CURVE('',#2945,#2943,#88,.T.);
#3693=EDGE_CURVE('',#2946,#2944,#89,.T.);
#3694=EDGE_CURVE('',#2945,#2946,#990,.T.);
#3695=EDGE_CURVE('',#2947,#2945,#991,.T.);
#3696=EDGE_CURVE('',#2948,#2946,#992,.T.);
#3697=EDGE_CURVE('',#2947,#2948,#993,.T.);
#3698=EDGE_CURVE('',#2949,#2947,#90,.T.);
#3699=EDGE_CURVE('',#2950,#2948,#91,.T.);
#3700=EDGE_CURVE('',#2949,#2950,#994,.T.);
#3701=EDGE_CURVE('',#2951,#2949,#995,.T.);
#3702=EDGE_CURVE('',#2952,#2950,#996,.T.);
#3703=EDGE_CURVE('',#2951,#2952,#997,.T.);
#3704=EDGE_CURVE('',#2930,#2951,#92,.T.);
#3705=EDGE_CURVE('',#2931,#2952,#93,.T.);
#3706=EDGE_CURVE('',#2953,#2954,#998,.T.);
#3707=EDGE_CURVE('',#2954,#2955,#999,.T.);
#3708=EDGE_CURVE('',#2956,#2955,#1000,.T.);
#3709=EDGE_CURVE('',#2953,#2956,#1001,.T.);
#3710=EDGE_CURVE('',#2957,#2953,#478,.T.);
#3711=EDGE_CURVE('',#2958,#2956,#479,.T.);
#3712=EDGE_CURVE('',#2957,#2958,#1002,.T.);
#3713=EDGE_CURVE('',#2959,#2957,#1003,.T.);
#3714=EDGE_CURVE('',#2960,#2958,#1004,.T.);
#3715=EDGE_CURVE('',#2959,#2960,#1005,.T.);
#3716=EDGE_CURVE('',#2961,#2959,#94,.T.);
#3717=EDGE_CURVE('',#2962,#2960,#95,.T.);
#3718=EDGE_CURVE('',#2961,#2962,#1006,.T.);
#3719=EDGE_CURVE('',#2963,#2961,#1007,.T.);
#3720=EDGE_CURVE('',#2964,#2962,#1008,.T.);
#3721=EDGE_CURVE('',#2963,#2964,#1009,.T.);
#3722=EDGE_CURVE('',#2954,#2963,#1010,.T.);
#3723=EDGE_CURVE('',#2955,#2964,#1011,.T.);
#3724=EDGE_CURVE('',#2965,#2966,#1012,.T.);
#3725=EDGE_CURVE('',#2966,#2967,#1013,.T.);
#3726=EDGE_CURVE('',#2968,#2967,#1014,.T.);
#3727=EDGE_CURVE('',#2965,#2968,#1015,.T.);
#3728=EDGE_CURVE('',#2969,#2965,#96,.T.);
#3729=EDGE_CURVE('',#2970,#2968,#97,.T.);
#3730=EDGE_CURVE('',#2969,#2970,#1016,.T.);
#3731=EDGE_CURVE('',#2971,#2969,#1017,.T.);
#3732=EDGE_CURVE('',#2972,#2970,#1018,.T.);
#3733=EDGE_CURVE('',#2971,#2972,#1019,.T.);
#3734=EDGE_CURVE('',#2973,#2971,#98,.T.);
#3735=EDGE_CURVE('',#2974,#2972,#99,.T.);
#3736=EDGE_CURVE('',#2973,#2974,#1020,.T.);
#3737=EDGE_CURVE('',#2975,#2973,#1021,.T.);
#3738=EDGE_CURVE('',#2976,#2974,#1022,.T.);
#3739=EDGE_CURVE('',#2975,#2976,#1023,.T.);
#3740=EDGE_CURVE('',#2977,#2975,#1024,.T.);
#3741=EDGE_CURVE('',#2978,#2976,#1025,.T.);
#3742=EDGE_CURVE('',#2977,#2978,#1026,.T.);
#3743=EDGE_CURVE('',#2979,#2977,#1027,.T.);
#3744=EDGE_CURVE('',#2980,#2978,#1028,.T.);
#3745=EDGE_CURVE('',#2979,#2980,#1029,.T.);
#3746=EDGE_CURVE('',#2966,#2979,#1030,.T.);
#3747=EDGE_CURVE('',#2967,#2980,#1031,.T.);
#3748=EDGE_CURVE('',#2981,#2982,#1032,.T.);
#3749=EDGE_CURVE('',#2982,#2983,#1033,.T.);
#3750=EDGE_CURVE('',#2984,#2983,#1034,.T.);
#3751=EDGE_CURVE('',#2981,#2984,#1035,.T.);
#3752=EDGE_CURVE('',#2985,#2981,#100,.T.);
#3753=EDGE_CURVE('',#2986,#2984,#101,.T.);
#3754=EDGE_CURVE('',#2985,#2986,#1036,.T.);
#3755=EDGE_CURVE('',#2987,#2985,#1037,.T.);
#3756=EDGE_CURVE('',#2988,#2986,#1038,.T.);
#3757=EDGE_CURVE('',#2987,#2988,#1039,.T.);
#3758=EDGE_CURVE('',#2989,#2987,#102,.T.);
#3759=EDGE_CURVE('',#2990,#2988,#103,.T.);
#3760=EDGE_CURVE('',#2989,#2990,#1040,.T.);
#3761=EDGE_CURVE('',#2991,#2989,#1041,.T.);
#3762=EDGE_CURVE('',#2992,#2990,#1042,.T.);
#3763=EDGE_CURVE('',#2991,#2992,#1043,.T.);
#3764=EDGE_CURVE('',#2993,#2991,#104,.T.);
#3765=EDGE_CURVE('',#2994,#2992,#105,.T.);
#3766=EDGE_CURVE('',#2993,#2994,#1044,.T.);
#3767=EDGE_CURVE('',#2995,#2993,#1045,.T.);
#3768=EDGE_CURVE('',#2996,#2994,#1046,.T.);
#3769=EDGE_CURVE('',#2995,#2996,#1047,.T.);
#3770=EDGE_CURVE('',#2982,#2995,#106,.T.);
#3771=EDGE_CURVE('',#2983,#2996,#107,.T.);
#3772=EDGE_CURVE('',#2997,#2998,#108,.T.);
#3773=EDGE_CURVE('',#2998,#2999,#1048,.T.);
#3774=EDGE_CURVE('',#3000,#2999,#109,.T.);
#3775=EDGE_CURVE('',#2997,#3000,#1049,.T.);
#3776=EDGE_CURVE('',#3001,#2997,#1050,.T.);
#3777=EDGE_CURVE('',#3002,#3000,#1051,.T.);
#3778=EDGE_CURVE('',#3001,#3002,#1052,.T.);
#3779=EDGE_CURVE('',#3003,#3001,#110,.T.);
#3780=EDGE_CURVE('',#3004,#3002,#111,.T.);
#3781=EDGE_CURVE('',#3003,#3004,#1053,.T.);
#3782=EDGE_CURVE('',#3005,#3003,#1054,.T.);
#3783=EDGE_CURVE('',#3006,#3004,#1055,.T.);
#3784=EDGE_CURVE('',#3005,#3006,#1056,.T.);
#3785=EDGE_CURVE('',#3007,#3005,#112,.T.);
#3786=EDGE_CURVE('',#3008,#3006,#113,.T.);
#3787=EDGE_CURVE('',#3007,#3008,#1057,.T.);
#3788=EDGE_CURVE('',#3009,#3007,#1058,.T.);
#3789=EDGE_CURVE('',#3010,#3008,#1059,.T.);
#3790=EDGE_CURVE('',#3009,#3010,#1060,.T.);
#3791=EDGE_CURVE('',#3011,#3009,#114,.T.);
#3792=EDGE_CURVE('',#3012,#3010,#115,.T.);
#3793=EDGE_CURVE('',#3011,#3012,#1061,.T.);
#3794=EDGE_CURVE('',#2998,#3011,#1062,.T.);
#3795=EDGE_CURVE('',#2999,#3012,#1063,.T.);
#3796=EDGE_CURVE('',#3013,#3014,#1064,.T.);
#3797=EDGE_CURVE('',#3014,#3015,#1065,.T.);
#3798=EDGE_CURVE('',#3016,#3015,#1066,.T.);
#3799=EDGE_CURVE('',#3013,#3016,#1067,.T.);
#3800=EDGE_CURVE('',#3017,#3013,#116,.T.);
#3801=EDGE_CURVE('',#3018,#3016,#117,.T.);
#3802=EDGE_CURVE('',#3017,#3018,#1068,.T.);
#3803=EDGE_CURVE('',#3019,#3017,#1069,.T.);
#3804=EDGE_CURVE('',#3020,#3018,#1070,.T.);
#3805=EDGE_CURVE('',#3019,#3020,#1071,.T.);
#3806=EDGE_CURVE('',#3021,#3019,#118,.T.);
#3807=EDGE_CURVE('',#3022,#3020,#119,.T.);
#3808=EDGE_CURVE('',#3021,#3022,#1072,.T.);
#3809=EDGE_CURVE('',#3023,#3021,#1073,.T.);
#3810=EDGE_CURVE('',#3024,#3022,#1074,.T.);
#3811=EDGE_CURVE('',#3023,#3024,#1075,.T.);
#3812=EDGE_CURVE('',#3014,#3023,#1076,.T.);
#3813=EDGE_CURVE('',#3015,#3024,#1077,.T.);
#3814=EDGE_CURVE('',#3025,#3026,#1078,.T.);
#3815=EDGE_CURVE('',#3026,#3027,#1079,.T.);
#3816=EDGE_CURVE('',#3028,#3027,#1080,.T.);
#3817=EDGE_CURVE('',#3025,#3028,#1081,.T.);
#3818=EDGE_CURVE('',#3029,#3025,#1082,.T.);
#3819=EDGE_CURVE('',#3030,#3028,#1083,.T.);
#3820=EDGE_CURVE('',#3029,#3030,#1084,.T.);
#3821=EDGE_CURVE('',#3031,#3029,#1085,.T.);
#3822=EDGE_CURVE('',#3032,#3030,#1086,.T.);
#3823=EDGE_CURVE('',#3031,#3032,#1087,.T.);
#3824=EDGE_CURVE('',#3033,#3031,#1088,.T.);
#3825=EDGE_CURVE('',#3034,#3032,#1089,.T.);
#3826=EDGE_CURVE('',#3033,#3034,#1090,.T.);
#3827=EDGE_CURVE('',#3035,#3033,#1091,.T.);
#3828=EDGE_CURVE('',#3036,#3034,#1092,.T.);
#3829=EDGE_CURVE('',#3035,#3036,#1093,.T.);
#3830=EDGE_CURVE('',#3037,#3035,#120,.T.);
#3831=EDGE_CURVE('',#3038,#3036,#121,.T.);
#3832=EDGE_CURVE('',#3037,#3038,#1094,.T.);
#3833=EDGE_CURVE('',#3039,#3037,#1095,.T.);
#3834=EDGE_CURVE('',#3040,#3038,#1096,.T.);
#3835=EDGE_CURVE('',#3039,#3040,#1097,.T.);
#3836=EDGE_CURVE('',#3041,#3039,#122,.T.);
#3837=EDGE_CURVE('',#3042,#3040,#123,.T.);
#3838=EDGE_CURVE('',#3041,#3042,#1098,.T.);
#3839=EDGE_CURVE('',#3043,#3041,#1099,.T.);
#3840=EDGE_CURVE('',#3044,#3042,#1100,.T.);
#3841=EDGE_CURVE('',#3043,#3044,#1101,.T.);
#3842=EDGE_CURVE('',#3045,#3043,#124,.T.);
#3843=EDGE_CURVE('',#3046,#3044,#125,.T.);
#3844=EDGE_CURVE('',#3045,#3046,#1102,.T.);
#3845=EDGE_CURVE('',#3047,#3045,#1103,.T.);
#3846=EDGE_CURVE('',#3048,#3046,#1104,.T.);
#3847=EDGE_CURVE('',#3047,#3048,#1105,.T.);
#3848=EDGE_CURVE('',#3049,#3047,#1106,.T.);
#3849=EDGE_CURVE('',#3050,#3048,#1107,.T.);
#3850=EDGE_CURVE('',#3049,#3050,#1108,.T.);
#3851=EDGE_CURVE('',#3051,#3049,#1109,.T.);
#3852=EDGE_CURVE('',#3052,#3050,#1110,.T.);
#3853=EDGE_CURVE('',#3051,#3052,#1111,.T.);
#3854=EDGE_CURVE('',#3026,#3051,#126,.T.);
#3855=EDGE_CURVE('',#3027,#3052,#127,.T.);
#3856=ORIENTED_EDGE('',*,*,#3053,.F.);
#3857=ORIENTED_EDGE('',*,*,#3054,.F.);
#3858=ORIENTED_EDGE('',*,*,#3055,.F.);
#3859=ORIENTED_EDGE('',*,*,#3056,.F.);
#3860=ORIENTED_EDGE('',*,*,#3057,.F.);
#3861=ORIENTED_EDGE('',*,*,#3058,.F.);
#3862=ORIENTED_EDGE('',*,*,#3059,.F.);
#3863=ORIENTED_EDGE('',*,*,#3060,.F.);
#3864=ORIENTED_EDGE('',*,*,#3061,.F.);
#3865=ORIENTED_EDGE('',*,*,#3062,.F.);
#3866=ORIENTED_EDGE('',*,*,#3063,.F.);
#3867=ORIENTED_EDGE('',*,*,#3064,.F.);
#3868=ORIENTED_EDGE('',*,*,#3065,.F.);
#3869=ORIENTED_EDGE('',*,*,#3066,.F.);
#3870=ORIENTED_EDGE('',*,*,#3067,.F.);
#3871=ORIENTED_EDGE('',*,*,#3066,.T.);
#3872=ORIENTED_EDGE('',*,*,#3068,.T.);
#3873=ORIENTED_EDGE('',*,*,#3058,.T.);
#3874=ORIENTED_EDGE('',*,*,#3069,.T.);
#3875=ORIENTED_EDGE('',*,*,#3070,.F.);
#3876=ORIENTED_EDGE('',*,*,#3071,.F.);
#3877=ORIENTED_EDGE('',*,*,#3072,.F.);
#3878=ORIENTED_EDGE('',*,*,#3057,.T.);
#3879=ORIENTED_EDGE('',*,*,#3073,.T.);
#3880=ORIENTED_EDGE('',*,*,#3071,.T.);
#3881=ORIENTED_EDGE('',*,*,#3074,.T.);
#3882=ORIENTED_EDGE('',*,*,#3075,.T.);
#3883=ORIENTED_EDGE('',*,*,#3072,.T.);
#3884=ORIENTED_EDGE('',*,*,#3076,.T.);
#3885=ORIENTED_EDGE('',*,*,#3077,.T.);
#3886=ORIENTED_EDGE('',*,*,#3078,.F.);
#3887=ORIENTED_EDGE('',*,*,#3079,.F.);
#3888=ORIENTED_EDGE('',*,*,#3080,.F.);
#3889=ORIENTED_EDGE('',*,*,#3081,.F.);
#3890=ORIENTED_EDGE('',*,*,#3082,.F.);
#3891=ORIENTED_EDGE('',*,*,#3083,.F.);
#3892=ORIENTED_EDGE('',*,*,#3063,.T.);
#3893=ORIENTED_EDGE('',*,*,#3084,.T.);
#3894=ORIENTED_EDGE('',*,*,#3082,.T.);
#3895=ORIENTED_EDGE('',*,*,#3085,.T.);
#3896=ORIENTED_EDGE('',*,*,#3086,.F.);
#3897=ORIENTED_EDGE('',*,*,#3087,.F.);
#3898=ORIENTED_EDGE('',*,*,#3088,.F.);
#3899=ORIENTED_EDGE('',*,*,#3087,.T.);
#3900=ORIENTED_EDGE('',*,*,#3089,.T.);
#3901=ORIENTED_EDGE('',*,*,#3070,.T.);
#3902=ORIENTED_EDGE('',*,*,#3090,.T.);
#3903=ORIENTED_EDGE('',*,*,#3091,.F.);
#3904=ORIENTED_EDGE('',*,*,#3092,.F.);
#3905=ORIENTED_EDGE('',*,*,#3093,.F.);
#3906=ORIENTED_EDGE('',*,*,#3079,.T.);
#3907=ORIENTED_EDGE('',*,*,#3094,.T.);
#3908=ORIENTED_EDGE('',*,*,#3092,.T.);
#3909=ORIENTED_EDGE('',*,*,#3095,.T.);
#3910=ORIENTED_EDGE('',*,*,#3096,.T.);
#3911=ORIENTED_EDGE('',*,*,#3088,.T.);
#3912=ORIENTED_EDGE('',*,*,#3097,.T.);
#3913=ORIENTED_EDGE('',*,*,#3098,.T.);
#3914=ORIENTED_EDGE('',*,*,#3099,.T.);
#3915=ORIENTED_EDGE('',*,*,#3093,.T.);
#3916=ORIENTED_EDGE('',*,*,#3100,.T.);
#3917=ORIENTED_EDGE('',*,*,#3098,.F.);
#3918=ORIENTED_EDGE('',*,*,#3083,.T.);
#3919=ORIENTED_EDGE('',*,*,#3101,.T.);
#3920=ORIENTED_EDGE('',*,*,#3091,.T.);
#3921=ORIENTED_EDGE('',*,*,#3102,.T.);
#3922=ORIENTED_EDGE('',*,*,#3086,.T.);
#3923=ORIENTED_EDGE('',*,*,#3103,.T.);
#3924=ORIENTED_EDGE('',*,*,#3067,.T.);
#3925=ORIENTED_EDGE('',*,*,#3104,.T.);
#3926=ORIENTED_EDGE('',*,*,#3105,.T.);
#3927=ORIENTED_EDGE('',*,*,#3081,.T.);
#3928=ORIENTED_EDGE('',*,*,#3106,.T.);
#3929=ORIENTED_EDGE('',*,*,#3077,.F.);
#3930=ORIENTED_EDGE('',*,*,#3062,.T.);
#3931=ORIENTED_EDGE('',*,*,#3107,.T.);
#3932=ORIENTED_EDGE('',*,*,#3080,.T.);
#3933=ORIENTED_EDGE('',*,*,#3108,.T.);
#3934=ORIENTED_EDGE('',*,*,#3078,.T.);
#3935=ORIENTED_EDGE('',*,*,#3109,.T.);
#3936=ORIENTED_EDGE('',*,*,#3061,.T.);
#3937=ORIENTED_EDGE('',*,*,#3110,.T.);
#3938=ORIENTED_EDGE('',*,*,#3060,.T.);
#3939=ORIENTED_EDGE('',*,*,#3111,.T.);
#3940=ORIENTED_EDGE('',*,*,#3065,.T.);
#3941=ORIENTED_EDGE('',*,*,#3112,.T.);
#3942=ORIENTED_EDGE('',*,*,#3053,.T.);
#3943=ORIENTED_EDGE('',*,*,#3113,.T.);
#3944=ORIENTED_EDGE('',*,*,#3064,.T.);
#3945=ORIENTED_EDGE('',*,*,#3114,.T.);
#3946=ORIENTED_EDGE('',*,*,#3059,.T.);
#3947=ORIENTED_EDGE('',*,*,#3115,.T.);
#3948=ORIENTED_EDGE('',*,*,#3055,.T.);
#3949=ORIENTED_EDGE('',*,*,#3116,.T.);
#3950=ORIENTED_EDGE('',*,*,#3054,.T.);
#3951=ORIENTED_EDGE('',*,*,#3117,.T.);
#3952=ORIENTED_EDGE('',*,*,#3056,.T.);
#3953=ORIENTED_EDGE('',*,*,#3118,.T.);
#3954=ORIENTED_EDGE('',*,*,#3097,.F.);
#3955=ORIENTED_EDGE('',*,*,#3090,.F.);
#3956=ORIENTED_EDGE('',*,*,#3075,.F.);
#3957=ORIENTED_EDGE('',*,*,#3119,.T.);
#3958=ORIENTED_EDGE('',*,*,#3068,.F.);
#3959=ORIENTED_EDGE('',*,*,#3111,.F.);
#3960=ORIENTED_EDGE('',*,*,#3116,.F.);
#3961=ORIENTED_EDGE('',*,*,#3118,.F.);
#3962=ORIENTED_EDGE('',*,*,#3069,.F.);
#3963=ORIENTED_EDGE('',*,*,#3074,.F.);
#3964=ORIENTED_EDGE('',*,*,#3089,.F.);
#3965=ORIENTED_EDGE('',*,*,#3104,.F.);
#3966=ORIENTED_EDGE('',*,*,#3085,.F.);
#3967=ORIENTED_EDGE('',*,*,#3105,.F.);
#3968=ORIENTED_EDGE('',*,*,#3076,.F.);
#3969=ORIENTED_EDGE('',*,*,#3073,.F.);
#3970=ORIENTED_EDGE('',*,*,#3117,.F.);
#3971=ORIENTED_EDGE('',*,*,#3114,.F.);
#3972=ORIENTED_EDGE('',*,*,#3095,.F.);
#3973=ORIENTED_EDGE('',*,*,#3101,.F.);
#3974=ORIENTED_EDGE('',*,*,#3084,.F.);
#3975=ORIENTED_EDGE('',*,*,#3108,.F.);
#3976=ORIENTED_EDGE('',*,*,#3096,.F.);
#3977=ORIENTED_EDGE('',*,*,#3100,.F.);
#3978=ORIENTED_EDGE('',*,*,#3094,.F.);
#3979=ORIENTED_EDGE('',*,*,#3110,.F.);
#3980=ORIENTED_EDGE('',*,*,#3112,.F.);
#3981=ORIENTED_EDGE('',*,*,#3103,.F.);
#3982=ORIENTED_EDGE('',*,*,#3107,.F.);
#3983=ORIENTED_EDGE('',*,*,#3113,.F.);
#3984=ORIENTED_EDGE('',*,*,#3115,.F.);
#3985=ORIENTED_EDGE('',*,*,#3109,.F.);
#3986=ORIENTED_EDGE('',*,*,#3120,.F.);
#3987=ORIENTED_EDGE('',*,*,#3121,.T.);
#3988=ORIENTED_EDGE('',*,*,#3122,.T.);
#3989=ORIENTED_EDGE('',*,*,#3120,.T.);
#3990=ORIENTED_EDGE('',*,*,#3122,.F.);
#3991=ORIENTED_EDGE('',*,*,#3121,.F.);
#3992=ORIENTED_EDGE('',*,*,#3099,.F.);
#3993=ORIENTED_EDGE('',*,*,#3119,.F.);
#3994=ORIENTED_EDGE('',*,*,#3106,.F.);
#3995=ORIENTED_EDGE('',*,*,#3102,.F.);
#3996=ORIENTED_EDGE('',*,*,#3123,.F.);
#3997=ORIENTED_EDGE('',*,*,#3124,.F.);
#3998=ORIENTED_EDGE('',*,*,#3125,.F.);
#3999=ORIENTED_EDGE('',*,*,#3126,.F.);
#4000=ORIENTED_EDGE('',*,*,#3127,.T.);
#4001=ORIENTED_EDGE('',*,*,#3126,.T.);
#4002=ORIENTED_EDGE('',*,*,#3128,.T.);
#4003=ORIENTED_EDGE('',*,*,#3129,.T.);
#4004=ORIENTED_EDGE('',*,*,#3130,.T.);
#4005=ORIENTED_EDGE('',*,*,#3124,.T.);
#4006=ORIENTED_EDGE('',*,*,#3131,.T.);
#4007=ORIENTED_EDGE('',*,*,#3132,.T.);
#4008=ORIENTED_EDGE('',*,*,#3131,.F.);
#4009=ORIENTED_EDGE('',*,*,#3123,.T.);
#4010=ORIENTED_EDGE('',*,*,#3127,.F.);
#4011=ORIENTED_EDGE('',*,*,#3133,.T.);
#4012=ORIENTED_EDGE('',*,*,#3134,.T.);
#4013=ORIENTED_EDGE('',*,*,#3135,.T.);
#4014=ORIENTED_EDGE('',*,*,#3136,.F.);
#4015=ORIENTED_EDGE('',*,*,#3132,.F.);
#4016=ORIENTED_EDGE('',*,*,#3133,.F.);
#4017=ORIENTED_EDGE('',*,*,#3129,.F.);
#4018=ORIENTED_EDGE('',*,*,#3137,.F.);
#4019=ORIENTED_EDGE('',*,*,#3138,.T.);
#4020=ORIENTED_EDGE('',*,*,#3139,.T.);
#4021=ORIENTED_EDGE('',*,*,#3134,.F.);
#4022=ORIENTED_EDGE('',*,*,#3128,.F.);
#4023=ORIENTED_EDGE('',*,*,#3140,.F.);
#4024=ORIENTED_EDGE('',*,*,#3141,.T.);
#4025=ORIENTED_EDGE('',*,*,#3142,.T.);
#4026=ORIENTED_EDGE('',*,*,#3138,.F.);
#4027=ORIENTED_EDGE('',*,*,#3130,.F.);
#4028=ORIENTED_EDGE('',*,*,#3136,.T.);
#4029=ORIENTED_EDGE('',*,*,#3143,.T.);
#4030=ORIENTED_EDGE('',*,*,#3141,.F.);
#4031=ORIENTED_EDGE('',*,*,#3144,.F.);
#4032=ORIENTED_EDGE('',*,*,#3143,.F.);
#4033=ORIENTED_EDGE('',*,*,#3135,.F.);
#4034=ORIENTED_EDGE('',*,*,#3139,.F.);
#4035=ORIENTED_EDGE('',*,*,#3142,.F.);
#4036=ORIENTED_EDGE('',*,*,#3125,.T.);
#4037=ORIENTED_EDGE('',*,*,#3144,.T.);
#4038=ORIENTED_EDGE('',*,*,#3140,.T.);
#4039=ORIENTED_EDGE('',*,*,#3137,.T.);
#4040=ORIENTED_EDGE('',*,*,#3145,.F.);
#4041=ORIENTED_EDGE('',*,*,#3146,.F.);
#4042=ORIENTED_EDGE('',*,*,#3147,.F.);
#4043=ORIENTED_EDGE('',*,*,#3148,.F.);
#4044=ORIENTED_EDGE('',*,*,#3149,.T.);
#4045=ORIENTED_EDGE('',*,*,#3148,.T.);
#4046=ORIENTED_EDGE('',*,*,#3150,.T.);
#4047=ORIENTED_EDGE('',*,*,#3151,.T.);
#4048=ORIENTED_EDGE('',*,*,#3152,.T.);
#4049=ORIENTED_EDGE('',*,*,#3146,.T.);
#4050=ORIENTED_EDGE('',*,*,#3153,.T.);
#4051=ORIENTED_EDGE('',*,*,#3154,.T.);
#4052=ORIENTED_EDGE('',*,*,#3153,.F.);
#4053=ORIENTED_EDGE('',*,*,#3145,.T.);
#4054=ORIENTED_EDGE('',*,*,#3149,.F.);
#4055=ORIENTED_EDGE('',*,*,#3155,.T.);
#4056=ORIENTED_EDGE('',*,*,#3156,.T.);
#4057=ORIENTED_EDGE('',*,*,#3157,.T.);
#4058=ORIENTED_EDGE('',*,*,#3158,.F.);
#4059=ORIENTED_EDGE('',*,*,#3154,.F.);
#4060=ORIENTED_EDGE('',*,*,#3155,.F.);
#4061=ORIENTED_EDGE('',*,*,#3151,.F.);
#4062=ORIENTED_EDGE('',*,*,#3159,.F.);
#4063=ORIENTED_EDGE('',*,*,#3160,.T.);
#4064=ORIENTED_EDGE('',*,*,#3161,.T.);
#4065=ORIENTED_EDGE('',*,*,#3156,.F.);
#4066=ORIENTED_EDGE('',*,*,#3150,.F.);
#4067=ORIENTED_EDGE('',*,*,#3162,.F.);
#4068=ORIENTED_EDGE('',*,*,#3163,.T.);
#4069=ORIENTED_EDGE('',*,*,#3164,.T.);
#4070=ORIENTED_EDGE('',*,*,#3160,.F.);
#4071=ORIENTED_EDGE('',*,*,#3152,.F.);
#4072=ORIENTED_EDGE('',*,*,#3158,.T.);
#4073=ORIENTED_EDGE('',*,*,#3165,.T.);
#4074=ORIENTED_EDGE('',*,*,#3163,.F.);
#4075=ORIENTED_EDGE('',*,*,#3166,.F.);
#4076=ORIENTED_EDGE('',*,*,#3165,.F.);
#4077=ORIENTED_EDGE('',*,*,#3157,.F.);
#4078=ORIENTED_EDGE('',*,*,#3161,.F.);
#4079=ORIENTED_EDGE('',*,*,#3164,.F.);
#4080=ORIENTED_EDGE('',*,*,#3147,.T.);
#4081=ORIENTED_EDGE('',*,*,#3166,.T.);
#4082=ORIENTED_EDGE('',*,*,#3162,.T.);
#4083=ORIENTED_EDGE('',*,*,#3159,.T.);
#4084=ORIENTED_EDGE('',*,*,#3167,.F.);
#4085=ORIENTED_EDGE('',*,*,#3168,.F.);
#4086=ORIENTED_EDGE('',*,*,#3169,.F.);
#4087=ORIENTED_EDGE('',*,*,#3170,.F.);
#4088=ORIENTED_EDGE('',*,*,#3171,.T.);
#4089=ORIENTED_EDGE('',*,*,#3170,.T.);
#4090=ORIENTED_EDGE('',*,*,#3172,.T.);
#4091=ORIENTED_EDGE('',*,*,#3173,.T.);
#4092=ORIENTED_EDGE('',*,*,#3174,.T.);
#4093=ORIENTED_EDGE('',*,*,#3168,.T.);
#4094=ORIENTED_EDGE('',*,*,#3175,.T.);
#4095=ORIENTED_EDGE('',*,*,#3176,.T.);
#4096=ORIENTED_EDGE('',*,*,#3175,.F.);
#4097=ORIENTED_EDGE('',*,*,#3167,.T.);
#4098=ORIENTED_EDGE('',*,*,#3171,.F.);
#4099=ORIENTED_EDGE('',*,*,#3177,.T.);
#4100=ORIENTED_EDGE('',*,*,#3178,.T.);
#4101=ORIENTED_EDGE('',*,*,#3179,.T.);
#4102=ORIENTED_EDGE('',*,*,#3180,.F.);
#4103=ORIENTED_EDGE('',*,*,#3176,.F.);
#4104=ORIENTED_EDGE('',*,*,#3177,.F.);
#4105=ORIENTED_EDGE('',*,*,#3173,.F.);
#4106=ORIENTED_EDGE('',*,*,#3181,.F.);
#4107=ORIENTED_EDGE('',*,*,#3182,.T.);
#4108=ORIENTED_EDGE('',*,*,#3183,.T.);
#4109=ORIENTED_EDGE('',*,*,#3178,.F.);
#4110=ORIENTED_EDGE('',*,*,#3172,.F.);
#4111=ORIENTED_EDGE('',*,*,#3184,.F.);
#4112=ORIENTED_EDGE('',*,*,#3185,.T.);
#4113=ORIENTED_EDGE('',*,*,#3186,.T.);
#4114=ORIENTED_EDGE('',*,*,#3182,.F.);
#4115=ORIENTED_EDGE('',*,*,#3174,.F.);
#4116=ORIENTED_EDGE('',*,*,#3180,.T.);
#4117=ORIENTED_EDGE('',*,*,#3187,.T.);
#4118=ORIENTED_EDGE('',*,*,#3185,.F.);
#4119=ORIENTED_EDGE('',*,*,#3188,.F.);
#4120=ORIENTED_EDGE('',*,*,#3187,.F.);
#4121=ORIENTED_EDGE('',*,*,#3179,.F.);
#4122=ORIENTED_EDGE('',*,*,#3183,.F.);
#4123=ORIENTED_EDGE('',*,*,#3186,.F.);
#4124=ORIENTED_EDGE('',*,*,#3169,.T.);
#4125=ORIENTED_EDGE('',*,*,#3188,.T.);
#4126=ORIENTED_EDGE('',*,*,#3184,.T.);
#4127=ORIENTED_EDGE('',*,*,#3181,.T.);
#4128=ORIENTED_EDGE('',*,*,#3189,.F.);
#4129=ORIENTED_EDGE('',*,*,#3190,.F.);
#4130=ORIENTED_EDGE('',*,*,#3191,.F.);
#4131=ORIENTED_EDGE('',*,*,#3192,.F.);
#4132=ORIENTED_EDGE('',*,*,#3193,.T.);
#4133=ORIENTED_EDGE('',*,*,#3192,.T.);
#4134=ORIENTED_EDGE('',*,*,#3194,.T.);
#4135=ORIENTED_EDGE('',*,*,#3195,.T.);
#4136=ORIENTED_EDGE('',*,*,#3196,.T.);
#4137=ORIENTED_EDGE('',*,*,#3190,.T.);
#4138=ORIENTED_EDGE('',*,*,#3197,.T.);
#4139=ORIENTED_EDGE('',*,*,#3198,.T.);
#4140=ORIENTED_EDGE('',*,*,#3197,.F.);
#4141=ORIENTED_EDGE('',*,*,#3189,.T.);
#4142=ORIENTED_EDGE('',*,*,#3193,.F.);
#4143=ORIENTED_EDGE('',*,*,#3199,.T.);
#4144=ORIENTED_EDGE('',*,*,#3200,.T.);
#4145=ORIENTED_EDGE('',*,*,#3201,.T.);
#4146=ORIENTED_EDGE('',*,*,#3202,.F.);
#4147=ORIENTED_EDGE('',*,*,#3198,.F.);
#4148=ORIENTED_EDGE('',*,*,#3199,.F.);
#4149=ORIENTED_EDGE('',*,*,#3195,.F.);
#4150=ORIENTED_EDGE('',*,*,#3203,.F.);
#4151=ORIENTED_EDGE('',*,*,#3204,.T.);
#4152=ORIENTED_EDGE('',*,*,#3205,.T.);
#4153=ORIENTED_EDGE('',*,*,#3200,.F.);
#4154=ORIENTED_EDGE('',*,*,#3194,.F.);
#4155=ORIENTED_EDGE('',*,*,#3206,.F.);
#4156=ORIENTED_EDGE('',*,*,#3207,.T.);
#4157=ORIENTED_EDGE('',*,*,#3208,.T.);
#4158=ORIENTED_EDGE('',*,*,#3204,.F.);
#4159=ORIENTED_EDGE('',*,*,#3196,.F.);
#4160=ORIENTED_EDGE('',*,*,#3202,.T.);
#4161=ORIENTED_EDGE('',*,*,#3209,.T.);
#4162=ORIENTED_EDGE('',*,*,#3207,.F.);
#4163=ORIENTED_EDGE('',*,*,#3210,.F.);
#4164=ORIENTED_EDGE('',*,*,#3209,.F.);
#4165=ORIENTED_EDGE('',*,*,#3201,.F.);
#4166=ORIENTED_EDGE('',*,*,#3205,.F.);
#4167=ORIENTED_EDGE('',*,*,#3208,.F.);
#4168=ORIENTED_EDGE('',*,*,#3191,.T.);
#4169=ORIENTED_EDGE('',*,*,#3210,.T.);
#4170=ORIENTED_EDGE('',*,*,#3206,.T.);
#4171=ORIENTED_EDGE('',*,*,#3203,.T.);
#4172=ORIENTED_EDGE('',*,*,#3211,.F.);
#4173=ORIENTED_EDGE('',*,*,#3212,.F.);
#4174=ORIENTED_EDGE('',*,*,#3213,.F.);
#4175=ORIENTED_EDGE('',*,*,#3214,.F.);
#4176=ORIENTED_EDGE('',*,*,#3215,.T.);
#4177=ORIENTED_EDGE('',*,*,#3214,.T.);
#4178=ORIENTED_EDGE('',*,*,#3216,.T.);
#4179=ORIENTED_EDGE('',*,*,#3217,.T.);
#4180=ORIENTED_EDGE('',*,*,#3218,.T.);
#4181=ORIENTED_EDGE('',*,*,#3212,.T.);
#4182=ORIENTED_EDGE('',*,*,#3219,.T.);
#4183=ORIENTED_EDGE('',*,*,#3220,.T.);
#4184=ORIENTED_EDGE('',*,*,#3219,.F.);
#4185=ORIENTED_EDGE('',*,*,#3211,.T.);
#4186=ORIENTED_EDGE('',*,*,#3215,.F.);
#4187=ORIENTED_EDGE('',*,*,#3221,.T.);
#4188=ORIENTED_EDGE('',*,*,#3222,.T.);
#4189=ORIENTED_EDGE('',*,*,#3223,.T.);
#4190=ORIENTED_EDGE('',*,*,#3224,.F.);
#4191=ORIENTED_EDGE('',*,*,#3220,.F.);
#4192=ORIENTED_EDGE('',*,*,#3221,.F.);
#4193=ORIENTED_EDGE('',*,*,#3217,.F.);
#4194=ORIENTED_EDGE('',*,*,#3225,.F.);
#4195=ORIENTED_EDGE('',*,*,#3226,.T.);
#4196=ORIENTED_EDGE('',*,*,#3227,.T.);
#4197=ORIENTED_EDGE('',*,*,#3222,.F.);
#4198=ORIENTED_EDGE('',*,*,#3216,.F.);
#4199=ORIENTED_EDGE('',*,*,#3228,.F.);
#4200=ORIENTED_EDGE('',*,*,#3229,.T.);
#4201=ORIENTED_EDGE('',*,*,#3230,.T.);
#4202=ORIENTED_EDGE('',*,*,#3226,.F.);
#4203=ORIENTED_EDGE('',*,*,#3218,.F.);
#4204=ORIENTED_EDGE('',*,*,#3224,.T.);
#4205=ORIENTED_EDGE('',*,*,#3231,.T.);
#4206=ORIENTED_EDGE('',*,*,#3229,.F.);
#4207=ORIENTED_EDGE('',*,*,#3232,.F.);
#4208=ORIENTED_EDGE('',*,*,#3231,.F.);
#4209=ORIENTED_EDGE('',*,*,#3223,.F.);
#4210=ORIENTED_EDGE('',*,*,#3227,.F.);
#4211=ORIENTED_EDGE('',*,*,#3230,.F.);
#4212=ORIENTED_EDGE('',*,*,#3213,.T.);
#4213=ORIENTED_EDGE('',*,*,#3232,.T.);
#4214=ORIENTED_EDGE('',*,*,#3228,.T.);
#4215=ORIENTED_EDGE('',*,*,#3225,.T.);
#4216=ORIENTED_EDGE('',*,*,#3233,.F.);
#4217=ORIENTED_EDGE('',*,*,#3234,.F.);
#4218=ORIENTED_EDGE('',*,*,#3235,.F.);
#4219=ORIENTED_EDGE('',*,*,#3236,.F.);
#4220=ORIENTED_EDGE('',*,*,#3237,.T.);
#4221=ORIENTED_EDGE('',*,*,#3236,.T.);
#4222=ORIENTED_EDGE('',*,*,#3238,.T.);
#4223=ORIENTED_EDGE('',*,*,#3239,.T.);
#4224=ORIENTED_EDGE('',*,*,#3240,.T.);
#4225=ORIENTED_EDGE('',*,*,#3234,.T.);
#4226=ORIENTED_EDGE('',*,*,#3241,.T.);
#4227=ORIENTED_EDGE('',*,*,#3242,.T.);
#4228=ORIENTED_EDGE('',*,*,#3241,.F.);
#4229=ORIENTED_EDGE('',*,*,#3233,.T.);
#4230=ORIENTED_EDGE('',*,*,#3237,.F.);
#4231=ORIENTED_EDGE('',*,*,#3243,.T.);
#4232=ORIENTED_EDGE('',*,*,#3244,.T.);
#4233=ORIENTED_EDGE('',*,*,#3245,.T.);
#4234=ORIENTED_EDGE('',*,*,#3246,.F.);
#4235=ORIENTED_EDGE('',*,*,#3242,.F.);
#4236=ORIENTED_EDGE('',*,*,#3243,.F.);
#4237=ORIENTED_EDGE('',*,*,#3239,.F.);
#4238=ORIENTED_EDGE('',*,*,#3247,.F.);
#4239=ORIENTED_EDGE('',*,*,#3248,.T.);
#4240=ORIENTED_EDGE('',*,*,#3249,.T.);
#4241=ORIENTED_EDGE('',*,*,#3244,.F.);
#4242=ORIENTED_EDGE('',*,*,#3238,.F.);
#4243=ORIENTED_EDGE('',*,*,#3250,.F.);
#4244=ORIENTED_EDGE('',*,*,#3251,.T.);
#4245=ORIENTED_EDGE('',*,*,#3252,.T.);
#4246=ORIENTED_EDGE('',*,*,#3248,.F.);
#4247=ORIENTED_EDGE('',*,*,#3240,.F.);
#4248=ORIENTED_EDGE('',*,*,#3246,.T.);
#4249=ORIENTED_EDGE('',*,*,#3253,.T.);
#4250=ORIENTED_EDGE('',*,*,#3251,.F.);
#4251=ORIENTED_EDGE('',*,*,#3254,.F.);
#4252=ORIENTED_EDGE('',*,*,#3253,.F.);
#4253=ORIENTED_EDGE('',*,*,#3245,.F.);
#4254=ORIENTED_EDGE('',*,*,#3249,.F.);
#4255=ORIENTED_EDGE('',*,*,#3252,.F.);
#4256=ORIENTED_EDGE('',*,*,#3235,.T.);
#4257=ORIENTED_EDGE('',*,*,#3254,.T.);
#4258=ORIENTED_EDGE('',*,*,#3250,.T.);
#4259=ORIENTED_EDGE('',*,*,#3247,.T.);
#4260=ORIENTED_EDGE('',*,*,#3255,.T.);
#4261=ORIENTED_EDGE('',*,*,#3256,.T.);
#4262=ORIENTED_EDGE('',*,*,#3257,.F.);
#4263=ORIENTED_EDGE('',*,*,#3258,.T.);
#4264=ORIENTED_EDGE('',*,*,#3259,.F.);
#4265=ORIENTED_EDGE('',*,*,#3260,.F.);
#4266=ORIENTED_EDGE('',*,*,#3261,.F.);
#4267=ORIENTED_EDGE('',*,*,#3256,.F.);
#4268=ORIENTED_EDGE('',*,*,#3262,.F.);
#4269=ORIENTED_EDGE('',*,*,#3263,.F.);
#4270=ORIENTED_EDGE('',*,*,#3264,.F.);
#4271=ORIENTED_EDGE('',*,*,#3258,.F.);
#4272=ORIENTED_EDGE('',*,*,#3264,.T.);
#4273=ORIENTED_EDGE('',*,*,#3265,.F.);
#4274=ORIENTED_EDGE('',*,*,#3259,.T.);
#4275=ORIENTED_EDGE('',*,*,#3255,.F.);
#4276=ORIENTED_EDGE('',*,*,#3266,.T.);
#4277=ORIENTED_EDGE('',*,*,#3267,.F.);
#4278=ORIENTED_EDGE('',*,*,#3268,.F.);
#4279=ORIENTED_EDGE('',*,*,#3260,.T.);
#4280=ORIENTED_EDGE('',*,*,#3265,.T.);
#4281=ORIENTED_EDGE('',*,*,#3263,.T.);
#4282=ORIENTED_EDGE('',*,*,#3269,.T.);
#4283=ORIENTED_EDGE('',*,*,#3261,.T.);
#4284=ORIENTED_EDGE('',*,*,#3268,.T.);
#4285=ORIENTED_EDGE('',*,*,#3270,.F.);
#4286=ORIENTED_EDGE('',*,*,#3271,.F.);
#4287=ORIENTED_EDGE('',*,*,#3272,.T.);
#4288=ORIENTED_EDGE('',*,*,#3271,.T.);
#4289=ORIENTED_EDGE('',*,*,#3273,.F.);
#4290=ORIENTED_EDGE('',*,*,#3274,.F.);
#4291=ORIENTED_EDGE('',*,*,#3262,.T.);
#4292=ORIENTED_EDGE('',*,*,#3275,.T.);
#4293=ORIENTED_EDGE('',*,*,#3274,.T.);
#4294=ORIENTED_EDGE('',*,*,#3276,.F.);
#4295=ORIENTED_EDGE('',*,*,#3266,.F.);
#4296=ORIENTED_EDGE('',*,*,#3276,.T.);
#4297=ORIENTED_EDGE('',*,*,#3273,.T.);
#4298=ORIENTED_EDGE('',*,*,#3270,.T.);
#4299=ORIENTED_EDGE('',*,*,#3267,.T.);
#4300=ORIENTED_EDGE('',*,*,#3257,.T.);
#4301=ORIENTED_EDGE('',*,*,#3269,.F.);
#4302=ORIENTED_EDGE('',*,*,#3272,.F.);
#4303=ORIENTED_EDGE('',*,*,#3275,.F.);
#4304=ORIENTED_EDGE('',*,*,#3277,.T.);
#4305=ORIENTED_EDGE('',*,*,#3278,.T.);
#4306=ORIENTED_EDGE('',*,*,#3279,.F.);
#4307=ORIENTED_EDGE('',*,*,#3280,.T.);
#4308=ORIENTED_EDGE('',*,*,#3281,.F.);
#4309=ORIENTED_EDGE('',*,*,#3282,.F.);
#4310=ORIENTED_EDGE('',*,*,#3283,.F.);
#4311=ORIENTED_EDGE('',*,*,#3278,.F.);
#4312=ORIENTED_EDGE('',*,*,#3284,.F.);
#4313=ORIENTED_EDGE('',*,*,#3285,.F.);
#4314=ORIENTED_EDGE('',*,*,#3286,.F.);
#4315=ORIENTED_EDGE('',*,*,#3280,.F.);
#4316=ORIENTED_EDGE('',*,*,#3286,.T.);
#4317=ORIENTED_EDGE('',*,*,#3287,.F.);
#4318=ORIENTED_EDGE('',*,*,#3281,.T.);
#4319=ORIENTED_EDGE('',*,*,#3277,.F.);
#4320=ORIENTED_EDGE('',*,*,#3288,.T.);
#4321=ORIENTED_EDGE('',*,*,#3289,.F.);
#4322=ORIENTED_EDGE('',*,*,#3290,.F.);
#4323=ORIENTED_EDGE('',*,*,#3282,.T.);
#4324=ORIENTED_EDGE('',*,*,#3287,.T.);
#4325=ORIENTED_EDGE('',*,*,#3285,.T.);
#4326=ORIENTED_EDGE('',*,*,#3291,.T.);
#4327=ORIENTED_EDGE('',*,*,#3283,.T.);
#4328=ORIENTED_EDGE('',*,*,#3290,.T.);
#4329=ORIENTED_EDGE('',*,*,#3292,.F.);
#4330=ORIENTED_EDGE('',*,*,#3293,.F.);
#4331=ORIENTED_EDGE('',*,*,#3294,.T.);
#4332=ORIENTED_EDGE('',*,*,#3293,.T.);
#4333=ORIENTED_EDGE('',*,*,#3295,.F.);
#4334=ORIENTED_EDGE('',*,*,#3296,.F.);
#4335=ORIENTED_EDGE('',*,*,#3284,.T.);
#4336=ORIENTED_EDGE('',*,*,#3297,.T.);
#4337=ORIENTED_EDGE('',*,*,#3296,.T.);
#4338=ORIENTED_EDGE('',*,*,#3298,.F.);
#4339=ORIENTED_EDGE('',*,*,#3288,.F.);
#4340=ORIENTED_EDGE('',*,*,#3298,.T.);
#4341=ORIENTED_EDGE('',*,*,#3295,.T.);
#4342=ORIENTED_EDGE('',*,*,#3292,.T.);
#4343=ORIENTED_EDGE('',*,*,#3289,.T.);
#4344=ORIENTED_EDGE('',*,*,#3279,.T.);
#4345=ORIENTED_EDGE('',*,*,#3291,.F.);
#4346=ORIENTED_EDGE('',*,*,#3294,.F.);
#4347=ORIENTED_EDGE('',*,*,#3297,.F.);
#4348=ORIENTED_EDGE('',*,*,#3299,.T.);
#4349=ORIENTED_EDGE('',*,*,#3300,.T.);
#4350=ORIENTED_EDGE('',*,*,#3301,.F.);
#4351=ORIENTED_EDGE('',*,*,#3302,.T.);
#4352=ORIENTED_EDGE('',*,*,#3303,.F.);
#4353=ORIENTED_EDGE('',*,*,#3304,.F.);
#4354=ORIENTED_EDGE('',*,*,#3305,.F.);
#4355=ORIENTED_EDGE('',*,*,#3300,.F.);
#4356=ORIENTED_EDGE('',*,*,#3306,.F.);
#4357=ORIENTED_EDGE('',*,*,#3307,.F.);
#4358=ORIENTED_EDGE('',*,*,#3308,.F.);
#4359=ORIENTED_EDGE('',*,*,#3302,.F.);
#4360=ORIENTED_EDGE('',*,*,#3308,.T.);
#4361=ORIENTED_EDGE('',*,*,#3309,.F.);
#4362=ORIENTED_EDGE('',*,*,#3303,.T.);
#4363=ORIENTED_EDGE('',*,*,#3299,.F.);
#4364=ORIENTED_EDGE('',*,*,#3310,.T.);
#4365=ORIENTED_EDGE('',*,*,#3311,.F.);
#4366=ORIENTED_EDGE('',*,*,#3312,.F.);
#4367=ORIENTED_EDGE('',*,*,#3304,.T.);
#4368=ORIENTED_EDGE('',*,*,#3309,.T.);
#4369=ORIENTED_EDGE('',*,*,#3307,.T.);
#4370=ORIENTED_EDGE('',*,*,#3313,.T.);
#4371=ORIENTED_EDGE('',*,*,#3305,.T.);
#4372=ORIENTED_EDGE('',*,*,#3312,.T.);
#4373=ORIENTED_EDGE('',*,*,#3314,.F.);
#4374=ORIENTED_EDGE('',*,*,#3315,.F.);
#4375=ORIENTED_EDGE('',*,*,#3316,.T.);
#4376=ORIENTED_EDGE('',*,*,#3315,.T.);
#4377=ORIENTED_EDGE('',*,*,#3317,.F.);
#4378=ORIENTED_EDGE('',*,*,#3318,.F.);
#4379=ORIENTED_EDGE('',*,*,#3306,.T.);
#4380=ORIENTED_EDGE('',*,*,#3319,.T.);
#4381=ORIENTED_EDGE('',*,*,#3318,.T.);
#4382=ORIENTED_EDGE('',*,*,#3320,.F.);
#4383=ORIENTED_EDGE('',*,*,#3310,.F.);
#4384=ORIENTED_EDGE('',*,*,#3320,.T.);
#4385=ORIENTED_EDGE('',*,*,#3317,.T.);
#4386=ORIENTED_EDGE('',*,*,#3314,.T.);
#4387=ORIENTED_EDGE('',*,*,#3311,.T.);
#4388=ORIENTED_EDGE('',*,*,#3301,.T.);
#4389=ORIENTED_EDGE('',*,*,#3313,.F.);
#4390=ORIENTED_EDGE('',*,*,#3316,.F.);
#4391=ORIENTED_EDGE('',*,*,#3319,.F.);
#4392=ORIENTED_EDGE('',*,*,#3321,.T.);
#4393=ORIENTED_EDGE('',*,*,#3322,.T.);
#4394=ORIENTED_EDGE('',*,*,#3323,.F.);
#4395=ORIENTED_EDGE('',*,*,#3324,.T.);
#4396=ORIENTED_EDGE('',*,*,#3325,.F.);
#4397=ORIENTED_EDGE('',*,*,#3326,.F.);
#4398=ORIENTED_EDGE('',*,*,#3327,.F.);
#4399=ORIENTED_EDGE('',*,*,#3322,.F.);
#4400=ORIENTED_EDGE('',*,*,#3328,.F.);
#4401=ORIENTED_EDGE('',*,*,#3329,.F.);
#4402=ORIENTED_EDGE('',*,*,#3330,.F.);
#4403=ORIENTED_EDGE('',*,*,#3324,.F.);
#4404=ORIENTED_EDGE('',*,*,#3330,.T.);
#4405=ORIENTED_EDGE('',*,*,#3331,.F.);
#4406=ORIENTED_EDGE('',*,*,#3325,.T.);
#4407=ORIENTED_EDGE('',*,*,#3321,.F.);
#4408=ORIENTED_EDGE('',*,*,#3332,.T.);
#4409=ORIENTED_EDGE('',*,*,#3333,.F.);
#4410=ORIENTED_EDGE('',*,*,#3334,.F.);
#4411=ORIENTED_EDGE('',*,*,#3326,.T.);
#4412=ORIENTED_EDGE('',*,*,#3331,.T.);
#4413=ORIENTED_EDGE('',*,*,#3329,.T.);
#4414=ORIENTED_EDGE('',*,*,#3335,.T.);
#4415=ORIENTED_EDGE('',*,*,#3327,.T.);
#4416=ORIENTED_EDGE('',*,*,#3334,.T.);
#4417=ORIENTED_EDGE('',*,*,#3336,.F.);
#4418=ORIENTED_EDGE('',*,*,#3337,.F.);
#4419=ORIENTED_EDGE('',*,*,#3338,.T.);
#4420=ORIENTED_EDGE('',*,*,#3337,.T.);
#4421=ORIENTED_EDGE('',*,*,#3339,.F.);
#4422=ORIENTED_EDGE('',*,*,#3340,.F.);
#4423=ORIENTED_EDGE('',*,*,#3328,.T.);
#4424=ORIENTED_EDGE('',*,*,#3341,.T.);
#4425=ORIENTED_EDGE('',*,*,#3340,.T.);
#4426=ORIENTED_EDGE('',*,*,#3342,.F.);
#4427=ORIENTED_EDGE('',*,*,#3332,.F.);
#4428=ORIENTED_EDGE('',*,*,#3342,.T.);
#4429=ORIENTED_EDGE('',*,*,#3339,.T.);
#4430=ORIENTED_EDGE('',*,*,#3336,.T.);
#4431=ORIENTED_EDGE('',*,*,#3333,.T.);
#4432=ORIENTED_EDGE('',*,*,#3323,.T.);
#4433=ORIENTED_EDGE('',*,*,#3335,.F.);
#4434=ORIENTED_EDGE('',*,*,#3338,.F.);
#4435=ORIENTED_EDGE('',*,*,#3341,.F.);
#4436=ORIENTED_EDGE('',*,*,#3343,.T.);
#4437=ORIENTED_EDGE('',*,*,#3344,.T.);
#4438=ORIENTED_EDGE('',*,*,#3345,.F.);
#4439=ORIENTED_EDGE('',*,*,#3346,.T.);
#4440=ORIENTED_EDGE('',*,*,#3347,.F.);
#4441=ORIENTED_EDGE('',*,*,#3348,.F.);
#4442=ORIENTED_EDGE('',*,*,#3349,.F.);
#4443=ORIENTED_EDGE('',*,*,#3344,.F.);
#4444=ORIENTED_EDGE('',*,*,#3350,.F.);
#4445=ORIENTED_EDGE('',*,*,#3351,.F.);
#4446=ORIENTED_EDGE('',*,*,#3352,.F.);
#4447=ORIENTED_EDGE('',*,*,#3346,.F.);
#4448=ORIENTED_EDGE('',*,*,#3352,.T.);
#4449=ORIENTED_EDGE('',*,*,#3353,.F.);
#4450=ORIENTED_EDGE('',*,*,#3347,.T.);
#4451=ORIENTED_EDGE('',*,*,#3343,.F.);
#4452=ORIENTED_EDGE('',*,*,#3354,.T.);
#4453=ORIENTED_EDGE('',*,*,#3355,.F.);
#4454=ORIENTED_EDGE('',*,*,#3356,.F.);
#4455=ORIENTED_EDGE('',*,*,#3348,.T.);
#4456=ORIENTED_EDGE('',*,*,#3353,.T.);
#4457=ORIENTED_EDGE('',*,*,#3351,.T.);
#4458=ORIENTED_EDGE('',*,*,#3357,.T.);
#4459=ORIENTED_EDGE('',*,*,#3349,.T.);
#4460=ORIENTED_EDGE('',*,*,#3356,.T.);
#4461=ORIENTED_EDGE('',*,*,#3358,.F.);
#4462=ORIENTED_EDGE('',*,*,#3359,.F.);
#4463=ORIENTED_EDGE('',*,*,#3360,.T.);
#4464=ORIENTED_EDGE('',*,*,#3359,.T.);
#4465=ORIENTED_EDGE('',*,*,#3361,.F.);
#4466=ORIENTED_EDGE('',*,*,#3362,.F.);
#4467=ORIENTED_EDGE('',*,*,#3350,.T.);
#4468=ORIENTED_EDGE('',*,*,#3363,.T.);
#4469=ORIENTED_EDGE('',*,*,#3362,.T.);
#4470=ORIENTED_EDGE('',*,*,#3364,.F.);
#4471=ORIENTED_EDGE('',*,*,#3354,.F.);
#4472=ORIENTED_EDGE('',*,*,#3364,.T.);
#4473=ORIENTED_EDGE('',*,*,#3361,.T.);
#4474=ORIENTED_EDGE('',*,*,#3358,.T.);
#4475=ORIENTED_EDGE('',*,*,#3355,.T.);
#4476=ORIENTED_EDGE('',*,*,#3345,.T.);
#4477=ORIENTED_EDGE('',*,*,#3357,.F.);
#4478=ORIENTED_EDGE('',*,*,#3360,.F.);
#4479=ORIENTED_EDGE('',*,*,#3363,.F.);
#4480=ORIENTED_EDGE('',*,*,#3365,.T.);
#4481=ORIENTED_EDGE('',*,*,#3366,.T.);
#4482=ORIENTED_EDGE('',*,*,#3367,.F.);
#4483=ORIENTED_EDGE('',*,*,#3368,.T.);
#4484=ORIENTED_EDGE('',*,*,#3369,.F.);
#4485=ORIENTED_EDGE('',*,*,#3370,.F.);
#4486=ORIENTED_EDGE('',*,*,#3371,.F.);
#4487=ORIENTED_EDGE('',*,*,#3366,.F.);
#4488=ORIENTED_EDGE('',*,*,#3372,.F.);
#4489=ORIENTED_EDGE('',*,*,#3373,.F.);
#4490=ORIENTED_EDGE('',*,*,#3374,.F.);
#4491=ORIENTED_EDGE('',*,*,#3368,.F.);
#4492=ORIENTED_EDGE('',*,*,#3374,.T.);
#4493=ORIENTED_EDGE('',*,*,#3375,.F.);
#4494=ORIENTED_EDGE('',*,*,#3369,.T.);
#4495=ORIENTED_EDGE('',*,*,#3365,.F.);
#4496=ORIENTED_EDGE('',*,*,#3376,.T.);
#4497=ORIENTED_EDGE('',*,*,#3377,.F.);
#4498=ORIENTED_EDGE('',*,*,#3378,.F.);
#4499=ORIENTED_EDGE('',*,*,#3370,.T.);
#4500=ORIENTED_EDGE('',*,*,#3375,.T.);
#4501=ORIENTED_EDGE('',*,*,#3373,.T.);
#4502=ORIENTED_EDGE('',*,*,#3379,.T.);
#4503=ORIENTED_EDGE('',*,*,#3371,.T.);
#4504=ORIENTED_EDGE('',*,*,#3378,.T.);
#4505=ORIENTED_EDGE('',*,*,#3380,.F.);
#4506=ORIENTED_EDGE('',*,*,#3381,.F.);
#4507=ORIENTED_EDGE('',*,*,#3382,.T.);
#4508=ORIENTED_EDGE('',*,*,#3381,.T.);
#4509=ORIENTED_EDGE('',*,*,#3383,.F.);
#4510=ORIENTED_EDGE('',*,*,#3384,.F.);
#4511=ORIENTED_EDGE('',*,*,#3372,.T.);
#4512=ORIENTED_EDGE('',*,*,#3385,.T.);
#4513=ORIENTED_EDGE('',*,*,#3384,.T.);
#4514=ORIENTED_EDGE('',*,*,#3386,.F.);
#4515=ORIENTED_EDGE('',*,*,#3376,.F.);
#4516=ORIENTED_EDGE('',*,*,#3386,.T.);
#4517=ORIENTED_EDGE('',*,*,#3383,.T.);
#4518=ORIENTED_EDGE('',*,*,#3380,.T.);
#4519=ORIENTED_EDGE('',*,*,#3377,.T.);
#4520=ORIENTED_EDGE('',*,*,#3367,.T.);
#4521=ORIENTED_EDGE('',*,*,#3379,.F.);
#4522=ORIENTED_EDGE('',*,*,#3382,.F.);
#4523=ORIENTED_EDGE('',*,*,#3385,.F.);
#4524=ORIENTED_EDGE('',*,*,#3387,.T.);
#4525=ORIENTED_EDGE('',*,*,#3388,.T.);
#4526=ORIENTED_EDGE('',*,*,#3389,.F.);
#4527=ORIENTED_EDGE('',*,*,#3390,.T.);
#4528=ORIENTED_EDGE('',*,*,#3391,.F.);
#4529=ORIENTED_EDGE('',*,*,#3392,.F.);
#4530=ORIENTED_EDGE('',*,*,#3393,.F.);
#4531=ORIENTED_EDGE('',*,*,#3388,.F.);
#4532=ORIENTED_EDGE('',*,*,#3394,.F.);
#4533=ORIENTED_EDGE('',*,*,#3395,.F.);
#4534=ORIENTED_EDGE('',*,*,#3396,.F.);
#4535=ORIENTED_EDGE('',*,*,#3390,.F.);
#4536=ORIENTED_EDGE('',*,*,#3396,.T.);
#4537=ORIENTED_EDGE('',*,*,#3397,.F.);
#4538=ORIENTED_EDGE('',*,*,#3391,.T.);
#4539=ORIENTED_EDGE('',*,*,#3387,.F.);
#4540=ORIENTED_EDGE('',*,*,#3398,.T.);
#4541=ORIENTED_EDGE('',*,*,#3399,.F.);
#4542=ORIENTED_EDGE('',*,*,#3400,.F.);
#4543=ORIENTED_EDGE('',*,*,#3392,.T.);
#4544=ORIENTED_EDGE('',*,*,#3397,.T.);
#4545=ORIENTED_EDGE('',*,*,#3395,.T.);
#4546=ORIENTED_EDGE('',*,*,#3401,.T.);
#4547=ORIENTED_EDGE('',*,*,#3393,.T.);
#4548=ORIENTED_EDGE('',*,*,#3400,.T.);
#4549=ORIENTED_EDGE('',*,*,#3402,.F.);
#4550=ORIENTED_EDGE('',*,*,#3403,.F.);
#4551=ORIENTED_EDGE('',*,*,#3404,.T.);
#4552=ORIENTED_EDGE('',*,*,#3403,.T.);
#4553=ORIENTED_EDGE('',*,*,#3405,.F.);
#4554=ORIENTED_EDGE('',*,*,#3406,.F.);
#4555=ORIENTED_EDGE('',*,*,#3394,.T.);
#4556=ORIENTED_EDGE('',*,*,#3407,.T.);
#4557=ORIENTED_EDGE('',*,*,#3406,.T.);
#4558=ORIENTED_EDGE('',*,*,#3408,.F.);
#4559=ORIENTED_EDGE('',*,*,#3398,.F.);
#4560=ORIENTED_EDGE('',*,*,#3408,.T.);
#4561=ORIENTED_EDGE('',*,*,#3405,.T.);
#4562=ORIENTED_EDGE('',*,*,#3402,.T.);
#4563=ORIENTED_EDGE('',*,*,#3399,.T.);
#4564=ORIENTED_EDGE('',*,*,#3389,.T.);
#4565=ORIENTED_EDGE('',*,*,#3401,.F.);
#4566=ORIENTED_EDGE('',*,*,#3404,.F.);
#4567=ORIENTED_EDGE('',*,*,#3407,.F.);
#4568=ORIENTED_EDGE('',*,*,#3409,.F.);
#4569=ORIENTED_EDGE('',*,*,#3410,.F.);
#4570=ORIENTED_EDGE('',*,*,#3411,.F.);
#4571=ORIENTED_EDGE('',*,*,#3412,.F.);
#4572=ORIENTED_EDGE('',*,*,#3413,.T.);
#4573=ORIENTED_EDGE('',*,*,#3412,.T.);
#4574=ORIENTED_EDGE('',*,*,#3414,.T.);
#4575=ORIENTED_EDGE('',*,*,#3415,.T.);
#4576=ORIENTED_EDGE('',*,*,#3416,.T.);
#4577=ORIENTED_EDGE('',*,*,#3410,.T.);
#4578=ORIENTED_EDGE('',*,*,#3417,.T.);
#4579=ORIENTED_EDGE('',*,*,#3418,.T.);
#4580=ORIENTED_EDGE('',*,*,#3417,.F.);
#4581=ORIENTED_EDGE('',*,*,#3409,.T.);
#4582=ORIENTED_EDGE('',*,*,#3413,.F.);
#4583=ORIENTED_EDGE('',*,*,#3419,.T.);
#4584=ORIENTED_EDGE('',*,*,#3420,.T.);
#4585=ORIENTED_EDGE('',*,*,#3421,.T.);
#4586=ORIENTED_EDGE('',*,*,#3422,.F.);
#4587=ORIENTED_EDGE('',*,*,#3418,.F.);
#4588=ORIENTED_EDGE('',*,*,#3419,.F.);
#4589=ORIENTED_EDGE('',*,*,#3415,.F.);
#4590=ORIENTED_EDGE('',*,*,#3423,.F.);
#4591=ORIENTED_EDGE('',*,*,#3424,.T.);
#4592=ORIENTED_EDGE('',*,*,#3425,.T.);
#4593=ORIENTED_EDGE('',*,*,#3420,.F.);
#4594=ORIENTED_EDGE('',*,*,#3414,.F.);
#4595=ORIENTED_EDGE('',*,*,#3426,.F.);
#4596=ORIENTED_EDGE('',*,*,#3427,.T.);
#4597=ORIENTED_EDGE('',*,*,#3428,.T.);
#4598=ORIENTED_EDGE('',*,*,#3424,.F.);
#4599=ORIENTED_EDGE('',*,*,#3416,.F.);
#4600=ORIENTED_EDGE('',*,*,#3422,.T.);
#4601=ORIENTED_EDGE('',*,*,#3429,.T.);
#4602=ORIENTED_EDGE('',*,*,#3427,.F.);
#4603=ORIENTED_EDGE('',*,*,#3430,.F.);
#4604=ORIENTED_EDGE('',*,*,#3429,.F.);
#4605=ORIENTED_EDGE('',*,*,#3421,.F.);
#4606=ORIENTED_EDGE('',*,*,#3425,.F.);
#4607=ORIENTED_EDGE('',*,*,#3428,.F.);
#4608=ORIENTED_EDGE('',*,*,#3411,.T.);
#4609=ORIENTED_EDGE('',*,*,#3430,.T.);
#4610=ORIENTED_EDGE('',*,*,#3426,.T.);
#4611=ORIENTED_EDGE('',*,*,#3423,.T.);
#4612=ORIENTED_EDGE('',*,*,#3431,.T.);
#4613=ORIENTED_EDGE('',*,*,#3432,.T.);
#4614=ORIENTED_EDGE('',*,*,#3433,.F.);
#4615=ORIENTED_EDGE('',*,*,#3434,.F.);
#4616=ORIENTED_EDGE('',*,*,#3435,.T.);
#4617=ORIENTED_EDGE('',*,*,#3434,.T.);
#4618=ORIENTED_EDGE('',*,*,#3436,.F.);
#4619=ORIENTED_EDGE('',*,*,#3437,.F.);
#4620=ORIENTED_EDGE('',*,*,#3438,.T.);
#4621=ORIENTED_EDGE('',*,*,#3437,.T.);
#4622=ORIENTED_EDGE('',*,*,#3439,.F.);
#4623=ORIENTED_EDGE('',*,*,#3440,.F.);
#4624=ORIENTED_EDGE('',*,*,#3441,.T.);
#4625=ORIENTED_EDGE('',*,*,#3440,.T.);
#4626=ORIENTED_EDGE('',*,*,#3442,.F.);
#4627=ORIENTED_EDGE('',*,*,#3443,.F.);
#4628=ORIENTED_EDGE('',*,*,#3444,.T.);
#4629=ORIENTED_EDGE('',*,*,#3443,.T.);
#4630=ORIENTED_EDGE('',*,*,#3445,.F.);
#4631=ORIENTED_EDGE('',*,*,#3432,.F.);
#4632=ORIENTED_EDGE('',*,*,#3445,.T.);
#4633=ORIENTED_EDGE('',*,*,#3442,.T.);
#4634=ORIENTED_EDGE('',*,*,#3439,.T.);
#4635=ORIENTED_EDGE('',*,*,#3436,.T.);
#4636=ORIENTED_EDGE('',*,*,#3433,.T.);
#4637=ORIENTED_EDGE('',*,*,#3444,.F.);
#4638=ORIENTED_EDGE('',*,*,#3431,.F.);
#4639=ORIENTED_EDGE('',*,*,#3435,.F.);
#4640=ORIENTED_EDGE('',*,*,#3438,.F.);
#4641=ORIENTED_EDGE('',*,*,#3441,.F.);
#4642=ORIENTED_EDGE('',*,*,#3446,.F.);
#4643=ORIENTED_EDGE('',*,*,#3447,.F.);
#4644=ORIENTED_EDGE('',*,*,#3448,.T.);
#4645=ORIENTED_EDGE('',*,*,#3449,.T.);
#4646=ORIENTED_EDGE('',*,*,#3450,.T.);
#4647=ORIENTED_EDGE('',*,*,#3448,.F.);
#4648=ORIENTED_EDGE('',*,*,#3446,.T.);
#4649=ORIENTED_EDGE('',*,*,#3447,.T.);
#4650=ORIENTED_EDGE('',*,*,#3450,.F.);
#4651=ORIENTED_EDGE('',*,*,#3449,.F.);
#4652=ORIENTED_EDGE('',*,*,#3451,.T.);
#4653=ORIENTED_EDGE('',*,*,#3452,.T.);
#4654=ORIENTED_EDGE('',*,*,#3453,.F.);
#4655=ORIENTED_EDGE('',*,*,#3454,.F.);
#4656=ORIENTED_EDGE('',*,*,#3455,.T.);
#4657=ORIENTED_EDGE('',*,*,#3454,.T.);
#4658=ORIENTED_EDGE('',*,*,#3456,.F.);
#4659=ORIENTED_EDGE('',*,*,#3457,.F.);
#4660=ORIENTED_EDGE('',*,*,#3458,.T.);
#4661=ORIENTED_EDGE('',*,*,#3457,.T.);
#4662=ORIENTED_EDGE('',*,*,#3459,.F.);
#4663=ORIENTED_EDGE('',*,*,#3460,.F.);
#4664=ORIENTED_EDGE('',*,*,#3461,.T.);
#4665=ORIENTED_EDGE('',*,*,#3460,.T.);
#4666=ORIENTED_EDGE('',*,*,#3462,.F.);
#4667=ORIENTED_EDGE('',*,*,#3463,.F.);
#4668=ORIENTED_EDGE('',*,*,#3464,.T.);
#4669=ORIENTED_EDGE('',*,*,#3463,.T.);
#4670=ORIENTED_EDGE('',*,*,#3465,.F.);
#4671=ORIENTED_EDGE('',*,*,#3466,.F.);
#4672=ORIENTED_EDGE('',*,*,#3467,.T.);
#4673=ORIENTED_EDGE('',*,*,#3466,.T.);
#4674=ORIENTED_EDGE('',*,*,#3468,.F.);
#4675=ORIENTED_EDGE('',*,*,#3452,.F.);
#4676=ORIENTED_EDGE('',*,*,#3469,.T.);
#4677=ORIENTED_EDGE('',*,*,#3470,.T.);
#4678=ORIENTED_EDGE('',*,*,#3471,.F.);
#4679=ORIENTED_EDGE('',*,*,#3472,.F.);
#4680=ORIENTED_EDGE('',*,*,#3473,.T.);
#4681=ORIENTED_EDGE('',*,*,#3472,.T.);
#4682=ORIENTED_EDGE('',*,*,#3474,.F.);
#4683=ORIENTED_EDGE('',*,*,#3475,.F.);
#4684=ORIENTED_EDGE('',*,*,#3476,.T.);
#4685=ORIENTED_EDGE('',*,*,#3475,.T.);
#4686=ORIENTED_EDGE('',*,*,#3477,.F.);
#4687=ORIENTED_EDGE('',*,*,#3478,.F.);
#4688=ORIENTED_EDGE('',*,*,#3479,.T.);
#4689=ORIENTED_EDGE('',*,*,#3478,.T.);
#4690=ORIENTED_EDGE('',*,*,#3480,.F.);
#4691=ORIENTED_EDGE('',*,*,#3481,.F.);
#4692=ORIENTED_EDGE('',*,*,#3482,.T.);
#4693=ORIENTED_EDGE('',*,*,#3481,.T.);
#4694=ORIENTED_EDGE('',*,*,#3483,.F.);
#4695=ORIENTED_EDGE('',*,*,#3484,.F.);
#4696=ORIENTED_EDGE('',*,*,#3485,.T.);
#4697=ORIENTED_EDGE('',*,*,#3484,.T.);
#4698=ORIENTED_EDGE('',*,*,#3486,.F.);
#4699=ORIENTED_EDGE('',*,*,#3487,.F.);
#4700=ORIENTED_EDGE('',*,*,#3488,.T.);
#4701=ORIENTED_EDGE('',*,*,#3487,.T.);
#4702=ORIENTED_EDGE('',*,*,#3489,.F.);
#4703=ORIENTED_EDGE('',*,*,#3490,.F.);
#4704=ORIENTED_EDGE('',*,*,#3491,.T.);
#4705=ORIENTED_EDGE('',*,*,#3490,.T.);
#4706=ORIENTED_EDGE('',*,*,#3492,.F.);
#4707=ORIENTED_EDGE('',*,*,#3493,.F.);
#4708=ORIENTED_EDGE('',*,*,#3494,.T.);
#4709=ORIENTED_EDGE('',*,*,#3493,.T.);
#4710=ORIENTED_EDGE('',*,*,#3495,.F.);
#4711=ORIENTED_EDGE('',*,*,#3496,.F.);
#4712=ORIENTED_EDGE('',*,*,#3497,.T.);
#4713=ORIENTED_EDGE('',*,*,#3496,.T.);
#4714=ORIENTED_EDGE('',*,*,#3498,.F.);
#4715=ORIENTED_EDGE('',*,*,#3499,.F.);
#4716=ORIENTED_EDGE('',*,*,#3500,.T.);
#4717=ORIENTED_EDGE('',*,*,#3499,.T.);
#4718=ORIENTED_EDGE('',*,*,#3501,.F.);
#4719=ORIENTED_EDGE('',*,*,#3502,.F.);
#4720=ORIENTED_EDGE('',*,*,#3503,.T.);
#4721=ORIENTED_EDGE('',*,*,#3502,.T.);
#4722=ORIENTED_EDGE('',*,*,#3504,.F.);
#4723=ORIENTED_EDGE('',*,*,#3505,.F.);
#4724=ORIENTED_EDGE('',*,*,#3506,.T.);
#4725=ORIENTED_EDGE('',*,*,#3505,.T.);
#4726=ORIENTED_EDGE('',*,*,#3507,.F.);
#4727=ORIENTED_EDGE('',*,*,#3508,.F.);
#4728=ORIENTED_EDGE('',*,*,#3509,.T.);
#4729=ORIENTED_EDGE('',*,*,#3508,.T.);
#4730=ORIENTED_EDGE('',*,*,#3510,.F.);
#4731=ORIENTED_EDGE('',*,*,#3511,.F.);
#4732=ORIENTED_EDGE('',*,*,#3512,.T.);
#4733=ORIENTED_EDGE('',*,*,#3511,.T.);
#4734=ORIENTED_EDGE('',*,*,#3513,.F.);
#4735=ORIENTED_EDGE('',*,*,#3514,.F.);
#4736=ORIENTED_EDGE('',*,*,#3515,.T.);
#4737=ORIENTED_EDGE('',*,*,#3514,.T.);
#4738=ORIENTED_EDGE('',*,*,#3516,.F.);
#4739=ORIENTED_EDGE('',*,*,#3470,.F.);
#4740=ORIENTED_EDGE('',*,*,#3516,.T.);
#4741=ORIENTED_EDGE('',*,*,#3513,.T.);
#4742=ORIENTED_EDGE('',*,*,#3510,.T.);
#4743=ORIENTED_EDGE('',*,*,#3507,.T.);
#4744=ORIENTED_EDGE('',*,*,#3504,.T.);
#4745=ORIENTED_EDGE('',*,*,#3501,.T.);
#4746=ORIENTED_EDGE('',*,*,#3498,.T.);
#4747=ORIENTED_EDGE('',*,*,#3495,.T.);
#4748=ORIENTED_EDGE('',*,*,#3492,.T.);
#4749=ORIENTED_EDGE('',*,*,#3489,.T.);
#4750=ORIENTED_EDGE('',*,*,#3486,.T.);
#4751=ORIENTED_EDGE('',*,*,#3483,.T.);
#4752=ORIENTED_EDGE('',*,*,#3480,.T.);
#4753=ORIENTED_EDGE('',*,*,#3477,.T.);
#4754=ORIENTED_EDGE('',*,*,#3474,.T.);
#4755=ORIENTED_EDGE('',*,*,#3471,.T.);
#4756=ORIENTED_EDGE('',*,*,#3468,.T.);
#4757=ORIENTED_EDGE('',*,*,#3465,.T.);
#4758=ORIENTED_EDGE('',*,*,#3462,.T.);
#4759=ORIENTED_EDGE('',*,*,#3459,.T.);
#4760=ORIENTED_EDGE('',*,*,#3456,.T.);
#4761=ORIENTED_EDGE('',*,*,#3453,.T.);
#4762=ORIENTED_EDGE('',*,*,#3515,.F.);
#4763=ORIENTED_EDGE('',*,*,#3469,.F.);
#4764=ORIENTED_EDGE('',*,*,#3473,.F.);
#4765=ORIENTED_EDGE('',*,*,#3476,.F.);
#4766=ORIENTED_EDGE('',*,*,#3479,.F.);
#4767=ORIENTED_EDGE('',*,*,#3482,.F.);
#4768=ORIENTED_EDGE('',*,*,#3485,.F.);
#4769=ORIENTED_EDGE('',*,*,#3488,.F.);
#4770=ORIENTED_EDGE('',*,*,#3491,.F.);
#4771=ORIENTED_EDGE('',*,*,#3494,.F.);
#4772=ORIENTED_EDGE('',*,*,#3497,.F.);
#4773=ORIENTED_EDGE('',*,*,#3500,.F.);
#4774=ORIENTED_EDGE('',*,*,#3503,.F.);
#4775=ORIENTED_EDGE('',*,*,#3506,.F.);
#4776=ORIENTED_EDGE('',*,*,#3509,.F.);
#4777=ORIENTED_EDGE('',*,*,#3512,.F.);
#4778=ORIENTED_EDGE('',*,*,#3467,.F.);
#4779=ORIENTED_EDGE('',*,*,#3451,.F.);
#4780=ORIENTED_EDGE('',*,*,#3455,.F.);
#4781=ORIENTED_EDGE('',*,*,#3458,.F.);
#4782=ORIENTED_EDGE('',*,*,#3461,.F.);
#4783=ORIENTED_EDGE('',*,*,#3464,.F.);
#4784=ORIENTED_EDGE('',*,*,#3517,.T.);
#4785=ORIENTED_EDGE('',*,*,#3518,.T.);
#4786=ORIENTED_EDGE('',*,*,#3519,.F.);
#4787=ORIENTED_EDGE('',*,*,#3520,.F.);
#4788=ORIENTED_EDGE('',*,*,#3521,.T.);
#4789=ORIENTED_EDGE('',*,*,#3520,.T.);
#4790=ORIENTED_EDGE('',*,*,#3522,.F.);
#4791=ORIENTED_EDGE('',*,*,#3523,.F.);
#4792=ORIENTED_EDGE('',*,*,#3524,.T.);
#4793=ORIENTED_EDGE('',*,*,#3523,.T.);
#4794=ORIENTED_EDGE('',*,*,#3525,.F.);
#4795=ORIENTED_EDGE('',*,*,#3526,.F.);
#4796=ORIENTED_EDGE('',*,*,#3527,.T.);
#4797=ORIENTED_EDGE('',*,*,#3526,.T.);
#4798=ORIENTED_EDGE('',*,*,#3528,.F.);
#4799=ORIENTED_EDGE('',*,*,#3518,.F.);
#4800=ORIENTED_EDGE('',*,*,#3528,.T.);
#4801=ORIENTED_EDGE('',*,*,#3525,.T.);
#4802=ORIENTED_EDGE('',*,*,#3522,.T.);
#4803=ORIENTED_EDGE('',*,*,#3519,.T.);
#4804=ORIENTED_EDGE('',*,*,#3527,.F.);
#4805=ORIENTED_EDGE('',*,*,#3517,.F.);
#4806=ORIENTED_EDGE('',*,*,#3521,.F.);
#4807=ORIENTED_EDGE('',*,*,#3524,.F.);
#4808=ORIENTED_EDGE('',*,*,#3529,.T.);
#4809=ORIENTED_EDGE('',*,*,#3530,.T.);
#4810=ORIENTED_EDGE('',*,*,#3531,.F.);
#4811=ORIENTED_EDGE('',*,*,#3532,.F.);
#4812=ORIENTED_EDGE('',*,*,#3533,.T.);
#4813=ORIENTED_EDGE('',*,*,#3532,.T.);
#4814=ORIENTED_EDGE('',*,*,#3534,.F.);
#4815=ORIENTED_EDGE('',*,*,#3535,.F.);
#4816=ORIENTED_EDGE('',*,*,#3536,.T.);
#4817=ORIENTED_EDGE('',*,*,#3535,.T.);
#4818=ORIENTED_EDGE('',*,*,#3537,.F.);
#4819=ORIENTED_EDGE('',*,*,#3538,.F.);
#4820=ORIENTED_EDGE('',*,*,#3539,.T.);
#4821=ORIENTED_EDGE('',*,*,#3538,.T.);
#4822=ORIENTED_EDGE('',*,*,#3540,.F.);
#4823=ORIENTED_EDGE('',*,*,#3541,.F.);
#4824=ORIENTED_EDGE('',*,*,#3542,.T.);
#4825=ORIENTED_EDGE('',*,*,#3541,.T.);
#4826=ORIENTED_EDGE('',*,*,#3543,.F.);
#4827=ORIENTED_EDGE('',*,*,#3544,.F.);
#4828=ORIENTED_EDGE('',*,*,#3545,.T.);
#4829=ORIENTED_EDGE('',*,*,#3544,.T.);
#4830=ORIENTED_EDGE('',*,*,#3546,.F.);
#4831=ORIENTED_EDGE('',*,*,#3547,.F.);
#4832=ORIENTED_EDGE('',*,*,#3548,.T.);
#4833=ORIENTED_EDGE('',*,*,#3547,.T.);
#4834=ORIENTED_EDGE('',*,*,#3549,.F.);
#4835=ORIENTED_EDGE('',*,*,#3550,.F.);
#4836=ORIENTED_EDGE('',*,*,#3551,.T.);
#4837=ORIENTED_EDGE('',*,*,#3550,.T.);
#4838=ORIENTED_EDGE('',*,*,#3552,.F.);
#4839=ORIENTED_EDGE('',*,*,#3553,.F.);
#4840=ORIENTED_EDGE('',*,*,#3554,.T.);
#4841=ORIENTED_EDGE('',*,*,#3553,.T.);
#4842=ORIENTED_EDGE('',*,*,#3555,.F.);
#4843=ORIENTED_EDGE('',*,*,#3556,.F.);
#4844=ORIENTED_EDGE('',*,*,#3557,.T.);
#4845=ORIENTED_EDGE('',*,*,#3556,.T.);
#4846=ORIENTED_EDGE('',*,*,#3558,.F.);
#4847=ORIENTED_EDGE('',*,*,#3559,.F.);
#4848=ORIENTED_EDGE('',*,*,#3560,.T.);
#4849=ORIENTED_EDGE('',*,*,#3559,.T.);
#4850=ORIENTED_EDGE('',*,*,#3561,.F.);
#4851=ORIENTED_EDGE('',*,*,#3562,.F.);
#4852=ORIENTED_EDGE('',*,*,#3563,.T.);
#4853=ORIENTED_EDGE('',*,*,#3562,.T.);
#4854=ORIENTED_EDGE('',*,*,#3564,.F.);
#4855=ORIENTED_EDGE('',*,*,#3530,.F.);
#4856=ORIENTED_EDGE('',*,*,#3564,.T.);
#4857=ORIENTED_EDGE('',*,*,#3561,.T.);
#4858=ORIENTED_EDGE('',*,*,#3558,.T.);
#4859=ORIENTED_EDGE('',*,*,#3555,.T.);
#4860=ORIENTED_EDGE('',*,*,#3552,.T.);
#4861=ORIENTED_EDGE('',*,*,#3549,.T.);
#4862=ORIENTED_EDGE('',*,*,#3546,.T.);
#4863=ORIENTED_EDGE('',*,*,#3543,.T.);
#4864=ORIENTED_EDGE('',*,*,#3540,.T.);
#4865=ORIENTED_EDGE('',*,*,#3537,.T.);
#4866=ORIENTED_EDGE('',*,*,#3534,.T.);
#4867=ORIENTED_EDGE('',*,*,#3531,.T.);
#4868=ORIENTED_EDGE('',*,*,#3563,.F.);
#4869=ORIENTED_EDGE('',*,*,#3529,.F.);
#4870=ORIENTED_EDGE('',*,*,#3533,.F.);
#4871=ORIENTED_EDGE('',*,*,#3536,.F.);
#4872=ORIENTED_EDGE('',*,*,#3539,.F.);
#4873=ORIENTED_EDGE('',*,*,#3542,.F.);
#4874=ORIENTED_EDGE('',*,*,#3545,.F.);
#4875=ORIENTED_EDGE('',*,*,#3548,.F.);
#4876=ORIENTED_EDGE('',*,*,#3551,.F.);
#4877=ORIENTED_EDGE('',*,*,#3554,.F.);
#4878=ORIENTED_EDGE('',*,*,#3557,.F.);
#4879=ORIENTED_EDGE('',*,*,#3560,.F.);
#4880=ORIENTED_EDGE('',*,*,#3565,.T.);
#4881=ORIENTED_EDGE('',*,*,#3566,.T.);
#4882=ORIENTED_EDGE('',*,*,#3567,.F.);
#4883=ORIENTED_EDGE('',*,*,#3568,.F.);
#4884=ORIENTED_EDGE('',*,*,#3569,.T.);
#4885=ORIENTED_EDGE('',*,*,#3568,.T.);
#4886=ORIENTED_EDGE('',*,*,#3570,.F.);
#4887=ORIENTED_EDGE('',*,*,#3571,.F.);
#4888=ORIENTED_EDGE('',*,*,#3572,.T.);
#4889=ORIENTED_EDGE('',*,*,#3571,.T.);
#4890=ORIENTED_EDGE('',*,*,#3573,.F.);
#4891=ORIENTED_EDGE('',*,*,#3574,.F.);
#4892=ORIENTED_EDGE('',*,*,#3575,.T.);
#4893=ORIENTED_EDGE('',*,*,#3574,.T.);
#4894=ORIENTED_EDGE('',*,*,#3576,.F.);
#4895=ORIENTED_EDGE('',*,*,#3566,.F.);
#4896=ORIENTED_EDGE('',*,*,#3576,.T.);
#4897=ORIENTED_EDGE('',*,*,#3573,.T.);
#4898=ORIENTED_EDGE('',*,*,#3570,.T.);
#4899=ORIENTED_EDGE('',*,*,#3567,.T.);
#4900=ORIENTED_EDGE('',*,*,#3575,.F.);
#4901=ORIENTED_EDGE('',*,*,#3565,.F.);
#4902=ORIENTED_EDGE('',*,*,#3569,.F.);
#4903=ORIENTED_EDGE('',*,*,#3572,.F.);
#4904=ORIENTED_EDGE('',*,*,#3577,.T.);
#4905=ORIENTED_EDGE('',*,*,#3578,.T.);
#4906=ORIENTED_EDGE('',*,*,#3579,.F.);
#4907=ORIENTED_EDGE('',*,*,#3580,.F.);
#4908=ORIENTED_EDGE('',*,*,#3581,.T.);
#4909=ORIENTED_EDGE('',*,*,#3580,.T.);
#4910=ORIENTED_EDGE('',*,*,#3582,.F.);
#4911=ORIENTED_EDGE('',*,*,#3583,.F.);
#4912=ORIENTED_EDGE('',*,*,#3584,.T.);
#4913=ORIENTED_EDGE('',*,*,#3583,.T.);
#4914=ORIENTED_EDGE('',*,*,#3585,.F.);
#4915=ORIENTED_EDGE('',*,*,#3586,.F.);
#4916=ORIENTED_EDGE('',*,*,#3587,.T.);
#4917=ORIENTED_EDGE('',*,*,#3586,.T.);
#4918=ORIENTED_EDGE('',*,*,#3588,.F.);
#4919=ORIENTED_EDGE('',*,*,#3589,.F.);
#4920=ORIENTED_EDGE('',*,*,#3590,.T.);
#4921=ORIENTED_EDGE('',*,*,#3589,.T.);
#4922=ORIENTED_EDGE('',*,*,#3591,.F.);
#4923=ORIENTED_EDGE('',*,*,#3592,.F.);
#4924=ORIENTED_EDGE('',*,*,#3593,.T.);
#4925=ORIENTED_EDGE('',*,*,#3592,.T.);
#4926=ORIENTED_EDGE('',*,*,#3594,.F.);
#4927=ORIENTED_EDGE('',*,*,#3595,.F.);
#4928=ORIENTED_EDGE('',*,*,#3596,.T.);
#4929=ORIENTED_EDGE('',*,*,#3595,.T.);
#4930=ORIENTED_EDGE('',*,*,#3597,.F.);
#4931=ORIENTED_EDGE('',*,*,#3598,.F.);
#4932=ORIENTED_EDGE('',*,*,#3599,.T.);
#4933=ORIENTED_EDGE('',*,*,#3598,.T.);
#4934=ORIENTED_EDGE('',*,*,#3600,.F.);
#4935=ORIENTED_EDGE('',*,*,#3601,.F.);
#4936=ORIENTED_EDGE('',*,*,#3602,.T.);
#4937=ORIENTED_EDGE('',*,*,#3601,.T.);
#4938=ORIENTED_EDGE('',*,*,#3603,.F.);
#4939=ORIENTED_EDGE('',*,*,#3604,.F.);
#4940=ORIENTED_EDGE('',*,*,#3605,.T.);
#4941=ORIENTED_EDGE('',*,*,#3604,.T.);
#4942=ORIENTED_EDGE('',*,*,#3606,.F.);
#4943=ORIENTED_EDGE('',*,*,#3607,.F.);
#4944=ORIENTED_EDGE('',*,*,#3608,.T.);
#4945=ORIENTED_EDGE('',*,*,#3607,.T.);
#4946=ORIENTED_EDGE('',*,*,#3609,.F.);
#4947=ORIENTED_EDGE('',*,*,#3610,.F.);
#4948=ORIENTED_EDGE('',*,*,#3611,.T.);
#4949=ORIENTED_EDGE('',*,*,#3610,.T.);
#4950=ORIENTED_EDGE('',*,*,#3612,.F.);
#4951=ORIENTED_EDGE('',*,*,#3613,.F.);
#4952=ORIENTED_EDGE('',*,*,#3614,.T.);
#4953=ORIENTED_EDGE('',*,*,#3613,.T.);
#4954=ORIENTED_EDGE('',*,*,#3615,.F.);
#4955=ORIENTED_EDGE('',*,*,#3616,.F.);
#4956=ORIENTED_EDGE('',*,*,#3617,.T.);
#4957=ORIENTED_EDGE('',*,*,#3616,.T.);
#4958=ORIENTED_EDGE('',*,*,#3618,.F.);
#4959=ORIENTED_EDGE('',*,*,#3619,.F.);
#4960=ORIENTED_EDGE('',*,*,#3620,.T.);
#4961=ORIENTED_EDGE('',*,*,#3619,.T.);
#4962=ORIENTED_EDGE('',*,*,#3621,.F.);
#4963=ORIENTED_EDGE('',*,*,#3622,.F.);
#4964=ORIENTED_EDGE('',*,*,#3623,.T.);
#4965=ORIENTED_EDGE('',*,*,#3622,.T.);
#4966=ORIENTED_EDGE('',*,*,#3624,.F.);
#4967=ORIENTED_EDGE('',*,*,#3625,.F.);
#4968=ORIENTED_EDGE('',*,*,#3626,.T.);
#4969=ORIENTED_EDGE('',*,*,#3625,.T.);
#4970=ORIENTED_EDGE('',*,*,#3627,.F.);
#4971=ORIENTED_EDGE('',*,*,#3628,.F.);
#4972=ORIENTED_EDGE('',*,*,#3629,.T.);
#4973=ORIENTED_EDGE('',*,*,#3628,.T.);
#4974=ORIENTED_EDGE('',*,*,#3630,.F.);
#4975=ORIENTED_EDGE('',*,*,#3631,.F.);
#4976=ORIENTED_EDGE('',*,*,#3632,.T.);
#4977=ORIENTED_EDGE('',*,*,#3631,.T.);
#4978=ORIENTED_EDGE('',*,*,#3633,.F.);
#4979=ORIENTED_EDGE('',*,*,#3578,.F.);
#4980=ORIENTED_EDGE('',*,*,#3633,.T.);
#4981=ORIENTED_EDGE('',*,*,#3630,.T.);
#4982=ORIENTED_EDGE('',*,*,#3627,.T.);
#4983=ORIENTED_EDGE('',*,*,#3624,.T.);
#4984=ORIENTED_EDGE('',*,*,#3621,.T.);
#4985=ORIENTED_EDGE('',*,*,#3618,.T.);
#4986=ORIENTED_EDGE('',*,*,#3615,.T.);
#4987=ORIENTED_EDGE('',*,*,#3612,.T.);
#4988=ORIENTED_EDGE('',*,*,#3609,.T.);
#4989=ORIENTED_EDGE('',*,*,#3606,.T.);
#4990=ORIENTED_EDGE('',*,*,#3603,.T.);
#4991=ORIENTED_EDGE('',*,*,#3600,.T.);
#4992=ORIENTED_EDGE('',*,*,#3597,.T.);
#4993=ORIENTED_EDGE('',*,*,#3594,.T.);
#4994=ORIENTED_EDGE('',*,*,#3591,.T.);
#4995=ORIENTED_EDGE('',*,*,#3588,.T.);
#4996=ORIENTED_EDGE('',*,*,#3585,.T.);
#4997=ORIENTED_EDGE('',*,*,#3582,.T.);
#4998=ORIENTED_EDGE('',*,*,#3579,.T.);
#4999=ORIENTED_EDGE('',*,*,#3632,.F.);
#5000=ORIENTED_EDGE('',*,*,#3577,.F.);
#5001=ORIENTED_EDGE('',*,*,#3581,.F.);
#5002=ORIENTED_EDGE('',*,*,#3584,.F.);
#5003=ORIENTED_EDGE('',*,*,#3587,.F.);
#5004=ORIENTED_EDGE('',*,*,#3590,.F.);
#5005=ORIENTED_EDGE('',*,*,#3593,.F.);
#5006=ORIENTED_EDGE('',*,*,#3596,.F.);
#5007=ORIENTED_EDGE('',*,*,#3599,.F.);
#5008=ORIENTED_EDGE('',*,*,#3602,.F.);
#5009=ORIENTED_EDGE('',*,*,#3605,.F.);
#5010=ORIENTED_EDGE('',*,*,#3608,.F.);
#5011=ORIENTED_EDGE('',*,*,#3611,.F.);
#5012=ORIENTED_EDGE('',*,*,#3614,.F.);
#5013=ORIENTED_EDGE('',*,*,#3617,.F.);
#5014=ORIENTED_EDGE('',*,*,#3620,.F.);
#5015=ORIENTED_EDGE('',*,*,#3623,.F.);
#5016=ORIENTED_EDGE('',*,*,#3626,.F.);
#5017=ORIENTED_EDGE('',*,*,#3629,.F.);
#5018=ORIENTED_EDGE('',*,*,#3634,.T.);
#5019=ORIENTED_EDGE('',*,*,#3635,.T.);
#5020=ORIENTED_EDGE('',*,*,#3636,.F.);
#5021=ORIENTED_EDGE('',*,*,#3637,.F.);
#5022=ORIENTED_EDGE('',*,*,#3638,.T.);
#5023=ORIENTED_EDGE('',*,*,#3637,.T.);
#5024=ORIENTED_EDGE('',*,*,#3639,.F.);
#5025=ORIENTED_EDGE('',*,*,#3640,.F.);
#5026=ORIENTED_EDGE('',*,*,#3641,.T.);
#5027=ORIENTED_EDGE('',*,*,#3640,.T.);
#5028=ORIENTED_EDGE('',*,*,#3642,.F.);
#5029=ORIENTED_EDGE('',*,*,#3643,.F.);
#5030=ORIENTED_EDGE('',*,*,#3644,.T.);
#5031=ORIENTED_EDGE('',*,*,#3643,.T.);
#5032=ORIENTED_EDGE('',*,*,#3645,.F.);
#5033=ORIENTED_EDGE('',*,*,#3646,.F.);
#5034=ORIENTED_EDGE('',*,*,#3647,.T.);
#5035=ORIENTED_EDGE('',*,*,#3646,.T.);
#5036=ORIENTED_EDGE('',*,*,#3648,.F.);
#5037=ORIENTED_EDGE('',*,*,#3649,.F.);
#5038=ORIENTED_EDGE('',*,*,#3650,.T.);
#5039=ORIENTED_EDGE('',*,*,#3649,.T.);
#5040=ORIENTED_EDGE('',*,*,#3651,.F.);
#5041=ORIENTED_EDGE('',*,*,#3652,.F.);
#5042=ORIENTED_EDGE('',*,*,#3653,.T.);
#5043=ORIENTED_EDGE('',*,*,#3652,.T.);
#5044=ORIENTED_EDGE('',*,*,#3654,.F.);
#5045=ORIENTED_EDGE('',*,*,#3655,.F.);
#5046=ORIENTED_EDGE('',*,*,#3656,.T.);
#5047=ORIENTED_EDGE('',*,*,#3655,.T.);
#5048=ORIENTED_EDGE('',*,*,#3657,.F.);
#5049=ORIENTED_EDGE('',*,*,#3658,.F.);
#5050=ORIENTED_EDGE('',*,*,#3659,.T.);
#5051=ORIENTED_EDGE('',*,*,#3658,.T.);
#5052=ORIENTED_EDGE('',*,*,#3660,.F.);
#5053=ORIENTED_EDGE('',*,*,#3661,.F.);
#5054=ORIENTED_EDGE('',*,*,#3662,.T.);
#5055=ORIENTED_EDGE('',*,*,#3661,.T.);
#5056=ORIENTED_EDGE('',*,*,#3663,.F.);
#5057=ORIENTED_EDGE('',*,*,#3664,.F.);
#5058=ORIENTED_EDGE('',*,*,#3665,.T.);
#5059=ORIENTED_EDGE('',*,*,#3664,.T.);
#5060=ORIENTED_EDGE('',*,*,#3666,.F.);
#5061=ORIENTED_EDGE('',*,*,#3667,.F.);
#5062=ORIENTED_EDGE('',*,*,#3668,.T.);
#5063=ORIENTED_EDGE('',*,*,#3667,.T.);
#5064=ORIENTED_EDGE('',*,*,#3669,.F.);
#5065=ORIENTED_EDGE('',*,*,#3635,.F.);
#5066=ORIENTED_EDGE('',*,*,#3669,.T.);
#5067=ORIENTED_EDGE('',*,*,#3666,.T.);
#5068=ORIENTED_EDGE('',*,*,#3663,.T.);
#5069=ORIENTED_EDGE('',*,*,#3660,.T.);
#5070=ORIENTED_EDGE('',*,*,#3657,.T.);
#5071=ORIENTED_EDGE('',*,*,#3654,.T.);
#5072=ORIENTED_EDGE('',*,*,#3651,.T.);
#5073=ORIENTED_EDGE('',*,*,#3648,.T.);
#5074=ORIENTED_EDGE('',*,*,#3645,.T.);
#5075=ORIENTED_EDGE('',*,*,#3642,.T.);
#5076=ORIENTED_EDGE('',*,*,#3639,.T.);
#5077=ORIENTED_EDGE('',*,*,#3636,.T.);
#5078=ORIENTED_EDGE('',*,*,#3668,.F.);
#5079=ORIENTED_EDGE('',*,*,#3634,.F.);
#5080=ORIENTED_EDGE('',*,*,#3638,.F.);
#5081=ORIENTED_EDGE('',*,*,#3641,.F.);
#5082=ORIENTED_EDGE('',*,*,#3644,.F.);
#5083=ORIENTED_EDGE('',*,*,#3647,.F.);
#5084=ORIENTED_EDGE('',*,*,#3650,.F.);
#5085=ORIENTED_EDGE('',*,*,#3653,.F.);
#5086=ORIENTED_EDGE('',*,*,#3656,.F.);
#5087=ORIENTED_EDGE('',*,*,#3659,.F.);
#5088=ORIENTED_EDGE('',*,*,#3662,.F.);
#5089=ORIENTED_EDGE('',*,*,#3665,.F.);
#5090=ORIENTED_EDGE('',*,*,#3670,.T.);
#5091=ORIENTED_EDGE('',*,*,#3671,.T.);
#5092=ORIENTED_EDGE('',*,*,#3672,.F.);
#5093=ORIENTED_EDGE('',*,*,#3673,.F.);
#5094=ORIENTED_EDGE('',*,*,#3674,.T.);
#5095=ORIENTED_EDGE('',*,*,#3673,.T.);
#5096=ORIENTED_EDGE('',*,*,#3675,.F.);
#5097=ORIENTED_EDGE('',*,*,#3676,.F.);
#5098=ORIENTED_EDGE('',*,*,#3677,.T.);
#5099=ORIENTED_EDGE('',*,*,#3676,.T.);
#5100=ORIENTED_EDGE('',*,*,#3678,.F.);
#5101=ORIENTED_EDGE('',*,*,#3679,.F.);
#5102=ORIENTED_EDGE('',*,*,#3680,.T.);
#5103=ORIENTED_EDGE('',*,*,#3679,.T.);
#5104=ORIENTED_EDGE('',*,*,#3681,.F.);
#5105=ORIENTED_EDGE('',*,*,#3682,.F.);
#5106=ORIENTED_EDGE('',*,*,#3683,.T.);
#5107=ORIENTED_EDGE('',*,*,#3682,.T.);
#5108=ORIENTED_EDGE('',*,*,#3684,.F.);
#5109=ORIENTED_EDGE('',*,*,#3685,.F.);
#5110=ORIENTED_EDGE('',*,*,#3686,.T.);
#5111=ORIENTED_EDGE('',*,*,#3685,.T.);
#5112=ORIENTED_EDGE('',*,*,#3687,.F.);
#5113=ORIENTED_EDGE('',*,*,#3688,.F.);
#5114=ORIENTED_EDGE('',*,*,#3689,.T.);
#5115=ORIENTED_EDGE('',*,*,#3688,.T.);
#5116=ORIENTED_EDGE('',*,*,#3690,.F.);
#5117=ORIENTED_EDGE('',*,*,#3691,.F.);
#5118=ORIENTED_EDGE('',*,*,#3692,.T.);
#5119=ORIENTED_EDGE('',*,*,#3691,.T.);
#5120=ORIENTED_EDGE('',*,*,#3693,.F.);
#5121=ORIENTED_EDGE('',*,*,#3694,.F.);
#5122=ORIENTED_EDGE('',*,*,#3695,.T.);
#5123=ORIENTED_EDGE('',*,*,#3694,.T.);
#5124=ORIENTED_EDGE('',*,*,#3696,.F.);
#5125=ORIENTED_EDGE('',*,*,#3697,.F.);
#5126=ORIENTED_EDGE('',*,*,#3698,.T.);
#5127=ORIENTED_EDGE('',*,*,#3697,.T.);
#5128=ORIENTED_EDGE('',*,*,#3699,.F.);
#5129=ORIENTED_EDGE('',*,*,#3700,.F.);
#5130=ORIENTED_EDGE('',*,*,#3701,.T.);
#5131=ORIENTED_EDGE('',*,*,#3700,.T.);
#5132=ORIENTED_EDGE('',*,*,#3702,.F.);
#5133=ORIENTED_EDGE('',*,*,#3703,.F.);
#5134=ORIENTED_EDGE('',*,*,#3704,.T.);
#5135=ORIENTED_EDGE('',*,*,#3703,.T.);
#5136=ORIENTED_EDGE('',*,*,#3705,.F.);
#5137=ORIENTED_EDGE('',*,*,#3671,.F.);
#5138=ORIENTED_EDGE('',*,*,#3705,.T.);
#5139=ORIENTED_EDGE('',*,*,#3702,.T.);
#5140=ORIENTED_EDGE('',*,*,#3699,.T.);
#5141=ORIENTED_EDGE('',*,*,#3696,.T.);
#5142=ORIENTED_EDGE('',*,*,#3693,.T.);
#5143=ORIENTED_EDGE('',*,*,#3690,.T.);
#5144=ORIENTED_EDGE('',*,*,#3687,.T.);
#5145=ORIENTED_EDGE('',*,*,#3684,.T.);
#5146=ORIENTED_EDGE('',*,*,#3681,.T.);
#5147=ORIENTED_EDGE('',*,*,#3678,.T.);
#5148=ORIENTED_EDGE('',*,*,#3675,.T.);
#5149=ORIENTED_EDGE('',*,*,#3672,.T.);
#5150=ORIENTED_EDGE('',*,*,#3704,.F.);
#5151=ORIENTED_EDGE('',*,*,#3670,.F.);
#5152=ORIENTED_EDGE('',*,*,#3674,.F.);
#5153=ORIENTED_EDGE('',*,*,#3677,.F.);
#5154=ORIENTED_EDGE('',*,*,#3680,.F.);
#5155=ORIENTED_EDGE('',*,*,#3683,.F.);
#5156=ORIENTED_EDGE('',*,*,#3686,.F.);
#5157=ORIENTED_EDGE('',*,*,#3689,.F.);
#5158=ORIENTED_EDGE('',*,*,#3692,.F.);
#5159=ORIENTED_EDGE('',*,*,#3695,.F.);
#5160=ORIENTED_EDGE('',*,*,#3698,.F.);
#5161=ORIENTED_EDGE('',*,*,#3701,.F.);
#5162=ORIENTED_EDGE('',*,*,#3706,.T.);
#5163=ORIENTED_EDGE('',*,*,#3707,.T.);
#5164=ORIENTED_EDGE('',*,*,#3708,.F.);
#5165=ORIENTED_EDGE('',*,*,#3709,.F.);
#5166=ORIENTED_EDGE('',*,*,#3710,.T.);
#5167=ORIENTED_EDGE('',*,*,#3709,.T.);
#5168=ORIENTED_EDGE('',*,*,#3711,.F.);
#5169=ORIENTED_EDGE('',*,*,#3712,.F.);
#5170=ORIENTED_EDGE('',*,*,#3713,.T.);
#5171=ORIENTED_EDGE('',*,*,#3712,.T.);
#5172=ORIENTED_EDGE('',*,*,#3714,.F.);
#5173=ORIENTED_EDGE('',*,*,#3715,.F.);
#5174=ORIENTED_EDGE('',*,*,#3716,.T.);
#5175=ORIENTED_EDGE('',*,*,#3715,.T.);
#5176=ORIENTED_EDGE('',*,*,#3717,.F.);
#5177=ORIENTED_EDGE('',*,*,#3718,.F.);
#5178=ORIENTED_EDGE('',*,*,#3719,.T.);
#5179=ORIENTED_EDGE('',*,*,#3718,.T.);
#5180=ORIENTED_EDGE('',*,*,#3720,.F.);
#5181=ORIENTED_EDGE('',*,*,#3721,.F.);
#5182=ORIENTED_EDGE('',*,*,#3722,.T.);
#5183=ORIENTED_EDGE('',*,*,#3721,.T.);
#5184=ORIENTED_EDGE('',*,*,#3723,.F.);
#5185=ORIENTED_EDGE('',*,*,#3707,.F.);
#5186=ORIENTED_EDGE('',*,*,#3724,.T.);
#5187=ORIENTED_EDGE('',*,*,#3725,.T.);
#5188=ORIENTED_EDGE('',*,*,#3726,.F.);
#5189=ORIENTED_EDGE('',*,*,#3727,.F.);
#5190=ORIENTED_EDGE('',*,*,#3728,.T.);
#5191=ORIENTED_EDGE('',*,*,#3727,.T.);
#5192=ORIENTED_EDGE('',*,*,#3729,.F.);
#5193=ORIENTED_EDGE('',*,*,#3730,.F.);
#5194=ORIENTED_EDGE('',*,*,#3731,.T.);
#5195=ORIENTED_EDGE('',*,*,#3730,.T.);
#5196=ORIENTED_EDGE('',*,*,#3732,.F.);
#5197=ORIENTED_EDGE('',*,*,#3733,.F.);
#5198=ORIENTED_EDGE('',*,*,#3734,.T.);
#5199=ORIENTED_EDGE('',*,*,#3733,.T.);
#5200=ORIENTED_EDGE('',*,*,#3735,.F.);
#5201=ORIENTED_EDGE('',*,*,#3736,.F.);
#5202=ORIENTED_EDGE('',*,*,#3737,.T.);
#5203=ORIENTED_EDGE('',*,*,#3736,.T.);
#5204=ORIENTED_EDGE('',*,*,#3738,.F.);
#5205=ORIENTED_EDGE('',*,*,#3739,.F.);
#5206=ORIENTED_EDGE('',*,*,#3740,.T.);
#5207=ORIENTED_EDGE('',*,*,#3739,.T.);
#5208=ORIENTED_EDGE('',*,*,#3741,.F.);
#5209=ORIENTED_EDGE('',*,*,#3742,.F.);
#5210=ORIENTED_EDGE('',*,*,#3743,.T.);
#5211=ORIENTED_EDGE('',*,*,#3742,.T.);
#5212=ORIENTED_EDGE('',*,*,#3744,.F.);
#5213=ORIENTED_EDGE('',*,*,#3745,.F.);
#5214=ORIENTED_EDGE('',*,*,#3746,.T.);
#5215=ORIENTED_EDGE('',*,*,#3745,.T.);
#5216=ORIENTED_EDGE('',*,*,#3747,.F.);
#5217=ORIENTED_EDGE('',*,*,#3725,.F.);
#5218=ORIENTED_EDGE('',*,*,#3747,.T.);
#5219=ORIENTED_EDGE('',*,*,#3744,.T.);
#5220=ORIENTED_EDGE('',*,*,#3741,.T.);
#5221=ORIENTED_EDGE('',*,*,#3738,.T.);
#5222=ORIENTED_EDGE('',*,*,#3735,.T.);
#5223=ORIENTED_EDGE('',*,*,#3732,.T.);
#5224=ORIENTED_EDGE('',*,*,#3729,.T.);
#5225=ORIENTED_EDGE('',*,*,#3726,.T.);
#5226=ORIENTED_EDGE('',*,*,#3723,.T.);
#5227=ORIENTED_EDGE('',*,*,#3720,.T.);
#5228=ORIENTED_EDGE('',*,*,#3717,.T.);
#5229=ORIENTED_EDGE('',*,*,#3714,.T.);
#5230=ORIENTED_EDGE('',*,*,#3711,.T.);
#5231=ORIENTED_EDGE('',*,*,#3708,.T.);
#5232=ORIENTED_EDGE('',*,*,#3746,.F.);
#5233=ORIENTED_EDGE('',*,*,#3724,.F.);
#5234=ORIENTED_EDGE('',*,*,#3728,.F.);
#5235=ORIENTED_EDGE('',*,*,#3731,.F.);
#5236=ORIENTED_EDGE('',*,*,#3734,.F.);
#5237=ORIENTED_EDGE('',*,*,#3737,.F.);
#5238=ORIENTED_EDGE('',*,*,#3740,.F.);
#5239=ORIENTED_EDGE('',*,*,#3743,.F.);
#5240=ORIENTED_EDGE('',*,*,#3722,.F.);
#5241=ORIENTED_EDGE('',*,*,#3706,.F.);
#5242=ORIENTED_EDGE('',*,*,#3710,.F.);
#5243=ORIENTED_EDGE('',*,*,#3713,.F.);
#5244=ORIENTED_EDGE('',*,*,#3716,.F.);
#5245=ORIENTED_EDGE('',*,*,#3719,.F.);
#5246=ORIENTED_EDGE('',*,*,#3748,.T.);
#5247=ORIENTED_EDGE('',*,*,#3749,.T.);
#5248=ORIENTED_EDGE('',*,*,#3750,.F.);
#5249=ORIENTED_EDGE('',*,*,#3751,.F.);
#5250=ORIENTED_EDGE('',*,*,#3752,.T.);
#5251=ORIENTED_EDGE('',*,*,#3751,.T.);
#5252=ORIENTED_EDGE('',*,*,#3753,.F.);
#5253=ORIENTED_EDGE('',*,*,#3754,.F.);
#5254=ORIENTED_EDGE('',*,*,#3755,.T.);
#5255=ORIENTED_EDGE('',*,*,#3754,.T.);
#5256=ORIENTED_EDGE('',*,*,#3756,.F.);
#5257=ORIENTED_EDGE('',*,*,#3757,.F.);
#5258=ORIENTED_EDGE('',*,*,#3758,.T.);
#5259=ORIENTED_EDGE('',*,*,#3757,.T.);
#5260=ORIENTED_EDGE('',*,*,#3759,.F.);
#5261=ORIENTED_EDGE('',*,*,#3760,.F.);
#5262=ORIENTED_EDGE('',*,*,#3761,.T.);
#5263=ORIENTED_EDGE('',*,*,#3760,.T.);
#5264=ORIENTED_EDGE('',*,*,#3762,.F.);
#5265=ORIENTED_EDGE('',*,*,#3763,.F.);
#5266=ORIENTED_EDGE('',*,*,#3764,.T.);
#5267=ORIENTED_EDGE('',*,*,#3763,.T.);
#5268=ORIENTED_EDGE('',*,*,#3765,.F.);
#5269=ORIENTED_EDGE('',*,*,#3766,.F.);
#5270=ORIENTED_EDGE('',*,*,#3767,.T.);
#5271=ORIENTED_EDGE('',*,*,#3766,.T.);
#5272=ORIENTED_EDGE('',*,*,#3768,.F.);
#5273=ORIENTED_EDGE('',*,*,#3769,.F.);
#5274=ORIENTED_EDGE('',*,*,#3770,.T.);
#5275=ORIENTED_EDGE('',*,*,#3769,.T.);
#5276=ORIENTED_EDGE('',*,*,#3771,.F.);
#5277=ORIENTED_EDGE('',*,*,#3749,.F.);
#5278=ORIENTED_EDGE('',*,*,#3772,.T.);
#5279=ORIENTED_EDGE('',*,*,#3773,.T.);
#5280=ORIENTED_EDGE('',*,*,#3774,.F.);
#5281=ORIENTED_EDGE('',*,*,#3775,.F.);
#5282=ORIENTED_EDGE('',*,*,#3776,.T.);
#5283=ORIENTED_EDGE('',*,*,#3775,.T.);
#5284=ORIENTED_EDGE('',*,*,#3777,.F.);
#5285=ORIENTED_EDGE('',*,*,#3778,.F.);
#5286=ORIENTED_EDGE('',*,*,#3779,.T.);
#5287=ORIENTED_EDGE('',*,*,#3778,.T.);
#5288=ORIENTED_EDGE('',*,*,#3780,.F.);
#5289=ORIENTED_EDGE('',*,*,#3781,.F.);
#5290=ORIENTED_EDGE('',*,*,#3782,.T.);
#5291=ORIENTED_EDGE('',*,*,#3781,.T.);
#5292=ORIENTED_EDGE('',*,*,#3783,.F.);
#5293=ORIENTED_EDGE('',*,*,#3784,.F.);
#5294=ORIENTED_EDGE('',*,*,#3785,.T.);
#5295=ORIENTED_EDGE('',*,*,#3784,.T.);
#5296=ORIENTED_EDGE('',*,*,#3786,.F.);
#5297=ORIENTED_EDGE('',*,*,#3787,.F.);
#5298=ORIENTED_EDGE('',*,*,#3788,.T.);
#5299=ORIENTED_EDGE('',*,*,#3787,.T.);
#5300=ORIENTED_EDGE('',*,*,#3789,.F.);
#5301=ORIENTED_EDGE('',*,*,#3790,.F.);
#5302=ORIENTED_EDGE('',*,*,#3791,.T.);
#5303=ORIENTED_EDGE('',*,*,#3790,.T.);
#5304=ORIENTED_EDGE('',*,*,#3792,.F.);
#5305=ORIENTED_EDGE('',*,*,#3793,.F.);
#5306=ORIENTED_EDGE('',*,*,#3794,.T.);
#5307=ORIENTED_EDGE('',*,*,#3793,.T.);
#5308=ORIENTED_EDGE('',*,*,#3795,.F.);
#5309=ORIENTED_EDGE('',*,*,#3773,.F.);
#5310=ORIENTED_EDGE('',*,*,#3795,.T.);
#5311=ORIENTED_EDGE('',*,*,#3792,.T.);
#5312=ORIENTED_EDGE('',*,*,#3789,.T.);
#5313=ORIENTED_EDGE('',*,*,#3786,.T.);
#5314=ORIENTED_EDGE('',*,*,#3783,.T.);
#5315=ORIENTED_EDGE('',*,*,#3780,.T.);
#5316=ORIENTED_EDGE('',*,*,#3777,.T.);
#5317=ORIENTED_EDGE('',*,*,#3774,.T.);
#5318=ORIENTED_EDGE('',*,*,#3771,.T.);
#5319=ORIENTED_EDGE('',*,*,#3768,.T.);
#5320=ORIENTED_EDGE('',*,*,#3765,.T.);
#5321=ORIENTED_EDGE('',*,*,#3762,.T.);
#5322=ORIENTED_EDGE('',*,*,#3759,.T.);
#5323=ORIENTED_EDGE('',*,*,#3756,.T.);
#5324=ORIENTED_EDGE('',*,*,#3753,.T.);
#5325=ORIENTED_EDGE('',*,*,#3750,.T.);
#5326=ORIENTED_EDGE('',*,*,#3794,.F.);
#5327=ORIENTED_EDGE('',*,*,#3772,.F.);
#5328=ORIENTED_EDGE('',*,*,#3776,.F.);
#5329=ORIENTED_EDGE('',*,*,#3779,.F.);
#5330=ORIENTED_EDGE('',*,*,#3782,.F.);
#5331=ORIENTED_EDGE('',*,*,#3785,.F.);
#5332=ORIENTED_EDGE('',*,*,#3788,.F.);
#5333=ORIENTED_EDGE('',*,*,#3791,.F.);
#5334=ORIENTED_EDGE('',*,*,#3770,.F.);
#5335=ORIENTED_EDGE('',*,*,#3748,.F.);
#5336=ORIENTED_EDGE('',*,*,#3752,.F.);
#5337=ORIENTED_EDGE('',*,*,#3755,.F.);
#5338=ORIENTED_EDGE('',*,*,#3758,.F.);
#5339=ORIENTED_EDGE('',*,*,#3761,.F.);
#5340=ORIENTED_EDGE('',*,*,#3764,.F.);
#5341=ORIENTED_EDGE('',*,*,#3767,.F.);
#5342=ORIENTED_EDGE('',*,*,#3796,.T.);
#5343=ORIENTED_EDGE('',*,*,#3797,.T.);
#5344=ORIENTED_EDGE('',*,*,#3798,.F.);
#5345=ORIENTED_EDGE('',*,*,#3799,.F.);
#5346=ORIENTED_EDGE('',*,*,#3800,.T.);
#5347=ORIENTED_EDGE('',*,*,#3799,.T.);
#5348=ORIENTED_EDGE('',*,*,#3801,.F.);
#5349=ORIENTED_EDGE('',*,*,#3802,.F.);
#5350=ORIENTED_EDGE('',*,*,#3803,.T.);
#5351=ORIENTED_EDGE('',*,*,#3802,.T.);
#5352=ORIENTED_EDGE('',*,*,#3804,.F.);
#5353=ORIENTED_EDGE('',*,*,#3805,.F.);
#5354=ORIENTED_EDGE('',*,*,#3806,.T.);
#5355=ORIENTED_EDGE('',*,*,#3805,.T.);
#5356=ORIENTED_EDGE('',*,*,#3807,.F.);
#5357=ORIENTED_EDGE('',*,*,#3808,.F.);
#5358=ORIENTED_EDGE('',*,*,#3809,.T.);
#5359=ORIENTED_EDGE('',*,*,#3808,.T.);
#5360=ORIENTED_EDGE('',*,*,#3810,.F.);
#5361=ORIENTED_EDGE('',*,*,#3811,.F.);
#5362=ORIENTED_EDGE('',*,*,#3812,.T.);
#5363=ORIENTED_EDGE('',*,*,#3811,.T.);
#5364=ORIENTED_EDGE('',*,*,#3813,.F.);
#5365=ORIENTED_EDGE('',*,*,#3797,.F.);
#5366=ORIENTED_EDGE('',*,*,#3814,.T.);
#5367=ORIENTED_EDGE('',*,*,#3815,.T.);
#5368=ORIENTED_EDGE('',*,*,#3816,.F.);
#5369=ORIENTED_EDGE('',*,*,#3817,.F.);
#5370=ORIENTED_EDGE('',*,*,#3818,.T.);
#5371=ORIENTED_EDGE('',*,*,#3817,.T.);
#5372=ORIENTED_EDGE('',*,*,#3819,.F.);
#5373=ORIENTED_EDGE('',*,*,#3820,.F.);
#5374=ORIENTED_EDGE('',*,*,#3821,.T.);
#5375=ORIENTED_EDGE('',*,*,#3820,.T.);
#5376=ORIENTED_EDGE('',*,*,#3822,.F.);
#5377=ORIENTED_EDGE('',*,*,#3823,.F.);
#5378=ORIENTED_EDGE('',*,*,#3824,.T.);
#5379=ORIENTED_EDGE('',*,*,#3823,.T.);
#5380=ORIENTED_EDGE('',*,*,#3825,.F.);
#5381=ORIENTED_EDGE('',*,*,#3826,.F.);
#5382=ORIENTED_EDGE('',*,*,#3827,.T.);
#5383=ORIENTED_EDGE('',*,*,#3826,.T.);
#5384=ORIENTED_EDGE('',*,*,#3828,.F.);
#5385=ORIENTED_EDGE('',*,*,#3829,.F.);
#5386=ORIENTED_EDGE('',*,*,#3830,.T.);
#5387=ORIENTED_EDGE('',*,*,#3829,.T.);
#5388=ORIENTED_EDGE('',*,*,#3831,.F.);
#5389=ORIENTED_EDGE('',*,*,#3832,.F.);
#5390=ORIENTED_EDGE('',*,*,#3833,.T.);
#5391=ORIENTED_EDGE('',*,*,#3832,.T.);
#5392=ORIENTED_EDGE('',*,*,#3834,.F.);
#5393=ORIENTED_EDGE('',*,*,#3835,.F.);
#5394=ORIENTED_EDGE('',*,*,#3836,.T.);
#5395=ORIENTED_EDGE('',*,*,#3835,.T.);
#5396=ORIENTED_EDGE('',*,*,#3837,.F.);
#5397=ORIENTED_EDGE('',*,*,#3838,.F.);
#5398=ORIENTED_EDGE('',*,*,#3839,.T.);
#5399=ORIENTED_EDGE('',*,*,#3838,.T.);
#5400=ORIENTED_EDGE('',*,*,#3840,.F.);
#5401=ORIENTED_EDGE('',*,*,#3841,.F.);
#5402=ORIENTED_EDGE('',*,*,#3842,.T.);
#5403=ORIENTED_EDGE('',*,*,#3841,.T.);
#5404=ORIENTED_EDGE('',*,*,#3843,.F.);
#5405=ORIENTED_EDGE('',*,*,#3844,.F.);
#5406=ORIENTED_EDGE('',*,*,#3845,.T.);
#5407=ORIENTED_EDGE('',*,*,#3844,.T.);
#5408=ORIENTED_EDGE('',*,*,#3846,.F.);
#5409=ORIENTED_EDGE('',*,*,#3847,.F.);
#5410=ORIENTED_EDGE('',*,*,#3848,.T.);
#5411=ORIENTED_EDGE('',*,*,#3847,.T.);
#5412=ORIENTED_EDGE('',*,*,#3849,.F.);
#5413=ORIENTED_EDGE('',*,*,#3850,.F.);
#5414=ORIENTED_EDGE('',*,*,#3851,.T.);
#5415=ORIENTED_EDGE('',*,*,#3850,.T.);
#5416=ORIENTED_EDGE('',*,*,#3852,.F.);
#5417=ORIENTED_EDGE('',*,*,#3853,.F.);
#5418=ORIENTED_EDGE('',*,*,#3854,.T.);
#5419=ORIENTED_EDGE('',*,*,#3853,.T.);
#5420=ORIENTED_EDGE('',*,*,#3855,.F.);
#5421=ORIENTED_EDGE('',*,*,#3815,.F.);
#5422=ORIENTED_EDGE('',*,*,#3855,.T.);
#5423=ORIENTED_EDGE('',*,*,#3852,.T.);
#5424=ORIENTED_EDGE('',*,*,#3849,.T.);
#5425=ORIENTED_EDGE('',*,*,#3846,.T.);
#5426=ORIENTED_EDGE('',*,*,#3843,.T.);
#5427=ORIENTED_EDGE('',*,*,#3840,.T.);
#5428=ORIENTED_EDGE('',*,*,#3837,.T.);
#5429=ORIENTED_EDGE('',*,*,#3834,.T.);
#5430=ORIENTED_EDGE('',*,*,#3831,.T.);
#5431=ORIENTED_EDGE('',*,*,#3828,.T.);
#5432=ORIENTED_EDGE('',*,*,#3825,.T.);
#5433=ORIENTED_EDGE('',*,*,#3822,.T.);
#5434=ORIENTED_EDGE('',*,*,#3819,.T.);
#5435=ORIENTED_EDGE('',*,*,#3816,.T.);
#5436=ORIENTED_EDGE('',*,*,#3813,.T.);
#5437=ORIENTED_EDGE('',*,*,#3810,.T.);
#5438=ORIENTED_EDGE('',*,*,#3807,.T.);
#5439=ORIENTED_EDGE('',*,*,#3804,.T.);
#5440=ORIENTED_EDGE('',*,*,#3801,.T.);
#5441=ORIENTED_EDGE('',*,*,#3798,.T.);
#5442=ORIENTED_EDGE('',*,*,#3854,.F.);
#5443=ORIENTED_EDGE('',*,*,#3814,.F.);
#5444=ORIENTED_EDGE('',*,*,#3818,.F.);
#5445=ORIENTED_EDGE('',*,*,#3821,.F.);
#5446=ORIENTED_EDGE('',*,*,#3824,.F.);
#5447=ORIENTED_EDGE('',*,*,#3827,.F.);
#5448=ORIENTED_EDGE('',*,*,#3830,.F.);
#5449=ORIENTED_EDGE('',*,*,#3833,.F.);
#5450=ORIENTED_EDGE('',*,*,#3836,.F.);
#5451=ORIENTED_EDGE('',*,*,#3839,.F.);
#5452=ORIENTED_EDGE('',*,*,#3842,.F.);
#5453=ORIENTED_EDGE('',*,*,#3845,.F.);
#5454=ORIENTED_EDGE('',*,*,#3848,.F.);
#5455=ORIENTED_EDGE('',*,*,#3851,.F.);
#5456=ORIENTED_EDGE('',*,*,#3812,.F.);
#5457=ORIENTED_EDGE('',*,*,#3796,.F.);
#5458=ORIENTED_EDGE('',*,*,#3800,.F.);
#5459=ORIENTED_EDGE('',*,*,#3803,.F.);
#5460=ORIENTED_EDGE('',*,*,#3806,.F.);
#5461=ORIENTED_EDGE('',*,*,#3809,.F.);
#5462=SPHERICAL_SURFACE('',#6193,0.000590551181102363);
#5463=SPHERICAL_SURFACE('',#6197,0.000590551181102362);
#5464=SPHERICAL_SURFACE('',#6201,0.000590551181102363);
#5465=SPHERICAL_SURFACE('',#6205,0.000590551181102363);
#5466=SPHERICAL_SURFACE('',#6209,0.000590551181102362);
#5467=SPHERICAL_SURFACE('',#6214,0.000590551181102363);
#5468=SPHERICAL_SURFACE('',#6221,0.000590551181102363);
#5469=SPHERICAL_SURFACE('',#6225,0.000590551181102363);
#5470=SPHERICAL_SURFACE('',#6230,0.000590551181102363);
#5471=SPHERICAL_SURFACE('',#6235,0.000590551181102363);
#5472=STYLED_ITEM('',(#6120),#5694);
#5473=STYLED_ITEM('',(#6120),#5695);
#5474=STYLED_ITEM('',(#6120),#5696);
#5475=STYLED_ITEM('',(#6120),#5697);
#5476=STYLED_ITEM('',(#6120),#5698);
#5477=STYLED_ITEM('',(#6120),#5699);
#5478=STYLED_ITEM('',(#6120),#5700);
#5479=STYLED_ITEM('',(#6120),#5701);
#5480=STYLED_ITEM('',(#6120),#5702);
#5481=STYLED_ITEM('',(#6120),#5703);
#5482=STYLED_ITEM('',(#6120),#5704);
#5483=STYLED_ITEM('',(#6120),#5705);
#5484=STYLED_ITEM('',(#6120),#5706);
#5485=STYLED_ITEM('',(#6120),#5707);
#5486=STYLED_ITEM('',(#6120),#5708);
#5487=STYLED_ITEM('',(#6120),#5709);
#5488=STYLED_ITEM('',(#6120),#5710);
#5489=STYLED_ITEM('',(#6120),#5711);
#5490=STYLED_ITEM('',(#6120),#5712);
#5491=STYLED_ITEM('',(#6120),#5713);
#5492=STYLED_ITEM('',(#6120),#5714);
#5493=STYLED_ITEM('',(#6120),#5715);
#5494=STYLED_ITEM('',(#6120),#5716);
#5495=STYLED_ITEM('',(#6120),#5717);
#5496=STYLED_ITEM('',(#6120),#5718);
#5497=STYLED_ITEM('',(#6120),#5719);
#5498=STYLED_ITEM('',(#6120),#5720);
#5499=STYLED_ITEM('',(#6120),#5721);
#5500=STYLED_ITEM('',(#6120),#5722);
#5501=STYLED_ITEM('',(#6120),#5723);
#5502=STYLED_ITEM('',(#6120),#5724);
#5503=STYLED_ITEM('',(#6120),#5725);
#5504=STYLED_ITEM('',(#6120),#5726);
#5505=STYLED_ITEM('',(#6120),#5727);
#5506=STYLED_ITEM('',(#6120),#5728);
#5507=STYLED_ITEM('',(#6120),#5729);
#5508=STYLED_ITEM('',(#6120),#5730);
#5509=STYLED_ITEM('',(#6119),#184);
#5510=STYLED_ITEM('',(#6119),#185);
#5511=STYLED_ITEM('',(#6119),#186);
#5512=STYLED_ITEM('',(#6119),#187);
#5513=STYLED_ITEM('',(#6119),#188);
#5514=STYLED_ITEM('',(#6119),#189);
#5515=STYLED_ITEM('',(#6119),#190);
#5516=STYLED_ITEM('',(#6119),#191);
#5517=STYLED_ITEM('',(#6119),#192);
#5518=STYLED_ITEM('',(#6119),#193);
#5519=STYLED_ITEM('',(#6119),#194);
#5520=STYLED_ITEM('',(#6119),#195);
#5521=STYLED_ITEM('',(#6119),#196);
#5522=STYLED_ITEM('',(#6119),#197);
#5523=STYLED_ITEM('',(#6119),#198);
#5524=STYLED_ITEM('',(#6119),#199);
#5525=STYLED_ITEM('',(#6121),#5878);
#5526=STYLED_ITEM('',(#6121),#5879);
#5527=STYLED_ITEM('',(#6121),#5880);
#5528=STYLED_ITEM('',(#6119),#200);
#5529=STYLED_ITEM('',(#6122),#5881);
#5530=STYLED_ITEM('',(#6122),#5882);
#5531=STYLED_ITEM('',(#6122),#5883);
#5532=STYLED_ITEM('',(#6122),#5884);
#5533=STYLED_ITEM('',(#6122),#5885);
#5534=STYLED_ITEM('',(#6122),#5886);
#5535=STYLED_ITEM('',(#6122),#5887);
#5536=STYLED_ITEM('',(#6122),#5888);
#5537=STYLED_ITEM('',(#6122),#5889);
#5538=STYLED_ITEM('',(#6122),#5890);
#5539=STYLED_ITEM('',(#6122),#5891);
#5540=STYLED_ITEM('',(#6122),#5892);
#5541=STYLED_ITEM('',(#6122),#5893);
#5542=STYLED_ITEM('',(#6122),#5894);
#5543=STYLED_ITEM('',(#6122),#5895);
#5544=STYLED_ITEM('',(#6122),#5896);
#5545=STYLED_ITEM('',(#6122),#5897);
#5546=STYLED_ITEM('',(#6122),#5898);
#5547=STYLED_ITEM('',(#6122),#5899);
#5548=STYLED_ITEM('',(#6122),#5900);
#5549=STYLED_ITEM('',(#6122),#5901);
#5550=STYLED_ITEM('',(#6122),#5902);
#5551=STYLED_ITEM('',(#6122),#5903);
#5552=STYLED_ITEM('',(#6122),#5904);
#5553=STYLED_ITEM('',(#6119),#201);
#5554=STYLED_ITEM('',(#6121),#5905);
#5555=STYLED_ITEM('',(#6121),#5906);
#5556=STYLED_ITEM('',(#6121),#5907);
#5557=STYLED_ITEM('',(#6121),#5908);
#5558=STYLED_ITEM('',(#6121),#5909);
#5559=STYLED_ITEM('',(#6121),#5910);
#5560=STYLED_ITEM('',(#6121),#5911);
#5561=STYLED_ITEM('',(#6121),#5912);
#5562=STYLED_ITEM('',(#6121),#5913);
#5563=STYLED_ITEM('',(#6121),#5914);
#5564=STYLED_ITEM('',(#6121),#5915);
#5565=STYLED_ITEM('',(#6121),#5916);
#5566=STYLED_ITEM('',(#6121),#5917);
#5567=STYLED_ITEM('',(#6121),#5918);
#5568=STYLED_ITEM('',(#6121),#5919);
#5569=STYLED_ITEM('',(#6121),#5920);
#5570=STYLED_ITEM('',(#6121),#5921);
#5571=STYLED_ITEM('',(#6121),#5922);
#5572=STYLED_ITEM('',(#6121),#5923);
#5573=STYLED_ITEM('',(#6121),#5924);
#5574=STYLED_ITEM('',(#6121),#5925);
#5575=STYLED_ITEM('',(#6121),#5926);
#5576=STYLED_ITEM('',(#6121),#5927);
#5577=STYLED_ITEM('',(#6121),#5928);
#5578=STYLED_ITEM('',(#6121),#5929);
#5579=STYLED_ITEM('',(#6121),#5930);
#5580=STYLED_ITEM('',(#6121),#5931);
#5581=STYLED_ITEM('',(#6121),#5932);
#5582=STYLED_ITEM('',(#6121),#5933);
#5583=STYLED_ITEM('',(#6121),#5934);
#5584=STYLED_ITEM('',(#6121),#5935);
#5585=STYLED_ITEM('',(#6121),#5936);
#5586=STYLED_ITEM('',(#6121),#5937);
#5587=STYLED_ITEM('',(#6121),#5938);
#5588=STYLED_ITEM('',(#6121),#5939);
#5589=STYLED_ITEM('',(#6121),#5940);
#5590=STYLED_ITEM('',(#6121),#5941);
#5591=STYLED_ITEM('',(#6121),#5942);
#5592=STYLED_ITEM('',(#6121),#5943);
#5593=STYLED_ITEM('',(#6121),#5944);
#5594=STYLED_ITEM('',(#6121),#5945);
#5595=STYLED_ITEM('',(#6121),#5946);
#5596=STYLED_ITEM('',(#6121),#5947);
#5597=STYLED_ITEM('',(#6121),#5948);
#5598=STYLED_ITEM('',(#6121),#5949);
#5599=STYLED_ITEM('',(#6121),#5950);
#5600=STYLED_ITEM('',(#6121),#5951);
#5601=STYLED_ITEM('',(#6121),#5952);
#5602=STYLED_ITEM('',(#6121),#5953);
#5603=STYLED_ITEM('',(#6121),#5954);
#5604=STYLED_ITEM('',(#6121),#5955);
#5605=STYLED_ITEM('',(#6121),#5956);
#5606=STYLED_ITEM('',(#6121),#5957);
#5607=STYLED_ITEM('',(#6121),#5958);
#5608=STYLED_ITEM('',(#6121),#5959);
#5609=STYLED_ITEM('',(#6121),#5960);
#5610=STYLED_ITEM('',(#6121),#5961);
#5611=STYLED_ITEM('',(#6121),#5962);
#5612=STYLED_ITEM('',(#6121),#5963);
#5613=STYLED_ITEM('',(#6121),#5964);
#5614=STYLED_ITEM('',(#6121),#5965);
#5615=STYLED_ITEM('',(#6121),#5966);
#5616=STYLED_ITEM('',(#6121),#5967);
#5617=STYLED_ITEM('',(#6121),#5968);
#5618=STYLED_ITEM('',(#6121),#5969);
#5619=STYLED_ITEM('',(#6121),#5970);
#5620=STYLED_ITEM('',(#6121),#5971);
#5621=STYLED_ITEM('',(#6121),#5972);
#5622=STYLED_ITEM('',(#6121),#5973);
#5623=STYLED_ITEM('',(#6121),#5974);
#5624=STYLED_ITEM('',(#6121),#5975);
#5625=STYLED_ITEM('',(#6121),#5976);
#5626=STYLED_ITEM('',(#6121),#5977);
#5627=STYLED_ITEM('',(#6121),#5978);
#5628=STYLED_ITEM('',(#6121),#5979);
#5629=STYLED_ITEM('',(#6121),#5980);
#5630=STYLED_ITEM('',(#6121),#5981);
#5631=STYLED_ITEM('',(#6121),#5982);
#5632=STYLED_ITEM('',(#6121),#5983);
#5633=STYLED_ITEM('',(#6121),#5984);
#5634=STYLED_ITEM('',(#6121),#5985);
#5635=STYLED_ITEM('',(#6121),#5986);
#5636=STYLED_ITEM('',(#6121),#5987);
#5637=STYLED_ITEM('',(#6121),#5988);
#5638=STYLED_ITEM('',(#6121),#5989);
#5639=STYLED_ITEM('',(#6121),#5990);
#5640=STYLED_ITEM('',(#6121),#5991);
#5641=STYLED_ITEM('',(#6121),#5992);
#5642=STYLED_ITEM('',(#6121),#5993);
#5643=STYLED_ITEM('',(#6121),#5994);
#5644=STYLED_ITEM('',(#6121),#5995);
#5645=STYLED_ITEM('',(#6121),#5996);
#5646=STYLED_ITEM('',(#6121),#5997);
#5647=STYLED_ITEM('',(#6121),#5998);
#5648=STYLED_ITEM('',(#6121),#5999);
#5649=STYLED_ITEM('',(#6121),#6000);
#5650=STYLED_ITEM('',(#6121),#6001);
#5651=STYLED_ITEM('',(#6121),#6002);
#5652=STYLED_ITEM('',(#6121),#6003);
#5653=STYLED_ITEM('',(#6121),#6004);
#5654=STYLED_ITEM('',(#6121),#6005);
#5655=STYLED_ITEM('',(#6121),#6006);
#5656=STYLED_ITEM('',(#6121),#6007);
#5657=STYLED_ITEM('',(#6121),#6008);
#5658=STYLED_ITEM('',(#6121),#6009);
#5659=STYLED_ITEM('',(#6121),#6010);
#5660=STYLED_ITEM('',(#6121),#6011);
#5661=STYLED_ITEM('',(#6121),#6012);
#5662=STYLED_ITEM('',(#6121),#6013);
#5663=STYLED_ITEM('',(#6121),#6014);
#5664=STYLED_ITEM('',(#6121),#6015);
#5665=STYLED_ITEM('',(#6121),#6016);
#5666=STYLED_ITEM('',(#6121),#6017);
#5667=STYLED_ITEM('',(#6121),#6018);
#5668=STYLED_ITEM('',(#6121),#6019);
#5669=STYLED_ITEM('',(#6121),#6020);
#5670=STYLED_ITEM('',(#6121),#6021);
#5671=STYLED_ITEM('',(#6121),#6022);
#5672=STYLED_ITEM('',(#6121),#6023);
#5673=STYLED_ITEM('',(#6121),#6024);
#5674=STYLED_ITEM('',(#6121),#6025);
#5675=STYLED_ITEM('',(#6121),#6026);
#5676=STYLED_ITEM('',(#6121),#6027);
#5677=STYLED_ITEM('',(#6121),#6028);
#5678=STYLED_ITEM('',(#6121),#6029);
#5679=STYLED_ITEM('',(#6121),#6030);
#5680=STYLED_ITEM('',(#6121),#6031);
#5681=STYLED_ITEM('',(#6121),#6032);
#5682=STYLED_ITEM('',(#6121),#6033);
#5683=STYLED_ITEM('',(#6121),#6034);
#5684=STYLED_ITEM('',(#6121),#6035);
#5685=STYLED_ITEM('',(#6119),#202);
#5686=STYLED_ITEM('',(#6119),#203);
#5687=STYLED_ITEM('',(#6119),#204);
#5688=STYLED_ITEM('',(#6119),#205);
#5689=STYLED_ITEM('',(#6119),#206);
#5690=STYLED_ITEM('',(#6119),#207);
#5691=STYLED_ITEM('',(#6119),#208);
#5692=STYLED_ITEM('',(#6119),#209);
#5693=STYLED_ITEM('',(#6119),#210);
#5694=ADVANCED_FACE('',(#1777),#5462,.T.);
#5695=ADVANCED_FACE('',(#1778),#5463,.T.);
#5696=ADVANCED_FACE('',(#1779),#5464,.T.);
#5697=ADVANCED_FACE('',(#1780),#5465,.T.);
#5698=ADVANCED_FACE('',(#1781),#5466,.T.);
#5699=ADVANCED_FACE('',(#1782),#1744,.T.);
#5700=ADVANCED_FACE('',(#1783),#5467,.T.);
#5701=ADVANCED_FACE('',(#1784),#1745,.T.);
#5702=ADVANCED_FACE('',(#1785),#1746,.T.);
#5703=ADVANCED_FACE('',(#1786),#5468,.T.);
#5704=ADVANCED_FACE('',(#1787),#5469,.T.);
#5705=ADVANCED_FACE('',(#1788),#1747,.T.);
#5706=ADVANCED_FACE('',(#1789),#5470,.T.);
#5707=ADVANCED_FACE('',(#1790),#1748,.T.);
#5708=ADVANCED_FACE('',(#1791),#5471,.T.);
#5709=ADVANCED_FACE('',(#1792),#1749,.T.);
#5710=ADVANCED_FACE('',(#1793),#1750,.T.);
#5711=ADVANCED_FACE('',(#1794),#1751,.T.);
#5712=ADVANCED_FACE('',(#1795),#1752,.T.);
#5713=ADVANCED_FACE('',(#1796),#1753,.T.);
#5714=ADVANCED_FACE('',(#1797),#1754,.T.);
#5715=ADVANCED_FACE('',(#1798),#1755,.T.);
#5716=ADVANCED_FACE('',(#1799),#1756,.T.);
#5717=ADVANCED_FACE('',(#1800),#1757,.T.);
#5718=ADVANCED_FACE('',(#1801),#1758,.T.);
#5719=ADVANCED_FACE('',(#1802),#1759,.T.);
#5720=ADVANCED_FACE('',(#1803),#1760,.T.);
#5721=ADVANCED_FACE('',(#1804),#221,.F.);
#5722=ADVANCED_FACE('',(#1805),#222,.T.);
#5723=ADVANCED_FACE('',(#1806),#223,.F.);
#5724=ADVANCED_FACE('',(#1807),#224,.T.);
#5725=ADVANCED_FACE('',(#1808),#225,.T.);
#5726=ADVANCED_FACE('',(#1809),#226,.T.);
#5727=ADVANCED_FACE('',(#1810,#212),#227,.T.);
#5728=ADVANCED_FACE('',(#1811),#211,.T.);
#5729=ADVANCED_FACE('',(#1812),#228,.T.);
#5730=ADVANCED_FACE('',(#1813),#229,.F.);
#5731=ADVANCED_FACE('',(#1814),#230,.F.);
#5732=ADVANCED_FACE('',(#1815),#231,.F.);
#5733=ADVANCED_FACE('',(#1816),#232,.F.);
#5734=ADVANCED_FACE('',(#1817),#233,.F.);
#5735=ADVANCED_FACE('',(#1818),#234,.F.);
#5736=ADVANCED_FACE('',(#1819),#235,.F.);
#5737=ADVANCED_FACE('',(#1820),#1761,.T.);
#5738=ADVANCED_FACE('',(#1821),#236,.F.);
#5739=ADVANCED_FACE('',(#1822),#237,.F.);
#5740=ADVANCED_FACE('',(#1823),#238,.T.);
#5741=ADVANCED_FACE('',(#1824),#239,.F.);
#5742=ADVANCED_FACE('',(#1825),#240,.F.);
#5743=ADVANCED_FACE('',(#1826),#241,.F.);
#5744=ADVANCED_FACE('',(#1827),#242,.F.);
#5745=ADVANCED_FACE('',(#1828),#243,.F.);
#5746=ADVANCED_FACE('',(#1829),#244,.F.);
#5747=ADVANCED_FACE('',(#1830),#1762,.T.);
#5748=ADVANCED_FACE('',(#1831),#245,.F.);
#5749=ADVANCED_FACE('',(#1832),#246,.F.);
#5750=ADVANCED_FACE('',(#1833),#247,.T.);
#5751=ADVANCED_FACE('',(#1834),#248,.F.);
#5752=ADVANCED_FACE('',(#1835),#249,.F.);
#5753=ADVANCED_FACE('',(#1836),#250,.F.);
#5754=ADVANCED_FACE('',(#1837),#251,.F.);
#5755=ADVANCED_FACE('',(#1838),#252,.F.);
#5756=ADVANCED_FACE('',(#1839),#253,.F.);
#5757=ADVANCED_FACE('',(#1840),#1763,.T.);
#5758=ADVANCED_FACE('',(#1841),#254,.F.);
#5759=ADVANCED_FACE('',(#1842),#255,.F.);
#5760=ADVANCED_FACE('',(#1843),#256,.T.);
#5761=ADVANCED_FACE('',(#1844),#257,.F.);
#5762=ADVANCED_FACE('',(#1845),#258,.F.);
#5763=ADVANCED_FACE('',(#1846),#259,.F.);
#5764=ADVANCED_FACE('',(#1847),#260,.F.);
#5765=ADVANCED_FACE('',(#1848),#261,.F.);
#5766=ADVANCED_FACE('',(#1849),#262,.F.);
#5767=ADVANCED_FACE('',(#1850),#1764,.T.);
#5768=ADVANCED_FACE('',(#1851),#263,.F.);
#5769=ADVANCED_FACE('',(#1852),#264,.F.);
#5770=ADVANCED_FACE('',(#1853),#265,.T.);
#5771=ADVANCED_FACE('',(#1854),#266,.F.);
#5772=ADVANCED_FACE('',(#1855),#267,.F.);
#5773=ADVANCED_FACE('',(#1856),#268,.F.);
#5774=ADVANCED_FACE('',(#1857),#269,.F.);
#5775=ADVANCED_FACE('',(#1858),#270,.F.);
#5776=ADVANCED_FACE('',(#1859),#271,.F.);
#5777=ADVANCED_FACE('',(#1860),#1765,.T.);
#5778=ADVANCED_FACE('',(#1861),#272,.F.);
#5779=ADVANCED_FACE('',(#1862),#273,.F.);
#5780=ADVANCED_FACE('',(#1863),#274,.T.);
#5781=ADVANCED_FACE('',(#1864),#275,.F.);
#5782=ADVANCED_FACE('',(#1865),#276,.F.);
#5783=ADVANCED_FACE('',(#1866),#277,.F.);
#5784=ADVANCED_FACE('',(#1867),#278,.F.);
#5785=ADVANCED_FACE('',(#1868),#279,.F.);
#5786=ADVANCED_FACE('',(#1869),#280,.F.);
#5787=ADVANCED_FACE('',(#1870),#1766,.T.);
#5788=ADVANCED_FACE('',(#1871),#281,.F.);
#5789=ADVANCED_FACE('',(#1872),#282,.F.);
#5790=ADVANCED_FACE('',(#1873),#283,.T.);
#5791=ADVANCED_FACE('',(#1874),#284,.T.);
#5792=ADVANCED_FACE('',(#1875),#285,.T.);
#5793=ADVANCED_FACE('',(#1876),#286,.T.);
#5794=ADVANCED_FACE('',(#1877),#287,.T.);
#5795=ADVANCED_FACE('',(#1878),#288,.T.);
#5796=ADVANCED_FACE('',(#1879),#289,.T.);
#5797=ADVANCED_FACE('',(#1880),#1767,.T.);
#5798=ADVANCED_FACE('',(#1881),#290,.T.);
#5799=ADVANCED_FACE('',(#1882),#291,.T.);
#5800=ADVANCED_FACE('',(#1883),#292,.F.);
#5801=ADVANCED_FACE('',(#1884),#293,.T.);
#5802=ADVANCED_FACE('',(#1885),#294,.T.);
#5803=ADVANCED_FACE('',(#1886),#295,.T.);
#5804=ADVANCED_FACE('',(#1887),#296,.T.);
#5805=ADVANCED_FACE('',(#1888),#297,.T.);
#5806=ADVANCED_FACE('',(#1889),#298,.T.);
#5807=ADVANCED_FACE('',(#1890),#1768,.T.);
#5808=ADVANCED_FACE('',(#1891),#299,.T.);
#5809=ADVANCED_FACE('',(#1892),#300,.T.);
#5810=ADVANCED_FACE('',(#1893),#301,.F.);
#5811=ADVANCED_FACE('',(#1894),#302,.T.);
#5812=ADVANCED_FACE('',(#1895),#303,.T.);
#5813=ADVANCED_FACE('',(#1896),#304,.T.);
#5814=ADVANCED_FACE('',(#1897),#305,.T.);
#5815=ADVANCED_FACE('',(#1898),#306,.T.);
#5816=ADVANCED_FACE('',(#1899),#307,.T.);
#5817=ADVANCED_FACE('',(#1900),#1769,.T.);
#5818=ADVANCED_FACE('',(#1901),#308,.T.);
#5819=ADVANCED_FACE('',(#1902),#309,.T.);
#5820=ADVANCED_FACE('',(#1903),#310,.F.);
#5821=ADVANCED_FACE('',(#1904),#311,.T.);
#5822=ADVANCED_FACE('',(#1905),#312,.T.);
#5823=ADVANCED_FACE('',(#1906),#313,.T.);
#5824=ADVANCED_FACE('',(#1907),#314,.T.);
#5825=ADVANCED_FACE('',(#1908),#315,.T.);
#5826=ADVANCED_FACE('',(#1909),#316,.T.);
#5827=ADVANCED_FACE('',(#1910),#1770,.T.);
#5828=ADVANCED_FACE('',(#1911),#317,.T.);
#5829=ADVANCED_FACE('',(#1912),#318,.T.);
#5830=ADVANCED_FACE('',(#1913),#319,.F.);
#5831=ADVANCED_FACE('',(#1914),#320,.T.);
#5832=ADVANCED_FACE('',(#1915),#321,.T.);
#5833=ADVANCED_FACE('',(#1916),#322,.T.);
#5834=ADVANCED_FACE('',(#1917),#323,.T.);
#5835=ADVANCED_FACE('',(#1918),#324,.T.);
#5836=ADVANCED_FACE('',(#1919),#325,.T.);
#5837=ADVANCED_FACE('',(#1920),#1771,.T.);
#5838=ADVANCED_FACE('',(#1921),#326,.T.);
#5839=ADVANCED_FACE('',(#1922),#327,.T.);
#5840=ADVANCED_FACE('',(#1923),#328,.F.);
#5841=ADVANCED_FACE('',(#1924),#329,.T.);
#5842=ADVANCED_FACE('',(#1925),#330,.T.);
#5843=ADVANCED_FACE('',(#1926),#331,.T.);
#5844=ADVANCED_FACE('',(#1927),#332,.T.);
#5845=ADVANCED_FACE('',(#1928),#333,.T.);
#5846=ADVANCED_FACE('',(#1929),#334,.T.);
#5847=ADVANCED_FACE('',(#1930),#1772,.T.);
#5848=ADVANCED_FACE('',(#1931),#335,.T.);
#5849=ADVANCED_FACE('',(#1932),#336,.T.);
#5850=ADVANCED_FACE('',(#1933),#337,.F.);
#5851=ADVANCED_FACE('',(#1934),#338,.T.);
#5852=ADVANCED_FACE('',(#1935),#339,.T.);
#5853=ADVANCED_FACE('',(#1936),#340,.T.);
#5854=ADVANCED_FACE('',(#1937),#341,.T.);
#5855=ADVANCED_FACE('',(#1938),#342,.T.);
#5856=ADVANCED_FACE('',(#1939),#343,.T.);
#5857=ADVANCED_FACE('',(#1940),#1773,.T.);
#5858=ADVANCED_FACE('',(#1941),#344,.T.);
#5859=ADVANCED_FACE('',(#1942),#345,.T.);
#5860=ADVANCED_FACE('',(#1943),#346,.F.);
#5861=ADVANCED_FACE('',(#1944),#347,.F.);
#5862=ADVANCED_FACE('',(#1945),#348,.F.);
#5863=ADVANCED_FACE('',(#1946),#349,.F.);
#5864=ADVANCED_FACE('',(#1947),#350,.F.);
#5865=ADVANCED_FACE('',(#1948),#351,.F.);
#5866=ADVANCED_FACE('',(#1949),#352,.F.);
#5867=ADVANCED_FACE('',(#1950),#1774,.T.);
#5868=ADVANCED_FACE('',(#1951),#353,.F.);
#5869=ADVANCED_FACE('',(#1952),#354,.F.);
#5870=ADVANCED_FACE('',(#1953),#355,.T.);
#5871=ADVANCED_FACE('',(#1954),#356,.T.);
#5872=ADVANCED_FACE('',(#1955),#357,.T.);
#5873=ADVANCED_FACE('',(#1956),#358,.T.);
#5874=ADVANCED_FACE('',(#1957),#359,.T.);
#5875=ADVANCED_FACE('',(#1958),#360,.T.);
#5876=ADVANCED_FACE('',(#1959),#361,.T.);
#5877=ADVANCED_FACE('',(#1960),#362,.F.);
#5878=ADVANCED_FACE('',(#1961),#1775,.T.);
#5879=ADVANCED_FACE('',(#1962),#363,.T.);
#5880=ADVANCED_FACE('',(#1963),#364,.F.);
#5881=ADVANCED_FACE('',(#1964),#128,.T.);
#5882=ADVANCED_FACE('',(#1965),#129,.T.);
#5883=ADVANCED_FACE('',(#1966),#130,.T.);
#5884=ADVANCED_FACE('',(#1967),#365,.T.);
#5885=ADVANCED_FACE('',(#1968),#131,.T.);
#5886=ADVANCED_FACE('',(#1969),#132,.T.);
#5887=ADVANCED_FACE('',(#1970),#133,.T.);
#5888=ADVANCED_FACE('',(#1971),#366,.T.);
#5889=ADVANCED_FACE('',(#1972),#31,.F.);
#5890=ADVANCED_FACE('',(#1973),#32,.F.);
#5891=ADVANCED_FACE('',(#1974),#134,.T.);
#5892=ADVANCED_FACE('',(#1975),#135,.T.);
#5893=ADVANCED_FACE('',(#1976),#367,.T.);
#5894=ADVANCED_FACE('',(#1977),#368,.T.);
#5895=ADVANCED_FACE('',(#1978),#1776,.T.);
#5896=ADVANCED_FACE('',(#1979),#136,.T.);
#5897=ADVANCED_FACE('',(#1980),#137,.T.);
#5898=ADVANCED_FACE('',(#1981),#369,.T.);
#5899=ADVANCED_FACE('',(#1982),#138,.T.);
#5900=ADVANCED_FACE('',(#1983),#370,.T.);
#5901=ADVANCED_FACE('',(#1984),#139,.T.);
#5902=ADVANCED_FACE('',(#1985),#140,.T.);
#5903=ADVANCED_FACE('',(#1986,#213),#371,.T.);
#5904=ADVANCED_FACE('',(#1987,#214),#372,.F.);
#5905=ADVANCED_FACE('',(#1988),#373,.T.);
#5906=ADVANCED_FACE('',(#1989),#374,.T.);
#5907=ADVANCED_FACE('',(#1990),#375,.T.);
#5908=ADVANCED_FACE('',(#1991),#376,.T.);
#5909=ADVANCED_FACE('',(#1992),#377,.T.);
#5910=ADVANCED_FACE('',(#1993),#378,.F.);
#5911=ADVANCED_FACE('',(#1994),#379,.T.);
#5912=ADVANCED_FACE('',(#1995),#380,.T.);
#5913=ADVANCED_FACE('',(#1996),#381,.T.);
#5914=ADVANCED_FACE('',(#1997),#382,.T.);
#5915=ADVANCED_FACE('',(#1998),#383,.T.);
#5916=ADVANCED_FACE('',(#1999),#384,.T.);
#5917=ADVANCED_FACE('',(#2000),#385,.T.);
#5918=ADVANCED_FACE('',(#2001),#386,.T.);
#5919=ADVANCED_FACE('',(#2002),#387,.T.);
#5920=ADVANCED_FACE('',(#2003),#388,.T.);
#5921=ADVANCED_FACE('',(#2004),#389,.T.);
#5922=ADVANCED_FACE('',(#2005),#390,.T.);
#5923=ADVANCED_FACE('',(#2006),#391,.T.);
#5924=ADVANCED_FACE('',(#2007),#392,.F.);
#5925=ADVANCED_FACE('',(#2008),#393,.T.);
#5926=ADVANCED_FACE('',(#2009),#394,.T.);
#5927=ADVANCED_FACE('',(#2010),#395,.T.);
#5928=ADVANCED_FACE('',(#2011),#396,.T.);
#5929=ADVANCED_FACE('',(#2012),#397,.T.);
#5930=ADVANCED_FACE('',(#2013),#398,.F.);
#5931=ADVANCED_FACE('',(#2014),#399,.T.);
#5932=ADVANCED_FACE('',(#2015),#400,.T.);
#5933=ADVANCED_FACE('',(#2016),#401,.T.);
#5934=ADVANCED_FACE('',(#2017),#141,.T.);
#5935=ADVANCED_FACE('',(#2018),#142,.T.);
#5936=ADVANCED_FACE('',(#2019),#402,.T.);
#5937=ADVANCED_FACE('',(#2020),#403,.T.);
#5938=ADVANCED_FACE('',(#2021),#404,.T.);
#5939=ADVANCED_FACE('',(#2022),#143,.T.);
#5940=ADVANCED_FACE('',(#2023),#33,.F.);
#5941=ADVANCED_FACE('',(#2024),#405,.T.);
#5942=ADVANCED_FACE('',(#2025),#406,.T.);
#5943=ADVANCED_FACE('',(#2026),#407,.T.);
#5944=ADVANCED_FACE('',(#2027),#408,.T.);
#5945=ADVANCED_FACE('',(#2028),#409,.T.);
#5946=ADVANCED_FACE('',(#2029),#34,.F.);
#5947=ADVANCED_FACE('',(#2030),#144,.T.);
#5948=ADVANCED_FACE('',(#2031),#410,.T.);
#5949=ADVANCED_FACE('',(#2032),#411,.T.);
#5950=ADVANCED_FACE('',(#2033),#412,.T.);
#5951=ADVANCED_FACE('',(#2034),#413,.F.);
#5952=ADVANCED_FACE('',(#2035),#414,.T.);
#5953=ADVANCED_FACE('',(#2036),#145,.T.);
#5954=ADVANCED_FACE('',(#2037),#415,.T.);
#5955=ADVANCED_FACE('',(#2038),#146,.T.);
#5956=ADVANCED_FACE('',(#2039),#416,.T.);
#5957=ADVANCED_FACE('',(#2040),#147,.T.);
#5958=ADVANCED_FACE('',(#2041),#417,.T.);
#5959=ADVANCED_FACE('',(#2042),#148,.T.);
#5960=ADVANCED_FACE('',(#2043),#418,.T.);
#5961=ADVANCED_FACE('',(#2044),#149,.T.);
#5962=ADVANCED_FACE('',(#2045),#419,.T.);
#5963=ADVANCED_FACE('',(#2046),#150,.T.);
#5964=ADVANCED_FACE('',(#2047),#420,.T.);
#5965=ADVANCED_FACE('',(#2048),#421,.F.);
#5966=ADVANCED_FACE('',(#2049),#422,.T.);
#5967=ADVANCED_FACE('',(#2050),#151,.T.);
#5968=ADVANCED_FACE('',(#2051),#423,.T.);
#5969=ADVANCED_FACE('',(#2052),#152,.T.);
#5970=ADVANCED_FACE('',(#2053),#424,.T.);
#5971=ADVANCED_FACE('',(#2054),#153,.T.);
#5972=ADVANCED_FACE('',(#2055),#425,.T.);
#5973=ADVANCED_FACE('',(#2056),#154,.T.);
#5974=ADVANCED_FACE('',(#2057),#426,.T.);
#5975=ADVANCED_FACE('',(#2058),#155,.T.);
#5976=ADVANCED_FACE('',(#2059),#427,.T.);
#5977=ADVANCED_FACE('',(#2060),#156,.T.);
#5978=ADVANCED_FACE('',(#2061),#428,.T.);
#5979=ADVANCED_FACE('',(#2062),#429,.F.);
#5980=ADVANCED_FACE('',(#2063),#430,.T.);
#5981=ADVANCED_FACE('',(#2064),#35,.T.);
#5982=ADVANCED_FACE('',(#2065),#431,.T.);
#5983=ADVANCED_FACE('',(#2066),#157,.T.);
#5984=ADVANCED_FACE('',(#2067),#432,.T.);
#5985=ADVANCED_FACE('',(#2068),#433,.T.);
#5986=ADVANCED_FACE('',(#2069),#434,.T.);
#5987=ADVANCED_FACE('',(#2070),#158,.T.);
#5988=ADVANCED_FACE('',(#2071),#435,.T.);
#5989=ADVANCED_FACE('',(#2072),#159,.T.);
#5990=ADVANCED_FACE('',(#2073),#436,.T.);
#5991=ADVANCED_FACE('',(#2074),#437,.T.);
#5992=ADVANCED_FACE('',(#2075),#438,.T.);
#5993=ADVANCED_FACE('',(#2076),#439,.T.);
#5994=ADVANCED_FACE('',(#2077,#215),#440,.T.);
#5995=ADVANCED_FACE('',(#2078,#216),#441,.F.);
#5996=ADVANCED_FACE('',(#2079),#442,.T.);
#5997=ADVANCED_FACE('',(#2080),#160,.T.);
#5998=ADVANCED_FACE('',(#2081),#443,.T.);
#5999=ADVANCED_FACE('',(#2082),#161,.T.);
#6000=ADVANCED_FACE('',(#2083),#444,.T.);
#6001=ADVANCED_FACE('',(#2084),#162,.T.);
#6002=ADVANCED_FACE('',(#2085),#445,.T.);
#6003=ADVANCED_FACE('',(#2086),#163,.T.);
#6004=ADVANCED_FACE('',(#2087),#164,.T.);
#6005=ADVANCED_FACE('',(#2088),#446,.T.);
#6006=ADVANCED_FACE('',(#2089),#165,.T.);
#6007=ADVANCED_FACE('',(#2090),#447,.T.);
#6008=ADVANCED_FACE('',(#2091),#166,.T.);
#6009=ADVANCED_FACE('',(#2092),#448,.T.);
#6010=ADVANCED_FACE('',(#2093),#167,.T.);
#6011=ADVANCED_FACE('',(#2094),#449,.T.);
#6012=ADVANCED_FACE('',(#2095,#217),#450,.T.);
#6013=ADVANCED_FACE('',(#2096,#218),#451,.F.);
#6014=ADVANCED_FACE('',(#2097),#452,.T.);
#6015=ADVANCED_FACE('',(#2098),#168,.T.);
#6016=ADVANCED_FACE('',(#2099),#453,.T.);
#6017=ADVANCED_FACE('',(#2100),#169,.T.);
#6018=ADVANCED_FACE('',(#2101),#454,.T.);
#6019=ADVANCED_FACE('',(#2102),#455,.T.);
#6020=ADVANCED_FACE('',(#2103),#456,.T.);
#6021=ADVANCED_FACE('',(#2104),#457,.T.);
#6022=ADVANCED_FACE('',(#2105),#458,.T.);
#6023=ADVANCED_FACE('',(#2106),#459,.T.);
#6024=ADVANCED_FACE('',(#2107),#460,.T.);
#6025=ADVANCED_FACE('',(#2108),#170,.T.);
#6026=ADVANCED_FACE('',(#2109),#461,.T.);
#6027=ADVANCED_FACE('',(#2110),#171,.T.);
#6028=ADVANCED_FACE('',(#2111),#462,.T.);
#6029=ADVANCED_FACE('',(#2112),#172,.T.);
#6030=ADVANCED_FACE('',(#2113),#463,.T.);
#6031=ADVANCED_FACE('',(#2114),#464,.T.);
#6032=ADVANCED_FACE('',(#2115),#465,.T.);
#6033=ADVANCED_FACE('',(#2116),#173,.T.);
#6034=ADVANCED_FACE('',(#2117,#219),#466,.T.);
#6035=ADVANCED_FACE('',(#2118,#220),#467,.F.);
#6036=CLOSED_SHELL('',(#5694,#5695,#5696,#5697,#5698,#5699,#5700,#5701,
#5702,#5703,#5704,#5705,#5706,#5707,#5708,#5709,#5710,#5711,#5712,#5713,
#5714,#5715,#5716,#5717,#5718,#5719,#5720,#5721,#5722,#5723,#5724,#5725,
#5726,#5727,#5728,#5729,#5730));
#6037=CLOSED_SHELL('',(#5731,#5732,#5733,#5734,#5735,#5736,#5737,#5738,
#5739,#5740));
#6038=CLOSED_SHELL('',(#5741,#5742,#5743,#5744,#5745,#5746,#5747,#5748,
#5749,#5750));
#6039=CLOSED_SHELL('',(#5751,#5752,#5753,#5754,#5755,#5756,#5757,#5758,
#5759,#5760));
#6040=CLOSED_SHELL('',(#5761,#5762,#5763,#5764,#5765,#5766,#5767,#5768,
#5769,#5770));
#6041=CLOSED_SHELL('',(#5771,#5772,#5773,#5774,#5775,#5776,#5777,#5778,
#5779,#5780));
#6042=CLOSED_SHELL('',(#5781,#5782,#5783,#5784,#5785,#5786,#5787,#5788,
#5789,#5790));
#6043=CLOSED_SHELL('',(#5791,#5792,#5793,#5794,#5795,#5796,#5797,#5798,
#5799,#5800));
#6044=CLOSED_SHELL('',(#5801,#5802,#5803,#5804,#5805,#5806,#5807,#5808,
#5809,#5810));
#6045=CLOSED_SHELL('',(#5811,#5812,#5813,#5814,#5815,#5816,#5817,#5818,
#5819,#5820));
#6046=CLOSED_SHELL('',(#5821,#5822,#5823,#5824,#5825,#5826,#5827,#5828,
#5829,#5830));
#6047=CLOSED_SHELL('',(#5831,#5832,#5833,#5834,#5835,#5836,#5837,#5838,
#5839,#5840));
#6048=CLOSED_SHELL('',(#5841,#5842,#5843,#5844,#5845,#5846,#5847,#5848,
#5849,#5850));
#6049=CLOSED_SHELL('',(#5851,#5852,#5853,#5854,#5855,#5856,#5857,#5858,
#5859,#5860));
#6050=CLOSED_SHELL('',(#5861,#5862,#5863,#5864,#5865,#5866,#5867,#5868,
#5869,#5870));
#6051=CLOSED_SHELL('',(#5871,#5872,#5873,#5874,#5875,#5876,#5877));
#6052=CLOSED_SHELL('',(#5878,#5879,#5880));
#6053=CLOSED_SHELL('',(#5881,#5882,#5883,#5884,#5885,#5886,#5887,#5888,
#5889,#5890,#5891,#5892,#5893,#5894,#5895,#5896,#5897,#5898,#5899,#5900,
#5901,#5902,#5903,#5904));
#6054=CLOSED_SHELL('',(#5905,#5906,#5907,#5908,#5909,#5910));
#6055=CLOSED_SHELL('',(#5911,#5912,#5913,#5914,#5915,#5916,#5917,#5918,
#5919,#5920,#5921,#5922,#5923,#5924));
#6056=CLOSED_SHELL('',(#5925,#5926,#5927,#5928,#5929,#5930));
#6057=CLOSED_SHELL('',(#5931,#5932,#5933,#5934,#5935,#5936,#5937,#5938,
#5939,#5940,#5941,#5942,#5943,#5944,#5945,#5946,#5947,#5948,#5949,#5950,
#5951));
#6058=CLOSED_SHELL('',(#5952,#5953,#5954,#5955,#5956,#5957,#5958,#5959,
#5960,#5961,#5962,#5963,#5964,#5965));
#6059=CLOSED_SHELL('',(#5966,#5967,#5968,#5969,#5970,#5971,#5972,#5973,
#5974,#5975,#5976,#5977,#5978,#5979));
#6060=CLOSED_SHELL('',(#5980,#5981,#5982,#5983,#5984,#5985,#5986,#5987,
#5988,#5989,#5990,#5991,#5992,#5993,#5994,#5995));
#6061=CLOSED_SHELL('',(#5996,#5997,#5998,#5999,#6000,#6001,#6002,#6003,
#6004,#6005,#6006,#6007,#6008,#6009,#6010,#6011,#6012,#6013));
#6062=CLOSED_SHELL('',(#6014,#6015,#6016,#6017,#6018,#6019,#6020,#6021,
#6022,#6023,#6024,#6025,#6026,#6027,#6028,#6029,#6030,#6031,#6032,#6033,
#6034,#6035));
#6063=DERIVED_UNIT_ELEMENT(#6073,1.);
#6064=DERIVED_UNIT_ELEMENT(#10278,3.);
#6065=DERIVED_UNIT_ELEMENT(#6073,1.);
#6066=DERIVED_UNIT_ELEMENT(#10278,3.);
#6067=DERIVED_UNIT_ELEMENT(#6073,1.);
#6068=DERIVED_UNIT_ELEMENT(#10278,3.);
#6069=DERIVED_UNIT_ELEMENT(#6073,1.);
#6070=DERIVED_UNIT_ELEMENT(#10278,3.);
#6071=DERIVED_UNIT_ELEMENT(#6073,1.);
#6072=DERIVED_UNIT_ELEMENT(#10278,3.);
#6073=(
MASS_UNIT()
NAMED_UNIT(*)
SI_UNIT($,.GRAM.)
);
#6074=DERIVED_UNIT((#6063,#6064));
#6075=DERIVED_UNIT((#6065,#6066));
#6076=DERIVED_UNIT((#6067,#6068));
#6077=DERIVED_UNIT((#6069,#6070));
#6078=DERIVED_UNIT((#6071,#6072));
#6079=MEASURE_REPRESENTATION_ITEM('density measure',
POSITIVE_RATIO_MEASURE(1.),#6074);
#6080=MEASURE_REPRESENTATION_ITEM('density measure',
POSITIVE_RATIO_MEASURE(1.),#6075);
#6081=MEASURE_REPRESENTATION_ITEM('density measure',
POSITIVE_RATIO_MEASURE(1.),#6076);
#6082=MEASURE_REPRESENTATION_ITEM('density measure',
POSITIVE_RATIO_MEASURE(1.),#6077);
#6083=MEASURE_REPRESENTATION_ITEM('density measure',
POSITIVE_RATIO_MEASURE(1.),#6078);
#6084=PROPERTY_DEFINITION_REPRESENTATION(#6109,#6094);
#6085=PROPERTY_DEFINITION_REPRESENTATION(#6110,#6095);
#6086=PROPERTY_DEFINITION_REPRESENTATION(#6111,#6096);
#6087=PROPERTY_DEFINITION_REPRESENTATION(#6112,#6097);
#6088=PROPERTY_DEFINITION_REPRESENTATION(#6113,#6098);
#6089=PROPERTY_DEFINITION_REPRESENTATION(#6114,#6099);
#6090=PROPERTY_DEFINITION_REPRESENTATION(#6115,#6100);
#6091=PROPERTY_DEFINITION_REPRESENTATION(#6116,#6101);
#6092=PROPERTY_DEFINITION_REPRESENTATION(#6117,#6102);
#6093=PROPERTY_DEFINITION_REPRESENTATION(#6118,#6103);
#6094=REPRESENTATION('material name',(#6104),#10269);
#6095=REPRESENTATION('density',(#6079),#10269);
#6096=REPRESENTATION('material name',(#6105),#10270);
#6097=REPRESENTATION('density',(#6080),#10270);
#6098=REPRESENTATION('material name',(#6106),#10271);
#6099=REPRESENTATION('density',(#6081),#10271);
#6100=REPRESENTATION('material name',(#6107),#10272);
#6101=REPRESENTATION('density',(#6082),#10272);
#6102=REPRESENTATION('material name',(#6108),#10273);
#6103=REPRESENTATION('density',(#6083),#10273);
#6104=DESCRIPTIVE_REPRESENTATION_ITEM('Generic','Generic');
#6105=DESCRIPTIVE_REPRESENTATION_ITEM('Generic','Generic');
#6106=DESCRIPTIVE_REPRESENTATION_ITEM('Generic','Generic');
#6107=DESCRIPTIVE_REPRESENTATION_ITEM('Generic','Generic');
#6108=DESCRIPTIVE_REPRESENTATION_ITEM('Generic','Generic');
#6109=PROPERTY_DEFINITION('material property','material name',#10307);
#6110=PROPERTY_DEFINITION('material property','density of part',#10307);
#6111=PROPERTY_DEFINITION('material property','material name',#10308);
#6112=PROPERTY_DEFINITION('material property','density of part',#10308);
#6113=PROPERTY_DEFINITION('material property','material name',#10309);
#6114=PROPERTY_DEFINITION('material property','density of part',#10309);
#6115=PROPERTY_DEFINITION('material property','material name',#10310);
#6116=PROPERTY_DEFINITION('material property','density of part',#10310);
#6117=PROPERTY_DEFINITION('material property','material name',#10311);
#6118=PROPERTY_DEFINITION('material property','density of part',#10311);
#6119=PRESENTATION_STYLE_ASSIGNMENT((#6123));
#6120=PRESENTATION_STYLE_ASSIGNMENT((#6124));
#6121=PRESENTATION_STYLE_ASSIGNMENT((#6125));
#6122=PRESENTATION_STYLE_ASSIGNMENT((#6126));
#6123=SURFACE_STYLE_USAGE(.BOTH.,#6135);
#6124=SURFACE_STYLE_USAGE(.BOTH.,#6136);
#6125=SURFACE_STYLE_USAGE(.BOTH.,#6137);
#6126=SURFACE_STYLE_USAGE(.BOTH.,#6138);
#6127=SURFACE_STYLE_RENDERING_WITH_PROPERTIES($,#6151,(#6131));
#6128=SURFACE_STYLE_RENDERING_WITH_PROPERTIES($,#6152,(#6132));
#6129=SURFACE_STYLE_RENDERING_WITH_PROPERTIES($,#6153,(#6133));
#6130=SURFACE_STYLE_RENDERING_WITH_PROPERTIES($,#6154,(#6134));
#6131=SURFACE_STYLE_TRANSPARENT(0.);
#6132=SURFACE_STYLE_TRANSPARENT(0.);
#6133=SURFACE_STYLE_TRANSPARENT(0.);
#6134=SURFACE_STYLE_TRANSPARENT(0.);
#6135=SURFACE_SIDE_STYLE('',(#6139,#6127));
#6136=SURFACE_SIDE_STYLE('',(#6140,#6128));
#6137=SURFACE_SIDE_STYLE('',(#6141,#6129));
#6138=SURFACE_SIDE_STYLE('',(#6142,#6130));
#6139=SURFACE_STYLE_FILL_AREA(#6143);
#6140=SURFACE_STYLE_FILL_AREA(#6144);
#6141=SURFACE_STYLE_FILL_AREA(#6145);
#6142=SURFACE_STYLE_FILL_AREA(#6146);
#6143=FILL_AREA_STYLE('',(#6147));
#6144=FILL_AREA_STYLE('',(#6148));
#6145=FILL_AREA_STYLE('',(#6149));
#6146=FILL_AREA_STYLE('',(#6150));
#6147=FILL_AREA_STYLE_COLOUR('',#6151);
#6148=FILL_AREA_STYLE_COLOUR('',#6152);
#6149=FILL_AREA_STYLE_COLOUR('',#6153);
#6150=FILL_AREA_STYLE_COLOUR('',#6154);
#6151=COLOUR_RGB('',0.749019607843137,0.749019607843137,0.749019607843137);
#6152=COLOUR_RGB('',0.286274509803922,0.286274509803922,0.286274509803922);
#6153=COLOUR_RGB('',0.96078431372549,0.96078431372549,0.96078431372549);
#6154=COLOUR_RGB('',0.996078431372549,0.,0.);
#6155=DATE_TIME_ROLE('creation_date');
#6156=DATE_TIME_ROLE('creation_date');
#6157=DATE_TIME_ROLE('creation_date');
#6158=DATE_TIME_ROLE('creation_date');
#6159=DATE_TIME_ROLE('creation_date');
#6160=DATE_TIME_ROLE('creation_date');
#6161=APPLIED_DATE_AND_TIME_ASSIGNMENT(#6167,#6155,(#10306));
#6162=APPLIED_DATE_AND_TIME_ASSIGNMENT(#6168,#6156,(#10307));
#6163=APPLIED_DATE_AND_TIME_ASSIGNMENT(#6169,#6157,(#10308));
#6164=APPLIED_DATE_AND_TIME_ASSIGNMENT(#6170,#6158,(#10309));
#6165=APPLIED_DATE_AND_TIME_ASSIGNMENT(#6171,#6159,(#10310));
#6166=APPLIED_DATE_AND_TIME_ASSIGNMENT(#6172,#6160,(#10311));
#6167=DATE_AND_TIME(#6173,#6179);
#6168=DATE_AND_TIME(#6174,#6180);
#6169=DATE_AND_TIME(#6175,#6181);
#6170=DATE_AND_TIME(#6176,#6182);
#6171=DATE_AND_TIME(#6177,#6183);
#6172=DATE_AND_TIME(#6178,#6184);
#6173=CALENDAR_DATE(2021,16,2);
#6174=CALENDAR_DATE(2021,16,2);
#6175=CALENDAR_DATE(2021,16,2);
#6176=CALENDAR_DATE(2021,16,2);
#6177=CALENDAR_DATE(2021,16,2);
#6178=CALENDAR_DATE(2021,16,2);
#6179=LOCAL_TIME(0,0,0.,#6185);
#6180=LOCAL_TIME(0,0,0.,#6186);
#6181=LOCAL_TIME(0,0,0.,#6187);
#6182=LOCAL_TIME(0,0,0.,#6188);
#6183=LOCAL_TIME(0,0,0.,#6189);
#6184=LOCAL_TIME(0,0,0.,#6190);
#6185=COORDINATED_UNIVERSAL_TIME_OFFSET(0,0,.BEHIND.);
#6186=COORDINATED_UNIVERSAL_TIME_OFFSET(0,0,.BEHIND.);
#6187=COORDINATED_UNIVERSAL_TIME_OFFSET(0,0,.BEHIND.);
#6188=COORDINATED_UNIVERSAL_TIME_OFFSET(0,0,.BEHIND.);
#6189=COORDINATED_UNIVERSAL_TIME_OFFSET(0,0,.BEHIND.);
#6190=COORDINATED_UNIVERSAL_TIME_OFFSET(0,0,.BEHIND.);
#6191=AXIS2_PLACEMENT_3D('placement',#7966,#6572,#6573);
#6192=AXIS2_PLACEMENT_3D('placement',#7967,#6574,#6575);
#6193=AXIS2_PLACEMENT_3D('',#7968,#6576,#6577);
#6194=AXIS2_PLACEMENT_3D('',#7971,#6578,#6579);
#6195=AXIS2_PLACEMENT_3D('',#7973,#6580,#6581);
#6196=AXIS2_PLACEMENT_3D('',#7974,#6582,#6583);
#6197=AXIS2_PLACEMENT_3D('',#7975,#6584,#6585);
#6198=AXIS2_PLACEMENT_3D('',#7978,#6586,#6587);
#6199=AXIS2_PLACEMENT_3D('',#7980,#6588,#6589);
#6200=AXIS2_PLACEMENT_3D('',#7981,#6590,#6591);
#6201=AXIS2_PLACEMENT_3D('',#7982,#6592,#6593);
#6202=AXIS2_PLACEMENT_3D('',#7985,#6594,#6595);
#6203=AXIS2_PLACEMENT_3D('',#7987,#6596,#6597);
#6204=AXIS2_PLACEMENT_3D('',#7988,#6598,#6599);
#6205=AXIS2_PLACEMENT_3D('',#7989,#6600,#6601);
#6206=AXIS2_PLACEMENT_3D('',#7992,#6602,#6603);
#6207=AXIS2_PLACEMENT_3D('',#7994,#6604,#6605);
#6208=AXIS2_PLACEMENT_3D('',#7995,#6606,#6607);
#6209=AXIS2_PLACEMENT_3D('',#7996,#6608,#6609);
#6210=AXIS2_PLACEMENT_3D('',#7999,#6610,#6611);
#6211=AXIS2_PLACEMENT_3D('',#8001,#6612,#6613);
#6212=AXIS2_PLACEMENT_3D('',#8002,#6614,#6615);
#6213=AXIS2_PLACEMENT_3D('',#8003,#6616,#6617);
#6214=AXIS2_PLACEMENT_3D('',#8006,#6620,#6621);
#6215=AXIS2_PLACEMENT_3D('',#8009,#6622,#6623);
#6216=AXIS2_PLACEMENT_3D('',#8011,#6624,#6625);
#6217=AXIS2_PLACEMENT_3D('',#8012,#6626,#6627);
#6218=AXIS2_PLACEMENT_3D('',#8013,#6628,#6629);
#6219=AXIS2_PLACEMENT_3D('',#8016,#6632,#6633);
#6220=AXIS2_PLACEMENT_3D('',#8021,#6636,#6637);
#6221=AXIS2_PLACEMENT_3D('',#8022,#6638,#6639);
#6222=AXIS2_PLACEMENT_3D('',#8025,#6640,#6641);
#6223=AXIS2_PLACEMENT_3D('',#8027,#6642,#6643);
#6224=AXIS2_PLACEMENT_3D('',#8028,#6644,#6645);
#6225=AXIS2_PLACEMENT_3D('',#8029,#6646,#6647);
#6226=AXIS2_PLACEMENT_3D('',#8032,#6648,#6649);
#6227=AXIS2_PLACEMENT_3D('',#8034,#6650,#6651);
#6228=AXIS2_PLACEMENT_3D('',#8035,#6652,#6653);
#6229=AXIS2_PLACEMENT_3D('',#8036,#6654,#6655);
#6230=AXIS2_PLACEMENT_3D('',#8039,#6658,#6659);
#6231=AXIS2_PLACEMENT_3D('',#8042,#6660,#6661);
#6232=AXIS2_PLACEMENT_3D('',#8044,#6662,#6663);
#6233=AXIS2_PLACEMENT_3D('',#8045,#6664,#6665);
#6234=AXIS2_PLACEMENT_3D('',#8046,#6666,#6667);
#6235=AXIS2_PLACEMENT_3D('',#8049,#6670,#6671);
#6236=AXIS2_PLACEMENT_3D('',#8052,#6672,#6673);
#6237=AXIS2_PLACEMENT_3D('',#8054,#6674,#6675);
#6238=AXIS2_PLACEMENT_3D('',#8055,#6676,#6677);
#6239=AXIS2_PLACEMENT_3D('',#8056,#6678,#6679);
#6240=AXIS2_PLACEMENT_3D('',#8059,#6682,#6683);
#6241=AXIS2_PLACEMENT_3D('',#8064,#6686,#6687);
#6242=AXIS2_PLACEMENT_3D('',#8065,#6688,#6689);
#6243=AXIS2_PLACEMENT_3D('',#8068,#6692,#6693);
#6244=AXIS2_PLACEMENT_3D('',#8071,#6696,#6697);
#6245=AXIS2_PLACEMENT_3D('',#8074,#6700,#6701);
#6246=AXIS2_PLACEMENT_3D('',#8077,#6704,#6705);
#6247=AXIS2_PLACEMENT_3D('',#8080,#6708,#6709);
#6248=AXIS2_PLACEMENT_3D('',#8083,#6712,#6713);
#6249=AXIS2_PLACEMENT_3D('',#8086,#6716,#6717);
#6250=AXIS2_PLACEMENT_3D('',#8089,#6720,#6721);
#6251=AXIS2_PLACEMENT_3D('',#8092,#6724,#6725);
#6252=AXIS2_PLACEMENT_3D('',#8095,#6728,#6729);
#6253=AXIS2_PLACEMENT_3D('',#8097,#6731,#6732);
#6254=AXIS2_PLACEMENT_3D('',#8098,#6733,#6734);
#6255=AXIS2_PLACEMENT_3D('',#8099,#6735,#6736);
#6256=AXIS2_PLACEMENT_3D('',#8100,#6737,#6738);
#6257=AXIS2_PLACEMENT_3D('',#8101,#6739,#6740);
#6258=AXIS2_PLACEMENT_3D('',#8102,#6741,#6742);
#6259=AXIS2_PLACEMENT_3D('',#8104,#6743,#6744);
#6260=AXIS2_PLACEMENT_3D('',#8105,#6745,#6746);
#6261=AXIS2_PLACEMENT_3D('',#8107,#6747,#6748);
#6262=AXIS2_PLACEMENT_3D('',#8108,#6749,#6750);
#6263=AXIS2_PLACEMENT_3D('',#8109,#6751,#6752);
#6264=AXIS2_PLACEMENT_3D('',#8110,#6753,#6754);
#6265=AXIS2_PLACEMENT_3D('placement',#8111,#6755,#6756);
#6266=AXIS2_PLACEMENT_3D('',#8112,#6757,#6758);
#6267=AXIS2_PLACEMENT_3D('',#8121,#6763,#6764);
#6268=AXIS2_PLACEMENT_3D('',#8127,#6768,#6769);
#6269=AXIS2_PLACEMENT_3D('',#8133,#6773,#6774);
#6270=AXIS2_PLACEMENT_3D('',#8135,#6776,#6777);
#6271=AXIS2_PLACEMENT_3D('',#8141,#6781,#6782);
#6272=AXIS2_PLACEMENT_3D('',#8147,#6786,#6787);
#6273=AXIS2_PLACEMENT_3D('',#8149,#6788,#6789);
#6274=AXIS2_PLACEMENT_3D('',#8152,#6791,#6792);
#6275=AXIS2_PLACEMENT_3D('',#8153,#6793,#6794);
#6276=AXIS2_PLACEMENT_3D('',#8156,#6797,#6798);
#6277=AXIS2_PLACEMENT_3D('',#8157,#6799,#6800);
#6278=AXIS2_PLACEMENT_3D('',#8158,#6801,#6802);
#6279=AXIS2_PLACEMENT_3D('',#8167,#6807,#6808);
#6280=AXIS2_PLACEMENT_3D('',#8173,#6812,#6813);
#6281=AXIS2_PLACEMENT_3D('',#8179,#6817,#6818);
#6282=AXIS2_PLACEMENT_3D('',#8181,#6820,#6821);
#6283=AXIS2_PLACEMENT_3D('',#8187,#6825,#6826);
#6284=AXIS2_PLACEMENT_3D('',#8193,#6830,#6831);
#6285=AXIS2_PLACEMENT_3D('',#8195,#6832,#6833);
#6286=AXIS2_PLACEMENT_3D('',#8198,#6835,#6836);
#6287=AXIS2_PLACEMENT_3D('',#8199,#6837,#6838);
#6288=AXIS2_PLACEMENT_3D('',#8202,#6841,#6842);
#6289=AXIS2_PLACEMENT_3D('',#8203,#6843,#6844);
#6290=AXIS2_PLACEMENT_3D('',#8204,#6845,#6846);
#6291=AXIS2_PLACEMENT_3D('',#8213,#6851,#6852);
#6292=AXIS2_PLACEMENT_3D('',#8219,#6856,#6857);
#6293=AXIS2_PLACEMENT_3D('',#8225,#6861,#6862);
#6294=AXIS2_PLACEMENT_3D('',#8227,#6864,#6865);
#6295=AXIS2_PLACEMENT_3D('',#8233,#6869,#6870);
#6296=AXIS2_PLACEMENT_3D('',#8239,#6874,#6875);
#6297=AXIS2_PLACEMENT_3D('',#8241,#6876,#6877);
#6298=AXIS2_PLACEMENT_3D('',#8244,#6879,#6880);
#6299=AXIS2_PLACEMENT_3D('',#8245,#6881,#6882);
#6300=AXIS2_PLACEMENT_3D('',#8248,#6885,#6886);
#6301=AXIS2_PLACEMENT_3D('',#8249,#6887,#6888);
#6302=AXIS2_PLACEMENT_3D('',#8250,#6889,#6890);
#6303=AXIS2_PLACEMENT_3D('',#8259,#6895,#6896);
#6304=AXIS2_PLACEMENT_3D('',#8265,#6900,#6901);
#6305=AXIS2_PLACEMENT_3D('',#8271,#6905,#6906);
#6306=AXIS2_PLACEMENT_3D('',#8273,#6908,#6909);
#6307=AXIS2_PLACEMENT_3D('',#8279,#6913,#6914);
#6308=AXIS2_PLACEMENT_3D('',#8285,#6918,#6919);
#6309=AXIS2_PLACEMENT_3D('',#8287,#6920,#6921);
#6310=AXIS2_PLACEMENT_3D('',#8290,#6923,#6924);
#6311=AXIS2_PLACEMENT_3D('',#8291,#6925,#6926);
#6312=AXIS2_PLACEMENT_3D('',#8294,#6929,#6930);
#6313=AXIS2_PLACEMENT_3D('',#8295,#6931,#6932);
#6314=AXIS2_PLACEMENT_3D('',#8296,#6933,#6934);
#6315=AXIS2_PLACEMENT_3D('',#8305,#6939,#6940);
#6316=AXIS2_PLACEMENT_3D('',#8311,#6944,#6945);
#6317=AXIS2_PLACEMENT_3D('',#8317,#6949,#6950);
#6318=AXIS2_PLACEMENT_3D('',#8319,#6952,#6953);
#6319=AXIS2_PLACEMENT_3D('',#8325,#6957,#6958);
#6320=AXIS2_PLACEMENT_3D('',#8331,#6962,#6963);
#6321=AXIS2_PLACEMENT_3D('',#8333,#6964,#6965);
#6322=AXIS2_PLACEMENT_3D('',#8336,#6967,#6968);
#6323=AXIS2_PLACEMENT_3D('',#8337,#6969,#6970);
#6324=AXIS2_PLACEMENT_3D('',#8340,#6973,#6974);
#6325=AXIS2_PLACEMENT_3D('',#8341,#6975,#6976);
#6326=AXIS2_PLACEMENT_3D('',#8342,#6977,#6978);
#6327=AXIS2_PLACEMENT_3D('',#8351,#6983,#6984);
#6328=AXIS2_PLACEMENT_3D('',#8357,#6988,#6989);
#6329=AXIS2_PLACEMENT_3D('',#8363,#6993,#6994);
#6330=AXIS2_PLACEMENT_3D('',#8365,#6996,#6997);
#6331=AXIS2_PLACEMENT_3D('',#8371,#7001,#7002);
#6332=AXIS2_PLACEMENT_3D('',#8377,#7006,#7007);
#6333=AXIS2_PLACEMENT_3D('',#8379,#7008,#7009);
#6334=AXIS2_PLACEMENT_3D('',#8382,#7011,#7012);
#6335=AXIS2_PLACEMENT_3D('',#8383,#7013,#7014);
#6336=AXIS2_PLACEMENT_3D('',#8386,#7017,#7018);
#6337=AXIS2_PLACEMENT_3D('',#8387,#7019,#7020);
#6338=AXIS2_PLACEMENT_3D('',#8388,#7021,#7022);
#6339=AXIS2_PLACEMENT_3D('',#8397,#7027,#7028);
#6340=AXIS2_PLACEMENT_3D('',#8403,#7032,#7033);
#6341=AXIS2_PLACEMENT_3D('',#8409,#7037,#7038);
#6342=AXIS2_PLACEMENT_3D('',#8411,#7040,#7041);
#6343=AXIS2_PLACEMENT_3D('',#8417,#7045,#7046);
#6344=AXIS2_PLACEMENT_3D('',#8423,#7050,#7051);
#6345=AXIS2_PLACEMENT_3D('',#8425,#7052,#7053);
#6346=AXIS2_PLACEMENT_3D('',#8427,#7054,#7055);
#6347=AXIS2_PLACEMENT_3D('',#8429,#7057,#7058);
#6348=AXIS2_PLACEMENT_3D('',#8432,#7061,#7062);
#6349=AXIS2_PLACEMENT_3D('',#8433,#7063,#7064);
#6350=AXIS2_PLACEMENT_3D('',#8434,#7065,#7066);
#6351=AXIS2_PLACEMENT_3D('',#8443,#7071,#7072);
#6352=AXIS2_PLACEMENT_3D('',#8449,#7076,#7077);
#6353=AXIS2_PLACEMENT_3D('',#8455,#7081,#7082);
#6354=AXIS2_PLACEMENT_3D('',#8457,#7084,#7085);
#6355=AXIS2_PLACEMENT_3D('',#8463,#7089,#7090);
#6356=AXIS2_PLACEMENT_3D('',#8469,#7094,#7095);
#6357=AXIS2_PLACEMENT_3D('',#8471,#7096,#7097);
#6358=AXIS2_PLACEMENT_3D('',#8473,#7098,#7099);
#6359=AXIS2_PLACEMENT_3D('',#8475,#7101,#7102);
#6360=AXIS2_PLACEMENT_3D('',#8478,#7105,#7106);
#6361=AXIS2_PLACEMENT_3D('',#8479,#7107,#7108);
#6362=AXIS2_PLACEMENT_3D('',#8480,#7109,#7110);
#6363=AXIS2_PLACEMENT_3D('',#8489,#7115,#7116);
#6364=AXIS2_PLACEMENT_3D('',#8495,#7120,#7121);
#6365=AXIS2_PLACEMENT_3D('',#8501,#7125,#7126);
#6366=AXIS2_PLACEMENT_3D('',#8503,#7128,#7129);
#6367=AXIS2_PLACEMENT_3D('',#8509,#7133,#7134);
#6368=AXIS2_PLACEMENT_3D('',#8515,#7138,#7139);
#6369=AXIS2_PLACEMENT_3D('',#8517,#7140,#7141);
#6370=AXIS2_PLACEMENT_3D('',#8519,#7142,#7143);
#6371=AXIS2_PLACEMENT_3D('',#8521,#7145,#7146);
#6372=AXIS2_PLACEMENT_3D('',#8524,#7149,#7150);
#6373=AXIS2_PLACEMENT_3D('',#8525,#7151,#7152);
#6374=AXIS2_PLACEMENT_3D('',#8526,#7153,#7154);
#6375=AXIS2_PLACEMENT_3D('',#8535,#7159,#7160);
#6376=AXIS2_PLACEMENT_3D('',#8541,#7164,#7165);
#6377=AXIS2_PLACEMENT_3D('',#8547,#7169,#7170);
#6378=AXIS2_PLACEMENT_3D('',#8549,#7172,#7173);
#6379=AXIS2_PLACEMENT_3D('',#8555,#7177,#7178);
#6380=AXIS2_PLACEMENT_3D('',#8561,#7182,#7183);
#6381=AXIS2_PLACEMENT_3D('',#8563,#7184,#7185);
#6382=AXIS2_PLACEMENT_3D('',#8565,#7186,#7187);
#6383=AXIS2_PLACEMENT_3D('',#8567,#7189,#7190);
#6384=AXIS2_PLACEMENT_3D('',#8570,#7193,#7194);
#6385=AXIS2_PLACEMENT_3D('',#8571,#7195,#7196);
#6386=AXIS2_PLACEMENT_3D('',#8572,#7197,#7198);
#6387=AXIS2_PLACEMENT_3D('',#8581,#7203,#7204);
#6388=AXIS2_PLACEMENT_3D('',#8587,#7208,#7209);
#6389=AXIS2_PLACEMENT_3D('',#8593,#7213,#7214);
#6390=AXIS2_PLACEMENT_3D('',#8595,#7216,#7217);
#6391=AXIS2_PLACEMENT_3D('',#8601,#7221,#7222);
#6392=AXIS2_PLACEMENT_3D('',#8607,#7226,#7227);
#6393=AXIS2_PLACEMENT_3D('',#8609,#7228,#7229);
#6394=AXIS2_PLACEMENT_3D('',#8611,#7230,#7231);
#6395=AXIS2_PLACEMENT_3D('',#8613,#7233,#7234);
#6396=AXIS2_PLACEMENT_3D('',#8616,#7237,#7238);
#6397=AXIS2_PLACEMENT_3D('',#8617,#7239,#7240);
#6398=AXIS2_PLACEMENT_3D('',#8618,#7241,#7242);
#6399=AXIS2_PLACEMENT_3D('',#8627,#7247,#7248);
#6400=AXIS2_PLACEMENT_3D('',#8633,#7252,#7253);
#6401=AXIS2_PLACEMENT_3D('',#8639,#7257,#7258);
#6402=AXIS2_PLACEMENT_3D('',#8641,#7260,#7261);
#6403=AXIS2_PLACEMENT_3D('',#8647,#7265,#7266);
#6404=AXIS2_PLACEMENT_3D('',#8653,#7270,#7271);
#6405=AXIS2_PLACEMENT_3D('',#8655,#7272,#7273);
#6406=AXIS2_PLACEMENT_3D('',#8657,#7274,#7275);
#6407=AXIS2_PLACEMENT_3D('',#8659,#7277,#7278);
#6408=AXIS2_PLACEMENT_3D('',#8662,#7281,#7282);
#6409=AXIS2_PLACEMENT_3D('',#8663,#7283,#7284);
#6410=AXIS2_PLACEMENT_3D('',#8664,#7285,#7286);
#6411=AXIS2_PLACEMENT_3D('',#8673,#7291,#7292);
#6412=AXIS2_PLACEMENT_3D('',#8679,#7296,#7297);
#6413=AXIS2_PLACEMENT_3D('',#8685,#7301,#7302);
#6414=AXIS2_PLACEMENT_3D('',#8687,#7304,#7305);
#6415=AXIS2_PLACEMENT_3D('',#8693,#7309,#7310);
#6416=AXIS2_PLACEMENT_3D('',#8699,#7314,#7315);
#6417=AXIS2_PLACEMENT_3D('',#8701,#7316,#7317);
#6418=AXIS2_PLACEMENT_3D('',#8703,#7318,#7319);
#6419=AXIS2_PLACEMENT_3D('',#8705,#7321,#7322);
#6420=AXIS2_PLACEMENT_3D('',#8708,#7325,#7326);
#6421=AXIS2_PLACEMENT_3D('',#8709,#7327,#7328);
#6422=AXIS2_PLACEMENT_3D('',#8710,#7329,#7330);
#6423=AXIS2_PLACEMENT_3D('',#8719,#7335,#7336);
#6424=AXIS2_PLACEMENT_3D('',#8725,#7340,#7341);
#6425=AXIS2_PLACEMENT_3D('',#8731,#7345,#7346);
#6426=AXIS2_PLACEMENT_3D('',#8733,#7348,#7349);
#6427=AXIS2_PLACEMENT_3D('',#8739,#7353,#7354);
#6428=AXIS2_PLACEMENT_3D('',#8745,#7358,#7359);
#6429=AXIS2_PLACEMENT_3D('',#8747,#7360,#7361);
#6430=AXIS2_PLACEMENT_3D('',#8750,#7363,#7364);
#6431=AXIS2_PLACEMENT_3D('',#8751,#7365,#7366);
#6432=AXIS2_PLACEMENT_3D('',#8754,#7369,#7370);
#6433=AXIS2_PLACEMENT_3D('',#8755,#7371,#7372);
#6434=AXIS2_PLACEMENT_3D('',#8756,#7373,#7374);
#6435=AXIS2_PLACEMENT_3D('',#8765,#7379,#7380);
#6436=AXIS2_PLACEMENT_3D('',#8771,#7384,#7385);
#6437=AXIS2_PLACEMENT_3D('',#8777,#7389,#7390);
#6438=AXIS2_PLACEMENT_3D('',#8783,#7394,#7395);
#6439=AXIS2_PLACEMENT_3D('',#8786,#7398,#7399);
#6440=AXIS2_PLACEMENT_3D('',#8787,#7400,#7401);
#6441=AXIS2_PLACEMENT_3D('placement',#8788,#7402,#7403);
#6442=AXIS2_PLACEMENT_3D('',#8789,#7404,#7405);
#6443=AXIS2_PLACEMENT_3D('',#8792,#7406,#7407);
#6444=AXIS2_PLACEMENT_3D('',#8793,#7408,#7409);
#6445=AXIS2_PLACEMENT_3D('',#8797,#7411,#7412);
#6446=AXIS2_PLACEMENT_3D('',#8798,#7413,#7414);
#6447=AXIS2_PLACEMENT_3D('',#8799,#7415,#7416);
#6448=AXIS2_PLACEMENT_3D('',#8800,#7417,#7418);
#6449=AXIS2_PLACEMENT_3D('placement',#8801,#7419,#7420);
#6450=AXIS2_PLACEMENT_3D('',#8862,#7425,#7426);
#6451=AXIS2_PLACEMENT_3D('',#8925,#7433,#7434);
#6452=AXIS2_PLACEMENT_3D('',#8938,#7438,#7439);
#6453=AXIS2_PLACEMENT_3D('',#8940,#7440,#7441);
#6454=AXIS2_PLACEMENT_3D('',#8949,#7443,#7444);
#6455=AXIS2_PLACEMENT_3D('',#8951,#7445,#7446);
#6456=AXIS2_PLACEMENT_3D('',#8991,#7450,#7451);
#6457=AXIS2_PLACEMENT_3D('',#8997,#7455,#7456);
#6458=AXIS2_PLACEMENT_3D('',#9003,#7460,#7461);
#6459=AXIS2_PLACEMENT_3D('',#9005,#7462,#7463);
#6460=AXIS2_PLACEMENT_3D('',#9007,#7464,#7465);
#6461=AXIS2_PLACEMENT_3D('',#9047,#7469,#7470);
#6462=AXIS2_PLACEMENT_3D('',#9072,#7475,#7476);
#6463=AXIS2_PLACEMENT_3D('',#9113,#7481,#7482);
#6464=AXIS2_PLACEMENT_3D('',#9114,#7483,#7484);
#6465=AXIS2_PLACEMENT_3D('placement',#9115,#7485,#7486);
#6466=AXIS2_PLACEMENT_3D('',#9116,#7487,#7488);
#6467=AXIS2_PLACEMENT_3D('',#9125,#7493,#7494);
#6468=AXIS2_PLACEMENT_3D('',#9131,#7498,#7499);
#6469=AXIS2_PLACEMENT_3D('',#9137,#7503,#7504);
#6470=AXIS2_PLACEMENT_3D('',#9140,#7507,#7508);
#6471=AXIS2_PLACEMENT_3D('',#9141,#7509,#7510);
#6472=AXIS2_PLACEMENT_3D('',#9142,#7511,#7512);
#6473=AXIS2_PLACEMENT_3D('',#9151,#7517,#7518);
#6474=AXIS2_PLACEMENT_3D('',#9157,#7522,#7523);
#6475=AXIS2_PLACEMENT_3D('',#9163,#7527,#7528);
#6476=AXIS2_PLACEMENT_3D('',#9169,#7532,#7533);
#6477=AXIS2_PLACEMENT_3D('',#9175,#7537,#7538);
#6478=AXIS2_PLACEMENT_3D('',#9181,#7542,#7543);
#6479=AXIS2_PLACEMENT_3D('',#9187,#7547,#7548);
#6480=AXIS2_PLACEMENT_3D('',#9193,#7552,#7553);
#6481=AXIS2_PLACEMENT_3D('',#9199,#7557,#7558);
#6482=AXIS2_PLACEMENT_3D('',#9205,#7562,#7563);
#6483=AXIS2_PLACEMENT_3D('',#9211,#7567,#7568);
#6484=AXIS2_PLACEMENT_3D('',#9214,#7571,#7572);
#6485=AXIS2_PLACEMENT_3D('',#9215,#7573,#7574);
#6486=AXIS2_PLACEMENT_3D('',#9216,#7575,#7576);
#6487=AXIS2_PLACEMENT_3D('',#9225,#7581,#7582);
#6488=AXIS2_PLACEMENT_3D('',#9231,#7586,#7587);
#6489=AXIS2_PLACEMENT_3D('',#9237,#7591,#7592);
#6490=AXIS2_PLACEMENT_3D('',#9240,#7595,#7596);
#6491=AXIS2_PLACEMENT_3D('',#9241,#7597,#7598);
#6492=AXIS2_PLACEMENT_3D('',#9242,#7599,#7600);
#6493=AXIS2_PLACEMENT_3D('',#9251,#7605,#7606);
#6494=AXIS2_PLACEMENT_3D('',#9257,#7610,#7611);
#6495=AXIS2_PLACEMENT_3D('',#9301,#7617,#7618);
#6496=AXIS2_PLACEMENT_3D('',#9307,#7622,#7623);
#6497=AXIS2_PLACEMENT_3D('',#9313,#7627,#7628);
#6498=AXIS2_PLACEMENT_3D('',#9345,#7633,#7634);
#6499=AXIS2_PLACEMENT_3D('',#9347,#7635,#7636);
#6500=AXIS2_PLACEMENT_3D('',#9349,#7638,#7639);
#6501=AXIS2_PLACEMENT_3D('',#9355,#7643,#7644);
#6502=AXIS2_PLACEMENT_3D('',#9361,#7648,#7649);
#6503=AXIS2_PLACEMENT_3D('',#9367,#7653,#7654);
#6504=AXIS2_PLACEMENT_3D('',#9373,#7658,#7659);
#6505=AXIS2_PLACEMENT_3D('',#9386,#7663,#7664);
#6506=AXIS2_PLACEMENT_3D('',#9388,#7665,#7666);
#6507=AXIS2_PLACEMENT_3D('',#9409,#7669,#7670);
#6508=AXIS2_PLACEMENT_3D('',#9415,#7674,#7675);
#6509=AXIS2_PLACEMENT_3D('',#9418,#7678,#7679);
#6510=AXIS2_PLACEMENT_3D('',#9419,#7680,#7681);
#6511=AXIS2_PLACEMENT_3D('',#9420,#7682,#7683);
#6512=AXIS2_PLACEMENT_3D('',#9448,#7689,#7690);
#6513=AXIS2_PLACEMENT_3D('',#9473,#7695,#7696);
#6514=AXIS2_PLACEMENT_3D('',#9498,#7701,#7702);
#6515=AXIS2_PLACEMENT_3D('',#9523,#7707,#7708);
#6516=AXIS2_PLACEMENT_3D('',#9548,#7713,#7714);
#6517=AXIS2_PLACEMENT_3D('',#9570,#7718,#7719);
#6518=AXIS2_PLACEMENT_3D('',#9571,#7720,#7721);
#6519=AXIS2_PLACEMENT_3D('',#9572,#7722,#7723);
#6520=AXIS2_PLACEMENT_3D('',#9600,#7729,#7730);
#6521=AXIS2_PLACEMENT_3D('',#9625,#7735,#7736);
#6522=AXIS2_PLACEMENT_3D('',#9650,#7741,#7742);
#6523=AXIS2_PLACEMENT_3D('',#9675,#7747,#7748);
#6524=AXIS2_PLACEMENT_3D('',#9700,#7753,#7754);
#6525=AXIS2_PLACEMENT_3D('',#9722,#7758,#7759);
#6526=AXIS2_PLACEMENT_3D('',#9723,#7760,#7761);
#6527=AXIS2_PLACEMENT_3D('',#9724,#7762,#7763);
#6528=AXIS2_PLACEMENT_3D('',#9740,#7768,#7769);
#6529=AXIS2_PLACEMENT_3D('',#9742,#7770,#7771);
#6530=AXIS2_PLACEMENT_3D('',#9744,#7773,#7774);
#6531=AXIS2_PLACEMENT_3D('',#9769,#7779,#7780);
#6532=AXIS2_PLACEMENT_3D('',#9775,#7784,#7785);
#6533=AXIS2_PLACEMENT_3D('',#9778,#7788,#7789);
#6534=AXIS2_PLACEMENT_3D('',#9806,#7795,#7796);
#6535=AXIS2_PLACEMENT_3D('',#9831,#7801,#7802);
#6536=AXIS2_PLACEMENT_3D('',#9837,#7806,#7807);
#6537=AXIS2_PLACEMENT_3D('',#9843,#7811,#7812);
#6538=AXIS2_PLACEMENT_3D('',#9849,#7816,#7817);
#6539=AXIS2_PLACEMENT_3D('',#9852,#7820,#7821);
#6540=AXIS2_PLACEMENT_3D('',#9853,#7822,#7823);
#6541=AXIS2_PLACEMENT_3D('',#9854,#7824,#7825);
#6542=AXIS2_PLACEMENT_3D('',#9882,#7831,#7832);
#6543=AXIS2_PLACEMENT_3D('',#9907,#7837,#7838);
#6544=AXIS2_PLACEMENT_3D('',#9932,#7843,#7844);
#6545=AXIS2_PLACEMENT_3D('',#9976,#7850,#7851);
#6546=AXIS2_PLACEMENT_3D('',#10001,#7856,#7857);
#6547=AXIS2_PLACEMENT_3D('',#10026,#7862,#7863);
#6548=AXIS2_PLACEMENT_3D('',#10051,#7868,#7869);
#6549=AXIS2_PLACEMENT_3D('',#10054,#7872,#7873);
#6550=AXIS2_PLACEMENT_3D('',#10055,#7874,#7875);
#6551=AXIS2_PLACEMENT_3D('',#10056,#7876,#7877);
#6552=AXIS2_PLACEMENT_3D('',#10084,#7883,#7884);
#6553=AXIS2_PLACEMENT_3D('',#10109,#7889,#7890);
#6554=AXIS2_PLACEMENT_3D('',#10115,#7894,#7895);
#6555=AXIS2_PLACEMENT_3D('',#10118,#7898,#7899);
#6556=AXIS2_PLACEMENT_3D('',#10127,#7904,#7905);
#6557=AXIS2_PLACEMENT_3D('',#10133,#7909,#7910);
#6558=AXIS2_PLACEMENT_3D('',#10139,#7914,#7915);
#6559=AXIS2_PLACEMENT_3D('',#10145,#7919,#7920);
#6560=AXIS2_PLACEMENT_3D('',#10170,#7925,#7926);
#6561=AXIS2_PLACEMENT_3D('',#10195,#7931,#7932);
#6562=AXIS2_PLACEMENT_3D('',#10220,#7937,#7938);
#6563=AXIS2_PLACEMENT_3D('',#10226,#7942,#7943);
#6564=AXIS2_PLACEMENT_3D('',#10232,#7947,#7948);
#6565=AXIS2_PLACEMENT_3D('',#10254,#7952,#7953);
#6566=AXIS2_PLACEMENT_3D('',#10255,#7954,#7955);
#6567=AXIS2_PLACEMENT_3D('',#10256,#7956,#7957);
#6568=AXIS2_PLACEMENT_3D('',#10257,#7958,#7959);
#6569=AXIS2_PLACEMENT_3D('',#10258,#7960,#7961);
#6570=AXIS2_PLACEMENT_3D('',#10259,#7962,#7963);
#6571=AXIS2_PLACEMENT_3D('',#10260,#7964,#7965);
#6572=DIRECTION('axis',(0.,0.,1.));
#6573=DIRECTION('refdir',(1.,0.,0.));
#6574=DIRECTION('axis',(0.,0.,1.));
#6575=DIRECTION('refdir',(1.,0.,0.));
#6576=DIRECTION('center_axis',(-0.408248290463863,-0.816496580927726,0.408248290463863));
#6577=DIRECTION('ref_axis',(-0.577350269189622,0.577350269189634,0.577350269189622));
#6578=DIRECTION('center_axis',(-1.,0.,0.));
#6579=DIRECTION('ref_axis',(0.,1.,0.));
#6580=DIRECTION('center_axis',(0.,0.,1.));
#6581=DIRECTION('ref_axis',(-1.,0.,0.));
#6582=DIRECTION('center_axis',(0.,1.,0.));
#6583=DIRECTION('ref_axis',(0.,0.,1.));
#6584=DIRECTION('center_axis',(-0.81649658092773,-0.408248290463853,0.408248290463864));
#6585=DIRECTION('ref_axis',(-0.577350269189622,0.577350269189634,-0.577350269189622));
#6586=DIRECTION('center_axis',(0.,0.,-1.));
#6587=DIRECTION('ref_axis',(0.,1.,0.));
#6588=DIRECTION('center_axis',(-1.,0.,0.));
#6589=DIRECTION('ref_axis',(0.,0.,-1.));
#6590=DIRECTION('center_axis',(0.,1.,0.));
#6591=DIRECTION('ref_axis',(-1.,0.,0.));
#6592=DIRECTION('center_axis',(-0.816496580927726,0.408248290463875,-0.408248290463851));
#6593=DIRECTION('ref_axis',(-0.577350269189622,-0.577350269189634,0.577350269189622));
#6594=DIRECTION('center_axis',(0.,-1.,0.));
#6595=DIRECTION('ref_axis',(-1.,0.,0.));
#6596=DIRECTION('center_axis',(0.,0.,1.));
#6597=DIRECTION('ref_axis',(0.,-1.,0.));
#6598=DIRECTION('center_axis',(-1.,0.,0.));
#6599=DIRECTION('ref_axis',(0.,0.,1.));
#6600=DIRECTION('center_axis',(-0.816496580927726,0.408248290463875,0.408248290463851));
#6601=DIRECTION('ref_axis',(0.577350269189622,0.577350269189634,0.577350269189622));
#6602=DIRECTION('center_axis',(0.,1.,0.));
#6603=DIRECTION('ref_axis',(1.,0.,0.));
#6604=DIRECTION('center_axis',(0.,0.,1.));
#6605=DIRECTION('ref_axis',(0.,1.,0.));
#6606=DIRECTION('center_axis',(1.,0.,0.));
#6607=DIRECTION('ref_axis',(0.,0.,1.));
#6608=DIRECTION('center_axis',(0.408248290463877,0.408248290463853,-0.816496580927724));
#6609=DIRECTION('ref_axis',(-0.577350269189635,-0.577350269189612,-0.57735026918963));
#6610=DIRECTION('center_axis',(0.,0.,-1.));
#6611=DIRECTION('ref_axis',(-1.,0.,0.));
#6612=DIRECTION('center_axis',(0.,-1.,0.));
#6613=DIRECTION('ref_axis',(0.,0.,-1.));
#6614=DIRECTION('center_axis',(-1.,0.,0.));
#6615=DIRECTION('ref_axis',(0.,-1.,0.));
#6616=DIRECTION('center_axis',(0.,-1.,0.));
#6617=DIRECTION('ref_axis',(-0.707106781186548,0.,-0.707106781186547));
#6618=DIRECTION('',(0.,1.,0.));
#6619=DIRECTION('',(0.,-1.,0.));
#6620=DIRECTION('center_axis',(-0.816496580927722,0.408248290463873,-0.408248290463861));
#6621=DIRECTION('ref_axis',(0.577350269189622,0.577350269189634,-0.577350269189622));
#6622=DIRECTION('center_axis',(0.,1.,0.));
#6623=DIRECTION('ref_axis',(0.,0.,-1.));
#6624=DIRECTION('center_axis',(1.,0.,0.));
#6625=DIRECTION('ref_axis',(0.,1.,0.));
#6626=DIRECTION('center_axis',(0.,0.,-1.));
#6627=DIRECTION('ref_axis',(1.,0.,0.));
#6628=DIRECTION('center_axis',(-1.,0.,0.));
#6629=DIRECTION('ref_axis',(0.,0.707106781186548,-0.707106781186547));
#6630=DIRECTION('',(1.,0.,0.));
#6631=DIRECTION('',(-1.,0.,0.));
#6632=DIRECTION('center_axis',(0.,0.,-1.));
#6633=DIRECTION('ref_axis',(0.707106781186548,0.707106781186548,0.));
#6634=DIRECTION('',(0.,0.,-1.));
#6635=DIRECTION('',(0.,0.,1.));
#6636=DIRECTION('center_axis',(-0.707106781186548,0.,-0.707106781186548));
#6637=DIRECTION('ref_axis',(-0.707106781186548,0.,0.707106781186548));
#6638=DIRECTION('center_axis',(-0.408248290463863,-0.816496580927726,-0.408248290463863));
#6639=DIRECTION('ref_axis',(0.577350269189622,-0.577350269189634,0.577350269189622));
#6640=DIRECTION('center_axis',(1.,0.,0.));
#6641=DIRECTION('ref_axis',(0.,-1.,0.));
#6642=DIRECTION('center_axis',(0.,0.,1.));
#6643=DIRECTION('ref_axis',(1.,0.,0.));
#6644=DIRECTION('center_axis',(0.,-1.,0.));
#6645=DIRECTION('ref_axis',(0.,0.,1.));
#6646=DIRECTION('center_axis',(0.408248290463863,-0.816496580927726,-0.408248290463863));
#6647=DIRECTION('ref_axis',(0.577350269189622,0.577350269189634,-0.577350269189622));
#6648=DIRECTION('center_axis',(1.,0.,0.));
#6649=DIRECTION('ref_axis',(0.,1.,0.));
#6650=DIRECTION('center_axis',(0.,0.,-1.));
#6651=DIRECTION('ref_axis',(1.,0.,0.));
#6652=DIRECTION('center_axis',(0.,1.,0.));
#6653=DIRECTION('ref_axis',(0.,0.,-1.));
#6654=DIRECTION('center_axis',(0.,0.,1.));
#6655=DIRECTION('ref_axis',(0.707106781186548,0.707106781186548,0.));
#6656=DIRECTION('',(0.,0.,-1.));
#6657=DIRECTION('',(0.,0.,1.));
#6658=DIRECTION('center_axis',(-0.408248290463877,0.408248290463853,-0.816496580927724));
#6659=DIRECTION('ref_axis',(0.577350269189635,-0.577350269189612,-0.577350269189631));
#6660=DIRECTION('center_axis',(1.,0.,0.));
#6661=DIRECTION('ref_axis',(0.,0.,-1.));
#6662=DIRECTION('center_axis',(0.,-1.,0.));
#6663=DIRECTION('ref_axis',(1.,0.,0.));
#6664=DIRECTION('center_axis',(0.,0.,-1.));
#6665=DIRECTION('ref_axis',(0.,-1.,0.));
#6666=DIRECTION('center_axis',(0.,-1.,0.));
#6667=DIRECTION('ref_axis',(0.707106781186548,0.,-0.707106781186547));
#6668=DIRECTION('',(0.,1.,0.));
#6669=DIRECTION('',(0.,-1.,0.));
#6670=DIRECTION('center_axis',(-0.408248290463863,-0.816496580927726,0.408248290463863));
#6671=DIRECTION('ref_axis',(0.577350269189629,-0.577350269189617,-0.577350269189632));
#6672=DIRECTION('center_axis',(0.,-1.,0.));
#6673=DIRECTION('ref_axis',(1.,0.,0.));
#6674=DIRECTION('center_axis',(-2.31296463463574E-15,0.,-1.));
#6675=DIRECTION('ref_axis',(0.,-1.,0.));
#6676=DIRECTION('center_axis',(1.,0.,0.));
#6677=DIRECTION('ref_axis',(0.,0.,-1.));
#6678=DIRECTION('center_axis',(0.,0.,1.));
#6679=DIRECTION('ref_axis',(0.707106781186548,-0.707106781186548,0.));
#6680=DIRECTION('',(0.,0.,-1.));
#6681=DIRECTION('',(0.,0.,1.));
#6682=DIRECTION('center_axis',(0.,0.,1.));
#6683=DIRECTION('ref_axis',(0.707106781186548,-0.707106781186548,0.));
#6684=DIRECTION('',(0.,0.,-1.));
#6685=DIRECTION('',(0.,0.,1.));
#6686=DIRECTION('center_axis',(-0.707106781186548,0.,-0.707106781186547));
#6687=DIRECTION('ref_axis',(0.707106781186547,0.,-0.707106781186548));
#6688=DIRECTION('center_axis',(1.,0.,-4.08170229641601E-16));
#6689=DIRECTION('ref_axis',(-2.88619937258047E-16,-0.707106781186548,-0.707106781186548));
#6690=DIRECTION('',(1.,0.,-4.08170229641601E-16));
#6691=DIRECTION('',(-1.,0.,4.08170229641601E-16));
#6692=DIRECTION('center_axis',(0.,1.,0.));
#6693=DIRECTION('ref_axis',(0.707106781186548,0.,-0.707106781186548));
#6694=DIRECTION('',(0.,-1.,0.));
#6695=DIRECTION('',(0.,1.,0.));
#6696=DIRECTION('center_axis',(1.,0.,0.));
#6697=DIRECTION('ref_axis',(0.,-0.707106781186548,-0.707106781186547));
#6698=DIRECTION('',(-1.,0.,0.));
#6699=DIRECTION('',(1.,0.,0.));
#6700=DIRECTION('center_axis',(-1.,0.,4.08170229641601E-16));
#6701=DIRECTION('ref_axis',(0.,0.707106781186548,-0.707106781186548));
#6702=DIRECTION('',(1.,0.,-4.08170229641601E-16));
#6703=DIRECTION('',(-1.,0.,4.08170229641601E-16));
#6704=DIRECTION('center_axis',(0.,1.,0.));
#6705=DIRECTION('ref_axis',(0.707106781186548,0.,0.707106781186548));
#6706=DIRECTION('',(0.,-1.,0.));
#6707=DIRECTION('',(0.,1.,0.));
#6708=DIRECTION('center_axis',(1.,0.,0.));
#6709=DIRECTION('ref_axis',(0.,-0.707106781186548,0.707106781186548));
#6710=DIRECTION('',(-1.,0.,0.));
#6711=DIRECTION('',(1.,0.,0.));
#6712=DIRECTION('center_axis',(0.,0.,1.));
#6713=DIRECTION('ref_axis',(-0.707106781186548,-0.707106781186548,0.));
#6714=DIRECTION('',(0.,0.,-1.));
#6715=DIRECTION('',(0.,0.,1.));
#6716=DIRECTION('center_axis',(-1.,0.,0.));
#6717=DIRECTION('ref_axis',(0.,0.707106781186548,0.707106781186548));
#6718=DIRECTION('',(1.,0.,0.));
#6719=DIRECTION('',(-1.,0.,0.));
#6720=DIRECTION('center_axis',(0.,-1.,0.));
#6721=DIRECTION('ref_axis',(-0.707106781186548,0.,0.707106781186548));
#6722=DIRECTION('',(0.,1.,0.));
#6723=DIRECTION('',(0.,-1.,0.));
#6724=DIRECTION('center_axis',(0.,0.,1.));
#6725=DIRECTION('ref_axis',(-0.707106781186548,0.707106781186548,0.));
#6726=DIRECTION('',(0.,0.,-1.));
#6727=DIRECTION('',(0.,0.,1.));
#6728=DIRECTION('center_axis',(-1.,0.,0.));
#6729=DIRECTION('ref_axis',(0.,0.,-1.));
#6730=DIRECTION('',(0.,-1.,0.));
#6731=DIRECTION('center_axis',(-1.,0.,0.));
#6732=DIRECTION('ref_axis',(0.,-1.,0.));
#6733=DIRECTION('center_axis',(0.,0.,1.));
#6734=DIRECTION('ref_axis',(1.,0.,0.));
#6735=DIRECTION('center_axis',(0.,1.,0.));
#6736=DIRECTION('ref_axis',(-1.,0.,0.));
#6737=DIRECTION('center_axis',(1.,0.,0.));
#6738=DIRECTION('ref_axis',(0.,1.,0.));
#6739=DIRECTION('center_axis',(0.,-1.,0.));
#6740=DIRECTION('ref_axis',(1.,0.,0.));
#6741=DIRECTION('center_axis',(0.,0.,1.));
#6742=DIRECTION('ref_axis',(1.,0.,0.));
#6743=DIRECTION('center_axis',(0.,0.,1.));
#6744=DIRECTION('ref_axis',(1.,0.,0.));
#6745=DIRECTION('center_axis',(0.,0.,1.));
#6746=DIRECTION('ref_axis',(1.,0.,0.));
#6747=DIRECTION('center_axis',(0.,0.,-1.));
#6748=DIRECTION('ref_axis',(1.,0.,0.));
#6749=DIRECTION('center_axis',(0.,-1.,0.));
#6750=DIRECTION('ref_axis',(-1.,0.,0.));
#6751=DIRECTION('center_axis',(0.,0.,1.));
#6752=DIRECTION('ref_axis',(1.,0.,0.));
#6753=DIRECTION('center_axis',(4.08170229641601E-16,0.,1.));
#6754=DIRECTION('ref_axis',(-1.,0.,4.08170229641601E-16));
#6755=DIRECTION('axis',(0.,0.,1.));
#6756=DIRECTION('refdir',(1.,0.,0.));
#6757=DIRECTION('center_axis',(-1.,0.,0.));
#6758=DIRECTION('ref_axis',(0.,0.,1.));
#6759=DIRECTION('',(0.,1.,0.));
#6760=DIRECTION('',(0.,0.198294713690414,0.980142441955472));
#6761=DIRECTION('',(0.,-1.,0.));
#6762=DIRECTION('',(0.,0.198294713690414,-0.980142441955472));
#6763=DIRECTION('center_axis',(0.,-0.980142441955473,-0.198294713690414));
#6764=DIRECTION('ref_axis',(0.,-0.198294713690414,0.980142441955472));
#6765=DIRECTION('',(1.,0.,0.));
#6766=DIRECTION('',(-1.,-1.15648231731787E-15,0.));
#6767=DIRECTION('',(0.,-0.198294713690414,0.980142441955472));
#6768=DIRECTION('center_axis',(0.,0.980142441955473,-0.198294713690414));
#6769=DIRECTION('ref_axis',(0.,-0.198294713690414,-0.980142441955472));
#6770=DIRECTION('',(1.,0.,0.));
#6771=DIRECTION('',(-1.,0.,0.));
#6772=DIRECTION('',(0.,-0.198294713690414,-0.980142441955472));
#6773=DIRECTION('center_axis',(0.,0.,-1.));
#6774=DIRECTION('ref_axis',(0.,-1.,0.));
#6775=DIRECTION('',(0.,-1.,0.));
#6776=DIRECTION('center_axis',(1.,0.,0.));
#6777=DIRECTION('ref_axis',(0.,-1.,0.));
#6778=DIRECTION('',(0.,0.,-1.));
#6779=DIRECTION('',(0.,-1.,0.));
#6780=DIRECTION('',(0.,0.,-1.));
#6781=DIRECTION('center_axis',(1.15648231731787E-15,-1.,0.));
#6782=DIRECTION('ref_axis',(-1.,-1.15648231731787E-15,0.));
#6783=DIRECTION('',(-1.,-1.15648231731787E-15,0.));
#6784=DIRECTION('',(0.,0.,-1.));
#6785=DIRECTION('',(-1.,-1.15648231731787E-15,0.));
#6786=DIRECTION('center_axis',(0.,0.,1.));
#6787=DIRECTION('ref_axis',(0.,-1.,0.));
#6788=DIRECTION('center_axis',(0.,0.,1.));
#6789=DIRECTION('ref_axis',(0.,-1.,0.));
#6790=DIRECTION('',(0.,0.,-1.));
#6791=DIRECTION('center_axis',(0.,0.,1.));
#6792=DIRECTION('ref_axis',(0.,-1.,0.));
#6793=DIRECTION('center_axis',(0.,1.,0.));
#6794=DIRECTION('ref_axis',(1.,0.,0.));
#6795=DIRECTION('',(1.,0.,0.));
#6796=DIRECTION('',(1.,0.,0.));
#6797=DIRECTION('center_axis',(0.,0.,1.));
#6798=DIRECTION('ref_axis',(1.,0.,0.));
#6799=DIRECTION('center_axis',(0.,0.,1.));
#6800=DIRECTION('ref_axis',(1.,0.,0.));
#6801=DIRECTION('center_axis',(-1.,0.,0.));
#6802=DIRECTION('ref_axis',(0.,0.,1.));
#6803=DIRECTION('',(0.,1.,0.));
#6804=DIRECTION('',(0.,0.198294713690414,0.980142441955472));
#6805=DIRECTION('',(0.,-1.,0.));
#6806=DIRECTION('',(0.,0.198294713690414,-0.980142441955472));
#6807=DIRECTION('center_axis',(0.,-0.980142441955473,-0.198294713690414));
#6808=DIRECTION('ref_axis',(0.,-0.198294713690414,0.980142441955472));
#6809=DIRECTION('',(1.,0.,0.));
#6810=DIRECTION('',(-1.,-1.15648231731787E-15,0.));
#6811=DIRECTION('',(0.,-0.198294713690414,0.980142441955472));
#6812=DIRECTION('center_axis',(0.,0.980142441955473,-0.198294713690414));
#6813=DIRECTION('ref_axis',(0.,-0.198294713690414,-0.980142441955472));
#6814=DIRECTION('',(1.,0.,0.));
#6815=DIRECTION('',(-1.,0.,0.));
#6816=DIRECTION('',(0.,-0.198294713690414,-0.980142441955472));
#6817=DIRECTION('center_axis',(0.,0.,-1.));
#6818=DIRECTION('ref_axis',(0.,-1.,0.));
#6819=DIRECTION('',(0.,-1.,0.));
#6820=DIRECTION('center_axis',(1.,0.,0.));
#6821=DIRECTION('ref_axis',(0.,-1.,0.));
#6822=DIRECTION('',(0.,0.,-1.));
#6823=DIRECTION('',(0.,-1.,0.));
#6824=DIRECTION('',(0.,0.,-1.));
#6825=DIRECTION('center_axis',(1.15648231731787E-15,-1.,0.));
#6826=DIRECTION('ref_axis',(-1.,-1.15648231731787E-15,0.));
#6827=DIRECTION('',(-1.,-1.15648231731787E-15,0.));
#6828=DIRECTION('',(0.,0.,-1.));
#6829=DIRECTION('',(-1.,-1.15648231731787E-15,0.));
#6830=DIRECTION('center_axis',(0.,0.,1.));
#6831=DIRECTION('ref_axis',(0.,-1.,0.));
#6832=DIRECTION('center_axis',(0.,0.,1.));
#6833=DIRECTION('ref_axis',(0.,-1.,0.));
#6834=DIRECTION('',(0.,0.,-1.));
#6835=DIRECTION('center_axis',(0.,0.,1.));
#6836=DIRECTION('ref_axis',(0.,-1.,0.));
#6837=DIRECTION('center_axis',(0.,1.,0.));
#6838=DIRECTION('ref_axis',(1.,0.,0.));
#6839=DIRECTION('',(1.,0.,0.));
#6840=DIRECTION('',(1.,0.,0.));
#6841=DIRECTION('center_axis',(0.,0.,1.));
#6842=DIRECTION('ref_axis',(1.,0.,0.));
#6843=DIRECTION('center_axis',(0.,0.,1.));
#6844=DIRECTION('ref_axis',(1.,0.,0.));
#6845=DIRECTION('center_axis',(-1.,0.,0.));
#6846=DIRECTION('ref_axis',(0.,0.,1.));
#6847=DIRECTION('',(0.,1.,0.));
#6848=DIRECTION('',(0.,0.198294713690414,0.980142441955472));
#6849=DIRECTION('',(0.,-1.,0.));
#6850=DIRECTION('',(0.,0.198294713690414,-0.980142441955472));
#6851=DIRECTION('center_axis',(0.,-0.980142441955473,-0.198294713690414));
#6852=DIRECTION('ref_axis',(0.,-0.198294713690414,0.980142441955472));
#6853=DIRECTION('',(1.,0.,0.));
#6854=DIRECTION('',(-1.,-1.15648231731787E-15,0.));
#6855=DIRECTION('',(0.,-0.198294713690414,0.980142441955472));
#6856=DIRECTION('center_axis',(0.,0.980142441955473,-0.198294713690414));
#6857=DIRECTION('ref_axis',(0.,-0.198294713690414,-0.980142441955472));
#6858=DIRECTION('',(1.,0.,0.));
#6859=DIRECTION('',(-1.,0.,0.));
#6860=DIRECTION('',(0.,-0.198294713690414,-0.980142441955472));
#6861=DIRECTION('center_axis',(0.,0.,-1.));
#6862=DIRECTION('ref_axis',(0.,-1.,0.));
#6863=DIRECTION('',(0.,-1.,0.));
#6864=DIRECTION('center_axis',(1.,0.,0.));
#6865=DIRECTION('ref_axis',(0.,-1.,0.));
#6866=DIRECTION('',(0.,0.,-1.));
#6867=DIRECTION('',(0.,-1.,0.));
#6868=DIRECTION('',(0.,0.,-1.));
#6869=DIRECTION('center_axis',(1.15648231731787E-15,-1.,0.));
#6870=DIRECTION('ref_axis',(-1.,-1.15648231731787E-15,0.));
#6871=DIRECTION('',(-1.,-1.15648231731787E-15,0.));
#6872=DIRECTION('',(0.,0.,-1.));
#6873=DIRECTION('',(-1.,-1.15648231731787E-15,0.));
#6874=DIRECTION('center_axis',(0.,0.,1.));
#6875=DIRECTION('ref_axis',(0.,-1.,0.));
#6876=DIRECTION('center_axis',(0.,0.,1.));
#6877=DIRECTION('ref_axis',(0.,-1.,0.));
#6878=DIRECTION('',(0.,0.,-1.));
#6879=DIRECTION('center_axis',(0.,0.,1.));
#6880=DIRECTION('ref_axis',(0.,-1.,0.));
#6881=DIRECTION('center_axis',(0.,1.,0.));
#6882=DIRECTION('ref_axis',(1.,0.,0.));
#6883=DIRECTION('',(1.,0.,0.));
#6884=DIRECTION('',(1.,0.,0.));
#6885=DIRECTION('center_axis',(0.,0.,1.));
#6886=DIRECTION('ref_axis',(1.,0.,0.));
#6887=DIRECTION('center_axis',(0.,0.,1.));
#6888=DIRECTION('ref_axis',(1.,0.,0.));
#6889=DIRECTION('center_axis',(-1.,0.,0.));
#6890=DIRECTION('ref_axis',(0.,0.,1.));
#6891=DIRECTION('',(0.,1.,0.));
#6892=DIRECTION('',(0.,0.198294713690414,0.980142441955472));
#6893=DIRECTION('',(0.,-1.,0.));
#6894=DIRECTION('',(0.,0.198294713690414,-0.980142441955472));
#6895=DIRECTION('center_axis',(0.,-0.980142441955473,-0.198294713690414));
#6896=DIRECTION('ref_axis',(0.,-0.198294713690414,0.980142441955472));
#6897=DIRECTION('',(1.,0.,0.));
#6898=DIRECTION('',(-1.,-1.15648231731787E-15,0.));
#6899=DIRECTION('',(0.,-0.198294713690414,0.980142441955472));
#6900=DIRECTION('center_axis',(0.,0.980142441955473,-0.198294713690414));
#6901=DIRECTION('ref_axis',(0.,-0.198294713690414,-0.980142441955472));
#6902=DIRECTION('',(1.,0.,0.));
#6903=DIRECTION('',(-1.,0.,0.));
#6904=DIRECTION('',(0.,-0.198294713690414,-0.980142441955472));
#6905=DIRECTION('center_axis',(0.,0.,-1.));
#6906=DIRECTION('ref_axis',(0.,-1.,0.));
#6907=DIRECTION('',(0.,-1.,0.));
#6908=DIRECTION('center_axis',(1.,0.,0.));
#6909=DIRECTION('ref_axis',(0.,-1.,0.));
#6910=DIRECTION('',(0.,0.,-1.));
#6911=DIRECTION('',(0.,-1.,0.));
#6912=DIRECTION('',(0.,0.,-1.));
#6913=DIRECTION('center_axis',(1.15648231731787E-15,-1.,0.));
#6914=DIRECTION('ref_axis',(-1.,-1.15648231731787E-15,0.));
#6915=DIRECTION('',(-1.,-1.15648231731787E-15,0.));
#6916=DIRECTION('',(0.,0.,-1.));
#6917=DIRECTION('',(-1.,-1.15648231731787E-15,0.));
#6918=DIRECTION('center_axis',(0.,0.,1.));
#6919=DIRECTION('ref_axis',(0.,-1.,0.));
#6920=DIRECTION('center_axis',(0.,0.,1.));
#6921=DIRECTION('ref_axis',(0.,-1.,0.));
#6922=DIRECTION('',(0.,0.,-1.));
#6923=DIRECTION('center_axis',(0.,0.,1.));
#6924=DIRECTION('ref_axis',(0.,-1.,0.));
#6925=DIRECTION('center_axis',(0.,1.,0.));
#6926=DIRECTION('ref_axis',(1.,0.,0.));
#6927=DIRECTION('',(1.,0.,0.));
#6928=DIRECTION('',(1.,0.,0.));
#6929=DIRECTION('center_axis',(0.,0.,1.));
#6930=DIRECTION('ref_axis',(1.,0.,0.));
#6931=DIRECTION('center_axis',(0.,0.,1.));
#6932=DIRECTION('ref_axis',(1.,0.,0.));
#6933=DIRECTION('center_axis',(-1.,0.,0.));
#6934=DIRECTION('ref_axis',(0.,0.,1.));
#6935=DIRECTION('',(0.,1.,0.));
#6936=DIRECTION('',(0.,0.198294713690414,0.980142441955472));
#6937=DIRECTION('',(0.,-1.,0.));
#6938=DIRECTION('',(0.,0.198294713690414,-0.980142441955472));
#6939=DIRECTION('center_axis',(0.,-0.980142441955473,-0.198294713690414));
#6940=DIRECTION('ref_axis',(0.,-0.198294713690414,0.980142441955472));
#6941=DIRECTION('',(1.,0.,0.));
#6942=DIRECTION('',(-1.,-1.15648231731787E-15,0.));
#6943=DIRECTION('',(0.,-0.198294713690414,0.980142441955472));
#6944=DIRECTION('center_axis',(0.,0.980142441955473,-0.198294713690414));
#6945=DIRECTION('ref_axis',(0.,-0.198294713690414,-0.980142441955472));
#6946=DIRECTION('',(1.,0.,0.));
#6947=DIRECTION('',(-1.,0.,0.));
#6948=DIRECTION('',(0.,-0.198294713690414,-0.980142441955472));
#6949=DIRECTION('center_axis',(0.,0.,-1.));
#6950=DIRECTION('ref_axis',(0.,-1.,0.));
#6951=DIRECTION('',(0.,-1.,0.));
#6952=DIRECTION('center_axis',(1.,0.,0.));
#6953=DIRECTION('ref_axis',(0.,-1.,0.));
#6954=DIRECTION('',(0.,0.,-1.));
#6955=DIRECTION('',(0.,-1.,0.));
#6956=DIRECTION('',(0.,0.,-1.));
#6957=DIRECTION('center_axis',(1.15648231731787E-15,-1.,0.));
#6958=DIRECTION('ref_axis',(-1.,-1.15648231731787E-15,0.));
#6959=DIRECTION('',(-1.,-1.15648231731787E-15,0.));
#6960=DIRECTION('',(0.,0.,-1.));
#6961=DIRECTION('',(-1.,-1.15648231731787E-15,0.));
#6962=DIRECTION('center_axis',(0.,0.,1.));
#6963=DIRECTION('ref_axis',(0.,-1.,0.));
#6964=DIRECTION('center_axis',(0.,0.,1.));
#6965=DIRECTION('ref_axis',(0.,-1.,0.));
#6966=DIRECTION('',(0.,0.,-1.));
#6967=DIRECTION('center_axis',(0.,0.,1.));
#6968=DIRECTION('ref_axis',(0.,-1.,0.));
#6969=DIRECTION('center_axis',(0.,1.,0.));
#6970=DIRECTION('ref_axis',(1.,0.,0.));
#6971=DIRECTION('',(1.,0.,0.));
#6972=DIRECTION('',(1.,0.,0.));
#6973=DIRECTION('center_axis',(0.,0.,1.));
#6974=DIRECTION('ref_axis',(1.,0.,0.));
#6975=DIRECTION('center_axis',(0.,0.,1.));
#6976=DIRECTION('ref_axis',(1.,0.,0.));
#6977=DIRECTION('center_axis',(-1.,0.,0.));
#6978=DIRECTION('ref_axis',(0.,0.,1.));
#6979=DIRECTION('',(0.,1.,0.));
#6980=DIRECTION('',(0.,0.198294713690414,0.980142441955472));
#6981=DIRECTION('',(0.,-1.,0.));
#6982=DIRECTION('',(0.,0.198294713690414,-0.980142441955472));
#6983=DIRECTION('center_axis',(0.,-0.980142441955473,-0.198294713690414));
#6984=DIRECTION('ref_axis',(0.,-0.198294713690414,0.980142441955472));
#6985=DIRECTION('',(1.,0.,0.));
#6986=DIRECTION('',(-1.,-1.15648231731787E-15,0.));
#6987=DIRECTION('',(0.,-0.198294713690414,0.980142441955472));
#6988=DIRECTION('center_axis',(0.,0.980142441955473,-0.198294713690414));
#6989=DIRECTION('ref_axis',(0.,-0.198294713690414,-0.980142441955472));
#6990=DIRECTION('',(1.,0.,0.));
#6991=DIRECTION('',(-1.,0.,0.));
#6992=DIRECTION('',(0.,-0.198294713690414,-0.980142441955472));
#6993=DIRECTION('center_axis',(0.,0.,-1.));
#6994=DIRECTION('ref_axis',(0.,-1.,0.));
#6995=DIRECTION('',(0.,-1.,0.));
#6996=DIRECTION('center_axis',(1.,0.,0.));
#6997=DIRECTION('ref_axis',(0.,-1.,0.));
#6998=DIRECTION('',(0.,0.,-1.));
#6999=DIRECTION('',(0.,-1.,0.));
#7000=DIRECTION('',(0.,0.,-1.));
#7001=DIRECTION('center_axis',(1.15648231731787E-15,-1.,0.));
#7002=DIRECTION('ref_axis',(-1.,-1.15648231731787E-15,0.));
#7003=DIRECTION('',(-1.,-1.15648231731787E-15,0.));
#7004=DIRECTION('',(0.,0.,-1.));
#7005=DIRECTION('',(-1.,-1.15648231731787E-15,0.));
#7006=DIRECTION('center_axis',(0.,0.,1.));
#7007=DIRECTION('ref_axis',(0.,-1.,0.));
#7008=DIRECTION('center_axis',(0.,0.,1.));
#7009=DIRECTION('ref_axis',(0.,-1.,0.));
#7010=DIRECTION('',(0.,0.,-1.));
#7011=DIRECTION('center_axis',(0.,0.,1.));
#7012=DIRECTION('ref_axis',(0.,-1.,0.));
#7013=DIRECTION('center_axis',(0.,1.,0.));
#7014=DIRECTION('ref_axis',(1.,0.,0.));
#7015=DIRECTION('',(1.,0.,0.));
#7016=DIRECTION('',(1.,0.,0.));
#7017=DIRECTION('center_axis',(0.,0.,1.));
#7018=DIRECTION('ref_axis',(1.,0.,0.));
#7019=DIRECTION('center_axis',(0.,0.,1.));
#7020=DIRECTION('ref_axis',(1.,0.,0.));
#7021=DIRECTION('center_axis',(-1.,0.,0.));
#7022=DIRECTION('ref_axis',(0.,0.,1.));
#7023=DIRECTION('',(0.,1.,0.));
#7024=DIRECTION('',(0.,0.198294713690414,-0.980142441955472));
#7025=DIRECTION('',(0.,1.,0.));
#7026=DIRECTION('',(0.,0.198294713690414,0.980142441955472));
#7027=DIRECTION('center_axis',(0.,0.980142441955473,0.198294713690414));
#7028=DIRECTION('ref_axis',(0.,-0.198294713690414,0.980142441955472));
#7029=DIRECTION('',(-1.,0.,0.));
#7030=DIRECTION('',(0.,-0.198294713690414,0.980142441955472));
#7031=DIRECTION('',(1.,-1.15648231731787E-15,0.));
#7032=DIRECTION('center_axis',(0.,-0.980142441955473,0.198294713690414));
#7033=DIRECTION('ref_axis',(0.,-0.198294713690414,-0.980142441955472));
#7034=DIRECTION('',(-1.,0.,0.));
#7035=DIRECTION('',(0.,-0.198294713690414,-0.980142441955472));
#7036=DIRECTION('',(1.,0.,0.));
#7037=DIRECTION('center_axis',(0.,0.,1.));
#7038=DIRECTION('ref_axis',(0.,-1.,0.));
#7039=DIRECTION('',(0.,-1.,0.));
#7040=DIRECTION('center_axis',(1.,0.,0.));
#7041=DIRECTION('ref_axis',(0.,-1.,0.));
#7042=DIRECTION('',(0.,0.,-1.));
#7043=DIRECTION('',(0.,-1.,0.));
#7044=DIRECTION('',(0.,0.,-1.));
#7045=DIRECTION('center_axis',(1.15648231731787E-15,1.,0.));
#7046=DIRECTION('ref_axis',(1.,-1.15648231731787E-15,0.));
#7047=DIRECTION('',(1.,-1.15648231731787E-15,0.));
#7048=DIRECTION('',(1.,-1.15648231731787E-15,0.));
#7049=DIRECTION('',(0.,0.,-1.));
#7050=DIRECTION('center_axis',(0.,0.,-1.));
#7051=DIRECTION('ref_axis',(0.,-1.,0.));
#7052=DIRECTION('center_axis',(0.,0.,-1.));
#7053=DIRECTION('ref_axis',(0.,-1.,0.));
#7054=DIRECTION('center_axis',(0.,0.,-1.));
#7055=DIRECTION('ref_axis',(0.,-1.,0.));
#7056=DIRECTION('',(0.,0.,-1.));
#7057=DIRECTION('center_axis',(0.,-1.,0.));
#7058=DIRECTION('ref_axis',(-1.,0.,0.));
#7059=DIRECTION('',(-1.,0.,0.));
#7060=DIRECTION('',(-1.,0.,0.));
#7061=DIRECTION('center_axis',(0.,0.,-1.));
#7062=DIRECTION('ref_axis',(-1.,0.,0.));
#7063=DIRECTION('center_axis',(0.,0.,-1.));
#7064=DIRECTION('ref_axis',(-1.,0.,0.));
#7065=DIRECTION('center_axis',(-1.,0.,0.));
#7066=DIRECTION('ref_axis',(0.,0.,1.));
#7067=DIRECTION('',(0.,1.,0.));
#7068=DIRECTION('',(0.,0.198294713690414,-0.980142441955472));
#7069=DIRECTION('',(0.,1.,0.));
#7070=DIRECTION('',(0.,0.198294713690414,0.980142441955472));
#7071=DIRECTION('center_axis',(0.,0.980142441955473,0.198294713690414));
#7072=DIRECTION('ref_axis',(0.,-0.198294713690414,0.980142441955472));
#7073=DIRECTION('',(-1.,0.,0.));
#7074=DIRECTION('',(0.,-0.198294713690414,0.980142441955472));
#7075=DIRECTION('',(1.,-1.15648231731787E-15,0.));
#7076=DIRECTION('center_axis',(0.,-0.980142441955473,0.198294713690414));
#7077=DIRECTION('ref_axis',(0.,-0.198294713690414,-0.980142441955472));
#7078=DIRECTION('',(-1.,0.,0.));
#7079=DIRECTION('',(0.,-0.198294713690414,-0.980142441955472));
#7080=DIRECTION('',(1.,0.,0.));
#7081=DIRECTION('center_axis',(0.,0.,1.));
#7082=DIRECTION('ref_axis',(0.,-1.,0.));
#7083=DIRECTION('',(0.,-1.,0.));
#7084=DIRECTION('center_axis',(1.,0.,0.));
#7085=DIRECTION('ref_axis',(0.,-1.,0.));
#7086=DIRECTION('',(0.,0.,-1.));
#7087=DIRECTION('',(0.,-1.,0.));
#7088=DIRECTION('',(0.,0.,-1.));
#7089=DIRECTION('center_axis',(1.15648231731787E-15,1.,0.));
#7090=DIRECTION('ref_axis',(1.,-1.15648231731787E-15,0.));
#7091=DIRECTION('',(1.,-1.15648231731787E-15,0.));
#7092=DIRECTION('',(1.,-1.15648231731787E-15,0.));
#7093=DIRECTION('',(0.,0.,-1.));
#7094=DIRECTION('center_axis',(0.,0.,-1.));
#7095=DIRECTION('ref_axis',(0.,-1.,0.));
#7096=DIRECTION('center_axis',(0.,0.,-1.));
#7097=DIRECTION('ref_axis',(0.,-1.,0.));
#7098=DIRECTION('center_axis',(0.,0.,-1.));
#7099=DIRECTION('ref_axis',(0.,-1.,0.));
#7100=DIRECTION('',(0.,0.,-1.));
#7101=DIRECTION('center_axis',(0.,-1.,0.));
#7102=DIRECTION('ref_axis',(-1.,0.,0.));
#7103=DIRECTION('',(-1.,0.,0.));
#7104=DIRECTION('',(-1.,0.,0.));
#7105=DIRECTION('center_axis',(0.,0.,-1.));
#7106=DIRECTION('ref_axis',(-1.,0.,0.));
#7107=DIRECTION('center_axis',(0.,0.,-1.));
#7108=DIRECTION('ref_axis',(-1.,0.,0.));
#7109=DIRECTION('center_axis',(-1.,0.,0.));
#7110=DIRECTION('ref_axis',(0.,0.,1.));
#7111=DIRECTION('',(0.,1.,0.));
#7112=DIRECTION('',(0.,0.198294713690414,-0.980142441955472));
#7113=DIRECTION('',(0.,1.,0.));
#7114=DIRECTION('',(0.,0.198294713690414,0.980142441955472));
#7115=DIRECTION('center_axis',(0.,0.980142441955473,0.198294713690414));
#7116=DIRECTION('ref_axis',(0.,-0.198294713690414,0.980142441955472));
#7117=DIRECTION('',(-1.,0.,0.));
#7118=DIRECTION('',(0.,-0.198294713690414,0.980142441955472));
#7119=DIRECTION('',(1.,-1.15648231731787E-15,0.));
#7120=DIRECTION('center_axis',(0.,-0.980142441955473,0.198294713690414));
#7121=DIRECTION('ref_axis',(0.,-0.198294713690414,-0.980142441955472));
#7122=DIRECTION('',(-1.,0.,0.));
#7123=DIRECTION('',(0.,-0.198294713690414,-0.980142441955472));
#7124=DIRECTION('',(1.,0.,0.));
#7125=DIRECTION('center_axis',(0.,0.,1.));
#7126=DIRECTION('ref_axis',(0.,-1.,0.));
#7127=DIRECTION('',(0.,-1.,0.));
#7128=DIRECTION('center_axis',(1.,0.,0.));
#7129=DIRECTION('ref_axis',(0.,-1.,0.));
#7130=DIRECTION('',(0.,0.,-1.));
#7131=DIRECTION('',(0.,-1.,0.));
#7132=DIRECTION('',(0.,0.,-1.));
#7133=DIRECTION('center_axis',(1.15648231731787E-15,1.,0.));
#7134=DIRECTION('ref_axis',(1.,-1.15648231731787E-15,0.));
#7135=DIRECTION('',(1.,-1.15648231731787E-15,0.));
#7136=DIRECTION('',(1.,-1.15648231731787E-15,0.));
#7137=DIRECTION('',(0.,0.,-1.));
#7138=DIRECTION('center_axis',(0.,0.,-1.));
#7139=DIRECTION('ref_axis',(0.,-1.,0.));
#7140=DIRECTION('center_axis',(0.,0.,-1.));
#7141=DIRECTION('ref_axis',(0.,-1.,0.));
#7142=DIRECTION('center_axis',(0.,0.,-1.));
#7143=DIRECTION('ref_axis',(0.,-1.,0.));
#7144=DIRECTION('',(0.,0.,-1.));
#7145=DIRECTION('center_axis',(0.,-1.,0.));
#7146=DIRECTION('ref_axis',(-1.,0.,0.));
#7147=DIRECTION('',(-1.,0.,0.));
#7148=DIRECTION('',(-1.,0.,0.));
#7149=DIRECTION('center_axis',(0.,0.,-1.));
#7150=DIRECTION('ref_axis',(-1.,0.,0.));
#7151=DIRECTION('center_axis',(0.,0.,-1.));
#7152=DIRECTION('ref_axis',(-1.,0.,0.));
#7153=DIRECTION('center_axis',(-1.,0.,0.));
#7154=DIRECTION('ref_axis',(0.,0.,1.));
#7155=DIRECTION('',(0.,1.,0.));
#7156=DIRECTION('',(0.,0.198294713690414,-0.980142441955472));
#7157=DIRECTION('',(0.,1.,0.));
#7158=DIRECTION('',(0.,0.198294713690414,0.980142441955472));
#7159=DIRECTION('center_axis',(0.,0.980142441955473,0.198294713690414));
#7160=DIRECTION('ref_axis',(0.,-0.198294713690414,0.980142441955472));
#7161=DIRECTION('',(-1.,0.,0.));
#7162=DIRECTION('',(0.,-0.198294713690414,0.980142441955472));
#7163=DIRECTION('',(1.,-1.15648231731787E-15,0.));
#7164=DIRECTION('center_axis',(0.,-0.980142441955473,0.198294713690414));
#7165=DIRECTION('ref_axis',(0.,-0.198294713690414,-0.980142441955472));
#7166=DIRECTION('',(-1.,0.,0.));
#7167=DIRECTION('',(0.,-0.198294713690414,-0.980142441955472));
#7168=DIRECTION('',(1.,0.,0.));
#7169=DIRECTION('center_axis',(0.,0.,1.));
#7170=DIRECTION('ref_axis',(0.,-1.,0.));
#7171=DIRECTION('',(0.,-1.,0.));
#7172=DIRECTION('center_axis',(1.,0.,0.));
#7173=DIRECTION('ref_axis',(0.,-1.,0.));
#7174=DIRECTION('',(0.,0.,-1.));
#7175=DIRECTION('',(0.,-1.,0.));
#7176=DIRECTION('',(0.,0.,-1.));
#7177=DIRECTION('center_axis',(1.15648231731787E-15,1.,0.));
#7178=DIRECTION('ref_axis',(1.,-1.15648231731787E-15,0.));
#7179=DIRECTION('',(1.,-1.15648231731787E-15,0.));
#7180=DIRECTION('',(1.,-1.15648231731787E-15,0.));
#7181=DIRECTION('',(0.,0.,-1.));
#7182=DIRECTION('center_axis',(0.,0.,-1.));
#7183=DIRECTION('ref_axis',(0.,-1.,0.));
#7184=DIRECTION('center_axis',(0.,0.,-1.));
#7185=DIRECTION('ref_axis',(0.,-1.,0.));
#7186=DIRECTION('center_axis',(0.,0.,-1.));
#7187=DIRECTION('ref_axis',(0.,-1.,0.));
#7188=DIRECTION('',(0.,0.,-1.));
#7189=DIRECTION('center_axis',(0.,-1.,0.));
#7190=DIRECTION('ref_axis',(-1.,0.,0.));
#7191=DIRECTION('',(-1.,0.,0.));
#7192=DIRECTION('',(-1.,0.,0.));
#7193=DIRECTION('center_axis',(0.,0.,-1.));
#7194=DIRECTION('ref_axis',(-1.,0.,0.));
#7195=DIRECTION('center_axis',(0.,0.,-1.));
#7196=DIRECTION('ref_axis',(-1.,0.,0.));
#7197=DIRECTION('center_axis',(-1.,0.,0.));
#7198=DIRECTION('ref_axis',(0.,0.,1.));
#7199=DIRECTION('',(0.,1.,0.));
#7200=DIRECTION('',(0.,0.198294713690414,-0.980142441955472));
#7201=DIRECTION('',(0.,1.,0.));
#7202=DIRECTION('',(0.,0.198294713690414,0.980142441955472));
#7203=DIRECTION('center_axis',(0.,0.980142441955473,0.198294713690414));
#7204=DIRECTION('ref_axis',(0.,-0.198294713690414,0.980142441955472));
#7205=DIRECTION('',(-1.,0.,0.));
#7206=DIRECTION('',(0.,-0.198294713690414,0.980142441955472));
#7207=DIRECTION('',(1.,-1.15648231731787E-15,0.));
#7208=DIRECTION('center_axis',(0.,-0.980142441955473,0.198294713690414));
#7209=DIRECTION('ref_axis',(0.,-0.198294713690414,-0.980142441955472));
#7210=DIRECTION('',(-1.,0.,0.));
#7211=DIRECTION('',(0.,-0.198294713690414,-0.980142441955472));
#7212=DIRECTION('',(1.,0.,0.));
#7213=DIRECTION('center_axis',(0.,0.,1.));
#7214=DIRECTION('ref_axis',(0.,-1.,0.));
#7215=DIRECTION('',(0.,-1.,0.));
#7216=DIRECTION('center_axis',(1.,0.,0.));
#7217=DIRECTION('ref_axis',(0.,-1.,0.));
#7218=DIRECTION('',(0.,0.,-1.));
#7219=DIRECTION('',(0.,-1.,0.));
#7220=DIRECTION('',(0.,0.,-1.));
#7221=DIRECTION('center_axis',(1.15648231731787E-15,1.,0.));
#7222=DIRECTION('ref_axis',(1.,-1.15648231731787E-15,0.));
#7223=DIRECTION('',(1.,-1.15648231731787E-15,0.));
#7224=DIRECTION('',(1.,-1.15648231731787E-15,0.));
#7225=DIRECTION('',(0.,0.,-1.));
#7226=DIRECTION('center_axis',(0.,0.,-1.));
#7227=DIRECTION('ref_axis',(0.,-1.,0.));
#7228=DIRECTION('center_axis',(0.,0.,-1.));
#7229=DIRECTION('ref_axis',(0.,-1.,0.));
#7230=DIRECTION('center_axis',(0.,0.,-1.));
#7231=DIRECTION('ref_axis',(0.,-1.,0.));
#7232=DIRECTION('',(0.,0.,-1.));
#7233=DIRECTION('center_axis',(0.,-1.,0.));
#7234=DIRECTION('ref_axis',(-1.,0.,0.));
#7235=DIRECTION('',(-1.,0.,0.));
#7236=DIRECTION('',(-1.,0.,0.));
#7237=DIRECTION('center_axis',(0.,0.,-1.));
#7238=DIRECTION('ref_axis',(-1.,0.,0.));
#7239=DIRECTION('center_axis',(0.,0.,-1.));
#7240=DIRECTION('ref_axis',(-1.,0.,0.));
#7241=DIRECTION('center_axis',(-1.,0.,0.));
#7242=DIRECTION('ref_axis',(0.,0.,1.));
#7243=DIRECTION('',(0.,1.,0.));
#7244=DIRECTION('',(0.,0.198294713690414,-0.980142441955472));
#7245=DIRECTION('',(0.,1.,0.));
#7246=DIRECTION('',(0.,0.198294713690414,0.980142441955472));
#7247=DIRECTION('center_axis',(0.,0.980142441955473,0.198294713690414));
#7248=DIRECTION('ref_axis',(0.,-0.198294713690414,0.980142441955472));
#7249=DIRECTION('',(-1.,0.,0.));
#7250=DIRECTION('',(0.,-0.198294713690414,0.980142441955472));
#7251=DIRECTION('',(1.,-1.15648231731787E-15,0.));
#7252=DIRECTION('center_axis',(0.,-0.980142441955473,0.198294713690414));
#7253=DIRECTION('ref_axis',(0.,-0.198294713690414,-0.980142441955472));
#7254=DIRECTION('',(-1.,0.,0.));
#7255=DIRECTION('',(0.,-0.198294713690414,-0.980142441955472));
#7256=DIRECTION('',(1.,0.,0.));
#7257=DIRECTION('center_axis',(0.,0.,1.));
#7258=DIRECTION('ref_axis',(0.,-1.,0.));
#7259=DIRECTION('',(0.,-1.,0.));
#7260=DIRECTION('center_axis',(1.,0.,0.));
#7261=DIRECTION('ref_axis',(0.,-1.,0.));
#7262=DIRECTION('',(0.,0.,-1.));
#7263=DIRECTION('',(0.,-1.,0.));
#7264=DIRECTION('',(0.,0.,-1.));
#7265=DIRECTION('center_axis',(1.15648231731787E-15,1.,0.));
#7266=DIRECTION('ref_axis',(1.,-1.15648231731787E-15,0.));
#7267=DIRECTION('',(1.,-1.15648231731787E-15,0.));
#7268=DIRECTION('',(1.,-1.15648231731787E-15,0.));
#7269=DIRECTION('',(0.,0.,-1.));
#7270=DIRECTION('center_axis',(0.,0.,-1.));
#7271=DIRECTION('ref_axis',(0.,-1.,0.));
#7272=DIRECTION('center_axis',(0.,0.,-1.));
#7273=DIRECTION('ref_axis',(0.,-1.,0.));
#7274=DIRECTION('center_axis',(0.,0.,-1.));
#7275=DIRECTION('ref_axis',(0.,-1.,0.));
#7276=DIRECTION('',(0.,0.,-1.));
#7277=DIRECTION('center_axis',(0.,-1.,0.));
#7278=DIRECTION('ref_axis',(-1.,0.,0.));
#7279=DIRECTION('',(-1.,0.,0.));
#7280=DIRECTION('',(-1.,0.,0.));
#7281=DIRECTION('center_axis',(0.,0.,-1.));
#7282=DIRECTION('ref_axis',(-1.,0.,0.));
#7283=DIRECTION('center_axis',(0.,0.,-1.));
#7284=DIRECTION('ref_axis',(-1.,0.,0.));
#7285=DIRECTION('center_axis',(-1.,0.,0.));
#7286=DIRECTION('ref_axis',(0.,0.,1.));
#7287=DIRECTION('',(0.,1.,0.));
#7288=DIRECTION('',(0.,0.198294713690414,-0.980142441955472));
#7289=DIRECTION('',(0.,1.,0.));
#7290=DIRECTION('',(0.,0.198294713690414,0.980142441955472));
#7291=DIRECTION('center_axis',(0.,0.980142441955473,0.198294713690414));
#7292=DIRECTION('ref_axis',(0.,-0.198294713690414,0.980142441955472));
#7293=DIRECTION('',(-1.,0.,0.));
#7294=DIRECTION('',(0.,-0.198294713690414,0.980142441955472));
#7295=DIRECTION('',(1.,-1.15648231731787E-15,0.));
#7296=DIRECTION('center_axis',(0.,-0.980142441955473,0.198294713690414));
#7297=DIRECTION('ref_axis',(0.,-0.198294713690414,-0.980142441955472));
#7298=DIRECTION('',(-1.,0.,0.));
#7299=DIRECTION('',(0.,-0.198294713690414,-0.980142441955472));
#7300=DIRECTION('',(1.,0.,0.));
#7301=DIRECTION('center_axis',(0.,0.,1.));
#7302=DIRECTION('ref_axis',(0.,-1.,0.));
#7303=DIRECTION('',(0.,-1.,0.));
#7304=DIRECTION('center_axis',(1.,0.,0.));
#7305=DIRECTION('ref_axis',(0.,-1.,0.));
#7306=DIRECTION('',(0.,0.,-1.));
#7307=DIRECTION('',(0.,-1.,0.));
#7308=DIRECTION('',(0.,0.,-1.));
#7309=DIRECTION('center_axis',(1.15648231731787E-15,1.,0.));
#7310=DIRECTION('ref_axis',(1.,-1.15648231731787E-15,0.));
#7311=DIRECTION('',(1.,-1.15648231731787E-15,0.));
#7312=DIRECTION('',(1.,-1.15648231731787E-15,0.));
#7313=DIRECTION('',(0.,0.,-1.));
#7314=DIRECTION('center_axis',(0.,0.,-1.));
#7315=DIRECTION('ref_axis',(0.,-1.,0.));
#7316=DIRECTION('center_axis',(0.,0.,-1.));
#7317=DIRECTION('ref_axis',(0.,-1.,0.));
#7318=DIRECTION('center_axis',(0.,0.,-1.));
#7319=DIRECTION('ref_axis',(0.,-1.,0.));
#7320=DIRECTION('',(0.,0.,-1.));
#7321=DIRECTION('center_axis',(0.,-1.,0.));
#7322=DIRECTION('ref_axis',(-1.,0.,0.));
#7323=DIRECTION('',(-1.,0.,0.));
#7324=DIRECTION('',(-1.,0.,0.));
#7325=DIRECTION('center_axis',(0.,0.,-1.));
#7326=DIRECTION('ref_axis',(-1.,0.,0.));
#7327=DIRECTION('center_axis',(0.,0.,-1.));
#7328=DIRECTION('ref_axis',(-1.,0.,0.));
#7329=DIRECTION('center_axis',(-1.,0.,0.));
#7330=DIRECTION('ref_axis',(0.,0.,1.));
#7331=DIRECTION('',(0.,1.,0.));
#7332=DIRECTION('',(0.,0.198294713690414,0.980142441955472));
#7333=DIRECTION('',(0.,-1.,0.));
#7334=DIRECTION('',(0.,0.198294713690414,-0.980142441955472));
#7335=DIRECTION('center_axis',(0.,-0.980142441955473,-0.198294713690414));
#7336=DIRECTION('ref_axis',(0.,-0.198294713690414,0.980142441955472));
#7337=DIRECTION('',(1.,0.,0.));
#7338=DIRECTION('',(-1.,-1.15648231731787E-15,0.));
#7339=DIRECTION('',(0.,-0.198294713690414,0.980142441955472));
#7340=DIRECTION('center_axis',(0.,0.980142441955473,-0.198294713690414));
#7341=DIRECTION('ref_axis',(0.,-0.198294713690414,-0.980142441955472));
#7342=DIRECTION('',(1.,0.,0.));
#7343=DIRECTION('',(-1.,0.,0.));
#7344=DIRECTION('',(0.,-0.198294713690414,-0.980142441955472));
#7345=DIRECTION('center_axis',(0.,0.,-1.));
#7346=DIRECTION('ref_axis',(0.,-1.,0.));
#7347=DIRECTION('',(0.,-1.,0.));
#7348=DIRECTION('center_axis',(1.,0.,0.));
#7349=DIRECTION('ref_axis',(0.,-1.,0.));
#7350=DIRECTION('',(0.,0.,-1.));
#7351=DIRECTION('',(0.,-1.,0.));
#7352=DIRECTION('',(0.,0.,-1.));
#7353=DIRECTION('center_axis',(1.15648231731787E-15,-1.,0.));
#7354=DIRECTION('ref_axis',(-1.,-1.15648231731787E-15,0.));
#7355=DIRECTION('',(-1.,-1.15648231731787E-15,0.));
#7356=DIRECTION('',(0.,0.,-1.));
#7357=DIRECTION('',(-1.,-1.15648231731787E-15,0.));
#7358=DIRECTION('center_axis',(0.,0.,1.));
#7359=DIRECTION('ref_axis',(0.,-1.,0.));
#7360=DIRECTION('center_axis',(0.,0.,1.));
#7361=DIRECTION('ref_axis',(0.,-1.,0.));
#7362=DIRECTION('',(0.,0.,-1.));
#7363=DIRECTION('center_axis',(0.,0.,1.));
#7364=DIRECTION('ref_axis',(0.,-1.,0.));
#7365=DIRECTION('center_axis',(0.,1.,0.));
#7366=DIRECTION('ref_axis',(1.,0.,0.));
#7367=DIRECTION('',(1.,0.,0.));
#7368=DIRECTION('',(1.,0.,0.));
#7369=DIRECTION('center_axis',(0.,0.,1.));
#7370=DIRECTION('ref_axis',(1.,0.,0.));
#7371=DIRECTION('center_axis',(0.,0.,1.));
#7372=DIRECTION('ref_axis',(1.,0.,0.));
#7373=DIRECTION('center_axis',(1.,2.9738116731031E-16,0.));
#7374=DIRECTION('ref_axis',(2.9738116731031E-16,-1.,0.));
#7375=DIRECTION('',(2.9738116731031E-16,-1.,0.));
#7376=DIRECTION('',(0.,0.,-1.));
#7377=DIRECTION('',(2.9738116731031E-16,-1.,0.));
#7378=DIRECTION('',(0.,0.,-1.));
#7379=DIRECTION('center_axis',(0.,1.,0.));
#7380=DIRECTION('ref_axis',(1.,0.,0.));
#7381=DIRECTION('',(1.,0.,0.));
#7382=DIRECTION('',(1.,0.,0.));
#7383=DIRECTION('',(0.,0.,-1.));
#7384=DIRECTION('center_axis',(-0.707106781186547,0.707106781186548,0.));
#7385=DIRECTION('ref_axis',(0.707106781186548,0.707106781186547,0.));
#7386=DIRECTION('',(0.707106781186548,0.707106781186547,0.));
#7387=DIRECTION('',(0.707106781186548,0.707106781186547,0.));
#7388=DIRECTION('',(0.,0.,-1.));
#7389=DIRECTION('center_axis',(-1.,-2.45935480138484E-16,0.));
#7390=DIRECTION('ref_axis',(-2.45935480138484E-16,1.,0.));
#7391=DIRECTION('',(-2.45935480138484E-16,1.,0.));
#7392=DIRECTION('',(-2.45935480138484E-16,1.,0.));
#7393=DIRECTION('',(0.,0.,-1.));
#7394=DIRECTION('center_axis',(-1.73472347597681E-16,-1.,0.));
#7395=DIRECTION('ref_axis',(-1.,1.73472347597681E-16,0.));
#7396=DIRECTION('',(-1.,1.73472347597681E-16,0.));
#7397=DIRECTION('',(-1.,1.73472347597681E-16,0.));
#7398=DIRECTION('center_axis',(0.,0.,-1.));
#7399=DIRECTION('ref_axis',(-1.,0.,0.));
#7400=DIRECTION('center_axis',(0.,0.,-1.));
#7401=DIRECTION('ref_axis',(-1.,0.,0.));
#7402=DIRECTION('axis',(0.,0.,1.));
#7403=DIRECTION('refdir',(1.,0.,0.));
#7404=DIRECTION('center_axis',(0.,0.,1.));
#7405=DIRECTION('ref_axis',(1.,0.,0.));
#7406=DIRECTION('center_axis',(0.,0.,1.));
#7407=DIRECTION('ref_axis',(1.,0.,0.));
#7408=DIRECTION('center_axis',(0.,0.,1.));
#7409=DIRECTION('ref_axis',(1.,0.,0.));
#7410=DIRECTION('',(0.,0.,-1.));
#7411=DIRECTION('center_axis',(0.,0.,1.));
#7412=DIRECTION('ref_axis',(1.,0.,0.));
#7413=DIRECTION('center_axis',(0.,0.,1.));
#7414=DIRECTION('ref_axis',(1.,0.,0.));
#7415=DIRECTION('center_axis',(0.,0.,1.));
#7416=DIRECTION('ref_axis',(1.,0.,0.));
#7417=DIRECTION('center_axis',(0.,0.,1.));
#7418=DIRECTION('ref_axis',(1.,0.,0.));
#7419=DIRECTION('axis',(0.,0.,1.));
#7420=DIRECTION('refdir',(1.,0.,0.));
#7421=DIRECTION('',(0.,0.,1.));
#7422=DIRECTION('',(0.,0.,1.));
#7423=DIRECTION('',(0.,0.,1.));
#7424=DIRECTION('',(0.,0.,1.));
#7425=DIRECTION('center_axis',(0.843739791199216,0.536752424071939,0.));
#7426=DIRECTION('ref_axis',(-0.536752424071939,0.843739791199216,0.));
#7427=DIRECTION('',(-0.536752424071939,0.843739791199216,0.));
#7428=DIRECTION('',(-0.536752424071939,0.843739791199216,0.));
#7429=DIRECTION('',(0.,0.,1.));
#7430=DIRECTION('',(0.,0.,1.));
#7431=DIRECTION('',(0.,0.,1.));
#7432=DIRECTION('',(0.,0.,1.));
#7433=DIRECTION('center_axis',(0.844743883209067,0.535170787488317,0.));
#7434=DIRECTION('ref_axis',(-0.535170787488317,0.844743883209067,0.));
#7435=DIRECTION('',(-0.535170787488317,0.844743883209067,0.));
#7436=DIRECTION('',(-0.535170787488317,0.844743883209067,0.));
#7437=DIRECTION('',(0.,0.,1.));
#7438=DIRECTION('center_axis',(4.73355933632676E-15,-1.25507825304887E-14,
1.));
#7439=DIRECTION('ref_axis',(0.507393011208967,-0.861714762654266,-1.32169695147806E-14));
#7440=DIRECTION('center_axis',(4.73355933632676E-15,-1.25507825304887E-14,
1.));
#7441=DIRECTION('ref_axis',(0.507393011208967,-0.861714762654266,-1.32169695147806E-14));
#7442=DIRECTION('',(0.,0.,1.));
#7443=DIRECTION('center_axis',(0.,0.,1.));
#7444=DIRECTION('ref_axis',(-0.608283522363341,-0.793719822368855,0.));
#7445=DIRECTION('center_axis',(0.,0.,1.));
#7446=DIRECTION('ref_axis',(-0.608283522363341,-0.793719822368855,0.));
#7447=DIRECTION('',(0.,0.,1.));
#7448=DIRECTION('',(0.,0.,1.));
#7449=DIRECTION('',(0.,0.,1.));
#7450=DIRECTION('center_axis',(-0.842685986305157,-0.538405357035853,0.));
#7451=DIRECTION('ref_axis',(0.538405357035853,-0.842685986305157,0.));
#7452=DIRECTION('',(0.538405357035853,-0.842685986305157,0.));
#7453=DIRECTION('',(0.538405357035853,-0.842685986305157,0.));
#7454=DIRECTION('',(0.,0.,1.));
#7455=DIRECTION('center_axis',(0.814109000284373,-0.580712093602311,0.));
#7456=DIRECTION('ref_axis',(0.580712093602311,0.814109000284373,0.));
#7457=DIRECTION('',(0.580712093602311,0.814109000284373,0.));
#7458=DIRECTION('',(0.580712093602311,0.814109000284373,0.));
#7459=DIRECTION('',(0.,0.,1.));
#7460=DIRECTION('center_axis',(0.,0.,1.));
#7461=DIRECTION('ref_axis',(-0.962423514465391,-0.271552902404091,0.));
#7462=DIRECTION('center_axis',(0.,0.,1.));
#7463=DIRECTION('ref_axis',(-0.962423514465391,-0.271552902404091,0.));
#7464=DIRECTION('center_axis',(0.,0.,1.));
#7465=DIRECTION('ref_axis',(-0.962423514465391,-0.271552902404091,0.));
#7466=DIRECTION('',(0.,0.,1.));
#7467=DIRECTION('',(0.,0.,1.));
#7468=DIRECTION('',(0.,0.,1.));
#7469=DIRECTION('center_axis',(0.844387175202675,0.535733420978426,0.));
#7470=DIRECTION('ref_axis',(-0.535733420978426,0.844387175202675,0.));
#7471=DIRECTION('',(-0.535733420978426,0.844387175202675,0.));
#7472=DIRECTION('',(-0.535733420978426,0.844387175202675,0.));
#7473=DIRECTION('',(0.,0.,1.));
#7474=DIRECTION('',(0.,0.,1.));
#7475=DIRECTION('center_axis',(0.998588325088843,-0.0531164475116648,0.));
#7476=DIRECTION('ref_axis',(0.0531164475116648,0.998588325088843,0.));
#7477=DIRECTION('',(0.0531164475116648,0.998588325088843,0.));
#7478=DIRECTION('',(0.0531164475116648,0.998588325088843,0.));
#7479=DIRECTION('',(0.,0.,1.));
#7480=DIRECTION('',(0.,0.,1.));
#7481=DIRECTION('center_axis',(0.,0.,1.));
#7482=DIRECTION('ref_axis',(1.,0.,0.));
#7483=DIRECTION('center_axis',(0.,0.,1.));
#7484=DIRECTION('ref_axis',(1.,0.,0.));
#7485=DIRECTION('axis',(0.,0.,1.));
#7486=DIRECTION('refdir',(1.,0.,0.));
#7487=DIRECTION('center_axis',(0.,-1.,0.));
#7488=DIRECTION('ref_axis',(1.,0.,0.));
#7489=DIRECTION('',(1.,0.,0.));
#7490=DIRECTION('',(0.,0.,1.));
#7491=DIRECTION('',(1.,0.,0.));
#7492=DIRECTION('',(0.,0.,1.));
#7493=DIRECTION('center_axis',(-1.,0.,0.));
#7494=DIRECTION('ref_axis',(0.,-1.,0.));
#7495=DIRECTION('',(0.,-1.,0.));
#7496=DIRECTION('',(0.,-1.,0.));
#7497=DIRECTION('',(0.,0.,1.));
#7498=DIRECTION('center_axis',(0.,1.,0.));
#7499=DIRECTION('ref_axis',(-1.,0.,0.));
#7500=DIRECTION('',(-1.,0.,0.));
#7501=DIRECTION('',(-1.,0.,0.));
#7502=DIRECTION('',(0.,0.,1.));
#7503=DIRECTION('center_axis',(1.,0.,0.));
#7504=DIRECTION('ref_axis',(0.,1.,0.));
#7505=DIRECTION('',(0.,1.,0.));
#7506=DIRECTION('',(0.,1.,0.));
#7507=DIRECTION('center_axis',(0.,0.,1.));
#7508=DIRECTION('ref_axis',(1.,0.,0.));
#7509=DIRECTION('center_axis',(0.,0.,1.));
#7510=DIRECTION('ref_axis',(1.,0.,0.));
#7511=DIRECTION('center_axis',(1.,0.,0.));
#7512=DIRECTION('ref_axis',(0.,1.,0.));
#7513=DIRECTION('',(0.,1.,0.));
#7514=DIRECTION('',(0.,0.,1.));
#7515=DIRECTION('',(0.,1.,0.));
#7516=DIRECTION('',(0.,0.,1.));
#7517=DIRECTION('center_axis',(0.,1.,0.));
#7518=DIRECTION('ref_axis',(-1.,0.,0.));
#7519=DIRECTION('',(-1.,0.,0.));
#7520=DIRECTION('',(-1.,0.,0.));
#7521=DIRECTION('',(0.,0.,1.));
#7522=DIRECTION('center_axis',(-1.,0.,0.));
#7523=DIRECTION('ref_axis',(0.,-1.,0.));
#7524=DIRECTION('',(0.,-1.,0.));
#7525=DIRECTION('',(0.,-1.,0.));
#7526=DIRECTION('',(0.,0.,1.));
#7527=DIRECTION('center_axis',(0.,1.,0.));
#7528=DIRECTION('ref_axis',(-1.,0.,0.));
#7529=DIRECTION('',(-1.,0.,0.));
#7530=DIRECTION('',(-1.,0.,0.));
#7531=DIRECTION('',(0.,0.,1.));
#7532=DIRECTION('center_axis',(1.,0.,0.));
#7533=DIRECTION('ref_axis',(0.,1.,0.));
#7534=DIRECTION('',(0.,1.,0.));
#7535=DIRECTION('',(0.,1.,0.));
#7536=DIRECTION('',(0.,0.,1.));
#7537=DIRECTION('center_axis',(0.,-1.,0.));
#7538=DIRECTION('ref_axis',(1.,0.,0.));
#7539=DIRECTION('',(1.,0.,0.));
#7540=DIRECTION('',(1.,0.,0.));
#7541=DIRECTION('',(0.,0.,1.));
#7542=DIRECTION('center_axis',(-1.,0.,0.));
#7543=DIRECTION('ref_axis',(0.,-1.,0.));
#7544=DIRECTION('',(0.,-1.,0.));
#7545=DIRECTION('',(0.,-1.,0.));
#7546=DIRECTION('',(0.,0.,1.));
#7547=DIRECTION('center_axis',(0.,-1.,0.));
#7548=DIRECTION('ref_axis',(1.,0.,0.));
#7549=DIRECTION('',(1.,0.,0.));
#7550=DIRECTION('',(1.,0.,0.));
#7551=DIRECTION('',(0.,0.,1.));
#7552=DIRECTION('center_axis',(1.,0.,0.));
#7553=DIRECTION('ref_axis',(0.,1.,0.));
#7554=DIRECTION('',(0.,1.,0.));
#7555=DIRECTION('',(0.,1.,0.));
#7556=DIRECTION('',(0.,0.,1.));
#7557=DIRECTION('center_axis',(0.,-1.,0.));
#7558=DIRECTION('ref_axis',(1.,0.,0.));
#7559=DIRECTION('',(1.,0.,0.));
#7560=DIRECTION('',(1.,0.,0.));
#7561=DIRECTION('',(0.,0.,1.));
#7562=DIRECTION('center_axis',(-1.,0.,0.));
#7563=DIRECTION('ref_axis',(0.,-1.,0.));
#7564=DIRECTION('',(0.,-1.,0.));
#7565=DIRECTION('',(0.,-1.,0.));
#7566=DIRECTION('',(0.,0.,1.));
#7567=DIRECTION('center_axis',(0.,1.,0.));
#7568=DIRECTION('ref_axis',(-1.,0.,0.));
#7569=DIRECTION('',(-1.,0.,0.));
#7570=DIRECTION('',(-1.,0.,0.));
#7571=DIRECTION('center_axis',(0.,0.,1.));
#7572=DIRECTION('ref_axis',(1.,0.,0.));
#7573=DIRECTION('center_axis',(0.,0.,1.));
#7574=DIRECTION('ref_axis',(1.,0.,0.));
#7575=DIRECTION('center_axis',(1.,0.,0.));
#7576=DIRECTION('ref_axis',(0.,1.,0.));
#7577=DIRECTION('',(0.,1.,0.));
#7578=DIRECTION('',(0.,0.,1.));
#7579=DIRECTION('',(0.,1.,0.));
#7580=DIRECTION('',(0.,0.,1.));
#7581=DIRECTION('center_axis',(0.,-1.,0.));
#7582=DIRECTION('ref_axis',(1.,0.,0.));
#7583=DIRECTION('',(1.,0.,0.));
#7584=DIRECTION('',(1.,0.,0.));
#7585=DIRECTION('',(0.,0.,1.));
#7586=DIRECTION('center_axis',(-1.,0.,0.));
#7587=DIRECTION('ref_axis',(0.,-1.,0.));
#7588=DIRECTION('',(0.,-1.,0.));
#7589=DIRECTION('',(0.,-1.,0.));
#7590=DIRECTION('',(0.,0.,1.));
#7591=DIRECTION('center_axis',(0.,1.,0.));
#7592=DIRECTION('ref_axis',(-1.,0.,0.));
#7593=DIRECTION('',(-1.,0.,0.));
#7594=DIRECTION('',(-1.,0.,0.));
#7595=DIRECTION('center_axis',(0.,0.,1.));
#7596=DIRECTION('ref_axis',(1.,0.,0.));
#7597=DIRECTION('center_axis',(0.,0.,1.));
#7598=DIRECTION('ref_axis',(1.,0.,0.));
#7599=DIRECTION('center_axis',(0.99618871141997,-0.0872241436726109,0.));
#7600=DIRECTION('ref_axis',(0.0872241436726109,0.99618871141997,0.));
#7601=DIRECTION('',(0.0872241436726109,0.99618871141997,0.));
#7602=DIRECTION('',(0.,0.,1.));
#7603=DIRECTION('',(0.0872241436726109,0.99618871141997,0.));
#7604=DIRECTION('',(0.,0.,1.));
#7605=DIRECTION('center_axis',(-0.000733003297092899,-0.999999731353047,
0.));
#7606=DIRECTION('ref_axis',(0.999999731353047,-0.000733003297092899,0.));
#7607=DIRECTION('',(0.999999731353047,-0.000733003297092899,0.));
#7608=DIRECTION('',(0.999999731353047,-0.000733003297092899,0.));
#7609=DIRECTION('',(0.,0.,1.));
#7610=DIRECTION('center_axis',(-0.994368554697488,0.105977249581352,0.));
#7611=DIRECTION('ref_axis',(-0.105977249581352,-0.994368554697488,0.));
#7612=DIRECTION('',(-0.105977249581352,-0.994368554697488,0.));
#7613=DIRECTION('',(-0.105977249581352,-0.994368554697488,0.));
#7614=DIRECTION('',(0.,0.,1.));
#7615=DIRECTION('',(0.,0.,1.));
#7616=DIRECTION('',(0.,0.,1.));
#7617=DIRECTION('center_axis',(0.929145111792909,0.369715243439248,0.));
#7618=DIRECTION('ref_axis',(-0.369715243439248,0.929145111792909,0.));
#7619=DIRECTION('',(-0.369715243439248,0.929145111792909,0.));
#7620=DIRECTION('',(-0.369715243439248,0.929145111792909,0.));
#7621=DIRECTION('',(0.,0.,1.));
#7622=DIRECTION('center_axis',(0.,1.,0.));
#7623=DIRECTION('ref_axis',(-1.,0.,0.));
#7624=DIRECTION('',(-1.,0.,0.));
#7625=DIRECTION('',(-1.,0.,0.));
#7626=DIRECTION('',(0.,0.,1.));
#7627=DIRECTION('center_axis',(-0.929165212825939,0.369664722788268,0.));
#7628=DIRECTION('ref_axis',(-0.369664722788268,-0.929165212825939,0.));
#7629=DIRECTION('',(-0.369664722788268,-0.929165212825939,0.));
#7630=DIRECTION('',(-0.369664722788268,-0.929165212825939,0.));
#7631=DIRECTION('',(0.,0.,1.));
#7632=DIRECTION('',(0.,0.,1.));
#7633=DIRECTION('center_axis',(0.,0.,1.));
#7634=DIRECTION('ref_axis',(0.0867746329961681,-0.996227967419295,0.));
#7635=DIRECTION('center_axis',(0.,0.,1.));
#7636=DIRECTION('ref_axis',(0.0867746329961681,-0.996227967419295,0.));
#7637=DIRECTION('',(0.,0.,1.));
#7638=DIRECTION('center_axis',(0.994324154194088,0.106393027902263,0.));
#7639=DIRECTION('ref_axis',(-0.106393027902263,0.994324154194088,0.));
#7640=DIRECTION('',(-0.106393027902263,0.994324154194088,0.));
#7641=DIRECTION('',(-0.106393027902263,0.994324154194088,0.));
#7642=DIRECTION('',(0.,0.,1.));
#7643=DIRECTION('center_axis',(0.000736376837691271,-0.99999972887454,0.));
#7644=DIRECTION('ref_axis',(0.99999972887454,0.000736376837691271,0.));
#7645=DIRECTION('',(0.99999972887454,0.000736376837691271,0.));
#7646=DIRECTION('',(0.99999972887454,0.000736376837691271,0.));
#7647=DIRECTION('',(0.,0.,1.));
#7648=DIRECTION('center_axis',(-0.996828421144639,-0.0795807690229579,0.));
#7649=DIRECTION('ref_axis',(0.0795807690229579,-0.996828421144639,0.));
#7650=DIRECTION('',(0.0795807690229579,-0.996828421144639,0.));
#7651=DIRECTION('',(0.0795807690229579,-0.996828421144639,0.));
#7652=DIRECTION('',(0.,0.,1.));
#7653=DIRECTION('center_axis',(0.,-1.,0.));
#7654=DIRECTION('ref_axis',(1.,0.,0.));
#7655=DIRECTION('',(1.,0.,0.));
#7656=DIRECTION('',(1.,0.,0.));
#7657=DIRECTION('',(0.,0.,1.));
#7658=DIRECTION('center_axis',(0.932857793471596,-0.360244829469218,0.));
#7659=DIRECTION('ref_axis',(0.360244829469218,0.932857793471596,0.));
#7660=DIRECTION('',(0.360244829469218,0.932857793471596,0.));
#7661=DIRECTION('',(0.360244829469218,0.932857793471596,0.));
#7662=DIRECTION('',(0.,0.,1.));
#7663=DIRECTION('center_axis',(0.,0.,1.));
#7664=DIRECTION('ref_axis',(0.268001299050872,-0.963418550634689,0.));
#7665=DIRECTION('center_axis',(0.,0.,1.));
#7666=DIRECTION('ref_axis',(0.268001299050872,-0.963418550634689,0.));
#7667=DIRECTION('',(0.,0.,1.));
#7668=DIRECTION('',(0.,0.,1.));
#7669=DIRECTION('center_axis',(-0.934015493770458,-0.357232497677252,0.));
#7670=DIRECTION('ref_axis',(0.357232497677252,-0.934015493770458,0.));
#7671=DIRECTION('',(0.357232497677252,-0.934015493770458,0.));
#7672=DIRECTION('',(0.357232497677252,-0.934015493770458,0.));
#7673=DIRECTION('',(0.,0.,1.));
#7674=DIRECTION('center_axis',(0.,-1.,0.));
#7675=DIRECTION('ref_axis',(1.,0.,0.));
#7676=DIRECTION('',(1.,0.,0.));
#7677=DIRECTION('',(1.,0.,0.));
#7678=DIRECTION('center_axis',(0.,0.,1.));
#7679=DIRECTION('ref_axis',(1.,0.,0.));
#7680=DIRECTION('center_axis',(0.,0.,1.));
#7681=DIRECTION('ref_axis',(1.,0.,0.));
#7682=DIRECTION('center_axis',(-1.,0.,0.));
#7683=DIRECTION('ref_axis',(0.,-1.,0.));
#7684=DIRECTION('',(0.,-1.,0.));
#7685=DIRECTION('',(0.,0.,1.));
#7686=DIRECTION('',(0.,-1.,0.));
#7687=DIRECTION('',(0.,0.,1.));
#7688=DIRECTION('',(0.,0.,1.));
#7689=DIRECTION('center_axis',(0.,1.,0.));
#7690=DIRECTION('ref_axis',(-1.,0.,0.));
#7691=DIRECTION('',(-1.,0.,0.));
#7692=DIRECTION('',(-1.,0.,0.));
#7693=DIRECTION('',(0.,0.,1.));
#7694=DIRECTION('',(0.,0.,1.));
#7695=DIRECTION('center_axis',(-0.00167799080964143,-0.99999859217243,0.));
#7696=DIRECTION('ref_axis',(0.99999859217243,-0.00167799080964143,0.));
#7697=DIRECTION('',(0.99999859217243,-0.00167799080964143,0.));
#7698=DIRECTION('',(0.99999859217243,-0.00167799080964143,0.));
#7699=DIRECTION('',(0.,0.,1.));
#7700=DIRECTION('',(0.,0.,1.));
#7701=DIRECTION('center_axis',(1.,0.,0.));
#7702=DIRECTION('ref_axis',(0.,1.,0.));
#7703=DIRECTION('',(0.,1.,0.));
#7704=DIRECTION('',(0.,1.,0.));
#7705=DIRECTION('',(0.,0.,1.));
#7706=DIRECTION('',(0.,0.,1.));
#7707=DIRECTION('center_axis',(-0.000815327923728664,0.999999667620133,
0.));
#7708=DIRECTION('ref_axis',(-0.999999667620133,-0.000815327923728664,0.));
#7709=DIRECTION('',(-0.999999667620133,-0.000815327923728664,0.));
#7710=DIRECTION('',(-0.999999667620133,-0.000815327923728664,0.));
#7711=DIRECTION('',(0.,0.,1.));
#7712=DIRECTION('',(0.,0.,1.));
#7713=DIRECTION('center_axis',(0.,-1.,0.));
#7714=DIRECTION('ref_axis',(1.,0.,0.));
#7715=DIRECTION('',(1.,0.,0.));
#7716=DIRECTION('',(1.,0.,0.));
#7717=DIRECTION('',(0.,0.,1.));
#7718=DIRECTION('center_axis',(0.,0.,1.));
#7719=DIRECTION('ref_axis',(1.,0.,0.));
#7720=DIRECTION('center_axis',(0.,0.,1.));
#7721=DIRECTION('ref_axis',(1.,0.,0.));
#7722=DIRECTION('center_axis',(-1.,0.,0.));
#7723=DIRECTION('ref_axis',(0.,-1.,0.));
#7724=DIRECTION('',(0.,-1.,0.));
#7725=DIRECTION('',(0.,0.,1.));
#7726=DIRECTION('',(0.,-1.,0.));
#7727=DIRECTION('',(0.,0.,1.));
#7728=DIRECTION('',(0.,0.,1.));
#7729=DIRECTION('center_axis',(0.,1.,0.));
#7730=DIRECTION('ref_axis',(-1.,0.,0.));
#7731=DIRECTION('',(-1.,0.,0.));
#7732=DIRECTION('',(-1.,0.,0.));
#7733=DIRECTION('',(0.,0.,1.));
#7734=DIRECTION('',(0.,0.,1.));
#7735=DIRECTION('center_axis',(-0.00176603884442637,-0.999998440552184,
0.));
#7736=DIRECTION('ref_axis',(0.999998440552184,-0.00176603884442637,0.));
#7737=DIRECTION('',(0.999998440552184,-0.00176603884442637,0.));
#7738=DIRECTION('',(0.999998440552184,-0.00176603884442637,0.));
#7739=DIRECTION('',(0.,0.,1.));
#7740=DIRECTION('',(0.,0.,1.));
#7741=DIRECTION('center_axis',(1.,0.,0.));
#7742=DIRECTION('ref_axis',(0.,1.,0.));
#7743=DIRECTION('',(0.,1.,0.));
#7744=DIRECTION('',(0.,1.,0.));
#7745=DIRECTION('',(0.,0.,1.));
#7746=DIRECTION('',(0.,0.,1.));
#7747=DIRECTION('center_axis',(-0.000815261453208625,0.999999667674326,
0.));
#7748=DIRECTION('ref_axis',(-0.999999667674326,-0.000815261453208625,0.));
#7749=DIRECTION('',(-0.999999667674326,-0.000815261453208625,0.));
#7750=DIRECTION('',(-0.999999667674326,-0.000815261453208625,0.));
#7751=DIRECTION('',(0.,0.,1.));
#7752=DIRECTION('',(0.,0.,1.));
#7753=DIRECTION('center_axis',(0.,-1.,0.));
#7754=DIRECTION('ref_axis',(1.,0.,0.));
#7755=DIRECTION('',(1.,0.,0.));
#7756=DIRECTION('',(1.,0.,0.));
#7757=DIRECTION('',(0.,0.,1.));
#7758=DIRECTION('center_axis',(0.,0.,1.));
#7759=DIRECTION('ref_axis',(1.,0.,0.));
#7760=DIRECTION('center_axis',(0.,0.,1.));
#7761=DIRECTION('ref_axis',(1.,0.,0.));
#7762=DIRECTION('center_axis',(0.,1.,0.));
#7763=DIRECTION('ref_axis',(-1.,0.,0.));
#7764=DIRECTION('',(-1.,0.,0.));
#7765=DIRECTION('',(0.,0.,1.));
#7766=DIRECTION('',(-1.,0.,0.));
#7767=DIRECTION('',(0.,0.,1.));
#7768=DIRECTION('center_axis',(0.,0.,-1.));
#7769=DIRECTION('ref_axis',(-0.476055478484385,0.879415249700051,0.));
#7770=DIRECTION('center_axis',(0.,0.,-1.));
#7771=DIRECTION('ref_axis',(-0.476055478484385,0.879415249700051,0.));
#7772=DIRECTION('',(0.,0.,1.));
#7773=DIRECTION('center_axis',(-1.,0.,0.));
#7774=DIRECTION('ref_axis',(0.,-1.,0.));
#7775=DIRECTION('',(0.,-1.,0.));
#7776=DIRECTION('',(0.,-1.,0.));
#7777=DIRECTION('',(0.,0.,1.));
#7778=DIRECTION('',(0.,0.,1.));
#7779=DIRECTION('center_axis',(0.,-1.,0.));
#7780=DIRECTION('ref_axis',(1.,0.,0.));
#7781=DIRECTION('',(1.,0.,0.));
#7782=DIRECTION('',(1.,0.,0.));
#7783=DIRECTION('',(0.,0.,1.));
#7784=DIRECTION('center_axis',(1.,0.,0.));
#7785=DIRECTION('ref_axis',(0.,1.,0.));
#7786=DIRECTION('',(0.,1.,0.));
#7787=DIRECTION('',(0.,1.,0.));
#7788=DIRECTION('center_axis',(0.,1.,0.));
#7789=DIRECTION('ref_axis',(-1.,0.,0.));
#7790=DIRECTION('',(-1.,0.,0.));
#7791=DIRECTION('',(0.,0.,1.));
#7792=DIRECTION('',(-1.,0.,0.));
#7793=DIRECTION('',(0.,0.,1.));
#7794=DIRECTION('',(0.,0.,1.));
#7795=DIRECTION('center_axis',(1.,0.,0.));
#7796=DIRECTION('ref_axis',(0.,1.,0.));
#7797=DIRECTION('',(0.,1.,0.));
#7798=DIRECTION('',(0.,1.,0.));
#7799=DIRECTION('',(0.,0.,1.));
#7800=DIRECTION('',(0.,0.,1.));
#7801=DIRECTION('center_axis',(0.,-1.,0.));
#7802=DIRECTION('ref_axis',(1.,0.,0.));
#7803=DIRECTION('',(1.,0.,0.));
#7804=DIRECTION('',(1.,0.,0.));
#7805=DIRECTION('',(0.,0.,1.));
#7806=DIRECTION('center_axis',(1.,0.,0.));
#7807=DIRECTION('ref_axis',(0.,1.,0.));
#7808=DIRECTION('',(0.,1.,0.));
#7809=DIRECTION('',(0.,1.,0.));
#7810=DIRECTION('',(0.,0.,1.));
#7811=DIRECTION('center_axis',(0.,-1.,0.));
#7812=DIRECTION('ref_axis',(1.,0.,0.));
#7813=DIRECTION('',(1.,0.,0.));
#7814=DIRECTION('',(1.,0.,0.));
#7815=DIRECTION('',(0.,0.,1.));
#7816=DIRECTION('center_axis',(-1.,0.,0.));
#7817=DIRECTION('ref_axis',(0.,-1.,0.));
#7818=DIRECTION('',(0.,-1.,0.));
#7819=DIRECTION('',(0.,-1.,0.));
#7820=DIRECTION('center_axis',(0.,0.,1.));
#7821=DIRECTION('ref_axis',(1.,0.,0.));
#7822=DIRECTION('center_axis',(0.,0.,1.));
#7823=DIRECTION('ref_axis',(1.,0.,0.));
#7824=DIRECTION('center_axis',(-1.,0.,0.));
#7825=DIRECTION('ref_axis',(0.,-1.,0.));
#7826=DIRECTION('',(0.,-1.,0.));
#7827=DIRECTION('',(0.,0.,1.));
#7828=DIRECTION('',(0.,-1.,0.));
#7829=DIRECTION('',(0.,0.,1.));
#7830=DIRECTION('',(0.,0.,1.));
#7831=DIRECTION('center_axis',(0.,-1.,0.));
#7832=DIRECTION('ref_axis',(1.,0.,0.));
#7833=DIRECTION('',(1.,0.,0.));
#7834=DIRECTION('',(1.,0.,0.));
#7835=DIRECTION('',(0.,0.,1.));
#7836=DIRECTION('',(0.,0.,1.));
#7837=DIRECTION('center_axis',(1.,0.,0.));
#7838=DIRECTION('ref_axis',(0.,1.,0.));
#7839=DIRECTION('',(0.,1.,0.));
#7840=DIRECTION('',(0.,1.,0.));
#7841=DIRECTION('',(0.,0.,1.));
#7842=DIRECTION('',(0.,0.,1.));
#7843=DIRECTION('center_axis',(0.,1.,0.));
#7844=DIRECTION('ref_axis',(-1.,0.,0.));
#7845=DIRECTION('',(-1.,0.,0.));
#7846=DIRECTION('',(-1.,0.,0.));
#7847=DIRECTION('',(0.,0.,1.));
#7848=DIRECTION('',(0.,0.,1.));
#7849=DIRECTION('',(0.,0.,1.));
#7850=DIRECTION('center_axis',(1.,0.,0.));
#7851=DIRECTION('ref_axis',(0.,1.,0.));
#7852=DIRECTION('',(0.,1.,0.));
#7853=DIRECTION('',(0.,1.,0.));
#7854=DIRECTION('',(0.,0.,1.));
#7855=DIRECTION('',(0.,0.,1.));
#7856=DIRECTION('center_axis',(0.,-1.,0.));
#7857=DIRECTION('ref_axis',(1.,0.,0.));
#7858=DIRECTION('',(1.,0.,0.));
#7859=DIRECTION('',(1.,0.,0.));
#7860=DIRECTION('',(0.,0.,1.));
#7861=DIRECTION('',(0.,0.,1.));
#7862=DIRECTION('center_axis',(-1.,0.,0.));
#7863=DIRECTION('ref_axis',(0.,-1.,0.));
#7864=DIRECTION('',(0.,-1.,0.));
#7865=DIRECTION('',(0.,-1.,0.));
#7866=DIRECTION('',(0.,0.,1.));
#7867=DIRECTION('',(0.,0.,1.));
#7868=DIRECTION('center_axis',(0.,1.,0.));
#7869=DIRECTION('ref_axis',(-1.,0.,0.));
#7870=DIRECTION('',(-1.,0.,0.));
#7871=DIRECTION('',(-1.,0.,0.));
#7872=DIRECTION('center_axis',(0.,0.,1.));
#7873=DIRECTION('ref_axis',(1.,0.,0.));
#7874=DIRECTION('center_axis',(0.,0.,1.));
#7875=DIRECTION('ref_axis',(1.,0.,0.));
#7876=DIRECTION('center_axis',(0.,1.,0.));
#7877=DIRECTION('ref_axis',(-1.,0.,0.));
#7878=DIRECTION('',(-1.,0.,0.));
#7879=DIRECTION('',(0.,0.,1.));
#7880=DIRECTION('',(-1.,0.,0.));
#7881=DIRECTION('',(0.,0.,1.));
#7882=DIRECTION('',(0.,0.,1.));
#7883=DIRECTION('center_axis',(-1.,0.,0.));
#7884=DIRECTION('ref_axis',(0.,-1.,0.));
#7885=DIRECTION('',(0.,-1.,0.));
#7886=DIRECTION('',(0.,-1.,0.));
#7887=DIRECTION('',(0.,0.,1.));
#7888=DIRECTION('',(0.,0.,1.));
#7889=DIRECTION('center_axis',(0.,-1.,0.));
#7890=DIRECTION('ref_axis',(1.,0.,0.));
#7891=DIRECTION('',(1.,0.,0.));
#7892=DIRECTION('',(1.,0.,0.));
#7893=DIRECTION('',(0.,0.,1.));
#7894=DIRECTION('center_axis',(1.,0.,0.));
#7895=DIRECTION('ref_axis',(0.,1.,0.));
#7896=DIRECTION('',(0.,1.,0.));
#7897=DIRECTION('',(0.,1.,0.));
#7898=DIRECTION('center_axis',(0.,-1.,0.));
#7899=DIRECTION('ref_axis',(1.,0.,0.));
#7900=DIRECTION('',(1.,0.,0.));
#7901=DIRECTION('',(0.,0.,1.));
#7902=DIRECTION('',(1.,0.,0.));
#7903=DIRECTION('',(0.,0.,1.));
#7904=DIRECTION('center_axis',(1.,0.,0.));
#7905=DIRECTION('ref_axis',(0.,1.,0.));
#7906=DIRECTION('',(0.,1.,0.));
#7907=DIRECTION('',(0.,1.,0.));
#7908=DIRECTION('',(0.,0.,1.));
#7909=DIRECTION('center_axis',(0.,-1.,0.));
#7910=DIRECTION('ref_axis',(1.,0.,0.));
#7911=DIRECTION('',(1.,0.,0.));
#7912=DIRECTION('',(1.,0.,0.));
#7913=DIRECTION('',(0.,0.,1.));
#7914=DIRECTION('center_axis',(-1.,0.,0.));
#7915=DIRECTION('ref_axis',(0.,-1.,0.));
#7916=DIRECTION('',(0.,-1.,0.));
#7917=DIRECTION('',(0.,-1.,0.));
#7918=DIRECTION('',(0.,0.,1.));
#7919=DIRECTION('center_axis',(0.,1.,0.));
#7920=DIRECTION('ref_axis',(-1.,0.,0.));
#7921=DIRECTION('',(-1.,0.,0.));
#7922=DIRECTION('',(-1.,0.,0.));
#7923=DIRECTION('',(0.,0.,1.));
#7924=DIRECTION('',(0.,0.,1.));
#7925=DIRECTION('center_axis',(1.,0.,0.));
#7926=DIRECTION('ref_axis',(0.,1.,0.));
#7927=DIRECTION('',(0.,1.,0.));
#7928=DIRECTION('',(0.,1.,0.));
#7929=DIRECTION('',(0.,0.,1.));
#7930=DIRECTION('',(0.,0.,1.));
#7931=DIRECTION('center_axis',(1.,0.,0.));
#7932=DIRECTION('ref_axis',(0.,1.,0.));
#7933=DIRECTION('',(0.,1.,0.));
#7934=DIRECTION('',(0.,1.,0.));
#7935=DIRECTION('',(0.,0.,1.));
#7936=DIRECTION('',(0.,0.,1.));
#7937=DIRECTION('center_axis',(1.,0.,0.));
#7938=DIRECTION('ref_axis',(0.,1.,0.));
#7939=DIRECTION('',(0.,1.,0.));
#7940=DIRECTION('',(0.,1.,0.));
#7941=DIRECTION('',(0.,0.,1.));
#7942=DIRECTION('center_axis',(0.,-1.,0.));
#7943=DIRECTION('ref_axis',(1.,0.,0.));
#7944=DIRECTION('',(1.,0.,0.));
#7945=DIRECTION('',(1.,0.,0.));
#7946=DIRECTION('',(0.,0.,1.));
#7947=DIRECTION('center_axis',(-1.,0.,0.));
#7948=DIRECTION('ref_axis',(0.,-1.,0.));
#7949=DIRECTION('',(0.,-1.,0.));
#7950=DIRECTION('',(0.,-1.,0.));
#7951=DIRECTION('',(0.,0.,1.));
#7952=DIRECTION('center_axis',(0.,0.,1.));
#7953=DIRECTION('ref_axis',(1.,0.,0.));
#7954=DIRECTION('center_axis',(0.,0.,1.));
#7955=DIRECTION('ref_axis',(1.,0.,0.));
#7956=DIRECTION('',(0.,0.,1.));
#7957=DIRECTION('',(1.,0.,0.));
#7958=DIRECTION('',(0.,0.,1.));
#7959=DIRECTION('',(1.,0.,0.));
#7960=DIRECTION('',(0.,0.,1.));
#7961=DIRECTION('',(1.,0.,0.));
#7962=DIRECTION('',(0.,0.,1.));
#7963=DIRECTION('',(1.,0.,0.));
#7964=DIRECTION('',(0.,0.,1.));
#7965=DIRECTION('',(1.,0.,0.));
#7966=CARTESIAN_POINT('',(0.,0.,0.));
#7967=CARTESIAN_POINT('',(0.,0.,0.));
#7968=CARTESIAN_POINT('Origin',(-0.0584645669291339,0.087992125984252,0.0387795275590551));
#7969=CARTESIAN_POINT('',(-0.0584645669291339,0.0885826771653543,0.0387795275590551));
#7970=CARTESIAN_POINT('',(-0.0584645669291339,0.087992125984252,0.0393700787401575));
#7971=CARTESIAN_POINT('Origin',(-0.0584645669291339,0.087992125984252,0.0387795275590551));
#7972=CARTESIAN_POINT('',(-0.0590551181102362,0.087992125984252,0.0387795275590551));
#7973=CARTESIAN_POINT('Origin',(-0.0584645669291339,0.087992125984252,0.0387795275590551));
#7974=CARTESIAN_POINT('Origin',(-0.0584645669291339,0.087992125984252,0.0387795275590551));
#7975=CARTESIAN_POINT('Origin',(-0.0584645669291339,0.087992125984252,0.00177165354330709));
#7976=CARTESIAN_POINT('',(-0.0584645669291339,0.0885826771653543,0.00177165354330709));
#7977=CARTESIAN_POINT('',(-0.0590551181102362,0.087992125984252,0.00177165354330709));
#7978=CARTESIAN_POINT('Origin',(-0.0584645669291339,0.087992125984252,0.00177165354330709));
#7979=CARTESIAN_POINT('',(-0.0584645669291339,0.087992125984252,0.00118110236220472));
#7980=CARTESIAN_POINT('Origin',(-0.0584645669291339,0.087992125984252,0.00177165354330709));
#7981=CARTESIAN_POINT('Origin',(-0.0584645669291339,0.087992125984252,0.00177165354330709));
#7982=CARTESIAN_POINT('Origin',(-0.0584645669291339,-0.087992125984252,
0.0387795275590551));
#7983=CARTESIAN_POINT('',(-0.0590551181102362,-0.087992125984252,0.0387795275590551));
#7984=CARTESIAN_POINT('',(-0.0584645669291339,-0.087992125984252,0.0393700787401575));
#7985=CARTESIAN_POINT('Origin',(-0.0584645669291339,-0.087992125984252,
0.0387795275590551));
#7986=CARTESIAN_POINT('',(-0.0584645669291339,-0.0885826771653543,0.0387795275590551));
#7987=CARTESIAN_POINT('Origin',(-0.0584645669291339,-0.087992125984252,
0.0387795275590551));
#7988=CARTESIAN_POINT('Origin',(-0.0584645669291339,-0.087992125984252,
0.0387795275590551));
#7989=CARTESIAN_POINT('Origin',(0.0584645669291339,0.087992125984252,0.0387795275590551));
#7990=CARTESIAN_POINT('',(0.0590551181102362,0.087992125984252,0.0387795275590551));
#7991=CARTESIAN_POINT('',(0.0584645669291339,0.087992125984252,0.0393700787401575));
#7992=CARTESIAN_POINT('Origin',(0.0584645669291339,0.087992125984252,0.0387795275590551));
#7993=CARTESIAN_POINT('',(0.0584645669291339,0.0885826771653543,0.0387795275590551));
#7994=CARTESIAN_POINT('Origin',(0.0584645669291339,0.087992125984252,0.0387795275590551));
#7995=CARTESIAN_POINT('Origin',(0.0584645669291339,0.087992125984252,0.0387795275590551));
#7996=CARTESIAN_POINT('Origin',(-0.0584645669291339,-0.087992125984252,
0.00177165354330709));
#7997=CARTESIAN_POINT('',(-0.0590551181102362,-0.087992125984252,0.00177165354330709));
#7998=CARTESIAN_POINT('',(-0.0584645669291339,-0.0885826771653543,0.00177165354330709));
#7999=CARTESIAN_POINT('Origin',(-0.0584645669291339,-0.087992125984252,
0.00177165354330709));
#8000=CARTESIAN_POINT('',(-0.0584645669291339,-0.087992125984252,0.00118110236220472));
#8001=CARTESIAN_POINT('Origin',(-0.0584645669291339,-0.087992125984252,
0.00177165354330709));
#8002=CARTESIAN_POINT('Origin',(-0.0584645669291339,-0.087992125984252,
0.00177165354330709));
#8003=CARTESIAN_POINT('Origin',(-0.0584645669291339,0.0442913385826772,
0.00177165354330709));
#8004=CARTESIAN_POINT('',(-0.0590551181102362,0.0442913385826772,0.00177165354330709));
#8005=CARTESIAN_POINT('',(-0.0584645669291339,0.0442913385826772,0.00118110236220472));
#8006=CARTESIAN_POINT('Origin',(0.0551181102362205,0.087992125984252,0.00177165354330709));
#8007=CARTESIAN_POINT('',(0.0551181102362205,0.087992125984252,0.00118110236220472));
#8008=CARTESIAN_POINT('',(0.0557086614173228,0.087992125984252,0.00177165354330709));
#8009=CARTESIAN_POINT('Origin',(0.0551181102362205,0.087992125984252,0.00177165354330709));
#8010=CARTESIAN_POINT('',(0.0551181102362205,0.0885826771653543,0.00177165354330709));
#8011=CARTESIAN_POINT('Origin',(0.0551181102362205,0.087992125984252,0.00177165354330709));
#8012=CARTESIAN_POINT('Origin',(0.0551181102362205,0.087992125984252,0.00177165354330709));
#8013=CARTESIAN_POINT('Origin',(0.0295275590551181,0.087992125984252,0.00177165354330709));
#8014=CARTESIAN_POINT('',(0.0295275590551181,0.0885826771653543,0.00177165354330709));
#8015=CARTESIAN_POINT('',(0.0295275590551181,0.087992125984252,0.00118110236220472));
#8016=CARTESIAN_POINT('Origin',(0.0551181102362205,0.087992125984252,0.00433070866141732));
#8017=CARTESIAN_POINT('',(0.0557086614173228,0.087992125984252,0.00748031496062992));
#8018=CARTESIAN_POINT('',(0.0557086614173228,0.087992125984252,0.00433070866141732));
#8019=CARTESIAN_POINT('',(0.0551181102362205,0.0885826771653543,0.00807086614173229));
#8020=CARTESIAN_POINT('',(0.0551181102362205,0.0885826771653543,0.00433070866141732));
#8021=CARTESIAN_POINT('Origin',(0.0551181102362205,0.087992125984252,0.00807086614173229));
#8022=CARTESIAN_POINT('Origin',(0.0584645669291339,-0.087992125984252,0.0387795275590551));
#8023=CARTESIAN_POINT('',(0.0584645669291339,-0.0885826771653543,0.0387795275590551));
#8024=CARTESIAN_POINT('',(0.0584645669291339,-0.087992125984252,0.0393700787401575));
#8025=CARTESIAN_POINT('Origin',(0.0584645669291339,-0.087992125984252,0.0387795275590551));
#8026=CARTESIAN_POINT('',(0.0590551181102362,-0.087992125984252,0.0387795275590551));
#8027=CARTESIAN_POINT('Origin',(0.0584645669291339,-0.087992125984252,0.0387795275590551));
#8028=CARTESIAN_POINT('Origin',(0.0584645669291339,-0.087992125984252,0.0387795275590551));
#8029=CARTESIAN_POINT('Origin',(0.0584645669291339,0.087992125984252,0.00807086614173229));
#8030=CARTESIAN_POINT('',(0.0584645669291339,0.0885826771653543,0.00807086614173229));
#8031=CARTESIAN_POINT('',(0.0584645669291339,0.087992125984252,0.00748031496062992));
#8032=CARTESIAN_POINT('Origin',(0.0584645669291339,0.087992125984252,0.00807086614173229));
#8033=CARTESIAN_POINT('',(0.0590551181102362,0.087992125984252,0.00807086614173229));
#8034=CARTESIAN_POINT('Origin',(0.0584645669291339,0.087992125984252,0.00807086614173229));
#8035=CARTESIAN_POINT('Origin',(0.0584645669291339,0.087992125984252,0.00807086614173229));
#8036=CARTESIAN_POINT('Origin',(0.0584645669291339,0.087992125984252,0.00118110236220472));
#8037=CARTESIAN_POINT('',(0.0590551181102362,0.087992125984252,0.00118110236220472));
#8038=CARTESIAN_POINT('',(0.0584645669291339,0.0885826771653543,0.00118110236220472));
#8039=CARTESIAN_POINT('Origin',(0.0551181102362205,-0.087992125984252,0.00177165354330709));
#8040=CARTESIAN_POINT('',(0.0551181102362205,-0.087992125984252,0.00118110236220472));
#8041=CARTESIAN_POINT('',(0.0551181102362205,-0.0885826771653543,0.00177165354330709));
#8042=CARTESIAN_POINT('Origin',(0.0551181102362205,-0.087992125984252,0.00177165354330709));
#8043=CARTESIAN_POINT('',(0.0557086614173228,-0.087992125984252,0.00177165354330709));
#8044=CARTESIAN_POINT('Origin',(0.0551181102362205,-0.087992125984252,0.00177165354330709));
#8045=CARTESIAN_POINT('Origin',(0.0551181102362205,-0.087992125984252,0.00177165354330709));
#8046=CARTESIAN_POINT('Origin',(0.0551181102362205,0.0442913385826772,0.00177165354330709));
#8047=CARTESIAN_POINT('',(0.0551181102362205,0.0442913385826772,0.00118110236220472));
#8048=CARTESIAN_POINT('',(0.0557086614173228,0.0442913385826772,0.00177165354330709));
#8049=CARTESIAN_POINT('Origin',(0.0584645669291339,-0.087992125984252,0.00807086614173229));
#8050=CARTESIAN_POINT('',(0.0590551181102362,-0.087992125984252,0.00807086614173229));
#8051=CARTESIAN_POINT('',(0.0584645669291339,-0.087992125984252,0.00748031496062992));
#8052=CARTESIAN_POINT('Origin',(0.0584645669291339,-0.087992125984252,0.00807086614173229));
#8053=CARTESIAN_POINT('',(0.0584645669291339,-0.0885826771653543,0.00807086614173229));
#8054=CARTESIAN_POINT('Origin',(0.0584645669291339,-0.087992125984252,0.00807086614173229));
#8055=CARTESIAN_POINT('Origin',(0.0584645669291339,-0.087992125984252,0.00807086614173229));
#8056=CARTESIAN_POINT('Origin',(0.0584645669291339,-0.087992125984252,0.00118110236220472));
#8057=CARTESIAN_POINT('',(0.0584645669291339,-0.0885826771653543,0.00118110236220472));
#8058=CARTESIAN_POINT('',(0.0590551181102362,-0.087992125984252,0.00118110236220472));
#8059=CARTESIAN_POINT('Origin',(0.0551181102362205,-0.087992125984252,0.00433070866141732));
#8060=CARTESIAN_POINT('',(0.0551181102362205,-0.0885826771653543,0.00807086614173229));
#8061=CARTESIAN_POINT('',(0.0551181102362205,-0.0885826771653543,0.00433070866141732));
#8062=CARTESIAN_POINT('',(0.0557086614173228,-0.087992125984252,0.00748031496062992));
#8063=CARTESIAN_POINT('',(0.0557086614173228,-0.087992125984252,0.00433070866141732));
#8064=CARTESIAN_POINT('Origin',(0.0551181102362205,-0.087992125984252,0.00807086614173229));
#8065=CARTESIAN_POINT('Origin',(1.40609823203309E-18,-0.087992125984252,
0.00807086614173231));
#8066=CARTESIAN_POINT('',(1.16505282082741E-18,-0.087992125984252,0.00748031496062995));
#8067=CARTESIAN_POINT('',(1.40609823203309E-18,-0.0885826771653543,0.00807086614173231));
#8068=CARTESIAN_POINT('Origin',(0.0584645669291339,0.,0.00807086614173229));
#8069=CARTESIAN_POINT('',(0.0590551181102362,0.,0.00807086614173229));
#8070=CARTESIAN_POINT('',(0.0584645669291339,0.,0.00748031496062992));
#8071=CARTESIAN_POINT('Origin',(-0.0295275590551181,-0.087992125984252,
0.00177165354330709));
#8072=CARTESIAN_POINT('',(-0.0295275590551181,-0.0885826771653543,0.00177165354330709));
#8073=CARTESIAN_POINT('',(-0.0295275590551181,-0.087992125984252,0.00118110236220472));
#8074=CARTESIAN_POINT('Origin',(0.0590551181102362,0.087992125984252,0.00807086614173229));
#8075=CARTESIAN_POINT('',(0.0590551181102362,0.0885826771653543,0.00807086614173229));
#8076=CARTESIAN_POINT('',(0.0590551181102362,0.087992125984252,0.00748031496062992));
#8077=CARTESIAN_POINT('Origin',(0.0584645669291339,-0.0442913385826772,
0.0387795275590551));
#8078=CARTESIAN_POINT('',(0.0584645669291339,-0.0442913385826772,0.0393700787401575));
#8079=CARTESIAN_POINT('',(0.0590551181102362,-0.0442913385826772,0.0387795275590551));
#8080=CARTESIAN_POINT('Origin',(-0.0295275590551181,-0.087992125984252,
0.0387795275590551));
#8081=CARTESIAN_POINT('',(-0.0295275590551181,-0.087992125984252,0.0393700787401575));
#8082=CARTESIAN_POINT('',(-0.0295275590551181,-0.0885826771653543,0.0387795275590551));
#8083=CARTESIAN_POINT('Origin',(-0.0584645669291339,-0.087992125984252,
0.00118110236220472));
#8084=CARTESIAN_POINT('',(-0.0590551181102362,-0.087992125984252,0.00118110236220472));
#8085=CARTESIAN_POINT('',(-0.0584645669291339,-0.0885826771653543,0.00118110236220472));
#8086=CARTESIAN_POINT('Origin',(0.0295275590551181,0.087992125984252,0.0387795275590551));
#8087=CARTESIAN_POINT('',(0.0295275590551181,0.087992125984252,0.0393700787401575));
#8088=CARTESIAN_POINT('',(0.0295275590551181,0.0885826771653543,0.0387795275590551));
#8089=CARTESIAN_POINT('Origin',(-0.0584645669291339,0.0442913385826772,
0.0387795275590551));
#8090=CARTESIAN_POINT('',(-0.0584645669291339,0.0442913385826772,0.0393700787401575));
#8091=CARTESIAN_POINT('',(-0.0590551181102362,0.0442913385826772,0.0387795275590551));
#8092=CARTESIAN_POINT('Origin',(-0.0584645669291339,0.087992125984252,0.00118110236220472));
#8093=CARTESIAN_POINT('',(-0.0584645669291339,0.0885826771653543,0.00118110236220472));
#8094=CARTESIAN_POINT('',(-0.0590551181102362,0.087992125984252,0.00118110236220472));
#8095=CARTESIAN_POINT('Origin',(0.0557086614173228,0.0885826771653543,0.00748031496062992));
#8096=CARTESIAN_POINT('',(0.0557086614173228,0.0885826771653543,0.00748031496062992));
#8097=CARTESIAN_POINT('Origin',(-0.0590551181102362,0.0885826771653543,
0.00118110236220472));
#8098=CARTESIAN_POINT('Origin',(0.,0.,0.00118110236220472));
#8099=CARTESIAN_POINT('Origin',(0.0590551181102362,0.0885826771653543,0.00118110236220472));
#8100=CARTESIAN_POINT('Origin',(0.0590551181102362,-0.0885826771653543,
0.00118110236220472));
#8101=CARTESIAN_POINT('Origin',(-0.0590551181102362,-0.0885826771653543,
0.00118110236220472));
#8102=CARTESIAN_POINT('Origin',(0.,0.,0.0393700787401575));
#8103=CARTESIAN_POINT('',(-0.0504848062968942,0.0738747525699484,0.0393700787401575));
#8104=CARTESIAN_POINT('Origin',(-0.0421706196871501,0.0738747525699484,
0.0393700787401575));
#8105=CARTESIAN_POINT('Origin',(-0.0421706196871501,0.0738747525699484,
0.0387795275590551));
#8106=CARTESIAN_POINT('',(-0.0500446354351816,0.0738747525699484,0.0391732283464567));
#8107=CARTESIAN_POINT('Origin',(-0.0421706196871501,0.0738747525699484,
0.0391732283464567));
#8108=CARTESIAN_POINT('Origin',(-0.0504848062968942,0.0738747525699484,
0.0387795275590551));
#8109=CARTESIAN_POINT('Origin',(-0.0421706196871501,0.0738747525699484,
0.0391732283464567));
#8110=CARTESIAN_POINT('Origin',(0.0590551181102362,0.0885826771653543,0.00748031496062992));
#8111=CARTESIAN_POINT('',(0.,0.,0.));
#8112=CARTESIAN_POINT('Origin',(-0.0551181102362205,-0.0767716535433071,
0.00458661417322835));
#8113=CARTESIAN_POINT('',(-0.0551181102362205,-0.0816929133858268,0.00799212598425197));
#8114=CARTESIAN_POINT('',(-0.0551181102362205,-0.0718503937007874,0.00799212598425197));
#8115=CARTESIAN_POINT('',(-0.0551181102362205,-0.0718503937007874,0.00799212598425197));
#8116=CARTESIAN_POINT('',(-0.0551181102362205,-0.0830708661417323,0.00118110236220472));
#8117=CARTESIAN_POINT('',(-0.0551181102362205,-0.0816929133858268,0.00799212598425197));
#8118=CARTESIAN_POINT('',(-0.0551181102362205,-0.0704724409448819,0.00118110236220472));
#8119=CARTESIAN_POINT('',(-0.0551181102362205,-0.0767716535433071,0.00118110236220472));
#8120=CARTESIAN_POINT('',(-0.0551181102362205,-0.0704724409448819,0.00118110236220472));
#8121=CARTESIAN_POINT('Origin',(-0.0590551181102362,-0.0704724409448819,
0.00118110236220472));
#8122=CARTESIAN_POINT('',(-0.059251968503937,-0.0718503937007874,0.00799212598425197));
#8123=CARTESIAN_POINT('',(-0.0590551181102362,-0.0718503937007874,0.00799212598425197));
#8124=CARTESIAN_POINT('',(-0.059251968503937,-0.0704724409448819,0.00118110236220472));
#8125=CARTESIAN_POINT('',(-0.0496062992125984,-0.0704724409448819,0.00118110236220472));
#8126=CARTESIAN_POINT('',(-0.059251968503937,-0.0704724409448819,0.00118110236220472));
#8127=CARTESIAN_POINT('Origin',(-0.0590551181102362,-0.0816929133858268,
0.00799212598425197));
#8128=CARTESIAN_POINT('',(-0.059251968503937,-0.0830708661417323,0.00118110236220472));
#8129=CARTESIAN_POINT('',(-0.059251968503937,-0.0830708661417323,0.00118110236220472));
#8130=CARTESIAN_POINT('',(-0.059251968503937,-0.0816929133858268,0.00799212598425197));
#8131=CARTESIAN_POINT('',(-0.0590551181102362,-0.0816929133858268,0.00799212598425197));
#8132=CARTESIAN_POINT('',(-0.059251968503937,-0.0816929133858268,0.00799212598425197));
#8133=CARTESIAN_POINT('Origin',(-0.0590551181102362,-0.0718503937007874,
0.00799212598425197));
#8134=CARTESIAN_POINT('',(-0.059251968503937,-0.0718503937007874,0.00799212598425197));
#8135=CARTESIAN_POINT('Origin',(-0.059251968503937,-0.0704724409448819,
0.00118110236220472));
#8136=CARTESIAN_POINT('',(-0.059251968503937,-0.0704724409448819,0.));
#8137=CARTESIAN_POINT('',(-0.059251968503937,-0.0704724409448819,0.00118110236220472));
#8138=CARTESIAN_POINT('',(-0.059251968503937,-0.0830708661417323,0.));
#8139=CARTESIAN_POINT('',(-0.059251968503937,-0.0704724409448819,0.));
#8140=CARTESIAN_POINT('',(-0.059251968503937,-0.0830708661417323,0.00118110236220472));
#8141=CARTESIAN_POINT('Origin',(-0.0496062992125984,-0.0704724409448819,
0.00118110236220472));
#8142=CARTESIAN_POINT('',(-0.0496062992125984,-0.0704724409448819,0.00118110236220472));
#8143=CARTESIAN_POINT('',(-0.0496062992125984,-0.0704724409448819,0.00118110236220472));
#8144=CARTESIAN_POINT('',(-0.0496062992125984,-0.0704724409448819,0.));
#8145=CARTESIAN_POINT('',(-0.0496062992125984,-0.0704724409448819,0.00118110236220472));
#8146=CARTESIAN_POINT('',(-0.0496062992125984,-0.0704724409448819,0.));
#8147=CARTESIAN_POINT('Origin',(-0.0496062992125984,-0.0767716535433071,
0.00118110236220472));
#8148=CARTESIAN_POINT('',(-0.0496062992125984,-0.0830708661417323,0.00118110236220472));
#8149=CARTESIAN_POINT('Origin',(-0.0496062992125984,-0.0767716535433071,
0.00118110236220472));
#8150=CARTESIAN_POINT('',(-0.0496062992125984,-0.0830708661417323,0.));
#8151=CARTESIAN_POINT('',(-0.0496062992125984,-0.0830708661417323,0.00118110236220472));
#8152=CARTESIAN_POINT('Origin',(-0.0496062992125984,-0.0767716535433071,
0.));
#8153=CARTESIAN_POINT('Origin',(-0.059251968503937,-0.0830708661417323,
0.00118110236220472));
#8154=CARTESIAN_POINT('',(-0.059251968503937,-0.0830708661417323,0.));
#8155=CARTESIAN_POINT('',(-0.059251968503937,-0.0830708661417323,0.00118110236220472));
#8156=CARTESIAN_POINT('Origin',(-0.0512795275590551,-0.0767716535433071,
0.));
#8157=CARTESIAN_POINT('Origin',(-0.0512795275590551,-0.0767716535433071,
0.00118110236220472));
#8158=CARTESIAN_POINT('Origin',(-0.0551181102362205,-0.0511811023622047,
0.00458661417322835));
#8159=CARTESIAN_POINT('',(-0.0551181102362205,-0.0561023622047244,0.00799212598425197));
#8160=CARTESIAN_POINT('',(-0.0551181102362205,-0.046259842519685,0.00799212598425197));
#8161=CARTESIAN_POINT('',(-0.0551181102362205,-0.046259842519685,0.00799212598425197));
#8162=CARTESIAN_POINT('',(-0.0551181102362205,-0.0574803149606299,0.00118110236220472));
#8163=CARTESIAN_POINT('',(-0.0551181102362205,-0.0561023622047244,0.00799212598425197));
#8164=CARTESIAN_POINT('',(-0.0551181102362205,-0.0448818897637795,0.00118110236220472));
#8165=CARTESIAN_POINT('',(-0.0551181102362205,-0.0511811023622047,0.00118110236220472));
#8166=CARTESIAN_POINT('',(-0.0551181102362205,-0.0448818897637795,0.00118110236220472));
#8167=CARTESIAN_POINT('Origin',(-0.0590551181102362,-0.0448818897637795,
0.00118110236220472));
#8168=CARTESIAN_POINT('',(-0.059251968503937,-0.046259842519685,0.00799212598425197));
#8169=CARTESIAN_POINT('',(-0.0590551181102362,-0.046259842519685,0.00799212598425197));
#8170=CARTESIAN_POINT('',(-0.059251968503937,-0.0448818897637795,0.00118110236220472));
#8171=CARTESIAN_POINT('',(-0.0496062992125984,-0.0448818897637795,0.00118110236220472));
#8172=CARTESIAN_POINT('',(-0.059251968503937,-0.0448818897637795,0.00118110236220472));
#8173=CARTESIAN_POINT('Origin',(-0.0590551181102362,-0.0561023622047244,
0.00799212598425197));
#8174=CARTESIAN_POINT('',(-0.059251968503937,-0.0574803149606299,0.00118110236220472));
#8175=CARTESIAN_POINT('',(-0.059251968503937,-0.0574803149606299,0.00118110236220472));
#8176=CARTESIAN_POINT('',(-0.059251968503937,-0.0561023622047244,0.00799212598425197));
#8177=CARTESIAN_POINT('',(-0.0590551181102362,-0.0561023622047244,0.00799212598425197));
#8178=CARTESIAN_POINT('',(-0.059251968503937,-0.0561023622047244,0.00799212598425197));
#8179=CARTESIAN_POINT('Origin',(-0.0590551181102362,-0.046259842519685,
0.00799212598425197));
#8180=CARTESIAN_POINT('',(-0.059251968503937,-0.046259842519685,0.00799212598425197));
#8181=CARTESIAN_POINT('Origin',(-0.059251968503937,-0.0448818897637795,
0.00118110236220472));
#8182=CARTESIAN_POINT('',(-0.059251968503937,-0.0448818897637795,0.));
#8183=CARTESIAN_POINT('',(-0.059251968503937,-0.0448818897637795,0.00118110236220472));
#8184=CARTESIAN_POINT('',(-0.059251968503937,-0.0574803149606299,0.));
#8185=CARTESIAN_POINT('',(-0.059251968503937,-0.0448818897637795,0.));
#8186=CARTESIAN_POINT('',(-0.059251968503937,-0.0574803149606299,0.00118110236220472));
#8187=CARTESIAN_POINT('Origin',(-0.0496062992125984,-0.0448818897637795,
0.00118110236220472));
#8188=CARTESIAN_POINT('',(-0.0496062992125984,-0.0448818897637795,0.00118110236220472));
#8189=CARTESIAN_POINT('',(-0.0496062992125984,-0.0448818897637795,0.00118110236220472));
#8190=CARTESIAN_POINT('',(-0.0496062992125984,-0.0448818897637795,0.));
#8191=CARTESIAN_POINT('',(-0.0496062992125984,-0.0448818897637795,0.00118110236220472));
#8192=CARTESIAN_POINT('',(-0.0496062992125984,-0.0448818897637795,0.));
#8193=CARTESIAN_POINT('Origin',(-0.0496062992125984,-0.0511811023622047,
0.00118110236220472));
#8194=CARTESIAN_POINT('',(-0.0496062992125984,-0.0574803149606299,0.00118110236220472));
#8195=CARTESIAN_POINT('Origin',(-0.0496062992125984,-0.0511811023622047,
0.00118110236220472));
#8196=CARTESIAN_POINT('',(-0.0496062992125984,-0.0574803149606299,0.));
#8197=CARTESIAN_POINT('',(-0.0496062992125984,-0.0574803149606299,0.00118110236220472));
#8198=CARTESIAN_POINT('Origin',(-0.0496062992125984,-0.0511811023622047,
0.));
#8199=CARTESIAN_POINT('Origin',(-0.059251968503937,-0.0574803149606299,
0.00118110236220472));
#8200=CARTESIAN_POINT('',(-0.059251968503937,-0.0574803149606299,0.));
#8201=CARTESIAN_POINT('',(-0.059251968503937,-0.0574803149606299,0.00118110236220472));
#8202=CARTESIAN_POINT('Origin',(-0.0512795275590551,-0.0511811023622047,
0.));
#8203=CARTESIAN_POINT('Origin',(-0.0512795275590551,-0.0511811023622047,
0.00118110236220472));
#8204=CARTESIAN_POINT('Origin',(-0.0551181102362205,-0.0255905511811024,
0.00458661417322835));
#8205=CARTESIAN_POINT('',(-0.0551181102362205,-0.030511811023622,0.00799212598425197));
#8206=CARTESIAN_POINT('',(-0.0551181102362205,-0.0206692913385827,0.00799212598425197));
#8207=CARTESIAN_POINT('',(-0.0551181102362205,-0.0206692913385827,0.00799212598425197));
#8208=CARTESIAN_POINT('',(-0.0551181102362205,-0.0318897637795276,0.00118110236220472));
#8209=CARTESIAN_POINT('',(-0.0551181102362205,-0.030511811023622,0.00799212598425197));
#8210=CARTESIAN_POINT('',(-0.0551181102362205,-0.0192913385826771,0.00118110236220472));
#8211=CARTESIAN_POINT('',(-0.0551181102362205,-0.0255905511811024,0.00118110236220472));
#8212=CARTESIAN_POINT('',(-0.0551181102362205,-0.0192913385826771,0.00118110236220472));
#8213=CARTESIAN_POINT('Origin',(-0.0590551181102362,-0.0192913385826771,
0.00118110236220472));
#8214=CARTESIAN_POINT('',(-0.059251968503937,-0.0206692913385827,0.00799212598425197));
#8215=CARTESIAN_POINT('',(-0.0590551181102362,-0.0206692913385827,0.00799212598425197));
#8216=CARTESIAN_POINT('',(-0.059251968503937,-0.0192913385826772,0.00118110236220472));
#8217=CARTESIAN_POINT('',(-0.0496062992125984,-0.0192913385826771,0.00118110236220472));
#8218=CARTESIAN_POINT('',(-0.059251968503937,-0.0192913385826771,0.00118110236220472));
#8219=CARTESIAN_POINT('Origin',(-0.0590551181102362,-0.030511811023622,
0.00799212598425197));
#8220=CARTESIAN_POINT('',(-0.059251968503937,-0.0318897637795276,0.00118110236220472));
#8221=CARTESIAN_POINT('',(-0.059251968503937,-0.0318897637795276,0.00118110236220472));
#8222=CARTESIAN_POINT('',(-0.059251968503937,-0.030511811023622,0.00799212598425197));
#8223=CARTESIAN_POINT('',(-0.0590551181102362,-0.030511811023622,0.00799212598425197));
#8224=CARTESIAN_POINT('',(-0.059251968503937,-0.030511811023622,0.00799212598425197));
#8225=CARTESIAN_POINT('Origin',(-0.0590551181102362,-0.0206692913385827,
0.00799212598425197));
#8226=CARTESIAN_POINT('',(-0.059251968503937,-0.0206692913385827,0.00799212598425197));
#8227=CARTESIAN_POINT('Origin',(-0.059251968503937,-0.0192913385826772,
0.00118110236220472));
#8228=CARTESIAN_POINT('',(-0.059251968503937,-0.0192913385826772,0.));
#8229=CARTESIAN_POINT('',(-0.059251968503937,-0.0192913385826772,0.00118110236220472));
#8230=CARTESIAN_POINT('',(-0.059251968503937,-0.0318897637795276,0.));
#8231=CARTESIAN_POINT('',(-0.059251968503937,-0.0192913385826772,0.));
#8232=CARTESIAN_POINT('',(-0.059251968503937,-0.0318897637795276,0.00118110236220472));
#8233=CARTESIAN_POINT('Origin',(-0.0496062992125984,-0.0192913385826771,
0.00118110236220472));
#8234=CARTESIAN_POINT('',(-0.0496062992125984,-0.0192913385826771,0.00118110236220472));
#8235=CARTESIAN_POINT('',(-0.0496062992125984,-0.0192913385826771,0.00118110236220472));
#8236=CARTESIAN_POINT('',(-0.0496062992125984,-0.0192913385826771,0.));
#8237=CARTESIAN_POINT('',(-0.0496062992125984,-0.0192913385826771,0.00118110236220472));
#8238=CARTESIAN_POINT('',(-0.0496062992125984,-0.0192913385826771,0.));
#8239=CARTESIAN_POINT('Origin',(-0.0496062992125984,-0.0255905511811024,
0.00118110236220472));
#8240=CARTESIAN_POINT('',(-0.0496062992125984,-0.0318897637795276,0.00118110236220472));
#8241=CARTESIAN_POINT('Origin',(-0.0496062992125984,-0.0255905511811024,
0.00118110236220472));
#8242=CARTESIAN_POINT('',(-0.0496062992125984,-0.0318897637795276,0.));
#8243=CARTESIAN_POINT('',(-0.0496062992125984,-0.0318897637795276,0.00118110236220472));
#8244=CARTESIAN_POINT('Origin',(-0.0496062992125984,-0.0255905511811024,
0.));
#8245=CARTESIAN_POINT('Origin',(-0.059251968503937,-0.0318897637795276,
0.00118110236220472));
#8246=CARTESIAN_POINT('',(-0.059251968503937,-0.0318897637795276,0.));
#8247=CARTESIAN_POINT('',(-0.059251968503937,-0.0318897637795276,0.00118110236220472));
#8248=CARTESIAN_POINT('Origin',(-0.0512795275590551,-0.0255905511811024,
0.));
#8249=CARTESIAN_POINT('Origin',(-0.0512795275590551,-0.0255905511811024,
0.00118110236220472));
#8250=CARTESIAN_POINT('Origin',(-0.0551181102362205,1.09273919746571E-17,
0.00458661417322835));
#8251=CARTESIAN_POINT('',(-0.0551181102362205,-0.00492125984251968,0.00799212598425197));
#8252=CARTESIAN_POINT('',(-0.0551181102362205,0.0049212598425197,0.00799212598425197));
#8253=CARTESIAN_POINT('',(-0.0551181102362205,0.0049212598425197,0.00799212598425197));
#8254=CARTESIAN_POINT('',(-0.0551181102362205,-0.00629921259842519,0.00118110236220472));
#8255=CARTESIAN_POINT('',(-0.0551181102362205,-0.00492125984251968,0.00799212598425197));
#8256=CARTESIAN_POINT('',(-0.0551181102362205,0.00629921259842521,0.00118110236220472));
#8257=CARTESIAN_POINT('',(-0.0551181102362205,5.46369598732853E-18,0.00118110236220472));
#8258=CARTESIAN_POINT('',(-0.0551181102362205,0.00629921259842521,0.00118110236220472));
#8259=CARTESIAN_POINT('Origin',(-0.0590551181102362,0.00629921259842521,
0.00118110236220472));
#8260=CARTESIAN_POINT('',(-0.059251968503937,0.0049212598425197,0.00799212598425197));
#8261=CARTESIAN_POINT('',(-0.0590551181102362,0.0049212598425197,0.00799212598425197));
#8262=CARTESIAN_POINT('',(-0.059251968503937,0.0062992125984252,0.00118110236220472));
#8263=CARTESIAN_POINT('',(-0.0496062992125984,0.00629921259842521,0.00118110236220472));
#8264=CARTESIAN_POINT('',(-0.059251968503937,0.00629921259842521,0.00118110236220472));
#8265=CARTESIAN_POINT('Origin',(-0.0590551181102362,-0.00492125984251968,
0.00799212598425197));
#8266=CARTESIAN_POINT('',(-0.059251968503937,-0.00629921259842519,0.00118110236220472));
#8267=CARTESIAN_POINT('',(-0.059251968503937,-0.00629921259842519,0.00118110236220472));
#8268=CARTESIAN_POINT('',(-0.059251968503937,-0.00492125984251968,0.00799212598425197));
#8269=CARTESIAN_POINT('',(-0.0590551181102362,-0.00492125984251968,0.00799212598425197));
#8270=CARTESIAN_POINT('',(-0.059251968503937,-0.00492125984251968,0.00799212598425197));
#8271=CARTESIAN_POINT('Origin',(-0.0590551181102362,0.0049212598425197,
0.00799212598425197));
#8272=CARTESIAN_POINT('',(-0.059251968503937,0.0049212598425197,0.00799212598425197));
#8273=CARTESIAN_POINT('Origin',(-0.059251968503937,0.0062992125984252,0.00118110236220472));
#8274=CARTESIAN_POINT('',(-0.059251968503937,0.0062992125984252,0.));
#8275=CARTESIAN_POINT('',(-0.059251968503937,0.0062992125984252,0.00118110236220472));
#8276=CARTESIAN_POINT('',(-0.059251968503937,-0.00629921259842519,0.));
#8277=CARTESIAN_POINT('',(-0.059251968503937,0.0062992125984252,0.));
#8278=CARTESIAN_POINT('',(-0.059251968503937,-0.00629921259842519,0.00118110236220472));
#8279=CARTESIAN_POINT('Origin',(-0.0496062992125984,0.00629921259842521,
0.00118110236220472));
#8280=CARTESIAN_POINT('',(-0.0496062992125984,0.00629921259842521,0.00118110236220472));
#8281=CARTESIAN_POINT('',(-0.0496062992125984,0.00629921259842521,0.00118110236220472));
#8282=CARTESIAN_POINT('',(-0.0496062992125984,0.00629921259842521,0.));
#8283=CARTESIAN_POINT('',(-0.0496062992125984,0.00629921259842521,0.00118110236220472));
#8284=CARTESIAN_POINT('',(-0.0496062992125984,0.00629921259842521,0.));
#8285=CARTESIAN_POINT('Origin',(-0.0496062992125984,0.,0.00118110236220472));
#8286=CARTESIAN_POINT('',(-0.0496062992125984,-0.0062992125984252,0.00118110236220472));
#8287=CARTESIAN_POINT('Origin',(-0.0496062992125984,0.,0.00118110236220472));
#8288=CARTESIAN_POINT('',(-0.0496062992125984,-0.0062992125984252,0.));
#8289=CARTESIAN_POINT('',(-0.0496062992125984,-0.0062992125984252,0.00118110236220472));
#8290=CARTESIAN_POINT('Origin',(-0.0496062992125984,0.,0.));
#8291=CARTESIAN_POINT('Origin',(-0.059251968503937,-0.00629921259842519,
0.00118110236220472));
#8292=CARTESIAN_POINT('',(-0.059251968503937,-0.00629921259842519,0.));
#8293=CARTESIAN_POINT('',(-0.059251968503937,-0.00629921259842519,0.00118110236220472));
#8294=CARTESIAN_POINT('Origin',(-0.0512795275590551,0.,0.));
#8295=CARTESIAN_POINT('Origin',(-0.0512795275590551,0.,0.00118110236220472));
#8296=CARTESIAN_POINT('Origin',(-0.0551181102362205,0.0255905511811024,
0.00458661417322835));
#8297=CARTESIAN_POINT('',(-0.0551181102362205,0.0206692913385827,0.00799212598425197));
#8298=CARTESIAN_POINT('',(-0.0551181102362205,0.0305118110236221,0.00799212598425197));
#8299=CARTESIAN_POINT('',(-0.0551181102362205,0.0305118110236221,0.00799212598425197));
#8300=CARTESIAN_POINT('',(-0.0551181102362205,0.0192913385826772,0.00118110236220472));
#8301=CARTESIAN_POINT('',(-0.0551181102362205,0.0206692913385827,0.00799212598425197));
#8302=CARTESIAN_POINT('',(-0.0551181102362205,0.0318897637795276,0.00118110236220472));
#8303=CARTESIAN_POINT('',(-0.0551181102362205,0.0255905511811024,0.00118110236220472));
#8304=CARTESIAN_POINT('',(-0.0551181102362205,0.0318897637795276,0.00118110236220472));
#8305=CARTESIAN_POINT('Origin',(-0.0590551181102362,0.0318897637795276,
0.00118110236220472));
#8306=CARTESIAN_POINT('',(-0.059251968503937,0.0305118110236221,0.00799212598425197));
#8307=CARTESIAN_POINT('',(-0.0590551181102362,0.0305118110236221,0.00799212598425197));
#8308=CARTESIAN_POINT('',(-0.059251968503937,0.0318897637795276,0.00118110236220472));
#8309=CARTESIAN_POINT('',(-0.0496062992125984,0.0318897637795276,0.00118110236220472));
#8310=CARTESIAN_POINT('',(-0.059251968503937,0.0318897637795276,0.00118110236220472));
#8311=CARTESIAN_POINT('Origin',(-0.0590551181102362,0.0206692913385827,
0.00799212598425197));
#8312=CARTESIAN_POINT('',(-0.059251968503937,0.0192913385826772,0.00118110236220472));
#8313=CARTESIAN_POINT('',(-0.059251968503937,0.0192913385826772,0.00118110236220472));
#8314=CARTESIAN_POINT('',(-0.059251968503937,0.0206692913385827,0.00799212598425197));
#8315=CARTESIAN_POINT('',(-0.0590551181102362,0.0206692913385827,0.00799212598425197));
#8316=CARTESIAN_POINT('',(-0.059251968503937,0.0206692913385827,0.00799212598425197));
#8317=CARTESIAN_POINT('Origin',(-0.0590551181102362,0.0305118110236221,
0.00799212598425197));
#8318=CARTESIAN_POINT('',(-0.059251968503937,0.0305118110236221,0.00799212598425197));
#8319=CARTESIAN_POINT('Origin',(-0.059251968503937,0.0318897637795276,0.00118110236220472));
#8320=CARTESIAN_POINT('',(-0.059251968503937,0.0318897637795276,0.));
#8321=CARTESIAN_POINT('',(-0.059251968503937,0.0318897637795276,0.00118110236220472));
#8322=CARTESIAN_POINT('',(-0.059251968503937,0.0192913385826772,0.));
#8323=CARTESIAN_POINT('',(-0.059251968503937,0.0318897637795276,0.));
#8324=CARTESIAN_POINT('',(-0.059251968503937,0.0192913385826772,0.00118110236220472));
#8325=CARTESIAN_POINT('Origin',(-0.0496062992125984,0.0318897637795276,
0.00118110236220472));
#8326=CARTESIAN_POINT('',(-0.0496062992125984,0.0318897637795276,0.00118110236220472));
#8327=CARTESIAN_POINT('',(-0.0496062992125984,0.0318897637795276,0.00118110236220472));
#8328=CARTESIAN_POINT('',(-0.0496062992125984,0.0318897637795276,0.));
#8329=CARTESIAN_POINT('',(-0.0496062992125984,0.0318897637795276,0.00118110236220472));
#8330=CARTESIAN_POINT('',(-0.0496062992125984,0.0318897637795276,0.));
#8331=CARTESIAN_POINT('Origin',(-0.0496062992125984,0.0255905511811024,
0.00118110236220472));
#8332=CARTESIAN_POINT('',(-0.0496062992125984,0.0192913385826772,0.00118110236220472));
#8333=CARTESIAN_POINT('Origin',(-0.0496062992125984,0.0255905511811024,
0.00118110236220472));
#8334=CARTESIAN_POINT('',(-0.0496062992125984,0.0192913385826772,0.));
#8335=CARTESIAN_POINT('',(-0.0496062992125984,0.0192913385826772,0.00118110236220472));
#8336=CARTESIAN_POINT('Origin',(-0.0496062992125984,0.0255905511811024,
0.));
#8337=CARTESIAN_POINT('Origin',(-0.059251968503937,0.0192913385826772,0.00118110236220472));
#8338=CARTESIAN_POINT('',(-0.059251968503937,0.0192913385826772,0.));
#8339=CARTESIAN_POINT('',(-0.059251968503937,0.0192913385826772,0.00118110236220472));
#8340=CARTESIAN_POINT('Origin',(-0.0512795275590551,0.0255905511811024,
0.));
#8341=CARTESIAN_POINT('Origin',(-0.0512795275590551,0.0255905511811024,
0.00118110236220472));
#8342=CARTESIAN_POINT('Origin',(-0.0551181102362205,0.0511811023622047,
0.00458661417322835));
#8343=CARTESIAN_POINT('',(-0.0551181102362205,0.046259842519685,0.00799212598425197));
#8344=CARTESIAN_POINT('',(-0.0551181102362205,0.0561023622047244,0.00799212598425197));
#8345=CARTESIAN_POINT('',(-0.0551181102362205,0.0561023622047244,0.00799212598425197));
#8346=CARTESIAN_POINT('',(-0.0551181102362205,0.0448818897637795,0.00118110236220472));
#8347=CARTESIAN_POINT('',(-0.0551181102362205,0.046259842519685,0.00799212598425197));
#8348=CARTESIAN_POINT('',(-0.0551181102362205,0.0574803149606299,0.00118110236220472));
#8349=CARTESIAN_POINT('',(-0.0551181102362205,0.0511811023622047,0.00118110236220472));
#8350=CARTESIAN_POINT('',(-0.0551181102362205,0.0574803149606299,0.00118110236220472));
#8351=CARTESIAN_POINT('Origin',(-0.0590551181102362,0.0574803149606299,
0.00118110236220472));
#8352=CARTESIAN_POINT('',(-0.059251968503937,0.0561023622047244,0.00799212598425197));
#8353=CARTESIAN_POINT('',(-0.0590551181102362,0.0561023622047244,0.00799212598425197));
#8354=CARTESIAN_POINT('',(-0.059251968503937,0.0574803149606299,0.00118110236220472));
#8355=CARTESIAN_POINT('',(-0.0496062992125984,0.0574803149606299,0.00118110236220472));
#8356=CARTESIAN_POINT('',(-0.059251968503937,0.0574803149606299,0.00118110236220472));
#8357=CARTESIAN_POINT('Origin',(-0.0590551181102362,0.046259842519685,0.00799212598425197));
#8358=CARTESIAN_POINT('',(-0.059251968503937,0.0448818897637795,0.00118110236220472));
#8359=CARTESIAN_POINT('',(-0.059251968503937,0.0448818897637795,0.00118110236220472));
#8360=CARTESIAN_POINT('',(-0.059251968503937,0.046259842519685,0.00799212598425197));
#8361=CARTESIAN_POINT('',(-0.0590551181102362,0.046259842519685,0.00799212598425197));
#8362=CARTESIAN_POINT('',(-0.059251968503937,0.046259842519685,0.00799212598425197));
#8363=CARTESIAN_POINT('Origin',(-0.0590551181102362,0.0561023622047244,
0.00799212598425197));
#8364=CARTESIAN_POINT('',(-0.059251968503937,0.0561023622047244,0.00799212598425197));
#8365=CARTESIAN_POINT('Origin',(-0.059251968503937,0.0574803149606299,0.00118110236220472));
#8366=CARTESIAN_POINT('',(-0.059251968503937,0.0574803149606299,0.));
#8367=CARTESIAN_POINT('',(-0.059251968503937,0.0574803149606299,0.00118110236220472));
#8368=CARTESIAN_POINT('',(-0.059251968503937,0.0448818897637795,0.));
#8369=CARTESIAN_POINT('',(-0.059251968503937,0.0574803149606299,0.));
#8370=CARTESIAN_POINT('',(-0.059251968503937,0.0448818897637795,0.00118110236220472));
#8371=CARTESIAN_POINT('Origin',(-0.0496062992125984,0.0574803149606299,
0.00118110236220472));
#8372=CARTESIAN_POINT('',(-0.0496062992125984,0.0574803149606299,0.00118110236220472));
#8373=CARTESIAN_POINT('',(-0.0496062992125984,0.0574803149606299,0.00118110236220472));
#8374=CARTESIAN_POINT('',(-0.0496062992125984,0.0574803149606299,0.));
#8375=CARTESIAN_POINT('',(-0.0496062992125984,0.0574803149606299,0.00118110236220472));
#8376=CARTESIAN_POINT('',(-0.0496062992125984,0.0574803149606299,0.));
#8377=CARTESIAN_POINT('Origin',(-0.0496062992125984,0.0511811023622047,
0.00118110236220472));
#8378=CARTESIAN_POINT('',(-0.0496062992125984,0.0448818897637795,0.00118110236220472));
#8379=CARTESIAN_POINT('Origin',(-0.0496062992125984,0.0511811023622047,
0.00118110236220472));
#8380=CARTESIAN_POINT('',(-0.0496062992125984,0.0448818897637795,0.));
#8381=CARTESIAN_POINT('',(-0.0496062992125984,0.0448818897637795,0.00118110236220472));
#8382=CARTESIAN_POINT('Origin',(-0.0496062992125984,0.0511811023622047,
0.));
#8383=CARTESIAN_POINT('Origin',(-0.059251968503937,0.0448818897637795,0.00118110236220472));
#8384=CARTESIAN_POINT('',(-0.059251968503937,0.0448818897637795,0.));
#8385=CARTESIAN_POINT('',(-0.059251968503937,0.0448818897637795,0.00118110236220472));
#8386=CARTESIAN_POINT('Origin',(-0.0512795275590551,0.0511811023622047,
0.));
#8387=CARTESIAN_POINT('Origin',(-0.0512795275590551,0.0511811023622047,
0.00118110236220472));
#8388=CARTESIAN_POINT('Origin',(0.0551181102362205,-0.0767716535433071,
0.00458661417322835));
#8389=CARTESIAN_POINT('',(0.0551181102362205,-0.0816929133858268,0.00799212598425197));
#8390=CARTESIAN_POINT('',(0.0551181102362205,-0.0718503937007874,0.00799212598425197));
#8391=CARTESIAN_POINT('',(0.0551181102362205,-0.0718503937007874,0.00799212598425197));
#8392=CARTESIAN_POINT('',(0.0551181102362205,-0.0704724409448819,0.00118110236220472));
#8393=CARTESIAN_POINT('',(0.0551181102362205,-0.0704724409448819,0.00118110236220472));
#8394=CARTESIAN_POINT('',(0.0551181102362205,-0.0830708661417323,0.00118110236220472));
#8395=CARTESIAN_POINT('',(0.0551181102362205,-0.0767716535433071,0.00118110236220472));
#8396=CARTESIAN_POINT('',(0.0551181102362205,-0.0816929133858268,0.00799212598425197));
#8397=CARTESIAN_POINT('Origin',(0.0590551181102362,-0.0704724409448819,
0.00118110236220472));
#8398=CARTESIAN_POINT('',(0.059251968503937,-0.0718503937007874,0.00799212598425197));
#8399=CARTESIAN_POINT('',(0.0590551181102362,-0.0718503937007874,0.00799212598425197));
#8400=CARTESIAN_POINT('',(0.059251968503937,-0.0704724409448819,0.00118110236220472));
#8401=CARTESIAN_POINT('',(0.059251968503937,-0.0704724409448819,0.00118110236220472));
#8402=CARTESIAN_POINT('',(0.0496062992125984,-0.0704724409448819,0.00118110236220472));
#8403=CARTESIAN_POINT('Origin',(0.0590551181102362,-0.0816929133858268,
0.00799212598425197));
#8404=CARTESIAN_POINT('',(0.059251968503937,-0.0830708661417323,0.00118110236220472));
#8405=CARTESIAN_POINT('',(0.059251968503937,-0.0830708661417323,0.00118110236220472));
#8406=CARTESIAN_POINT('',(0.059251968503937,-0.0816929133858268,0.00799212598425197));
#8407=CARTESIAN_POINT('',(0.059251968503937,-0.0816929133858268,0.00799212598425197));
#8408=CARTESIAN_POINT('',(0.0590551181102362,-0.0816929133858268,0.00799212598425197));
#8409=CARTESIAN_POINT('Origin',(0.0590551181102362,-0.0718503937007874,
0.00799212598425197));
#8410=CARTESIAN_POINT('',(0.059251968503937,-0.0718503937007874,0.00799212598425197));
#8411=CARTESIAN_POINT('Origin',(0.059251968503937,-0.0704724409448819,0.00118110236220472));
#8412=CARTESIAN_POINT('',(0.059251968503937,-0.0830708661417323,0.));
#8413=CARTESIAN_POINT('',(0.059251968503937,-0.0830708661417323,0.00118110236220472));
#8414=CARTESIAN_POINT('',(0.059251968503937,-0.0704724409448819,0.));
#8415=CARTESIAN_POINT('',(0.059251968503937,-0.0704724409448819,0.));
#8416=CARTESIAN_POINT('',(0.059251968503937,-0.0704724409448819,0.00118110236220472));
#8417=CARTESIAN_POINT('Origin',(0.0496062992125984,-0.0704724409448819,
0.00118110236220472));
#8418=CARTESIAN_POINT('',(0.0496062992125984,-0.0704724409448819,0.00118110236220472));
#8419=CARTESIAN_POINT('',(0.0496062992125984,-0.0704724409448819,0.00118110236220472));
#8420=CARTESIAN_POINT('',(0.0496062992125984,-0.0704724409448819,0.));
#8421=CARTESIAN_POINT('',(0.0496062992125984,-0.0704724409448819,0.));
#8422=CARTESIAN_POINT('',(0.0496062992125984,-0.0704724409448819,0.00118110236220472));
#8423=CARTESIAN_POINT('Origin',(0.0496062992125984,-0.0767716535433071,
0.00118110236220472));
#8424=CARTESIAN_POINT('',(0.0496062992125984,-0.0830708661417323,0.00118110236220472));
#8425=CARTESIAN_POINT('Origin',(0.0496062992125984,-0.0767716535433071,
0.00118110236220472));
#8426=CARTESIAN_POINT('',(0.0496062992125984,-0.0830708661417323,0.));
#8427=CARTESIAN_POINT('Origin',(0.0496062992125984,-0.0767716535433071,
0.));
#8428=CARTESIAN_POINT('',(0.0496062992125984,-0.0830708661417323,0.00118110236220472));
#8429=CARTESIAN_POINT('Origin',(0.059251968503937,-0.0830708661417323,0.00118110236220472));
#8430=CARTESIAN_POINT('',(0.059251968503937,-0.0830708661417323,0.00118110236220472));
#8431=CARTESIAN_POINT('',(0.059251968503937,-0.0830708661417323,0.));
#8432=CARTESIAN_POINT('Origin',(0.0512795275590551,-0.0767716535433071,
0.));
#8433=CARTESIAN_POINT('Origin',(0.0512795275590551,-0.0767716535433071,
0.00118110236220472));
#8434=CARTESIAN_POINT('Origin',(0.0551181102362205,-0.0511811023622047,
0.00458661417322835));
#8435=CARTESIAN_POINT('',(0.0551181102362205,-0.0561023622047244,0.00799212598425197));
#8436=CARTESIAN_POINT('',(0.0551181102362205,-0.046259842519685,0.00799212598425197));
#8437=CARTESIAN_POINT('',(0.0551181102362205,-0.046259842519685,0.00799212598425197));
#8438=CARTESIAN_POINT('',(0.0551181102362205,-0.0448818897637795,0.00118110236220472));
#8439=CARTESIAN_POINT('',(0.0551181102362205,-0.0448818897637795,0.00118110236220472));
#8440=CARTESIAN_POINT('',(0.0551181102362205,-0.0574803149606299,0.00118110236220472));
#8441=CARTESIAN_POINT('',(0.0551181102362205,-0.0511811023622047,0.00118110236220472));
#8442=CARTESIAN_POINT('',(0.0551181102362205,-0.0561023622047244,0.00799212598425197));
#8443=CARTESIAN_POINT('Origin',(0.0590551181102362,-0.0448818897637795,
0.00118110236220472));
#8444=CARTESIAN_POINT('',(0.059251968503937,-0.046259842519685,0.00799212598425197));
#8445=CARTESIAN_POINT('',(0.0590551181102362,-0.046259842519685,0.00799212598425197));
#8446=CARTESIAN_POINT('',(0.059251968503937,-0.0448818897637795,0.00118110236220472));
#8447=CARTESIAN_POINT('',(0.059251968503937,-0.0448818897637795,0.00118110236220472));
#8448=CARTESIAN_POINT('',(0.0496062992125984,-0.0448818897637795,0.00118110236220472));
#8449=CARTESIAN_POINT('Origin',(0.0590551181102362,-0.0561023622047244,
0.00799212598425197));
#8450=CARTESIAN_POINT('',(0.059251968503937,-0.0574803149606299,0.00118110236220472));
#8451=CARTESIAN_POINT('',(0.059251968503937,-0.0574803149606299,0.00118110236220472));
#8452=CARTESIAN_POINT('',(0.059251968503937,-0.0561023622047244,0.00799212598425197));
#8453=CARTESIAN_POINT('',(0.059251968503937,-0.0561023622047244,0.00799212598425197));
#8454=CARTESIAN_POINT('',(0.0590551181102362,-0.0561023622047244,0.00799212598425197));
#8455=CARTESIAN_POINT('Origin',(0.0590551181102362,-0.046259842519685,0.00799212598425197));
#8456=CARTESIAN_POINT('',(0.059251968503937,-0.046259842519685,0.00799212598425197));
#8457=CARTESIAN_POINT('Origin',(0.059251968503937,-0.0448818897637795,0.00118110236220472));
#8458=CARTESIAN_POINT('',(0.059251968503937,-0.0574803149606299,0.));
#8459=CARTESIAN_POINT('',(0.059251968503937,-0.0574803149606299,0.00118110236220472));
#8460=CARTESIAN_POINT('',(0.059251968503937,-0.0448818897637795,0.));
#8461=CARTESIAN_POINT('',(0.059251968503937,-0.0448818897637795,0.));
#8462=CARTESIAN_POINT('',(0.059251968503937,-0.0448818897637795,0.00118110236220472));
#8463=CARTESIAN_POINT('Origin',(0.0496062992125984,-0.0448818897637795,
0.00118110236220472));
#8464=CARTESIAN_POINT('',(0.0496062992125984,-0.0448818897637795,0.00118110236220472));
#8465=CARTESIAN_POINT('',(0.0496062992125984,-0.0448818897637795,0.00118110236220472));
#8466=CARTESIAN_POINT('',(0.0496062992125984,-0.0448818897637795,0.));
#8467=CARTESIAN_POINT('',(0.0496062992125984,-0.0448818897637795,0.));
#8468=CARTESIAN_POINT('',(0.0496062992125984,-0.0448818897637795,0.00118110236220472));
#8469=CARTESIAN_POINT('Origin',(0.0496062992125984,-0.0511811023622047,
0.00118110236220472));
#8470=CARTESIAN_POINT('',(0.0496062992125984,-0.0574803149606299,0.00118110236220472));
#8471=CARTESIAN_POINT('Origin',(0.0496062992125984,-0.0511811023622047,
0.00118110236220472));
#8472=CARTESIAN_POINT('',(0.0496062992125984,-0.0574803149606299,0.));
#8473=CARTESIAN_POINT('Origin',(0.0496062992125984,-0.0511811023622047,
0.));
#8474=CARTESIAN_POINT('',(0.0496062992125984,-0.0574803149606299,0.00118110236220472));
#8475=CARTESIAN_POINT('Origin',(0.059251968503937,-0.0574803149606299,0.00118110236220472));
#8476=CARTESIAN_POINT('',(0.059251968503937,-0.0574803149606299,0.00118110236220472));
#8477=CARTESIAN_POINT('',(0.059251968503937,-0.0574803149606299,0.));
#8478=CARTESIAN_POINT('Origin',(0.0512795275590551,-0.0511811023622047,
0.));
#8479=CARTESIAN_POINT('Origin',(0.0512795275590551,-0.0511811023622047,
0.00118110236220472));
#8480=CARTESIAN_POINT('Origin',(0.0551181102362205,-0.0255905511811024,
0.00458661417322835));
#8481=CARTESIAN_POINT('',(0.0551181102362205,-0.030511811023622,0.00799212598425197));
#8482=CARTESIAN_POINT('',(0.0551181102362205,-0.0206692913385827,0.00799212598425197));
#8483=CARTESIAN_POINT('',(0.0551181102362205,-0.0206692913385827,0.00799212598425197));
#8484=CARTESIAN_POINT('',(0.0551181102362205,-0.0192913385826771,0.00118110236220472));
#8485=CARTESIAN_POINT('',(0.0551181102362205,-0.0192913385826771,0.00118110236220472));
#8486=CARTESIAN_POINT('',(0.0551181102362205,-0.0318897637795276,0.00118110236220472));
#8487=CARTESIAN_POINT('',(0.0551181102362205,-0.0255905511811024,0.00118110236220472));
#8488=CARTESIAN_POINT('',(0.0551181102362205,-0.030511811023622,0.00799212598425197));
#8489=CARTESIAN_POINT('Origin',(0.0590551181102362,-0.0192913385826771,
0.00118110236220472));
#8490=CARTESIAN_POINT('',(0.059251968503937,-0.0206692913385827,0.00799212598425197));
#8491=CARTESIAN_POINT('',(0.0590551181102362,-0.0206692913385827,0.00799212598425197));
#8492=CARTESIAN_POINT('',(0.059251968503937,-0.0192913385826772,0.00118110236220472));
#8493=CARTESIAN_POINT('',(0.059251968503937,-0.0192913385826771,0.00118110236220472));
#8494=CARTESIAN_POINT('',(0.0496062992125984,-0.0192913385826771,0.00118110236220472));
#8495=CARTESIAN_POINT('Origin',(0.0590551181102362,-0.030511811023622,0.00799212598425197));
#8496=CARTESIAN_POINT('',(0.059251968503937,-0.0318897637795276,0.00118110236220472));
#8497=CARTESIAN_POINT('',(0.059251968503937,-0.0318897637795276,0.00118110236220472));
#8498=CARTESIAN_POINT('',(0.059251968503937,-0.030511811023622,0.00799212598425197));
#8499=CARTESIAN_POINT('',(0.059251968503937,-0.030511811023622,0.00799212598425197));
#8500=CARTESIAN_POINT('',(0.0590551181102362,-0.030511811023622,0.00799212598425197));
#8501=CARTESIAN_POINT('Origin',(0.0590551181102362,-0.0206692913385827,
0.00799212598425197));
#8502=CARTESIAN_POINT('',(0.059251968503937,-0.0206692913385827,0.00799212598425197));
#8503=CARTESIAN_POINT('Origin',(0.059251968503937,-0.0192913385826772,0.00118110236220472));
#8504=CARTESIAN_POINT('',(0.059251968503937,-0.0318897637795276,0.));
#8505=CARTESIAN_POINT('',(0.059251968503937,-0.0318897637795276,0.00118110236220472));
#8506=CARTESIAN_POINT('',(0.059251968503937,-0.0192913385826772,0.));
#8507=CARTESIAN_POINT('',(0.059251968503937,-0.0192913385826772,0.));
#8508=CARTESIAN_POINT('',(0.059251968503937,-0.0192913385826772,0.00118110236220472));
#8509=CARTESIAN_POINT('Origin',(0.0496062992125984,-0.0192913385826771,
0.00118110236220472));
#8510=CARTESIAN_POINT('',(0.0496062992125984,-0.0192913385826771,0.00118110236220472));
#8511=CARTESIAN_POINT('',(0.0496062992125984,-0.0192913385826771,0.00118110236220472));
#8512=CARTESIAN_POINT('',(0.0496062992125984,-0.0192913385826771,0.));
#8513=CARTESIAN_POINT('',(0.0496062992125984,-0.0192913385826771,0.));
#8514=CARTESIAN_POINT('',(0.0496062992125984,-0.0192913385826771,0.00118110236220472));
#8515=CARTESIAN_POINT('Origin',(0.0496062992125984,-0.0255905511811024,
0.00118110236220472));
#8516=CARTESIAN_POINT('',(0.0496062992125984,-0.0318897637795276,0.00118110236220472));
#8517=CARTESIAN_POINT('Origin',(0.0496062992125984,-0.0255905511811024,
0.00118110236220472));
#8518=CARTESIAN_POINT('',(0.0496062992125984,-0.0318897637795276,0.));
#8519=CARTESIAN_POINT('Origin',(0.0496062992125984,-0.0255905511811024,
0.));
#8520=CARTESIAN_POINT('',(0.0496062992125984,-0.0318897637795276,0.00118110236220472));
#8521=CARTESIAN_POINT('Origin',(0.059251968503937,-0.0318897637795276,0.00118110236220472));
#8522=CARTESIAN_POINT('',(0.059251968503937,-0.0318897637795276,0.00118110236220472));
#8523=CARTESIAN_POINT('',(0.059251968503937,-0.0318897637795276,0.));
#8524=CARTESIAN_POINT('Origin',(0.0512795275590551,-0.0255905511811024,
0.));
#8525=CARTESIAN_POINT('Origin',(0.0512795275590551,-0.0255905511811024,
0.00118110236220472));
#8526=CARTESIAN_POINT('Origin',(0.0551181102362205,1.09273919746571E-17,
0.00458661417322835));
#8527=CARTESIAN_POINT('',(0.0551181102362205,-0.00492125984251968,0.00799212598425197));
#8528=CARTESIAN_POINT('',(0.0551181102362205,0.0049212598425197,0.00799212598425197));
#8529=CARTESIAN_POINT('',(0.0551181102362205,0.0049212598425197,0.00799212598425197));
#8530=CARTESIAN_POINT('',(0.0551181102362205,0.00629921259842521,0.00118110236220472));
#8531=CARTESIAN_POINT('',(0.0551181102362205,0.00629921259842521,0.00118110236220472));
#8532=CARTESIAN_POINT('',(0.0551181102362205,-0.00629921259842519,0.00118110236220472));
#8533=CARTESIAN_POINT('',(0.0551181102362205,5.46369598732853E-18,0.00118110236220472));
#8534=CARTESIAN_POINT('',(0.0551181102362205,-0.00492125984251968,0.00799212598425197));
#8535=CARTESIAN_POINT('Origin',(0.0590551181102362,0.00629921259842521,
0.00118110236220472));
#8536=CARTESIAN_POINT('',(0.059251968503937,0.0049212598425197,0.00799212598425197));
#8537=CARTESIAN_POINT('',(0.0590551181102362,0.0049212598425197,0.00799212598425197));
#8538=CARTESIAN_POINT('',(0.059251968503937,0.0062992125984252,0.00118110236220472));
#8539=CARTESIAN_POINT('',(0.059251968503937,0.00629921259842521,0.00118110236220472));
#8540=CARTESIAN_POINT('',(0.0496062992125984,0.00629921259842521,0.00118110236220472));
#8541=CARTESIAN_POINT('Origin',(0.0590551181102362,-0.00492125984251968,
0.00799212598425197));
#8542=CARTESIAN_POINT('',(0.059251968503937,-0.00629921259842519,0.00118110236220472));
#8543=CARTESIAN_POINT('',(0.059251968503937,-0.00629921259842519,0.00118110236220472));
#8544=CARTESIAN_POINT('',(0.059251968503937,-0.00492125984251968,0.00799212598425197));
#8545=CARTESIAN_POINT('',(0.059251968503937,-0.00492125984251968,0.00799212598425197));
#8546=CARTESIAN_POINT('',(0.0590551181102362,-0.00492125984251968,0.00799212598425197));
#8547=CARTESIAN_POINT('Origin',(0.0590551181102362,0.0049212598425197,0.00799212598425197));
#8548=CARTESIAN_POINT('',(0.059251968503937,0.0049212598425197,0.00799212598425197));
#8549=CARTESIAN_POINT('Origin',(0.059251968503937,0.0062992125984252,0.00118110236220472));
#8550=CARTESIAN_POINT('',(0.059251968503937,-0.00629921259842519,0.));
#8551=CARTESIAN_POINT('',(0.059251968503937,-0.00629921259842519,0.00118110236220472));
#8552=CARTESIAN_POINT('',(0.059251968503937,0.0062992125984252,0.));
#8553=CARTESIAN_POINT('',(0.059251968503937,0.0062992125984252,0.));
#8554=CARTESIAN_POINT('',(0.059251968503937,0.0062992125984252,0.00118110236220472));
#8555=CARTESIAN_POINT('Origin',(0.0496062992125984,0.00629921259842521,
0.00118110236220472));
#8556=CARTESIAN_POINT('',(0.0496062992125984,0.00629921259842521,0.00118110236220472));
#8557=CARTESIAN_POINT('',(0.0496062992125984,0.00629921259842521,0.00118110236220472));
#8558=CARTESIAN_POINT('',(0.0496062992125984,0.00629921259842521,0.));
#8559=CARTESIAN_POINT('',(0.0496062992125984,0.00629921259842521,0.));
#8560=CARTESIAN_POINT('',(0.0496062992125984,0.00629921259842521,0.00118110236220472));
#8561=CARTESIAN_POINT('Origin',(0.0496062992125984,0.,0.00118110236220472));
#8562=CARTESIAN_POINT('',(0.0496062992125984,-0.0062992125984252,0.00118110236220472));
#8563=CARTESIAN_POINT('Origin',(0.0496062992125984,0.,0.00118110236220472));
#8564=CARTESIAN_POINT('',(0.0496062992125984,-0.0062992125984252,0.));
#8565=CARTESIAN_POINT('Origin',(0.0496062992125984,0.,0.));
#8566=CARTESIAN_POINT('',(0.0496062992125984,-0.0062992125984252,0.00118110236220472));
#8567=CARTESIAN_POINT('Origin',(0.059251968503937,-0.00629921259842519,
0.00118110236220472));
#8568=CARTESIAN_POINT('',(0.059251968503937,-0.00629921259842519,0.00118110236220472));
#8569=CARTESIAN_POINT('',(0.059251968503937,-0.00629921259842519,0.));
#8570=CARTESIAN_POINT('Origin',(0.0512795275590551,0.,0.));
#8571=CARTESIAN_POINT('Origin',(0.0512795275590551,0.,0.00118110236220472));
#8572=CARTESIAN_POINT('Origin',(0.0551181102362205,0.0255905511811024,0.00458661417322835));
#8573=CARTESIAN_POINT('',(0.0551181102362205,0.0206692913385827,0.00799212598425197));
#8574=CARTESIAN_POINT('',(0.0551181102362205,0.0305118110236221,0.00799212598425197));
#8575=CARTESIAN_POINT('',(0.0551181102362205,0.0305118110236221,0.00799212598425197));
#8576=CARTESIAN_POINT('',(0.0551181102362205,0.0318897637795276,0.00118110236220472));
#8577=CARTESIAN_POINT('',(0.0551181102362205,0.0318897637795276,0.00118110236220472));
#8578=CARTESIAN_POINT('',(0.0551181102362205,0.0192913385826772,0.00118110236220472));
#8579=CARTESIAN_POINT('',(0.0551181102362205,0.0255905511811024,0.00118110236220472));
#8580=CARTESIAN_POINT('',(0.0551181102362205,0.0206692913385827,0.00799212598425197));
#8581=CARTESIAN_POINT('Origin',(0.0590551181102362,0.0318897637795276,0.00118110236220472));
#8582=CARTESIAN_POINT('',(0.059251968503937,0.0305118110236221,0.00799212598425197));
#8583=CARTESIAN_POINT('',(0.0590551181102362,0.0305118110236221,0.00799212598425197));
#8584=CARTESIAN_POINT('',(0.059251968503937,0.0318897637795276,0.00118110236220472));
#8585=CARTESIAN_POINT('',(0.059251968503937,0.0318897637795276,0.00118110236220472));
#8586=CARTESIAN_POINT('',(0.0496062992125984,0.0318897637795276,0.00118110236220472));
#8587=CARTESIAN_POINT('Origin',(0.0590551181102362,0.0206692913385827,0.00799212598425197));
#8588=CARTESIAN_POINT('',(0.059251968503937,0.0192913385826772,0.00118110236220472));
#8589=CARTESIAN_POINT('',(0.059251968503937,0.0192913385826772,0.00118110236220472));
#8590=CARTESIAN_POINT('',(0.059251968503937,0.0206692913385827,0.00799212598425197));
#8591=CARTESIAN_POINT('',(0.059251968503937,0.0206692913385827,0.00799212598425197));
#8592=CARTESIAN_POINT('',(0.0590551181102362,0.0206692913385827,0.00799212598425197));
#8593=CARTESIAN_POINT('Origin',(0.0590551181102362,0.0305118110236221,0.00799212598425197));
#8594=CARTESIAN_POINT('',(0.059251968503937,0.0305118110236221,0.00799212598425197));
#8595=CARTESIAN_POINT('Origin',(0.059251968503937,0.0318897637795276,0.00118110236220472));
#8596=CARTESIAN_POINT('',(0.059251968503937,0.0192913385826772,0.));
#8597=CARTESIAN_POINT('',(0.059251968503937,0.0192913385826772,0.00118110236220472));
#8598=CARTESIAN_POINT('',(0.059251968503937,0.0318897637795276,0.));
#8599=CARTESIAN_POINT('',(0.059251968503937,0.0318897637795276,0.));
#8600=CARTESIAN_POINT('',(0.059251968503937,0.0318897637795276,0.00118110236220472));
#8601=CARTESIAN_POINT('Origin',(0.0496062992125984,0.0318897637795276,0.00118110236220472));
#8602=CARTESIAN_POINT('',(0.0496062992125984,0.0318897637795276,0.00118110236220472));
#8603=CARTESIAN_POINT('',(0.0496062992125984,0.0318897637795276,0.00118110236220472));
#8604=CARTESIAN_POINT('',(0.0496062992125984,0.0318897637795276,0.));
#8605=CARTESIAN_POINT('',(0.0496062992125984,0.0318897637795276,0.));
#8606=CARTESIAN_POINT('',(0.0496062992125984,0.0318897637795276,0.00118110236220472));
#8607=CARTESIAN_POINT('Origin',(0.0496062992125984,0.0255905511811024,0.00118110236220472));
#8608=CARTESIAN_POINT('',(0.0496062992125984,0.0192913385826772,0.00118110236220472));
#8609=CARTESIAN_POINT('Origin',(0.0496062992125984,0.0255905511811024,0.00118110236220472));
#8610=CARTESIAN_POINT('',(0.0496062992125984,0.0192913385826772,0.));
#8611=CARTESIAN_POINT('Origin',(0.0496062992125984,0.0255905511811024,0.));
#8612=CARTESIAN_POINT('',(0.0496062992125984,0.0192913385826772,0.00118110236220472));
#8613=CARTESIAN_POINT('Origin',(0.059251968503937,0.0192913385826772,0.00118110236220472));
#8614=CARTESIAN_POINT('',(0.059251968503937,0.0192913385826772,0.00118110236220472));
#8615=CARTESIAN_POINT('',(0.059251968503937,0.0192913385826772,0.));
#8616=CARTESIAN_POINT('Origin',(0.0512795275590551,0.0255905511811024,0.));
#8617=CARTESIAN_POINT('Origin',(0.0512795275590551,0.0255905511811024,0.00118110236220472));
#8618=CARTESIAN_POINT('Origin',(0.0551181102362205,0.0511811023622047,0.00458661417322835));
#8619=CARTESIAN_POINT('',(0.0551181102362205,0.046259842519685,0.00799212598425197));
#8620=CARTESIAN_POINT('',(0.0551181102362205,0.0561023622047244,0.00799212598425197));
#8621=CARTESIAN_POINT('',(0.0551181102362205,0.0561023622047244,0.00799212598425197));
#8622=CARTESIAN_POINT('',(0.0551181102362205,0.0574803149606299,0.00118110236220472));
#8623=CARTESIAN_POINT('',(0.0551181102362205,0.0574803149606299,0.00118110236220472));
#8624=CARTESIAN_POINT('',(0.0551181102362205,0.0448818897637795,0.00118110236220472));
#8625=CARTESIAN_POINT('',(0.0551181102362205,0.0511811023622047,0.00118110236220472));
#8626=CARTESIAN_POINT('',(0.0551181102362205,0.046259842519685,0.00799212598425197));
#8627=CARTESIAN_POINT('Origin',(0.0590551181102362,0.0574803149606299,0.00118110236220472));
#8628=CARTESIAN_POINT('',(0.059251968503937,0.0561023622047244,0.00799212598425197));
#8629=CARTESIAN_POINT('',(0.0590551181102362,0.0561023622047244,0.00799212598425197));
#8630=CARTESIAN_POINT('',(0.059251968503937,0.0574803149606299,0.00118110236220472));
#8631=CARTESIAN_POINT('',(0.059251968503937,0.0574803149606299,0.00118110236220472));
#8632=CARTESIAN_POINT('',(0.0496062992125984,0.0574803149606299,0.00118110236220472));
#8633=CARTESIAN_POINT('Origin',(0.0590551181102362,0.046259842519685,0.00799212598425197));
#8634=CARTESIAN_POINT('',(0.059251968503937,0.0448818897637795,0.00118110236220472));
#8635=CARTESIAN_POINT('',(0.059251968503937,0.0448818897637795,0.00118110236220472));
#8636=CARTESIAN_POINT('',(0.059251968503937,0.046259842519685,0.00799212598425197));
#8637=CARTESIAN_POINT('',(0.059251968503937,0.046259842519685,0.00799212598425197));
#8638=CARTESIAN_POINT('',(0.0590551181102362,0.046259842519685,0.00799212598425197));
#8639=CARTESIAN_POINT('Origin',(0.0590551181102362,0.0561023622047244,0.00799212598425197));
#8640=CARTESIAN_POINT('',(0.059251968503937,0.0561023622047244,0.00799212598425197));
#8641=CARTESIAN_POINT('Origin',(0.059251968503937,0.0574803149606299,0.00118110236220472));
#8642=CARTESIAN_POINT('',(0.059251968503937,0.0448818897637795,0.));
#8643=CARTESIAN_POINT('',(0.059251968503937,0.0448818897637795,0.00118110236220472));
#8644=CARTESIAN_POINT('',(0.059251968503937,0.0574803149606299,0.));
#8645=CARTESIAN_POINT('',(0.059251968503937,0.0574803149606299,0.));
#8646=CARTESIAN_POINT('',(0.059251968503937,0.0574803149606299,0.00118110236220472));
#8647=CARTESIAN_POINT('Origin',(0.0496062992125984,0.0574803149606299,0.00118110236220472));
#8648=CARTESIAN_POINT('',(0.0496062992125984,0.0574803149606299,0.00118110236220472));
#8649=CARTESIAN_POINT('',(0.0496062992125984,0.0574803149606299,0.00118110236220472));
#8650=CARTESIAN_POINT('',(0.0496062992125984,0.0574803149606299,0.));
#8651=CARTESIAN_POINT('',(0.0496062992125984,0.0574803149606299,0.));
#8652=CARTESIAN_POINT('',(0.0496062992125984,0.0574803149606299,0.00118110236220472));
#8653=CARTESIAN_POINT('Origin',(0.0496062992125984,0.0511811023622047,0.00118110236220472));
#8654=CARTESIAN_POINT('',(0.0496062992125984,0.0448818897637795,0.00118110236220472));
#8655=CARTESIAN_POINT('Origin',(0.0496062992125984,0.0511811023622047,0.00118110236220472));
#8656=CARTESIAN_POINT('',(0.0496062992125984,0.0448818897637795,0.));
#8657=CARTESIAN_POINT('Origin',(0.0496062992125984,0.0511811023622047,0.));
#8658=CARTESIAN_POINT('',(0.0496062992125984,0.0448818897637795,0.00118110236220472));
#8659=CARTESIAN_POINT('Origin',(0.059251968503937,0.0448818897637795,0.00118110236220472));
#8660=CARTESIAN_POINT('',(0.059251968503937,0.0448818897637795,0.00118110236220472));
#8661=CARTESIAN_POINT('',(0.059251968503937,0.0448818897637795,0.));
#8662=CARTESIAN_POINT('Origin',(0.0512795275590551,0.0511811023622047,0.));
#8663=CARTESIAN_POINT('Origin',(0.0512795275590551,0.0511811023622047,0.00118110236220472));
#8664=CARTESIAN_POINT('Origin',(0.0551181102362205,0.0767716535433071,0.00458661417322835));
#8665=CARTESIAN_POINT('',(0.0551181102362205,0.0718503937007874,0.00799212598425197));
#8666=CARTESIAN_POINT('',(0.0551181102362205,0.0816929133858268,0.00799212598425197));
#8667=CARTESIAN_POINT('',(0.0551181102362205,0.0816929133858268,0.00799212598425197));
#8668=CARTESIAN_POINT('',(0.0551181102362205,0.0830708661417323,0.00118110236220472));
#8669=CARTESIAN_POINT('',(0.0551181102362205,0.0830708661417323,0.00118110236220472));
#8670=CARTESIAN_POINT('',(0.0551181102362205,0.0704724409448819,0.00118110236220472));
#8671=CARTESIAN_POINT('',(0.0551181102362205,0.0767716535433071,0.00118110236220472));
#8672=CARTESIAN_POINT('',(0.0551181102362205,0.0718503937007874,0.00799212598425197));
#8673=CARTESIAN_POINT('Origin',(0.0590551181102362,0.0830708661417323,0.00118110236220472));
#8674=CARTESIAN_POINT('',(0.059251968503937,0.0816929133858268,0.00799212598425197));
#8675=CARTESIAN_POINT('',(0.0590551181102362,0.0816929133858268,0.00799212598425197));
#8676=CARTESIAN_POINT('',(0.059251968503937,0.0830708661417323,0.00118110236220472));
#8677=CARTESIAN_POINT('',(0.059251968503937,0.0830708661417323,0.00118110236220472));
#8678=CARTESIAN_POINT('',(0.0496062992125984,0.0830708661417323,0.00118110236220472));
#8679=CARTESIAN_POINT('Origin',(0.0590551181102362,0.0718503937007874,0.00799212598425197));
#8680=CARTESIAN_POINT('',(0.059251968503937,0.0704724409448819,0.00118110236220472));
#8681=CARTESIAN_POINT('',(0.059251968503937,0.0704724409448819,0.00118110236220472));
#8682=CARTESIAN_POINT('',(0.059251968503937,0.0718503937007874,0.00799212598425197));
#8683=CARTESIAN_POINT('',(0.059251968503937,0.0718503937007874,0.00799212598425197));
#8684=CARTESIAN_POINT('',(0.0590551181102362,0.0718503937007874,0.00799212598425197));
#8685=CARTESIAN_POINT('Origin',(0.0590551181102362,0.0816929133858268,0.00799212598425197));
#8686=CARTESIAN_POINT('',(0.059251968503937,0.0816929133858268,0.00799212598425197));
#8687=CARTESIAN_POINT('Origin',(0.059251968503937,0.0830708661417323,0.00118110236220472));
#8688=CARTESIAN_POINT('',(0.059251968503937,0.0704724409448819,0.));
#8689=CARTESIAN_POINT('',(0.059251968503937,0.0704724409448819,0.00118110236220472));
#8690=CARTESIAN_POINT('',(0.059251968503937,0.0830708661417323,0.));
#8691=CARTESIAN_POINT('',(0.059251968503937,0.0830708661417323,0.));
#8692=CARTESIAN_POINT('',(0.059251968503937,0.0830708661417323,0.00118110236220472));
#8693=CARTESIAN_POINT('Origin',(0.0496062992125984,0.0830708661417323,0.00118110236220472));
#8694=CARTESIAN_POINT('',(0.0496062992125984,0.0830708661417323,0.00118110236220472));
#8695=CARTESIAN_POINT('',(0.0496062992125984,0.0830708661417323,0.00118110236220472));
#8696=CARTESIAN_POINT('',(0.0496062992125984,0.0830708661417323,0.));
#8697=CARTESIAN_POINT('',(0.0496062992125984,0.0830708661417323,0.));
#8698=CARTESIAN_POINT('',(0.0496062992125984,0.0830708661417323,0.00118110236220472));
#8699=CARTESIAN_POINT('Origin',(0.0496062992125984,0.0767716535433071,0.00118110236220472));
#8700=CARTESIAN_POINT('',(0.0496062992125984,0.0704724409448819,0.00118110236220472));
#8701=CARTESIAN_POINT('Origin',(0.0496062992125984,0.0767716535433071,0.00118110236220472));
#8702=CARTESIAN_POINT('',(0.0496062992125984,0.0704724409448819,0.));
#8703=CARTESIAN_POINT('Origin',(0.0496062992125984,0.0767716535433071,0.));
#8704=CARTESIAN_POINT('',(0.0496062992125984,0.0704724409448819,0.00118110236220472));
#8705=CARTESIAN_POINT('Origin',(0.059251968503937,0.0704724409448819,0.00118110236220472));
#8706=CARTESIAN_POINT('',(0.059251968503937,0.0704724409448819,0.00118110236220472));
#8707=CARTESIAN_POINT('',(0.059251968503937,0.0704724409448819,0.));
#8708=CARTESIAN_POINT('Origin',(0.0512795275590551,0.0767716535433071,0.));
#8709=CARTESIAN_POINT('Origin',(0.0512795275590551,0.0767716535433071,0.00118110236220472));
#8710=CARTESIAN_POINT('Origin',(-0.0551181102362205,0.0767716535433071,
0.00458661417322835));
#8711=CARTESIAN_POINT('',(-0.0551181102362205,0.0718503937007874,0.00799212598425197));
#8712=CARTESIAN_POINT('',(-0.0551181102362205,0.0816929133858268,0.00799212598425197));
#8713=CARTESIAN_POINT('',(-0.0551181102362205,0.0816929133858268,0.00799212598425197));
#8714=CARTESIAN_POINT('',(-0.0551181102362205,0.0704724409448819,0.00118110236220472));
#8715=CARTESIAN_POINT('',(-0.0551181102362205,0.0718503937007874,0.00799212598425197));
#8716=CARTESIAN_POINT('',(-0.0551181102362205,0.0830708661417323,0.00118110236220472));
#8717=CARTESIAN_POINT('',(-0.0551181102362205,0.0767716535433071,0.00118110236220472));
#8718=CARTESIAN_POINT('',(-0.0551181102362205,0.0830708661417323,0.00118110236220472));
#8719=CARTESIAN_POINT('Origin',(-0.0590551181102362,0.0830708661417323,
0.00118110236220472));
#8720=CARTESIAN_POINT('',(-0.059251968503937,0.0816929133858268,0.00799212598425197));
#8721=CARTESIAN_POINT('',(-0.0590551181102362,0.0816929133858268,0.00799212598425197));
#8722=CARTESIAN_POINT('',(-0.059251968503937,0.0830708661417323,0.00118110236220472));
#8723=CARTESIAN_POINT('',(-0.0496062992125984,0.0830708661417323,0.00118110236220472));
#8724=CARTESIAN_POINT('',(-0.059251968503937,0.0830708661417323,0.00118110236220472));
#8725=CARTESIAN_POINT('Origin',(-0.0590551181102362,0.0718503937007874,
0.00799212598425197));
#8726=CARTESIAN_POINT('',(-0.059251968503937,0.0704724409448819,0.00118110236220472));
#8727=CARTESIAN_POINT('',(-0.059251968503937,0.0704724409448819,0.00118110236220472));
#8728=CARTESIAN_POINT('',(-0.059251968503937,0.0718503937007874,0.00799212598425197));
#8729=CARTESIAN_POINT('',(-0.0590551181102362,0.0718503937007874,0.00799212598425197));
#8730=CARTESIAN_POINT('',(-0.059251968503937,0.0718503937007874,0.00799212598425197));
#8731=CARTESIAN_POINT('Origin',(-0.0590551181102362,0.0816929133858268,
0.00799212598425197));
#8732=CARTESIAN_POINT('',(-0.059251968503937,0.0816929133858268,0.00799212598425197));
#8733=CARTESIAN_POINT('Origin',(-0.059251968503937,0.0830708661417323,0.00118110236220472));
#8734=CARTESIAN_POINT('',(-0.059251968503937,0.0830708661417323,0.));
#8735=CARTESIAN_POINT('',(-0.059251968503937,0.0830708661417323,0.00118110236220472));
#8736=CARTESIAN_POINT('',(-0.059251968503937,0.0704724409448819,0.));
#8737=CARTESIAN_POINT('',(-0.059251968503937,0.0830708661417323,0.));
#8738=CARTESIAN_POINT('',(-0.059251968503937,0.0704724409448819,0.00118110236220472));
#8739=CARTESIAN_POINT('Origin',(-0.0496062992125984,0.0830708661417323,
0.00118110236220472));
#8740=CARTESIAN_POINT('',(-0.0496062992125984,0.0830708661417323,0.00118110236220472));
#8741=CARTESIAN_POINT('',(-0.0496062992125984,0.0830708661417323,0.00118110236220472));
#8742=CARTESIAN_POINT('',(-0.0496062992125984,0.0830708661417323,0.));
#8743=CARTESIAN_POINT('',(-0.0496062992125984,0.0830708661417323,0.00118110236220472));
#8744=CARTESIAN_POINT('',(-0.0496062992125984,0.0830708661417323,0.));
#8745=CARTESIAN_POINT('Origin',(-0.0496062992125984,0.0767716535433071,
0.00118110236220472));
#8746=CARTESIAN_POINT('',(-0.0496062992125984,0.0704724409448819,0.00118110236220472));
#8747=CARTESIAN_POINT('Origin',(-0.0496062992125984,0.0767716535433071,
0.00118110236220472));
#8748=CARTESIAN_POINT('',(-0.0496062992125984,0.0704724409448819,0.));
#8749=CARTESIAN_POINT('',(-0.0496062992125984,0.0704724409448819,0.00118110236220472));
#8750=CARTESIAN_POINT('Origin',(-0.0496062992125984,0.0767716535433071,
0.));
#8751=CARTESIAN_POINT('Origin',(-0.059251968503937,0.0704724409448819,0.00118110236220472));
#8752=CARTESIAN_POINT('',(-0.059251968503937,0.0704724409448819,0.));
#8753=CARTESIAN_POINT('',(-0.059251968503937,0.0704724409448819,0.00118110236220472));
#8754=CARTESIAN_POINT('Origin',(-0.0512795275590551,0.0767716535433071,
0.));
#8755=CARTESIAN_POINT('Origin',(-0.0512795275590551,0.0767716535433071,
0.00118110236220472));
#8756=CARTESIAN_POINT('Origin',(0.031496062992126,0.0826771653543307,0.00118110236220472));
#8757=CARTESIAN_POINT('',(0.031496062992126,0.0826771653543307,0.00118110236220472));
#8758=CARTESIAN_POINT('',(0.031496062992126,-0.0826771653543307,0.00118110236220472));
#8759=CARTESIAN_POINT('',(0.031496062992126,0.0826771653543307,0.00118110236220472));
#8760=CARTESIAN_POINT('',(0.031496062992126,-0.0826771653543307,0.));
#8761=CARTESIAN_POINT('',(0.031496062992126,-0.0826771653543307,0.00118110236220472));
#8762=CARTESIAN_POINT('',(0.031496062992126,0.0826771653543307,0.));
#8763=CARTESIAN_POINT('',(0.031496062992126,0.0826771653543307,0.));
#8764=CARTESIAN_POINT('',(0.031496062992126,0.0826771653543307,0.00118110236220472));
#8765=CARTESIAN_POINT('Origin',(-0.0216535433070866,0.0826771653543307,
0.00118110236220472));
#8766=CARTESIAN_POINT('',(-0.0216535433070866,0.0826771653543307,0.00118110236220472));
#8767=CARTESIAN_POINT('',(-0.0216535433070866,0.0826771653543307,0.00118110236220472));
#8768=CARTESIAN_POINT('',(-0.0216535433070866,0.0826771653543307,0.));
#8769=CARTESIAN_POINT('',(-0.0216535433070866,0.0826771653543307,0.));
#8770=CARTESIAN_POINT('',(-0.0216535433070866,0.0826771653543307,0.00118110236220472));
#8771=CARTESIAN_POINT('Origin',(-0.031496062992126,0.0728346456692913,0.00118110236220472));
#8772=CARTESIAN_POINT('',(-0.031496062992126,0.0728346456692913,0.00118110236220472));
#8773=CARTESIAN_POINT('',(-0.031496062992126,0.0728346456692913,0.00118110236220472));
#8774=CARTESIAN_POINT('',(-0.031496062992126,0.0728346456692913,0.));
#8775=CARTESIAN_POINT('',(-0.031496062992126,0.0728346456692913,0.));
#8776=CARTESIAN_POINT('',(-0.031496062992126,0.0728346456692913,0.00118110236220472));
#8777=CARTESIAN_POINT('Origin',(-0.031496062992126,-0.0826771653543307,
0.00118110236220472));
#8778=CARTESIAN_POINT('',(-0.031496062992126,-0.0826771653543307,0.00118110236220472));
#8779=CARTESIAN_POINT('',(-0.031496062992126,-0.0826771653543307,0.00118110236220472));
#8780=CARTESIAN_POINT('',(-0.031496062992126,-0.0826771653543307,0.));
#8781=CARTESIAN_POINT('',(-0.031496062992126,-0.0826771653543307,0.));
#8782=CARTESIAN_POINT('',(-0.031496062992126,-0.0826771653543307,0.00118110236220472));
#8783=CARTESIAN_POINT('Origin',(0.031496062992126,-0.0826771653543307,0.00118110236220472));
#8784=CARTESIAN_POINT('',(0.031496062992126,-0.0826771653543307,0.00118110236220472));
#8785=CARTESIAN_POINT('',(0.031496062992126,-0.0826771653543307,0.));
#8786=CARTESIAN_POINT('Origin',(0.,-1.09273919746571E-17,0.));
#8787=CARTESIAN_POINT('Origin',(0.,-1.63910879619856E-17,0.00118110236220472));
#8788=CARTESIAN_POINT('',(0.,0.,0.));
#8789=CARTESIAN_POINT('Origin',(-0.0421706196871501,0.0738747525699484,
0.0391732283464567));
#8790=CARTESIAN_POINT('',(-0.0342966039391186,0.0738747525699484,0.0393700787401575));
#8791=CARTESIAN_POINT('',(-0.0500446354351816,0.0738747525699484,0.0393700787401575));
#8792=CARTESIAN_POINT('Origin',(-0.0421706196871501,0.0738747525699484,
0.0393700787401575));
#8793=CARTESIAN_POINT('Origin',(-0.0421706196871501,0.0738747525699484,
0.0393700787401575));
#8794=CARTESIAN_POINT('',(-0.0500446354351816,0.0738747525699484,0.0391732283464567));
#8795=CARTESIAN_POINT('',(-0.0500446354351816,0.0738747525699484,0.0391732283464567));
#8796=CARTESIAN_POINT('',(-0.0342966039391186,0.0738747525699484,0.0391732283464567));
#8797=CARTESIAN_POINT('Origin',(-0.0421706196871501,0.0738747525699484,
0.0391732283464567));
#8798=CARTESIAN_POINT('Origin',(-0.0421706196871501,0.0738747525699484,
0.0391732283464567));
#8799=CARTESIAN_POINT('Origin',(-0.0421706196871501,0.0738747525699484,
0.0393700787401575));
#8800=CARTESIAN_POINT('Origin',(-0.0421706196871501,0.0738747525699484,
0.0391732283464567));
#8801=CARTESIAN_POINT('',(0.,0.,0.));
#8802=CARTESIAN_POINT('Ctrl Pts',(-0.0365924948814724,0.00284849149913386,
0.0393700787401575));
#8803=CARTESIAN_POINT('Ctrl Pts',(-0.0365924948814724,0.00284849149913386,
0.0393897637795276));
#8804=CARTESIAN_POINT('Ctrl Pts',(-0.0346472731648529,-0.000201072863767906,
0.0393700787401575));
#8805=CARTESIAN_POINT('Ctrl Pts',(-0.0346472731648529,-0.000201072863767906,
0.0393897637795276));
#8806=CARTESIAN_POINT('Ctrl Pts',(-0.0309982602798783,-0.0059847489932387,
0.0393700787401575));
#8807=CARTESIAN_POINT('Ctrl Pts',(-0.0309982602798783,-0.0059847489932387,
0.0393897637795276));
#8808=CARTESIAN_POINT('Ctrl Pts',(-0.0309974726280276,-0.00598599771147638,
0.0393700787401575));
#8809=CARTESIAN_POINT('Ctrl Pts',(-0.0309974726280276,-0.00598599771147638,
0.0393897637795276));
#8810=CARTESIAN_POINT('',(-0.0365924948814724,0.00284849149913386,0.0393700787401575));
#8811=CARTESIAN_POINT('',(-0.0309974726280276,-0.00598599771147638,0.0393700787401575));
#8812=CARTESIAN_POINT('Ctrl Pts',(-0.0365924948814724,0.00284849149913386,
0.0393700787401575));
#8813=CARTESIAN_POINT('Ctrl Pts',(-0.0346472731648529,-0.000201072863767906,
0.0393700787401575));
#8814=CARTESIAN_POINT('Ctrl Pts',(-0.0309982602798783,-0.0059847489932387,
0.0393700787401575));
#8815=CARTESIAN_POINT('Ctrl Pts',(-0.0309974726280276,-0.00598599771147638,
0.0393700787401575));
#8816=CARTESIAN_POINT('',(-0.0309974726280276,-0.00598599771147638,0.0393897637795276));
#8817=CARTESIAN_POINT('',(-0.0309974726280276,-0.00598599771147638,0.0393700787401575));
#8818=CARTESIAN_POINT('',(-0.0365924948814724,0.00284849149913386,0.0393897637795276));
#8819=CARTESIAN_POINT('Ctrl Pts',(-0.0365924948814724,0.00284849149913386,
0.0393897637795276));
#8820=CARTESIAN_POINT('Ctrl Pts',(-0.0346472731648529,-0.000201072863767906,
0.0393897637795276));
#8821=CARTESIAN_POINT('Ctrl Pts',(-0.0309982602798783,-0.0059847489932387,
0.0393897637795276));
#8822=CARTESIAN_POINT('Ctrl Pts',(-0.0309974726280276,-0.00598599771147638,
0.0393897637795276));
#8823=CARTESIAN_POINT('',(-0.0365924948814724,0.00284849149913386,0.0393700787401575));
#8824=CARTESIAN_POINT('Ctrl Pts',(-0.0385747171147598,0.00288546927826772,
0.0393700787401575));
#8825=CARTESIAN_POINT('Ctrl Pts',(-0.0385747171147598,0.00288546927826772,
0.0393897637795276));
#8826=CARTESIAN_POINT('Ctrl Pts',(-0.0376740948875341,0.00416653599159513,
0.0393700787401575));
#8827=CARTESIAN_POINT('Ctrl Pts',(-0.0376740948875341,0.00416653599159513,
0.0393897637795276));
#8828=CARTESIAN_POINT('Ctrl Pts',(-0.0368630726607749,0.00327195818123059,
0.0393700787401575));
#8829=CARTESIAN_POINT('Ctrl Pts',(-0.0368630726607749,0.00327195818123059,
0.0393897637795276));
#8830=CARTESIAN_POINT('Ctrl Pts',(-0.0365924948814724,0.00284849149913386,
0.0393700787401575));
#8831=CARTESIAN_POINT('Ctrl Pts',(-0.0365924948814724,0.00284849149913386,
0.0393897637795276));
#8832=CARTESIAN_POINT('',(-0.0385747171147598,0.00288546927826772,0.0393700787401575));
#8833=CARTESIAN_POINT('Ctrl Pts',(-0.0385747171147598,0.00288546927826772,
0.0393700787401575));
#8834=CARTESIAN_POINT('Ctrl Pts',(-0.0376740948875341,0.00416653599159513,
0.0393700787401575));
#8835=CARTESIAN_POINT('Ctrl Pts',(-0.0368630726607749,0.00327195818123059,
0.0393700787401575));
#8836=CARTESIAN_POINT('Ctrl Pts',(-0.0365924948814724,0.00284849149913386,
0.0393700787401575));
#8837=CARTESIAN_POINT('',(-0.0385747171147598,0.00288546927826772,0.0393897637795276));
#8838=CARTESIAN_POINT('Ctrl Pts',(-0.0385747171147598,0.00288546927826772,
0.0393897637795276));
#8839=CARTESIAN_POINT('Ctrl Pts',(-0.0376740948875341,0.00416653599159513,
0.0393897637795276));
#8840=CARTESIAN_POINT('Ctrl Pts',(-0.0368630726607749,0.00327195818123059,
0.0393897637795276));
#8841=CARTESIAN_POINT('Ctrl Pts',(-0.0365924948814724,0.00284849149913386,
0.0393897637795276));
#8842=CARTESIAN_POINT('',(-0.0385747171147598,0.00288546927826772,0.0393700787401575));
#8843=CARTESIAN_POINT('Ctrl Pts',(-0.040439606014061,0.000253646960206003,
0.0393700787401575));
#8844=CARTESIAN_POINT('Ctrl Pts',(-0.040439606014061,0.000253646960206003,
0.0393897637795276));
#8845=CARTESIAN_POINT('Ctrl Pts',(-0.0404387492926531,0.000254849341296689,
0.0393700787401575));
#8846=CARTESIAN_POINT('Ctrl Pts',(-0.0404387492926531,0.000254849341296689,
0.0393897637795276));
#8847=CARTESIAN_POINT('Ctrl Pts',(-0.0393935620278511,0.00172173623321465,
0.0393700787401575));
#8848=CARTESIAN_POINT('Ctrl Pts',(-0.0393935620278511,0.00172173623321465,
0.0393897637795276));
#8849=CARTESIAN_POINT('Ctrl Pts',(-0.0385747171147598,0.00288546927826772,
0.0393700787401575));
#8850=CARTESIAN_POINT('Ctrl Pts',(-0.0385747171147598,0.00288546927826772,
0.0393897637795276));
#8851=CARTESIAN_POINT('',(-0.040439606014061,0.000253646960206003,0.0393700787401575));
#8852=CARTESIAN_POINT('Ctrl Pts',(-0.040439606014061,0.000253646960206003,
0.0393700787401575));
#8853=CARTESIAN_POINT('Ctrl Pts',(-0.0404387492926531,0.000254849341296689,
0.0393700787401575));
#8854=CARTESIAN_POINT('Ctrl Pts',(-0.0393935620278511,0.00172173623321465,
0.0393700787401575));
#8855=CARTESIAN_POINT('Ctrl Pts',(-0.0385747171147598,0.00288546927826772,
0.0393700787401575));
#8856=CARTESIAN_POINT('',(-0.040439606014061,0.000253646960206003,0.0393897637795276));
#8857=CARTESIAN_POINT('Ctrl Pts',(-0.040439606014061,0.000253646960206003,
0.0393897637795276));
#8858=CARTESIAN_POINT('Ctrl Pts',(-0.0404387492926531,0.000254849341296689,
0.0393897637795276));
#8859=CARTESIAN_POINT('Ctrl Pts',(-0.0393935620278511,0.00172173623321465,
0.0393897637795276));
#8860=CARTESIAN_POINT('Ctrl Pts',(-0.0385747171147598,0.00288546927826772,
0.0393897637795276));
#8861=CARTESIAN_POINT('',(-0.040439606014061,0.000253646960206003,0.0393700787401575));
#8862=CARTESIAN_POINT('Origin',(-0.0348196948715709,-0.00858048669484252,
0.0393700787401575));
#8863=CARTESIAN_POINT('',(-0.0348196948715709,-0.00858048669484252,0.0393700787401575));
#8864=CARTESIAN_POINT('',(-0.0348196948715709,-0.00858048669484252,0.0393700787401575));
#8865=CARTESIAN_POINT('',(-0.0348196948715709,-0.00858048669484252,0.0393897637795276));
#8866=CARTESIAN_POINT('',(-0.0348196948715709,-0.00858048669484252,0.0393897637795276));
#8867=CARTESIAN_POINT('',(-0.0348196948715709,-0.00858048669484252,0.0393700787401575));
#8868=CARTESIAN_POINT('Ctrl Pts',(-0.032944494861128,-0.00880733114754921,
0.0393700787401575));
#8869=CARTESIAN_POINT('Ctrl Pts',(-0.032944494861128,-0.00880733114754921,
0.0393897637795276));
#8870=CARTESIAN_POINT('Ctrl Pts',(-0.034025024993732,-0.0102754224500855,
0.0393700787401575));
#8871=CARTESIAN_POINT('Ctrl Pts',(-0.034025024993732,-0.0102754224500855,
0.0393897637795276));
#8872=CARTESIAN_POINT('Ctrl Pts',(-0.0348190686315756,-0.00858182753856811,
0.0393700787401575));
#8873=CARTESIAN_POINT('Ctrl Pts',(-0.0348190686315756,-0.00858182753856811,
0.0393897637795276));
#8874=CARTESIAN_POINT('Ctrl Pts',(-0.0348196948715709,-0.00858048669484252,
0.0393700787401575));
#8875=CARTESIAN_POINT('Ctrl Pts',(-0.0348196948715709,-0.00858048669484252,
0.0393897637795276));
#8876=CARTESIAN_POINT('',(-0.032944494861128,-0.00880733114754921,0.0393700787401575));
#8877=CARTESIAN_POINT('Ctrl Pts',(-0.032944494861128,-0.00880733114754921,
0.0393700787401575));
#8878=CARTESIAN_POINT('Ctrl Pts',(-0.034025024993732,-0.0102754224500855,
0.0393700787401575));
#8879=CARTESIAN_POINT('Ctrl Pts',(-0.0348190686315756,-0.00858182753856811,
0.0393700787401575));
#8880=CARTESIAN_POINT('Ctrl Pts',(-0.0348196948715709,-0.00858048669484252,
0.0393700787401575));
#8881=CARTESIAN_POINT('',(-0.032944494861128,-0.00880733114754921,0.0393897637795276));
#8882=CARTESIAN_POINT('Ctrl Pts',(-0.032944494861128,-0.00880733114754921,
0.0393897637795276));
#8883=CARTESIAN_POINT('Ctrl Pts',(-0.034025024993732,-0.0102754224500855,
0.0393897637795276));
#8884=CARTESIAN_POINT('Ctrl Pts',(-0.0348190686315756,-0.00858182753856811,
0.0393897637795276));
#8885=CARTESIAN_POINT('Ctrl Pts',(-0.0348196948715709,-0.00858048669484252,
0.0393897637795276));
#8886=CARTESIAN_POINT('',(-0.032944494861128,-0.00880733114754921,0.0393700787401575));
#8887=CARTESIAN_POINT('Ctrl Pts',(-0.0309974726280276,-0.00598599771147638,
0.0393700787401575));
#8888=CARTESIAN_POINT('Ctrl Pts',(-0.0309974726280276,-0.00598599771147638,
0.0393897637795276));
#8889=CARTESIAN_POINT('Ctrl Pts',(-0.0309983075224138,-0.00598721534985612,
0.0393700787401575));
#8890=CARTESIAN_POINT('Ctrl Pts',(-0.0309983075224138,-0.00598721534985612,
0.0393897637795276));
#8891=CARTESIAN_POINT('Ctrl Pts',(-0.0327635101890515,-0.0085616469762042,
0.0393700787401575));
#8892=CARTESIAN_POINT('Ctrl Pts',(-0.0327635101890515,-0.0085616469762042,
0.0393897637795276));
#8893=CARTESIAN_POINT('Ctrl Pts',(-0.032944494861128,-0.00880733114754921,
0.0393700787401575));
#8894=CARTESIAN_POINT('Ctrl Pts',(-0.032944494861128,-0.00880733114754921,
0.0393897637795276));
#8895=CARTESIAN_POINT('Ctrl Pts',(-0.0309974726280276,-0.00598599771147638,
0.0393700787401575));
#8896=CARTESIAN_POINT('Ctrl Pts',(-0.0309983075224138,-0.00598721534985612,
0.0393700787401575));
#8897=CARTESIAN_POINT('Ctrl Pts',(-0.0327635101890515,-0.0085616469762042,
0.0393700787401575));
#8898=CARTESIAN_POINT('Ctrl Pts',(-0.032944494861128,-0.00880733114754921,
0.0393700787401575));
#8899=CARTESIAN_POINT('Ctrl Pts',(-0.0309974726280276,-0.00598599771147638,
0.0393897637795276));
#8900=CARTESIAN_POINT('Ctrl Pts',(-0.0309983075224138,-0.00598721534985612,
0.0393897637795276));
#8901=CARTESIAN_POINT('Ctrl Pts',(-0.0327635101890515,-0.0085616469762042,
0.0393897637795276));
#8902=CARTESIAN_POINT('Ctrl Pts',(-0.032944494861128,-0.00880733114754921,
0.0393897637795276));
#8903=CARTESIAN_POINT('Ctrl Pts',(-0.0330170281948386,0.000224135848020179,
0.0393700787401575));
#8904=CARTESIAN_POINT('Ctrl Pts',(-0.0330170281948386,0.000224135848020179,
0.0393897637795276));
#8905=CARTESIAN_POINT('Ctrl Pts',(-0.0330161714196166,0.000225338190767713,
0.0393700787401575));
#8906=CARTESIAN_POINT('Ctrl Pts',(-0.0330161714196166,0.000225338190767713,
0.0393897637795276));
#8907=CARTESIAN_POINT('Ctrl Pts',(-0.0319706307265266,0.00169258215412439,
0.0393700787401575));
#8908=CARTESIAN_POINT('Ctrl Pts',(-0.0319706307265266,0.00169258215412439,
0.0393897637795276));
#8909=CARTESIAN_POINT('Ctrl Pts',(-0.0311524948511083,0.00285631372166339,
0.0393700787401575));
#8910=CARTESIAN_POINT('Ctrl Pts',(-0.0311524948511083,0.00285631372166339,
0.0393897637795276));
#8911=CARTESIAN_POINT('',(-0.0330170281948386,0.000224135848020179,0.0393700787401575));
#8912=CARTESIAN_POINT('',(-0.0311524948511083,0.00285631372166339,0.0393700787401575));
#8913=CARTESIAN_POINT('Ctrl Pts',(-0.0330170281948386,0.000224135848020179,
0.0393700787401575));
#8914=CARTESIAN_POINT('Ctrl Pts',(-0.0330161714196166,0.000225338190767713,
0.0393700787401575));
#8915=CARTESIAN_POINT('Ctrl Pts',(-0.0319706307265266,0.00169258215412439,
0.0393700787401575));
#8916=CARTESIAN_POINT('Ctrl Pts',(-0.0311524948511083,0.00285631372166339,
0.0393700787401575));
#8917=CARTESIAN_POINT('',(-0.0311524948511083,0.00285631372166339,0.0393897637795276));
#8918=CARTESIAN_POINT('',(-0.0311524948511083,0.00285631372166339,0.0393700787401575));
#8919=CARTESIAN_POINT('',(-0.0330170281948386,0.000224135848020179,0.0393897637795276));
#8920=CARTESIAN_POINT('Ctrl Pts',(-0.0330170281948386,0.000224135848020179,
0.0393897637795276));
#8921=CARTESIAN_POINT('Ctrl Pts',(-0.0330161714196166,0.000225338190767713,
0.0393897637795276));
#8922=CARTESIAN_POINT('Ctrl Pts',(-0.0319706307265266,0.00169258215412439,
0.0393897637795276));
#8923=CARTESIAN_POINT('Ctrl Pts',(-0.0311524948511083,0.00285631372166339,
0.0393897637795276));
#8924=CARTESIAN_POINT('',(-0.0330170281948386,0.000224135848020179,0.0393700787401575));
#8925=CARTESIAN_POINT('Origin',(-0.026382361491128,-0.0102483978666732,
0.0393700787401575));
#8926=CARTESIAN_POINT('',(-0.026382361491128,-0.0102483978666732,0.0393700787401575));
#8927=CARTESIAN_POINT('',(-0.026382361491128,-0.0102483978666732,0.0393700787401575));
#8928=CARTESIAN_POINT('',(-0.026382361491128,-0.0102483978666732,0.0393897637795276));
#8929=CARTESIAN_POINT('',(-0.026382361491128,-0.0102483978666732,0.0393897637795276));
#8930=CARTESIAN_POINT('',(-0.026382361491128,-0.0102483978666732,0.0393700787401575));
#8931=CARTESIAN_POINT('Ctrl Pts',(-0.0341665393123681,-0.0131842201958268,
0.0393700787401575));
#8932=CARTESIAN_POINT('Ctrl Pts',(-0.0296237322185178,-0.0132669164474503,
0.0393700787401575));
#8933=CARTESIAN_POINT('Ctrl Pts',(-0.026382361491128,-0.0102483978666732,
0.0393700787401575));
#8934=CARTESIAN_POINT('Ctrl Pts',(-0.0341665393123681,-0.0131842201958268,
0.0393897637795276));
#8935=CARTESIAN_POINT('Ctrl Pts',(-0.0296237322185178,-0.0132669164474503,
0.0393897637795276));
#8936=CARTESIAN_POINT('Ctrl Pts',(-0.026382361491128,-0.0102483978666732,
0.0393897637795276));
#8937=CARTESIAN_POINT('',(-0.0341665393123681,-0.0131842201958268,0.0393700787401575));
#8938=CARTESIAN_POINT('Origin',(-0.0353012621026499,0.000262165989330631,
0.0393700787401577));
#8939=CARTESIAN_POINT('',(-0.0341665393123681,-0.0131842201958268,0.0393897637795276));
#8940=CARTESIAN_POINT('Origin',(-0.0353012621026499,0.000262165989330631,
0.0393897637795277));
#8941=CARTESIAN_POINT('',(-0.0341665393123681,-0.0131842201958268,0.0393700787401575));
#8942=CARTESIAN_POINT('Ctrl Pts',(-0.0420221838006949,-0.0098249311846063,
0.0393700787401575));
#8943=CARTESIAN_POINT('Ctrl Pts',(-0.0388901569243705,-0.0131044226897268,
0.0393700787401575));
#8944=CARTESIAN_POINT('Ctrl Pts',(-0.0341665393123681,-0.0131842201958268,
0.0393700787401575));
#8945=CARTESIAN_POINT('Ctrl Pts',(-0.0420221838006949,-0.0098249311846063,
0.0393897637795276));
#8946=CARTESIAN_POINT('Ctrl Pts',(-0.0388901569243705,-0.0131044226897268,
0.0393897637795276));
#8947=CARTESIAN_POINT('Ctrl Pts',(-0.0341665393123681,-0.0131842201958268,
0.0393897637795276));
#8948=CARTESIAN_POINT('',(-0.0420221838006949,-0.0098249311846063,0.0393700787401575));
#8949=CARTESIAN_POINT('Origin',(-0.0322868043743135,0.000170791254537024,
0.0393700787401575));
#8950=CARTESIAN_POINT('',(-0.0420221838006949,-0.0098249311846063,0.0393897637795276));
#8951=CARTESIAN_POINT('Origin',(-0.0322868043743135,0.000170791254537024,
0.0393897637795276));
#8952=CARTESIAN_POINT('',(-0.0420221838006949,-0.0098249311846063,0.0393700787401575));
#8953=CARTESIAN_POINT('Ctrl Pts',(-0.0391567615624764,-0.00586261992918307,
0.0393700787401575));
#8954=CARTESIAN_POINT('Ctrl Pts',(-0.0391567615624764,-0.00586261992918307,
0.0393897637795276));
#8955=CARTESIAN_POINT('Ctrl Pts',(-0.0391866280518796,-0.00590813115839575,
0.0393700787401575));
#8956=CARTESIAN_POINT('Ctrl Pts',(-0.0391866280518796,-0.00590813115839575,
0.0393897637795276));
#8957=CARTESIAN_POINT('Ctrl Pts',(-0.0420213025976008,-0.00982374646311894,
0.0393700787401575));
#8958=CARTESIAN_POINT('Ctrl Pts',(-0.0420213025976008,-0.00982374646311894,
0.0393897637795276));
#8959=CARTESIAN_POINT('Ctrl Pts',(-0.0420221838006949,-0.0098249311846063,
0.0393700787401575));
#8960=CARTESIAN_POINT('Ctrl Pts',(-0.0420221838006949,-0.0098249311846063,
0.0393897637795276));
#8961=CARTESIAN_POINT('',(-0.0391567615624764,-0.00586261992918307,0.0393700787401575));
#8962=CARTESIAN_POINT('Ctrl Pts',(-0.0391567615624764,-0.00586261992918307,
0.0393700787401575));
#8963=CARTESIAN_POINT('Ctrl Pts',(-0.0391866280518796,-0.00590813115839575,
0.0393700787401575));
#8964=CARTESIAN_POINT('Ctrl Pts',(-0.0420213025976008,-0.00982374646311894,
0.0393700787401575));
#8965=CARTESIAN_POINT('Ctrl Pts',(-0.0420221838006949,-0.0098249311846063,
0.0393700787401575));
#8966=CARTESIAN_POINT('',(-0.0391567615624764,-0.00586261992918307,0.0393897637795276));
#8967=CARTESIAN_POINT('Ctrl Pts',(-0.0391567615624764,-0.00586261992918307,
0.0393897637795276));
#8968=CARTESIAN_POINT('Ctrl Pts',(-0.0391866280518796,-0.00590813115839575,
0.0393897637795276));
#8969=CARTESIAN_POINT('Ctrl Pts',(-0.0420213025976008,-0.00982374646311894,
0.0393897637795276));
#8970=CARTESIAN_POINT('Ctrl Pts',(-0.0420221838006949,-0.0098249311846063,
0.0393897637795276));
#8971=CARTESIAN_POINT('',(-0.0391567615624764,-0.00586261992918307,0.0393700787401575));
#8972=CARTESIAN_POINT('Ctrl Pts',(-0.0393100060077618,-0.00441515320981388,
0.0393700787401575));
#8973=CARTESIAN_POINT('Ctrl Pts',(-0.0393100060077618,-0.00441515320981388,
0.0393897637795276));
#8974=CARTESIAN_POINT('Ctrl Pts',(-0.0393090294756202,-0.0044162604933522,
0.0393700787401575));
#8975=CARTESIAN_POINT('Ctrl Pts',(-0.0393090294756202,-0.0044162604933522,
0.0393897637795276));
#8976=CARTESIAN_POINT('Ctrl Pts',(-0.0386753393375641,-0.0051347976804628,
0.0393700787401575));
#8977=CARTESIAN_POINT('Ctrl Pts',(-0.0386753393375641,-0.0051347976804628,
0.0393897637795276));
#8978=CARTESIAN_POINT('Ctrl Pts',(-0.0391567615624764,-0.00586261992918307,
0.0393700787401575));
#8979=CARTESIAN_POINT('Ctrl Pts',(-0.0391567615624764,-0.00586261992918307,
0.0393897637795276));
#8980=CARTESIAN_POINT('',(-0.0393100060077618,-0.00441515320981388,0.0393700787401575));
#8981=CARTESIAN_POINT('Ctrl Pts',(-0.0393100060077618,-0.00441515320981388,
0.0393700787401575));
#8982=CARTESIAN_POINT('Ctrl Pts',(-0.0393090294756202,-0.0044162604933522,
0.0393700787401575));
#8983=CARTESIAN_POINT('Ctrl Pts',(-0.0386753393375641,-0.0051347976804628,
0.0393700787401575));
#8984=CARTESIAN_POINT('Ctrl Pts',(-0.0391567615624764,-0.00586261992918307,
0.0393700787401575));
#8985=CARTESIAN_POINT('',(-0.0393100060077618,-0.00441515320981388,0.0393897637795276));
#8986=CARTESIAN_POINT('Ctrl Pts',(-0.0393100060077618,-0.00441515320981388,
0.0393897637795276));
#8987=CARTESIAN_POINT('Ctrl Pts',(-0.0393090294756202,-0.0044162604933522,
0.0393897637795276));
#8988=CARTESIAN_POINT('Ctrl Pts',(-0.0386753393375641,-0.0051347976804628,
0.0393897637795276));
#8989=CARTESIAN_POINT('Ctrl Pts',(-0.0391567615624764,-0.00586261992918307,
0.0393897637795276));
#8990=CARTESIAN_POINT('',(-0.0393100060077618,-0.00441515320981388,0.0393700787401575));
#8991=CARTESIAN_POINT('Origin',(-0.0414220060195728,-0.00110955308943661,
0.0393700787401575));
#8992=CARTESIAN_POINT('',(-0.0414220060195728,-0.00110955308943661,0.0393700787401575));
#8993=CARTESIAN_POINT('',(-0.0414220060195728,-0.00110955308943661,0.0393700787401575));
#8994=CARTESIAN_POINT('',(-0.0414220060195728,-0.00110955308943661,0.0393897637795276));
#8995=CARTESIAN_POINT('',(-0.0414220060195728,-0.00110955308943661,0.0393897637795276));
#8996=CARTESIAN_POINT('',(-0.0414220060195728,-0.00110955308943661,0.0393700787401575));
#8997=CARTESIAN_POINT('Origin',(-0.0445412949258524,-0.00548253102646654,
0.0393700787401575));
#8998=CARTESIAN_POINT('',(-0.0445412949258524,-0.00548253102646654,0.0393700787401575));
#8999=CARTESIAN_POINT('',(-0.0445412949258524,-0.00548253102646654,0.0393700787401575));
#9000=CARTESIAN_POINT('',(-0.0445412949258524,-0.00548253102646654,0.0393897637795276));
#9001=CARTESIAN_POINT('',(-0.0445412949258524,-0.00548253102646654,0.0393897637795276));
#9002=CARTESIAN_POINT('',(-0.0445412949258524,-0.00548253102646654,0.0393700787401575));
#9003=CARTESIAN_POINT('Origin',(-0.0350022194634425,-0.00279103025873233,
0.0393700787401575));
#9004=CARTESIAN_POINT('',(-0.0449121393723878,-0.00261319758863799,0.0393700787401575));
#9005=CARTESIAN_POINT('Origin',(-0.0350022194634425,-0.00279103025873233,
0.0393700787401575));
#9006=CARTESIAN_POINT('',(-0.0449121393723878,-0.00261319758863799,0.0393897637795276));
#9007=CARTESIAN_POINT('Origin',(-0.0350022194634425,-0.00279103025873233,
0.0393897637795276));
#9008=CARTESIAN_POINT('',(-0.0449121393723878,-0.00261319758863799,0.0393700787401575));
#9009=CARTESIAN_POINT('Ctrl Pts',(-0.0338045837548091,0.00757666944909449,
0.0393700787401575));
#9010=CARTESIAN_POINT('Ctrl Pts',(-0.0338045837548091,0.00757666944909449,
0.0393897637795276));
#9011=CARTESIAN_POINT('Ctrl Pts',(-0.0398387171358921,0.00768155753258063,
0.0393700787401575));
#9012=CARTESIAN_POINT('Ctrl Pts',(-0.0398387171358921,0.00768155753258063,
0.0393897637795276));
#9013=CARTESIAN_POINT('Ctrl Pts',(-0.0448118721073906,0.00311942336614001,
0.0393700787401575));
#9014=CARTESIAN_POINT('Ctrl Pts',(-0.0448118721073906,0.00311942336614001,
0.0393897637795276));
#9015=CARTESIAN_POINT('Ctrl Pts',(-0.0449121393723878,-0.00261319758863799,
0.0393700787401575));
#9016=CARTESIAN_POINT('Ctrl Pts',(-0.0449121393723878,-0.00261319758863799,
0.0393897637795276));
#9017=CARTESIAN_POINT('',(-0.0338045837548091,0.00757666944909449,0.0393700787401575));
#9018=CARTESIAN_POINT('Ctrl Pts',(-0.0338045837548091,0.00757666944909449,
0.0393700787401575));
#9019=CARTESIAN_POINT('Ctrl Pts',(-0.0398387171358921,0.00768155753258063,
0.0393700787401575));
#9020=CARTESIAN_POINT('Ctrl Pts',(-0.0448118721073906,0.00311942336614001,
0.0393700787401575));
#9021=CARTESIAN_POINT('Ctrl Pts',(-0.0449121393723878,-0.00261319758863799,
0.0393700787401575));
#9022=CARTESIAN_POINT('',(-0.0338045837548091,0.00757666944909449,0.0393897637795276));
#9023=CARTESIAN_POINT('Ctrl Pts',(-0.0338045837548091,0.00757666944909449,
0.0393897637795276));
#9024=CARTESIAN_POINT('Ctrl Pts',(-0.0398387171358921,0.00768155753258063,
0.0393897637795276));
#9025=CARTESIAN_POINT('Ctrl Pts',(-0.0448118721073906,0.00311942336614001,
0.0393897637795276));
#9026=CARTESIAN_POINT('Ctrl Pts',(-0.0449121393723878,-0.00261319758863799,
0.0393897637795276));
#9027=CARTESIAN_POINT('',(-0.0338045837548091,0.00757666944909449,0.0393700787401575));
#9028=CARTESIAN_POINT('Ctrl Pts',(-0.0294234281747992,0.0065540916340748,
0.0393700787401575));
#9029=CARTESIAN_POINT('Ctrl Pts',(-0.0294234281747992,0.0065540916340748,
0.0393897637795276));
#9030=CARTESIAN_POINT('Ctrl Pts',(-0.0308300059604074,0.007217913880482,
0.0393700787401575));
#9031=CARTESIAN_POINT('Ctrl Pts',(-0.0308300059604074,0.007217913880482,
0.0393897637795276));
#9032=CARTESIAN_POINT('Ctrl Pts',(-0.0321306281898859,0.00754715833691935,
0.0393700787401575));
#9033=CARTESIAN_POINT('Ctrl Pts',(-0.0321306281898859,0.00754715833691935,
0.0393897637795276));
#9034=CARTESIAN_POINT('Ctrl Pts',(-0.0338045837548091,0.00757666944909449,
0.0393700787401575));
#9035=CARTESIAN_POINT('Ctrl Pts',(-0.0338045837548091,0.00757666944909449,
0.0393897637795276));
#9036=CARTESIAN_POINT('',(-0.0294234281747992,0.0065540916340748,0.0393700787401575));
#9037=CARTESIAN_POINT('Ctrl Pts',(-0.0294234281747992,0.0065540916340748,
0.0393700787401575));
#9038=CARTESIAN_POINT('Ctrl Pts',(-0.0308300059604074,0.007217913880482,
0.0393700787401575));
#9039=CARTESIAN_POINT('Ctrl Pts',(-0.0321306281898859,0.00754715833691935,
0.0393700787401575));
#9040=CARTESIAN_POINT('Ctrl Pts',(-0.0338045837548091,0.00757666944909449,
0.0393700787401575));
#9041=CARTESIAN_POINT('',(-0.0294234281747992,0.0065540916340748,0.0393897637795276));
#9042=CARTESIAN_POINT('Ctrl Pts',(-0.0294234281747992,0.0065540916340748,
0.0393897637795276));
#9043=CARTESIAN_POINT('Ctrl Pts',(-0.0308300059604074,0.007217913880482,
0.0393897637795276));
#9044=CARTESIAN_POINT('Ctrl Pts',(-0.0321306281898859,0.00754715833691935,
0.0393897637795276));
#9045=CARTESIAN_POINT('Ctrl Pts',(-0.0338045837548091,0.00757666944909449,
0.0393897637795276));
#9046=CARTESIAN_POINT('',(-0.0294234281747992,0.0065540916340748,0.0393700787401575));
#9047=CARTESIAN_POINT('Origin',(-0.0229668948053898,-0.00362226429205098,
0.0393700787401575));
#9048=CARTESIAN_POINT('',(-0.0229668948053898,-0.00362226429205098,0.0393700787401575));
#9049=CARTESIAN_POINT('',(-0.0229668948053898,-0.00362226429205098,0.0393700787401575));
#9050=CARTESIAN_POINT('',(-0.0229668948053898,-0.00362226429205098,0.0393897637795276));
#9051=CARTESIAN_POINT('',(-0.0229668948053898,-0.00362226429205098,0.0393897637795276));
#9052=CARTESIAN_POINT('',(-0.0229668948053898,-0.00362226429205098,0.0393700787401575));
#9053=CARTESIAN_POINT('Ctrl Pts',(-0.023572761475439,-0.00598173104462598,
0.0393700787401575));
#9054=CARTESIAN_POINT('Ctrl Pts',(-0.023572761475439,-0.00598173104462598,
0.0393897637795276));
#9055=CARTESIAN_POINT('Ctrl Pts',(-0.023198717028915,-0.00512164212442877,
0.0393700787401575));
#9056=CARTESIAN_POINT('Ctrl Pts',(-0.023198717028915,-0.00512164212442877,
0.0393897637795276));
#9057=CARTESIAN_POINT('Ctrl Pts',(-0.0230070725833921,-0.00486101989272609,
0.0393700787401575));
#9058=CARTESIAN_POINT('Ctrl Pts',(-0.0230070725833921,-0.00486101989272609,
0.0393897637795276));
#9059=CARTESIAN_POINT('Ctrl Pts',(-0.0229668948053898,-0.00362226429205098,
0.0393700787401575));
#9060=CARTESIAN_POINT('Ctrl Pts',(-0.0229668948053898,-0.00362226429205098,
0.0393897637795276));
#9061=CARTESIAN_POINT('',(-0.023572761475439,-0.00598173104462598,0.0393700787401575));
#9062=CARTESIAN_POINT('Ctrl Pts',(-0.023572761475439,-0.00598173104462598,
0.0393700787401575));
#9063=CARTESIAN_POINT('Ctrl Pts',(-0.023198717028915,-0.00512164212442877,
0.0393700787401575));
#9064=CARTESIAN_POINT('Ctrl Pts',(-0.0230070725833921,-0.00486101989272609,
0.0393700787401575));
#9065=CARTESIAN_POINT('Ctrl Pts',(-0.0229668948053898,-0.00362226429205098,
0.0393700787401575));
#9066=CARTESIAN_POINT('',(-0.023572761475439,-0.00598173104462598,0.0393897637795276));
#9067=CARTESIAN_POINT('Ctrl Pts',(-0.023572761475439,-0.00598173104462598,
0.0393897637795276));
#9068=CARTESIAN_POINT('Ctrl Pts',(-0.023198717028915,-0.00512164212442877,
0.0393897637795276));
#9069=CARTESIAN_POINT('Ctrl Pts',(-0.0230070725833921,-0.00486101989272609,
0.0393897637795276));
#9070=CARTESIAN_POINT('Ctrl Pts',(-0.0229668948053898,-0.00362226429205098,
0.0393897637795276));
#9071=CARTESIAN_POINT('',(-0.023572761475439,-0.00598173104462598,0.0393700787401575));
#9072=CARTESIAN_POINT('Origin',(-0.0235745392547368,-0.00601515326569958,
0.0393700787401575));
#9073=CARTESIAN_POINT('',(-0.0235745392547368,-0.00601515326569958,0.0393700787401575));
#9074=CARTESIAN_POINT('',(-0.0235745392547368,-0.00601515326569958,0.0393700787401575));
#9075=CARTESIAN_POINT('',(-0.0235745392547368,-0.00601515326569958,0.0393897637795276));
#9076=CARTESIAN_POINT('',(-0.0235745392547368,-0.00601515326569958,0.0393897637795276));
#9077=CARTESIAN_POINT('',(-0.0235745392547368,-0.00601515326569958,0.0393700787401575));
#9078=CARTESIAN_POINT('Ctrl Pts',(-0.02916991706225,0.00281933594252953,
0.0393700787401575));
#9079=CARTESIAN_POINT('Ctrl Pts',(-0.02916991706225,0.00281933594252953,
0.0393897637795276));
#9080=CARTESIAN_POINT('Ctrl Pts',(-0.0272246932117095,-0.000230582606159031,
0.0393700787401575));
#9081=CARTESIAN_POINT('Ctrl Pts',(-0.0272246932117095,-0.000230582606159031,
0.0393897637795276));
#9082=CARTESIAN_POINT('Ctrl Pts',(-0.02357532080975,-0.00601390068577025,
0.0393700787401575));
#9083=CARTESIAN_POINT('Ctrl Pts',(-0.02357532080975,-0.00601390068577025,
0.0393897637795276));
#9084=CARTESIAN_POINT('Ctrl Pts',(-0.0235745392547368,-0.00601515326569958,
0.0393700787401575));
#9085=CARTESIAN_POINT('Ctrl Pts',(-0.0235745392547368,-0.00601515326569958,
0.0393897637795276));
#9086=CARTESIAN_POINT('',(-0.02916991706225,0.00281933594252953,0.0393700787401575));
#9087=CARTESIAN_POINT('Ctrl Pts',(-0.02916991706225,0.00281933594252953,
0.0393700787401575));
#9088=CARTESIAN_POINT('Ctrl Pts',(-0.0272246932117095,-0.000230582606159031,
0.0393700787401575));
#9089=CARTESIAN_POINT('Ctrl Pts',(-0.02357532080975,-0.00601390068577025,
0.0393700787401575));
#9090=CARTESIAN_POINT('Ctrl Pts',(-0.0235745392547368,-0.00601515326569958,
0.0393700787401575));
#9091=CARTESIAN_POINT('',(-0.02916991706225,0.00281933594252953,0.0393897637795276));
#9092=CARTESIAN_POINT('Ctrl Pts',(-0.02916991706225,0.00281933594252953,
0.0393897637795276));
#9093=CARTESIAN_POINT('Ctrl Pts',(-0.0272246932117095,-0.000230582606159031,
0.0393897637795276));
#9094=CARTESIAN_POINT('Ctrl Pts',(-0.02357532080975,-0.00601390068577025,
0.0393897637795276));
#9095=CARTESIAN_POINT('Ctrl Pts',(-0.0235745392547368,-0.00601515326569958,
0.0393897637795276));
#9096=CARTESIAN_POINT('',(-0.02916991706225,0.00281933594252953,0.0393700787401575));
#9097=CARTESIAN_POINT('Ctrl Pts',(-0.0311524948511083,0.00285631372166339,
0.0393700787401575));
#9098=CARTESIAN_POINT('Ctrl Pts',(-0.0311524948511083,0.00285631372166339,
0.0393897637795276));
#9099=CARTESIAN_POINT('Ctrl Pts',(-0.0302515179080123,0.0041370254701164,
0.0393700787401575));
#9100=CARTESIAN_POINT('Ctrl Pts',(-0.0302515179080123,0.0041370254701164,
0.0393897637795276));
#9101=CARTESIAN_POINT('Ctrl Pts',(-0.0294404950949554,0.0032428037471006,
0.0393700787401575));
#9102=CARTESIAN_POINT('Ctrl Pts',(-0.0294404950949554,0.0032428037471006,
0.0393897637795276));
#9103=CARTESIAN_POINT('Ctrl Pts',(-0.02916991706225,0.00281933594252953,
0.0393700787401575));
#9104=CARTESIAN_POINT('Ctrl Pts',(-0.02916991706225,0.00281933594252953,
0.0393897637795276));
#9105=CARTESIAN_POINT('Ctrl Pts',(-0.0311524948511083,0.00285631372166339,
0.0393700787401575));
#9106=CARTESIAN_POINT('Ctrl Pts',(-0.0302515179080123,0.0041370254701164,
0.0393700787401575));
#9107=CARTESIAN_POINT('Ctrl Pts',(-0.0294404950949554,0.0032428037471006,
0.0393700787401575));
#9108=CARTESIAN_POINT('Ctrl Pts',(-0.02916991706225,0.00281933594252953,
0.0393700787401575));
#9109=CARTESIAN_POINT('Ctrl Pts',(-0.0311524948511083,0.00285631372166339,
0.0393897637795276));
#9110=CARTESIAN_POINT('Ctrl Pts',(-0.0302515179080123,0.0041370254701164,
0.0393897637795276));
#9111=CARTESIAN_POINT('Ctrl Pts',(-0.0294404950949554,0.0032428037471006,
0.0393897637795276));
#9112=CARTESIAN_POINT('Ctrl Pts',(-0.02916991706225,0.00281933594252953,
0.0393897637795276));
#9113=CARTESIAN_POINT('Origin',(-0.0339436804568677,-0.00276401949275953,
0.0393897637795276));
#9114=CARTESIAN_POINT('Origin',(-0.0339436804568677,-0.00276401949275953,
0.0393700787401575));
#9115=CARTESIAN_POINT('',(0.,0.,0.));
#9116=CARTESIAN_POINT('Origin',(-0.00768945472008467,-0.00648224661841536,
0.0393700787401575));
#9117=CARTESIAN_POINT('',(-0.00768945472008467,-0.00648224661841536,0.0393700787401575));
#9118=CARTESIAN_POINT('',(-0.00588109915445474,-0.00648224661841536,0.0393700787401575));
#9119=CARTESIAN_POINT('',(-0.00768945472008467,-0.00648224661841536,0.0393700787401575));
#9120=CARTESIAN_POINT('',(-0.00588109915445474,-0.00648224661841536,0.0393897637795276));
#9121=CARTESIAN_POINT('',(-0.00588109915445474,-0.00648224661841536,0.0393700787401575));
#9122=CARTESIAN_POINT('',(-0.00768945472008467,-0.00648224661841536,0.0393897637795276));
#9123=CARTESIAN_POINT('',(-0.00768945472008467,-0.00648224661841536,0.0393897637795276));
#9124=CARTESIAN_POINT('',(-0.00768945472008467,-0.00648224661841536,0.0393700787401575));
#9125=CARTESIAN_POINT('Origin',(-0.00768945472008467,0.00138086477902559,
0.0393700787401575));
#9126=CARTESIAN_POINT('',(-0.00768945472008467,0.00138086477902559,0.0393700787401575));
#9127=CARTESIAN_POINT('',(-0.00768945472008467,0.00138086477902559,0.0393700787401575));
#9128=CARTESIAN_POINT('',(-0.00768945472008467,0.00138086477902559,0.0393897637795276));
#9129=CARTESIAN_POINT('',(-0.00768945472008467,0.00138086477902559,0.0393897637795276));
#9130=CARTESIAN_POINT('',(-0.00768945472008467,0.00138086477902559,0.0393700787401575));
#9131=CARTESIAN_POINT('Origin',(-0.00588109915445474,0.00138086477902559,
0.0393700787401575));
#9132=CARTESIAN_POINT('',(-0.00588109915445474,0.00138086477902559,0.0393700787401575));
#9133=CARTESIAN_POINT('',(-0.00588109915445474,0.00138086477902559,0.0393700787401575));
#9134=CARTESIAN_POINT('',(-0.00588109915445474,0.00138086477902559,0.0393897637795276));
#9135=CARTESIAN_POINT('',(-0.00588109915445474,0.00138086477902559,0.0393897637795276));
#9136=CARTESIAN_POINT('',(-0.00588109915445474,0.00138086477902559,0.0393700787401575));
#9137=CARTESIAN_POINT('Origin',(-0.00588109915445474,-0.00648224661841536,
0.0393700787401575));
#9138=CARTESIAN_POINT('',(-0.00588109915445474,-0.00648224661841536,0.0393700787401575));
#9139=CARTESIAN_POINT('',(-0.00588109915445474,-0.00648224661841536,0.0393897637795276));
#9140=CARTESIAN_POINT('Origin',(-0.00678527693726971,-0.00255069091969488,
0.0393897637795276));
#9141=CARTESIAN_POINT('Origin',(-0.00678527693726971,-0.00255069091969488,
0.0393700787401575));
#9142=CARTESIAN_POINT('Origin',(0.0288110610392559,-0.00142109087855938,
0.0393700787401575));
#9143=CARTESIAN_POINT('',(0.0288110610392559,-0.00142109087855938,0.0393700787401575));
#9144=CARTESIAN_POINT('',(0.0288110610392559,0.00138104255681102,0.0393700787401575));
#9145=CARTESIAN_POINT('',(0.0288110610392559,-0.00142109087855938,0.0393700787401575));
#9146=CARTESIAN_POINT('',(0.0288110610392559,0.00138104255681102,0.0393897637795276));
#9147=CARTESIAN_POINT('',(0.0288110610392559,0.00138104255681102,0.0393700787401575));
#9148=CARTESIAN_POINT('',(0.0288110610392559,-0.00142109087855938,0.0393897637795276));
#9149=CARTESIAN_POINT('',(0.0288110610392559,-0.00142109087855938,0.0393897637795276));
#9150=CARTESIAN_POINT('',(0.0288110610392559,-0.00142109087855938,0.0393700787401575));
#9151=CARTESIAN_POINT('Origin',(0.0322770166141673,-0.00142109087855938,
0.0393700787401575));
#9152=CARTESIAN_POINT('',(0.0322770166141673,-0.00142109087855938,0.0393700787401575));
#9153=CARTESIAN_POINT('',(0.0322770166141673,-0.00142109087855938,0.0393700787401575));
#9154=CARTESIAN_POINT('',(0.0322770166141673,-0.00142109087855938,0.0393897637795276));
#9155=CARTESIAN_POINT('',(0.0322770166141673,-0.00142109087855938,0.0393897637795276));
#9156=CARTESIAN_POINT('',(0.0322770166141673,-0.00142109087855938,0.0393700787401575));
#9157=CARTESIAN_POINT('Origin',(0.0322770166141673,0.00138104255681102,
0.0393700787401575));
#9158=CARTESIAN_POINT('',(0.0322770166141673,0.00138104255681102,0.0393700787401575));
#9159=CARTESIAN_POINT('',(0.0322770166141673,0.00138104255681102,0.0393700787401575));
#9160=CARTESIAN_POINT('',(0.0322770166141673,0.00138104255681102,0.0393897637795276));
#9161=CARTESIAN_POINT('',(0.0322770166141673,0.00138104255681102,0.0393897637795276));
#9162=CARTESIAN_POINT('',(0.0322770166141673,0.00138104255681102,0.0393700787401575));
#9163=CARTESIAN_POINT('Origin',(0.033920749956687,0.00138104255681102,0.0393700787401575));
#9164=CARTESIAN_POINT('',(0.033920749956687,0.00138104255681102,0.0393700787401575));
#9165=CARTESIAN_POINT('',(0.033920749956687,0.00138104255681102,0.0393700787401575));
#9166=CARTESIAN_POINT('',(0.033920749956687,0.00138104255681102,0.0393897637795276));
#9167=CARTESIAN_POINT('',(0.033920749956687,0.00138104255681102,0.0393897637795276));
#9168=CARTESIAN_POINT('',(0.033920749956687,0.00138104255681102,0.0393700787401575));
#9169=CARTESIAN_POINT('Origin',(0.033920749956687,-0.00648206884062992,
0.0393700787401575));
#9170=CARTESIAN_POINT('',(0.033920749956687,-0.00648206884062992,0.0393700787401575));
#9171=CARTESIAN_POINT('',(0.033920749956687,-0.00648206884062992,0.0393700787401575));
#9172=CARTESIAN_POINT('',(0.033920749956687,-0.00648206884062992,0.0393897637795276));
#9173=CARTESIAN_POINT('',(0.033920749956687,-0.00648206884062992,0.0393897637795276));
#9174=CARTESIAN_POINT('',(0.033920749956687,-0.00648206884062992,0.0393700787401575));
#9175=CARTESIAN_POINT('Origin',(0.0322770166141673,-0.00648206884062992,
0.0393700787401575));
#9176=CARTESIAN_POINT('',(0.0322770166141673,-0.00648206884062992,0.0393700787401575));
#9177=CARTESIAN_POINT('',(0.0322770166141673,-0.00648206884062992,0.0393700787401575));
#9178=CARTESIAN_POINT('',(0.0322770166141673,-0.00648206884062992,0.0393897637795276));
#9179=CARTESIAN_POINT('',(0.0322770166141673,-0.00648206884062992,0.0393897637795276));
#9180=CARTESIAN_POINT('',(0.0322770166141673,-0.00648206884062992,0.0393700787401575));
#9181=CARTESIAN_POINT('Origin',(0.0322770166141673,-0.00350606873226408,
0.0393700787401575));
#9182=CARTESIAN_POINT('',(0.0322770166141673,-0.00350606873226408,0.0393700787401575));
#9183=CARTESIAN_POINT('',(0.0322770166141673,-0.00350606873226408,0.0393700787401575));
#9184=CARTESIAN_POINT('',(0.0322770166141673,-0.00350606873226408,0.0393897637795276));
#9185=CARTESIAN_POINT('',(0.0322770166141673,-0.00350606873226408,0.0393897637795276));
#9186=CARTESIAN_POINT('',(0.0322770166141673,-0.00350606873226408,0.0393700787401575));
#9187=CARTESIAN_POINT('Origin',(0.0288110610392559,-0.00350606873226408,
0.0393700787401575));
#9188=CARTESIAN_POINT('',(0.0288110610392559,-0.00350606873226408,0.0393700787401575));
#9189=CARTESIAN_POINT('',(0.0288110610392559,-0.00350606873226408,0.0393700787401575));
#9190=CARTESIAN_POINT('',(0.0288110610392559,-0.00350606873226408,0.0393897637795276));
#9191=CARTESIAN_POINT('',(0.0288110610392559,-0.00350606873226408,0.0393897637795276));
#9192=CARTESIAN_POINT('',(0.0288110610392559,-0.00350606873226408,0.0393700787401575));
#9193=CARTESIAN_POINT('Origin',(0.0288110610392559,-0.00648206884062992,
0.0393700787401575));
#9194=CARTESIAN_POINT('',(0.0288110610392559,-0.00648206884062992,0.0393700787401575));
#9195=CARTESIAN_POINT('',(0.0288110610392559,-0.00648206884062992,0.0393700787401575));
#9196=CARTESIAN_POINT('',(0.0288110610392559,-0.00648206884062992,0.0393897637795276));
#9197=CARTESIAN_POINT('',(0.0288110610392559,-0.00648206884062992,0.0393897637795276));
#9198=CARTESIAN_POINT('',(0.0288110610392559,-0.00648206884062992,0.0393700787401575));
#9199=CARTESIAN_POINT('Origin',(0.0271676832523071,-0.00648206884062992,
0.0393700787401575));
#9200=CARTESIAN_POINT('',(0.0271676832523071,-0.00648206884062992,0.0393700787401575));
#9201=CARTESIAN_POINT('',(0.0271676832523071,-0.00648206884062992,0.0393700787401575));
#9202=CARTESIAN_POINT('',(0.0271676832523071,-0.00648206884062992,0.0393897637795276));
#9203=CARTESIAN_POINT('',(0.0271676832523071,-0.00648206884062992,0.0393897637795276));
#9204=CARTESIAN_POINT('',(0.0271676832523071,-0.00648206884062992,0.0393700787401575));
#9205=CARTESIAN_POINT('Origin',(0.0271676832523071,0.00138104255681102,
0.0393700787401575));
#9206=CARTESIAN_POINT('',(0.0271676832523071,0.00138104255681102,0.0393700787401575));
#9207=CARTESIAN_POINT('',(0.0271676832523071,0.00138104255681102,0.0393700787401575));
#9208=CARTESIAN_POINT('',(0.0271676832523071,0.00138104255681102,0.0393897637795276));
#9209=CARTESIAN_POINT('',(0.0271676832523071,0.00138104255681102,0.0393897637795276));
#9210=CARTESIAN_POINT('',(0.0271676832523071,0.00138104255681102,0.0393700787401575));
#9211=CARTESIAN_POINT('Origin',(0.0288110610392559,0.00138104255681102,
0.0393700787401575));
#9212=CARTESIAN_POINT('',(0.0288110610392559,0.00138104255681102,0.0393700787401575));
#9213=CARTESIAN_POINT('',(0.0288110610392559,0.00138104255681102,0.0393897637795276));
#9214=CARTESIAN_POINT('Origin',(0.0305442166044971,-0.00255051314190945,
0.0393897637795276));
#9215=CARTESIAN_POINT('Origin',(0.0305442166044971,-0.00255051314190945,
0.0393700787401575));
#9216=CARTESIAN_POINT('Origin',(0.0368925899732913,-0.00648224661841536,
0.0393700787401575));
#9217=CARTESIAN_POINT('',(0.0368925899732913,-0.00648224661841536,0.0393700787401575));
#9218=CARTESIAN_POINT('',(0.0368925899732913,0.00138086477902559,0.0393700787401575));
#9219=CARTESIAN_POINT('',(0.0368925899732913,-0.00648224661841536,0.0393700787401575));
#9220=CARTESIAN_POINT('',(0.0368925899732913,0.00138086477902559,0.0393897637795276));
#9221=CARTESIAN_POINT('',(0.0368925899732913,0.00138086477902559,0.0393700787401575));
#9222=CARTESIAN_POINT('',(0.0368925899732913,-0.00648224661841536,0.0393897637795276));
#9223=CARTESIAN_POINT('',(0.0368925899732913,-0.00648224661841536,0.0393897637795276));
#9224=CARTESIAN_POINT('',(0.0368925899732913,-0.00648224661841536,0.0393700787401575));
#9225=CARTESIAN_POINT('Origin',(0.0350842344076319,-0.00648224661841536,
0.0393700787401575));
#9226=CARTESIAN_POINT('',(0.0350842344076319,-0.00648224661841536,0.0393700787401575));
#9227=CARTESIAN_POINT('',(0.0350842344076319,-0.00648224661841536,0.0393700787401575));
#9228=CARTESIAN_POINT('',(0.0350842344076319,-0.00648224661841536,0.0393897637795276));
#9229=CARTESIAN_POINT('',(0.0350842344076319,-0.00648224661841536,0.0393897637795276));
#9230=CARTESIAN_POINT('',(0.0350842344076319,-0.00648224661841536,0.0393700787401575));
#9231=CARTESIAN_POINT('Origin',(0.0350842344076319,0.00138086477902559,
0.0393700787401575));
#9232=CARTESIAN_POINT('',(0.0350842344076319,0.00138086477902559,0.0393700787401575));
#9233=CARTESIAN_POINT('',(0.0350842344076319,0.00138086477902559,0.0393700787401575));
#9234=CARTESIAN_POINT('',(0.0350842344076319,0.00138086477902559,0.0393897637795276));
#9235=CARTESIAN_POINT('',(0.0350842344076319,0.00138086477902559,0.0393897637795276));
#9236=CARTESIAN_POINT('',(0.0350842344076319,0.00138086477902559,0.0393700787401575));
#9237=CARTESIAN_POINT('Origin',(0.0368925899732913,0.00138086477902559,
0.0393700787401575));
#9238=CARTESIAN_POINT('',(0.0368925899732913,0.00138086477902559,0.0393700787401575));
#9239=CARTESIAN_POINT('',(0.0368925899732913,0.00138086477902559,0.0393897637795276));
#9240=CARTESIAN_POINT('Origin',(0.0359884121904616,-0.00255069091969488,
0.0393897637795276));
#9241=CARTESIAN_POINT('Origin',(0.0359884121904616,-0.00255069091969488,
0.0393700787401575));
#9242=CARTESIAN_POINT('Origin',(-0.0181874814453701,-0.0064831710628937,
0.0393700787401575));
#9243=CARTESIAN_POINT('',(-0.0181874814453701,-0.0064831710628937,0.0393700787401575));
#9244=CARTESIAN_POINT('',(-0.0176157481088543,4.66069526663404E-5,0.0393700787401575));
#9245=CARTESIAN_POINT('',(-0.0181874814453701,-0.0064831710628937,0.0393700787401575));
#9246=CARTESIAN_POINT('',(-0.0176157481088543,4.66069526663404E-5,0.0393897637795276));
#9247=CARTESIAN_POINT('',(-0.0176157481088543,4.66069526663404E-5,0.0393700787401575));
#9248=CARTESIAN_POINT('',(-0.0181874814453701,-0.0064831710628937,0.0393897637795276));
#9249=CARTESIAN_POINT('',(-0.0181874814453701,-0.0064831710628937,0.0393897637795276));
#9250=CARTESIAN_POINT('',(-0.0181874814453701,-0.0064831710628937,0.0393700787401575));
#9251=CARTESIAN_POINT('Origin',(-0.0201277481228898,-0.00648174884063976,
0.0393700787401575));
#9252=CARTESIAN_POINT('',(-0.0201277481228898,-0.00648174884063976,0.0393700787401575));
#9253=CARTESIAN_POINT('',(-0.0201277481228898,-0.00648174884063976,0.0393700787401575));
#9254=CARTESIAN_POINT('',(-0.0201277481228898,-0.00648174884063976,0.0393897637795276));
#9255=CARTESIAN_POINT('',(-0.0201277481228898,-0.00648174884063976,0.0393897637795276));
#9256=CARTESIAN_POINT('',(-0.0201277481228898,-0.00648174884063976,0.0393700787401575));
#9257=CARTESIAN_POINT('Origin',(-0.019136814784002,0.00281602927573819,
0.0393700787401575));
#9258=CARTESIAN_POINT('',(-0.019136814784002,0.00281602927573819,0.0393700787401575));
#9259=CARTESIAN_POINT('',(-0.019136814784002,0.00281602927573819,0.0393700787401575));
#9260=CARTESIAN_POINT('',(-0.019136814784002,0.00281602927573819,0.0393897637795276));
#9261=CARTESIAN_POINT('',(-0.019136814784002,0.00281602927573819,0.0393897637795276));
#9262=CARTESIAN_POINT('',(-0.019136814784002,0.00281602927573819,0.0393700787401575));
#9263=CARTESIAN_POINT('Ctrl Pts',(-0.0180783258892185,0.00391398487127953,
0.0393700787401575));
#9264=CARTESIAN_POINT('Ctrl Pts',(-0.0180783258892185,0.00391398487127953,
0.0393897637795276));
#9265=CARTESIAN_POINT('Ctrl Pts',(-0.0186507709517807,0.00391398514349865,
0.0393700787401575));
#9266=CARTESIAN_POINT('Ctrl Pts',(-0.0186507709517807,0.00391398514349865,
0.0393897637795276));
#9267=CARTESIAN_POINT('Ctrl Pts',(-0.0190717484045374,0.0033294515531152,
0.0393700787401575));
#9268=CARTESIAN_POINT('Ctrl Pts',(-0.0190717484045374,0.0033294515531152,
0.0393897637795276));
#9269=CARTESIAN_POINT('Ctrl Pts',(-0.019136814784002,0.00281602927573819,
0.0393700787401575));
#9270=CARTESIAN_POINT('Ctrl Pts',(-0.019136814784002,0.00281602927573819,
0.0393897637795276));
#9271=CARTESIAN_POINT('',(-0.0180783258892185,0.00391398487127953,0.0393700787401575));
#9272=CARTESIAN_POINT('Ctrl Pts',(-0.0180783258892185,0.00391398487127953,
0.0393700787401575));
#9273=CARTESIAN_POINT('Ctrl Pts',(-0.0186507709517807,0.00391398514349865,
0.0393700787401575));
#9274=CARTESIAN_POINT('Ctrl Pts',(-0.0190717484045374,0.0033294515531152,
0.0393700787401575));
#9275=CARTESIAN_POINT('Ctrl Pts',(-0.019136814784002,0.00281602927573819,
0.0393700787401575));
#9276=CARTESIAN_POINT('',(-0.0180783258892185,0.00391398487127953,0.0393897637795276));
#9277=CARTESIAN_POINT('Ctrl Pts',(-0.0180783258892185,0.00391398487127953,
0.0393897637795276));
#9278=CARTESIAN_POINT('Ctrl Pts',(-0.0186507709517807,0.00391398514349865,
0.0393897637795276));
#9279=CARTESIAN_POINT('Ctrl Pts',(-0.0190717484045374,0.0033294515531152,
0.0393897637795276));
#9280=CARTESIAN_POINT('Ctrl Pts',(-0.019136814784002,0.00281602927573819,
0.0393897637795276));
#9281=CARTESIAN_POINT('',(-0.0180783258892185,0.00391398487127953,0.0393700787401575));
#9282=CARTESIAN_POINT('Ctrl Pts',(-0.0166745925480571,0.00288714038943898,
0.0393700787401575));
#9283=CARTESIAN_POINT('Ctrl Pts',(-0.0166745925480571,0.00288714038943898,
0.0393897637795276));
#9284=CARTESIAN_POINT('Ctrl Pts',(-0.0168495255686023,0.00340056338132962,
0.0393700787401575));
#9285=CARTESIAN_POINT('Ctrl Pts',(-0.0168495255686023,0.00340056338132962,
0.0393897637795276));
#9286=CARTESIAN_POINT('Ctrl Pts',(-0.0172008147732141,0.00391398540755223,
0.0393700787401575));
#9287=CARTESIAN_POINT('Ctrl Pts',(-0.0172008147732141,0.00391398540755223,
0.0393897637795276));
#9288=CARTESIAN_POINT('Ctrl Pts',(-0.0180783258892185,0.00391398487127953,
0.0393700787401575));
#9289=CARTESIAN_POINT('Ctrl Pts',(-0.0180783258892185,0.00391398487127953,
0.0393897637795276));
#9290=CARTESIAN_POINT('',(-0.0166745925480571,0.00288714038943898,0.0393700787401575));
#9291=CARTESIAN_POINT('Ctrl Pts',(-0.0166745925480571,0.00288714038943898,
0.0393700787401575));
#9292=CARTESIAN_POINT('Ctrl Pts',(-0.0168495255686023,0.00340056338132962,
0.0393700787401575));
#9293=CARTESIAN_POINT('Ctrl Pts',(-0.0172008147732141,0.00391398540755223,
0.0393700787401575));
#9294=CARTESIAN_POINT('Ctrl Pts',(-0.0180783258892185,0.00391398487127953,
0.0393700787401575));
#9295=CARTESIAN_POINT('',(-0.0166745925480571,0.00288714038943898,0.0393897637795276));
#9296=CARTESIAN_POINT('Ctrl Pts',(-0.0166745925480571,0.00288714038943898,
0.0393897637795276));
#9297=CARTESIAN_POINT('Ctrl Pts',(-0.0168495255686023,0.00340056338132962,
0.0393897637795276));
#9298=CARTESIAN_POINT('Ctrl Pts',(-0.0172008147732141,0.00391398540755223,
0.0393897637795276));
#9299=CARTESIAN_POINT('Ctrl Pts',(-0.0180783258892185,0.00391398487127953,
0.0393897637795276));
#9300=CARTESIAN_POINT('',(-0.0166745925480571,0.00288714038943898,0.0393700787401575));
#9301=CARTESIAN_POINT('Origin',(-0.0144281925355079,-0.00275837092725797,
0.0393700787401575));
#9302=CARTESIAN_POINT('',(-0.0144281925355079,-0.00275837092725797,0.0393700787401575));
#9303=CARTESIAN_POINT('',(-0.0144281925355079,-0.00275837092725797,0.0393700787401575));
#9304=CARTESIAN_POINT('',(-0.0144281925355079,-0.00275837092725797,0.0393897637795276));
#9305=CARTESIAN_POINT('',(-0.0144281925355079,-0.00275837092725797,0.0393897637795276));
#9306=CARTESIAN_POINT('',(-0.0144281925355079,-0.00275837092725797,0.0393700787401575));
#9307=CARTESIAN_POINT('Origin',(-0.0144065036464823,-0.00275837092725797,
0.0393700787401575));
#9308=CARTESIAN_POINT('',(-0.0144065036464823,-0.00275837092725797,0.0393700787401575));
#9309=CARTESIAN_POINT('',(-0.0144065036464823,-0.00275837092725797,0.0393700787401575));
#9310=CARTESIAN_POINT('',(-0.0144065036464823,-0.00275837092725797,0.0393897637795276));
#9311=CARTESIAN_POINT('',(-0.0144065036464823,-0.00275837092725797,0.0393897637795276));
#9312=CARTESIAN_POINT('',(-0.0144065036464823,-0.00275837092725797,0.0393700787401575));
#9313=CARTESIAN_POINT('Origin',(-0.012160459189504,0.00288714038943898,
0.0393700787401575));
#9314=CARTESIAN_POINT('',(-0.012160459189504,0.00288714038943898,0.0393700787401575));
#9315=CARTESIAN_POINT('',(-0.012160459189504,0.00288714038943898,0.0393700787401575));
#9316=CARTESIAN_POINT('',(-0.012160459189504,0.00288714038943898,0.0393897637795276));
#9317=CARTESIAN_POINT('',(-0.012160459189504,0.00288714038943898,0.0393897637795276));
#9318=CARTESIAN_POINT('',(-0.012160459189504,0.00288714038943898,0.0393700787401575));
#9319=CARTESIAN_POINT('Ctrl Pts',(-0.0107560147372303,0.00391398487127953,
0.0393700787401575));
#9320=CARTESIAN_POINT('Ctrl Pts',(-0.0107560147372303,0.00391398487127953,
0.0393897637795276));
#9321=CARTESIAN_POINT('Ctrl Pts',(-0.0116225086945128,0.00391398752402338,
0.0393700787401575));
#9322=CARTESIAN_POINT('Ctrl Pts',(-0.0116225086945128,0.00391398752402338,
0.0393897637795276));
#9323=CARTESIAN_POINT('Ctrl Pts',(-0.0119627728312958,0.00340056360520712,
0.0393700787401575));
#9324=CARTESIAN_POINT('Ctrl Pts',(-0.0119627728312958,0.00340056360520712,
0.0393897637795276));
#9325=CARTESIAN_POINT('Ctrl Pts',(-0.012160459189504,0.00288714038943898,
0.0393700787401575));
#9326=CARTESIAN_POINT('Ctrl Pts',(-0.012160459189504,0.00288714038943898,
0.0393897637795276));
#9327=CARTESIAN_POINT('',(-0.0107560147372303,0.00391398487127953,0.0393700787401575));
#9328=CARTESIAN_POINT('Ctrl Pts',(-0.0107560147372303,0.00391398487127953,
0.0393700787401575));
#9329=CARTESIAN_POINT('Ctrl Pts',(-0.0116225086945128,0.00391398752402338,
0.0393700787401575));
#9330=CARTESIAN_POINT('Ctrl Pts',(-0.0119627728312958,0.00340056360520712,
0.0393700787401575));
#9331=CARTESIAN_POINT('Ctrl Pts',(-0.012160459189504,0.00288714038943898,
0.0393700787401575));
#9332=CARTESIAN_POINT('',(-0.0107560147372303,0.00391398487127953,0.0393897637795276));
#9333=CARTESIAN_POINT('Ctrl Pts',(-0.0107560147372303,0.00391398487127953,
0.0393897637795276));
#9334=CARTESIAN_POINT('Ctrl Pts',(-0.0116225086945128,0.00391398752402338,
0.0393897637795276));
#9335=CARTESIAN_POINT('Ctrl Pts',(-0.0119627728312958,0.00340056360520712,
0.0393897637795276));
#9336=CARTESIAN_POINT('Ctrl Pts',(-0.012160459189504,0.00288714038943898,
0.0393897637795276));
#9337=CARTESIAN_POINT('',(-0.0107560147372303,0.00391398487127953,0.0393700787401575));
#9338=CARTESIAN_POINT('Ctrl Pts',(-0.00969788139798819,0.00269620704915354,
0.0393700787401575));
#9339=CARTESIAN_POINT('Ctrl Pts',(-0.00982912200453414,0.00392663784596684,
0.0393700787401575));
#9340=CARTESIAN_POINT('Ctrl Pts',(-0.0107560147372303,0.00391398487127953,
0.0393700787401575));
#9341=CARTESIAN_POINT('Ctrl Pts',(-0.00969788139798819,0.00269620704915354,
0.0393897637795276));
#9342=CARTESIAN_POINT('Ctrl Pts',(-0.00982912200453414,0.00392663784596684,
0.0393897637795276));
#9343=CARTESIAN_POINT('Ctrl Pts',(-0.0107560147372303,0.00391398487127953,
0.0393897637795276));
#9344=CARTESIAN_POINT('',(-0.00969788139798819,0.00269620704915354,0.0393700787401575));
#9345=CARTESIAN_POINT('Origin',(-0.0106945648537499,0.00257451683018226,
0.0393700787401575));
#9346=CARTESIAN_POINT('',(-0.00969788139798819,0.00269620704915354,0.0393897637795276));
#9347=CARTESIAN_POINT('Origin',(-0.0106945648537499,0.00257451683018226,
0.0393897637795276));
#9348=CARTESIAN_POINT('',(-0.00969788139798819,0.00269620704915354,0.0393700787401575));
#9349=CARTESIAN_POINT('Origin',(-0.00871583694804726,-0.00648174884063976,
0.0393700787401575));
#9350=CARTESIAN_POINT('',(-0.00871583694804726,-0.00648174884063976,0.0393700787401575));
#9351=CARTESIAN_POINT('',(-0.00871583694804726,-0.00648174884063976,0.0393700787401575));
#9352=CARTESIAN_POINT('',(-0.00871583694804726,-0.00648174884063976,0.0393897637795276));
#9353=CARTESIAN_POINT('',(-0.00871583694804726,-0.00648174884063976,0.0393897637795276));
#9354=CARTESIAN_POINT('',(-0.00871583694804726,-0.00648174884063976,0.0393700787401575));
#9355=CARTESIAN_POINT('Origin',(-0.0106472147366201,-0.0064831710628937,
0.0393700787401575));
#9356=CARTESIAN_POINT('',(-0.0106472147366201,-0.0064831710628937,0.0393700787401575));
#9357=CARTESIAN_POINT('',(-0.0106472147366201,-0.0064831710628937,0.0393700787401575));
#9358=CARTESIAN_POINT('',(-0.0106472147366201,-0.0064831710628937,0.0393897637795276));
#9359=CARTESIAN_POINT('',(-0.0106472147366201,-0.0064831710628937,0.0393897637795276));
#9360=CARTESIAN_POINT('',(-0.0106472147366201,-0.0064831710628937,0.0393700787401575));
#9361=CARTESIAN_POINT('Origin',(-0.0111737925173189,0.000112740288408071,
0.0393700787401575));
#9362=CARTESIAN_POINT('',(-0.0111737925173189,0.000112740288408071,0.0393700787401575));
#9363=CARTESIAN_POINT('',(-0.0111737925173189,0.000112740288408071,0.0393700787401575));
#9364=CARTESIAN_POINT('',(-0.0111737925173189,0.000112740288408071,0.0393897637795276));
#9365=CARTESIAN_POINT('',(-0.0111737925173189,0.000112740288408071,0.0393897637795276));
#9366=CARTESIAN_POINT('',(-0.0111737925173189,0.000112740288408071,0.0393700787401575));
#9367=CARTESIAN_POINT('Origin',(-0.0111954814063445,0.000112740288408071,
0.0393700787401575));
#9368=CARTESIAN_POINT('',(-0.0111954814063445,0.000112740288408071,0.0393700787401575));
#9369=CARTESIAN_POINT('',(-0.0111954814063445,0.000112740288408071,0.0393700787401575));
#9370=CARTESIAN_POINT('',(-0.0111954814063445,0.000112740288408071,0.0393897637795276));
#9371=CARTESIAN_POINT('',(-0.0111954814063445,0.000112740288408071,0.0393897637795276));
#9372=CARTESIAN_POINT('',(-0.0111954814063445,0.000112740288408071,0.0393700787401575));
#9373=CARTESIAN_POINT('Origin',(-0.0132292591954587,-0.00515374879225394,
0.0393700787401575));
#9374=CARTESIAN_POINT('',(-0.0132292591954587,-0.00515374879225394,0.0393700787401575));
#9375=CARTESIAN_POINT('',(-0.0132292591954587,-0.00515374879225394,0.0393700787401575));
#9376=CARTESIAN_POINT('',(-0.0132292591954587,-0.00515374879225394,0.0393897637795276));
#9377=CARTESIAN_POINT('',(-0.0132292591954587,-0.00515374879225394,0.0393897637795276));
#9378=CARTESIAN_POINT('',(-0.0132292591954587,-0.00515374879225394,0.0393700787401575));
#9379=CARTESIAN_POINT('Ctrl Pts',(-0.0144175258687658,-0.00604654882476378,
0.0393700787401575));
#9380=CARTESIAN_POINT('Ctrl Pts',(-0.0135774376304866,-0.00605059373064495,
0.0393700787401575));
#9381=CARTESIAN_POINT('Ctrl Pts',(-0.0132292591954587,-0.00515374879225394,
0.0393700787401575));
#9382=CARTESIAN_POINT('Ctrl Pts',(-0.0144175258687658,-0.00604654882476378,
0.0393897637795276));
#9383=CARTESIAN_POINT('Ctrl Pts',(-0.0135774376304866,-0.00605059373064495,
0.0393897637795276));
#9384=CARTESIAN_POINT('Ctrl Pts',(-0.0132292591954587,-0.00515374879225394,
0.0393897637795276));
#9385=CARTESIAN_POINT('',(-0.0144175258687658,-0.00604654882476378,0.0393700787401575));
#9386=CARTESIAN_POINT('Origin',(-0.0146167761143964,-0.0041471360668069,
0.0393700787401575));
#9387=CARTESIAN_POINT('',(-0.0144175258687658,-0.00604654882476378,0.0393897637795276));
#9388=CARTESIAN_POINT('Origin',(-0.0146167761143964,-0.0041471360668069,
0.0393897637795276));
#9389=CARTESIAN_POINT('',(-0.0144175258687658,-0.00604654882476378,0.0393700787401575));
#9390=CARTESIAN_POINT('Ctrl Pts',(-0.0156054369865315,-0.00515374879225394,
0.0393700787401575));
#9391=CARTESIAN_POINT('Ctrl Pts',(-0.0156054369865315,-0.00515374879225394,
0.0393897637795276));
#9392=CARTESIAN_POINT('Ctrl Pts',(-0.0154621480895913,-0.00556157101378399,
0.0393700787401575));
#9393=CARTESIAN_POINT('Ctrl Pts',(-0.0154621480895913,-0.00556157101378399,
0.0393897637795276));
#9394=CARTESIAN_POINT('Ctrl Pts',(-0.0150002814275965,-0.00604654881608032,
0.0393700787401575));
#9395=CARTESIAN_POINT('Ctrl Pts',(-0.0150002814275965,-0.00604654881608032,
0.0393897637795276));
#9396=CARTESIAN_POINT('Ctrl Pts',(-0.0144175258687658,-0.00604654882476378,
0.0393700787401575));
#9397=CARTESIAN_POINT('Ctrl Pts',(-0.0144175258687658,-0.00604654882476378,
0.0393897637795276));
#9398=CARTESIAN_POINT('',(-0.0156054369865315,-0.00515374879225394,0.0393700787401575));
#9399=CARTESIAN_POINT('Ctrl Pts',(-0.0156054369865315,-0.00515374879225394,
0.0393700787401575));
#9400=CARTESIAN_POINT('Ctrl Pts',(-0.0154621480895913,-0.00556157101378399,
0.0393700787401575));
#9401=CARTESIAN_POINT('Ctrl Pts',(-0.0150002814275965,-0.00604654881608032,
0.0393700787401575));
#9402=CARTESIAN_POINT('Ctrl Pts',(-0.0144175258687658,-0.00604654882476378,
0.0393700787401575));
#9403=CARTESIAN_POINT('',(-0.0156054369865315,-0.00515374879225394,0.0393897637795276));
#9404=CARTESIAN_POINT('Ctrl Pts',(-0.0156054369865315,-0.00515374879225394,
0.0393897637795276));
#9405=CARTESIAN_POINT('Ctrl Pts',(-0.0154621480895913,-0.00556157101378399,
0.0393897637795276));
#9406=CARTESIAN_POINT('Ctrl Pts',(-0.0150002814275965,-0.00604654881608032,
0.0393897637795276));
#9407=CARTESIAN_POINT('Ctrl Pts',(-0.0144175258687658,-0.00604654882476378,
0.0393897637795276));
#9408=CARTESIAN_POINT('',(-0.0156054369865315,-0.00515374879225394,0.0393700787401575));
#9409=CARTESIAN_POINT('Origin',(-0.0175944147753996,4.66069526663404E-5,
0.0393700787401575));
#9410=CARTESIAN_POINT('',(-0.0175944147753996,4.66069526663404E-5,0.0393700787401575));
#9411=CARTESIAN_POINT('',(-0.0175944147753996,4.66069526663404E-5,0.0393700787401575));
#9412=CARTESIAN_POINT('',(-0.0175944147753996,4.66069526663404E-5,0.0393897637795276));
#9413=CARTESIAN_POINT('',(-0.0175944147753996,4.66069526663404E-5,0.0393897637795276));
#9414=CARTESIAN_POINT('',(-0.0175944147753996,4.66069526663404E-5,0.0393700787401575));
#9415=CARTESIAN_POINT('Origin',(-0.0176157481088543,4.66069526663404E-5,
0.0393700787401575));
#9416=CARTESIAN_POINT('',(-0.0176157481088543,4.66069526663404E-5,0.0393700787401575));
#9417=CARTESIAN_POINT('',(-0.0176157481088543,4.66069526663404E-5,0.0393897637795276));
#9418=CARTESIAN_POINT('Origin',(-0.0144217925354685,-0.00128459176943516,
0.0393897637795276));
#9419=CARTESIAN_POINT('Origin',(-0.0144217925354685,-0.00128459176943516,
0.0393700787401575));
#9420=CARTESIAN_POINT('Origin',(-0.00487985470439569,-0.00137764198808828,
0.0393700787401575));
#9421=CARTESIAN_POINT('',(-0.00487985470439569,-0.00137764198808828,0.0393700787401575));
#9422=CARTESIAN_POINT('',(-0.00487985470439569,-0.00372324207350581,0.0393700787401575));
#9423=CARTESIAN_POINT('',(-0.00487985470439569,-0.00137764198808828,0.0393700787401575));
#9424=CARTESIAN_POINT('',(-0.00487985470439569,-0.00372324207350581,0.0393897637795276));
#9425=CARTESIAN_POINT('',(-0.00487985470439569,-0.00372324207350581,0.0393700787401575));
#9426=CARTESIAN_POINT('',(-0.00487985470439569,-0.00137764198808828,0.0393897637795276));
#9427=CARTESIAN_POINT('',(-0.00487985470439569,-0.00137764198808828,0.0393897637795276));
#9428=CARTESIAN_POINT('',(-0.00487985470439569,-0.00137764198808828,0.0393700787401575));
#9429=CARTESIAN_POINT('Ctrl Pts',(-0.00251754358010533,0.0014678692266437,
0.0393700787401575));
#9430=CARTESIAN_POINT('Ctrl Pts',(-0.00251754358010533,0.0014678692266437,
0.0393897637795276));
#9431=CARTESIAN_POINT('Ctrl Pts',(-0.00399843243485865,0.00146786921350964,
0.0393700787401575));
#9432=CARTESIAN_POINT('Ctrl Pts',(-0.00399843243485865,0.00146786921350964,
0.0393897637795276));
#9433=CARTESIAN_POINT('Ctrl Pts',(-0.00487985467008398,0.00092493587354011,
0.0393700787401575));
#9434=CARTESIAN_POINT('Ctrl Pts',(-0.00487985467008398,0.00092493587354011,
0.0393897637795276));
#9435=CARTESIAN_POINT('Ctrl Pts',(-0.00487985470439569,-0.00137764198808828,
0.0393700787401575));
#9436=CARTESIAN_POINT('Ctrl Pts',(-0.00487985470439569,-0.00137764198808828,
0.0393897637795276));
#9437=CARTESIAN_POINT('',(-0.00251754358010533,0.0014678692266437,0.0393700787401575));
#9438=CARTESIAN_POINT('Ctrl Pts',(-0.00251754358010533,0.0014678692266437,
0.0393700787401575));
#9439=CARTESIAN_POINT('Ctrl Pts',(-0.00399843243485865,0.00146786921350964,
0.0393700787401575));
#9440=CARTESIAN_POINT('Ctrl Pts',(-0.00487985467008398,0.00092493587354011,
0.0393700787401575));
#9441=CARTESIAN_POINT('Ctrl Pts',(-0.00487985470439569,-0.00137764198808828,
0.0393700787401575));
#9442=CARTESIAN_POINT('',(-0.00251754358010533,0.0014678692266437,0.0393897637795276));
#9443=CARTESIAN_POINT('Ctrl Pts',(-0.00251754358010533,0.0014678692266437,
0.0393897637795276));
#9444=CARTESIAN_POINT('Ctrl Pts',(-0.00399843243485865,0.00146786921350964,
0.0393897637795276));
#9445=CARTESIAN_POINT('Ctrl Pts',(-0.00487985467008398,0.00092493587354011,
0.0393897637795276));
#9446=CARTESIAN_POINT('Ctrl Pts',(-0.00487985470439569,-0.00137764198808828,
0.0393897637795276));
#9447=CARTESIAN_POINT('',(-0.00251754358010533,0.0014678692266437,0.0393700787401575));
#9448=CARTESIAN_POINT('Origin',(-0.000585099124870592,0.0014678692266437,
0.0393700787401575));
#9449=CARTESIAN_POINT('',(-0.000585099124870592,0.0014678692266437,0.0393700787401575));
#9450=CARTESIAN_POINT('',(-0.000585099124870592,0.0014678692266437,0.0393700787401575));
#9451=CARTESIAN_POINT('',(-0.000585099124870592,0.0014678692266437,0.0393897637795276));
#9452=CARTESIAN_POINT('',(-0.000585099124870592,0.0014678692266437,0.0393897637795276));
#9453=CARTESIAN_POINT('',(-0.000585099124870592,0.0014678692266437,0.0393700787401575));
#9454=CARTESIAN_POINT('Ctrl Pts',(0.00204352311202931,-0.000606441960004133,
0.0393700787401575));
#9455=CARTESIAN_POINT('Ctrl Pts',(0.00204352311202931,-0.000606441960004133,
0.0393897637795276));
#9456=CARTESIAN_POINT('Ctrl Pts',(0.00205881200100525,0.00162004700997083,
0.0393700787401575));
#9457=CARTESIAN_POINT('Ctrl Pts',(0.00205881200100525,0.00162004700997083,
0.0393897637795276));
#9458=CARTESIAN_POINT('Ctrl Pts',(0.00175481199930782,0.00146786922664437,
0.0393700787401575));
#9459=CARTESIAN_POINT('Ctrl Pts',(0.00175481199930782,0.00146786922664437,
0.0393897637795276));
#9460=CARTESIAN_POINT('Ctrl Pts',(-0.000585099124870592,0.0014678692266437,
0.0393700787401575));
#9461=CARTESIAN_POINT('Ctrl Pts',(-0.000585099124870592,0.0014678692266437,
0.0393897637795276));
#9462=CARTESIAN_POINT('',(0.00204352311202931,-0.000606441960004133,0.0393700787401575));
#9463=CARTESIAN_POINT('Ctrl Pts',(0.00204352311202931,-0.000606441960004133,
0.0393700787401575));
#9464=CARTESIAN_POINT('Ctrl Pts',(0.00205881200100525,0.00162004700997083,
0.0393700787401575));
#9465=CARTESIAN_POINT('Ctrl Pts',(0.00175481199930782,0.00146786922664437,
0.0393700787401575));
#9466=CARTESIAN_POINT('Ctrl Pts',(-0.000585099124870592,0.0014678692266437,
0.0393700787401575));
#9467=CARTESIAN_POINT('',(0.00204352311202931,-0.000606441960004133,0.0393897637795276));
#9468=CARTESIAN_POINT('Ctrl Pts',(0.00204352311202931,-0.000606441960004133,
0.0393897637795276));
#9469=CARTESIAN_POINT('Ctrl Pts',(0.00205881200100525,0.00162004700997083,
0.0393897637795276));
#9470=CARTESIAN_POINT('Ctrl Pts',(0.00175481199930782,0.00146786922664437,
0.0393897637795276));
#9471=CARTESIAN_POINT('Ctrl Pts',(-0.000585099124870592,0.0014678692266437,
0.0393897637795276));
#9472=CARTESIAN_POINT('',(0.00204352311202931,-0.000606441960004133,0.0393700787401575));
#9473=CARTESIAN_POINT('Origin',(-0.0021943435783008,-0.000599330848634055,
0.0393700787401575));
#9474=CARTESIAN_POINT('',(-0.0021943435783008,-0.000599330848634055,0.0393700787401575));
#9475=CARTESIAN_POINT('',(-0.0021943435783008,-0.000599330848634055,0.0393700787401575));
#9476=CARTESIAN_POINT('',(-0.0021943435783008,-0.000599330848634055,0.0393897637795276));
#9477=CARTESIAN_POINT('',(-0.0021943435783008,-0.000599330848634055,0.0393897637795276));
#9478=CARTESIAN_POINT('',(-0.0021943435783008,-0.000599330848634055,0.0393700787401575));
#9479=CARTESIAN_POINT('Ctrl Pts',(-0.0031913213616453,-0.0021271531264937,
0.0393700787401575));
#9480=CARTESIAN_POINT('Ctrl Pts',(-0.0031913213616453,-0.0021271531264937,
0.0393897637795276));
#9481=CARTESIAN_POINT('Ctrl Pts',(-0.00319131960763281,-0.0011493784923172,
0.0393700787401575));
#9482=CARTESIAN_POINT('Ctrl Pts',(-0.00319131960763281,-0.0011493784923172,
0.0393897637795276));
#9483=CARTESIAN_POINT('Ctrl Pts',(-0.00306083247202181,-0.000599333611736432,
0.0393700787401575));
#9484=CARTESIAN_POINT('Ctrl Pts',(-0.00306083247202181,-0.000599333611736432,
0.0393897637795276));
#9485=CARTESIAN_POINT('Ctrl Pts',(-0.0021943435783008,-0.000599330848634055,
0.0393700787401575));
#9486=CARTESIAN_POINT('Ctrl Pts',(-0.0021943435783008,-0.000599330848634055,
0.0393897637795276));
#9487=CARTESIAN_POINT('',(-0.0031913213616453,-0.0021271531264937,0.0393700787401575));
#9488=CARTESIAN_POINT('Ctrl Pts',(-0.0031913213616453,-0.0021271531264937,
0.0393700787401575));
#9489=CARTESIAN_POINT('Ctrl Pts',(-0.00319131960763281,-0.0011493784923172,
0.0393700787401575));
#9490=CARTESIAN_POINT('Ctrl Pts',(-0.00306083247202181,-0.000599333611736432,
0.0393700787401575));
#9491=CARTESIAN_POINT('Ctrl Pts',(-0.0021943435783008,-0.000599330848634055,
0.0393700787401575));
#9492=CARTESIAN_POINT('',(-0.0031913213616453,-0.0021271531264937,0.0393897637795276));
#9493=CARTESIAN_POINT('Ctrl Pts',(-0.0031913213616453,-0.0021271531264937,
0.0393897637795276));
#9494=CARTESIAN_POINT('Ctrl Pts',(-0.00319131960763281,-0.0011493784923172,
0.0393897637795276));
#9495=CARTESIAN_POINT('Ctrl Pts',(-0.00306083247202181,-0.000599333611736432,
0.0393897637795276));
#9496=CARTESIAN_POINT('Ctrl Pts',(-0.0021943435783008,-0.000599330848634055,
0.0393897637795276));
#9497=CARTESIAN_POINT('',(-0.0031913213616453,-0.0021271531264937,0.0393700787401575));
#9498=CARTESIAN_POINT('Origin',(-0.0031913213616453,-0.0029740864906689,
0.0393700787401575));
#9499=CARTESIAN_POINT('',(-0.0031913213616453,-0.0029740864906689,0.0393700787401575));
#9500=CARTESIAN_POINT('',(-0.0031913213616453,-0.0029740864906689,0.0393700787401575));
#9501=CARTESIAN_POINT('',(-0.0031913213616453,-0.0029740864906689,0.0393897637795276));
#9502=CARTESIAN_POINT('',(-0.0031913213616453,-0.0029740864906689,0.0393897637795276));
#9503=CARTESIAN_POINT('',(-0.0031913213616453,-0.0029740864906689,0.0393700787401575));
#9504=CARTESIAN_POINT('Ctrl Pts',(-0.00225087691194963,-0.00454884210357106,
0.0393700787401575));
#9505=CARTESIAN_POINT('Ctrl Pts',(-0.00225087691194963,-0.00454884210357106,
0.0393897637795276));
#9506=CARTESIAN_POINT('Ctrl Pts',(-0.00302847349030117,-0.0045488417492875,
0.0393700787401575));
#9507=CARTESIAN_POINT('Ctrl Pts',(-0.00302847349030117,-0.0045488417492875,
0.0393897637795276));
#9508=CARTESIAN_POINT('Ctrl Pts',(-0.00319131888091686,-0.00411435319885762,
0.0393700787401575));
#9509=CARTESIAN_POINT('Ctrl Pts',(-0.00319131888091686,-0.00411435319885762,
0.0393897637795276));
#9510=CARTESIAN_POINT('Ctrl Pts',(-0.0031913213616453,-0.0029740864906689,
0.0393700787401575));
#9511=CARTESIAN_POINT('Ctrl Pts',(-0.0031913213616453,-0.0029740864906689,
0.0393897637795276));
#9512=CARTESIAN_POINT('',(-0.00225087691194963,-0.00454884210357106,0.0393700787401575));
#9513=CARTESIAN_POINT('Ctrl Pts',(-0.00225087691194963,-0.00454884210357106,
0.0393700787401575));
#9514=CARTESIAN_POINT('Ctrl Pts',(-0.00302847349030117,-0.0045488417492875,
0.0393700787401575));
#9515=CARTESIAN_POINT('Ctrl Pts',(-0.00319131888091686,-0.00411435319885762,
0.0393700787401575));
#9516=CARTESIAN_POINT('Ctrl Pts',(-0.0031913213616453,-0.0029740864906689,
0.0393700787401575));
#9517=CARTESIAN_POINT('',(-0.00225087691194963,-0.00454884210357106,0.0393897637795276));
#9518=CARTESIAN_POINT('Ctrl Pts',(-0.00225087691194963,-0.00454884210357106,
0.0393897637795276));
#9519=CARTESIAN_POINT('Ctrl Pts',(-0.00302847349030117,-0.0045488417492875,
0.0393897637795276));
#9520=CARTESIAN_POINT('Ctrl Pts',(-0.00319131888091686,-0.00411435319885762,
0.0393897637795276));
#9521=CARTESIAN_POINT('Ctrl Pts',(-0.0031913213616453,-0.0029740864906689,
0.0393897637795276));
#9522=CARTESIAN_POINT('',(-0.00225087691194963,-0.00454884210357106,0.0393700787401575));
#9523=CARTESIAN_POINT('Origin',(0.00211001200128945,-0.00454528654788603,
0.0393700787401575));
#9524=CARTESIAN_POINT('',(0.00211001200128945,-0.00454528654788603,0.0393700787401575));
#9525=CARTESIAN_POINT('',(0.00211001200128945,-0.00454528654788603,0.0393700787401575));
#9526=CARTESIAN_POINT('',(0.00211001200128945,-0.00454528654788603,0.0393897637795276));
#9527=CARTESIAN_POINT('',(0.00211001200128945,-0.00454528654788603,0.0393897637795276));
#9528=CARTESIAN_POINT('',(0.00211001200128945,-0.00454528654788603,0.0393700787401575));
#9529=CARTESIAN_POINT('Ctrl Pts',(0.000441745325307459,-0.00656910884379921,
0.0393700787401575));
#9530=CARTESIAN_POINT('Ctrl Pts',(0.000441745325307459,-0.00656910884379921,
0.0393897637795276));
#9531=CARTESIAN_POINT('Ctrl Pts',(0.00209258977897162,-0.00656910884379892,
0.0393700787401575));
#9532=CARTESIAN_POINT('Ctrl Pts',(0.00209258977897162,-0.00656910884379892,
0.0393897637795276));
#9533=CARTESIAN_POINT('Ctrl Pts',(0.00211001200128966,-0.0058700865961422,
0.0393700787401575));
#9534=CARTESIAN_POINT('Ctrl Pts',(0.00211001200128966,-0.0058700865961422,
0.0393897637795276));
#9535=CARTESIAN_POINT('Ctrl Pts',(0.00211001200128945,-0.00454528654788603,
0.0393700787401575));
#9536=CARTESIAN_POINT('Ctrl Pts',(0.00211001200128945,-0.00454528654788603,
0.0393897637795276));
#9537=CARTESIAN_POINT('',(0.000441745325307459,-0.00656910884379921,0.0393700787401575));
#9538=CARTESIAN_POINT('Ctrl Pts',(0.000441745325307459,-0.00656910884379921,
0.0393700787401575));
#9539=CARTESIAN_POINT('Ctrl Pts',(0.00209258977897162,-0.00656910884379892,
0.0393700787401575));
#9540=CARTESIAN_POINT('Ctrl Pts',(0.00211001200128966,-0.0058700865961422,
0.0393700787401575));
#9541=CARTESIAN_POINT('Ctrl Pts',(0.00211001200128945,-0.00454528654788603,
0.0393700787401575));
#9542=CARTESIAN_POINT('',(0.000441745325307459,-0.00656910884379921,0.0393897637795276));
#9543=CARTESIAN_POINT('Ctrl Pts',(0.000441745325307459,-0.00656910884379921,
0.0393897637795276));
#9544=CARTESIAN_POINT('Ctrl Pts',(0.00209258977897162,-0.00656910884379892,
0.0393897637795276));
#9545=CARTESIAN_POINT('Ctrl Pts',(0.00211001200128966,-0.0058700865961422,
0.0393897637795276));
#9546=CARTESIAN_POINT('Ctrl Pts',(0.00211001200128945,-0.00454528654788603,
0.0393897637795276));
#9547=CARTESIAN_POINT('',(0.000441745325307459,-0.00656910884379921,0.0393700787401575));
#9548=CARTESIAN_POINT('Origin',(-0.00251754358010533,-0.00656910884379921,
0.0393700787401575));
#9549=CARTESIAN_POINT('',(-0.00251754358010533,-0.00656910884379921,0.0393700787401575));
#9550=CARTESIAN_POINT('',(-0.00251754358010533,-0.00656910884379921,0.0393700787401575));
#9551=CARTESIAN_POINT('',(-0.00251754358010533,-0.00656910884379921,0.0393897637795276));
#9552=CARTESIAN_POINT('',(-0.00251754358010533,-0.00656910884379921,0.0393897637795276));
#9553=CARTESIAN_POINT('',(-0.00251754358010533,-0.00656910884379921,0.0393700787401575));
#9554=CARTESIAN_POINT('Ctrl Pts',(-0.00487985470439569,-0.00372324207350581,
0.0393700787401575));
#9555=CARTESIAN_POINT('Ctrl Pts',(-0.00487985470439569,-0.00372324207350581,
0.0393897637795276));
#9556=CARTESIAN_POINT('Ctrl Pts',(-0.00487985470439535,-0.00602581993514768,
0.0393700787401575));
#9557=CARTESIAN_POINT('Ctrl Pts',(-0.00487985470439535,-0.00602581993514768,
0.0393897637795276));
#9558=CARTESIAN_POINT('Ctrl Pts',(-0.0039984324772604,-0.00656910884379892,
0.0393700787401575));
#9559=CARTESIAN_POINT('Ctrl Pts',(-0.0039984324772604,-0.00656910884379892,
0.0393897637795276));
#9560=CARTESIAN_POINT('Ctrl Pts',(-0.00251754358010533,-0.00656910884379921,
0.0393700787401575));
#9561=CARTESIAN_POINT('Ctrl Pts',(-0.00251754358010533,-0.00656910884379921,
0.0393897637795276));
#9562=CARTESIAN_POINT('Ctrl Pts',(-0.00487985470439569,-0.00372324207350581,
0.0393700787401575));
#9563=CARTESIAN_POINT('Ctrl Pts',(-0.00487985470439535,-0.00602581993514768,
0.0393700787401575));
#9564=CARTESIAN_POINT('Ctrl Pts',(-0.0039984324772604,-0.00656910884379892,
0.0393700787401575));
#9565=CARTESIAN_POINT('Ctrl Pts',(-0.00251754358010533,-0.00656910884379921,
0.0393700787401575));
#9566=CARTESIAN_POINT('Ctrl Pts',(-0.00487985470439569,-0.00372324207350581,
0.0393897637795276));
#9567=CARTESIAN_POINT('Ctrl Pts',(-0.00487985470439535,-0.00602581993514768,
0.0393897637795276));
#9568=CARTESIAN_POINT('Ctrl Pts',(-0.0039984324772604,-0.00656910884379892,
0.0393897637795276));
#9569=CARTESIAN_POINT('Ctrl Pts',(-0.00251754358010533,-0.00656910884379921,
0.0393897637795276));
#9570=CARTESIAN_POINT('Origin',(-0.00138492135155301,-0.00247453091691419,
0.0393897637795276));
#9571=CARTESIAN_POINT('Origin',(-0.00138492135155301,-0.00247453091691419,
0.0393700787401575));
#9572=CARTESIAN_POINT('Origin',(0.0192063320967658,-0.00138962421074675,
0.0393700787401575));
#9573=CARTESIAN_POINT('',(0.0192063320967658,-0.00138962421074675,0.0393700787401575));
#9574=CARTESIAN_POINT('',(0.0192063320967658,-0.00373486874059606,0.0393700787401575));
#9575=CARTESIAN_POINT('',(0.0192063320967658,-0.00138962421074675,0.0393700787401575));
#9576=CARTESIAN_POINT('',(0.0192063320967658,-0.00373486874059606,0.0393897637795276));
#9577=CARTESIAN_POINT('',(0.0192063320967658,-0.00373486874059606,0.0393700787401575));
#9578=CARTESIAN_POINT('',(0.0192063320967658,-0.00138962421074675,0.0393897637795276));
#9579=CARTESIAN_POINT('',(0.0192063320967658,-0.00138962421074675,0.0393897637795276));
#9580=CARTESIAN_POINT('',(0.0192063320967658,-0.00138962421074675,0.0393700787401575));
#9581=CARTESIAN_POINT('Ctrl Pts',(0.0215682876655059,0.00145588700397638,
0.0393700787401575));
#9582=CARTESIAN_POINT('Ctrl Pts',(0.0215682876655059,0.00145588700397638,
0.0393897637795276));
#9583=CARTESIAN_POINT('Ctrl Pts',(0.0200873986835263,0.00145588703023447,
0.0393700787401575));
#9584=CARTESIAN_POINT('Ctrl Pts',(0.0200873986835263,0.00145588703023447,
0.0393897637795276));
#9585=CARTESIAN_POINT('Ctrl Pts',(0.0192063320281422,0.000912953650881932,
0.0393700787401575));
#9586=CARTESIAN_POINT('Ctrl Pts',(0.0192063320281422,0.000912953650881932,
0.0393897637795276));
#9587=CARTESIAN_POINT('Ctrl Pts',(0.0192063320967658,-0.00138962421074675,
0.0393700787401575));
#9588=CARTESIAN_POINT('Ctrl Pts',(0.0192063320967658,-0.00138962421074675,
0.0393897637795276));
#9589=CARTESIAN_POINT('',(0.0215682876655059,0.00145588700397638,0.0393700787401575));
#9590=CARTESIAN_POINT('Ctrl Pts',(0.0215682876655059,0.00145588700397638,
0.0393700787401575));
#9591=CARTESIAN_POINT('Ctrl Pts',(0.0200873986835263,0.00145588703023447,
0.0393700787401575));
#9592=CARTESIAN_POINT('Ctrl Pts',(0.0192063320281422,0.000912953650881933,
0.0393700787401575));
#9593=CARTESIAN_POINT('Ctrl Pts',(0.0192063320967658,-0.00138962421074675,
0.0393700787401575));
#9594=CARTESIAN_POINT('',(0.0215682876655059,0.00145588700397638,0.0393897637795276));
#9595=CARTESIAN_POINT('Ctrl Pts',(0.0215682876655059,0.00145588700397638,
0.0393897637795276));
#9596=CARTESIAN_POINT('Ctrl Pts',(0.0200873986835263,0.00145588703023447,
0.0393897637795276));
#9597=CARTESIAN_POINT('Ctrl Pts',(0.0192063320281422,0.000912953650881933,
0.0393897637795276));
#9598=CARTESIAN_POINT('Ctrl Pts',(0.0192063320967658,-0.00138962421074675,
0.0393897637795276));
#9599=CARTESIAN_POINT('',(0.0215682876655059,0.00145588700397638,0.0393700787401575));
#9600=CARTESIAN_POINT('Origin',(0.0235010876762736,0.00145588700397638,
0.0393700787401575));
#9601=CARTESIAN_POINT('',(0.0235010876762736,0.00145588700397638,0.0393700787401575));
#9602=CARTESIAN_POINT('',(0.0235010876762736,0.00145588700397638,0.0393700787401575));
#9603=CARTESIAN_POINT('',(0.0235010876762736,0.00145588700397638,0.0393897637795276));
#9604=CARTESIAN_POINT('',(0.0235010876762736,0.00145588700397638,0.0393897637795276));
#9605=CARTESIAN_POINT('',(0.0235010876762736,0.00145588700397638,0.0393700787401575));
#9606=CARTESIAN_POINT('Ctrl Pts',(0.0261197543575827,-0.000618424182662597,
0.0393700787401575));
#9607=CARTESIAN_POINT('Ctrl Pts',(0.0261197543575827,-0.000618424182662597,
0.0393897637795276));
#9608=CARTESIAN_POINT('Ctrl Pts',(0.0261346876909973,0.00160842034287468,
0.0393700787401575));
#9609=CARTESIAN_POINT('Ctrl Pts',(0.0261346876909973,0.00160842034287468,
0.0393897637795276));
#9610=CARTESIAN_POINT('Ctrl Pts',(0.0258409988004757,0.00145588700397664,
0.0393700787401575));
#9611=CARTESIAN_POINT('Ctrl Pts',(0.0258409988004757,0.00145588700397664,
0.0393897637795276));
#9612=CARTESIAN_POINT('Ctrl Pts',(0.0235010876762736,0.00145588700397638,
0.0393700787401575));
#9613=CARTESIAN_POINT('Ctrl Pts',(0.0235010876762736,0.00145588700397638,
0.0393897637795276));
#9614=CARTESIAN_POINT('',(0.0261197543575827,-0.000618424182662597,0.0393700787401575));
#9615=CARTESIAN_POINT('Ctrl Pts',(0.0261197543575827,-0.000618424182662597,
0.0393700787401575));
#9616=CARTESIAN_POINT('Ctrl Pts',(0.0261346876909973,0.00160842034287468,
0.0393700787401575));
#9617=CARTESIAN_POINT('Ctrl Pts',(0.0258409988004757,0.00145588700397664,
0.0393700787401575));
#9618=CARTESIAN_POINT('Ctrl Pts',(0.0235010876762736,0.00145588700397638,
0.0393700787401575));
#9619=CARTESIAN_POINT('',(0.0261197543575827,-0.000618424182662597,0.0393897637795276));
#9620=CARTESIAN_POINT('Ctrl Pts',(0.0261197543575827,-0.000618424182662597,
0.0393897637795276));
#9621=CARTESIAN_POINT('Ctrl Pts',(0.0261346876909973,0.00160842034287468,
0.0393897637795276));
#9622=CARTESIAN_POINT('Ctrl Pts',(0.0258409988004757,0.00145588700397664,
0.0393897637795276));
#9623=CARTESIAN_POINT('Ctrl Pts',(0.0235010876762736,0.00145588700397638,
0.0393897637795276));
#9624=CARTESIAN_POINT('',(0.0261197543575827,-0.000618424182662597,0.0393700787401575));
#9625=CARTESIAN_POINT('Origin',(0.0218918432228583,-0.000610957515724014,
0.0393700787401575));
#9626=CARTESIAN_POINT('',(0.0218918432228583,-0.000610957515724014,0.0393700787401575));
#9627=CARTESIAN_POINT('',(0.0218918432228583,-0.000610957515724014,0.0393700787401575));
#9628=CARTESIAN_POINT('',(0.0218918432228583,-0.000610957515724014,0.0393897637795276));
#9629=CARTESIAN_POINT('',(0.0218918432228583,-0.000610957515724014,0.0393897637795276));
#9630=CARTESIAN_POINT('',(0.0218918432228583,-0.000610957515724014,0.0393700787401575));
#9631=CARTESIAN_POINT('Ctrl Pts',(0.0208945098839606,-0.00213877979358366,
0.0393700787401575));
#9632=CARTESIAN_POINT('Ctrl Pts',(0.0208945098839606,-0.00213877979358366,
0.0393897637795276));
#9633=CARTESIAN_POINT('Ctrl Pts',(0.0208945104580715,-0.00116135857606679,
0.0393700787401575));
#9634=CARTESIAN_POINT('Ctrl Pts',(0.0208945104580715,-0.00116135857606679,
0.0393897637795276));
#9635=CARTESIAN_POINT('Ctrl Pts',(0.0210249987735684,-0.000610958419913142,
0.0393700787401575));
#9636=CARTESIAN_POINT('Ctrl Pts',(0.0210249987735684,-0.000610958419913142,
0.0393897637795276));
#9637=CARTESIAN_POINT('Ctrl Pts',(0.0218918432228583,-0.000610957515724014,
0.0393700787401575));
#9638=CARTESIAN_POINT('Ctrl Pts',(0.0218918432228583,-0.000610957515724014,
0.0393897637795276));
#9639=CARTESIAN_POINT('',(0.0208945098839606,-0.00213877979358366,0.0393700787401575));
#9640=CARTESIAN_POINT('Ctrl Pts',(0.0208945098839606,-0.00213877979358366,
0.0393700787401575));
#9641=CARTESIAN_POINT('Ctrl Pts',(0.0208945104580715,-0.00116135857606679,
0.0393700787401575));
#9642=CARTESIAN_POINT('Ctrl Pts',(0.0210249987735684,-0.000610958419913142,
0.0393700787401575));
#9643=CARTESIAN_POINT('Ctrl Pts',(0.0218918432228583,-0.000610957515724014,
0.0393700787401575));
#9644=CARTESIAN_POINT('',(0.0208945098839606,-0.00213877979358366,0.0393897637795276));
#9645=CARTESIAN_POINT('Ctrl Pts',(0.0208945098839606,-0.00213877979358366,
0.0393897637795276));
#9646=CARTESIAN_POINT('Ctrl Pts',(0.0208945104580715,-0.00116135857606679,
0.0393897637795276));
#9647=CARTESIAN_POINT('Ctrl Pts',(0.0210249987735684,-0.000610958419913142,
0.0393897637795276));
#9648=CARTESIAN_POINT('Ctrl Pts',(0.0218918432228583,-0.000610957515724014,
0.0393897637795276));
#9649=CARTESIAN_POINT('',(0.0208945098839606,-0.00213877979358366,0.0393700787401575));
#9650=CARTESIAN_POINT('Origin',(0.0208945098839606,-0.00298571315775915,
0.0393700787401575));
#9651=CARTESIAN_POINT('',(0.0208945098839606,-0.00298571315775915,0.0393700787401575));
#9652=CARTESIAN_POINT('',(0.0208945098839606,-0.00298571315775915,0.0393700787401575));
#9653=CARTESIAN_POINT('',(0.0208945098839606,-0.00298571315775915,0.0393897637795276));
#9654=CARTESIAN_POINT('',(0.0208945098839606,-0.00298571315775915,0.0393897637795276));
#9655=CARTESIAN_POINT('',(0.0208945098839606,-0.00298571315775915,0.0393700787401575));
#9656=CARTESIAN_POINT('Ctrl Pts',(0.0218349543336457,-0.00456046877066103,
0.0393700787401575));
#9657=CARTESIAN_POINT('Ctrl Pts',(0.0218349543336457,-0.00456046877066103,
0.0393897637795276));
#9658=CARTESIAN_POINT('Ctrl Pts',(0.0210577152585179,-0.0045604682137536,
0.0393700787401575));
#9659=CARTESIAN_POINT('Ctrl Pts',(0.0210577152585179,-0.0045604682137536,
0.0393897637795276));
#9660=CARTESIAN_POINT('Ctrl Pts',(0.0208945137761802,-0.00412633542151238,
0.0393700787401575));
#9661=CARTESIAN_POINT('Ctrl Pts',(0.0208945137761802,-0.00412633542151238,
0.0393897637795276));
#9662=CARTESIAN_POINT('Ctrl Pts',(0.0208945098839606,-0.00298571315775915,
0.0393700787401575));
#9663=CARTESIAN_POINT('Ctrl Pts',(0.0208945098839606,-0.00298571315775915,
0.0393897637795276));
#9664=CARTESIAN_POINT('',(0.0218349543336457,-0.00456046877066103,0.0393700787401575));
#9665=CARTESIAN_POINT('Ctrl Pts',(0.0218349543336457,-0.00456046877066103,
0.0393700787401575));
#9666=CARTESIAN_POINT('Ctrl Pts',(0.0210577152585179,-0.0045604682137536,
0.0393700787401575));
#9667=CARTESIAN_POINT('Ctrl Pts',(0.0208945137761802,-0.00412633542151238,
0.0393700787401575));
#9668=CARTESIAN_POINT('Ctrl Pts',(0.0208945098839606,-0.00298571315775915,
0.0393700787401575));
#9669=CARTESIAN_POINT('',(0.0218349543336457,-0.00456046877066103,0.0393897637795276));
#9670=CARTESIAN_POINT('Ctrl Pts',(0.0218349543336457,-0.00456046877066103,
0.0393897637795276));
#9671=CARTESIAN_POINT('Ctrl Pts',(0.0210577152585179,-0.0045604682137536,
0.0393897637795276));
#9672=CARTESIAN_POINT('Ctrl Pts',(0.0208945137761802,-0.00412633542151238,
0.0393897637795276));
#9673=CARTESIAN_POINT('Ctrl Pts',(0.0208945098839606,-0.00298571315775915,
0.0393897637795276));
#9674=CARTESIAN_POINT('',(0.0218349543336457,-0.00456046877066103,0.0393700787401575));
#9675=CARTESIAN_POINT('Origin',(0.0261961988024547,-0.00455691321497599,
0.0393700787401575));
#9676=CARTESIAN_POINT('',(0.0261961988024547,-0.00455691321497599,0.0393700787401575));
#9677=CARTESIAN_POINT('',(0.0261961988024547,-0.00455691321497599,0.0393700787401575));
#9678=CARTESIAN_POINT('',(0.0261961988024547,-0.00455691321497599,0.0393897637795276));
#9679=CARTESIAN_POINT('',(0.0261961988024547,-0.00455691321497599,0.0393897637795276));
#9680=CARTESIAN_POINT('',(0.0261961988024547,-0.00455691321497599,0.0393700787401575));
#9681=CARTESIAN_POINT('Ctrl Pts',(0.0245279321264606,-0.00658109106646654,
0.0393700787401575));
#9682=CARTESIAN_POINT('Ctrl Pts',(0.0245279321264606,-0.00658109106646654,
0.0393897637795276));
#9683=CARTESIAN_POINT('Ctrl Pts',(0.0261791321658355,-0.00658109106672097,
0.0393700787401575));
#9684=CARTESIAN_POINT('Ctrl Pts',(0.0261791321658355,-0.00658109106672097,
0.0393897637795276));
#9685=CARTESIAN_POINT('Ctrl Pts',(0.0261961988221998,-0.00588206881877921,
0.0393700787401575));
#9686=CARTESIAN_POINT('Ctrl Pts',(0.0261961988221998,-0.00588206881877921,
0.0393897637795276));
#9687=CARTESIAN_POINT('Ctrl Pts',(0.0261961988024547,-0.00455691321497599,
0.0393700787401575));
#9688=CARTESIAN_POINT('Ctrl Pts',(0.0261961988024547,-0.00455691321497599,
0.0393897637795276));
#9689=CARTESIAN_POINT('',(0.0245279321264606,-0.00658109106646654,0.0393700787401575));
#9690=CARTESIAN_POINT('Ctrl Pts',(0.0245279321264606,-0.00658109106646654,
0.0393700787401575));
#9691=CARTESIAN_POINT('Ctrl Pts',(0.0261791321658355,-0.00658109106672097,
0.0393700787401575));
#9692=CARTESIAN_POINT('Ctrl Pts',(0.0261961988221998,-0.00588206881877921,
0.0393700787401575));
#9693=CARTESIAN_POINT('Ctrl Pts',(0.0261961988024547,-0.00455691321497599,
0.0393700787401575));
#9694=CARTESIAN_POINT('',(0.0245279321264606,-0.00658109106646654,0.0393897637795276));
#9695=CARTESIAN_POINT('Ctrl Pts',(0.0245279321264606,-0.00658109106646654,
0.0393897637795276));
#9696=CARTESIAN_POINT('Ctrl Pts',(0.0261791321658355,-0.00658109106672097,
0.0393897637795276));
#9697=CARTESIAN_POINT('Ctrl Pts',(0.0261961988221998,-0.00588206881877921,
0.0393897637795276));
#9698=CARTESIAN_POINT('Ctrl Pts',(0.0261961988024547,-0.00455691321497599,
0.0393897637795276));
#9699=CARTESIAN_POINT('',(0.0245279321264606,-0.00658109106646654,0.0393700787401575));
#9700=CARTESIAN_POINT('Origin',(0.0215682876655059,-0.00658109106646654,
0.0393700787401575));
#9701=CARTESIAN_POINT('',(0.0215682876655059,-0.00658109106646654,0.0393700787401575));
#9702=CARTESIAN_POINT('',(0.0215682876655059,-0.00658109106646654,0.0393700787401575));
#9703=CARTESIAN_POINT('',(0.0215682876655059,-0.00658109106646654,0.0393897637795276));
#9704=CARTESIAN_POINT('',(0.0215682876655059,-0.00658109106646654,0.0393897637795276));
#9705=CARTESIAN_POINT('',(0.0215682876655059,-0.00658109106646654,0.0393700787401575));
#9706=CARTESIAN_POINT('Ctrl Pts',(0.0192063320967658,-0.00373486874059606,
0.0393700787401575));
#9707=CARTESIAN_POINT('Ctrl Pts',(0.0192063320967658,-0.00373486874059606,
0.0393897637795276));
#9708=CARTESIAN_POINT('Ctrl Pts',(0.0192063299433436,-0.0060378115198945,
0.0393700787401575));
#9709=CARTESIAN_POINT('Ctrl Pts',(0.0192063299433436,-0.0060378115198945,
0.0393897637795276));
#9710=CARTESIAN_POINT('Ctrl Pts',(0.0200873987683409,-0.00658109693627939,
0.0393700787401575));
#9711=CARTESIAN_POINT('Ctrl Pts',(0.0200873987683409,-0.00658109693627939,
0.0393897637795276));
#9712=CARTESIAN_POINT('Ctrl Pts',(0.0215682876655059,-0.00658109106646654,
0.0393700787401575));
#9713=CARTESIAN_POINT('Ctrl Pts',(0.0215682876655059,-0.00658109106646654,
0.0393897637795276));
#9714=CARTESIAN_POINT('Ctrl Pts',(0.0192063320967658,-0.00373486874059606,
0.0393700787401575));
#9715=CARTESIAN_POINT('Ctrl Pts',(0.0192063299433436,-0.0060378115198945,
0.0393700787401575));
#9716=CARTESIAN_POINT('Ctrl Pts',(0.0200873987683409,-0.00658109693627939,
0.0393700787401575));
#9717=CARTESIAN_POINT('Ctrl Pts',(0.0215682876655059,-0.00658109106646654,
0.0393700787401575));
#9718=CARTESIAN_POINT('Ctrl Pts',(0.0192063320967658,-0.00373486874059606,
0.0393897637795276));
#9719=CARTESIAN_POINT('Ctrl Pts',(0.0192063299433436,-0.0060378115198945,
0.0393897637795276));
#9720=CARTESIAN_POINT('Ctrl Pts',(0.0200873987683409,-0.00658109693627939,
0.0393897637795276));
#9721=CARTESIAN_POINT('Ctrl Pts',(0.0215682876655059,-0.00658109106646654,
0.0393897637795276));
#9722=CARTESIAN_POINT('Origin',(0.0227012643827717,-0.00248633829670235,
0.0393897637795276));
#9723=CARTESIAN_POINT('Origin',(0.0227012643827717,-0.00248633829670235,
0.0393700787401575));
#9724=CARTESIAN_POINT('Origin',(0.0427621366727205,-0.00255033536412638,
0.0393700787401575));
#9725=CARTESIAN_POINT('',(0.0427621366727205,-0.00255033536412638,0.0393700787401575));
#9726=CARTESIAN_POINT('',(0.039606225544,-0.00255033536412638,0.0393700787401575));
#9727=CARTESIAN_POINT('',(0.0427621366727205,-0.00255033536412638,0.0393700787401575));
#9728=CARTESIAN_POINT('',(0.039606225544,-0.00255033536412638,0.0393897637795276));
#9729=CARTESIAN_POINT('',(0.039606225544,-0.00255033536412638,0.0393700787401575));
#9730=CARTESIAN_POINT('',(0.0427621366727205,-0.00255033536412638,0.0393897637795276));
#9731=CARTESIAN_POINT('',(0.0427621366727205,-0.00255033536412638,0.0393897637795276));
#9732=CARTESIAN_POINT('',(0.0427621366727205,-0.00255033536412638,0.0393700787401575));
#9733=CARTESIAN_POINT('Ctrl Pts',(0.0427621366727205,-0.00255033536412638,
0.0393700787401575));
#9734=CARTESIAN_POINT('Ctrl Pts',(0.0432944846511493,-0.00255308823663561,
0.0393700787401575));
#9735=CARTESIAN_POINT('Ctrl Pts',(0.0432954700090295,-0.00171406866700626,
0.0393700787401575));
#9736=CARTESIAN_POINT('Ctrl Pts',(0.0427621366727205,-0.00255033536412638,
0.0393897637795276));
#9737=CARTESIAN_POINT('Ctrl Pts',(0.0432944846511493,-0.00255308823663561,
0.0393897637795276));
#9738=CARTESIAN_POINT('Ctrl Pts',(0.0432954700090295,-0.00171406866700626,
0.0393897637795276));
#9739=CARTESIAN_POINT('',(0.0432954700090295,-0.00171406866700626,0.0393700787401575));
#9740=CARTESIAN_POINT('Origin',(0.041350694105457,0.000526220038689081,
0.0393700787401575));
#9741=CARTESIAN_POINT('',(0.0432954700090295,-0.00171406866700626,0.0393897637795276));
#9742=CARTESIAN_POINT('Origin',(0.041350694105457,0.000526220038689081,
0.0393897637795276));
#9743=CARTESIAN_POINT('',(0.0432954700090295,-0.00171406866700626,0.0393700787401575));
#9744=CARTESIAN_POINT('Origin',(0.0432954700090295,-0.00141006865593576,
0.0393700787401575));
#9745=CARTESIAN_POINT('',(0.0432954700090295,-0.00141006865593576,0.0393700787401575));
#9746=CARTESIAN_POINT('',(0.0432954700090295,-0.00141006865593576,0.0393700787401575));
#9747=CARTESIAN_POINT('',(0.0432954700090295,-0.00141006865593576,0.0393897637795276));
#9748=CARTESIAN_POINT('',(0.0432954700090295,-0.00141006865593576,0.0393897637795276));
#9749=CARTESIAN_POINT('',(0.0432954700090295,-0.00141006865593576,0.0393700787401575));
#9750=CARTESIAN_POINT('Ctrl Pts',(0.0426216922274843,-0.000573801958815355,
0.0393700787401575));
#9751=CARTESIAN_POINT('Ctrl Pts',(0.0426216922274843,-0.000573801958815355,
0.0393897637795276));
#9752=CARTESIAN_POINT('Ctrl Pts',(0.0431176922302678,-0.000573801958815439,
0.0393700787401575));
#9753=CARTESIAN_POINT('Ctrl Pts',(0.0431176922302678,-0.000573801958815439,
0.0393897637795276));
#9754=CARTESIAN_POINT('Ctrl Pts',(0.0432954700090315,-0.000877801969885833,
0.0393700787401575));
#9755=CARTESIAN_POINT('Ctrl Pts',(0.0432954700090315,-0.000877801969885833,
0.0393897637795276));
#9756=CARTESIAN_POINT('Ctrl Pts',(0.0432954700090295,-0.00141006865593576,
0.0393700787401575));
#9757=CARTESIAN_POINT('Ctrl Pts',(0.0432954700090295,-0.00141006865593576,
0.0393897637795276));
#9758=CARTESIAN_POINT('',(0.0426216922274843,-0.000573801958815355,0.0393700787401575));
#9759=CARTESIAN_POINT('Ctrl Pts',(0.0426216922274843,-0.000573801958815355,
0.0393700787401575));
#9760=CARTESIAN_POINT('Ctrl Pts',(0.0431176922302678,-0.000573801958815439,
0.0393700787401575));
#9761=CARTESIAN_POINT('Ctrl Pts',(0.0432954700090315,-0.000877801969885833,
0.0393700787401575));
#9762=CARTESIAN_POINT('Ctrl Pts',(0.0432954700090295,-0.00141006865593576,
0.0393700787401575));
#9763=CARTESIAN_POINT('',(0.0426216922274843,-0.000573801958815355,0.0393897637795276));
#9764=CARTESIAN_POINT('Ctrl Pts',(0.0426216922274843,-0.000573801958815355,
0.0393897637795276));
#9765=CARTESIAN_POINT('Ctrl Pts',(0.0431176922302678,-0.000573801958815439,
0.0393897637795276));
#9766=CARTESIAN_POINT('Ctrl Pts',(0.0432954700090315,-0.000877801969885833,
0.0393897637795276));
#9767=CARTESIAN_POINT('Ctrl Pts',(0.0432954700090295,-0.00141006865593576,
0.0393897637795276));
#9768=CARTESIAN_POINT('',(0.0426216922274843,-0.000573801958815355,0.0393700787401575));
#9769=CARTESIAN_POINT('Origin',(0.039606225544,-0.000573801958815355,0.0393700787401575));
#9770=CARTESIAN_POINT('',(0.039606225544,-0.000573801958815355,0.0393700787401575));
#9771=CARTESIAN_POINT('',(0.039606225544,-0.000573801958815355,0.0393700787401575));
#9772=CARTESIAN_POINT('',(0.039606225544,-0.000573801958815355,0.0393897637795276));
#9773=CARTESIAN_POINT('',(0.039606225544,-0.000573801958815355,0.0393897637795276));
#9774=CARTESIAN_POINT('',(0.039606225544,-0.000573801958815355,0.0393700787401575));
#9775=CARTESIAN_POINT('Origin',(0.039606225544,-0.00255033536412638,0.0393700787401575));
#9776=CARTESIAN_POINT('',(0.039606225544,-0.00255033536412638,0.0393700787401575));
#9777=CARTESIAN_POINT('',(0.039606225544,-0.00255033536412638,0.0393897637795276));
#9778=CARTESIAN_POINT('Origin',(0.0430437366743051,0.00138104255681102,
0.0393700787401575));
#9779=CARTESIAN_POINT('',(0.0430437366743051,0.00138104255681102,0.0393700787401575));
#9780=CARTESIAN_POINT('',(0.0379624922014803,0.00138104255681102,0.0393700787401575));
#9781=CARTESIAN_POINT('',(0.0430437366743051,0.00138104255681102,0.0393700787401575));
#9782=CARTESIAN_POINT('',(0.0379624922014803,0.00138104255681102,0.0393897637795276));
#9783=CARTESIAN_POINT('',(0.0379624922014803,0.00138104255681102,0.0393700787401575));
#9784=CARTESIAN_POINT('',(0.0430437366743051,0.00138104255681102,0.0393897637795276));
#9785=CARTESIAN_POINT('',(0.0430437366743051,0.00138104255681102,0.0393897637795276));
#9786=CARTESIAN_POINT('',(0.0430437366743051,0.00138104255681102,0.0393700787401575));
#9787=CARTESIAN_POINT('Ctrl Pts',(0.044983647796254,-0.00131229087459715,
0.0393700787401575));
#9788=CARTESIAN_POINT('Ctrl Pts',(0.044983647796254,-0.00131229087459715,
0.0393897637795276));
#9789=CARTESIAN_POINT('Ctrl Pts',(0.0449836477962552,0.000229753626002449,
0.0393700787401575));
#9790=CARTESIAN_POINT('Ctrl Pts',(0.0449836477962552,0.000229753626002449,
0.0393897637795276));
#9791=CARTESIAN_POINT('Ctrl Pts',(0.0446060477941361,0.00138104255681157,
0.0393700787401575));
#9792=CARTESIAN_POINT('Ctrl Pts',(0.0446060477941361,0.00138104255681157,
0.0393897637795276));
#9793=CARTESIAN_POINT('Ctrl Pts',(0.0430437366743051,0.00138104255681102,
0.0393700787401575));
#9794=CARTESIAN_POINT('Ctrl Pts',(0.0430437366743051,0.00138104255681102,
0.0393897637795276));
#9795=CARTESIAN_POINT('',(0.044983647796254,-0.00131229087459715,0.0393700787401575));
#9796=CARTESIAN_POINT('Ctrl Pts',(0.044983647796254,-0.00131229087459715,
0.0393700787401575));
#9797=CARTESIAN_POINT('Ctrl Pts',(0.0449836477962552,0.000229753626002449,
0.0393700787401575));
#9798=CARTESIAN_POINT('Ctrl Pts',(0.0446060477941361,0.00138104255681157,
0.0393700787401575));
#9799=CARTESIAN_POINT('Ctrl Pts',(0.0430437366743051,0.00138104255681102,
0.0393700787401575));
#9800=CARTESIAN_POINT('',(0.044983647796254,-0.00131229087459715,0.0393897637795276));
#9801=CARTESIAN_POINT('Ctrl Pts',(0.044983647796254,-0.00131229087459715,
0.0393897637795276));
#9802=CARTESIAN_POINT('Ctrl Pts',(0.0449836477962552,0.000229753626002449,
0.0393897637795276));
#9803=CARTESIAN_POINT('Ctrl Pts',(0.0446060477941361,0.00138104255681157,
0.0393897637795276));
#9804=CARTESIAN_POINT('Ctrl Pts',(0.0430437366743051,0.00138104255681102,
0.0393897637795276));
#9805=CARTESIAN_POINT('',(0.044983647796254,-0.00131229087459715,0.0393700787401575));
#9806=CARTESIAN_POINT('Origin',(0.044983647796254,-0.00198606867691152,
0.0393700787401575));
#9807=CARTESIAN_POINT('',(0.044983647796254,-0.00198606867691152,0.0393700787401575));
#9808=CARTESIAN_POINT('',(0.044983647796254,-0.00198606867691152,0.0393700787401575));
#9809=CARTESIAN_POINT('',(0.044983647796254,-0.00198606867691152,0.0393897637795276));
#9810=CARTESIAN_POINT('',(0.044983647796254,-0.00198606867691152,0.0393897637795276));
#9811=CARTESIAN_POINT('',(0.044983647796254,-0.00198606867691152,0.0393700787401575));
#9812=CARTESIAN_POINT('Ctrl Pts',(0.043472892232248,-0.00450553543532746,
0.0393700787401575));
#9813=CARTESIAN_POINT('Ctrl Pts',(0.043472892232248,-0.00450553543532746,
0.0393897637795276));
#9814=CARTESIAN_POINT('Ctrl Pts',(0.0446359144609624,-0.00450553141467866,
0.0393700787401575));
#9815=CARTESIAN_POINT('Ctrl Pts',(0.0446359144609624,-0.00450553141467866,
0.0393897637795276));
#9816=CARTESIAN_POINT('Ctrl Pts',(0.044983643138882,-0.00315833016348837,
0.0393700787401575));
#9817=CARTESIAN_POINT('Ctrl Pts',(0.044983643138882,-0.00315833016348837,
0.0393897637795276));
#9818=CARTESIAN_POINT('Ctrl Pts',(0.044983647796254,-0.00198606867691152,
0.0393700787401575));
#9819=CARTESIAN_POINT('Ctrl Pts',(0.044983647796254,-0.00198606867691152,
0.0393897637795276));
#9820=CARTESIAN_POINT('',(0.043472892232248,-0.00450553543532746,0.0393700787401575));
#9821=CARTESIAN_POINT('Ctrl Pts',(0.043472892232248,-0.00450553543532746,
0.0393700787401575));
#9822=CARTESIAN_POINT('Ctrl Pts',(0.0446359144609624,-0.00450553141467866,
0.0393700787401575));
#9823=CARTESIAN_POINT('Ctrl Pts',(0.044983643138882,-0.00315833016348837,
0.0393700787401575));
#9824=CARTESIAN_POINT('Ctrl Pts',(0.044983647796254,-0.00198606867691152,
0.0393700787401575));
#9825=CARTESIAN_POINT('',(0.043472892232248,-0.00450553543532746,0.0393897637795276));
#9826=CARTESIAN_POINT('Ctrl Pts',(0.043472892232248,-0.00450553543532746,
0.0393897637795276));
#9827=CARTESIAN_POINT('Ctrl Pts',(0.0446359144609624,-0.00450553141467866,
0.0393897637795276));
#9828=CARTESIAN_POINT('Ctrl Pts',(0.044983643138882,-0.00315833016348837,
0.0393897637795276));
#9829=CARTESIAN_POINT('Ctrl Pts',(0.044983647796254,-0.00198606867691152,
0.0393897637795276));
#9830=CARTESIAN_POINT('',(0.043472892232248,-0.00450553543532746,0.0393700787401575));
#9831=CARTESIAN_POINT('Origin',(0.039606225544,-0.00450553543532746,0.0393700787401575));
#9832=CARTESIAN_POINT('',(0.039606225544,-0.00450553543532746,0.0393700787401575));
#9833=CARTESIAN_POINT('',(0.039606225544,-0.00450553543532746,0.0393700787401575));
#9834=CARTESIAN_POINT('',(0.039606225544,-0.00450553543532746,0.0393897637795276));
#9835=CARTESIAN_POINT('',(0.039606225544,-0.00450553543532746,0.0393897637795276));
#9836=CARTESIAN_POINT('',(0.039606225544,-0.00450553543532746,0.0393700787401575));
#9837=CARTESIAN_POINT('Origin',(0.039606225544,-0.00648206884062992,0.0393700787401575));
#9838=CARTESIAN_POINT('',(0.039606225544,-0.00648206884062992,0.0393700787401575));
#9839=CARTESIAN_POINT('',(0.039606225544,-0.00648206884062992,0.0393700787401575));
#9840=CARTESIAN_POINT('',(0.039606225544,-0.00648206884062992,0.0393897637795276));
#9841=CARTESIAN_POINT('',(0.039606225544,-0.00648206884062992,0.0393897637795276));
#9842=CARTESIAN_POINT('',(0.039606225544,-0.00648206884062992,0.0393700787401575));
#9843=CARTESIAN_POINT('Origin',(0.0379624922014803,-0.00648206884062992,
0.0393700787401575));
#9844=CARTESIAN_POINT('',(0.0379624922014803,-0.00648206884062992,0.0393700787401575));
#9845=CARTESIAN_POINT('',(0.0379624922014803,-0.00648206884062992,0.0393700787401575));
#9846=CARTESIAN_POINT('',(0.0379624922014803,-0.00648206884062992,0.0393897637795276));
#9847=CARTESIAN_POINT('',(0.0379624922014803,-0.00648206884062992,0.0393897637795276));
#9848=CARTESIAN_POINT('',(0.0379624922014803,-0.00648206884062992,0.0393700787401575));
#9849=CARTESIAN_POINT('Origin',(0.0379624922014803,0.00138104255681102,
0.0393700787401575));
#9850=CARTESIAN_POINT('',(0.0379624922014803,0.00138104255681102,0.0393700787401575));
#9851=CARTESIAN_POINT('',(0.0379624922014803,0.00138104255681102,0.0393897637795276));
#9852=CARTESIAN_POINT('Origin',(0.0414730699988678,-0.00255051314190918,
0.0393897637795276));
#9853=CARTESIAN_POINT('Origin',(0.0414730699988678,-0.00255051314190918,
0.0393700787401575));
#9854=CARTESIAN_POINT('Origin',(0.016625603193439,-0.0021271531264937,0.0393700787401575));
#9855=CARTESIAN_POINT('',(0.016625603193439,-0.0021271531264937,0.0393700787401575));
#9856=CARTESIAN_POINT('',(0.016625603193439,-0.0029740864906689,0.0393700787401575));
#9857=CARTESIAN_POINT('',(0.016625603193439,-0.0021271531264937,0.0393700787401575));
#9858=CARTESIAN_POINT('',(0.016625603193439,-0.0029740864906689,0.0393897637795276));
#9859=CARTESIAN_POINT('',(0.016625603193439,-0.0029740864906689,0.0393700787401575));
#9860=CARTESIAN_POINT('',(0.016625603193439,-0.0021271531264937,0.0393897637795276));
#9861=CARTESIAN_POINT('',(0.016625603193439,-0.0021271531264937,0.0393897637795276));
#9862=CARTESIAN_POINT('',(0.016625603193439,-0.0021271531264937,0.0393700787401575));
#9863=CARTESIAN_POINT('Ctrl Pts',(0.015596269854374,-0.000552041958023031,
0.0393700787401575));
#9864=CARTESIAN_POINT('Ctrl Pts',(0.015596269854374,-0.000552041958023031,
0.0393897637795276));
#9865=CARTESIAN_POINT('Ctrl Pts',(0.0164627576684288,-0.000552042069645937,
0.0393700787401575));
#9866=CARTESIAN_POINT('Ctrl Pts',(0.0164627576684288,-0.000552042069645937,
0.0393897637795276));
#9867=CARTESIAN_POINT('Ctrl Pts',(0.016625602523216,-0.00114937531310884,
0.0393700787401575));
#9868=CARTESIAN_POINT('Ctrl Pts',(0.016625602523216,-0.00114937531310884,
0.0393897637795276));
#9869=CARTESIAN_POINT('Ctrl Pts',(0.016625603193439,-0.0021271531264937,
0.0393700787401575));
#9870=CARTESIAN_POINT('Ctrl Pts',(0.016625603193439,-0.0021271531264937,
0.0393897637795276));
#9871=CARTESIAN_POINT('',(0.015596269854374,-0.000552041958023031,0.0393700787401575));
#9872=CARTESIAN_POINT('Ctrl Pts',(0.015596269854374,-0.000552041958023031,
0.0393700787401575));
#9873=CARTESIAN_POINT('Ctrl Pts',(0.0164627576684288,-0.000552042069645937,
0.0393700787401575));
#9874=CARTESIAN_POINT('Ctrl Pts',(0.016625602523216,-0.00114937531310884,
0.0393700787401575));
#9875=CARTESIAN_POINT('Ctrl Pts',(0.016625603193439,-0.0021271531264937,
0.0393700787401575));
#9876=CARTESIAN_POINT('',(0.015596269854374,-0.000552041958023031,0.0393897637795276));
#9877=CARTESIAN_POINT('Ctrl Pts',(0.015596269854374,-0.000552041958023031,
0.0393897637795276));
#9878=CARTESIAN_POINT('Ctrl Pts',(0.0164627576684288,-0.000552042069645937,
0.0393897637795276));
#9879=CARTESIAN_POINT('Ctrl Pts',(0.016625602523216,-0.00114937531310884,
0.0393897637795276));
#9880=CARTESIAN_POINT('Ctrl Pts',(0.016625603193439,-0.0021271531264937,
0.0393897637795276));
#9881=CARTESIAN_POINT('',(0.015596269854374,-0.000552041958023031,0.0393700787401575));
#9882=CARTESIAN_POINT('Origin',(0.0136712920658405,-0.000552041958023031,
0.0393700787401575));
#9883=CARTESIAN_POINT('',(0.0136712920658405,-0.000552041958023031,0.0393700787401575));
#9884=CARTESIAN_POINT('',(0.0136712920658405,-0.000552041958023031,0.0393700787401575));
#9885=CARTESIAN_POINT('',(0.0136712920658405,-0.000552041958023031,0.0393897637795276));
#9886=CARTESIAN_POINT('',(0.0136712920658405,-0.000552041958023031,0.0393897637795276));
#9887=CARTESIAN_POINT('',(0.0136712920658405,-0.000552041958023031,0.0393700787401575));
#9888=CARTESIAN_POINT('Ctrl Pts',(0.0126419587267756,-0.0021271531264937,
0.0393700787401575));
#9889=CARTESIAN_POINT('Ctrl Pts',(0.0126419587267756,-0.0021271531264937,
0.0393897637795276));
#9890=CARTESIAN_POINT('Ctrl Pts',(0.0126419587445786,-0.00114937534378522,
0.0393700787401575));
#9891=CARTESIAN_POINT('Ctrl Pts',(0.0126419587445786,-0.00114937534378522,
0.0393897637795276));
#9892=CARTESIAN_POINT('Ctrl Pts',(0.012805158727661,-0.000552041983835825,
0.0393700787401575));
#9893=CARTESIAN_POINT('Ctrl Pts',(0.012805158727661,-0.000552041983835825,
0.0393897637795276));
#9894=CARTESIAN_POINT('Ctrl Pts',(0.0136712920658405,-0.000552041958023031,
0.0393700787401575));
#9895=CARTESIAN_POINT('Ctrl Pts',(0.0136712920658405,-0.000552041958023031,
0.0393897637795276));
#9896=CARTESIAN_POINT('',(0.0126419587267756,-0.0021271531264937,0.0393700787401575));
#9897=CARTESIAN_POINT('Ctrl Pts',(0.0126419587267756,-0.0021271531264937,
0.0393700787401575));
#9898=CARTESIAN_POINT('Ctrl Pts',(0.0126419587445786,-0.00114937534378522,
0.0393700787401575));
#9899=CARTESIAN_POINT('Ctrl Pts',(0.012805158727661,-0.000552041983835825,
0.0393700787401575));
#9900=CARTESIAN_POINT('Ctrl Pts',(0.0136712920658405,-0.000552041958023031,
0.0393700787401575));
#9901=CARTESIAN_POINT('',(0.0126419587267756,-0.0021271531264937,0.0393897637795276));
#9902=CARTESIAN_POINT('Ctrl Pts',(0.0126419587267756,-0.0021271531264937,
0.0393897637795276));
#9903=CARTESIAN_POINT('Ctrl Pts',(0.0126419587445786,-0.00114937534378522,
0.0393897637795276));
#9904=CARTESIAN_POINT('Ctrl Pts',(0.012805158727661,-0.000552041983835825,
0.0393897637795276));
#9905=CARTESIAN_POINT('Ctrl Pts',(0.0136712920658405,-0.000552041958023031,
0.0393897637795276));
#9906=CARTESIAN_POINT('',(0.0126419587267756,-0.0021271531264937,0.0393700787401575));
#9907=CARTESIAN_POINT('Origin',(0.0126419587267756,-0.0029740864906689,
0.0393700787401575));
#9908=CARTESIAN_POINT('',(0.0126419587267756,-0.0029740864906689,0.0393700787401575));
#9909=CARTESIAN_POINT('',(0.0126419587267756,-0.0029740864906689,0.0393700787401575));
#9910=CARTESIAN_POINT('',(0.0126419587267756,-0.0029740864906689,0.0393897637795276));
#9911=CARTESIAN_POINT('',(0.0126419587267756,-0.0029740864906689,0.0393897637795276));
#9912=CARTESIAN_POINT('',(0.0126419587267756,-0.0029740864906689,0.0393700787401575));
#9913=CARTESIAN_POINT('Ctrl Pts',(0.0135824031764606,-0.00454884210357106,
0.0393700787401575));
#9914=CARTESIAN_POINT('Ctrl Pts',(0.0135824031764606,-0.00454884210357106,
0.0393897637795276));
#9915=CARTESIAN_POINT('Ctrl Pts',(0.0128051631861409,-0.00454884164150929,
0.0393700787401575));
#9916=CARTESIAN_POINT('Ctrl Pts',(0.0128051631861409,-0.00454884164150929,
0.0393897637795276));
#9917=CARTESIAN_POINT('Ctrl Pts',(0.0126419619551228,-0.0041143531988556,
0.0393700787401575));
#9918=CARTESIAN_POINT('Ctrl Pts',(0.0126419619551228,-0.0041143531988556,
0.0393897637795276));
#9919=CARTESIAN_POINT('Ctrl Pts',(0.0126419587267756,-0.0029740864906689,
0.0393700787401575));
#9920=CARTESIAN_POINT('Ctrl Pts',(0.0126419587267756,-0.0029740864906689,
0.0393897637795276));
#9921=CARTESIAN_POINT('',(0.0135824031764606,-0.00454884210357106,0.0393700787401575));
#9922=CARTESIAN_POINT('Ctrl Pts',(0.0135824031764606,-0.00454884210357106,
0.0393700787401575));
#9923=CARTESIAN_POINT('Ctrl Pts',(0.0128051631861409,-0.00454884164150929,
0.0393700787401575));
#9924=CARTESIAN_POINT('Ctrl Pts',(0.0126419619551228,-0.0041143531988556,
0.0393700787401575));
#9925=CARTESIAN_POINT('Ctrl Pts',(0.0126419587267756,-0.0029740864906689,
0.0393700787401575));
#9926=CARTESIAN_POINT('',(0.0135824031764606,-0.00454884210357106,0.0393897637795276));
#9927=CARTESIAN_POINT('Ctrl Pts',(0.0135824031764606,-0.00454884210357106,
0.0393897637795276));
#9928=CARTESIAN_POINT('Ctrl Pts',(0.0128051631861409,-0.00454884164150929,
0.0393897637795276));
#9929=CARTESIAN_POINT('Ctrl Pts',(0.0126419619551228,-0.0041143531988556,
0.0393897637795276));
#9930=CARTESIAN_POINT('Ctrl Pts',(0.0126419587267756,-0.0029740864906689,
0.0393897637795276));
#9931=CARTESIAN_POINT('',(0.0135824031764606,-0.00454884210357106,0.0393700787401575));
#9932=CARTESIAN_POINT('Origin',(0.0156855142993248,-0.00454884210357106,
0.0393700787401575));
#9933=CARTESIAN_POINT('',(0.0156855142993248,-0.00454884210357106,0.0393700787401575));
#9934=CARTESIAN_POINT('',(0.0156855142993248,-0.00454884210357106,0.0393700787401575));
#9935=CARTESIAN_POINT('',(0.0156855142993248,-0.00454884210357106,0.0393897637795276));
#9936=CARTESIAN_POINT('',(0.0156855142993248,-0.00454884210357106,0.0393897637795276));
#9937=CARTESIAN_POINT('',(0.0156855142993248,-0.00454884210357106,0.0393700787401575));
#9938=CARTESIAN_POINT('Ctrl Pts',(0.016625603193439,-0.0029740864906689,
0.0393700787401575));
#9939=CARTESIAN_POINT('Ctrl Pts',(0.016625603193439,-0.0029740864906689,
0.0393897637795276));
#9940=CARTESIAN_POINT('Ctrl Pts',(0.0166256031934372,-0.00411435319886036,
0.0393700787401575));
#9941=CARTESIAN_POINT('Ctrl Pts',(0.0166256031934372,-0.00411435319886036,
0.0393897637795276));
#9942=CARTESIAN_POINT('Ctrl Pts',(0.0164627587480942,-0.00454884210357063,
0.0393700787401575));
#9943=CARTESIAN_POINT('Ctrl Pts',(0.0164627587480942,-0.00454884210357063,
0.0393897637795276));
#9944=CARTESIAN_POINT('Ctrl Pts',(0.0156855142993248,-0.00454884210357106,
0.0393700787401575));
#9945=CARTESIAN_POINT('Ctrl Pts',(0.0156855142993248,-0.00454884210357106,
0.0393897637795276));
#9946=CARTESIAN_POINT('Ctrl Pts',(0.016625603193439,-0.0029740864906689,
0.0393700787401575));
#9947=CARTESIAN_POINT('Ctrl Pts',(0.0166256031934372,-0.00411435319886036,
0.0393700787401575));
#9948=CARTESIAN_POINT('Ctrl Pts',(0.0164627587480942,-0.00454884210357063,
0.0393700787401575));
#9949=CARTESIAN_POINT('Ctrl Pts',(0.0156855142993248,-0.00454884210357106,
0.0393700787401575));
#9950=CARTESIAN_POINT('Ctrl Pts',(0.016625603193439,-0.0029740864906689,
0.0393897637795276));
#9951=CARTESIAN_POINT('Ctrl Pts',(0.0166256031934372,-0.00411435319886036,
0.0393897637795276));
#9952=CARTESIAN_POINT('Ctrl Pts',(0.0164627587480942,-0.00454884210357063,
0.0393897637795276));
#9953=CARTESIAN_POINT('Ctrl Pts',(0.0156855142993248,-0.00454884210357106,
0.0393897637795276));
#9954=CARTESIAN_POINT('Ctrl Pts',(0.0183137809806634,-0.00137764198808828,
0.0393700787401575));
#9955=CARTESIAN_POINT('Ctrl Pts',(0.0183137809806634,-0.00137764198808828,
0.0393897637795276));
#9956=CARTESIAN_POINT('Ctrl Pts',(0.0183137810130264,0.00092493601432353,
0.0393700787401575));
#9957=CARTESIAN_POINT('Ctrl Pts',(0.0183137810130264,0.00092493601432353,
0.0393897637795276));
#9958=CARTESIAN_POINT('Ctrl Pts',(0.0174327143090674,0.00146786931491177,
0.0393700787401575));
#9959=CARTESIAN_POINT('Ctrl Pts',(0.0174327143090674,0.00146786931491177,
0.0393897637795276));
#9960=CARTESIAN_POINT('Ctrl Pts',(0.0159518254119232,0.0014678692266437,
0.0393700787401575));
#9961=CARTESIAN_POINT('Ctrl Pts',(0.0159518254119232,0.0014678692266437,
0.0393897637795276));
#9962=CARTESIAN_POINT('',(0.0183137809806634,-0.00137764198808828,0.0393700787401575));
#9963=CARTESIAN_POINT('',(0.0159518254119232,0.0014678692266437,0.0393700787401575));
#9964=CARTESIAN_POINT('Ctrl Pts',(0.0183137809806634,-0.00137764198808828,
0.0393700787401575));
#9965=CARTESIAN_POINT('Ctrl Pts',(0.0183137810130264,0.00092493601432353,
0.0393700787401575));
#9966=CARTESIAN_POINT('Ctrl Pts',(0.0174327143090674,0.00146786931491177,
0.0393700787401575));
#9967=CARTESIAN_POINT('Ctrl Pts',(0.0159518254119232,0.0014678692266437,
0.0393700787401575));
#9968=CARTESIAN_POINT('',(0.0159518254119232,0.0014678692266437,0.0393897637795276));
#9969=CARTESIAN_POINT('',(0.0159518254119232,0.0014678692266437,0.0393700787401575));
#9970=CARTESIAN_POINT('',(0.0183137809806634,-0.00137764198808828,0.0393897637795276));
#9971=CARTESIAN_POINT('Ctrl Pts',(0.0183137809806634,-0.00137764198808828,
0.0393897637795276));
#9972=CARTESIAN_POINT('Ctrl Pts',(0.0183137810130264,0.00092493601432353,
0.0393897637795276));
#9973=CARTESIAN_POINT('Ctrl Pts',(0.0174327143090674,0.00146786931491177,
0.0393897637795276));
#9974=CARTESIAN_POINT('Ctrl Pts',(0.0159518254119232,0.0014678692266437,
0.0393897637795276));
#9975=CARTESIAN_POINT('',(0.0183137809806634,-0.00137764198808828,0.0393700787401575));
#9976=CARTESIAN_POINT('Origin',(0.0183137809806634,-0.00372324207350581,
0.0393700787401575));
#9977=CARTESIAN_POINT('',(0.0183137809806634,-0.00372324207350581,0.0393700787401575));
#9978=CARTESIAN_POINT('',(0.0183137809806634,-0.00372324207350581,0.0393700787401575));
#9979=CARTESIAN_POINT('',(0.0183137809806634,-0.00372324207350581,0.0393897637795276));
#9980=CARTESIAN_POINT('',(0.0183137809806634,-0.00372324207350581,0.0393897637795276));
#9981=CARTESIAN_POINT('',(0.0183137809806634,-0.00372324207350581,0.0393700787401575));
#9982=CARTESIAN_POINT('Ctrl Pts',(0.0159518254119232,-0.00656910884379921,
0.0393700787401575));
#9983=CARTESIAN_POINT('Ctrl Pts',(0.0159518254119232,-0.00656910884379921,
0.0393897637795276));
#9984=CARTESIAN_POINT('Ctrl Pts',(0.017432714266661,-0.00656910883067035,
0.0393700787401575));
#9985=CARTESIAN_POINT('Ctrl Pts',(0.017432714266661,-0.00656910883067035,
0.0393897637795276));
#9986=CARTESIAN_POINT('Ctrl Pts',(0.0183137809463537,-0.00602581993514766,
0.0393700787401575));
#9987=CARTESIAN_POINT('Ctrl Pts',(0.0183137809463537,-0.00602581993514766,
0.0393897637795276));
#9988=CARTESIAN_POINT('Ctrl Pts',(0.0183137809806634,-0.00372324207350581,
0.0393700787401575));
#9989=CARTESIAN_POINT('Ctrl Pts',(0.0183137809806634,-0.00372324207350581,
0.0393897637795276));
#9990=CARTESIAN_POINT('',(0.0159518254119232,-0.00656910884379921,0.0393700787401575));
#9991=CARTESIAN_POINT('Ctrl Pts',(0.0159518254119232,-0.00656910884379921,
0.0393700787401575));
#9992=CARTESIAN_POINT('Ctrl Pts',(0.017432714266661,-0.00656910883067035,
0.0393700787401575));
#9993=CARTESIAN_POINT('Ctrl Pts',(0.0183137809463537,-0.00602581993514766,
0.0393700787401575));
#9994=CARTESIAN_POINT('Ctrl Pts',(0.0183137809806634,-0.00372324207350581,
0.0393700787401575));
#9995=CARTESIAN_POINT('',(0.0159518254119232,-0.00656910884379921,0.0393897637795276));
#9996=CARTESIAN_POINT('Ctrl Pts',(0.0159518254119232,-0.00656910884379921,
0.0393897637795276));
#9997=CARTESIAN_POINT('Ctrl Pts',(0.017432714266661,-0.00656910883067035,
0.0393897637795276));
#9998=CARTESIAN_POINT('Ctrl Pts',(0.0183137809463537,-0.00602581993514766,
0.0393897637795276));
#9999=CARTESIAN_POINT('Ctrl Pts',(0.0183137809806634,-0.00372324207350581,
0.0393897637795276));
#10000=CARTESIAN_POINT('',(0.0159518254119232,-0.00656910884379921,0.0393700787401575));
#10001=CARTESIAN_POINT('Origin',(0.0133157365082913,-0.00656910884379921,
0.0393700787401575));
#10002=CARTESIAN_POINT('',(0.0133157365082913,-0.00656910884379921,0.0393700787401575));
#10003=CARTESIAN_POINT('',(0.0133157365082913,-0.00656910884379921,0.0393700787401575));
#10004=CARTESIAN_POINT('',(0.0133157365082913,-0.00656910884379921,0.0393897637795276));
#10005=CARTESIAN_POINT('',(0.0133157365082913,-0.00656910884379921,0.0393897637795276));
#10006=CARTESIAN_POINT('',(0.0133157365082913,-0.00656910884379921,0.0393700787401575));
#10007=CARTESIAN_POINT('Ctrl Pts',(0.0109537809395512,-0.00372324207350581,
0.0393700787401575));
#10008=CARTESIAN_POINT('Ctrl Pts',(0.0109537809395512,-0.00372324207350581,
0.0393897637795276));
#10009=CARTESIAN_POINT('Ctrl Pts',(0.010953780931457,-0.00602581997034342,
0.0393700787401575));
#10010=CARTESIAN_POINT('Ctrl Pts',(0.010953780931457,-0.00602581997034342,
0.0393897637795276));
#10011=CARTESIAN_POINT('Ctrl Pts',(0.0118348476111462,-0.00656910886586611,
0.0393700787401575));
#10012=CARTESIAN_POINT('Ctrl Pts',(0.0118348476111462,-0.00656910886586611,
0.0393897637795276));
#10013=CARTESIAN_POINT('Ctrl Pts',(0.0133157365082913,-0.00656910884379921,
0.0393700787401575));
#10014=CARTESIAN_POINT('Ctrl Pts',(0.0133157365082913,-0.00656910884379921,
0.0393897637795276));
#10015=CARTESIAN_POINT('',(0.0109537809395512,-0.00372324207350581,0.0393700787401575));
#10016=CARTESIAN_POINT('Ctrl Pts',(0.0109537809395512,-0.00372324207350581,
0.0393700787401575));
#10017=CARTESIAN_POINT('Ctrl Pts',(0.010953780931457,-0.00602581997034342,
0.0393700787401575));
#10018=CARTESIAN_POINT('Ctrl Pts',(0.0118348476111462,-0.00656910886586611,
0.0393700787401575));
#10019=CARTESIAN_POINT('Ctrl Pts',(0.0133157365082913,-0.00656910884379921,
0.0393700787401575));
#10020=CARTESIAN_POINT('',(0.0109537809395512,-0.00372324207350581,0.0393897637795276));
#10021=CARTESIAN_POINT('Ctrl Pts',(0.0109537809395512,-0.00372324207350581,
0.0393897637795276));
#10022=CARTESIAN_POINT('Ctrl Pts',(0.010953780931457,-0.00602581997034342,
0.0393897637795276));
#10023=CARTESIAN_POINT('Ctrl Pts',(0.0118348476111462,-0.00656910886586611,
0.0393897637795276));
#10024=CARTESIAN_POINT('Ctrl Pts',(0.0133157365082913,-0.00656910884379921,
0.0393897637795276));
#10025=CARTESIAN_POINT('',(0.0109537809395512,-0.00372324207350581,0.0393700787401575));
#10026=CARTESIAN_POINT('Origin',(0.0109537809395512,-0.00137764198808828,
0.0393700787401575));
#10027=CARTESIAN_POINT('',(0.0109537809395512,-0.00137764198808828,0.0393700787401575));
#10028=CARTESIAN_POINT('',(0.0109537809395512,-0.00137764198808828,0.0393700787401575));
#10029=CARTESIAN_POINT('',(0.0109537809395512,-0.00137764198808828,0.0393897637795276));
#10030=CARTESIAN_POINT('',(0.0109537809395512,-0.00137764198808828,0.0393897637795276));
#10031=CARTESIAN_POINT('',(0.0109537809395512,-0.00137764198808828,0.0393700787401575));
#10032=CARTESIAN_POINT('Ctrl Pts',(0.0133157365082913,0.0014678692266437,
0.0393700787401575));
#10033=CARTESIAN_POINT('Ctrl Pts',(0.0133157365082913,0.0014678692266437,
0.0393897637795276));
#10034=CARTESIAN_POINT('Ctrl Pts',(0.0118348391308583,0.0014678718524147,
0.0393700787401575));
#10035=CARTESIAN_POINT('Ctrl Pts',(0.0118348391308583,0.0014678718524147,
0.0393897637795276));
#10036=CARTESIAN_POINT('Ctrl Pts',(0.0109537740773364,0.000924935873529865,
0.0393700787401575));
#10037=CARTESIAN_POINT('Ctrl Pts',(0.0109537740773364,0.000924935873529865,
0.0393897637795276));
#10038=CARTESIAN_POINT('Ctrl Pts',(0.0109537809395512,-0.00137764198808828,
0.0393700787401575));
#10039=CARTESIAN_POINT('Ctrl Pts',(0.0109537809395512,-0.00137764198808828,
0.0393897637795276));
#10040=CARTESIAN_POINT('',(0.0133157365082913,0.0014678692266437,0.0393700787401575));
#10041=CARTESIAN_POINT('Ctrl Pts',(0.0133157365082913,0.0014678692266437,
0.0393700787401575));
#10042=CARTESIAN_POINT('Ctrl Pts',(0.0118348391308583,0.0014678718524147,
0.0393700787401575));
#10043=CARTESIAN_POINT('Ctrl Pts',(0.0109537740773364,0.000924935873529865,
0.0393700787401575));
#10044=CARTESIAN_POINT('Ctrl Pts',(0.0109537809395512,-0.00137764198808828,
0.0393700787401575));
#10045=CARTESIAN_POINT('',(0.0133157365082913,0.0014678692266437,0.0393897637795276));
#10046=CARTESIAN_POINT('Ctrl Pts',(0.0133157365082913,0.0014678692266437,
0.0393897637795276));
#10047=CARTESIAN_POINT('Ctrl Pts',(0.0118348391308583,0.0014678718524147,
0.0393897637795276));
#10048=CARTESIAN_POINT('Ctrl Pts',(0.0109537740773364,0.000924935873529865,
0.0393897637795276));
#10049=CARTESIAN_POINT('Ctrl Pts',(0.0109537809395512,-0.00137764198808828,
0.0393897637795276));
#10050=CARTESIAN_POINT('',(0.0133157365082913,0.0014678692266437,0.0393700787401575));
#10051=CARTESIAN_POINT('Origin',(0.0159518254119232,0.0014678692266437,
0.0393700787401575));
#10052=CARTESIAN_POINT('',(0.0159518254119232,0.0014678692266437,0.0393700787401575));
#10053=CARTESIAN_POINT('',(0.0159518254119232,0.0014678692266437,0.0393897637795276));
#10054=CARTESIAN_POINT('Origin',(0.0146337775451814,-0.0025506185067257,
0.0393897637795276));
#10055=CARTESIAN_POINT('Origin',(0.0146337775451814,-0.0025506185067257,
0.0393700787401575));
#10056=CARTESIAN_POINT('Origin',(0.00775545203280904,-0.0024854464728747,
0.0393700787401575));
#10057=CARTESIAN_POINT('',(0.00775545203280904,-0.0024854464728747,0.0393700787401575));
#10058=CARTESIAN_POINT('',(0.00474496312711022,-0.0024854464728747,0.0393700787401575));
#10059=CARTESIAN_POINT('',(0.00775545203280904,-0.0024854464728747,0.0393700787401575));
#10060=CARTESIAN_POINT('',(0.00474496312711022,-0.0024854464728747,0.0393897637795276));
#10061=CARTESIAN_POINT('',(0.00474496312711022,-0.0024854464728747,0.0393700787401575));
#10062=CARTESIAN_POINT('',(0.00775545203280904,-0.0024854464728747,0.0393897637795276));
#10063=CARTESIAN_POINT('',(0.00775545203280904,-0.0024854464728747,0.0393897637795276));
#10064=CARTESIAN_POINT('',(0.00775545203280904,-0.0024854464728747,0.0393700787401575));
#10065=CARTESIAN_POINT('Ctrl Pts',(0.00836274092508267,-0.00166020199837797,
0.0393700787401575));
#10066=CARTESIAN_POINT('Ctrl Pts',(0.00836274092508267,-0.00166020199837797,
0.0393897637795276));
#10067=CARTESIAN_POINT('Ctrl Pts',(0.00836274122777883,-0.00222446868559231,
0.0393700787401575));
#10068=CARTESIAN_POINT('Ctrl Pts',(0.00836274122777883,-0.00222446868559231,
0.0393897637795276));
#10069=CARTESIAN_POINT('Ctrl Pts',(0.00819989692243524,-0.00248544656023132,
0.0393700787401575));
#10070=CARTESIAN_POINT('Ctrl Pts',(0.00819989692243524,-0.00248544656023132,
0.0393897637795276));
#10071=CARTESIAN_POINT('Ctrl Pts',(0.00775545203280904,-0.0024854464728747,
0.0393700787401575));
#10072=CARTESIAN_POINT('Ctrl Pts',(0.00775545203280904,-0.0024854464728747,
0.0393897637795276));
#10073=CARTESIAN_POINT('',(0.00836274092508267,-0.00166020199837797,0.0393700787401575));
#10074=CARTESIAN_POINT('Ctrl Pts',(0.00836274092508267,-0.00166020199837797,
0.0393700787401575));
#10075=CARTESIAN_POINT('Ctrl Pts',(0.00836274122777883,-0.00222446868559231,
0.0393700787401575));
#10076=CARTESIAN_POINT('Ctrl Pts',(0.00819989692243524,-0.00248544656023132,
0.0393700787401575));
#10077=CARTESIAN_POINT('Ctrl Pts',(0.00775545203280904,-0.0024854464728747,
0.0393700787401575));
#10078=CARTESIAN_POINT('',(0.00836274092508267,-0.00166020199837797,0.0393897637795276));
#10079=CARTESIAN_POINT('Ctrl Pts',(0.00836274092508267,-0.00166020199837797,
0.0393897637795276));
#10080=CARTESIAN_POINT('Ctrl Pts',(0.00836274122777883,-0.00222446868559231,
0.0393897637795276));
#10081=CARTESIAN_POINT('Ctrl Pts',(0.00819989692243524,-0.00248544656023132,
0.0393897637795276));
#10082=CARTESIAN_POINT('Ctrl Pts',(0.00775545203280904,-0.0024854464728747,
0.0393897637795276));
#10083=CARTESIAN_POINT('',(0.00836274092508267,-0.00166020199837797,0.0393700787401575));
#10084=CARTESIAN_POINT('Origin',(0.00836274092508267,-0.00139922421109639,
0.0393700787401575));
#10085=CARTESIAN_POINT('',(0.00836274092508267,-0.00139922421109639,0.0393700787401575));
#10086=CARTESIAN_POINT('',(0.00836274092508267,-0.00139922421109639,0.0393700787401575));
#10087=CARTESIAN_POINT('',(0.00836274092508267,-0.00139922421109639,0.0393897637795276));
#10088=CARTESIAN_POINT('',(0.00836274092508267,-0.00139922421109639,0.0393897637795276));
#10089=CARTESIAN_POINT('',(0.00836274092508267,-0.00139922421109639,0.0393700787401575));
#10090=CARTESIAN_POINT('Ctrl Pts',(0.00760754092087991,-0.000573624181031102,
0.0393700787401575));
#10091=CARTESIAN_POINT('Ctrl Pts',(0.00760754092087991,-0.000573624181031102,
0.0393897637795276));
#10092=CARTESIAN_POINT('Ctrl Pts',(0.00812594092377223,-0.00057362376590115,
0.0393700787401575));
#10093=CARTESIAN_POINT('Ctrl Pts',(0.00812594092377223,-0.00057362376590115,
0.0393897637795276));
#10094=CARTESIAN_POINT('Ctrl Pts',(0.00836274102986113,-0.000704468025483311,
0.0393700787401575));
#10095=CARTESIAN_POINT('Ctrl Pts',(0.00836274102986113,-0.000704468025483311,
0.0393897637795276));
#10096=CARTESIAN_POINT('Ctrl Pts',(0.00836274092508267,-0.00139922421109639,
0.0393700787401575));
#10097=CARTESIAN_POINT('Ctrl Pts',(0.00836274092508267,-0.00139922421109639,
0.0393897637795276));
#10098=CARTESIAN_POINT('',(0.00760754092087991,-0.000573624181031102,0.0393700787401575));
#10099=CARTESIAN_POINT('Ctrl Pts',(0.00760754092087991,-0.000573624181031102,
0.0393700787401575));
#10100=CARTESIAN_POINT('Ctrl Pts',(0.00812594092377223,-0.00057362376590115,
0.0393700787401575));
#10101=CARTESIAN_POINT('Ctrl Pts',(0.00836274102986113,-0.000704468025483311,
0.0393700787401575));
#10102=CARTESIAN_POINT('Ctrl Pts',(0.00836274092508267,-0.00139922421109639,
0.0393700787401575));
#10103=CARTESIAN_POINT('',(0.00760754092087991,-0.000573624181031102,0.0393897637795276));
#10104=CARTESIAN_POINT('Ctrl Pts',(0.00760754092087991,-0.000573624181031102,
0.0393897637795276));
#10105=CARTESIAN_POINT('Ctrl Pts',(0.00812594092377223,-0.00057362376590115,
0.0393897637795276));
#10106=CARTESIAN_POINT('Ctrl Pts',(0.00836274102986113,-0.000704468025483311,
0.0393897637795276));
#10107=CARTESIAN_POINT('Ctrl Pts',(0.00836274092508267,-0.00139922421109639,
0.0393897637795276));
#10108=CARTESIAN_POINT('',(0.00760754092087991,-0.000573624181031102,0.0393700787401575));
#10109=CARTESIAN_POINT('Origin',(0.00474496312711022,-0.000573624181031102,
0.0393700787401575));
#10110=CARTESIAN_POINT('',(0.00474496312711022,-0.000573624181031102,0.0393700787401575));
#10111=CARTESIAN_POINT('',(0.00474496312711022,-0.000573624181031102,0.0393700787401575));
#10112=CARTESIAN_POINT('',(0.00474496312711022,-0.000573624181031102,0.0393897637795276));
#10113=CARTESIAN_POINT('',(0.00474496312711022,-0.000573624181031102,0.0393897637795276));
#10114=CARTESIAN_POINT('',(0.00474496312711022,-0.000573624181031102,0.0393700787401575));
#10115=CARTESIAN_POINT('Origin',(0.00474496312711022,-0.0024854464728747,
0.0393700787401575));
#10116=CARTESIAN_POINT('',(0.00474496312711022,-0.0024854464728747,0.0393700787401575));
#10117=CARTESIAN_POINT('',(0.00474496312711022,-0.0024854464728747,0.0393897637795276));
#10118=CARTESIAN_POINT('Origin',(0.00474496312711022,-0.00443993543293848,
0.0393700787401575));
#10119=CARTESIAN_POINT('',(0.00474496312711022,-0.00443993543293848,0.0393700787401575));
#10120=CARTESIAN_POINT('',(0.00762247425429526,-0.00443993543293848,0.0393700787401575));
#10121=CARTESIAN_POINT('',(0.00474496312711022,-0.00443993543293848,0.0393700787401575));
#10122=CARTESIAN_POINT('',(0.00762247425429526,-0.00443993543293848,0.0393897637795276));
#10123=CARTESIAN_POINT('',(0.00762247425429526,-0.00443993543293848,0.0393700787401575));
#10124=CARTESIAN_POINT('',(0.00474496312711022,-0.00443993543293848,0.0393897637795276));
#10125=CARTESIAN_POINT('',(0.00474496312711022,-0.00443993543293848,0.0393897637795276));
#10126=CARTESIAN_POINT('',(0.00474496312711022,-0.00443993543293848,0.0393700787401575));
#10127=CARTESIAN_POINT('Origin',(0.00474496312711022,-0.00648189106284449,
0.0393700787401575));
#10128=CARTESIAN_POINT('',(0.00474496312711022,-0.00648189106284449,0.0393700787401575));
#10129=CARTESIAN_POINT('',(0.00474496312711022,-0.00648189106284449,0.0393700787401575));
#10130=CARTESIAN_POINT('',(0.00474496312711022,-0.00648189106284449,0.0393897637795276));
#10131=CARTESIAN_POINT('',(0.00474496312711022,-0.00648189106284449,0.0393897637795276));
#10132=CARTESIAN_POINT('',(0.00474496312711022,-0.00648189106284449,0.0393700787401575));
#10133=CARTESIAN_POINT('Origin',(0.0031008742290492,-0.00648189106284449,
0.0393700787401575));
#10134=CARTESIAN_POINT('',(0.0031008742290492,-0.00648189106284449,0.0393700787401575));
#10135=CARTESIAN_POINT('',(0.0031008742290492,-0.00648189106284449,0.0393700787401575));
#10136=CARTESIAN_POINT('',(0.0031008742290492,-0.00648189106284449,0.0393897637795276));
#10137=CARTESIAN_POINT('',(0.0031008742290492,-0.00648189106284449,0.0393897637795276));
#10138=CARTESIAN_POINT('',(0.0031008742290492,-0.00648189106284449,0.0393700787401575));
#10139=CARTESIAN_POINT('Origin',(0.0031008742290492,0.00138122033459646,
0.0393700787401575));
#10140=CARTESIAN_POINT('',(0.0031008742290492,0.00138122033459646,0.0393700787401575));
#10141=CARTESIAN_POINT('',(0.0031008742290492,0.00138122033459646,0.0393700787401575));
#10142=CARTESIAN_POINT('',(0.0031008742290492,0.00138122033459646,0.0393897637795276));
#10143=CARTESIAN_POINT('',(0.0031008742290492,0.00138122033459646,0.0393897637795276));
#10144=CARTESIAN_POINT('',(0.0031008742290492,0.00138122033459646,0.0393700787401575));
#10145=CARTESIAN_POINT('Origin',(0.00835562981393109,0.00138122033459646,
0.0393700787401575));
#10146=CARTESIAN_POINT('',(0.00835562981393109,0.00138122033459646,0.0393700787401575));
#10147=CARTESIAN_POINT('',(0.00835562981393109,0.00138122033459646,0.0393700787401575));
#10148=CARTESIAN_POINT('',(0.00835562981393109,0.00138122033459646,0.0393897637795276));
#10149=CARTESIAN_POINT('',(0.00835562981393109,0.00138122033459646,0.0393897637795276));
#10150=CARTESIAN_POINT('',(0.00835562981393109,0.00138122033459646,0.0393700787401575));
#10151=CARTESIAN_POINT('Ctrl Pts',(0.00996202982289762,-0.000954068639330018,
0.0393700787401575));
#10152=CARTESIAN_POINT('Ctrl Pts',(0.00996202982289762,-0.000954068639330018,
0.0393897637795276));
#10153=CARTESIAN_POINT('Ctrl Pts',(0.00996202870782434,0.000457842523197121,
0.0393700787401575));
#10154=CARTESIAN_POINT('Ctrl Pts',(0.00996202870782434,0.000457842523197121,
0.0393897637795276));
#10155=CARTESIAN_POINT('Ctrl Pts',(0.00962176131001553,0.00138122006586617,
0.0393700787401575));
#10156=CARTESIAN_POINT('Ctrl Pts',(0.00962176131001553,0.00138122006586617,
0.0393897637795276));
#10157=CARTESIAN_POINT('Ctrl Pts',(0.00835562981393109,0.00138122033459646,
0.0393700787401575));
#10158=CARTESIAN_POINT('Ctrl Pts',(0.00835562981393109,0.00138122033459646,
0.0393897637795276));
#10159=CARTESIAN_POINT('',(0.00996202982289762,-0.000954068639330018,0.0393700787401575));
#10160=CARTESIAN_POINT('Ctrl Pts',(0.00996202982289762,-0.000954068639330018,
0.0393700787401575));
#10161=CARTESIAN_POINT('Ctrl Pts',(0.00996202870782434,0.000457842523197121,
0.0393700787401575));
#10162=CARTESIAN_POINT('Ctrl Pts',(0.00962176131001553,0.00138122006586617,
0.0393700787401575));
#10163=CARTESIAN_POINT('Ctrl Pts',(0.00835562981393109,0.00138122033459646,
0.0393700787401575));
#10164=CARTESIAN_POINT('',(0.00996202982289762,-0.000954068639330018,0.0393897637795276));
#10165=CARTESIAN_POINT('Ctrl Pts',(0.00996202982289762,-0.000954068639330018,
0.0393897637795276));
#10166=CARTESIAN_POINT('Ctrl Pts',(0.00996202870782434,0.000457842523197121,
0.0393897637795276));
#10167=CARTESIAN_POINT('Ctrl Pts',(0.00962176131001553,0.00138122006586617,
0.0393897637795276));
#10168=CARTESIAN_POINT('Ctrl Pts',(0.00835562981393109,0.00138122033459646,
0.0393897637795276));
#10169=CARTESIAN_POINT('',(0.00996202982289762,-0.000954068639330018,0.0393700787401575));
#10170=CARTESIAN_POINT('Origin',(0.00996202982289762,-0.0014536242130774,
0.0393700787401575));
#10171=CARTESIAN_POINT('',(0.00996202982289762,-0.0014536242130774,0.0393700787401575));
#10172=CARTESIAN_POINT('',(0.00996202982289762,-0.0014536242130774,0.0393700787401575));
#10173=CARTESIAN_POINT('',(0.00996202982289762,-0.0014536242130774,0.0393897637795276));
#10174=CARTESIAN_POINT('',(0.00996202982289762,-0.0014536242130774,0.0393897637795276));
#10175=CARTESIAN_POINT('',(0.00996202982289762,-0.0014536242130774,0.0393700787401575));
#10176=CARTESIAN_POINT('Ctrl Pts',(0.00904398537335038,-0.00338677983903101,
0.0393700787401575));
#10177=CARTESIAN_POINT('Ctrl Pts',(0.00904398537335038,-0.00338677983903101,
0.0393897637795276));
#10178=CARTESIAN_POINT('Ctrl Pts',(0.00979954066479262,-0.00312580127490208,
0.0393700787401575));
#10179=CARTESIAN_POINT('Ctrl Pts',(0.00979954066479262,-0.00312580127490208,
0.0393897637795276));
#10180=CARTESIAN_POINT('Ctrl Pts',(0.00996202891809878,-0.00250677886307014,
0.0393700787401575));
#10181=CARTESIAN_POINT('Ctrl Pts',(0.00996202891809878,-0.00250677886307014,
0.0393897637795276));
#10182=CARTESIAN_POINT('Ctrl Pts',(0.00996202982289762,-0.0014536242130774,
0.0393700787401575));
#10183=CARTESIAN_POINT('Ctrl Pts',(0.00996202982289762,-0.0014536242130774,
0.0393897637795276));
#10184=CARTESIAN_POINT('',(0.00904398537335038,-0.00338677983903101,0.0393700787401575));
#10185=CARTESIAN_POINT('Ctrl Pts',(0.00904398537335038,-0.00338677983903101,
0.0393700787401575));
#10186=CARTESIAN_POINT('Ctrl Pts',(0.00979954066479262,-0.00312580127490208,
0.0393700787401575));
#10187=CARTESIAN_POINT('Ctrl Pts',(0.00996202891809878,-0.00250677886307014,
0.0393700787401575));
#10188=CARTESIAN_POINT('Ctrl Pts',(0.00996202982289762,-0.0014536242130774,
0.0393700787401575));
#10189=CARTESIAN_POINT('',(0.00904398537335038,-0.00338677983903101,0.0393897637795276));
#10190=CARTESIAN_POINT('Ctrl Pts',(0.00904398537335038,-0.00338677983903101,
0.0393897637795276));
#10191=CARTESIAN_POINT('Ctrl Pts',(0.00979954066479262,-0.00312580127490208,
0.0393897637795276));
#10192=CARTESIAN_POINT('Ctrl Pts',(0.00996202891809878,-0.00250677886307014,
0.0393897637795276));
#10193=CARTESIAN_POINT('Ctrl Pts',(0.00996202982289762,-0.0014536242130774,
0.0393897637795276));
#10194=CARTESIAN_POINT('',(0.00904398537335038,-0.00338677983903101,0.0393700787401575));
#10195=CARTESIAN_POINT('Origin',(0.00904398537335038,-0.00340811317314124,
0.0393700787401575));
#10196=CARTESIAN_POINT('',(0.00904398537335038,-0.00340811317314124,0.0393700787401575));
#10197=CARTESIAN_POINT('',(0.00904398537335038,-0.00340811317314124,0.0393700787401575));
#10198=CARTESIAN_POINT('',(0.00904398537335038,-0.00340811317314124,0.0393897637795276));
#10199=CARTESIAN_POINT('',(0.00904398537335038,-0.00340811317314124,0.0393897637795276));
#10200=CARTESIAN_POINT('',(0.00904398537335038,-0.00340811317314124,0.0393700787401575));
#10201=CARTESIAN_POINT('Ctrl Pts',(0.00994034093390156,-0.00514642434755905,
0.0393700787401575));
#10202=CARTESIAN_POINT('Ctrl Pts',(0.00994034093390156,-0.00514642434755905,
0.0393897637795276));
#10203=CARTESIAN_POINT('Ctrl Pts',(0.00994034093390097,-0.00385397985604494,
0.0393700787401575));
#10204=CARTESIAN_POINT('Ctrl Pts',(0.00994034093390097,-0.00385397985604494,
0.0393897637795276));
#10205=CARTESIAN_POINT('Ctrl Pts',(0.00953287426495273,-0.00353895762235024,
0.0393700787401575));
#10206=CARTESIAN_POINT('Ctrl Pts',(0.00953287426495273,-0.00353895762235024,
0.0393897637795276));
#10207=CARTESIAN_POINT('Ctrl Pts',(0.00904398537335038,-0.00340811317314124,
0.0393700787401575));
#10208=CARTESIAN_POINT('Ctrl Pts',(0.00904398537335038,-0.00340811317314124,
0.0393897637795276));
#10209=CARTESIAN_POINT('',(0.00994034093390156,-0.00514642434755905,0.0393700787401575));
#10210=CARTESIAN_POINT('Ctrl Pts',(0.00994034093390156,-0.00514642434755905,
0.0393700787401575));
#10211=CARTESIAN_POINT('Ctrl Pts',(0.00994034093390097,-0.00385397985604494,
0.0393700787401575));
#10212=CARTESIAN_POINT('Ctrl Pts',(0.00953287426495273,-0.00353895762235024,
0.0393700787401575));
#10213=CARTESIAN_POINT('Ctrl Pts',(0.00904398537335038,-0.00340811317314124,
0.0393700787401575));
#10214=CARTESIAN_POINT('',(0.00994034093390156,-0.00514642434755905,0.0393897637795276));
#10215=CARTESIAN_POINT('Ctrl Pts',(0.00994034093390156,-0.00514642434755905,
0.0393897637795276));
#10216=CARTESIAN_POINT('Ctrl Pts',(0.00994034093390097,-0.00385397985604494,
0.0393897637795276));
#10217=CARTESIAN_POINT('Ctrl Pts',(0.00953287426495273,-0.00353895762235024,
0.0393897637795276));
#10218=CARTESIAN_POINT('Ctrl Pts',(0.00904398537335038,-0.00340811317314124,
0.0393897637795276));
#10219=CARTESIAN_POINT('',(0.00994034093390156,-0.00514642434755905,0.0393700787401575));
#10220=CARTESIAN_POINT('Origin',(0.00994034093390156,-0.00648189106284449,
0.0393700787401575));
#10221=CARTESIAN_POINT('',(0.00994034093390156,-0.00648189106284449,0.0393700787401575));
#10222=CARTESIAN_POINT('',(0.00994034093390156,-0.00648189106284449,0.0393700787401575));
#10223=CARTESIAN_POINT('',(0.00994034093390156,-0.00648189106284449,0.0393897637795276));
#10224=CARTESIAN_POINT('',(0.00994034093390156,-0.00648189106284449,0.0393897637795276));
#10225=CARTESIAN_POINT('',(0.00994034093390156,-0.00648189106284449,0.0393700787401575));
#10226=CARTESIAN_POINT('Origin',(0.00829589648026967,-0.00648189106284449,
0.0393700787401575));
#10227=CARTESIAN_POINT('',(0.00829589648026967,-0.00648189106284449,0.0393700787401575));
#10228=CARTESIAN_POINT('',(0.00829589648026967,-0.00648189106284449,0.0393700787401575));
#10229=CARTESIAN_POINT('',(0.00829589648026967,-0.00648189106284449,0.0393897637795276));
#10230=CARTESIAN_POINT('',(0.00829589648026967,-0.00648189106284449,0.0393897637795276));
#10231=CARTESIAN_POINT('',(0.00829589648026967,-0.00648189106284449,0.0393700787401575));
#10232=CARTESIAN_POINT('Origin',(0.00829589648026967,-0.00553717991734252,
0.0393700787401575));
#10233=CARTESIAN_POINT('',(0.00829589648026967,-0.00553717991734252,0.0393700787401575));
#10234=CARTESIAN_POINT('',(0.00829589648026967,-0.00553717991734252,0.0393700787401575));
#10235=CARTESIAN_POINT('',(0.00829589648026967,-0.00553717991734252,0.0393897637795276));
#10236=CARTESIAN_POINT('',(0.00829589648026967,-0.00553717991734252,0.0393897637795276));
#10237=CARTESIAN_POINT('',(0.00829589648026967,-0.00553717991734252,0.0393700787401575));
#10238=CARTESIAN_POINT('Ctrl Pts',(0.00762247425429526,-0.00443993543293848,
0.0393700787401575));
#10239=CARTESIAN_POINT('Ctrl Pts',(0.00762247425429526,-0.00443993543293848,
0.0393897637795276));
#10240=CARTESIAN_POINT('Ctrl Pts',(0.00813340759046833,-0.00443993541009818,
0.0393700787401575));
#10241=CARTESIAN_POINT('Ctrl Pts',(0.00813340759046833,-0.00443993541009818,
0.0393897637795276));
#10242=CARTESIAN_POINT('Ctrl Pts',(0.00829589649242926,-0.00471193541275054,
0.0393700787401575));
#10243=CARTESIAN_POINT('Ctrl Pts',(0.00829589649242926,-0.00471193541275054,
0.0393897637795276));
#10244=CARTESIAN_POINT('Ctrl Pts',(0.00829589648026967,-0.00553717991734252,
0.0393700787401575));
#10245=CARTESIAN_POINT('Ctrl Pts',(0.00829589648026967,-0.00553717991734252,
0.0393897637795276));
#10246=CARTESIAN_POINT('Ctrl Pts',(0.00762247425429526,-0.00443993543293848,
0.0393700787401575));
#10247=CARTESIAN_POINT('Ctrl Pts',(0.00813340759046833,-0.00443993541009818,
0.0393700787401575));
#10248=CARTESIAN_POINT('Ctrl Pts',(0.00829589649242926,-0.00471193541275054,
0.0393700787401575));
#10249=CARTESIAN_POINT('Ctrl Pts',(0.00829589648026967,-0.00553717991734252,
0.0393700787401575));
#10250=CARTESIAN_POINT('Ctrl Pts',(0.00762247425429526,-0.00443993543293848,
0.0393897637795276));
#10251=CARTESIAN_POINT('Ctrl Pts',(0.00813340759046833,-0.00443993541009818,
0.0393897637795276));
#10252=CARTESIAN_POINT('Ctrl Pts',(0.00829589649242926,-0.00471193541275054,
0.0393897637795276));
#10253=CARTESIAN_POINT('Ctrl Pts',(0.00829589648026967,-0.00553717991734252,
0.0393897637795276));
#10254=CARTESIAN_POINT('Origin',(0.00653145202597341,-0.00255033536412402,
0.0393897637795276));
#10255=CARTESIAN_POINT('Origin',(0.00653145202597341,-0.00255033536412402,
0.0393700787401575));
#10256=CARTESIAN_POINT('',(0.,0.,0.));
#10257=CARTESIAN_POINT('',(0.,0.,0.));
#10258=CARTESIAN_POINT('',(0.,0.,0.));
#10259=CARTESIAN_POINT('',(0.,0.,0.));
#10260=CARTESIAN_POINT('',(0.,0.,0.));
#10261=UNCERTAINTY_MEASURE_WITH_UNIT(LENGTH_MEASURE(0.000393700787401575),
#10276,'DISTANCE_ACCURACY_VALUE',
'Maximum model space distance between geometric entities at asserted c
onnectivities');
#10262=UNCERTAINTY_MEASURE_WITH_UNIT(LENGTH_MEASURE(0.000393700787401575),
#10276,'DISTANCE_ACCURACY_VALUE',
'Maximum model space distance between geometric entities at asserted c
onnectivities');
#10263=UNCERTAINTY_MEASURE_WITH_UNIT(LENGTH_MEASURE(0.000393700787401575),
#10276,'DISTANCE_ACCURACY_VALUE',
'Maximum model space distance between geometric entities at asserted c
onnectivities');
#10264=UNCERTAINTY_MEASURE_WITH_UNIT(LENGTH_MEASURE(0.000393700787401575),
#10276,'DISTANCE_ACCURACY_VALUE',
'Maximum model space distance between geometric entities at asserted c
onnectivities');
#10265=UNCERTAINTY_MEASURE_WITH_UNIT(LENGTH_MEASURE(0.000393700787401575),
#10276,'DISTANCE_ACCURACY_VALUE',
'Maximum model space distance between geometric entities at asserted c
onnectivities');
#10266=UNCERTAINTY_MEASURE_WITH_UNIT(LENGTH_MEASURE(0.000393700787401575),
#10276,'DISTANCE_ACCURACY_VALUE',
'Maximum model space distance between geometric entities at asserted c
onnectivities');
#10267=UNCERTAINTY_MEASURE_WITH_UNIT(LENGTH_MEASURE(0.000393700787401575),
#10276,'DISTANCE_ACCURACY_VALUE',
'Maximum model space distance between geometric entities at asserted c
onnectivities');
#10268=(
GEOMETRIC_REPRESENTATION_CONTEXT(3)
GLOBAL_UNCERTAINTY_ASSIGNED_CONTEXT((#10261))
GLOBAL_UNIT_ASSIGNED_CONTEXT((#10276,#10280,#10281))
REPRESENTATION_CONTEXT('','3D')
);
#10269=(
GEOMETRIC_REPRESENTATION_CONTEXT(3)
GLOBAL_UNCERTAINTY_ASSIGNED_CONTEXT((#10262))
GLOBAL_UNIT_ASSIGNED_CONTEXT((#10276,#10280,#10281))
REPRESENTATION_CONTEXT('','3D')
);
#10270=(
GEOMETRIC_REPRESENTATION_CONTEXT(3)
GLOBAL_UNCERTAINTY_ASSIGNED_CONTEXT((#10263))
GLOBAL_UNIT_ASSIGNED_CONTEXT((#10276,#10280,#10281))
REPRESENTATION_CONTEXT('','3D')
);
#10271=(
GEOMETRIC_REPRESENTATION_CONTEXT(3)
GLOBAL_UNCERTAINTY_ASSIGNED_CONTEXT((#10264))
GLOBAL_UNIT_ASSIGNED_CONTEXT((#10276,#10280,#10281))
REPRESENTATION_CONTEXT('','3D')
);
#10272=(
GEOMETRIC_REPRESENTATION_CONTEXT(3)
GLOBAL_UNCERTAINTY_ASSIGNED_CONTEXT((#10265))
GLOBAL_UNIT_ASSIGNED_CONTEXT((#10276,#10280,#10281))
REPRESENTATION_CONTEXT('','3D')
);
#10273=(
GEOMETRIC_REPRESENTATION_CONTEXT(3)
GLOBAL_UNCERTAINTY_ASSIGNED_CONTEXT((#10266))
GLOBAL_UNIT_ASSIGNED_CONTEXT((#10276,#10280,#10281))
REPRESENTATION_CONTEXT('','3D')
);
#10274=(
GEOMETRIC_REPRESENTATION_CONTEXT(3)
GLOBAL_UNCERTAINTY_ASSIGNED_CONTEXT((#10267))
GLOBAL_UNIT_ASSIGNED_CONTEXT((#10276,#10280,#10281))
REPRESENTATION_CONTEXT('','3D')
);
#10275=DIMENSIONAL_EXPONENTS(1.,0.,0.,0.,0.,0.,0.);
#10276=(
CONVERSION_BASED_UNIT('inch',#10279)
LENGTH_UNIT()
NAMED_UNIT(#10275)
);
#10277=(
LENGTH_UNIT()
NAMED_UNIT(*)
SI_UNIT(.MILLI.,.METRE.)
);
#10278=(
LENGTH_UNIT()
NAMED_UNIT(*)
SI_UNIT(.CENTI.,.METRE.)
);
#10279=LENGTH_MEASURE_WITH_UNIT(LENGTH_MEASURE(25.4),#10277);
#10280=(
NAMED_UNIT(*)
PLANE_ANGLE_UNIT()
SI_UNIT($,.RADIAN.)
);
#10281=(
NAMED_UNIT(*)
SI_UNIT($,.STERADIAN.)
SOLID_ANGLE_UNIT()
);
#10282=SHAPE_DEFINITION_REPRESENTATION(#10288,#10299);
#10283=SHAPE_DEFINITION_REPRESENTATION(#10289,#10300);
#10284=SHAPE_DEFINITION_REPRESENTATION(#10290,#10301);
#10285=SHAPE_DEFINITION_REPRESENTATION(#10291,#10302);
#10286=SHAPE_DEFINITION_REPRESENTATION(#10292,#10303);
#10287=SHAPE_DEFINITION_REPRESENTATION(#10293,#10304);
#10288=PRODUCT_DEFINITION_SHAPE('',$,#10306);
#10289=PRODUCT_DEFINITION_SHAPE('',$,#10307);
#10290=PRODUCT_DEFINITION_SHAPE('',$,#10308);
#10291=PRODUCT_DEFINITION_SHAPE('',$,#10309);
#10292=PRODUCT_DEFINITION_SHAPE('',$,#10310);
#10293=PRODUCT_DEFINITION_SHAPE('',$,#10311);
#10294=PRODUCT_DEFINITION_SHAPE($,$,#26);
#10295=PRODUCT_DEFINITION_SHAPE($,$,#27);
#10296=PRODUCT_DEFINITION_SHAPE($,$,#28);
#10297=PRODUCT_DEFINITION_SHAPE($,$,#29);
#10298=PRODUCT_DEFINITION_SHAPE($,$,#30);
#10299=SHAPE_REPRESENTATION('',(#6191,#6567,#6568,#6569,#6570,#6571),#10268);
#10300=SHAPE_REPRESENTATION('',(#6192),#10269);
#10301=SHAPE_REPRESENTATION('',(#6265),#10270);
#10302=SHAPE_REPRESENTATION('',(#6441),#10271);
#10303=SHAPE_REPRESENTATION('',(#6449),#10272);
#10304=SHAPE_REPRESENTATION('',(#6465),#10273);
#10305=PRODUCT_DEFINITION_CONTEXT('part definition',#10325,'design');
#10306=PRODUCT_DEFINITION('14-VDFN (4.5x3)','14-VDFN (4.5x3)',#10312,#10305);
#10307=PRODUCT_DEFINITION('Body','Body',#10313,#10305);
#10308=PRODUCT_DEFINITION('Pads','Pads',#10314,#10305);
#10309=PRODUCT_DEFINITION('Pin 1','Pin 1',#10315,#10305);
#10310=PRODUCT_DEFINITION('M logo','M logo',#10316,#10305);
#10311=PRODUCT_DEFINITION('Microchip','Microchip',#10317,#10305);
#10312=PRODUCT_DEFINITION_FORMATION('',$,#10327);
#10313=PRODUCT_DEFINITION_FORMATION('',$,#10328);
#10314=PRODUCT_DEFINITION_FORMATION('',$,#10329);
#10315=PRODUCT_DEFINITION_FORMATION('',$,#10330);
#10316=PRODUCT_DEFINITION_FORMATION('',$,#10331);
#10317=PRODUCT_DEFINITION_FORMATION('',$,#10332);
#10318=PRODUCT_RELATED_PRODUCT_CATEGORY('14-VDFN (4.5x3)',
'14-VDFN (4.5x3)',(#10327));
#10319=PRODUCT_RELATED_PRODUCT_CATEGORY('Body','Body',(#10328));
#10320=PRODUCT_RELATED_PRODUCT_CATEGORY('Pads','Pads',(#10329));
#10321=PRODUCT_RELATED_PRODUCT_CATEGORY('Pin 1','Pin 1',(#10330));
#10322=PRODUCT_RELATED_PRODUCT_CATEGORY('M logo','M logo',(#10331));
#10323=PRODUCT_RELATED_PRODUCT_CATEGORY('Microchip','Microchip',(#10332));
#10324=APPLICATION_PROTOCOL_DEFINITION('international standard',
'automotive_design',2009,#10325);
#10325=APPLICATION_CONTEXT(
'Core Data for Automotive Mechanical Design Process');
#10326=PRODUCT_CONTEXT('part definition',#10325,'mechanical');
#10327=PRODUCT('14-VDFN (4.5x3)','14-VDFN (4.5x3)',$,(#10326));
#10328=PRODUCT('Body','Body',$,(#10326));
#10329=PRODUCT('Pads','Pads',$,(#10326));
#10330=PRODUCT('Pin 1','Pin 1',$,(#10326));
#10331=PRODUCT('M logo','M logo',$,(#10326));
#10332=PRODUCT('Microchip','Microchip',$,(#10326));
ENDSEC;
END-ISO-10303-21;
