ISO-10303-21;
HEADER;
/* Generated by software containing ST-Developer
 * from STEP Tools, Inc. (www.steptools.com) 
 */

FILE_DESCRIPTION(
/* description */ (''),
/* implementation_level */ '2;1');

FILE_NAME(
/* name */ 
'C:\\Users\\k\\Desktop\\Panasonic Res 1.6 x 0.8 0.55 x 0.33\\1.stp',
/* time_stamp */ '2020-02-05T06:25:51+02:00',
/* author */ ('k'),
/* organization */ (''),
/* preprocessor_version */ 'ST-DEVELOPER v15.6',
/* originating_system */ 'Autodesk Inventor 2015',
/* authorisation */ '');

FILE_SCHEMA (('AUTOMOTIVE_DESIGN { 1 0 10303 214 3 1 1 }'));
ENDSEC;

DATA;
#10=MECHANICAL_DESIGN_GEOMETRIC_PRESENTATION_REPRESENTATION('',(#419,#424,
#423,#418,#420,#425,#417,#416,#421,#422,#413,#412,#415,#414),#8526);
#11=ITEM_DEFINED_TRANSFORMATION($,$,#4631,#4797);
#12=ITEM_DEFINED_TRANSFORMATION($,$,#4650,#4798);
#13=ITEM_DEFINED_TRANSFORMATION($,$,#4657,#4799);
#14=ITEM_DEFINED_TRANSFORMATION($,$,#4724,#4800);
#15=(
REPRESENTATION_RELATIONSHIP($,$,#8547,#8551)
REPRESENTATION_RELATIONSHIP_WITH_TRANSFORMATION(#11)
SHAPE_REPRESENTATION_RELATIONSHIP()
);
#16=(
REPRESENTATION_RELATIONSHIP($,$,#8548,#8551)
REPRESENTATION_RELATIONSHIP_WITH_TRANSFORMATION(#12)
SHAPE_REPRESENTATION_RELATIONSHIP()
);
#17=(
REPRESENTATION_RELATIONSHIP($,$,#8549,#8551)
REPRESENTATION_RELATIONSHIP_WITH_TRANSFORMATION(#13)
SHAPE_REPRESENTATION_RELATIONSHIP()
);
#18=(
REPRESENTATION_RELATIONSHIP($,$,#8550,#8551)
REPRESENTATION_RELATIONSHIP_WITH_TRANSFORMATION(#14)
SHAPE_REPRESENTATION_RELATIONSHIP()
);
#19=CONTEXT_DEPENDENT_SHAPE_REPRESENTATION(#15,#8543);
#20=CONTEXT_DEPENDENT_SHAPE_REPRESENTATION(#16,#8544);
#21=CONTEXT_DEPENDENT_SHAPE_REPRESENTATION(#17,#8545);
#22=CONTEXT_DEPENDENT_SHAPE_REPRESENTATION(#18,#8546);
#23=NEXT_ASSEMBLY_USAGE_OCCURRENCE('1:1',$,$,#8557,#8553,$);
#24=NEXT_ASSEMBLY_USAGE_OCCURRENCE('2:1',$,$,#8557,#8554,$);
#25=NEXT_ASSEMBLY_USAGE_OCCURRENCE('3:1',$,$,#8557,#8555,$);
#26=NEXT_ASSEMBLY_USAGE_OCCURRENCE('Panasonic Logo:1',$,$,#8557,#8556,$);
#27=FACE_BOUND('',#879,.T.);
#28=FACE_BOUND('',#881,.T.);
#29=FACE_BOUND('',#912,.T.);
#30=FACE_BOUND('',#914,.T.);
#31=FACE_BOUND('',#1042,.T.);
#32=FACE_BOUND('',#1044,.T.);
#33=FACE_BOUND('',#1062,.T.);
#34=FACE_BOUND('',#1064,.T.);
#35=B_SPLINE_CURVE_WITH_KNOTS('',3,(#5857,#5858,#5859,#5860),
 .UNSPECIFIED.,.F.,.F.,(4,4),(-1.,0.),.UNSPECIFIED.);
#36=B_SPLINE_CURVE_WITH_KNOTS('',3,(#5864,#5865,#5866,#5867),
 .UNSPECIFIED.,.F.,.F.,(4,4),(0.,1.),.UNSPECIFIED.);
#37=B_SPLINE_CURVE_WITH_KNOTS('',3,(#5878,#5879,#5880,#5881),
 .UNSPECIFIED.,.F.,.F.,(4,4),(-1.,0.),.UNSPECIFIED.);
#38=B_SPLINE_CURVE_WITH_KNOTS('',3,(#5884,#5885,#5886,#5887),
 .UNSPECIFIED.,.F.,.F.,(4,4),(0.,1.),.UNSPECIFIED.);
#39=B_SPLINE_CURVE_WITH_KNOTS('',3,(#5897,#5898,#5899,#5900),
 .UNSPECIFIED.,.F.,.F.,(4,4),(-1.,0.),.UNSPECIFIED.);
#40=B_SPLINE_CURVE_WITH_KNOTS('',3,(#5903,#5904,#5905,#5906),
 .UNSPECIFIED.,.F.,.F.,(4,4),(0.,1.),.UNSPECIFIED.);
#41=B_SPLINE_CURVE_WITH_KNOTS('',3,(#5916,#5917,#5918,#5919),
 .UNSPECIFIED.,.F.,.F.,(4,4),(-1.,0.),.UNSPECIFIED.);
#42=B_SPLINE_CURVE_WITH_KNOTS('',3,(#5922,#5923,#5924,#5925),
 .UNSPECIFIED.,.F.,.F.,(4,4),(0.,1.),.UNSPECIFIED.);
#43=B_SPLINE_CURVE_WITH_KNOTS('',3,(#5935,#5936,#5937,#5938),
 .UNSPECIFIED.,.F.,.F.,(4,4),(-1.,0.),.UNSPECIFIED.);
#44=B_SPLINE_CURVE_WITH_KNOTS('',3,(#5941,#5942,#5943,#5944),
 .UNSPECIFIED.,.F.,.F.,(4,4),(0.,1.),.UNSPECIFIED.);
#45=B_SPLINE_CURVE_WITH_KNOTS('',3,(#5954,#5955,#5956,#5957),
 .UNSPECIFIED.,.F.,.F.,(4,4),(-1.,0.),.UNSPECIFIED.);
#46=B_SPLINE_CURVE_WITH_KNOTS('',3,(#5960,#5961,#5962,#5963),
 .UNSPECIFIED.,.F.,.F.,(4,4),(0.,1.),.UNSPECIFIED.);
#47=B_SPLINE_CURVE_WITH_KNOTS('',3,(#5972,#5973,#5974,#5975),
 .UNSPECIFIED.,.F.,.F.,(4,4),(-1.,0.),.UNSPECIFIED.);
#48=B_SPLINE_CURVE_WITH_KNOTS('',3,(#5976,#5977,#5978,#5979),
 .UNSPECIFIED.,.F.,.F.,(4,4),(0.,1.),.UNSPECIFIED.);
#49=B_SPLINE_CURVE_WITH_KNOTS('',3,(#5990,#5991,#5992,#5993),
 .UNSPECIFIED.,.F.,.F.,(4,4),(0.,1.),.UNSPECIFIED.);
#50=B_SPLINE_CURVE_WITH_KNOTS('',3,(#5997,#5998,#5999,#6000),
 .UNSPECIFIED.,.F.,.F.,(4,4),(-1.,0.),.UNSPECIFIED.);
#51=B_SPLINE_CURVE_WITH_KNOTS('',3,(#6011,#6012,#6013,#6014),
 .UNSPECIFIED.,.F.,.F.,(4,4),(0.,1.),.UNSPECIFIED.);
#52=B_SPLINE_CURVE_WITH_KNOTS('',3,(#6016,#6017,#6018,#6019),
 .UNSPECIFIED.,.F.,.F.,(4,4),(-1.,0.),.UNSPECIFIED.);
#53=B_SPLINE_CURVE_WITH_KNOTS('',3,(#6030,#6031,#6032,#6033),
 .UNSPECIFIED.,.F.,.F.,(4,4),(0.,1.),.UNSPECIFIED.);
#54=B_SPLINE_CURVE_WITH_KNOTS('',3,(#6035,#6036,#6037,#6038),
 .UNSPECIFIED.,.F.,.F.,(4,4),(-1.,0.),.UNSPECIFIED.);
#55=B_SPLINE_CURVE_WITH_KNOTS('',3,(#6049,#6050,#6051,#6052),
 .UNSPECIFIED.,.F.,.F.,(4,4),(0.,1.),.UNSPECIFIED.);
#56=B_SPLINE_CURVE_WITH_KNOTS('',3,(#6054,#6055,#6056,#6057),
 .UNSPECIFIED.,.F.,.F.,(4,4),(-1.,0.),.UNSPECIFIED.);
#57=B_SPLINE_CURVE_WITH_KNOTS('',3,(#6068,#6069,#6070,#6071),
 .UNSPECIFIED.,.F.,.F.,(4,4),(0.,1.),.UNSPECIFIED.);
#58=B_SPLINE_CURVE_WITH_KNOTS('',3,(#6073,#6074,#6075,#6076),
 .UNSPECIFIED.,.F.,.F.,(4,4),(-1.,0.),.UNSPECIFIED.);
#59=B_SPLINE_CURVE_WITH_KNOTS('',3,(#6087,#6088,#6089,#6090),
 .UNSPECIFIED.,.F.,.F.,(4,4),(0.,1.),.UNSPECIFIED.);
#60=B_SPLINE_CURVE_WITH_KNOTS('',3,(#6092,#6093,#6094,#6095),
 .UNSPECIFIED.,.F.,.F.,(4,4),(-1.,0.),.UNSPECIFIED.);
#61=B_SPLINE_CURVE_WITH_KNOTS('',3,(#6106,#6107,#6108,#6109),
 .UNSPECIFIED.,.F.,.F.,(4,4),(0.,1.),.UNSPECIFIED.);
#62=B_SPLINE_CURVE_WITH_KNOTS('',3,(#6111,#6112,#6113,#6114),
 .UNSPECIFIED.,.F.,.F.,(4,4),(-1.,0.),.UNSPECIFIED.);
#63=B_SPLINE_CURVE_WITH_KNOTS('',3,(#6124,#6125,#6126,#6127),
 .UNSPECIFIED.,.F.,.F.,(4,4),(0.,1.),.UNSPECIFIED.);
#64=B_SPLINE_CURVE_WITH_KNOTS('',3,(#6128,#6129,#6130,#6131),
 .UNSPECIFIED.,.F.,.F.,(4,4),(-1.,0.),.UNSPECIFIED.);
#65=B_SPLINE_CURVE_WITH_KNOTS('',3,(#6152,#6153,#6154,#6155),
 .UNSPECIFIED.,.F.,.F.,(4,4),(0.,1.),.UNSPECIFIED.);
#66=B_SPLINE_CURVE_WITH_KNOTS('',3,(#6158,#6159,#6160,#6161),
 .UNSPECIFIED.,.F.,.F.,(4,4),(-1.,0.),.UNSPECIFIED.);
#67=B_SPLINE_CURVE_WITH_KNOTS('',3,(#6171,#6172,#6173,#6174),
 .UNSPECIFIED.,.F.,.F.,(4,4),(0.,1.),.UNSPECIFIED.);
#68=B_SPLINE_CURVE_WITH_KNOTS('',3,(#6177,#6178,#6179,#6180),
 .UNSPECIFIED.,.F.,.F.,(4,4),(-1.,0.),.UNSPECIFIED.);
#69=B_SPLINE_CURVE_WITH_KNOTS('',3,(#6190,#6191,#6192,#6193),
 .UNSPECIFIED.,.F.,.F.,(4,4),(0.,1.),.UNSPECIFIED.);
#70=B_SPLINE_CURVE_WITH_KNOTS('',3,(#6196,#6197,#6198,#6199),
 .UNSPECIFIED.,.F.,.F.,(4,4),(-1.,0.),.UNSPECIFIED.);
#71=B_SPLINE_CURVE_WITH_KNOTS('',3,(#6209,#6210,#6211,#6212),
 .UNSPECIFIED.,.F.,.F.,(4,4),(0.,1.),.UNSPECIFIED.);
#72=B_SPLINE_CURVE_WITH_KNOTS('',3,(#6215,#6216,#6217,#6218),
 .UNSPECIFIED.,.F.,.F.,(4,4),(-1.,0.),.UNSPECIFIED.);
#73=B_SPLINE_CURVE_WITH_KNOTS('',3,(#6233,#6234,#6235,#6236),
 .UNSPECIFIED.,.F.,.F.,(4,4),(0.,1.),.UNSPECIFIED.);
#74=B_SPLINE_CURVE_WITH_KNOTS('',3,(#6237,#6238,#6239,#6240),
 .UNSPECIFIED.,.F.,.F.,(4,4),(-1.,0.),.UNSPECIFIED.);
#75=B_SPLINE_CURVE_WITH_KNOTS('',3,(#6251,#6252,#6253,#6254),
 .UNSPECIFIED.,.F.,.F.,(4,4),(0.,1.),.UNSPECIFIED.);
#76=B_SPLINE_CURVE_WITH_KNOTS('',3,(#6258,#6259,#6260,#6261),
 .UNSPECIFIED.,.F.,.F.,(4,4),(0.,1.),.UNSPECIFIED.);
#77=B_SPLINE_CURVE_WITH_KNOTS('',3,(#6272,#6273,#6274,#6275),
 .UNSPECIFIED.,.F.,.F.,(4,4),(0.,1.),.UNSPECIFIED.);
#78=B_SPLINE_CURVE_WITH_KNOTS('',3,(#6277,#6278,#6279,#6280),
 .UNSPECIFIED.,.F.,.F.,(4,4),(0.,1.),.UNSPECIFIED.);
#79=B_SPLINE_CURVE_WITH_KNOTS('',3,(#6297,#6298,#6299,#6300),
 .UNSPECIFIED.,.F.,.F.,(4,4),(0.,1.),.UNSPECIFIED.);
#80=B_SPLINE_CURVE_WITH_KNOTS('',3,(#6302,#6303,#6304,#6305),
 .UNSPECIFIED.,.F.,.F.,(4,4),(0.,1.),.UNSPECIFIED.);
#81=B_SPLINE_CURVE_WITH_KNOTS('',3,(#6316,#6317,#6318,#6319),
 .UNSPECIFIED.,.F.,.F.,(4,4),(0.,1.),.UNSPECIFIED.);
#82=B_SPLINE_CURVE_WITH_KNOTS('',3,(#6321,#6322,#6323,#6324),
 .UNSPECIFIED.,.F.,.F.,(4,4),(0.,1.),.UNSPECIFIED.);
#83=B_SPLINE_CURVE_WITH_KNOTS('',3,(#6335,#6336,#6337,#6338),
 .UNSPECIFIED.,.F.,.F.,(4,4),(0.,1.),.UNSPECIFIED.);
#84=B_SPLINE_CURVE_WITH_KNOTS('',3,(#6340,#6341,#6342,#6343),
 .UNSPECIFIED.,.F.,.F.,(4,4),(0.,1.),.UNSPECIFIED.);
#85=B_SPLINE_CURVE_WITH_KNOTS('',3,(#6354,#6355,#6356,#6357),
 .UNSPECIFIED.,.F.,.F.,(4,4),(0.,1.),.UNSPECIFIED.);
#86=B_SPLINE_CURVE_WITH_KNOTS('',3,(#6359,#6360,#6361,#6362),
 .UNSPECIFIED.,.F.,.F.,(4,4),(0.,1.),.UNSPECIFIED.);
#87=B_SPLINE_CURVE_WITH_KNOTS('',3,(#6373,#6374,#6375,#6376),
 .UNSPECIFIED.,.F.,.F.,(4,4),(0.,1.),.UNSPECIFIED.);
#88=B_SPLINE_CURVE_WITH_KNOTS('',3,(#6378,#6379,#6380,#6381),
 .UNSPECIFIED.,.F.,.F.,(4,4),(0.,1.),.UNSPECIFIED.);
#89=B_SPLINE_CURVE_WITH_KNOTS('',3,(#6392,#6393,#6394,#6395),
 .UNSPECIFIED.,.F.,.F.,(4,4),(0.,1.),.UNSPECIFIED.);
#90=B_SPLINE_CURVE_WITH_KNOTS('',3,(#6397,#6398,#6399,#6400),
 .UNSPECIFIED.,.F.,.F.,(4,4),(0.,1.),.UNSPECIFIED.);
#91=B_SPLINE_CURVE_WITH_KNOTS('',3,(#6417,#6418,#6419,#6420),
 .UNSPECIFIED.,.F.,.F.,(4,4),(0.,1.),.UNSPECIFIED.);
#92=B_SPLINE_CURVE_WITH_KNOTS('',3,(#6422,#6423,#6424,#6425),
 .UNSPECIFIED.,.F.,.F.,(4,4),(0.,1.),.UNSPECIFIED.);
#93=B_SPLINE_CURVE_WITH_KNOTS('',3,(#6436,#6437,#6438,#6439),
 .UNSPECIFIED.,.F.,.F.,(4,4),(0.,1.),.UNSPECIFIED.);
#94=B_SPLINE_CURVE_WITH_KNOTS('',3,(#6441,#6442,#6443,#6444),
 .UNSPECIFIED.,.F.,.F.,(4,4),(0.,1.),.UNSPECIFIED.);
#95=B_SPLINE_CURVE_WITH_KNOTS('',3,(#6455,#6456,#6457,#6458),
 .UNSPECIFIED.,.F.,.F.,(4,4),(0.,1.),.UNSPECIFIED.);
#96=B_SPLINE_CURVE_WITH_KNOTS('',3,(#6460,#6461,#6462,#6463),
 .UNSPECIFIED.,.F.,.F.,(4,4),(0.,1.),.UNSPECIFIED.);
#97=B_SPLINE_CURVE_WITH_KNOTS('',3,(#6474,#6475,#6476,#6477),
 .UNSPECIFIED.,.F.,.F.,(4,4),(0.,1.),.UNSPECIFIED.);
#98=B_SPLINE_CURVE_WITH_KNOTS('',3,(#6479,#6480,#6481,#6482),
 .UNSPECIFIED.,.F.,.F.,(4,4),(0.,1.),.UNSPECIFIED.);
#99=B_SPLINE_CURVE_WITH_KNOTS('',3,(#6493,#6494,#6495,#6496),
 .UNSPECIFIED.,.F.,.F.,(4,4),(0.,1.),.UNSPECIFIED.);
#100=B_SPLINE_CURVE_WITH_KNOTS('',3,(#6498,#6499,#6500,#6501),
 .UNSPECIFIED.,.F.,.F.,(4,4),(0.,1.),.UNSPECIFIED.);
#101=B_SPLINE_CURVE_WITH_KNOTS('',3,(#6518,#6519,#6520,#6521),
 .UNSPECIFIED.,.F.,.F.,(4,4),(0.,1.),.UNSPECIFIED.);
#102=B_SPLINE_CURVE_WITH_KNOTS('',3,(#6523,#6524,#6525,#6526),
 .UNSPECIFIED.,.F.,.F.,(4,4),(0.,1.),.UNSPECIFIED.);
#103=B_SPLINE_CURVE_WITH_KNOTS('',3,(#6549,#6550,#6551,#6552),
 .UNSPECIFIED.,.F.,.F.,(4,4),(0.,1.),.UNSPECIFIED.);
#104=B_SPLINE_CURVE_WITH_KNOTS('',3,(#6554,#6555,#6556,#6557),
 .UNSPECIFIED.,.F.,.F.,(4,4),(0.,1.),.UNSPECIFIED.);
#105=B_SPLINE_CURVE_WITH_KNOTS('',3,(#6568,#6569,#6570,#6571),
 .UNSPECIFIED.,.F.,.F.,(4,4),(0.,1.),.UNSPECIFIED.);
#106=B_SPLINE_CURVE_WITH_KNOTS('',3,(#6573,#6574,#6575,#6576),
 .UNSPECIFIED.,.F.,.F.,(4,4),(0.,1.),.UNSPECIFIED.);
#107=B_SPLINE_CURVE_WITH_KNOTS('',3,(#6586,#6587,#6588,#6589),
 .UNSPECIFIED.,.F.,.F.,(4,4),(0.,1.),.UNSPECIFIED.);
#108=B_SPLINE_CURVE_WITH_KNOTS('',3,(#6590,#6591,#6592,#6593),
 .UNSPECIFIED.,.F.,.F.,(4,4),(0.,1.),.UNSPECIFIED.);
#109=B_SPLINE_CURVE_WITH_KNOTS('',3,(#6626,#6627,#6628,#6629),
 .UNSPECIFIED.,.F.,.F.,(4,4),(0.,1.),.UNSPECIFIED.);
#110=B_SPLINE_CURVE_WITH_KNOTS('',3,(#6631,#6632,#6633,#6634),
 .UNSPECIFIED.,.F.,.F.,(4,4),(0.,1.),.UNSPECIFIED.);
#111=B_SPLINE_CURVE_WITH_KNOTS('',3,(#6645,#6646,#6647,#6648),
 .UNSPECIFIED.,.F.,.F.,(4,4),(0.,1.),.UNSPECIFIED.);
#112=B_SPLINE_CURVE_WITH_KNOTS('',3,(#6650,#6651,#6652,#6653),
 .UNSPECIFIED.,.F.,.F.,(4,4),(0.,1.),.UNSPECIFIED.);
#113=B_SPLINE_CURVE_WITH_KNOTS('',3,(#6664,#6665,#6666,#6667),
 .UNSPECIFIED.,.F.,.F.,(4,4),(0.,1.),.UNSPECIFIED.);
#114=B_SPLINE_CURVE_WITH_KNOTS('',3,(#6669,#6670,#6671,#6672),
 .UNSPECIFIED.,.F.,.F.,(4,4),(0.,1.),.UNSPECIFIED.);
#115=B_SPLINE_CURVE_WITH_KNOTS('',3,(#6701,#6702,#6703,#6704),
 .UNSPECIFIED.,.F.,.F.,(4,4),(0.,1.),.UNSPECIFIED.);
#116=B_SPLINE_CURVE_WITH_KNOTS('',3,(#6706,#6707,#6708,#6709),
 .UNSPECIFIED.,.F.,.F.,(4,4),(0.,1.),.UNSPECIFIED.);
#117=B_SPLINE_CURVE_WITH_KNOTS('',3,(#6720,#6721,#6722,#6723),
 .UNSPECIFIED.,.F.,.F.,(4,4),(0.,1.),.UNSPECIFIED.);
#118=B_SPLINE_CURVE_WITH_KNOTS('',3,(#6725,#6726,#6727,#6728),
 .UNSPECIFIED.,.F.,.F.,(4,4),(0.,1.),.UNSPECIFIED.);
#119=B_SPLINE_CURVE_WITH_KNOTS('',3,(#6739,#6740,#6741,#6742),
 .UNSPECIFIED.,.F.,.F.,(4,4),(0.,1.),.UNSPECIFIED.);
#120=B_SPLINE_CURVE_WITH_KNOTS('',3,(#6744,#6745,#6746,#6747),
 .UNSPECIFIED.,.F.,.F.,(4,4),(0.,1.),.UNSPECIFIED.);
#121=B_SPLINE_CURVE_WITH_KNOTS('',3,(#6758,#6759,#6760,#6761),
 .UNSPECIFIED.,.F.,.F.,(4,4),(0.,1.),.UNSPECIFIED.);
#122=B_SPLINE_CURVE_WITH_KNOTS('',3,(#6763,#6764,#6765,#6766),
 .UNSPECIFIED.,.F.,.F.,(4,4),(0.,1.),.UNSPECIFIED.);
#123=B_SPLINE_CURVE_WITH_KNOTS('',3,(#6789,#6790,#6791,#6792),
 .UNSPECIFIED.,.F.,.F.,(4,4),(0.,1.),.UNSPECIFIED.);
#124=B_SPLINE_CURVE_WITH_KNOTS('',3,(#6796,#6797,#6798,#6799),
 .UNSPECIFIED.,.F.,.F.,(4,4),(-1.,0.),.UNSPECIFIED.);
#125=B_SPLINE_CURVE_WITH_KNOTS('',3,(#6810,#6811,#6812,#6813),
 .UNSPECIFIED.,.F.,.F.,(4,4),(0.,1.),.UNSPECIFIED.);
#126=B_SPLINE_CURVE_WITH_KNOTS('',3,(#6815,#6816,#6817,#6818),
 .UNSPECIFIED.,.F.,.F.,(4,4),(-1.,0.),.UNSPECIFIED.);
#127=B_SPLINE_CURVE_WITH_KNOTS('',3,(#6829,#6830,#6831,#6832),
 .UNSPECIFIED.,.F.,.F.,(4,4),(0.,1.),.UNSPECIFIED.);
#128=B_SPLINE_CURVE_WITH_KNOTS('',3,(#6834,#6835,#6836,#6837),
 .UNSPECIFIED.,.F.,.F.,(4,4),(-1.,0.),.UNSPECIFIED.);
#129=B_SPLINE_CURVE_WITH_KNOTS('',3,(#6848,#6849,#6850,#6851),
 .UNSPECIFIED.,.F.,.F.,(4,4),(0.,1.),.UNSPECIFIED.);
#130=B_SPLINE_CURVE_WITH_KNOTS('',3,(#6853,#6854,#6855,#6856),
 .UNSPECIFIED.,.F.,.F.,(4,4),(-1.,0.),.UNSPECIFIED.);
#131=B_SPLINE_CURVE_WITH_KNOTS('',3,(#6867,#6868,#6869,#6870),
 .UNSPECIFIED.,.F.,.F.,(4,4),(0.,1.),.UNSPECIFIED.);
#132=B_SPLINE_CURVE_WITH_KNOTS('',3,(#6872,#6873,#6874,#6875),
 .UNSPECIFIED.,.F.,.F.,(4,4),(-1.,0.),.UNSPECIFIED.);
#133=B_SPLINE_CURVE_WITH_KNOTS('',3,(#6886,#6887,#6888,#6889),
 .UNSPECIFIED.,.F.,.F.,(4,4),(0.,1.),.UNSPECIFIED.);
#134=B_SPLINE_CURVE_WITH_KNOTS('',3,(#6891,#6892,#6893,#6894),
 .UNSPECIFIED.,.F.,.F.,(4,4),(-1.,0.),.UNSPECIFIED.);
#135=B_SPLINE_CURVE_WITH_KNOTS('',3,(#6911,#6912,#6913,#6914),
 .UNSPECIFIED.,.F.,.F.,(4,4),(0.,1.),.UNSPECIFIED.);
#136=B_SPLINE_CURVE_WITH_KNOTS('',3,(#6916,#6917,#6918,#6919),
 .UNSPECIFIED.,.F.,.F.,(4,4),(-1.,0.),.UNSPECIFIED.);
#137=B_SPLINE_CURVE_WITH_KNOTS('',3,(#6930,#6931,#6932,#6933),
 .UNSPECIFIED.,.F.,.F.,(4,4),(0.,1.),.UNSPECIFIED.);
#138=B_SPLINE_CURVE_WITH_KNOTS('',3,(#6935,#6936,#6937,#6938),
 .UNSPECIFIED.,.F.,.F.,(4,4),(-1.,0.),.UNSPECIFIED.);
#139=B_SPLINE_CURVE_WITH_KNOTS('',3,(#6949,#6950,#6951,#6952),
 .UNSPECIFIED.,.F.,.F.,(4,4),(0.,1.),.UNSPECIFIED.);
#140=B_SPLINE_CURVE_WITH_KNOTS('',3,(#6954,#6955,#6956,#6957),
 .UNSPECIFIED.,.F.,.F.,(4,4),(-1.,0.),.UNSPECIFIED.);
#141=B_SPLINE_CURVE_WITH_KNOTS('',3,(#6968,#6969,#6970,#6971),
 .UNSPECIFIED.,.F.,.F.,(4,4),(0.,1.),.UNSPECIFIED.);
#142=B_SPLINE_CURVE_WITH_KNOTS('',3,(#6973,#6974,#6975,#6976),
 .UNSPECIFIED.,.F.,.F.,(4,4),(-1.,0.),.UNSPECIFIED.);
#143=B_SPLINE_CURVE_WITH_KNOTS('',3,(#6987,#6988,#6989,#6990),
 .UNSPECIFIED.,.F.,.F.,(4,4),(0.,1.),.UNSPECIFIED.);
#144=B_SPLINE_CURVE_WITH_KNOTS('',3,(#6992,#6993,#6994,#6995),
 .UNSPECIFIED.,.F.,.F.,(4,4),(-1.,0.),.UNSPECIFIED.);
#145=B_SPLINE_CURVE_WITH_KNOTS('',3,(#7006,#7007,#7008,#7009),
 .UNSPECIFIED.,.F.,.F.,(4,4),(0.,1.),.UNSPECIFIED.);
#146=B_SPLINE_CURVE_WITH_KNOTS('',3,(#7011,#7012,#7013,#7014),
 .UNSPECIFIED.,.F.,.F.,(4,4),(-1.,0.),.UNSPECIFIED.);
#147=B_SPLINE_CURVE_WITH_KNOTS('',3,(#7025,#7026,#7027,#7028),
 .UNSPECIFIED.,.F.,.F.,(4,4),(0.,1.),.UNSPECIFIED.);
#148=B_SPLINE_CURVE_WITH_KNOTS('',3,(#7030,#7031,#7032,#7033),
 .UNSPECIFIED.,.F.,.F.,(4,4),(-1.,0.),.UNSPECIFIED.);
#149=B_SPLINE_CURVE_WITH_KNOTS('',3,(#7044,#7045,#7046,#7047),
 .UNSPECIFIED.,.F.,.F.,(4,4),(0.,1.),.UNSPECIFIED.);
#150=B_SPLINE_CURVE_WITH_KNOTS('',3,(#7049,#7050,#7051,#7052),
 .UNSPECIFIED.,.F.,.F.,(4,4),(-1.,0.),.UNSPECIFIED.);
#151=B_SPLINE_CURVE_WITH_KNOTS('',3,(#7063,#7064,#7065,#7066),
 .UNSPECIFIED.,.F.,.F.,(4,4),(0.,1.),.UNSPECIFIED.);
#152=B_SPLINE_CURVE_WITH_KNOTS('',3,(#7068,#7069,#7070,#7071),
 .UNSPECIFIED.,.F.,.F.,(4,4),(-1.,0.),.UNSPECIFIED.);
#153=B_SPLINE_CURVE_WITH_KNOTS('',3,(#7082,#7083,#7084,#7085),
 .UNSPECIFIED.,.F.,.F.,(4,4),(0.,1.),.UNSPECIFIED.);
#154=B_SPLINE_CURVE_WITH_KNOTS('',3,(#7087,#7088,#7089,#7090),
 .UNSPECIFIED.,.F.,.F.,(4,4),(-1.,0.),.UNSPECIFIED.);
#155=B_SPLINE_CURVE_WITH_KNOTS('',3,(#7101,#7102,#7103,#7104),
 .UNSPECIFIED.,.F.,.F.,(4,4),(0.,1.),.UNSPECIFIED.);
#156=B_SPLINE_CURVE_WITH_KNOTS('',3,(#7106,#7107,#7108,#7109),
 .UNSPECIFIED.,.F.,.F.,(4,4),(-1.,0.),.UNSPECIFIED.);
#157=B_SPLINE_CURVE_WITH_KNOTS('',3,(#7125,#7126,#7127,#7128),
 .UNSPECIFIED.,.F.,.F.,(4,4),(0.,1.),.UNSPECIFIED.);
#158=B_SPLINE_CURVE_WITH_KNOTS('',3,(#7129,#7130,#7131,#7132),
 .UNSPECIFIED.,.F.,.F.,(4,4),(-1.,0.),.UNSPECIFIED.);
#159=B_SPLINE_CURVE_WITH_KNOTS('',3,(#7197,#7198,#7199,#7200),
 .UNSPECIFIED.,.F.,.F.,(4,4),(0.,1.),.UNSPECIFIED.);
#160=B_SPLINE_CURVE_WITH_KNOTS('',3,(#7204,#7205,#7206,#7207),
 .UNSPECIFIED.,.F.,.F.,(4,4),(0.,1.),.UNSPECIFIED.);
#161=B_SPLINE_CURVE_WITH_KNOTS('',3,(#7218,#7219,#7220,#7221),
 .UNSPECIFIED.,.F.,.F.,(4,4),(0.,1.),.UNSPECIFIED.);
#162=B_SPLINE_CURVE_WITH_KNOTS('',3,(#7223,#7224,#7225,#7226),
 .UNSPECIFIED.,.F.,.F.,(4,4),(0.,1.),.UNSPECIFIED.);
#163=B_SPLINE_CURVE_WITH_KNOTS('',3,(#7237,#7238,#7239,#7240),
 .UNSPECIFIED.,.F.,.F.,(4,4),(0.,1.),.UNSPECIFIED.);
#164=B_SPLINE_CURVE_WITH_KNOTS('',3,(#7242,#7243,#7244,#7245),
 .UNSPECIFIED.,.F.,.F.,(4,4),(0.,1.),.UNSPECIFIED.);
#165=B_SPLINE_CURVE_WITH_KNOTS('',3,(#7256,#7257,#7258,#7259),
 .UNSPECIFIED.,.F.,.F.,(4,4),(0.,1.),.UNSPECIFIED.);
#166=B_SPLINE_CURVE_WITH_KNOTS('',3,(#7261,#7262,#7263,#7264),
 .UNSPECIFIED.,.F.,.F.,(4,4),(0.,1.),.UNSPECIFIED.);
#167=B_SPLINE_CURVE_WITH_KNOTS('',3,(#7281,#7282,#7283,#7284),
 .UNSPECIFIED.,.F.,.F.,(4,4),(0.,1.),.UNSPECIFIED.);
#168=B_SPLINE_CURVE_WITH_KNOTS('',3,(#7286,#7287,#7288,#7289),
 .UNSPECIFIED.,.F.,.F.,(4,4),(0.,1.),.UNSPECIFIED.);
#169=B_SPLINE_CURVE_WITH_KNOTS('',3,(#7300,#7301,#7302,#7303),
 .UNSPECIFIED.,.F.,.F.,(4,4),(0.,1.),.UNSPECIFIED.);
#170=B_SPLINE_CURVE_WITH_KNOTS('',3,(#7305,#7306,#7307,#7308),
 .UNSPECIFIED.,.F.,.F.,(4,4),(0.,1.),.UNSPECIFIED.);
#171=B_SPLINE_CURVE_WITH_KNOTS('',3,(#7319,#7320,#7321,#7322),
 .UNSPECIFIED.,.F.,.F.,(4,4),(0.,1.),.UNSPECIFIED.);
#172=B_SPLINE_CURVE_WITH_KNOTS('',3,(#7324,#7325,#7326,#7327),
 .UNSPECIFIED.,.F.,.F.,(4,4),(0.,1.),.UNSPECIFIED.);
#173=B_SPLINE_CURVE_WITH_KNOTS('',3,(#7338,#7339,#7340,#7341),
 .UNSPECIFIED.,.F.,.F.,(4,4),(0.,1.),.UNSPECIFIED.);
#174=B_SPLINE_CURVE_WITH_KNOTS('',3,(#7343,#7344,#7345,#7346),
 .UNSPECIFIED.,.F.,.F.,(4,4),(0.,1.),.UNSPECIFIED.);
#175=B_SPLINE_CURVE_WITH_KNOTS('',3,(#7357,#7358,#7359,#7360),
 .UNSPECIFIED.,.F.,.F.,(4,4),(0.,1.),.UNSPECIFIED.);
#176=B_SPLINE_CURVE_WITH_KNOTS('',3,(#7362,#7363,#7364,#7365),
 .UNSPECIFIED.,.F.,.F.,(4,4),(0.,1.),.UNSPECIFIED.);
#177=B_SPLINE_CURVE_WITH_KNOTS('',3,(#7376,#7377,#7378,#7379),
 .UNSPECIFIED.,.F.,.F.,(4,4),(0.,1.),.UNSPECIFIED.);
#178=B_SPLINE_CURVE_WITH_KNOTS('',3,(#7381,#7382,#7383,#7384),
 .UNSPECIFIED.,.F.,.F.,(4,4),(0.,1.),.UNSPECIFIED.);
#179=B_SPLINE_CURVE_WITH_KNOTS('',3,(#7395,#7396,#7397,#7398),
 .UNSPECIFIED.,.F.,.F.,(4,4),(0.,1.),.UNSPECIFIED.);
#180=B_SPLINE_CURVE_WITH_KNOTS('',3,(#7400,#7401,#7402,#7403),
 .UNSPECIFIED.,.F.,.F.,(4,4),(0.,1.),.UNSPECIFIED.);
#181=B_SPLINE_CURVE_WITH_KNOTS('',3,(#7420,#7421,#7422,#7423),
 .UNSPECIFIED.,.F.,.F.,(4,4),(0.,1.),.UNSPECIFIED.);
#182=B_SPLINE_CURVE_WITH_KNOTS('',3,(#7425,#7426,#7427,#7428),
 .UNSPECIFIED.,.F.,.F.,(4,4),(0.,1.),.UNSPECIFIED.);
#183=B_SPLINE_CURVE_WITH_KNOTS('',3,(#7439,#7440,#7441,#7442),
 .UNSPECIFIED.,.F.,.F.,(4,4),(0.,1.),.UNSPECIFIED.);
#184=B_SPLINE_CURVE_WITH_KNOTS('',3,(#7444,#7445,#7446,#7447),
 .UNSPECIFIED.,.F.,.F.,(4,4),(0.,1.),.UNSPECIFIED.);
#185=B_SPLINE_CURVE_WITH_KNOTS('',3,(#7458,#7459,#7460,#7461),
 .UNSPECIFIED.,.F.,.F.,(4,4),(0.,1.),.UNSPECIFIED.);
#186=B_SPLINE_CURVE_WITH_KNOTS('',3,(#7463,#7464,#7465,#7466),
 .UNSPECIFIED.,.F.,.F.,(4,4),(0.,1.),.UNSPECIFIED.);
#187=B_SPLINE_CURVE_WITH_KNOTS('',3,(#7477,#7478,#7479,#7480),
 .UNSPECIFIED.,.F.,.F.,(4,4),(0.,1.),.UNSPECIFIED.);
#188=B_SPLINE_CURVE_WITH_KNOTS('',3,(#7482,#7483,#7484,#7485),
 .UNSPECIFIED.,.F.,.F.,(4,4),(0.,1.),.UNSPECIFIED.);
#189=B_SPLINE_CURVE_WITH_KNOTS('',3,(#7496,#7497,#7498,#7499),
 .UNSPECIFIED.,.F.,.F.,(4,4),(0.,1.),.UNSPECIFIED.);
#190=B_SPLINE_CURVE_WITH_KNOTS('',3,(#7501,#7502,#7503,#7504),
 .UNSPECIFIED.,.F.,.F.,(4,4),(0.,1.),.UNSPECIFIED.);
#191=B_SPLINE_CURVE_WITH_KNOTS('',3,(#7515,#7516,#7517,#7518),
 .UNSPECIFIED.,.F.,.F.,(4,4),(0.,1.),.UNSPECIFIED.);
#192=B_SPLINE_CURVE_WITH_KNOTS('',3,(#7520,#7521,#7522,#7523),
 .UNSPECIFIED.,.F.,.F.,(4,4),(0.,1.),.UNSPECIFIED.);
#193=B_SPLINE_CURVE_WITH_KNOTS('',3,(#7534,#7535,#7536,#7537),
 .UNSPECIFIED.,.F.,.F.,(4,4),(0.,1.),.UNSPECIFIED.);
#194=B_SPLINE_CURVE_WITH_KNOTS('',3,(#7539,#7540,#7541,#7542),
 .UNSPECIFIED.,.F.,.F.,(4,4),(0.,1.),.UNSPECIFIED.);
#195=B_SPLINE_CURVE_WITH_KNOTS('',3,(#7553,#7554,#7555,#7556),
 .UNSPECIFIED.,.F.,.F.,(4,4),(0.,1.),.UNSPECIFIED.);
#196=B_SPLINE_CURVE_WITH_KNOTS('',3,(#7558,#7559,#7560,#7561),
 .UNSPECIFIED.,.F.,.F.,(4,4),(0.,1.),.UNSPECIFIED.);
#197=B_SPLINE_CURVE_WITH_KNOTS('',3,(#7572,#7573,#7574,#7575),
 .UNSPECIFIED.,.F.,.F.,(4,4),(0.,1.),.UNSPECIFIED.);
#198=B_SPLINE_CURVE_WITH_KNOTS('',3,(#7577,#7578,#7579,#7580),
 .UNSPECIFIED.,.F.,.F.,(4,4),(0.,1.),.UNSPECIFIED.);
#199=B_SPLINE_CURVE_WITH_KNOTS('',3,(#7591,#7592,#7593,#7594),
 .UNSPECIFIED.,.F.,.F.,(4,4),(0.,1.),.UNSPECIFIED.);
#200=B_SPLINE_CURVE_WITH_KNOTS('',3,(#7596,#7597,#7598,#7599),
 .UNSPECIFIED.,.F.,.F.,(4,4),(0.,1.),.UNSPECIFIED.);
#201=B_SPLINE_CURVE_WITH_KNOTS('',3,(#7610,#7611,#7612,#7613),
 .UNSPECIFIED.,.F.,.F.,(4,4),(0.,1.),.UNSPECIFIED.);
#202=B_SPLINE_CURVE_WITH_KNOTS('',3,(#7615,#7616,#7617,#7618),
 .UNSPECIFIED.,.F.,.F.,(4,4),(0.,1.),.UNSPECIFIED.);
#203=B_SPLINE_CURVE_WITH_KNOTS('',3,(#7629,#7630,#7631,#7632),
 .UNSPECIFIED.,.F.,.F.,(4,4),(0.,1.),.UNSPECIFIED.);
#204=B_SPLINE_CURVE_WITH_KNOTS('',3,(#7634,#7635,#7636,#7637),
 .UNSPECIFIED.,.F.,.F.,(4,4),(0.,1.),.UNSPECIFIED.);
#205=B_SPLINE_CURVE_WITH_KNOTS('',3,(#7653,#7654,#7655,#7656),
 .UNSPECIFIED.,.F.,.F.,(4,4),(0.,1.),.UNSPECIFIED.);
#206=B_SPLINE_CURVE_WITH_KNOTS('',3,(#7657,#7658,#7659,#7660),
 .UNSPECIFIED.,.F.,.F.,(4,4),(0.,1.),.UNSPECIFIED.);
#207=B_SPLINE_CURVE_WITH_KNOTS('',3,(#7693,#7694,#7695,#7696),
 .UNSPECIFIED.,.F.,.F.,(4,4),(0.,1.),.UNSPECIFIED.);
#208=B_SPLINE_CURVE_WITH_KNOTS('',3,(#7698,#7699,#7700,#7701),
 .UNSPECIFIED.,.F.,.F.,(4,4),(0.,1.),.UNSPECIFIED.);
#209=B_SPLINE_CURVE_WITH_KNOTS('',3,(#7712,#7713,#7714,#7715),
 .UNSPECIFIED.,.F.,.F.,(4,4),(0.,1.),.UNSPECIFIED.);
#210=B_SPLINE_CURVE_WITH_KNOTS('',3,(#7717,#7718,#7719,#7720),
 .UNSPECIFIED.,.F.,.F.,(4,4),(0.,1.),.UNSPECIFIED.);
#211=B_SPLINE_CURVE_WITH_KNOTS('',3,(#7731,#7732,#7733,#7734),
 .UNSPECIFIED.,.F.,.F.,(4,4),(0.,1.),.UNSPECIFIED.);
#212=B_SPLINE_CURVE_WITH_KNOTS('',3,(#7736,#7737,#7738,#7739),
 .UNSPECIFIED.,.F.,.F.,(4,4),(0.,1.),.UNSPECIFIED.);
#213=B_SPLINE_CURVE_WITH_KNOTS('',3,(#7768,#7769,#7770,#7771),
 .UNSPECIFIED.,.F.,.F.,(4,4),(0.,1.),.UNSPECIFIED.);
#214=B_SPLINE_CURVE_WITH_KNOTS('',3,(#7773,#7774,#7775,#7776),
 .UNSPECIFIED.,.F.,.F.,(4,4),(0.,1.),.UNSPECIFIED.);
#215=B_SPLINE_CURVE_WITH_KNOTS('',3,(#7787,#7788,#7789,#7790),
 .UNSPECIFIED.,.F.,.F.,(4,4),(0.,1.),.UNSPECIFIED.);
#216=B_SPLINE_CURVE_WITH_KNOTS('',3,(#7792,#7793,#7794,#7795),
 .UNSPECIFIED.,.F.,.F.,(4,4),(0.,1.),.UNSPECIFIED.);
#217=B_SPLINE_CURVE_WITH_KNOTS('',3,(#7806,#7807,#7808,#7809),
 .UNSPECIFIED.,.F.,.F.,(4,4),(0.,1.),.UNSPECIFIED.);
#218=B_SPLINE_CURVE_WITH_KNOTS('',3,(#7811,#7812,#7813,#7814),
 .UNSPECIFIED.,.F.,.F.,(4,4),(0.,1.),.UNSPECIFIED.);
#219=B_SPLINE_CURVE_WITH_KNOTS('',3,(#7825,#7826,#7827,#7828),
 .UNSPECIFIED.,.F.,.F.,(4,4),(0.,1.),.UNSPECIFIED.);
#220=B_SPLINE_CURVE_WITH_KNOTS('',3,(#7830,#7831,#7832,#7833),
 .UNSPECIFIED.,.F.,.F.,(4,4),(0.,1.),.UNSPECIFIED.);
#221=B_SPLINE_CURVE_WITH_KNOTS('',3,(#7856,#7857,#7858,#7859),
 .UNSPECIFIED.,.F.,.F.,(4,4),(0.,1.),.UNSPECIFIED.);
#222=B_SPLINE_CURVE_WITH_KNOTS('',3,(#7863,#7864,#7865,#7866),
 .UNSPECIFIED.,.F.,.F.,(4,4),(-1.,0.),.UNSPECIFIED.);
#223=B_SPLINE_CURVE_WITH_KNOTS('',3,(#7877,#7878,#7879,#7880),
 .UNSPECIFIED.,.F.,.F.,(4,4),(0.,1.),.UNSPECIFIED.);
#224=B_SPLINE_CURVE_WITH_KNOTS('',3,(#7883,#7884,#7885,#7886),
 .UNSPECIFIED.,.F.,.F.,(4,4),(-1.,0.),.UNSPECIFIED.);
#225=B_SPLINE_CURVE_WITH_KNOTS('',3,(#7896,#7897,#7898,#7899),
 .UNSPECIFIED.,.F.,.F.,(4,4),(0.,1.),.UNSPECIFIED.);
#226=B_SPLINE_CURVE_WITH_KNOTS('',3,(#7902,#7903,#7904,#7905),
 .UNSPECIFIED.,.F.,.F.,(4,4),(-1.,0.),.UNSPECIFIED.);
#227=B_SPLINE_CURVE_WITH_KNOTS('',3,(#7915,#7916,#7917,#7918),
 .UNSPECIFIED.,.F.,.F.,(4,4),(0.,1.),.UNSPECIFIED.);
#228=B_SPLINE_CURVE_WITH_KNOTS('',3,(#7921,#7922,#7923,#7924),
 .UNSPECIFIED.,.F.,.F.,(4,4),(-1.,0.),.UNSPECIFIED.);
#229=B_SPLINE_CURVE_WITH_KNOTS('',3,(#7940,#7941,#7942,#7943),
 .UNSPECIFIED.,.F.,.F.,(4,4),(0.,1.),.UNSPECIFIED.);
#230=B_SPLINE_CURVE_WITH_KNOTS('',3,(#7946,#7947,#7948,#7949),
 .UNSPECIFIED.,.F.,.F.,(4,4),(-1.,0.),.UNSPECIFIED.);
#231=B_SPLINE_CURVE_WITH_KNOTS('',3,(#7971,#7972,#7973,#7974),
 .UNSPECIFIED.,.F.,.F.,(4,4),(-1.,0.),.UNSPECIFIED.);
#232=B_SPLINE_CURVE_WITH_KNOTS('',3,(#7976,#7977,#7978,#7979),
 .UNSPECIFIED.,.F.,.F.,(4,4),(-1.,0.),.UNSPECIFIED.);
#233=B_SPLINE_CURVE_WITH_KNOTS('',3,(#7990,#7991,#7992,#7993),
 .UNSPECIFIED.,.F.,.F.,(4,4),(-1.,0.),.UNSPECIFIED.);
#234=B_SPLINE_CURVE_WITH_KNOTS('',3,(#7995,#7996,#7997,#7998),
 .UNSPECIFIED.,.F.,.F.,(4,4),(-1.,0.),.UNSPECIFIED.);
#235=B_SPLINE_CURVE_WITH_KNOTS('',3,(#8009,#8010,#8011,#8012),
 .UNSPECIFIED.,.F.,.F.,(4,4),(-1.,0.),.UNSPECIFIED.);
#236=B_SPLINE_CURVE_WITH_KNOTS('',3,(#8014,#8015,#8016,#8017),
 .UNSPECIFIED.,.F.,.F.,(4,4),(-1.,0.),.UNSPECIFIED.);
#237=B_SPLINE_CURVE_WITH_KNOTS('',3,(#8028,#8029,#8030,#8031),
 .UNSPECIFIED.,.F.,.F.,(4,4),(-1.,0.),.UNSPECIFIED.);
#238=B_SPLINE_CURVE_WITH_KNOTS('',3,(#8033,#8034,#8035,#8036),
 .UNSPECIFIED.,.F.,.F.,(4,4),(-1.,0.),.UNSPECIFIED.);
#239=B_SPLINE_CURVE_WITH_KNOTS('',3,(#8047,#8048,#8049,#8050),
 .UNSPECIFIED.,.F.,.F.,(4,4),(-1.,0.),.UNSPECIFIED.);
#240=B_SPLINE_CURVE_WITH_KNOTS('',3,(#8052,#8053,#8054,#8055),
 .UNSPECIFIED.,.F.,.F.,(4,4),(-1.,0.),.UNSPECIFIED.);
#241=B_SPLINE_CURVE_WITH_KNOTS('',3,(#8066,#8067,#8068,#8069),
 .UNSPECIFIED.,.F.,.F.,(4,4),(-1.,0.),.UNSPECIFIED.);
#242=B_SPLINE_CURVE_WITH_KNOTS('',3,(#8071,#8072,#8073,#8074),
 .UNSPECIFIED.,.F.,.F.,(4,4),(-1.,0.),.UNSPECIFIED.);
#243=B_SPLINE_CURVE_WITH_KNOTS('',3,(#8091,#8092,#8093,#8094),
 .UNSPECIFIED.,.F.,.F.,(4,4),(-1.,0.),.UNSPECIFIED.);
#244=B_SPLINE_CURVE_WITH_KNOTS('',3,(#8096,#8097,#8098,#8099),
 .UNSPECIFIED.,.F.,.F.,(4,4),(-1.,0.),.UNSPECIFIED.);
#245=B_SPLINE_CURVE_WITH_KNOTS('',3,(#8110,#8111,#8112,#8113),
 .UNSPECIFIED.,.F.,.F.,(4,4),(-1.,0.),.UNSPECIFIED.);
#246=B_SPLINE_CURVE_WITH_KNOTS('',3,(#8115,#8116,#8117,#8118),
 .UNSPECIFIED.,.F.,.F.,(4,4),(-1.,0.),.UNSPECIFIED.);
#247=B_SPLINE_CURVE_WITH_KNOTS('',3,(#8129,#8130,#8131,#8132),
 .UNSPECIFIED.,.F.,.F.,(4,4),(-1.,0.),.UNSPECIFIED.);
#248=B_SPLINE_CURVE_WITH_KNOTS('',3,(#8134,#8135,#8136,#8137),
 .UNSPECIFIED.,.F.,.F.,(4,4),(-1.,0.),.UNSPECIFIED.);
#249=B_SPLINE_CURVE_WITH_KNOTS('',3,(#8148,#8149,#8150,#8151),
 .UNSPECIFIED.,.F.,.F.,(4,4),(-1.,0.),.UNSPECIFIED.);
#250=B_SPLINE_CURVE_WITH_KNOTS('',3,(#8153,#8154,#8155,#8156),
 .UNSPECIFIED.,.F.,.F.,(4,4),(-1.,0.),.UNSPECIFIED.);
#251=B_SPLINE_CURVE_WITH_KNOTS('',3,(#8167,#8168,#8169,#8170),
 .UNSPECIFIED.,.F.,.F.,(4,4),(-1.,0.),.UNSPECIFIED.);
#252=B_SPLINE_CURVE_WITH_KNOTS('',3,(#8172,#8173,#8174,#8175),
 .UNSPECIFIED.,.F.,.F.,(4,4),(-1.,0.),.UNSPECIFIED.);
#253=B_SPLINE_CURVE_WITH_KNOTS('',3,(#8192,#8193,#8194,#8195),
 .UNSPECIFIED.,.F.,.F.,(4,4),(-1.,0.),.UNSPECIFIED.);
#254=B_SPLINE_CURVE_WITH_KNOTS('',3,(#8197,#8198,#8199,#8200),
 .UNSPECIFIED.,.F.,.F.,(4,4),(-1.,0.),.UNSPECIFIED.);
#255=B_SPLINE_CURVE_WITH_KNOTS('',3,(#8223,#8224,#8225,#8226),
 .UNSPECIFIED.,.F.,.F.,(4,4),(-1.,0.),.UNSPECIFIED.);
#256=B_SPLINE_CURVE_WITH_KNOTS('',3,(#8228,#8229,#8230,#8231),
 .UNSPECIFIED.,.F.,.F.,(4,4),(-1.,0.),.UNSPECIFIED.);
#257=B_SPLINE_CURVE_WITH_KNOTS('',3,(#8242,#8243,#8244,#8245),
 .UNSPECIFIED.,.F.,.F.,(4,4),(-1.,0.),.UNSPECIFIED.);
#258=B_SPLINE_CURVE_WITH_KNOTS('',3,(#8247,#8248,#8249,#8250),
 .UNSPECIFIED.,.F.,.F.,(4,4),(-1.,0.),.UNSPECIFIED.);
#259=B_SPLINE_CURVE_WITH_KNOTS('',3,(#8261,#8262,#8263,#8264),
 .UNSPECIFIED.,.F.,.F.,(4,4),(-1.,0.),.UNSPECIFIED.);
#260=B_SPLINE_CURVE_WITH_KNOTS('',3,(#8266,#8267,#8268,#8269),
 .UNSPECIFIED.,.F.,.F.,(4,4),(-1.,0.),.UNSPECIFIED.);
#261=B_SPLINE_CURVE_WITH_KNOTS('',3,(#8280,#8281,#8282,#8283),
 .UNSPECIFIED.,.F.,.F.,(4,4),(-1.,0.),.UNSPECIFIED.);
#262=B_SPLINE_CURVE_WITH_KNOTS('',3,(#8285,#8286,#8287,#8288),
 .UNSPECIFIED.,.F.,.F.,(4,4),(-1.,0.),.UNSPECIFIED.);
#263=B_SPLINE_CURVE_WITH_KNOTS('',3,(#8298,#8299,#8300,#8301),
 .UNSPECIFIED.,.F.,.F.,(4,4),(-1.,0.),.UNSPECIFIED.);
#264=B_SPLINE_CURVE_WITH_KNOTS('',3,(#8302,#8303,#8304,#8305),
 .UNSPECIFIED.,.F.,.F.,(4,4),(-1.,0.),.UNSPECIFIED.);
#265=B_SPLINE_CURVE_WITH_KNOTS('',3,(#8338,#8339,#8340,#8341),
 .UNSPECIFIED.,.F.,.F.,(4,4),(0.,1.),.UNSPECIFIED.);
#266=B_SPLINE_CURVE_WITH_KNOTS('',3,(#8344,#8345,#8346,#8347),
 .UNSPECIFIED.,.F.,.F.,(4,4),(-1.,0.),.UNSPECIFIED.);
#267=B_SPLINE_CURVE_WITH_KNOTS('',3,(#8357,#8358,#8359,#8360),
 .UNSPECIFIED.,.F.,.F.,(4,4),(0.,1.),.UNSPECIFIED.);
#268=B_SPLINE_CURVE_WITH_KNOTS('',3,(#8363,#8364,#8365,#8366),
 .UNSPECIFIED.,.F.,.F.,(4,4),(-1.,0.),.UNSPECIFIED.);
#269=B_SPLINE_CURVE_WITH_KNOTS('',3,(#8376,#8377,#8378,#8379),
 .UNSPECIFIED.,.F.,.F.,(4,4),(0.,1.),.UNSPECIFIED.);
#270=B_SPLINE_CURVE_WITH_KNOTS('',3,(#8382,#8383,#8384,#8385),
 .UNSPECIFIED.,.F.,.F.,(4,4),(-1.,0.),.UNSPECIFIED.);
#271=B_SPLINE_CURVE_WITH_KNOTS('',3,(#8394,#8395,#8396,#8397),
 .UNSPECIFIED.,.F.,.F.,(4,4),(0.,1.),.UNSPECIFIED.);
#272=B_SPLINE_CURVE_WITH_KNOTS('',3,(#8398,#8399,#8400,#8401),
 .UNSPECIFIED.,.F.,.F.,(4,4),(-1.,0.),.UNSPECIFIED.);
#273=B_SPLINE_CURVE_WITH_KNOTS('',3,(#8412,#8413,#8414,#8415),
 .UNSPECIFIED.,.F.,.F.,(4,4),(0.,1.),.UNSPECIFIED.);
#274=B_SPLINE_CURVE_WITH_KNOTS('',3,(#8419,#8420,#8421,#8422),
 .UNSPECIFIED.,.F.,.F.,(4,4),(0.,1.),.UNSPECIFIED.);
#275=B_SPLINE_CURVE_WITH_KNOTS('',3,(#8433,#8434,#8435,#8436),
 .UNSPECIFIED.,.F.,.F.,(4,4),(0.,1.),.UNSPECIFIED.);
#276=B_SPLINE_CURVE_WITH_KNOTS('',3,(#8438,#8439,#8440,#8441),
 .UNSPECIFIED.,.F.,.F.,(4,4),(0.,1.),.UNSPECIFIED.);
#277=B_SPLINE_CURVE_WITH_KNOTS('',3,(#8452,#8453,#8454,#8455),
 .UNSPECIFIED.,.F.,.F.,(4,4),(0.,1.),.UNSPECIFIED.);
#278=B_SPLINE_CURVE_WITH_KNOTS('',3,(#8457,#8458,#8459,#8460),
 .UNSPECIFIED.,.F.,.F.,(4,4),(0.,1.),.UNSPECIFIED.);
#279=B_SPLINE_CURVE_WITH_KNOTS('',3,(#8500,#8501,#8502,#8503),
 .UNSPECIFIED.,.F.,.F.,(4,4),(0.,1.),.UNSPECIFIED.);
#280=B_SPLINE_CURVE_WITH_KNOTS('',3,(#8504,#8505,#8506,#8507),
 .UNSPECIFIED.,.F.,.F.,(4,4),(0.,1.),.UNSPECIFIED.);
#281=B_SPLINE_SURFACE_WITH_KNOTS('',3,1,((#5847,#5848),(#5849,#5850),(#5851,
#5852),(#5853,#5854)),.UNSPECIFIED.,.F.,.F.,.F.,(4,4),(2,2),(-1.,0.),(0.,
0.01),.UNSPECIFIED.);
#282=B_SPLINE_SURFACE_WITH_KNOTS('',3,1,((#5869,#5870),(#5871,#5872),(#5873,
#5874),(#5875,#5876)),.UNSPECIFIED.,.F.,.F.,.F.,(4,4),(2,2),(-1.,0.),(0.,
0.01),.UNSPECIFIED.);
#283=B_SPLINE_SURFACE_WITH_KNOTS('',3,1,((#5888,#5889),(#5890,#5891),(#5892,
#5893),(#5894,#5895)),.UNSPECIFIED.,.F.,.F.,.F.,(4,4),(2,2),(-1.,0.),(0.,
0.01),.UNSPECIFIED.);
#284=B_SPLINE_SURFACE_WITH_KNOTS('',3,1,((#5907,#5908),(#5909,#5910),(#5911,
#5912),(#5913,#5914)),.UNSPECIFIED.,.F.,.F.,.F.,(4,4),(2,2),(-1.,0.),(0.,
0.01),.UNSPECIFIED.);
#285=B_SPLINE_SURFACE_WITH_KNOTS('',3,1,((#5926,#5927),(#5928,#5929),(#5930,
#5931),(#5932,#5933)),.UNSPECIFIED.,.F.,.F.,.F.,(4,4),(2,2),(-1.,0.),(0.,
0.01),.UNSPECIFIED.);
#286=B_SPLINE_SURFACE_WITH_KNOTS('',3,1,((#5945,#5946),(#5947,#5948),(#5949,
#5950),(#5951,#5952)),.UNSPECIFIED.,.F.,.F.,.F.,(4,4),(2,2),(-1.,0.),(0.,
0.01),.UNSPECIFIED.);
#287=B_SPLINE_SURFACE_WITH_KNOTS('',3,1,((#5964,#5965),(#5966,#5967),(#5968,
#5969),(#5970,#5971)),.UNSPECIFIED.,.F.,.F.,.F.,(4,4),(2,2),(-1.,0.),(0.,
0.01),.UNSPECIFIED.);
#288=B_SPLINE_SURFACE_WITH_KNOTS('',3,1,((#5980,#5981),(#5982,#5983),(#5984,
#5985),(#5986,#5987)),.UNSPECIFIED.,.F.,.F.,.F.,(4,4),(2,2),(-1.,0.),(0.,
0.01),.UNSPECIFIED.);
#289=B_SPLINE_SURFACE_WITH_KNOTS('',3,1,((#6002,#6003),(#6004,#6005),(#6006,
#6007),(#6008,#6009)),.UNSPECIFIED.,.F.,.F.,.F.,(4,4),(2,2),(-1.,0.),(0.,
0.01),.UNSPECIFIED.);
#290=B_SPLINE_SURFACE_WITH_KNOTS('',3,1,((#6021,#6022),(#6023,#6024),(#6025,
#6026),(#6027,#6028)),.UNSPECIFIED.,.F.,.F.,.F.,(4,4),(2,2),(-1.,0.),(0.,
0.01),.UNSPECIFIED.);
#291=B_SPLINE_SURFACE_WITH_KNOTS('',3,1,((#6040,#6041),(#6042,#6043),(#6044,
#6045),(#6046,#6047)),.UNSPECIFIED.,.F.,.F.,.F.,(4,4),(2,2),(-1.,0.),(0.,
0.01),.UNSPECIFIED.);
#292=B_SPLINE_SURFACE_WITH_KNOTS('',3,1,((#6059,#6060),(#6061,#6062),(#6063,
#6064),(#6065,#6066)),.UNSPECIFIED.,.F.,.F.,.F.,(4,4),(2,2),(-1.,0.),(0.,
0.01),.UNSPECIFIED.);
#293=B_SPLINE_SURFACE_WITH_KNOTS('',3,1,((#6078,#6079),(#6080,#6081),(#6082,
#6083),(#6084,#6085)),.UNSPECIFIED.,.F.,.F.,.F.,(4,4),(2,2),(-1.,0.),(0.,
0.01),.UNSPECIFIED.);
#294=B_SPLINE_SURFACE_WITH_KNOTS('',3,1,((#6097,#6098),(#6099,#6100),(#6101,
#6102),(#6103,#6104)),.UNSPECIFIED.,.F.,.F.,.F.,(4,4),(2,2),(-1.,0.),(0.,
0.01),.UNSPECIFIED.);
#295=B_SPLINE_SURFACE_WITH_KNOTS('',3,1,((#6116,#6117),(#6118,#6119),(#6120,
#6121),(#6122,#6123)),.UNSPECIFIED.,.F.,.F.,.F.,(4,4),(2,2),(-1.,0.),(0.,
0.01),.UNSPECIFIED.);
#296=B_SPLINE_SURFACE_WITH_KNOTS('',3,1,((#6143,#6144),(#6145,#6146),(#6147,
#6148),(#6149,#6150)),.UNSPECIFIED.,.F.,.F.,.F.,(4,4),(2,2),(0.,1.),(0.,
0.01),.UNSPECIFIED.);
#297=B_SPLINE_SURFACE_WITH_KNOTS('',3,1,((#6162,#6163),(#6164,#6165),(#6166,
#6167),(#6168,#6169)),.UNSPECIFIED.,.F.,.F.,.F.,(4,4),(2,2),(0.,1.),(0.,
0.01),.UNSPECIFIED.);
#298=B_SPLINE_SURFACE_WITH_KNOTS('',3,1,((#6181,#6182),(#6183,#6184),(#6185,
#6186),(#6187,#6188)),.UNSPECIFIED.,.F.,.F.,.F.,(4,4),(2,2),(0.,1.),(0.,
0.01),.UNSPECIFIED.);
#299=B_SPLINE_SURFACE_WITH_KNOTS('',3,1,((#6200,#6201),(#6202,#6203),(#6204,
#6205),(#6206,#6207)),.UNSPECIFIED.,.F.,.F.,.F.,(4,4),(2,2),(0.,1.),(0.,
0.01),.UNSPECIFIED.);
#300=B_SPLINE_SURFACE_WITH_KNOTS('',3,1,((#6225,#6226),(#6227,#6228),(#6229,
#6230),(#6231,#6232)),.UNSPECIFIED.,.F.,.F.,.F.,(4,4),(2,2),(0.,1.),(0.,
0.01),.UNSPECIFIED.);
#301=B_SPLINE_SURFACE_WITH_KNOTS('',3,1,((#6241,#6242),(#6243,#6244),(#6245,
#6246),(#6247,#6248)),.UNSPECIFIED.,.F.,.F.,.F.,(4,4),(2,2),(0.,1.),(0.,
0.01),.UNSPECIFIED.);
#302=B_SPLINE_SURFACE_WITH_KNOTS('',3,1,((#6263,#6264),(#6265,#6266),(#6267,
#6268),(#6269,#6270)),.UNSPECIFIED.,.F.,.F.,.F.,(4,4),(2,2),(0.,1.),(0.,
0.01),.UNSPECIFIED.);
#303=B_SPLINE_SURFACE_WITH_KNOTS('',3,1,((#6288,#6289),(#6290,#6291),(#6292,
#6293),(#6294,#6295)),.UNSPECIFIED.,.F.,.F.,.F.,(4,4),(2,2),(0.,1.),(0.,
0.01),.UNSPECIFIED.);
#304=B_SPLINE_SURFACE_WITH_KNOTS('',3,1,((#6307,#6308),(#6309,#6310),(#6311,
#6312),(#6313,#6314)),.UNSPECIFIED.,.F.,.F.,.F.,(4,4),(2,2),(0.,1.),(0.,
0.01),.UNSPECIFIED.);
#305=B_SPLINE_SURFACE_WITH_KNOTS('',3,1,((#6326,#6327),(#6328,#6329),(#6330,
#6331),(#6332,#6333)),.UNSPECIFIED.,.F.,.F.,.F.,(4,4),(2,2),(0.,1.),(0.,
0.01),.UNSPECIFIED.);
#306=B_SPLINE_SURFACE_WITH_KNOTS('',3,1,((#6345,#6346),(#6347,#6348),(#6349,
#6350),(#6351,#6352)),.UNSPECIFIED.,.F.,.F.,.F.,(4,4),(2,2),(0.,1.),(0.,
0.01),.UNSPECIFIED.);
#307=B_SPLINE_SURFACE_WITH_KNOTS('',3,1,((#6364,#6365),(#6366,#6367),(#6368,
#6369),(#6370,#6371)),.UNSPECIFIED.,.F.,.F.,.F.,(4,4),(2,2),(0.,1.),(0.,
0.01),.UNSPECIFIED.);
#308=B_SPLINE_SURFACE_WITH_KNOTS('',3,1,((#6383,#6384),(#6385,#6386),(#6387,
#6388),(#6389,#6390)),.UNSPECIFIED.,.F.,.F.,.F.,(4,4),(2,2),(0.,1.),(0.,
0.01),.UNSPECIFIED.);
#309=B_SPLINE_SURFACE_WITH_KNOTS('',3,1,((#6408,#6409),(#6410,#6411),(#6412,
#6413),(#6414,#6415)),.UNSPECIFIED.,.F.,.F.,.F.,(4,4),(2,2),(0.,1.),(0.,
0.01),.UNSPECIFIED.);
#310=B_SPLINE_SURFACE_WITH_KNOTS('',3,1,((#6427,#6428),(#6429,#6430),(#6431,
#6432),(#6433,#6434)),.UNSPECIFIED.,.F.,.F.,.F.,(4,4),(2,2),(0.,1.),(0.,
0.01),.UNSPECIFIED.);
#311=B_SPLINE_SURFACE_WITH_KNOTS('',3,1,((#6446,#6447),(#6448,#6449),(#6450,
#6451),(#6452,#6453)),.UNSPECIFIED.,.F.,.F.,.F.,(4,4),(2,2),(0.,1.),(0.,
0.01),.UNSPECIFIED.);
#312=B_SPLINE_SURFACE_WITH_KNOTS('',3,1,((#6465,#6466),(#6467,#6468),(#6469,
#6470),(#6471,#6472)),.UNSPECIFIED.,.F.,.F.,.F.,(4,4),(2,2),(0.,1.),(0.,
0.01),.UNSPECIFIED.);
#313=B_SPLINE_SURFACE_WITH_KNOTS('',3,1,((#6484,#6485),(#6486,#6487),(#6488,
#6489),(#6490,#6491)),.UNSPECIFIED.,.F.,.F.,.F.,(4,4),(2,2),(0.,1.),(0.,
0.01),.UNSPECIFIED.);
#314=B_SPLINE_SURFACE_WITH_KNOTS('',3,1,((#6509,#6510),(#6511,#6512),(#6513,
#6514),(#6515,#6516)),.UNSPECIFIED.,.F.,.F.,.F.,(4,4),(2,2),(0.,1.),(0.,
0.01),.UNSPECIFIED.);
#315=B_SPLINE_SURFACE_WITH_KNOTS('',3,1,((#6540,#6541),(#6542,#6543),(#6544,
#6545),(#6546,#6547)),.UNSPECIFIED.,.F.,.F.,.F.,(4,4),(2,2),(0.,1.),(0.,
0.01),.UNSPECIFIED.);
#316=B_SPLINE_SURFACE_WITH_KNOTS('',3,1,((#6559,#6560),(#6561,#6562),(#6563,
#6564),(#6565,#6566)),.UNSPECIFIED.,.F.,.F.,.F.,(4,4),(2,2),(0.,1.),(0.,
0.01),.UNSPECIFIED.);
#317=B_SPLINE_SURFACE_WITH_KNOTS('',3,1,((#6578,#6579),(#6580,#6581),(#6582,
#6583),(#6584,#6585)),.UNSPECIFIED.,.F.,.F.,.F.,(4,4),(2,2),(0.,1.),(0.,
0.01),.UNSPECIFIED.);
#318=B_SPLINE_SURFACE_WITH_KNOTS('',3,1,((#6617,#6618),(#6619,#6620),(#6621,
#6622),(#6623,#6624)),.UNSPECIFIED.,.F.,.F.,.F.,(4,4),(2,2),(0.,1.),(0.,
0.01),.UNSPECIFIED.);
#319=B_SPLINE_SURFACE_WITH_KNOTS('',3,1,((#6636,#6637),(#6638,#6639),(#6640,
#6641),(#6642,#6643)),.UNSPECIFIED.,.F.,.F.,.F.,(4,4),(2,2),(0.,1.),(0.,
0.01),.UNSPECIFIED.);
#320=B_SPLINE_SURFACE_WITH_KNOTS('',3,1,((#6655,#6656),(#6657,#6658),(#6659,
#6660),(#6661,#6662)),.UNSPECIFIED.,.F.,.F.,.F.,(4,4),(2,2),(0.,1.),(0.,
0.01),.UNSPECIFIED.);
#321=B_SPLINE_SURFACE_WITH_KNOTS('',3,1,((#6692,#6693),(#6694,#6695),(#6696,
#6697),(#6698,#6699)),.UNSPECIFIED.,.F.,.F.,.F.,(4,4),(2,2),(0.,1.),(0.,
0.01),.UNSPECIFIED.);
#322=B_SPLINE_SURFACE_WITH_KNOTS('',3,1,((#6711,#6712),(#6713,#6714),(#6715,
#6716),(#6717,#6718)),.UNSPECIFIED.,.F.,.F.,.F.,(4,4),(2,2),(0.,1.),(0.,
0.01),.UNSPECIFIED.);
#323=B_SPLINE_SURFACE_WITH_KNOTS('',3,1,((#6730,#6731),(#6732,#6733),(#6734,
#6735),(#6736,#6737)),.UNSPECIFIED.,.F.,.F.,.F.,(4,4),(2,2),(0.,1.),(0.,
0.01),.UNSPECIFIED.);
#324=B_SPLINE_SURFACE_WITH_KNOTS('',3,1,((#6749,#6750),(#6751,#6752),(#6753,
#6754),(#6755,#6756)),.UNSPECIFIED.,.F.,.F.,.F.,(4,4),(2,2),(0.,1.),(0.,
0.01),.UNSPECIFIED.);
#325=B_SPLINE_SURFACE_WITH_KNOTS('',3,1,((#6779,#6780),(#6781,#6782),(#6783,
#6784),(#6785,#6786)),.UNSPECIFIED.,.F.,.F.,.F.,(4,4),(2,2),(-1.,0.),(0.,
0.01),.UNSPECIFIED.);
#326=B_SPLINE_SURFACE_WITH_KNOTS('',3,1,((#6801,#6802),(#6803,#6804),(#6805,
#6806),(#6807,#6808)),.UNSPECIFIED.,.F.,.F.,.F.,(4,4),(2,2),(-1.,0.),(0.,
0.01),.UNSPECIFIED.);
#327=B_SPLINE_SURFACE_WITH_KNOTS('',3,1,((#6820,#6821),(#6822,#6823),(#6824,
#6825),(#6826,#6827)),.UNSPECIFIED.,.F.,.F.,.F.,(4,4),(2,2),(-1.,0.),(0.,
0.01),.UNSPECIFIED.);
#328=B_SPLINE_SURFACE_WITH_KNOTS('',3,1,((#6839,#6840),(#6841,#6842),(#6843,
#6844),(#6845,#6846)),.UNSPECIFIED.,.F.,.F.,.F.,(4,4),(2,2),(-1.,0.),(0.,
0.01),.UNSPECIFIED.);
#329=B_SPLINE_SURFACE_WITH_KNOTS('',3,1,((#6858,#6859),(#6860,#6861),(#6862,
#6863),(#6864,#6865)),.UNSPECIFIED.,.F.,.F.,.F.,(4,4),(2,2),(-1.,0.),(0.,
0.01),.UNSPECIFIED.);
#330=B_SPLINE_SURFACE_WITH_KNOTS('',3,1,((#6877,#6878),(#6879,#6880),(#6881,
#6882),(#6883,#6884)),.UNSPECIFIED.,.F.,.F.,.F.,(4,4),(2,2),(-1.,0.),(0.,
0.01),.UNSPECIFIED.);
#331=B_SPLINE_SURFACE_WITH_KNOTS('',3,1,((#6902,#6903),(#6904,#6905),(#6906,
#6907),(#6908,#6909)),.UNSPECIFIED.,.F.,.F.,.F.,(4,4),(2,2),(-1.,0.),(0.,
0.01),.UNSPECIFIED.);
#332=B_SPLINE_SURFACE_WITH_KNOTS('',3,1,((#6921,#6922),(#6923,#6924),(#6925,
#6926),(#6927,#6928)),.UNSPECIFIED.,.F.,.F.,.F.,(4,4),(2,2),(-1.,0.),(0.,
0.01),.UNSPECIFIED.);
#333=B_SPLINE_SURFACE_WITH_KNOTS('',3,1,((#6940,#6941),(#6942,#6943),(#6944,
#6945),(#6946,#6947)),.UNSPECIFIED.,.F.,.F.,.F.,(4,4),(2,2),(-1.,0.),(0.,
0.01),.UNSPECIFIED.);
#334=B_SPLINE_SURFACE_WITH_KNOTS('',3,1,((#6959,#6960),(#6961,#6962),(#6963,
#6964),(#6965,#6966)),.UNSPECIFIED.,.F.,.F.,.F.,(4,4),(2,2),(-1.,0.),(0.,
0.01),.UNSPECIFIED.);
#335=B_SPLINE_SURFACE_WITH_KNOTS('',3,1,((#6978,#6979),(#6980,#6981),(#6982,
#6983),(#6984,#6985)),.UNSPECIFIED.,.F.,.F.,.F.,(4,4),(2,2),(-1.,0.),(0.,
0.01),.UNSPECIFIED.);
#336=B_SPLINE_SURFACE_WITH_KNOTS('',3,1,((#6997,#6998),(#6999,#7000),(#7001,
#7002),(#7003,#7004)),.UNSPECIFIED.,.F.,.F.,.F.,(4,4),(2,2),(-1.,0.),(0.,
0.01),.UNSPECIFIED.);
#337=B_SPLINE_SURFACE_WITH_KNOTS('',3,1,((#7016,#7017),(#7018,#7019),(#7020,
#7021),(#7022,#7023)),.UNSPECIFIED.,.F.,.F.,.F.,(4,4),(2,2),(-1.,0.),(0.,
0.01),.UNSPECIFIED.);
#338=B_SPLINE_SURFACE_WITH_KNOTS('',3,1,((#7035,#7036),(#7037,#7038),(#7039,
#7040),(#7041,#7042)),.UNSPECIFIED.,.F.,.F.,.F.,(4,4),(2,2),(-1.,0.),(0.,
0.01),.UNSPECIFIED.);
#339=B_SPLINE_SURFACE_WITH_KNOTS('',3,1,((#7054,#7055),(#7056,#7057),(#7058,
#7059),(#7060,#7061)),.UNSPECIFIED.,.F.,.F.,.F.,(4,4),(2,2),(-1.,0.),(0.,
0.01),.UNSPECIFIED.);
#340=B_SPLINE_SURFACE_WITH_KNOTS('',3,1,((#7073,#7074),(#7075,#7076),(#7077,
#7078),(#7079,#7080)),.UNSPECIFIED.,.F.,.F.,.F.,(4,4),(2,2),(-1.,0.),(0.,
0.01),.UNSPECIFIED.);
#341=B_SPLINE_SURFACE_WITH_KNOTS('',3,1,((#7092,#7093),(#7094,#7095),(#7096,
#7097),(#7098,#7099)),.UNSPECIFIED.,.F.,.F.,.F.,(4,4),(2,2),(-1.,0.),(0.,
0.01),.UNSPECIFIED.);
#342=B_SPLINE_SURFACE_WITH_KNOTS('',3,1,((#7117,#7118),(#7119,#7120),(#7121,
#7122),(#7123,#7124)),.UNSPECIFIED.,.F.,.F.,.F.,(4,4),(2,2),(-1.,0.),(0.,
0.01),.UNSPECIFIED.);
#343=B_SPLINE_SURFACE_WITH_KNOTS('',3,1,((#7187,#7188),(#7189,#7190),(#7191,
#7192),(#7193,#7194)),.UNSPECIFIED.,.F.,.F.,.F.,(4,4),(2,2),(0.,1.),(0.,
0.01),.UNSPECIFIED.);
#344=B_SPLINE_SURFACE_WITH_KNOTS('',3,1,((#7209,#7210),(#7211,#7212),(#7213,
#7214),(#7215,#7216)),.UNSPECIFIED.,.F.,.F.,.F.,(4,4),(2,2),(0.,1.),(0.,
0.01),.UNSPECIFIED.);
#345=B_SPLINE_SURFACE_WITH_KNOTS('',3,1,((#7228,#7229),(#7230,#7231),(#7232,
#7233),(#7234,#7235)),.UNSPECIFIED.,.F.,.F.,.F.,(4,4),(2,2),(0.,1.),(0.,
0.01),.UNSPECIFIED.);
#346=B_SPLINE_SURFACE_WITH_KNOTS('',3,1,((#7247,#7248),(#7249,#7250),(#7251,
#7252),(#7253,#7254)),.UNSPECIFIED.,.F.,.F.,.F.,(4,4),(2,2),(0.,1.),(0.,
0.01),.UNSPECIFIED.);
#347=B_SPLINE_SURFACE_WITH_KNOTS('',3,1,((#7272,#7273),(#7274,#7275),(#7276,
#7277),(#7278,#7279)),.UNSPECIFIED.,.F.,.F.,.F.,(4,4),(2,2),(0.,1.),(0.,
0.01),.UNSPECIFIED.);
#348=B_SPLINE_SURFACE_WITH_KNOTS('',3,1,((#7291,#7292),(#7293,#7294),(#7295,
#7296),(#7297,#7298)),.UNSPECIFIED.,.F.,.F.,.F.,(4,4),(2,2),(0.,1.),(0.,
0.01),.UNSPECIFIED.);
#349=B_SPLINE_SURFACE_WITH_KNOTS('',3,1,((#7310,#7311),(#7312,#7313),(#7314,
#7315),(#7316,#7317)),.UNSPECIFIED.,.F.,.F.,.F.,(4,4),(2,2),(0.,1.),(0.,
0.01),.UNSPECIFIED.);
#350=B_SPLINE_SURFACE_WITH_KNOTS('',3,1,((#7329,#7330),(#7331,#7332),(#7333,
#7334),(#7335,#7336)),.UNSPECIFIED.,.F.,.F.,.F.,(4,4),(2,2),(0.,1.),(0.,
0.01),.UNSPECIFIED.);
#351=B_SPLINE_SURFACE_WITH_KNOTS('',3,1,((#7348,#7349),(#7350,#7351),(#7352,
#7353),(#7354,#7355)),.UNSPECIFIED.,.F.,.F.,.F.,(4,4),(2,2),(0.,1.),(0.,
0.01),.UNSPECIFIED.);
#352=B_SPLINE_SURFACE_WITH_KNOTS('',3,1,((#7367,#7368),(#7369,#7370),(#7371,
#7372),(#7373,#7374)),.UNSPECIFIED.,.F.,.F.,.F.,(4,4),(2,2),(0.,1.),(0.,
0.01),.UNSPECIFIED.);
#353=B_SPLINE_SURFACE_WITH_KNOTS('',3,1,((#7386,#7387),(#7388,#7389),(#7390,
#7391),(#7392,#7393)),.UNSPECIFIED.,.F.,.F.,.F.,(4,4),(2,2),(0.,1.),(0.,
0.01),.UNSPECIFIED.);
#354=B_SPLINE_SURFACE_WITH_KNOTS('',3,1,((#7411,#7412),(#7413,#7414),(#7415,
#7416),(#7417,#7418)),.UNSPECIFIED.,.F.,.F.,.F.,(4,4),(2,2),(0.,1.),(0.,
0.01),.UNSPECIFIED.);
#355=B_SPLINE_SURFACE_WITH_KNOTS('',3,1,((#7430,#7431),(#7432,#7433),(#7434,
#7435),(#7436,#7437)),.UNSPECIFIED.,.F.,.F.,.F.,(4,4),(2,2),(0.,1.),(0.,
0.01),.UNSPECIFIED.);
#356=B_SPLINE_SURFACE_WITH_KNOTS('',3,1,((#7449,#7450),(#7451,#7452),(#7453,
#7454),(#7455,#7456)),.UNSPECIFIED.,.F.,.F.,.F.,(4,4),(2,2),(0.,1.),(0.,
0.01),.UNSPECIFIED.);
#357=B_SPLINE_SURFACE_WITH_KNOTS('',3,1,((#7468,#7469),(#7470,#7471),(#7472,
#7473),(#7474,#7475)),.UNSPECIFIED.,.F.,.F.,.F.,(4,4),(2,2),(0.,1.),(0.,
0.01),.UNSPECIFIED.);
#358=B_SPLINE_SURFACE_WITH_KNOTS('',3,1,((#7487,#7488),(#7489,#7490),(#7491,
#7492),(#7493,#7494)),.UNSPECIFIED.,.F.,.F.,.F.,(4,4),(2,2),(0.,1.),(0.,
0.01),.UNSPECIFIED.);
#359=B_SPLINE_SURFACE_WITH_KNOTS('',3,1,((#7506,#7507),(#7508,#7509),(#7510,
#7511),(#7512,#7513)),.UNSPECIFIED.,.F.,.F.,.F.,(4,4),(2,2),(0.,1.),(0.,
0.01),.UNSPECIFIED.);
#360=B_SPLINE_SURFACE_WITH_KNOTS('',3,1,((#7525,#7526),(#7527,#7528),(#7529,
#7530),(#7531,#7532)),.UNSPECIFIED.,.F.,.F.,.F.,(4,4),(2,2),(0.,1.),(0.,
0.01),.UNSPECIFIED.);
#361=B_SPLINE_SURFACE_WITH_KNOTS('',3,1,((#7544,#7545),(#7546,#7547),(#7548,
#7549),(#7550,#7551)),.UNSPECIFIED.,.F.,.F.,.F.,(4,4),(2,2),(0.,1.),(0.,
0.01),.UNSPECIFIED.);
#362=B_SPLINE_SURFACE_WITH_KNOTS('',3,1,((#7563,#7564),(#7565,#7566),(#7567,
#7568),(#7569,#7570)),.UNSPECIFIED.,.F.,.F.,.F.,(4,4),(2,2),(0.,1.),(0.,
0.01),.UNSPECIFIED.);
#363=B_SPLINE_SURFACE_WITH_KNOTS('',3,1,((#7582,#7583),(#7584,#7585),(#7586,
#7587),(#7588,#7589)),.UNSPECIFIED.,.F.,.F.,.F.,(4,4),(2,2),(0.,1.),(0.,
0.01),.UNSPECIFIED.);
#364=B_SPLINE_SURFACE_WITH_KNOTS('',3,1,((#7601,#7602),(#7603,#7604),(#7605,
#7606),(#7607,#7608)),.UNSPECIFIED.,.F.,.F.,.F.,(4,4),(2,2),(0.,1.),(0.,
0.01),.UNSPECIFIED.);
#365=B_SPLINE_SURFACE_WITH_KNOTS('',3,1,((#7620,#7621),(#7622,#7623),(#7624,
#7625),(#7626,#7627)),.UNSPECIFIED.,.F.,.F.,.F.,(4,4),(2,2),(0.,1.),(0.,
0.01),.UNSPECIFIED.);
#366=B_SPLINE_SURFACE_WITH_KNOTS('',3,1,((#7645,#7646),(#7647,#7648),(#7649,
#7650),(#7651,#7652)),.UNSPECIFIED.,.F.,.F.,.F.,(4,4),(2,2),(0.,1.),(0.,
0.01),.UNSPECIFIED.);
#367=B_SPLINE_SURFACE_WITH_KNOTS('',3,1,((#7684,#7685),(#7686,#7687),(#7688,
#7689),(#7690,#7691)),.UNSPECIFIED.,.F.,.F.,.F.,(4,4),(2,2),(0.,1.),(0.,
0.01),.UNSPECIFIED.);
#368=B_SPLINE_SURFACE_WITH_KNOTS('',3,1,((#7703,#7704),(#7705,#7706),(#7707,
#7708),(#7709,#7710)),.UNSPECIFIED.,.F.,.F.,.F.,(4,4),(2,2),(0.,1.),(0.,
0.01),.UNSPECIFIED.);
#369=B_SPLINE_SURFACE_WITH_KNOTS('',3,1,((#7722,#7723),(#7724,#7725),(#7726,
#7727),(#7728,#7729)),.UNSPECIFIED.,.F.,.F.,.F.,(4,4),(2,2),(0.,1.),(0.,
0.01),.UNSPECIFIED.);
#370=B_SPLINE_SURFACE_WITH_KNOTS('',3,1,((#7759,#7760),(#7761,#7762),(#7763,
#7764),(#7765,#7766)),.UNSPECIFIED.,.F.,.F.,.F.,(4,4),(2,2),(0.,1.),(0.,
0.01),.UNSPECIFIED.);
#371=B_SPLINE_SURFACE_WITH_KNOTS('',3,1,((#7778,#7779),(#7780,#7781),(#7782,
#7783),(#7784,#7785)),.UNSPECIFIED.,.F.,.F.,.F.,(4,4),(2,2),(0.,1.),(0.,
0.01),.UNSPECIFIED.);
#372=B_SPLINE_SURFACE_WITH_KNOTS('',3,1,((#7797,#7798),(#7799,#7800),(#7801,
#7802),(#7803,#7804)),.UNSPECIFIED.,.F.,.F.,.F.,(4,4),(2,2),(0.,1.),(0.,
0.01),.UNSPECIFIED.);
#373=B_SPLINE_SURFACE_WITH_KNOTS('',3,1,((#7816,#7817),(#7818,#7819),(#7820,
#7821),(#7822,#7823)),.UNSPECIFIED.,.F.,.F.,.F.,(4,4),(2,2),(0.,1.),(0.,
0.01),.UNSPECIFIED.);
#374=B_SPLINE_SURFACE_WITH_KNOTS('',3,1,((#7846,#7847),(#7848,#7849),(#7850,
#7851),(#7852,#7853)),.UNSPECIFIED.,.F.,.F.,.F.,(4,4),(2,2),(0.,1.),(0.,
0.01),.UNSPECIFIED.);
#375=B_SPLINE_SURFACE_WITH_KNOTS('',3,1,((#7868,#7869),(#7870,#7871),(#7872,
#7873),(#7874,#7875)),.UNSPECIFIED.,.F.,.F.,.F.,(4,4),(2,2),(0.,1.),(0.,
0.01),.UNSPECIFIED.);
#376=B_SPLINE_SURFACE_WITH_KNOTS('',3,1,((#7887,#7888),(#7889,#7890),(#7891,
#7892),(#7893,#7894)),.UNSPECIFIED.,.F.,.F.,.F.,(4,4),(2,2),(0.,1.),(0.,
0.01),.UNSPECIFIED.);
#377=B_SPLINE_SURFACE_WITH_KNOTS('',3,1,((#7906,#7907),(#7908,#7909),(#7910,
#7911),(#7912,#7913)),.UNSPECIFIED.,.F.,.F.,.F.,(4,4),(2,2),(0.,1.),(0.,
0.01),.UNSPECIFIED.);
#378=B_SPLINE_SURFACE_WITH_KNOTS('',3,1,((#7931,#7932),(#7933,#7934),(#7935,
#7936),(#7937,#7938)),.UNSPECIFIED.,.F.,.F.,.F.,(4,4),(2,2),(0.,1.),(0.,
0.01),.UNSPECIFIED.);
#379=B_SPLINE_SURFACE_WITH_KNOTS('',3,1,((#7962,#7963),(#7964,#7965),(#7966,
#7967),(#7968,#7969)),.UNSPECIFIED.,.F.,.F.,.F.,(4,4),(2,2),(-1.,0.),(0.,
0.01),.UNSPECIFIED.);
#380=B_SPLINE_SURFACE_WITH_KNOTS('',3,1,((#7981,#7982),(#7983,#7984),(#7985,
#7986),(#7987,#7988)),.UNSPECIFIED.,.F.,.F.,.F.,(4,4),(2,2),(-1.,0.),(0.,
0.01),.UNSPECIFIED.);
#381=B_SPLINE_SURFACE_WITH_KNOTS('',3,1,((#8000,#8001),(#8002,#8003),(#8004,
#8005),(#8006,#8007)),.UNSPECIFIED.,.F.,.F.,.F.,(4,4),(2,2),(-1.,0.),(0.,
0.01),.UNSPECIFIED.);
#382=B_SPLINE_SURFACE_WITH_KNOTS('',3,1,((#8019,#8020),(#8021,#8022),(#8023,
#8024),(#8025,#8026)),.UNSPECIFIED.,.F.,.F.,.F.,(4,4),(2,2),(-1.,0.),(0.,
0.01),.UNSPECIFIED.);
#383=B_SPLINE_SURFACE_WITH_KNOTS('',3,1,((#8038,#8039),(#8040,#8041),(#8042,
#8043),(#8044,#8045)),.UNSPECIFIED.,.F.,.F.,.F.,(4,4),(2,2),(-1.,0.),(0.,
0.01),.UNSPECIFIED.);
#384=B_SPLINE_SURFACE_WITH_KNOTS('',3,1,((#8057,#8058),(#8059,#8060),(#8061,
#8062),(#8063,#8064)),.UNSPECIFIED.,.F.,.F.,.F.,(4,4),(2,2),(-1.,0.),(0.,
0.01),.UNSPECIFIED.);
#385=B_SPLINE_SURFACE_WITH_KNOTS('',3,1,((#8082,#8083),(#8084,#8085),(#8086,
#8087),(#8088,#8089)),.UNSPECIFIED.,.F.,.F.,.F.,(4,4),(2,2),(-1.,0.),(0.,
0.01),.UNSPECIFIED.);
#386=B_SPLINE_SURFACE_WITH_KNOTS('',3,1,((#8101,#8102),(#8103,#8104),(#8105,
#8106),(#8107,#8108)),.UNSPECIFIED.,.F.,.F.,.F.,(4,4),(2,2),(-1.,0.),(0.,
0.01),.UNSPECIFIED.);
#387=B_SPLINE_SURFACE_WITH_KNOTS('',3,1,((#8120,#8121),(#8122,#8123),(#8124,
#8125),(#8126,#8127)),.UNSPECIFIED.,.F.,.F.,.F.,(4,4),(2,2),(-1.,0.),(0.,
0.01),.UNSPECIFIED.);
#388=B_SPLINE_SURFACE_WITH_KNOTS('',3,1,((#8139,#8140),(#8141,#8142),(#8143,
#8144),(#8145,#8146)),.UNSPECIFIED.,.F.,.F.,.F.,(4,4),(2,2),(-1.,0.),(0.,
0.01),.UNSPECIFIED.);
#389=B_SPLINE_SURFACE_WITH_KNOTS('',3,1,((#8158,#8159),(#8160,#8161),(#8162,
#8163),(#8164,#8165)),.UNSPECIFIED.,.F.,.F.,.F.,(4,4),(2,2),(-1.,0.),(0.,
0.01),.UNSPECIFIED.);
#390=B_SPLINE_SURFACE_WITH_KNOTS('',3,1,((#8183,#8184),(#8185,#8186),(#8187,
#8188),(#8189,#8190)),.UNSPECIFIED.,.F.,.F.,.F.,(4,4),(2,2),(-1.,0.),(0.,
0.01),.UNSPECIFIED.);
#391=B_SPLINE_SURFACE_WITH_KNOTS('',3,1,((#8214,#8215),(#8216,#8217),(#8218,
#8219),(#8220,#8221)),.UNSPECIFIED.,.F.,.F.,.F.,(4,4),(2,2),(-1.,0.),(0.,
0.01),.UNSPECIFIED.);
#392=B_SPLINE_SURFACE_WITH_KNOTS('',3,1,((#8233,#8234),(#8235,#8236),(#8237,
#8238),(#8239,#8240)),.UNSPECIFIED.,.F.,.F.,.F.,(4,4),(2,2),(-1.,0.),(0.,
0.01),.UNSPECIFIED.);
#393=B_SPLINE_SURFACE_WITH_KNOTS('',3,1,((#8252,#8253),(#8254,#8255),(#8256,
#8257),(#8258,#8259)),.UNSPECIFIED.,.F.,.F.,.F.,(4,4),(2,2),(-1.,0.),(0.,
0.01),.UNSPECIFIED.);
#394=B_SPLINE_SURFACE_WITH_KNOTS('',3,1,((#8271,#8272),(#8273,#8274),(#8275,
#8276),(#8277,#8278)),.UNSPECIFIED.,.F.,.F.,.F.,(4,4),(2,2),(-1.,0.),(0.,
0.01),.UNSPECIFIED.);
#395=B_SPLINE_SURFACE_WITH_KNOTS('',3,1,((#8290,#8291),(#8292,#8293),(#8294,
#8295),(#8296,#8297)),.UNSPECIFIED.,.F.,.F.,.F.,(4,4),(2,2),(-1.,0.),(0.,
0.01),.UNSPECIFIED.);
#396=B_SPLINE_SURFACE_WITH_KNOTS('',3,1,((#8329,#8330),(#8331,#8332),(#8333,
#8334),(#8335,#8336)),.UNSPECIFIED.,.F.,.F.,.F.,(4,4),(2,2),(0.,1.),(0.,
0.01),.UNSPECIFIED.);
#397=B_SPLINE_SURFACE_WITH_KNOTS('',3,1,((#8348,#8349),(#8350,#8351),(#8352,
#8353),(#8354,#8355)),.UNSPECIFIED.,.F.,.F.,.F.,(4,4),(2,2),(0.,1.),(0.,
0.01),.UNSPECIFIED.);
#398=B_SPLINE_SURFACE_WITH_KNOTS('',3,1,((#8367,#8368),(#8369,#8370),(#8371,
#8372),(#8373,#8374)),.UNSPECIFIED.,.F.,.F.,.F.,(4,4),(2,2),(0.,1.),(0.,
0.01),.UNSPECIFIED.);
#399=B_SPLINE_SURFACE_WITH_KNOTS('',3,1,((#8386,#8387),(#8388,#8389),(#8390,
#8391),(#8392,#8393)),.UNSPECIFIED.,.F.,.F.,.F.,(4,4),(2,2),(0.,1.),(0.,
0.01),.UNSPECIFIED.);
#400=B_SPLINE_SURFACE_WITH_KNOTS('',3,1,((#8402,#8403),(#8404,#8405),(#8406,
#8407),(#8408,#8409)),.UNSPECIFIED.,.F.,.F.,.F.,(4,4),(2,2),(0.,1.),(0.,
0.01),.UNSPECIFIED.);
#401=B_SPLINE_SURFACE_WITH_KNOTS('',3,1,((#8424,#8425),(#8426,#8427),(#8428,
#8429),(#8430,#8431)),.UNSPECIFIED.,.F.,.F.,.F.,(4,4),(2,2),(0.,1.),(0.,
0.01),.UNSPECIFIED.);
#402=B_SPLINE_SURFACE_WITH_KNOTS('',3,1,((#8443,#8444),(#8445,#8446),(#8447,
#8448),(#8449,#8450)),.UNSPECIFIED.,.F.,.F.,.F.,(4,4),(2,2),(0.,1.),(0.,
0.01),.UNSPECIFIED.);
#403=B_SPLINE_SURFACE_WITH_KNOTS('',3,1,((#8492,#8493),(#8494,#8495),(#8496,
#8497),(#8498,#8499)),.UNSPECIFIED.,.F.,.F.,.F.,(4,4),(2,2),(0.,1.),(0.,
0.01),.UNSPECIFIED.);
#404=SHAPE_REPRESENTATION_RELATIONSHIP('SRR','None',#8547,#408);
#405=SHAPE_REPRESENTATION_RELATIONSHIP('SRR','None',#8548,#409);
#406=SHAPE_REPRESENTATION_RELATIONSHIP('SRR','None',#8549,#410);
#407=SHAPE_REPRESENTATION_RELATIONSHIP('SRR','None',#8550,#411);
#408=ADVANCED_BREP_SHAPE_REPRESENTATION($,(#426),#8521);
#409=ADVANCED_BREP_SHAPE_REPRESENTATION($,(#427),#8522);
#410=ADVANCED_BREP_SHAPE_REPRESENTATION($,(#428,#429),#8523);
#411=ADVANCED_BREP_SHAPE_REPRESENTATION($,(#430,#431,#432,#433,#434,#435,
#436,#437,#438,#439),#8524);
#412=STYLED_ITEM('',(#8576),#426);
#413=STYLED_ITEM('',(#8577),#427);
#414=STYLED_ITEM('',(#8578),#428);
#415=STYLED_ITEM('',(#8578),#429);
#416=STYLED_ITEM('',(#8579),#430);
#417=STYLED_ITEM('',(#8579),#431);
#418=STYLED_ITEM('',(#8579),#432);
#419=STYLED_ITEM('',(#8579),#433);
#420=STYLED_ITEM('',(#8579),#434);
#421=STYLED_ITEM('',(#8579),#435);
#422=STYLED_ITEM('',(#8579),#436);
#423=STYLED_ITEM('',(#8579),#437);
#424=STYLED_ITEM('',(#8579),#438);
#425=STYLED_ITEM('',(#8579),#439);
#426=MANIFOLD_SOLID_BREP('Solid1',#4617);
#427=MANIFOLD_SOLID_BREP('Solid1',#4618);
#428=MANIFOLD_SOLID_BREP('Solid1',#4619);
#429=MANIFOLD_SOLID_BREP('Solid1',#4620);
#430=MANIFOLD_SOLID_BREP('Solid1',#4621);
#431=MANIFOLD_SOLID_BREP('Solid1',#4622);
#432=MANIFOLD_SOLID_BREP('Solid1',#4623);
#433=MANIFOLD_SOLID_BREP('Solid1',#4624);
#434=MANIFOLD_SOLID_BREP('Solid1',#4625);
#435=MANIFOLD_SOLID_BREP('Solid1',#4626);
#436=MANIFOLD_SOLID_BREP('Solid1',#4627);
#437=MANIFOLD_SOLID_BREP('Solid1',#4628);
#438=MANIFOLD_SOLID_BREP('Solid1',#4629);
#439=MANIFOLD_SOLID_BREP('Solid1',#4630);
#440=PLANE('',#4635);
#441=PLANE('',#4636);
#442=PLANE('',#4642);
#443=PLANE('',#4647);
#444=PLANE('',#4648);
#445=PLANE('',#4649);
#446=PLANE('',#4651);
#447=PLANE('',#4652);
#448=PLANE('',#4653);
#449=PLANE('',#4654);
#450=PLANE('',#4655);
#451=PLANE('',#4656);
#452=PLANE('',#4658);
#453=PLANE('',#4659);
#454=PLANE('',#4660);
#455=PLANE('',#4664);
#456=PLANE('',#4665);
#457=PLANE('',#4673);
#458=PLANE('',#4678);
#459=PLANE('',#4681);
#460=PLANE('',#4684);
#461=PLANE('',#4685);
#462=PLANE('',#4686);
#463=PLANE('',#4687);
#464=PLANE('',#4688);
#465=PLANE('',#4689);
#466=PLANE('',#4690);
#467=PLANE('',#4691);
#468=PLANE('',#4692);
#469=PLANE('',#4699);
#470=PLANE('',#4703);
#471=PLANE('',#4704);
#472=PLANE('',#4712);
#473=PLANE('',#4715);
#474=PLANE('',#4716);
#475=PLANE('',#4717);
#476=PLANE('',#4718);
#477=PLANE('',#4719);
#478=PLANE('',#4720);
#479=PLANE('',#4721);
#480=PLANE('',#4722);
#481=PLANE('',#4723);
#482=PLANE('',#4725);
#483=PLANE('',#4726);
#484=PLANE('',#4727);
#485=PLANE('',#4728);
#486=PLANE('',#4729);
#487=PLANE('',#4730);
#488=PLANE('',#4731);
#489=PLANE('',#4732);
#490=PLANE('',#4733);
#491=PLANE('',#4734);
#492=PLANE('',#4735);
#493=PLANE('',#4736);
#494=PLANE('',#4737);
#495=PLANE('',#4738);
#496=PLANE('',#4739);
#497=PLANE('',#4740);
#498=PLANE('',#4741);
#499=PLANE('',#4742);
#500=PLANE('',#4743);
#501=PLANE('',#4744);
#502=PLANE('',#4745);
#503=PLANE('',#4746);
#504=PLANE('',#4747);
#505=PLANE('',#4748);
#506=PLANE('',#4749);
#507=PLANE('',#4750);
#508=PLANE('',#4751);
#509=PLANE('',#4752);
#510=PLANE('',#4753);
#511=PLANE('',#4754);
#512=PLANE('',#4755);
#513=PLANE('',#4756);
#514=PLANE('',#4757);
#515=PLANE('',#4758);
#516=PLANE('',#4759);
#517=PLANE('',#4760);
#518=PLANE('',#4761);
#519=PLANE('',#4762);
#520=PLANE('',#4763);
#521=PLANE('',#4764);
#522=PLANE('',#4765);
#523=PLANE('',#4766);
#524=PLANE('',#4767);
#525=PLANE('',#4768);
#526=PLANE('',#4769);
#527=PLANE('',#4770);
#528=PLANE('',#4771);
#529=PLANE('',#4772);
#530=PLANE('',#4773);
#531=PLANE('',#4774);
#532=PLANE('',#4775);
#533=PLANE('',#4776);
#534=PLANE('',#4777);
#535=PLANE('',#4778);
#536=PLANE('',#4779);
#537=PLANE('',#4780);
#538=PLANE('',#4781);
#539=PLANE('',#4782);
#540=PLANE('',#4783);
#541=PLANE('',#4784);
#542=PLANE('',#4785);
#543=PLANE('',#4786);
#544=PLANE('',#4787);
#545=PLANE('',#4788);
#546=PLANE('',#4789);
#547=PLANE('',#4790);
#548=PLANE('',#4791);
#549=PLANE('',#4792);
#550=PLANE('',#4793);
#551=PLANE('',#4794);
#552=PLANE('',#4795);
#553=FACE_OUTER_BOUND('',#805,.T.);
#554=FACE_OUTER_BOUND('',#806,.T.);
#555=FACE_OUTER_BOUND('',#807,.T.);
#556=FACE_OUTER_BOUND('',#808,.T.);
#557=FACE_OUTER_BOUND('',#809,.T.);
#558=FACE_OUTER_BOUND('',#810,.T.);
#559=FACE_OUTER_BOUND('',#811,.T.);
#560=FACE_OUTER_BOUND('',#812,.T.);
#561=FACE_OUTER_BOUND('',#813,.T.);
#562=FACE_OUTER_BOUND('',#814,.T.);
#563=FACE_OUTER_BOUND('',#815,.T.);
#564=FACE_OUTER_BOUND('',#816,.T.);
#565=FACE_OUTER_BOUND('',#817,.T.);
#566=FACE_OUTER_BOUND('',#818,.T.);
#567=FACE_OUTER_BOUND('',#819,.T.);
#568=FACE_OUTER_BOUND('',#820,.T.);
#569=FACE_OUTER_BOUND('',#821,.T.);
#570=FACE_OUTER_BOUND('',#822,.T.);
#571=FACE_OUTER_BOUND('',#823,.T.);
#572=FACE_OUTER_BOUND('',#824,.T.);
#573=FACE_OUTER_BOUND('',#825,.T.);
#574=FACE_OUTER_BOUND('',#826,.T.);
#575=FACE_OUTER_BOUND('',#827,.T.);
#576=FACE_OUTER_BOUND('',#828,.T.);
#577=FACE_OUTER_BOUND('',#829,.T.);
#578=FACE_OUTER_BOUND('',#830,.T.);
#579=FACE_OUTER_BOUND('',#831,.T.);
#580=FACE_OUTER_BOUND('',#832,.T.);
#581=FACE_OUTER_BOUND('',#833,.T.);
#582=FACE_OUTER_BOUND('',#834,.T.);
#583=FACE_OUTER_BOUND('',#835,.T.);
#584=FACE_OUTER_BOUND('',#836,.T.);
#585=FACE_OUTER_BOUND('',#837,.T.);
#586=FACE_OUTER_BOUND('',#838,.T.);
#587=FACE_OUTER_BOUND('',#839,.T.);
#588=FACE_OUTER_BOUND('',#840,.T.);
#589=FACE_OUTER_BOUND('',#841,.T.);
#590=FACE_OUTER_BOUND('',#842,.T.);
#591=FACE_OUTER_BOUND('',#843,.T.);
#592=FACE_OUTER_BOUND('',#844,.T.);
#593=FACE_OUTER_BOUND('',#845,.T.);
#594=FACE_OUTER_BOUND('',#846,.T.);
#595=FACE_OUTER_BOUND('',#847,.T.);
#596=FACE_OUTER_BOUND('',#848,.T.);
#597=FACE_OUTER_BOUND('',#849,.T.);
#598=FACE_OUTER_BOUND('',#850,.T.);
#599=FACE_OUTER_BOUND('',#851,.T.);
#600=FACE_OUTER_BOUND('',#852,.T.);
#601=FACE_OUTER_BOUND('',#853,.T.);
#602=FACE_OUTER_BOUND('',#854,.T.);
#603=FACE_OUTER_BOUND('',#855,.T.);
#604=FACE_OUTER_BOUND('',#856,.T.);
#605=FACE_OUTER_BOUND('',#857,.T.);
#606=FACE_OUTER_BOUND('',#858,.T.);
#607=FACE_OUTER_BOUND('',#859,.T.);
#608=FACE_OUTER_BOUND('',#860,.T.);
#609=FACE_OUTER_BOUND('',#861,.T.);
#610=FACE_OUTER_BOUND('',#862,.T.);
#611=FACE_OUTER_BOUND('',#863,.T.);
#612=FACE_OUTER_BOUND('',#864,.T.);
#613=FACE_OUTER_BOUND('',#865,.T.);
#614=FACE_OUTER_BOUND('',#866,.T.);
#615=FACE_OUTER_BOUND('',#867,.T.);
#616=FACE_OUTER_BOUND('',#868,.T.);
#617=FACE_OUTER_BOUND('',#869,.T.);
#618=FACE_OUTER_BOUND('',#870,.T.);
#619=FACE_OUTER_BOUND('',#871,.T.);
#620=FACE_OUTER_BOUND('',#872,.T.);
#621=FACE_OUTER_BOUND('',#873,.T.);
#622=FACE_OUTER_BOUND('',#874,.T.);
#623=FACE_OUTER_BOUND('',#875,.T.);
#624=FACE_OUTER_BOUND('',#876,.T.);
#625=FACE_OUTER_BOUND('',#877,.T.);
#626=FACE_OUTER_BOUND('',#878,.T.);
#627=FACE_OUTER_BOUND('',#880,.T.);
#628=FACE_OUTER_BOUND('',#882,.T.);
#629=FACE_OUTER_BOUND('',#883,.T.);
#630=FACE_OUTER_BOUND('',#884,.T.);
#631=FACE_OUTER_BOUND('',#885,.T.);
#632=FACE_OUTER_BOUND('',#886,.T.);
#633=FACE_OUTER_BOUND('',#887,.T.);
#634=FACE_OUTER_BOUND('',#888,.T.);
#635=FACE_OUTER_BOUND('',#889,.T.);
#636=FACE_OUTER_BOUND('',#890,.T.);
#637=FACE_OUTER_BOUND('',#891,.T.);
#638=FACE_OUTER_BOUND('',#892,.T.);
#639=FACE_OUTER_BOUND('',#893,.T.);
#640=FACE_OUTER_BOUND('',#894,.T.);
#641=FACE_OUTER_BOUND('',#895,.T.);
#642=FACE_OUTER_BOUND('',#896,.T.);
#643=FACE_OUTER_BOUND('',#897,.T.);
#644=FACE_OUTER_BOUND('',#898,.T.);
#645=FACE_OUTER_BOUND('',#899,.T.);
#646=FACE_OUTER_BOUND('',#900,.T.);
#647=FACE_OUTER_BOUND('',#901,.T.);
#648=FACE_OUTER_BOUND('',#902,.T.);
#649=FACE_OUTER_BOUND('',#903,.T.);
#650=FACE_OUTER_BOUND('',#904,.T.);
#651=FACE_OUTER_BOUND('',#905,.T.);
#652=FACE_OUTER_BOUND('',#906,.T.);
#653=FACE_OUTER_BOUND('',#907,.T.);
#654=FACE_OUTER_BOUND('',#908,.T.);
#655=FACE_OUTER_BOUND('',#909,.T.);
#656=FACE_OUTER_BOUND('',#910,.T.);
#657=FACE_OUTER_BOUND('',#911,.T.);
#658=FACE_OUTER_BOUND('',#913,.T.);
#659=FACE_OUTER_BOUND('',#915,.T.);
#660=FACE_OUTER_BOUND('',#916,.T.);
#661=FACE_OUTER_BOUND('',#917,.T.);
#662=FACE_OUTER_BOUND('',#918,.T.);
#663=FACE_OUTER_BOUND('',#919,.T.);
#664=FACE_OUTER_BOUND('',#920,.T.);
#665=FACE_OUTER_BOUND('',#921,.T.);
#666=FACE_OUTER_BOUND('',#922,.T.);
#667=FACE_OUTER_BOUND('',#923,.T.);
#668=FACE_OUTER_BOUND('',#924,.T.);
#669=FACE_OUTER_BOUND('',#925,.T.);
#670=FACE_OUTER_BOUND('',#926,.T.);
#671=FACE_OUTER_BOUND('',#927,.T.);
#672=FACE_OUTER_BOUND('',#928,.T.);
#673=FACE_OUTER_BOUND('',#929,.T.);
#674=FACE_OUTER_BOUND('',#930,.T.);
#675=FACE_OUTER_BOUND('',#931,.T.);
#676=FACE_OUTER_BOUND('',#932,.T.);
#677=FACE_OUTER_BOUND('',#933,.T.);
#678=FACE_OUTER_BOUND('',#934,.T.);
#679=FACE_OUTER_BOUND('',#935,.T.);
#680=FACE_OUTER_BOUND('',#936,.T.);
#681=FACE_OUTER_BOUND('',#937,.T.);
#682=FACE_OUTER_BOUND('',#938,.T.);
#683=FACE_OUTER_BOUND('',#939,.T.);
#684=FACE_OUTER_BOUND('',#940,.T.);
#685=FACE_OUTER_BOUND('',#941,.T.);
#686=FACE_OUTER_BOUND('',#942,.T.);
#687=FACE_OUTER_BOUND('',#943,.T.);
#688=FACE_OUTER_BOUND('',#944,.T.);
#689=FACE_OUTER_BOUND('',#945,.T.);
#690=FACE_OUTER_BOUND('',#946,.T.);
#691=FACE_OUTER_BOUND('',#947,.T.);
#692=FACE_OUTER_BOUND('',#948,.T.);
#693=FACE_OUTER_BOUND('',#949,.T.);
#694=FACE_OUTER_BOUND('',#950,.T.);
#695=FACE_OUTER_BOUND('',#951,.T.);
#696=FACE_OUTER_BOUND('',#952,.T.);
#697=FACE_OUTER_BOUND('',#953,.T.);
#698=FACE_OUTER_BOUND('',#954,.T.);
#699=FACE_OUTER_BOUND('',#955,.T.);
#700=FACE_OUTER_BOUND('',#956,.T.);
#701=FACE_OUTER_BOUND('',#957,.T.);
#702=FACE_OUTER_BOUND('',#958,.T.);
#703=FACE_OUTER_BOUND('',#959,.T.);
#704=FACE_OUTER_BOUND('',#960,.T.);
#705=FACE_OUTER_BOUND('',#961,.T.);
#706=FACE_OUTER_BOUND('',#962,.T.);
#707=FACE_OUTER_BOUND('',#963,.T.);
#708=FACE_OUTER_BOUND('',#964,.T.);
#709=FACE_OUTER_BOUND('',#965,.T.);
#710=FACE_OUTER_BOUND('',#966,.T.);
#711=FACE_OUTER_BOUND('',#967,.T.);
#712=FACE_OUTER_BOUND('',#968,.T.);
#713=FACE_OUTER_BOUND('',#969,.T.);
#714=FACE_OUTER_BOUND('',#970,.T.);
#715=FACE_OUTER_BOUND('',#971,.T.);
#716=FACE_OUTER_BOUND('',#972,.T.);
#717=FACE_OUTER_BOUND('',#973,.T.);
#718=FACE_OUTER_BOUND('',#974,.T.);
#719=FACE_OUTER_BOUND('',#975,.T.);
#720=FACE_OUTER_BOUND('',#976,.T.);
#721=FACE_OUTER_BOUND('',#977,.T.);
#722=FACE_OUTER_BOUND('',#978,.T.);
#723=FACE_OUTER_BOUND('',#979,.T.);
#724=FACE_OUTER_BOUND('',#980,.T.);
#725=FACE_OUTER_BOUND('',#981,.T.);
#726=FACE_OUTER_BOUND('',#982,.T.);
#727=FACE_OUTER_BOUND('',#983,.T.);
#728=FACE_OUTER_BOUND('',#984,.T.);
#729=FACE_OUTER_BOUND('',#985,.T.);
#730=FACE_OUTER_BOUND('',#986,.T.);
#731=FACE_OUTER_BOUND('',#987,.T.);
#732=FACE_OUTER_BOUND('',#988,.T.);
#733=FACE_OUTER_BOUND('',#989,.T.);
#734=FACE_OUTER_BOUND('',#990,.T.);
#735=FACE_OUTER_BOUND('',#991,.T.);
#736=FACE_OUTER_BOUND('',#992,.T.);
#737=FACE_OUTER_BOUND('',#993,.T.);
#738=FACE_OUTER_BOUND('',#994,.T.);
#739=FACE_OUTER_BOUND('',#995,.T.);
#740=FACE_OUTER_BOUND('',#996,.T.);
#741=FACE_OUTER_BOUND('',#997,.T.);
#742=FACE_OUTER_BOUND('',#998,.T.);
#743=FACE_OUTER_BOUND('',#999,.T.);
#744=FACE_OUTER_BOUND('',#1000,.T.);
#745=FACE_OUTER_BOUND('',#1001,.T.);
#746=FACE_OUTER_BOUND('',#1002,.T.);
#747=FACE_OUTER_BOUND('',#1003,.T.);
#748=FACE_OUTER_BOUND('',#1004,.T.);
#749=FACE_OUTER_BOUND('',#1005,.T.);
#750=FACE_OUTER_BOUND('',#1006,.T.);
#751=FACE_OUTER_BOUND('',#1007,.T.);
#752=FACE_OUTER_BOUND('',#1008,.T.);
#753=FACE_OUTER_BOUND('',#1009,.T.);
#754=FACE_OUTER_BOUND('',#1010,.T.);
#755=FACE_OUTER_BOUND('',#1011,.T.);
#756=FACE_OUTER_BOUND('',#1012,.T.);
#757=FACE_OUTER_BOUND('',#1013,.T.);
#758=FACE_OUTER_BOUND('',#1014,.T.);
#759=FACE_OUTER_BOUND('',#1015,.T.);
#760=FACE_OUTER_BOUND('',#1016,.T.);
#761=FACE_OUTER_BOUND('',#1017,.T.);
#762=FACE_OUTER_BOUND('',#1018,.T.);
#763=FACE_OUTER_BOUND('',#1019,.T.);
#764=FACE_OUTER_BOUND('',#1020,.T.);
#765=FACE_OUTER_BOUND('',#1021,.T.);
#766=FACE_OUTER_BOUND('',#1022,.T.);
#767=FACE_OUTER_BOUND('',#1023,.T.);
#768=FACE_OUTER_BOUND('',#1024,.T.);
#769=FACE_OUTER_BOUND('',#1025,.T.);
#770=FACE_OUTER_BOUND('',#1026,.T.);
#771=FACE_OUTER_BOUND('',#1027,.T.);
#772=FACE_OUTER_BOUND('',#1028,.T.);
#773=FACE_OUTER_BOUND('',#1029,.T.);
#774=FACE_OUTER_BOUND('',#1030,.T.);
#775=FACE_OUTER_BOUND('',#1031,.T.);
#776=FACE_OUTER_BOUND('',#1032,.T.);
#777=FACE_OUTER_BOUND('',#1033,.T.);
#778=FACE_OUTER_BOUND('',#1034,.T.);
#779=FACE_OUTER_BOUND('',#1035,.T.);
#780=FACE_OUTER_BOUND('',#1036,.T.);
#781=FACE_OUTER_BOUND('',#1037,.T.);
#782=FACE_OUTER_BOUND('',#1038,.T.);
#783=FACE_OUTER_BOUND('',#1039,.T.);
#784=FACE_OUTER_BOUND('',#1040,.T.);
#785=FACE_OUTER_BOUND('',#1041,.T.);
#786=FACE_OUTER_BOUND('',#1043,.T.);
#787=FACE_OUTER_BOUND('',#1045,.T.);
#788=FACE_OUTER_BOUND('',#1046,.T.);
#789=FACE_OUTER_BOUND('',#1047,.T.);
#790=FACE_OUTER_BOUND('',#1048,.T.);
#791=FACE_OUTER_BOUND('',#1049,.T.);
#792=FACE_OUTER_BOUND('',#1050,.T.);
#793=FACE_OUTER_BOUND('',#1051,.T.);
#794=FACE_OUTER_BOUND('',#1052,.T.);
#795=FACE_OUTER_BOUND('',#1053,.T.);
#796=FACE_OUTER_BOUND('',#1054,.T.);
#797=FACE_OUTER_BOUND('',#1055,.T.);
#798=FACE_OUTER_BOUND('',#1056,.T.);
#799=FACE_OUTER_BOUND('',#1057,.T.);
#800=FACE_OUTER_BOUND('',#1058,.T.);
#801=FACE_OUTER_BOUND('',#1059,.T.);
#802=FACE_OUTER_BOUND('',#1060,.T.);
#803=FACE_OUTER_BOUND('',#1061,.T.);
#804=FACE_OUTER_BOUND('',#1063,.T.);
#805=EDGE_LOOP('',(#3005,#3006,#3007,#3008));
#806=EDGE_LOOP('',(#3009,#3010,#3011,#3012));
#807=EDGE_LOOP('',(#3013,#3014,#3015,#3016,#3017,#3018,#3019,#3020));
#808=EDGE_LOOP('',(#3021,#3022,#3023,#3024));
#809=EDGE_LOOP('',(#3025,#3026,#3027,#3028));
#810=EDGE_LOOP('',(#3029,#3030,#3031,#3032));
#811=EDGE_LOOP('',(#3033,#3034,#3035,#3036));
#812=EDGE_LOOP('',(#3037,#3038,#3039,#3040));
#813=EDGE_LOOP('',(#3041,#3042,#3043,#3044));
#814=EDGE_LOOP('',(#3045,#3046,#3047,#3048,#3049,#3050,#3051,#3052));
#815=EDGE_LOOP('',(#3053,#3054,#3055,#3056));
#816=EDGE_LOOP('',(#3057,#3058,#3059,#3060));
#817=EDGE_LOOP('',(#3061,#3062,#3063,#3064));
#818=EDGE_LOOP('',(#3065,#3066,#3067,#3068));
#819=EDGE_LOOP('',(#3069,#3070,#3071,#3072));
#820=EDGE_LOOP('',(#3073,#3074,#3075,#3076));
#821=EDGE_LOOP('',(#3077,#3078,#3079,#3080));
#822=EDGE_LOOP('',(#3081,#3082,#3083,#3084));
#823=EDGE_LOOP('',(#3085,#3086,#3087,#3088,#3089,#3090,#3091,#3092));
#824=EDGE_LOOP('',(#3093,#3094,#3095,#3096));
#825=EDGE_LOOP('',(#3097,#3098,#3099,#3100));
#826=EDGE_LOOP('',(#3101,#3102,#3103,#3104,#3105,#3106,#3107,#3108,#3109,
#3110,#3111,#3112,#3113,#3114));
#827=EDGE_LOOP('',(#3115,#3116,#3117,#3118));
#828=EDGE_LOOP('',(#3119,#3120,#3121,#3122));
#829=EDGE_LOOP('',(#3123,#3124,#3125,#3126));
#830=EDGE_LOOP('',(#3127,#3128,#3129,#3130));
#831=EDGE_LOOP('',(#3131,#3132,#3133,#3134));
#832=EDGE_LOOP('',(#3135,#3136,#3137,#3138));
#833=EDGE_LOOP('',(#3139,#3140,#3141,#3142));
#834=EDGE_LOOP('',(#3143,#3144,#3145,#3146));
#835=EDGE_LOOP('',(#3147,#3148,#3149,#3150));
#836=EDGE_LOOP('',(#3151,#3152,#3153,#3154));
#837=EDGE_LOOP('',(#3155,#3156,#3157,#3158));
#838=EDGE_LOOP('',(#3159,#3160,#3161,#3162));
#839=EDGE_LOOP('',(#3163,#3164,#3165,#3166,#3167,#3168,#3169,#3170));
#840=EDGE_LOOP('',(#3171,#3172,#3173,#3174,#3175,#3176,#3177,#3178,#3179,
#3180,#3181,#3182,#3183,#3184));
#841=EDGE_LOOP('',(#3185,#3186,#3187,#3188));
#842=EDGE_LOOP('',(#3189,#3190,#3191,#3192));
#843=EDGE_LOOP('',(#3193,#3194,#3195,#3196,#3197,#3198,#3199,#3200,#3201,
#3202));
#844=EDGE_LOOP('',(#3203,#3204,#3205,#3206));
#845=EDGE_LOOP('',(#3207,#3208,#3209,#3210));
#846=EDGE_LOOP('',(#3211,#3212,#3213,#3214));
#847=EDGE_LOOP('',(#3215,#3216,#3217,#3218));
#848=EDGE_LOOP('',(#3219,#3220,#3221,#3222));
#849=EDGE_LOOP('',(#3223,#3224,#3225,#3226,#3227,#3228,#3229,#3230,#3231,
#3232,#3233,#3234,#3235,#3236));
#850=EDGE_LOOP('',(#3237,#3238,#3239,#3240));
#851=EDGE_LOOP('',(#3241,#3242,#3243,#3244));
#852=EDGE_LOOP('',(#3245,#3246,#3247,#3248));
#853=EDGE_LOOP('',(#3249,#3250,#3251,#3252));
#854=EDGE_LOOP('',(#3253,#3254,#3255,#3256));
#855=EDGE_LOOP('',(#3257,#3258,#3259,#3260));
#856=EDGE_LOOP('',(#3261,#3262,#3263,#3264));
#857=EDGE_LOOP('',(#3265,#3266,#3267,#3268));
#858=EDGE_LOOP('',(#3269,#3270,#3271,#3272));
#859=EDGE_LOOP('',(#3273,#3274,#3275,#3276,#3277,#3278,#3279,#3280,#3281,
#3282));
#860=EDGE_LOOP('',(#3283,#3284,#3285,#3286));
#861=EDGE_LOOP('',(#3287,#3288,#3289,#3290,#3291,#3292,#3293,#3294,#3295,
#3296,#3297,#3298,#3299,#3300));
#862=EDGE_LOOP('',(#3301,#3302,#3303,#3304));
#863=EDGE_LOOP('',(#3305,#3306,#3307,#3308));
#864=EDGE_LOOP('',(#3309,#3310,#3311,#3312));
#865=EDGE_LOOP('',(#3313,#3314,#3315,#3316));
#866=EDGE_LOOP('',(#3317,#3318,#3319,#3320));
#867=EDGE_LOOP('',(#3321,#3322,#3323,#3324));
#868=EDGE_LOOP('',(#3325,#3326,#3327,#3328));
#869=EDGE_LOOP('',(#3329,#3330,#3331,#3332));
#870=EDGE_LOOP('',(#3333,#3334,#3335,#3336));
#871=EDGE_LOOP('',(#3337,#3338,#3339,#3340));
#872=EDGE_LOOP('',(#3341,#3342,#3343,#3344));
#873=EDGE_LOOP('',(#3345,#3346,#3347,#3348));
#874=EDGE_LOOP('',(#3349,#3350,#3351,#3352));
#875=EDGE_LOOP('',(#3353,#3354,#3355,#3356));
#876=EDGE_LOOP('',(#3357,#3358,#3359,#3360));
#877=EDGE_LOOP('',(#3361,#3362,#3363,#3364));
#878=EDGE_LOOP('',(#3365,#3366,#3367,#3368,#3369,#3370,#3371,#3372));
#879=EDGE_LOOP('',(#3373,#3374,#3375,#3376,#3377,#3378,#3379));
#880=EDGE_LOOP('',(#3380,#3381,#3382,#3383,#3384,#3385,#3386,#3387));
#881=EDGE_LOOP('',(#3388,#3389,#3390,#3391,#3392,#3393,#3394));
#882=EDGE_LOOP('',(#3395,#3396,#3397,#3398));
#883=EDGE_LOOP('',(#3399,#3400,#3401,#3402));
#884=EDGE_LOOP('',(#3403,#3404,#3405,#3406));
#885=EDGE_LOOP('',(#3407,#3408,#3409,#3410));
#886=EDGE_LOOP('',(#3411,#3412,#3413,#3414));
#887=EDGE_LOOP('',(#3415,#3416,#3417,#3418));
#888=EDGE_LOOP('',(#3419,#3420,#3421,#3422));
#889=EDGE_LOOP('',(#3423,#3424,#3425,#3426));
#890=EDGE_LOOP('',(#3427,#3428,#3429,#3430));
#891=EDGE_LOOP('',(#3431,#3432,#3433,#3434));
#892=EDGE_LOOP('',(#3435,#3436,#3437,#3438));
#893=EDGE_LOOP('',(#3439,#3440,#3441,#3442));
#894=EDGE_LOOP('',(#3443,#3444,#3445,#3446));
#895=EDGE_LOOP('',(#3447,#3448,#3449,#3450));
#896=EDGE_LOOP('',(#3451,#3452,#3453,#3454));
#897=EDGE_LOOP('',(#3455,#3456,#3457,#3458));
#898=EDGE_LOOP('',(#3459,#3460,#3461,#3462));
#899=EDGE_LOOP('',(#3463,#3464,#3465,#3466));
#900=EDGE_LOOP('',(#3467,#3468,#3469,#3470));
#901=EDGE_LOOP('',(#3471,#3472,#3473,#3474));
#902=EDGE_LOOP('',(#3475,#3476,#3477,#3478));
#903=EDGE_LOOP('',(#3479,#3480,#3481,#3482));
#904=EDGE_LOOP('',(#3483,#3484,#3485,#3486));
#905=EDGE_LOOP('',(#3487,#3488,#3489,#3490));
#906=EDGE_LOOP('',(#3491,#3492,#3493,#3494));
#907=EDGE_LOOP('',(#3495,#3496,#3497,#3498));
#908=EDGE_LOOP('',(#3499,#3500,#3501,#3502));
#909=EDGE_LOOP('',(#3503,#3504,#3505,#3506));
#910=EDGE_LOOP('',(#3507,#3508,#3509,#3510));
#911=EDGE_LOOP('',(#3511,#3512,#3513,#3514,#3515,#3516,#3517,#3518,#3519,
#3520,#3521,#3522,#3523,#3524,#3525,#3526,#3527,#3528,#3529,#3530,#3531,
#3532));
#912=EDGE_LOOP('',(#3533,#3534,#3535,#3536,#3537,#3538,#3539));
#913=EDGE_LOOP('',(#3540,#3541,#3542,#3543,#3544,#3545,#3546,#3547,#3548,
#3549,#3550,#3551,#3552,#3553,#3554,#3555,#3556,#3557,#3558,#3559,#3560,
#3561));
#914=EDGE_LOOP('',(#3562,#3563,#3564,#3565,#3566,#3567,#3568));
#915=EDGE_LOOP('',(#3569,#3570,#3571,#3572));
#916=EDGE_LOOP('',(#3573,#3574,#3575,#3576));
#917=EDGE_LOOP('',(#3577,#3578,#3579,#3580));
#918=EDGE_LOOP('',(#3581,#3582,#3583,#3584));
#919=EDGE_LOOP('',(#3585,#3586,#3587,#3588));
#920=EDGE_LOOP('',(#3589,#3590,#3591,#3592));
#921=EDGE_LOOP('',(#3593,#3594,#3595,#3596));
#922=EDGE_LOOP('',(#3597,#3598,#3599,#3600));
#923=EDGE_LOOP('',(#3601,#3602,#3603,#3604));
#924=EDGE_LOOP('',(#3605,#3606,#3607,#3608));
#925=EDGE_LOOP('',(#3609,#3610,#3611,#3612));
#926=EDGE_LOOP('',(#3613,#3614,#3615,#3616));
#927=EDGE_LOOP('',(#3617,#3618,#3619,#3620));
#928=EDGE_LOOP('',(#3621,#3622,#3623,#3624));
#929=EDGE_LOOP('',(#3625,#3626,#3627,#3628));
#930=EDGE_LOOP('',(#3629,#3630,#3631,#3632,#3633,#3634,#3635,#3636,#3637,
#3638,#3639,#3640,#3641,#3642,#3643));
#931=EDGE_LOOP('',(#3644,#3645,#3646,#3647,#3648,#3649,#3650,#3651,#3652,
#3653,#3654,#3655,#3656,#3657,#3658));
#932=EDGE_LOOP('',(#3659,#3660,#3661,#3662));
#933=EDGE_LOOP('',(#3663,#3664,#3665,#3666));
#934=EDGE_LOOP('',(#3667,#3668,#3669,#3670));
#935=EDGE_LOOP('',(#3671,#3672,#3673,#3674));
#936=EDGE_LOOP('',(#3675,#3676,#3677,#3678));
#937=EDGE_LOOP('',(#3679,#3680,#3681,#3682));
#938=EDGE_LOOP('',(#3683,#3684,#3685,#3686));
#939=EDGE_LOOP('',(#3687,#3688,#3689,#3690));
#940=EDGE_LOOP('',(#3691,#3692,#3693,#3694));
#941=EDGE_LOOP('',(#3695,#3696,#3697,#3698));
#942=EDGE_LOOP('',(#3699,#3700,#3701,#3702));
#943=EDGE_LOOP('',(#3703,#3704,#3705,#3706));
#944=EDGE_LOOP('',(#3707,#3708,#3709,#3710));
#945=EDGE_LOOP('',(#3711,#3712,#3713,#3714));
#946=EDGE_LOOP('',(#3715,#3716,#3717,#3718));
#947=EDGE_LOOP('',(#3719,#3720,#3721,#3722));
#948=EDGE_LOOP('',(#3723,#3724,#3725,#3726));
#949=EDGE_LOOP('',(#3727,#3728,#3729,#3730));
#950=EDGE_LOOP('',(#3731,#3732,#3733,#3734));
#951=EDGE_LOOP('',(#3735,#3736,#3737,#3738));
#952=EDGE_LOOP('',(#3739,#3740,#3741,#3742,#3743,#3744,#3745,#3746,#3747,
#3748,#3749,#3750,#3751,#3752,#3753,#3754,#3755,#3756,#3757,#3758));
#953=EDGE_LOOP('',(#3759,#3760,#3761,#3762,#3763,#3764,#3765,#3766,#3767,
#3768,#3769,#3770,#3771,#3772,#3773,#3774,#3775,#3776,#3777,#3778));
#954=EDGE_LOOP('',(#3779,#3780,#3781,#3782));
#955=EDGE_LOOP('',(#3783,#3784,#3785,#3786));
#956=EDGE_LOOP('',(#3787,#3788,#3789,#3790));
#957=EDGE_LOOP('',(#3791,#3792,#3793,#3794));
#958=EDGE_LOOP('',(#3795,#3796,#3797,#3798));
#959=EDGE_LOOP('',(#3799,#3800,#3801,#3802));
#960=EDGE_LOOP('',(#3803,#3804,#3805,#3806));
#961=EDGE_LOOP('',(#3807,#3808,#3809,#3810));
#962=EDGE_LOOP('',(#3811,#3812,#3813,#3814));
#963=EDGE_LOOP('',(#3815,#3816,#3817,#3818));
#964=EDGE_LOOP('',(#3819,#3820,#3821,#3822));
#965=EDGE_LOOP('',(#3823,#3824,#3825,#3826));
#966=EDGE_LOOP('',(#3827,#3828,#3829,#3830));
#967=EDGE_LOOP('',(#3831,#3832,#3833,#3834));
#968=EDGE_LOOP('',(#3835,#3836,#3837,#3838));
#969=EDGE_LOOP('',(#3839,#3840,#3841,#3842));
#970=EDGE_LOOP('',(#3843,#3844,#3845,#3846));
#971=EDGE_LOOP('',(#3847,#3848,#3849,#3850));
#972=EDGE_LOOP('',(#3851,#3852,#3853,#3854));
#973=EDGE_LOOP('',(#3855,#3856,#3857,#3858));
#974=EDGE_LOOP('',(#3859,#3860,#3861,#3862));
#975=EDGE_LOOP('',(#3863,#3864,#3865,#3866));
#976=EDGE_LOOP('',(#3867,#3868,#3869,#3870));
#977=EDGE_LOOP('',(#3871,#3872,#3873,#3874));
#978=EDGE_LOOP('',(#3875,#3876,#3877,#3878));
#979=EDGE_LOOP('',(#3879,#3880,#3881,#3882));
#980=EDGE_LOOP('',(#3883,#3884,#3885,#3886));
#981=EDGE_LOOP('',(#3887,#3888,#3889,#3890));
#982=EDGE_LOOP('',(#3891,#3892,#3893,#3894));
#983=EDGE_LOOP('',(#3895,#3896,#3897,#3898));
#984=EDGE_LOOP('',(#3899,#3900,#3901,#3902));
#985=EDGE_LOOP('',(#3903,#3904,#3905,#3906));
#986=EDGE_LOOP('',(#3907,#3908,#3909,#3910));
#987=EDGE_LOOP('',(#3911,#3912,#3913,#3914));
#988=EDGE_LOOP('',(#3915,#3916,#3917,#3918));
#989=EDGE_LOOP('',(#3919,#3920,#3921,#3922));
#990=EDGE_LOOP('',(#3923,#3924,#3925,#3926));
#991=EDGE_LOOP('',(#3927,#3928,#3929,#3930));
#992=EDGE_LOOP('',(#3931,#3932,#3933,#3934));
#993=EDGE_LOOP('',(#3935,#3936,#3937,#3938,#3939,#3940,#3941,#3942,#3943,
#3944,#3945,#3946,#3947,#3948,#3949,#3950,#3951,#3952,#3953,#3954,#3955,
#3956,#3957,#3958,#3959,#3960,#3961));
#994=EDGE_LOOP('',(#3962,#3963,#3964,#3965,#3966,#3967,#3968,#3969,#3970,
#3971,#3972,#3973,#3974,#3975,#3976,#3977,#3978,#3979,#3980,#3981,#3982,
#3983,#3984,#3985,#3986,#3987,#3988));
#995=EDGE_LOOP('',(#3989,#3990,#3991,#3992));
#996=EDGE_LOOP('',(#3993,#3994,#3995,#3996));
#997=EDGE_LOOP('',(#3997,#3998,#3999,#4000));
#998=EDGE_LOOP('',(#4001,#4002,#4003,#4004));
#999=EDGE_LOOP('',(#4005,#4006,#4007,#4008));
#1000=EDGE_LOOP('',(#4009,#4010,#4011,#4012));
#1001=EDGE_LOOP('',(#4013,#4014,#4015,#4016));
#1002=EDGE_LOOP('',(#4017,#4018,#4019,#4020));
#1003=EDGE_LOOP('',(#4021,#4022,#4023,#4024));
#1004=EDGE_LOOP('',(#4025,#4026,#4027,#4028));
#1005=EDGE_LOOP('',(#4029,#4030,#4031,#4032));
#1006=EDGE_LOOP('',(#4033,#4034,#4035,#4036));
#1007=EDGE_LOOP('',(#4037,#4038,#4039,#4040));
#1008=EDGE_LOOP('',(#4041,#4042,#4043,#4044));
#1009=EDGE_LOOP('',(#4045,#4046,#4047,#4048));
#1010=EDGE_LOOP('',(#4049,#4050,#4051,#4052,#4053,#4054,#4055,#4056,#4057,
#4058,#4059,#4060,#4061,#4062,#4063));
#1011=EDGE_LOOP('',(#4064,#4065,#4066,#4067,#4068,#4069,#4070,#4071,#4072,
#4073,#4074,#4075,#4076,#4077,#4078));
#1012=EDGE_LOOP('',(#4079,#4080,#4081,#4082));
#1013=EDGE_LOOP('',(#4083,#4084,#4085,#4086));
#1014=EDGE_LOOP('',(#4087,#4088,#4089,#4090));
#1015=EDGE_LOOP('',(#4091,#4092,#4093,#4094));
#1016=EDGE_LOOP('',(#4095,#4096,#4097,#4098));
#1017=EDGE_LOOP('',(#4099,#4100,#4101,#4102));
#1018=EDGE_LOOP('',(#4103,#4104,#4105,#4106));
#1019=EDGE_LOOP('',(#4107,#4108,#4109,#4110));
#1020=EDGE_LOOP('',(#4111,#4112,#4113,#4114));
#1021=EDGE_LOOP('',(#4115,#4116,#4117,#4118));
#1022=EDGE_LOOP('',(#4119,#4120,#4121,#4122));
#1023=EDGE_LOOP('',(#4123,#4124,#4125,#4126));
#1024=EDGE_LOOP('',(#4127,#4128,#4129,#4130));
#1025=EDGE_LOOP('',(#4131,#4132,#4133,#4134));
#1026=EDGE_LOOP('',(#4135,#4136,#4137,#4138));
#1027=EDGE_LOOP('',(#4139,#4140,#4141,#4142));
#1028=EDGE_LOOP('',(#4143,#4144,#4145,#4146));
#1029=EDGE_LOOP('',(#4147,#4148,#4149,#4150));
#1030=EDGE_LOOP('',(#4151,#4152,#4153,#4154));
#1031=EDGE_LOOP('',(#4155,#4156,#4157,#4158));
#1032=EDGE_LOOP('',(#4159,#4160,#4161,#4162));
#1033=EDGE_LOOP('',(#4163,#4164,#4165,#4166));
#1034=EDGE_LOOP('',(#4167,#4168,#4169,#4170));
#1035=EDGE_LOOP('',(#4171,#4172,#4173,#4174));
#1036=EDGE_LOOP('',(#4175,#4176,#4177,#4178));
#1037=EDGE_LOOP('',(#4179,#4180,#4181,#4182));
#1038=EDGE_LOOP('',(#4183,#4184,#4185,#4186));
#1039=EDGE_LOOP('',(#4187,#4188,#4189,#4190));
#1040=EDGE_LOOP('',(#4191,#4192,#4193,#4194));
#1041=EDGE_LOOP('',(#4195,#4196,#4197,#4198,#4199,#4200,#4201,#4202,#4203,
#4204,#4205,#4206,#4207,#4208,#4209,#4210,#4211,#4212,#4213,#4214,#4215,
#4216));
#1042=EDGE_LOOP('',(#4217,#4218,#4219,#4220,#4221,#4222,#4223));
#1043=EDGE_LOOP('',(#4224,#4225,#4226,#4227,#4228,#4229,#4230,#4231,#4232,
#4233,#4234,#4235,#4236,#4237,#4238,#4239,#4240,#4241,#4242,#4243,#4244,
#4245));
#1044=EDGE_LOOP('',(#4246,#4247,#4248,#4249,#4250,#4251,#4252));
#1045=EDGE_LOOP('',(#4253,#4254,#4255,#4256));
#1046=EDGE_LOOP('',(#4257,#4258,#4259,#4260));
#1047=EDGE_LOOP('',(#4261,#4262,#4263,#4264));
#1048=EDGE_LOOP('',(#4265,#4266,#4267,#4268));
#1049=EDGE_LOOP('',(#4269,#4270,#4271,#4272));
#1050=EDGE_LOOP('',(#4273,#4274,#4275,#4276));
#1051=EDGE_LOOP('',(#4277,#4278,#4279,#4280));
#1052=EDGE_LOOP('',(#4281,#4282,#4283,#4284));
#1053=EDGE_LOOP('',(#4285,#4286,#4287,#4288));
#1054=EDGE_LOOP('',(#4289,#4290,#4291,#4292));
#1055=EDGE_LOOP('',(#4293,#4294,#4295,#4296));
#1056=EDGE_LOOP('',(#4297,#4298,#4299,#4300));
#1057=EDGE_LOOP('',(#4301,#4302,#4303,#4304));
#1058=EDGE_LOOP('',(#4305,#4306,#4307,#4308));
#1059=EDGE_LOOP('',(#4309,#4310,#4311,#4312));
#1060=EDGE_LOOP('',(#4313,#4314,#4315,#4316));
#1061=EDGE_LOOP('',(#4317,#4318,#4319,#4320,#4321,#4322,#4323,#4324,#4325));
#1062=EDGE_LOOP('',(#4326,#4327,#4328,#4329,#4330,#4331,#4332));
#1063=EDGE_LOOP('',(#4333,#4334,#4335,#4336,#4337,#4338,#4339,#4340,#4341));
#1064=EDGE_LOOP('',(#4342,#4343,#4344,#4345,#4346,#4347,#4348));
#1065=LINE('',#5541,#1459);
#1066=LINE('',#5544,#1460);
#1067=LINE('',#5547,#1461);
#1068=LINE('',#5549,#1462);
#1069=LINE('',#5550,#1463);
#1070=LINE('',#5553,#1464);
#1071=LINE('',#5557,#1465);
#1072=LINE('',#5561,#1466);
#1073=LINE('',#5567,#1467);
#1074=LINE('',#5568,#1468);
#1075=LINE('',#5571,#1469);
#1076=LINE('',#5572,#1470);
#1077=LINE('',#5576,#1471);
#1078=LINE('',#5580,#1472);
#1079=LINE('',#5582,#1473);
#1080=LINE('',#5584,#1474);
#1081=LINE('',#5590,#1475);
#1082=LINE('',#5592,#1476);
#1083=LINE('',#5594,#1477);
#1084=LINE('',#5595,#1478);
#1085=LINE('',#5599,#1479);
#1086=LINE('',#5601,#1480);
#1087=LINE('',#5603,#1481);
#1088=LINE('',#5604,#1482);
#1089=LINE('',#5606,#1483);
#1090=LINE('',#5607,#1484);
#1091=LINE('',#5609,#1485);
#1092=LINE('',#5611,#1486);
#1093=LINE('',#5617,#1487);
#1094=LINE('',#5619,#1488);
#1095=LINE('',#5621,#1489);
#1096=LINE('',#5622,#1490);
#1097=LINE('',#5625,#1491);
#1098=LINE('',#5627,#1492);
#1099=LINE('',#5628,#1493);
#1100=LINE('',#5631,#1494);
#1101=LINE('',#5633,#1495);
#1102=LINE('',#5635,#1496);
#1103=LINE('',#5637,#1497);
#1104=LINE('',#5639,#1498);
#1105=LINE('',#5640,#1499);
#1106=LINE('',#5646,#1500);
#1107=LINE('',#5649,#1501);
#1108=LINE('',#5652,#1502);
#1109=LINE('',#5654,#1503);
#1110=LINE('',#5655,#1504);
#1111=LINE('',#5658,#1505);
#1112=LINE('',#5662,#1506);
#1113=LINE('',#5666,#1507);
#1114=LINE('',#5667,#1508);
#1115=LINE('',#5671,#1509);
#1116=LINE('',#5675,#1510);
#1117=LINE('',#5679,#1511);
#1118=LINE('',#5683,#1512);
#1119=LINE('',#5684,#1513);
#1120=LINE('',#5688,#1514);
#1121=LINE('',#5691,#1515);
#1122=LINE('',#5694,#1516);
#1123=LINE('',#5699,#1517);
#1124=LINE('',#5700,#1518);
#1125=LINE('',#5703,#1519);
#1126=LINE('',#5704,#1520);
#1127=LINE('',#5708,#1521);
#1128=LINE('',#5710,#1522);
#1129=LINE('',#5713,#1523);
#1130=LINE('',#5714,#1524);
#1131=LINE('',#5717,#1525);
#1132=LINE('',#5718,#1526);
#1133=LINE('',#5720,#1527);
#1134=LINE('',#5722,#1528);
#1135=LINE('',#5727,#1529);
#1136=LINE('',#5729,#1530);
#1137=LINE('',#5731,#1531);
#1138=LINE('',#5732,#1532);
#1139=LINE('',#5735,#1533);
#1140=LINE('',#5737,#1534);
#1141=LINE('',#5738,#1535);
#1142=LINE('',#5741,#1536);
#1143=LINE('',#5743,#1537);
#1144=LINE('',#5745,#1538);
#1145=LINE('',#5747,#1539);
#1146=LINE('',#5749,#1540);
#1147=LINE('',#5751,#1541);
#1148=LINE('',#5753,#1542);
#1149=LINE('',#5754,#1543);
#1150=LINE('',#5760,#1544);
#1151=LINE('',#5766,#1545);
#1152=LINE('',#5769,#1546);
#1153=LINE('',#5772,#1547);
#1154=LINE('',#5774,#1548);
#1155=LINE('',#5775,#1549);
#1156=LINE('',#5781,#1550);
#1157=LINE('',#5784,#1551);
#1158=LINE('',#5787,#1552);
#1159=LINE('',#5789,#1553);
#1160=LINE('',#5790,#1554);
#1161=LINE('',#5793,#1555);
#1162=LINE('',#5797,#1556);
#1163=LINE('',#5801,#1557);
#1164=LINE('',#5802,#1558);
#1165=LINE('',#5803,#1559);
#1166=LINE('',#5811,#1560);
#1167=LINE('',#5812,#1561);
#1168=LINE('',#5815,#1562);
#1169=LINE('',#5816,#1563);
#1170=LINE('',#5820,#1564);
#1171=LINE('',#5823,#1565);
#1172=LINE('',#5825,#1566);
#1173=LINE('',#5826,#1567);
#1174=LINE('',#5828,#1568);
#1175=LINE('',#5831,#1569);
#1176=LINE('',#5832,#1570);
#1177=LINE('',#5835,#1571);
#1178=LINE('',#5836,#1572);
#1179=LINE('',#5838,#1573);
#1180=LINE('',#5840,#1574);
#1181=LINE('',#5842,#1575);
#1182=LINE('',#5844,#1576);
#1183=LINE('',#5862,#1577);
#1184=LINE('',#5868,#1578);
#1185=LINE('',#5883,#1579);
#1186=LINE('',#5902,#1580);
#1187=LINE('',#5921,#1581);
#1188=LINE('',#5940,#1582);
#1189=LINE('',#5959,#1583);
#1190=LINE('',#5995,#1584);
#1191=LINE('',#6001,#1585);
#1192=LINE('',#6020,#1586);
#1193=LINE('',#6039,#1587);
#1194=LINE('',#6058,#1588);
#1195=LINE('',#6077,#1589);
#1196=LINE('',#6096,#1590);
#1197=LINE('',#6115,#1591);
#1198=LINE('',#6137,#1592);
#1199=LINE('',#6139,#1593);
#1200=LINE('',#6141,#1594);
#1201=LINE('',#6142,#1595);
#1202=LINE('',#6157,#1596);
#1203=LINE('',#6176,#1597);
#1204=LINE('',#6195,#1598);
#1205=LINE('',#6214,#1599);
#1206=LINE('',#6221,#1600);
#1207=LINE('',#6223,#1601);
#1208=LINE('',#6224,#1602);
#1209=LINE('',#6256,#1603);
#1210=LINE('',#6262,#1604);
#1211=LINE('',#6281,#1605);
#1212=LINE('',#6284,#1606);
#1213=LINE('',#6286,#1607);
#1214=LINE('',#6287,#1608);
#1215=LINE('',#6306,#1609);
#1216=LINE('',#6325,#1610);
#1217=LINE('',#6344,#1611);
#1218=LINE('',#6363,#1612);
#1219=LINE('',#6382,#1613);
#1220=LINE('',#6401,#1614);
#1221=LINE('',#6404,#1615);
#1222=LINE('',#6406,#1616);
#1223=LINE('',#6407,#1617);
#1224=LINE('',#6426,#1618);
#1225=LINE('',#6445,#1619);
#1226=LINE('',#6464,#1620);
#1227=LINE('',#6483,#1621);
#1228=LINE('',#6502,#1622);
#1229=LINE('',#6505,#1623);
#1230=LINE('',#6507,#1624);
#1231=LINE('',#6508,#1625);
#1232=LINE('',#6527,#1626);
#1233=LINE('',#6530,#1627);
#1234=LINE('',#6532,#1628);
#1235=LINE('',#6533,#1629);
#1236=LINE('',#6536,#1630);
#1237=LINE('',#6538,#1631);
#1238=LINE('',#6539,#1632);
#1239=LINE('',#6558,#1633);
#1240=LINE('',#6577,#1634);
#1241=LINE('',#6599,#1635);
#1242=LINE('',#6601,#1636);
#1243=LINE('',#6603,#1637);
#1244=LINE('',#6604,#1638);
#1245=LINE('',#6607,#1639);
#1246=LINE('',#6609,#1640);
#1247=LINE('',#6610,#1641);
#1248=LINE('',#6613,#1642);
#1249=LINE('',#6615,#1643);
#1250=LINE('',#6616,#1644);
#1251=LINE('',#6635,#1645);
#1252=LINE('',#6654,#1646);
#1253=LINE('',#6673,#1647);
#1254=LINE('',#6676,#1648);
#1255=LINE('',#6678,#1649);
#1256=LINE('',#6679,#1650);
#1257=LINE('',#6682,#1651);
#1258=LINE('',#6684,#1652);
#1259=LINE('',#6685,#1653);
#1260=LINE('',#6688,#1654);
#1261=LINE('',#6690,#1655);
#1262=LINE('',#6691,#1656);
#1263=LINE('',#6710,#1657);
#1264=LINE('',#6729,#1658);
#1265=LINE('',#6748,#1659);
#1266=LINE('',#6767,#1660);
#1267=LINE('',#6770,#1661);
#1268=LINE('',#6772,#1662);
#1269=LINE('',#6773,#1663);
#1270=LINE('',#6775,#1664);
#1271=LINE('',#6776,#1665);
#1272=LINE('',#6794,#1666);
#1273=LINE('',#6800,#1667);
#1274=LINE('',#6819,#1668);
#1275=LINE('',#6838,#1669);
#1276=LINE('',#6857,#1670);
#1277=LINE('',#6876,#1671);
#1278=LINE('',#6895,#1672);
#1279=LINE('',#6898,#1673);
#1280=LINE('',#6900,#1674);
#1281=LINE('',#6901,#1675);
#1282=LINE('',#6920,#1676);
#1283=LINE('',#6939,#1677);
#1284=LINE('',#6958,#1678);
#1285=LINE('',#6977,#1679);
#1286=LINE('',#6996,#1680);
#1287=LINE('',#7015,#1681);
#1288=LINE('',#7034,#1682);
#1289=LINE('',#7053,#1683);
#1290=LINE('',#7072,#1684);
#1291=LINE('',#7091,#1685);
#1292=LINE('',#7110,#1686);
#1293=LINE('',#7113,#1687);
#1294=LINE('',#7115,#1688);
#1295=LINE('',#7116,#1689);
#1296=LINE('',#7138,#1690);
#1297=LINE('',#7140,#1691);
#1298=LINE('',#7142,#1692);
#1299=LINE('',#7143,#1693);
#1300=LINE('',#7146,#1694);
#1301=LINE('',#7148,#1695);
#1302=LINE('',#7149,#1696);
#1303=LINE('',#7152,#1697);
#1304=LINE('',#7154,#1698);
#1305=LINE('',#7155,#1699);
#1306=LINE('',#7157,#1700);
#1307=LINE('',#7158,#1701);
#1308=LINE('',#7164,#1702);
#1309=LINE('',#7166,#1703);
#1310=LINE('',#7168,#1704);
#1311=LINE('',#7169,#1705);
#1312=LINE('',#7172,#1706);
#1313=LINE('',#7174,#1707);
#1314=LINE('',#7175,#1708);
#1315=LINE('',#7178,#1709);
#1316=LINE('',#7180,#1710);
#1317=LINE('',#7181,#1711);
#1318=LINE('',#7183,#1712);
#1319=LINE('',#7184,#1713);
#1320=LINE('',#7202,#1714);
#1321=LINE('',#7208,#1715);
#1322=LINE('',#7227,#1716);
#1323=LINE('',#7246,#1717);
#1324=LINE('',#7265,#1718);
#1325=LINE('',#7268,#1719);
#1326=LINE('',#7270,#1720);
#1327=LINE('',#7271,#1721);
#1328=LINE('',#7290,#1722);
#1329=LINE('',#7309,#1723);
#1330=LINE('',#7328,#1724);
#1331=LINE('',#7347,#1725);
#1332=LINE('',#7366,#1726);
#1333=LINE('',#7385,#1727);
#1334=LINE('',#7404,#1728);
#1335=LINE('',#7407,#1729);
#1336=LINE('',#7409,#1730);
#1337=LINE('',#7410,#1731);
#1338=LINE('',#7429,#1732);
#1339=LINE('',#7448,#1733);
#1340=LINE('',#7467,#1734);
#1341=LINE('',#7486,#1735);
#1342=LINE('',#7505,#1736);
#1343=LINE('',#7524,#1737);
#1344=LINE('',#7543,#1738);
#1345=LINE('',#7562,#1739);
#1346=LINE('',#7581,#1740);
#1347=LINE('',#7600,#1741);
#1348=LINE('',#7619,#1742);
#1349=LINE('',#7638,#1743);
#1350=LINE('',#7641,#1744);
#1351=LINE('',#7643,#1745);
#1352=LINE('',#7644,#1746);
#1353=LINE('',#7666,#1747);
#1354=LINE('',#7668,#1748);
#1355=LINE('',#7670,#1749);
#1356=LINE('',#7671,#1750);
#1357=LINE('',#7674,#1751);
#1358=LINE('',#7676,#1752);
#1359=LINE('',#7677,#1753);
#1360=LINE('',#7680,#1754);
#1361=LINE('',#7682,#1755);
#1362=LINE('',#7683,#1756);
#1363=LINE('',#7702,#1757);
#1364=LINE('',#7721,#1758);
#1365=LINE('',#7740,#1759);
#1366=LINE('',#7743,#1760);
#1367=LINE('',#7745,#1761);
#1368=LINE('',#7746,#1762);
#1369=LINE('',#7749,#1763);
#1370=LINE('',#7751,#1764);
#1371=LINE('',#7752,#1765);
#1372=LINE('',#7755,#1766);
#1373=LINE('',#7757,#1767);
#1374=LINE('',#7758,#1768);
#1375=LINE('',#7777,#1769);
#1376=LINE('',#7796,#1770);
#1377=LINE('',#7815,#1771);
#1378=LINE('',#7834,#1772);
#1379=LINE('',#7837,#1773);
#1380=LINE('',#7839,#1774);
#1381=LINE('',#7840,#1775);
#1382=LINE('',#7842,#1776);
#1383=LINE('',#7843,#1777);
#1384=LINE('',#7861,#1778);
#1385=LINE('',#7867,#1779);
#1386=LINE('',#7882,#1780);
#1387=LINE('',#7901,#1781);
#1388=LINE('',#7920,#1782);
#1389=LINE('',#7927,#1783);
#1390=LINE('',#7929,#1784);
#1391=LINE('',#7930,#1785);
#1392=LINE('',#7945,#1786);
#1393=LINE('',#7951,#1787);
#1394=LINE('',#7952,#1788);
#1395=LINE('',#7956,#1789);
#1396=LINE('',#7958,#1790);
#1397=LINE('',#7960,#1791);
#1398=LINE('',#7961,#1792);
#1399=LINE('',#7980,#1793);
#1400=LINE('',#7999,#1794);
#1401=LINE('',#8018,#1795);
#1402=LINE('',#8037,#1796);
#1403=LINE('',#8056,#1797);
#1404=LINE('',#8075,#1798);
#1405=LINE('',#8078,#1799);
#1406=LINE('',#8080,#1800);
#1407=LINE('',#8081,#1801);
#1408=LINE('',#8100,#1802);
#1409=LINE('',#8119,#1803);
#1410=LINE('',#8138,#1804);
#1411=LINE('',#8157,#1805);
#1412=LINE('',#8176,#1806);
#1413=LINE('',#8179,#1807);
#1414=LINE('',#8181,#1808);
#1415=LINE('',#8182,#1809);
#1416=LINE('',#8201,#1810);
#1417=LINE('',#8204,#1811);
#1418=LINE('',#8206,#1812);
#1419=LINE('',#8207,#1813);
#1420=LINE('',#8210,#1814);
#1421=LINE('',#8212,#1815);
#1422=LINE('',#8213,#1816);
#1423=LINE('',#8232,#1817);
#1424=LINE('',#8251,#1818);
#1425=LINE('',#8270,#1819);
#1426=LINE('',#8289,#1820);
#1427=LINE('',#8311,#1821);
#1428=LINE('',#8313,#1822);
#1429=LINE('',#8315,#1823);
#1430=LINE('',#8316,#1824);
#1431=LINE('',#8319,#1825);
#1432=LINE('',#8321,#1826);
#1433=LINE('',#8322,#1827);
#1434=LINE('',#8325,#1828);
#1435=LINE('',#8327,#1829);
#1436=LINE('',#8328,#1830);
#1437=LINE('',#8343,#1831);
#1438=LINE('',#8362,#1832);
#1439=LINE('',#8381,#1833);
#1440=LINE('',#8417,#1834);
#1441=LINE('',#8423,#1835);
#1442=LINE('',#8442,#1836);
#1443=LINE('',#8461,#1837);
#1444=LINE('',#8464,#1838);
#1445=LINE('',#8466,#1839);
#1446=LINE('',#8467,#1840);
#1447=LINE('',#8470,#1841);
#1448=LINE('',#8472,#1842);
#1449=LINE('',#8473,#1843);
#1450=LINE('',#8476,#1844);
#1451=LINE('',#8478,#1845);
#1452=LINE('',#8479,#1846);
#1453=LINE('',#8482,#1847);
#1454=LINE('',#8484,#1848);
#1455=LINE('',#8485,#1849);
#1456=LINE('',#8488,#1850);
#1457=LINE('',#8490,#1851);
#1458=LINE('',#8491,#1852);
#1459=VECTOR('',#4807,0.8);
#1460=VECTOR('',#4810,0.8);
#1461=VECTOR('',#4813,1.5);
#1462=VECTOR('',#4814,0.8);
#1463=VECTOR('',#4815,1.5);
#1464=VECTOR('',#4818,0.45);
#1465=VECTOR('',#4821,1.5);
#1466=VECTOR('',#4824,0.45);
#1467=VECTOR('',#4831,0.8);
#1468=VECTOR('',#4832,0.8);
#1469=VECTOR('',#4835,1.5);
#1470=VECTOR('',#4836,0.8);
#1471=VECTOR('',#4841,0.8);
#1472=VECTOR('',#4846,0.8);
#1473=VECTOR('',#4849,0.45);
#1474=VECTOR('',#4852,0.45);
#1475=VECTOR('',#4859,0.0565685424949238);
#1476=VECTOR('',#4860,0.8);
#1477=VECTOR('',#4861,0.0565685424949238);
#1478=VECTOR('',#4862,0.8);
#1479=VECTOR('',#4865,0.0565685424949238);
#1480=VECTOR('',#4866,0.8);
#1481=VECTOR('',#4867,0.0565685424949238);
#1482=VECTOR('',#4868,0.8);
#1483=VECTOR('',#4871,1.);
#1484=VECTOR('',#4872,1.);
#1485=VECTOR('',#4875,1.08);
#1486=VECTOR('',#4878,1.08);
#1487=VECTOR('',#4885,0.0565685424949241);
#1488=VECTOR('',#4886,0.64);
#1489=VECTOR('',#4887,0.056568542494924);
#1490=VECTOR('',#4888,0.64);
#1491=VECTOR('',#4891,0.0200000000000002);
#1492=VECTOR('',#4892,0.0400000000000003);
#1493=VECTOR('',#4893,0.06);
#1494=VECTOR('',#4896,0.02);
#1495=VECTOR('',#4897,0.0800000000000001);
#1496=VECTOR('',#4898,0.19);
#1497=VECTOR('',#4899,0.8);
#1498=VECTOR('',#4900,0.19);
#1499=VECTOR('',#4901,0.0799999999999999);
#1500=VECTOR('',#4906,0.8);
#1501=VECTOR('',#4909,0.8);
#1502=VECTOR('',#4912,0.02);
#1503=VECTOR('',#4913,0.8);
#1504=VECTOR('',#4914,0.02);
#1505=VECTOR('',#4917,0.27);
#1506=VECTOR('',#4920,0.51);
#1507=VECTOR('',#4923,0.22);
#1508=VECTOR('',#4924,0.0400000000000003);
#1509=VECTOR('',#4927,0.45);
#1510=VECTOR('',#4930,0.24);
#1511=VECTOR('',#4935,0.8);
#1512=VECTOR('',#4940,0.8);
#1513=VECTOR('',#4941,0.24);
#1514=VECTOR('',#4946,0.8);
#1515=VECTOR('',#4949,0.8);
#1516=VECTOR('',#4954,0.45);
#1517=VECTOR('',#4959,0.8);
#1518=VECTOR('',#4960,0.8);
#1519=VECTOR('',#4963,0.8);
#1520=VECTOR('',#4964,0.51);
#1521=VECTOR('',#4969,0.8);
#1522=VECTOR('',#4972,0.27);
#1523=VECTOR('',#4975,0.0600000000000001);
#1524=VECTOR('',#4976,0.0400000000000003);
#1525=VECTOR('',#4979,0.0800000000000001);
#1526=VECTOR('',#4980,0.0400000000000003);
#1527=VECTOR('',#4983,0.08);
#1528=VECTOR('',#4986,0.22);
#1529=VECTOR('',#4991,0.0565685424949239);
#1530=VECTOR('',#4992,0.64);
#1531=VECTOR('',#4993,0.0565685424949239);
#1532=VECTOR('',#4994,0.64);
#1533=VECTOR('',#4997,0.00020184235179431);
#1534=VECTOR('',#4998,0.0400000000000001);
#1535=VECTOR('',#4999,0.0402018423517944);
#1536=VECTOR('',#5002,0.0199999999999999);
#1537=VECTOR('',#5003,0.0800000000000001);
#1538=VECTOR('',#5004,0.19);
#1539=VECTOR('',#5005,0.8);
#1540=VECTOR('',#5006,0.19);
#1541=VECTOR('',#5007,0.0786465328731178);
#1542=VECTOR('',#5008,0.0197981576482056);
#1543=VECTOR('',#5009,0.00135346712688222);
#1544=VECTOR('',#5016,0.8);
#1545=VECTOR('',#5021,0.8);
#1546=VECTOR('',#5024,0.8);
#1547=VECTOR('',#5027,0.24);
#1548=VECTOR('',#5028,0.8);
#1549=VECTOR('',#5029,0.24);
#1550=VECTOR('',#5034,0.8);
#1551=VECTOR('',#5037,0.8);
#1552=VECTOR('',#5040,0.0200000000000001);
#1553=VECTOR('',#5041,0.8);
#1554=VECTOR('',#5042,0.0200000000000001);
#1555=VECTOR('',#5045,0.27);
#1556=VECTOR('',#5048,0.51);
#1557=VECTOR('',#5051,0.22);
#1558=VECTOR('',#5052,0.04);
#1559=VECTOR('',#5053,0.45);
#1560=VECTOR('',#5064,0.8);
#1561=VECTOR('',#5065,0.8);
#1562=VECTOR('',#5068,0.51);
#1563=VECTOR('',#5069,0.8);
#1564=VECTOR('',#5074,0.8);
#1565=VECTOR('',#5077,0.04);
#1566=VECTOR('',#5078,0.08);
#1567=VECTOR('',#5079,0.04);
#1568=VECTOR('',#5082,0.0600000000000001);
#1569=VECTOR('',#5085,0.0400000000000001);
#1570=VECTOR('',#5086,0.00135346712688222);
#1571=VECTOR('',#5089,0.0786465328731178);
#1572=VECTOR('',#5090,0.04);
#1573=VECTOR('',#5093,0.0197981576482056);
#1574=VECTOR('',#5096,0.22);
#1575=VECTOR('',#5099,0.27);
#1576=VECTOR('',#5102,0.45);
#1577=VECTOR('',#5107,0.1);
#1578=VECTOR('',#5108,0.1);
#1579=VECTOR('',#5109,0.1);
#1580=VECTOR('',#5110,0.1);
#1581=VECTOR('',#5111,0.1);
#1582=VECTOR('',#5112,0.1);
#1583=VECTOR('',#5113,0.1);
#1584=VECTOR('',#5114,0.1);
#1585=VECTOR('',#5115,0.1);
#1586=VECTOR('',#5116,0.1);
#1587=VECTOR('',#5117,0.1);
#1588=VECTOR('',#5118,0.1);
#1589=VECTOR('',#5119,0.1);
#1590=VECTOR('',#5120,0.1);
#1591=VECTOR('',#5121,0.1);
#1592=VECTOR('',#5128,0.00680629471013395);
#1593=VECTOR('',#5129,0.1);
#1594=VECTOR('',#5130,0.00680629471013395);
#1595=VECTOR('',#5131,0.1);
#1596=VECTOR('',#5132,0.1);
#1597=VECTOR('',#5133,0.1);
#1598=VECTOR('',#5134,0.1);
#1599=VECTOR('',#5135,0.1);
#1600=VECTOR('',#5138,0.00181377098566045);
#1601=VECTOR('',#5139,0.1);
#1602=VECTOR('',#5140,0.00181377098566045);
#1603=VECTOR('',#5141,0.1);
#1604=VECTOR('',#5142,0.1);
#1605=VECTOR('',#5143,0.1);
#1606=VECTOR('',#5146,0.00842454447039455);
#1607=VECTOR('',#5147,0.00842454447039455);
#1608=VECTOR('',#5148,0.1);
#1609=VECTOR('',#5149,0.1);
#1610=VECTOR('',#5150,0.1);
#1611=VECTOR('',#5151,0.1);
#1612=VECTOR('',#5152,0.1);
#1613=VECTOR('',#5153,0.1);
#1614=VECTOR('',#5154,0.1);
#1615=VECTOR('',#5157,0.0158527030579834);
#1616=VECTOR('',#5158,0.0158527030579834);
#1617=VECTOR('',#5159,0.1);
#1618=VECTOR('',#5160,0.1);
#1619=VECTOR('',#5161,0.1);
#1620=VECTOR('',#5162,0.1);
#1621=VECTOR('',#5163,0.1);
#1622=VECTOR('',#5164,0.1);
#1623=VECTOR('',#5167,0.0124611171114128);
#1624=VECTOR('',#5168,0.0124611171114128);
#1625=VECTOR('',#5169,0.1);
#1626=VECTOR('',#5170,0.1);
#1627=VECTOR('',#5173,0.016483360710248);
#1628=VECTOR('',#5174,0.016483360710248);
#1629=VECTOR('',#5175,0.1);
#1630=VECTOR('',#5178,0.00421651336222751);
#1631=VECTOR('',#5179,0.00421651336222751);
#1632=VECTOR('',#5180,0.1);
#1633=VECTOR('',#5181,0.1);
#1634=VECTOR('',#5182,0.1);
#1635=VECTOR('',#5189,0.045774865368168);
#1636=VECTOR('',#5190,0.1);
#1637=VECTOR('',#5191,0.045774865368168);
#1638=VECTOR('',#5192,0.1);
#1639=VECTOR('',#5195,0.0160101664048);
#1640=VECTOR('',#5196,0.0160101664048);
#1641=VECTOR('',#5197,0.1);
#1642=VECTOR('',#5200,0.00532098107869122);
#1643=VECTOR('',#5201,0.00532098107869122);
#1644=VECTOR('',#5202,0.1);
#1645=VECTOR('',#5203,0.1);
#1646=VECTOR('',#5204,0.1);
#1647=VECTOR('',#5205,0.1);
#1648=VECTOR('',#5208,0.030135364949718);
#1649=VECTOR('',#5209,0.030135364949718);
#1650=VECTOR('',#5210,0.1);
#1651=VECTOR('',#5213,0.0167988381835755);
#1652=VECTOR('',#5214,0.0167988381835755);
#1653=VECTOR('',#5215,0.1);
#1654=VECTOR('',#5218,0.0222564979236843);
#1655=VECTOR('',#5219,0.0222564979236843);
#1656=VECTOR('',#5220,0.1);
#1657=VECTOR('',#5221,0.1);
#1658=VECTOR('',#5222,0.1);
#1659=VECTOR('',#5223,0.1);
#1660=VECTOR('',#5224,0.1);
#1661=VECTOR('',#5227,0.0218469487442882);
#1662=VECTOR('',#5228,0.0218469487442882);
#1663=VECTOR('',#5229,0.1);
#1664=VECTOR('',#5232,0.0166412472092737);
#1665=VECTOR('',#5233,0.0166412472092737);
#1666=VECTOR('',#5238,0.1);
#1667=VECTOR('',#5239,0.1);
#1668=VECTOR('',#5240,0.1);
#1669=VECTOR('',#5241,0.1);
#1670=VECTOR('',#5242,0.1);
#1671=VECTOR('',#5243,0.1);
#1672=VECTOR('',#5244,0.1);
#1673=VECTOR('',#5247,0.0161684464385286);
#1674=VECTOR('',#5248,0.0161684464385286);
#1675=VECTOR('',#5249,0.1);
#1676=VECTOR('',#5250,0.1);
#1677=VECTOR('',#5251,0.1);
#1678=VECTOR('',#5252,0.1);
#1679=VECTOR('',#5253,0.1);
#1680=VECTOR('',#5254,0.1);
#1681=VECTOR('',#5255,0.1);
#1682=VECTOR('',#5256,0.1);
#1683=VECTOR('',#5257,0.1);
#1684=VECTOR('',#5258,0.1);
#1685=VECTOR('',#5259,0.1);
#1686=VECTOR('',#5260,0.1);
#1687=VECTOR('',#5263,0.0158524313617521);
#1688=VECTOR('',#5264,0.0158524313617521);
#1689=VECTOR('',#5265,0.1);
#1690=VECTOR('',#5272,0.0119642511844801);
#1691=VECTOR('',#5273,0.1);
#1692=VECTOR('',#5274,0.0119642511844801);
#1693=VECTOR('',#5275,0.1);
#1694=VECTOR('',#5278,0.0167199686867361);
#1695=VECTOR('',#5279,0.0167199686867361);
#1696=VECTOR('',#5280,0.1);
#1697=VECTOR('',#5283,0.0119642511844801);
#1698=VECTOR('',#5284,0.0119642511844801);
#1699=VECTOR('',#5285,0.1);
#1700=VECTOR('',#5288,0.0167199686867361);
#1701=VECTOR('',#5289,0.0167199686867361);
#1702=VECTOR('',#5296,0.0167199686867361);
#1703=VECTOR('',#5297,0.1);
#1704=VECTOR('',#5298,0.0167199686867361);
#1705=VECTOR('',#5299,0.1);
#1706=VECTOR('',#5302,0.0459877963113681);
#1707=VECTOR('',#5303,0.0459877963113681);
#1708=VECTOR('',#5304,0.1);
#1709=VECTOR('',#5307,0.0167199686867361);
#1710=VECTOR('',#5308,0.0167199686867361);
#1711=VECTOR('',#5309,0.1);
#1712=VECTOR('',#5312,0.0459877963113681);
#1713=VECTOR('',#5313,0.0459877963113681);
#1714=VECTOR('',#5318,0.1);
#1715=VECTOR('',#5319,0.1);
#1716=VECTOR('',#5320,0.1);
#1717=VECTOR('',#5321,0.1);
#1718=VECTOR('',#5322,0.1);
#1719=VECTOR('',#5325,0.00692664639973772);
#1720=VECTOR('',#5326,0.00692664639973772);
#1721=VECTOR('',#5327,0.1);
#1722=VECTOR('',#5328,0.1);
#1723=VECTOR('',#5329,0.1);
#1724=VECTOR('',#5330,0.1);
#1725=VECTOR('',#5331,0.1);
#1726=VECTOR('',#5332,0.1);
#1727=VECTOR('',#5333,0.1);
#1728=VECTOR('',#5334,0.1);
#1729=VECTOR('',#5337,0.0162468656698145);
#1730=VECTOR('',#5338,0.0162468656698145);
#1731=VECTOR('',#5339,0.1);
#1732=VECTOR('',#5340,0.1);
#1733=VECTOR('',#5341,0.1);
#1734=VECTOR('',#5342,0.1);
#1735=VECTOR('',#5343,0.1);
#1736=VECTOR('',#5344,0.1);
#1737=VECTOR('',#5345,0.1);
#1738=VECTOR('',#5346,0.1);
#1739=VECTOR('',#5347,0.1);
#1740=VECTOR('',#5348,0.1);
#1741=VECTOR('',#5349,0.1);
#1742=VECTOR('',#5350,0.1);
#1743=VECTOR('',#5351,0.1);
#1744=VECTOR('',#5354,0.01545809213036);
#1745=VECTOR('',#5355,0.01545809213036);
#1746=VECTOR('',#5356,0.1);
#1747=VECTOR('',#5363,0.045774865368168);
#1748=VECTOR('',#5364,0.1);
#1749=VECTOR('',#5365,0.045774865368168);
#1750=VECTOR('',#5366,0.1);
#1751=VECTOR('',#5369,0.0160890122787279);
#1752=VECTOR('',#5370,0.0160890122787279);
#1753=VECTOR('',#5371,0.1);
#1754=VECTOR('',#5374,0.00532094936137114);
#1755=VECTOR('',#5375,0.00532094936137114);
#1756=VECTOR('',#5376,0.1);
#1757=VECTOR('',#5377,0.1);
#1758=VECTOR('',#5378,0.1);
#1759=VECTOR('',#5379,0.1);
#1760=VECTOR('',#5382,0.0300565082519579);
#1761=VECTOR('',#5383,0.0300565082519579);
#1762=VECTOR('',#5384,0.1);
#1763=VECTOR('',#5387,0.01679883079648);
#1764=VECTOR('',#5388,0.01679883079648);
#1765=VECTOR('',#5389,0.1);
#1766=VECTOR('',#5392,0.022114533137718);
#1767=VECTOR('',#5393,0.022114533137718);
#1768=VECTOR('',#5394,0.1);
#1769=VECTOR('',#5395,0.1);
#1770=VECTOR('',#5396,0.1);
#1771=VECTOR('',#5397,0.1);
#1772=VECTOR('',#5398,0.1);
#1773=VECTOR('',#5401,0.0212390890364385);
#1774=VECTOR('',#5402,0.0212390890364385);
#1775=VECTOR('',#5403,0.1);
#1776=VECTOR('',#5406,0.017035427949136);
#1777=VECTOR('',#5407,0.017035427949136);
#1778=VECTOR('',#5412,0.1);
#1779=VECTOR('',#5413,0.1);
#1780=VECTOR('',#5414,0.1);
#1781=VECTOR('',#5415,0.1);
#1782=VECTOR('',#5416,0.1);
#1783=VECTOR('',#5419,0.00188287281176399);
#1784=VECTOR('',#5420,0.1);
#1785=VECTOR('',#5421,0.00188287281176399);
#1786=VECTOR('',#5422,0.1);
#1787=VECTOR('',#5425,0.00584463559440731);
#1788=VECTOR('',#5426,0.00584463559440731);
#1789=VECTOR('',#5429,0.00834728144993434);
#1790=VECTOR('',#5430,0.1);
#1791=VECTOR('',#5431,0.00834728144993434);
#1792=VECTOR('',#5432,0.1);
#1793=VECTOR('',#5433,0.1);
#1794=VECTOR('',#5434,0.1);
#1795=VECTOR('',#5435,0.1);
#1796=VECTOR('',#5436,0.1);
#1797=VECTOR('',#5437,0.1);
#1798=VECTOR('',#5438,0.1);
#1799=VECTOR('',#5441,0.0158524319028961);
#1800=VECTOR('',#5442,0.0158524319028961);
#1801=VECTOR('',#5443,0.1);
#1802=VECTOR('',#5444,0.1);
#1803=VECTOR('',#5445,0.1);
#1804=VECTOR('',#5446,0.1);
#1805=VECTOR('',#5447,0.1);
#1806=VECTOR('',#5448,0.1);
#1807=VECTOR('',#5451,0.0124374617256529);
#1808=VECTOR('',#5452,0.0124374617256529);
#1809=VECTOR('',#5453,0.1);
#1810=VECTOR('',#5454,0.1);
#1811=VECTOR('',#5457,0.0171143253985291);
#1812=VECTOR('',#5458,0.0171143253985291);
#1813=VECTOR('',#5459,0.1);
#1814=VECTOR('',#5462,0.00439542105949798);
#1815=VECTOR('',#5463,0.00439542105949798);
#1816=VECTOR('',#5464,0.1);
#1817=VECTOR('',#5465,0.1);
#1818=VECTOR('',#5466,0.1);
#1819=VECTOR('',#5467,0.1);
#1820=VECTOR('',#5468,0.1);
#1821=VECTOR('',#5475,0.00686151225776796);
#1822=VECTOR('',#5476,0.1);
#1823=VECTOR('',#5477,0.00686151225776796);
#1824=VECTOR('',#5478,0.1);
#1825=VECTOR('',#5481,0.013391751700952);
#1826=VECTOR('',#5482,0.1);
#1827=VECTOR('',#5483,0.013391751700952);
#1828=VECTOR('',#5486,0.00512642137184806);
#1829=VECTOR('',#5487,0.1);
#1830=VECTOR('',#5488,0.00512642137184806);
#1831=VECTOR('',#5489,0.1);
#1832=VECTOR('',#5490,0.1);
#1833=VECTOR('',#5491,0.1);
#1834=VECTOR('',#5492,0.1);
#1835=VECTOR('',#5493,0.1);
#1836=VECTOR('',#5494,0.1);
#1837=VECTOR('',#5495,0.1);
#1838=VECTOR('',#5498,0.01143582850752);
#1839=VECTOR('',#5499,0.01143582850752);
#1840=VECTOR('',#5500,0.1);
#1841=VECTOR('',#5503,0.0188888444710439);
#1842=VECTOR('',#5504,0.0188888444710439);
#1843=VECTOR('',#5505,0.1);
#1844=VECTOR('',#5508,0.0185339270943838);
#1845=VECTOR('',#5509,0.0185339270943838);
#1846=VECTOR('',#5510,0.1);
#1847=VECTOR('',#5513,0.06243174220256);
#1848=VECTOR('',#5514,0.06243174220256);
#1849=VECTOR('',#5515,0.1);
#1850=VECTOR('',#5518,0.0261841037438321);
#1851=VECTOR('',#5519,0.0261841037438321);
#1852=VECTOR('',#5520,0.1);
#1853=CIRCLE('',#4633,0.01);
#1854=CIRCLE('',#4634,0.01);
#1855=CIRCLE('',#4637,0.01);
#1856=CIRCLE('',#4638,0.01);
#1857=CIRCLE('',#4639,0.01);
#1858=CIRCLE('',#4641,0.01);
#1859=CIRCLE('',#4644,0.01);
#1860=CIRCLE('',#4646,0.01);
#1861=CIRCLE('',#4662,0.01);
#1862=CIRCLE('',#4663,0.01);
#1863=CIRCLE('',#4666,0.02);
#1864=CIRCLE('',#4667,0.02);
#1865=CIRCLE('',#4668,0.01);
#1866=CIRCLE('',#4669,0.01);
#1867=CIRCLE('',#4670,0.01);
#1868=CIRCLE('',#4672,0.01);
#1869=CIRCLE('',#4675,0.01);
#1870=CIRCLE('',#4677,0.01);
#1871=CIRCLE('',#4680,0.02);
#1872=CIRCLE('',#4683,0.02);
#1873=CIRCLE('',#4694,0.01);
#1874=CIRCLE('',#4695,0.01);
#1875=CIRCLE('',#4697,0.01);
#1876=CIRCLE('',#4698,0.01);
#1877=CIRCLE('',#4701,0.01);
#1878=CIRCLE('',#4702,0.01);
#1879=CIRCLE('',#4705,0.02);
#1880=CIRCLE('',#4706,0.02);
#1881=CIRCLE('',#4707,0.01);
#1882=CIRCLE('',#4709,0.01);
#1883=CIRCLE('',#4711,0.02);
#1884=CIRCLE('',#4714,0.02);
#1885=VERTEX_POINT('',#5537);
#1886=VERTEX_POINT('',#5538);
#1887=VERTEX_POINT('',#5540);
#1888=VERTEX_POINT('',#5542);
#1889=VERTEX_POINT('',#5546);
#1890=VERTEX_POINT('',#5548);
#1891=VERTEX_POINT('',#5552);
#1892=VERTEX_POINT('',#5554);
#1893=VERTEX_POINT('',#5556);
#1894=VERTEX_POINT('',#5558);
#1895=VERTEX_POINT('',#5560);
#1896=VERTEX_POINT('',#5564);
#1897=VERTEX_POINT('',#5565);
#1898=VERTEX_POINT('',#5570);
#1899=VERTEX_POINT('',#5574);
#1900=VERTEX_POINT('',#5578);
#1901=VERTEX_POINT('',#5588);
#1902=VERTEX_POINT('',#5589);
#1903=VERTEX_POINT('',#5591);
#1904=VERTEX_POINT('',#5593);
#1905=VERTEX_POINT('',#5597);
#1906=VERTEX_POINT('',#5598);
#1907=VERTEX_POINT('',#5600);
#1908=VERTEX_POINT('',#5602);
#1909=VERTEX_POINT('',#5615);
#1910=VERTEX_POINT('',#5616);
#1911=VERTEX_POINT('',#5618);
#1912=VERTEX_POINT('',#5620);
#1913=VERTEX_POINT('',#5624);
#1914=VERTEX_POINT('',#5626);
#1915=VERTEX_POINT('',#5630);
#1916=VERTEX_POINT('',#5632);
#1917=VERTEX_POINT('',#5634);
#1918=VERTEX_POINT('',#5636);
#1919=VERTEX_POINT('',#5638);
#1920=VERTEX_POINT('',#5642);
#1921=VERTEX_POINT('',#5643);
#1922=VERTEX_POINT('',#5645);
#1923=VERTEX_POINT('',#5647);
#1924=VERTEX_POINT('',#5651);
#1925=VERTEX_POINT('',#5653);
#1926=VERTEX_POINT('',#5657);
#1927=VERTEX_POINT('',#5659);
#1928=VERTEX_POINT('',#5661);
#1929=VERTEX_POINT('',#5663);
#1930=VERTEX_POINT('',#5665);
#1931=VERTEX_POINT('',#5668);
#1932=VERTEX_POINT('',#5670);
#1933=VERTEX_POINT('',#5672);
#1934=VERTEX_POINT('',#5674);
#1935=VERTEX_POINT('',#5678);
#1936=VERTEX_POINT('',#5682);
#1937=VERTEX_POINT('',#5686);
#1938=VERTEX_POINT('',#5690);
#1939=VERTEX_POINT('',#5696);
#1940=VERTEX_POINT('',#5697);
#1941=VERTEX_POINT('',#5702);
#1942=VERTEX_POINT('',#5706);
#1943=VERTEX_POINT('',#5712);
#1944=VERTEX_POINT('',#5716);
#1945=VERTEX_POINT('',#5725);
#1946=VERTEX_POINT('',#5726);
#1947=VERTEX_POINT('',#5728);
#1948=VERTEX_POINT('',#5730);
#1949=VERTEX_POINT('',#5734);
#1950=VERTEX_POINT('',#5736);
#1951=VERTEX_POINT('',#5740);
#1952=VERTEX_POINT('',#5742);
#1953=VERTEX_POINT('',#5744);
#1954=VERTEX_POINT('',#5746);
#1955=VERTEX_POINT('',#5748);
#1956=VERTEX_POINT('',#5750);
#1957=VERTEX_POINT('',#5752);
#1958=VERTEX_POINT('',#5756);
#1959=VERTEX_POINT('',#5758);
#1960=VERTEX_POINT('',#5762);
#1961=VERTEX_POINT('',#5763);
#1962=VERTEX_POINT('',#5765);
#1963=VERTEX_POINT('',#5767);
#1964=VERTEX_POINT('',#5771);
#1965=VERTEX_POINT('',#5773);
#1966=VERTEX_POINT('',#5777);
#1967=VERTEX_POINT('',#5778);
#1968=VERTEX_POINT('',#5780);
#1969=VERTEX_POINT('',#5782);
#1970=VERTEX_POINT('',#5786);
#1971=VERTEX_POINT('',#5788);
#1972=VERTEX_POINT('',#5792);
#1973=VERTEX_POINT('',#5794);
#1974=VERTEX_POINT('',#5796);
#1975=VERTEX_POINT('',#5798);
#1976=VERTEX_POINT('',#5800);
#1977=VERTEX_POINT('',#5808);
#1978=VERTEX_POINT('',#5809);
#1979=VERTEX_POINT('',#5814);
#1980=VERTEX_POINT('',#5818);
#1981=VERTEX_POINT('',#5822);
#1982=VERTEX_POINT('',#5824);
#1983=VERTEX_POINT('',#5830);
#1984=VERTEX_POINT('',#5834);
#1985=VERTEX_POINT('',#5855);
#1986=VERTEX_POINT('',#5856);
#1987=VERTEX_POINT('',#5861);
#1988=VERTEX_POINT('',#5863);
#1989=VERTEX_POINT('',#5877);
#1990=VERTEX_POINT('',#5882);
#1991=VERTEX_POINT('',#5896);
#1992=VERTEX_POINT('',#5901);
#1993=VERTEX_POINT('',#5915);
#1994=VERTEX_POINT('',#5920);
#1995=VERTEX_POINT('',#5934);
#1996=VERTEX_POINT('',#5939);
#1997=VERTEX_POINT('',#5953);
#1998=VERTEX_POINT('',#5958);
#1999=VERTEX_POINT('',#5988);
#2000=VERTEX_POINT('',#5989);
#2001=VERTEX_POINT('',#5994);
#2002=VERTEX_POINT('',#5996);
#2003=VERTEX_POINT('',#6010);
#2004=VERTEX_POINT('',#6015);
#2005=VERTEX_POINT('',#6029);
#2006=VERTEX_POINT('',#6034);
#2007=VERTEX_POINT('',#6048);
#2008=VERTEX_POINT('',#6053);
#2009=VERTEX_POINT('',#6067);
#2010=VERTEX_POINT('',#6072);
#2011=VERTEX_POINT('',#6086);
#2012=VERTEX_POINT('',#6091);
#2013=VERTEX_POINT('',#6105);
#2014=VERTEX_POINT('',#6110);
#2015=VERTEX_POINT('',#6135);
#2016=VERTEX_POINT('',#6136);
#2017=VERTEX_POINT('',#6138);
#2018=VERTEX_POINT('',#6140);
#2019=VERTEX_POINT('',#6151);
#2020=VERTEX_POINT('',#6156);
#2021=VERTEX_POINT('',#6170);
#2022=VERTEX_POINT('',#6175);
#2023=VERTEX_POINT('',#6189);
#2024=VERTEX_POINT('',#6194);
#2025=VERTEX_POINT('',#6208);
#2026=VERTEX_POINT('',#6213);
#2027=VERTEX_POINT('',#6220);
#2028=VERTEX_POINT('',#6222);
#2029=VERTEX_POINT('',#6249);
#2030=VERTEX_POINT('',#6250);
#2031=VERTEX_POINT('',#6255);
#2032=VERTEX_POINT('',#6257);
#2033=VERTEX_POINT('',#6271);
#2034=VERTEX_POINT('',#6276);
#2035=VERTEX_POINT('',#6283);
#2036=VERTEX_POINT('',#6285);
#2037=VERTEX_POINT('',#6296);
#2038=VERTEX_POINT('',#6301);
#2039=VERTEX_POINT('',#6315);
#2040=VERTEX_POINT('',#6320);
#2041=VERTEX_POINT('',#6334);
#2042=VERTEX_POINT('',#6339);
#2043=VERTEX_POINT('',#6353);
#2044=VERTEX_POINT('',#6358);
#2045=VERTEX_POINT('',#6372);
#2046=VERTEX_POINT('',#6377);
#2047=VERTEX_POINT('',#6391);
#2048=VERTEX_POINT('',#6396);
#2049=VERTEX_POINT('',#6403);
#2050=VERTEX_POINT('',#6405);
#2051=VERTEX_POINT('',#6416);
#2052=VERTEX_POINT('',#6421);
#2053=VERTEX_POINT('',#6435);
#2054=VERTEX_POINT('',#6440);
#2055=VERTEX_POINT('',#6454);
#2056=VERTEX_POINT('',#6459);
#2057=VERTEX_POINT('',#6473);
#2058=VERTEX_POINT('',#6478);
#2059=VERTEX_POINT('',#6492);
#2060=VERTEX_POINT('',#6497);
#2061=VERTEX_POINT('',#6504);
#2062=VERTEX_POINT('',#6506);
#2063=VERTEX_POINT('',#6517);
#2064=VERTEX_POINT('',#6522);
#2065=VERTEX_POINT('',#6529);
#2066=VERTEX_POINT('',#6531);
#2067=VERTEX_POINT('',#6535);
#2068=VERTEX_POINT('',#6537);
#2069=VERTEX_POINT('',#6548);
#2070=VERTEX_POINT('',#6553);
#2071=VERTEX_POINT('',#6567);
#2072=VERTEX_POINT('',#6572);
#2073=VERTEX_POINT('',#6597);
#2074=VERTEX_POINT('',#6598);
#2075=VERTEX_POINT('',#6600);
#2076=VERTEX_POINT('',#6602);
#2077=VERTEX_POINT('',#6606);
#2078=VERTEX_POINT('',#6608);
#2079=VERTEX_POINT('',#6612);
#2080=VERTEX_POINT('',#6614);
#2081=VERTEX_POINT('',#6625);
#2082=VERTEX_POINT('',#6630);
#2083=VERTEX_POINT('',#6644);
#2084=VERTEX_POINT('',#6649);
#2085=VERTEX_POINT('',#6663);
#2086=VERTEX_POINT('',#6668);
#2087=VERTEX_POINT('',#6675);
#2088=VERTEX_POINT('',#6677);
#2089=VERTEX_POINT('',#6681);
#2090=VERTEX_POINT('',#6683);
#2091=VERTEX_POINT('',#6687);
#2092=VERTEX_POINT('',#6689);
#2093=VERTEX_POINT('',#6700);
#2094=VERTEX_POINT('',#6705);
#2095=VERTEX_POINT('',#6719);
#2096=VERTEX_POINT('',#6724);
#2097=VERTEX_POINT('',#6738);
#2098=VERTEX_POINT('',#6743);
#2099=VERTEX_POINT('',#6757);
#2100=VERTEX_POINT('',#6762);
#2101=VERTEX_POINT('',#6769);
#2102=VERTEX_POINT('',#6771);
#2103=VERTEX_POINT('',#6787);
#2104=VERTEX_POINT('',#6788);
#2105=VERTEX_POINT('',#6793);
#2106=VERTEX_POINT('',#6795);
#2107=VERTEX_POINT('',#6809);
#2108=VERTEX_POINT('',#6814);
#2109=VERTEX_POINT('',#6828);
#2110=VERTEX_POINT('',#6833);
#2111=VERTEX_POINT('',#6847);
#2112=VERTEX_POINT('',#6852);
#2113=VERTEX_POINT('',#6866);
#2114=VERTEX_POINT('',#6871);
#2115=VERTEX_POINT('',#6885);
#2116=VERTEX_POINT('',#6890);
#2117=VERTEX_POINT('',#6897);
#2118=VERTEX_POINT('',#6899);
#2119=VERTEX_POINT('',#6910);
#2120=VERTEX_POINT('',#6915);
#2121=VERTEX_POINT('',#6929);
#2122=VERTEX_POINT('',#6934);
#2123=VERTEX_POINT('',#6948);
#2124=VERTEX_POINT('',#6953);
#2125=VERTEX_POINT('',#6967);
#2126=VERTEX_POINT('',#6972);
#2127=VERTEX_POINT('',#6986);
#2128=VERTEX_POINT('',#6991);
#2129=VERTEX_POINT('',#7005);
#2130=VERTEX_POINT('',#7010);
#2131=VERTEX_POINT('',#7024);
#2132=VERTEX_POINT('',#7029);
#2133=VERTEX_POINT('',#7043);
#2134=VERTEX_POINT('',#7048);
#2135=VERTEX_POINT('',#7062);
#2136=VERTEX_POINT('',#7067);
#2137=VERTEX_POINT('',#7081);
#2138=VERTEX_POINT('',#7086);
#2139=VERTEX_POINT('',#7100);
#2140=VERTEX_POINT('',#7105);
#2141=VERTEX_POINT('',#7112);
#2142=VERTEX_POINT('',#7114);
#2143=VERTEX_POINT('',#7136);
#2144=VERTEX_POINT('',#7137);
#2145=VERTEX_POINT('',#7139);
#2146=VERTEX_POINT('',#7141);
#2147=VERTEX_POINT('',#7145);
#2148=VERTEX_POINT('',#7147);
#2149=VERTEX_POINT('',#7151);
#2150=VERTEX_POINT('',#7153);
#2151=VERTEX_POINT('',#7162);
#2152=VERTEX_POINT('',#7163);
#2153=VERTEX_POINT('',#7165);
#2154=VERTEX_POINT('',#7167);
#2155=VERTEX_POINT('',#7171);
#2156=VERTEX_POINT('',#7173);
#2157=VERTEX_POINT('',#7177);
#2158=VERTEX_POINT('',#7179);
#2159=VERTEX_POINT('',#7195);
#2160=VERTEX_POINT('',#7196);
#2161=VERTEX_POINT('',#7201);
#2162=VERTEX_POINT('',#7203);
#2163=VERTEX_POINT('',#7217);
#2164=VERTEX_POINT('',#7222);
#2165=VERTEX_POINT('',#7236);
#2166=VERTEX_POINT('',#7241);
#2167=VERTEX_POINT('',#7255);
#2168=VERTEX_POINT('',#7260);
#2169=VERTEX_POINT('',#7267);
#2170=VERTEX_POINT('',#7269);
#2171=VERTEX_POINT('',#7280);
#2172=VERTEX_POINT('',#7285);
#2173=VERTEX_POINT('',#7299);
#2174=VERTEX_POINT('',#7304);
#2175=VERTEX_POINT('',#7318);
#2176=VERTEX_POINT('',#7323);
#2177=VERTEX_POINT('',#7337);
#2178=VERTEX_POINT('',#7342);
#2179=VERTEX_POINT('',#7356);
#2180=VERTEX_POINT('',#7361);
#2181=VERTEX_POINT('',#7375);
#2182=VERTEX_POINT('',#7380);
#2183=VERTEX_POINT('',#7394);
#2184=VERTEX_POINT('',#7399);
#2185=VERTEX_POINT('',#7406);
#2186=VERTEX_POINT('',#7408);
#2187=VERTEX_POINT('',#7419);
#2188=VERTEX_POINT('',#7424);
#2189=VERTEX_POINT('',#7438);
#2190=VERTEX_POINT('',#7443);
#2191=VERTEX_POINT('',#7457);
#2192=VERTEX_POINT('',#7462);
#2193=VERTEX_POINT('',#7476);
#2194=VERTEX_POINT('',#7481);
#2195=VERTEX_POINT('',#7495);
#2196=VERTEX_POINT('',#7500);
#2197=VERTEX_POINT('',#7514);
#2198=VERTEX_POINT('',#7519);
#2199=VERTEX_POINT('',#7533);
#2200=VERTEX_POINT('',#7538);
#2201=VERTEX_POINT('',#7552);
#2202=VERTEX_POINT('',#7557);
#2203=VERTEX_POINT('',#7571);
#2204=VERTEX_POINT('',#7576);
#2205=VERTEX_POINT('',#7590);
#2206=VERTEX_POINT('',#7595);
#2207=VERTEX_POINT('',#7609);
#2208=VERTEX_POINT('',#7614);
#2209=VERTEX_POINT('',#7628);
#2210=VERTEX_POINT('',#7633);
#2211=VERTEX_POINT('',#7640);
#2212=VERTEX_POINT('',#7642);
#2213=VERTEX_POINT('',#7664);
#2214=VERTEX_POINT('',#7665);
#2215=VERTEX_POINT('',#7667);
#2216=VERTEX_POINT('',#7669);
#2217=VERTEX_POINT('',#7673);
#2218=VERTEX_POINT('',#7675);
#2219=VERTEX_POINT('',#7679);
#2220=VERTEX_POINT('',#7681);
#2221=VERTEX_POINT('',#7692);
#2222=VERTEX_POINT('',#7697);
#2223=VERTEX_POINT('',#7711);
#2224=VERTEX_POINT('',#7716);
#2225=VERTEX_POINT('',#7730);
#2226=VERTEX_POINT('',#7735);
#2227=VERTEX_POINT('',#7742);
#2228=VERTEX_POINT('',#7744);
#2229=VERTEX_POINT('',#7748);
#2230=VERTEX_POINT('',#7750);
#2231=VERTEX_POINT('',#7754);
#2232=VERTEX_POINT('',#7756);
#2233=VERTEX_POINT('',#7767);
#2234=VERTEX_POINT('',#7772);
#2235=VERTEX_POINT('',#7786);
#2236=VERTEX_POINT('',#7791);
#2237=VERTEX_POINT('',#7805);
#2238=VERTEX_POINT('',#7810);
#2239=VERTEX_POINT('',#7824);
#2240=VERTEX_POINT('',#7829);
#2241=VERTEX_POINT('',#7836);
#2242=VERTEX_POINT('',#7838);
#2243=VERTEX_POINT('',#7854);
#2244=VERTEX_POINT('',#7855);
#2245=VERTEX_POINT('',#7860);
#2246=VERTEX_POINT('',#7862);
#2247=VERTEX_POINT('',#7876);
#2248=VERTEX_POINT('',#7881);
#2249=VERTEX_POINT('',#7895);
#2250=VERTEX_POINT('',#7900);
#2251=VERTEX_POINT('',#7914);
#2252=VERTEX_POINT('',#7919);
#2253=VERTEX_POINT('',#7926);
#2254=VERTEX_POINT('',#7928);
#2255=VERTEX_POINT('',#7939);
#2256=VERTEX_POINT('',#7944);
#2257=VERTEX_POINT('',#7954);
#2258=VERTEX_POINT('',#7955);
#2259=VERTEX_POINT('',#7957);
#2260=VERTEX_POINT('',#7959);
#2261=VERTEX_POINT('',#7970);
#2262=VERTEX_POINT('',#7975);
#2263=VERTEX_POINT('',#7989);
#2264=VERTEX_POINT('',#7994);
#2265=VERTEX_POINT('',#8008);
#2266=VERTEX_POINT('',#8013);
#2267=VERTEX_POINT('',#8027);
#2268=VERTEX_POINT('',#8032);
#2269=VERTEX_POINT('',#8046);
#2270=VERTEX_POINT('',#8051);
#2271=VERTEX_POINT('',#8065);
#2272=VERTEX_POINT('',#8070);
#2273=VERTEX_POINT('',#8077);
#2274=VERTEX_POINT('',#8079);
#2275=VERTEX_POINT('',#8090);
#2276=VERTEX_POINT('',#8095);
#2277=VERTEX_POINT('',#8109);
#2278=VERTEX_POINT('',#8114);
#2279=VERTEX_POINT('',#8128);
#2280=VERTEX_POINT('',#8133);
#2281=VERTEX_POINT('',#8147);
#2282=VERTEX_POINT('',#8152);
#2283=VERTEX_POINT('',#8166);
#2284=VERTEX_POINT('',#8171);
#2285=VERTEX_POINT('',#8178);
#2286=VERTEX_POINT('',#8180);
#2287=VERTEX_POINT('',#8191);
#2288=VERTEX_POINT('',#8196);
#2289=VERTEX_POINT('',#8203);
#2290=VERTEX_POINT('',#8205);
#2291=VERTEX_POINT('',#8209);
#2292=VERTEX_POINT('',#8211);
#2293=VERTEX_POINT('',#8222);
#2294=VERTEX_POINT('',#8227);
#2295=VERTEX_POINT('',#8241);
#2296=VERTEX_POINT('',#8246);
#2297=VERTEX_POINT('',#8260);
#2298=VERTEX_POINT('',#8265);
#2299=VERTEX_POINT('',#8279);
#2300=VERTEX_POINT('',#8284);
#2301=VERTEX_POINT('',#8309);
#2302=VERTEX_POINT('',#8310);
#2303=VERTEX_POINT('',#8312);
#2304=VERTEX_POINT('',#8314);
#2305=VERTEX_POINT('',#8318);
#2306=VERTEX_POINT('',#8320);
#2307=VERTEX_POINT('',#8324);
#2308=VERTEX_POINT('',#8326);
#2309=VERTEX_POINT('',#8337);
#2310=VERTEX_POINT('',#8342);
#2311=VERTEX_POINT('',#8356);
#2312=VERTEX_POINT('',#8361);
#2313=VERTEX_POINT('',#8375);
#2314=VERTEX_POINT('',#8380);
#2315=VERTEX_POINT('',#8410);
#2316=VERTEX_POINT('',#8411);
#2317=VERTEX_POINT('',#8416);
#2318=VERTEX_POINT('',#8418);
#2319=VERTEX_POINT('',#8432);
#2320=VERTEX_POINT('',#8437);
#2321=VERTEX_POINT('',#8451);
#2322=VERTEX_POINT('',#8456);
#2323=VERTEX_POINT('',#8463);
#2324=VERTEX_POINT('',#8465);
#2325=VERTEX_POINT('',#8469);
#2326=VERTEX_POINT('',#8471);
#2327=VERTEX_POINT('',#8475);
#2328=VERTEX_POINT('',#8477);
#2329=VERTEX_POINT('',#8481);
#2330=VERTEX_POINT('',#8483);
#2331=VERTEX_POINT('',#8487);
#2332=VERTEX_POINT('',#8489);
#2333=EDGE_CURVE('',#1885,#1886,#1853,.T.);
#2334=EDGE_CURVE('',#1886,#1887,#1065,.T.);
#2335=EDGE_CURVE('',#1887,#1888,#1854,.T.);
#2336=EDGE_CURVE('',#1888,#1885,#1066,.T.);
#2337=EDGE_CURVE('',#1886,#1889,#1067,.T.);
#2338=EDGE_CURVE('',#1890,#1889,#1068,.T.);
#2339=EDGE_CURVE('',#1890,#1887,#1069,.T.);
#2340=EDGE_CURVE('',#1891,#1885,#1070,.T.);
#2341=EDGE_CURVE('',#1892,#1891,#1855,.T.);
#2342=EDGE_CURVE('',#1893,#1892,#1071,.T.);
#2343=EDGE_CURVE('',#1894,#1893,#1856,.T.);
#2344=EDGE_CURVE('',#1895,#1894,#1072,.T.);
#2345=EDGE_CURVE('',#1889,#1895,#1857,.T.);
#2346=EDGE_CURVE('',#1896,#1897,#1858,.T.);
#2347=EDGE_CURVE('',#1897,#1892,#1073,.T.);
#2348=EDGE_CURVE('',#1891,#1896,#1074,.T.);
#2349=EDGE_CURVE('',#1897,#1898,#1075,.T.);
#2350=EDGE_CURVE('',#1893,#1898,#1076,.T.);
#2351=EDGE_CURVE('',#1898,#1899,#1859,.T.);
#2352=EDGE_CURVE('',#1899,#1894,#1077,.T.);
#2353=EDGE_CURVE('',#1900,#1890,#1860,.T.);
#2354=EDGE_CURVE('',#1895,#1900,#1078,.T.);
#2355=EDGE_CURVE('',#1899,#1900,#1079,.T.);
#2356=EDGE_CURVE('',#1888,#1896,#1080,.T.);
#2357=EDGE_CURVE('',#1901,#1902,#1081,.T.);
#2358=EDGE_CURVE('',#1903,#1902,#1082,.T.);
#2359=EDGE_CURVE('',#1903,#1904,#1083,.T.);
#2360=EDGE_CURVE('',#1904,#1901,#1084,.T.);
#2361=EDGE_CURVE('',#1905,#1906,#1085,.T.);
#2362=EDGE_CURVE('',#1905,#1907,#1086,.T.);
#2363=EDGE_CURVE('',#1908,#1907,#1087,.T.);
#2364=EDGE_CURVE('',#1908,#1906,#1088,.T.);
#2365=EDGE_CURVE('',#1905,#1901,#1089,.T.);
#2366=EDGE_CURVE('',#1904,#1907,#1090,.T.);
#2367=EDGE_CURVE('',#1902,#1906,#1091,.T.);
#2368=EDGE_CURVE('',#1903,#1908,#1092,.T.);
#2369=EDGE_CURVE('',#1909,#1910,#1093,.T.);
#2370=EDGE_CURVE('',#1910,#1911,#1094,.T.);
#2371=EDGE_CURVE('',#1911,#1912,#1095,.T.);
#2372=EDGE_CURVE('',#1909,#1912,#1096,.T.);
#2373=EDGE_CURVE('',#1913,#1911,#1097,.T.);
#2374=EDGE_CURVE('',#1914,#1913,#1098,.T.);
#2375=EDGE_CURVE('',#1912,#1914,#1099,.T.);
#2376=EDGE_CURVE('',#1910,#1915,#1100,.T.);
#2377=EDGE_CURVE('',#1915,#1916,#1101,.T.);
#2378=EDGE_CURVE('',#1917,#1916,#1102,.T.);
#2379=EDGE_CURVE('',#1918,#1917,#1103,.T.);
#2380=EDGE_CURVE('',#1919,#1918,#1104,.T.);
#2381=EDGE_CURVE('',#1919,#1913,#1105,.T.);
#2382=EDGE_CURVE('',#1920,#1921,#1861,.T.);
#2383=EDGE_CURVE('',#1921,#1922,#1106,.T.);
#2384=EDGE_CURVE('',#1922,#1923,#1862,.T.);
#2385=EDGE_CURVE('',#1923,#1920,#1107,.T.);
#2386=EDGE_CURVE('',#1924,#1923,#1108,.T.);
#2387=EDGE_CURVE('',#1925,#1924,#1109,.T.);
#2388=EDGE_CURVE('',#1920,#1925,#1110,.T.);
#2389=EDGE_CURVE('',#1922,#1926,#1111,.T.);
#2390=EDGE_CURVE('',#1927,#1926,#1863,.T.);
#2391=EDGE_CURVE('',#1927,#1928,#1112,.T.);
#2392=EDGE_CURVE('',#1929,#1928,#1864,.T.);
#2393=EDGE_CURVE('',#1930,#1929,#1113,.T.);
#2394=EDGE_CURVE('',#1930,#1919,#1114,.T.);
#2395=EDGE_CURVE('',#1931,#1918,#1865,.T.);
#2396=EDGE_CURVE('',#1931,#1932,#1115,.T.);
#2397=EDGE_CURVE('',#1933,#1932,#1866,.T.);
#2398=EDGE_CURVE('',#1933,#1934,#1116,.T.);
#2399=EDGE_CURVE('',#1924,#1934,#1867,.T.);
#2400=EDGE_CURVE('',#1934,#1935,#1117,.T.);
#2401=EDGE_CURVE('',#1935,#1925,#1868,.T.);
#2402=EDGE_CURVE('',#1936,#1933,#1118,.T.);
#2403=EDGE_CURVE('',#1935,#1936,#1119,.T.);
#2404=EDGE_CURVE('',#1917,#1937,#1869,.T.);
#2405=EDGE_CURVE('',#1937,#1931,#1120,.T.);
#2406=EDGE_CURVE('',#1932,#1938,#1121,.T.);
#2407=EDGE_CURVE('',#1938,#1936,#1870,.T.);
#2408=EDGE_CURVE('',#1938,#1937,#1122,.T.);
#2409=EDGE_CURVE('',#1939,#1940,#1871,.T.);
#2410=EDGE_CURVE('',#1940,#1929,#1123,.T.);
#2411=EDGE_CURVE('',#1928,#1939,#1124,.T.);
#2412=EDGE_CURVE('',#1941,#1927,#1125,.T.);
#2413=EDGE_CURVE('',#1941,#1939,#1126,.T.);
#2414=EDGE_CURVE('',#1942,#1941,#1872,.T.);
#2415=EDGE_CURVE('',#1926,#1942,#1127,.T.);
#2416=EDGE_CURVE('',#1942,#1921,#1128,.T.);
#2417=EDGE_CURVE('',#1943,#1909,#1129,.T.);
#2418=EDGE_CURVE('',#1943,#1915,#1130,.T.);
#2419=EDGE_CURVE('',#1944,#1943,#1131,.T.);
#2420=EDGE_CURVE('',#1916,#1944,#1132,.T.);
#2421=EDGE_CURVE('',#1914,#1930,#1133,.T.);
#2422=EDGE_CURVE('',#1940,#1944,#1134,.T.);
#2423=EDGE_CURVE('',#1945,#1946,#1135,.T.);
#2424=EDGE_CURVE('',#1946,#1947,#1136,.T.);
#2425=EDGE_CURVE('',#1947,#1948,#1137,.T.);
#2426=EDGE_CURVE('',#1945,#1948,#1138,.T.);
#2427=EDGE_CURVE('',#1949,#1947,#1139,.T.);
#2428=EDGE_CURVE('',#1950,#1949,#1140,.T.);
#2429=EDGE_CURVE('',#1948,#1950,#1141,.T.);
#2430=EDGE_CURVE('',#1946,#1951,#1142,.T.);
#2431=EDGE_CURVE('',#1951,#1952,#1143,.T.);
#2432=EDGE_CURVE('',#1953,#1952,#1144,.T.);
#2433=EDGE_CURVE('',#1954,#1953,#1145,.T.);
#2434=EDGE_CURVE('',#1955,#1954,#1146,.T.);
#2435=EDGE_CURVE('',#1955,#1956,#1147,.T.);
#2436=EDGE_CURVE('',#1956,#1957,#1148,.T.);
#2437=EDGE_CURVE('',#1957,#1949,#1149,.T.);
#2438=EDGE_CURVE('',#1958,#1954,#1873,.T.);
#2439=EDGE_CURVE('',#1953,#1959,#1874,.T.);
#2440=EDGE_CURVE('',#1959,#1958,#1150,.T.);
#2441=EDGE_CURVE('',#1960,#1961,#1875,.T.);
#2442=EDGE_CURVE('',#1961,#1962,#1151,.T.);
#2443=EDGE_CURVE('',#1962,#1963,#1876,.T.);
#2444=EDGE_CURVE('',#1963,#1960,#1152,.T.);
#2445=EDGE_CURVE('',#1964,#1961,#1153,.T.);
#2446=EDGE_CURVE('',#1965,#1964,#1154,.T.);
#2447=EDGE_CURVE('',#1962,#1965,#1155,.T.);
#2448=EDGE_CURVE('',#1966,#1967,#1877,.T.);
#2449=EDGE_CURVE('',#1967,#1968,#1156,.T.);
#2450=EDGE_CURVE('',#1968,#1969,#1878,.T.);
#2451=EDGE_CURVE('',#1969,#1966,#1157,.T.);
#2452=EDGE_CURVE('',#1970,#1969,#1158,.T.);
#2453=EDGE_CURVE('',#1971,#1970,#1159,.T.);
#2454=EDGE_CURVE('',#1966,#1971,#1160,.T.);
#2455=EDGE_CURVE('',#1968,#1972,#1161,.T.);
#2456=EDGE_CURVE('',#1973,#1972,#1879,.T.);
#2457=EDGE_CURVE('',#1973,#1974,#1162,.T.);
#2458=EDGE_CURVE('',#1975,#1974,#1880,.T.);
#2459=EDGE_CURVE('',#1976,#1975,#1163,.T.);
#2460=EDGE_CURVE('',#1976,#1955,#1164,.T.);
#2461=EDGE_CURVE('',#1958,#1963,#1165,.T.);
#2462=EDGE_CURVE('',#1970,#1965,#1881,.T.);
#2463=EDGE_CURVE('',#1964,#1971,#1882,.T.);
#2464=EDGE_CURVE('',#1977,#1978,#1883,.T.);
#2465=EDGE_CURVE('',#1978,#1973,#1166,.T.);
#2466=EDGE_CURVE('',#1972,#1977,#1167,.T.);
#2467=EDGE_CURVE('',#1978,#1979,#1168,.T.);
#2468=EDGE_CURVE('',#1974,#1979,#1169,.T.);
#2469=EDGE_CURVE('',#1979,#1980,#1884,.T.);
#2470=EDGE_CURVE('',#1980,#1975,#1170,.T.);
#2471=EDGE_CURVE('',#1981,#1951,#1171,.T.);
#2472=EDGE_CURVE('',#1982,#1981,#1172,.T.);
#2473=EDGE_CURVE('',#1952,#1982,#1173,.T.);
#2474=EDGE_CURVE('',#1981,#1945,#1174,.T.);
#2475=EDGE_CURVE('',#1983,#1957,#1175,.T.);
#2476=EDGE_CURVE('',#1950,#1983,#1176,.T.);
#2477=EDGE_CURVE('',#1984,#1976,#1177,.T.);
#2478=EDGE_CURVE('',#1984,#1956,#1178,.T.);
#2479=EDGE_CURVE('',#1983,#1984,#1179,.T.);
#2480=EDGE_CURVE('',#1980,#1982,#1180,.T.);
#2481=EDGE_CURVE('',#1977,#1967,#1181,.T.);
#2482=EDGE_CURVE('',#1960,#1959,#1182,.T.);
#2483=EDGE_CURVE('',#1985,#1986,#35,.T.);
#2484=EDGE_CURVE('',#1985,#1987,#1183,.T.);
#2485=EDGE_CURVE('',#1988,#1987,#36,.T.);
#2486=EDGE_CURVE('',#1986,#1988,#1184,.T.);
#2487=EDGE_CURVE('',#1989,#1985,#37,.T.);
#2488=EDGE_CURVE('',#1989,#1990,#1185,.T.);
#2489=EDGE_CURVE('',#1987,#1990,#38,.T.);
#2490=EDGE_CURVE('',#1991,#1989,#39,.T.);
#2491=EDGE_CURVE('',#1991,#1992,#1186,.T.);
#2492=EDGE_CURVE('',#1990,#1992,#40,.T.);
#2493=EDGE_CURVE('',#1993,#1991,#41,.T.);
#2494=EDGE_CURVE('',#1993,#1994,#1187,.T.);
#2495=EDGE_CURVE('',#1992,#1994,#42,.T.);
#2496=EDGE_CURVE('',#1995,#1993,#43,.T.);
#2497=EDGE_CURVE('',#1995,#1996,#1188,.T.);
#2498=EDGE_CURVE('',#1994,#1996,#44,.T.);
#2499=EDGE_CURVE('',#1997,#1995,#45,.T.);
#2500=EDGE_CURVE('',#1997,#1998,#1189,.T.);
#2501=EDGE_CURVE('',#1996,#1998,#46,.T.);
#2502=EDGE_CURVE('',#1986,#1997,#47,.T.);
#2503=EDGE_CURVE('',#1998,#1988,#48,.T.);
#2504=EDGE_CURVE('',#1999,#2000,#49,.T.);
#2505=EDGE_CURVE('',#1999,#2001,#1190,.T.);
#2506=EDGE_CURVE('',#2002,#2001,#50,.T.);
#2507=EDGE_CURVE('',#2000,#2002,#1191,.T.);
#2508=EDGE_CURVE('',#2000,#2003,#51,.T.);
#2509=EDGE_CURVE('',#2004,#2002,#52,.T.);
#2510=EDGE_CURVE('',#2003,#2004,#1192,.T.);
#2511=EDGE_CURVE('',#2003,#2005,#53,.T.);
#2512=EDGE_CURVE('',#2006,#2004,#54,.T.);
#2513=EDGE_CURVE('',#2005,#2006,#1193,.T.);
#2514=EDGE_CURVE('',#2005,#2007,#55,.T.);
#2515=EDGE_CURVE('',#2008,#2006,#56,.T.);
#2516=EDGE_CURVE('',#2007,#2008,#1194,.T.);
#2517=EDGE_CURVE('',#2007,#2009,#57,.T.);
#2518=EDGE_CURVE('',#2010,#2008,#58,.T.);
#2519=EDGE_CURVE('',#2009,#2010,#1195,.T.);
#2520=EDGE_CURVE('',#2009,#2011,#59,.T.);
#2521=EDGE_CURVE('',#2012,#2010,#60,.T.);
#2522=EDGE_CURVE('',#2011,#2012,#1196,.T.);
#2523=EDGE_CURVE('',#2011,#2013,#61,.T.);
#2524=EDGE_CURVE('',#2014,#2012,#62,.T.);
#2525=EDGE_CURVE('',#2013,#2014,#1197,.T.);
#2526=EDGE_CURVE('',#2013,#1999,#63,.T.);
#2527=EDGE_CURVE('',#2001,#2014,#64,.T.);
#2528=EDGE_CURVE('',#2015,#2016,#1198,.T.);
#2529=EDGE_CURVE('',#2015,#2017,#1199,.T.);
#2530=EDGE_CURVE('',#2018,#2017,#1200,.T.);
#2531=EDGE_CURVE('',#2016,#2018,#1201,.T.);
#2532=EDGE_CURVE('',#2019,#2015,#65,.T.);
#2533=EDGE_CURVE('',#2019,#2020,#1202,.T.);
#2534=EDGE_CURVE('',#2017,#2020,#66,.T.);
#2535=EDGE_CURVE('',#2021,#2019,#67,.T.);
#2536=EDGE_CURVE('',#2021,#2022,#1203,.T.);
#2537=EDGE_CURVE('',#2020,#2022,#68,.T.);
#2538=EDGE_CURVE('',#2023,#2021,#69,.T.);
#2539=EDGE_CURVE('',#2023,#2024,#1204,.T.);
#2540=EDGE_CURVE('',#2022,#2024,#70,.T.);
#2541=EDGE_CURVE('',#2025,#2023,#71,.T.);
#2542=EDGE_CURVE('',#2025,#2026,#1205,.T.);
#2543=EDGE_CURVE('',#2024,#2026,#72,.T.);
#2544=EDGE_CURVE('',#2027,#2025,#1206,.T.);
#2545=EDGE_CURVE('',#2027,#2028,#1207,.T.);
#2546=EDGE_CURVE('',#2026,#2028,#1208,.T.);
#2547=EDGE_CURVE('',#2016,#2027,#73,.T.);
#2548=EDGE_CURVE('',#2028,#2018,#74,.T.);
#2549=EDGE_CURVE('',#2029,#2030,#75,.T.);
#2550=EDGE_CURVE('',#2030,#2031,#1209,.T.);
#2551=EDGE_CURVE('',#2032,#2031,#76,.T.);
#2552=EDGE_CURVE('',#2029,#2032,#1210,.T.);
#2553=EDGE_CURVE('',#2033,#2029,#77,.T.);
#2554=EDGE_CURVE('',#2034,#2032,#78,.T.);
#2555=EDGE_CURVE('',#2033,#2034,#1211,.T.);
#2556=EDGE_CURVE('',#2035,#2033,#1212,.T.);
#2557=EDGE_CURVE('',#2036,#2034,#1213,.T.);
#2558=EDGE_CURVE('',#2035,#2036,#1214,.T.);
#2559=EDGE_CURVE('',#2037,#2035,#79,.T.);
#2560=EDGE_CURVE('',#2038,#2036,#80,.T.);
#2561=EDGE_CURVE('',#2037,#2038,#1215,.T.);
#2562=EDGE_CURVE('',#2039,#2037,#81,.T.);
#2563=EDGE_CURVE('',#2040,#2038,#82,.T.);
#2564=EDGE_CURVE('',#2039,#2040,#1216,.T.);
#2565=EDGE_CURVE('',#2041,#2039,#83,.T.);
#2566=EDGE_CURVE('',#2042,#2040,#84,.T.);
#2567=EDGE_CURVE('',#2041,#2042,#1217,.T.);
#2568=EDGE_CURVE('',#2043,#2041,#85,.T.);
#2569=EDGE_CURVE('',#2044,#2042,#86,.T.);
#2570=EDGE_CURVE('',#2043,#2044,#1218,.T.);
#2571=EDGE_CURVE('',#2045,#2043,#87,.T.);
#2572=EDGE_CURVE('',#2046,#2044,#88,.T.);
#2573=EDGE_CURVE('',#2045,#2046,#1219,.T.);
#2574=EDGE_CURVE('',#2047,#2045,#89,.T.);
#2575=EDGE_CURVE('',#2048,#2046,#90,.T.);
#2576=EDGE_CURVE('',#2047,#2048,#1220,.T.);
#2577=EDGE_CURVE('',#2049,#2047,#1221,.T.);
#2578=EDGE_CURVE('',#2050,#2048,#1222,.T.);
#2579=EDGE_CURVE('',#2049,#2050,#1223,.T.);
#2580=EDGE_CURVE('',#2051,#2049,#91,.T.);
#2581=EDGE_CURVE('',#2052,#2050,#92,.T.);
#2582=EDGE_CURVE('',#2051,#2052,#1224,.T.);
#2583=EDGE_CURVE('',#2053,#2051,#93,.T.);
#2584=EDGE_CURVE('',#2054,#2052,#94,.T.);
#2585=EDGE_CURVE('',#2053,#2054,#1225,.T.);
#2586=EDGE_CURVE('',#2055,#2053,#95,.T.);
#2587=EDGE_CURVE('',#2056,#2054,#96,.T.);
#2588=EDGE_CURVE('',#2055,#2056,#1226,.T.);
#2589=EDGE_CURVE('',#2057,#2055,#97,.T.);
#2590=EDGE_CURVE('',#2058,#2056,#98,.T.);
#2591=EDGE_CURVE('',#2057,#2058,#1227,.T.);
#2592=EDGE_CURVE('',#2059,#2057,#99,.T.);
#2593=EDGE_CURVE('',#2060,#2058,#100,.T.);
#2594=EDGE_CURVE('',#2059,#2060,#1228,.T.);
#2595=EDGE_CURVE('',#2061,#2059,#1229,.T.);
#2596=EDGE_CURVE('',#2062,#2060,#1230,.T.);
#2597=EDGE_CURVE('',#2061,#2062,#1231,.T.);
#2598=EDGE_CURVE('',#2063,#2061,#101,.T.);
#2599=EDGE_CURVE('',#2064,#2062,#102,.T.);
#2600=EDGE_CURVE('',#2063,#2064,#1232,.T.);
#2601=EDGE_CURVE('',#2065,#2063,#1233,.T.);
#2602=EDGE_CURVE('',#2066,#2064,#1234,.T.);
#2603=EDGE_CURVE('',#2065,#2066,#1235,.T.);
#2604=EDGE_CURVE('',#2067,#2065,#1236,.T.);
#2605=EDGE_CURVE('',#2068,#2066,#1237,.T.);
#2606=EDGE_CURVE('',#2067,#2068,#1238,.T.);
#2607=EDGE_CURVE('',#2069,#2067,#103,.T.);
#2608=EDGE_CURVE('',#2070,#2068,#104,.T.);
#2609=EDGE_CURVE('',#2069,#2070,#1239,.T.);
#2610=EDGE_CURVE('',#2071,#2069,#105,.T.);
#2611=EDGE_CURVE('',#2072,#2070,#106,.T.);
#2612=EDGE_CURVE('',#2071,#2072,#1240,.T.);
#2613=EDGE_CURVE('',#2030,#2071,#107,.T.);
#2614=EDGE_CURVE('',#2031,#2072,#108,.T.);
#2615=EDGE_CURVE('',#2073,#2074,#1241,.T.);
#2616=EDGE_CURVE('',#2074,#2075,#1242,.T.);
#2617=EDGE_CURVE('',#2076,#2075,#1243,.T.);
#2618=EDGE_CURVE('',#2073,#2076,#1244,.T.);
#2619=EDGE_CURVE('',#2077,#2073,#1245,.T.);
#2620=EDGE_CURVE('',#2078,#2076,#1246,.T.);
#2621=EDGE_CURVE('',#2077,#2078,#1247,.T.);
#2622=EDGE_CURVE('',#2079,#2077,#1248,.T.);
#2623=EDGE_CURVE('',#2080,#2078,#1249,.T.);
#2624=EDGE_CURVE('',#2079,#2080,#1250,.T.);
#2625=EDGE_CURVE('',#2081,#2079,#109,.T.);
#2626=EDGE_CURVE('',#2082,#2080,#110,.T.);
#2627=EDGE_CURVE('',#2081,#2082,#1251,.T.);
#2628=EDGE_CURVE('',#2083,#2081,#111,.T.);
#2629=EDGE_CURVE('',#2084,#2082,#112,.T.);
#2630=EDGE_CURVE('',#2083,#2084,#1252,.T.);
#2631=EDGE_CURVE('',#2085,#2083,#113,.T.);
#2632=EDGE_CURVE('',#2086,#2084,#114,.T.);
#2633=EDGE_CURVE('',#2085,#2086,#1253,.T.);
#2634=EDGE_CURVE('',#2087,#2085,#1254,.T.);
#2635=EDGE_CURVE('',#2088,#2086,#1255,.T.);
#2636=EDGE_CURVE('',#2087,#2088,#1256,.T.);
#2637=EDGE_CURVE('',#2089,#2087,#1257,.T.);
#2638=EDGE_CURVE('',#2090,#2088,#1258,.T.);
#2639=EDGE_CURVE('',#2089,#2090,#1259,.T.);
#2640=EDGE_CURVE('',#2091,#2089,#1260,.T.);
#2641=EDGE_CURVE('',#2092,#2090,#1261,.T.);
#2642=EDGE_CURVE('',#2091,#2092,#1262,.T.);
#2643=EDGE_CURVE('',#2093,#2091,#115,.T.);
#2644=EDGE_CURVE('',#2094,#2092,#116,.T.);
#2645=EDGE_CURVE('',#2093,#2094,#1263,.T.);
#2646=EDGE_CURVE('',#2095,#2093,#117,.T.);
#2647=EDGE_CURVE('',#2096,#2094,#118,.T.);
#2648=EDGE_CURVE('',#2095,#2096,#1264,.T.);
#2649=EDGE_CURVE('',#2097,#2095,#119,.T.);
#2650=EDGE_CURVE('',#2098,#2096,#120,.T.);
#2651=EDGE_CURVE('',#2097,#2098,#1265,.T.);
#2652=EDGE_CURVE('',#2099,#2097,#121,.T.);
#2653=EDGE_CURVE('',#2100,#2098,#122,.T.);
#2654=EDGE_CURVE('',#2099,#2100,#1266,.T.);
#2655=EDGE_CURVE('',#2101,#2099,#1267,.T.);
#2656=EDGE_CURVE('',#2102,#2100,#1268,.T.);
#2657=EDGE_CURVE('',#2101,#2102,#1269,.T.);
#2658=EDGE_CURVE('',#2074,#2101,#1270,.T.);
#2659=EDGE_CURVE('',#2075,#2102,#1271,.T.);
#2660=EDGE_CURVE('',#2103,#2104,#123,.T.);
#2661=EDGE_CURVE('',#2103,#2105,#1272,.T.);
#2662=EDGE_CURVE('',#2106,#2105,#124,.T.);
#2663=EDGE_CURVE('',#2104,#2106,#1273,.T.);
#2664=EDGE_CURVE('',#2104,#2107,#125,.T.);
#2665=EDGE_CURVE('',#2108,#2106,#126,.T.);
#2666=EDGE_CURVE('',#2107,#2108,#1274,.T.);
#2667=EDGE_CURVE('',#2107,#2109,#127,.T.);
#2668=EDGE_CURVE('',#2110,#2108,#128,.T.);
#2669=EDGE_CURVE('',#2109,#2110,#1275,.T.);
#2670=EDGE_CURVE('',#2109,#2111,#129,.T.);
#2671=EDGE_CURVE('',#2112,#2110,#130,.T.);
#2672=EDGE_CURVE('',#2111,#2112,#1276,.T.);
#2673=EDGE_CURVE('',#2111,#2113,#131,.T.);
#2674=EDGE_CURVE('',#2114,#2112,#132,.T.);
#2675=EDGE_CURVE('',#2113,#2114,#1277,.T.);
#2676=EDGE_CURVE('',#2113,#2115,#133,.T.);
#2677=EDGE_CURVE('',#2116,#2114,#134,.T.);
#2678=EDGE_CURVE('',#2115,#2116,#1278,.T.);
#2679=EDGE_CURVE('',#2115,#2117,#1279,.T.);
#2680=EDGE_CURVE('',#2118,#2116,#1280,.T.);
#2681=EDGE_CURVE('',#2117,#2118,#1281,.T.);
#2682=EDGE_CURVE('',#2117,#2119,#135,.T.);
#2683=EDGE_CURVE('',#2120,#2118,#136,.T.);
#2684=EDGE_CURVE('',#2119,#2120,#1282,.T.);
#2685=EDGE_CURVE('',#2119,#2121,#137,.T.);
#2686=EDGE_CURVE('',#2122,#2120,#138,.T.);
#2687=EDGE_CURVE('',#2121,#2122,#1283,.T.);
#2688=EDGE_CURVE('',#2121,#2123,#139,.T.);
#2689=EDGE_CURVE('',#2124,#2122,#140,.T.);
#2690=EDGE_CURVE('',#2123,#2124,#1284,.T.);
#2691=EDGE_CURVE('',#2123,#2125,#141,.T.);
#2692=EDGE_CURVE('',#2126,#2124,#142,.T.);
#2693=EDGE_CURVE('',#2125,#2126,#1285,.T.);
#2694=EDGE_CURVE('',#2125,#2127,#143,.T.);
#2695=EDGE_CURVE('',#2128,#2126,#144,.T.);
#2696=EDGE_CURVE('',#2127,#2128,#1286,.T.);
#2697=EDGE_CURVE('',#2127,#2129,#145,.T.);
#2698=EDGE_CURVE('',#2130,#2128,#146,.T.);
#2699=EDGE_CURVE('',#2129,#2130,#1287,.T.);
#2700=EDGE_CURVE('',#2129,#2131,#147,.T.);
#2701=EDGE_CURVE('',#2132,#2130,#148,.T.);
#2702=EDGE_CURVE('',#2131,#2132,#1288,.T.);
#2703=EDGE_CURVE('',#2131,#2133,#149,.T.);
#2704=EDGE_CURVE('',#2134,#2132,#150,.T.);
#2705=EDGE_CURVE('',#2133,#2134,#1289,.T.);
#2706=EDGE_CURVE('',#2133,#2135,#151,.T.);
#2707=EDGE_CURVE('',#2136,#2134,#152,.T.);
#2708=EDGE_CURVE('',#2135,#2136,#1290,.T.);
#2709=EDGE_CURVE('',#2135,#2137,#153,.T.);
#2710=EDGE_CURVE('',#2138,#2136,#154,.T.);
#2711=EDGE_CURVE('',#2137,#2138,#1291,.T.);
#2712=EDGE_CURVE('',#2137,#2139,#155,.T.);
#2713=EDGE_CURVE('',#2140,#2138,#156,.T.);
#2714=EDGE_CURVE('',#2139,#2140,#1292,.T.);
#2715=EDGE_CURVE('',#2139,#2141,#1293,.T.);
#2716=EDGE_CURVE('',#2142,#2140,#1294,.T.);
#2717=EDGE_CURVE('',#2141,#2142,#1295,.T.);
#2718=EDGE_CURVE('',#2141,#2103,#157,.T.);
#2719=EDGE_CURVE('',#2105,#2142,#158,.T.);
#2720=EDGE_CURVE('',#2143,#2144,#1296,.T.);
#2721=EDGE_CURVE('',#2144,#2145,#1297,.T.);
#2722=EDGE_CURVE('',#2146,#2145,#1298,.T.);
#2723=EDGE_CURVE('',#2143,#2146,#1299,.T.);
#2724=EDGE_CURVE('',#2147,#2143,#1300,.T.);
#2725=EDGE_CURVE('',#2148,#2146,#1301,.T.);
#2726=EDGE_CURVE('',#2147,#2148,#1302,.T.);
#2727=EDGE_CURVE('',#2149,#2147,#1303,.T.);
#2728=EDGE_CURVE('',#2150,#2148,#1304,.T.);
#2729=EDGE_CURVE('',#2149,#2150,#1305,.T.);
#2730=EDGE_CURVE('',#2144,#2149,#1306,.T.);
#2731=EDGE_CURVE('',#2145,#2150,#1307,.T.);
#2732=EDGE_CURVE('',#2151,#2152,#1308,.T.);
#2733=EDGE_CURVE('',#2152,#2153,#1309,.T.);
#2734=EDGE_CURVE('',#2154,#2153,#1310,.T.);
#2735=EDGE_CURVE('',#2151,#2154,#1311,.T.);
#2736=EDGE_CURVE('',#2155,#2151,#1312,.T.);
#2737=EDGE_CURVE('',#2156,#2154,#1313,.T.);
#2738=EDGE_CURVE('',#2155,#2156,#1314,.T.);
#2739=EDGE_CURVE('',#2157,#2155,#1315,.T.);
#2740=EDGE_CURVE('',#2158,#2156,#1316,.T.);
#2741=EDGE_CURVE('',#2157,#2158,#1317,.T.);
#2742=EDGE_CURVE('',#2152,#2157,#1318,.T.);
#2743=EDGE_CURVE('',#2153,#2158,#1319,.T.);
#2744=EDGE_CURVE('',#2159,#2160,#159,.T.);
#2745=EDGE_CURVE('',#2160,#2161,#1320,.T.);
#2746=EDGE_CURVE('',#2162,#2161,#160,.T.);
#2747=EDGE_CURVE('',#2159,#2162,#1321,.T.);
#2748=EDGE_CURVE('',#2163,#2159,#161,.T.);
#2749=EDGE_CURVE('',#2164,#2162,#162,.T.);
#2750=EDGE_CURVE('',#2163,#2164,#1322,.T.);
#2751=EDGE_CURVE('',#2165,#2163,#163,.T.);
#2752=EDGE_CURVE('',#2166,#2164,#164,.T.);
#2753=EDGE_CURVE('',#2165,#2166,#1323,.T.);
#2754=EDGE_CURVE('',#2167,#2165,#165,.T.);
#2755=EDGE_CURVE('',#2168,#2166,#166,.T.);
#2756=EDGE_CURVE('',#2167,#2168,#1324,.T.);
#2757=EDGE_CURVE('',#2169,#2167,#1325,.T.);
#2758=EDGE_CURVE('',#2170,#2168,#1326,.T.);
#2759=EDGE_CURVE('',#2169,#2170,#1327,.T.);
#2760=EDGE_CURVE('',#2171,#2169,#167,.T.);
#2761=EDGE_CURVE('',#2172,#2170,#168,.T.);
#2762=EDGE_CURVE('',#2171,#2172,#1328,.T.);
#2763=EDGE_CURVE('',#2173,#2171,#169,.T.);
#2764=EDGE_CURVE('',#2174,#2172,#170,.T.);
#2765=EDGE_CURVE('',#2173,#2174,#1329,.T.);
#2766=EDGE_CURVE('',#2175,#2173,#171,.T.);
#2767=EDGE_CURVE('',#2176,#2174,#172,.T.);
#2768=EDGE_CURVE('',#2175,#2176,#1330,.T.);
#2769=EDGE_CURVE('',#2177,#2175,#173,.T.);
#2770=EDGE_CURVE('',#2178,#2176,#174,.T.);
#2771=EDGE_CURVE('',#2177,#2178,#1331,.T.);
#2772=EDGE_CURVE('',#2179,#2177,#175,.T.);
#2773=EDGE_CURVE('',#2180,#2178,#176,.T.);
#2774=EDGE_CURVE('',#2179,#2180,#1332,.T.);
#2775=EDGE_CURVE('',#2181,#2179,#177,.T.);
#2776=EDGE_CURVE('',#2182,#2180,#178,.T.);
#2777=EDGE_CURVE('',#2181,#2182,#1333,.T.);
#2778=EDGE_CURVE('',#2183,#2181,#179,.T.);
#2779=EDGE_CURVE('',#2184,#2182,#180,.T.);
#2780=EDGE_CURVE('',#2183,#2184,#1334,.T.);
#2781=EDGE_CURVE('',#2185,#2183,#1335,.T.);
#2782=EDGE_CURVE('',#2186,#2184,#1336,.T.);
#2783=EDGE_CURVE('',#2185,#2186,#1337,.T.);
#2784=EDGE_CURVE('',#2187,#2185,#181,.T.);
#2785=EDGE_CURVE('',#2188,#2186,#182,.T.);
#2786=EDGE_CURVE('',#2187,#2188,#1338,.T.);
#2787=EDGE_CURVE('',#2189,#2187,#183,.T.);
#2788=EDGE_CURVE('',#2190,#2188,#184,.T.);
#2789=EDGE_CURVE('',#2189,#2190,#1339,.T.);
#2790=EDGE_CURVE('',#2191,#2189,#185,.T.);
#2791=EDGE_CURVE('',#2192,#2190,#186,.T.);
#2792=EDGE_CURVE('',#2191,#2192,#1340,.T.);
#2793=EDGE_CURVE('',#2193,#2191,#187,.T.);
#2794=EDGE_CURVE('',#2194,#2192,#188,.T.);
#2795=EDGE_CURVE('',#2193,#2194,#1341,.T.);
#2796=EDGE_CURVE('',#2195,#2193,#189,.T.);
#2797=EDGE_CURVE('',#2196,#2194,#190,.T.);
#2798=EDGE_CURVE('',#2195,#2196,#1342,.T.);
#2799=EDGE_CURVE('',#2197,#2195,#191,.T.);
#2800=EDGE_CURVE('',#2198,#2196,#192,.T.);
#2801=EDGE_CURVE('',#2197,#2198,#1343,.T.);
#2802=EDGE_CURVE('',#2199,#2197,#193,.T.);
#2803=EDGE_CURVE('',#2200,#2198,#194,.T.);
#2804=EDGE_CURVE('',#2199,#2200,#1344,.T.);
#2805=EDGE_CURVE('',#2201,#2199,#195,.T.);
#2806=EDGE_CURVE('',#2202,#2200,#196,.T.);
#2807=EDGE_CURVE('',#2201,#2202,#1345,.T.);
#2808=EDGE_CURVE('',#2203,#2201,#197,.T.);
#2809=EDGE_CURVE('',#2204,#2202,#198,.T.);
#2810=EDGE_CURVE('',#2203,#2204,#1346,.T.);
#2811=EDGE_CURVE('',#2205,#2203,#199,.T.);
#2812=EDGE_CURVE('',#2206,#2204,#200,.T.);
#2813=EDGE_CURVE('',#2205,#2206,#1347,.T.);
#2814=EDGE_CURVE('',#2207,#2205,#201,.T.);
#2815=EDGE_CURVE('',#2208,#2206,#202,.T.);
#2816=EDGE_CURVE('',#2207,#2208,#1348,.T.);
#2817=EDGE_CURVE('',#2209,#2207,#203,.T.);
#2818=EDGE_CURVE('',#2210,#2208,#204,.T.);
#2819=EDGE_CURVE('',#2209,#2210,#1349,.T.);
#2820=EDGE_CURVE('',#2211,#2209,#1350,.T.);
#2821=EDGE_CURVE('',#2212,#2210,#1351,.T.);
#2822=EDGE_CURVE('',#2211,#2212,#1352,.T.);
#2823=EDGE_CURVE('',#2160,#2211,#205,.T.);
#2824=EDGE_CURVE('',#2161,#2212,#206,.T.);
#2825=EDGE_CURVE('',#2213,#2214,#1353,.T.);
#2826=EDGE_CURVE('',#2214,#2215,#1354,.T.);
#2827=EDGE_CURVE('',#2216,#2215,#1355,.T.);
#2828=EDGE_CURVE('',#2213,#2216,#1356,.T.);
#2829=EDGE_CURVE('',#2217,#2213,#1357,.T.);
#2830=EDGE_CURVE('',#2218,#2216,#1358,.T.);
#2831=EDGE_CURVE('',#2217,#2218,#1359,.T.);
#2832=EDGE_CURVE('',#2219,#2217,#1360,.T.);
#2833=EDGE_CURVE('',#2220,#2218,#1361,.T.);
#2834=EDGE_CURVE('',#2219,#2220,#1362,.T.);
#2835=EDGE_CURVE('',#2221,#2219,#207,.T.);
#2836=EDGE_CURVE('',#2222,#2220,#208,.T.);
#2837=EDGE_CURVE('',#2221,#2222,#1363,.T.);
#2838=EDGE_CURVE('',#2223,#2221,#209,.T.);
#2839=EDGE_CURVE('',#2224,#2222,#210,.T.);
#2840=EDGE_CURVE('',#2223,#2224,#1364,.T.);
#2841=EDGE_CURVE('',#2225,#2223,#211,.T.);
#2842=EDGE_CURVE('',#2226,#2224,#212,.T.);
#2843=EDGE_CURVE('',#2225,#2226,#1365,.T.);
#2844=EDGE_CURVE('',#2227,#2225,#1366,.T.);
#2845=EDGE_CURVE('',#2228,#2226,#1367,.T.);
#2846=EDGE_CURVE('',#2227,#2228,#1368,.T.);
#2847=EDGE_CURVE('',#2229,#2227,#1369,.T.);
#2848=EDGE_CURVE('',#2230,#2228,#1370,.T.);
#2849=EDGE_CURVE('',#2229,#2230,#1371,.T.);
#2850=EDGE_CURVE('',#2231,#2229,#1372,.T.);
#2851=EDGE_CURVE('',#2232,#2230,#1373,.T.);
#2852=EDGE_CURVE('',#2231,#2232,#1374,.T.);
#2853=EDGE_CURVE('',#2233,#2231,#213,.T.);
#2854=EDGE_CURVE('',#2234,#2232,#214,.T.);
#2855=EDGE_CURVE('',#2233,#2234,#1375,.T.);
#2856=EDGE_CURVE('',#2235,#2233,#215,.T.);
#2857=EDGE_CURVE('',#2236,#2234,#216,.T.);
#2858=EDGE_CURVE('',#2235,#2236,#1376,.T.);
#2859=EDGE_CURVE('',#2237,#2235,#217,.T.);
#2860=EDGE_CURVE('',#2238,#2236,#218,.T.);
#2861=EDGE_CURVE('',#2237,#2238,#1377,.T.);
#2862=EDGE_CURVE('',#2239,#2237,#219,.T.);
#2863=EDGE_CURVE('',#2240,#2238,#220,.T.);
#2864=EDGE_CURVE('',#2239,#2240,#1378,.T.);
#2865=EDGE_CURVE('',#2241,#2239,#1379,.T.);
#2866=EDGE_CURVE('',#2242,#2240,#1380,.T.);
#2867=EDGE_CURVE('',#2241,#2242,#1381,.T.);
#2868=EDGE_CURVE('',#2214,#2241,#1382,.T.);
#2869=EDGE_CURVE('',#2215,#2242,#1383,.T.);
#2870=EDGE_CURVE('',#2243,#2244,#221,.T.);
#2871=EDGE_CURVE('',#2243,#2245,#1384,.T.);
#2872=EDGE_CURVE('',#2246,#2245,#222,.T.);
#2873=EDGE_CURVE('',#2244,#2246,#1385,.T.);
#2874=EDGE_CURVE('',#2247,#2243,#223,.T.);
#2875=EDGE_CURVE('',#2247,#2248,#1386,.T.);
#2876=EDGE_CURVE('',#2245,#2248,#224,.T.);
#2877=EDGE_CURVE('',#2249,#2247,#225,.T.);
#2878=EDGE_CURVE('',#2249,#2250,#1387,.T.);
#2879=EDGE_CURVE('',#2248,#2250,#226,.T.);
#2880=EDGE_CURVE('',#2251,#2249,#227,.T.);
#2881=EDGE_CURVE('',#2251,#2252,#1388,.T.);
#2882=EDGE_CURVE('',#2250,#2252,#228,.T.);
#2883=EDGE_CURVE('',#2253,#2251,#1389,.T.);
#2884=EDGE_CURVE('',#2253,#2254,#1390,.T.);
#2885=EDGE_CURVE('',#2252,#2254,#1391,.T.);
#2886=EDGE_CURVE('',#2255,#2253,#229,.T.);
#2887=EDGE_CURVE('',#2255,#2256,#1392,.T.);
#2888=EDGE_CURVE('',#2254,#2256,#230,.T.);
#2889=EDGE_CURVE('',#2244,#2255,#1393,.T.);
#2890=EDGE_CURVE('',#2256,#2246,#1394,.T.);
#2891=EDGE_CURVE('',#2257,#2258,#1395,.T.);
#2892=EDGE_CURVE('',#2258,#2259,#1396,.T.);
#2893=EDGE_CURVE('',#2260,#2259,#1397,.T.);
#2894=EDGE_CURVE('',#2257,#2260,#1398,.T.);
#2895=EDGE_CURVE('',#2261,#2257,#231,.T.);
#2896=EDGE_CURVE('',#2262,#2260,#232,.T.);
#2897=EDGE_CURVE('',#2261,#2262,#1399,.T.);
#2898=EDGE_CURVE('',#2263,#2261,#233,.T.);
#2899=EDGE_CURVE('',#2264,#2262,#234,.T.);
#2900=EDGE_CURVE('',#2263,#2264,#1400,.T.);
#2901=EDGE_CURVE('',#2265,#2263,#235,.T.);
#2902=EDGE_CURVE('',#2266,#2264,#236,.T.);
#2903=EDGE_CURVE('',#2265,#2266,#1401,.T.);
#2904=EDGE_CURVE('',#2267,#2265,#237,.T.);
#2905=EDGE_CURVE('',#2268,#2266,#238,.T.);
#2906=EDGE_CURVE('',#2267,#2268,#1402,.T.);
#2907=EDGE_CURVE('',#2269,#2267,#239,.T.);
#2908=EDGE_CURVE('',#2270,#2268,#240,.T.);
#2909=EDGE_CURVE('',#2269,#2270,#1403,.T.);
#2910=EDGE_CURVE('',#2271,#2269,#241,.T.);
#2911=EDGE_CURVE('',#2272,#2270,#242,.T.);
#2912=EDGE_CURVE('',#2271,#2272,#1404,.T.);
#2913=EDGE_CURVE('',#2273,#2271,#1405,.T.);
#2914=EDGE_CURVE('',#2274,#2272,#1406,.T.);
#2915=EDGE_CURVE('',#2273,#2274,#1407,.T.);
#2916=EDGE_CURVE('',#2275,#2273,#243,.T.);
#2917=EDGE_CURVE('',#2276,#2274,#244,.T.);
#2918=EDGE_CURVE('',#2275,#2276,#1408,.T.);
#2919=EDGE_CURVE('',#2277,#2275,#245,.T.);
#2920=EDGE_CURVE('',#2278,#2276,#246,.T.);
#2921=EDGE_CURVE('',#2277,#2278,#1409,.T.);
#2922=EDGE_CURVE('',#2279,#2277,#247,.T.);
#2923=EDGE_CURVE('',#2280,#2278,#248,.T.);
#2924=EDGE_CURVE('',#2279,#2280,#1410,.T.);
#2925=EDGE_CURVE('',#2281,#2279,#249,.T.);
#2926=EDGE_CURVE('',#2282,#2280,#250,.T.);
#2927=EDGE_CURVE('',#2281,#2282,#1411,.T.);
#2928=EDGE_CURVE('',#2283,#2281,#251,.T.);
#2929=EDGE_CURVE('',#2284,#2282,#252,.T.);
#2930=EDGE_CURVE('',#2283,#2284,#1412,.T.);
#2931=EDGE_CURVE('',#2285,#2283,#1413,.T.);
#2932=EDGE_CURVE('',#2286,#2284,#1414,.T.);
#2933=EDGE_CURVE('',#2285,#2286,#1415,.T.);
#2934=EDGE_CURVE('',#2287,#2285,#253,.T.);
#2935=EDGE_CURVE('',#2288,#2286,#254,.T.);
#2936=EDGE_CURVE('',#2287,#2288,#1416,.T.);
#2937=EDGE_CURVE('',#2289,#2287,#1417,.T.);
#2938=EDGE_CURVE('',#2290,#2288,#1418,.T.);
#2939=EDGE_CURVE('',#2289,#2290,#1419,.T.);
#2940=EDGE_CURVE('',#2291,#2289,#1420,.T.);
#2941=EDGE_CURVE('',#2292,#2290,#1421,.T.);
#2942=EDGE_CURVE('',#2291,#2292,#1422,.T.);
#2943=EDGE_CURVE('',#2293,#2291,#255,.T.);
#2944=EDGE_CURVE('',#2294,#2292,#256,.T.);
#2945=EDGE_CURVE('',#2293,#2294,#1423,.T.);
#2946=EDGE_CURVE('',#2295,#2293,#257,.T.);
#2947=EDGE_CURVE('',#2296,#2294,#258,.T.);
#2948=EDGE_CURVE('',#2295,#2296,#1424,.T.);
#2949=EDGE_CURVE('',#2297,#2295,#259,.T.);
#2950=EDGE_CURVE('',#2298,#2296,#260,.T.);
#2951=EDGE_CURVE('',#2297,#2298,#1425,.T.);
#2952=EDGE_CURVE('',#2299,#2297,#261,.T.);
#2953=EDGE_CURVE('',#2300,#2298,#262,.T.);
#2954=EDGE_CURVE('',#2299,#2300,#1426,.T.);
#2955=EDGE_CURVE('',#2258,#2299,#263,.T.);
#2956=EDGE_CURVE('',#2259,#2300,#264,.T.);
#2957=EDGE_CURVE('',#2301,#2302,#1427,.T.);
#2958=EDGE_CURVE('',#2301,#2303,#1428,.T.);
#2959=EDGE_CURVE('',#2304,#2303,#1429,.T.);
#2960=EDGE_CURVE('',#2302,#2304,#1430,.T.);
#2961=EDGE_CURVE('',#2305,#2301,#1431,.T.);
#2962=EDGE_CURVE('',#2305,#2306,#1432,.T.);
#2963=EDGE_CURVE('',#2303,#2306,#1433,.T.);
#2964=EDGE_CURVE('',#2307,#2305,#1434,.T.);
#2965=EDGE_CURVE('',#2307,#2308,#1435,.T.);
#2966=EDGE_CURVE('',#2306,#2308,#1436,.T.);
#2967=EDGE_CURVE('',#2309,#2307,#265,.T.);
#2968=EDGE_CURVE('',#2309,#2310,#1437,.T.);
#2969=EDGE_CURVE('',#2308,#2310,#266,.T.);
#2970=EDGE_CURVE('',#2311,#2309,#267,.T.);
#2971=EDGE_CURVE('',#2311,#2312,#1438,.T.);
#2972=EDGE_CURVE('',#2310,#2312,#268,.T.);
#2973=EDGE_CURVE('',#2313,#2311,#269,.T.);
#2974=EDGE_CURVE('',#2313,#2314,#1439,.T.);
#2975=EDGE_CURVE('',#2312,#2314,#270,.T.);
#2976=EDGE_CURVE('',#2302,#2313,#271,.T.);
#2977=EDGE_CURVE('',#2314,#2304,#272,.T.);
#2978=EDGE_CURVE('',#2315,#2316,#273,.T.);
#2979=EDGE_CURVE('',#2316,#2317,#1440,.T.);
#2980=EDGE_CURVE('',#2318,#2317,#274,.T.);
#2981=EDGE_CURVE('',#2315,#2318,#1441,.T.);
#2982=EDGE_CURVE('',#2319,#2315,#275,.T.);
#2983=EDGE_CURVE('',#2320,#2318,#276,.T.);
#2984=EDGE_CURVE('',#2319,#2320,#1442,.T.);
#2985=EDGE_CURVE('',#2321,#2319,#277,.T.);
#2986=EDGE_CURVE('',#2322,#2320,#278,.T.);
#2987=EDGE_CURVE('',#2321,#2322,#1443,.T.);
#2988=EDGE_CURVE('',#2323,#2321,#1444,.T.);
#2989=EDGE_CURVE('',#2324,#2322,#1445,.T.);
#2990=EDGE_CURVE('',#2323,#2324,#1446,.T.);
#2991=EDGE_CURVE('',#2325,#2323,#1447,.T.);
#2992=EDGE_CURVE('',#2326,#2324,#1448,.T.);
#2993=EDGE_CURVE('',#2325,#2326,#1449,.T.);
#2994=EDGE_CURVE('',#2327,#2325,#1450,.T.);
#2995=EDGE_CURVE('',#2328,#2326,#1451,.T.);
#2996=EDGE_CURVE('',#2327,#2328,#1452,.T.);
#2997=EDGE_CURVE('',#2329,#2327,#1453,.T.);
#2998=EDGE_CURVE('',#2330,#2328,#1454,.T.);
#2999=EDGE_CURVE('',#2329,#2330,#1455,.T.);
#3000=EDGE_CURVE('',#2331,#2329,#1456,.T.);
#3001=EDGE_CURVE('',#2332,#2330,#1457,.T.);
#3002=EDGE_CURVE('',#2331,#2332,#1458,.T.);
#3003=EDGE_CURVE('',#2316,#2331,#279,.T.);
#3004=EDGE_CURVE('',#2317,#2332,#280,.T.);
#3005=ORIENTED_EDGE('',*,*,#2333,.T.);
#3006=ORIENTED_EDGE('',*,*,#2334,.T.);
#3007=ORIENTED_EDGE('',*,*,#2335,.T.);
#3008=ORIENTED_EDGE('',*,*,#2336,.T.);
#3009=ORIENTED_EDGE('',*,*,#2334,.F.);
#3010=ORIENTED_EDGE('',*,*,#2337,.T.);
#3011=ORIENTED_EDGE('',*,*,#2338,.F.);
#3012=ORIENTED_EDGE('',*,*,#2339,.T.);
#3013=ORIENTED_EDGE('',*,*,#2333,.F.);
#3014=ORIENTED_EDGE('',*,*,#2340,.F.);
#3015=ORIENTED_EDGE('',*,*,#2341,.F.);
#3016=ORIENTED_EDGE('',*,*,#2342,.F.);
#3017=ORIENTED_EDGE('',*,*,#2343,.F.);
#3018=ORIENTED_EDGE('',*,*,#2344,.F.);
#3019=ORIENTED_EDGE('',*,*,#2345,.F.);
#3020=ORIENTED_EDGE('',*,*,#2337,.F.);
#3021=ORIENTED_EDGE('',*,*,#2346,.T.);
#3022=ORIENTED_EDGE('',*,*,#2347,.T.);
#3023=ORIENTED_EDGE('',*,*,#2341,.T.);
#3024=ORIENTED_EDGE('',*,*,#2348,.T.);
#3025=ORIENTED_EDGE('',*,*,#2347,.F.);
#3026=ORIENTED_EDGE('',*,*,#2349,.T.);
#3027=ORIENTED_EDGE('',*,*,#2350,.F.);
#3028=ORIENTED_EDGE('',*,*,#2342,.T.);
#3029=ORIENTED_EDGE('',*,*,#2351,.T.);
#3030=ORIENTED_EDGE('',*,*,#2352,.T.);
#3031=ORIENTED_EDGE('',*,*,#2343,.T.);
#3032=ORIENTED_EDGE('',*,*,#2350,.T.);
#3033=ORIENTED_EDGE('',*,*,#2353,.T.);
#3034=ORIENTED_EDGE('',*,*,#2338,.T.);
#3035=ORIENTED_EDGE('',*,*,#2345,.T.);
#3036=ORIENTED_EDGE('',*,*,#2354,.T.);
#3037=ORIENTED_EDGE('',*,*,#2352,.F.);
#3038=ORIENTED_EDGE('',*,*,#2355,.T.);
#3039=ORIENTED_EDGE('',*,*,#2354,.F.);
#3040=ORIENTED_EDGE('',*,*,#2344,.T.);
#3041=ORIENTED_EDGE('',*,*,#2336,.F.);
#3042=ORIENTED_EDGE('',*,*,#2356,.T.);
#3043=ORIENTED_EDGE('',*,*,#2348,.F.);
#3044=ORIENTED_EDGE('',*,*,#2340,.T.);
#3045=ORIENTED_EDGE('',*,*,#2335,.F.);
#3046=ORIENTED_EDGE('',*,*,#2339,.F.);
#3047=ORIENTED_EDGE('',*,*,#2353,.F.);
#3048=ORIENTED_EDGE('',*,*,#2355,.F.);
#3049=ORIENTED_EDGE('',*,*,#2351,.F.);
#3050=ORIENTED_EDGE('',*,*,#2349,.F.);
#3051=ORIENTED_EDGE('',*,*,#2346,.F.);
#3052=ORIENTED_EDGE('',*,*,#2356,.F.);
#3053=ORIENTED_EDGE('',*,*,#2357,.T.);
#3054=ORIENTED_EDGE('',*,*,#2358,.F.);
#3055=ORIENTED_EDGE('',*,*,#2359,.T.);
#3056=ORIENTED_EDGE('',*,*,#2360,.T.);
#3057=ORIENTED_EDGE('',*,*,#2361,.F.);
#3058=ORIENTED_EDGE('',*,*,#2362,.T.);
#3059=ORIENTED_EDGE('',*,*,#2363,.F.);
#3060=ORIENTED_EDGE('',*,*,#2364,.T.);
#3061=ORIENTED_EDGE('',*,*,#2362,.F.);
#3062=ORIENTED_EDGE('',*,*,#2365,.T.);
#3063=ORIENTED_EDGE('',*,*,#2360,.F.);
#3064=ORIENTED_EDGE('',*,*,#2366,.T.);
#3065=ORIENTED_EDGE('',*,*,#2367,.F.);
#3066=ORIENTED_EDGE('',*,*,#2357,.F.);
#3067=ORIENTED_EDGE('',*,*,#2365,.F.);
#3068=ORIENTED_EDGE('',*,*,#2361,.T.);
#3069=ORIENTED_EDGE('',*,*,#2368,.F.);
#3070=ORIENTED_EDGE('',*,*,#2358,.T.);
#3071=ORIENTED_EDGE('',*,*,#2367,.T.);
#3072=ORIENTED_EDGE('',*,*,#2364,.F.);
#3073=ORIENTED_EDGE('',*,*,#2366,.F.);
#3074=ORIENTED_EDGE('',*,*,#2359,.F.);
#3075=ORIENTED_EDGE('',*,*,#2368,.T.);
#3076=ORIENTED_EDGE('',*,*,#2363,.T.);
#3077=ORIENTED_EDGE('',*,*,#2369,.T.);
#3078=ORIENTED_EDGE('',*,*,#2370,.T.);
#3079=ORIENTED_EDGE('',*,*,#2371,.T.);
#3080=ORIENTED_EDGE('',*,*,#2372,.F.);
#3081=ORIENTED_EDGE('',*,*,#2371,.F.);
#3082=ORIENTED_EDGE('',*,*,#2373,.F.);
#3083=ORIENTED_EDGE('',*,*,#2374,.F.);
#3084=ORIENTED_EDGE('',*,*,#2375,.F.);
#3085=ORIENTED_EDGE('',*,*,#2370,.F.);
#3086=ORIENTED_EDGE('',*,*,#2376,.T.);
#3087=ORIENTED_EDGE('',*,*,#2377,.T.);
#3088=ORIENTED_EDGE('',*,*,#2378,.F.);
#3089=ORIENTED_EDGE('',*,*,#2379,.F.);
#3090=ORIENTED_EDGE('',*,*,#2380,.F.);
#3091=ORIENTED_EDGE('',*,*,#2381,.T.);
#3092=ORIENTED_EDGE('',*,*,#2373,.T.);
#3093=ORIENTED_EDGE('',*,*,#2382,.T.);
#3094=ORIENTED_EDGE('',*,*,#2383,.T.);
#3095=ORIENTED_EDGE('',*,*,#2384,.T.);
#3096=ORIENTED_EDGE('',*,*,#2385,.T.);
#3097=ORIENTED_EDGE('',*,*,#2385,.F.);
#3098=ORIENTED_EDGE('',*,*,#2386,.F.);
#3099=ORIENTED_EDGE('',*,*,#2387,.F.);
#3100=ORIENTED_EDGE('',*,*,#2388,.F.);
#3101=ORIENTED_EDGE('',*,*,#2384,.F.);
#3102=ORIENTED_EDGE('',*,*,#2389,.T.);
#3103=ORIENTED_EDGE('',*,*,#2390,.F.);
#3104=ORIENTED_EDGE('',*,*,#2391,.T.);
#3105=ORIENTED_EDGE('',*,*,#2392,.F.);
#3106=ORIENTED_EDGE('',*,*,#2393,.F.);
#3107=ORIENTED_EDGE('',*,*,#2394,.T.);
#3108=ORIENTED_EDGE('',*,*,#2380,.T.);
#3109=ORIENTED_EDGE('',*,*,#2395,.F.);
#3110=ORIENTED_EDGE('',*,*,#2396,.T.);
#3111=ORIENTED_EDGE('',*,*,#2397,.F.);
#3112=ORIENTED_EDGE('',*,*,#2398,.T.);
#3113=ORIENTED_EDGE('',*,*,#2399,.F.);
#3114=ORIENTED_EDGE('',*,*,#2386,.T.);
#3115=ORIENTED_EDGE('',*,*,#2399,.T.);
#3116=ORIENTED_EDGE('',*,*,#2400,.T.);
#3117=ORIENTED_EDGE('',*,*,#2401,.T.);
#3118=ORIENTED_EDGE('',*,*,#2387,.T.);
#3119=ORIENTED_EDGE('',*,*,#2400,.F.);
#3120=ORIENTED_EDGE('',*,*,#2398,.F.);
#3121=ORIENTED_EDGE('',*,*,#2402,.F.);
#3122=ORIENTED_EDGE('',*,*,#2403,.F.);
#3123=ORIENTED_EDGE('',*,*,#2395,.T.);
#3124=ORIENTED_EDGE('',*,*,#2379,.T.);
#3125=ORIENTED_EDGE('',*,*,#2404,.T.);
#3126=ORIENTED_EDGE('',*,*,#2405,.T.);
#3127=ORIENTED_EDGE('',*,*,#2397,.T.);
#3128=ORIENTED_EDGE('',*,*,#2406,.T.);
#3129=ORIENTED_EDGE('',*,*,#2407,.T.);
#3130=ORIENTED_EDGE('',*,*,#2402,.T.);
#3131=ORIENTED_EDGE('',*,*,#2405,.F.);
#3132=ORIENTED_EDGE('',*,*,#2408,.F.);
#3133=ORIENTED_EDGE('',*,*,#2406,.F.);
#3134=ORIENTED_EDGE('',*,*,#2396,.F.);
#3135=ORIENTED_EDGE('',*,*,#2409,.T.);
#3136=ORIENTED_EDGE('',*,*,#2410,.T.);
#3137=ORIENTED_EDGE('',*,*,#2392,.T.);
#3138=ORIENTED_EDGE('',*,*,#2411,.T.);
#3139=ORIENTED_EDGE('',*,*,#2411,.F.);
#3140=ORIENTED_EDGE('',*,*,#2391,.F.);
#3141=ORIENTED_EDGE('',*,*,#2412,.F.);
#3142=ORIENTED_EDGE('',*,*,#2413,.T.);
#3143=ORIENTED_EDGE('',*,*,#2414,.T.);
#3144=ORIENTED_EDGE('',*,*,#2412,.T.);
#3145=ORIENTED_EDGE('',*,*,#2390,.T.);
#3146=ORIENTED_EDGE('',*,*,#2415,.T.);
#3147=ORIENTED_EDGE('',*,*,#2383,.F.);
#3148=ORIENTED_EDGE('',*,*,#2416,.F.);
#3149=ORIENTED_EDGE('',*,*,#2415,.F.);
#3150=ORIENTED_EDGE('',*,*,#2389,.F.);
#3151=ORIENTED_EDGE('',*,*,#2369,.F.);
#3152=ORIENTED_EDGE('',*,*,#2417,.F.);
#3153=ORIENTED_EDGE('',*,*,#2418,.T.);
#3154=ORIENTED_EDGE('',*,*,#2376,.F.);
#3155=ORIENTED_EDGE('',*,*,#2377,.F.);
#3156=ORIENTED_EDGE('',*,*,#2418,.F.);
#3157=ORIENTED_EDGE('',*,*,#2419,.F.);
#3158=ORIENTED_EDGE('',*,*,#2420,.F.);
#3159=ORIENTED_EDGE('',*,*,#2381,.F.);
#3160=ORIENTED_EDGE('',*,*,#2394,.F.);
#3161=ORIENTED_EDGE('',*,*,#2421,.F.);
#3162=ORIENTED_EDGE('',*,*,#2374,.T.);
#3163=ORIENTED_EDGE('',*,*,#2410,.F.);
#3164=ORIENTED_EDGE('',*,*,#2422,.T.);
#3165=ORIENTED_EDGE('',*,*,#2419,.T.);
#3166=ORIENTED_EDGE('',*,*,#2417,.T.);
#3167=ORIENTED_EDGE('',*,*,#2372,.T.);
#3168=ORIENTED_EDGE('',*,*,#2375,.T.);
#3169=ORIENTED_EDGE('',*,*,#2421,.T.);
#3170=ORIENTED_EDGE('',*,*,#2393,.T.);
#3171=ORIENTED_EDGE('',*,*,#2382,.F.);
#3172=ORIENTED_EDGE('',*,*,#2388,.T.);
#3173=ORIENTED_EDGE('',*,*,#2401,.F.);
#3174=ORIENTED_EDGE('',*,*,#2403,.T.);
#3175=ORIENTED_EDGE('',*,*,#2407,.F.);
#3176=ORIENTED_EDGE('',*,*,#2408,.T.);
#3177=ORIENTED_EDGE('',*,*,#2404,.F.);
#3178=ORIENTED_EDGE('',*,*,#2378,.T.);
#3179=ORIENTED_EDGE('',*,*,#2420,.T.);
#3180=ORIENTED_EDGE('',*,*,#2422,.F.);
#3181=ORIENTED_EDGE('',*,*,#2409,.F.);
#3182=ORIENTED_EDGE('',*,*,#2413,.F.);
#3183=ORIENTED_EDGE('',*,*,#2414,.F.);
#3184=ORIENTED_EDGE('',*,*,#2416,.T.);
#3185=ORIENTED_EDGE('',*,*,#2423,.T.);
#3186=ORIENTED_EDGE('',*,*,#2424,.T.);
#3187=ORIENTED_EDGE('',*,*,#2425,.T.);
#3188=ORIENTED_EDGE('',*,*,#2426,.F.);
#3189=ORIENTED_EDGE('',*,*,#2425,.F.);
#3190=ORIENTED_EDGE('',*,*,#2427,.F.);
#3191=ORIENTED_EDGE('',*,*,#2428,.F.);
#3192=ORIENTED_EDGE('',*,*,#2429,.F.);
#3193=ORIENTED_EDGE('',*,*,#2424,.F.);
#3194=ORIENTED_EDGE('',*,*,#2430,.T.);
#3195=ORIENTED_EDGE('',*,*,#2431,.T.);
#3196=ORIENTED_EDGE('',*,*,#2432,.F.);
#3197=ORIENTED_EDGE('',*,*,#2433,.F.);
#3198=ORIENTED_EDGE('',*,*,#2434,.F.);
#3199=ORIENTED_EDGE('',*,*,#2435,.T.);
#3200=ORIENTED_EDGE('',*,*,#2436,.T.);
#3201=ORIENTED_EDGE('',*,*,#2437,.T.);
#3202=ORIENTED_EDGE('',*,*,#2427,.T.);
#3203=ORIENTED_EDGE('',*,*,#2438,.T.);
#3204=ORIENTED_EDGE('',*,*,#2433,.T.);
#3205=ORIENTED_EDGE('',*,*,#2439,.T.);
#3206=ORIENTED_EDGE('',*,*,#2440,.T.);
#3207=ORIENTED_EDGE('',*,*,#2441,.T.);
#3208=ORIENTED_EDGE('',*,*,#2442,.T.);
#3209=ORIENTED_EDGE('',*,*,#2443,.T.);
#3210=ORIENTED_EDGE('',*,*,#2444,.T.);
#3211=ORIENTED_EDGE('',*,*,#2442,.F.);
#3212=ORIENTED_EDGE('',*,*,#2445,.F.);
#3213=ORIENTED_EDGE('',*,*,#2446,.F.);
#3214=ORIENTED_EDGE('',*,*,#2447,.F.);
#3215=ORIENTED_EDGE('',*,*,#2448,.T.);
#3216=ORIENTED_EDGE('',*,*,#2449,.T.);
#3217=ORIENTED_EDGE('',*,*,#2450,.T.);
#3218=ORIENTED_EDGE('',*,*,#2451,.T.);
#3219=ORIENTED_EDGE('',*,*,#2451,.F.);
#3220=ORIENTED_EDGE('',*,*,#2452,.F.);
#3221=ORIENTED_EDGE('',*,*,#2453,.F.);
#3222=ORIENTED_EDGE('',*,*,#2454,.F.);
#3223=ORIENTED_EDGE('',*,*,#2450,.F.);
#3224=ORIENTED_EDGE('',*,*,#2455,.T.);
#3225=ORIENTED_EDGE('',*,*,#2456,.F.);
#3226=ORIENTED_EDGE('',*,*,#2457,.T.);
#3227=ORIENTED_EDGE('',*,*,#2458,.F.);
#3228=ORIENTED_EDGE('',*,*,#2459,.F.);
#3229=ORIENTED_EDGE('',*,*,#2460,.T.);
#3230=ORIENTED_EDGE('',*,*,#2434,.T.);
#3231=ORIENTED_EDGE('',*,*,#2438,.F.);
#3232=ORIENTED_EDGE('',*,*,#2461,.T.);
#3233=ORIENTED_EDGE('',*,*,#2443,.F.);
#3234=ORIENTED_EDGE('',*,*,#2447,.T.);
#3235=ORIENTED_EDGE('',*,*,#2462,.F.);
#3236=ORIENTED_EDGE('',*,*,#2452,.T.);
#3237=ORIENTED_EDGE('',*,*,#2462,.T.);
#3238=ORIENTED_EDGE('',*,*,#2446,.T.);
#3239=ORIENTED_EDGE('',*,*,#2463,.T.);
#3240=ORIENTED_EDGE('',*,*,#2453,.T.);
#3241=ORIENTED_EDGE('',*,*,#2464,.T.);
#3242=ORIENTED_EDGE('',*,*,#2465,.T.);
#3243=ORIENTED_EDGE('',*,*,#2456,.T.);
#3244=ORIENTED_EDGE('',*,*,#2466,.T.);
#3245=ORIENTED_EDGE('',*,*,#2465,.F.);
#3246=ORIENTED_EDGE('',*,*,#2467,.T.);
#3247=ORIENTED_EDGE('',*,*,#2468,.F.);
#3248=ORIENTED_EDGE('',*,*,#2457,.F.);
#3249=ORIENTED_EDGE('',*,*,#2469,.T.);
#3250=ORIENTED_EDGE('',*,*,#2470,.T.);
#3251=ORIENTED_EDGE('',*,*,#2458,.T.);
#3252=ORIENTED_EDGE('',*,*,#2468,.T.);
#3253=ORIENTED_EDGE('',*,*,#2431,.F.);
#3254=ORIENTED_EDGE('',*,*,#2471,.F.);
#3255=ORIENTED_EDGE('',*,*,#2472,.F.);
#3256=ORIENTED_EDGE('',*,*,#2473,.F.);
#3257=ORIENTED_EDGE('',*,*,#2423,.F.);
#3258=ORIENTED_EDGE('',*,*,#2474,.F.);
#3259=ORIENTED_EDGE('',*,*,#2471,.T.);
#3260=ORIENTED_EDGE('',*,*,#2430,.F.);
#3261=ORIENTED_EDGE('',*,*,#2437,.F.);
#3262=ORIENTED_EDGE('',*,*,#2475,.F.);
#3263=ORIENTED_EDGE('',*,*,#2476,.F.);
#3264=ORIENTED_EDGE('',*,*,#2428,.T.);
#3265=ORIENTED_EDGE('',*,*,#2435,.F.);
#3266=ORIENTED_EDGE('',*,*,#2460,.F.);
#3267=ORIENTED_EDGE('',*,*,#2477,.F.);
#3268=ORIENTED_EDGE('',*,*,#2478,.T.);
#3269=ORIENTED_EDGE('',*,*,#2436,.F.);
#3270=ORIENTED_EDGE('',*,*,#2478,.F.);
#3271=ORIENTED_EDGE('',*,*,#2479,.F.);
#3272=ORIENTED_EDGE('',*,*,#2475,.T.);
#3273=ORIENTED_EDGE('',*,*,#2470,.F.);
#3274=ORIENTED_EDGE('',*,*,#2480,.T.);
#3275=ORIENTED_EDGE('',*,*,#2472,.T.);
#3276=ORIENTED_EDGE('',*,*,#2474,.T.);
#3277=ORIENTED_EDGE('',*,*,#2426,.T.);
#3278=ORIENTED_EDGE('',*,*,#2429,.T.);
#3279=ORIENTED_EDGE('',*,*,#2476,.T.);
#3280=ORIENTED_EDGE('',*,*,#2479,.T.);
#3281=ORIENTED_EDGE('',*,*,#2477,.T.);
#3282=ORIENTED_EDGE('',*,*,#2459,.T.);
#3283=ORIENTED_EDGE('',*,*,#2449,.F.);
#3284=ORIENTED_EDGE('',*,*,#2481,.F.);
#3285=ORIENTED_EDGE('',*,*,#2466,.F.);
#3286=ORIENTED_EDGE('',*,*,#2455,.F.);
#3287=ORIENTED_EDGE('',*,*,#2448,.F.);
#3288=ORIENTED_EDGE('',*,*,#2454,.T.);
#3289=ORIENTED_EDGE('',*,*,#2463,.F.);
#3290=ORIENTED_EDGE('',*,*,#2445,.T.);
#3291=ORIENTED_EDGE('',*,*,#2441,.F.);
#3292=ORIENTED_EDGE('',*,*,#2482,.T.);
#3293=ORIENTED_EDGE('',*,*,#2439,.F.);
#3294=ORIENTED_EDGE('',*,*,#2432,.T.);
#3295=ORIENTED_EDGE('',*,*,#2473,.T.);
#3296=ORIENTED_EDGE('',*,*,#2480,.F.);
#3297=ORIENTED_EDGE('',*,*,#2469,.F.);
#3298=ORIENTED_EDGE('',*,*,#2467,.F.);
#3299=ORIENTED_EDGE('',*,*,#2464,.F.);
#3300=ORIENTED_EDGE('',*,*,#2481,.T.);
#3301=ORIENTED_EDGE('',*,*,#2440,.F.);
#3302=ORIENTED_EDGE('',*,*,#2482,.F.);
#3303=ORIENTED_EDGE('',*,*,#2444,.F.);
#3304=ORIENTED_EDGE('',*,*,#2461,.F.);
#3305=ORIENTED_EDGE('',*,*,#2483,.F.);
#3306=ORIENTED_EDGE('',*,*,#2484,.T.);
#3307=ORIENTED_EDGE('',*,*,#2485,.F.);
#3308=ORIENTED_EDGE('',*,*,#2486,.F.);
#3309=ORIENTED_EDGE('',*,*,#2487,.F.);
#3310=ORIENTED_EDGE('',*,*,#2488,.T.);
#3311=ORIENTED_EDGE('',*,*,#2489,.F.);
#3312=ORIENTED_EDGE('',*,*,#2484,.F.);
#3313=ORIENTED_EDGE('',*,*,#2490,.F.);
#3314=ORIENTED_EDGE('',*,*,#2491,.T.);
#3315=ORIENTED_EDGE('',*,*,#2492,.F.);
#3316=ORIENTED_EDGE('',*,*,#2488,.F.);
#3317=ORIENTED_EDGE('',*,*,#2493,.F.);
#3318=ORIENTED_EDGE('',*,*,#2494,.T.);
#3319=ORIENTED_EDGE('',*,*,#2495,.F.);
#3320=ORIENTED_EDGE('',*,*,#2491,.F.);
#3321=ORIENTED_EDGE('',*,*,#2496,.F.);
#3322=ORIENTED_EDGE('',*,*,#2497,.T.);
#3323=ORIENTED_EDGE('',*,*,#2498,.F.);
#3324=ORIENTED_EDGE('',*,*,#2494,.F.);
#3325=ORIENTED_EDGE('',*,*,#2499,.F.);
#3326=ORIENTED_EDGE('',*,*,#2500,.T.);
#3327=ORIENTED_EDGE('',*,*,#2501,.F.);
#3328=ORIENTED_EDGE('',*,*,#2497,.F.);
#3329=ORIENTED_EDGE('',*,*,#2502,.F.);
#3330=ORIENTED_EDGE('',*,*,#2486,.T.);
#3331=ORIENTED_EDGE('',*,*,#2503,.F.);
#3332=ORIENTED_EDGE('',*,*,#2500,.F.);
#3333=ORIENTED_EDGE('',*,*,#2504,.F.);
#3334=ORIENTED_EDGE('',*,*,#2505,.T.);
#3335=ORIENTED_EDGE('',*,*,#2506,.F.);
#3336=ORIENTED_EDGE('',*,*,#2507,.F.);
#3337=ORIENTED_EDGE('',*,*,#2508,.F.);
#3338=ORIENTED_EDGE('',*,*,#2507,.T.);
#3339=ORIENTED_EDGE('',*,*,#2509,.F.);
#3340=ORIENTED_EDGE('',*,*,#2510,.F.);
#3341=ORIENTED_EDGE('',*,*,#2511,.F.);
#3342=ORIENTED_EDGE('',*,*,#2510,.T.);
#3343=ORIENTED_EDGE('',*,*,#2512,.F.);
#3344=ORIENTED_EDGE('',*,*,#2513,.F.);
#3345=ORIENTED_EDGE('',*,*,#2514,.F.);
#3346=ORIENTED_EDGE('',*,*,#2513,.T.);
#3347=ORIENTED_EDGE('',*,*,#2515,.F.);
#3348=ORIENTED_EDGE('',*,*,#2516,.F.);
#3349=ORIENTED_EDGE('',*,*,#2517,.F.);
#3350=ORIENTED_EDGE('',*,*,#2516,.T.);
#3351=ORIENTED_EDGE('',*,*,#2518,.F.);
#3352=ORIENTED_EDGE('',*,*,#2519,.F.);
#3353=ORIENTED_EDGE('',*,*,#2520,.F.);
#3354=ORIENTED_EDGE('',*,*,#2519,.T.);
#3355=ORIENTED_EDGE('',*,*,#2521,.F.);
#3356=ORIENTED_EDGE('',*,*,#2522,.F.);
#3357=ORIENTED_EDGE('',*,*,#2523,.F.);
#3358=ORIENTED_EDGE('',*,*,#2522,.T.);
#3359=ORIENTED_EDGE('',*,*,#2524,.F.);
#3360=ORIENTED_EDGE('',*,*,#2525,.F.);
#3361=ORIENTED_EDGE('',*,*,#2526,.F.);
#3362=ORIENTED_EDGE('',*,*,#2525,.T.);
#3363=ORIENTED_EDGE('',*,*,#2527,.F.);
#3364=ORIENTED_EDGE('',*,*,#2505,.F.);
#3365=ORIENTED_EDGE('',*,*,#2526,.T.);
#3366=ORIENTED_EDGE('',*,*,#2504,.T.);
#3367=ORIENTED_EDGE('',*,*,#2508,.T.);
#3368=ORIENTED_EDGE('',*,*,#2511,.T.);
#3369=ORIENTED_EDGE('',*,*,#2514,.T.);
#3370=ORIENTED_EDGE('',*,*,#2517,.T.);
#3371=ORIENTED_EDGE('',*,*,#2520,.T.);
#3372=ORIENTED_EDGE('',*,*,#2523,.T.);
#3373=ORIENTED_EDGE('',*,*,#2483,.T.);
#3374=ORIENTED_EDGE('',*,*,#2502,.T.);
#3375=ORIENTED_EDGE('',*,*,#2499,.T.);
#3376=ORIENTED_EDGE('',*,*,#2496,.T.);
#3377=ORIENTED_EDGE('',*,*,#2493,.T.);
#3378=ORIENTED_EDGE('',*,*,#2490,.T.);
#3379=ORIENTED_EDGE('',*,*,#2487,.T.);
#3380=ORIENTED_EDGE('',*,*,#2527,.T.);
#3381=ORIENTED_EDGE('',*,*,#2524,.T.);
#3382=ORIENTED_EDGE('',*,*,#2521,.T.);
#3383=ORIENTED_EDGE('',*,*,#2518,.T.);
#3384=ORIENTED_EDGE('',*,*,#2515,.T.);
#3385=ORIENTED_EDGE('',*,*,#2512,.T.);
#3386=ORIENTED_EDGE('',*,*,#2509,.T.);
#3387=ORIENTED_EDGE('',*,*,#2506,.T.);
#3388=ORIENTED_EDGE('',*,*,#2485,.T.);
#3389=ORIENTED_EDGE('',*,*,#2489,.T.);
#3390=ORIENTED_EDGE('',*,*,#2492,.T.);
#3391=ORIENTED_EDGE('',*,*,#2495,.T.);
#3392=ORIENTED_EDGE('',*,*,#2498,.T.);
#3393=ORIENTED_EDGE('',*,*,#2501,.T.);
#3394=ORIENTED_EDGE('',*,*,#2503,.T.);
#3395=ORIENTED_EDGE('',*,*,#2528,.F.);
#3396=ORIENTED_EDGE('',*,*,#2529,.T.);
#3397=ORIENTED_EDGE('',*,*,#2530,.F.);
#3398=ORIENTED_EDGE('',*,*,#2531,.F.);
#3399=ORIENTED_EDGE('',*,*,#2532,.F.);
#3400=ORIENTED_EDGE('',*,*,#2533,.T.);
#3401=ORIENTED_EDGE('',*,*,#2534,.F.);
#3402=ORIENTED_EDGE('',*,*,#2529,.F.);
#3403=ORIENTED_EDGE('',*,*,#2535,.F.);
#3404=ORIENTED_EDGE('',*,*,#2536,.T.);
#3405=ORIENTED_EDGE('',*,*,#2537,.F.);
#3406=ORIENTED_EDGE('',*,*,#2533,.F.);
#3407=ORIENTED_EDGE('',*,*,#2538,.F.);
#3408=ORIENTED_EDGE('',*,*,#2539,.T.);
#3409=ORIENTED_EDGE('',*,*,#2540,.F.);
#3410=ORIENTED_EDGE('',*,*,#2536,.F.);
#3411=ORIENTED_EDGE('',*,*,#2541,.F.);
#3412=ORIENTED_EDGE('',*,*,#2542,.T.);
#3413=ORIENTED_EDGE('',*,*,#2543,.F.);
#3414=ORIENTED_EDGE('',*,*,#2539,.F.);
#3415=ORIENTED_EDGE('',*,*,#2544,.F.);
#3416=ORIENTED_EDGE('',*,*,#2545,.T.);
#3417=ORIENTED_EDGE('',*,*,#2546,.F.);
#3418=ORIENTED_EDGE('',*,*,#2542,.F.);
#3419=ORIENTED_EDGE('',*,*,#2547,.F.);
#3420=ORIENTED_EDGE('',*,*,#2531,.T.);
#3421=ORIENTED_EDGE('',*,*,#2548,.F.);
#3422=ORIENTED_EDGE('',*,*,#2545,.F.);
#3423=ORIENTED_EDGE('',*,*,#2549,.T.);
#3424=ORIENTED_EDGE('',*,*,#2550,.T.);
#3425=ORIENTED_EDGE('',*,*,#2551,.F.);
#3426=ORIENTED_EDGE('',*,*,#2552,.F.);
#3427=ORIENTED_EDGE('',*,*,#2553,.T.);
#3428=ORIENTED_EDGE('',*,*,#2552,.T.);
#3429=ORIENTED_EDGE('',*,*,#2554,.F.);
#3430=ORIENTED_EDGE('',*,*,#2555,.F.);
#3431=ORIENTED_EDGE('',*,*,#2556,.T.);
#3432=ORIENTED_EDGE('',*,*,#2555,.T.);
#3433=ORIENTED_EDGE('',*,*,#2557,.F.);
#3434=ORIENTED_EDGE('',*,*,#2558,.F.);
#3435=ORIENTED_EDGE('',*,*,#2559,.T.);
#3436=ORIENTED_EDGE('',*,*,#2558,.T.);
#3437=ORIENTED_EDGE('',*,*,#2560,.F.);
#3438=ORIENTED_EDGE('',*,*,#2561,.F.);
#3439=ORIENTED_EDGE('',*,*,#2562,.T.);
#3440=ORIENTED_EDGE('',*,*,#2561,.T.);
#3441=ORIENTED_EDGE('',*,*,#2563,.F.);
#3442=ORIENTED_EDGE('',*,*,#2564,.F.);
#3443=ORIENTED_EDGE('',*,*,#2565,.T.);
#3444=ORIENTED_EDGE('',*,*,#2564,.T.);
#3445=ORIENTED_EDGE('',*,*,#2566,.F.);
#3446=ORIENTED_EDGE('',*,*,#2567,.F.);
#3447=ORIENTED_EDGE('',*,*,#2568,.T.);
#3448=ORIENTED_EDGE('',*,*,#2567,.T.);
#3449=ORIENTED_EDGE('',*,*,#2569,.F.);
#3450=ORIENTED_EDGE('',*,*,#2570,.F.);
#3451=ORIENTED_EDGE('',*,*,#2571,.T.);
#3452=ORIENTED_EDGE('',*,*,#2570,.T.);
#3453=ORIENTED_EDGE('',*,*,#2572,.F.);
#3454=ORIENTED_EDGE('',*,*,#2573,.F.);
#3455=ORIENTED_EDGE('',*,*,#2574,.T.);
#3456=ORIENTED_EDGE('',*,*,#2573,.T.);
#3457=ORIENTED_EDGE('',*,*,#2575,.F.);
#3458=ORIENTED_EDGE('',*,*,#2576,.F.);
#3459=ORIENTED_EDGE('',*,*,#2577,.T.);
#3460=ORIENTED_EDGE('',*,*,#2576,.T.);
#3461=ORIENTED_EDGE('',*,*,#2578,.F.);
#3462=ORIENTED_EDGE('',*,*,#2579,.F.);
#3463=ORIENTED_EDGE('',*,*,#2580,.T.);
#3464=ORIENTED_EDGE('',*,*,#2579,.T.);
#3465=ORIENTED_EDGE('',*,*,#2581,.F.);
#3466=ORIENTED_EDGE('',*,*,#2582,.F.);
#3467=ORIENTED_EDGE('',*,*,#2583,.T.);
#3468=ORIENTED_EDGE('',*,*,#2582,.T.);
#3469=ORIENTED_EDGE('',*,*,#2584,.F.);
#3470=ORIENTED_EDGE('',*,*,#2585,.F.);
#3471=ORIENTED_EDGE('',*,*,#2586,.T.);
#3472=ORIENTED_EDGE('',*,*,#2585,.T.);
#3473=ORIENTED_EDGE('',*,*,#2587,.F.);
#3474=ORIENTED_EDGE('',*,*,#2588,.F.);
#3475=ORIENTED_EDGE('',*,*,#2589,.T.);
#3476=ORIENTED_EDGE('',*,*,#2588,.T.);
#3477=ORIENTED_EDGE('',*,*,#2590,.F.);
#3478=ORIENTED_EDGE('',*,*,#2591,.F.);
#3479=ORIENTED_EDGE('',*,*,#2592,.T.);
#3480=ORIENTED_EDGE('',*,*,#2591,.T.);
#3481=ORIENTED_EDGE('',*,*,#2593,.F.);
#3482=ORIENTED_EDGE('',*,*,#2594,.F.);
#3483=ORIENTED_EDGE('',*,*,#2595,.T.);
#3484=ORIENTED_EDGE('',*,*,#2594,.T.);
#3485=ORIENTED_EDGE('',*,*,#2596,.F.);
#3486=ORIENTED_EDGE('',*,*,#2597,.F.);
#3487=ORIENTED_EDGE('',*,*,#2598,.T.);
#3488=ORIENTED_EDGE('',*,*,#2597,.T.);
#3489=ORIENTED_EDGE('',*,*,#2599,.F.);
#3490=ORIENTED_EDGE('',*,*,#2600,.F.);
#3491=ORIENTED_EDGE('',*,*,#2601,.T.);
#3492=ORIENTED_EDGE('',*,*,#2600,.T.);
#3493=ORIENTED_EDGE('',*,*,#2602,.F.);
#3494=ORIENTED_EDGE('',*,*,#2603,.F.);
#3495=ORIENTED_EDGE('',*,*,#2604,.T.);
#3496=ORIENTED_EDGE('',*,*,#2603,.T.);
#3497=ORIENTED_EDGE('',*,*,#2605,.F.);
#3498=ORIENTED_EDGE('',*,*,#2606,.F.);
#3499=ORIENTED_EDGE('',*,*,#2607,.T.);
#3500=ORIENTED_EDGE('',*,*,#2606,.T.);
#3501=ORIENTED_EDGE('',*,*,#2608,.F.);
#3502=ORIENTED_EDGE('',*,*,#2609,.F.);
#3503=ORIENTED_EDGE('',*,*,#2610,.T.);
#3504=ORIENTED_EDGE('',*,*,#2609,.T.);
#3505=ORIENTED_EDGE('',*,*,#2611,.F.);
#3506=ORIENTED_EDGE('',*,*,#2612,.F.);
#3507=ORIENTED_EDGE('',*,*,#2613,.T.);
#3508=ORIENTED_EDGE('',*,*,#2612,.T.);
#3509=ORIENTED_EDGE('',*,*,#2614,.F.);
#3510=ORIENTED_EDGE('',*,*,#2550,.F.);
#3511=ORIENTED_EDGE('',*,*,#2614,.T.);
#3512=ORIENTED_EDGE('',*,*,#2611,.T.);
#3513=ORIENTED_EDGE('',*,*,#2608,.T.);
#3514=ORIENTED_EDGE('',*,*,#2605,.T.);
#3515=ORIENTED_EDGE('',*,*,#2602,.T.);
#3516=ORIENTED_EDGE('',*,*,#2599,.T.);
#3517=ORIENTED_EDGE('',*,*,#2596,.T.);
#3518=ORIENTED_EDGE('',*,*,#2593,.T.);
#3519=ORIENTED_EDGE('',*,*,#2590,.T.);
#3520=ORIENTED_EDGE('',*,*,#2587,.T.);
#3521=ORIENTED_EDGE('',*,*,#2584,.T.);
#3522=ORIENTED_EDGE('',*,*,#2581,.T.);
#3523=ORIENTED_EDGE('',*,*,#2578,.T.);
#3524=ORIENTED_EDGE('',*,*,#2575,.T.);
#3525=ORIENTED_EDGE('',*,*,#2572,.T.);
#3526=ORIENTED_EDGE('',*,*,#2569,.T.);
#3527=ORIENTED_EDGE('',*,*,#2566,.T.);
#3528=ORIENTED_EDGE('',*,*,#2563,.T.);
#3529=ORIENTED_EDGE('',*,*,#2560,.T.);
#3530=ORIENTED_EDGE('',*,*,#2557,.T.);
#3531=ORIENTED_EDGE('',*,*,#2554,.T.);
#3532=ORIENTED_EDGE('',*,*,#2551,.T.);
#3533=ORIENTED_EDGE('',*,*,#2530,.T.);
#3534=ORIENTED_EDGE('',*,*,#2534,.T.);
#3535=ORIENTED_EDGE('',*,*,#2537,.T.);
#3536=ORIENTED_EDGE('',*,*,#2540,.T.);
#3537=ORIENTED_EDGE('',*,*,#2543,.T.);
#3538=ORIENTED_EDGE('',*,*,#2546,.T.);
#3539=ORIENTED_EDGE('',*,*,#2548,.T.);
#3540=ORIENTED_EDGE('',*,*,#2613,.F.);
#3541=ORIENTED_EDGE('',*,*,#2549,.F.);
#3542=ORIENTED_EDGE('',*,*,#2553,.F.);
#3543=ORIENTED_EDGE('',*,*,#2556,.F.);
#3544=ORIENTED_EDGE('',*,*,#2559,.F.);
#3545=ORIENTED_EDGE('',*,*,#2562,.F.);
#3546=ORIENTED_EDGE('',*,*,#2565,.F.);
#3547=ORIENTED_EDGE('',*,*,#2568,.F.);
#3548=ORIENTED_EDGE('',*,*,#2571,.F.);
#3549=ORIENTED_EDGE('',*,*,#2574,.F.);
#3550=ORIENTED_EDGE('',*,*,#2577,.F.);
#3551=ORIENTED_EDGE('',*,*,#2580,.F.);
#3552=ORIENTED_EDGE('',*,*,#2583,.F.);
#3553=ORIENTED_EDGE('',*,*,#2586,.F.);
#3554=ORIENTED_EDGE('',*,*,#2589,.F.);
#3555=ORIENTED_EDGE('',*,*,#2592,.F.);
#3556=ORIENTED_EDGE('',*,*,#2595,.F.);
#3557=ORIENTED_EDGE('',*,*,#2598,.F.);
#3558=ORIENTED_EDGE('',*,*,#2601,.F.);
#3559=ORIENTED_EDGE('',*,*,#2604,.F.);
#3560=ORIENTED_EDGE('',*,*,#2607,.F.);
#3561=ORIENTED_EDGE('',*,*,#2610,.F.);
#3562=ORIENTED_EDGE('',*,*,#2528,.T.);
#3563=ORIENTED_EDGE('',*,*,#2547,.T.);
#3564=ORIENTED_EDGE('',*,*,#2544,.T.);
#3565=ORIENTED_EDGE('',*,*,#2541,.T.);
#3566=ORIENTED_EDGE('',*,*,#2538,.T.);
#3567=ORIENTED_EDGE('',*,*,#2535,.T.);
#3568=ORIENTED_EDGE('',*,*,#2532,.T.);
#3569=ORIENTED_EDGE('',*,*,#2615,.T.);
#3570=ORIENTED_EDGE('',*,*,#2616,.T.);
#3571=ORIENTED_EDGE('',*,*,#2617,.F.);
#3572=ORIENTED_EDGE('',*,*,#2618,.F.);
#3573=ORIENTED_EDGE('',*,*,#2619,.T.);
#3574=ORIENTED_EDGE('',*,*,#2618,.T.);
#3575=ORIENTED_EDGE('',*,*,#2620,.F.);
#3576=ORIENTED_EDGE('',*,*,#2621,.F.);
#3577=ORIENTED_EDGE('',*,*,#2622,.T.);
#3578=ORIENTED_EDGE('',*,*,#2621,.T.);
#3579=ORIENTED_EDGE('',*,*,#2623,.F.);
#3580=ORIENTED_EDGE('',*,*,#2624,.F.);
#3581=ORIENTED_EDGE('',*,*,#2625,.T.);
#3582=ORIENTED_EDGE('',*,*,#2624,.T.);
#3583=ORIENTED_EDGE('',*,*,#2626,.F.);
#3584=ORIENTED_EDGE('',*,*,#2627,.F.);
#3585=ORIENTED_EDGE('',*,*,#2628,.T.);
#3586=ORIENTED_EDGE('',*,*,#2627,.T.);
#3587=ORIENTED_EDGE('',*,*,#2629,.F.);
#3588=ORIENTED_EDGE('',*,*,#2630,.F.);
#3589=ORIENTED_EDGE('',*,*,#2631,.T.);
#3590=ORIENTED_EDGE('',*,*,#2630,.T.);
#3591=ORIENTED_EDGE('',*,*,#2632,.F.);
#3592=ORIENTED_EDGE('',*,*,#2633,.F.);
#3593=ORIENTED_EDGE('',*,*,#2634,.T.);
#3594=ORIENTED_EDGE('',*,*,#2633,.T.);
#3595=ORIENTED_EDGE('',*,*,#2635,.F.);
#3596=ORIENTED_EDGE('',*,*,#2636,.F.);
#3597=ORIENTED_EDGE('',*,*,#2637,.T.);
#3598=ORIENTED_EDGE('',*,*,#2636,.T.);
#3599=ORIENTED_EDGE('',*,*,#2638,.F.);
#3600=ORIENTED_EDGE('',*,*,#2639,.F.);
#3601=ORIENTED_EDGE('',*,*,#2640,.T.);
#3602=ORIENTED_EDGE('',*,*,#2639,.T.);
#3603=ORIENTED_EDGE('',*,*,#2641,.F.);
#3604=ORIENTED_EDGE('',*,*,#2642,.F.);
#3605=ORIENTED_EDGE('',*,*,#2643,.T.);
#3606=ORIENTED_EDGE('',*,*,#2642,.T.);
#3607=ORIENTED_EDGE('',*,*,#2644,.F.);
#3608=ORIENTED_EDGE('',*,*,#2645,.F.);
#3609=ORIENTED_EDGE('',*,*,#2646,.T.);
#3610=ORIENTED_EDGE('',*,*,#2645,.T.);
#3611=ORIENTED_EDGE('',*,*,#2647,.F.);
#3612=ORIENTED_EDGE('',*,*,#2648,.F.);
#3613=ORIENTED_EDGE('',*,*,#2649,.T.);
#3614=ORIENTED_EDGE('',*,*,#2648,.T.);
#3615=ORIENTED_EDGE('',*,*,#2650,.F.);
#3616=ORIENTED_EDGE('',*,*,#2651,.F.);
#3617=ORIENTED_EDGE('',*,*,#2652,.T.);
#3618=ORIENTED_EDGE('',*,*,#2651,.T.);
#3619=ORIENTED_EDGE('',*,*,#2653,.F.);
#3620=ORIENTED_EDGE('',*,*,#2654,.F.);
#3621=ORIENTED_EDGE('',*,*,#2655,.T.);
#3622=ORIENTED_EDGE('',*,*,#2654,.T.);
#3623=ORIENTED_EDGE('',*,*,#2656,.F.);
#3624=ORIENTED_EDGE('',*,*,#2657,.F.);
#3625=ORIENTED_EDGE('',*,*,#2658,.T.);
#3626=ORIENTED_EDGE('',*,*,#2657,.T.);
#3627=ORIENTED_EDGE('',*,*,#2659,.F.);
#3628=ORIENTED_EDGE('',*,*,#2616,.F.);
#3629=ORIENTED_EDGE('',*,*,#2659,.T.);
#3630=ORIENTED_EDGE('',*,*,#2656,.T.);
#3631=ORIENTED_EDGE('',*,*,#2653,.T.);
#3632=ORIENTED_EDGE('',*,*,#2650,.T.);
#3633=ORIENTED_EDGE('',*,*,#2647,.T.);
#3634=ORIENTED_EDGE('',*,*,#2644,.T.);
#3635=ORIENTED_EDGE('',*,*,#2641,.T.);
#3636=ORIENTED_EDGE('',*,*,#2638,.T.);
#3637=ORIENTED_EDGE('',*,*,#2635,.T.);
#3638=ORIENTED_EDGE('',*,*,#2632,.T.);
#3639=ORIENTED_EDGE('',*,*,#2629,.T.);
#3640=ORIENTED_EDGE('',*,*,#2626,.T.);
#3641=ORIENTED_EDGE('',*,*,#2623,.T.);
#3642=ORIENTED_EDGE('',*,*,#2620,.T.);
#3643=ORIENTED_EDGE('',*,*,#2617,.T.);
#3644=ORIENTED_EDGE('',*,*,#2658,.F.);
#3645=ORIENTED_EDGE('',*,*,#2615,.F.);
#3646=ORIENTED_EDGE('',*,*,#2619,.F.);
#3647=ORIENTED_EDGE('',*,*,#2622,.F.);
#3648=ORIENTED_EDGE('',*,*,#2625,.F.);
#3649=ORIENTED_EDGE('',*,*,#2628,.F.);
#3650=ORIENTED_EDGE('',*,*,#2631,.F.);
#3651=ORIENTED_EDGE('',*,*,#2634,.F.);
#3652=ORIENTED_EDGE('',*,*,#2637,.F.);
#3653=ORIENTED_EDGE('',*,*,#2640,.F.);
#3654=ORIENTED_EDGE('',*,*,#2643,.F.);
#3655=ORIENTED_EDGE('',*,*,#2646,.F.);
#3656=ORIENTED_EDGE('',*,*,#2649,.F.);
#3657=ORIENTED_EDGE('',*,*,#2652,.F.);
#3658=ORIENTED_EDGE('',*,*,#2655,.F.);
#3659=ORIENTED_EDGE('',*,*,#2660,.F.);
#3660=ORIENTED_EDGE('',*,*,#2661,.T.);
#3661=ORIENTED_EDGE('',*,*,#2662,.F.);
#3662=ORIENTED_EDGE('',*,*,#2663,.F.);
#3663=ORIENTED_EDGE('',*,*,#2664,.F.);
#3664=ORIENTED_EDGE('',*,*,#2663,.T.);
#3665=ORIENTED_EDGE('',*,*,#2665,.F.);
#3666=ORIENTED_EDGE('',*,*,#2666,.F.);
#3667=ORIENTED_EDGE('',*,*,#2667,.F.);
#3668=ORIENTED_EDGE('',*,*,#2666,.T.);
#3669=ORIENTED_EDGE('',*,*,#2668,.F.);
#3670=ORIENTED_EDGE('',*,*,#2669,.F.);
#3671=ORIENTED_EDGE('',*,*,#2670,.F.);
#3672=ORIENTED_EDGE('',*,*,#2669,.T.);
#3673=ORIENTED_EDGE('',*,*,#2671,.F.);
#3674=ORIENTED_EDGE('',*,*,#2672,.F.);
#3675=ORIENTED_EDGE('',*,*,#2673,.F.);
#3676=ORIENTED_EDGE('',*,*,#2672,.T.);
#3677=ORIENTED_EDGE('',*,*,#2674,.F.);
#3678=ORIENTED_EDGE('',*,*,#2675,.F.);
#3679=ORIENTED_EDGE('',*,*,#2676,.F.);
#3680=ORIENTED_EDGE('',*,*,#2675,.T.);
#3681=ORIENTED_EDGE('',*,*,#2677,.F.);
#3682=ORIENTED_EDGE('',*,*,#2678,.F.);
#3683=ORIENTED_EDGE('',*,*,#2679,.F.);
#3684=ORIENTED_EDGE('',*,*,#2678,.T.);
#3685=ORIENTED_EDGE('',*,*,#2680,.F.);
#3686=ORIENTED_EDGE('',*,*,#2681,.F.);
#3687=ORIENTED_EDGE('',*,*,#2682,.F.);
#3688=ORIENTED_EDGE('',*,*,#2681,.T.);
#3689=ORIENTED_EDGE('',*,*,#2683,.F.);
#3690=ORIENTED_EDGE('',*,*,#2684,.F.);
#3691=ORIENTED_EDGE('',*,*,#2685,.F.);
#3692=ORIENTED_EDGE('',*,*,#2684,.T.);
#3693=ORIENTED_EDGE('',*,*,#2686,.F.);
#3694=ORIENTED_EDGE('',*,*,#2687,.F.);
#3695=ORIENTED_EDGE('',*,*,#2688,.F.);
#3696=ORIENTED_EDGE('',*,*,#2687,.T.);
#3697=ORIENTED_EDGE('',*,*,#2689,.F.);
#3698=ORIENTED_EDGE('',*,*,#2690,.F.);
#3699=ORIENTED_EDGE('',*,*,#2691,.F.);
#3700=ORIENTED_EDGE('',*,*,#2690,.T.);
#3701=ORIENTED_EDGE('',*,*,#2692,.F.);
#3702=ORIENTED_EDGE('',*,*,#2693,.F.);
#3703=ORIENTED_EDGE('',*,*,#2694,.F.);
#3704=ORIENTED_EDGE('',*,*,#2693,.T.);
#3705=ORIENTED_EDGE('',*,*,#2695,.F.);
#3706=ORIENTED_EDGE('',*,*,#2696,.F.);
#3707=ORIENTED_EDGE('',*,*,#2697,.F.);
#3708=ORIENTED_EDGE('',*,*,#2696,.T.);
#3709=ORIENTED_EDGE('',*,*,#2698,.F.);
#3710=ORIENTED_EDGE('',*,*,#2699,.F.);
#3711=ORIENTED_EDGE('',*,*,#2700,.F.);
#3712=ORIENTED_EDGE('',*,*,#2699,.T.);
#3713=ORIENTED_EDGE('',*,*,#2701,.F.);
#3714=ORIENTED_EDGE('',*,*,#2702,.F.);
#3715=ORIENTED_EDGE('',*,*,#2703,.F.);
#3716=ORIENTED_EDGE('',*,*,#2702,.T.);
#3717=ORIENTED_EDGE('',*,*,#2704,.F.);
#3718=ORIENTED_EDGE('',*,*,#2705,.F.);
#3719=ORIENTED_EDGE('',*,*,#2706,.F.);
#3720=ORIENTED_EDGE('',*,*,#2705,.T.);
#3721=ORIENTED_EDGE('',*,*,#2707,.F.);
#3722=ORIENTED_EDGE('',*,*,#2708,.F.);
#3723=ORIENTED_EDGE('',*,*,#2709,.F.);
#3724=ORIENTED_EDGE('',*,*,#2708,.T.);
#3725=ORIENTED_EDGE('',*,*,#2710,.F.);
#3726=ORIENTED_EDGE('',*,*,#2711,.F.);
#3727=ORIENTED_EDGE('',*,*,#2712,.F.);
#3728=ORIENTED_EDGE('',*,*,#2711,.T.);
#3729=ORIENTED_EDGE('',*,*,#2713,.F.);
#3730=ORIENTED_EDGE('',*,*,#2714,.F.);
#3731=ORIENTED_EDGE('',*,*,#2715,.F.);
#3732=ORIENTED_EDGE('',*,*,#2714,.T.);
#3733=ORIENTED_EDGE('',*,*,#2716,.F.);
#3734=ORIENTED_EDGE('',*,*,#2717,.F.);
#3735=ORIENTED_EDGE('',*,*,#2718,.F.);
#3736=ORIENTED_EDGE('',*,*,#2717,.T.);
#3737=ORIENTED_EDGE('',*,*,#2719,.F.);
#3738=ORIENTED_EDGE('',*,*,#2661,.F.);
#3739=ORIENTED_EDGE('',*,*,#2718,.T.);
#3740=ORIENTED_EDGE('',*,*,#2660,.T.);
#3741=ORIENTED_EDGE('',*,*,#2664,.T.);
#3742=ORIENTED_EDGE('',*,*,#2667,.T.);
#3743=ORIENTED_EDGE('',*,*,#2670,.T.);
#3744=ORIENTED_EDGE('',*,*,#2673,.T.);
#3745=ORIENTED_EDGE('',*,*,#2676,.T.);
#3746=ORIENTED_EDGE('',*,*,#2679,.T.);
#3747=ORIENTED_EDGE('',*,*,#2682,.T.);
#3748=ORIENTED_EDGE('',*,*,#2685,.T.);
#3749=ORIENTED_EDGE('',*,*,#2688,.T.);
#3750=ORIENTED_EDGE('',*,*,#2691,.T.);
#3751=ORIENTED_EDGE('',*,*,#2694,.T.);
#3752=ORIENTED_EDGE('',*,*,#2697,.T.);
#3753=ORIENTED_EDGE('',*,*,#2700,.T.);
#3754=ORIENTED_EDGE('',*,*,#2703,.T.);
#3755=ORIENTED_EDGE('',*,*,#2706,.T.);
#3756=ORIENTED_EDGE('',*,*,#2709,.T.);
#3757=ORIENTED_EDGE('',*,*,#2712,.T.);
#3758=ORIENTED_EDGE('',*,*,#2715,.T.);
#3759=ORIENTED_EDGE('',*,*,#2719,.T.);
#3760=ORIENTED_EDGE('',*,*,#2716,.T.);
#3761=ORIENTED_EDGE('',*,*,#2713,.T.);
#3762=ORIENTED_EDGE('',*,*,#2710,.T.);
#3763=ORIENTED_EDGE('',*,*,#2707,.T.);
#3764=ORIENTED_EDGE('',*,*,#2704,.T.);
#3765=ORIENTED_EDGE('',*,*,#2701,.T.);
#3766=ORIENTED_EDGE('',*,*,#2698,.T.);
#3767=ORIENTED_EDGE('',*,*,#2695,.T.);
#3768=ORIENTED_EDGE('',*,*,#2692,.T.);
#3769=ORIENTED_EDGE('',*,*,#2689,.T.);
#3770=ORIENTED_EDGE('',*,*,#2686,.T.);
#3771=ORIENTED_EDGE('',*,*,#2683,.T.);
#3772=ORIENTED_EDGE('',*,*,#2680,.T.);
#3773=ORIENTED_EDGE('',*,*,#2677,.T.);
#3774=ORIENTED_EDGE('',*,*,#2674,.T.);
#3775=ORIENTED_EDGE('',*,*,#2671,.T.);
#3776=ORIENTED_EDGE('',*,*,#2668,.T.);
#3777=ORIENTED_EDGE('',*,*,#2665,.T.);
#3778=ORIENTED_EDGE('',*,*,#2662,.T.);
#3779=ORIENTED_EDGE('',*,*,#2720,.T.);
#3780=ORIENTED_EDGE('',*,*,#2721,.T.);
#3781=ORIENTED_EDGE('',*,*,#2722,.F.);
#3782=ORIENTED_EDGE('',*,*,#2723,.F.);
#3783=ORIENTED_EDGE('',*,*,#2724,.T.);
#3784=ORIENTED_EDGE('',*,*,#2723,.T.);
#3785=ORIENTED_EDGE('',*,*,#2725,.F.);
#3786=ORIENTED_EDGE('',*,*,#2726,.F.);
#3787=ORIENTED_EDGE('',*,*,#2727,.T.);
#3788=ORIENTED_EDGE('',*,*,#2726,.T.);
#3789=ORIENTED_EDGE('',*,*,#2728,.F.);
#3790=ORIENTED_EDGE('',*,*,#2729,.F.);
#3791=ORIENTED_EDGE('',*,*,#2730,.T.);
#3792=ORIENTED_EDGE('',*,*,#2729,.T.);
#3793=ORIENTED_EDGE('',*,*,#2731,.F.);
#3794=ORIENTED_EDGE('',*,*,#2721,.F.);
#3795=ORIENTED_EDGE('',*,*,#2731,.T.);
#3796=ORIENTED_EDGE('',*,*,#2728,.T.);
#3797=ORIENTED_EDGE('',*,*,#2725,.T.);
#3798=ORIENTED_EDGE('',*,*,#2722,.T.);
#3799=ORIENTED_EDGE('',*,*,#2730,.F.);
#3800=ORIENTED_EDGE('',*,*,#2720,.F.);
#3801=ORIENTED_EDGE('',*,*,#2724,.F.);
#3802=ORIENTED_EDGE('',*,*,#2727,.F.);
#3803=ORIENTED_EDGE('',*,*,#2732,.T.);
#3804=ORIENTED_EDGE('',*,*,#2733,.T.);
#3805=ORIENTED_EDGE('',*,*,#2734,.F.);
#3806=ORIENTED_EDGE('',*,*,#2735,.F.);
#3807=ORIENTED_EDGE('',*,*,#2736,.T.);
#3808=ORIENTED_EDGE('',*,*,#2735,.T.);
#3809=ORIENTED_EDGE('',*,*,#2737,.F.);
#3810=ORIENTED_EDGE('',*,*,#2738,.F.);
#3811=ORIENTED_EDGE('',*,*,#2739,.T.);
#3812=ORIENTED_EDGE('',*,*,#2738,.T.);
#3813=ORIENTED_EDGE('',*,*,#2740,.F.);
#3814=ORIENTED_EDGE('',*,*,#2741,.F.);
#3815=ORIENTED_EDGE('',*,*,#2742,.T.);
#3816=ORIENTED_EDGE('',*,*,#2741,.T.);
#3817=ORIENTED_EDGE('',*,*,#2743,.F.);
#3818=ORIENTED_EDGE('',*,*,#2733,.F.);
#3819=ORIENTED_EDGE('',*,*,#2743,.T.);
#3820=ORIENTED_EDGE('',*,*,#2740,.T.);
#3821=ORIENTED_EDGE('',*,*,#2737,.T.);
#3822=ORIENTED_EDGE('',*,*,#2734,.T.);
#3823=ORIENTED_EDGE('',*,*,#2742,.F.);
#3824=ORIENTED_EDGE('',*,*,#2732,.F.);
#3825=ORIENTED_EDGE('',*,*,#2736,.F.);
#3826=ORIENTED_EDGE('',*,*,#2739,.F.);
#3827=ORIENTED_EDGE('',*,*,#2744,.T.);
#3828=ORIENTED_EDGE('',*,*,#2745,.T.);
#3829=ORIENTED_EDGE('',*,*,#2746,.F.);
#3830=ORIENTED_EDGE('',*,*,#2747,.F.);
#3831=ORIENTED_EDGE('',*,*,#2748,.T.);
#3832=ORIENTED_EDGE('',*,*,#2747,.T.);
#3833=ORIENTED_EDGE('',*,*,#2749,.F.);
#3834=ORIENTED_EDGE('',*,*,#2750,.F.);
#3835=ORIENTED_EDGE('',*,*,#2751,.T.);
#3836=ORIENTED_EDGE('',*,*,#2750,.T.);
#3837=ORIENTED_EDGE('',*,*,#2752,.F.);
#3838=ORIENTED_EDGE('',*,*,#2753,.F.);
#3839=ORIENTED_EDGE('',*,*,#2754,.T.);
#3840=ORIENTED_EDGE('',*,*,#2753,.T.);
#3841=ORIENTED_EDGE('',*,*,#2755,.F.);
#3842=ORIENTED_EDGE('',*,*,#2756,.F.);
#3843=ORIENTED_EDGE('',*,*,#2757,.T.);
#3844=ORIENTED_EDGE('',*,*,#2756,.T.);
#3845=ORIENTED_EDGE('',*,*,#2758,.F.);
#3846=ORIENTED_EDGE('',*,*,#2759,.F.);
#3847=ORIENTED_EDGE('',*,*,#2760,.T.);
#3848=ORIENTED_EDGE('',*,*,#2759,.T.);
#3849=ORIENTED_EDGE('',*,*,#2761,.F.);
#3850=ORIENTED_EDGE('',*,*,#2762,.F.);
#3851=ORIENTED_EDGE('',*,*,#2763,.T.);
#3852=ORIENTED_EDGE('',*,*,#2762,.T.);
#3853=ORIENTED_EDGE('',*,*,#2764,.F.);
#3854=ORIENTED_EDGE('',*,*,#2765,.F.);
#3855=ORIENTED_EDGE('',*,*,#2766,.T.);
#3856=ORIENTED_EDGE('',*,*,#2765,.T.);
#3857=ORIENTED_EDGE('',*,*,#2767,.F.);
#3858=ORIENTED_EDGE('',*,*,#2768,.F.);
#3859=ORIENTED_EDGE('',*,*,#2769,.T.);
#3860=ORIENTED_EDGE('',*,*,#2768,.T.);
#3861=ORIENTED_EDGE('',*,*,#2770,.F.);
#3862=ORIENTED_EDGE('',*,*,#2771,.F.);
#3863=ORIENTED_EDGE('',*,*,#2772,.T.);
#3864=ORIENTED_EDGE('',*,*,#2771,.T.);
#3865=ORIENTED_EDGE('',*,*,#2773,.F.);
#3866=ORIENTED_EDGE('',*,*,#2774,.F.);
#3867=ORIENTED_EDGE('',*,*,#2775,.T.);
#3868=ORIENTED_EDGE('',*,*,#2774,.T.);
#3869=ORIENTED_EDGE('',*,*,#2776,.F.);
#3870=ORIENTED_EDGE('',*,*,#2777,.F.);
#3871=ORIENTED_EDGE('',*,*,#2778,.T.);
#3872=ORIENTED_EDGE('',*,*,#2777,.T.);
#3873=ORIENTED_EDGE('',*,*,#2779,.F.);
#3874=ORIENTED_EDGE('',*,*,#2780,.F.);
#3875=ORIENTED_EDGE('',*,*,#2781,.T.);
#3876=ORIENTED_EDGE('',*,*,#2780,.T.);
#3877=ORIENTED_EDGE('',*,*,#2782,.F.);
#3878=ORIENTED_EDGE('',*,*,#2783,.F.);
#3879=ORIENTED_EDGE('',*,*,#2784,.T.);
#3880=ORIENTED_EDGE('',*,*,#2783,.T.);
#3881=ORIENTED_EDGE('',*,*,#2785,.F.);
#3882=ORIENTED_EDGE('',*,*,#2786,.F.);
#3883=ORIENTED_EDGE('',*,*,#2787,.T.);
#3884=ORIENTED_EDGE('',*,*,#2786,.T.);
#3885=ORIENTED_EDGE('',*,*,#2788,.F.);
#3886=ORIENTED_EDGE('',*,*,#2789,.F.);
#3887=ORIENTED_EDGE('',*,*,#2790,.T.);
#3888=ORIENTED_EDGE('',*,*,#2789,.T.);
#3889=ORIENTED_EDGE('',*,*,#2791,.F.);
#3890=ORIENTED_EDGE('',*,*,#2792,.F.);
#3891=ORIENTED_EDGE('',*,*,#2793,.T.);
#3892=ORIENTED_EDGE('',*,*,#2792,.T.);
#3893=ORIENTED_EDGE('',*,*,#2794,.F.);
#3894=ORIENTED_EDGE('',*,*,#2795,.F.);
#3895=ORIENTED_EDGE('',*,*,#2796,.T.);
#3896=ORIENTED_EDGE('',*,*,#2795,.T.);
#3897=ORIENTED_EDGE('',*,*,#2797,.F.);
#3898=ORIENTED_EDGE('',*,*,#2798,.F.);
#3899=ORIENTED_EDGE('',*,*,#2799,.T.);
#3900=ORIENTED_EDGE('',*,*,#2798,.T.);
#3901=ORIENTED_EDGE('',*,*,#2800,.F.);
#3902=ORIENTED_EDGE('',*,*,#2801,.F.);
#3903=ORIENTED_EDGE('',*,*,#2802,.T.);
#3904=ORIENTED_EDGE('',*,*,#2801,.T.);
#3905=ORIENTED_EDGE('',*,*,#2803,.F.);
#3906=ORIENTED_EDGE('',*,*,#2804,.F.);
#3907=ORIENTED_EDGE('',*,*,#2805,.T.);
#3908=ORIENTED_EDGE('',*,*,#2804,.T.);
#3909=ORIENTED_EDGE('',*,*,#2806,.F.);
#3910=ORIENTED_EDGE('',*,*,#2807,.F.);
#3911=ORIENTED_EDGE('',*,*,#2808,.T.);
#3912=ORIENTED_EDGE('',*,*,#2807,.T.);
#3913=ORIENTED_EDGE('',*,*,#2809,.F.);
#3914=ORIENTED_EDGE('',*,*,#2810,.F.);
#3915=ORIENTED_EDGE('',*,*,#2811,.T.);
#3916=ORIENTED_EDGE('',*,*,#2810,.T.);
#3917=ORIENTED_EDGE('',*,*,#2812,.F.);
#3918=ORIENTED_EDGE('',*,*,#2813,.F.);
#3919=ORIENTED_EDGE('',*,*,#2814,.T.);
#3920=ORIENTED_EDGE('',*,*,#2813,.T.);
#3921=ORIENTED_EDGE('',*,*,#2815,.F.);
#3922=ORIENTED_EDGE('',*,*,#2816,.F.);
#3923=ORIENTED_EDGE('',*,*,#2817,.T.);
#3924=ORIENTED_EDGE('',*,*,#2816,.T.);
#3925=ORIENTED_EDGE('',*,*,#2818,.F.);
#3926=ORIENTED_EDGE('',*,*,#2819,.F.);
#3927=ORIENTED_EDGE('',*,*,#2820,.T.);
#3928=ORIENTED_EDGE('',*,*,#2819,.T.);
#3929=ORIENTED_EDGE('',*,*,#2821,.F.);
#3930=ORIENTED_EDGE('',*,*,#2822,.F.);
#3931=ORIENTED_EDGE('',*,*,#2823,.T.);
#3932=ORIENTED_EDGE('',*,*,#2822,.T.);
#3933=ORIENTED_EDGE('',*,*,#2824,.F.);
#3934=ORIENTED_EDGE('',*,*,#2745,.F.);
#3935=ORIENTED_EDGE('',*,*,#2824,.T.);
#3936=ORIENTED_EDGE('',*,*,#2821,.T.);
#3937=ORIENTED_EDGE('',*,*,#2818,.T.);
#3938=ORIENTED_EDGE('',*,*,#2815,.T.);
#3939=ORIENTED_EDGE('',*,*,#2812,.T.);
#3940=ORIENTED_EDGE('',*,*,#2809,.T.);
#3941=ORIENTED_EDGE('',*,*,#2806,.T.);
#3942=ORIENTED_EDGE('',*,*,#2803,.T.);
#3943=ORIENTED_EDGE('',*,*,#2800,.T.);
#3944=ORIENTED_EDGE('',*,*,#2797,.T.);
#3945=ORIENTED_EDGE('',*,*,#2794,.T.);
#3946=ORIENTED_EDGE('',*,*,#2791,.T.);
#3947=ORIENTED_EDGE('',*,*,#2788,.T.);
#3948=ORIENTED_EDGE('',*,*,#2785,.T.);
#3949=ORIENTED_EDGE('',*,*,#2782,.T.);
#3950=ORIENTED_EDGE('',*,*,#2779,.T.);
#3951=ORIENTED_EDGE('',*,*,#2776,.T.);
#3952=ORIENTED_EDGE('',*,*,#2773,.T.);
#3953=ORIENTED_EDGE('',*,*,#2770,.T.);
#3954=ORIENTED_EDGE('',*,*,#2767,.T.);
#3955=ORIENTED_EDGE('',*,*,#2764,.T.);
#3956=ORIENTED_EDGE('',*,*,#2761,.T.);
#3957=ORIENTED_EDGE('',*,*,#2758,.T.);
#3958=ORIENTED_EDGE('',*,*,#2755,.T.);
#3959=ORIENTED_EDGE('',*,*,#2752,.T.);
#3960=ORIENTED_EDGE('',*,*,#2749,.T.);
#3961=ORIENTED_EDGE('',*,*,#2746,.T.);
#3962=ORIENTED_EDGE('',*,*,#2823,.F.);
#3963=ORIENTED_EDGE('',*,*,#2744,.F.);
#3964=ORIENTED_EDGE('',*,*,#2748,.F.);
#3965=ORIENTED_EDGE('',*,*,#2751,.F.);
#3966=ORIENTED_EDGE('',*,*,#2754,.F.);
#3967=ORIENTED_EDGE('',*,*,#2757,.F.);
#3968=ORIENTED_EDGE('',*,*,#2760,.F.);
#3969=ORIENTED_EDGE('',*,*,#2763,.F.);
#3970=ORIENTED_EDGE('',*,*,#2766,.F.);
#3971=ORIENTED_EDGE('',*,*,#2769,.F.);
#3972=ORIENTED_EDGE('',*,*,#2772,.F.);
#3973=ORIENTED_EDGE('',*,*,#2775,.F.);
#3974=ORIENTED_EDGE('',*,*,#2778,.F.);
#3975=ORIENTED_EDGE('',*,*,#2781,.F.);
#3976=ORIENTED_EDGE('',*,*,#2784,.F.);
#3977=ORIENTED_EDGE('',*,*,#2787,.F.);
#3978=ORIENTED_EDGE('',*,*,#2790,.F.);
#3979=ORIENTED_EDGE('',*,*,#2793,.F.);
#3980=ORIENTED_EDGE('',*,*,#2796,.F.);
#3981=ORIENTED_EDGE('',*,*,#2799,.F.);
#3982=ORIENTED_EDGE('',*,*,#2802,.F.);
#3983=ORIENTED_EDGE('',*,*,#2805,.F.);
#3984=ORIENTED_EDGE('',*,*,#2808,.F.);
#3985=ORIENTED_EDGE('',*,*,#2811,.F.);
#3986=ORIENTED_EDGE('',*,*,#2814,.F.);
#3987=ORIENTED_EDGE('',*,*,#2817,.F.);
#3988=ORIENTED_EDGE('',*,*,#2820,.F.);
#3989=ORIENTED_EDGE('',*,*,#2825,.T.);
#3990=ORIENTED_EDGE('',*,*,#2826,.T.);
#3991=ORIENTED_EDGE('',*,*,#2827,.F.);
#3992=ORIENTED_EDGE('',*,*,#2828,.F.);
#3993=ORIENTED_EDGE('',*,*,#2829,.T.);
#3994=ORIENTED_EDGE('',*,*,#2828,.T.);
#3995=ORIENTED_EDGE('',*,*,#2830,.F.);
#3996=ORIENTED_EDGE('',*,*,#2831,.F.);
#3997=ORIENTED_EDGE('',*,*,#2832,.T.);
#3998=ORIENTED_EDGE('',*,*,#2831,.T.);
#3999=ORIENTED_EDGE('',*,*,#2833,.F.);
#4000=ORIENTED_EDGE('',*,*,#2834,.F.);
#4001=ORIENTED_EDGE('',*,*,#2835,.T.);
#4002=ORIENTED_EDGE('',*,*,#2834,.T.);
#4003=ORIENTED_EDGE('',*,*,#2836,.F.);
#4004=ORIENTED_EDGE('',*,*,#2837,.F.);
#4005=ORIENTED_EDGE('',*,*,#2838,.T.);
#4006=ORIENTED_EDGE('',*,*,#2837,.T.);
#4007=ORIENTED_EDGE('',*,*,#2839,.F.);
#4008=ORIENTED_EDGE('',*,*,#2840,.F.);
#4009=ORIENTED_EDGE('',*,*,#2841,.T.);
#4010=ORIENTED_EDGE('',*,*,#2840,.T.);
#4011=ORIENTED_EDGE('',*,*,#2842,.F.);
#4012=ORIENTED_EDGE('',*,*,#2843,.F.);
#4013=ORIENTED_EDGE('',*,*,#2844,.T.);
#4014=ORIENTED_EDGE('',*,*,#2843,.T.);
#4015=ORIENTED_EDGE('',*,*,#2845,.F.);
#4016=ORIENTED_EDGE('',*,*,#2846,.F.);
#4017=ORIENTED_EDGE('',*,*,#2847,.T.);
#4018=ORIENTED_EDGE('',*,*,#2846,.T.);
#4019=ORIENTED_EDGE('',*,*,#2848,.F.);
#4020=ORIENTED_EDGE('',*,*,#2849,.F.);
#4021=ORIENTED_EDGE('',*,*,#2850,.T.);
#4022=ORIENTED_EDGE('',*,*,#2849,.T.);
#4023=ORIENTED_EDGE('',*,*,#2851,.F.);
#4024=ORIENTED_EDGE('',*,*,#2852,.F.);
#4025=ORIENTED_EDGE('',*,*,#2853,.T.);
#4026=ORIENTED_EDGE('',*,*,#2852,.T.);
#4027=ORIENTED_EDGE('',*,*,#2854,.F.);
#4028=ORIENTED_EDGE('',*,*,#2855,.F.);
#4029=ORIENTED_EDGE('',*,*,#2856,.T.);
#4030=ORIENTED_EDGE('',*,*,#2855,.T.);
#4031=ORIENTED_EDGE('',*,*,#2857,.F.);
#4032=ORIENTED_EDGE('',*,*,#2858,.F.);
#4033=ORIENTED_EDGE('',*,*,#2859,.T.);
#4034=ORIENTED_EDGE('',*,*,#2858,.T.);
#4035=ORIENTED_EDGE('',*,*,#2860,.F.);
#4036=ORIENTED_EDGE('',*,*,#2861,.F.);
#4037=ORIENTED_EDGE('',*,*,#2862,.T.);
#4038=ORIENTED_EDGE('',*,*,#2861,.T.);
#4039=ORIENTED_EDGE('',*,*,#2863,.F.);
#4040=ORIENTED_EDGE('',*,*,#2864,.F.);
#4041=ORIENTED_EDGE('',*,*,#2865,.T.);
#4042=ORIENTED_EDGE('',*,*,#2864,.T.);
#4043=ORIENTED_EDGE('',*,*,#2866,.F.);
#4044=ORIENTED_EDGE('',*,*,#2867,.F.);
#4045=ORIENTED_EDGE('',*,*,#2868,.T.);
#4046=ORIENTED_EDGE('',*,*,#2867,.T.);
#4047=ORIENTED_EDGE('',*,*,#2869,.F.);
#4048=ORIENTED_EDGE('',*,*,#2826,.F.);
#4049=ORIENTED_EDGE('',*,*,#2869,.T.);
#4050=ORIENTED_EDGE('',*,*,#2866,.T.);
#4051=ORIENTED_EDGE('',*,*,#2863,.T.);
#4052=ORIENTED_EDGE('',*,*,#2860,.T.);
#4053=ORIENTED_EDGE('',*,*,#2857,.T.);
#4054=ORIENTED_EDGE('',*,*,#2854,.T.);
#4055=ORIENTED_EDGE('',*,*,#2851,.T.);
#4056=ORIENTED_EDGE('',*,*,#2848,.T.);
#4057=ORIENTED_EDGE('',*,*,#2845,.T.);
#4058=ORIENTED_EDGE('',*,*,#2842,.T.);
#4059=ORIENTED_EDGE('',*,*,#2839,.T.);
#4060=ORIENTED_EDGE('',*,*,#2836,.T.);
#4061=ORIENTED_EDGE('',*,*,#2833,.T.);
#4062=ORIENTED_EDGE('',*,*,#2830,.T.);
#4063=ORIENTED_EDGE('',*,*,#2827,.T.);
#4064=ORIENTED_EDGE('',*,*,#2868,.F.);
#4065=ORIENTED_EDGE('',*,*,#2825,.F.);
#4066=ORIENTED_EDGE('',*,*,#2829,.F.);
#4067=ORIENTED_EDGE('',*,*,#2832,.F.);
#4068=ORIENTED_EDGE('',*,*,#2835,.F.);
#4069=ORIENTED_EDGE('',*,*,#2838,.F.);
#4070=ORIENTED_EDGE('',*,*,#2841,.F.);
#4071=ORIENTED_EDGE('',*,*,#2844,.F.);
#4072=ORIENTED_EDGE('',*,*,#2847,.F.);
#4073=ORIENTED_EDGE('',*,*,#2850,.F.);
#4074=ORIENTED_EDGE('',*,*,#2853,.F.);
#4075=ORIENTED_EDGE('',*,*,#2856,.F.);
#4076=ORIENTED_EDGE('',*,*,#2859,.F.);
#4077=ORIENTED_EDGE('',*,*,#2862,.F.);
#4078=ORIENTED_EDGE('',*,*,#2865,.F.);
#4079=ORIENTED_EDGE('',*,*,#2870,.F.);
#4080=ORIENTED_EDGE('',*,*,#2871,.T.);
#4081=ORIENTED_EDGE('',*,*,#2872,.F.);
#4082=ORIENTED_EDGE('',*,*,#2873,.F.);
#4083=ORIENTED_EDGE('',*,*,#2874,.F.);
#4084=ORIENTED_EDGE('',*,*,#2875,.T.);
#4085=ORIENTED_EDGE('',*,*,#2876,.F.);
#4086=ORIENTED_EDGE('',*,*,#2871,.F.);
#4087=ORIENTED_EDGE('',*,*,#2877,.F.);
#4088=ORIENTED_EDGE('',*,*,#2878,.T.);
#4089=ORIENTED_EDGE('',*,*,#2879,.F.);
#4090=ORIENTED_EDGE('',*,*,#2875,.F.);
#4091=ORIENTED_EDGE('',*,*,#2880,.F.);
#4092=ORIENTED_EDGE('',*,*,#2881,.T.);
#4093=ORIENTED_EDGE('',*,*,#2882,.F.);
#4094=ORIENTED_EDGE('',*,*,#2878,.F.);
#4095=ORIENTED_EDGE('',*,*,#2883,.F.);
#4096=ORIENTED_EDGE('',*,*,#2884,.T.);
#4097=ORIENTED_EDGE('',*,*,#2885,.F.);
#4098=ORIENTED_EDGE('',*,*,#2881,.F.);
#4099=ORIENTED_EDGE('',*,*,#2886,.F.);
#4100=ORIENTED_EDGE('',*,*,#2887,.T.);
#4101=ORIENTED_EDGE('',*,*,#2888,.F.);
#4102=ORIENTED_EDGE('',*,*,#2884,.F.);
#4103=ORIENTED_EDGE('',*,*,#2889,.F.);
#4104=ORIENTED_EDGE('',*,*,#2873,.T.);
#4105=ORIENTED_EDGE('',*,*,#2890,.F.);
#4106=ORIENTED_EDGE('',*,*,#2887,.F.);
#4107=ORIENTED_EDGE('',*,*,#2891,.T.);
#4108=ORIENTED_EDGE('',*,*,#2892,.T.);
#4109=ORIENTED_EDGE('',*,*,#2893,.F.);
#4110=ORIENTED_EDGE('',*,*,#2894,.F.);
#4111=ORIENTED_EDGE('',*,*,#2895,.T.);
#4112=ORIENTED_EDGE('',*,*,#2894,.T.);
#4113=ORIENTED_EDGE('',*,*,#2896,.F.);
#4114=ORIENTED_EDGE('',*,*,#2897,.F.);
#4115=ORIENTED_EDGE('',*,*,#2898,.T.);
#4116=ORIENTED_EDGE('',*,*,#2897,.T.);
#4117=ORIENTED_EDGE('',*,*,#2899,.F.);
#4118=ORIENTED_EDGE('',*,*,#2900,.F.);
#4119=ORIENTED_EDGE('',*,*,#2901,.T.);
#4120=ORIENTED_EDGE('',*,*,#2900,.T.);
#4121=ORIENTED_EDGE('',*,*,#2902,.F.);
#4122=ORIENTED_EDGE('',*,*,#2903,.F.);
#4123=ORIENTED_EDGE('',*,*,#2904,.T.);
#4124=ORIENTED_EDGE('',*,*,#2903,.T.);
#4125=ORIENTED_EDGE('',*,*,#2905,.F.);
#4126=ORIENTED_EDGE('',*,*,#2906,.F.);
#4127=ORIENTED_EDGE('',*,*,#2907,.T.);
#4128=ORIENTED_EDGE('',*,*,#2906,.T.);
#4129=ORIENTED_EDGE('',*,*,#2908,.F.);
#4130=ORIENTED_EDGE('',*,*,#2909,.F.);
#4131=ORIENTED_EDGE('',*,*,#2910,.T.);
#4132=ORIENTED_EDGE('',*,*,#2909,.T.);
#4133=ORIENTED_EDGE('',*,*,#2911,.F.);
#4134=ORIENTED_EDGE('',*,*,#2912,.F.);
#4135=ORIENTED_EDGE('',*,*,#2913,.T.);
#4136=ORIENTED_EDGE('',*,*,#2912,.T.);
#4137=ORIENTED_EDGE('',*,*,#2914,.F.);
#4138=ORIENTED_EDGE('',*,*,#2915,.F.);
#4139=ORIENTED_EDGE('',*,*,#2916,.T.);
#4140=ORIENTED_EDGE('',*,*,#2915,.T.);
#4141=ORIENTED_EDGE('',*,*,#2917,.F.);
#4142=ORIENTED_EDGE('',*,*,#2918,.F.);
#4143=ORIENTED_EDGE('',*,*,#2919,.T.);
#4144=ORIENTED_EDGE('',*,*,#2918,.T.);
#4145=ORIENTED_EDGE('',*,*,#2920,.F.);
#4146=ORIENTED_EDGE('',*,*,#2921,.F.);
#4147=ORIENTED_EDGE('',*,*,#2922,.T.);
#4148=ORIENTED_EDGE('',*,*,#2921,.T.);
#4149=ORIENTED_EDGE('',*,*,#2923,.F.);
#4150=ORIENTED_EDGE('',*,*,#2924,.F.);
#4151=ORIENTED_EDGE('',*,*,#2925,.T.);
#4152=ORIENTED_EDGE('',*,*,#2924,.T.);
#4153=ORIENTED_EDGE('',*,*,#2926,.F.);
#4154=ORIENTED_EDGE('',*,*,#2927,.F.);
#4155=ORIENTED_EDGE('',*,*,#2928,.T.);
#4156=ORIENTED_EDGE('',*,*,#2927,.T.);
#4157=ORIENTED_EDGE('',*,*,#2929,.F.);
#4158=ORIENTED_EDGE('',*,*,#2930,.F.);
#4159=ORIENTED_EDGE('',*,*,#2931,.T.);
#4160=ORIENTED_EDGE('',*,*,#2930,.T.);
#4161=ORIENTED_EDGE('',*,*,#2932,.F.);
#4162=ORIENTED_EDGE('',*,*,#2933,.F.);
#4163=ORIENTED_EDGE('',*,*,#2934,.T.);
#4164=ORIENTED_EDGE('',*,*,#2933,.T.);
#4165=ORIENTED_EDGE('',*,*,#2935,.F.);
#4166=ORIENTED_EDGE('',*,*,#2936,.F.);
#4167=ORIENTED_EDGE('',*,*,#2937,.T.);
#4168=ORIENTED_EDGE('',*,*,#2936,.T.);
#4169=ORIENTED_EDGE('',*,*,#2938,.F.);
#4170=ORIENTED_EDGE('',*,*,#2939,.F.);
#4171=ORIENTED_EDGE('',*,*,#2940,.T.);
#4172=ORIENTED_EDGE('',*,*,#2939,.T.);
#4173=ORIENTED_EDGE('',*,*,#2941,.F.);
#4174=ORIENTED_EDGE('',*,*,#2942,.F.);
#4175=ORIENTED_EDGE('',*,*,#2943,.T.);
#4176=ORIENTED_EDGE('',*,*,#2942,.T.);
#4177=ORIENTED_EDGE('',*,*,#2944,.F.);
#4178=ORIENTED_EDGE('',*,*,#2945,.F.);
#4179=ORIENTED_EDGE('',*,*,#2946,.T.);
#4180=ORIENTED_EDGE('',*,*,#2945,.T.);
#4181=ORIENTED_EDGE('',*,*,#2947,.F.);
#4182=ORIENTED_EDGE('',*,*,#2948,.F.);
#4183=ORIENTED_EDGE('',*,*,#2949,.T.);
#4184=ORIENTED_EDGE('',*,*,#2948,.T.);
#4185=ORIENTED_EDGE('',*,*,#2950,.F.);
#4186=ORIENTED_EDGE('',*,*,#2951,.F.);
#4187=ORIENTED_EDGE('',*,*,#2952,.T.);
#4188=ORIENTED_EDGE('',*,*,#2951,.T.);
#4189=ORIENTED_EDGE('',*,*,#2953,.F.);
#4190=ORIENTED_EDGE('',*,*,#2954,.F.);
#4191=ORIENTED_EDGE('',*,*,#2955,.T.);
#4192=ORIENTED_EDGE('',*,*,#2954,.T.);
#4193=ORIENTED_EDGE('',*,*,#2956,.F.);
#4194=ORIENTED_EDGE('',*,*,#2892,.F.);
#4195=ORIENTED_EDGE('',*,*,#2956,.T.);
#4196=ORIENTED_EDGE('',*,*,#2953,.T.);
#4197=ORIENTED_EDGE('',*,*,#2950,.T.);
#4198=ORIENTED_EDGE('',*,*,#2947,.T.);
#4199=ORIENTED_EDGE('',*,*,#2944,.T.);
#4200=ORIENTED_EDGE('',*,*,#2941,.T.);
#4201=ORIENTED_EDGE('',*,*,#2938,.T.);
#4202=ORIENTED_EDGE('',*,*,#2935,.T.);
#4203=ORIENTED_EDGE('',*,*,#2932,.T.);
#4204=ORIENTED_EDGE('',*,*,#2929,.T.);
#4205=ORIENTED_EDGE('',*,*,#2926,.T.);
#4206=ORIENTED_EDGE('',*,*,#2923,.T.);
#4207=ORIENTED_EDGE('',*,*,#2920,.T.);
#4208=ORIENTED_EDGE('',*,*,#2917,.T.);
#4209=ORIENTED_EDGE('',*,*,#2914,.T.);
#4210=ORIENTED_EDGE('',*,*,#2911,.T.);
#4211=ORIENTED_EDGE('',*,*,#2908,.T.);
#4212=ORIENTED_EDGE('',*,*,#2905,.T.);
#4213=ORIENTED_EDGE('',*,*,#2902,.T.);
#4214=ORIENTED_EDGE('',*,*,#2899,.T.);
#4215=ORIENTED_EDGE('',*,*,#2896,.T.);
#4216=ORIENTED_EDGE('',*,*,#2893,.T.);
#4217=ORIENTED_EDGE('',*,*,#2872,.T.);
#4218=ORIENTED_EDGE('',*,*,#2876,.T.);
#4219=ORIENTED_EDGE('',*,*,#2879,.T.);
#4220=ORIENTED_EDGE('',*,*,#2882,.T.);
#4221=ORIENTED_EDGE('',*,*,#2885,.T.);
#4222=ORIENTED_EDGE('',*,*,#2888,.T.);
#4223=ORIENTED_EDGE('',*,*,#2890,.T.);
#4224=ORIENTED_EDGE('',*,*,#2955,.F.);
#4225=ORIENTED_EDGE('',*,*,#2891,.F.);
#4226=ORIENTED_EDGE('',*,*,#2895,.F.);
#4227=ORIENTED_EDGE('',*,*,#2898,.F.);
#4228=ORIENTED_EDGE('',*,*,#2901,.F.);
#4229=ORIENTED_EDGE('',*,*,#2904,.F.);
#4230=ORIENTED_EDGE('',*,*,#2907,.F.);
#4231=ORIENTED_EDGE('',*,*,#2910,.F.);
#4232=ORIENTED_EDGE('',*,*,#2913,.F.);
#4233=ORIENTED_EDGE('',*,*,#2916,.F.);
#4234=ORIENTED_EDGE('',*,*,#2919,.F.);
#4235=ORIENTED_EDGE('',*,*,#2922,.F.);
#4236=ORIENTED_EDGE('',*,*,#2925,.F.);
#4237=ORIENTED_EDGE('',*,*,#2928,.F.);
#4238=ORIENTED_EDGE('',*,*,#2931,.F.);
#4239=ORIENTED_EDGE('',*,*,#2934,.F.);
#4240=ORIENTED_EDGE('',*,*,#2937,.F.);
#4241=ORIENTED_EDGE('',*,*,#2940,.F.);
#4242=ORIENTED_EDGE('',*,*,#2943,.F.);
#4243=ORIENTED_EDGE('',*,*,#2946,.F.);
#4244=ORIENTED_EDGE('',*,*,#2949,.F.);
#4245=ORIENTED_EDGE('',*,*,#2952,.F.);
#4246=ORIENTED_EDGE('',*,*,#2870,.T.);
#4247=ORIENTED_EDGE('',*,*,#2889,.T.);
#4248=ORIENTED_EDGE('',*,*,#2886,.T.);
#4249=ORIENTED_EDGE('',*,*,#2883,.T.);
#4250=ORIENTED_EDGE('',*,*,#2880,.T.);
#4251=ORIENTED_EDGE('',*,*,#2877,.T.);
#4252=ORIENTED_EDGE('',*,*,#2874,.T.);
#4253=ORIENTED_EDGE('',*,*,#2957,.F.);
#4254=ORIENTED_EDGE('',*,*,#2958,.T.);
#4255=ORIENTED_EDGE('',*,*,#2959,.F.);
#4256=ORIENTED_EDGE('',*,*,#2960,.F.);
#4257=ORIENTED_EDGE('',*,*,#2961,.F.);
#4258=ORIENTED_EDGE('',*,*,#2962,.T.);
#4259=ORIENTED_EDGE('',*,*,#2963,.F.);
#4260=ORIENTED_EDGE('',*,*,#2958,.F.);
#4261=ORIENTED_EDGE('',*,*,#2964,.F.);
#4262=ORIENTED_EDGE('',*,*,#2965,.T.);
#4263=ORIENTED_EDGE('',*,*,#2966,.F.);
#4264=ORIENTED_EDGE('',*,*,#2962,.F.);
#4265=ORIENTED_EDGE('',*,*,#2967,.F.);
#4266=ORIENTED_EDGE('',*,*,#2968,.T.);
#4267=ORIENTED_EDGE('',*,*,#2969,.F.);
#4268=ORIENTED_EDGE('',*,*,#2965,.F.);
#4269=ORIENTED_EDGE('',*,*,#2970,.F.);
#4270=ORIENTED_EDGE('',*,*,#2971,.T.);
#4271=ORIENTED_EDGE('',*,*,#2972,.F.);
#4272=ORIENTED_EDGE('',*,*,#2968,.F.);
#4273=ORIENTED_EDGE('',*,*,#2973,.F.);
#4274=ORIENTED_EDGE('',*,*,#2974,.T.);
#4275=ORIENTED_EDGE('',*,*,#2975,.F.);
#4276=ORIENTED_EDGE('',*,*,#2971,.F.);
#4277=ORIENTED_EDGE('',*,*,#2976,.F.);
#4278=ORIENTED_EDGE('',*,*,#2960,.T.);
#4279=ORIENTED_EDGE('',*,*,#2977,.F.);
#4280=ORIENTED_EDGE('',*,*,#2974,.F.);
#4281=ORIENTED_EDGE('',*,*,#2978,.T.);
#4282=ORIENTED_EDGE('',*,*,#2979,.T.);
#4283=ORIENTED_EDGE('',*,*,#2980,.F.);
#4284=ORIENTED_EDGE('',*,*,#2981,.F.);
#4285=ORIENTED_EDGE('',*,*,#2982,.T.);
#4286=ORIENTED_EDGE('',*,*,#2981,.T.);
#4287=ORIENTED_EDGE('',*,*,#2983,.F.);
#4288=ORIENTED_EDGE('',*,*,#2984,.F.);
#4289=ORIENTED_EDGE('',*,*,#2985,.T.);
#4290=ORIENTED_EDGE('',*,*,#2984,.T.);
#4291=ORIENTED_EDGE('',*,*,#2986,.F.);
#4292=ORIENTED_EDGE('',*,*,#2987,.F.);
#4293=ORIENTED_EDGE('',*,*,#2988,.T.);
#4294=ORIENTED_EDGE('',*,*,#2987,.T.);
#4295=ORIENTED_EDGE('',*,*,#2989,.F.);
#4296=ORIENTED_EDGE('',*,*,#2990,.F.);
#4297=ORIENTED_EDGE('',*,*,#2991,.T.);
#4298=ORIENTED_EDGE('',*,*,#2990,.T.);
#4299=ORIENTED_EDGE('',*,*,#2992,.F.);
#4300=ORIENTED_EDGE('',*,*,#2993,.F.);
#4301=ORIENTED_EDGE('',*,*,#2994,.T.);
#4302=ORIENTED_EDGE('',*,*,#2993,.T.);
#4303=ORIENTED_EDGE('',*,*,#2995,.F.);
#4304=ORIENTED_EDGE('',*,*,#2996,.F.);
#4305=ORIENTED_EDGE('',*,*,#2997,.T.);
#4306=ORIENTED_EDGE('',*,*,#2996,.T.);
#4307=ORIENTED_EDGE('',*,*,#2998,.F.);
#4308=ORIENTED_EDGE('',*,*,#2999,.F.);
#4309=ORIENTED_EDGE('',*,*,#3000,.T.);
#4310=ORIENTED_EDGE('',*,*,#2999,.T.);
#4311=ORIENTED_EDGE('',*,*,#3001,.F.);
#4312=ORIENTED_EDGE('',*,*,#3002,.F.);
#4313=ORIENTED_EDGE('',*,*,#3003,.T.);
#4314=ORIENTED_EDGE('',*,*,#3002,.T.);
#4315=ORIENTED_EDGE('',*,*,#3004,.F.);
#4316=ORIENTED_EDGE('',*,*,#2979,.F.);
#4317=ORIENTED_EDGE('',*,*,#3004,.T.);
#4318=ORIENTED_EDGE('',*,*,#3001,.T.);
#4319=ORIENTED_EDGE('',*,*,#2998,.T.);
#4320=ORIENTED_EDGE('',*,*,#2995,.T.);
#4321=ORIENTED_EDGE('',*,*,#2992,.T.);
#4322=ORIENTED_EDGE('',*,*,#2989,.T.);
#4323=ORIENTED_EDGE('',*,*,#2986,.T.);
#4324=ORIENTED_EDGE('',*,*,#2983,.T.);
#4325=ORIENTED_EDGE('',*,*,#2980,.T.);
#4326=ORIENTED_EDGE('',*,*,#2959,.T.);
#4327=ORIENTED_EDGE('',*,*,#2963,.T.);
#4328=ORIENTED_EDGE('',*,*,#2966,.T.);
#4329=ORIENTED_EDGE('',*,*,#2969,.T.);
#4330=ORIENTED_EDGE('',*,*,#2972,.T.);
#4331=ORIENTED_EDGE('',*,*,#2975,.T.);
#4332=ORIENTED_EDGE('',*,*,#2977,.T.);
#4333=ORIENTED_EDGE('',*,*,#3003,.F.);
#4334=ORIENTED_EDGE('',*,*,#2978,.F.);
#4335=ORIENTED_EDGE('',*,*,#2982,.F.);
#4336=ORIENTED_EDGE('',*,*,#2985,.F.);
#4337=ORIENTED_EDGE('',*,*,#2988,.F.);
#4338=ORIENTED_EDGE('',*,*,#2991,.F.);
#4339=ORIENTED_EDGE('',*,*,#2994,.F.);
#4340=ORIENTED_EDGE('',*,*,#2997,.F.);
#4341=ORIENTED_EDGE('',*,*,#3000,.F.);
#4342=ORIENTED_EDGE('',*,*,#2957,.T.);
#4343=ORIENTED_EDGE('',*,*,#2976,.T.);
#4344=ORIENTED_EDGE('',*,*,#2973,.T.);
#4345=ORIENTED_EDGE('',*,*,#2970,.T.);
#4346=ORIENTED_EDGE('',*,*,#2967,.T.);
#4347=ORIENTED_EDGE('',*,*,#2964,.T.);
#4348=ORIENTED_EDGE('',*,*,#2961,.T.);
#4349=CYLINDRICAL_SURFACE('',#4632,0.01);
#4350=CYLINDRICAL_SURFACE('',#4640,0.01);
#4351=CYLINDRICAL_SURFACE('',#4643,0.01);
#4352=CYLINDRICAL_SURFACE('',#4645,0.01);
#4353=CYLINDRICAL_SURFACE('',#4661,0.01);
#4354=CYLINDRICAL_SURFACE('',#4671,0.01);
#4355=CYLINDRICAL_SURFACE('',#4674,0.01);
#4356=CYLINDRICAL_SURFACE('',#4676,0.01);
#4357=CYLINDRICAL_SURFACE('',#4679,0.02);
#4358=CYLINDRICAL_SURFACE('',#4682,0.02);
#4359=CYLINDRICAL_SURFACE('',#4693,0.01);
#4360=CYLINDRICAL_SURFACE('',#4696,0.01);
#4361=CYLINDRICAL_SURFACE('',#4700,0.01);
#4362=CYLINDRICAL_SURFACE('',#4708,0.01);
#4363=CYLINDRICAL_SURFACE('',#4710,0.02);
#4364=CYLINDRICAL_SURFACE('',#4713,0.02);
#4365=ADVANCED_FACE('',(#553),#4349,.T.);
#4366=ADVANCED_FACE('',(#554),#440,.T.);
#4367=ADVANCED_FACE('',(#555),#441,.T.);
#4368=ADVANCED_FACE('',(#556),#4350,.T.);
#4369=ADVANCED_FACE('',(#557),#442,.T.);
#4370=ADVANCED_FACE('',(#558),#4351,.T.);
#4371=ADVANCED_FACE('',(#559),#4352,.T.);
#4372=ADVANCED_FACE('',(#560),#443,.T.);
#4373=ADVANCED_FACE('',(#561),#444,.T.);
#4374=ADVANCED_FACE('',(#562),#445,.T.);
#4375=ADVANCED_FACE('',(#563),#446,.F.);
#4376=ADVANCED_FACE('',(#564),#447,.T.);
#4377=ADVANCED_FACE('',(#565),#448,.T.);
#4378=ADVANCED_FACE('',(#566),#449,.T.);
#4379=ADVANCED_FACE('',(#567),#450,.F.);
#4380=ADVANCED_FACE('',(#568),#451,.T.);
#4381=ADVANCED_FACE('',(#569),#452,.T.);
#4382=ADVANCED_FACE('',(#570),#453,.F.);
#4383=ADVANCED_FACE('',(#571),#454,.F.);
#4384=ADVANCED_FACE('',(#572),#4353,.T.);
#4385=ADVANCED_FACE('',(#573),#455,.F.);
#4386=ADVANCED_FACE('',(#574),#456,.T.);
#4387=ADVANCED_FACE('',(#575),#4354,.T.);
#4388=ADVANCED_FACE('',(#576),#457,.F.);
#4389=ADVANCED_FACE('',(#577),#4355,.F.);
#4390=ADVANCED_FACE('',(#578),#4356,.F.);
#4391=ADVANCED_FACE('',(#579),#458,.F.);
#4392=ADVANCED_FACE('',(#580),#4357,.T.);
#4393=ADVANCED_FACE('',(#581),#459,.T.);
#4394=ADVANCED_FACE('',(#582),#4358,.T.);
#4395=ADVANCED_FACE('',(#583),#460,.F.);
#4396=ADVANCED_FACE('',(#584),#461,.F.);
#4397=ADVANCED_FACE('',(#585),#462,.F.);
#4398=ADVANCED_FACE('',(#586),#463,.F.);
#4399=ADVANCED_FACE('',(#587),#464,.T.);
#4400=ADVANCED_FACE('',(#588),#465,.T.);
#4401=ADVANCED_FACE('',(#589),#466,.T.);
#4402=ADVANCED_FACE('',(#590),#467,.F.);
#4403=ADVANCED_FACE('',(#591),#468,.F.);
#4404=ADVANCED_FACE('',(#592),#4359,.F.);
#4405=ADVANCED_FACE('',(#593),#4360,.F.);
#4406=ADVANCED_FACE('',(#594),#469,.F.);
#4407=ADVANCED_FACE('',(#595),#4361,.T.);
#4408=ADVANCED_FACE('',(#596),#470,.F.);
#4409=ADVANCED_FACE('',(#597),#471,.T.);
#4410=ADVANCED_FACE('',(#598),#4362,.T.);
#4411=ADVANCED_FACE('',(#599),#4363,.T.);
#4412=ADVANCED_FACE('',(#600),#472,.T.);
#4413=ADVANCED_FACE('',(#601),#4364,.T.);
#4414=ADVANCED_FACE('',(#602),#473,.F.);
#4415=ADVANCED_FACE('',(#603),#474,.F.);
#4416=ADVANCED_FACE('',(#604),#475,.F.);
#4417=ADVANCED_FACE('',(#605),#476,.F.);
#4418=ADVANCED_FACE('',(#606),#477,.F.);
#4419=ADVANCED_FACE('',(#607),#478,.T.);
#4420=ADVANCED_FACE('',(#608),#479,.F.);
#4421=ADVANCED_FACE('',(#609),#480,.T.);
#4422=ADVANCED_FACE('',(#610),#481,.F.);
#4423=ADVANCED_FACE('',(#611),#281,.F.);
#4424=ADVANCED_FACE('',(#612),#282,.F.);
#4425=ADVANCED_FACE('',(#613),#283,.F.);
#4426=ADVANCED_FACE('',(#614),#284,.F.);
#4427=ADVANCED_FACE('',(#615),#285,.F.);
#4428=ADVANCED_FACE('',(#616),#286,.F.);
#4429=ADVANCED_FACE('',(#617),#287,.F.);
#4430=ADVANCED_FACE('',(#618),#288,.T.);
#4431=ADVANCED_FACE('',(#619),#289,.T.);
#4432=ADVANCED_FACE('',(#620),#290,.T.);
#4433=ADVANCED_FACE('',(#621),#291,.T.);
#4434=ADVANCED_FACE('',(#622),#292,.T.);
#4435=ADVANCED_FACE('',(#623),#293,.T.);
#4436=ADVANCED_FACE('',(#624),#294,.T.);
#4437=ADVANCED_FACE('',(#625),#295,.T.);
#4438=ADVANCED_FACE('',(#626,#27),#482,.F.);
#4439=ADVANCED_FACE('',(#627,#28),#483,.T.);
#4440=ADVANCED_FACE('',(#628),#484,.F.);
#4441=ADVANCED_FACE('',(#629),#296,.F.);
#4442=ADVANCED_FACE('',(#630),#297,.F.);
#4443=ADVANCED_FACE('',(#631),#298,.F.);
#4444=ADVANCED_FACE('',(#632),#299,.F.);
#4445=ADVANCED_FACE('',(#633),#485,.F.);
#4446=ADVANCED_FACE('',(#634),#300,.F.);
#4447=ADVANCED_FACE('',(#635),#301,.T.);
#4448=ADVANCED_FACE('',(#636),#302,.T.);
#4449=ADVANCED_FACE('',(#637),#486,.T.);
#4450=ADVANCED_FACE('',(#638),#303,.T.);
#4451=ADVANCED_FACE('',(#639),#304,.T.);
#4452=ADVANCED_FACE('',(#640),#305,.T.);
#4453=ADVANCED_FACE('',(#641),#306,.T.);
#4454=ADVANCED_FACE('',(#642),#307,.T.);
#4455=ADVANCED_FACE('',(#643),#308,.T.);
#4456=ADVANCED_FACE('',(#644),#487,.T.);
#4457=ADVANCED_FACE('',(#645),#309,.T.);
#4458=ADVANCED_FACE('',(#646),#310,.T.);
#4459=ADVANCED_FACE('',(#647),#311,.T.);
#4460=ADVANCED_FACE('',(#648),#312,.T.);
#4461=ADVANCED_FACE('',(#649),#313,.T.);
#4462=ADVANCED_FACE('',(#650),#488,.T.);
#4463=ADVANCED_FACE('',(#651),#314,.T.);
#4464=ADVANCED_FACE('',(#652),#489,.T.);
#4465=ADVANCED_FACE('',(#653),#490,.T.);
#4466=ADVANCED_FACE('',(#654),#315,.T.);
#4467=ADVANCED_FACE('',(#655),#316,.T.);
#4468=ADVANCED_FACE('',(#656),#317,.T.);
#4469=ADVANCED_FACE('',(#657,#29),#491,.T.);
#4470=ADVANCED_FACE('',(#658,#30),#492,.F.);
#4471=ADVANCED_FACE('',(#659),#493,.T.);
#4472=ADVANCED_FACE('',(#660),#494,.T.);
#4473=ADVANCED_FACE('',(#661),#495,.T.);
#4474=ADVANCED_FACE('',(#662),#318,.T.);
#4475=ADVANCED_FACE('',(#663),#319,.T.);
#4476=ADVANCED_FACE('',(#664),#320,.T.);
#4477=ADVANCED_FACE('',(#665),#496,.T.);
#4478=ADVANCED_FACE('',(#666),#497,.T.);
#4479=ADVANCED_FACE('',(#667),#498,.T.);
#4480=ADVANCED_FACE('',(#668),#321,.T.);
#4481=ADVANCED_FACE('',(#669),#322,.T.);
#4482=ADVANCED_FACE('',(#670),#323,.T.);
#4483=ADVANCED_FACE('',(#671),#324,.T.);
#4484=ADVANCED_FACE('',(#672),#499,.T.);
#4485=ADVANCED_FACE('',(#673),#500,.T.);
#4486=ADVANCED_FACE('',(#674),#501,.T.);
#4487=ADVANCED_FACE('',(#675),#502,.F.);
#4488=ADVANCED_FACE('',(#676),#325,.T.);
#4489=ADVANCED_FACE('',(#677),#326,.T.);
#4490=ADVANCED_FACE('',(#678),#327,.T.);
#4491=ADVANCED_FACE('',(#679),#328,.T.);
#4492=ADVANCED_FACE('',(#680),#329,.T.);
#4493=ADVANCED_FACE('',(#681),#330,.T.);
#4494=ADVANCED_FACE('',(#682),#503,.T.);
#4495=ADVANCED_FACE('',(#683),#331,.T.);
#4496=ADVANCED_FACE('',(#684),#332,.T.);
#4497=ADVANCED_FACE('',(#685),#333,.T.);
#4498=ADVANCED_FACE('',(#686),#334,.T.);
#4499=ADVANCED_FACE('',(#687),#335,.T.);
#4500=ADVANCED_FACE('',(#688),#336,.T.);
#4501=ADVANCED_FACE('',(#689),#337,.T.);
#4502=ADVANCED_FACE('',(#690),#338,.T.);
#4503=ADVANCED_FACE('',(#691),#339,.T.);
#4504=ADVANCED_FACE('',(#692),#340,.T.);
#4505=ADVANCED_FACE('',(#693),#341,.T.);
#4506=ADVANCED_FACE('',(#694),#504,.T.);
#4507=ADVANCED_FACE('',(#695),#342,.T.);
#4508=ADVANCED_FACE('',(#696),#505,.F.);
#4509=ADVANCED_FACE('',(#697),#506,.T.);
#4510=ADVANCED_FACE('',(#698),#507,.T.);
#4511=ADVANCED_FACE('',(#699),#508,.T.);
#4512=ADVANCED_FACE('',(#700),#509,.T.);
#4513=ADVANCED_FACE('',(#701),#510,.T.);
#4514=ADVANCED_FACE('',(#702),#511,.T.);
#4515=ADVANCED_FACE('',(#703),#512,.F.);
#4516=ADVANCED_FACE('',(#704),#513,.T.);
#4517=ADVANCED_FACE('',(#705),#514,.T.);
#4518=ADVANCED_FACE('',(#706),#515,.T.);
#4519=ADVANCED_FACE('',(#707),#516,.T.);
#4520=ADVANCED_FACE('',(#708),#517,.T.);
#4521=ADVANCED_FACE('',(#709),#518,.F.);
#4522=ADVANCED_FACE('',(#710),#343,.T.);
#4523=ADVANCED_FACE('',(#711),#344,.T.);
#4524=ADVANCED_FACE('',(#712),#345,.T.);
#4525=ADVANCED_FACE('',(#713),#346,.T.);
#4526=ADVANCED_FACE('',(#714),#519,.T.);
#4527=ADVANCED_FACE('',(#715),#347,.T.);
#4528=ADVANCED_FACE('',(#716),#348,.T.);
#4529=ADVANCED_FACE('',(#717),#349,.T.);
#4530=ADVANCED_FACE('',(#718),#350,.T.);
#4531=ADVANCED_FACE('',(#719),#351,.T.);
#4532=ADVANCED_FACE('',(#720),#352,.T.);
#4533=ADVANCED_FACE('',(#721),#353,.T.);
#4534=ADVANCED_FACE('',(#722),#520,.T.);
#4535=ADVANCED_FACE('',(#723),#354,.T.);
#4536=ADVANCED_FACE('',(#724),#355,.T.);
#4537=ADVANCED_FACE('',(#725),#356,.T.);
#4538=ADVANCED_FACE('',(#726),#357,.T.);
#4539=ADVANCED_FACE('',(#727),#358,.T.);
#4540=ADVANCED_FACE('',(#728),#359,.T.);
#4541=ADVANCED_FACE('',(#729),#360,.T.);
#4542=ADVANCED_FACE('',(#730),#361,.T.);
#4543=ADVANCED_FACE('',(#731),#362,.T.);
#4544=ADVANCED_FACE('',(#732),#363,.T.);
#4545=ADVANCED_FACE('',(#733),#364,.T.);
#4546=ADVANCED_FACE('',(#734),#365,.T.);
#4547=ADVANCED_FACE('',(#735),#521,.T.);
#4548=ADVANCED_FACE('',(#736),#366,.T.);
#4549=ADVANCED_FACE('',(#737),#522,.T.);
#4550=ADVANCED_FACE('',(#738),#523,.F.);
#4551=ADVANCED_FACE('',(#739),#524,.T.);
#4552=ADVANCED_FACE('',(#740),#525,.T.);
#4553=ADVANCED_FACE('',(#741),#526,.T.);
#4554=ADVANCED_FACE('',(#742),#367,.T.);
#4555=ADVANCED_FACE('',(#743),#368,.T.);
#4556=ADVANCED_FACE('',(#744),#369,.T.);
#4557=ADVANCED_FACE('',(#745),#527,.T.);
#4558=ADVANCED_FACE('',(#746),#528,.T.);
#4559=ADVANCED_FACE('',(#747),#529,.T.);
#4560=ADVANCED_FACE('',(#748),#370,.T.);
#4561=ADVANCED_FACE('',(#749),#371,.T.);
#4562=ADVANCED_FACE('',(#750),#372,.T.);
#4563=ADVANCED_FACE('',(#751),#373,.T.);
#4564=ADVANCED_FACE('',(#752),#530,.T.);
#4565=ADVANCED_FACE('',(#753),#531,.T.);
#4566=ADVANCED_FACE('',(#754),#532,.T.);
#4567=ADVANCED_FACE('',(#755),#533,.F.);
#4568=ADVANCED_FACE('',(#756),#374,.F.);
#4569=ADVANCED_FACE('',(#757),#375,.F.);
#4570=ADVANCED_FACE('',(#758),#376,.F.);
#4571=ADVANCED_FACE('',(#759),#377,.F.);
#4572=ADVANCED_FACE('',(#760),#534,.F.);
#4573=ADVANCED_FACE('',(#761),#378,.F.);
#4574=ADVANCED_FACE('',(#762),#535,.F.);
#4575=ADVANCED_FACE('',(#763),#536,.T.);
#4576=ADVANCED_FACE('',(#764),#379,.T.);
#4577=ADVANCED_FACE('',(#765),#380,.T.);
#4578=ADVANCED_FACE('',(#766),#381,.T.);
#4579=ADVANCED_FACE('',(#767),#382,.T.);
#4580=ADVANCED_FACE('',(#768),#383,.T.);
#4581=ADVANCED_FACE('',(#769),#384,.T.);
#4582=ADVANCED_FACE('',(#770),#537,.T.);
#4583=ADVANCED_FACE('',(#771),#385,.T.);
#4584=ADVANCED_FACE('',(#772),#386,.T.);
#4585=ADVANCED_FACE('',(#773),#387,.T.);
#4586=ADVANCED_FACE('',(#774),#388,.T.);
#4587=ADVANCED_FACE('',(#775),#389,.T.);
#4588=ADVANCED_FACE('',(#776),#538,.T.);
#4589=ADVANCED_FACE('',(#777),#390,.T.);
#4590=ADVANCED_FACE('',(#778),#539,.T.);
#4591=ADVANCED_FACE('',(#779),#540,.T.);
#4592=ADVANCED_FACE('',(#780),#391,.T.);
#4593=ADVANCED_FACE('',(#781),#392,.T.);
#4594=ADVANCED_FACE('',(#782),#393,.T.);
#4595=ADVANCED_FACE('',(#783),#394,.T.);
#4596=ADVANCED_FACE('',(#784),#395,.T.);
#4597=ADVANCED_FACE('',(#785,#31),#541,.T.);
#4598=ADVANCED_FACE('',(#786,#32),#542,.F.);
#4599=ADVANCED_FACE('',(#787),#543,.F.);
#4600=ADVANCED_FACE('',(#788),#544,.F.);
#4601=ADVANCED_FACE('',(#789),#545,.F.);
#4602=ADVANCED_FACE('',(#790),#396,.F.);
#4603=ADVANCED_FACE('',(#791),#397,.F.);
#4604=ADVANCED_FACE('',(#792),#398,.F.);
#4605=ADVANCED_FACE('',(#793),#399,.F.);
#4606=ADVANCED_FACE('',(#794),#400,.T.);
#4607=ADVANCED_FACE('',(#795),#401,.T.);
#4608=ADVANCED_FACE('',(#796),#402,.T.);
#4609=ADVANCED_FACE('',(#797),#546,.T.);
#4610=ADVANCED_FACE('',(#798),#547,.T.);
#4611=ADVANCED_FACE('',(#799),#548,.T.);
#4612=ADVANCED_FACE('',(#800),#549,.T.);
#4613=ADVANCED_FACE('',(#801),#550,.T.);
#4614=ADVANCED_FACE('',(#802),#403,.T.);
#4615=ADVANCED_FACE('',(#803,#33),#551,.T.);
#4616=ADVANCED_FACE('',(#804,#34),#552,.F.);
#4617=CLOSED_SHELL('',(#4365,#4366,#4367,#4368,#4369,#4370,#4371,#4372,
#4373,#4374));
#4618=CLOSED_SHELL('',(#4375,#4376,#4377,#4378,#4379,#4380));
#4619=CLOSED_SHELL('',(#4381,#4382,#4383,#4384,#4385,#4386,#4387,#4388,
#4389,#4390,#4391,#4392,#4393,#4394,#4395,#4396,#4397,#4398,#4399,#4400));
#4620=CLOSED_SHELL('',(#4401,#4402,#4403,#4404,#4405,#4406,#4407,#4408,
#4409,#4410,#4411,#4412,#4413,#4414,#4415,#4416,#4417,#4418,#4419,#4420,
#4421,#4422));
#4621=CLOSED_SHELL('',(#4423,#4424,#4425,#4426,#4427,#4428,#4429,#4430,
#4431,#4432,#4433,#4434,#4435,#4436,#4437,#4438,#4439));
#4622=CLOSED_SHELL('',(#4440,#4441,#4442,#4443,#4444,#4445,#4446,#4447,
#4448,#4449,#4450,#4451,#4452,#4453,#4454,#4455,#4456,#4457,#4458,#4459,
#4460,#4461,#4462,#4463,#4464,#4465,#4466,#4467,#4468,#4469,#4470));
#4623=CLOSED_SHELL('',(#4471,#4472,#4473,#4474,#4475,#4476,#4477,#4478,
#4479,#4480,#4481,#4482,#4483,#4484,#4485,#4486,#4487));
#4624=CLOSED_SHELL('',(#4488,#4489,#4490,#4491,#4492,#4493,#4494,#4495,
#4496,#4497,#4498,#4499,#4500,#4501,#4502,#4503,#4504,#4505,#4506,#4507,
#4508,#4509));
#4625=CLOSED_SHELL('',(#4510,#4511,#4512,#4513,#4514,#4515));
#4626=CLOSED_SHELL('',(#4516,#4517,#4518,#4519,#4520,#4521));
#4627=CLOSED_SHELL('',(#4522,#4523,#4524,#4525,#4526,#4527,#4528,#4529,
#4530,#4531,#4532,#4533,#4534,#4535,#4536,#4537,#4538,#4539,#4540,#4541,
#4542,#4543,#4544,#4545,#4546,#4547,#4548,#4549,#4550));
#4628=CLOSED_SHELL('',(#4551,#4552,#4553,#4554,#4555,#4556,#4557,#4558,
#4559,#4560,#4561,#4562,#4563,#4564,#4565,#4566,#4567));
#4629=CLOSED_SHELL('',(#4568,#4569,#4570,#4571,#4572,#4573,#4574,#4575,
#4576,#4577,#4578,#4579,#4580,#4581,#4582,#4583,#4584,#4585,#4586,#4587,
#4588,#4589,#4590,#4591,#4592,#4593,#4594,#4595,#4596,#4597,#4598));
#4630=CLOSED_SHELL('',(#4599,#4600,#4601,#4602,#4603,#4604,#4605,#4606,
#4607,#4608,#4609,#4610,#4611,#4612,#4613,#4614,#4615,#4616));
#4631=AXIS2_PLACEMENT_3D('placement',#5535,#4801,#4802);
#4632=AXIS2_PLACEMENT_3D('',#5536,#4803,#4804);
#4633=AXIS2_PLACEMENT_3D('',#5539,#4805,#4806);
#4634=AXIS2_PLACEMENT_3D('',#5543,#4808,#4809);
#4635=AXIS2_PLACEMENT_3D('',#5545,#4811,#4812);
#4636=AXIS2_PLACEMENT_3D('',#5551,#4816,#4817);
#4637=AXIS2_PLACEMENT_3D('',#5555,#4819,#4820);
#4638=AXIS2_PLACEMENT_3D('',#5559,#4822,#4823);
#4639=AXIS2_PLACEMENT_3D('',#5562,#4825,#4826);
#4640=AXIS2_PLACEMENT_3D('',#5563,#4827,#4828);
#4641=AXIS2_PLACEMENT_3D('',#5566,#4829,#4830);
#4642=AXIS2_PLACEMENT_3D('',#5569,#4833,#4834);
#4643=AXIS2_PLACEMENT_3D('',#5573,#4837,#4838);
#4644=AXIS2_PLACEMENT_3D('',#5575,#4839,#4840);
#4645=AXIS2_PLACEMENT_3D('',#5577,#4842,#4843);
#4646=AXIS2_PLACEMENT_3D('',#5579,#4844,#4845);
#4647=AXIS2_PLACEMENT_3D('',#5581,#4847,#4848);
#4648=AXIS2_PLACEMENT_3D('',#5583,#4850,#4851);
#4649=AXIS2_PLACEMENT_3D('',#5585,#4853,#4854);
#4650=AXIS2_PLACEMENT_3D('placement',#5586,#4855,#4856);
#4651=AXIS2_PLACEMENT_3D('',#5587,#4857,#4858);
#4652=AXIS2_PLACEMENT_3D('',#5596,#4863,#4864);
#4653=AXIS2_PLACEMENT_3D('',#5605,#4869,#4870);
#4654=AXIS2_PLACEMENT_3D('',#5608,#4873,#4874);
#4655=AXIS2_PLACEMENT_3D('',#5610,#4876,#4877);
#4656=AXIS2_PLACEMENT_3D('',#5612,#4879,#4880);
#4657=AXIS2_PLACEMENT_3D('placement',#5613,#4881,#4882);
#4658=AXIS2_PLACEMENT_3D('',#5614,#4883,#4884);
#4659=AXIS2_PLACEMENT_3D('',#5623,#4889,#4890);
#4660=AXIS2_PLACEMENT_3D('',#5629,#4894,#4895);
#4661=AXIS2_PLACEMENT_3D('',#5641,#4902,#4903);
#4662=AXIS2_PLACEMENT_3D('',#5644,#4904,#4905);
#4663=AXIS2_PLACEMENT_3D('',#5648,#4907,#4908);
#4664=AXIS2_PLACEMENT_3D('',#5650,#4910,#4911);
#4665=AXIS2_PLACEMENT_3D('',#5656,#4915,#4916);
#4666=AXIS2_PLACEMENT_3D('',#5660,#4918,#4919);
#4667=AXIS2_PLACEMENT_3D('',#5664,#4921,#4922);
#4668=AXIS2_PLACEMENT_3D('',#5669,#4925,#4926);
#4669=AXIS2_PLACEMENT_3D('',#5673,#4928,#4929);
#4670=AXIS2_PLACEMENT_3D('',#5676,#4931,#4932);
#4671=AXIS2_PLACEMENT_3D('',#5677,#4933,#4934);
#4672=AXIS2_PLACEMENT_3D('',#5680,#4936,#4937);
#4673=AXIS2_PLACEMENT_3D('',#5681,#4938,#4939);
#4674=AXIS2_PLACEMENT_3D('',#5685,#4942,#4943);
#4675=AXIS2_PLACEMENT_3D('',#5687,#4944,#4945);
#4676=AXIS2_PLACEMENT_3D('',#5689,#4947,#4948);
#4677=AXIS2_PLACEMENT_3D('',#5692,#4950,#4951);
#4678=AXIS2_PLACEMENT_3D('',#5693,#4952,#4953);
#4679=AXIS2_PLACEMENT_3D('',#5695,#4955,#4956);
#4680=AXIS2_PLACEMENT_3D('',#5698,#4957,#4958);
#4681=AXIS2_PLACEMENT_3D('',#5701,#4961,#4962);
#4682=AXIS2_PLACEMENT_3D('',#5705,#4965,#4966);
#4683=AXIS2_PLACEMENT_3D('',#5707,#4967,#4968);
#4684=AXIS2_PLACEMENT_3D('',#5709,#4970,#4971);
#4685=AXIS2_PLACEMENT_3D('',#5711,#4973,#4974);
#4686=AXIS2_PLACEMENT_3D('',#5715,#4977,#4978);
#4687=AXIS2_PLACEMENT_3D('',#5719,#4981,#4982);
#4688=AXIS2_PLACEMENT_3D('',#5721,#4984,#4985);
#4689=AXIS2_PLACEMENT_3D('',#5723,#4987,#4988);
#4690=AXIS2_PLACEMENT_3D('',#5724,#4989,#4990);
#4691=AXIS2_PLACEMENT_3D('',#5733,#4995,#4996);
#4692=AXIS2_PLACEMENT_3D('',#5739,#5000,#5001);
#4693=AXIS2_PLACEMENT_3D('',#5755,#5010,#5011);
#4694=AXIS2_PLACEMENT_3D('',#5757,#5012,#5013);
#4695=AXIS2_PLACEMENT_3D('',#5759,#5014,#5015);
#4696=AXIS2_PLACEMENT_3D('',#5761,#5017,#5018);
#4697=AXIS2_PLACEMENT_3D('',#5764,#5019,#5020);
#4698=AXIS2_PLACEMENT_3D('',#5768,#5022,#5023);
#4699=AXIS2_PLACEMENT_3D('',#5770,#5025,#5026);
#4700=AXIS2_PLACEMENT_3D('',#5776,#5030,#5031);
#4701=AXIS2_PLACEMENT_3D('',#5779,#5032,#5033);
#4702=AXIS2_PLACEMENT_3D('',#5783,#5035,#5036);
#4703=AXIS2_PLACEMENT_3D('',#5785,#5038,#5039);
#4704=AXIS2_PLACEMENT_3D('',#5791,#5043,#5044);
#4705=AXIS2_PLACEMENT_3D('',#5795,#5046,#5047);
#4706=AXIS2_PLACEMENT_3D('',#5799,#5049,#5050);
#4707=AXIS2_PLACEMENT_3D('',#5804,#5054,#5055);
#4708=AXIS2_PLACEMENT_3D('',#5805,#5056,#5057);
#4709=AXIS2_PLACEMENT_3D('',#5806,#5058,#5059);
#4710=AXIS2_PLACEMENT_3D('',#5807,#5060,#5061);
#4711=AXIS2_PLACEMENT_3D('',#5810,#5062,#5063);
#4712=AXIS2_PLACEMENT_3D('',#5813,#5066,#5067);
#4713=AXIS2_PLACEMENT_3D('',#5817,#5070,#5071);
#4714=AXIS2_PLACEMENT_3D('',#5819,#5072,#5073);
#4715=AXIS2_PLACEMENT_3D('',#5821,#5075,#5076);
#4716=AXIS2_PLACEMENT_3D('',#5827,#5080,#5081);
#4717=AXIS2_PLACEMENT_3D('',#5829,#5083,#5084);
#4718=AXIS2_PLACEMENT_3D('',#5833,#5087,#5088);
#4719=AXIS2_PLACEMENT_3D('',#5837,#5091,#5092);
#4720=AXIS2_PLACEMENT_3D('',#5839,#5094,#5095);
#4721=AXIS2_PLACEMENT_3D('',#5841,#5097,#5098);
#4722=AXIS2_PLACEMENT_3D('',#5843,#5100,#5101);
#4723=AXIS2_PLACEMENT_3D('',#5845,#5103,#5104);
#4724=AXIS2_PLACEMENT_3D('placement',#5846,#5105,#5106);
#4725=AXIS2_PLACEMENT_3D('',#6132,#5122,#5123);
#4726=AXIS2_PLACEMENT_3D('',#6133,#5124,#5125);
#4727=AXIS2_PLACEMENT_3D('',#6134,#5126,#5127);
#4728=AXIS2_PLACEMENT_3D('',#6219,#5136,#5137);
#4729=AXIS2_PLACEMENT_3D('',#6282,#5144,#5145);
#4730=AXIS2_PLACEMENT_3D('',#6402,#5155,#5156);
#4731=AXIS2_PLACEMENT_3D('',#6503,#5165,#5166);
#4732=AXIS2_PLACEMENT_3D('',#6528,#5171,#5172);
#4733=AXIS2_PLACEMENT_3D('',#6534,#5176,#5177);
#4734=AXIS2_PLACEMENT_3D('',#6594,#5183,#5184);
#4735=AXIS2_PLACEMENT_3D('',#6595,#5185,#5186);
#4736=AXIS2_PLACEMENT_3D('',#6596,#5187,#5188);
#4737=AXIS2_PLACEMENT_3D('',#6605,#5193,#5194);
#4738=AXIS2_PLACEMENT_3D('',#6611,#5198,#5199);
#4739=AXIS2_PLACEMENT_3D('',#6674,#5206,#5207);
#4740=AXIS2_PLACEMENT_3D('',#6680,#5211,#5212);
#4741=AXIS2_PLACEMENT_3D('',#6686,#5216,#5217);
#4742=AXIS2_PLACEMENT_3D('',#6768,#5225,#5226);
#4743=AXIS2_PLACEMENT_3D('',#6774,#5230,#5231);
#4744=AXIS2_PLACEMENT_3D('',#6777,#5234,#5235);
#4745=AXIS2_PLACEMENT_3D('',#6778,#5236,#5237);
#4746=AXIS2_PLACEMENT_3D('',#6896,#5245,#5246);
#4747=AXIS2_PLACEMENT_3D('',#7111,#5261,#5262);
#4748=AXIS2_PLACEMENT_3D('',#7133,#5266,#5267);
#4749=AXIS2_PLACEMENT_3D('',#7134,#5268,#5269);
#4750=AXIS2_PLACEMENT_3D('',#7135,#5270,#5271);
#4751=AXIS2_PLACEMENT_3D('',#7144,#5276,#5277);
#4752=AXIS2_PLACEMENT_3D('',#7150,#5281,#5282);
#4753=AXIS2_PLACEMENT_3D('',#7156,#5286,#5287);
#4754=AXIS2_PLACEMENT_3D('',#7159,#5290,#5291);
#4755=AXIS2_PLACEMENT_3D('',#7160,#5292,#5293);
#4756=AXIS2_PLACEMENT_3D('',#7161,#5294,#5295);
#4757=AXIS2_PLACEMENT_3D('',#7170,#5300,#5301);
#4758=AXIS2_PLACEMENT_3D('',#7176,#5305,#5306);
#4759=AXIS2_PLACEMENT_3D('',#7182,#5310,#5311);
#4760=AXIS2_PLACEMENT_3D('',#7185,#5314,#5315);
#4761=AXIS2_PLACEMENT_3D('',#7186,#5316,#5317);
#4762=AXIS2_PLACEMENT_3D('',#7266,#5323,#5324);
#4763=AXIS2_PLACEMENT_3D('',#7405,#5335,#5336);
#4764=AXIS2_PLACEMENT_3D('',#7639,#5352,#5353);
#4765=AXIS2_PLACEMENT_3D('',#7661,#5357,#5358);
#4766=AXIS2_PLACEMENT_3D('',#7662,#5359,#5360);
#4767=AXIS2_PLACEMENT_3D('',#7663,#5361,#5362);
#4768=AXIS2_PLACEMENT_3D('',#7672,#5367,#5368);
#4769=AXIS2_PLACEMENT_3D('',#7678,#5372,#5373);
#4770=AXIS2_PLACEMENT_3D('',#7741,#5380,#5381);
#4771=AXIS2_PLACEMENT_3D('',#7747,#5385,#5386);
#4772=AXIS2_PLACEMENT_3D('',#7753,#5390,#5391);
#4773=AXIS2_PLACEMENT_3D('',#7835,#5399,#5400);
#4774=AXIS2_PLACEMENT_3D('',#7841,#5404,#5405);
#4775=AXIS2_PLACEMENT_3D('',#7844,#5408,#5409);
#4776=AXIS2_PLACEMENT_3D('',#7845,#5410,#5411);
#4777=AXIS2_PLACEMENT_3D('',#7925,#5417,#5418);
#4778=AXIS2_PLACEMENT_3D('',#7950,#5423,#5424);
#4779=AXIS2_PLACEMENT_3D('',#7953,#5427,#5428);
#4780=AXIS2_PLACEMENT_3D('',#8076,#5439,#5440);
#4781=AXIS2_PLACEMENT_3D('',#8177,#5449,#5450);
#4782=AXIS2_PLACEMENT_3D('',#8202,#5455,#5456);
#4783=AXIS2_PLACEMENT_3D('',#8208,#5460,#5461);
#4784=AXIS2_PLACEMENT_3D('',#8306,#5469,#5470);
#4785=AXIS2_PLACEMENT_3D('',#8307,#5471,#5472);
#4786=AXIS2_PLACEMENT_3D('',#8308,#5473,#5474);
#4787=AXIS2_PLACEMENT_3D('',#8317,#5479,#5480);
#4788=AXIS2_PLACEMENT_3D('',#8323,#5484,#5485);
#4789=AXIS2_PLACEMENT_3D('',#8462,#5496,#5497);
#4790=AXIS2_PLACEMENT_3D('',#8468,#5501,#5502);
#4791=AXIS2_PLACEMENT_3D('',#8474,#5506,#5507);
#4792=AXIS2_PLACEMENT_3D('',#8480,#5511,#5512);
#4793=AXIS2_PLACEMENT_3D('',#8486,#5516,#5517);
#4794=AXIS2_PLACEMENT_3D('',#8508,#5521,#5522);
#4795=AXIS2_PLACEMENT_3D('',#8509,#5523,#5524);
#4796=AXIS2_PLACEMENT_3D('placement',#8510,#5525,#5526);
#4797=AXIS2_PLACEMENT_3D('',#8511,#5527,#5528);
#4798=AXIS2_PLACEMENT_3D('',#8512,#5529,#5530);
#4799=AXIS2_PLACEMENT_3D('',#8513,#5531,#5532);
#4800=AXIS2_PLACEMENT_3D('',#8514,#5533,#5534);
#4801=DIRECTION('axis',(0.,0.,1.));
#4802=DIRECTION('refdir',(1.,0.,0.));
#4803=DIRECTION('center_axis',(-2.31296463463574E-16,1.,0.));
#4804=DIRECTION('ref_axis',(0.707106781186548,0.,0.707106781186548));
#4805=DIRECTION('center_axis',(1.73472347597681E-16,-1.,0.));
#4806=DIRECTION('ref_axis',(0.707106781186548,0.,0.707106781186548));
#4807=DIRECTION('',(2.31296463463574E-16,-1.,0.));
#4808=DIRECTION('center_axis',(-1.73472347597681E-16,1.,0.));
#4809=DIRECTION('ref_axis',(0.707106781186548,0.,0.707106781186548));
#4810=DIRECTION('',(-2.31296463463574E-16,1.,0.));
#4811=DIRECTION('center_axis',(-1.82602471155453E-16,-4.22353057979657E-32,
1.));
#4812=DIRECTION('ref_axis',(-1.,-1.72084568816899E-16,-1.77635683940025E-16));
#4813=DIRECTION('',(-1.,-1.73472347597681E-16,-1.82602471155453E-16));
#4814=DIRECTION('',(-2.31296463463574E-16,1.,0.));
#4815=DIRECTION('',(1.,1.73472347597681E-16,1.82602471155453E-16));
#4816=DIRECTION('center_axis',(-1.73472347597681E-16,1.,0.));
#4817=DIRECTION('ref_axis',(-1.,-1.72084568816899E-16,0.));
#4818=DIRECTION('',(0.,0.,1.));
#4819=DIRECTION('center_axis',(1.73472347597681E-16,-1.,0.));
#4820=DIRECTION('ref_axis',(0.707106781186548,0.,-0.707106781186548));
#4821=DIRECTION('',(1.,1.73472347597681E-16,6.8475926683295E-17));
#4822=DIRECTION('center_axis',(1.73472347597681E-16,-1.,0.));
#4823=DIRECTION('ref_axis',(-0.707106781186557,0.,-0.707106781186538));
#4824=DIRECTION('',(3.32181091144495E-16,5.76242337083947E-32,-1.));
#4825=DIRECTION('center_axis',(1.73472347597681E-16,-1.,0.));
#4826=DIRECTION('ref_axis',(-0.707106781186548,0.,0.707106781186548));
#4827=DIRECTION('center_axis',(2.31296463463574E-16,-1.,0.));
#4828=DIRECTION('ref_axis',(0.707106781186548,0.,-0.707106781186548));
#4829=DIRECTION('center_axis',(-1.73472347597681E-16,1.,0.));
#4830=DIRECTION('ref_axis',(0.707106781186548,0.,-0.707106781186548));
#4831=DIRECTION('',(-2.31296463463574E-16,1.,0.));
#4832=DIRECTION('',(2.31296463463574E-16,-1.,0.));
#4833=DIRECTION('center_axis',(6.8475926683295E-17,1.58382396742371E-32,
-1.));
#4834=DIRECTION('ref_axis',(1.,1.72084568816899E-16,6.86950496486816E-17));
#4835=DIRECTION('',(-1.,-1.73472347597681E-16,-6.8475926683295E-17));
#4836=DIRECTION('',(2.31296463463574E-16,-1.,0.));
#4837=DIRECTION('center_axis',(2.31296463463574E-16,-1.,0.));
#4838=DIRECTION('ref_axis',(-0.707106781186557,0.,-0.707106781186538));
#4839=DIRECTION('center_axis',(-1.73472347597681E-16,1.,0.));
#4840=DIRECTION('ref_axis',(-0.707106781186557,0.,-0.707106781186538));
#4841=DIRECTION('',(-2.31296463463574E-16,1.,0.));
#4842=DIRECTION('center_axis',(2.31296463463574E-16,-1.,0.));
#4843=DIRECTION('ref_axis',(-0.707106781186548,0.,0.707106781186548));
#4844=DIRECTION('center_axis',(-1.73472347597681E-16,1.,0.));
#4845=DIRECTION('ref_axis',(-0.707106781186548,0.,0.707106781186548));
#4846=DIRECTION('',(2.31296463463574E-16,-1.,0.));
#4847=DIRECTION('center_axis',(-1.,-2.31296463463574E-16,-3.32181091144495E-16));
#4848=DIRECTION('ref_axis',(3.33066907387547E-16,0.,-1.));
#4849=DIRECTION('',(-3.32181091144495E-16,-5.76242337083947E-32,1.));
#4850=DIRECTION('center_axis',(1.,2.31296463463574E-16,0.));
#4851=DIRECTION('ref_axis',(0.,0.,1.));
#4852=DIRECTION('',(0.,0.,-1.));
#4853=DIRECTION('center_axis',(1.73472347597681E-16,-1.,0.));
#4854=DIRECTION('ref_axis',(1.,1.72084568816899E-16,0.));
#4855=DIRECTION('axis',(0.,0.,1.));
#4856=DIRECTION('refdir',(1.,0.,0.));
#4857=DIRECTION('center_axis',(0.707106781186549,-1.2266347333467E-16,-0.707106781186546));
#4858=DIRECTION('ref_axis',(-0.707106781186546,1.22124532708767E-16,-0.707106781186549));
#4859=DIRECTION('',(-0.707106781186546,1.2266347333467E-16,-0.707106781186549));
#4860=DIRECTION('',(1.73472347597681E-16,1.,0.));
#4861=DIRECTION('',(0.707106781186546,-1.2266347333467E-16,0.707106781186549));
#4862=DIRECTION('',(-1.73472347597681E-16,1.,0.));
#4863=DIRECTION('center_axis',(0.707106781186549,1.2266347333467E-16,0.707106781186546));
#4864=DIRECTION('ref_axis',(0.707106781186546,1.22124532708767E-16,-0.707106781186549));
#4865=DIRECTION('',(0.707106781186546,1.2266347333467E-16,-0.707106781186549));
#4866=DIRECTION('',(1.73472347597681E-16,-1.,0.));
#4867=DIRECTION('',(-0.707106781186546,-1.2266347333467E-16,0.707106781186549));
#4868=DIRECTION('',(-1.73472347597681E-16,1.,0.));
#4869=DIRECTION('center_axis',(0.,0.,1.));
#4870=DIRECTION('ref_axis',(1.,0.,0.));
#4871=DIRECTION('',(-1.,-1.73472347597681E-16,0.));
#4872=DIRECTION('',(1.,1.73472347597681E-16,0.));
#4873=DIRECTION('center_axis',(-1.73472347597681E-16,1.,0.));
#4874=DIRECTION('ref_axis',(-1.,-1.72084568816899E-16,0.));
#4875=DIRECTION('',(1.,-1.73472347597681E-16,-1.73472347597681E-15));
#4876=DIRECTION('center_axis',(-1.82602471155453E-16,-4.22353057979657E-32,
1.));
#4877=DIRECTION('ref_axis',(-1.,-1.72084568816899E-16,-1.77635683940025E-16));
#4878=DIRECTION('',(1.,1.73472347597681E-16,1.82602471155453E-16));
#4879=DIRECTION('center_axis',(1.73472347597681E-16,-1.,0.));
#4880=DIRECTION('ref_axis',(1.,1.72084568816899E-16,0.));
#4881=DIRECTION('axis',(0.,0.,1.));
#4882=DIRECTION('refdir',(1.,0.,0.));
#4883=DIRECTION('center_axis',(0.707106781186546,1.2266347333467E-16,-0.707106781186549));
#4884=DIRECTION('ref_axis',(-0.707106781186549,0.,-0.707106781186546));
#4885=DIRECTION('',(-0.707106781186549,0.,-0.707106781186546));
#4886=DIRECTION('',(-1.73472347597681E-16,1.,1.05588264494914E-32));
#4887=DIRECTION('',(0.707106781186549,0.,0.707106781186546));
#4888=DIRECTION('',(-1.73472347597681E-16,1.,0.));
#4889=DIRECTION('center_axis',(0.,-1.,0.));
#4890=DIRECTION('ref_axis',(-1.,0.,0.));
#4891=DIRECTION('',(1.,0.,1.82602471155453E-16));
#4892=DIRECTION('',(0.,0.,-1.));
#4893=DIRECTION('',(-1.,0.,0.));
#4894=DIRECTION('center_axis',(-1.82602471155453E-16,-4.22353057979657E-32,
1.));
#4895=DIRECTION('ref_axis',(-1.,-1.72084568816899E-16,-1.77635683940025E-16));
#4896=DIRECTION('',(-1.,0.,-1.82602471155453E-16));
#4897=DIRECTION('',(0.,-1.,-4.22353057979657E-32));
#4898=DIRECTION('',(1.,1.73472347597681E-16,1.82602471155453E-16));
#4899=DIRECTION('',(2.31296463463574E-16,-1.,0.));
#4900=DIRECTION('',(-1.,-1.73472347597681E-16,-1.82602471155453E-16));
#4901=DIRECTION('',(0.,-1.,-4.22353057979657E-32));
#4902=DIRECTION('center_axis',(1.73472347597681E-16,-1.,0.));
#4903=DIRECTION('ref_axis',(0.707106781186548,0.,-0.707106781186547));
#4904=DIRECTION('center_axis',(-1.73472347597681E-16,1.,0.));
#4905=DIRECTION('ref_axis',(0.707106781186548,0.,-0.707106781186547));
#4906=DIRECTION('',(-1.73472347597681E-16,1.,0.));
#4907=DIRECTION('center_axis',(1.73472347597681E-16,-1.,0.));
#4908=DIRECTION('ref_axis',(0.707106781186548,0.,-0.707106781186547));
#4909=DIRECTION('',(1.73472347597681E-16,-1.,0.));
#4910=DIRECTION('center_axis',(-1.,-1.73472347597681E-16,0.));
#4911=DIRECTION('ref_axis',(0.,0.,-1.));
#4912=DIRECTION('',(0.,0.,-1.));
#4913=DIRECTION('',(-1.73472347597681E-16,1.,3.95955991855928E-33));
#4914=DIRECTION('',(0.,0.,1.));
#4915=DIRECTION('center_axis',(-1.73472347597681E-16,1.,0.));
#4916=DIRECTION('ref_axis',(-1.,-1.72084568816899E-16,0.));
#4917=DIRECTION('',(-1.,-1.73472347597681E-16,0.));
#4918=DIRECTION('center_axis',(1.73472347597681E-16,-1.,0.));
#4919=DIRECTION('ref_axis',(-0.707106781186548,0.,-0.707106781186547));
#4920=DIRECTION('',(0.,0.,1.));
#4921=DIRECTION('center_axis',(1.73472347597681E-16,-1.,0.));
#4922=DIRECTION('ref_axis',(-0.707106781186548,0.,0.707106781186548));
#4923=DIRECTION('',(-1.,-1.73472347597681E-16,0.));
#4924=DIRECTION('',(0.,0.,-1.));
#4925=DIRECTION('center_axis',(-1.73472347597681E-16,1.,0.));
#4926=DIRECTION('ref_axis',(-0.707106781186548,0.,0.707106781186548));
#4927=DIRECTION('',(3.32181091144495E-16,5.76242337083947E-32,-1.));
#4928=DIRECTION('center_axis',(-1.73472347597681E-16,1.,0.));
#4929=DIRECTION('ref_axis',(-0.707106781186549,0.,-0.707106781186546));
#4930=DIRECTION('',(1.,1.73472347597681E-16,6.8475926683295E-17));
#4931=DIRECTION('center_axis',(1.73472347597681E-16,-1.,0.));
#4932=DIRECTION('ref_axis',(0.707106781186548,0.,0.707106781186547));
#4933=DIRECTION('center_axis',(-1.73472347597681E-16,1.,3.95955991855928E-33));
#4934=DIRECTION('ref_axis',(0.707106781186548,0.,0.707106781186547));
#4935=DIRECTION('',(1.73472347597681E-16,-1.,-3.95955991855928E-33));
#4936=DIRECTION('center_axis',(-1.73472347597681E-16,1.,0.));
#4937=DIRECTION('ref_axis',(0.707106781186548,0.,0.707106781186547));
#4938=DIRECTION('center_axis',(6.8475926683295E-17,1.58382396742371E-32,
-1.));
#4939=DIRECTION('ref_axis',(1.,1.72084568816899E-16,6.86950496486816E-17));
#4940=DIRECTION('',(-2.31296463463574E-16,1.,0.));
#4941=DIRECTION('',(-1.,-1.73472347597681E-16,-6.8475926683295E-17));
#4942=DIRECTION('center_axis',(2.31296463463574E-16,-1.,0.));
#4943=DIRECTION('ref_axis',(-0.707106781186548,0.,0.707106781186548));
#4944=DIRECTION('center_axis',(1.73472347597681E-16,-1.,0.));
#4945=DIRECTION('ref_axis',(-0.707106781186548,0.,0.707106781186548));
#4946=DIRECTION('',(-2.31296463463574E-16,1.,0.));
#4947=DIRECTION('center_axis',(2.31296463463574E-16,-1.,0.));
#4948=DIRECTION('ref_axis',(-0.707106781186549,0.,-0.707106781186546));
#4949=DIRECTION('',(2.31296463463574E-16,-1.,0.));
#4950=DIRECTION('center_axis',(1.73472347597681E-16,-1.,0.));
#4951=DIRECTION('ref_axis',(-0.707106781186549,0.,-0.707106781186546));
#4952=DIRECTION('center_axis',(-1.,-2.31296463463574E-16,-3.32181091144495E-16));
#4953=DIRECTION('ref_axis',(3.33066907387547E-16,0.,-1.));
#4954=DIRECTION('',(-3.32181091144495E-16,-5.76242337083947E-32,1.));
#4955=DIRECTION('center_axis',(1.73472347597681E-16,-1.,0.));
#4956=DIRECTION('ref_axis',(-0.707106781186548,0.,0.707106781186548));
#4957=DIRECTION('center_axis',(-1.73472347597681E-16,1.,0.));
#4958=DIRECTION('ref_axis',(-0.707106781186548,0.,0.707106781186548));
#4959=DIRECTION('',(-1.73472347597681E-16,1.,0.));
#4960=DIRECTION('',(1.73472347597681E-16,-1.,0.));
#4961=DIRECTION('center_axis',(-1.,-1.73472347597681E-16,0.));
#4962=DIRECTION('ref_axis',(1.77635683940025E-16,-1.,0.));
#4963=DIRECTION('',(-1.73472347597681E-16,1.,0.));
#4964=DIRECTION('',(0.,0.,1.));
#4965=DIRECTION('center_axis',(1.73472347597681E-16,-1.,0.));
#4966=DIRECTION('ref_axis',(-0.707106781186548,0.,-0.707106781186547));
#4967=DIRECTION('center_axis',(-1.73472347597681E-16,1.,0.));
#4968=DIRECTION('ref_axis',(-0.707106781186548,0.,-0.707106781186547));
#4969=DIRECTION('',(1.73472347597681E-16,-1.,0.));
#4970=DIRECTION('center_axis',(0.,0.,1.));
#4971=DIRECTION('ref_axis',(1.,0.,0.));
#4972=DIRECTION('',(1.,1.73472347597681E-16,0.));
#4973=DIRECTION('center_axis',(0.,1.,0.));
#4974=DIRECTION('ref_axis',(1.,0.,0.));
#4975=DIRECTION('',(1.,0.,0.));
#4976=DIRECTION('',(0.,0.,-1.));
#4977=DIRECTION('center_axis',(-1.,0.,0.));
#4978=DIRECTION('ref_axis',(0.,1.,0.));
#4979=DIRECTION('',(0.,1.,0.));
#4980=DIRECTION('',(0.,0.,1.));
#4981=DIRECTION('center_axis',(-1.,0.,0.));
#4982=DIRECTION('ref_axis',(0.,1.,0.));
#4983=DIRECTION('',(0.,1.,0.));
#4984=DIRECTION('center_axis',(0.,0.,1.));
#4985=DIRECTION('ref_axis',(1.,0.,0.));
#4986=DIRECTION('',(1.,1.73472347597681E-16,0.));
#4987=DIRECTION('center_axis',(1.73472347597681E-16,-1.,0.));
#4988=DIRECTION('ref_axis',(1.,1.72084568816899E-16,0.));
#4989=DIRECTION('center_axis',(-0.707106781186547,-1.2266347333467E-16,
-0.707106781186548));
#4990=DIRECTION('ref_axis',(-0.707106781186548,0.,0.707106781186547));
#4991=DIRECTION('',(0.707106781186548,0.,-0.707106781186547));
#4992=DIRECTION('',(1.73472347597681E-16,-1.,-1.05588264494914E-32));
#4993=DIRECTION('',(-0.707106781186548,0.,0.707106781186547));
#4994=DIRECTION('',(1.73472347597681E-16,-1.,0.));
#4995=DIRECTION('center_axis',(0.,1.,0.));
#4996=DIRECTION('ref_axis',(1.,0.,0.));
#4997=DIRECTION('',(-1.,0.,-1.82602471155453E-16));
#4998=DIRECTION('',(0.,0.,-1.));
#4999=DIRECTION('',(1.,0.,0.));
#5000=DIRECTION('center_axis',(-1.82602471155453E-16,-4.22353057979657E-32,
1.));
#5001=DIRECTION('ref_axis',(-1.,-1.72084568816899E-16,-1.77635683940025E-16));
#5002=DIRECTION('',(1.,0.,1.82602471155453E-16));
#5003=DIRECTION('',(0.,1.,4.22353057979657E-32));
#5004=DIRECTION('',(-1.,-1.73472347597681E-16,-1.82602471155453E-16));
#5005=DIRECTION('',(-2.31296463463574E-16,1.,0.));
#5006=DIRECTION('',(1.,1.73472347597681E-16,1.82602471155453E-16));
#5007=DIRECTION('',(-8.82288595620852E-16,1.,-1.18872772034676E-31));
#5008=DIRECTION('',(-1.,0.,-1.82602471155453E-16));
#5009=DIRECTION('',(0.,1.,4.22353057979657E-32));
#5010=DIRECTION('center_axis',(-2.31296463463574E-16,1.,0.));
#5011=DIRECTION('ref_axis',(0.707106781186548,0.,0.707106781186548));
#5012=DIRECTION('center_axis',(1.73472347597681E-16,-1.,0.));
#5013=DIRECTION('ref_axis',(0.707106781186548,0.,0.707106781186548));
#5014=DIRECTION('center_axis',(-1.73472347597681E-16,1.,0.));
#5015=DIRECTION('ref_axis',(0.707106781186548,0.,0.707106781186548));
#5016=DIRECTION('',(2.31296463463574E-16,-1.,0.));
#5017=DIRECTION('center_axis',(2.31296463463574E-16,-1.,0.));
#5018=DIRECTION('ref_axis',(0.707106781186548,0.,-0.707106781186547));
#5019=DIRECTION('center_axis',(-1.73472347597681E-16,1.,0.));
#5020=DIRECTION('ref_axis',(0.707106781186548,0.,-0.707106781186547));
#5021=DIRECTION('',(2.31296463463574E-16,-1.,0.));
#5022=DIRECTION('center_axis',(1.73472347597681E-16,-1.,0.));
#5023=DIRECTION('ref_axis',(0.707106781186548,0.,-0.707106781186547));
#5024=DIRECTION('',(-2.31296463463574E-16,1.,0.));
#5025=DIRECTION('center_axis',(6.8475926683295E-17,1.58382396742371E-32,
-1.));
#5026=DIRECTION('ref_axis',(1.,1.72084568816899E-16,6.86950496486816E-17));
#5027=DIRECTION('',(1.,1.73472347597681E-16,6.8475926683295E-17));
#5028=DIRECTION('',(-1.73472347597681E-16,1.,3.95955991855928E-33));
#5029=DIRECTION('',(-1.,-1.73472347597681E-16,-6.8475926683295E-17));
#5030=DIRECTION('center_axis',(-1.73472347597681E-16,1.,0.));
#5031=DIRECTION('ref_axis',(-0.707106781186548,0.,-0.707106781186548));
#5032=DIRECTION('center_axis',(1.73472347597681E-16,-1.,0.));
#5033=DIRECTION('ref_axis',(-0.707106781186548,0.,-0.707106781186548));
#5034=DIRECTION('',(1.73472347597681E-16,-1.,0.));
#5035=DIRECTION('center_axis',(-1.73472347597681E-16,1.,0.));
#5036=DIRECTION('ref_axis',(-0.707106781186548,0.,-0.707106781186548));
#5037=DIRECTION('',(-1.73472347597681E-16,1.,0.));
#5038=DIRECTION('center_axis',(1.,1.73472347597681E-16,0.));
#5039=DIRECTION('ref_axis',(0.,0.,1.));
#5040=DIRECTION('',(0.,0.,-1.));
#5041=DIRECTION('',(1.73472347597681E-16,-1.,-3.95955991855928E-33));
#5042=DIRECTION('',(0.,0.,1.));
#5043=DIRECTION('center_axis',(1.73472347597681E-16,-1.,0.));
#5044=DIRECTION('ref_axis',(1.,1.72084568816899E-16,0.));
#5045=DIRECTION('',(1.,1.73472347597681E-16,0.));
#5046=DIRECTION('center_axis',(-1.73472347597681E-16,1.,0.));
#5047=DIRECTION('ref_axis',(0.707106781186548,0.,-0.707106781186547));
#5048=DIRECTION('',(0.,0.,1.));
#5049=DIRECTION('center_axis',(-1.73472347597681E-16,1.,0.));
#5050=DIRECTION('ref_axis',(0.707106781186548,0.,0.707106781186548));
#5051=DIRECTION('',(1.,1.73472347597681E-16,0.));
#5052=DIRECTION('',(0.,0.,-1.));
#5053=DIRECTION('',(0.,0.,-1.));
#5054=DIRECTION('center_axis',(-1.73472347597681E-16,1.,0.));
#5055=DIRECTION('ref_axis',(-0.707106781186548,0.,0.707106781186548));
#5056=DIRECTION('center_axis',(1.73472347597681E-16,-1.,-3.95955991855928E-33));
#5057=DIRECTION('ref_axis',(-0.707106781186548,0.,0.707106781186548));
#5058=DIRECTION('center_axis',(1.73472347597681E-16,-1.,0.));
#5059=DIRECTION('ref_axis',(-0.707106781186548,0.,0.707106781186548));
#5060=DIRECTION('center_axis',(-1.73472347597681E-16,1.,0.));
#5061=DIRECTION('ref_axis',(0.707106781186548,0.,-0.707106781186547));
#5062=DIRECTION('center_axis',(1.73472347597681E-16,-1.,0.));
#5063=DIRECTION('ref_axis',(0.707106781186548,0.,-0.707106781186547));
#5064=DIRECTION('',(1.73472347597681E-16,-1.,0.));
#5065=DIRECTION('',(-1.73472347597681E-16,1.,0.));
#5066=DIRECTION('center_axis',(1.,1.73472347597681E-16,0.));
#5067=DIRECTION('ref_axis',(-1.77635683940025E-16,1.,0.));
#5068=DIRECTION('',(0.,0.,1.));
#5069=DIRECTION('',(-1.73472347597681E-16,1.,0.));
#5070=DIRECTION('center_axis',(-1.73472347597681E-16,1.,0.));
#5071=DIRECTION('ref_axis',(0.707106781186548,0.,0.707106781186548));
#5072=DIRECTION('center_axis',(1.73472347597681E-16,-1.,0.));
#5073=DIRECTION('ref_axis',(0.707106781186548,0.,0.707106781186548));
#5074=DIRECTION('',(1.73472347597681E-16,-1.,0.));
#5075=DIRECTION('center_axis',(1.,0.,0.));
#5076=DIRECTION('ref_axis',(0.,-1.,0.));
#5077=DIRECTION('',(0.,0.,-1.));
#5078=DIRECTION('',(0.,-1.,0.));
#5079=DIRECTION('',(0.,0.,1.));
#5080=DIRECTION('center_axis',(0.,-1.,0.));
#5081=DIRECTION('ref_axis',(-1.,0.,0.));
#5082=DIRECTION('',(-1.,0.,0.));
#5083=DIRECTION('center_axis',(1.,0.,0.));
#5084=DIRECTION('ref_axis',(0.,-1.,0.));
#5085=DIRECTION('',(0.,0.,-1.));
#5086=DIRECTION('',(0.,-1.,0.));
#5087=DIRECTION('center_axis',(1.,8.82288595620852E-16,0.));
#5088=DIRECTION('ref_axis',(8.77076189453874E-16,-1.,0.));
#5089=DIRECTION('',(8.82288595620852E-16,-1.,0.));
#5090=DIRECTION('',(0.,0.,-1.));
#5091=DIRECTION('center_axis',(0.,1.,0.));
#5092=DIRECTION('ref_axis',(1.,0.,0.));
#5093=DIRECTION('',(1.,0.,0.));
#5094=DIRECTION('center_axis',(0.,0.,1.));
#5095=DIRECTION('ref_axis',(1.,0.,0.));
#5096=DIRECTION('',(-1.,-1.73472347597681E-16,0.));
#5097=DIRECTION('center_axis',(0.,0.,1.));
#5098=DIRECTION('ref_axis',(1.,0.,0.));
#5099=DIRECTION('',(-1.,-1.73472347597681E-16,0.));
#5100=DIRECTION('center_axis',(-1.73472347597681E-16,1.,0.));
#5101=DIRECTION('ref_axis',(-1.,-1.72084568816899E-16,0.));
#5102=DIRECTION('',(0.,0.,1.));
#5103=DIRECTION('center_axis',(1.,2.31296463463574E-16,0.));
#5104=DIRECTION('ref_axis',(0.,0.,1.));
#5105=DIRECTION('axis',(0.,0.,1.));
#5106=DIRECTION('refdir',(1.,0.,0.));
#5107=DIRECTION('',(0.,0.,1.));
#5108=DIRECTION('',(0.,0.,1.));
#5109=DIRECTION('',(0.,0.,1.));
#5110=DIRECTION('',(0.,0.,1.));
#5111=DIRECTION('',(0.,0.,1.));
#5112=DIRECTION('',(0.,0.,1.));
#5113=DIRECTION('',(0.,0.,1.));
#5114=DIRECTION('',(0.,0.,1.));
#5115=DIRECTION('',(0.,0.,1.));
#5116=DIRECTION('',(0.,0.,1.));
#5117=DIRECTION('',(0.,0.,1.));
#5118=DIRECTION('',(0.,0.,1.));
#5119=DIRECTION('',(0.,0.,1.));
#5120=DIRECTION('',(0.,0.,1.));
#5121=DIRECTION('',(0.,0.,1.));
#5122=DIRECTION('center_axis',(0.,0.,1.));
#5123=DIRECTION('ref_axis',(1.,0.,0.));
#5124=DIRECTION('center_axis',(0.,0.,1.));
#5125=DIRECTION('ref_axis',(1.,0.,0.));
#5126=DIRECTION('center_axis',(1.,0.,0.));
#5127=DIRECTION('ref_axis',(0.,1.,0.));
#5128=DIRECTION('',(0.,1.,0.));
#5129=DIRECTION('',(0.,0.,1.));
#5130=DIRECTION('',(0.,-1.,0.));
#5131=DIRECTION('',(0.,0.,1.));
#5132=DIRECTION('',(0.,0.,1.));
#5133=DIRECTION('',(0.,0.,1.));
#5134=DIRECTION('',(0.,0.,1.));
#5135=DIRECTION('',(0.,0.,1.));
#5136=DIRECTION('center_axis',(-0.291336265297345,0.956620708809189,0.));
#5137=DIRECTION('ref_axis',(-0.956620708809189,-0.291336265297345,0.));
#5138=DIRECTION('',(-0.956620708809189,-0.291336265297345,0.));
#5139=DIRECTION('',(0.,0.,1.));
#5140=DIRECTION('',(0.956620708809189,0.291336265297345,0.));
#5141=DIRECTION('',(0.,0.,1.));
#5142=DIRECTION('',(0.,0.,1.));
#5143=DIRECTION('',(0.,0.,1.));
#5144=DIRECTION('center_axis',(-0.123573856465804,0.992335377782214,0.));
#5145=DIRECTION('ref_axis',(-0.992335377782214,-0.123573856465804,0.));
#5146=DIRECTION('',(-0.992335377782214,-0.123573856465804,0.));
#5147=DIRECTION('',(-0.992335377782214,-0.123573856465804,0.));
#5148=DIRECTION('',(0.,0.,1.));
#5149=DIRECTION('',(0.,0.,1.));
#5150=DIRECTION('',(0.,0.,1.));
#5151=DIRECTION('',(0.,0.,1.));
#5152=DIRECTION('',(0.,0.,1.));
#5153=DIRECTION('',(0.,0.,1.));
#5154=DIRECTION('',(0.,0.,1.));
#5155=DIRECTION('center_axis',(-0.00597016106759299,-0.999982178429609,
0.));
#5156=DIRECTION('ref_axis',(0.999982178429609,-0.00597016106759299,0.));
#5157=DIRECTION('',(0.999982178429609,-0.00597016106759299,0.));
#5158=DIRECTION('',(0.999982178429609,-0.00597016106759299,0.));
#5159=DIRECTION('',(0.,0.,1.));
#5160=DIRECTION('',(0.,0.,1.));
#5161=DIRECTION('',(0.,0.,1.));
#5162=DIRECTION('',(0.,0.,1.));
#5163=DIRECTION('',(0.,0.,1.));
#5164=DIRECTION('',(0.,0.,1.));
#5165=DIRECTION('center_axis',(1.,0.,0.));
#5166=DIRECTION('ref_axis',(0.,1.,0.));
#5167=DIRECTION('',(0.,1.,0.));
#5168=DIRECTION('',(0.,1.,0.));
#5169=DIRECTION('',(0.,0.,1.));
#5170=DIRECTION('',(0.,0.,1.));
#5171=DIRECTION('center_axis',(0.,-1.,0.));
#5172=DIRECTION('ref_axis',(1.,0.,0.));
#5173=DIRECTION('',(1.,0.,0.));
#5174=DIRECTION('',(1.,0.,0.));
#5175=DIRECTION('',(0.,0.,1.));
#5176=DIRECTION('center_axis',(-0.985728998058308,-0.168339960754909,0.));
#5177=DIRECTION('ref_axis',(0.168339960754909,-0.985728998058308,0.));
#5178=DIRECTION('',(0.168339960754909,-0.985728998058308,0.));
#5179=DIRECTION('',(0.168339960754909,-0.985728998058308,0.));
#5180=DIRECTION('',(0.,0.,1.));
#5181=DIRECTION('',(0.,0.,1.));
#5182=DIRECTION('',(0.,0.,1.));
#5183=DIRECTION('center_axis',(0.,0.,1.));
#5184=DIRECTION('ref_axis',(1.,0.,0.));
#5185=DIRECTION('center_axis',(0.,0.,1.));
#5186=DIRECTION('ref_axis',(1.,0.,0.));
#5187=DIRECTION('center_axis',(-1.,0.,0.));
#5188=DIRECTION('ref_axis',(0.,-1.,0.));
#5189=DIRECTION('',(0.,-1.,0.));
#5190=DIRECTION('',(0.,0.,1.));
#5191=DIRECTION('',(0.,-1.,0.));
#5192=DIRECTION('',(0.,0.,1.));
#5193=DIRECTION('center_axis',(0.,1.,0.));
#5194=DIRECTION('ref_axis',(-1.,0.,0.));
#5195=DIRECTION('',(-1.,0.,0.));
#5196=DIRECTION('',(-1.,0.,0.));
#5197=DIRECTION('',(0.,0.,1.));
#5198=DIRECTION('center_axis',(0.999010990304726,0.044463932016526,0.));
#5199=DIRECTION('ref_axis',(-0.044463932016526,0.999010990304726,0.));
#5200=DIRECTION('',(-0.044463932016526,0.999010990304726,0.));
#5201=DIRECTION('',(-0.044463932016526,0.999010990304726,0.));
#5202=DIRECTION('',(0.,0.,1.));
#5203=DIRECTION('',(0.,0.,1.));
#5204=DIRECTION('',(0.,0.,1.));
#5205=DIRECTION('',(0.,0.,1.));
#5206=DIRECTION('center_axis',(1.,0.,0.));
#5207=DIRECTION('ref_axis',(0.,1.,0.));
#5208=DIRECTION('',(0.,1.,0.));
#5209=DIRECTION('',(0.,1.,0.));
#5210=DIRECTION('',(0.,0.,1.));
#5211=DIRECTION('center_axis',(-0.00093780422643944,-0.99999956026152,0.));
#5212=DIRECTION('ref_axis',(0.99999956026152,-0.00093780422643944,0.));
#5213=DIRECTION('',(0.99999956026152,-0.00093780422643944,0.));
#5214=DIRECTION('',(0.99999956026152,-0.00093780422643944,0.));
#5215=DIRECTION('',(0.,0.,1.));
#5216=DIRECTION('center_axis',(-1.,0.,0.));
#5217=DIRECTION('ref_axis',(0.,-1.,0.));
#5218=DIRECTION('',(0.,-1.,0.));
#5219=DIRECTION('',(0.,-1.,0.));
#5220=DIRECTION('',(0.,0.,1.));
#5221=DIRECTION('',(0.,0.,1.));
#5222=DIRECTION('',(0.,0.,1.));
#5223=DIRECTION('',(0.,0.,1.));
#5224=DIRECTION('',(0.,0.,1.));
#5225=DIRECTION('center_axis',(0.999973931858869,-0.00722049878573773,0.));
#5226=DIRECTION('ref_axis',(0.00722049878573773,0.999973931858869,0.));
#5227=DIRECTION('',(0.00722049878573773,0.999973931858869,0.));
#5228=DIRECTION('',(0.00722049878573773,0.999973931858869,0.));
#5229=DIRECTION('',(0.,0.,1.));
#5230=DIRECTION('center_axis',(-0.00426642473050092,-0.999990898768593,
0.));
#5231=DIRECTION('ref_axis',(0.999990898768593,-0.00426642473050092,0.));
#5232=DIRECTION('',(0.999990898768593,-0.00426642473050092,0.));
#5233=DIRECTION('',(0.999990898768593,-0.00426642473050092,0.));
#5234=DIRECTION('center_axis',(0.,0.,1.));
#5235=DIRECTION('ref_axis',(1.,0.,0.));
#5236=DIRECTION('center_axis',(0.,0.,1.));
#5237=DIRECTION('ref_axis',(1.,0.,0.));
#5238=DIRECTION('',(0.,0.,1.));
#5239=DIRECTION('',(0.,0.,1.));
#5240=DIRECTION('',(0.,0.,1.));
#5241=DIRECTION('',(0.,0.,1.));
#5242=DIRECTION('',(0.,0.,1.));
#5243=DIRECTION('',(0.,0.,1.));
#5244=DIRECTION('',(0.,0.,1.));
#5245=DIRECTION('center_axis',(-0.00829166996115538,0.999965623513756,0.));
#5246=DIRECTION('ref_axis',(-0.999965623513756,-0.00829166996115538,0.));
#5247=DIRECTION('',(0.999965623513756,0.00829166996115538,0.));
#5248=DIRECTION('',(-0.999965623513756,-0.00829166996115538,0.));
#5249=DIRECTION('',(0.,0.,1.));
#5250=DIRECTION('',(0.,0.,1.));
#5251=DIRECTION('',(0.,0.,1.));
#5252=DIRECTION('',(0.,0.,1.));
#5253=DIRECTION('',(0.,0.,1.));
#5254=DIRECTION('',(0.,0.,1.));
#5255=DIRECTION('',(0.,0.,1.));
#5256=DIRECTION('',(0.,0.,1.));
#5257=DIRECTION('',(0.,0.,1.));
#5258=DIRECTION('',(0.,0.,1.));
#5259=DIRECTION('',(0.,0.,1.));
#5260=DIRECTION('',(0.,0.,1.));
#5261=DIRECTION('center_axis',(0.,-1.,0.));
#5262=DIRECTION('ref_axis',(1.,0.,0.));
#5263=DIRECTION('',(-1.,0.,0.));
#5264=DIRECTION('',(1.,0.,0.));
#5265=DIRECTION('',(0.,0.,1.));
#5266=DIRECTION('center_axis',(0.,0.,1.));
#5267=DIRECTION('ref_axis',(1.,0.,0.));
#5268=DIRECTION('center_axis',(0.,0.,1.));
#5269=DIRECTION('ref_axis',(1.,0.,0.));
#5270=DIRECTION('center_axis',(-1.,0.,0.));
#5271=DIRECTION('ref_axis',(0.,-1.,0.));
#5272=DIRECTION('',(0.,-1.,0.));
#5273=DIRECTION('',(0.,0.,1.));
#5274=DIRECTION('',(0.,-1.,0.));
#5275=DIRECTION('',(0.,0.,1.));
#5276=DIRECTION('center_axis',(0.,1.,0.));
#5277=DIRECTION('ref_axis',(-1.,0.,0.));
#5278=DIRECTION('',(-1.,0.,0.));
#5279=DIRECTION('',(-1.,0.,0.));
#5280=DIRECTION('',(0.,0.,1.));
#5281=DIRECTION('center_axis',(1.,0.,0.));
#5282=DIRECTION('ref_axis',(0.,1.,0.));
#5283=DIRECTION('',(0.,1.,0.));
#5284=DIRECTION('',(0.,1.,0.));
#5285=DIRECTION('',(0.,0.,1.));
#5286=DIRECTION('center_axis',(0.,-1.,0.));
#5287=DIRECTION('ref_axis',(1.,0.,0.));
#5288=DIRECTION('',(1.,0.,0.));
#5289=DIRECTION('',(1.,0.,0.));
#5290=DIRECTION('center_axis',(0.,0.,1.));
#5291=DIRECTION('ref_axis',(1.,0.,0.));
#5292=DIRECTION('center_axis',(0.,0.,1.));
#5293=DIRECTION('ref_axis',(1.,0.,0.));
#5294=DIRECTION('center_axis',(0.,-1.,0.));
#5295=DIRECTION('ref_axis',(1.,0.,0.));
#5296=DIRECTION('',(1.,0.,0.));
#5297=DIRECTION('',(0.,0.,1.));
#5298=DIRECTION('',(1.,0.,0.));
#5299=DIRECTION('',(0.,0.,1.));
#5300=DIRECTION('center_axis',(-1.,0.,0.));
#5301=DIRECTION('ref_axis',(0.,-1.,0.));
#5302=DIRECTION('',(0.,-1.,0.));
#5303=DIRECTION('',(0.,-1.,0.));
#5304=DIRECTION('',(0.,0.,1.));
#5305=DIRECTION('center_axis',(0.,1.,0.));
#5306=DIRECTION('ref_axis',(-1.,0.,0.));
#5307=DIRECTION('',(-1.,0.,0.));
#5308=DIRECTION('',(-1.,0.,0.));
#5309=DIRECTION('',(0.,0.,1.));
#5310=DIRECTION('center_axis',(1.,0.,0.));
#5311=DIRECTION('ref_axis',(0.,1.,0.));
#5312=DIRECTION('',(0.,1.,0.));
#5313=DIRECTION('',(0.,1.,0.));
#5314=DIRECTION('center_axis',(0.,0.,1.));
#5315=DIRECTION('ref_axis',(1.,0.,0.));
#5316=DIRECTION('center_axis',(0.,0.,1.));
#5317=DIRECTION('ref_axis',(1.,0.,0.));
#5318=DIRECTION('',(0.,0.,1.));
#5319=DIRECTION('',(0.,0.,1.));
#5320=DIRECTION('',(0.,0.,1.));
#5321=DIRECTION('',(0.,0.,1.));
#5322=DIRECTION('',(0.,0.,1.));
#5323=DIRECTION('center_axis',(0.251632680813446,0.967822811234907,0.));
#5324=DIRECTION('ref_axis',(-0.967822811234907,0.251632680813446,0.));
#5325=DIRECTION('',(-0.967822811234907,0.251632680813446,0.));
#5326=DIRECTION('',(-0.967822811234907,0.251632680813446,0.));
#5327=DIRECTION('',(0.,0.,1.));
#5328=DIRECTION('',(0.,0.,1.));
#5329=DIRECTION('',(0.,0.,1.));
#5330=DIRECTION('',(0.,0.,1.));
#5331=DIRECTION('',(0.,0.,1.));
#5332=DIRECTION('',(0.,0.,1.));
#5333=DIRECTION('',(0.,0.,1.));
#5334=DIRECTION('',(0.,0.,1.));
#5335=DIRECTION('center_axis',(-0.00339765916219244,0.99999422793945,0.));
#5336=DIRECTION('ref_axis',(-0.99999422793945,-0.00339765916219244,0.));
#5337=DIRECTION('',(-0.99999422793945,-0.00339765916219244,0.));
#5338=DIRECTION('',(-0.99999422793945,-0.00339765916219244,0.));
#5339=DIRECTION('',(0.,0.,1.));
#5340=DIRECTION('',(0.,0.,1.));
#5341=DIRECTION('',(0.,0.,1.));
#5342=DIRECTION('',(0.,0.,1.));
#5343=DIRECTION('',(0.,0.,1.));
#5344=DIRECTION('',(0.,0.,1.));
#5345=DIRECTION('',(0.,0.,1.));
#5346=DIRECTION('',(0.,0.,1.));
#5347=DIRECTION('',(0.,0.,1.));
#5348=DIRECTION('',(0.,0.,1.));
#5349=DIRECTION('',(0.,0.,1.));
#5350=DIRECTION('',(0.,0.,1.));
#5351=DIRECTION('',(0.,0.,1.));
#5352=DIRECTION('center_axis',(0.,-1.,0.));
#5353=DIRECTION('ref_axis',(1.,0.,0.));
#5354=DIRECTION('',(1.,0.,0.));
#5355=DIRECTION('',(1.,0.,0.));
#5356=DIRECTION('',(0.,0.,1.));
#5357=DIRECTION('center_axis',(0.,0.,1.));
#5358=DIRECTION('ref_axis',(1.,0.,0.));
#5359=DIRECTION('center_axis',(0.,0.,1.));
#5360=DIRECTION('ref_axis',(1.,0.,0.));
#5361=DIRECTION('center_axis',(-1.,0.,0.));
#5362=DIRECTION('ref_axis',(0.,-1.,0.));
#5363=DIRECTION('',(0.,-1.,0.));
#5364=DIRECTION('',(0.,0.,1.));
#5365=DIRECTION('',(0.,-1.,0.));
#5366=DIRECTION('',(0.,0.,1.));
#5367=DIRECTION('center_axis',(0.,1.,0.));
#5368=DIRECTION('ref_axis',(-1.,0.,0.));
#5369=DIRECTION('',(-1.,0.,0.));
#5370=DIRECTION('',(-1.,0.,0.));
#5371=DIRECTION('',(0.,0.,1.));
#5372=DIRECTION('center_axis',(0.999010842697859,0.0444672483083156,0.));
#5373=DIRECTION('ref_axis',(-0.0444672483083156,0.999010842697859,0.));
#5374=DIRECTION('',(-0.0444672483083156,0.999010842697859,0.));
#5375=DIRECTION('',(-0.0444672483083156,0.999010842697859,0.));
#5376=DIRECTION('',(0.,0.,1.));
#5377=DIRECTION('',(0.,0.,1.));
#5378=DIRECTION('',(0.,0.,1.));
#5379=DIRECTION('',(0.,0.,1.));
#5380=DIRECTION('center_axis',(1.,0.,0.));
#5381=DIRECTION('ref_axis',(0.,1.,0.));
#5382=DIRECTION('',(0.,1.,0.));
#5383=DIRECTION('',(0.,1.,0.));
#5384=DIRECTION('',(0.,0.,1.));
#5385=DIRECTION('center_axis',(0.,-1.,0.));
#5386=DIRECTION('ref_axis',(1.,0.,0.));
#5387=DIRECTION('',(1.,0.,0.));
#5388=DIRECTION('',(1.,0.,0.));
#5389=DIRECTION('',(0.,0.,1.));
#5390=DIRECTION('center_axis',(-1.,0.,0.));
#5391=DIRECTION('ref_axis',(0.,-1.,0.));
#5392=DIRECTION('',(0.,-1.,0.));
#5393=DIRECTION('',(0.,-1.,0.));
#5394=DIRECTION('',(0.,0.,1.));
#5395=DIRECTION('',(0.,0.,1.));
#5396=DIRECTION('',(0.,0.,1.));
#5397=DIRECTION('',(0.,0.,1.));
#5398=DIRECTION('',(0.,0.,1.));
#5399=DIRECTION('center_axis',(1.,0.,0.));
#5400=DIRECTION('ref_axis',(0.,1.,0.));
#5401=DIRECTION('',(0.,1.,0.));
#5402=DIRECTION('',(0.,1.,0.));
#5403=DIRECTION('',(0.,0.,1.));
#5404=DIRECTION('center_axis',(0.,-1.,0.));
#5405=DIRECTION('ref_axis',(1.,0.,0.));
#5406=DIRECTION('',(1.,0.,0.));
#5407=DIRECTION('',(1.,0.,0.));
#5408=DIRECTION('center_axis',(0.,0.,1.));
#5409=DIRECTION('ref_axis',(1.,0.,0.));
#5410=DIRECTION('center_axis',(0.,0.,1.));
#5411=DIRECTION('ref_axis',(1.,0.,0.));
#5412=DIRECTION('',(0.,0.,1.));
#5413=DIRECTION('',(0.,0.,1.));
#5414=DIRECTION('',(0.,0.,1.));
#5415=DIRECTION('',(0.,0.,1.));
#5416=DIRECTION('',(0.,0.,1.));
#5417=DIRECTION('center_axis',(-0.268080709516543,0.963396456909152,0.));
#5418=DIRECTION('ref_axis',(-0.963396456909152,-0.268080709516543,0.));
#5419=DIRECTION('',(-0.963396456909152,-0.268080709516543,0.));
#5420=DIRECTION('',(0.,0.,1.));
#5421=DIRECTION('',(0.963396456909152,0.268080709516543,0.));
#5422=DIRECTION('',(0.,0.,1.));
#5423=DIRECTION('center_axis',(0.999908938070666,0.0134950200590477,0.));
#5424=DIRECTION('ref_axis',(-0.0134950200590477,0.999908938070666,0.));
#5425=DIRECTION('',(-0.0134950200590477,0.999908938070666,0.));
#5426=DIRECTION('',(0.0134950200590477,-0.999908938070666,0.));
#5427=DIRECTION('center_axis',(-0.125662947385265,0.992072993108092,0.));
#5428=DIRECTION('ref_axis',(-0.992072993108092,-0.125662947385265,0.));
#5429=DIRECTION('',(-0.992072993108092,-0.125662947385265,0.));
#5430=DIRECTION('',(0.,0.,1.));
#5431=DIRECTION('',(-0.992072993108092,-0.125662947385265,0.));
#5432=DIRECTION('',(0.,0.,1.));
#5433=DIRECTION('',(0.,0.,1.));
#5434=DIRECTION('',(0.,0.,1.));
#5435=DIRECTION('',(0.,0.,1.));
#5436=DIRECTION('',(0.,0.,1.));
#5437=DIRECTION('',(0.,0.,1.));
#5438=DIRECTION('',(0.,0.,1.));
#5439=DIRECTION('center_axis',(0.,-1.,0.));
#5440=DIRECTION('ref_axis',(1.,0.,0.));
#5441=DIRECTION('',(1.,0.,0.));
#5442=DIRECTION('',(1.,0.,0.));
#5443=DIRECTION('',(0.,0.,1.));
#5444=DIRECTION('',(0.,0.,1.));
#5445=DIRECTION('',(0.,0.,1.));
#5446=DIRECTION('',(0.,0.,1.));
#5447=DIRECTION('',(0.,0.,1.));
#5448=DIRECTION('',(0.,0.,1.));
#5449=DIRECTION('center_axis',(1.,0.,0.));
#5450=DIRECTION('ref_axis',(0.,1.,0.));
#5451=DIRECTION('',(0.,1.,0.));
#5452=DIRECTION('',(0.,1.,0.));
#5453=DIRECTION('',(0.,0.,1.));
#5454=DIRECTION('',(0.,0.,1.));
#5455=DIRECTION('center_axis',(0.,-1.,0.));
#5456=DIRECTION('ref_axis',(1.,0.,0.));
#5457=DIRECTION('',(1.,0.,0.));
#5458=DIRECTION('',(1.,0.,0.));
#5459=DIRECTION('',(0.,0.,1.));
#5460=DIRECTION('center_axis',(-0.986874718471572,-0.161487739601664,0.));
#5461=DIRECTION('ref_axis',(0.161487739601664,-0.986874718471572,0.));
#5462=DIRECTION('',(0.161487739601664,-0.986874718471572,0.));
#5463=DIRECTION('',(0.161487739601664,-0.986874718471572,0.));
#5464=DIRECTION('',(0.,0.,1.));
#5465=DIRECTION('',(0.,0.,1.));
#5466=DIRECTION('',(0.,0.,1.));
#5467=DIRECTION('',(0.,0.,1.));
#5468=DIRECTION('',(0.,0.,1.));
#5469=DIRECTION('center_axis',(0.,0.,1.));
#5470=DIRECTION('ref_axis',(1.,0.,0.));
#5471=DIRECTION('center_axis',(0.,0.,1.));
#5472=DIRECTION('ref_axis',(1.,0.,0.));
#5473=DIRECTION('center_axis',(0.,-1.,0.));
#5474=DIRECTION('ref_axis',(1.,0.,0.));
#5475=DIRECTION('',(1.,0.,0.));
#5476=DIRECTION('',(0.,0.,1.));
#5477=DIRECTION('',(-1.,0.,0.));
#5478=DIRECTION('',(0.,0.,1.));
#5479=DIRECTION('center_axis',(-1.,0.,0.));
#5480=DIRECTION('ref_axis',(0.,-1.,0.));
#5481=DIRECTION('',(0.,-1.,0.));
#5482=DIRECTION('',(0.,0.,1.));
#5483=DIRECTION('',(0.,1.,0.));
#5484=DIRECTION('center_axis',(0.,1.,0.));
#5485=DIRECTION('ref_axis',(-1.,0.,0.));
#5486=DIRECTION('',(-1.,0.,0.));
#5487=DIRECTION('',(0.,0.,1.));
#5488=DIRECTION('',(1.,0.,0.));
#5489=DIRECTION('',(0.,0.,1.));
#5490=DIRECTION('',(0.,0.,1.));
#5491=DIRECTION('',(0.,0.,1.));
#5492=DIRECTION('',(0.,0.,1.));
#5493=DIRECTION('',(0.,0.,1.));
#5494=DIRECTION('',(0.,0.,1.));
#5495=DIRECTION('',(0.,0.,1.));
#5496=DIRECTION('center_axis',(0.,-1.,0.));
#5497=DIRECTION('ref_axis',(1.,0.,0.));
#5498=DIRECTION('',(1.,0.,0.));
#5499=DIRECTION('',(1.,0.,0.));
#5500=DIRECTION('',(0.,0.,1.));
#5501=DIRECTION('center_axis',(1.,0.,0.));
#5502=DIRECTION('ref_axis',(0.,1.,0.));
#5503=DIRECTION('',(0.,1.,0.));
#5504=DIRECTION('',(0.,1.,0.));
#5505=DIRECTION('',(0.,0.,1.));
#5506=DIRECTION('center_axis',(0.,-1.,0.));
#5507=DIRECTION('ref_axis',(1.,0.,0.));
#5508=DIRECTION('',(1.,0.,0.));
#5509=DIRECTION('',(1.,0.,0.));
#5510=DIRECTION('',(0.,0.,1.));
#5511=DIRECTION('center_axis',(-1.,0.,0.));
#5512=DIRECTION('ref_axis',(0.,-1.,0.));
#5513=DIRECTION('',(0.,-1.,0.));
#5514=DIRECTION('',(0.,-1.,0.));
#5515=DIRECTION('',(0.,0.,1.));
#5516=DIRECTION('center_axis',(0.,1.,0.));
#5517=DIRECTION('ref_axis',(-1.,0.,0.));
#5518=DIRECTION('',(-1.,0.,0.));
#5519=DIRECTION('',(-1.,0.,0.));
#5520=DIRECTION('',(0.,0.,1.));
#5521=DIRECTION('center_axis',(0.,0.,1.));
#5522=DIRECTION('ref_axis',(1.,0.,0.));
#5523=DIRECTION('center_axis',(0.,0.,1.));
#5524=DIRECTION('ref_axis',(1.,0.,0.));
#5525=DIRECTION('axis',(0.,0.,1.));
#5526=DIRECTION('refdir',(1.,0.,0.));
#5527=DIRECTION('',(0.,0.,1.));
#5528=DIRECTION('',(1.,0.,0.));
#5529=DIRECTION('',(0.,0.,1.));
#5530=DIRECTION('',(1.,0.,0.));
#5531=DIRECTION('',(0.,0.,1.));
#5532=DIRECTION('',(1.,0.,0.));
#5533=DIRECTION('',(1.38777878078145E-17,3.08148791101956E-33,1.));
#5534=DIRECTION('',(1.,4.19082355898663E-31,-1.38777878078145E-17));
#5535=CARTESIAN_POINT('',(0.,0.,0.));
#5536=CARTESIAN_POINT('Origin',(0.75,-0.4,0.5));
#5537=CARTESIAN_POINT('',(0.76,0.4,0.5));
#5538=CARTESIAN_POINT('',(0.75,0.4,0.51));
#5539=CARTESIAN_POINT('Origin',(0.75,0.4,0.5));
#5540=CARTESIAN_POINT('',(0.75,-0.4,0.51));
#5541=CARTESIAN_POINT('',(0.75,-0.4,0.51));
#5542=CARTESIAN_POINT('',(0.76,-0.4,0.5));
#5543=CARTESIAN_POINT('Origin',(0.75,-0.4,0.5));
#5544=CARTESIAN_POINT('',(0.76,-0.4,0.5));
#5545=CARTESIAN_POINT('Origin',(0.76,-0.4,0.51));
#5546=CARTESIAN_POINT('',(-0.75,0.4,0.51));
#5547=CARTESIAN_POINT('',(0.78,0.4,0.51));
#5548=CARTESIAN_POINT('',(-0.75,-0.4,0.51));
#5549=CARTESIAN_POINT('',(-0.75,-0.4,0.51));
#5550=CARTESIAN_POINT('',(-0.0200000000000001,-0.4,0.51));
#5551=CARTESIAN_POINT('Origin',(0.8,0.4,0.));
#5552=CARTESIAN_POINT('',(0.76,0.4,0.0500000000000001));
#5553=CARTESIAN_POINT('',(0.76,0.4,0.0200000000000001));
#5554=CARTESIAN_POINT('',(0.75,0.4,0.0400000000000001));
#5555=CARTESIAN_POINT('Origin',(0.75,0.4,0.0500000000000001));
#5556=CARTESIAN_POINT('',(-0.75,0.4,0.04));
#5557=CARTESIAN_POINT('',(0.0199999999999999,0.4,0.04));
#5558=CARTESIAN_POINT('',(-0.76,0.4,0.05));
#5559=CARTESIAN_POINT('Origin',(-0.75,0.4,0.05));
#5560=CARTESIAN_POINT('',(-0.760000000000001,0.4,0.5));
#5561=CARTESIAN_POINT('',(-0.76,0.4,0.255));
#5562=CARTESIAN_POINT('Origin',(-0.75,0.4,0.5));
#5563=CARTESIAN_POINT('Origin',(0.75,-0.4,0.0500000000000001));
#5564=CARTESIAN_POINT('',(0.76,-0.4,0.0500000000000001));
#5565=CARTESIAN_POINT('',(0.75,-0.4,0.0400000000000001));
#5566=CARTESIAN_POINT('Origin',(0.75,-0.4,0.0500000000000001));
#5567=CARTESIAN_POINT('',(0.75,-0.4,0.0400000000000001));
#5568=CARTESIAN_POINT('',(0.76,-0.4,0.0500000000000001));
#5569=CARTESIAN_POINT('Origin',(-0.76,-0.4,0.04));
#5570=CARTESIAN_POINT('',(-0.75,-0.4,0.04));
#5571=CARTESIAN_POINT('',(-0.78,-0.4,0.04));
#5572=CARTESIAN_POINT('',(-0.75,-0.4,0.04));
#5573=CARTESIAN_POINT('Origin',(-0.75,-0.4,0.05));
#5574=CARTESIAN_POINT('',(-0.76,-0.4,0.05));
#5575=CARTESIAN_POINT('Origin',(-0.75,-0.4,0.05));
#5576=CARTESIAN_POINT('',(-0.76,-0.4,0.05));
#5577=CARTESIAN_POINT('Origin',(-0.75,-0.4,0.5));
#5578=CARTESIAN_POINT('',(-0.76,-0.4,0.5));
#5579=CARTESIAN_POINT('Origin',(-0.75,-0.4,0.5));
#5580=CARTESIAN_POINT('',(-0.76,-0.4,0.5));
#5581=CARTESIAN_POINT('Origin',(-0.76,-0.4,0.51));
#5582=CARTESIAN_POINT('',(-0.76,-0.4,0.255));
#5583=CARTESIAN_POINT('Origin',(0.76,-0.4,0.0400000000000001));
#5584=CARTESIAN_POINT('',(0.76,-0.4,0.0200000000000001));
#5585=CARTESIAN_POINT('Origin',(-0.8,-0.4,0.));
#5586=CARTESIAN_POINT('',(0.,0.,0.));
#5587=CARTESIAN_POINT('Origin',(-0.5,-0.4,0.55));
#5588=CARTESIAN_POINT('',(-0.500000000000001,0.4,0.55));
#5589=CARTESIAN_POINT('',(-0.54,0.4,0.51));
#5590=CARTESIAN_POINT('',(-0.51,0.4,0.54));
#5591=CARTESIAN_POINT('',(-0.54,-0.4,0.51));
#5592=CARTESIAN_POINT('',(-0.54,-0.4,0.51));
#5593=CARTESIAN_POINT('',(-0.5,-0.4,0.55));
#5594=CARTESIAN_POINT('',(-0.54,-0.4,0.51));
#5595=CARTESIAN_POINT('',(-0.5,-0.2,0.55));
#5596=CARTESIAN_POINT('Origin',(0.5,-0.4,0.55));
#5597=CARTESIAN_POINT('',(0.5,0.4,0.55));
#5598=CARTESIAN_POINT('',(0.54,0.4,0.51));
#5599=CARTESIAN_POINT('',(0.51,0.4,0.54));
#5600=CARTESIAN_POINT('',(0.5,-0.4,0.55));
#5601=CARTESIAN_POINT('',(0.5,-0.2,0.55));
#5602=CARTESIAN_POINT('',(0.54,-0.4,0.51));
#5603=CARTESIAN_POINT('',(0.54,-0.4,0.51));
#5604=CARTESIAN_POINT('',(0.54,-0.4,0.51));
#5605=CARTESIAN_POINT('Origin',(0.,0.,0.55));
#5606=CARTESIAN_POINT('',(0.8,0.4,0.55));
#5607=CARTESIAN_POINT('',(-0.8,-0.4,0.55));
#5608=CARTESIAN_POINT('Origin',(0.8,0.4,0.));
#5609=CARTESIAN_POINT('',(-0.53,0.4,0.51));
#5610=CARTESIAN_POINT('Origin',(0.76,-0.4,0.51));
#5611=CARTESIAN_POINT('',(-0.0200000000000001,-0.4,0.51));
#5612=CARTESIAN_POINT('Origin',(-0.8,-0.4,0.));
#5613=CARTESIAN_POINT('',(0.,0.,0.));
#5614=CARTESIAN_POINT('Origin',(-0.52,-0.4,0.53));
#5615=CARTESIAN_POINT('',(-0.5,-0.32,0.55));
#5616=CARTESIAN_POINT('',(-0.54,-0.32,0.51));
#5617=CARTESIAN_POINT('',(-0.525,-0.32,0.525));
#5618=CARTESIAN_POINT('',(-0.54,0.32,0.51));
#5619=CARTESIAN_POINT('',(-0.54,-0.4,0.51));
#5620=CARTESIAN_POINT('',(-0.5,0.32,0.55));
#5621=CARTESIAN_POINT('',(-0.51,0.32,0.54));
#5622=CARTESIAN_POINT('',(-0.5,-0.2,0.55));
#5623=CARTESIAN_POINT('Origin',(-0.5,0.32,0.55));
#5624=CARTESIAN_POINT('',(-0.56,0.32,0.51));
#5625=CARTESIAN_POINT('',(0.13,0.32,0.51));
#5626=CARTESIAN_POINT('',(-0.56,0.32,0.55));
#5627=CARTESIAN_POINT('',(-0.56,0.32,0.55));
#5628=CARTESIAN_POINT('',(-0.25,0.32,0.55));
#5629=CARTESIAN_POINT('Origin',(0.76,-0.4,0.51));
#5630=CARTESIAN_POINT('',(-0.56,-0.32,0.51));
#5631=CARTESIAN_POINT('',(0.1,-0.32,0.51));
#5632=CARTESIAN_POINT('',(-0.56,-0.4,0.51));
#5633=CARTESIAN_POINT('',(-0.56,-0.4,0.51));
#5634=CARTESIAN_POINT('',(-0.75,-0.4,0.51));
#5635=CARTESIAN_POINT('',(-0.0200000000000001,-0.4,0.51));
#5636=CARTESIAN_POINT('',(-0.75,0.4,0.51));
#5637=CARTESIAN_POINT('',(-0.75,-0.4,0.51));
#5638=CARTESIAN_POINT('',(-0.560000000000001,0.4,0.51));
#5639=CARTESIAN_POINT('',(0.78,0.4,0.51));
#5640=CARTESIAN_POINT('',(-0.560000000000001,-0.0399999999999999,0.51));
#5641=CARTESIAN_POINT('Origin',(-0.51,-0.2,0.00999999999999999));
#5642=CARTESIAN_POINT('',(-0.5,-0.4,0.00999999999999999));
#5643=CARTESIAN_POINT('',(-0.51,-0.4,0.));
#5644=CARTESIAN_POINT('Origin',(-0.51,-0.4,0.00999999999999999));
#5645=CARTESIAN_POINT('',(-0.51,0.4,0.));
#5646=CARTESIAN_POINT('',(-0.51,-0.2,0.));
#5647=CARTESIAN_POINT('',(-0.5,0.4,0.00999999999999999));
#5648=CARTESIAN_POINT('Origin',(-0.51,0.4,0.00999999999999999));
#5649=CARTESIAN_POINT('',(-0.5,-0.2,0.00999999999999999));
#5650=CARTESIAN_POINT('Origin',(-0.5,-0.4,0.11613787335));
#5651=CARTESIAN_POINT('',(-0.5,0.4,0.03));
#5652=CARTESIAN_POINT('',(-0.5,0.4,0.058068936675));
#5653=CARTESIAN_POINT('',(-0.5,-0.4,0.03));
#5654=CARTESIAN_POINT('',(-0.5,-0.4,0.03));
#5655=CARTESIAN_POINT('',(-0.5,-0.4,0.058068936675));
#5656=CARTESIAN_POINT('Origin',(0.8,0.4,0.));
#5657=CARTESIAN_POINT('',(-0.78,0.4,0.));
#5658=CARTESIAN_POINT('',(0.8,0.4,0.));
#5659=CARTESIAN_POINT('',(-0.8,0.4,0.02));
#5660=CARTESIAN_POINT('Origin',(-0.78,0.4,0.02));
#5661=CARTESIAN_POINT('',(-0.8,0.4,0.53));
#5662=CARTESIAN_POINT('',(-0.8,0.4,0.));
#5663=CARTESIAN_POINT('',(-0.78,0.4,0.55));
#5664=CARTESIAN_POINT('Origin',(-0.78,0.4,0.53));
#5665=CARTESIAN_POINT('',(-0.56,0.4,0.55));
#5666=CARTESIAN_POINT('',(0.8,0.4,0.55));
#5667=CARTESIAN_POINT('',(-0.56,0.4,0.275));
#5668=CARTESIAN_POINT('',(-0.760000000000001,0.4,0.5));
#5669=CARTESIAN_POINT('Origin',(-0.75,0.4,0.5));
#5670=CARTESIAN_POINT('',(-0.76,0.4,0.05));
#5671=CARTESIAN_POINT('',(-0.76,0.4,0.255));
#5672=CARTESIAN_POINT('',(-0.75,0.4,0.04));
#5673=CARTESIAN_POINT('Origin',(-0.75,0.4,0.05));
#5674=CARTESIAN_POINT('',(-0.51,0.4,0.04));
#5675=CARTESIAN_POINT('',(0.0199999999999999,0.4,0.04));
#5676=CARTESIAN_POINT('Origin',(-0.51,0.4,0.03));
#5677=CARTESIAN_POINT('Origin',(-0.51,-0.4,0.03));
#5678=CARTESIAN_POINT('',(-0.51,-0.4,0.04));
#5679=CARTESIAN_POINT('',(-0.51,-0.4,0.04));
#5680=CARTESIAN_POINT('Origin',(-0.51,-0.4,0.03));
#5681=CARTESIAN_POINT('Origin',(-0.76,-0.4,0.04));
#5682=CARTESIAN_POINT('',(-0.75,-0.4,0.04));
#5683=CARTESIAN_POINT('',(-0.75,-0.4,0.04));
#5684=CARTESIAN_POINT('',(-0.78,-0.4,0.04));
#5685=CARTESIAN_POINT('Origin',(-0.75,-0.4,0.5));
#5686=CARTESIAN_POINT('',(-0.76,-0.4,0.5));
#5687=CARTESIAN_POINT('Origin',(-0.75,-0.4,0.5));
#5688=CARTESIAN_POINT('',(-0.76,-0.4,0.5));
#5689=CARTESIAN_POINT('Origin',(-0.75,-0.4,0.05));
#5690=CARTESIAN_POINT('',(-0.76,-0.4,0.05));
#5691=CARTESIAN_POINT('',(-0.76,-0.4,0.05));
#5692=CARTESIAN_POINT('Origin',(-0.75,-0.4,0.05));
#5693=CARTESIAN_POINT('Origin',(-0.76,-0.4,0.51));
#5694=CARTESIAN_POINT('',(-0.76,-0.4,0.255));
#5695=CARTESIAN_POINT('Origin',(-0.78,0.2,0.53));
#5696=CARTESIAN_POINT('',(-0.8,-0.4,0.53));
#5697=CARTESIAN_POINT('',(-0.78,-0.4,0.55));
#5698=CARTESIAN_POINT('Origin',(-0.78,-0.4,0.53));
#5699=CARTESIAN_POINT('',(-0.78,0.2,0.55));
#5700=CARTESIAN_POINT('',(-0.8,0.2,0.53));
#5701=CARTESIAN_POINT('Origin',(-0.8,0.4,0.));
#5702=CARTESIAN_POINT('',(-0.8,-0.4,0.02));
#5703=CARTESIAN_POINT('',(-0.8,0.2,0.02));
#5704=CARTESIAN_POINT('',(-0.8,-0.4,0.));
#5705=CARTESIAN_POINT('Origin',(-0.78,0.2,0.02));
#5706=CARTESIAN_POINT('',(-0.78,-0.4,0.));
#5707=CARTESIAN_POINT('Origin',(-0.78,-0.4,0.02));
#5708=CARTESIAN_POINT('',(-0.78,0.2,0.));
#5709=CARTESIAN_POINT('Origin',(-5.42101086242752E-17,-3.97540796578018E-18,
0.));
#5710=CARTESIAN_POINT('',(-0.8,-0.4,0.));
#5711=CARTESIAN_POINT('Origin',(-0.56,-0.32,0.55));
#5712=CARTESIAN_POINT('',(-0.56,-0.32,0.55));
#5713=CARTESIAN_POINT('',(-0.28,-0.32,0.55));
#5714=CARTESIAN_POINT('',(-0.56,-0.32,0.55));
#5715=CARTESIAN_POINT('Origin',(-0.56,-0.4,0.55));
#5716=CARTESIAN_POINT('',(-0.56,-0.4,0.55));
#5717=CARTESIAN_POINT('',(-0.56,-0.2,0.55));
#5718=CARTESIAN_POINT('',(-0.56,-0.4,0.275));
#5719=CARTESIAN_POINT('Origin',(-0.56,0.32,0.55));
#5720=CARTESIAN_POINT('',(-0.56,0.16,0.55));
#5721=CARTESIAN_POINT('Origin',(0.,0.,0.55));
#5722=CARTESIAN_POINT('',(-0.8,-0.4,0.55));
#5723=CARTESIAN_POINT('Origin',(-0.8,-0.4,0.));
#5724=CARTESIAN_POINT('Origin',(0.52,-0.4,0.53));
#5725=CARTESIAN_POINT('',(0.5,0.32,0.55));
#5726=CARTESIAN_POINT('',(0.54,0.32,0.51));
#5727=CARTESIAN_POINT('',(0.525,0.32,0.525));
#5728=CARTESIAN_POINT('',(0.54,-0.32,0.51));
#5729=CARTESIAN_POINT('',(0.54,-0.4,0.51));
#5730=CARTESIAN_POINT('',(0.5,-0.32,0.55));
#5731=CARTESIAN_POINT('',(0.51,-0.32,0.54));
#5732=CARTESIAN_POINT('',(0.5,-0.2,0.55));
#5733=CARTESIAN_POINT('Origin',(0.5,-0.32,0.55));
#5734=CARTESIAN_POINT('',(0.540201842351794,-0.32,0.51));
#5735=CARTESIAN_POINT('',(0.63,-0.32,0.51));
#5736=CARTESIAN_POINT('',(0.540201842351794,-0.32,0.55));
#5737=CARTESIAN_POINT('',(0.540201842351794,-0.32,0.55));
#5738=CARTESIAN_POINT('',(0.25,-0.32,0.55));
#5739=CARTESIAN_POINT('Origin',(0.76,-0.4,0.51));
#5740=CARTESIAN_POINT('',(0.56,0.32,0.51));
#5741=CARTESIAN_POINT('',(0.66,0.32,0.51));
#5742=CARTESIAN_POINT('',(0.56,0.4,0.51));
#5743=CARTESIAN_POINT('',(0.56,1.04083408558608E-16,0.51));
#5744=CARTESIAN_POINT('',(0.75,0.4,0.51));
#5745=CARTESIAN_POINT('',(0.78,0.4,0.51));
#5746=CARTESIAN_POINT('',(0.75,-0.4,0.51));
#5747=CARTESIAN_POINT('',(0.75,-0.4,0.51));
#5748=CARTESIAN_POINT('',(0.56,-0.4,0.51));
#5749=CARTESIAN_POINT('',(-0.0200000000000001,-0.4,0.51));
#5750=CARTESIAN_POINT('',(0.56,-0.321353467126882,0.51));
#5751=CARTESIAN_POINT('',(0.56,-0.360676733563441,0.51));
#5752=CARTESIAN_POINT('',(0.540201842351794,-0.321353467126882,0.51));
#5753=CARTESIAN_POINT('',(0.63,-0.321353467126882,0.51));
#5754=CARTESIAN_POINT('',(0.540201842351794,-0.36,0.51));
#5755=CARTESIAN_POINT('Origin',(0.75,-0.4,0.5));
#5756=CARTESIAN_POINT('',(0.76,-0.4,0.5));
#5757=CARTESIAN_POINT('Origin',(0.75,-0.4,0.5));
#5758=CARTESIAN_POINT('',(0.76,0.4,0.5));
#5759=CARTESIAN_POINT('Origin',(0.75,0.4,0.5));
#5760=CARTESIAN_POINT('',(0.76,-0.4,0.5));
#5761=CARTESIAN_POINT('Origin',(0.75,-0.4,0.0500000000000001));
#5762=CARTESIAN_POINT('',(0.76,0.4,0.0500000000000001));
#5763=CARTESIAN_POINT('',(0.75,0.4,0.0400000000000001));
#5764=CARTESIAN_POINT('Origin',(0.75,0.4,0.0500000000000001));
#5765=CARTESIAN_POINT('',(0.75,-0.4,0.0400000000000001));
#5766=CARTESIAN_POINT('',(0.75,-0.4,0.0400000000000001));
#5767=CARTESIAN_POINT('',(0.76,-0.4,0.0500000000000001));
#5768=CARTESIAN_POINT('Origin',(0.75,-0.4,0.0500000000000001));
#5769=CARTESIAN_POINT('',(0.76,-0.4,0.0500000000000001));
#5770=CARTESIAN_POINT('Origin',(-0.76,-0.4,0.04));
#5771=CARTESIAN_POINT('',(0.51,0.4,0.0400000000000001));
#5772=CARTESIAN_POINT('',(0.0199999999999999,0.4,0.04));
#5773=CARTESIAN_POINT('',(0.51,-0.4,0.0400000000000001));
#5774=CARTESIAN_POINT('',(0.51,-0.4,0.0400000000000001));
#5775=CARTESIAN_POINT('',(-0.78,-0.4,0.04));
#5776=CARTESIAN_POINT('Origin',(0.51,-0.2,0.01));
#5777=CARTESIAN_POINT('',(0.5,0.4,0.01));
#5778=CARTESIAN_POINT('',(0.51,0.4,0.));
#5779=CARTESIAN_POINT('Origin',(0.51,0.4,0.01));
#5780=CARTESIAN_POINT('',(0.51,-0.4,0.));
#5781=CARTESIAN_POINT('',(0.51,-0.2,0.));
#5782=CARTESIAN_POINT('',(0.5,-0.4,0.01));
#5783=CARTESIAN_POINT('Origin',(0.51,-0.4,0.01));
#5784=CARTESIAN_POINT('',(0.5,-0.2,0.01));
#5785=CARTESIAN_POINT('Origin',(0.5,-0.4,-0.11613787335));
#5786=CARTESIAN_POINT('',(0.5,-0.4,0.0300000000000001));
#5787=CARTESIAN_POINT('',(0.5,-0.4,-0.0580689366749999));
#5788=CARTESIAN_POINT('',(0.5,0.4,0.0300000000000001));
#5789=CARTESIAN_POINT('',(0.5,-0.4,0.0300000000000001));
#5790=CARTESIAN_POINT('',(0.5,0.4,-0.0580689366749999));
#5791=CARTESIAN_POINT('Origin',(-0.8,-0.4,0.));
#5792=CARTESIAN_POINT('',(0.78,-0.4,0.));
#5793=CARTESIAN_POINT('',(-0.8,-0.4,0.));
#5794=CARTESIAN_POINT('',(0.8,-0.4,0.02));
#5795=CARTESIAN_POINT('Origin',(0.78,-0.4,0.02));
#5796=CARTESIAN_POINT('',(0.8,-0.4,0.53));
#5797=CARTESIAN_POINT('',(0.8,-0.4,0.));
#5798=CARTESIAN_POINT('',(0.78,-0.4,0.55));
#5799=CARTESIAN_POINT('Origin',(0.78,-0.4,0.53));
#5800=CARTESIAN_POINT('',(0.56,-0.4,0.55));
#5801=CARTESIAN_POINT('',(-0.8,-0.4,0.55));
#5802=CARTESIAN_POINT('',(0.56,-0.4,0.275));
#5803=CARTESIAN_POINT('',(0.76,-0.4,0.0200000000000001));
#5804=CARTESIAN_POINT('Origin',(0.51,-0.4,0.0300000000000001));
#5805=CARTESIAN_POINT('Origin',(0.51,-0.4,0.0300000000000001));
#5806=CARTESIAN_POINT('Origin',(0.51,0.4,0.0300000000000001));
#5807=CARTESIAN_POINT('Origin',(0.78,-0.2,0.02));
#5808=CARTESIAN_POINT('',(0.78,0.4,0.));
#5809=CARTESIAN_POINT('',(0.8,0.4,0.02));
#5810=CARTESIAN_POINT('Origin',(0.78,0.4,0.02));
#5811=CARTESIAN_POINT('',(0.8,-0.2,0.02));
#5812=CARTESIAN_POINT('',(0.78,-0.2,0.));
#5813=CARTESIAN_POINT('Origin',(0.8,-0.4,0.));
#5814=CARTESIAN_POINT('',(0.8,0.4,0.53));
#5815=CARTESIAN_POINT('',(0.8,0.4,0.));
#5816=CARTESIAN_POINT('',(0.8,-0.2,0.53));
#5817=CARTESIAN_POINT('Origin',(0.78,-0.2,0.53));
#5818=CARTESIAN_POINT('',(0.78,0.4,0.55));
#5819=CARTESIAN_POINT('Origin',(0.78,0.4,0.53));
#5820=CARTESIAN_POINT('',(0.78,-0.2,0.55));
#5821=CARTESIAN_POINT('Origin',(0.56,0.4,0.55));
#5822=CARTESIAN_POINT('',(0.56,0.32,0.55));
#5823=CARTESIAN_POINT('',(0.56,0.32,0.55));
#5824=CARTESIAN_POINT('',(0.56,0.4,0.55));
#5825=CARTESIAN_POINT('',(0.56,0.2,0.55));
#5826=CARTESIAN_POINT('',(0.56,0.4,0.275));
#5827=CARTESIAN_POINT('Origin',(0.56,0.32,0.55));
#5828=CARTESIAN_POINT('',(0.28,0.32,0.55));
#5829=CARTESIAN_POINT('Origin',(0.540201842351794,-0.32,0.55));
#5830=CARTESIAN_POINT('',(0.540201842351794,-0.321353467126882,0.55));
#5831=CARTESIAN_POINT('',(0.540201842351794,-0.321353467126882,0.55));
#5832=CARTESIAN_POINT('',(0.540201842351794,-0.16,0.55));
#5833=CARTESIAN_POINT('Origin',(0.56,-0.321353467126882,0.55));
#5834=CARTESIAN_POINT('',(0.56,-0.321353467126882,0.55));
#5835=CARTESIAN_POINT('',(0.56,-0.160676733563441,0.55));
#5836=CARTESIAN_POINT('',(0.56,-0.321353467126882,0.55));
#5837=CARTESIAN_POINT('Origin',(0.5,-0.321353467126882,0.55));
#5838=CARTESIAN_POINT('',(0.25,-0.321353467126882,0.55));
#5839=CARTESIAN_POINT('Origin',(0.,0.,0.55));
#5840=CARTESIAN_POINT('',(0.8,0.4,0.55));
#5841=CARTESIAN_POINT('Origin',(-5.42101086242752E-17,-3.97540796578018E-18,
0.));
#5842=CARTESIAN_POINT('',(0.8,0.4,0.));
#5843=CARTESIAN_POINT('Origin',(0.8,0.4,0.));
#5844=CARTESIAN_POINT('',(0.76,0.4,0.0200000000000001));
#5845=CARTESIAN_POINT('Origin',(0.76,-0.4,0.0400000000000001));
#5846=CARTESIAN_POINT('',(0.,0.,0.));
#5847=CARTESIAN_POINT('Ctrl Pts',(0.391022627543094,0.0851932802655989,
0.));
#5848=CARTESIAN_POINT('Ctrl Pts',(0.391022627543094,0.0851932802655989,
0.1));
#5849=CARTESIAN_POINT('Ctrl Pts',(0.39283658053861,0.0851932802655961,0.));
#5850=CARTESIAN_POINT('Ctrl Pts',(0.39283658053861,0.0851932802655961,0.1));
#5851=CARTESIAN_POINT('Ctrl Pts',(0.394571676836416,0.0856664799829785,
0.));
#5852=CARTESIAN_POINT('Ctrl Pts',(0.394571676836416,0.0856664799829785,
0.1));
#5853=CARTESIAN_POINT('Ctrl Pts',(0.395675838373814,0.0869756873349317,
0.));
#5854=CARTESIAN_POINT('Ctrl Pts',(0.395675838373814,0.0869756873349317,
0.1));
#5855=CARTESIAN_POINT('',(0.391022627543094,0.0851932802655989,0.));
#5856=CARTESIAN_POINT('',(0.395675838373814,0.0869756873349317,0.));
#5857=CARTESIAN_POINT('Ctrl Pts',(0.391022627543094,0.0851932802655989,
0.));
#5858=CARTESIAN_POINT('Ctrl Pts',(0.39283658053861,0.0851932802655961,0.));
#5859=CARTESIAN_POINT('Ctrl Pts',(0.394571676836416,0.0856664799829785,
0.));
#5860=CARTESIAN_POINT('Ctrl Pts',(0.395675838373814,0.0869756873349317,
0.));
#5861=CARTESIAN_POINT('',(0.391022627543094,0.0851932802655989,0.1));
#5862=CARTESIAN_POINT('',(0.391022627543094,0.0851932802655989,0.));
#5863=CARTESIAN_POINT('',(0.395675838373814,0.0869756873349317,0.1));
#5864=CARTESIAN_POINT('Ctrl Pts',(0.395675838373814,0.0869756873349317,
0.1));
#5865=CARTESIAN_POINT('Ctrl Pts',(0.394571676836416,0.0856664799829785,
0.1));
#5866=CARTESIAN_POINT('Ctrl Pts',(0.39283658053861,0.0851932802655961,0.1));
#5867=CARTESIAN_POINT('Ctrl Pts',(0.391022627543094,0.0851932802655989,
0.1));
#5868=CARTESIAN_POINT('',(0.395675838373814,0.0869756873349317,0.));
#5869=CARTESIAN_POINT('Ctrl Pts',(0.383687931803574,0.0971259692881589,
0.));
#5870=CARTESIAN_POINT('Ctrl Pts',(0.383687931803574,0.0971259692881589,
0.1));
#5871=CARTESIAN_POINT('Ctrl Pts',(0.383687931803585,0.0926620556624644,
0.));
#5872=CARTESIAN_POINT('Ctrl Pts',(0.383687931803585,0.0926620556624644,
0.1));
#5873=CARTESIAN_POINT('Ctrl Pts',(0.384713214995598,0.0851932802655961,
0.));
#5874=CARTESIAN_POINT('Ctrl Pts',(0.384713214995598,0.0851932802655961,
0.1));
#5875=CARTESIAN_POINT('Ctrl Pts',(0.391022627543094,0.0851932802655989,
0.));
#5876=CARTESIAN_POINT('Ctrl Pts',(0.391022627543094,0.0851932802655989,
0.1));
#5877=CARTESIAN_POINT('',(0.383687931803574,0.0971259692881589,0.));
#5878=CARTESIAN_POINT('Ctrl Pts',(0.383687931803574,0.0971259692881589,
0.));
#5879=CARTESIAN_POINT('Ctrl Pts',(0.383687931803585,0.0926620556624644,
0.));
#5880=CARTESIAN_POINT('Ctrl Pts',(0.384713214995598,0.0851932802655961,
0.));
#5881=CARTESIAN_POINT('Ctrl Pts',(0.391022627543094,0.0851932802655989,
0.));
#5882=CARTESIAN_POINT('',(0.383687931803574,0.0971259692881589,0.1));
#5883=CARTESIAN_POINT('',(0.383687931803574,0.0971259692881589,0.));
#5884=CARTESIAN_POINT('Ctrl Pts',(0.391022627543094,0.0851932802655989,
0.1));
#5885=CARTESIAN_POINT('Ctrl Pts',(0.384713214995598,0.0851932802655961,
0.1));
#5886=CARTESIAN_POINT('Ctrl Pts',(0.383687931803585,0.0926620556624644,
0.1));
#5887=CARTESIAN_POINT('Ctrl Pts',(0.383687931803574,0.0971259692881589,
0.1));
#5888=CARTESIAN_POINT('Ctrl Pts',(0.387236975685022,0.107008113574292,0.));
#5889=CARTESIAN_POINT('Ctrl Pts',(0.387236975685022,0.107008113574292,0.1));
#5890=CARTESIAN_POINT('Ctrl Pts',(0.385186414712842,0.105343988845648,0.));
#5891=CARTESIAN_POINT('Ctrl Pts',(0.385186414712842,0.105343988845648,0.1));
#5892=CARTESIAN_POINT('Ctrl Pts',(0.383687931803585,0.10281233761569,0.));
#5893=CARTESIAN_POINT('Ctrl Pts',(0.383687931803585,0.10281233761569,0.1));
#5894=CARTESIAN_POINT('Ctrl Pts',(0.383687931803574,0.0971259692881589,
0.));
#5895=CARTESIAN_POINT('Ctrl Pts',(0.383687931803574,0.0971259692881589,
0.1));
#5896=CARTESIAN_POINT('',(0.387236975685022,0.107008113574292,0.));
#5897=CARTESIAN_POINT('Ctrl Pts',(0.387236975685022,0.107008113574292,0.));
#5898=CARTESIAN_POINT('Ctrl Pts',(0.385186414712842,0.105343988845648,0.));
#5899=CARTESIAN_POINT('Ctrl Pts',(0.383687931803585,0.10281233761569,0.));
#5900=CARTESIAN_POINT('Ctrl Pts',(0.383687931803574,0.0971259692881589,
0.));
#5901=CARTESIAN_POINT('',(0.387236975685022,0.107008113574292,0.1));
#5902=CARTESIAN_POINT('',(0.387236975685022,0.107008113574292,0.));
#5903=CARTESIAN_POINT('Ctrl Pts',(0.383687931803574,0.0971259692881589,
0.1));
#5904=CARTESIAN_POINT('Ctrl Pts',(0.383687931803585,0.10281233761569,0.1));
#5905=CARTESIAN_POINT('Ctrl Pts',(0.385186414712842,0.105343988845648,0.1));
#5906=CARTESIAN_POINT('Ctrl Pts',(0.387236975685022,0.107008113574292,0.1));
#5907=CARTESIAN_POINT('Ctrl Pts',(0.391101489652702,0.108498711355035,0.));
#5908=CARTESIAN_POINT('Ctrl Pts',(0.391101489652702,0.108498711355035,0.1));
#5909=CARTESIAN_POINT('Ctrl Pts',(0.38912981784965,0.108498711355039,0.));
#5910=CARTESIAN_POINT('Ctrl Pts',(0.38912981784965,0.108498711355039,0.1));
#5911=CARTESIAN_POINT('Ctrl Pts',(0.387710175402441,0.10735511335105,0.));
#5912=CARTESIAN_POINT('Ctrl Pts',(0.387710175402441,0.10735511335105,0.1));
#5913=CARTESIAN_POINT('Ctrl Pts',(0.387236975685022,0.107008113574292,0.));
#5914=CARTESIAN_POINT('Ctrl Pts',(0.387236975685022,0.107008113574292,0.1));
#5915=CARTESIAN_POINT('',(0.391101489652702,0.108498711355035,0.));
#5916=CARTESIAN_POINT('Ctrl Pts',(0.391101489652702,0.108498711355035,0.));
#5917=CARTESIAN_POINT('Ctrl Pts',(0.38912981784965,0.108498711355039,0.));
#5918=CARTESIAN_POINT('Ctrl Pts',(0.387710175402441,0.10735511335105,0.));
#5919=CARTESIAN_POINT('Ctrl Pts',(0.387236975685022,0.107008113574292,0.));
#5920=CARTESIAN_POINT('',(0.391101489652702,0.108498711355035,0.1));
#5921=CARTESIAN_POINT('',(0.391101489652702,0.108498711355035,0.));
#5922=CARTESIAN_POINT('Ctrl Pts',(0.387236975685022,0.107008113574292,0.1));
#5923=CARTESIAN_POINT('Ctrl Pts',(0.387710175402441,0.10735511335105,0.1));
#5924=CARTESIAN_POINT('Ctrl Pts',(0.38912981784965,0.108498711355039,0.1));
#5925=CARTESIAN_POINT('Ctrl Pts',(0.391101489652702,0.108498711355035,0.1));
#5926=CARTESIAN_POINT('Ctrl Pts',(0.395675838373814,0.106810942064479,0.));
#5927=CARTESIAN_POINT('Ctrl Pts',(0.395675838373814,0.106810942064479,0.1));
#5928=CARTESIAN_POINT('Ctrl Pts',(0.394177350082107,0.108214776402926,0.));
#5929=CARTESIAN_POINT('Ctrl Pts',(0.394177350082107,0.108214776402926,0.1));
#5930=CARTESIAN_POINT('Ctrl Pts',(0.391890170315626,0.108498711434816,0.));
#5931=CARTESIAN_POINT('Ctrl Pts',(0.391890170315626,0.108498711434816,0.1));
#5932=CARTESIAN_POINT('Ctrl Pts',(0.391101489652702,0.108498711355035,0.));
#5933=CARTESIAN_POINT('Ctrl Pts',(0.391101489652702,0.108498711355035,0.1));
#5934=CARTESIAN_POINT('',(0.395675838373814,0.106810942064479,0.));
#5935=CARTESIAN_POINT('Ctrl Pts',(0.395675838373814,0.106810942064479,0.));
#5936=CARTESIAN_POINT('Ctrl Pts',(0.394177350082107,0.108214776402926,0.));
#5937=CARTESIAN_POINT('Ctrl Pts',(0.391890170315626,0.108498711434816,0.));
#5938=CARTESIAN_POINT('Ctrl Pts',(0.391101489652702,0.108498711355035,0.));
#5939=CARTESIAN_POINT('',(0.395675838373814,0.106810942064479,0.1));
#5940=CARTESIAN_POINT('',(0.395675838373814,0.106810942064479,0.));
#5941=CARTESIAN_POINT('Ctrl Pts',(0.391101489652702,0.108498711355035,0.1));
#5942=CARTESIAN_POINT('Ctrl Pts',(0.391890170315626,0.108498711434816,0.1));
#5943=CARTESIAN_POINT('Ctrl Pts',(0.394177350082107,0.108214776402926,0.1));
#5944=CARTESIAN_POINT('Ctrl Pts',(0.395675838373814,0.106810942064479,0.1));
#5945=CARTESIAN_POINT('Ctrl Pts',(0.39867280960439,0.0968972680877846,0.));
#5946=CARTESIAN_POINT('Ctrl Pts',(0.39867280960439,0.0968972680877846,0.1));
#5947=CARTESIAN_POINT('Ctrl Pts',(0.398672809595039,0.0971575314500892,
0.));
#5948=CARTESIAN_POINT('Ctrl Pts',(0.398672809595039,0.0971575314500892,
0.1));
#5949=CARTESIAN_POINT('Ctrl Pts',(0.398751682294378,0.10366411551025,0.));
#5950=CARTESIAN_POINT('Ctrl Pts',(0.398751682294378,0.10366411551025,0.1));
#5951=CARTESIAN_POINT('Ctrl Pts',(0.395675838373814,0.106810942064479,0.));
#5952=CARTESIAN_POINT('Ctrl Pts',(0.395675838373814,0.106810942064479,0.1));
#5953=CARTESIAN_POINT('',(0.39867280960439,0.0968972680877846,0.));
#5954=CARTESIAN_POINT('Ctrl Pts',(0.39867280960439,0.0968972680877846,0.));
#5955=CARTESIAN_POINT('Ctrl Pts',(0.398672809595039,0.0971575314500892,
0.));
#5956=CARTESIAN_POINT('Ctrl Pts',(0.398751682294378,0.10366411551025,0.));
#5957=CARTESIAN_POINT('Ctrl Pts',(0.395675838373814,0.106810942064479,0.));
#5958=CARTESIAN_POINT('',(0.39867280960439,0.0968972680877846,0.1));
#5959=CARTESIAN_POINT('',(0.39867280960439,0.0968972680877846,0.));
#5960=CARTESIAN_POINT('Ctrl Pts',(0.395675838373814,0.106810942064479,0.1));
#5961=CARTESIAN_POINT('Ctrl Pts',(0.398751682294378,0.10366411551025,0.1));
#5962=CARTESIAN_POINT('Ctrl Pts',(0.398672809595039,0.0971575314500892,
0.1));
#5963=CARTESIAN_POINT('Ctrl Pts',(0.39867280960439,0.0968972680877846,0.1));
#5964=CARTESIAN_POINT('Ctrl Pts',(0.395675838373814,0.0869756873349317,
0.));
#5965=CARTESIAN_POINT('Ctrl Pts',(0.395675838373814,0.0869756873349317,
0.1));
#5966=CARTESIAN_POINT('Ctrl Pts',(0.397174310484218,0.0886397958055725,
0.));
#5967=CARTESIAN_POINT('Ctrl Pts',(0.397174310484218,0.0886397958055725,
0.1));
#5968=CARTESIAN_POINT('Ctrl Pts',(0.398751682607393,0.0916446737888749,
0.));
#5969=CARTESIAN_POINT('Ctrl Pts',(0.398751682607393,0.0916446737888749,
0.1));
#5970=CARTESIAN_POINT('Ctrl Pts',(0.39867280960439,0.0968972680877846,0.));
#5971=CARTESIAN_POINT('Ctrl Pts',(0.39867280960439,0.0968972680877846,0.1));
#5972=CARTESIAN_POINT('Ctrl Pts',(0.395675838373814,0.0869756873349317,
0.));
#5973=CARTESIAN_POINT('Ctrl Pts',(0.397174310484218,0.0886397958055725,
0.));
#5974=CARTESIAN_POINT('Ctrl Pts',(0.398751682607393,0.0916446737888749,
0.));
#5975=CARTESIAN_POINT('Ctrl Pts',(0.39867280960439,0.0968972680877846,0.));
#5976=CARTESIAN_POINT('Ctrl Pts',(0.39867280960439,0.0968972680877846,0.1));
#5977=CARTESIAN_POINT('Ctrl Pts',(0.398751682607393,0.0916446737888749,
0.1));
#5978=CARTESIAN_POINT('Ctrl Pts',(0.397174310484218,0.0886397958055725,
0.1));
#5979=CARTESIAN_POINT('Ctrl Pts',(0.395675838373814,0.0869756873349317,
0.1));
#5980=CARTESIAN_POINT('Ctrl Pts',(0.37311965144487,0.0800511102841387,0.));
#5981=CARTESIAN_POINT('Ctrl Pts',(0.37311965144487,0.0800511102841387,0.1));
#5982=CARTESIAN_POINT('Ctrl Pts',(0.379192470627994,0.0728741279401277,
0.));
#5983=CARTESIAN_POINT('Ctrl Pts',(0.379192470627994,0.0728741279401277,
0.1));
#5984=CARTESIAN_POINT('Ctrl Pts',(0.38747356742584,0.0727006172279685,0.));
#5985=CARTESIAN_POINT('Ctrl Pts',(0.38747356742584,0.0727006172279685,0.1));
#5986=CARTESIAN_POINT('Ctrl Pts',(0.390470554892222,0.0727006172279786,
0.));
#5987=CARTESIAN_POINT('Ctrl Pts',(0.390470554892222,0.0727006172279786,
0.1));
#5988=CARTESIAN_POINT('',(0.390470554892222,0.0727006172279786,0.));
#5989=CARTESIAN_POINT('',(0.37311965144487,0.0800511102841387,0.));
#5990=CARTESIAN_POINT('Ctrl Pts',(0.390470554892222,0.0727006172279786,
0.));
#5991=CARTESIAN_POINT('Ctrl Pts',(0.38747356742584,0.0727006172279685,0.));
#5992=CARTESIAN_POINT('Ctrl Pts',(0.379192470627994,0.0728741279401277,
0.));
#5993=CARTESIAN_POINT('Ctrl Pts',(0.37311965144487,0.0800511102841387,0.));
#5994=CARTESIAN_POINT('',(0.390470554892222,0.0727006172279786,0.1));
#5995=CARTESIAN_POINT('',(0.390470554892222,0.0727006172279786,0.));
#5996=CARTESIAN_POINT('',(0.37311965144487,0.0800511102841387,0.1));
#5997=CARTESIAN_POINT('Ctrl Pts',(0.37311965144487,0.0800511102841387,0.1));
#5998=CARTESIAN_POINT('Ctrl Pts',(0.379192470627994,0.0728741279401277,
0.1));
#5999=CARTESIAN_POINT('Ctrl Pts',(0.38747356742584,0.0727006172279685,0.1));
#6000=CARTESIAN_POINT('Ctrl Pts',(0.390470554892222,0.0727006172279786,
0.1));
#6001=CARTESIAN_POINT('',(0.37311965144487,0.0800511102841387,0.));
#6002=CARTESIAN_POINT('Ctrl Pts',(0.367520031979158,0.0972994691765317,
0.));
#6003=CARTESIAN_POINT('Ctrl Pts',(0.367520031979158,0.0972994691765317,
0.1));
#6004=CARTESIAN_POINT('Ctrl Pts',(0.367520031979137,0.0881902569081736,
0.));
#6005=CARTESIAN_POINT('Ctrl Pts',(0.367520031979137,0.0881902569081736,
0.1));
#6006=CARTESIAN_POINT('Ctrl Pts',(0.370595864778319,0.083111162543472,0.));
#6007=CARTESIAN_POINT('Ctrl Pts',(0.370595864778319,0.083111162543472,0.1));
#6008=CARTESIAN_POINT('Ctrl Pts',(0.37311965144487,0.0800511102841387,0.));
#6009=CARTESIAN_POINT('Ctrl Pts',(0.37311965144487,0.0800511102841387,0.1));
#6010=CARTESIAN_POINT('',(0.367520031979158,0.0972994691765317,0.));
#6011=CARTESIAN_POINT('Ctrl Pts',(0.37311965144487,0.0800511102841387,0.));
#6012=CARTESIAN_POINT('Ctrl Pts',(0.370595864778319,0.083111162543472,0.));
#6013=CARTESIAN_POINT('Ctrl Pts',(0.367520031979137,0.0881902569081736,
0.));
#6014=CARTESIAN_POINT('Ctrl Pts',(0.367520031979158,0.0972994691765317,
0.));
#6015=CARTESIAN_POINT('',(0.367520031979158,0.0972994691765317,0.1));
#6016=CARTESIAN_POINT('Ctrl Pts',(0.367520031979158,0.0972994691765317,
0.1));
#6017=CARTESIAN_POINT('Ctrl Pts',(0.367520031979137,0.0881902569081736,
0.1));
#6018=CARTESIAN_POINT('Ctrl Pts',(0.370595864778319,0.083111162543472,0.1));
#6019=CARTESIAN_POINT('Ctrl Pts',(0.37311965144487,0.0800511102841387,0.1));
#6020=CARTESIAN_POINT('',(0.367520031979158,0.0972994691765317,0.));
#6021=CARTESIAN_POINT('Ctrl Pts',(0.369018518135726,0.106400823375785,0.));
#6022=CARTESIAN_POINT('Ctrl Pts',(0.369018518135726,0.106400823375785,0.1));
#6023=CARTESIAN_POINT('Ctrl Pts',(0.367520031979137,0.102465310779478,0.));
#6024=CARTESIAN_POINT('Ctrl Pts',(0.367520031979137,0.102465310779478,0.1));
#6025=CARTESIAN_POINT('Ctrl Pts',(0.367520031979137,0.098876841255032,0.));
#6026=CARTESIAN_POINT('Ctrl Pts',(0.367520031979137,0.098876841255032,0.1));
#6027=CARTESIAN_POINT('Ctrl Pts',(0.367520031979158,0.0972994691765317,
0.));
#6028=CARTESIAN_POINT('Ctrl Pts',(0.367520031979158,0.0972994691765317,
0.1));
#6029=CARTESIAN_POINT('',(0.369018518135726,0.106400823375785,0.));
#6030=CARTESIAN_POINT('Ctrl Pts',(0.367520031979158,0.0972994691765317,
0.));
#6031=CARTESIAN_POINT('Ctrl Pts',(0.367520031979137,0.098876841255032,0.));
#6032=CARTESIAN_POINT('Ctrl Pts',(0.367520031979137,0.102465310779478,0.));
#6033=CARTESIAN_POINT('Ctrl Pts',(0.369018518135726,0.106400823375785,0.));
#6034=CARTESIAN_POINT('',(0.369018518135726,0.106400823375785,0.1));
#6035=CARTESIAN_POINT('Ctrl Pts',(0.369018518135726,0.106400823375785,0.1));
#6036=CARTESIAN_POINT('Ctrl Pts',(0.367520031979137,0.102465310779478,0.1));
#6037=CARTESIAN_POINT('Ctrl Pts',(0.367520031979137,0.098876841255032,0.1));
#6038=CARTESIAN_POINT('Ctrl Pts',(0.367520031979158,0.0972994691765317,
0.1));
#6039=CARTESIAN_POINT('',(0.369018518135726,0.106400823375785,0.));
#6040=CARTESIAN_POINT('Ctrl Pts',(0.39133809762919,0.120841519066379,0.));
#6041=CARTESIAN_POINT('Ctrl Pts',(0.39133809762919,0.120841519066379,0.1));
#6042=CARTESIAN_POINT('Ctrl Pts',(0.381637370831396,0.120928266304606,0.));
#6043=CARTESIAN_POINT('Ctrl Pts',(0.381637370831396,0.120928266304606,0.1));
#6044=CARTESIAN_POINT('Ctrl Pts',(0.372409844833373,0.11637758920496,0.));
#6045=CARTESIAN_POINT('Ctrl Pts',(0.372409844833373,0.11637758920496,0.1));
#6046=CARTESIAN_POINT('Ctrl Pts',(0.369018518135726,0.106400823375785,0.));
#6047=CARTESIAN_POINT('Ctrl Pts',(0.369018518135726,0.106400823375785,0.1));
#6048=CARTESIAN_POINT('',(0.39133809762919,0.120841519066379,0.));
#6049=CARTESIAN_POINT('Ctrl Pts',(0.369018518135726,0.106400823375785,0.));
#6050=CARTESIAN_POINT('Ctrl Pts',(0.372409844833373,0.11637758920496,0.));
#6051=CARTESIAN_POINT('Ctrl Pts',(0.381637370831396,0.120928266304606,0.));
#6052=CARTESIAN_POINT('Ctrl Pts',(0.39133809762919,0.120841519066379,0.));
#6053=CARTESIAN_POINT('',(0.39133809762919,0.120841519066379,0.1));
#6054=CARTESIAN_POINT('Ctrl Pts',(0.39133809762919,0.120841519066379,0.1));
#6055=CARTESIAN_POINT('Ctrl Pts',(0.381637370831396,0.120928266304606,0.1));
#6056=CARTESIAN_POINT('Ctrl Pts',(0.372409844833373,0.11637758920496,0.1));
#6057=CARTESIAN_POINT('Ctrl Pts',(0.369018518135726,0.106400823375785,0.1));
#6058=CARTESIAN_POINT('',(0.39133809762919,0.120841519066379,0.));
#6059=CARTESIAN_POINT('Ctrl Pts',(0.407900336684862,0.114626733473747,0.));
#6060=CARTESIAN_POINT('Ctrl Pts',(0.407900336684862,0.114626733473747,0.1));
#6061=CARTESIAN_POINT('Ctrl Pts',(0.40206412385478,0.120581255703991,0.));
#6062=CARTESIAN_POINT('Ctrl Pts',(0.40206412385478,0.120581255703991,0.1));
#6063=CARTESIAN_POINT('Ctrl Pts',(0.393940742075923,0.12084151906638,0.));
#6064=CARTESIAN_POINT('Ctrl Pts',(0.393940742075923,0.12084151906638,0.1));
#6065=CARTESIAN_POINT('Ctrl Pts',(0.39133809762919,0.120841519066379,0.));
#6066=CARTESIAN_POINT('Ctrl Pts',(0.39133809762919,0.120841519066379,0.1));
#6067=CARTESIAN_POINT('',(0.407900336684862,0.114626733473747,0.));
#6068=CARTESIAN_POINT('Ctrl Pts',(0.39133809762919,0.120841519066379,0.));
#6069=CARTESIAN_POINT('Ctrl Pts',(0.393940742075923,0.12084151906638,0.));
#6070=CARTESIAN_POINT('Ctrl Pts',(0.40206412385478,0.120581255703991,0.));
#6071=CARTESIAN_POINT('Ctrl Pts',(0.407900336684862,0.114626733473747,0.));
#6072=CARTESIAN_POINT('',(0.407900336684862,0.114626733473747,0.1));
#6073=CARTESIAN_POINT('Ctrl Pts',(0.407900336684862,0.114626733473747,0.1));
#6074=CARTESIAN_POINT('Ctrl Pts',(0.40206412385478,0.120581255703991,0.1));
#6075=CARTESIAN_POINT('Ctrl Pts',(0.393940742075923,0.12084151906638,0.1));
#6076=CARTESIAN_POINT('Ctrl Pts',(0.39133809762919,0.120841519066379,0.1));
#6077=CARTESIAN_POINT('',(0.407900336684862,0.114626733473747,0.));
#6078=CARTESIAN_POINT('Ctrl Pts',(0.414446368032702,0.0965975682587717,
0.));
#6079=CARTESIAN_POINT('Ctrl Pts',(0.414446368032702,0.0965975682587717,
0.1));
#6080=CARTESIAN_POINT('Ctrl Pts',(0.414525240789115,0.106227307112125,0.));
#6081=CARTESIAN_POINT('Ctrl Pts',(0.414525240789115,0.106227307112125,0.1));
#6082=CARTESIAN_POINT('Ctrl Pts',(0.410818445743199,0.111653417567312,0.));
#6083=CARTESIAN_POINT('Ctrl Pts',(0.410818445743199,0.111653417567312,0.1));
#6084=CARTESIAN_POINT('Ctrl Pts',(0.407900336684862,0.114626733473747,0.));
#6085=CARTESIAN_POINT('Ctrl Pts',(0.407900336684862,0.114626733473747,0.1));
#6086=CARTESIAN_POINT('',(0.414446368032702,0.0965975682587717,0.));
#6087=CARTESIAN_POINT('Ctrl Pts',(0.407900336684862,0.114626733473747,0.));
#6088=CARTESIAN_POINT('Ctrl Pts',(0.410818445743199,0.111653417567312,0.));
#6089=CARTESIAN_POINT('Ctrl Pts',(0.414525240789115,0.106227307112125,0.));
#6090=CARTESIAN_POINT('Ctrl Pts',(0.414446368032702,0.0965975682587717,
0.));
#6091=CARTESIAN_POINT('',(0.414446368032702,0.0965975682587717,0.1));
#6092=CARTESIAN_POINT('Ctrl Pts',(0.414446368032702,0.0965975682587717,
0.1));
#6093=CARTESIAN_POINT('Ctrl Pts',(0.414525240789115,0.106227307112125,0.1));
#6094=CARTESIAN_POINT('Ctrl Pts',(0.410818445743199,0.111653417567312,0.1));
#6095=CARTESIAN_POINT('Ctrl Pts',(0.407900336684862,0.114626733473747,0.1));
#6096=CARTESIAN_POINT('',(0.414446368032702,0.0965975682587717,0.));
#6097=CARTESIAN_POINT('Ctrl Pts',(0.40829467429255,0.0791756661828587,0.));
#6098=CARTESIAN_POINT('Ctrl Pts',(0.40829467429255,0.0791756661828587,0.1));
#6099=CARTESIAN_POINT('Ctrl Pts',(0.414288632989631,0.0853036991252907,
0.));
#6100=CARTESIAN_POINT('Ctrl Pts',(0.414288632989631,0.0853036991252907,
0.1));
#6101=CARTESIAN_POINT('Ctrl Pts',(0.414446368032713,0.0942394169171598,
0.));
#6102=CARTESIAN_POINT('Ctrl Pts',(0.414446368032713,0.0942394169171598,
0.1));
#6103=CARTESIAN_POINT('Ctrl Pts',(0.414446368032702,0.0965975682587717,
0.));
#6104=CARTESIAN_POINT('Ctrl Pts',(0.414446368032702,0.0965975682587717,
0.1));
#6105=CARTESIAN_POINT('',(0.40829467429255,0.0791756661828587,0.));
#6106=CARTESIAN_POINT('Ctrl Pts',(0.414446368032702,0.0965975682587717,
0.));
#6107=CARTESIAN_POINT('Ctrl Pts',(0.414446368032713,0.0942394169171598,
0.));
#6108=CARTESIAN_POINT('Ctrl Pts',(0.414288632989631,0.0853036991252907,
0.));
#6109=CARTESIAN_POINT('Ctrl Pts',(0.40829467429255,0.0791756661828587,0.));
#6110=CARTESIAN_POINT('',(0.40829467429255,0.0791756661828587,0.1));
#6111=CARTESIAN_POINT('Ctrl Pts',(0.40829467429255,0.0791756661828587,0.1));
#6112=CARTESIAN_POINT('Ctrl Pts',(0.414288632989631,0.0853036991252907,
0.1));
#6113=CARTESIAN_POINT('Ctrl Pts',(0.414446368032713,0.0942394169171598,
0.1));
#6114=CARTESIAN_POINT('Ctrl Pts',(0.414446368032702,0.0965975682587717,
0.1));
#6115=CARTESIAN_POINT('',(0.40829467429255,0.0791756661828587,0.));
#6116=CARTESIAN_POINT('Ctrl Pts',(0.390470554892222,0.0727006172279786,
0.));
#6117=CARTESIAN_POINT('Ctrl Pts',(0.390470554892222,0.0727006172279786,
0.1));
#6118=CARTESIAN_POINT('Ctrl Pts',(0.399855816879276,0.0727006174058262,
0.));
#6119=CARTESIAN_POINT('Ctrl Pts',(0.399855816879276,0.0727006174058262,
0.1));
#6120=CARTESIAN_POINT('Ctrl Pts',(0.405534305567597,0.0763758611082263,
0.));
#6121=CARTESIAN_POINT('Ctrl Pts',(0.405534305567597,0.0763758611082263,
0.1));
#6122=CARTESIAN_POINT('Ctrl Pts',(0.40829467429255,0.0791756661828587,0.));
#6123=CARTESIAN_POINT('Ctrl Pts',(0.40829467429255,0.0791756661828587,0.1));
#6124=CARTESIAN_POINT('Ctrl Pts',(0.40829467429255,0.0791756661828587,0.));
#6125=CARTESIAN_POINT('Ctrl Pts',(0.405534305567597,0.0763758611082263,
0.));
#6126=CARTESIAN_POINT('Ctrl Pts',(0.399855816879276,0.0727006174058262,
0.));
#6127=CARTESIAN_POINT('Ctrl Pts',(0.390470554892222,0.0727006172279786,
0.));
#6128=CARTESIAN_POINT('Ctrl Pts',(0.390470554892222,0.0727006172279786,
0.1));
#6129=CARTESIAN_POINT('Ctrl Pts',(0.399855816879276,0.0727006174058262,
0.1));
#6130=CARTESIAN_POINT('Ctrl Pts',(0.405534305567597,0.0763758611082263,
0.1));
#6131=CARTESIAN_POINT('Ctrl Pts',(0.40829467429255,0.0791756661828587,0.1));
#6132=CARTESIAN_POINT('Origin',(0.391019078781579,0.096755779518058,0.));
#6133=CARTESIAN_POINT('Origin',(0.391019078781579,0.096755779518058,0.1));
#6134=CARTESIAN_POINT('Origin',(0.20568334036439,0.0872280601567446,0.));
#6135=CARTESIAN_POINT('',(0.20568334036439,0.0872280601567446,0.));
#6136=CARTESIAN_POINT('',(0.20568334036439,0.0940343548668786,0.));
#6137=CARTESIAN_POINT('',(0.20568334036439,0.0919470147706386,0.));
#6138=CARTESIAN_POINT('',(0.20568334036439,0.0872280601567446,0.1));
#6139=CARTESIAN_POINT('',(0.20568334036439,0.0872280601567446,0.));
#6140=CARTESIAN_POINT('',(0.20568334036439,0.0940343548668786,0.1));
#6141=CARTESIAN_POINT('',(0.20568334036439,0.0919470147706386,0.1));
#6142=CARTESIAN_POINT('',(0.20568334036439,0.0940343548668786,0.));
#6143=CARTESIAN_POINT('Ctrl Pts',(0.201424488789022,0.0834029718319988,
0.));
#6144=CARTESIAN_POINT('Ctrl Pts',(0.201424488789022,0.0834029718319988,
0.1));
#6145=CARTESIAN_POINT('Ctrl Pts',(0.204579178827087,0.084286290238069,0.));
#6146=CARTESIAN_POINT('Ctrl Pts',(0.204579178827087,0.084286290238069,0.1));
#6147=CARTESIAN_POINT('Ctrl Pts',(0.204815803039256,0.086336867445854,0.));
#6148=CARTESIAN_POINT('Ctrl Pts',(0.204815803039256,0.086336867445854,0.1));
#6149=CARTESIAN_POINT('Ctrl Pts',(0.20568334036439,0.0872280601567446,0.));
#6150=CARTESIAN_POINT('Ctrl Pts',(0.20568334036439,0.0872280601567446,0.1));
#6151=CARTESIAN_POINT('',(0.201424488789022,0.0834029718319988,0.));
#6152=CARTESIAN_POINT('Ctrl Pts',(0.201424488789022,0.0834029718319988,
0.));
#6153=CARTESIAN_POINT('Ctrl Pts',(0.204579178827087,0.084286290238069,0.));
#6154=CARTESIAN_POINT('Ctrl Pts',(0.204815803039256,0.086336867445854,0.));
#6155=CARTESIAN_POINT('Ctrl Pts',(0.20568334036439,0.0872280601567446,0.));
#6156=CARTESIAN_POINT('',(0.201424488789022,0.0834029718319988,0.1));
#6157=CARTESIAN_POINT('',(0.201424488789022,0.0834029718319988,0.));
#6158=CARTESIAN_POINT('Ctrl Pts',(0.20568334036439,0.0872280601567446,0.1));
#6159=CARTESIAN_POINT('Ctrl Pts',(0.204815803039256,0.086336867445854,0.1));
#6160=CARTESIAN_POINT('Ctrl Pts',(0.204579178827087,0.084286290238069,0.1));
#6161=CARTESIAN_POINT('Ctrl Pts',(0.201424488789022,0.0834029718319988,
0.1));
#6162=CARTESIAN_POINT('Ctrl Pts',(0.19771769362871,0.0828430086406918,0.));
#6163=CARTESIAN_POINT('Ctrl Pts',(0.19771769362871,0.0828430086406918,0.1));
#6164=CARTESIAN_POINT('Ctrl Pts',(0.198190893346147,0.0828430086406948,
0.));
#6165=CARTESIAN_POINT('Ctrl Pts',(0.198190893346147,0.0828430086406948,
0.1));
#6166=CARTESIAN_POINT('Ctrl Pts',(0.200320327251742,0.0830480706909794,
0.));
#6167=CARTESIAN_POINT('Ctrl Pts',(0.200320327251742,0.0830480706909794,
0.1));
#6168=CARTESIAN_POINT('Ctrl Pts',(0.201424488789022,0.0834029718319988,
0.));
#6169=CARTESIAN_POINT('Ctrl Pts',(0.201424488789022,0.0834029718319988,
0.1));
#6170=CARTESIAN_POINT('',(0.19771769362871,0.0828430086406918,0.));
#6171=CARTESIAN_POINT('Ctrl Pts',(0.19771769362871,0.0828430086406918,0.));
#6172=CARTESIAN_POINT('Ctrl Pts',(0.198190893346147,0.0828430086406948,
0.));
#6173=CARTESIAN_POINT('Ctrl Pts',(0.200320327251742,0.0830480706909794,
0.));
#6174=CARTESIAN_POINT('Ctrl Pts',(0.201424488789022,0.0834029718319988,
0.));
#6175=CARTESIAN_POINT('',(0.19771769362871,0.0828430086406918,0.1));
#6176=CARTESIAN_POINT('',(0.19771769362871,0.0828430086406918,0.));
#6177=CARTESIAN_POINT('Ctrl Pts',(0.201424488789022,0.0834029718319988,
0.1));
#6178=CARTESIAN_POINT('Ctrl Pts',(0.200320327251742,0.0830480706909794,
0.1));
#6179=CARTESIAN_POINT('Ctrl Pts',(0.198190893346147,0.0828430086406948,
0.1));
#6180=CARTESIAN_POINT('Ctrl Pts',(0.19771769362871,0.0828430086406918,0.1));
#6181=CARTESIAN_POINT('Ctrl Pts',(0.193379969119902,0.0870861061946119,
0.));
#6182=CARTESIAN_POINT('Ctrl Pts',(0.193379969119902,0.0870861061946119,
0.1));
#6183=CARTESIAN_POINT('Ctrl Pts',(0.193379969119929,0.0855797327447525,
0.));
#6184=CARTESIAN_POINT('Ctrl Pts',(0.193379969119929,0.0855797327447525,
0.1));
#6185=CARTESIAN_POINT('Ctrl Pts',(0.194247511856856,0.0828430086406948,
0.));
#6186=CARTESIAN_POINT('Ctrl Pts',(0.194247511856856,0.0828430086406948,
0.1));
#6187=CARTESIAN_POINT('Ctrl Pts',(0.19771769362871,0.0828430086406918,0.));
#6188=CARTESIAN_POINT('Ctrl Pts',(0.19771769362871,0.0828430086406918,0.1));
#6189=CARTESIAN_POINT('',(0.193379969119902,0.0870861061946119,0.));
#6190=CARTESIAN_POINT('Ctrl Pts',(0.193379969119902,0.0870861061946119,
0.));
#6191=CARTESIAN_POINT('Ctrl Pts',(0.193379969119929,0.0855797327447525,
0.));
#6192=CARTESIAN_POINT('Ctrl Pts',(0.194247511856856,0.0828430086406948,
0.));
#6193=CARTESIAN_POINT('Ctrl Pts',(0.19771769362871,0.0828430086406918,0.));
#6194=CARTESIAN_POINT('',(0.193379969119902,0.0870861061946119,0.1));
#6195=CARTESIAN_POINT('',(0.193379969119902,0.0870861061946119,0.));
#6196=CARTESIAN_POINT('Ctrl Pts',(0.19771769362871,0.0828430086406918,0.1));
#6197=CARTESIAN_POINT('Ctrl Pts',(0.194247511856856,0.0828430086406948,
0.1));
#6198=CARTESIAN_POINT('Ctrl Pts',(0.193379969119929,0.0855797327447525,
0.1));
#6199=CARTESIAN_POINT('Ctrl Pts',(0.193379969119902,0.0870861061946119,
0.1));
#6200=CARTESIAN_POINT('Ctrl Pts',(0.196929018413334,0.0912030092197846,
0.));
#6201=CARTESIAN_POINT('Ctrl Pts',(0.196929018413334,0.0912030092197846,
0.1));
#6202=CARTESIAN_POINT('Ctrl Pts',(0.196061475673622,0.0910294931086539,
0.));
#6203=CARTESIAN_POINT('Ctrl Pts',(0.196061475673622,0.0910294931086539,
0.1));
#6204=CARTESIAN_POINT('Ctrl Pts',(0.193379969108605,0.0904458745715449,
0.));
#6205=CARTESIAN_POINT('Ctrl Pts',(0.193379969108605,0.0904458745715449,
0.1));
#6206=CARTESIAN_POINT('Ctrl Pts',(0.193379969119902,0.0870861061946119,
0.));
#6207=CARTESIAN_POINT('Ctrl Pts',(0.193379969119902,0.0870861061946119,
0.1));
#6208=CARTESIAN_POINT('',(0.196929018413334,0.0912030092197846,0.));
#6209=CARTESIAN_POINT('Ctrl Pts',(0.196929018413334,0.0912030092197846,
0.));
#6210=CARTESIAN_POINT('Ctrl Pts',(0.196061475673622,0.0910294931086539,
0.));
#6211=CARTESIAN_POINT('Ctrl Pts',(0.193379969108605,0.0904458745715449,
0.));
#6212=CARTESIAN_POINT('Ctrl Pts',(0.193379969119902,0.0870861061946119,
0.));
#6213=CARTESIAN_POINT('',(0.196929018413334,0.0912030092197846,0.1));
#6214=CARTESIAN_POINT('',(0.196929018413334,0.0912030092197846,0.));
#6215=CARTESIAN_POINT('Ctrl Pts',(0.193379969119902,0.0870861061946119,
0.1));
#6216=CARTESIAN_POINT('Ctrl Pts',(0.193379969108605,0.0904458745715449,
0.1));
#6217=CARTESIAN_POINT('Ctrl Pts',(0.196061475673622,0.0910294931086539,
0.1));
#6218=CARTESIAN_POINT('Ctrl Pts',(0.196929018413334,0.0912030092197846,
0.1));
#6219=CARTESIAN_POINT('Origin',(0.198664109299254,0.0917314264848516,0.));
#6220=CARTESIAN_POINT('',(0.198664109299254,0.0917314264848516,0.));
#6221=CARTESIAN_POINT('',(0.200040692586476,0.0921506612244687,0.));
#6222=CARTESIAN_POINT('',(0.198664109299254,0.0917314264848516,0.1));
#6223=CARTESIAN_POINT('',(0.198664109299254,0.0917314264848516,0.));
#6224=CARTESIAN_POINT('',(0.200040692586476,0.0921506612244687,0.1));
#6225=CARTESIAN_POINT('Ctrl Pts',(0.20568334036439,0.0940343548668786,0.));
#6226=CARTESIAN_POINT('Ctrl Pts',(0.20568334036439,0.0940343548668786,0.1));
#6227=CARTESIAN_POINT('Ctrl Pts',(0.203396160592047,0.093237799934722,0.));
#6228=CARTESIAN_POINT('Ctrl Pts',(0.203396160592047,0.093237799934722,0.1));
#6229=CARTESIAN_POINT('Ctrl Pts',(0.201030134945642,0.0925279922407948,
0.));
#6230=CARTESIAN_POINT('Ctrl Pts',(0.201030134945642,0.0925279922407948,
0.1));
#6231=CARTESIAN_POINT('Ctrl Pts',(0.198664109299254,0.0917314264848516,
0.));
#6232=CARTESIAN_POINT('Ctrl Pts',(0.198664109299254,0.0917314264848516,
0.1));
#6233=CARTESIAN_POINT('Ctrl Pts',(0.20568334036439,0.0940343548668786,0.));
#6234=CARTESIAN_POINT('Ctrl Pts',(0.203396160592047,0.093237799934722,0.));
#6235=CARTESIAN_POINT('Ctrl Pts',(0.201030134945642,0.0925279922407948,
0.));
#6236=CARTESIAN_POINT('Ctrl Pts',(0.198664109299254,0.0917314264848516,
0.));
#6237=CARTESIAN_POINT('Ctrl Pts',(0.198664109299254,0.0917314264848516,
0.1));
#6238=CARTESIAN_POINT('Ctrl Pts',(0.201030134945642,0.0925279922407948,
0.1));
#6239=CARTESIAN_POINT('Ctrl Pts',(0.203396160592047,0.093237799934722,0.1));
#6240=CARTESIAN_POINT('Ctrl Pts',(0.20568334036439,0.0940343548668786,0.1));
#6241=CARTESIAN_POINT('Ctrl Pts',(0.178868291036382,0.0941684182885319,
0.));
#6242=CARTESIAN_POINT('Ctrl Pts',(0.178868291036382,0.0941684182885319,
0.1));
#6243=CARTESIAN_POINT('Ctrl Pts',(0.176581122087723,0.0911635565173894,
0.));
#6244=CARTESIAN_POINT('Ctrl Pts',(0.176581122087723,0.0911635565173894,
0.1));
#6245=CARTESIAN_POINT('Ctrl Pts',(0.176186800715724,0.0887502038637819,
0.));
#6246=CARTESIAN_POINT('Ctrl Pts',(0.176186800715724,0.0887502038637819,
0.1));
#6247=CARTESIAN_POINT('Ctrl Pts',(0.176186800715734,0.0873305938878388,
0.));
#6248=CARTESIAN_POINT('Ctrl Pts',(0.176186800715734,0.0873305938878388,
0.1));
#6249=CARTESIAN_POINT('',(0.178868291036382,0.0941684182885319,0.));
#6250=CARTESIAN_POINT('',(0.176186800715734,0.0873305938878388,0.));
#6251=CARTESIAN_POINT('Ctrl Pts',(0.178868291036382,0.0941684182885319,
0.));
#6252=CARTESIAN_POINT('Ctrl Pts',(0.176581122087723,0.0911635565173894,
0.));
#6253=CARTESIAN_POINT('Ctrl Pts',(0.176186800715724,0.0887502038637819,
0.));
#6254=CARTESIAN_POINT('Ctrl Pts',(0.176186800715734,0.0873305938878388,
0.));
#6255=CARTESIAN_POINT('',(0.176186800715734,0.0873305938878388,0.1));
#6256=CARTESIAN_POINT('',(0.176186800715734,0.0873305938878388,0.));
#6257=CARTESIAN_POINT('',(0.178868291036382,0.0941684182885319,0.1));
#6258=CARTESIAN_POINT('Ctrl Pts',(0.178868291036382,0.0941684182885319,
0.1));
#6259=CARTESIAN_POINT('Ctrl Pts',(0.176581122087723,0.0911635565173894,
0.1));
#6260=CARTESIAN_POINT('Ctrl Pts',(0.176186800715724,0.0887502038637819,
0.1));
#6261=CARTESIAN_POINT('Ctrl Pts',(0.176186800715734,0.0873305938878388,
0.1));
#6262=CARTESIAN_POINT('',(0.178868291036382,0.0941684182885319,0.));
#6263=CARTESIAN_POINT('Ctrl Pts',(0.190935070540062,0.100832748212745,0.));
#6264=CARTESIAN_POINT('Ctrl Pts',(0.190935070540062,0.100832748212745,0.1));
#6265=CARTESIAN_POINT('Ctrl Pts',(0.185966384211241,0.0996734015990783,
0.));
#6266=CARTESIAN_POINT('Ctrl Pts',(0.185966384211241,0.0996734015990783,
0.1));
#6267=CARTESIAN_POINT('Ctrl Pts',(0.182101870243575,0.0984982684925881,
0.));
#6268=CARTESIAN_POINT('Ctrl Pts',(0.182101870243575,0.0984982684925881,
0.1));
#6269=CARTESIAN_POINT('Ctrl Pts',(0.178868291036382,0.0941684182885319,
0.));
#6270=CARTESIAN_POINT('Ctrl Pts',(0.178868291036382,0.0941684182885319,
0.1));
#6271=CARTESIAN_POINT('',(0.190935070540062,0.100832748212745,0.));
#6272=CARTESIAN_POINT('Ctrl Pts',(0.190935070540062,0.100832748212745,0.));
#6273=CARTESIAN_POINT('Ctrl Pts',(0.185966384211241,0.0996734015990783,
0.));
#6274=CARTESIAN_POINT('Ctrl Pts',(0.182101870243575,0.0984982684925881,
0.));
#6275=CARTESIAN_POINT('Ctrl Pts',(0.178868291036382,0.0941684182885319,
0.));
#6276=CARTESIAN_POINT('',(0.190935070540062,0.100832748212745,0.1));
#6277=CARTESIAN_POINT('Ctrl Pts',(0.190935070540062,0.100832748212745,0.1));
#6278=CARTESIAN_POINT('Ctrl Pts',(0.185966384211241,0.0996734015990783,
0.1));
#6279=CARTESIAN_POINT('Ctrl Pts',(0.182101870243575,0.0984982684925881,
0.1));
#6280=CARTESIAN_POINT('Ctrl Pts',(0.178868291036382,0.0941684182885319,
0.1));
#6281=CARTESIAN_POINT('',(0.190935070540062,0.100832748212745,0.));
#6282=CARTESIAN_POINT('Origin',(0.199295044059734,0.101873801661919,0.));
#6283=CARTESIAN_POINT('',(0.199295044059734,0.101873801661919,0.));
#6284=CARTESIAN_POINT('',(0.199295044059734,0.101873801661919,0.));
#6285=CARTESIAN_POINT('',(0.199295044059734,0.101873801661919,0.1));
#6286=CARTESIAN_POINT('',(0.199295044059734,0.101873801661919,0.1));
#6287=CARTESIAN_POINT('',(0.199295044059734,0.101873801661919,0.));
#6288=CARTESIAN_POINT('Ctrl Pts',(0.20237090445943,0.102575735051039,0.));
#6289=CARTESIAN_POINT('Ctrl Pts',(0.20237090445943,0.102575735051039,0.1));
#6290=CARTESIAN_POINT('Ctrl Pts',(0.201266742930014,0.102402218897592,0.));
#6291=CARTESIAN_POINT('Ctrl Pts',(0.201266742930014,0.102402218897592,0.1));
#6292=CARTESIAN_POINT('Ctrl Pts',(0.200241454322277,0.102141971786259,0.));
#6293=CARTESIAN_POINT('Ctrl Pts',(0.200241454322277,0.102141971786259,0.1));
#6294=CARTESIAN_POINT('Ctrl Pts',(0.199295044059734,0.101873801661919,0.));
#6295=CARTESIAN_POINT('Ctrl Pts',(0.199295044059734,0.101873801661919,0.1));
#6296=CARTESIAN_POINT('',(0.20237090445943,0.102575735051039,0.));
#6297=CARTESIAN_POINT('Ctrl Pts',(0.20237090445943,0.102575735051039,0.));
#6298=CARTESIAN_POINT('Ctrl Pts',(0.201266742930014,0.102402218897592,0.));
#6299=CARTESIAN_POINT('Ctrl Pts',(0.200241454322277,0.102141971786259,0.));
#6300=CARTESIAN_POINT('Ctrl Pts',(0.199295044059734,0.101873801661919,0.));
#6301=CARTESIAN_POINT('',(0.20237090445943,0.102575735051039,0.1));
#6302=CARTESIAN_POINT('Ctrl Pts',(0.20237090445943,0.102575735051039,0.1));
#6303=CARTESIAN_POINT('Ctrl Pts',(0.201266742930014,0.102402218897592,0.1));
#6304=CARTESIAN_POINT('Ctrl Pts',(0.200241454322277,0.102141971786259,0.1));
#6305=CARTESIAN_POINT('Ctrl Pts',(0.199295044059734,0.101873801661919,0.1));
#6306=CARTESIAN_POINT('',(0.20237090445943,0.102575735051039,0.));
#6307=CARTESIAN_POINT('Ctrl Pts',(0.20465805717239,0.103380191347465,0.));
#6308=CARTESIAN_POINT('Ctrl Pts',(0.20465805717239,0.103380191347465,0.1));
#6309=CARTESIAN_POINT('Ctrl Pts',(0.203948249472659,0.102851774115644,0.));
#6310=CARTESIAN_POINT('Ctrl Pts',(0.203948249472659,0.102851774115644,0.1));
#6311=CARTESIAN_POINT('Ctrl Pts',(0.202607507022097,0.102670372834731,0.));
#6312=CARTESIAN_POINT('Ctrl Pts',(0.202607507022097,0.102670372834731,0.1));
#6313=CARTESIAN_POINT('Ctrl Pts',(0.20237090445943,0.102575735051039,0.));
#6314=CARTESIAN_POINT('Ctrl Pts',(0.20237090445943,0.102575735051039,0.1));
#6315=CARTESIAN_POINT('',(0.20465805717239,0.103380191347465,0.));
#6316=CARTESIAN_POINT('Ctrl Pts',(0.20465805717239,0.103380191347465,0.));
#6317=CARTESIAN_POINT('Ctrl Pts',(0.203948249472659,0.102851774115644,0.));
#6318=CARTESIAN_POINT('Ctrl Pts',(0.202607507022097,0.102670372834731,0.));
#6319=CARTESIAN_POINT('Ctrl Pts',(0.20237090445943,0.102575735051039,0.));
#6320=CARTESIAN_POINT('',(0.20465805717239,0.103380191347465,0.1));
#6321=CARTESIAN_POINT('Ctrl Pts',(0.20465805717239,0.103380191347465,0.1));
#6322=CARTESIAN_POINT('Ctrl Pts',(0.203948249472659,0.102851774115644,0.1));
#6323=CARTESIAN_POINT('Ctrl Pts',(0.202607507022097,0.102670372834731,0.1));
#6324=CARTESIAN_POINT('Ctrl Pts',(0.20237090445943,0.102575735051039,0.1));
#6325=CARTESIAN_POINT('',(0.20465805717239,0.103380191347465,0.));
#6326=CARTESIAN_POINT('Ctrl Pts',(0.205919948341014,0.106921360924159,0.));
#6327=CARTESIAN_POINT('Ctrl Pts',(0.205919948341014,0.106921360924159,0.1));
#6328=CARTESIAN_POINT('Ctrl Pts',(0.205919948341001,0.105943388503667,0.));
#6329=CARTESIAN_POINT('Ctrl Pts',(0.205919948341001,0.105943388503667,0.1));
#6330=CARTESIAN_POINT('Ctrl Pts',(0.205367859454449,0.103908597788745,0.));
#6331=CARTESIAN_POINT('Ctrl Pts',(0.205367859454449,0.103908597788745,0.1));
#6332=CARTESIAN_POINT('Ctrl Pts',(0.20465805717239,0.103380191347465,0.));
#6333=CARTESIAN_POINT('Ctrl Pts',(0.20465805717239,0.103380191347465,0.1));
#6334=CARTESIAN_POINT('',(0.205919948341014,0.106921360924159,0.));
#6335=CARTESIAN_POINT('Ctrl Pts',(0.205919948341014,0.106921360924159,0.));
#6336=CARTESIAN_POINT('Ctrl Pts',(0.205919948341001,0.105943388503667,0.));
#6337=CARTESIAN_POINT('Ctrl Pts',(0.205367859454449,0.103908597788745,0.));
#6338=CARTESIAN_POINT('Ctrl Pts',(0.20465805717239,0.103380191347465,0.));
#6339=CARTESIAN_POINT('',(0.205919948341014,0.106921360924159,0.1));
#6340=CARTESIAN_POINT('Ctrl Pts',(0.205919948341014,0.106921360924159,0.1));
#6341=CARTESIAN_POINT('Ctrl Pts',(0.205919948341001,0.105943388503667,0.1));
#6342=CARTESIAN_POINT('Ctrl Pts',(0.205367859454449,0.103908597788745,0.1));
#6343=CARTESIAN_POINT('Ctrl Pts',(0.20465805717239,0.103380191347465,0.1));
#6344=CARTESIAN_POINT('',(0.205919948341014,0.106921360924159,0.));
#6345=CARTESIAN_POINT('Ctrl Pts',(0.200083724687094,0.110131257686075,0.));
#6346=CARTESIAN_POINT('Ctrl Pts',(0.200083724687094,0.110131257686075,0.1));
#6347=CARTESIAN_POINT('Ctrl Pts',(0.203632768568536,0.110131257686077,0.));
#6348=CARTESIAN_POINT('Ctrl Pts',(0.203632768568536,0.110131257686077,0.1));
#6349=CARTESIAN_POINT('Ctrl Pts',(0.205919948341001,0.108687976088786,0.));
#6350=CARTESIAN_POINT('Ctrl Pts',(0.205919948341001,0.108687976088786,0.1));
#6351=CARTESIAN_POINT('Ctrl Pts',(0.205919948341014,0.106921360924159,0.));
#6352=CARTESIAN_POINT('Ctrl Pts',(0.205919948341014,0.106921360924159,0.1));
#6353=CARTESIAN_POINT('',(0.200083724687094,0.110131257686075,0.));
#6354=CARTESIAN_POINT('Ctrl Pts',(0.200083724687094,0.110131257686075,0.));
#6355=CARTESIAN_POINT('Ctrl Pts',(0.203632768568536,0.110131257686077,0.));
#6356=CARTESIAN_POINT('Ctrl Pts',(0.205919948341001,0.108687976088786,0.));
#6357=CARTESIAN_POINT('Ctrl Pts',(0.205919948341014,0.106921360924159,0.));
#6358=CARTESIAN_POINT('',(0.200083724687094,0.110131257686075,0.1));
#6359=CARTESIAN_POINT('Ctrl Pts',(0.200083724687094,0.110131257686075,0.1));
#6360=CARTESIAN_POINT('Ctrl Pts',(0.203632768568536,0.110131257686077,0.1));
#6361=CARTESIAN_POINT('Ctrl Pts',(0.205919948341001,0.108687976088786,0.1));
#6362=CARTESIAN_POINT('Ctrl Pts',(0.205919948341014,0.106921360924159,0.1));
#6363=CARTESIAN_POINT('',(0.200083724687094,0.110131257686075,0.));
#6364=CARTESIAN_POINT('Ctrl Pts',(0.194641865700374,0.107836230668315,0.));
#6365=CARTESIAN_POINT('Ctrl Pts',(0.194641865700374,0.107836230668315,0.1));
#6366=CARTESIAN_POINT('Ctrl Pts',(0.195430530109103,0.108987686672244,0.));
#6367=CARTESIAN_POINT('Ctrl Pts',(0.195430530109103,0.108987686672244,0.1));
#6368=CARTESIAN_POINT('Ctrl Pts',(0.196929018413324,0.110131257639068,0.));
#6369=CARTESIAN_POINT('Ctrl Pts',(0.196929018413324,0.110131257639068,0.1));
#6370=CARTESIAN_POINT('Ctrl Pts',(0.200083724687094,0.110131257686075,0.));
#6371=CARTESIAN_POINT('Ctrl Pts',(0.200083724687094,0.110131257686075,0.1));
#6372=CARTESIAN_POINT('',(0.194641865700374,0.107836230668315,0.));
#6373=CARTESIAN_POINT('Ctrl Pts',(0.194641865700374,0.107836230668315,0.));
#6374=CARTESIAN_POINT('Ctrl Pts',(0.195430530109103,0.108987686672244,0.));
#6375=CARTESIAN_POINT('Ctrl Pts',(0.196929018413324,0.110131257639068,0.));
#6376=CARTESIAN_POINT('Ctrl Pts',(0.200083724687094,0.110131257686075,0.));
#6377=CARTESIAN_POINT('',(0.194641865700374,0.107836230668315,0.1));
#6378=CARTESIAN_POINT('Ctrl Pts',(0.194641865700374,0.107836230668315,0.1));
#6379=CARTESIAN_POINT('Ctrl Pts',(0.195430530109103,0.108987686672244,0.1));
#6380=CARTESIAN_POINT('Ctrl Pts',(0.196929018413324,0.110131257639068,0.1));
#6381=CARTESIAN_POINT('Ctrl Pts',(0.200083724687094,0.110131257686075,0.1));
#6382=CARTESIAN_POINT('',(0.194641865700374,0.107836230668315,0.));
#6383=CARTESIAN_POINT('Ctrl Pts',(0.194010903880382,0.105273017276479,0.));
#6384=CARTESIAN_POINT('Ctrl Pts',(0.194010903880382,0.105273017276479,0.1));
#6385=CARTESIAN_POINT('Ctrl Pts',(0.194089776813829,0.106692632664326,0.));
#6386=CARTESIAN_POINT('Ctrl Pts',(0.194089776813829,0.106692632664326,0.1));
#6387=CARTESIAN_POINT('Ctrl Pts',(0.194247511856856,0.107221049929381,0.));
#6388=CARTESIAN_POINT('Ctrl Pts',(0.194247511856856,0.107221049929381,0.1));
#6389=CARTESIAN_POINT('Ctrl Pts',(0.194641865700374,0.107836230668315,0.));
#6390=CARTESIAN_POINT('Ctrl Pts',(0.194641865700374,0.107836230668315,0.1));
#6391=CARTESIAN_POINT('',(0.194010903880382,0.105273017276479,0.));
#6392=CARTESIAN_POINT('Ctrl Pts',(0.194010903880382,0.105273017276479,0.));
#6393=CARTESIAN_POINT('Ctrl Pts',(0.194089776813829,0.106692632664326,0.));
#6394=CARTESIAN_POINT('Ctrl Pts',(0.194247511856856,0.107221049929381,0.));
#6395=CARTESIAN_POINT('Ctrl Pts',(0.194641865700374,0.107836230668315,0.));
#6396=CARTESIAN_POINT('',(0.194010903880382,0.105273017276479,0.1));
#6397=CARTESIAN_POINT('Ctrl Pts',(0.194010903880382,0.105273017276479,0.1));
#6398=CARTESIAN_POINT('Ctrl Pts',(0.194089776813829,0.106692632664326,0.1));
#6399=CARTESIAN_POINT('Ctrl Pts',(0.194247511856856,0.107221049929381,0.1));
#6400=CARTESIAN_POINT('Ctrl Pts',(0.194641865700374,0.107836230668315,0.1));
#6401=CARTESIAN_POINT('',(0.194010903880382,0.105273017276479,0.));
#6402=CARTESIAN_POINT('Origin',(0.178158483342462,0.105367660467092,0.));
#6403=CARTESIAN_POINT('',(0.178158483342462,0.105367660467092,0.));
#6404=CARTESIAN_POINT('',(0.178158483342462,0.105367660467092,0.));
#6405=CARTESIAN_POINT('',(0.178158483342462,0.105367660467092,0.1));
#6406=CARTESIAN_POINT('',(0.178158483342462,0.105367660467092,0.1));
#6407=CARTESIAN_POINT('',(0.178158483342462,0.105367660467092,0.));
#6408=CARTESIAN_POINT('Ctrl Pts',(0.182180743177022,0.114910652221755,0.));
#6409=CARTESIAN_POINT('Ctrl Pts',(0.182180743177022,0.114910652221755,0.1));
#6410=CARTESIAN_POINT('Ctrl Pts',(0.179578109554142,0.1119058012744,0.));
#6411=CARTESIAN_POINT('Ctrl Pts',(0.179578109554142,0.1119058012744,0.1));
#6412=CARTESIAN_POINT('Ctrl Pts',(0.178868291036401,0.108987686741582,0.));
#6413=CARTESIAN_POINT('Ctrl Pts',(0.178868291036401,0.108987686741582,0.1));
#6414=CARTESIAN_POINT('Ctrl Pts',(0.178158483342462,0.105367660467092,0.));
#6415=CARTESIAN_POINT('Ctrl Pts',(0.178158483342462,0.105367660467092,0.1));
#6416=CARTESIAN_POINT('',(0.182180743177022,0.114910652221755,0.));
#6417=CARTESIAN_POINT('Ctrl Pts',(0.182180743177022,0.114910652221755,0.));
#6418=CARTESIAN_POINT('Ctrl Pts',(0.179578109554142,0.1119058012744,0.));
#6419=CARTESIAN_POINT('Ctrl Pts',(0.178868291036401,0.108987686741582,0.));
#6420=CARTESIAN_POINT('Ctrl Pts',(0.178158483342462,0.105367660467092,0.));
#6421=CARTESIAN_POINT('',(0.182180743177022,0.114910652221755,0.1));
#6422=CARTESIAN_POINT('Ctrl Pts',(0.182180743177022,0.114910652221755,0.1));
#6423=CARTESIAN_POINT('Ctrl Pts',(0.179578109554142,0.1119058012744,0.1));
#6424=CARTESIAN_POINT('Ctrl Pts',(0.178868291036401,0.108987686741582,0.1));
#6425=CARTESIAN_POINT('Ctrl Pts',(0.178158483342462,0.105367660467092,0.1));
#6426=CARTESIAN_POINT('',(0.182180743177022,0.114910652221755,0.));
#6427=CARTESIAN_POINT('Ctrl Pts',(0.200556935228222,0.120833628525899,0.));
#6428=CARTESIAN_POINT('Ctrl Pts',(0.200556935228222,0.120833628525899,0.1));
#6429=CARTESIAN_POINT('Ctrl Pts',(0.190540727520379,0.120833628525909,0.));
#6430=CARTESIAN_POINT('Ctrl Pts',(0.190540727520379,0.120833628525909,0.1));
#6431=CARTESIAN_POINT('Ctrl Pts',(0.185414322384211,0.118538569036788,0.));
#6432=CARTESIAN_POINT('Ctrl Pts',(0.185414322384211,0.118538569036788,0.1));
#6433=CARTESIAN_POINT('Ctrl Pts',(0.182180743177022,0.114910652221755,0.));
#6434=CARTESIAN_POINT('Ctrl Pts',(0.182180743177022,0.114910652221755,0.1));
#6435=CARTESIAN_POINT('',(0.200556935228222,0.120833628525899,0.));
#6436=CARTESIAN_POINT('Ctrl Pts',(0.200556935228222,0.120833628525899,0.));
#6437=CARTESIAN_POINT('Ctrl Pts',(0.190540727520379,0.120833628525909,0.));
#6438=CARTESIAN_POINT('Ctrl Pts',(0.185414322384211,0.118538569036788,0.));
#6439=CARTESIAN_POINT('Ctrl Pts',(0.182180743177022,0.114910652221755,0.));
#6440=CARTESIAN_POINT('',(0.200556935228222,0.120833628525899,0.1));
#6441=CARTESIAN_POINT('Ctrl Pts',(0.200556935228222,0.120833628525899,0.1));
#6442=CARTESIAN_POINT('Ctrl Pts',(0.190540727520379,0.120833628525909,0.1));
#6443=CARTESIAN_POINT('Ctrl Pts',(0.185414322384211,0.118538569036788,0.1));
#6444=CARTESIAN_POINT('Ctrl Pts',(0.182180743177022,0.114910652221755,0.1));
#6445=CARTESIAN_POINT('',(0.200556935228222,0.120833628525899,0.));
#6446=CARTESIAN_POINT('Ctrl Pts',(0.21585728311527,0.117828766754707,0.));
#6447=CARTESIAN_POINT('Ctrl Pts',(0.21585728311527,0.117828766754707,0.1));
#6448=CARTESIAN_POINT('Ctrl Pts',(0.210178799916391,0.121630183458071,0.));
#6449=CARTESIAN_POINT('Ctrl Pts',(0.210178799916391,0.121630183458071,0.1));
#6450=CARTESIAN_POINT('Ctrl Pts',(0.202449761157171,0.120833628525903,0.));
#6451=CARTESIAN_POINT('Ctrl Pts',(0.202449761157171,0.120833628525903,0.1));
#6452=CARTESIAN_POINT('Ctrl Pts',(0.200556935228222,0.120833628525899,0.));
#6453=CARTESIAN_POINT('Ctrl Pts',(0.200556935228222,0.120833628525899,0.1));
#6454=CARTESIAN_POINT('',(0.21585728311527,0.117828766754707,0.));
#6455=CARTESIAN_POINT('Ctrl Pts',(0.21585728311527,0.117828766754707,0.));
#6456=CARTESIAN_POINT('Ctrl Pts',(0.210178799916391,0.121630183458071,0.));
#6457=CARTESIAN_POINT('Ctrl Pts',(0.202449761157171,0.120833628525903,0.));
#6458=CARTESIAN_POINT('Ctrl Pts',(0.200556935228222,0.120833628525899,0.));
#6459=CARTESIAN_POINT('',(0.21585728311527,0.117828766754707,0.1));
#6460=CARTESIAN_POINT('Ctrl Pts',(0.21585728311527,0.117828766754707,0.1));
#6461=CARTESIAN_POINT('Ctrl Pts',(0.210178799916391,0.121630183458071,0.1));
#6462=CARTESIAN_POINT('Ctrl Pts',(0.202449761157171,0.120833628525903,0.1));
#6463=CARTESIAN_POINT('Ctrl Pts',(0.200556935228222,0.120833628525899,0.1));
#6464=CARTESIAN_POINT('',(0.21585728311527,0.117828766754707,0.));
#6465=CARTESIAN_POINT('Ctrl Pts',(0.220668218165342,0.112166053812947,0.));
#6466=CARTESIAN_POINT('Ctrl Pts',(0.220668218165342,0.112166053812947,0.1));
#6467=CARTESIAN_POINT('Ctrl Pts',(0.219642934973326,0.114547860540295,0.));
#6468=CARTESIAN_POINT('Ctrl Pts',(0.219642934973326,0.114547860540295,0.1));
#6469=CARTESIAN_POINT('Ctrl Pts',(0.218144446652065,0.116322387892938,0.));
#6470=CARTESIAN_POINT('Ctrl Pts',(0.218144446652065,0.116322387892938,0.1));
#6471=CARTESIAN_POINT('Ctrl Pts',(0.21585728311527,0.117828766754707,0.));
#6472=CARTESIAN_POINT('Ctrl Pts',(0.21585728311527,0.117828766754707,0.1));
#6473=CARTESIAN_POINT('',(0.220668218165342,0.112166053812947,0.));
#6474=CARTESIAN_POINT('Ctrl Pts',(0.220668218165342,0.112166053812947,0.));
#6475=CARTESIAN_POINT('Ctrl Pts',(0.219642934973326,0.114547860540295,0.));
#6476=CARTESIAN_POINT('Ctrl Pts',(0.218144446652065,0.116322387892938,0.));
#6477=CARTESIAN_POINT('Ctrl Pts',(0.21585728311527,0.117828766754707,0.));
#6478=CARTESIAN_POINT('',(0.220668218165342,0.112166053812947,0.1));
#6479=CARTESIAN_POINT('Ctrl Pts',(0.220668218165342,0.112166053812947,0.1));
#6480=CARTESIAN_POINT('Ctrl Pts',(0.219642934973326,0.114547860540295,0.1));
#6481=CARTESIAN_POINT('Ctrl Pts',(0.218144446652065,0.116322387892938,0.1));
#6482=CARTESIAN_POINT('Ctrl Pts',(0.21585728311527,0.117828766754707,0.1));
#6483=CARTESIAN_POINT('',(0.220668218165342,0.112166053812947,0.));
#6484=CARTESIAN_POINT('Ctrl Pts',(0.221930114745814,0.100059848666345,0.));
#6485=CARTESIAN_POINT('Ctrl Pts',(0.221930114745814,0.100059848666345,0.1));
#6486=CARTESIAN_POINT('Ctrl Pts',(0.221930114745797,0.103955924795934,0.));
#6487=CARTESIAN_POINT('Ctrl Pts',(0.221930114745797,0.103955924795934,0.1));
#6488=CARTESIAN_POINT('Ctrl Pts',(0.222403314463137,0.108451384347823,0.));
#6489=CARTESIAN_POINT('Ctrl Pts',(0.222403314463137,0.108451384347823,0.1));
#6490=CARTESIAN_POINT('Ctrl Pts',(0.220668218165342,0.112166053812947,0.));
#6491=CARTESIAN_POINT('Ctrl Pts',(0.220668218165342,0.112166053812947,0.1));
#6492=CARTESIAN_POINT('',(0.221930114745814,0.100059848666345,0.));
#6493=CARTESIAN_POINT('Ctrl Pts',(0.221930114745814,0.100059848666345,0.));
#6494=CARTESIAN_POINT('Ctrl Pts',(0.221930114745797,0.103955924795934,0.));
#6495=CARTESIAN_POINT('Ctrl Pts',(0.222403314463137,0.108451384347823,0.));
#6496=CARTESIAN_POINT('Ctrl Pts',(0.220668218165342,0.112166053812947,0.));
#6497=CARTESIAN_POINT('',(0.221930114745814,0.100059848666345,0.1));
#6498=CARTESIAN_POINT('Ctrl Pts',(0.221930114745814,0.100059848666345,0.1));
#6499=CARTESIAN_POINT('Ctrl Pts',(0.221930114745797,0.103955924795934,0.1));
#6500=CARTESIAN_POINT('Ctrl Pts',(0.222403314463137,0.108451384347823,0.1));
#6501=CARTESIAN_POINT('Ctrl Pts',(0.220668218165342,0.112166053812947,0.1));
#6502=CARTESIAN_POINT('',(0.221930114745814,0.100059848666345,0.));
#6503=CARTESIAN_POINT('Origin',(0.221930114745814,0.0875987315549317,0.));
#6504=CARTESIAN_POINT('',(0.221930114745814,0.0875987315549317,0.));
#6505=CARTESIAN_POINT('',(0.221930114745814,0.0875987315549317,0.));
#6506=CARTESIAN_POINT('',(0.221930114745814,0.0875987315549317,0.1));
#6507=CARTESIAN_POINT('',(0.221930114745814,0.0875987315549317,0.1));
#6508=CARTESIAN_POINT('',(0.221930114745814,0.0875987315549317,0.));
#6509=CARTESIAN_POINT('Ctrl Pts',(0.223822924439102,0.0739861637822267,
0.));
#6510=CARTESIAN_POINT('Ctrl Pts',(0.223822924439102,0.0739861637822267,
0.1));
#6511=CARTESIAN_POINT('Ctrl Pts',(0.222403314463089,0.0784106409412697,
0.));
#6512=CARTESIAN_POINT('Ctrl Pts',(0.222403314463089,0.0784106409412697,
0.1));
#6513=CARTESIAN_POINT('Ctrl Pts',(0.221851241812384,0.0798223766123282,
0.));
#6514=CARTESIAN_POINT('Ctrl Pts',(0.221851241812384,0.0798223766123282,
0.1));
#6515=CARTESIAN_POINT('Ctrl Pts',(0.221930114745814,0.0875987315549317,
0.));
#6516=CARTESIAN_POINT('Ctrl Pts',(0.221930114745814,0.0875987315549317,
0.1));
#6517=CARTESIAN_POINT('',(0.223822924439102,0.0739861637822267,0.));
#6518=CARTESIAN_POINT('Ctrl Pts',(0.223822924439102,0.0739861637822267,
0.));
#6519=CARTESIAN_POINT('Ctrl Pts',(0.222403314463089,0.0784106409412697,
0.));
#6520=CARTESIAN_POINT('Ctrl Pts',(0.221851241812384,0.0798223766123282,
0.));
#6521=CARTESIAN_POINT('Ctrl Pts',(0.221930114745814,0.0875987315549317,
0.));
#6522=CARTESIAN_POINT('',(0.223822924439102,0.0739861637822267,0.1));
#6523=CARTESIAN_POINT('Ctrl Pts',(0.223822924439102,0.0739861637822267,
0.1));
#6524=CARTESIAN_POINT('Ctrl Pts',(0.222403314463089,0.0784106409412697,
0.1));
#6525=CARTESIAN_POINT('Ctrl Pts',(0.221851241812384,0.0798223766123282,
0.1));
#6526=CARTESIAN_POINT('Ctrl Pts',(0.221930114745814,0.0875987315549317,
0.1));
#6527=CARTESIAN_POINT('',(0.223822924439102,0.0739861637822267,0.));
#6528=CARTESIAN_POINT('Origin',(0.207339563728854,0.0739861637822267,0.));
#6529=CARTESIAN_POINT('',(0.207339563728854,0.0739861637822267,0.));
#6530=CARTESIAN_POINT('',(0.207339563728854,0.0739861637822267,0.));
#6531=CARTESIAN_POINT('',(0.207339563728854,0.0739861637822267,0.1));
#6532=CARTESIAN_POINT('',(0.207339563728854,0.0739861637822267,0.1));
#6533=CARTESIAN_POINT('',(0.207339563728854,0.0739861637822267,0.));
#6534=CARTESIAN_POINT('Origin',(0.206629756034934,0.0781425032740747,0.));
#6535=CARTESIAN_POINT('',(0.206629756034934,0.0781425032740747,0.));
#6536=CARTESIAN_POINT('',(0.206629756034934,0.0781425032740747,0.));
#6537=CARTESIAN_POINT('',(0.206629756034934,0.0781425032740747,0.1));
#6538=CARTESIAN_POINT('',(0.206629756034934,0.0781425032740747,0.1));
#6539=CARTESIAN_POINT('',(0.206629756034934,0.0781425032740747,0.));
#6540=CARTESIAN_POINT('Ctrl Pts',(0.192118077951414,0.0726611807612587,
0.));
#6541=CARTESIAN_POINT('Ctrl Pts',(0.192118077951414,0.0726611807612587,
0.1));
#6542=CARTESIAN_POINT('Ctrl Pts',(0.199926000467739,0.0726611807612652,
0.));
#6543=CARTESIAN_POINT('Ctrl Pts',(0.199926000467739,0.0726611807612652,
0.1));
#6544=CARTESIAN_POINT('Ctrl Pts',(0.20426373038855,0.0762890975761452,0.));
#6545=CARTESIAN_POINT('Ctrl Pts',(0.20426373038855,0.0762890975761452,0.1));
#6546=CARTESIAN_POINT('Ctrl Pts',(0.206629756034934,0.0781425032740747,
0.));
#6547=CARTESIAN_POINT('Ctrl Pts',(0.206629756034934,0.0781425032740747,
0.1));
#6548=CARTESIAN_POINT('',(0.192118077951414,0.0726611807612587,0.));
#6549=CARTESIAN_POINT('Ctrl Pts',(0.192118077951414,0.0726611807612587,
0.));
#6550=CARTESIAN_POINT('Ctrl Pts',(0.199926000467739,0.0726611807612652,
0.));
#6551=CARTESIAN_POINT('Ctrl Pts',(0.20426373038855,0.0762890975761452,0.));
#6552=CARTESIAN_POINT('Ctrl Pts',(0.206629756034934,0.0781425032740747,
0.));
#6553=CARTESIAN_POINT('',(0.192118077951414,0.0726611807612587,0.1));
#6554=CARTESIAN_POINT('Ctrl Pts',(0.192118077951414,0.0726611807612587,
0.1));
#6555=CARTESIAN_POINT('Ctrl Pts',(0.199926000467739,0.0726611807612652,
0.1));
#6556=CARTESIAN_POINT('Ctrl Pts',(0.20426373038855,0.0762890975761452,0.1));
#6557=CARTESIAN_POINT('Ctrl Pts',(0.206629756034934,0.0781425032740747,
0.1));
#6558=CARTESIAN_POINT('',(0.192118077951414,0.0726611807612587,0.));
#6559=CARTESIAN_POINT('Ctrl Pts',(0.180918852008534,0.0761944706212585,
0.));
#6560=CARTESIAN_POINT('Ctrl Pts',(0.180918852008534,0.0761944706212585,
0.1));
#6561=CARTESIAN_POINT('Ctrl Pts',(0.184941122665673,0.0728425819696001,
0.));
#6562=CARTESIAN_POINT('Ctrl Pts',(0.184941122665673,0.0728425819696001,
0.1));
#6563=CARTESIAN_POINT('Ctrl Pts',(0.190777335497035,0.0726611807529886,
0.));
#6564=CARTESIAN_POINT('Ctrl Pts',(0.190777335497035,0.0726611807529886,
0.1));
#6565=CARTESIAN_POINT('Ctrl Pts',(0.192118077951414,0.0726611807612587,
0.));
#6566=CARTESIAN_POINT('Ctrl Pts',(0.192118077951414,0.0726611807612587,
0.1));
#6567=CARTESIAN_POINT('',(0.180918852008534,0.0761944706212585,0.));
#6568=CARTESIAN_POINT('Ctrl Pts',(0.180918852008534,0.0761944706212585,
0.));
#6569=CARTESIAN_POINT('Ctrl Pts',(0.184941122665673,0.0728425819696001,
0.));
#6570=CARTESIAN_POINT('Ctrl Pts',(0.190777335497035,0.0726611807529886,
0.));
#6571=CARTESIAN_POINT('Ctrl Pts',(0.192118077951414,0.0726611807612587,
0.));
#6572=CARTESIAN_POINT('',(0.180918852008534,0.0761944706212585,0.1));
#6573=CARTESIAN_POINT('Ctrl Pts',(0.180918852008534,0.0761944706212585,
0.1));
#6574=CARTESIAN_POINT('Ctrl Pts',(0.184941122665673,0.0728425819696001,
0.1));
#6575=CARTESIAN_POINT('Ctrl Pts',(0.190777335497035,0.0726611807529886,
0.1));
#6576=CARTESIAN_POINT('Ctrl Pts',(0.192118077951414,0.0726611807612587,
0.1));
#6577=CARTESIAN_POINT('',(0.180918852008534,0.0761944706212585,0.));
#6578=CARTESIAN_POINT('Ctrl Pts',(0.176186800715734,0.0873305938878388,
0.));
#6579=CARTESIAN_POINT('Ctrl Pts',(0.176186800715734,0.0873305938878388,
0.1));
#6580=CARTESIAN_POINT('Ctrl Pts',(0.176186800747408,0.0813287555033285,
0.));
#6581=CARTESIAN_POINT('Ctrl Pts',(0.176186800747408,0.0813287555033285,
0.1));
#6582=CARTESIAN_POINT('Ctrl Pts',(0.179183755719923,0.0777008332580417,
0.));
#6583=CARTESIAN_POINT('Ctrl Pts',(0.179183755719923,0.0777008332580417,
0.1));
#6584=CARTESIAN_POINT('Ctrl Pts',(0.180918852008534,0.0761944706212585,
0.));
#6585=CARTESIAN_POINT('Ctrl Pts',(0.180918852008534,0.0761944706212585,
0.1));
#6586=CARTESIAN_POINT('Ctrl Pts',(0.176186800715734,0.0873305938878388,
0.));
#6587=CARTESIAN_POINT('Ctrl Pts',(0.176186800747408,0.0813287555033285,
0.));
#6588=CARTESIAN_POINT('Ctrl Pts',(0.179183755719923,0.0777008332580417,
0.));
#6589=CARTESIAN_POINT('Ctrl Pts',(0.180918852008534,0.0761944706212585,
0.));
#6590=CARTESIAN_POINT('Ctrl Pts',(0.176186800715734,0.0873305938878388,
0.1));
#6591=CARTESIAN_POINT('Ctrl Pts',(0.176186800747408,0.0813287555033285,
0.1));
#6592=CARTESIAN_POINT('Ctrl Pts',(0.179183755719923,0.0777008332580417,
0.1));
#6593=CARTESIAN_POINT('Ctrl Pts',(0.180918852008534,0.0761944706212585,
0.1));
#6594=CARTESIAN_POINT('Origin',(0.200169827724491,0.0966659693845325,0.1));
#6595=CARTESIAN_POINT('Origin',(0.200169827724491,0.0966659693845325,0.));
#6596=CARTESIAN_POINT('Origin',(0.41704900165559,0.119784700771835,0.));
#6597=CARTESIAN_POINT('',(0.41704900165559,0.119784700771835,0.));
#6598=CARTESIAN_POINT('',(0.41704900165559,0.0740098354036667,0.));
#6599=CARTESIAN_POINT('',(0.41704900165559,0.119784700771835,0.));
#6600=CARTESIAN_POINT('',(0.41704900165559,0.0740098354036667,0.1));
#6601=CARTESIAN_POINT('',(0.41704900165559,0.0740098354036667,0.));
#6602=CARTESIAN_POINT('',(0.41704900165559,0.119784700771835,0.1));
#6603=CARTESIAN_POINT('',(0.41704900165559,0.119784700771835,0.1));
#6604=CARTESIAN_POINT('',(0.41704900165559,0.119784700771835,0.));
#6605=CARTESIAN_POINT('Origin',(0.43305916806039,0.119784700771835,0.));
#6606=CARTESIAN_POINT('',(0.43305916806039,0.119784700771835,0.));
#6607=CARTESIAN_POINT('',(0.43305916806039,0.119784700771835,0.));
#6608=CARTESIAN_POINT('',(0.43305916806039,0.119784700771835,0.1));
#6609=CARTESIAN_POINT('',(0.43305916806039,0.119784700771835,0.1));
#6610=CARTESIAN_POINT('',(0.43305916806039,0.119784700771835,0.));
#6611=CARTESIAN_POINT('Origin',(0.433295759801334,0.114468982195019,0.));
#6612=CARTESIAN_POINT('',(0.433295759801334,0.114468982195019,0.));
#6613=CARTESIAN_POINT('',(0.433295759801334,0.114468982195019,0.));
#6614=CARTESIAN_POINT('',(0.433295759801334,0.114468982195019,0.1));
#6615=CARTESIAN_POINT('',(0.433295759801334,0.114468982195019,0.1));
#6616=CARTESIAN_POINT('',(0.433295759801334,0.114468982195019,0.));
#6617=CARTESIAN_POINT('Ctrl Pts',(0.44764970284167,0.120668019177915,0.));
#6618=CARTESIAN_POINT('Ctrl Pts',(0.44764970284167,0.120668019177915,0.1));
#6619=CARTESIAN_POINT('Ctrl Pts',(0.438106700263271,0.120668019177924,0.));
#6620=CARTESIAN_POINT('Ctrl Pts',(0.438106700263271,0.120668019177924,0.1));
#6621=CARTESIAN_POINT('Ctrl Pts',(0.435504066640209,0.117174160372793,0.));
#6622=CARTESIAN_POINT('Ctrl Pts',(0.435504066640209,0.117174160372793,0.1));
#6623=CARTESIAN_POINT('Ctrl Pts',(0.433295759801334,0.114468982195019,0.));
#6624=CARTESIAN_POINT('Ctrl Pts',(0.433295759801334,0.114468982195019,0.1));
#6625=CARTESIAN_POINT('',(0.44764970284167,0.120668019177915,0.));
#6626=CARTESIAN_POINT('Ctrl Pts',(0.44764970284167,0.120668019177915,0.));
#6627=CARTESIAN_POINT('Ctrl Pts',(0.438106700263271,0.120668019177924,0.));
#6628=CARTESIAN_POINT('Ctrl Pts',(0.435504066640209,0.117174160372793,0.));
#6629=CARTESIAN_POINT('Ctrl Pts',(0.433295759801334,0.114468982195019,0.));
#6630=CARTESIAN_POINT('',(0.44764970284167,0.120668019177915,0.1));
#6631=CARTESIAN_POINT('Ctrl Pts',(0.44764970284167,0.120668019177915,0.1));
#6632=CARTESIAN_POINT('Ctrl Pts',(0.438106700263271,0.120668019177924,0.1));
#6633=CARTESIAN_POINT('Ctrl Pts',(0.435504066640209,0.117174160372793,0.1));
#6634=CARTESIAN_POINT('Ctrl Pts',(0.433295759801334,0.114468982195019,0.1));
#6635=CARTESIAN_POINT('',(0.44764970284167,0.120668019177915,0.));
#6636=CARTESIAN_POINT('Ctrl Pts',(0.46192477836055,0.110722766803667,0.));
#6637=CARTESIAN_POINT('Ctrl Pts',(0.46192477836055,0.110722766803667,0.1));
#6638=CARTESIAN_POINT('Ctrl Pts',(0.459795328219422,0.117749904645106,0.));
#6639=CARTESIAN_POINT('Ctrl Pts',(0.459795328219422,0.117749904645106,0.1));
#6640=CARTESIAN_POINT('Ctrl Pts',(0.454511188040059,0.120668019177924,0.));
#6641=CARTESIAN_POINT('Ctrl Pts',(0.454511188040059,0.120668019177924,0.1));
#6642=CARTESIAN_POINT('Ctrl Pts',(0.44764970284167,0.120668019177915,0.));
#6643=CARTESIAN_POINT('Ctrl Pts',(0.44764970284167,0.120668019177915,0.1));
#6644=CARTESIAN_POINT('',(0.46192477836055,0.110722766803667,0.));
#6645=CARTESIAN_POINT('Ctrl Pts',(0.46192477836055,0.110722766803667,0.));
#6646=CARTESIAN_POINT('Ctrl Pts',(0.459795328219422,0.117749904645106,0.));
#6647=CARTESIAN_POINT('Ctrl Pts',(0.454511188040059,0.120668019177924,0.));
#6648=CARTESIAN_POINT('Ctrl Pts',(0.44764970284167,0.120668019177915,0.));
#6649=CARTESIAN_POINT('',(0.46192477836055,0.110722766803667,0.1));
#6650=CARTESIAN_POINT('Ctrl Pts',(0.46192477836055,0.110722766803667,0.1));
#6651=CARTESIAN_POINT('Ctrl Pts',(0.459795328219422,0.117749904645106,0.1));
#6652=CARTESIAN_POINT('Ctrl Pts',(0.454511188040059,0.120668019177924,0.1));
#6653=CARTESIAN_POINT('Ctrl Pts',(0.44764970284167,0.120668019177915,0.1));
#6654=CARTESIAN_POINT('',(0.46192477836055,0.110722766803667,0.));
#6655=CARTESIAN_POINT('Ctrl Pts',(0.46271344275223,0.104145200353385,0.));
#6656=CARTESIAN_POINT('Ctrl Pts',(0.46271344275223,0.104145200353385,0.1));
#6657=CARTESIAN_POINT('Ctrl Pts',(0.462476834775723,0.107788903661112,0.));
#6658=CARTESIAN_POINT('Ctrl Pts',(0.462476834775723,0.107788903661112,0.1));
#6659=CARTESIAN_POINT('Ctrl Pts',(0.462397978077996,0.10894825027485,0.));
#6660=CARTESIAN_POINT('Ctrl Pts',(0.462397978077996,0.10894825027485,0.1));
#6661=CARTESIAN_POINT('Ctrl Pts',(0.46192477836055,0.110722766803667,0.));
#6662=CARTESIAN_POINT('Ctrl Pts',(0.46192477836055,0.110722766803667,0.1));
#6663=CARTESIAN_POINT('',(0.46271344275223,0.104145200353385,0.));
#6664=CARTESIAN_POINT('Ctrl Pts',(0.46271344275223,0.104145200353385,0.));
#6665=CARTESIAN_POINT('Ctrl Pts',(0.462476834775723,0.107788903661112,0.));
#6666=CARTESIAN_POINT('Ctrl Pts',(0.462397978077996,0.10894825027485,0.));
#6667=CARTESIAN_POINT('Ctrl Pts',(0.46192477836055,0.110722766803667,0.));
#6668=CARTESIAN_POINT('',(0.46271344275223,0.104145200353385,0.1));
#6669=CARTESIAN_POINT('Ctrl Pts',(0.46271344275223,0.104145200353385,0.1));
#6670=CARTESIAN_POINT('Ctrl Pts',(0.462476834775723,0.107788903661112,0.1));
#6671=CARTESIAN_POINT('Ctrl Pts',(0.462397978077996,0.10894825027485,0.1));
#6672=CARTESIAN_POINT('Ctrl Pts',(0.46192477836055,0.110722766803667,0.1));
#6673=CARTESIAN_POINT('',(0.46271344275223,0.104145200353385,0.));
#6674=CARTESIAN_POINT('Origin',(0.46271344275223,0.0740098354036667,0.));
#6675=CARTESIAN_POINT('',(0.46271344275223,0.0740098354036667,0.));
#6676=CARTESIAN_POINT('',(0.46271344275223,0.0740098354036667,0.));
#6677=CARTESIAN_POINT('',(0.46271344275223,0.0740098354036667,0.1));
#6678=CARTESIAN_POINT('',(0.46271344275223,0.0740098354036667,0.1));
#6679=CARTESIAN_POINT('',(0.46271344275223,0.0740098354036667,0.));
#6680=CARTESIAN_POINT('Origin',(0.44591461195575,0.0740255894251145,0.));
#6681=CARTESIAN_POINT('',(0.44591461195575,0.0740255894251145,0.));
#6682=CARTESIAN_POINT('',(0.44591461195575,0.0740255894251145,0.));
#6683=CARTESIAN_POINT('',(0.44591461195575,0.0740255894251145,0.1));
#6684=CARTESIAN_POINT('',(0.44591461195575,0.0740255894251145,0.1));
#6685=CARTESIAN_POINT('',(0.44591461195575,0.0740255894251145,0.));
#6686=CARTESIAN_POINT('Origin',(0.44591461195575,0.0962820873487988,0.));
#6687=CARTESIAN_POINT('',(0.44591461195575,0.0962820873487988,0.));
#6688=CARTESIAN_POINT('',(0.44591461195575,0.0962820873487988,0.));
#6689=CARTESIAN_POINT('',(0.44591461195575,0.0962820873487988,0.1));
#6690=CARTESIAN_POINT('',(0.44591461195575,0.0962820873487988,0.1));
#6691=CARTESIAN_POINT('',(0.44591461195575,0.0962820873487988,0.));
#6692=CARTESIAN_POINT('Ctrl Pts',(0.44433725070103,0.105896077732159,0.));
#6693=CARTESIAN_POINT('Ctrl Pts',(0.44433725070103,0.105896077732159,0.1));
#6694=CARTESIAN_POINT('Ctrl Pts',(0.446703292404103,0.104776151366161,0.));
#6695=CARTESIAN_POINT('Ctrl Pts',(0.446703292404103,0.104776151366161,0.1));
#6696=CARTESIAN_POINT('Ctrl Pts',(0.445914612011252,0.0936479077996118,
0.));
#6697=CARTESIAN_POINT('Ctrl Pts',(0.445914612011252,0.0936479077996118,
0.1));
#6698=CARTESIAN_POINT('Ctrl Pts',(0.44591461195575,0.0962820873487988,0.));
#6699=CARTESIAN_POINT('Ctrl Pts',(0.44591461195575,0.0962820873487988,0.1));
#6700=CARTESIAN_POINT('',(0.44433725070103,0.105896077732159,0.));
#6701=CARTESIAN_POINT('Ctrl Pts',(0.44433725070103,0.105896077732159,0.));
#6702=CARTESIAN_POINT('Ctrl Pts',(0.446703292404103,0.104776151366161,0.));
#6703=CARTESIAN_POINT('Ctrl Pts',(0.445914612011252,0.0936479077996118,
0.));
#6704=CARTESIAN_POINT('Ctrl Pts',(0.44591461195575,0.0962820873487988,0.));
#6705=CARTESIAN_POINT('',(0.44433725070103,0.105896077732159,0.1));
#6706=CARTESIAN_POINT('Ctrl Pts',(0.44433725070103,0.105896077732159,0.1));
#6707=CARTESIAN_POINT('Ctrl Pts',(0.446703292404103,0.104776151366161,0.1));
#6708=CARTESIAN_POINT('Ctrl Pts',(0.445914612011252,0.0936479077996118,
0.1));
#6709=CARTESIAN_POINT('Ctrl Pts',(0.44591461195575,0.0962820873487988,0.1));
#6710=CARTESIAN_POINT('',(0.44433725070103,0.105896077732159,0.));
#6711=CARTESIAN_POINT('Ctrl Pts',(0.44031499086647,0.107000206798132,0.));
#6712=CARTESIAN_POINT('Ctrl Pts',(0.44031499086647,0.107000206798132,0.1));
#6713=CARTESIAN_POINT('Ctrl Pts',(0.442050081752396,0.10703965950054,0.));
#6714=CARTESIAN_POINT('Ctrl Pts',(0.442050081752396,0.10703965950054,0.1));
#6715=CARTESIAN_POINT('Ctrl Pts',(0.443548586309363,0.106266743718455,0.));
#6716=CARTESIAN_POINT('Ctrl Pts',(0.443548586309363,0.106266743718455,0.1));
#6717=CARTESIAN_POINT('Ctrl Pts',(0.44433725070103,0.105896077732159,0.));
#6718=CARTESIAN_POINT('Ctrl Pts',(0.44433725070103,0.105896077732159,0.1));
#6719=CARTESIAN_POINT('',(0.44031499086647,0.107000206798132,0.));
#6720=CARTESIAN_POINT('Ctrl Pts',(0.44031499086647,0.107000206798132,0.));
#6721=CARTESIAN_POINT('Ctrl Pts',(0.442050081752396,0.10703965950054,0.));
#6722=CARTESIAN_POINT('Ctrl Pts',(0.443548586309363,0.106266743718455,0.));
#6723=CARTESIAN_POINT('Ctrl Pts',(0.44433725070103,0.105896077732159,0.));
#6724=CARTESIAN_POINT('',(0.44031499086647,0.107000206798132,0.1));
#6725=CARTESIAN_POINT('Ctrl Pts',(0.44031499086647,0.107000206798132,0.1));
#6726=CARTESIAN_POINT('Ctrl Pts',(0.442050081752396,0.10703965950054,0.1));
#6727=CARTESIAN_POINT('Ctrl Pts',(0.443548586309363,0.106266743718455,0.1));
#6728=CARTESIAN_POINT('Ctrl Pts',(0.44433725070103,0.105896077732159,0.1));
#6729=CARTESIAN_POINT('',(0.44031499086647,0.107000206798132,0.));
#6730=CARTESIAN_POINT('Ctrl Pts',(0.435188585730302,0.104145200353385,0.));
#6731=CARTESIAN_POINT('Ctrl Pts',(0.435188585730302,0.104145200353385,0.1));
#6732=CARTESIAN_POINT('Ctrl Pts',(0.435898393408836,0.105967043955237,0.));
#6733=CARTESIAN_POINT('Ctrl Pts',(0.435898393408836,0.105967043955237,0.1));
#6734=CARTESIAN_POINT('Ctrl Pts',(0.438264429893849,0.106960786597634,0.));
#6735=CARTESIAN_POINT('Ctrl Pts',(0.438264429893849,0.106960786597634,0.1));
#6736=CARTESIAN_POINT('Ctrl Pts',(0.44031499086647,0.107000206798132,0.));
#6737=CARTESIAN_POINT('Ctrl Pts',(0.44031499086647,0.107000206798132,0.1));
#6738=CARTESIAN_POINT('',(0.435188585730302,0.104145200353385,0.));
#6739=CARTESIAN_POINT('Ctrl Pts',(0.435188585730302,0.104145200353385,0.));
#6740=CARTESIAN_POINT('Ctrl Pts',(0.435898393408836,0.105967043955237,0.));
#6741=CARTESIAN_POINT('Ctrl Pts',(0.438264429893849,0.106960786597634,0.));
#6742=CARTESIAN_POINT('Ctrl Pts',(0.44031499086647,0.107000206798132,0.));
#6743=CARTESIAN_POINT('',(0.435188585730302,0.104145200353385,0.1));
#6744=CARTESIAN_POINT('Ctrl Pts',(0.435188585730302,0.104145200353385,0.1));
#6745=CARTESIAN_POINT('Ctrl Pts',(0.435898393408836,0.105967043955237,0.1));
#6746=CARTESIAN_POINT('Ctrl Pts',(0.438264429893849,0.106960786597634,0.1));
#6747=CARTESIAN_POINT('Ctrl Pts',(0.44031499086647,0.107000206798132,0.1));
#6748=CARTESIAN_POINT('',(0.435188585730302,0.104145200353385,0.));
#6749=CARTESIAN_POINT('Ctrl Pts',(0.433847843275902,0.0957852160099717,
0.));
#6750=CARTESIAN_POINT('Ctrl Pts',(0.433847843275902,0.0957852160099717,
0.1));
#6751=CARTESIAN_POINT('Ctrl Pts',(0.433768970342459,0.100406875502553,0.));
#6752=CARTESIAN_POINT('Ctrl Pts',(0.433768970342459,0.100406875502553,0.1));
#6753=CARTESIAN_POINT('Ctrl Pts',(0.43424217005987,0.101921128669132,0.));
#6754=CARTESIAN_POINT('Ctrl Pts',(0.43424217005987,0.101921128669132,0.1));
#6755=CARTESIAN_POINT('Ctrl Pts',(0.435188585730302,0.104145200353385,0.));
#6756=CARTESIAN_POINT('Ctrl Pts',(0.435188585730302,0.104145200353385,0.1));
#6757=CARTESIAN_POINT('',(0.433847843275902,0.0957852160099717,0.));
#6758=CARTESIAN_POINT('Ctrl Pts',(0.433847843275902,0.0957852160099717,
0.));
#6759=CARTESIAN_POINT('Ctrl Pts',(0.433768970342459,0.100406875502553,0.));
#6760=CARTESIAN_POINT('Ctrl Pts',(0.43424217005987,0.101921128669132,0.));
#6761=CARTESIAN_POINT('Ctrl Pts',(0.435188585730302,0.104145200353385,0.));
#6762=CARTESIAN_POINT('',(0.433847843275902,0.0957852160099717,0.1));
#6763=CARTESIAN_POINT('Ctrl Pts',(0.433847843275902,0.0957852160099717,
0.1));
#6764=CARTESIAN_POINT('Ctrl Pts',(0.433768970342459,0.100406875502553,0.1));
#6765=CARTESIAN_POINT('Ctrl Pts',(0.43424217005987,0.101921128669132,0.1));
#6766=CARTESIAN_POINT('Ctrl Pts',(0.435188585730302,0.104145200353385,0.1));
#6767=CARTESIAN_POINT('',(0.433847843275902,0.0957852160099717,0.));
#6768=CARTESIAN_POINT('Origin',(0.433690097409022,0.0739388367750267,0.));
#6769=CARTESIAN_POINT('',(0.433690097409022,0.0739388367750267,0.));
#6770=CARTESIAN_POINT('',(0.433690097409022,0.0739388367750267,0.));
#6771=CARTESIAN_POINT('',(0.433690097409022,0.0739388367750267,0.1));
#6772=CARTESIAN_POINT('',(0.433690097409022,0.0739388367750267,0.1));
#6773=CARTESIAN_POINT('',(0.433690097409022,0.0739388367750267,0.));
#6774=CARTESIAN_POINT('Origin',(0.41704900165559,0.0740098354036667,0.));
#6775=CARTESIAN_POINT('',(0.41704900165559,0.0740098354036667,0.));
#6776=CARTESIAN_POINT('',(0.41704900165559,0.0740098354036667,0.1));
#6777=CARTESIAN_POINT('Origin',(0.438653543805805,0.0955149753864363,0.1));
#6778=CARTESIAN_POINT('Origin',(0.438653543805805,0.0955149753864363,0.));
#6779=CARTESIAN_POINT('Ctrl Pts',(0.504040170163894,0.106542788161705,0.));
#6780=CARTESIAN_POINT('Ctrl Pts',(0.504040170163894,0.106542788161705,0.1));
#6781=CARTESIAN_POINT('Ctrl Pts',(0.504828834555589,0.107228940469852,0.));
#6782=CARTESIAN_POINT('Ctrl Pts',(0.504828834555589,0.107228940469852,0.1));
#6783=CARTESIAN_POINT('Ctrl Pts',(0.505617520594788,0.108057041328293,0.));
#6784=CARTESIAN_POINT('Ctrl Pts',(0.505617520594788,0.108057041328293,0.1));
#6785=CARTESIAN_POINT('Ctrl Pts',(0.508062419174622,0.108057041328299,0.));
#6786=CARTESIAN_POINT('Ctrl Pts',(0.508062419174622,0.108057041328299,0.1));
#6787=CARTESIAN_POINT('',(0.508062419174622,0.108057041328299,0.));
#6788=CARTESIAN_POINT('',(0.504040170163894,0.106542788161705,0.));
#6789=CARTESIAN_POINT('Ctrl Pts',(0.508062419174622,0.108057041328299,0.));
#6790=CARTESIAN_POINT('Ctrl Pts',(0.505617520594788,0.108057041328293,0.));
#6791=CARTESIAN_POINT('Ctrl Pts',(0.504828834555589,0.107228940469852,0.));
#6792=CARTESIAN_POINT('Ctrl Pts',(0.504040170163894,0.106542788161705,0.));
#6793=CARTESIAN_POINT('',(0.508062419174622,0.108057041328299,0.1));
#6794=CARTESIAN_POINT('',(0.508062419174622,0.108057041328299,0.));
#6795=CARTESIAN_POINT('',(0.504040170163894,0.106542788161705,0.1));
#6796=CARTESIAN_POINT('Ctrl Pts',(0.504040170163894,0.106542788161705,0.1));
#6797=CARTESIAN_POINT('Ctrl Pts',(0.504828834555589,0.107228940469852,0.1));
#6798=CARTESIAN_POINT('Ctrl Pts',(0.505617520594788,0.108057041328293,0.1));
#6799=CARTESIAN_POINT('Ctrl Pts',(0.508062419174622,0.108057041328299,0.1));
#6800=CARTESIAN_POINT('',(0.504040170163894,0.106542788161705,0.));
#6801=CARTESIAN_POINT('Ctrl Pts',(0.50120091774055,0.0968735964663446,0.));
#6802=CARTESIAN_POINT('Ctrl Pts',(0.50120091774055,0.0968735964663446,0.1));
#6803=CARTESIAN_POINT('Ctrl Pts',(0.501200917740575,0.102481091860412,0.));
#6804=CARTESIAN_POINT('Ctrl Pts',(0.501200917740575,0.102481091860412,0.1));
#6805=CARTESIAN_POINT('Ctrl Pts',(0.501910725434491,0.104728824342333,0.));
#6806=CARTESIAN_POINT('Ctrl Pts',(0.501910725434491,0.104728824342333,0.1));
#6807=CARTESIAN_POINT('Ctrl Pts',(0.504040170163894,0.106542788161705,0.));
#6808=CARTESIAN_POINT('Ctrl Pts',(0.504040170163894,0.106542788161705,0.1));
#6809=CARTESIAN_POINT('',(0.50120091774055,0.0968735964663446,0.));
#6810=CARTESIAN_POINT('Ctrl Pts',(0.504040170163894,0.106542788161705,0.));
#6811=CARTESIAN_POINT('Ctrl Pts',(0.501910725434491,0.104728824342333,0.));
#6812=CARTESIAN_POINT('Ctrl Pts',(0.501200917740575,0.102481091860412,0.));
#6813=CARTESIAN_POINT('Ctrl Pts',(0.50120091774055,0.0968735964663446,0.));
#6814=CARTESIAN_POINT('',(0.50120091774055,0.0968735964663446,0.1));
#6815=CARTESIAN_POINT('Ctrl Pts',(0.50120091774055,0.0968735964663446,0.1));
#6816=CARTESIAN_POINT('Ctrl Pts',(0.501200917740575,0.102481091860412,0.1));
#6817=CARTESIAN_POINT('Ctrl Pts',(0.501910725434491,0.104728824342333,0.1));
#6818=CARTESIAN_POINT('Ctrl Pts',(0.504040170163894,0.106542788161705,0.1));
#6819=CARTESIAN_POINT('',(0.50120091774055,0.0968735964663446,0.));
#6820=CARTESIAN_POINT('Ctrl Pts',(0.505065442532062,0.0861081500098117,
0.));
#6821=CARTESIAN_POINT('Ctrl Pts',(0.505065442532062,0.0861081500098117,
0.1));
#6822=CARTESIAN_POINT('Ctrl Pts',(0.500964315175919,0.0889552659140667,
0.));
#6823=CARTESIAN_POINT('Ctrl Pts',(0.500964315175919,0.0889552659140667,
0.1));
#6824=CARTESIAN_POINT('Ctrl Pts',(0.50120091774057,0.0964476966966963,0.));
#6825=CARTESIAN_POINT('Ctrl Pts',(0.50120091774057,0.0964476966966963,0.1));
#6826=CARTESIAN_POINT('Ctrl Pts',(0.50120091774055,0.0968735964663446,0.));
#6827=CARTESIAN_POINT('Ctrl Pts',(0.50120091774055,0.0968735964663446,0.1));
#6828=CARTESIAN_POINT('',(0.505065442532062,0.0861081500098117,0.));
#6829=CARTESIAN_POINT('Ctrl Pts',(0.50120091774055,0.0968735964663446,0.));
#6830=CARTESIAN_POINT('Ctrl Pts',(0.50120091774057,0.0964476966966963,0.));
#6831=CARTESIAN_POINT('Ctrl Pts',(0.500964315175919,0.0889552659140667,
0.));
#6832=CARTESIAN_POINT('Ctrl Pts',(0.505065442532062,0.0861081500098117,
0.));
#6833=CARTESIAN_POINT('',(0.505065442532062,0.0861081500098117,0.1));
#6834=CARTESIAN_POINT('Ctrl Pts',(0.505065442532062,0.0861081500098117,
0.1));
#6835=CARTESIAN_POINT('Ctrl Pts',(0.500964315175919,0.0889552659140667,
0.1));
#6836=CARTESIAN_POINT('Ctrl Pts',(0.50120091774057,0.0964476966966963,0.1));
#6837=CARTESIAN_POINT('Ctrl Pts',(0.50120091774055,0.0968735964663446,0.1));
#6838=CARTESIAN_POINT('',(0.505065442532062,0.0861081500098117,0.));
#6839=CARTESIAN_POINT('Ctrl Pts',(0.50822015421767,0.0852800329157317,0.));
#6840=CARTESIAN_POINT('Ctrl Pts',(0.50822015421767,0.0852800329157317,0.1));
#6841=CARTESIAN_POINT('Ctrl Pts',(0.506800533417991,0.0852800329157431,
0.));
#6842=CARTESIAN_POINT('Ctrl Pts',(0.506800533417991,0.0852800329157431,
0.1));
#6843=CARTESIAN_POINT('Ctrl Pts',(0.506248455355281,0.0853273436872657,
0.));
#6844=CARTESIAN_POINT('Ctrl Pts',(0.506248455355281,0.0853273436872657,
0.1));
#6845=CARTESIAN_POINT('Ctrl Pts',(0.505065442532062,0.0861081500098117,
0.));
#6846=CARTESIAN_POINT('Ctrl Pts',(0.505065442532062,0.0861081500098117,
0.1));
#6847=CARTESIAN_POINT('',(0.50822015421767,0.0852800329157317,0.));
#6848=CARTESIAN_POINT('Ctrl Pts',(0.505065442532062,0.0861081500098117,
0.));
#6849=CARTESIAN_POINT('Ctrl Pts',(0.506248455355281,0.0853273436872657,
0.));
#6850=CARTESIAN_POINT('Ctrl Pts',(0.506800533417991,0.0852800329157431,
0.));
#6851=CARTESIAN_POINT('Ctrl Pts',(0.50822015421767,0.0852800329157317,0.));
#6852=CARTESIAN_POINT('',(0.50822015421767,0.0852800329157317,0.1));
#6853=CARTESIAN_POINT('Ctrl Pts',(0.50822015421767,0.0852800329157317,0.1));
#6854=CARTESIAN_POINT('Ctrl Pts',(0.506800533417991,0.0852800329157431,
0.1));
#6855=CARTESIAN_POINT('Ctrl Pts',(0.506248455355281,0.0853273436872657,
0.1));
#6856=CARTESIAN_POINT('Ctrl Pts',(0.505065442532062,0.0861081500098117,
0.1));
#6857=CARTESIAN_POINT('',(0.50822015421767,0.0852800329157317,0.));
#6858=CARTESIAN_POINT('Ctrl Pts',(0.511374865903414,0.0858321163903446,
0.));
#6859=CARTESIAN_POINT('Ctrl Pts',(0.511374865903414,0.0858321163903446,
0.1));
#6860=CARTESIAN_POINT('Ctrl Pts',(0.510112974735507,0.0852327059367406,
0.));
#6861=CARTESIAN_POINT('Ctrl Pts',(0.510112974735507,0.0852327059367406,
0.1));
#6862=CARTESIAN_POINT('Ctrl Pts',(0.508693359346931,0.0852800329227929,
0.));
#6863=CARTESIAN_POINT('Ctrl Pts',(0.508693359346931,0.0852800329227929,
0.1));
#6864=CARTESIAN_POINT('Ctrl Pts',(0.50822015421767,0.0852800329157317,0.));
#6865=CARTESIAN_POINT('Ctrl Pts',(0.50822015421767,0.0852800329157317,0.1));
#6866=CARTESIAN_POINT('',(0.511374865903414,0.0858321163903446,0.));
#6867=CARTESIAN_POINT('Ctrl Pts',(0.50822015421767,0.0852800329157317,0.));
#6868=CARTESIAN_POINT('Ctrl Pts',(0.508693359346931,0.0852800329227929,
0.));
#6869=CARTESIAN_POINT('Ctrl Pts',(0.510112974735507,0.0852327059367406,
0.));
#6870=CARTESIAN_POINT('Ctrl Pts',(0.511374865903414,0.0858321163903446,
0.));
#6871=CARTESIAN_POINT('',(0.511374865903414,0.0858321163903446,0.1));
#6872=CARTESIAN_POINT('Ctrl Pts',(0.511374865903414,0.0858321163903446,
0.1));
#6873=CARTESIAN_POINT('Ctrl Pts',(0.510112974735507,0.0852327059367406,
0.1));
#6874=CARTESIAN_POINT('Ctrl Pts',(0.508693359346931,0.0852800329227929,
0.1));
#6875=CARTESIAN_POINT('Ctrl Pts',(0.50822015421767,0.0852800329157317,0.1));
#6876=CARTESIAN_POINT('',(0.511374865903414,0.0858321163903446,0.));
#6877=CARTESIAN_POINT('Ctrl Pts',(0.515081655651742,0.0919128115018117,
0.));
#6878=CARTESIAN_POINT('Ctrl Pts',(0.515081655651742,0.0919128115018117,
0.1));
#6879=CARTESIAN_POINT('Ctrl Pts',(0.514766180153636,0.0880246313245883,
0.));
#6880=CARTESIAN_POINT('Ctrl Pts',(0.514766180153636,0.0880246313245883,
0.1));
#6881=CARTESIAN_POINT('Ctrl Pts',(0.513031083855882,0.0866050159367514,
0.));
#6882=CARTESIAN_POINT('Ctrl Pts',(0.513031083855882,0.0866050159367514,
0.1));
#6883=CARTESIAN_POINT('Ctrl Pts',(0.511374865903414,0.0858321163903446,
0.));
#6884=CARTESIAN_POINT('Ctrl Pts',(0.511374865903414,0.0858321163903446,
0.1));
#6885=CARTESIAN_POINT('',(0.515081655651742,0.0919128115018117,0.));
#6886=CARTESIAN_POINT('Ctrl Pts',(0.511374865903414,0.0858321163903446,
0.));
#6887=CARTESIAN_POINT('Ctrl Pts',(0.513031083855882,0.0866050159367514,
0.));
#6888=CARTESIAN_POINT('Ctrl Pts',(0.514766180153636,0.0880246313245883,
0.));
#6889=CARTESIAN_POINT('Ctrl Pts',(0.515081655651742,0.0919128115018117,
0.));
#6890=CARTESIAN_POINT('',(0.515081655651742,0.0919128115018117,0.1));
#6891=CARTESIAN_POINT('Ctrl Pts',(0.515081655651742,0.0919128115018117,
0.1));
#6892=CARTESIAN_POINT('Ctrl Pts',(0.514766180153636,0.0880246313245883,
0.1));
#6893=CARTESIAN_POINT('Ctrl Pts',(0.513031083855882,0.0866050159367514,
0.1));
#6894=CARTESIAN_POINT('Ctrl Pts',(0.511374865903414,0.0858321163903446,
0.1));
#6895=CARTESIAN_POINT('',(0.515081655651742,0.0919128115018117,0.));
#6896=CARTESIAN_POINT('Origin',(0.531249546275894,0.0920468749234646,0.));
#6897=CARTESIAN_POINT('',(0.531249546275894,0.0920468749234646,0.));
#6898=CARTESIAN_POINT('',(0.515081655651742,0.0919128115018117,0.));
#6899=CARTESIAN_POINT('',(0.531249546275894,0.0920468749234646,0.1));
#6900=CARTESIAN_POINT('',(0.515081655651742,0.0919128115018117,0.1));
#6901=CARTESIAN_POINT('',(0.531249546275894,0.0920468749234646,0.));
#6902=CARTESIAN_POINT('Ctrl Pts',(0.528883520629494,0.0843178361643188,
0.));
#6903=CARTESIAN_POINT('Ctrl Pts',(0.528883520629494,0.0843178361643188,
0.1));
#6904=CARTESIAN_POINT('Ctrl Pts',(0.530460865648548,0.0873384790164266,
0.));
#6905=CARTESIAN_POINT('Ctrl Pts',(0.530460865648548,0.0873384790164266,
0.1));
#6906=CARTESIAN_POINT('Ctrl Pts',(0.53109181664472,0.0910058377099587,0.));
#6907=CARTESIAN_POINT('Ctrl Pts',(0.53109181664472,0.0910058377099587,0.1));
#6908=CARTESIAN_POINT('Ctrl Pts',(0.531249546275894,0.0920468749234646,
0.));
#6909=CARTESIAN_POINT('Ctrl Pts',(0.531249546275894,0.0920468749234646,
0.1));
#6910=CARTESIAN_POINT('',(0.528883520629494,0.0843178361643188,0.));
#6911=CARTESIAN_POINT('Ctrl Pts',(0.531249546275894,0.0920468749234646,
0.));
#6912=CARTESIAN_POINT('Ctrl Pts',(0.53109181664472,0.0910058377099587,0.));
#6913=CARTESIAN_POINT('Ctrl Pts',(0.530460865648548,0.0873384790164266,
0.));
#6914=CARTESIAN_POINT('Ctrl Pts',(0.528883520629494,0.0843178361643188,
0.));
#6915=CARTESIAN_POINT('',(0.528883520629494,0.0843178361643188,0.1));
#6916=CARTESIAN_POINT('Ctrl Pts',(0.528883520629494,0.0843178361643188,
0.1));
#6917=CARTESIAN_POINT('Ctrl Pts',(0.530460865648548,0.0873384790164266,
0.1));
#6918=CARTESIAN_POINT('Ctrl Pts',(0.53109181664472,0.0910058377099587,0.1));
#6919=CARTESIAN_POINT('Ctrl Pts',(0.531249546275894,0.0920468749234646,
0.1));
#6920=CARTESIAN_POINT('',(0.528883520629494,0.0843178361643188,0.));
#6921=CARTESIAN_POINT('Ctrl Pts',(0.50837790008455,0.0729530008735786,0.));
#6922=CARTESIAN_POINT('Ctrl Pts',(0.50837790008455,0.0729530008735786,0.1));
#6923=CARTESIAN_POINT('Ctrl Pts',(0.516659000670757,0.0729530008735898,
0.));
#6924=CARTESIAN_POINT('Ctrl Pts',(0.516659000670757,0.0729530008735898,
0.1));
#6925=CARTESIAN_POINT('Ctrl Pts',(0.524861266206807,0.0762969881166161,
0.));
#6926=CARTESIAN_POINT('Ctrl Pts',(0.524861266206807,0.0762969881166161,
0.1));
#6927=CARTESIAN_POINT('Ctrl Pts',(0.528883520629494,0.0843178361643188,
0.));
#6928=CARTESIAN_POINT('Ctrl Pts',(0.528883520629494,0.0843178361643188,
0.1));
#6929=CARTESIAN_POINT('',(0.50837790008455,0.0729530008735786,0.));
#6930=CARTESIAN_POINT('Ctrl Pts',(0.528883520629494,0.0843178361643188,
0.));
#6931=CARTESIAN_POINT('Ctrl Pts',(0.524861266206807,0.0762969881166161,
0.));
#6932=CARTESIAN_POINT('Ctrl Pts',(0.516659000670757,0.0729530008735898,
0.));
#6933=CARTESIAN_POINT('Ctrl Pts',(0.50837790008455,0.0729530008735786,0.));
#6934=CARTESIAN_POINT('',(0.50837790008455,0.0729530008735786,0.1));
#6935=CARTESIAN_POINT('Ctrl Pts',(0.50837790008455,0.0729530008735786,0.1));
#6936=CARTESIAN_POINT('Ctrl Pts',(0.516659000670757,0.0729530008735898,
0.1));
#6937=CARTESIAN_POINT('Ctrl Pts',(0.524861266206807,0.0762969881166161,
0.1));
#6938=CARTESIAN_POINT('Ctrl Pts',(0.528883520629494,0.0843178361643188,
0.1));
#6939=CARTESIAN_POINT('',(0.50837790008455,0.0729530008735786,0.));
#6940=CARTESIAN_POINT('Ctrl Pts',(0.50120091774055,0.0737259004199788,0.));
#6941=CARTESIAN_POINT('Ctrl Pts',(0.50120091774055,0.0737259004199788,0.1));
#6942=CARTESIAN_POINT('Ctrl Pts',(0.502620538529549,0.0734656261125698,
0.));
#6943=CARTESIAN_POINT('Ctrl Pts',(0.502620538529549,0.0734656261125698,
0.1));
#6944=CARTESIAN_POINT('Ctrl Pts',(0.504986585834296,0.0729530008021194,
0.));
#6945=CARTESIAN_POINT('Ctrl Pts',(0.504986585834296,0.0729530008021194,
0.1));
#6946=CARTESIAN_POINT('Ctrl Pts',(0.50837790008455,0.0729530008735786,0.));
#6947=CARTESIAN_POINT('Ctrl Pts',(0.50837790008455,0.0729530008735786,0.1));
#6948=CARTESIAN_POINT('',(0.50120091774055,0.0737259004199788,0.));
#6949=CARTESIAN_POINT('Ctrl Pts',(0.50837790008455,0.0729530008735786,0.));
#6950=CARTESIAN_POINT('Ctrl Pts',(0.504986585834296,0.0729530008021194,
0.));
#6951=CARTESIAN_POINT('Ctrl Pts',(0.502620538529549,0.0734656261125698,
0.));
#6952=CARTESIAN_POINT('Ctrl Pts',(0.50120091774055,0.0737259004199788,0.));
#6953=CARTESIAN_POINT('',(0.50120091774055,0.0737259004199788,0.1));
#6954=CARTESIAN_POINT('Ctrl Pts',(0.50120091774055,0.0737259004199788,0.1));
#6955=CARTESIAN_POINT('Ctrl Pts',(0.502620538529549,0.0734656261125698,
0.1));
#6956=CARTESIAN_POINT('Ctrl Pts',(0.504986585834296,0.0729530008021194,
0.1));
#6957=CARTESIAN_POINT('Ctrl Pts',(0.50837790008455,0.0729530008735786,0.1));
#6958=CARTESIAN_POINT('',(0.50120091774055,0.0737259004199788,0.));
#6959=CARTESIAN_POINT('Ctrl Pts',(0.486373785806614,0.0864945970770645,
0.));
#6960=CARTESIAN_POINT('Ctrl Pts',(0.486373785806614,0.0864945970770645,
0.1));
#6961=CARTESIAN_POINT('Ctrl Pts',(0.48889754649606,0.0799406914244517,0.));
#6962=CARTESIAN_POINT('Ctrl Pts',(0.48889754649606,0.0799406914244517,0.1));
#6963=CARTESIAN_POINT('Ctrl Pts',(0.494654886392692,0.0753663535271715,
0.));
#6964=CARTESIAN_POINT('Ctrl Pts',(0.494654886392692,0.0753663535271715,
0.1));
#6965=CARTESIAN_POINT('Ctrl Pts',(0.50120091774055,0.0737259004199788,0.));
#6966=CARTESIAN_POINT('Ctrl Pts',(0.50120091774055,0.0737259004199788,0.1));
#6967=CARTESIAN_POINT('',(0.486373785806614,0.0864945970770645,0.));
#6968=CARTESIAN_POINT('Ctrl Pts',(0.50120091774055,0.0737259004199788,0.));
#6969=CARTESIAN_POINT('Ctrl Pts',(0.494654886392692,0.0753663535271715,
0.));
#6970=CARTESIAN_POINT('Ctrl Pts',(0.48889754649606,0.0799406914244517,0.));
#6971=CARTESIAN_POINT('Ctrl Pts',(0.486373785806614,0.0864945970770645,
0.));
#6972=CARTESIAN_POINT('',(0.486373785806614,0.0864945970770645,0.1));
#6973=CARTESIAN_POINT('Ctrl Pts',(0.486373785806614,0.0864945970770645,
0.1));
#6974=CARTESIAN_POINT('Ctrl Pts',(0.48889754649606,0.0799406914244517,0.1));
#6975=CARTESIAN_POINT('Ctrl Pts',(0.494654886392692,0.0753663535271715,
0.1));
#6976=CARTESIAN_POINT('Ctrl Pts',(0.50120091774055,0.0737259004199788,0.1));
#6977=CARTESIAN_POINT('',(0.486373785806614,0.0864945970770645,0.));
#6978=CARTESIAN_POINT('Ctrl Pts',(0.484717551618454,0.0965029142443717,
0.));
#6979=CARTESIAN_POINT('Ctrl Pts',(0.484717551618454,0.0965029142443717,
0.1));
#6980=CARTESIAN_POINT('Ctrl Pts',(0.484717551618426,0.0914948185083107,
0.));
#6981=CARTESIAN_POINT('Ctrl Pts',(0.484717551618426,0.0914948185083107,
0.1));
#6982=CARTESIAN_POINT('Ctrl Pts',(0.485663978112712,0.0884741756562133,
0.));
#6983=CARTESIAN_POINT('Ctrl Pts',(0.485663978112712,0.0884741756562133,
0.1));
#6984=CARTESIAN_POINT('Ctrl Pts',(0.486373785806614,0.0864945970770645,
0.));
#6985=CARTESIAN_POINT('Ctrl Pts',(0.486373785806614,0.0864945970770645,
0.1));
#6986=CARTESIAN_POINT('',(0.484717551618454,0.0965029142443717,0.));
#6987=CARTESIAN_POINT('Ctrl Pts',(0.486373785806614,0.0864945970770645,
0.));
#6988=CARTESIAN_POINT('Ctrl Pts',(0.485663978112712,0.0884741756562133,
0.));
#6989=CARTESIAN_POINT('Ctrl Pts',(0.484717551618426,0.0914948185083107,
0.));
#6990=CARTESIAN_POINT('Ctrl Pts',(0.484717551618454,0.0965029142443717,
0.));
#6991=CARTESIAN_POINT('',(0.484717551618454,0.0965029142443717,0.1));
#6992=CARTESIAN_POINT('Ctrl Pts',(0.484717551618454,0.0965029142443717,
0.1));
#6993=CARTESIAN_POINT('Ctrl Pts',(0.484717551618426,0.0914948185083107,
0.1));
#6994=CARTESIAN_POINT('Ctrl Pts',(0.485663978112712,0.0884741756562133,
0.1));
#6995=CARTESIAN_POINT('Ctrl Pts',(0.486373785806614,0.0864945970770645,
0.1));
#6996=CARTESIAN_POINT('',(0.484717551618454,0.0965029142443717,0.));
#6997=CARTESIAN_POINT('Ctrl Pts',(0.487714528261014,0.109263720360955,0.));
#6998=CARTESIAN_POINT('Ctrl Pts',(0.487714528261014,0.109263720360955,0.1));
#6999=CARTESIAN_POINT('Ctrl Pts',(0.484796424551888,0.103916499153002,0.));
#7000=CARTESIAN_POINT('Ctrl Pts',(0.484796424551888,0.103916499153002,0.1));
#7001=CARTESIAN_POINT('Ctrl Pts',(0.484717551618482,0.0985692400617652,
0.));
#7002=CARTESIAN_POINT('Ctrl Pts',(0.484717551618482,0.0985692400617652,
0.1));
#7003=CARTESIAN_POINT('Ctrl Pts',(0.484717551618454,0.0965029142443717,
0.));
#7004=CARTESIAN_POINT('Ctrl Pts',(0.484717551618454,0.0965029142443717,
0.1));
#7005=CARTESIAN_POINT('',(0.487714528261014,0.109263720360955,0.));
#7006=CARTESIAN_POINT('Ctrl Pts',(0.484717551618454,0.0965029142443717,
0.));
#7007=CARTESIAN_POINT('Ctrl Pts',(0.484717551618482,0.0985692400617652,
0.));
#7008=CARTESIAN_POINT('Ctrl Pts',(0.484796424551888,0.103916499153002,0.));
#7009=CARTESIAN_POINT('Ctrl Pts',(0.487714528261014,0.109263720360955,0.));
#7010=CARTESIAN_POINT('',(0.487714528261014,0.109263720360955,0.1));
#7011=CARTESIAN_POINT('Ctrl Pts',(0.487714528261014,0.109263720360955,0.1));
#7012=CARTESIAN_POINT('Ctrl Pts',(0.484796424551888,0.103916499153002,0.1));
#7013=CARTESIAN_POINT('Ctrl Pts',(0.484717551618482,0.0985692400617652,
0.1));
#7014=CARTESIAN_POINT('Ctrl Pts',(0.484717551618454,0.0965029142443717,
0.1));
#7015=CARTESIAN_POINT('',(0.487714528261014,0.109263720360955,0.));
#7016=CARTESIAN_POINT('Ctrl Pts',(0.491342445075902,0.114263952615995,0.));
#7017=CARTESIAN_POINT('Ctrl Pts',(0.491342445075902,0.114263952615995,0.1));
#7018=CARTESIAN_POINT('Ctrl Pts',(0.489449635318941,0.112284347013998,0.));
#7019=CARTESIAN_POINT('Ctrl Pts',(0.489449635318941,0.112284347013998,0.1));
#7020=CARTESIAN_POINT('Ctrl Pts',(0.488108865850566,0.110123383389595,0.));
#7021=CARTESIAN_POINT('Ctrl Pts',(0.488108865850566,0.110123383389595,0.1));
#7022=CARTESIAN_POINT('Ctrl Pts',(0.487714528261014,0.109263720360955,0.));
#7023=CARTESIAN_POINT('Ctrl Pts',(0.487714528261014,0.109263720360955,0.1));
#7024=CARTESIAN_POINT('',(0.491342445075902,0.114263952615995,0.));
#7025=CARTESIAN_POINT('Ctrl Pts',(0.487714528261014,0.109263720360955,0.));
#7026=CARTESIAN_POINT('Ctrl Pts',(0.488108865850566,0.110123383389595,0.));
#7027=CARTESIAN_POINT('Ctrl Pts',(0.489449635318941,0.112284347013998,0.));
#7028=CARTESIAN_POINT('Ctrl Pts',(0.491342445075902,0.114263952615995,0.));
#7029=CARTESIAN_POINT('',(0.491342445075902,0.114263952615995,0.1));
#7030=CARTESIAN_POINT('Ctrl Pts',(0.491342445075902,0.114263952615995,0.1));
#7031=CARTESIAN_POINT('Ctrl Pts',(0.489449635318941,0.112284347013998,0.1));
#7032=CARTESIAN_POINT('Ctrl Pts',(0.488108865850566,0.110123383389595,0.1));
#7033=CARTESIAN_POINT('Ctrl Pts',(0.487714528261014,0.109263720360955,0.1));
#7034=CARTESIAN_POINT('',(0.491342445075902,0.114263952615995,0.));
#7035=CARTESIAN_POINT('Ctrl Pts',(0.50885110521383,0.120478721972947,0.));
#7036=CARTESIAN_POINT('Ctrl Pts',(0.50885110521383,0.120478721972947,0.1));
#7037=CARTESIAN_POINT('Ctrl Pts',(0.506642803786802,0.120478721972957,0.));
#7038=CARTESIAN_POINT('Ctrl Pts',(0.506642803786802,0.120478721972957,0.1));
#7039=CARTESIAN_POINT('Ctrl Pts',(0.497494138816042,0.120305211260798,0.));
#7040=CARTESIAN_POINT('Ctrl Pts',(0.497494138816042,0.120305211260798,0.1));
#7041=CARTESIAN_POINT('Ctrl Pts',(0.491342445075902,0.114263952615995,0.));
#7042=CARTESIAN_POINT('Ctrl Pts',(0.491342445075902,0.114263952615995,0.1));
#7043=CARTESIAN_POINT('',(0.50885110521383,0.120478721972947,0.));
#7044=CARTESIAN_POINT('Ctrl Pts',(0.491342445075902,0.114263952615995,0.));
#7045=CARTESIAN_POINT('Ctrl Pts',(0.497494138816042,0.120305211260798,0.));
#7046=CARTESIAN_POINT('Ctrl Pts',(0.506642803786802,0.120478721972957,0.));
#7047=CARTESIAN_POINT('Ctrl Pts',(0.50885110521383,0.120478721972947,0.));
#7048=CARTESIAN_POINT('',(0.50885110521383,0.120478721972947,0.1));
#7049=CARTESIAN_POINT('Ctrl Pts',(0.50885110521383,0.120478721972947,0.1));
#7050=CARTESIAN_POINT('Ctrl Pts',(0.506642803786802,0.120478721972957,0.1));
#7051=CARTESIAN_POINT('Ctrl Pts',(0.497494138816042,0.120305211260798,0.1));
#7052=CARTESIAN_POINT('Ctrl Pts',(0.491342445075902,0.114263952615995,0.1));
#7053=CARTESIAN_POINT('',(0.50885110521383,0.120478721972947,0.));
#7054=CARTESIAN_POINT('Ctrl Pts',(0.525255598402622,0.114871215755035,0.));
#7055=CARTESIAN_POINT('Ctrl Pts',(0.525255598402622,0.114871215755035,0.1));
#7056=CARTESIAN_POINT('Ctrl Pts',(0.522652964779753,0.117284579232459,0.));
#7057=CARTESIAN_POINT('Ctrl Pts',(0.522652964779753,0.117284579232459,0.1));
#7058=CARTESIAN_POINT('Ctrl Pts',(0.517368813776549,0.120478721972957,0.));
#7059=CARTESIAN_POINT('Ctrl Pts',(0.517368813776549,0.120478721972957,0.1));
#7060=CARTESIAN_POINT('Ctrl Pts',(0.50885110521383,0.120478721972947,0.));
#7061=CARTESIAN_POINT('Ctrl Pts',(0.50885110521383,0.120478721972947,0.1));
#7062=CARTESIAN_POINT('',(0.525255598402622,0.114871215755035,0.));
#7063=CARTESIAN_POINT('Ctrl Pts',(0.50885110521383,0.120478721972947,0.));
#7064=CARTESIAN_POINT('Ctrl Pts',(0.517368813776549,0.120478721972957,0.));
#7065=CARTESIAN_POINT('Ctrl Pts',(0.522652964779753,0.117284579232459,0.));
#7066=CARTESIAN_POINT('Ctrl Pts',(0.525255598402622,0.114871215755035,0.));
#7067=CARTESIAN_POINT('',(0.525255598402622,0.114871215755035,0.1));
#7068=CARTESIAN_POINT('Ctrl Pts',(0.525255598402622,0.114871215755035,0.1));
#7069=CARTESIAN_POINT('Ctrl Pts',(0.522652964779753,0.117284579232459,0.1));
#7070=CARTESIAN_POINT('Ctrl Pts',(0.517368813776549,0.120478721972957,0.1));
#7071=CARTESIAN_POINT('Ctrl Pts',(0.50885110521383,0.120478721972947,0.1));
#7072=CARTESIAN_POINT('',(0.525255598402622,0.114871215755035,0.));
#7073=CARTESIAN_POINT('Ctrl Pts',(0.528883520629494,0.109161202865587,0.));
#7074=CARTESIAN_POINT('Ctrl Pts',(0.528883520629494,0.109161202865587,0.1));
#7075=CARTESIAN_POINT('Ctrl Pts',(0.527621629521222,0.112008318819753,0.));
#7076=CARTESIAN_POINT('Ctrl Pts',(0.527621629521222,0.112008318819753,0.1));
#7077=CARTESIAN_POINT('Ctrl Pts',(0.526044284458301,0.114090436508609,0.));
#7078=CARTESIAN_POINT('Ctrl Pts',(0.526044284458301,0.114090436508609,0.1));
#7079=CARTESIAN_POINT('Ctrl Pts',(0.525255598402622,0.114871215755035,0.));
#7080=CARTESIAN_POINT('Ctrl Pts',(0.525255598402622,0.114871215755035,0.1));
#7081=CARTESIAN_POINT('',(0.528883520629494,0.109161202865587,0.));
#7082=CARTESIAN_POINT('Ctrl Pts',(0.525255598402622,0.114871215755035,0.));
#7083=CARTESIAN_POINT('Ctrl Pts',(0.526044284458301,0.114090436508609,0.));
#7084=CARTESIAN_POINT('Ctrl Pts',(0.527621629521222,0.112008318819753,0.));
#7085=CARTESIAN_POINT('Ctrl Pts',(0.528883520629494,0.109161202865587,0.));
#7086=CARTESIAN_POINT('',(0.528883520629494,0.109161202865587,0.1));
#7087=CARTESIAN_POINT('Ctrl Pts',(0.528883520629494,0.109161202865587,0.1));
#7088=CARTESIAN_POINT('Ctrl Pts',(0.527621629521222,0.112008318819753,0.1));
#7089=CARTESIAN_POINT('Ctrl Pts',(0.526044284458301,0.114090436508609,0.1));
#7090=CARTESIAN_POINT('Ctrl Pts',(0.525255598402622,0.114871215755035,0.1));
#7091=CARTESIAN_POINT('',(0.528883520629494,0.109161202865587,0.));
#7092=CARTESIAN_POINT('Ctrl Pts',(0.530855214080054,0.102260264964852,0.));
#7093=CARTESIAN_POINT('Ctrl Pts',(0.530855214080054,0.102260264964852,0.1));
#7094=CARTESIAN_POINT('Ctrl Pts',(0.530460865648548,0.104760370268572,0.));
#7095=CARTESIAN_POINT('Ctrl Pts',(0.530460865648548,0.104760370268572,0.1));
#7096=CARTESIAN_POINT('Ctrl Pts',(0.529908803821518,0.106834597450253,0.));
#7097=CARTESIAN_POINT('Ctrl Pts',(0.529908803821518,0.106834597450253,0.1));
#7098=CARTESIAN_POINT('Ctrl Pts',(0.528883520629494,0.109161202865587,0.));
#7099=CARTESIAN_POINT('Ctrl Pts',(0.528883520629494,0.109161202865587,0.1));
#7100=CARTESIAN_POINT('',(0.530855214080054,0.102260264964852,0.));
#7101=CARTESIAN_POINT('Ctrl Pts',(0.528883520629494,0.109161202865587,0.));
#7102=CARTESIAN_POINT('Ctrl Pts',(0.529908803821518,0.106834597450253,0.));
#7103=CARTESIAN_POINT('Ctrl Pts',(0.530460865648548,0.104760370268572,0.));
#7104=CARTESIAN_POINT('Ctrl Pts',(0.530855214080054,0.102260264964852,0.));
#7105=CARTESIAN_POINT('',(0.530855214080054,0.102260264964852,0.1));
#7106=CARTESIAN_POINT('Ctrl Pts',(0.530855214080054,0.102260264964852,0.1));
#7107=CARTESIAN_POINT('Ctrl Pts',(0.530460865648548,0.104760370268572,0.1));
#7108=CARTESIAN_POINT('Ctrl Pts',(0.529908803821518,0.106834597450253,0.1));
#7109=CARTESIAN_POINT('Ctrl Pts',(0.528883520629494,0.109161202865587,0.1));
#7110=CARTESIAN_POINT('',(0.530855214080054,0.102260264964852,0.));
#7111=CARTESIAN_POINT('Origin',(0.515002782718302,0.102260264964852,0.));
#7112=CARTESIAN_POINT('',(0.515002782718302,0.102260264964852,0.));
#7113=CARTESIAN_POINT('',(0.530855214080054,0.102260264964852,0.));
#7114=CARTESIAN_POINT('',(0.515002782718302,0.102260264964852,0.1));
#7115=CARTESIAN_POINT('',(0.530855214080054,0.102260264964852,0.1));
#7116=CARTESIAN_POINT('',(0.515002782718302,0.102260264964852,0.));
#7117=CARTESIAN_POINT('Ctrl Pts',(0.508062419174622,0.108057041328299,0.));
#7118=CARTESIAN_POINT('Ctrl Pts',(0.508062419174622,0.108057041328299,0.1));
#7119=CARTESIAN_POINT('Ctrl Pts',(0.51105940664102,0.108057041328293,0.));
#7120=CARTESIAN_POINT('Ctrl Pts',(0.51105940664102,0.108057041328293,0.1));
#7121=CARTESIAN_POINT('Ctrl Pts',(0.513740891549804,0.107781013120641,0.));
#7122=CARTESIAN_POINT('Ctrl Pts',(0.513740891549804,0.107781013120641,0.1));
#7123=CARTESIAN_POINT('Ctrl Pts',(0.515002782718302,0.102260264964852,0.));
#7124=CARTESIAN_POINT('Ctrl Pts',(0.515002782718302,0.102260264964852,0.1));
#7125=CARTESIAN_POINT('Ctrl Pts',(0.515002782718302,0.102260264964852,0.));
#7126=CARTESIAN_POINT('Ctrl Pts',(0.513740891549804,0.107781013120641,0.));
#7127=CARTESIAN_POINT('Ctrl Pts',(0.51105940664102,0.108057041328293,0.));
#7128=CARTESIAN_POINT('Ctrl Pts',(0.508062419174622,0.108057041328299,0.));
#7129=CARTESIAN_POINT('Ctrl Pts',(0.508062419174622,0.108057041328299,0.1));
#7130=CARTESIAN_POINT('Ctrl Pts',(0.51105940664102,0.108057041328293,0.1));
#7131=CARTESIAN_POINT('Ctrl Pts',(0.513740891549804,0.107781013120641,0.1));
#7132=CARTESIAN_POINT('Ctrl Pts',(0.515002782718302,0.102260264964852,0.1));
#7133=CARTESIAN_POINT('Origin',(0.5096383457834,0.0967692460050719,0.));
#7134=CARTESIAN_POINT('Origin',(0.5096383457834,0.0967692460050719,0.1));
#7135=CARTESIAN_POINT('Origin',(0.466104757002614,0.136898996242699,0.));
#7136=CARTESIAN_POINT('',(0.466104757002614,0.136898996242699,0.));
#7137=CARTESIAN_POINT('',(0.466104757002614,0.124934745058219,0.));
#7138=CARTESIAN_POINT('',(0.466104757002614,0.136898996242699,0.));
#7139=CARTESIAN_POINT('',(0.466104757002614,0.124934745058219,0.1));
#7140=CARTESIAN_POINT('',(0.466104757002614,0.124934745058219,0.));
#7141=CARTESIAN_POINT('',(0.466104757002614,0.136898996242699,0.1));
#7142=CARTESIAN_POINT('',(0.466104757002614,0.136898996242699,0.1));
#7143=CARTESIAN_POINT('',(0.466104757002614,0.136898996242699,0.));
#7144=CARTESIAN_POINT('Origin',(0.48282472568935,0.136898996242699,0.));
#7145=CARTESIAN_POINT('',(0.48282472568935,0.136898996242699,0.));
#7146=CARTESIAN_POINT('',(0.48282472568935,0.136898996242699,0.));
#7147=CARTESIAN_POINT('',(0.48282472568935,0.136898996242699,0.1));
#7148=CARTESIAN_POINT('',(0.48282472568935,0.136898996242699,0.1));
#7149=CARTESIAN_POINT('',(0.48282472568935,0.136898996242699,0.));
#7150=CARTESIAN_POINT('Origin',(0.48282472568935,0.124934745058219,0.));
#7151=CARTESIAN_POINT('',(0.48282472568935,0.124934745058219,0.));
#7152=CARTESIAN_POINT('',(0.48282472568935,0.124934745058219,0.));
#7153=CARTESIAN_POINT('',(0.48282472568935,0.124934745058219,0.1));
#7154=CARTESIAN_POINT('',(0.48282472568935,0.124934745058219,0.1));
#7155=CARTESIAN_POINT('',(0.48282472568935,0.124934745058219,0.));
#7156=CARTESIAN_POINT('Origin',(0.466104757002614,0.124934745058219,0.));
#7157=CARTESIAN_POINT('',(0.466104757002614,0.124934745058219,0.));
#7158=CARTESIAN_POINT('',(0.466104757002614,0.124934745058219,0.1));
#7159=CARTESIAN_POINT('Origin',(0.474464741345982,0.130916870650459,0.1));
#7160=CARTESIAN_POINT('Origin',(0.474464741345982,0.130916870650459,0.));
#7161=CARTESIAN_POINT('Origin',(0.466104757002614,0.0738599800772665,0.));
#7162=CARTESIAN_POINT('',(0.466104757002614,0.0738599800772665,0.));
#7163=CARTESIAN_POINT('',(0.48282472568935,0.0738599800772665,0.));
#7164=CARTESIAN_POINT('',(0.466104757002614,0.0738599800772665,0.));
#7165=CARTESIAN_POINT('',(0.48282472568935,0.0738599800772665,0.1));
#7166=CARTESIAN_POINT('',(0.48282472568935,0.0738599800772665,0.));
#7167=CARTESIAN_POINT('',(0.466104757002614,0.0738599800772665,0.1));
#7168=CARTESIAN_POINT('',(0.466104757002614,0.0738599800772665,0.1));
#7169=CARTESIAN_POINT('',(0.466104757002614,0.0738599800772665,0.));
#7170=CARTESIAN_POINT('Origin',(0.466104757002614,0.119847776388635,0.));
#7171=CARTESIAN_POINT('',(0.466104757002614,0.119847776388635,0.));
#7172=CARTESIAN_POINT('',(0.466104757002614,0.119847776388635,0.));
#7173=CARTESIAN_POINT('',(0.466104757002614,0.119847776388635,0.1));
#7174=CARTESIAN_POINT('',(0.466104757002614,0.119847776388635,0.1));
#7175=CARTESIAN_POINT('',(0.466104757002614,0.119847776388635,0.));
#7176=CARTESIAN_POINT('Origin',(0.48282472568935,0.119847776388635,0.));
#7177=CARTESIAN_POINT('',(0.48282472568935,0.119847776388635,0.));
#7178=CARTESIAN_POINT('',(0.48282472568935,0.119847776388635,0.));
#7179=CARTESIAN_POINT('',(0.48282472568935,0.119847776388635,0.1));
#7180=CARTESIAN_POINT('',(0.48282472568935,0.119847776388635,0.1));
#7181=CARTESIAN_POINT('',(0.48282472568935,0.119847776388635,0.));
#7182=CARTESIAN_POINT('Origin',(0.48282472568935,0.0738599800772665,0.));
#7183=CARTESIAN_POINT('',(0.48282472568935,0.0738599800772665,0.));
#7184=CARTESIAN_POINT('',(0.48282472568935,0.0738599800772665,0.1));
#7185=CARTESIAN_POINT('Origin',(0.474464741345982,0.0968538782329506,0.1));
#7186=CARTESIAN_POINT('Origin',(0.474464741345982,0.0968538782329506,0.));
#7187=CARTESIAN_POINT('Ctrl Pts',(0.339758581592854,0.110147038767035,0.));
#7188=CARTESIAN_POINT('Ctrl Pts',(0.339758581592854,0.110147038767035,0.1));
#7189=CARTESIAN_POINT('Ctrl Pts',(0.340468388204325,0.110588703382066,0.));
#7190=CARTESIAN_POINT('Ctrl Pts',(0.340468388204325,0.110588703382066,0.1));
#7191=CARTESIAN_POINT('Ctrl Pts',(0.341888000886177,0.111101339566068,0.));
#7192=CARTESIAN_POINT('Ctrl Pts',(0.341888000886177,0.111101339566068,0.1));
#7193=CARTESIAN_POINT('Ctrl Pts',(0.343780827356446,0.111101339566075,0.));
#7194=CARTESIAN_POINT('Ctrl Pts',(0.343780827356446,0.111101339566075,0.1));
#7195=CARTESIAN_POINT('',(0.339758581592854,0.110147038767035,0.));
#7196=CARTESIAN_POINT('',(0.343780827356446,0.111101339566075,0.));
#7197=CARTESIAN_POINT('Ctrl Pts',(0.339758581592854,0.110147038767035,0.));
#7198=CARTESIAN_POINT('Ctrl Pts',(0.340468388204325,0.110588703382066,0.));
#7199=CARTESIAN_POINT('Ctrl Pts',(0.341888000886177,0.111101339566068,0.));
#7200=CARTESIAN_POINT('Ctrl Pts',(0.343780827356446,0.111101339566075,0.));
#7201=CARTESIAN_POINT('',(0.343780827356446,0.111101339566075,0.1));
#7202=CARTESIAN_POINT('',(0.343780827356446,0.111101339566075,0.));
#7203=CARTESIAN_POINT('',(0.339758581592854,0.110147038767035,0.1));
#7204=CARTESIAN_POINT('Ctrl Pts',(0.339758581592854,0.110147038767035,0.1));
#7205=CARTESIAN_POINT('Ctrl Pts',(0.340468388204325,0.110588703382066,0.1));
#7206=CARTESIAN_POINT('Ctrl Pts',(0.341888000886177,0.111101339566068,0.1));
#7207=CARTESIAN_POINT('Ctrl Pts',(0.343780827356446,0.111101339566075,0.1));
#7208=CARTESIAN_POINT('',(0.339758581592854,0.110147038767035,0.));
#7209=CARTESIAN_POINT('Ctrl Pts',(0.338733295153718,0.107528624063187,0.));
#7210=CARTESIAN_POINT('Ctrl Pts',(0.338733295153718,0.107528624063187,0.1));
#7211=CARTESIAN_POINT('Ctrl Pts',(0.3387332951537,0.108837847650863,0.));
#7212=CARTESIAN_POINT('Ctrl Pts',(0.3387332951537,0.108837847650863,0.1));
#7213=CARTESIAN_POINT('Ctrl Pts',(0.339364227749369,0.109981413183521,0.));
#7214=CARTESIAN_POINT('Ctrl Pts',(0.339364227749369,0.109981413183521,0.1));
#7215=CARTESIAN_POINT('Ctrl Pts',(0.339758581592854,0.110147038767035,0.));
#7216=CARTESIAN_POINT('Ctrl Pts',(0.339758581592854,0.110147038767035,0.1));
#7217=CARTESIAN_POINT('',(0.338733295153718,0.107528624063187,0.));
#7218=CARTESIAN_POINT('Ctrl Pts',(0.338733295153718,0.107528624063187,0.));
#7219=CARTESIAN_POINT('Ctrl Pts',(0.3387332951537,0.108837847650863,0.));
#7220=CARTESIAN_POINT('Ctrl Pts',(0.339364227749369,0.109981413183521,0.));
#7221=CARTESIAN_POINT('Ctrl Pts',(0.339758581592854,0.110147038767035,0.));
#7222=CARTESIAN_POINT('',(0.338733295153718,0.107528624063187,0.1));
#7223=CARTESIAN_POINT('Ctrl Pts',(0.338733295153718,0.107528624063187,0.1));
#7224=CARTESIAN_POINT('Ctrl Pts',(0.3387332951537,0.108837847650863,0.1));
#7225=CARTESIAN_POINT('Ctrl Pts',(0.339364227749369,0.109981413183521,0.1));
#7226=CARTESIAN_POINT('Ctrl Pts',(0.339758581592854,0.110147038767035,0.1));
#7227=CARTESIAN_POINT('',(0.338733295153718,0.107528624063187,0.));
#7228=CARTESIAN_POINT('Ctrl Pts',(0.340074034360982,0.105525390098292,0.));
#7229=CARTESIAN_POINT('Ctrl Pts',(0.340074034360982,0.105525390098292,0.1));
#7230=CARTESIAN_POINT('Ctrl Pts',(0.339048761451507,0.106140560013481,0.));
#7231=CARTESIAN_POINT('Ctrl Pts',(0.339048761451507,0.106140560013481,0.1));
#7232=CARTESIAN_POINT('Ctrl Pts',(0.3387332951537,0.107181613462678,0.));
#7233=CARTESIAN_POINT('Ctrl Pts',(0.3387332951537,0.107181613462678,0.1));
#7234=CARTESIAN_POINT('Ctrl Pts',(0.338733295153718,0.107528624063187,0.));
#7235=CARTESIAN_POINT('Ctrl Pts',(0.338733295153718,0.107528624063187,0.1));
#7236=CARTESIAN_POINT('',(0.340074034360982,0.105525390098292,0.));
#7237=CARTESIAN_POINT('Ctrl Pts',(0.340074034360982,0.105525390098292,0.));
#7238=CARTESIAN_POINT('Ctrl Pts',(0.339048761451507,0.106140560013481,0.));
#7239=CARTESIAN_POINT('Ctrl Pts',(0.3387332951537,0.107181613462678,0.));
#7240=CARTESIAN_POINT('Ctrl Pts',(0.338733295153718,0.107528624063187,0.));
#7241=CARTESIAN_POINT('',(0.340074034360982,0.105525390098292,0.1));
#7242=CARTESIAN_POINT('Ctrl Pts',(0.340074034360982,0.105525390098292,0.1));
#7243=CARTESIAN_POINT('Ctrl Pts',(0.339048761451507,0.106140560013481,0.1));
#7244=CARTESIAN_POINT('Ctrl Pts',(0.3387332951537,0.107181613462678,0.1));
#7245=CARTESIAN_POINT('Ctrl Pts',(0.338733295153718,0.107528624063187,0.1));
#7246=CARTESIAN_POINT('',(0.340074034360982,0.105525390098292,0.));
#7247=CARTESIAN_POINT('Ctrl Pts',(0.343938560775926,0.104539543373012,0.));
#7248=CARTESIAN_POINT('Ctrl Pts',(0.343938560775926,0.104539543373012,0.1));
#7249=CARTESIAN_POINT('Ctrl Pts',(0.342203481255006,0.104736725706624,0.));
#7250=CARTESIAN_POINT('Ctrl Pts',(0.342203481255006,0.104736725706624,0.1));
#7251=CARTESIAN_POINT('Ctrl Pts',(0.34070499455728,0.105170478133489,0.));
#7252=CARTESIAN_POINT('Ctrl Pts',(0.34070499455728,0.105170478133489,0.1));
#7253=CARTESIAN_POINT('Ctrl Pts',(0.340074034360982,0.105525390098292,0.));
#7254=CARTESIAN_POINT('Ctrl Pts',(0.340074034360982,0.105525390098292,0.1));
#7255=CARTESIAN_POINT('',(0.343938560775926,0.104539543373012,0.));
#7256=CARTESIAN_POINT('Ctrl Pts',(0.343938560775926,0.104539543373012,0.));
#7257=CARTESIAN_POINT('Ctrl Pts',(0.342203481255006,0.104736725706624,0.));
#7258=CARTESIAN_POINT('Ctrl Pts',(0.34070499455728,0.105170478133489,0.));
#7259=CARTESIAN_POINT('Ctrl Pts',(0.340074034360982,0.105525390098292,0.));
#7260=CARTESIAN_POINT('',(0.343938560775926,0.104539543373012,0.1));
#7261=CARTESIAN_POINT('Ctrl Pts',(0.343938560775926,0.104539543373012,0.1));
#7262=CARTESIAN_POINT('Ctrl Pts',(0.342203481255006,0.104736725706624,0.1));
#7263=CARTESIAN_POINT('Ctrl Pts',(0.34070499455728,0.105170478133489,0.1));
#7264=CARTESIAN_POINT('Ctrl Pts',(0.340074034360982,0.105525390098292,0.1));
#7265=CARTESIAN_POINT('',(0.343938560775926,0.104539543373012,0.));
#7266=CARTESIAN_POINT('Origin',(0.35064232716695,0.102796572770399,0.));
#7267=CARTESIAN_POINT('',(0.35064232716695,0.102796572770399,0.));
#7268=CARTESIAN_POINT('',(0.35064232716695,0.102796572770399,0.));
#7269=CARTESIAN_POINT('',(0.35064232716695,0.102796572770399,0.1));
#7270=CARTESIAN_POINT('',(0.35064232716695,0.102796572770399,0.1));
#7271=CARTESIAN_POINT('',(0.35064232716695,0.102796572770399,0.));
#7272=CARTESIAN_POINT('Ctrl Pts',(0.362787952003414,0.0974414393743446,
0.));
#7273=CARTESIAN_POINT('Ctrl Pts',(0.362787952003414,0.0974414393743446,
0.1));
#7274=CARTESIAN_POINT('Ctrl Pts',(0.359475512310011,0.100753875279299,0.));
#7275=CARTESIAN_POINT('Ctrl Pts',(0.359475512310011,0.100753875279299,0.1));
#7276=CARTESIAN_POINT('Ctrl Pts',(0.355374393071857,0.101597773454334,0.));
#7277=CARTESIAN_POINT('Ctrl Pts',(0.355374393071857,0.101597773454334,0.1));
#7278=CARTESIAN_POINT('Ctrl Pts',(0.35064232716695,0.102796572770399,0.));
#7279=CARTESIAN_POINT('Ctrl Pts',(0.35064232716695,0.102796572770399,0.1));
#7280=CARTESIAN_POINT('',(0.362787952003414,0.0974414393743446,0.));
#7281=CARTESIAN_POINT('Ctrl Pts',(0.362787952003414,0.0974414393743446,
0.));
#7282=CARTESIAN_POINT('Ctrl Pts',(0.359475512310011,0.100753875279299,0.));
#7283=CARTESIAN_POINT('Ctrl Pts',(0.355374393071857,0.101597773454334,0.));
#7284=CARTESIAN_POINT('Ctrl Pts',(0.35064232716695,0.102796572770399,0.));
#7285=CARTESIAN_POINT('',(0.362787952003414,0.0974414393743446,0.1));
#7286=CARTESIAN_POINT('Ctrl Pts',(0.362787952003414,0.0974414393743446,
0.1));
#7287=CARTESIAN_POINT('Ctrl Pts',(0.359475512310011,0.100753875279299,0.1));
#7288=CARTESIAN_POINT('Ctrl Pts',(0.355374393071857,0.101597773454334,0.1));
#7289=CARTESIAN_POINT('Ctrl Pts',(0.35064232716695,0.102796572770399,0.1));
#7290=CARTESIAN_POINT('',(0.362787952003414,0.0974414393743446,0.));
#7291=CARTESIAN_POINT('Ctrl Pts',(0.365548332034326,0.0930090716748786,
0.));
#7292=CARTESIAN_POINT('Ctrl Pts',(0.365548332034326,0.0930090716748786,
0.1));
#7293=CARTESIAN_POINT('Ctrl Pts',(0.365311738669923,0.0938371887689546,
0.));
#7294=CARTESIAN_POINT('Ctrl Pts',(0.365311738669923,0.0938371887689546,
0.1));
#7295=CARTESIAN_POINT('Ctrl Pts',(0.364444199180121,0.0958719794839044,
0.));
#7296=CARTESIAN_POINT('Ctrl Pts',(0.364444199180121,0.0958719794839044,
0.1));
#7297=CARTESIAN_POINT('Ctrl Pts',(0.362787952003414,0.0974414393743446,
0.));
#7298=CARTESIAN_POINT('Ctrl Pts',(0.362787952003414,0.0974414393743446,
0.1));
#7299=CARTESIAN_POINT('',(0.365548332034326,0.0930090716748786,0.));
#7300=CARTESIAN_POINT('Ctrl Pts',(0.365548332034326,0.0930090716748786,
0.));
#7301=CARTESIAN_POINT('Ctrl Pts',(0.365311738669923,0.0938371887689546,
0.));
#7302=CARTESIAN_POINT('Ctrl Pts',(0.364444199180121,0.0958719794839044,
0.));
#7303=CARTESIAN_POINT('Ctrl Pts',(0.362787952003414,0.0974414393743446,
0.));
#7304=CARTESIAN_POINT('',(0.365548332034326,0.0930090716748786,0.1));
#7305=CARTESIAN_POINT('Ctrl Pts',(0.365548332034326,0.0930090716748786,
0.1));
#7306=CARTESIAN_POINT('Ctrl Pts',(0.365311738669923,0.0938371887689546,
0.1));
#7307=CARTESIAN_POINT('Ctrl Pts',(0.364444199180121,0.0958719794839044,
0.1));
#7308=CARTESIAN_POINT('Ctrl Pts',(0.362787952003414,0.0974414393743446,
0.1));
#7309=CARTESIAN_POINT('',(0.365548332034326,0.0930090716748786,0.));
#7310=CARTESIAN_POINT('Ctrl Pts',(0.365942671806862,0.0880009759388246,
0.));
#7311=CARTESIAN_POINT('Ctrl Pts',(0.365942671806862,0.0880009759388246,
0.1));
#7312=CARTESIAN_POINT('Ctrl Pts',(0.365942671806881,0.0887896565661925,
0.));
#7313=CARTESIAN_POINT('Ctrl Pts',(0.365942671806881,0.0887896565661925,
0.1));
#7314=CARTESIAN_POINT('Ctrl Pts',(0.366337012120562,0.0906430460284843,
0.));
#7315=CARTESIAN_POINT('Ctrl Pts',(0.366337012120562,0.0906430460284843,
0.1));
#7316=CARTESIAN_POINT('Ctrl Pts',(0.365548332034326,0.0930090716748786,
0.));
#7317=CARTESIAN_POINT('Ctrl Pts',(0.365548332034326,0.0930090716748786,
0.1));
#7318=CARTESIAN_POINT('',(0.365942671806862,0.0880009759388246,0.));
#7319=CARTESIAN_POINT('Ctrl Pts',(0.365942671806862,0.0880009759388246,
0.));
#7320=CARTESIAN_POINT('Ctrl Pts',(0.365942671806881,0.0887896565661925,
0.));
#7321=CARTESIAN_POINT('Ctrl Pts',(0.366337012120562,0.0906430460284843,
0.));
#7322=CARTESIAN_POINT('Ctrl Pts',(0.365548332034326,0.0930090716748786,
0.));
#7323=CARTESIAN_POINT('',(0.365942671806862,0.0880009759388246,0.1));
#7324=CARTESIAN_POINT('Ctrl Pts',(0.365942671806862,0.0880009759388246,
0.1));
#7325=CARTESIAN_POINT('Ctrl Pts',(0.365942671806881,0.0887896565661925,
0.1));
#7326=CARTESIAN_POINT('Ctrl Pts',(0.366337012120562,0.0906430460284843,
0.1));
#7327=CARTESIAN_POINT('Ctrl Pts',(0.365548332034326,0.0930090716748786,
0.1));
#7328=CARTESIAN_POINT('',(0.365942671806862,0.0880009759388246,0.));
#7329=CARTESIAN_POINT('Ctrl Pts',(0.361841539038862,0.0779611128452665,
0.));
#7330=CARTESIAN_POINT('Ctrl Pts',(0.361841539038862,0.0779611128452665,
0.1));
#7331=CARTESIAN_POINT('Ctrl Pts',(0.363340038725109,0.0793570566116584,
0.));
#7332=CARTESIAN_POINT('Ctrl Pts',(0.363340038725109,0.0793570566116584,
0.1));
#7333=CARTESIAN_POINT('Ctrl Pts',(0.365942671806881,0.0826064168998295,
0.));
#7334=CARTESIAN_POINT('Ctrl Pts',(0.365942671806881,0.0826064168998295,
0.1));
#7335=CARTESIAN_POINT('Ctrl Pts',(0.365942671806862,0.0880009759388246,
0.));
#7336=CARTESIAN_POINT('Ctrl Pts',(0.365942671806862,0.0880009759388246,
0.1));
#7337=CARTESIAN_POINT('',(0.361841539038862,0.0779611128452665,0.));
#7338=CARTESIAN_POINT('Ctrl Pts',(0.361841539038862,0.0779611128452665,
0.));
#7339=CARTESIAN_POINT('Ctrl Pts',(0.363340038725109,0.0793570566116584,
0.));
#7340=CARTESIAN_POINT('Ctrl Pts',(0.365942671806881,0.0826064168998295,
0.));
#7341=CARTESIAN_POINT('Ctrl Pts',(0.365942671806862,0.0880009759388246,
0.));
#7342=CARTESIAN_POINT('',(0.361841539038862,0.0779611128452665,0.1));
#7343=CARTESIAN_POINT('Ctrl Pts',(0.361841539038862,0.0779611128452665,
0.1));
#7344=CARTESIAN_POINT('Ctrl Pts',(0.363340038725109,0.0793570566116584,
0.1));
#7345=CARTESIAN_POINT('Ctrl Pts',(0.365942671806881,0.0826064168998295,
0.1));
#7346=CARTESIAN_POINT('Ctrl Pts',(0.365942671806862,0.0880009759388246,
0.1));
#7347=CARTESIAN_POINT('',(0.361841539038862,0.0779611128452665,0.));
#7348=CARTESIAN_POINT('Ctrl Pts',(0.34409630772523,0.0727558185399786,0.));
#7349=CARTESIAN_POINT('Ctrl Pts',(0.34409630772523,0.0727558185399786,0.1));
#7350=CARTESIAN_POINT('Ctrl Pts',(0.353481566601628,0.07275581853999,0.));
#7351=CARTESIAN_POINT('Ctrl Pts',(0.353481566601628,0.07275581853999,0.1));
#7352=CARTESIAN_POINT('Ctrl Pts',(0.358607972820209,0.0749956713051134,
0.));
#7353=CARTESIAN_POINT('Ctrl Pts',(0.358607972820209,0.0749956713051134,
0.1));
#7354=CARTESIAN_POINT('Ctrl Pts',(0.361841539038862,0.0779611128452665,
0.));
#7355=CARTESIAN_POINT('Ctrl Pts',(0.361841539038862,0.0779611128452665,
0.1));
#7356=CARTESIAN_POINT('',(0.34409630772523,0.0727558185399786,0.));
#7357=CARTESIAN_POINT('Ctrl Pts',(0.34409630772523,0.0727558185399786,0.));
#7358=CARTESIAN_POINT('Ctrl Pts',(0.353481566601628,0.07275581853999,0.));
#7359=CARTESIAN_POINT('Ctrl Pts',(0.358607972820209,0.0749956713051134,
0.));
#7360=CARTESIAN_POINT('Ctrl Pts',(0.361841539038862,0.0779611128452665,
0.));
#7361=CARTESIAN_POINT('',(0.34409630772523,0.0727558185399786,0.1));
#7362=CARTESIAN_POINT('Ctrl Pts',(0.34409630772523,0.0727558185399786,0.1));
#7363=CARTESIAN_POINT('Ctrl Pts',(0.353481566601628,0.07275581853999,0.1));
#7364=CARTESIAN_POINT('Ctrl Pts',(0.358607972820209,0.0749956713051134,
0.1));
#7365=CARTESIAN_POINT('Ctrl Pts',(0.361841539038862,0.0779611128452665,
0.1));
#7366=CARTESIAN_POINT('',(0.34409630772523,0.0727558185399786,0.));
#7367=CARTESIAN_POINT('Ctrl Pts',(0.328480468916146,0.0765020501668746,
0.));
#7368=CARTESIAN_POINT('Ctrl Pts',(0.328480468916146,0.0765020501668746,
0.1));
#7369=CARTESIAN_POINT('Ctrl Pts',(0.331398582096058,0.0748063903358063,
0.));
#7370=CARTESIAN_POINT('Ctrl Pts',(0.331398582096058,0.0748063903358063,
0.1));
#7371=CARTESIAN_POINT('Ctrl Pts',(0.336288394950298,0.0727558185399776,
0.));
#7372=CARTESIAN_POINT('Ctrl Pts',(0.336288394950298,0.0727558185399776,
0.1));
#7373=CARTESIAN_POINT('Ctrl Pts',(0.34409630772523,0.0727558185399786,0.));
#7374=CARTESIAN_POINT('Ctrl Pts',(0.34409630772523,0.0727558185399786,0.1));
#7375=CARTESIAN_POINT('',(0.328480468916146,0.0765020501668746,0.));
#7376=CARTESIAN_POINT('Ctrl Pts',(0.328480468916146,0.0765020501668746,
0.));
#7377=CARTESIAN_POINT('Ctrl Pts',(0.331398582096058,0.0748063903358063,
0.));
#7378=CARTESIAN_POINT('Ctrl Pts',(0.336288394950298,0.0727558185399776,
0.));
#7379=CARTESIAN_POINT('Ctrl Pts',(0.34409630772523,0.0727558185399786,0.));
#7380=CARTESIAN_POINT('',(0.328480468916146,0.0765020501668746,0.1));
#7381=CARTESIAN_POINT('Ctrl Pts',(0.328480468916146,0.0765020501668746,
0.1));
#7382=CARTESIAN_POINT('Ctrl Pts',(0.331398582096058,0.0748063903358063,
0.1));
#7383=CARTESIAN_POINT('Ctrl Pts',(0.336288394950298,0.0727558185399776,
0.1));
#7384=CARTESIAN_POINT('Ctrl Pts',(0.34409630772523,0.0727558185399786,0.1));
#7385=CARTESIAN_POINT('',(0.328480468916146,0.0765020501668746,0.));
#7386=CARTESIAN_POINT('Ctrl Pts',(0.321540109756099,0.0888527484186646,
0.));
#7387=CARTESIAN_POINT('Ctrl Pts',(0.321540109756099,0.0888527484186646,
0.1));
#7388=CARTESIAN_POINT('Ctrl Pts',(0.321934449528812,0.0867627400181168,
0.));
#7389=CARTESIAN_POINT('Ctrl Pts',(0.321934449528812,0.0867627400181168,
0.1));
#7390=CARTESIAN_POINT('Ctrl Pts',(0.322249916237401,0.0801142020053178,
0.));
#7391=CARTESIAN_POINT('Ctrl Pts',(0.322249916237401,0.0801142020053178,
0.1));
#7392=CARTESIAN_POINT('Ctrl Pts',(0.328480468916146,0.0765020501668746,
0.));
#7393=CARTESIAN_POINT('Ctrl Pts',(0.328480468916146,0.0765020501668746,
0.1));
#7394=CARTESIAN_POINT('',(0.321540109756099,0.0888527484186646,0.));
#7395=CARTESIAN_POINT('Ctrl Pts',(0.321540109756099,0.0888527484186646,
0.));
#7396=CARTESIAN_POINT('Ctrl Pts',(0.321934449528812,0.0867627400181168,
0.));
#7397=CARTESIAN_POINT('Ctrl Pts',(0.322249916237401,0.0801142020053178,
0.));
#7398=CARTESIAN_POINT('Ctrl Pts',(0.328480468916146,0.0765020501668746,
0.));
#7399=CARTESIAN_POINT('',(0.321540109756099,0.0888527484186646,0.1));
#7400=CARTESIAN_POINT('Ctrl Pts',(0.321540109756099,0.0888527484186646,
0.1));
#7401=CARTESIAN_POINT('Ctrl Pts',(0.321934449528812,0.0867627400181168,
0.1));
#7402=CARTESIAN_POINT('Ctrl Pts',(0.322249916237401,0.0801142020053178,
0.1));
#7403=CARTESIAN_POINT('Ctrl Pts',(0.328480468916146,0.0765020501668746,
0.1));
#7404=CARTESIAN_POINT('',(0.321540109756099,0.0888527484186646,0.));
#7405=CARTESIAN_POINT('Origin',(0.337786881648022,0.0889079497306646,0.));
#7406=CARTESIAN_POINT('',(0.337786881648022,0.0889079497306646,0.));
#7407=CARTESIAN_POINT('',(0.337786881648022,0.0889079497306646,0.));
#7408=CARTESIAN_POINT('',(0.337786881648022,0.0889079497306646,0.1));
#7409=CARTESIAN_POINT('',(0.337786881648022,0.0889079497306646,0.1));
#7410=CARTESIAN_POINT('',(0.337786881648022,0.0889079497306646,0.));
#7411=CARTESIAN_POINT('Ctrl Pts',(0.339443101224069,0.0850355506343987,
0.));
#7412=CARTESIAN_POINT('Ctrl Pts',(0.339443101224069,0.0850355506343987,
0.1));
#7413=CARTESIAN_POINT('Ctrl Pts',(0.338181207890738,0.0861633513218016,
0.));
#7414=CARTESIAN_POINT('Ctrl Pts',(0.338181207890738,0.0861633513218016,
0.1));
#7415=CARTESIAN_POINT('Ctrl Pts',(0.337944615067516,0.0873384790164264,
0.));
#7416=CARTESIAN_POINT('Ctrl Pts',(0.337944615067516,0.0873384790164264,
0.1));
#7417=CARTESIAN_POINT('Ctrl Pts',(0.337786881648022,0.0889079497306646,
0.));
#7418=CARTESIAN_POINT('Ctrl Pts',(0.337786881648022,0.0889079497306646,
0.1));
#7419=CARTESIAN_POINT('',(0.339443101224069,0.0850355506343987,0.));
#7420=CARTESIAN_POINT('Ctrl Pts',(0.339443101224069,0.0850355506343987,
0.));
#7421=CARTESIAN_POINT('Ctrl Pts',(0.338181207890738,0.0861633513218016,
0.));
#7422=CARTESIAN_POINT('Ctrl Pts',(0.337944615067516,0.0873384790164264,
0.));
#7423=CARTESIAN_POINT('Ctrl Pts',(0.337786881648022,0.0889079497306646,
0.));
#7424=CARTESIAN_POINT('',(0.339443101224069,0.0850355506343987,0.1));
#7425=CARTESIAN_POINT('Ctrl Pts',(0.339443101224069,0.0850355506343987,
0.1));
#7426=CARTESIAN_POINT('Ctrl Pts',(0.338181207890738,0.0861633513218016,
0.1));
#7427=CARTESIAN_POINT('Ctrl Pts',(0.337944615067516,0.0873384790164264,
0.1));
#7428=CARTESIAN_POINT('Ctrl Pts',(0.337786881648022,0.0889079497306646,
0.1));
#7429=CARTESIAN_POINT('',(0.339443101224069,0.0850355506343987,0.));
#7430=CARTESIAN_POINT('Ctrl Pts',(0.344490633967942,0.0834108623724788,
0.));
#7431=CARTESIAN_POINT('Ctrl Pts',(0.344490633967942,0.0834108623724788,
0.1));
#7432=CARTESIAN_POINT('Ctrl Pts',(0.3415725210587,0.0834108623724876,0.));
#7433=CARTESIAN_POINT('Ctrl Pts',(0.3415725210587,0.0834108623724876,0.1));
#7434=CARTESIAN_POINT('Ctrl Pts',(0.340468388204341,0.0840733538829774,
0.));
#7435=CARTESIAN_POINT('Ctrl Pts',(0.340468388204341,0.0840733538829774,
0.1));
#7436=CARTESIAN_POINT('Ctrl Pts',(0.339443101224069,0.0850355506343987,
0.));
#7437=CARTESIAN_POINT('Ctrl Pts',(0.339443101224069,0.0850355506343987,
0.1));
#7438=CARTESIAN_POINT('',(0.344490633967942,0.0834108623724788,0.));
#7439=CARTESIAN_POINT('Ctrl Pts',(0.344490633967942,0.0834108623724788,
0.));
#7440=CARTESIAN_POINT('Ctrl Pts',(0.3415725210587,0.0834108623724876,0.));
#7441=CARTESIAN_POINT('Ctrl Pts',(0.340468388204341,0.0840733538829774,
0.));
#7442=CARTESIAN_POINT('Ctrl Pts',(0.339443101224069,0.0850355506343987,
0.));
#7443=CARTESIAN_POINT('',(0.344490633967942,0.0834108623724788,0.1));
#7444=CARTESIAN_POINT('Ctrl Pts',(0.344490633967942,0.0834108623724788,
0.1));
#7445=CARTESIAN_POINT('Ctrl Pts',(0.3415725210587,0.0834108623724876,0.1));
#7446=CARTESIAN_POINT('Ctrl Pts',(0.340468388204341,0.0840733538829774,
0.1));
#7447=CARTESIAN_POINT('Ctrl Pts',(0.339443101224069,0.0850355506343987,
0.1));
#7448=CARTESIAN_POINT('',(0.344490633967942,0.0834108623724788,0.));
#7449=CARTESIAN_POINT('Ctrl Pts',(0.350011380500214,0.0866050159367446,
0.));
#7450=CARTESIAN_POINT('Ctrl Pts',(0.350011380500214,0.0866050159367446,
0.1));
#7451=CARTESIAN_POINT('Ctrl Pts',(0.349932520555303,0.0850828614059293,
0.));
#7452=CARTESIAN_POINT('Ctrl Pts',(0.349932520555303,0.0850828614059293,
0.1));
#7453=CARTESIAN_POINT('Ctrl Pts',(0.34796082061049,0.0834108623724814,0.));
#7454=CARTESIAN_POINT('Ctrl Pts',(0.34796082061049,0.0834108623724814,0.1));
#7455=CARTESIAN_POINT('Ctrl Pts',(0.344490633967942,0.0834108623724788,
0.));
#7456=CARTESIAN_POINT('Ctrl Pts',(0.344490633967942,0.0834108623724788,
0.1));
#7457=CARTESIAN_POINT('',(0.350011380500214,0.0866050159367446,0.));
#7458=CARTESIAN_POINT('Ctrl Pts',(0.350011380500214,0.0866050159367446,
0.));
#7459=CARTESIAN_POINT('Ctrl Pts',(0.349932520555303,0.0850828614059293,
0.));
#7460=CARTESIAN_POINT('Ctrl Pts',(0.34796082061049,0.0834108623724814,0.));
#7461=CARTESIAN_POINT('Ctrl Pts',(0.344490633967942,0.0834108623724788,
0.));
#7462=CARTESIAN_POINT('',(0.350011380500214,0.0866050159367446,0.1));
#7463=CARTESIAN_POINT('Ctrl Pts',(0.350011380500214,0.0866050159367446,
0.1));
#7464=CARTESIAN_POINT('Ctrl Pts',(0.349932520555303,0.0850828614059293,
0.1));
#7465=CARTESIAN_POINT('Ctrl Pts',(0.34796082061049,0.0834108623724814,0.1));
#7466=CARTESIAN_POINT('Ctrl Pts',(0.344490633967942,0.0834108623724788,
0.1));
#7467=CARTESIAN_POINT('',(0.350011380500214,0.0866050159367446,0.));
#7468=CARTESIAN_POINT('Ctrl Pts',(0.349617040186534,0.0886161404421319,
0.));
#7469=CARTESIAN_POINT('Ctrl Pts',(0.349617040186534,0.0886161404421319,
0.1));
#7470=CARTESIAN_POINT('Ctrl Pts',(0.350090253433673,0.0880088502436224,
0.));
#7471=CARTESIAN_POINT('Ctrl Pts',(0.350090253433673,0.0880088502436224,
0.1));
#7472=CARTESIAN_POINT('Ctrl Pts',(0.350090253433673,0.0867864063656095,
0.));
#7473=CARTESIAN_POINT('Ctrl Pts',(0.350090253433673,0.0867864063656095,
0.1));
#7474=CARTESIAN_POINT('Ctrl Pts',(0.350011380500214,0.0866050159367446,
0.));
#7475=CARTESIAN_POINT('Ctrl Pts',(0.350011380500214,0.0866050159367446,
0.1));
#7476=CARTESIAN_POINT('',(0.349617040186534,0.0886161404421319,0.));
#7477=CARTESIAN_POINT('Ctrl Pts',(0.349617040186534,0.0886161404421319,
0.));
#7478=CARTESIAN_POINT('Ctrl Pts',(0.350090253433673,0.0880088502436224,
0.));
#7479=CARTESIAN_POINT('Ctrl Pts',(0.350090253433673,0.0867864063656095,
0.));
#7480=CARTESIAN_POINT('Ctrl Pts',(0.350011380500214,0.0866050159367446,
0.));
#7481=CARTESIAN_POINT('',(0.349617040186534,0.0886161404421319,0.1));
#7482=CARTESIAN_POINT('Ctrl Pts',(0.349617040186534,0.0886161404421319,
0.1));
#7483=CARTESIAN_POINT('Ctrl Pts',(0.350090253433673,0.0880088502436224,
0.1));
#7484=CARTESIAN_POINT('Ctrl Pts',(0.350090253433673,0.0867864063656095,
0.1));
#7485=CARTESIAN_POINT('Ctrl Pts',(0.350011380500214,0.0866050159367446,
0.1));
#7486=CARTESIAN_POINT('',(0.349617040186534,0.0886161404421319,0.));
#7487=CARTESIAN_POINT('Ctrl Pts',(0.34362309447811,0.0912661010722646,0.));
#7488=CARTESIAN_POINT('Ctrl Pts',(0.34362309447811,0.0912661010722646,0.1));
#7489=CARTESIAN_POINT('Ctrl Pts',(0.346698940806952,0.0904774204449029,
0.));
#7490=CARTESIAN_POINT('Ctrl Pts',(0.346698940806952,0.0904774204449029,
0.1));
#7491=CARTESIAN_POINT('Ctrl Pts',(0.348828360100458,0.0899253315584067,
0.));
#7492=CARTESIAN_POINT('Ctrl Pts',(0.348828360100458,0.0899253315584067,
0.1));
#7493=CARTESIAN_POINT('Ctrl Pts',(0.349617040186534,0.0886161404421319,
0.));
#7494=CARTESIAN_POINT('Ctrl Pts',(0.349617040186534,0.0886161404421319,
0.1));
#7495=CARTESIAN_POINT('',(0.34362309447811,0.0912661010722646,0.));
#7496=CARTESIAN_POINT('Ctrl Pts',(0.34362309447811,0.0912661010722646,0.));
#7497=CARTESIAN_POINT('Ctrl Pts',(0.346698940806952,0.0904774204449029,
0.));
#7498=CARTESIAN_POINT('Ctrl Pts',(0.348828360100458,0.0899253315584067,
0.));
#7499=CARTESIAN_POINT('Ctrl Pts',(0.349617040186534,0.0886161404421319,
0.));
#7500=CARTESIAN_POINT('',(0.34362309447811,0.0912661010722646,0.1));
#7501=CARTESIAN_POINT('Ctrl Pts',(0.34362309447811,0.0912661010722646,0.1));
#7502=CARTESIAN_POINT('Ctrl Pts',(0.346698940806952,0.0904774204449029,
0.1));
#7503=CARTESIAN_POINT('Ctrl Pts',(0.348828360100458,0.0899253315584067,
0.1));
#7504=CARTESIAN_POINT('Ctrl Pts',(0.349617040186534,0.0886161404421319,
0.1));
#7505=CARTESIAN_POINT('',(0.34362309447811,0.0912661010722646,0.));
#7506=CARTESIAN_POINT('Ctrl Pts',(0.333449155515541,0.0936400172591452,
0.));
#7507=CARTESIAN_POINT('Ctrl Pts',(0.333449155515541,0.0936400172591452,
0.1));
#7508=CARTESIAN_POINT('Ctrl Pts',(0.334158962169969,0.0933008919866382,
0.));
#7509=CARTESIAN_POINT('Ctrl Pts',(0.334158962169969,0.0933008919866382,
0.1));
#7510=CARTESIAN_POINT('Ctrl Pts',(0.343609798314866,0.0912689597508362,
0.));
#7511=CARTESIAN_POINT('Ctrl Pts',(0.343609798314866,0.0912689597508362,
0.1));
#7512=CARTESIAN_POINT('Ctrl Pts',(0.34362309447811,0.0912661010722646,0.));
#7513=CARTESIAN_POINT('Ctrl Pts',(0.34362309447811,0.0912661010722646,0.1));
#7514=CARTESIAN_POINT('',(0.333449155515541,0.0936400172591452,0.));
#7515=CARTESIAN_POINT('Ctrl Pts',(0.333449155515541,0.0936400172591452,
0.));
#7516=CARTESIAN_POINT('Ctrl Pts',(0.334158962169969,0.0933008919866382,
0.));
#7517=CARTESIAN_POINT('Ctrl Pts',(0.343609798314866,0.0912689597508362,
0.));
#7518=CARTESIAN_POINT('Ctrl Pts',(0.34362309447811,0.0912661010722646,0.));
#7519=CARTESIAN_POINT('',(0.333449155515541,0.0936400172591452,0.1));
#7520=CARTESIAN_POINT('Ctrl Pts',(0.333449155515541,0.0936400172591452,
0.1));
#7521=CARTESIAN_POINT('Ctrl Pts',(0.334158962169969,0.0933008919866382,
0.1));
#7522=CARTESIAN_POINT('Ctrl Pts',(0.343609798314866,0.0912689597508362,
0.1));
#7523=CARTESIAN_POINT('Ctrl Pts',(0.34362309447811,0.0912661010722646,0.1));
#7524=CARTESIAN_POINT('',(0.333449155515541,0.0936400172591452,0.));
#7525=CARTESIAN_POINT('Ctrl Pts',(0.322723129722998,0.106140560013492,0.));
#7526=CARTESIAN_POINT('Ctrl Pts',(0.322723129722998,0.106140560013492,0.1));
#7527=CARTESIAN_POINT('Ctrl Pts',(0.32272312972302,0.0965502412515716,0.));
#7528=CARTESIAN_POINT('Ctrl Pts',(0.32272312972302,0.0965502412515716,0.1));
#7529=CARTESIAN_POINT('Ctrl Pts',(0.331319722313524,0.0946179626201657,
0.));
#7530=CARTESIAN_POINT('Ctrl Pts',(0.331319722313524,0.0946179626201657,
0.1));
#7531=CARTESIAN_POINT('Ctrl Pts',(0.333449155515541,0.0936400172591452,
0.));
#7532=CARTESIAN_POINT('Ctrl Pts',(0.333449155515541,0.0936400172591452,
0.1));
#7533=CARTESIAN_POINT('',(0.322723129722998,0.106140560013492,0.));
#7534=CARTESIAN_POINT('Ctrl Pts',(0.322723129722998,0.106140560013492,0.));
#7535=CARTESIAN_POINT('Ctrl Pts',(0.32272312972302,0.0965502412515716,0.));
#7536=CARTESIAN_POINT('Ctrl Pts',(0.331319722313524,0.0946179626201657,
0.));
#7537=CARTESIAN_POINT('Ctrl Pts',(0.333449155515541,0.0936400172591452,
0.));
#7538=CARTESIAN_POINT('',(0.322723129722998,0.106140560013492,0.1));
#7539=CARTESIAN_POINT('Ctrl Pts',(0.322723129722998,0.106140560013492,0.1));
#7540=CARTESIAN_POINT('Ctrl Pts',(0.32272312972302,0.0965502412515716,0.1));
#7541=CARTESIAN_POINT('Ctrl Pts',(0.331319722313524,0.0946179626201657,
0.1));
#7542=CARTESIAN_POINT('Ctrl Pts',(0.333449155515541,0.0936400172591452,
0.1));
#7543=CARTESIAN_POINT('',(0.322723129722998,0.106140560013492,0.));
#7544=CARTESIAN_POINT('Ctrl Pts',(0.327060855914951,0.115896498947035,0.));
#7545=CARTESIAN_POINT('Ctrl Pts',(0.327060855914951,0.115896498947035,0.1));
#7546=CARTESIAN_POINT('Ctrl Pts',(0.32548350964577,0.114413797118709,0.));
#7547=CARTESIAN_POINT('Ctrl Pts',(0.32548350964577,0.114413797118709,0.1));
#7548=CARTESIAN_POINT('Ctrl Pts',(0.32272312972302,0.111535119052455,0.));
#7549=CARTESIAN_POINT('Ctrl Pts',(0.32272312972302,0.111535119052455,0.1));
#7550=CARTESIAN_POINT('Ctrl Pts',(0.322723129722998,0.106140560013492,0.));
#7551=CARTESIAN_POINT('Ctrl Pts',(0.322723129722998,0.106140560013492,0.1));
#7552=CARTESIAN_POINT('',(0.327060855914951,0.115896498947035,0.));
#7553=CARTESIAN_POINT('Ctrl Pts',(0.327060855914951,0.115896498947035,0.));
#7554=CARTESIAN_POINT('Ctrl Pts',(0.32548350964577,0.114413797118709,0.));
#7555=CARTESIAN_POINT('Ctrl Pts',(0.32272312972302,0.111535119052455,0.));
#7556=CARTESIAN_POINT('Ctrl Pts',(0.322723129722998,0.106140560013492,0.));
#7557=CARTESIAN_POINT('',(0.327060855914951,0.115896498947035,0.1));
#7558=CARTESIAN_POINT('Ctrl Pts',(0.327060855914951,0.115896498947035,0.1));
#7559=CARTESIAN_POINT('Ctrl Pts',(0.32548350964577,0.114413797118709,0.1));
#7560=CARTESIAN_POINT('Ctrl Pts',(0.32272312972302,0.111535119052455,0.1));
#7561=CARTESIAN_POINT('Ctrl Pts',(0.322723129722998,0.106140560013492,0.1));
#7562=CARTESIAN_POINT('',(0.327060855914951,0.115896498947035,0.));
#7563=CARTESIAN_POINT('Ctrl Pts',(0.343386501113734,0.120778410978219,0.));
#7564=CARTESIAN_POINT('Ctrl Pts',(0.343386501113734,0.120778410978219,0.1));
#7565=CARTESIAN_POINT('Ctrl Pts',(0.334789895264072,0.120778410978208,0.));
#7566=CARTESIAN_POINT('Ctrl Pts',(0.334789895264072,0.120778410978208,0.1));
#7567=CARTESIAN_POINT('Ctrl Pts',(0.329978969089469,0.118428166412773,0.));
#7568=CARTESIAN_POINT('Ctrl Pts',(0.329978969089469,0.118428166412773,0.1));
#7569=CARTESIAN_POINT('Ctrl Pts',(0.327060855914951,0.115896498947035,0.));
#7570=CARTESIAN_POINT('Ctrl Pts',(0.327060855914951,0.115896498947035,0.1));
#7571=CARTESIAN_POINT('',(0.343386501113734,0.120778410978219,0.));
#7572=CARTESIAN_POINT('Ctrl Pts',(0.343386501113734,0.120778410978219,0.));
#7573=CARTESIAN_POINT('Ctrl Pts',(0.334789895264072,0.120778410978208,0.));
#7574=CARTESIAN_POINT('Ctrl Pts',(0.329978969089469,0.118428166412773,0.));
#7575=CARTESIAN_POINT('Ctrl Pts',(0.327060855914951,0.115896498947035,0.));
#7576=CARTESIAN_POINT('',(0.343386501113734,0.120778410978219,0.1));
#7577=CARTESIAN_POINT('Ctrl Pts',(0.343386501113734,0.120778410978219,0.1));
#7578=CARTESIAN_POINT('Ctrl Pts',(0.334789895264072,0.120778410978208,0.1));
#7579=CARTESIAN_POINT('Ctrl Pts',(0.329978969089469,0.118428166412773,0.1));
#7580=CARTESIAN_POINT('Ctrl Pts',(0.327060855914951,0.115896498947035,0.1));
#7581=CARTESIAN_POINT('',(0.343386501113734,0.120778410978219,0.));
#7582=CARTESIAN_POINT('Ctrl Pts',(0.359317779431701,0.116764041684139,0.));
#7583=CARTESIAN_POINT('Ctrl Pts',(0.359317779431701,0.116764041684139,0.1));
#7584=CARTESIAN_POINT('Ctrl Pts',(0.353323833180859,0.120865174600217,0.));
#7585=CARTESIAN_POINT('Ctrl Pts',(0.353323833180859,0.120865174600217,0.1));
#7586=CARTESIAN_POINT('Ctrl Pts',(0.345279314054133,0.120778411006436,0.));
#7587=CARTESIAN_POINT('Ctrl Pts',(0.345279314054133,0.120778411006436,0.1));
#7588=CARTESIAN_POINT('Ctrl Pts',(0.343386501113734,0.120778410978219,0.));
#7589=CARTESIAN_POINT('Ctrl Pts',(0.343386501113734,0.120778410978219,0.1));
#7590=CARTESIAN_POINT('',(0.359317779431701,0.116764041684139,0.));
#7591=CARTESIAN_POINT('Ctrl Pts',(0.359317779431701,0.116764041684139,0.));
#7592=CARTESIAN_POINT('Ctrl Pts',(0.353323833180859,0.120865174600217,0.));
#7593=CARTESIAN_POINT('Ctrl Pts',(0.345279314054133,0.120778411006436,0.));
#7594=CARTESIAN_POINT('Ctrl Pts',(0.343386501113734,0.120778410978219,0.));
#7595=CARTESIAN_POINT('',(0.359317779431701,0.116764041684139,0.1));
#7596=CARTESIAN_POINT('Ctrl Pts',(0.359317779431701,0.116764041684139,0.1));
#7597=CARTESIAN_POINT('Ctrl Pts',(0.353323833180859,0.120865174600217,0.1));
#7598=CARTESIAN_POINT('Ctrl Pts',(0.345279314054133,0.120778411006436,0.1));
#7599=CARTESIAN_POINT('Ctrl Pts',(0.343386501113734,0.120778410978219,0.1));
#7600=CARTESIAN_POINT('',(0.359317779431701,0.116764041684139,0.));
#7601=CARTESIAN_POINT('Ctrl Pts',(0.363340038725118,0.112584063042075,0.));
#7602=CARTESIAN_POINT('Ctrl Pts',(0.363340038725118,0.112584063042075,0.1));
#7603=CARTESIAN_POINT('Ctrl Pts',(0.362314752232787,0.114240280931389,0.));
#7604=CARTESIAN_POINT('Ctrl Pts',(0.362314752232787,0.114240280931389,0.1));
#7605=CARTESIAN_POINT('Ctrl Pts',(0.360973998983971,0.115636240961736,0.));
#7606=CARTESIAN_POINT('Ctrl Pts',(0.360973998983971,0.115636240961736,0.1));
#7607=CARTESIAN_POINT('Ctrl Pts',(0.359317779431701,0.116764041684139,0.));
#7608=CARTESIAN_POINT('Ctrl Pts',(0.359317779431701,0.116764041684139,0.1));
#7609=CARTESIAN_POINT('',(0.363340038725118,0.112584063042075,0.));
#7610=CARTESIAN_POINT('Ctrl Pts',(0.363340038725118,0.112584063042075,0.));
#7611=CARTESIAN_POINT('Ctrl Pts',(0.362314752232787,0.114240280931389,0.));
#7612=CARTESIAN_POINT('Ctrl Pts',(0.360973998983971,0.115636240961736,0.));
#7613=CARTESIAN_POINT('Ctrl Pts',(0.359317779431701,0.116764041684139,0.));
#7614=CARTESIAN_POINT('',(0.363340038725118,0.112584063042075,0.1));
#7615=CARTESIAN_POINT('Ctrl Pts',(0.363340038725118,0.112584063042075,0.1));
#7616=CARTESIAN_POINT('Ctrl Pts',(0.362314752232787,0.114240280931389,0.1));
#7617=CARTESIAN_POINT('Ctrl Pts',(0.360973998983971,0.115636240961736,0.1));
#7618=CARTESIAN_POINT('Ctrl Pts',(0.359317779431701,0.116764041684139,0.1));
#7619=CARTESIAN_POINT('',(0.363340038725118,0.112584063042075,0.));
#7620=CARTESIAN_POINT('Ctrl Pts',(0.365154005791614,0.106471794944959,0.));
#7621=CARTESIAN_POINT('Ctrl Pts',(0.365154005791614,0.106471794944959,0.1));
#7622=CARTESIAN_POINT('Ctrl Pts',(0.364996258842328,0.107426111979666,0.));
#7623=CARTESIAN_POINT('Ctrl Pts',(0.364996258842328,0.107426111979666,0.1));
#7624=CARTESIAN_POINT('Ctrl Pts',(0.36475965194825,0.110233802240952,0.));
#7625=CARTESIAN_POINT('Ctrl Pts',(0.36475965194825,0.110233802240952,0.1));
#7626=CARTESIAN_POINT('Ctrl Pts',(0.363340038725118,0.112584063042075,0.));
#7627=CARTESIAN_POINT('Ctrl Pts',(0.363340038725118,0.112584063042075,0.1));
#7628=CARTESIAN_POINT('',(0.365154005791614,0.106471794944959,0.));
#7629=CARTESIAN_POINT('Ctrl Pts',(0.365154005791614,0.106471794944959,0.));
#7630=CARTESIAN_POINT('Ctrl Pts',(0.364996258842328,0.107426111979666,0.));
#7631=CARTESIAN_POINT('Ctrl Pts',(0.36475965194825,0.110233802240952,0.));
#7632=CARTESIAN_POINT('Ctrl Pts',(0.363340038725118,0.112584063042075,0.));
#7633=CARTESIAN_POINT('',(0.365154005791614,0.106471794944959,0.1));
#7634=CARTESIAN_POINT('Ctrl Pts',(0.365154005791614,0.106471794944959,0.1));
#7635=CARTESIAN_POINT('Ctrl Pts',(0.364996258842328,0.107426111979666,0.1));
#7636=CARTESIAN_POINT('Ctrl Pts',(0.36475965194825,0.110233802240952,0.1));
#7637=CARTESIAN_POINT('Ctrl Pts',(0.363340038725118,0.112584063042075,0.1));
#7638=CARTESIAN_POINT('',(0.365154005791614,0.106471794944959,0.));
#7639=CARTESIAN_POINT('Origin',(0.349695913661254,0.106471794944959,0.));
#7640=CARTESIAN_POINT('',(0.349695913661254,0.106471794944959,0.));
#7641=CARTESIAN_POINT('',(0.349695913661254,0.106471794944959,0.));
#7642=CARTESIAN_POINT('',(0.349695913661254,0.106471794944959,0.1));
#7643=CARTESIAN_POINT('',(0.349695913661254,0.106471794944959,0.1));
#7644=CARTESIAN_POINT('',(0.349695913661254,0.106471794944959,0.));
#7645=CARTESIAN_POINT('Ctrl Pts',(0.343780827356446,0.111101339566075,0.));
#7646=CARTESIAN_POINT('Ctrl Pts',(0.343780827356446,0.111101339566075,0.1));
#7647=CARTESIAN_POINT('Ctrl Pts',(0.348118554030093,0.111101339566069,0.));
#7648=CARTESIAN_POINT('Ctrl Pts',(0.348118554030093,0.111101339566069,0.1));
#7649=CARTESIAN_POINT('Ctrl Pts',(0.349380447363308,0.108214776371348,0.));
#7650=CARTESIAN_POINT('Ctrl Pts',(0.349380447363308,0.108214776371348,0.1));
#7651=CARTESIAN_POINT('Ctrl Pts',(0.349695913661254,0.106471794944959,0.));
#7652=CARTESIAN_POINT('Ctrl Pts',(0.349695913661254,0.106471794944959,0.1));
#7653=CARTESIAN_POINT('Ctrl Pts',(0.343780827356446,0.111101339566075,0.));
#7654=CARTESIAN_POINT('Ctrl Pts',(0.348118554030093,0.111101339566069,0.));
#7655=CARTESIAN_POINT('Ctrl Pts',(0.349380447363308,0.108214776371348,0.));
#7656=CARTESIAN_POINT('Ctrl Pts',(0.349695913661254,0.106471794944959,0.));
#7657=CARTESIAN_POINT('Ctrl Pts',(0.343780827356446,0.111101339566075,0.1));
#7658=CARTESIAN_POINT('Ctrl Pts',(0.348118554030093,0.111101339566069,0.1));
#7659=CARTESIAN_POINT('Ctrl Pts',(0.349380447363308,0.108214776371348,0.1));
#7660=CARTESIAN_POINT('Ctrl Pts',(0.349695913661254,0.106471794944959,0.1));
#7661=CARTESIAN_POINT('Origin',(0.343971438849712,0.0969154551837759,0.1));
#7662=CARTESIAN_POINT('Origin',(0.343971438849712,0.0969154551837759,0.));
#7663=CARTESIAN_POINT('Origin',(0.226031231278134,0.119697937297915,0.));
#7664=CARTESIAN_POINT('',(0.226031231278134,0.119697937297915,0.));
#7665=CARTESIAN_POINT('',(0.226031231278134,0.0739230719297466,0.));
#7666=CARTESIAN_POINT('',(0.226031231278134,0.119697937297915,0.));
#7667=CARTESIAN_POINT('',(0.226031231278134,0.0739230719297466,0.1));
#7668=CARTESIAN_POINT('',(0.226031231278134,0.0739230719297466,0.));
#7669=CARTESIAN_POINT('',(0.226031231278134,0.119697937297915,0.1));
#7670=CARTESIAN_POINT('',(0.226031231278134,0.119697937297915,0.1));
#7671=CARTESIAN_POINT('',(0.226031231278134,0.119697937297915,0.));
#7672=CARTESIAN_POINT('Origin',(0.242120243556862,0.119697937297915,0.));
#7673=CARTESIAN_POINT('',(0.242120243556862,0.119697937297915,0.));
#7674=CARTESIAN_POINT('',(0.242120243556862,0.119697937297915,0.));
#7675=CARTESIAN_POINT('',(0.242120243556862,0.119697937297915,0.1));
#7676=CARTESIAN_POINT('',(0.242120243556862,0.119697937297915,0.1));
#7677=CARTESIAN_POINT('',(0.242120243556862,0.119697937297915,0.));
#7678=CARTESIAN_POINT('Origin',(0.24235685153335,0.114382251192459,0.));
#7679=CARTESIAN_POINT('',(0.24235685153335,0.114382251192459,0.));
#7680=CARTESIAN_POINT('',(0.24235685153335,0.114382251192459,0.));
#7681=CARTESIAN_POINT('',(0.24235685153335,0.114382251192459,0.1));
#7682=CARTESIAN_POINT('',(0.24235685153335,0.114382251192459,0.1));
#7683=CARTESIAN_POINT('',(0.24235685153335,0.114382251192459,0.));
#7684=CARTESIAN_POINT('Ctrl Pts',(0.256631921640382,0.120581255703995,0.));
#7685=CARTESIAN_POINT('Ctrl Pts',(0.256631921640382,0.120581255703995,0.1));
#7686=CARTESIAN_POINT('Ctrl Pts',(0.247167791902908,0.120581255775679,0.));
#7687=CARTESIAN_POINT('Ctrl Pts',(0.247167791902908,0.120581255775679,0.1));
#7688=CARTESIAN_POINT('Ctrl Pts',(0.244565158332076,0.117087396931766,0.));
#7689=CARTESIAN_POINT('Ctrl Pts',(0.244565158332076,0.117087396931766,0.1));
#7690=CARTESIAN_POINT('Ctrl Pts',(0.24235685153335,0.114382251192459,0.));
#7691=CARTESIAN_POINT('Ctrl Pts',(0.24235685153335,0.114382251192459,0.1));
#7692=CARTESIAN_POINT('',(0.256631921640382,0.120581255703995,0.));
#7693=CARTESIAN_POINT('Ctrl Pts',(0.256631921640382,0.120581255703995,0.));
#7694=CARTESIAN_POINT('Ctrl Pts',(0.247167791902908,0.120581255775679,0.));
#7695=CARTESIAN_POINT('Ctrl Pts',(0.244565158332076,0.117087396931766,0.));
#7696=CARTESIAN_POINT('Ctrl Pts',(0.24235685153335,0.114382251192459,0.));
#7697=CARTESIAN_POINT('',(0.256631921640382,0.120581255703995,0.1));
#7698=CARTESIAN_POINT('Ctrl Pts',(0.256631921640382,0.120581255703995,0.1));
#7699=CARTESIAN_POINT('Ctrl Pts',(0.247167791902908,0.120581255775679,0.1));
#7700=CARTESIAN_POINT('Ctrl Pts',(0.244565158332076,0.117087396931766,0.1));
#7701=CARTESIAN_POINT('Ctrl Pts',(0.24235685153335,0.114382251192459,0.1));
#7702=CARTESIAN_POINT('',(0.256631921640382,0.120581255703995,0.));
#7703=CARTESIAN_POINT('Ctrl Pts',(0.270985870092702,0.111132890904299,0.));
#7704=CARTESIAN_POINT('Ctrl Pts',(0.270985870092702,0.111132890904299,0.1));
#7705=CARTESIAN_POINT('Ctrl Pts',(0.268856436187111,0.118160012509912,0.));
#7706=CARTESIAN_POINT('Ctrl Pts',(0.268856436187111,0.118160012509912,0.1));
#7707=CARTESIAN_POINT('Ctrl Pts',(0.263572296007915,0.120581255703991,0.));
#7708=CARTESIAN_POINT('Ctrl Pts',(0.263572296007915,0.120581255703991,0.1));
#7709=CARTESIAN_POINT('Ctrl Pts',(0.256631921640382,0.120581255703995,0.));
#7710=CARTESIAN_POINT('Ctrl Pts',(0.256631921640382,0.120581255703995,0.1));
#7711=CARTESIAN_POINT('',(0.270985870092702,0.111132890904299,0.));
#7712=CARTESIAN_POINT('Ctrl Pts',(0.270985870092702,0.111132890904299,0.));
#7713=CARTESIAN_POINT('Ctrl Pts',(0.268856436187111,0.118160012509912,0.));
#7714=CARTESIAN_POINT('Ctrl Pts',(0.263572296007915,0.120581255703991,0.));
#7715=CARTESIAN_POINT('Ctrl Pts',(0.256631921640382,0.120581255703995,0.));
#7716=CARTESIAN_POINT('',(0.270985870092702,0.111132890904299,0.1));
#7717=CARTESIAN_POINT('Ctrl Pts',(0.270985870092702,0.111132890904299,0.1));
#7718=CARTESIAN_POINT('Ctrl Pts',(0.268856436187111,0.118160012509912,0.1));
#7719=CARTESIAN_POINT('Ctrl Pts',(0.263572296007915,0.120581255703991,0.1));
#7720=CARTESIAN_POINT('Ctrl Pts',(0.256631921640382,0.120581255703995,0.1));
#7721=CARTESIAN_POINT('',(0.270985870092702,0.111132890904299,0.));
#7722=CARTESIAN_POINT('Ctrl Pts',(0.271853407417822,0.103995345026985,0.));
#7723=CARTESIAN_POINT('Ctrl Pts',(0.271853407417822,0.103995345026985,0.1));
#7724=CARTESIAN_POINT('Ctrl Pts',(0.271695672374768,0.107639048334714,0.));
#7725=CARTESIAN_POINT('Ctrl Pts',(0.271695672374768,0.107639048334714,0.1));
#7726=CARTESIAN_POINT('Ctrl Pts',(0.271459069810117,0.109358358139685,0.));
#7727=CARTESIAN_POINT('Ctrl Pts',(0.271459069810117,0.109358358139685,0.1));
#7728=CARTESIAN_POINT('Ctrl Pts',(0.270985870092702,0.111132890904299,0.));
#7729=CARTESIAN_POINT('Ctrl Pts',(0.270985870092702,0.111132890904299,0.1));
#7730=CARTESIAN_POINT('',(0.271853407417822,0.103995345026985,0.));
#7731=CARTESIAN_POINT('Ctrl Pts',(0.271853407417822,0.103995345026985,0.));
#7732=CARTESIAN_POINT('Ctrl Pts',(0.271695672374768,0.107639048334714,0.));
#7733=CARTESIAN_POINT('Ctrl Pts',(0.271459069810117,0.109358358139685,0.));
#7734=CARTESIAN_POINT('Ctrl Pts',(0.270985870092702,0.111132890904299,0.));
#7735=CARTESIAN_POINT('',(0.271853407417822,0.103995345026985,0.1));
#7736=CARTESIAN_POINT('Ctrl Pts',(0.271853407417822,0.103995345026985,0.1));
#7737=CARTESIAN_POINT('Ctrl Pts',(0.271695672374768,0.107639048334714,0.1));
#7738=CARTESIAN_POINT('Ctrl Pts',(0.271459069810117,0.109358358139685,0.1));
#7739=CARTESIAN_POINT('Ctrl Pts',(0.270985870092702,0.111132890904299,0.1));
#7740=CARTESIAN_POINT('',(0.271853407417822,0.103995345026985,0.));
#7741=CARTESIAN_POINT('Origin',(0.271853407417822,0.0739388367750267,0.));
#7742=CARTESIAN_POINT('',(0.271853407417822,0.0739388367750267,0.));
#7743=CARTESIAN_POINT('',(0.271853407417822,0.0739388367750267,0.));
#7744=CARTESIAN_POINT('',(0.271853407417822,0.0739388367750267,0.1));
#7745=CARTESIAN_POINT('',(0.271853407417822,0.0739388367750267,0.1));
#7746=CARTESIAN_POINT('',(0.271853407417822,0.0739388367750267,0.));
#7747=CARTESIAN_POINT('Origin',(0.255054576621342,0.0739388367750267,0.));
#7748=CARTESIAN_POINT('',(0.255054576621342,0.0739388367750267,0.));
#7749=CARTESIAN_POINT('',(0.255054576621342,0.0739388367750267,0.));
#7750=CARTESIAN_POINT('',(0.255054576621342,0.0739388367750267,0.1));
#7751=CARTESIAN_POINT('',(0.255054576621342,0.0739388367750267,0.1));
#7752=CARTESIAN_POINT('',(0.255054576621342,0.0739388367750267,0.));
#7753=CARTESIAN_POINT('Origin',(0.255054576621342,0.0960533699127447,0.));
#7754=CARTESIAN_POINT('',(0.255054576621342,0.0960533699127447,0.));
#7755=CARTESIAN_POINT('',(0.255054576621342,0.0960533699127447,0.));
#7756=CARTESIAN_POINT('',(0.255054576621342,0.0960533699127447,0.1));
#7757=CARTESIAN_POINT('',(0.255054576621342,0.0960533699127447,0.1));
#7758=CARTESIAN_POINT('',(0.255054576621342,0.0960533699127447,0.));
#7759=CARTESIAN_POINT('Ctrl Pts',(0.253398358668862,0.105801434541545,0.));
#7760=CARTESIAN_POINT('Ctrl Pts',(0.253398358668862,0.105801434541545,0.1));
#7761=CARTESIAN_POINT('Ctrl Pts',(0.255764384315279,0.104689398699422,0.));
#7762=CARTESIAN_POINT('Ctrl Pts',(0.255764384315279,0.104689398699422,0.1));
#7763=CARTESIAN_POINT('Ctrl Pts',(0.255054576621324,0.0934191903635659,
0.));
#7764=CARTESIAN_POINT('Ctrl Pts',(0.255054576621324,0.0934191903635659,
0.1));
#7765=CARTESIAN_POINT('Ctrl Pts',(0.255054576621342,0.0960533699127447,
0.));
#7766=CARTESIAN_POINT('Ctrl Pts',(0.255054576621342,0.0960533699127447,
0.1));
#7767=CARTESIAN_POINT('',(0.253398358668862,0.105801434541545,0.));
#7768=CARTESIAN_POINT('Ctrl Pts',(0.253398358668862,0.105801434541545,0.));
#7769=CARTESIAN_POINT('Ctrl Pts',(0.255764384315279,0.104689398699422,0.));
#7770=CARTESIAN_POINT('Ctrl Pts',(0.255054576621324,0.0934191903635659,
0.));
#7771=CARTESIAN_POINT('Ctrl Pts',(0.255054576621342,0.0960533699127447,
0.));
#7772=CARTESIAN_POINT('',(0.253398358668862,0.105801434541545,0.1));
#7773=CARTESIAN_POINT('Ctrl Pts',(0.253398358668862,0.105801434541545,0.1));
#7774=CARTESIAN_POINT('Ctrl Pts',(0.255764384315279,0.104689398699422,0.1));
#7775=CARTESIAN_POINT('Ctrl Pts',(0.255054576621324,0.0934191903635659,
0.1));
#7776=CARTESIAN_POINT('Ctrl Pts',(0.255054576621342,0.0960533699127447,
0.1));
#7777=CARTESIAN_POINT('',(0.253398358668862,0.105801434541545,0.));
#7778=CARTESIAN_POINT('Ctrl Pts',(0.249297225900862,0.106913459559892,0.));
#7779=CARTESIAN_POINT('Ctrl Pts',(0.249297225900862,0.106913459559892,0.1));
#7780=CARTESIAN_POINT('Ctrl Pts',(0.251111178862097,0.106952906782225,0.));
#7781=CARTESIAN_POINT('Ctrl Pts',(0.251111178862097,0.106952906782225,0.1));
#7782=CARTESIAN_POINT('Ctrl Pts',(0.25260967802998,0.10618788699719,0.));
#7783=CARTESIAN_POINT('Ctrl Pts',(0.25260967802998,0.10618788699719,0.1));
#7784=CARTESIAN_POINT('Ctrl Pts',(0.253398358668862,0.105801434541545,0.));
#7785=CARTESIAN_POINT('Ctrl Pts',(0.253398358668862,0.105801434541545,0.1));
#7786=CARTESIAN_POINT('',(0.249297225900862,0.106913459559892,0.));
#7787=CARTESIAN_POINT('Ctrl Pts',(0.249297225900862,0.106913459559892,0.));
#7788=CARTESIAN_POINT('Ctrl Pts',(0.251111178862097,0.106952906782225,0.));
#7789=CARTESIAN_POINT('Ctrl Pts',(0.25260967802998,0.10618788699719,0.));
#7790=CARTESIAN_POINT('Ctrl Pts',(0.253398358668862,0.105801434541545,0.));
#7791=CARTESIAN_POINT('',(0.249297225900862,0.106913459559892,0.1));
#7792=CARTESIAN_POINT('Ctrl Pts',(0.249297225900862,0.106913459559892,0.1));
#7793=CARTESIAN_POINT('Ctrl Pts',(0.251111178862097,0.106952906782225,0.1));
#7794=CARTESIAN_POINT('Ctrl Pts',(0.25260967802998,0.10618788699719,0.1));
#7795=CARTESIAN_POINT('Ctrl Pts',(0.253398358668862,0.105801434541545,0.1));
#7796=CARTESIAN_POINT('',(0.249297225900862,0.106913459559892,0.));
#7797=CARTESIAN_POINT('Ctrl Pts',(0.24417081535271,0.104058453115145,0.));
#7798=CARTESIAN_POINT('Ctrl Pts',(0.24417081535271,0.104058453115145,0.1));
#7799=CARTESIAN_POINT('Ctrl Pts',(0.244959496010836,0.105880296521923,0.));
#7800=CARTESIAN_POINT('Ctrl Pts',(0.244959496010836,0.105880296521923,0.1));
#7801=CARTESIAN_POINT('Ctrl Pts',(0.247246664929885,0.106874033855841,0.));
#7802=CARTESIAN_POINT('Ctrl Pts',(0.247246664929885,0.106874033855841,0.1));
#7803=CARTESIAN_POINT('Ctrl Pts',(0.249297225900862,0.106913459559892,0.));
#7804=CARTESIAN_POINT('Ctrl Pts',(0.249297225900862,0.106913459559892,0.1));
#7805=CARTESIAN_POINT('',(0.24417081535271,0.104058453115145,0.));
#7806=CARTESIAN_POINT('Ctrl Pts',(0.24417081535271,0.104058453115145,0.));
#7807=CARTESIAN_POINT('Ctrl Pts',(0.244959496010836,0.105880296521923,0.));
#7808=CARTESIAN_POINT('Ctrl Pts',(0.247246664929885,0.106874033855841,0.));
#7809=CARTESIAN_POINT('Ctrl Pts',(0.249297225900862,0.106913459559892,0.));
#7810=CARTESIAN_POINT('',(0.24417081535271,0.104058453115145,0.1));
#7811=CARTESIAN_POINT('Ctrl Pts',(0.24417081535271,0.104058453115145,0.1));
#7812=CARTESIAN_POINT('Ctrl Pts',(0.244959496010836,0.105880296521923,0.1));
#7813=CARTESIAN_POINT('Ctrl Pts',(0.247246664929885,0.106874033855841,0.1));
#7814=CARTESIAN_POINT('Ctrl Pts',(0.249297225900862,0.106913459559892,0.1));
#7815=CARTESIAN_POINT('',(0.24417081535271,0.104058453115145,0.));
#7816=CARTESIAN_POINT('Ctrl Pts',(0.24306665922727,0.0951621609661851,0.));
#7817=CARTESIAN_POINT('Ctrl Pts',(0.24306665922727,0.0951621609661851,0.1));
#7818=CARTESIAN_POINT('Ctrl Pts',(0.242987813353342,0.0997917109992438,
0.));
#7819=CARTESIAN_POINT('Ctrl Pts',(0.242987813353342,0.0997917109992438,
0.1));
#7820=CARTESIAN_POINT('Ctrl Pts',(0.243303261791934,0.101834381430878,0.));
#7821=CARTESIAN_POINT('Ctrl Pts',(0.243303261791934,0.101834381430878,0.1));
#7822=CARTESIAN_POINT('Ctrl Pts',(0.24417081535271,0.104058453115145,0.));
#7823=CARTESIAN_POINT('Ctrl Pts',(0.24417081535271,0.104058453115145,0.1));
#7824=CARTESIAN_POINT('',(0.24306665922727,0.0951621609661851,0.));
#7825=CARTESIAN_POINT('Ctrl Pts',(0.24306665922727,0.0951621609661851,0.));
#7826=CARTESIAN_POINT('Ctrl Pts',(0.242987813353342,0.0997917109992438,
0.));
#7827=CARTESIAN_POINT('Ctrl Pts',(0.243303261791934,0.101834381430878,0.));
#7828=CARTESIAN_POINT('Ctrl Pts',(0.24417081535271,0.104058453115145,0.));
#7829=CARTESIAN_POINT('',(0.24306665922727,0.0951621609661851,0.1));
#7830=CARTESIAN_POINT('Ctrl Pts',(0.24306665922727,0.0951621609661851,0.1));
#7831=CARTESIAN_POINT('Ctrl Pts',(0.242987813353342,0.0997917109992438,
0.1));
#7832=CARTESIAN_POINT('Ctrl Pts',(0.243303261791934,0.101834381430878,0.1));
#7833=CARTESIAN_POINT('Ctrl Pts',(0.24417081535271,0.104058453115145,0.1));
#7834=CARTESIAN_POINT('',(0.24306665922727,0.0951621609661851,0.));
#7835=CARTESIAN_POINT('Origin',(0.24306665922727,0.0739230719297466,0.));
#7836=CARTESIAN_POINT('',(0.24306665922727,0.0739230719297466,0.));
#7837=CARTESIAN_POINT('',(0.24306665922727,0.0739230719297466,0.));
#7838=CARTESIAN_POINT('',(0.24306665922727,0.0739230719297466,0.1));
#7839=CARTESIAN_POINT('',(0.24306665922727,0.0739230719297466,0.1));
#7840=CARTESIAN_POINT('',(0.24306665922727,0.0739230719297466,0.));
#7841=CARTESIAN_POINT('Origin',(0.226031231278134,0.0739230719297466,0.));
#7842=CARTESIAN_POINT('',(0.226031231278134,0.0739230719297466,0.));
#7843=CARTESIAN_POINT('',(0.226031231278134,0.0739230719297466,0.1));
#7844=CARTESIAN_POINT('Origin',(0.247750883724565,0.0954333973582559,0.1));
#7845=CARTESIAN_POINT('Origin',(0.247750883724565,0.0954333973582559,0.));
#7846=CARTESIAN_POINT('Ctrl Pts',(0.299062798683078,0.0831348341649045,
0.));
#7847=CARTESIAN_POINT('Ctrl Pts',(0.299062798683078,0.0831348341649045,
0.1));
#7848=CARTESIAN_POINT('Ctrl Pts',(0.302138631463633,0.0840181526358174,
0.));
#7849=CARTESIAN_POINT('Ctrl Pts',(0.302138631463633,0.0840181526358174,
0.1));
#7850=CARTESIAN_POINT('Ctrl Pts',(0.302927311490206,0.086849503711406,0.));
#7851=CARTESIAN_POINT('Ctrl Pts',(0.302927311490206,0.086849503711406,0.1));
#7852=CARTESIAN_POINT('Ctrl Pts',(0.303637131709654,0.0881665961105046,
0.));
#7853=CARTESIAN_POINT('Ctrl Pts',(0.303637131709654,0.0881665961105046,
0.1));
#7854=CARTESIAN_POINT('',(0.299062798683078,0.0831348341649045,0.));
#7855=CARTESIAN_POINT('',(0.303637131709654,0.0881665961105046,0.));
#7856=CARTESIAN_POINT('Ctrl Pts',(0.299062798683078,0.0831348341649045,
0.));
#7857=CARTESIAN_POINT('Ctrl Pts',(0.302138631463633,0.0840181526358174,
0.));
#7858=CARTESIAN_POINT('Ctrl Pts',(0.302927311490206,0.086849503711406,0.));
#7859=CARTESIAN_POINT('Ctrl Pts',(0.303637131709654,0.0881665961105046,
0.));
#7860=CARTESIAN_POINT('',(0.299062798683078,0.0831348341649045,0.1));
#7861=CARTESIAN_POINT('',(0.299062798683078,0.0831348341649045,0.));
#7862=CARTESIAN_POINT('',(0.303637131709654,0.0881665961105046,0.1));
#7863=CARTESIAN_POINT('Ctrl Pts',(0.303637131709654,0.0881665961105046,
0.1));
#7864=CARTESIAN_POINT('Ctrl Pts',(0.302927311490206,0.086849503711406,0.1));
#7865=CARTESIAN_POINT('Ctrl Pts',(0.302138631463633,0.0840181526358174,
0.1));
#7866=CARTESIAN_POINT('Ctrl Pts',(0.299062798683078,0.0831348341649045,
0.1));
#7867=CARTESIAN_POINT('',(0.303637131709654,0.0881665961105046,0.));
#7868=CARTESIAN_POINT('Ctrl Pts',(0.295592612581814,0.0828824559311988,
0.));
#7869=CARTESIAN_POINT('Ctrl Pts',(0.295592612581814,0.0828824559311988,
0.1));
#7870=CARTESIAN_POINT('Ctrl Pts',(0.296065812299114,0.0828587897216646,
0.));
#7871=CARTESIAN_POINT('Ctrl Pts',(0.296065812299114,0.0828587897216646,
0.1));
#7872=CARTESIAN_POINT('Ctrl Pts',(0.297958638769343,0.0827799167882023,
0.));
#7873=CARTESIAN_POINT('Ctrl Pts',(0.297958638769343,0.0827799167882023,
0.1));
#7874=CARTESIAN_POINT('Ctrl Pts',(0.299062798683078,0.0831348341649045,
0.));
#7875=CARTESIAN_POINT('Ctrl Pts',(0.299062798683078,0.0831348341649045,
0.1));
#7876=CARTESIAN_POINT('',(0.295592612581814,0.0828824559311988,0.));
#7877=CARTESIAN_POINT('Ctrl Pts',(0.295592612581814,0.0828824559311988,
0.));
#7878=CARTESIAN_POINT('Ctrl Pts',(0.296065812299114,0.0828587897216646,
0.));
#7879=CARTESIAN_POINT('Ctrl Pts',(0.297958638769343,0.0827799167882023,
0.));
#7880=CARTESIAN_POINT('Ctrl Pts',(0.299062798683078,0.0831348341649045,
0.));
#7881=CARTESIAN_POINT('',(0.295592612581814,0.0828824559311988,0.1));
#7882=CARTESIAN_POINT('',(0.295592612581814,0.0828824559311988,0.));
#7883=CARTESIAN_POINT('Ctrl Pts',(0.299062798683078,0.0831348341649045,
0.1));
#7884=CARTESIAN_POINT('Ctrl Pts',(0.297958638769343,0.0827799167882023,
0.1));
#7885=CARTESIAN_POINT('Ctrl Pts',(0.296065812299114,0.0828587897216646,
0.1));
#7886=CARTESIAN_POINT('Ctrl Pts',(0.295592612581814,0.0828824559311988,
0.1));
#7887=CARTESIAN_POINT('Ctrl Pts',(0.291254886449301,0.0871649791280517,
0.));
#7888=CARTESIAN_POINT('Ctrl Pts',(0.291254886449301,0.0871649791280517,
0.1));
#7889=CARTESIAN_POINT('Ctrl Pts',(0.291254886449306,0.0856586056781869,
0.));
#7890=CARTESIAN_POINT('Ctrl Pts',(0.291254886449306,0.0856586056781869,
0.1));
#7891=CARTESIAN_POINT('Ctrl Pts',(0.292753372605855,0.0830717369005271,
0.));
#7892=CARTESIAN_POINT('Ctrl Pts',(0.292753372605855,0.0830717369005271,
0.1));
#7893=CARTESIAN_POINT('Ctrl Pts',(0.295592612581814,0.0828824559311988,
0.));
#7894=CARTESIAN_POINT('Ctrl Pts',(0.295592612581814,0.0828824559311988,
0.1));
#7895=CARTESIAN_POINT('',(0.291254886449301,0.0871649791280517,0.));
#7896=CARTESIAN_POINT('Ctrl Pts',(0.291254886449301,0.0871649791280517,
0.));
#7897=CARTESIAN_POINT('Ctrl Pts',(0.291254886449306,0.0856586056781869,
0.));
#7898=CARTESIAN_POINT('Ctrl Pts',(0.292753372605855,0.0830717369005271,
0.));
#7899=CARTESIAN_POINT('Ctrl Pts',(0.295592612581814,0.0828824559311988,
0.));
#7900=CARTESIAN_POINT('',(0.291254886449301,0.0871649791280517,0.1));
#7901=CARTESIAN_POINT('',(0.291254886449301,0.0871649791280517,0.));
#7902=CARTESIAN_POINT('Ctrl Pts',(0.295592612581814,0.0828824559311988,
0.1));
#7903=CARTESIAN_POINT('Ctrl Pts',(0.292753372605855,0.0830717369005271,
0.1));
#7904=CARTESIAN_POINT('Ctrl Pts',(0.291254886449306,0.0856586056781869,
0.1));
#7905=CARTESIAN_POINT('Ctrl Pts',(0.291254886449301,0.0871649791280517,
0.1));
#7906=CARTESIAN_POINT('Ctrl Pts',(0.294803946025286,0.0912424294508246,
0.));
#7907=CARTESIAN_POINT('Ctrl Pts',(0.294803946025286,0.0912424294508246,
0.1));
#7908=CARTESIAN_POINT('Ctrl Pts',(0.293936393003165,0.0910689295753851,
0.));
#7909=CARTESIAN_POINT('Ctrl Pts',(0.293936393003165,0.0910689295753851,
0.1));
#7910=CARTESIAN_POINT('Ctrl Pts',(0.291254886438593,0.0905247475049796,
0.));
#7911=CARTESIAN_POINT('Ctrl Pts',(0.291254886438593,0.0905247475049796,
0.1));
#7912=CARTESIAN_POINT('Ctrl Pts',(0.291254886449301,0.0871649791280517,
0.));
#7913=CARTESIAN_POINT('Ctrl Pts',(0.291254886449301,0.0871649791280517,
0.1));
#7914=CARTESIAN_POINT('',(0.294803946025286,0.0912424294508246,0.));
#7915=CARTESIAN_POINT('Ctrl Pts',(0.294803946025286,0.0912424294508246,
0.));
#7916=CARTESIAN_POINT('Ctrl Pts',(0.293936393003165,0.0910689295753851,
0.));
#7917=CARTESIAN_POINT('Ctrl Pts',(0.291254886438593,0.0905247475049796,
0.));
#7918=CARTESIAN_POINT('Ctrl Pts',(0.291254886449301,0.0871649791280517,
0.));
#7919=CARTESIAN_POINT('',(0.294803946025286,0.0912424294508246,0.1));
#7920=CARTESIAN_POINT('',(0.294803946025286,0.0912424294508246,0.));
#7921=CARTESIAN_POINT('Ctrl Pts',(0.291254886449301,0.0871649791280517,
0.1));
#7922=CARTESIAN_POINT('Ctrl Pts',(0.291254886438593,0.0905247475049796,
0.1));
#7923=CARTESIAN_POINT('Ctrl Pts',(0.293936393003165,0.0910689295753851,
0.1));
#7924=CARTESIAN_POINT('Ctrl Pts',(0.294803946025286,0.0912424294508246,
0.1));
#7925=CARTESIAN_POINT('Origin',(0.29661789902095,0.0917471913301317,0.));
#7926=CARTESIAN_POINT('',(0.29661789902095,0.0917471913301317,0.));
#7927=CARTESIAN_POINT('',(0.297883197517159,0.0920992811849173,0.));
#7928=CARTESIAN_POINT('',(0.29661789902095,0.0917471913301317,0.1));
#7929=CARTESIAN_POINT('',(0.29661789902095,0.0917471913301317,0.));
#7930=CARTESIAN_POINT('',(0.297883197517159,0.0920992811849173,0.1));
#7931=CARTESIAN_POINT('Ctrl Pts',(0.303558258235069,0.0940106994811184,
0.));
#7932=CARTESIAN_POINT('Ctrl Pts',(0.303558258235069,0.0940106994811184,
0.1));
#7933=CARTESIAN_POINT('Ctrl Pts',(0.301271091980576,0.0932141283473627,
0.));
#7934=CARTESIAN_POINT('Ctrl Pts',(0.301271091980576,0.0932141283473627,
0.1));
#7935=CARTESIAN_POINT('Ctrl Pts',(0.298905065782892,0.0925437463316368,
0.));
#7936=CARTESIAN_POINT('Ctrl Pts',(0.298905065782892,0.0925437463316368,
0.1));
#7937=CARTESIAN_POINT('Ctrl Pts',(0.29661789902095,0.0917471913301317,0.));
#7938=CARTESIAN_POINT('Ctrl Pts',(0.29661789902095,0.0917471913301317,0.1));
#7939=CARTESIAN_POINT('',(0.303558258235069,0.0940106994811184,0.));
#7940=CARTESIAN_POINT('Ctrl Pts',(0.303558258235069,0.0940106994811184,
0.));
#7941=CARTESIAN_POINT('Ctrl Pts',(0.301271091980576,0.0932141283473627,
0.));
#7942=CARTESIAN_POINT('Ctrl Pts',(0.298905065782892,0.0925437463316368,
0.));
#7943=CARTESIAN_POINT('Ctrl Pts',(0.29661789902095,0.0917471913301317,0.));
#7944=CARTESIAN_POINT('',(0.303558258235069,0.0940106994811184,0.1));
#7945=CARTESIAN_POINT('',(0.303558258235069,0.0940106994811184,0.));
#7946=CARTESIAN_POINT('Ctrl Pts',(0.29661789902095,0.0917471913301317,0.1));
#7947=CARTESIAN_POINT('Ctrl Pts',(0.298905065782892,0.0925437463316368,
0.1));
#7948=CARTESIAN_POINT('Ctrl Pts',(0.301271091980576,0.0932141283473627,
0.1));
#7949=CARTESIAN_POINT('Ctrl Pts',(0.303558258235069,0.0940106994811184,
0.1));
#7950=CARTESIAN_POINT('Origin',(0.303637131709654,0.0881665961105046,0.));
#7951=CARTESIAN_POINT('',(0.303580492211674,0.0923632805192315,0.));
#7952=CARTESIAN_POINT('',(0.303580492211674,0.0923632805192315,0.1));
#7953=CARTESIAN_POINT('Origin',(0.296854492385326,0.101613554535305,0.));
#7954=CARTESIAN_POINT('',(0.296854492385326,0.101613554535305,0.));
#7955=CARTESIAN_POINT('',(0.288573379892974,0.100564610545652,0.));
#7956=CARTESIAN_POINT('',(0.296854492385326,0.101613554535305,0.));
#7957=CARTESIAN_POINT('',(0.288573379892974,0.100564610545652,0.1));
#7958=CARTESIAN_POINT('',(0.288573379892974,0.100564610545652,0.));
#7959=CARTESIAN_POINT('',(0.296854492385326,0.101613554535305,0.1));
#7960=CARTESIAN_POINT('',(0.296854492385326,0.101613554535305,0.1));
#7961=CARTESIAN_POINT('',(0.296854492385326,0.101613554535305,0.));
#7962=CARTESIAN_POINT('Ctrl Pts',(0.29993033871419,0.102315471688745,0.));
#7963=CARTESIAN_POINT('Ctrl Pts',(0.29993033871419,0.102315471688745,0.1));
#7964=CARTESIAN_POINT('Ctrl Pts',(0.299141672145851,0.102181392079609,0.));
#7965=CARTESIAN_POINT('Ctrl Pts',(0.299141672145851,0.102181392079609,0.1));
#7966=CARTESIAN_POINT('Ctrl Pts',(0.298116385711699,0.101944800317138,0.));
#7967=CARTESIAN_POINT('Ctrl Pts',(0.298116385711699,0.101944800317138,0.1));
#7968=CARTESIAN_POINT('Ctrl Pts',(0.296854492385326,0.101613554535305,0.));
#7969=CARTESIAN_POINT('Ctrl Pts',(0.296854492385326,0.101613554535305,0.1));
#7970=CARTESIAN_POINT('',(0.29993033871419,0.102315471688745,0.));
#7971=CARTESIAN_POINT('Ctrl Pts',(0.29993033871419,0.102315471688745,0.));
#7972=CARTESIAN_POINT('Ctrl Pts',(0.299141672145851,0.102181392079609,0.));
#7973=CARTESIAN_POINT('Ctrl Pts',(0.298116385711699,0.101944800317138,0.));
#7974=CARTESIAN_POINT('Ctrl Pts',(0.296854492385326,0.101613554535305,0.));
#7975=CARTESIAN_POINT('',(0.29993033871419,0.102315471688745,0.1));
#7976=CARTESIAN_POINT('Ctrl Pts',(0.29993033871419,0.102315471688745,0.1));
#7977=CARTESIAN_POINT('Ctrl Pts',(0.299141672145851,0.102181392079609,0.1));
#7978=CARTESIAN_POINT('Ctrl Pts',(0.298116385711699,0.101944800317138,0.1));
#7979=CARTESIAN_POINT('Ctrl Pts',(0.296854492385326,0.101613554535305,0.1));
#7980=CARTESIAN_POINT('',(0.29993033871419,0.102315471688745,0.));
#7981=CARTESIAN_POINT('Ctrl Pts',(0.302769592219822,0.103569472316799,0.));
#7982=CARTESIAN_POINT('Ctrl Pts',(0.302769592219822,0.103569472316799,0.1));
#7983=CARTESIAN_POINT('Ctrl Pts',(0.302059785608307,0.103033180746944,0.));
#7984=CARTESIAN_POINT('Ctrl Pts',(0.302059785608307,0.103033180746944,0.1));
#7985=CARTESIAN_POINT('Ctrl Pts',(0.300245805012019,0.102402218926986,0.));
#7986=CARTESIAN_POINT('Ctrl Pts',(0.300245805012019,0.102402218926986,0.1));
#7987=CARTESIAN_POINT('Ctrl Pts',(0.29993033871419,0.102315471688745,0.));
#7988=CARTESIAN_POINT('Ctrl Pts',(0.29993033871419,0.102315471688745,0.1));
#7989=CARTESIAN_POINT('',(0.302769592219822,0.103569472316799,0.));
#7990=CARTESIAN_POINT('Ctrl Pts',(0.302769592219822,0.103569472316799,0.));
#7991=CARTESIAN_POINT('Ctrl Pts',(0.302059785608307,0.103033180746944,0.));
#7992=CARTESIAN_POINT('Ctrl Pts',(0.300245805012019,0.102402218926986,0.));
#7993=CARTESIAN_POINT('Ctrl Pts',(0.29993033871419,0.102315471688745,0.));
#7994=CARTESIAN_POINT('',(0.302769592219822,0.103569472316799,0.1));
#7995=CARTESIAN_POINT('Ctrl Pts',(0.302769592219822,0.103569472316799,0.1));
#7996=CARTESIAN_POINT('Ctrl Pts',(0.302059785608307,0.103033180746944,0.1));
#7997=CARTESIAN_POINT('Ctrl Pts',(0.300245805012019,0.102402218926986,0.1));
#7998=CARTESIAN_POINT('Ctrl Pts',(0.29993033871419,0.102315471688745,0.1));
#7999=CARTESIAN_POINT('',(0.302769592219822,0.103569472316799,0.));
#8000=CARTESIAN_POINT('Ctrl Pts',(0.303558258235069,0.106653196197599,0.));
#8001=CARTESIAN_POINT('Ctrl Pts',(0.303558258235069,0.106653196197599,0.1));
#8002=CARTESIAN_POINT('Ctrl Pts',(0.303558258235067,0.105683141377068,0.));
#8003=CARTESIAN_POINT('Ctrl Pts',(0.303558258235067,0.105683141377068,0.1));
#8004=CARTESIAN_POINT('Ctrl Pts',(0.303479398290159,0.104097889581874,0.));
#8005=CARTESIAN_POINT('Ctrl Pts',(0.303479398290159,0.104097889581874,0.1));
#8006=CARTESIAN_POINT('Ctrl Pts',(0.302769592219822,0.103569472316799,0.));
#8007=CARTESIAN_POINT('Ctrl Pts',(0.302769592219822,0.103569472316799,0.1));
#8008=CARTESIAN_POINT('',(0.303558258235069,0.106653196197599,0.));
#8009=CARTESIAN_POINT('Ctrl Pts',(0.303558258235069,0.106653196197599,0.));
#8010=CARTESIAN_POINT('Ctrl Pts',(0.303558258235067,0.105683141377068,0.));
#8011=CARTESIAN_POINT('Ctrl Pts',(0.303479398290159,0.104097889581874,0.));
#8012=CARTESIAN_POINT('Ctrl Pts',(0.302769592219822,0.103569472316799,0.));
#8013=CARTESIAN_POINT('',(0.303558258235069,0.106653196197599,0.1));
#8014=CARTESIAN_POINT('Ctrl Pts',(0.303558258235069,0.106653196197599,0.1));
#8015=CARTESIAN_POINT('Ctrl Pts',(0.303558258235067,0.105683141377068,0.1));
#8016=CARTESIAN_POINT('Ctrl Pts',(0.303479398290159,0.104097889581874,0.1));
#8017=CARTESIAN_POINT('Ctrl Pts',(0.302769592219822,0.103569472316799,0.1));
#8018=CARTESIAN_POINT('',(0.303558258235069,0.106653196197599,0.));
#8019=CARTESIAN_POINT('Ctrl Pts',(0.297722031875158,0.110225911700475,0.));
#8020=CARTESIAN_POINT('Ctrl Pts',(0.297722031875158,0.110225911700475,0.1));
#8021=CARTESIAN_POINT('Ctrl Pts',(0.301271091992446,0.110225911700481,0.));
#8022=CARTESIAN_POINT('Ctrl Pts',(0.301271091992446,0.110225911700481,0.1));
#8023=CARTESIAN_POINT('Ctrl Pts',(0.303558258235067,0.108419833009739,0.));
#8024=CARTESIAN_POINT('Ctrl Pts',(0.303558258235067,0.108419833009739,0.1));
#8025=CARTESIAN_POINT('Ctrl Pts',(0.303558258235069,0.106653196197599,0.));
#8026=CARTESIAN_POINT('Ctrl Pts',(0.303558258235069,0.106653196197599,0.1));
#8027=CARTESIAN_POINT('',(0.297722031875158,0.110225911700475,0.));
#8028=CARTESIAN_POINT('Ctrl Pts',(0.297722031875158,0.110225911700475,0.));
#8029=CARTESIAN_POINT('Ctrl Pts',(0.301271091992446,0.110225911700481,0.));
#8030=CARTESIAN_POINT('Ctrl Pts',(0.303558258235067,0.108419833009739,0.));
#8031=CARTESIAN_POINT('Ctrl Pts',(0.303558258235069,0.106653196197599,0.));
#8032=CARTESIAN_POINT('',(0.297722031875158,0.110225911700475,0.1));
#8033=CARTESIAN_POINT('Ctrl Pts',(0.297722031875158,0.110225911700475,0.1));
#8034=CARTESIAN_POINT('Ctrl Pts',(0.301271091992446,0.110225911700481,0.1));
#8035=CARTESIAN_POINT('Ctrl Pts',(0.303558258235067,0.108419833009739,0.1));
#8036=CARTESIAN_POINT('Ctrl Pts',(0.303558258235069,0.106653196197599,0.1));
#8037=CARTESIAN_POINT('',(0.297722031875158,0.110225911700475,0.));
#8038=CARTESIAN_POINT('Ctrl Pts',(0.29243789277823,0.107639048334715,0.));
#8039=CARTESIAN_POINT('Ctrl Pts',(0.29243789277823,0.107639048334715,0.1));
#8040=CARTESIAN_POINT('Ctrl Pts',(0.293305445797905,0.108782640926865,0.));
#8041=CARTESIAN_POINT('Ctrl Pts',(0.293305445797905,0.108782640926865,0.1));
#8042=CARTESIAN_POINT('Ctrl Pts',(0.294567325601388,0.110225911700481,0.));
#8043=CARTESIAN_POINT('Ctrl Pts',(0.294567325601388,0.110225911700481,0.1));
#8044=CARTESIAN_POINT('Ctrl Pts',(0.297722031875158,0.110225911700475,0.));
#8045=CARTESIAN_POINT('Ctrl Pts',(0.297722031875158,0.110225911700475,0.1));
#8046=CARTESIAN_POINT('',(0.29243789277823,0.107639048334715,0.));
#8047=CARTESIAN_POINT('Ctrl Pts',(0.29243789277823,0.107639048334715,0.));
#8048=CARTESIAN_POINT('Ctrl Pts',(0.293305445797905,0.108782640926865,0.));
#8049=CARTESIAN_POINT('Ctrl Pts',(0.294567325601388,0.110225911700481,0.));
#8050=CARTESIAN_POINT('Ctrl Pts',(0.297722031875158,0.110225911700475,0.));
#8051=CARTESIAN_POINT('',(0.29243789277823,0.107639048334715,0.1));
#8052=CARTESIAN_POINT('Ctrl Pts',(0.29243789277823,0.107639048334715,0.1));
#8053=CARTESIAN_POINT('Ctrl Pts',(0.293305445797905,0.108782640926865,0.1));
#8054=CARTESIAN_POINT('Ctrl Pts',(0.294567325601388,0.110225911700481,0.1));
#8055=CARTESIAN_POINT('Ctrl Pts',(0.297722031875158,0.110225911700475,0.1));
#8056=CARTESIAN_POINT('',(0.29243789277823,0.107639048334715,0.));
#8057=CARTESIAN_POINT('Ctrl Pts',(0.291806959641318,0.105067960638079,0.));
#8058=CARTESIAN_POINT('Ctrl Pts',(0.291806959641318,0.105067960638079,0.1));
#8059=CARTESIAN_POINT('Ctrl Pts',(0.2918858330989,0.106487586857936,0.));
#8060=CARTESIAN_POINT('Ctrl Pts',(0.2918858330989,0.106487586857936,0.1));
#8061=CARTESIAN_POINT('Ctrl Pts',(0.292122439459682,0.107015987883787,0.));
#8062=CARTESIAN_POINT('Ctrl Pts',(0.292122439459682,0.107015987883787,0.1));
#8063=CARTESIAN_POINT('Ctrl Pts',(0.29243789277823,0.107639048334715,0.));
#8064=CARTESIAN_POINT('Ctrl Pts',(0.29243789277823,0.107639048334715,0.1));
#8065=CARTESIAN_POINT('',(0.291806959641318,0.105067960638079,0.));
#8066=CARTESIAN_POINT('Ctrl Pts',(0.291806959641318,0.105067960638079,0.));
#8067=CARTESIAN_POINT('Ctrl Pts',(0.2918858330989,0.106487586857936,0.));
#8068=CARTESIAN_POINT('Ctrl Pts',(0.292122439459682,0.107015987883787,0.));
#8069=CARTESIAN_POINT('Ctrl Pts',(0.29243789277823,0.107639048334715,0.));
#8070=CARTESIAN_POINT('',(0.291806959641318,0.105067960638079,0.1));
#8071=CARTESIAN_POINT('Ctrl Pts',(0.291806959641318,0.105067960638079,0.1));
#8072=CARTESIAN_POINT('Ctrl Pts',(0.2918858330989,0.106487586857936,0.1));
#8073=CARTESIAN_POINT('Ctrl Pts',(0.292122439459682,0.107015987883787,0.1));
#8074=CARTESIAN_POINT('Ctrl Pts',(0.29243789277823,0.107639048334715,0.1));
#8075=CARTESIAN_POINT('',(0.291806959641318,0.105067960638079,0.));
#8076=CARTESIAN_POINT('Origin',(0.275954527738422,0.105067960638079,0.));
#8077=CARTESIAN_POINT('',(0.275954527738422,0.105067960638079,0.));
#8078=CARTESIAN_POINT('',(0.275954527738422,0.105067960638079,0.));
#8079=CARTESIAN_POINT('',(0.275954527738422,0.105067960638079,0.1));
#8080=CARTESIAN_POINT('',(0.275954527738422,0.105067960638079,0.1));
#8081=CARTESIAN_POINT('',(0.275954527738422,0.105067960638079,0.));
#8082=CARTESIAN_POINT('Ctrl Pts',(0.279819054153502,0.114642498319027,0.));
#8083=CARTESIAN_POINT('Ctrl Pts',(0.279819054153502,0.114642498319027,0.1));
#8084=CARTESIAN_POINT('Ctrl Pts',(0.277216421071743,0.111637636547836,0.));
#8085=CARTESIAN_POINT('Ctrl Pts',(0.277216421071743,0.111637636547836,0.1));
#8086=CARTESIAN_POINT('Ctrl Pts',(0.276664347879748,0.10869587745296,0.));
#8087=CARTESIAN_POINT('Ctrl Pts',(0.276664347879748,0.10869587745296,0.1));
#8088=CARTESIAN_POINT('Ctrl Pts',(0.275954527738422,0.105067960638079,0.));
#8089=CARTESIAN_POINT('Ctrl Pts',(0.275954527738422,0.105067960638079,0.1));
#8090=CARTESIAN_POINT('',(0.279819054153502,0.114642498319027,0.));
#8091=CARTESIAN_POINT('Ctrl Pts',(0.279819054153502,0.114642498319027,0.));
#8092=CARTESIAN_POINT('Ctrl Pts',(0.277216421071743,0.111637636547836,0.));
#8093=CARTESIAN_POINT('Ctrl Pts',(0.276664347879748,0.10869587745296,0.));
#8094=CARTESIAN_POINT('Ctrl Pts',(0.275954527738422,0.105067960638079,0.));
#8095=CARTESIAN_POINT('',(0.279819054153502,0.114642498319027,0.1));
#8096=CARTESIAN_POINT('Ctrl Pts',(0.279819054153502,0.114642498319027,0.1));
#8097=CARTESIAN_POINT('Ctrl Pts',(0.277216421071743,0.111637636547836,0.1));
#8098=CARTESIAN_POINT('Ctrl Pts',(0.276664347879748,0.10869587745296,0.1));
#8099=CARTESIAN_POINT('Ctrl Pts',(0.275954527738422,0.105067960638079,0.1));
#8100=CARTESIAN_POINT('',(0.279819054153502,0.114642498319027,0.));
#8101=CARTESIAN_POINT('Ctrl Pts',(0.298195245663558,0.120912501459339,0.));
#8102=CARTESIAN_POINT('Ctrl Pts',(0.298195245663558,0.120912501459339,0.1));
#8103=CARTESIAN_POINT('Ctrl Pts',(0.288179040252564,0.120912501283151,0.));
#8104=CARTESIAN_POINT('Ctrl Pts',(0.288179040252564,0.120912501283151,0.1));
#8105=CARTESIAN_POINT('Ctrl Pts',(0.283052633978305,0.118270420477764,0.));
#8106=CARTESIAN_POINT('Ctrl Pts',(0.283052633978305,0.118270420477764,0.1));
#8107=CARTESIAN_POINT('Ctrl Pts',(0.279819054153502,0.114642498319027,0.));
#8108=CARTESIAN_POINT('Ctrl Pts',(0.279819054153502,0.114642498319027,0.1));
#8109=CARTESIAN_POINT('',(0.298195245663558,0.120912501459339,0.));
#8110=CARTESIAN_POINT('Ctrl Pts',(0.298195245663558,0.120912501459339,0.));
#8111=CARTESIAN_POINT('Ctrl Pts',(0.288179040252564,0.120912501283151,0.));
#8112=CARTESIAN_POINT('Ctrl Pts',(0.283052633978305,0.118270420477764,0.));
#8113=CARTESIAN_POINT('Ctrl Pts',(0.279819054153502,0.114642498319027,0.));
#8114=CARTESIAN_POINT('',(0.298195245663558,0.120912501459339,0.1));
#8115=CARTESIAN_POINT('Ctrl Pts',(0.298195245663558,0.120912501459339,0.1));
#8116=CARTESIAN_POINT('Ctrl Pts',(0.288179040252564,0.120912501283151,0.1));
#8117=CARTESIAN_POINT('Ctrl Pts',(0.283052633978305,0.118270420477764,0.1));
#8118=CARTESIAN_POINT('Ctrl Pts',(0.279819054153502,0.114642498319027,0.1));
#8119=CARTESIAN_POINT('',(0.298195245663558,0.120912501459339,0.));
#8120=CARTESIAN_POINT('Ctrl Pts',(0.314126551041023,0.117828766754707,0.));
#8121=CARTESIAN_POINT('Ctrl Pts',(0.314126551041023,0.117828766754707,0.1));
#8122=CARTESIAN_POINT('Ctrl Pts',(0.308448057559515,0.121630183458062,0.));
#8123=CARTESIAN_POINT('Ctrl Pts',(0.308448057559515,0.121630183458062,0.1));
#8124=CARTESIAN_POINT('Ctrl Pts',(0.300088085663493,0.120912501459343,0.));
#8125=CARTESIAN_POINT('Ctrl Pts',(0.300088085663493,0.120912501459343,0.1));
#8126=CARTESIAN_POINT('Ctrl Pts',(0.298195245663558,0.120912501459339,0.));
#8127=CARTESIAN_POINT('Ctrl Pts',(0.298195245663558,0.120912501459339,0.1));
#8128=CARTESIAN_POINT('',(0.314126551041023,0.117828766754707,0.));
#8129=CARTESIAN_POINT('Ctrl Pts',(0.314126551041023,0.117828766754707,0.));
#8130=CARTESIAN_POINT('Ctrl Pts',(0.308448057559515,0.121630183458062,0.));
#8131=CARTESIAN_POINT('Ctrl Pts',(0.300088085663493,0.120912501459343,0.));
#8132=CARTESIAN_POINT('Ctrl Pts',(0.298195245663558,0.120912501459339,0.));
#8133=CARTESIAN_POINT('',(0.314126551041023,0.117828766754707,0.1));
#8134=CARTESIAN_POINT('Ctrl Pts',(0.314126551041023,0.117828766754707,0.1));
#8135=CARTESIAN_POINT('Ctrl Pts',(0.308448057559515,0.121630183458062,0.1));
#8136=CARTESIAN_POINT('Ctrl Pts',(0.300088085663493,0.120912501459343,0.1));
#8137=CARTESIAN_POINT('Ctrl Pts',(0.298195245663558,0.120912501459339,0.1));
#8138=CARTESIAN_POINT('',(0.314126551041023,0.117828766754707,0.));
#8139=CARTESIAN_POINT('Ctrl Pts',(0.318306530224186,0.112615608968315,0.));
#8140=CARTESIAN_POINT('Ctrl Pts',(0.318306530224186,0.112615608968315,0.1));
#8141=CARTESIAN_POINT('Ctrl Pts',(0.317202383840128,0.115005306236145,0.));
#8142=CARTESIAN_POINT('Ctrl Pts',(0.317202383840128,0.115005306236145,0.1));
#8143=CARTESIAN_POINT('Ctrl Pts',(0.316413703754,0.116330278433437,0.));
#8144=CARTESIAN_POINT('Ctrl Pts',(0.316413703754,0.116330278433437,0.1));
#8145=CARTESIAN_POINT('Ctrl Pts',(0.314126551041023,0.117828766754707,0.));
#8146=CARTESIAN_POINT('Ctrl Pts',(0.314126551041023,0.117828766754707,0.1));
#8147=CARTESIAN_POINT('',(0.318306530224186,0.112615608968315,0.));
#8148=CARTESIAN_POINT('Ctrl Pts',(0.318306530224186,0.112615608968315,0.));
#8149=CARTESIAN_POINT('Ctrl Pts',(0.317202383840128,0.115005306236145,0.));
#8150=CARTESIAN_POINT('Ctrl Pts',(0.316413703754,0.116330278433437,0.));
#8151=CARTESIAN_POINT('Ctrl Pts',(0.314126551041023,0.117828766754707,0.));
#8152=CARTESIAN_POINT('',(0.318306530224186,0.112615608968315,0.1));
#8153=CARTESIAN_POINT('Ctrl Pts',(0.318306530224186,0.112615608968315,0.1));
#8154=CARTESIAN_POINT('Ctrl Pts',(0.317202383840128,0.115005306236145,0.1));
#8155=CARTESIAN_POINT('Ctrl Pts',(0.316413703754,0.116330278433437,0.1));
#8156=CARTESIAN_POINT('Ctrl Pts',(0.314126551041023,0.117828766754707,0.1));
#8157=CARTESIAN_POINT('',(0.318306530224186,0.112615608968315,0.));
#8158=CARTESIAN_POINT('Ctrl Pts',(0.319962763329967,0.0997917109992517,
0.));
#8159=CARTESIAN_POINT('Ctrl Pts',(0.319962763329967,0.0997917109992517,
0.1));
#8160=CARTESIAN_POINT('Ctrl Pts',(0.319962763329947,0.103679891176485,0.));
#8161=CARTESIAN_POINT('Ctrl Pts',(0.319962763329947,0.103679891176485,0.1));
#8162=CARTESIAN_POINT('Ctrl Pts',(0.319962763329947,0.108908813808147,0.));
#8163=CARTESIAN_POINT('Ctrl Pts',(0.319962763329947,0.108908813808147,0.1));
#8164=CARTESIAN_POINT('Ctrl Pts',(0.318306530224186,0.112615608968315,0.));
#8165=CARTESIAN_POINT('Ctrl Pts',(0.318306530224186,0.112615608968315,0.1));
#8166=CARTESIAN_POINT('',(0.319962763329967,0.0997917109992517,0.));
#8167=CARTESIAN_POINT('Ctrl Pts',(0.319962763329967,0.0997917109992517,
0.));
#8168=CARTESIAN_POINT('Ctrl Pts',(0.319962763329947,0.103679891176485,0.));
#8169=CARTESIAN_POINT('Ctrl Pts',(0.319962763329947,0.108908813808147,0.));
#8170=CARTESIAN_POINT('Ctrl Pts',(0.318306530224186,0.112615608968315,0.));
#8171=CARTESIAN_POINT('',(0.319962763329967,0.0997917109992517,0.1));
#8172=CARTESIAN_POINT('Ctrl Pts',(0.319962763329967,0.0997917109992517,
0.1));
#8173=CARTESIAN_POINT('Ctrl Pts',(0.319962763329947,0.103679891176485,0.1));
#8174=CARTESIAN_POINT('Ctrl Pts',(0.319962763329947,0.108908813808147,0.1));
#8175=CARTESIAN_POINT('Ctrl Pts',(0.318306530224186,0.112615608968315,0.1));
#8176=CARTESIAN_POINT('',(0.319962763329967,0.0997917109992517,0.));
#8177=CARTESIAN_POINT('Origin',(0.319962763329967,0.0873542492735988,0.));
#8178=CARTESIAN_POINT('',(0.319962763329967,0.0873542492735988,0.));
#8179=CARTESIAN_POINT('',(0.319962763329967,0.0873542492735988,0.));
#8180=CARTESIAN_POINT('',(0.319962763329967,0.0873542492735988,0.1));
#8181=CARTESIAN_POINT('',(0.319962763329967,0.0873542492735988,0.1));
#8182=CARTESIAN_POINT('',(0.319962763329967,0.0873542492735988,0.));
#8183=CARTESIAN_POINT('Ctrl Pts',(0.321855589962527,0.0736470274865385,
0.));
#8184=CARTESIAN_POINT('Ctrl Pts',(0.321855589962527,0.0736470274865385,
0.1));
#8185=CARTESIAN_POINT('Ctrl Pts',(0.320909176384601,0.0766518946296953,
0.));
#8186=CARTESIAN_POINT('Ctrl Pts',(0.320909176384601,0.0766518946296953,
0.1));
#8187=CARTESIAN_POINT('Ctrl Pts',(0.319883889470444,0.0782213762108506,
0.));
#8188=CARTESIAN_POINT('Ctrl Pts',(0.319883889470444,0.0782213762108506,
0.1));
#8189=CARTESIAN_POINT('Ctrl Pts',(0.319962763329967,0.0873542492735988,
0.));
#8190=CARTESIAN_POINT('Ctrl Pts',(0.319962763329967,0.0873542492735988,
0.1));
#8191=CARTESIAN_POINT('',(0.321855589962527,0.0736470274865385,0.));
#8192=CARTESIAN_POINT('Ctrl Pts',(0.321855589962527,0.0736470274865385,
0.));
#8193=CARTESIAN_POINT('Ctrl Pts',(0.320909176384601,0.0766518946296953,
0.));
#8194=CARTESIAN_POINT('Ctrl Pts',(0.319883889470444,0.0782213762108506,
0.));
#8195=CARTESIAN_POINT('Ctrl Pts',(0.319962763329967,0.0873542492735988,
0.));
#8196=CARTESIAN_POINT('',(0.321855589962527,0.0736470274865385,0.1));
#8197=CARTESIAN_POINT('Ctrl Pts',(0.321855589962527,0.0736470274865385,
0.1));
#8198=CARTESIAN_POINT('Ctrl Pts',(0.320909176384601,0.0766518946296953,
0.1));
#8199=CARTESIAN_POINT('Ctrl Pts',(0.319883889470444,0.0782213762108506,
0.1));
#8200=CARTESIAN_POINT('Ctrl Pts',(0.319962763329967,0.0873542492735988,
0.1));
#8201=CARTESIAN_POINT('',(0.321855589962527,0.0736470274865385,0.));
#8202=CARTESIAN_POINT('Origin',(0.304741264563998,0.0736470274865385,0.));
#8203=CARTESIAN_POINT('',(0.304741264563998,0.0736470274865385,0.));
#8204=CARTESIAN_POINT('',(0.304741264563998,0.0736470274865385,0.));
#8205=CARTESIAN_POINT('',(0.304741264563998,0.0736470274865385,0.1));
#8206=CARTESIAN_POINT('',(0.304741264563998,0.0736470274865385,0.1));
#8207=CARTESIAN_POINT('',(0.304741264563998,0.0736470274865385,0.));
#8208=CARTESIAN_POINT('Origin',(0.304031457952502,0.0779847574071946,0.));
#8209=CARTESIAN_POINT('',(0.304031457952502,0.0779847574071946,0.));
#8210=CARTESIAN_POINT('',(0.304031457952502,0.0779847574071946,0.));
#8211=CARTESIAN_POINT('',(0.304031457952502,0.0779847574071946,0.1));
#8212=CARTESIAN_POINT('',(0.304031457952502,0.0779847574071946,0.1));
#8213=CARTESIAN_POINT('',(0.304031457952502,0.0779847574071946,0.));
#8214=CARTESIAN_POINT('Ctrl Pts',(0.289677539806694,0.0727006172279786,
0.));
#8215=CARTESIAN_POINT('Ctrl Pts',(0.289677539806694,0.0727006172279786,
0.1));
#8216=CARTESIAN_POINT('Ctrl Pts',(0.297485439051933,0.0727006172279684,
0.));
#8217=CARTESIAN_POINT('Ctrl Pts',(0.297485439051933,0.0727006172279684,
0.1));
#8218=CARTESIAN_POINT('Ctrl Pts',(0.301586558290253,0.0761313787687699,
0.));
#8219=CARTESIAN_POINT('Ctrl Pts',(0.301586558290253,0.0761313787687699,
0.1));
#8220=CARTESIAN_POINT('Ctrl Pts',(0.304031457952502,0.0779847574071946,
0.));
#8221=CARTESIAN_POINT('Ctrl Pts',(0.304031457952502,0.0779847574071946,
0.1));
#8222=CARTESIAN_POINT('',(0.289677539806694,0.0727006172279786,0.));
#8223=CARTESIAN_POINT('Ctrl Pts',(0.289677539806694,0.0727006172279786,
0.));
#8224=CARTESIAN_POINT('Ctrl Pts',(0.297485439051933,0.0727006172279684,
0.));
#8225=CARTESIAN_POINT('Ctrl Pts',(0.301586558290253,0.0761313787687699,
0.));
#8226=CARTESIAN_POINT('Ctrl Pts',(0.304031457952502,0.0779847574071946,
0.));
#8227=CARTESIAN_POINT('',(0.289677539806694,0.0727006172279786,0.1));
#8228=CARTESIAN_POINT('Ctrl Pts',(0.289677539806694,0.0727006172279786,
0.1));
#8229=CARTESIAN_POINT('Ctrl Pts',(0.297485439051933,0.0727006172279684,
0.1));
#8230=CARTESIAN_POINT('Ctrl Pts',(0.301586558290253,0.0761313787687699,
0.1));
#8231=CARTESIAN_POINT('Ctrl Pts',(0.304031457952502,0.0779847574071946,
0.1));
#8232=CARTESIAN_POINT('',(0.289677539806694,0.0727006172279786,0.));
#8233=CARTESIAN_POINT('Ctrl Pts',(0.27847830087527,0.0759263167183945,0.));
#8234=CARTESIAN_POINT('Ctrl Pts',(0.27847830087527,0.0759263167183945,0.1));
#8235=CARTESIAN_POINT('Ctrl Pts',(0.282500560707936,0.0725744282179802,
0.));
#8236=CARTESIAN_POINT('Ctrl Pts',(0.282500560707936,0.0725744282179802,
0.1));
#8237=CARTESIAN_POINT('Ctrl Pts',(0.288257913595143,0.0727006172491226,
0.));
#8238=CARTESIAN_POINT('Ctrl Pts',(0.288257913595143,0.0727006172491226,
0.1));
#8239=CARTESIAN_POINT('Ctrl Pts',(0.289677539806694,0.0727006172279786,
0.));
#8240=CARTESIAN_POINT('Ctrl Pts',(0.289677539806694,0.0727006172279786,
0.1));
#8241=CARTESIAN_POINT('',(0.27847830087527,0.0759263167183945,0.));
#8242=CARTESIAN_POINT('Ctrl Pts',(0.27847830087527,0.0759263167183945,0.));
#8243=CARTESIAN_POINT('Ctrl Pts',(0.282500560707936,0.0725744282179802,
0.));
#8244=CARTESIAN_POINT('Ctrl Pts',(0.288257913595143,0.0727006172491226,
0.));
#8245=CARTESIAN_POINT('Ctrl Pts',(0.289677539806694,0.0727006172279786,
0.));
#8246=CARTESIAN_POINT('',(0.27847830087527,0.0759263167183945,0.1));
#8247=CARTESIAN_POINT('Ctrl Pts',(0.27847830087527,0.0759263167183945,0.1));
#8248=CARTESIAN_POINT('Ctrl Pts',(0.282500560707936,0.0725744282179802,
0.1));
#8249=CARTESIAN_POINT('Ctrl Pts',(0.288257913595143,0.0727006172491226,
0.1));
#8250=CARTESIAN_POINT('Ctrl Pts',(0.289677539806694,0.0727006172279786,
0.1));
#8251=CARTESIAN_POINT('',(0.27847830087527,0.0759263167183945,0.));
#8252=CARTESIAN_POINT('Ctrl Pts',(0.274140574742894,0.0869125954824516,
0.));
#8253=CARTESIAN_POINT('Ctrl Pts',(0.274140574742894,0.0869125954824516,
0.1));
#8254=CARTESIAN_POINT('Ctrl Pts',(0.274140574742883,0.0809028665282561,
0.));
#8255=CARTESIAN_POINT('Ctrl Pts',(0.274140574742883,0.0809028665282561,
0.1));
#8256=CARTESIAN_POINT('Ctrl Pts',(0.276743207824655,0.0774326955801616,
0.));
#8257=CARTESIAN_POINT('Ctrl Pts',(0.276743207824655,0.0774326955801616,
0.1));
#8258=CARTESIAN_POINT('Ctrl Pts',(0.27847830087527,0.0759263167183945,0.));
#8259=CARTESIAN_POINT('Ctrl Pts',(0.27847830087527,0.0759263167183945,0.1));
#8260=CARTESIAN_POINT('',(0.274140574742894,0.0869125954824516,0.));
#8261=CARTESIAN_POINT('Ctrl Pts',(0.274140574742894,0.0869125954824516,
0.));
#8262=CARTESIAN_POINT('Ctrl Pts',(0.274140574742883,0.0809028665282561,
0.));
#8263=CARTESIAN_POINT('Ctrl Pts',(0.276743207824655,0.0774326955801616,
0.));
#8264=CARTESIAN_POINT('Ctrl Pts',(0.27847830087527,0.0759263167183945,0.));
#8265=CARTESIAN_POINT('',(0.274140574742894,0.0869125954824516,0.1));
#8266=CARTESIAN_POINT('Ctrl Pts',(0.274140574742894,0.0869125954824516,
0.1));
#8267=CARTESIAN_POINT('Ctrl Pts',(0.274140574742883,0.0809028665282561,
0.1));
#8268=CARTESIAN_POINT('Ctrl Pts',(0.276743207824655,0.0774326955801616,
0.1));
#8269=CARTESIAN_POINT('Ctrl Pts',(0.27847830087527,0.0759263167183945,0.1));
#8270=CARTESIAN_POINT('',(0.274140574742894,0.0869125954824516,0.));
#8271=CARTESIAN_POINT('Ctrl Pts',(0.276506600930438,0.0940737913335983,
0.));
#8272=CARTESIAN_POINT('Ctrl Pts',(0.276506600930438,0.0940737913335983,
0.1));
#8273=CARTESIAN_POINT('Ctrl Pts',(0.274140574804834,0.091068929562451,0.));
#8274=CARTESIAN_POINT('Ctrl Pts',(0.274140574804834,0.091068929562451,0.1));
#8275=CARTESIAN_POINT('Ctrl Pts',(0.274140574763922,0.0883243311536017,
0.));
#8276=CARTESIAN_POINT('Ctrl Pts',(0.274140574763922,0.0883243311536017,
0.1));
#8277=CARTESIAN_POINT('Ctrl Pts',(0.274140574742894,0.0869125954824516,
0.));
#8278=CARTESIAN_POINT('Ctrl Pts',(0.274140574742894,0.0869125954824516,
0.1));
#8279=CARTESIAN_POINT('',(0.276506600930438,0.0940737913335983,0.));
#8280=CARTESIAN_POINT('Ctrl Pts',(0.276506600930438,0.0940737913335983,
0.));
#8281=CARTESIAN_POINT('Ctrl Pts',(0.274140574804834,0.091068929562451,0.));
#8282=CARTESIAN_POINT('Ctrl Pts',(0.274140574763922,0.0883243311536017,
0.));
#8283=CARTESIAN_POINT('Ctrl Pts',(0.274140574742894,0.0869125954824516,
0.));
#8284=CARTESIAN_POINT('',(0.276506600930438,0.0940737913335983,0.1));
#8285=CARTESIAN_POINT('Ctrl Pts',(0.276506600930438,0.0940737913335983,
0.1));
#8286=CARTESIAN_POINT('Ctrl Pts',(0.274140574804834,0.091068929562451,0.1));
#8287=CARTESIAN_POINT('Ctrl Pts',(0.274140574763922,0.0883243311536017,
0.1));
#8288=CARTESIAN_POINT('Ctrl Pts',(0.274140574742894,0.0869125954824516,
0.1));
#8289=CARTESIAN_POINT('',(0.276506600930438,0.0940737913335983,0.));
#8290=CARTESIAN_POINT('Ctrl Pts',(0.288573379892974,0.100564610545652,0.));
#8291=CARTESIAN_POINT('Ctrl Pts',(0.288573379892974,0.100564610545652,0.1));
#8292=CARTESIAN_POINT('Ctrl Pts',(0.28360470698134,0.0994131383863748,0.));
#8293=CARTESIAN_POINT('Ctrl Pts',(0.28360470698134,0.0994131383863748,0.1));
#8294=CARTESIAN_POINT('Ctrl Pts',(0.279740194117347,0.0984036307820033,
0.));
#8295=CARTESIAN_POINT('Ctrl Pts',(0.279740194117347,0.0984036307820033,
0.1));
#8296=CARTESIAN_POINT('Ctrl Pts',(0.276506600930438,0.0940737913335983,
0.));
#8297=CARTESIAN_POINT('Ctrl Pts',(0.276506600930438,0.0940737913335983,
0.1));
#8298=CARTESIAN_POINT('Ctrl Pts',(0.288573379892974,0.100564610545652,0.));
#8299=CARTESIAN_POINT('Ctrl Pts',(0.28360470698134,0.0994131383863748,0.));
#8300=CARTESIAN_POINT('Ctrl Pts',(0.279740194117347,0.0984036307820033,
0.));
#8301=CARTESIAN_POINT('Ctrl Pts',(0.276506600930438,0.0940737913335983,
0.));
#8302=CARTESIAN_POINT('Ctrl Pts',(0.288573379892974,0.100564610545652,0.1));
#8303=CARTESIAN_POINT('Ctrl Pts',(0.28360470698134,0.0994131383863748,0.1));
#8304=CARTESIAN_POINT('Ctrl Pts',(0.279740194117347,0.0984036307820033,
0.1));
#8305=CARTESIAN_POINT('Ctrl Pts',(0.276506600930438,0.0940737913335983,
0.1));
#8306=CARTESIAN_POINT('Origin',(0.298025861026448,0.096485762662853,0.1));
#8307=CARTESIAN_POINT('Origin',(0.298025861026448,0.096485762662853,0.));
#8308=CARTESIAN_POINT('Origin',(0.142667968761022,0.107426111979667,0.));
#8309=CARTESIAN_POINT('',(0.142667968761022,0.107426111979667,0.));
#8310=CARTESIAN_POINT('',(0.14952948101879,0.107426111979667,0.));
#8311=CARTESIAN_POINT('',(0.142709258817126,0.107426111979667,0.));
#8312=CARTESIAN_POINT('',(0.142667968761022,0.107426111979667,0.1));
#8313=CARTESIAN_POINT('',(0.142667968761022,0.107426111979667,0.));
#8314=CARTESIAN_POINT('',(0.14952948101879,0.107426111979667,0.1));
#8315=CARTESIAN_POINT('',(0.142709258817126,0.107426111979667,0.1));
#8316=CARTESIAN_POINT('',(0.14952948101879,0.107426111979667,0.));
#8317=CARTESIAN_POINT('Origin',(0.142667968761022,0.120817863680619,0.));
#8318=CARTESIAN_POINT('',(0.142667968761022,0.120817863680619,0.));
#8319=CARTESIAN_POINT('',(0.142667968761022,0.113769650252862,0.));
#8320=CARTESIAN_POINT('',(0.142667968761022,0.120817863680619,0.1));
#8321=CARTESIAN_POINT('',(0.142667968761022,0.120817863680619,0.));
#8322=CARTESIAN_POINT('',(0.142667968761022,0.113769650252862,0.1));
#8323=CARTESIAN_POINT('Origin',(0.14779439013287,0.120817863680619,0.));
#8324=CARTESIAN_POINT('',(0.14779439013287,0.120817863680619,0.));
#8325=CARTESIAN_POINT('',(0.14527246950305,0.120817863680619,0.));
#8326=CARTESIAN_POINT('',(0.14779439013287,0.120817863680619,0.1));
#8327=CARTESIAN_POINT('',(0.14779439013287,0.120817863680619,0.));
#8328=CARTESIAN_POINT('',(0.14527246950305,0.120817863680619,0.1));
#8329=CARTESIAN_POINT('Ctrl Pts',(0.15836268131527,0.118238869207675,0.));
#8330=CARTESIAN_POINT('Ctrl Pts',(0.15836268131527,0.118238869207675,0.1));
#8331=CARTESIAN_POINT('Ctrl Pts',(0.155681174758933,0.121149093200153,0.));
#8332=CARTESIAN_POINT('Ctrl Pts',(0.155681174758933,0.121149093200153,0.1));
#8333=CARTESIAN_POINT('Ctrl Pts',(0.151343444838122,0.120817863680619,0.));
#8334=CARTESIAN_POINT('Ctrl Pts',(0.151343444838122,0.120817863680619,0.1));
#8335=CARTESIAN_POINT('Ctrl Pts',(0.14779439013287,0.120817863680619,0.));
#8336=CARTESIAN_POINT('Ctrl Pts',(0.14779439013287,0.120817863680619,0.1));
#8337=CARTESIAN_POINT('',(0.15836268131527,0.118238869207675,0.));
#8338=CARTESIAN_POINT('Ctrl Pts',(0.15836268131527,0.118238869207675,0.));
#8339=CARTESIAN_POINT('Ctrl Pts',(0.155681174758933,0.121149093200153,0.));
#8340=CARTESIAN_POINT('Ctrl Pts',(0.151343444838122,0.120817863680619,0.));
#8341=CARTESIAN_POINT('Ctrl Pts',(0.14779439013287,0.120817863680619,0.));
#8342=CARTESIAN_POINT('',(0.15836268131527,0.118238869207675,0.1));
#8343=CARTESIAN_POINT('',(0.15836268131527,0.118238869207675,0.));
#8344=CARTESIAN_POINT('Ctrl Pts',(0.14779439013287,0.120817863680619,0.1));
#8345=CARTESIAN_POINT('Ctrl Pts',(0.151343444838122,0.120817863680619,0.1));
#8346=CARTESIAN_POINT('Ctrl Pts',(0.155681174758933,0.121149093200153,0.1));
#8347=CARTESIAN_POINT('Ctrl Pts',(0.15836268131527,0.118238869207675,0.1));
#8348=CARTESIAN_POINT('Ctrl Pts',(0.15994002633431,0.114082535127675,0.));
#8349=CARTESIAN_POINT('Ctrl Pts',(0.15994002633431,0.114082535127675,0.1));
#8350=CARTESIAN_POINT('Ctrl Pts',(0.159861153400871,0.116235624419033,0.));
#8351=CARTESIAN_POINT('Ctrl Pts',(0.159861153400871,0.116235624419033,0.1));
#8352=CARTESIAN_POINT('Ctrl Pts',(0.158914737730483,0.117576393932946,0.));
#8353=CARTESIAN_POINT('Ctrl Pts',(0.158914737730483,0.117576393932946,0.1));
#8354=CARTESIAN_POINT('Ctrl Pts',(0.15836268131527,0.118238869207675,0.));
#8355=CARTESIAN_POINT('Ctrl Pts',(0.15836268131527,0.118238869207675,0.1));
#8356=CARTESIAN_POINT('',(0.15994002633431,0.114082535127675,0.));
#8357=CARTESIAN_POINT('Ctrl Pts',(0.15994002633431,0.114082535127675,0.));
#8358=CARTESIAN_POINT('Ctrl Pts',(0.159861153400871,0.116235624419033,0.));
#8359=CARTESIAN_POINT('Ctrl Pts',(0.158914737730483,0.117576393932946,0.));
#8360=CARTESIAN_POINT('Ctrl Pts',(0.15836268131527,0.118238869207675,0.));
#8361=CARTESIAN_POINT('',(0.15994002633431,0.114082535127675,0.1));
#8362=CARTESIAN_POINT('',(0.15994002633431,0.114082535127675,0.));
#8363=CARTESIAN_POINT('Ctrl Pts',(0.15836268131527,0.118238869207675,0.1));
#8364=CARTESIAN_POINT('Ctrl Pts',(0.158914737730483,0.117576393932946,0.1));
#8365=CARTESIAN_POINT('Ctrl Pts',(0.159861153400871,0.116235624419033,0.1));
#8366=CARTESIAN_POINT('Ctrl Pts',(0.15994002633431,0.114082535127675,0.1));
#8367=CARTESIAN_POINT('Ctrl Pts',(0.158283808381829,0.109918321331027,0.));
#8368=CARTESIAN_POINT('Ctrl Pts',(0.158283808381829,0.109918321331027,0.1));
#8369=CARTESIAN_POINT('Ctrl Pts',(0.158914737730483,0.110580812841567,0.));
#8370=CARTESIAN_POINT('Ctrl Pts',(0.158914737730483,0.110580812841567,0.1));
#8371=CARTESIAN_POINT('Ctrl Pts',(0.159940026334334,0.111913680991168,0.));
#8372=CARTESIAN_POINT('Ctrl Pts',(0.159940026334334,0.111913680991168,0.1));
#8373=CARTESIAN_POINT('Ctrl Pts',(0.15994002633431,0.114082535127675,0.));
#8374=CARTESIAN_POINT('Ctrl Pts',(0.15994002633431,0.114082535127675,0.1));
#8375=CARTESIAN_POINT('',(0.158283808381829,0.109918321331027,0.));
#8376=CARTESIAN_POINT('Ctrl Pts',(0.158283808381829,0.109918321331027,0.));
#8377=CARTESIAN_POINT('Ctrl Pts',(0.158914737730483,0.110580812841567,0.));
#8378=CARTESIAN_POINT('Ctrl Pts',(0.159940026334334,0.111913680991168,0.));
#8379=CARTESIAN_POINT('Ctrl Pts',(0.15994002633431,0.114082535127675,0.));
#8380=CARTESIAN_POINT('',(0.158283808381829,0.109918321331027,0.1));
#8381=CARTESIAN_POINT('',(0.158283808381829,0.109918321331027,0.));
#8382=CARTESIAN_POINT('Ctrl Pts',(0.15994002633431,0.114082535127675,0.1));
#8383=CARTESIAN_POINT('Ctrl Pts',(0.159940026334334,0.111913680991168,0.1));
#8384=CARTESIAN_POINT('Ctrl Pts',(0.158914737730483,0.110580812841567,0.1));
#8385=CARTESIAN_POINT('Ctrl Pts',(0.158283808381829,0.109918321331027,0.1));
#8386=CARTESIAN_POINT('Ctrl Pts',(0.14952948101879,0.107426111979667,0.));
#8387=CARTESIAN_POINT('Ctrl Pts',(0.14952948101879,0.107426111979667,0.1));
#8388=CARTESIAN_POINT('Ctrl Pts',(0.152605314359107,0.107504968677421,0.));
#8389=CARTESIAN_POINT('Ctrl Pts',(0.152605314359107,0.107504968677421,0.1));
#8390=CARTESIAN_POINT('Ctrl Pts',(0.156075501542937,0.107670594260947,0.));
#8391=CARTESIAN_POINT('Ctrl Pts',(0.156075501542937,0.107670594260947,0.1));
#8392=CARTESIAN_POINT('Ctrl Pts',(0.158283808381829,0.109918321331027,0.));
#8393=CARTESIAN_POINT('Ctrl Pts',(0.158283808381829,0.109918321331027,0.1));
#8394=CARTESIAN_POINT('Ctrl Pts',(0.14952948101879,0.107426111979667,0.));
#8395=CARTESIAN_POINT('Ctrl Pts',(0.152605314359107,0.107504968677421,0.));
#8396=CARTESIAN_POINT('Ctrl Pts',(0.156075501542937,0.107670594260947,0.));
#8397=CARTESIAN_POINT('Ctrl Pts',(0.158283808381829,0.109918321331027,0.));
#8398=CARTESIAN_POINT('Ctrl Pts',(0.158283808381829,0.109918321331027,0.1));
#8399=CARTESIAN_POINT('Ctrl Pts',(0.156075501542937,0.107670594260947,0.1));
#8400=CARTESIAN_POINT('Ctrl Pts',(0.152605314359107,0.107504968677421,0.1));
#8401=CARTESIAN_POINT('Ctrl Pts',(0.14952948101879,0.107426111979667,0.1));
#8402=CARTESIAN_POINT('Ctrl Pts',(0.177290929781662,0.114721371252467,0.));
#8403=CARTESIAN_POINT('Ctrl Pts',(0.177290929781662,0.114721371252467,0.1));
#8404=CARTESIAN_POINT('Ctrl Pts',(0.177290929647719,0.121630183374962,0.));
#8405=CARTESIAN_POINT('Ctrl Pts',(0.177290929647719,0.121630183374962,0.1));
#8406=CARTESIAN_POINT('Ctrl Pts',(0.175003777021478,0.125747097272127,0.));
#8407=CARTESIAN_POINT('Ctrl Pts',(0.175003777021478,0.125747097272127,0.1));
#8408=CARTESIAN_POINT('Ctrl Pts',(0.173347559116222,0.127986939248459,0.));
#8409=CARTESIAN_POINT('Ctrl Pts',(0.173347559116222,0.127986939248459,0.1));
#8410=CARTESIAN_POINT('',(0.177290929781662,0.114721371252467,0.));
#8411=CARTESIAN_POINT('',(0.173347559116222,0.127986939248459,0.));
#8412=CARTESIAN_POINT('Ctrl Pts',(0.177290929781662,0.114721371252467,0.));
#8413=CARTESIAN_POINT('Ctrl Pts',(0.177290929647719,0.121630183374962,0.));
#8414=CARTESIAN_POINT('Ctrl Pts',(0.175003777021478,0.125747097272127,0.));
#8415=CARTESIAN_POINT('Ctrl Pts',(0.173347559116222,0.127986939248459,0.));
#8416=CARTESIAN_POINT('',(0.173347559116222,0.127986939248459,0.1));
#8417=CARTESIAN_POINT('',(0.173347559116222,0.127986939248459,0.));
#8418=CARTESIAN_POINT('',(0.177290929781662,0.114721371252467,0.1));
#8419=CARTESIAN_POINT('Ctrl Pts',(0.177290929781662,0.114721371252467,0.1));
#8420=CARTESIAN_POINT('Ctrl Pts',(0.177290929647719,0.121630183374962,0.1));
#8421=CARTESIAN_POINT('Ctrl Pts',(0.175003777021478,0.125747097272127,0.1));
#8422=CARTESIAN_POINT('Ctrl Pts',(0.173347559116222,0.127986939248459,0.1));
#8423=CARTESIAN_POINT('',(0.177290929781662,0.114721371252467,0.));
#8424=CARTESIAN_POINT('Ctrl Pts',(0.170902660536382,0.0983641942471446,
0.));
#8425=CARTESIAN_POINT('Ctrl Pts',(0.170902660536382,0.0983641942471446,
0.1));
#8426=CARTESIAN_POINT('Ctrl Pts',(0.173505294159256,0.100801202286501,0.));
#8427=CARTESIAN_POINT('Ctrl Pts',(0.173505294159256,0.100801202286501,0.1));
#8428=CARTESIAN_POINT('Ctrl Pts',(0.177290929781678,0.106030141153814,0.));
#8429=CARTESIAN_POINT('Ctrl Pts',(0.177290929781678,0.106030141153814,0.1));
#8430=CARTESIAN_POINT('Ctrl Pts',(0.177290929781662,0.114721371252467,0.));
#8431=CARTESIAN_POINT('Ctrl Pts',(0.177290929781662,0.114721371252467,0.1));
#8432=CARTESIAN_POINT('',(0.170902660536382,0.0983641942471446,0.));
#8433=CARTESIAN_POINT('Ctrl Pts',(0.170902660536382,0.0983641942471446,
0.));
#8434=CARTESIAN_POINT('Ctrl Pts',(0.173505294159256,0.100801202286501,0.));
#8435=CARTESIAN_POINT('Ctrl Pts',(0.177290929781678,0.106030141153814,0.));
#8436=CARTESIAN_POINT('Ctrl Pts',(0.177290929781662,0.114721371252467,0.));
#8437=CARTESIAN_POINT('',(0.170902660536382,0.0983641942471446,0.1));
#8438=CARTESIAN_POINT('Ctrl Pts',(0.170902660536382,0.0983641942471446,
0.1));
#8439=CARTESIAN_POINT('Ctrl Pts',(0.173505294159256,0.100801202286501,0.1));
#8440=CARTESIAN_POINT('Ctrl Pts',(0.177290929781678,0.106030141153814,0.1));
#8441=CARTESIAN_POINT('Ctrl Pts',(0.177290929781662,0.114721371252467,0.1));
#8442=CARTESIAN_POINT('',(0.170902660536382,0.0983641942471446,0.));
#8443=CARTESIAN_POINT('Ctrl Pts',(0.153867205527734,0.0929459798223986,
0.));
#8444=CARTESIAN_POINT('Ctrl Pts',(0.153867205527734,0.0929459798223986,
0.1));
#8445=CARTESIAN_POINT('Ctrl Pts',(0.160018899267741,0.0932298985704647,
0.));
#8446=CARTESIAN_POINT('Ctrl Pts',(0.160018899267741,0.0932298985704647,
0.1));
#8447=CARTESIAN_POINT('Ctrl Pts',(0.166249449705654,0.093703098287847,0.));
#8448=CARTESIAN_POINT('Ctrl Pts',(0.166249449705654,0.093703098287847,0.1));
#8449=CARTESIAN_POINT('Ctrl Pts',(0.170902660536382,0.0983641942471446,
0.));
#8450=CARTESIAN_POINT('Ctrl Pts',(0.170902660536382,0.0983641942471446,
0.1));
#8451=CARTESIAN_POINT('',(0.153867205527734,0.0929459798223986,0.));
#8452=CARTESIAN_POINT('Ctrl Pts',(0.153867205527734,0.0929459798223986,
0.));
#8453=CARTESIAN_POINT('Ctrl Pts',(0.160018899267741,0.0932298985704647,
0.));
#8454=CARTESIAN_POINT('Ctrl Pts',(0.166249449705654,0.093703098287847,0.));
#8455=CARTESIAN_POINT('Ctrl Pts',(0.170902660536382,0.0983641942471446,
0.));
#8456=CARTESIAN_POINT('',(0.153867205527734,0.0929459798223986,0.1));
#8457=CARTESIAN_POINT('Ctrl Pts',(0.153867205527734,0.0929459798223986,
0.1));
#8458=CARTESIAN_POINT('Ctrl Pts',(0.160018899267741,0.0932298985704647,
0.1));
#8459=CARTESIAN_POINT('Ctrl Pts',(0.166249449705654,0.093703098287847,0.1));
#8460=CARTESIAN_POINT('Ctrl Pts',(0.170902660536382,0.0983641942471446,
0.1));
#8461=CARTESIAN_POINT('',(0.153867205527734,0.0929459798223986,0.));
#8462=CARTESIAN_POINT('Origin',(0.142431377020214,0.0929459798223986,0.));
#8463=CARTESIAN_POINT('',(0.142431377020214,0.0929459798223986,0.));
#8464=CARTESIAN_POINT('',(0.142431377020214,0.0929459798223986,0.));
#8465=CARTESIAN_POINT('',(0.142431377020214,0.0929459798223986,0.1));
#8466=CARTESIAN_POINT('',(0.142431377020214,0.0929459798223986,0.1));
#8467=CARTESIAN_POINT('',(0.142431377020214,0.0929459798223986,0.));
#8468=CARTESIAN_POINT('Origin',(0.142431377020214,0.0740571353513547,0.));
#8469=CARTESIAN_POINT('',(0.142431377020214,0.0740571353513547,0.));
#8470=CARTESIAN_POINT('',(0.142431377020214,0.0740571353513547,0.));
#8471=CARTESIAN_POINT('',(0.142431377020214,0.0740571353513547,0.1));
#8472=CARTESIAN_POINT('',(0.142431377020214,0.0740571353513547,0.1));
#8473=CARTESIAN_POINT('',(0.142431377020214,0.0740571353513547,0.));
#8474=CARTESIAN_POINT('Origin',(0.12389744992583,0.0740571353513547,0.));
#8475=CARTESIAN_POINT('',(0.12389744992583,0.0740571353513547,0.));
#8476=CARTESIAN_POINT('',(0.12389744992583,0.0740571353513547,0.));
#8477=CARTESIAN_POINT('',(0.12389744992583,0.0740571353513547,0.1));
#8478=CARTESIAN_POINT('',(0.12389744992583,0.0740571353513547,0.1));
#8479=CARTESIAN_POINT('',(0.12389744992583,0.0740571353513547,0.));
#8480=CARTESIAN_POINT('Origin',(0.12389744992583,0.136488877553915,0.));
#8481=CARTESIAN_POINT('',(0.12389744992583,0.136488877553915,0.));
#8482=CARTESIAN_POINT('',(0.12389744992583,0.136488877553915,0.));
#8483=CARTESIAN_POINT('',(0.12389744992583,0.136488877553915,0.1));
#8484=CARTESIAN_POINT('',(0.12389744992583,0.136488877553915,0.1));
#8485=CARTESIAN_POINT('',(0.12389744992583,0.136488877553915,0.));
#8486=CARTESIAN_POINT('Origin',(0.150081553669662,0.136488877553915,0.));
#8487=CARTESIAN_POINT('',(0.150081553669662,0.136488877553915,0.));
#8488=CARTESIAN_POINT('',(0.150081553669662,0.136488877553915,0.));
#8489=CARTESIAN_POINT('',(0.150081553669662,0.136488877553915,0.1));
#8490=CARTESIAN_POINT('',(0.150081553669662,0.136488877553915,0.1));
#8491=CARTESIAN_POINT('',(0.150081553669662,0.136488877553915,0.));
#8492=CARTESIAN_POINT('Ctrl Pts',(0.173347559116222,0.127986939248459,0.));
#8493=CARTESIAN_POINT('Ctrl Pts',(0.173347559116222,0.127986939248459,0.1));
#8494=CARTESIAN_POINT('Ctrl Pts',(0.167432457117019,0.135928925186403,0.));
#8495=CARTESIAN_POINT('Ctrl Pts',(0.167432457117019,0.135928925186403,0.1));
#8496=CARTESIAN_POINT('Ctrl Pts',(0.158914737730483,0.136394250599022,0.));
#8497=CARTESIAN_POINT('Ctrl Pts',(0.158914737730483,0.136394250599022,0.1));
#8498=CARTESIAN_POINT('Ctrl Pts',(0.150081553669662,0.136488877553915,0.));
#8499=CARTESIAN_POINT('Ctrl Pts',(0.150081553669662,0.136488877553915,0.1));
#8500=CARTESIAN_POINT('Ctrl Pts',(0.173347559116222,0.127986939248459,0.));
#8501=CARTESIAN_POINT('Ctrl Pts',(0.167432457117019,0.135928925186403,0.));
#8502=CARTESIAN_POINT('Ctrl Pts',(0.158914737730483,0.136394250599022,0.));
#8503=CARTESIAN_POINT('Ctrl Pts',(0.150081553669662,0.136488877553915,0.));
#8504=CARTESIAN_POINT('Ctrl Pts',(0.173347559116222,0.127986939248459,0.1));
#8505=CARTESIAN_POINT('Ctrl Pts',(0.167432457117019,0.135928925186403,0.1));
#8506=CARTESIAN_POINT('Ctrl Pts',(0.158914737730483,0.136394250599022,0.1));
#8507=CARTESIAN_POINT('Ctrl Pts',(0.150081553669662,0.136488877553915,0.1));
#8508=CARTESIAN_POINT('Origin',(0.142750548873231,0.106721436825105,0.1));
#8509=CARTESIAN_POINT('Origin',(0.142750548873231,0.106721436825105,0.));
#8510=CARTESIAN_POINT('',(0.,0.,0.));
#8511=CARTESIAN_POINT('',(0.,0.,0.));
#8512=CARTESIAN_POINT('',(0.,0.,0.));
#8513=CARTESIAN_POINT('',(0.,0.,0.));
#8514=CARTESIAN_POINT('',(-0.103216096395115,0.204641575174416,0.451));
#8515=UNCERTAINTY_MEASURE_WITH_UNIT(LENGTH_MEASURE(0.01),#8527,
'DISTANCE_ACCURACY_VALUE',
'Maximum model space distance between geometric entities at asserted c
onnectivities');
#8516=UNCERTAINTY_MEASURE_WITH_UNIT(LENGTH_MEASURE(0.01),#8527,
'DISTANCE_ACCURACY_VALUE',
'Maximum model space distance between geometric entities at asserted c
onnectivities');
#8517=UNCERTAINTY_MEASURE_WITH_UNIT(LENGTH_MEASURE(0.01),#8527,
'DISTANCE_ACCURACY_VALUE',
'Maximum model space distance between geometric entities at asserted c
onnectivities');
#8518=UNCERTAINTY_MEASURE_WITH_UNIT(LENGTH_MEASURE(0.01),#8527,
'DISTANCE_ACCURACY_VALUE',
'Maximum model space distance between geometric entities at asserted c
onnectivities');
#8519=UNCERTAINTY_MEASURE_WITH_UNIT(LENGTH_MEASURE(0.01),#8527,
'DISTANCE_ACCURACY_VALUE',
'Maximum model space distance between geometric entities at asserted c
onnectivities');
#8520=UNCERTAINTY_MEASURE_WITH_UNIT(LENGTH_MEASURE(1.E-6),#8527,
'DISTANCE_ACCURACY_VALUE',
'Maximum model space distance between geometric entities at asserted c
onnectivities');
#8521=(
GEOMETRIC_REPRESENTATION_CONTEXT(3)
GLOBAL_UNCERTAINTY_ASSIGNED_CONTEXT((#8515))
GLOBAL_UNIT_ASSIGNED_CONTEXT((#8527,#8530,#8528))
REPRESENTATION_CONTEXT('','3D')
);
#8522=(
GEOMETRIC_REPRESENTATION_CONTEXT(3)
GLOBAL_UNCERTAINTY_ASSIGNED_CONTEXT((#8516))
GLOBAL_UNIT_ASSIGNED_CONTEXT((#8527,#8530,#8528))
REPRESENTATION_CONTEXT('','3D')
);
#8523=(
GEOMETRIC_REPRESENTATION_CONTEXT(3)
GLOBAL_UNCERTAINTY_ASSIGNED_CONTEXT((#8517))
GLOBAL_UNIT_ASSIGNED_CONTEXT((#8527,#8530,#8528))
REPRESENTATION_CONTEXT('','3D')
);
#8524=(
GEOMETRIC_REPRESENTATION_CONTEXT(3)
GLOBAL_UNCERTAINTY_ASSIGNED_CONTEXT((#8518))
GLOBAL_UNIT_ASSIGNED_CONTEXT((#8527,#8530,#8528))
REPRESENTATION_CONTEXT('','3D')
);
#8525=(
GEOMETRIC_REPRESENTATION_CONTEXT(3)
GLOBAL_UNCERTAINTY_ASSIGNED_CONTEXT((#8519))
GLOBAL_UNIT_ASSIGNED_CONTEXT((#8527,#8530,#8528))
REPRESENTATION_CONTEXT('','3D')
);
#8526=(
GEOMETRIC_REPRESENTATION_CONTEXT(3)
GLOBAL_UNCERTAINTY_ASSIGNED_CONTEXT((#8520))
GLOBAL_UNIT_ASSIGNED_CONTEXT((#8527,#8530,#8528))
REPRESENTATION_CONTEXT('','3D')
);
#8527=(
LENGTH_UNIT()
NAMED_UNIT(*)
SI_UNIT(.MILLI.,.METRE.)
);
#8528=(
NAMED_UNIT(*)
SI_UNIT($,.STERADIAN.)
SOLID_ANGLE_UNIT()
);
#8529=DIMENSIONAL_EXPONENTS(0.,0.,0.,0.,0.,0.,0.);
#8530=(
CONVERSION_BASED_UNIT('degree',#8532)
NAMED_UNIT(#8529)
PLANE_ANGLE_UNIT()
);
#8531=(
NAMED_UNIT(*)
PLANE_ANGLE_UNIT()
SI_UNIT($,.RADIAN.)
);
#8532=PLANE_ANGLE_MEASURE_WITH_UNIT(PLANE_ANGLE_MEASURE(0.01745329252),
#8531);
#8533=SHAPE_DEFINITION_REPRESENTATION(#8538,#8547);
#8534=SHAPE_DEFINITION_REPRESENTATION(#8539,#8548);
#8535=SHAPE_DEFINITION_REPRESENTATION(#8540,#8549);
#8536=SHAPE_DEFINITION_REPRESENTATION(#8541,#8550);
#8537=SHAPE_DEFINITION_REPRESENTATION(#8542,#8551);
#8538=PRODUCT_DEFINITION_SHAPE('',$,#8553);
#8539=PRODUCT_DEFINITION_SHAPE('',$,#8554);
#8540=PRODUCT_DEFINITION_SHAPE('',$,#8555);
#8541=PRODUCT_DEFINITION_SHAPE('',$,#8556);
#8542=PRODUCT_DEFINITION_SHAPE('',$,#8557);
#8543=PRODUCT_DEFINITION_SHAPE($,$,#23);
#8544=PRODUCT_DEFINITION_SHAPE($,$,#24);
#8545=PRODUCT_DEFINITION_SHAPE($,$,#25);
#8546=PRODUCT_DEFINITION_SHAPE($,$,#26);
#8547=SHAPE_REPRESENTATION('',(#4631),#8521);
#8548=SHAPE_REPRESENTATION('',(#4650),#8522);
#8549=SHAPE_REPRESENTATION('',(#4657),#8523);
#8550=SHAPE_REPRESENTATION('',(#4724),#8524);
#8551=SHAPE_REPRESENTATION('',(#4796,#4797,#4798,#4799,#4800),#8525);
#8552=PRODUCT_DEFINITION_CONTEXT('part definition',#8569,'design');
#8553=PRODUCT_DEFINITION('1','1',#8558,#8552);
#8554=PRODUCT_DEFINITION('2','2',#8559,#8552);
#8555=PRODUCT_DEFINITION('3','3',#8560,#8552);
#8556=PRODUCT_DEFINITION('Panasonic Logo','Panasonic Logo',#8561,#8552);
#8557=PRODUCT_DEFINITION('1','1',#8562,#8552);
#8558=PRODUCT_DEFINITION_FORMATION('',$,#8571);
#8559=PRODUCT_DEFINITION_FORMATION('',$,#8572);
#8560=PRODUCT_DEFINITION_FORMATION('',$,#8573);
#8561=PRODUCT_DEFINITION_FORMATION('',$,#8574);
#8562=PRODUCT_DEFINITION_FORMATION('',$,#8575);
#8563=PRODUCT_RELATED_PRODUCT_CATEGORY('1','1',(#8571));
#8564=PRODUCT_RELATED_PRODUCT_CATEGORY('2','2',(#8572));
#8565=PRODUCT_RELATED_PRODUCT_CATEGORY('3','3',(#8573));
#8566=PRODUCT_RELATED_PRODUCT_CATEGORY('Panasonic Logo',
'Panasonic Logo',(#8574));
#8567=PRODUCT_RELATED_PRODUCT_CATEGORY('1','1',(#8575));
#8568=APPLICATION_PROTOCOL_DEFINITION('international standard',
'automotive_design',2009,#8569);
#8569=APPLICATION_CONTEXT(
'Core Data for Automotive Mechanical Design Process');
#8570=PRODUCT_CONTEXT('part definition',#8569,'mechanical');
#8571=PRODUCT('1','1',$,(#8570));
#8572=PRODUCT('2','2',$,(#8570));
#8573=PRODUCT('3','3',$,(#8570));
#8574=PRODUCT('Panasonic Logo','Panasonic Logo',$,(#8570));
#8575=PRODUCT('1','1',$,(#8570));
#8576=PRESENTATION_STYLE_ASSIGNMENT((#8580));
#8577=PRESENTATION_STYLE_ASSIGNMENT((#8581));
#8578=PRESENTATION_STYLE_ASSIGNMENT((#8582));
#8579=PRESENTATION_STYLE_ASSIGNMENT((#8583));
#8580=SURFACE_STYLE_USAGE(.BOTH.,#8584);
#8581=SURFACE_STYLE_USAGE(.BOTH.,#8585);
#8582=SURFACE_STYLE_USAGE(.BOTH.,#8586);
#8583=SURFACE_STYLE_USAGE(.BOTH.,#8587);
#8584=SURFACE_SIDE_STYLE($,(#8588));
#8585=SURFACE_SIDE_STYLE($,(#8589));
#8586=SURFACE_SIDE_STYLE($,(#8590));
#8587=SURFACE_SIDE_STYLE($,(#8591));
#8588=SURFACE_STYLE_FILL_AREA(#8592);
#8589=SURFACE_STYLE_FILL_AREA(#8593);
#8590=SURFACE_STYLE_FILL_AREA(#8594);
#8591=SURFACE_STYLE_FILL_AREA(#8595);
#8592=FILL_AREA_STYLE($,(#8596));
#8593=FILL_AREA_STYLE($,(#8597));
#8594=FILL_AREA_STYLE($,(#8598));
#8595=FILL_AREA_STYLE($,(#8599));
#8596=FILL_AREA_STYLE_COLOUR($,#8600);
#8597=FILL_AREA_STYLE_COLOUR($,#8601);
#8598=FILL_AREA_STYLE_COLOUR($,#8602);
#8599=FILL_AREA_STYLE_COLOUR($,#8603);
#8600=COLOUR_RGB('',1.,0.996078431372549,0.949019607843137);
#8601=COLOUR_RGB('',0.286274509803922,0.286274509803922,0.286274509803922);
#8602=COLOUR_RGB('',0.831372549019608,0.831372549019608,0.831372549019608);
#8603=COLOUR_RGB('',1.,1.,1.);
ENDSEC;
END-ISO-10303-21;
